entry_label,selector,frame,state0,state2,state4,round_byte,segment,sprite_ctrl,renderer_mode,block,actor_index,actor_address,active,actor_class,actor_flags2,actor_flags3,actor_state,record_selector,animation,world_x,world_y,base_code,flip,actor_attr,compositor_family,owned_record_start,owned_record_count,piece_records
round3_castle,0xDD,2620,0x0002,0x0003,0x0000,0x01,0x003F,0x0000,0x0001,actor_2c8,8,0x10C4C8,0x01,0x93,0x00,0x00,0x02,0x00,0x00,0x013E,0x02A9,0x033E,0x00,0x40,0x00,220,19,
round3_castle,0xDD,2622,0x0002,0x0003,0x0000,0x01,0x003F,0x0000,0x0001,actor_2c8,8,0x10C4C8,0x01,0x93,0x00,0x00,0x02,0x00,0x00,0x013C,0x02A3,0x033E,0x00,0x40,0x00,220,19,220:4040:0276:026B:013D|221:4040:0286:026C:013D|222:4040:02AE:0341:013D|223:4040:029E:033F:013D|224:4040:028E:0365:013D|225:4040:02AE:0340:012D|226:4040:029E:033E:012D|227:4040:028E:0364:012D|228:4040:027E:0356:0132|229:4040:028E:0363:011D
round3_castle,0xDD,2624,0x0002,0x0003,0x0000,0x01,0x003F,0x0000,0x0001,actor_2c8,8,0x10C4C8,0x01,0x93,0x00,0x00,0x02,0x00,0x00,0x013A,0x029D,0x033E,0x00,0x40,0x00,220,19,220:4040:0270:026B:013B|221:4040:0280:026C:013B|222:4040:02A8:0341:013B|223:4040:0298:033F:013B|224:4040:0288:0365:013B|225:4040:02A8:0340:012B|226:4040:0298:033E:012B|227:4040:0288:0364:012B|228:4040:0278:0356:0130|229:4040:0288:0363:011B
round3_castle,0xDD,2626,0x0002,0x0003,0x0000,0x01,0x003F,0x0000,0x0001,actor_2c8,8,0x10C4C8,0x01,0x93,0x00,0x00,0x02,0x00,0x00,0x0138,0x0297,0x033E,0x00,0x40,0x00,220,19,220:4040:026A:026B:0139|221:4040:027A:026C:0139|222:4040:02A2:0341:0139|223:4040:0292:033F:0139|224:4040:0282:0365:0139|225:4040:02A2:0340:0129|226:4040:0292:033E:0129|227:4040:0282:0364:0129|228:4040:0272:0356:012E|229:4040:0282:0363:0119
round3_castle,0xDD,2628,0x0002,0x0003,0x0000,0x01,0x003F,0x0000,0x0001,actor_2c8,8,0x10C4C8,0x01,0x94,0x00,0x00,0x02,0x00,0x00,0x0138,0x0291,0x033E,0x00,0x40,0x00,220,19,220:4040:0264:026B:0137|221:4040:0274:026C:0137|222:4040:029C:0345:0137|223:4040:028C:0343:0137|224:4040:027C:0365:0137|225:4040:029C:0344:0127|226:4040:028C:0342:0127|227:4040:027C:0364:0127|228:4040:026C:0356:012C|229:4040:027C:0363:0117
round3_castle,0xDD,2630,0x0002,0x0003,0x0000,0x01,0x003F,0x0000,0x0001,actor_2c8,8,0x10C4C8,0x01,0x94,0x00,0x00,0x02,0x00,0x00,0x0136,0x0291,0x033E,0x00,0x40,0x00,220,19,220:4040:0261:026B:0135|221:4040:0271:026C:0135|222:4040:0299:0345:0135|223:4040:0289:0343:0135|224:4040:0279:0365:0135|225:4040:0299:0344:0125|226:4040:0289:0342:0125|227:4040:0279:0364:0125|228:4040:0269:0356:012A|229:4040:0279:0363:0115
round3_castle,0xDD,2632,0x0002,0x0003,0x0000,0x01,0x003F,0x0000,0x0001,actor_2c8,8,0x10C4C8,0x01,0x94,0x00,0x00,0x02,0x00,0x00,0x0134,0x0291,0x033E,0x00,0x40,0x00,220,19,220:4040:0261:026B:0133|221:4040:0271:026C:0133|222:4040:0299:0345:0133|223:4040:0289:0343:0133|224:4040:0279:0365:0133|225:4040:0299:0344:0123|226:4040:0289:0342:0123|227:4040:0279:0364:0123|228:4040:0269:0356:0128|229:4040:0279:0363:0113
round3_castle,0xDD,2634,0x0002,0x0003,0x0000,0x01,0x003F,0x0000,0x0001,actor_2c8,8,0x10C4C8,0x01,0x94,0x00,0x00,0x02,0x00,0x00,0x0132,0x0291,0x033E,0x00,0x40,0x00,220,19,220:4040:0261:026B:0131|221:4040:0271:026C:0131|222:4040:0299:0345:0131|223:4040:0289:0343:0131|224:4040:0279:0365:0131|225:4040:0299:0344:0121|226:4040:0289:0342:0121|227:4040:0279:0364:0121|228:4040:0269:0356:0126|229:4040:0279:0363:0111
round3_castle,0xDD,2636,0x0002,0x0003,0x0000,0x01,0x003F,0x0000,0x0001,actor_2c8,8,0x10C4C8,0x01,0x95,0x00,0x00,0x02,0x00,0x00,0x0130,0x0291,0x033E,0x00,0x40,0x00,220,19,220:4040:0261:026B:012F|221:4040:0271:026C:012F|222:4040:0299:0349:012F|223:4040:0289:0347:012F|224:4040:0279:0365:012F|225:4040:0299:0348:011F|226:4040:0289:0346:011F|227:4040:0279:0364:011F|228:4040:0269:0356:0124|229:4040:0279:0363:010F
round3_castle,0xDD,2640,0x0002,0x0003,0x0000,0x01,0x003F,0x0000,0x0001,actor_2c8,8,0x10C4C8,0x01,0x95,0x00,0x00,0x02,0x00,0x00,0x012C,0x0291,0x033E,0x00,0x40,0x00,220,19,220:4040:0261:026B:012D|221:4040:0271:026C:012D|222:4040:0299:0349:012D|223:4040:0289:0347:012D|224:4040:0279:0365:012D|225:4040:0299:0348:011D|226:4040:0289:0346:011D|227:4040:0279:0364:011D|228:4040:0269:0356:0122|229:4040:0279:0363:010D
round3_castle,0xDD,2642,0x0002,0x0003,0x0000,0x01,0x003F,0x0000,0x0001,actor_2c8,8,0x10C4C8,0x01,0x95,0x00,0x00,0x02,0x00,0x00,0x012A,0x0291,0x033E,0x00,0x40,0x00,220,19,220:4040:0261:026B:012B|221:4040:0271:026C:012B|222:4040:0299:0349:012B|223:4040:0289:0347:012B|224:4040:0279:0365:012B|225:4040:0299:0348:011B|226:4040:0289:0346:011B|227:4040:0279:0364:011B|228:4040:0269:0356:0120|229:4040:0279:0363:010B
round3_castle,0xDD,2644,0x0002,0x0003,0x0000,0x01,0x003F,0x0000,0x0001,actor_2c8,8,0x10C4C8,0x01,0x94,0x00,0x00,0x02,0x00,0x00,0x0128,0x0291,0x033E,0x00,0x40,0x00,220,19,220:4040:0261:026B:0129|221:4040:0271:026C:0129|222:4040:0299:0345:0129|223:4040:0289:0343:0129|224:4040:0279:0365:0129|225:4040:0299:0344:0119|226:4040:0289:0342:0119|227:4040:0279:0364:0119|228:4040:0269:0356:011E|229:4040:0279:0363:0109
round3_castle,0xDD,2646,0x0002,0x0003,0x0000,0x01,0x003F,0x0000,0x0001,actor_2c8,8,0x10C4C8,0x01,0x94,0x00,0x00,0x02,0x00,0x00,0x0128,0x0291,0x033E,0x00,0x40,0x00,220,19,220:4040:0261:026B:0127|221:4040:0271:026C:0127|222:4040:0299:0345:0127|223:4040:0289:0343:0127|224:4040:0279:0365:0127|225:4040:0299:0344:0117|226:4040:0289:0342:0117|227:4040:0279:0364:0117|228:4040:0269:0356:011C|229:4040:0279:0363:0107
round3_castle,0xDD,2648,0x0002,0x0003,0x0000,0x01,0x003F,0x0000,0x0001,actor_2c8,8,0x10C4C8,0x01,0x94,0x00,0x00,0x02,0x00,0x00,0x0126,0x0291,0x033E,0x00,0x40,0x00,220,19,220:4040:0261:026B:0125|221:4040:0271:026C:0125|222:4040:0299:0345:0125|223:4040:0289:0343:0125|224:4040:0279:0365:0125|225:4040:0299:0344:0115|226:4040:0289:0342:0115|227:4040:0279:0364:0115|228:4040:0269:0356:011A|229:4040:0279:0363:0105
round3_castle,0xDD,2650,0x0002,0x0003,0x0000,0x01,0x003F,0x0000,0x0001,actor_2c8,8,0x10C4C8,0x01,0x94,0x00,0x00,0x02,0x00,0x00,0x0124,0x0291,0x033E,0x00,0x40,0x00,220,19,220:4040:0261:026B:0123|221:4040:0271:026C:0123|222:4040:0299:0345:0123|223:4040:0289:0343:0123|224:4040:0279:0365:0123|225:4040:0299:0344:0113|226:4040:0289:0342:0113|227:4040:0279:0364:0113|228:4040:0269:0356:0118|229:4040:0279:0363:0103
round3_castle,0xDD,2652,0x0002,0x0003,0x0000,0x01,0x003F,0x0000,0x0001,actor_2c8,8,0x10C4C8,0x01,0x93,0x00,0x00,0x02,0x00,0x00,0x0122,0x0291,0x033E,0x00,0x40,0x00,220,19,220:4040:0261:026B:0121|221:4040:0271:026C:0121|222:4040:0299:0341:0121|223:4040:0289:033F:0121|224:4040:0279:0365:0121|225:4040:0299:0340:0111|226:4040:0289:033E:0111|227:4040:0279:0364:0111|228:4040:0269:0356:0116|229:4040:0279:0363:0101
round3_castle,0xDD,2654,0x0002,0x0003,0x0000,0x01,0x003F,0x0000,0x0001,actor_2c8,8,0x10C4C8,0x01,0x93,0x00,0x00,0x02,0x00,0x00,0x0120,0x0291,0x033E,0x00,0x40,0x00,220,19,220:4040:0261:026B:011F|221:4040:0271:026C:011F|222:4040:0299:0341:011F|223:4040:0289:033F:011F|224:4040:0279:0365:011F|225:4040:0299:0340:010F|226:4040:0289:033E:010F|227:4040:0279:0364:010F|228:4040:0269:0356:0114|229:4040:0279:0363:00FF
round3_castle,0xDD,2658,0x0002,0x0003,0x0000,0x01,0x003F,0x0000,0x0001,actor_2c8,8,0x10C4C8,0x01,0x93,0x00,0x00,0x02,0x00,0x00,0x011C,0x0291,0x033E,0x00,0x40,0x00,220,19,220:4040:0261:026B:011D|221:4040:0271:026C:011D|222:4040:0299:0341:011D|223:4040:0289:033F:011D|224:4040:0279:0365:011D|225:4040:0299:0340:010D|226:4040:0289:033E:010D|227:4040:0279:0364:010D|228:4040:0269:0356:0112|229:4040:0279:0363:00FD
round3_castle,0xDD,2660,0x0002,0x0003,0x0000,0x01,0x003F,0x0000,0x0001,actor_2c8,8,0x10C4C8,0x01,0x94,0x00,0x00,0x02,0x00,0x00,0x011A,0x0291,0x033E,0x00,0x40,0x00,220,19,220:4040:0261:026B:011B|221:4040:0271:026C:011B|222:4040:0299:0345:011B|223:4040:0289:0343:011B|224:4040:0279:0365:011B|225:4040:0299:0344:010B|226:4040:0289:0342:010B|227:4040:0279:0364:010B|228:4040:0269:0356:0110|229:4040:0279:0363:00FB
round3_castle,0xDD,2662,0x0002,0x0003,0x0000,0x01,0x003F,0x0000,0x0001,actor_2c8,8,0x10C4C8,0x01,0x94,0x00,0x00,0x02,0x00,0x00,0x0118,0x0291,0x033E,0x00,0x40,0x00,220,19,220:4040:0261:026B:0119|221:4040:0271:026C:0119|222:4040:0299:0345:0119|223:4040:0289:0343:0119|224:4040:0279:0365:0119|225:4040:0299:0344:0109|226:4040:0289:0342:0109|227:4040:0279:0364:0109|228:4040:0269:0356:010E|229:4040:0279:0363:00F9
round3_castle,0xDD,2664,0x0002,0x0003,0x0000,0x01,0x003F,0x0000,0x0001,actor_2c8,8,0x10C4C8,0x01,0x94,0x00,0x00,0x02,0x00,0x00,0x0118,0x0291,0x033E,0x00,0x40,0x00,220,19,220:4040:0261:026B:0117|221:4040:0271:026C:0117|222:4040:0299:0345:0117|223:4040:0289:0343:0117|224:4040:0279:0365:0117|225:4040:0299:0344:0107|226:4040:0289:0342:0107|227:4040:0279:0364:0107|228:4040:0269:0356:010C|229:4040:0279:0363:00F7
round3_castle,0xDD,2666,0x0002,0x0003,0x0000,0x01,0x003F,0x0000,0x0001,actor_2c8,8,0x10C4C8,0x01,0x94,0x00,0x00,0x02,0x00,0x00,0x0116,0x0291,0x033E,0x00,0x40,0x00,220,19,220:4040:0261:026B:0115|221:4040:0271:026C:0115|222:4040:0299:0345:0115|223:4040:0289:0343:0115|224:4040:0279:0365:0115|225:4040:0299:0344:0105|226:4040:0289:0342:0105|227:4040:0279:0364:0105|228:4040:0269:0356:010A|229:4040:0279:0363:00F5
round3_castle,0xDD,2668,0x0002,0x0003,0x0000,0x01,0x003F,0x0000,0x0001,actor_2c8,8,0x10C4C8,0x01,0x95,0x00,0x00,0x02,0x00,0x00,0x0114,0x0291,0x033E,0x00,0x40,0x00,220,19,220:4040:0261:026B:0113|221:4040:0271:026C:0113|222:4040:0299:0349:0113|223:4040:0289:0347:0113|224:4040:0279:0365:0113|225:4040:0299:0348:0103|226:4040:0289:0346:0103|227:4040:0279:0364:0103|228:4040:0269:0356:0108|229:4040:0279:0363:00F3
round3_castle,0xDD,2670,0x0002,0x0003,0x0000,0x01,0x003F,0x0000,0x0001,actor_2c8,8,0x10C4C8,0x01,0x95,0x00,0x00,0x02,0x00,0x00,0x0112,0x0291,0x033E,0x00,0x40,0x00,220,19,220:4040:0261:026B:0111|221:4040:0271:026C:0111|222:4040:0299:0349:0111|223:4040:0289:0347:0111|224:4040:0279:0365:0111|225:4040:0299:0348:0101|226:4040:0289:0346:0101|227:4040:0279:0364:0101|228:4040:0269:0356:0106|229:4040:0279:0363:00F1
round3_castle,0xDD,2672,0x0002,0x0003,0x0000,0x01,0x003F,0x0000,0x0001,actor_2c8,8,0x10C4C8,0x01,0x95,0x00,0x00,0x02,0x00,0x00,0x0110,0x0291,0x033E,0x00,0x40,0x00,220,19,220:4040:0261:026B:010F|221:4040:0271:026C:010F|222:4040:0299:0349:010F|223:4040:0289:0347:010F|224:4040:0279:0365:010F|225:4040:0299:0348:00FF|226:4040:0289:0346:00FF|227:4040:0279:0364:00FF|228:4040:0269:0356:0104|229:4040:0279:0363:00EF
round3_castle,0xDD,2676,0x0002,0x0003,0x0000,0x01,0x003F,0x0000,0x0001,actor_2c8,8,0x10C4C8,0x01,0x94,0x00,0x00,0x02,0x00,0x00,0x010C,0x0291,0x033E,0x00,0x40,0x00,220,19,220:4040:0261:026B:010D|221:4040:0271:026C:010D|222:4040:0299:0345:010D|223:4040:0289:0343:010D|224:4040:0279:0365:010D|225:4040:0299:0344:00FD|226:4040:0289:0342:00FD|227:4040:0279:0364:00FD|228:4040:0269:0356:0102|229:4040:0279:0363:00ED
round3_castle,0xDD,2678,0x0002,0x0003,0x0000,0x01,0x003F,0x0000,0x0001,actor_2c8,8,0x10C4C8,0x01,0x94,0x00,0x00,0x02,0x00,0x00,0x010A,0x0291,0x033E,0x00,0x40,0x00,220,19,220:4040:0261:026B:010B|221:4040:0271:026C:010B|222:4040:0299:0345:010B|223:4040:0289:0343:010B|224:4040:0279:0365:010B|225:4040:0299:0344:00FB|226:4040:0289:0342:00FB|227:4040:0279:0364:00FB|228:4040:0269:0356:0100|229:4040:0279:0363:00EB
round3_castle,0xDD,2680,0x0002,0x0003,0x0000,0x01,0x003F,0x0000,0x0001,actor_2c8,8,0x10C4C8,0x01,0x94,0x00,0x00,0x02,0x00,0x00,0x0108,0x0291,0x033E,0x00,0x40,0x00,220,19,220:4040:0261:026B:0109|221:4040:0271:026C:0109|222:4040:0299:0345:0109|223:4040:0289:0343:0109|224:4040:0279:0365:0109|225:4040:0299:0344:00F9|226:4040:0289:0342:00F9|227:4040:0279:0364:00F9|228:4040:0269:0356:00FE|229:4040:0279:0363:00E9
round3_castle,0xDD,2682,0x0002,0x0003,0x0000,0x01,0x003F,0x0000,0x0001,actor_2c8,8,0x10C4C8,0x01,0x94,0x00,0x00,0x02,0x00,0x00,0x0108,0x0291,0x033E,0x00,0x40,0x00,220,19,220:4040:0261:026B:0107|221:4040:0271:026C:0107|222:4040:0299:0345:0107|223:4040:0289:0343:0107|224:4040:0279:0365:0107|225:4040:0299:0344:00F7|226:4040:0289:0342:00F7|227:4040:0279:0364:00F7|228:4040:0269:0356:00FC|229:4040:0279:0363:00E7
round3_castle,0xDD,2684,0x0002,0x0003,0x0000,0x01,0x003F,0x0000,0x0001,actor_2c8,8,0x10C4C8,0x01,0x93,0x00,0x00,0x02,0x00,0x00,0x0106,0x0291,0x033E,0x00,0x40,0x00,220,19,220:4040:0261:026B:0105|221:4040:0271:026C:0105|222:4040:0299:0341:0105|223:4040:0289:033F:0105|224:4040:0279:0365:0105|225:4040:0299:0340:00F5|226:4040:0289:033E:00F5|227:4040:0279:0364:00F5|228:4040:0269:0356:00FA|229:4040:0279:0363:00E5
round3_castle,0xDD,2686,0x0002,0x0003,0x0000,0x01,0x003F,0x0000,0x0001,actor_2c8,8,0x10C4C8,0x01,0x93,0x00,0x00,0x02,0x00,0x00,0x0104,0x0291,0x033E,0x00,0x40,0x00,220,19,220:4040:0261:026B:0103|221:4040:0271:026C:0103|222:4040:0299:0341:0103|223:4040:0289:033F:0103|224:4040:0279:0365:0103|225:4040:0299:0340:00F3|226:4040:0289:033E:00F3|227:4040:0279:0364:00F3|228:4040:0269:0356:00F8|229:4040:0279:0363:00E3
round3_castle,0xDD,2688,0x0002,0x0003,0x0000,0x01,0x003F,0x0000,0x0001,actor_2c8,8,0x10C4C8,0x01,0x93,0x00,0x00,0x02,0x00,0x00,0x0102,0x0291,0x033E,0x00,0x40,0x00,220,19,220:4040:0261:026B:0101|221:4040:0271:026C:0101|222:4040:0299:0341:0101|223:4040:0289:033F:0101|224:4040:0279:0365:0101|225:4040:0299:0340:00F1|226:4040:0289:033E:00F1|227:4040:0279:0364:00F1|228:4040:0269:0356:00F6|229:4040:0279:0363:00E1
round3_castle,0xDD,2690,0x0002,0x0003,0x0000,0x01,0x003F,0x0000,0x0001,actor_2c8,8,0x10C4C8,0x01,0x93,0x00,0x00,0x02,0x00,0x00,0x0100,0x0291,0x033E,0x00,0x40,0x00,220,19,220:4040:0261:026B:00FF|221:4040:0271:026C:00FF|222:4040:0299:0341:00FF|223:4040:0289:033F:00FF|224:4040:0279:0365:00FF|225:4040:0299:0340:00EF|226:4040:0289:033E:00EF|227:4040:0279:0364:00EF|228:4040:0269:0356:00F4|229:4040:0279:0363:00DF
round3_castle,0xDD,2692,0x0002,0x0003,0x0000,0x01,0x003F,0x0000,0x0001,actor_2c8,8,0x10C4C8,0x01,0x96,0x00,0x00,0x08,0x00,0x00,0x00FD,0x0291,0x033E,0x00,0x40,0x00,220,19,220:4040:0261:026B:00FF|221:4040:0271:026C:00FF|222:4040:0299:0345:00FF|223:4040:0289:0343:00FF|224:4040:0279:0365:00FF|225:4040:0299:0344:00EF|226:4040:0289:0342:00EF|227:4040:0279:0364:00EF|228:4040:0269:0356:00F4|229:4040:0279:0363:00DF
round3_castle,0xDD,2694,0x0002,0x0003,0x0000,0x01,0x003F,0x0000,0x0001,actor_2c8,8,0x10C4C8,0x01,0x96,0x00,0x00,0x08,0x00,0x00,0x00F9,0x0292,0x033E,0x00,0x40,0x00,220,19,220:4040:0261:026B:00FC|221:4040:0271:026C:00FC|222:4040:0299:0385:00FC|223:4040:0289:0383:00FC|224:4040:0279:0365:00FC|225:4040:0289:0382:00EC|226:4040:0279:0387:00EC|227:4040:0269:0356:00F0|228:4040:0279:0386:00DC|229:4040:0269:0388:00E4
round3_castle,0xDD,2696,0x0002,0x0003,0x0000,0x01,0x003F,0x0000,0x0001,actor_2c8,8,0x10C4C8,0x01,0x96,0x00,0x00,0x08,0x00,0x00,0x00F6,0x0293,0x033E,0x00,0x40,0x00,220,19,220:4040:0262:026B:00F8|221:4040:0272:026C:00F8|222:4040:029A:0385:00F8|223:4040:028A:0383:00F8|224:4040:027A:0365:00F8|225:4040:028A:0382:00E8|226:4040:027A:0387:00E8|227:4040:026A:0356:00EC|228:4040:027A:0386:00D8|229:4040:026A:0388:00E0
round3_castle,0xDD,2698,0x0002,0x0003,0x0000,0x01,0x003F,0x0000,0x0001,actor_2c8,8,0x10C4C8,0x01,0x96,0x00,0x00,0x08,0x00,0x00,0x00F3,0x0294,0x033E,0x00,0x40,0x00,220,19,220:4040:0263:026B:00F5|221:4040:0273:026C:00F5|222:4040:029B:0385:00F5|223:4040:028B:0383:00F5|224:4040:027B:0365:00F5|225:4040:028B:0382:00E5|226:4040:027B:0387:00E5|227:4040:026B:0356:00E9|228:4040:027B:0386:00D5|229:4040:026B:0388:00DD
round3_castle,0xDD,2700,0x0002,0x0003,0x0000,0x01,0x003F,0x0000,0x0001,actor_2c8,8,0x10C4C8,0x01,0x96,0x00,0x00,0x08,0x00,0x00,0x00F0,0x0296,0x033E,0x00,0x40,0x00,220,19,220:4040:0264:026B:00F2|221:4040:0274:026C:00F2|222:4040:029C:0385:00F2|223:4040:028C:0383:00F2|224:4040:027C:0365:00F2|225:4040:028C:0382:00E2|226:4040:027C:0387:00E2|227:4040:026C:0356:00E6|228:4040:027C:0386:00D2|229:4040:026C:0388:00DA
round3_castle,0xDD,2702,0x0002,0x0003,0x0000,0x01,0x003F,0x0000,0x0001,actor_2c8,8,0x10C4C8,0x01,0x96,0x00,0x00,0x08,0x00,0x00,0x00ED,0x0298,0x033E,0x00,0x40,0x00,220,19,220:4040:0266:026B:00EF|221:4040:0276:026C:00EF|222:4040:029E:0385:00EF|223:4040:028E:0383:00EF|224:4040:027E:0365:00EF|225:4040:028E:0382:00DF|226:4040:027E:0387:00DF|227:4040:026E:0356:00E3|228:4040:027E:0386:00CF|229:4040:026E:0388:00D7
round3_castle,0xDD,2704,0x0002,0x0003,0x0000,0x01,0x003F,0x0000,0x0001,actor_2c8,8,0x10C4C8,0x01,0x96,0x00,0x00,0x08,0x00,0x00,0x00EA,0x029B,0x033E,0x00,0x40,0x00,220,19,220:4040:0268:026B:00EC|221:4040:0278:026C:00EC|222:4040:02A0:0385:00EC|223:4040:0290:0383:00EC|224:4040:0280:0365:00EC|225:4040:0290:0382:00DC|226:4040:0280:0387:00DC|227:4040:0270:0356:00E0|228:4040:0280:0386:00CC|229:4040:0270:0388:00D4
round3_castle,0xDD,2706,0x0002,0x0003,0x0000,0x01,0x003F,0x0000,0x0001,actor_2c8,8,0x10C4C8,0x01,0x96,0x00,0x00,0x08,0x00,0x00,0x00E7,0x029E,0x033E,0x00,0x40,0x00,220,19,220:4040:026B:026B:00E9|221:4040:027B:026C:00E9|222:4040:02A3:0385:00E9|223:4040:0293:0383:00E9|224:4040:0283:0365:00E9|225:4040:0293:0382:00D9|226:4040:0283:0387:00D9|227:4040:0273:0356:00DD|228:4040:0283:0386:00C9|229:4040:0273:0388:00D1
round3_castle,0xDD,2708,0x0002,0x0003,0x0000,0x01,0x003F,0x0000,0x0001,actor_2c8,8,0x10C4C8,0x01,0x96,0x00,0x00,0x08,0x00,0x00,0x00E5,0x02A1,0x033E,0x00,0x40,0x00,220,19,220:4040:026E:026B:00E6|221:4040:027E:026C:00E6|222:4040:02A6:0385:00E6|223:4040:0296:0383:00E6|224:4040:0286:0365:00E6|225:4040:0296:0382:00D6|226:4040:0286:0387:00D6|227:4040:0276:0356:00DA|228:4040:0286:0386:00C6|229:4040:0276:0388:00CE
round3_castle,0xDD,2710,0x0002,0x0003,0x0000,0x01,0x003F,0x0000,0x0001,actor_2c8,8,0x10C4C8,0x01,0x96,0x00,0x00,0x08,0x00,0x00,0x00E3,0x02A4,0x033E,0x00,0x40,0x00,220,19,220:4040:0271:026B:00E4|221:4040:0281:026C:00E4|222:4040:02A9:0385:00E4|223:4040:0299:0383:00E4|224:4040:0289:0365:00E4|225:4040:0299:0382:00D4|226:4040:0289:0387:00D4|227:4040:0279:0356:00D8|228:4040:0289:0386:00C4|229:4040:0279:0388:00CC
round3_castle,0xDD,2712,0x0002,0x0003,0x0000,0x01,0x003F,0x0000,0x0001,actor_2c8,8,0x10C4C8,0x01,0x94,0x00,0x00,0x08,0x00,0x00,0x00E2,0x02A7,0x033E,0x00,0x40,0x00,220,19,220:4040:0274:026B:00E2|221:4040:0284:026C:00E2|222:4040:02AC:0385:00E2|223:4040:029C:0383:00E2|224:4040:028C:0365:00E2|225:4040:029C:0382:00D2|226:4040:028C:0387:00D2|227:4040:027C:0356:00D6|228:4040:028C:0386:00C2|229:4040:027C:0388:00CA
round3_castle,0xDD,2714,0x0002,0x0003,0x0000,0x01,0x003F,0x0000,0x0001,actor_2c8,8,0x10C4C8,0x01,0x94,0x00,0x00,0x08,0x00,0x00,0x00E1,0x02AA,0x033E,0x00,0x40,0x00,220,19,220:4040:0277:026B:00E1|221:4040:0287:026C:00E1|222:4040:02AF:0345:00E1|223:4040:029F:0343:00E1|224:4040:028F:0365:00E1|225:4040:02AF:0344:00D1|226:4040:029F:0342:00D1|227:4040:028F:0364:00D1|228:4040:027F:0356:00D6|229:4040:028F:0363:00C1
round3_castle,0xDD,2716,0x0002,0x0003,0x0000,0x01,0x003F,0x0000,0x0001,actor_2c8,8,0x10C4C8,0x01,0x93,0x00,0x00,0x08,0x00,0x00,0x00E0,0x02AE,0x033E,0x00,0x40,0x00,220,19,220:4040:027A:026B:00E0|221:4040:028A:026C:00E0|222:4040:02B2:0345:00E0|223:4040:02A2:0343:00E0|224:4040:0292:0365:00E0|225:4040:02B2:0344:00D0|226:4040:02A2:0342:00D0|227:4040:0292:0364:00D0|228:4040:0282:0356:00D5|229:4040:0292:0363:00C0
round3_castle,0xDD,2718,0x0002,0x0003,0x0000,0x01,0x003F,0x0000,0x0001,actor_2c8,8,0x10C4C8,0x01,0x93,0x00,0x00,0x08,0x00,0x00,0x00E0,0x02B1,0x033E,0x00,0x40,0x00,220,19,220:4040:027E:026B:00DF|221:4040:028E:026C:00DF|222:4040:02B6:0341:00DF|223:4040:02A6:033F:00DF|224:4040:0296:0365:00DF|225:4040:02B6:0340:00CF|226:4040:02A6:033E:00CF|227:4040:0296:0364:00CF|228:4040:0286:0356:00D4|229:4040:0296:0363:00BF
round3_castle,0xDD,2720,0x0002,0x0003,0x0000,0x01,0x003F,0x0000,0x0001,actor_2c8,8,0x10C4C8,0x01,0x93,0x00,0x00,0x08,0x00,0x00,0x00E0,0x02B1,0x033E,0x00,0x40,0x00,220,19,220:4040:0281:026B:00DF|221:4040:0291:026C:00DF|222:4040:02B9:0341:00DF|223:4040:02A9:033F:00DF|224:4040:0299:0365:00DF|225:4040:02B9:0340:00CF|226:4040:02A9:033E:00CF|227:4040:0299:0364:00CF|228:4040:0289:0356:00D4|229:4040:0299:0363:00BF
round3_castle,0xDD,2722,0x0002,0x0003,0x0000,0x01,0x003F,0x0000,0x0001,actor_2c8,8,0x10C4C8,0x01,0x93,0x00,0x00,0x02,0x00,0x00,0x00DE,0x02B1,0x033E,0x00,0x40,0x00,220,19,220:4040:0281:026B:00DD|221:4040:0291:026C:00DD|222:4040:02B9:0341:00DD|223:4040:02A9:033F:00DD|224:4040:0299:0365:00DD|225:4040:02B9:0340:00CD|226:4040:02A9:033E:00CD|227:4040:0299:0364:00CD|228:4040:0289:0356:00D2|229:4040:0299:0363:00BD
round3_castle,0xDD,2724,0x0002,0x0003,0x0000,0x01,0x003F,0x0000,0x0001,actor_2c8,8,0x10C4C8,0x01,0x94,0x00,0x00,0x02,0x00,0x00,0x00DC,0x02B1,0x033E,0x00,0x40,0x00,220,19,220:4040:0281:026B:00DB|221:4040:0291:026C:00DB|222:4040:02B9:0345:00DB|223:4040:02A9:0343:00DB|224:4040:0299:0365:00DB|225:4040:02B9:0344:00CB|226:4040:02A9:0342:00CB|227:4040:0299:0364:00CB|228:4040:0289:0356:00D0|229:4040:0299:0363:00BB
round3_castle,0xDD,2726,0x0002,0x0003,0x0000,0x01,0x003F,0x0000,0x0001,actor_2c8,8,0x10C4C8,0x01,0x94,0x00,0x00,0x02,0x00,0x00,0x00DA,0x02B1,0x033E,0x00,0x40,0x00,220,19,220:4040:0281:026B:00D9|221:4040:0291:026C:00D9|222:4040:02B9:0345:00D9|223:4040:02A9:0343:00D9|224:4040:0299:0365:00D9|225:4040:02B9:0344:00C9|226:4040:02A9:0342:00C9|227:4040:0299:0364:00C9|228:4040:0289:0356:00CE|229:4040:0299:0363:00B9
round3_castle,0xDD,2728,0x0002,0x0003,0x0000,0x01,0x003F,0x0000,0x0001,actor_2c8,8,0x10C4C8,0x01,0x94,0x00,0x00,0x02,0x00,0x00,0x00D8,0x02B1,0x033E,0x00,0x40,0x00,220,19,220:4040:0281:026B:00D7|221:4040:0291:026C:00D7|222:4040:02B9:0345:00D7|223:4040:02A9:0343:00D7|224:4040:0299:0365:00D7|225:4040:02B9:0344:00C7|226:4040:02A9:0342:00C7|227:4040:0299:0364:00C7|228:4040:0289:0356:00CC|229:4040:0299:0363:00B7
round3_castle,0xDD,2732,0x0002,0x0003,0x0000,0x01,0x003F,0x0000,0x0001,actor_2c8,8,0x10C4C8,0x01,0x95,0x00,0x00,0x02,0x00,0x00,0x00D4,0x02B1,0x033E,0x00,0x40,0x00,220,19,220:4040:0281:026B:00D5|221:4040:0291:026C:00D5|222:4040:02B9:0349:00D5|223:4040:02A9:0347:00D5|224:4040:0299:0365:00D5|225:4040:02B9:0348:00C5|226:4040:02A9:0346:00C5|227:4040:0299:0364:00C5|228:4040:0289:0356:00CA|229:4040:0299:0363:00B5
round3_castle,0xDD,2734,0x0002,0x0003,0x0000,0x01,0x003F,0x0000,0x0001,actor_2c8,6,0x10C448,0x01,0x95,0x00,0x00,0x02,0x00,0x00,0x013E,0x0291,0x033E,0x00,0x40,0x00,200,10,
round3_castle,0xDD,2734,0x0002,0x0003,0x0000,0x01,0x003F,0x0000,0x0001,actor_2c8,8,0x10C4C8,0x01,0x95,0x00,0x00,0x02,0x00,0x00,0x00D2,0x02B1,0x033E,0x00,0x40,0x00,220,19,220:4040:0281:026B:00D3|221:4040:0291:026C:00D3|222:4040:02B9:0349:00D3|223:4040:02A9:0347:00D3|224:4040:0299:0365:00D3|225:4040:02B9:0348:00C3|226:4040:02A9:0346:00C3|227:4040:0299:0364:00C3|228:4040:0289:0356:00C8|229:4040:0299:0363:00B3
round3_castle,0xDD,2736,0x0002,0x0003,0x0000,0x01,0x003F,0x0000,0x0001,actor_2c8,6,0x10C448,0x01,0x95,0x00,0x00,0x02,0x00,0x00,0x013C,0x0291,0x033E,0x00,0x40,0x00,200,10,200:4040:0261:026B:013D|201:4040:0271:026C:013D|202:4040:0299:0349:013D|203:4040:0289:0347:013D|204:4040:0279:0365:013D|205:4040:0299:0348:012D|206:4040:0289:0346:012D|207:4040:0279:0364:012D|208:4040:0269:0356:0132|209:4040:0279:0363:011D
round3_castle,0xDD,2736,0x0002,0x0003,0x0000,0x01,0x003F,0x0000,0x0001,actor_2c8,8,0x10C4C8,0x01,0x95,0x00,0x00,0x02,0x00,0x00,0x00D0,0x02B1,0x033E,0x00,0x40,0x00,220,19,220:4040:0281:026B:00D1|221:4040:0291:026C:00D1|222:4040:02B9:0349:00D1|223:4040:02A9:0347:00D1|224:4040:0299:0365:00D1|225:4040:02B9:0348:00C1|226:4040:02A9:0346:00C1|227:4040:0299:0364:00C1|228:4040:0289:0356:00C6|229:4040:0299:0363:00B1
round3_castle,0xDD,2738,0x0002,0x0003,0x0000,0x01,0x003F,0x0000,0x0001,actor_2c8,6,0x10C448,0x01,0x95,0x00,0x00,0x02,0x00,0x00,0x013A,0x0291,0x033E,0x00,0x40,0x00,200,10,200:4040:0261:026B:013B|201:4040:0271:026C:013B|202:4040:0299:0349:013B|203:4040:0289:0347:013B|204:4040:0279:0365:013B|205:4040:0299:0348:012B|206:4040:0289:0346:012B|207:4040:0279:0364:012B|208:4040:0269:0356:0130|209:4040:0279:0363:011B
round3_castle,0xDD,2738,0x0002,0x0003,0x0000,0x01,0x003F,0x0000,0x0001,actor_2c8,8,0x10C4C8,0x01,0x95,0x00,0x00,0x02,0x00,0x00,0x00D0,0x02B1,0x033E,0x00,0x40,0x00,220,19,220:4040:0281:026B:00CF|221:4040:0291:026C:00CF|222:4040:02B9:0349:00CF|223:4040:02A9:0347:00CF|224:4040:0299:0365:00CF|225:4040:02B9:0348:00BF|226:4040:02A9:0346:00BF|227:4040:0299:0364:00BF|228:4040:0289:0356:00C4|229:4040:0299:0363:00AF
round3_castle,0xDD,2740,0x0002,0x0003,0x0000,0x01,0x003F,0x0000,0x0001,actor_2c8,6,0x10C448,0x01,0x94,0x00,0x00,0x02,0x00,0x00,0x0138,0x0291,0x033E,0x00,0x40,0x00,200,10,200:4040:0261:026B:0139|201:4040:0271:026C:0139|202:4040:0299:0345:0139|203:4040:0289:0343:0139|204:4040:0279:0365:0139|205:4040:0299:0344:0129|206:4040:0289:0342:0129|207:4040:0279:0364:0129|208:4040:0269:0356:012E|209:4040:0279:0363:0119
round3_castle,0xDD,2740,0x0002,0x0003,0x0000,0x01,0x003F,0x0000,0x0001,actor_2c8,8,0x10C4C8,0x01,0x94,0x00,0x00,0x02,0x00,0x00,0x00CE,0x02B1,0x033E,0x00,0x40,0x00,220,19,220:4040:0281:026B:00CD|221:4040:0291:026C:00CD|222:4040:02B9:0345:00CD|223:4040:02A9:0343:00CD|224:4040:0299:0365:00CD|225:4040:02B9:0344:00BD|226:4040:02A9:0342:00BD|227:4040:0299:0364:00BD|228:4040:0289:0356:00C2|229:4040:0299:0363:00AD
round3_castle,0xDD,2742,0x0002,0x0003,0x0000,0x01,0x003F,0x0000,0x0001,actor_2c8,6,0x10C448,0x01,0x94,0x00,0x00,0x02,0x00,0x00,0x0138,0x0291,0x033E,0x00,0x40,0x00,200,10,200:4040:0261:026B:0137|201:4040:0271:026C:0137|202:4040:0299:0345:0137|203:4040:0289:0343:0137|204:4040:0279:0365:0137|205:4040:0299:0344:0127|206:4040:0289:0342:0127|207:4040:0279:0364:0127|208:4040:0269:0356:012C|209:4040:0279:0363:0117
round3_castle,0xDD,2742,0x0002,0x0003,0x0000,0x01,0x003F,0x0000,0x0001,actor_2c8,8,0x10C4C8,0x01,0x94,0x00,0x00,0x02,0x00,0x00,0x00CC,0x02B1,0x033E,0x00,0x40,0x00,220,19,220:4040:0281:026B:00CB|221:4040:0291:026C:00CB|222:4040:02B9:0345:00CB|223:4040:02A9:0343:00CB|224:4040:0299:0365:00CB|225:4040:02B9:0344:00BB|226:4040:02A9:0342:00BB|227:4040:0299:0364:00BB|228:4040:0289:0356:00C0|229:4040:0299:0363:00AB
round3_castle,0xDD,2744,0x0002,0x0003,0x0000,0x01,0x003F,0x0000,0x0001,actor_2c8,6,0x10C448,0x01,0x94,0x00,0x00,0x02,0x00,0x00,0x0136,0x0291,0x033E,0x00,0x40,0x00,200,10,200:4040:0261:026B:0135|201:4040:0271:026C:0135|202:4040:0299:0345:0135|203:4040:0289:0343:0135|204:4040:0279:0365:0135|205:4040:0299:0344:0125|206:4040:0289:0342:0125|207:4040:0279:0364:0125|208:4040:0269:0356:012A|209:4040:0279:0363:0115
round3_castle,0xDD,2744,0x0002,0x0003,0x0000,0x01,0x003F,0x0000,0x0001,actor_2c8,8,0x10C4C8,0x01,0x94,0x00,0x00,0x02,0x00,0x00,0x00CA,0x02B1,0x033E,0x00,0x40,0x00,220,19,220:4040:0281:026B:00C9|221:4040:0291:026C:00C9|222:4040:02B9:0345:00C9|223:4040:02A9:0343:00C9|224:4040:0299:0365:00C9|225:4040:02B9:0344:00B9|226:4040:02A9:0342:00B9|227:4040:0299:0364:00B9|228:4040:0289:0356:00BE|229:4040:0299:0363:00A9
round3_castle,0xDD,2746,0x0002,0x0003,0x0000,0x01,0x003F,0x0000,0x0001,actor_2c8,6,0x10C448,0x01,0x94,0x00,0x00,0x02,0x00,0x00,0x0134,0x0291,0x033E,0x00,0x40,0x00,200,10,200:4040:0261:026B:0133|201:4040:0271:026C:0133|202:4040:0299:0345:0133|203:4040:0289:0343:0133|204:4040:0279:0365:0133|205:4040:0299:0344:0123|206:4040:0289:0342:0123|207:4040:0279:0364:0123|208:4040:0269:0356:0128|209:4040:0279:0363:0113
round3_castle,0xDD,2746,0x0002,0x0003,0x0000,0x01,0x003F,0x0000,0x0001,actor_2c8,8,0x10C4C8,0x01,0x94,0x00,0x00,0x02,0x00,0x00,0x00C8,0x02B1,0x033E,0x00,0x40,0x00,220,19,220:4040:0281:026B:00C7|221:4040:0291:026C:00C7|222:4040:02B9:0345:00C7|223:4040:02A9:0343:00C7|224:4040:0299:0365:00C7|225:4040:02B9:0344:00B7|226:4040:02A9:0342:00B7|227:4040:0299:0364:00B7|228:4040:0289:0356:00BC|229:4040:0299:0363:00A7
round3_castle,0xDD,2748,0x0002,0x0003,0x0000,0x01,0x003F,0x0000,0x0001,actor_2c8,6,0x10C448,0x01,0x93,0x00,0x00,0x02,0x00,0x00,0x0132,0x0291,0x033E,0x00,0x40,0x00,200,10,200:4040:0261:026B:0131|201:4040:0271:026C:0131|202:4040:0299:0341:0131|203:4040:0289:033F:0131|204:4040:0279:0365:0131|205:4040:0299:0340:0121|206:4040:0289:033E:0121|207:4040:0279:0364:0121|208:4040:0269:0356:0126|209:4040:0279:0363:0111
round3_castle,0xDD,2748,0x0002,0x0003,0x0000,0x01,0x003F,0x0000,0x0001,actor_2c8,8,0x10C4C8,0x01,0x93,0x00,0x00,0x02,0x00,0x00,0x00C6,0x02B1,0x033E,0x00,0x40,0x00,220,19,220:4040:0281:026B:00C7|221:4040:0291:026C:00C7|222:4040:02B9:0341:00C7|223:4040:02A9:033F:00C7|224:4040:0299:0365:00C7|225:4040:02B9:0340:00B7|226:4040:02A9:033E:00B7|227:4040:0299:0364:00B7|228:4040:0289:0356:00BC|229:4040:0299:0363:00A7
round3_castle,0xDD,2750,0x0002,0x0003,0x0000,0x01,0x003F,0x0000,0x0001,actor_2c8,6,0x10C448,0x01,0x93,0x00,0x00,0x02,0x00,0x00,0x0130,0x0291,0x033E,0x00,0x40,0x00,200,10,200:4040:0261:026B:012F|201:4040:0271:026C:012F|202:4040:0299:0341:012F|203:4040:0289:033F:012F|204:4040:0279:0365:012F|205:4040:0299:0340:011F|206:4040:0289:033E:011F|207:4040:0279:0364:011F|208:4040:0269:0356:0124|209:4040:0279:0363:010F
round3_castle,0xDD,2750,0x0002,0x0003,0x0000,0x01,0x003F,0x0000,0x0001,actor_2c8,8,0x10C4C8,0x01,0x93,0x00,0x00,0x02,0x00,0x00,0x00C4,0x02B1,0x033E,0x00,0x40,0x00,220,19,220:4040:0281:026B:00C5|221:4040:0291:026C:00C5|222:4040:02B9:0341:00C5|223:4040:02A9:033F:00C5|224:4040:0299:0365:00C5|225:4040:02B9:0340:00B5|226:4040:02A9:033E:00B5|227:4040:0299:0364:00B5|228:4040:0289:0356:00BA|229:4040:0299:0363:00A5
round3_castle,0xDD,2752,0x0002,0x0003,0x0000,0x01,0x003F,0x0000,0x0001,actor_2c8,8,0x10C4C8,0x01,0x93,0x00,0x00,0x02,0x00,0x00,0x00C2,0x02B1,0x033E,0x00,0x40,0x00,220,19,220:4040:0281:026B:00C3|221:4040:0291:026C:00C3|222:4040:02B9:0341:00C3|223:4040:02A9:033F:00C3|224:4040:0299:0365:00C3|225:4040:02B9:0340:00B3|226:4040:02A9:033E:00B3|227:4040:0299:0364:00B3|228:4040:0289:0356:00B8|229:4040:0299:0363:00A3
round3_castle,0xDD,2754,0x0002,0x0003,0x0000,0x01,0x003F,0x0000,0x0001,actor_2c8,6,0x10C448,0x01,0x93,0x00,0x00,0x02,0x00,0x00,0x012C,0x0291,0x033E,0x00,0x40,0x00,200,10,200:4040:0261:026B:012D|201:4040:0271:026C:012D|202:4040:0299:0341:012D|203:4040:0289:033F:012D|204:4040:0279:0365:012D|205:4040:0299:0340:011D|206:4040:0289:033E:011D|207:4040:0279:0364:011D|208:4040:0269:0356:0122|209:4040:0279:0363:010D
round3_castle,0xDD,2754,0x0002,0x0003,0x0000,0x01,0x003F,0x0000,0x0001,actor_2c8,8,0x10C4C8,0x01,0x93,0x00,0x00,0x02,0x00,0x00,0x00C0,0x02B1,0x033E,0x00,0x40,0x00,220,19,220:4040:0281:026B:00C1|221:4040:0291:026C:00C1|222:4040:02B9:0341:00C1|223:4040:02A9:033F:00C1|224:4040:0299:0365:00C1|225:4040:02B9:0340:00B1|226:4040:02A9:033E:00B1|227:4040:0299:0364:00B1|228:4040:0289:0356:00B6|229:4040:0299:0363:00A1
round3_castle,0xDD,2756,0x0002,0x0003,0x0000,0x01,0x003F,0x0000,0x0001,actor_2c8,6,0x10C448,0x01,0x94,0x00,0x00,0x02,0x00,0x00,0x012A,0x0291,0x033E,0x00,0x40,0x00,200,10,200:4040:0261:026B:012B|201:4040:0271:026C:012B|202:4040:0299:0345:012B|203:4040:0289:0343:012B|204:4040:0279:0365:012B|205:4040:0299:0344:011B|206:4040:0289:0342:011B|207:4040:0279:0364:011B|208:4040:0269:0356:0120|209:4040:0279:0363:010B
round3_castle,0xDD,2756,0x0002,0x0003,0x0000,0x01,0x003F,0x0000,0x0001,actor_2c8,8,0x10C4C8,0x01,0x94,0x00,0x00,0x02,0x00,0x00,0x00C0,0x02B1,0x033E,0x00,0x40,0x00,220,19,220:4040:0281:026B:00BF|221:4040:0291:026C:00BF|222:4040:02B9:0345:00BF|223:4040:02A9:0343:00BF|224:4040:0299:0365:00BF|225:4040:02B9:0344:00AF|226:4040:02A9:0342:00AF|227:4040:0299:0364:00AF|228:4040:0289:0356:00B4|229:4040:0299:0363:009F
round3_castle,0xDD,2758,0x0002,0x0003,0x0000,0x01,0x003F,0x0000,0x0001,actor_2c8,6,0x10C448,0x01,0x94,0x00,0x00,0x02,0x00,0x00,0x0128,0x0291,0x033E,0x00,0x40,0x00,200,10,200:4040:0261:026B:0129|201:4040:0271:026C:0129|202:4040:0299:0345:0129|203:4040:0289:0343:0129|204:4040:0279:0365:0129|205:4040:0299:0344:0119|206:4040:0289:0342:0119|207:4040:0279:0364:0119|208:4040:0269:0356:011E|209:4040:0279:0363:0109
round3_castle,0xDD,2758,0x0002,0x0003,0x0000,0x01,0x003F,0x0000,0x0001,actor_2c8,8,0x10C4C8,0x01,0x96,0x00,0x00,0x08,0x00,0x00,0x00BD,0x02B1,0x033E,0x00,0x40,0x00,220,19,220:4040:0281:026B:00BC|221:4040:0291:026C:00BC|222:4040:02B9:0385:00BC|223:4040:02A9:0383:00BC|224:4040:0299:0365:00BC|225:4040:02A9:0382:00AC|226:4040:0299:0387:00AC|227:4040:0289:0356:00B0|228:4040:0299:0386:009C|229:4040:0289:0388:00A4
round3_castle,0xDD,2760,0x0002,0x0003,0x0000,0x01,0x003F,0x0000,0x0001,actor_2c8,6,0x10C448,0x01,0x94,0x00,0x00,0x02,0x00,0x00,0x0128,0x0291,0x033E,0x00,0x40,0x00,200,10,200:4040:0261:026B:0127|201:4040:0271:026C:0127|202:4040:0299:0345:0127|203:4040:0289:0343:0127|204:4040:0279:0365:0127|205:4040:0299:0344:0117|206:4040:0289:0342:0117|207:4040:0279:0364:0117|208:4040:0269:0356:011C|209:4040:0279:0363:0107
round3_castle,0xDD,2760,0x0002,0x0003,0x0000,0x01,0x003F,0x0000,0x0001,actor_2c8,8,0x10C4C8,0x01,0x96,0x00,0x00,0x08,0x00,0x00,0x00B9,0x02B2,0x033E,0x00,0x40,0x00,220,19,220:4040:0282:026B:00B8|221:4040:0292:026C:00B8|222:4040:02BA:0385:00B8|223:4040:02AA:0383:00B8|224:4040:029A:0365:00B8|225:4040:02AA:0382:00A8|226:4040:029A:0387:00A8|227:4040:028A:0356:00AC|228:4040:029A:0386:0098|229:4040:028A:0388:00A0
round3_castle,0xDD,2762,0x0002,0x0003,0x0000,0x01,0x003F,0x0000,0x0001,actor_2c8,6,0x10C448,0x01,0x94,0x00,0x00,0x02,0x00,0x00,0x0126,0x0291,0x033E,0x00,0x40,0x00,200,10,200:4040:0261:026B:0125|201:4040:0271:026C:0125|202:4040:0299:0345:0125|203:4040:0289:0343:0125|204:4040:0279:0365:0125|205:4040:0299:0344:0115|206:4040:0289:0342:0115|207:4040:0279:0364:0115|208:4040:0269:0356:011A|209:4040:0279:0363:0105
round3_castle,0xDD,2762,0x0002,0x0003,0x0000,0x01,0x003F,0x0000,0x0001,actor_2c8,8,0x10C4C8,0x01,0x96,0x00,0x00,0x08,0x00,0x00,0x00B6,0x02B3,0x033E,0x00,0x40,0x00,220,19,220:4040:0283:026B:00B5|221:4040:0293:026C:00B5|222:4040:02BB:0385:00B5|223:4040:02AB:0383:00B5|224:4040:029B:0365:00B5|225:4040:02AB:0382:00A5|226:4040:029B:0387:00A5|227:4040:028B:0356:00A9|228:4040:029B:0386:0095|229:4040:028B:0388:009D
round3_castle,0xDD,2764,0x0002,0x0003,0x0000,0x01,0x003F,0x0000,0x0001,actor_2c8,6,0x10C448,0x01,0x95,0x00,0x00,0x02,0x00,0x00,0x0124,0x0291,0x033E,0x00,0x40,0x00,200,10,200:4040:0261:026B:0123|201:4040:0271:026C:0123|202:4040:0299:0349:0123|203:4040:0289:0347:0123|204:4040:0279:0365:0123|205:4040:0299:0348:0113|206:4040:0289:0346:0113|207:4040:0279:0364:0113|208:4040:0269:0356:0118|209:4040:0279:0363:0103
round3_castle,0xDD,2764,0x0002,0x0003,0x0000,0x01,0x003F,0x0000,0x0001,actor_2c8,8,0x10C4C8,0x01,0x96,0x00,0x00,0x08,0x00,0x00,0x00B3,0x02B4,0x033E,0x00,0x40,0x00,220,19,220:4040:0284:026B:00B2|221:4040:0294:026C:00B2|222:4040:02BC:0385:00B2|223:4040:02AC:0383:00B2|224:4040:029C:0365:00B2|225:4040:02AC:0382:00A2|226:4040:029C:0387:00A2|227:4040:028C:0356:00A6|228:4040:029C:0386:0092|229:4040:028C:0388:009A
round3_castle,0xDD,2766,0x0002,0x0003,0x0000,0x01,0x003F,0x0000,0x0001,actor_2c8,6,0x10C448,0x01,0x95,0x00,0x00,0x02,0x00,0x00,0x0122,0x0291,0x033E,0x00,0x40,0x00,200,10,200:4040:0261:026B:0121|201:4040:0271:026C:0121|202:4040:0299:0349:0121|203:4040:0289:0347:0121|204:4040:0279:0365:0121|205:4040:0299:0348:0111|206:4040:0289:0346:0111|207:4040:0279:0364:0111|208:4040:0269:0356:0116|209:4040:0279:0363:0101
round3_castle,0xDD,2766,0x0002,0x0003,0x0000,0x01,0x003F,0x0000,0x0001,actor_2c8,8,0x10C4C8,0x01,0x96,0x00,0x00,0x08,0x00,0x00,0x00B0,0x02B6,0x033E,0x00,0x40,0x00,220,19,220:4040:0286:026B:00AF|221:4040:0296:026C:00AF|222:4040:02BE:0385:00AF|223:4040:02AE:0383:00AF|224:4040:029E:0365:00AF|225:4040:02AE:0382:009F|226:4040:029E:0387:009F|227:4040:028E:0356:00A3|228:4040:029E:0386:008F|229:4040:028E:0388:0097
round3_castle,0xDD,2768,0x0002,0x0003,0x0000,0x01,0x003F,0x0000,0x0001,actor_2c8,6,0x10C448,0x01,0x95,0x00,0x00,0x02,0x00,0x00,0x0120,0x0291,0x033E,0x00,0x40,0x00,200,10,200:4040:0261:026B:011F|201:4040:0271:026C:011F|202:4040:0299:0349:011F|203:4040:0289:0347:011F|204:4040:0279:0365:011F|205:4040:0299:0348:010F|206:4040:0289:0346:010F|207:4040:0279:0364:010F|208:4040:0269:0356:0114|209:4040:0279:0363:00FF
round3_castle,0xDD,2768,0x0002,0x0003,0x0000,0x01,0x003F,0x0000,0x0001,actor_2c8,8,0x10C4C8,0x01,0x96,0x00,0x00,0x08,0x00,0x00,0x00AD,0x02B8,0x033E,0x00,0x40,0x00,220,19,220:4040:0288:026B:00AC|221:4040:0298:026C:00AC|222:4040:02C0:0385:00AC|223:4040:02B0:0383:00AC|224:4040:02A0:0365:00AC|225:4040:02B0:0382:009C|226:4040:02A0:0387:009C|227:4040:0290:0356:00A0|228:4040:02A0:0386:008C|229:4040:0290:0388:0094
round3_castle,0xDD,2770,0x0002,0x0003,0x0000,0x01,0x003F,0x0000,0x0001,actor_2c8,8,0x10C4C8,0x01,0x96,0x00,0x00,0x08,0x00,0x00,0x00AA,0x02BB,0x033E,0x00,0x40,0x00,220,19,220:4040:028B:026B:00A9|221:4040:029B:026C:00A9|222:4040:02C3:0385:00A9|223:4040:02B3:0383:00A9|224:4040:02A3:0365:00A9|225:4040:02B3:0382:0099|226:4040:02A3:0387:0099|227:4040:0293:0356:009D|228:4040:02A3:0386:0089|229:4040:0293:0388:0091
round3_castle,0xDD,2772,0x0002,0x0003,0x0000,0x01,0x003F,0x0000,0x0001,actor_2c8,6,0x10C448,0x01,0x94,0x00,0x00,0x02,0x00,0x00,0x011C,0x0291,0x033E,0x00,0x40,0x00,200,10,200:4040:0261:026B:011D|201:4040:0271:026C:011D|202:4040:0299:0345:011D|203:4040:0289:0343:011D|204:4040:0279:0365:011D|205:4040:0299:0344:010D|206:4040:0289:0342:010D|207:4040:0279:0364:010D|208:4040:0269:0356:0112|209:4040:0279:0363:00FD
round3_castle,0xDD,2772,0x0002,0x0003,0x0000,0x01,0x003F,0x0000,0x0001,actor_2c8,8,0x10C4C8,0x01,0x96,0x00,0x00,0x08,0x00,0x00,0x00A7,0x02BE,0x033E,0x00,0x40,0x00,220,19,220:4040:028E:026B:00A6|221:4040:029E:026C:00A6|222:4040:02C6:0385:00A6|223:4040:02B6:0383:00A6|224:4040:02A6:0365:00A6|225:4040:02B6:0382:0096|226:4040:02A6:0387:0096|227:4040:0296:0356:009A|228:4040:02A6:0386:0086|229:4040:0296:0388:008E
round3_castle,0xDD,2774,0x0002,0x0003,0x0000,0x01,0x003F,0x0000,0x0001,actor_2c8,6,0x10C448,0x01,0x94,0x00,0x00,0x02,0x00,0x00,0x011A,0x0291,0x033E,0x00,0x40,0x00,200,10,200:4040:0261:026B:011B|201:4040:0271:026C:011B|202:4040:0299:0345:011B|203:4040:0289:0343:011B|204:4040:0279:0365:011B|205:4040:0299:0344:010B|206:4040:0289:0342:010B|207:4040:0279:0364:010B|208:4040:0269:0356:0110|209:4040:0279:0363:00FB
round3_castle,0xDD,2774,0x0002,0x0003,0x0000,0x01,0x003F,0x0000,0x0001,actor_2c8,8,0x10C4C8,0x01,0x96,0x00,0x00,0x08,0x00,0x00,0x00A5,0x02C1,0x033E,0x00,0x40,0x00,220,19,220:4040:0291:026B:00A4|221:4040:02A1:026C:00A4|222:4040:02C9:0385:00A4|223:4040:02B9:0383:00A4|224:4040:02A9:0365:00A4|225:4040:02B9:0382:0094|226:4040:02A9:0387:0094|227:4040:0299:0356:0098|228:4040:02A9:0386:0084|229:4040:0299:0388:008C
round3_castle,0xDD,2776,0x0002,0x0003,0x0000,0x01,0x003F,0x0000,0x0001,actor_2c8,6,0x10C448,0x01,0x94,0x00,0x00,0x02,0x00,0x00,0x0118,0x0291,0x033E,0x00,0x40,0x00,200,10,200:4040:0261:026B:0119|201:4040:0271:026C:0119|202:4040:0299:0345:0119|203:4040:0289:0343:0119|204:4040:0279:0365:0119|205:4040:0299:0344:0109|206:4040:0289:0342:0109|207:4040:0279:0364:0109|208:4040:0269:0356:010E|209:4040:0279:0363:00F9
round3_castle,0xDD,2776,0x0002,0x0003,0x0000,0x01,0x003F,0x0000,0x0001,actor_2c8,8,0x10C4C8,0x01,0x96,0x00,0x00,0x08,0x00,0x00,0x00A3,0x02C4,0x033E,0x00,0x40,0x00,220,19,220:4040:0294:026B:00A2|221:4040:02A4:026C:00A2|222:4040:02CC:0385:00A2|223:4040:02BC:0383:00A2|224:4040:02AC:0365:00A2|225:4040:02BC:0382:0092|226:4040:02AC:0387:0092|227:4040:029C:0356:0096|228:4040:02AC:0386:0082|229:4040:029C:0388:008A
round3_castle,0xDD,2778,0x0002,0x0003,0x0000,0x01,0x003F,0x0000,0x0001,actor_2c8,6,0x10C448,0x01,0x94,0x00,0x00,0x02,0x00,0x00,0x0118,0x0291,0x033E,0x00,0x40,0x00,200,10,200:4040:0261:026B:0117|201:4040:0271:026C:0117|202:4040:0299:0345:0117|203:4040:0289:0343:0117|204:4040:0279:0365:0117|205:4040:0299:0344:0107|206:4040:0289:0342:0107|207:4040:0279:0364:0107|208:4040:0269:0356:010C|209:4040:0279:0363:00F7
round3_castle,0xDD,2778,0x0002,0x0003,0x0000,0x01,0x003F,0x0000,0x0001,actor_2c8,8,0x10C4C8,0x01,0x94,0x00,0x00,0x08,0x00,0x00,0x00A2,0x02C7,0x033E,0x00,0x40,0x00,220,19,220:4040:0297:026B:00A1|221:4040:02A7:026C:00A1|222:4040:02CF:0345:00A1|223:4040:02BF:0343:00A1|224:4040:02AF:0365:00A1|225:4040:02CF:0344:0091|226:4040:02BF:0342:0091|227:4040:02AF:0364:0091|228:4040:029F:0356:0096|229:4040:02AF:0363:0081
round3_castle,0xDD,2780,0x0002,0x0003,0x0000,0x01,0x003F,0x0000,0x0001,actor_2c8,6,0x10C448,0x01,0x93,0x00,0x00,0x02,0x00,0x00,0x0116,0x0291,0x033E,0x00,0x40,0x00,200,10,200:4040:0261:026B:0115|201:4040:0271:026C:0115|202:4040:0299:0341:0115|203:4040:0289:033F:0115|204:4040:0279:0365:0115|205:4040:0299:0340:0105|206:4040:0289:033E:0105|207:4040:0279:0364:0105|208:4040:0269:0356:010A|209:4040:0279:0363:00F5
round3_castle,0xDD,2780,0x0002,0x0003,0x0000,0x01,0x003F,0x0000,0x0001,actor_2c8,8,0x10C4C8,0x01,0x94,0x00,0x00,0x08,0x00,0x00,0x00A1,0x02CA,0x033E,0x00,0x40,0x00,220,19,220:4040:029A:026B:00A0|221:4040:02AA:026C:00A0|222:4040:02D2:0345:00A0|223:4040:02C2:0343:00A0|224:4040:02B2:0365:00A0|225:4040:02D2:0344:0090|226:4040:02C2:0342:0090|227:4040:02B2:0364:0090|228:4040:02A2:0356:0095|229:4040:02B2:0363:0080
round3_castle,0xDD,2782,0x0002,0x0003,0x0000,0x01,0x003F,0x0000,0x0001,actor_2c8,6,0x10C448,0x01,0x93,0x00,0x00,0x02,0x00,0x00,0x0114,0x0291,0x033E,0x00,0x40,0x00,200,10,200:4040:0261:026B:0113|201:4040:0271:026C:0113|202:4040:0299:0341:0113|203:4040:0289:033F:0113|204:4040:0279:0365:0113|205:4040:0299:0340:0103|206:4040:0289:033E:0103|207:4040:0279:0364:0103|208:4040:0269:0356:0108|209:4040:0279:0363:00F3
round3_castle,0xDD,2782,0x0002,0x0003,0x0000,0x01,0x003F,0x0000,0x0001,actor_2c8,8,0x10C4C8,0x01,0x93,0x00,0x00,0x08,0x00,0x00,0x00A0,0x02CE,0x033E,0x00,0x40,0x00,220,19,220:4040:029E:026B:009F|221:4040:02AE:026C:009F|222:4040:02D6:0341:009F|223:4040:02C6:033F:009F|224:4040:02B6:0365:009F|225:4040:02D6:0340:008F|226:4040:02C6:033E:008F|227:4040:02B6:0364:008F|228:4040:02A6:0356:0094|229:4040:02B6:0363:007F
round3_castle,0xDD,2784,0x0002,0x0003,0x0000,0x01,0x003F,0x0000,0x0001,actor_2c8,6,0x10C448,0x01,0x93,0x00,0x00,0x02,0x00,0x00,0x0112,0x0291,0x033E,0x00,0x40,0x00,200,10,200:4040:0261:026B:0111|201:4040:0271:026C:0111|202:4040:0299:0341:0111|203:4040:0289:033F:0111|204:4040:0279:0365:0111|205:4040:0299:0340:0101|206:4040:0289:033E:0101|207:4040:0279:0364:0101|208:4040:0269:0356:0106|209:4040:0279:0363:00F1
round3_castle,0xDD,2784,0x0002,0x0003,0x0000,0x01,0x003F,0x0000,0x0001,actor_2c8,8,0x10C4C8,0x01,0x93,0x00,0x00,0x08,0x00,0x00,0x00A0,0x02D1,0x033E,0x00,0x40,0x00,220,19,220:4040:02A1:026B:009F|221:4040:02B1:026C:009F|222:4040:02D9:0341:009F|223:4040:02C9:033F:009F|224:4040:02B9:0365:009F|225:4040:02D9:0340:008F|226:4040:02C9:033E:008F|227:4040:02B9:0364:008F|228:4040:02A9:0356:0094|229:4040:02B9:0363:007F
round3_castle,0xDD,2786,0x0002,0x0003,0x0000,0x01,0x003F,0x0000,0x0001,actor_2c8,6,0x10C448,0x01,0x93,0x00,0x00,0x02,0x00,0x00,0x0110,0x0291,0x033E,0x00,0x40,0x00,200,10,200:4040:0261:026B:010F|201:4040:0271:026C:010F|202:4040:0299:0341:010F|203:4040:0289:033F:010F|204:4040:0279:0365:010F|205:4040:0299:0340:00FF|206:4040:0289:033E:00FF|207:4040:0279:0364:00FF|208:4040:0269:0356:0104|209:4040:0279:0363:00EF
round3_castle,0xDD,2788,0x0002,0x0003,0x0000,0x01,0x003F,0x0000,0x0001,actor_2c8,6,0x10C448,0x01,0x94,0x00,0x00,0x02,0x00,0x00,0x010E,0x0291,0x033E,0x00,0x40,0x00,200,10,200:4040:0261:026B:010F|201:4040:0271:026C:010F|202:4040:0299:0345:010F|203:4040:0289:0343:010F|204:4040:0279:0365:010F|205:4040:0299:0344:00FF|206:4040:0289:0342:00FF|207:4040:0279:0364:00FF|208:4040:0269:0356:0104|209:4040:0279:0363:00EF
round3_castle,0xDD,2788,0x0002,0x0003,0x0000,0x01,0x003F,0x0000,0x0001,actor_2c8,8,0x10C4C8,0x01,0x94,0x00,0x00,0x02,0x00,0x00,0x009C,0x02D1,0x033E,0x00,0x40,0x00,220,19,220:4040:02A1:026B:009D|221:4040:02B1:026C:009D|222:4040:02D9:0345:009D|223:4040:02C9:0343:009D|224:4040:02B9:0365:009D|225:4040:02D9:0344:008D|226:4040:02C9:0342:008D|227:4040:02B9:0364:008D|228:4040:02A9:0356:0092|229:4040:02B9:0363:007D
round3_castle,0xDD,2790,0x0002,0x0003,0x0000,0x01,0x003F,0x0000,0x0001,actor_2c8,6,0x10C448,0x01,0x94,0x00,0x00,0x02,0x00,0x00,0x010C,0x0291,0x033E,0x00,0x40,0x00,200,10,200:4040:0261:026B:010D|201:4040:0271:026C:010D|202:4040:0299:0345:010D|203:4040:0289:0343:010D|204:4040:0279:0365:010D|205:4040:0299:0344:00FD|206:4040:0289:0342:00FD|207:4040:0279:0364:00FD|208:4040:0269:0356:0102|209:4040:0279:0363:00ED
round3_castle,0xDD,2790,0x0002,0x0003,0x0000,0x01,0x003F,0x0000,0x0001,actor_2c8,8,0x10C4C8,0x01,0x94,0x00,0x00,0x02,0x00,0x00,0x009A,0x02D1,0x033E,0x00,0x40,0x00,220,19,220:4040:02A1:026B:009B|221:4040:02B1:026C:009B|222:4040:02D9:0345:009B|223:4040:02C9:0343:009B|224:4040:02B9:0365:009B|225:4040:02D9:0344:008B|226:4040:02C9:0342:008B|227:4040:02B9:0364:008B|228:4040:02A9:0356:0090|229:4040:02B9:0363:007B
round3_castle,0xDD,2792,0x0002,0x0003,0x0000,0x01,0x003F,0x0000,0x0001,actor_2c8,6,0x10C448,0x01,0x94,0x00,0x00,0x02,0x00,0x00,0x010A,0x0291,0x033E,0x00,0x40,0x00,200,10,200:4040:0261:026B:010B|201:4040:0271:026C:010B|202:4040:0299:0345:010B|203:4040:0289:0343:010B|204:4040:0279:0365:010B|205:4040:0299:0344:00FB|206:4040:0289:0342:00FB|207:4040:0279:0364:00FB|208:4040:0269:0356:0100|209:4040:0279:0363:00EB
round3_castle,0xDD,2792,0x0002,0x0003,0x0000,0x01,0x003F,0x0000,0x0001,actor_2c8,8,0x10C4C8,0x01,0x94,0x00,0x00,0x02,0x00,0x00,0x0098,0x02D1,0x033E,0x00,0x40,0x00,220,19,220:4040:02A1:026B:0099|221:4040:02B1:026C:0099|222:4040:02D9:0345:0099|223:4040:02C9:0343:0099|224:4040:02B9:0365:0099|225:4040:02D9:0344:0089|226:4040:02C9:0342:0089|227:4040:02B9:0364:0089|228:4040:02A9:0356:008E|229:4040:02B9:0363:0079
round3_castle,0xDD,2794,0x0002,0x0003,0x0000,0x01,0x003F,0x0000,0x0001,actor_2c8,6,0x10C448,0x01,0x94,0x00,0x00,0x02,0x00,0x00,0x0108,0x0291,0x033E,0x00,0x40,0x00,200,10,200:4040:0261:026B:0109|201:4040:0271:026C:0109|202:4040:0299:0345:0109|203:4040:0289:0343:0109|204:4040:0279:0365:0109|205:4040:0299:0344:00F9|206:4040:0289:0342:00F9|207:4040:0279:0364:00F9|208:4040:0269:0356:00FE|209:4040:0279:0363:00E9
round3_castle,0xDD,2794,0x0002,0x0003,0x0000,0x01,0x003F,0x0000,0x0001,actor_2c8,8,0x10C4C8,0x01,0x94,0x00,0x00,0x02,0x00,0x00,0x0098,0x02D1,0x033E,0x00,0x40,0x00,220,19,220:4040:02A1:026B:0097|221:4040:02B1:026C:0097|222:4040:02D9:0345:0097|223:4040:02C9:0343:0097|224:4040:02B9:0365:0097|225:4040:02D9:0344:0087|226:4040:02C9:0342:0087|227:4040:02B9:0364:0087|228:4040:02A9:0356:008C|229:4040:02B9:0363:0077
round3_castle,0xDD,2796,0x0002,0x0003,0x0000,0x01,0x003F,0x0000,0x0001,actor_2c8,6,0x10C448,0x01,0x95,0x00,0x00,0x02,0x00,0x00,0x0108,0x0291,0x033E,0x00,0x40,0x00,200,10,200:4040:0261:026B:0107|201:4040:0271:026C:0107|202:4040:0299:0349:0107|203:4040:0289:0347:0107|204:4040:0279:0365:0107|205:4040:0299:0348:00F7|206:4040:0289:0346:00F7|207:4040:0279:0364:00F7|208:4040:0269:0356:00FC|209:4040:0279:0363:00E7
round3_castle,0xDD,2796,0x0002,0x0003,0x0000,0x01,0x003F,0x0000,0x0001,actor_2c8,8,0x10C4C8,0x01,0x95,0x00,0x00,0x02,0x00,0x00,0x0096,0x02D1,0x033E,0x00,0x40,0x00,220,19,220:4040:02A1:026B:0095|221:4040:02B1:026C:0095|222:4040:02D9:0349:0095|223:4040:02C9:0347:0095|224:4040:02B9:0365:0095|225:4040:02D9:0348:0085|226:4040:02C9:0346:0085|227:4040:02B9:0364:0085|228:4040:02A9:0356:008A|229:4040:02B9:0363:0075
round3_castle,0xDD,2798,0x0002,0x0003,0x0000,0x01,0x003F,0x0000,0x0001,actor_2c8,6,0x10C448,0x01,0x95,0x00,0x00,0x02,0x00,0x00,0x0106,0x0291,0x033E,0x00,0x40,0x00,200,10,200:4040:0261:026B:0105|201:4040:0271:026C:0105|202:4040:0299:0349:0105|203:4040:0289:0347:0105|204:4040:0279:0365:0105|205:4040:0299:0348:00F5|206:4040:0289:0346:00F5|207:4040:0279:0364:00F5|208:4040:0269:0356:00FA|209:4040:0279:0363:00E5
round3_castle,0xDD,2798,0x0002,0x0003,0x0000,0x01,0x003F,0x0000,0x0001,actor_2c8,8,0x10C4C8,0x01,0x95,0x00,0x00,0x02,0x00,0x00,0x0094,0x02D1,0x033E,0x00,0x40,0x00,220,19,220:4040:02A1:026B:0093|221:4040:02B1:026C:0093|222:4040:02D9:0349:0093|223:4040:02C9:0347:0093|224:4040:02B9:0365:0093|225:4040:02D9:0348:0083|226:4040:02C9:0346:0083|227:4040:02B9:0364:0083|228:4040:02A9:0356:0088|229:4040:02B9:0363:0073
round3_castle,0xDD,2800,0x0002,0x0003,0x0000,0x01,0x003F,0x0000,0x0001,actor_2c8,6,0x10C448,0x01,0x95,0x00,0x00,0x02,0x00,0x00,0x0104,0x0291,0x033E,0x00,0x40,0x00,200,10,200:4040:0261:026B:0103|201:4040:0271:026C:0103|202:4040:0299:0349:0103|203:4040:0289:0347:0103|204:4040:0279:0365:0103|205:4040:0299:0348:00F3|206:4040:0289:0346:00F3|207:4040:0279:0364:00F3|208:4040:0269:0356:00F8|209:4040:0279:0363:00E3
round3_castle,0xDD,2800,0x0002,0x0003,0x0000,0x01,0x003F,0x0000,0x0001,actor_2c8,8,0x10C4C8,0x01,0x95,0x00,0x00,0x02,0x00,0x00,0x0092,0x02D1,0x033E,0x00,0x40,0x00,220,19,220:4040:02A1:026B:0091|221:4040:02B1:026C:0091|222:4040:02D9:0349:0091|223:4040:02C9:0347:0091|224:4040:02B9:0365:0091|225:4040:02D9:0348:0081|226:4040:02C9:0346:0081|227:4040:02B9:0364:0081|228:4040:02A9:0356:0086|229:4040:02B9:0363:0071
round3_castle,0xDD,2802,0x0002,0x0003,0x0000,0x01,0x003F,0x0000,0x0001,actor_2c8,6,0x10C448,0x01,0x95,0x00,0x00,0x02,0x00,0x00,0x0102,0x0291,0x033E,0x00,0x40,0x00,200,10,200:4040:0261:026B:0101|201:4040:0271:026C:0101|202:4040:0299:0349:0101|203:4040:0289:0347:0101|204:4040:0279:0365:0101|205:4040:0299:0348:00F1|206:4040:0289:0346:00F1|207:4040:0279:0364:00F1|208:4040:0269:0356:00F6|209:4040:0279:0363:00E1
round3_castle,0xDD,2802,0x0002,0x0003,0x0000,0x01,0x003F,0x0000,0x0001,actor_2c8,8,0x10C4C8,0x01,0x95,0x00,0x00,0x02,0x00,0x00,0x0090,0x02D1,0x033E,0x00,0x40,0x00,220,19,220:4040:02A1:026B:008F|221:4040:02B1:026C:008F|222:4040:02D9:0349:008F|223:4040:02C9:0347:008F|224:4040:02B9:0365:008F|225:4040:02D9:0348:007F|226:4040:02C9:0346:007F|227:4040:02B9:0364:007F|228:4040:02A9:0356:0084|229:4040:02B9:0363:006F
round3_castle,0xDD,2804,0x0002,0x0003,0x0000,0x01,0x003F,0x0000,0x0001,actor_2c8,6,0x10C448,0x01,0x94,0x00,0x00,0x02,0x00,0x00,0x0100,0x0291,0x033E,0x00,0x40,0x00,200,10,200:4040:0261:026B:00FF|201:4040:0271:026C:00FF|202:4040:0299:0345:00FF|203:4040:0289:0343:00FF|204:4040:0279:0365:00FF|205:4040:0299:0344:00EF|206:4040:0289:0342:00EF|207:4040:0279:0364:00EF|208:4040:0269:0356:00F4|209:4040:0279:0363:00DF
round3_castle,0xDD,2804,0x0002,0x0003,0x0000,0x01,0x003F,0x0000,0x0001,actor_2c8,8,0x10C4C8,0x01,0x94,0x00,0x00,0x02,0x00,0x00,0x008E,0x02D1,0x033E,0x00,0x40,0x00,220,19,220:4040:02A1:026B:008F|221:4040:02B1:026C:008F|222:4040:02D9:0345:008F|223:4040:02C9:0343:008F|224:4040:02B9:0365:008F|225:4040:02D9:0344:007F|226:4040:02C9:0342:007F|227:4040:02B9:0364:007F|228:4040:02A9:0356:0084|229:4040:02B9:0363:006F
round3_castle,0xDD,2806,0x0002,0x0003,0x0000,0x01,0x003F,0x0000,0x0001,actor_2c8,6,0x10C448,0x01,0x96,0x00,0x00,0x08,0x00,0x00,0x00FD,0x0291,0x033E,0x00,0x40,0x00,200,10,200:4040:0261:026B:00FF|201:4040:0271:026C:00FF|202:4040:0299:0345:00FF|203:4040:0289:0343:00FF|204:4040:0279:0365:00FF|205:4040:0299:0344:00EF|206:4040:0289:0342:00EF|207:4040:0279:0364:00EF|208:4040:0269:0356:00F4|209:4040:0279:0363:00DF
round3_castle,0xDD,2806,0x0002,0x0003,0x0000,0x01,0x003F,0x0000,0x0001,actor_2c8,8,0x10C4C8,0x01,0x94,0x00,0x00,0x02,0x00,0x00,0x008C,0x02D1,0x033E,0x00,0x40,0x00,220,19,220:4040:02A1:026B:008D|221:4040:02B1:026C:008D|222:4040:02D9:0345:008D|223:4040:02C9:0343:008D|224:4040:02B9:0365:008D|225:4040:02D9:0344:007D|226:4040:02C9:0342:007D|227:4040:02B9:0364:007D|228:4040:02A9:0356:0082|229:4040:02B9:0363:006D
round3_castle,0xDD,2808,0x0002,0x0003,0x0000,0x01,0x003F,0x0000,0x0001,actor_2c8,6,0x10C448,0x01,0x96,0x00,0x00,0x08,0x00,0x00,0x00F9,0x0292,0x033E,0x00,0x40,0x00,200,10,200:4040:0261:026B:00FC|201:4040:0271:026C:00FC|202:4040:0299:0385:00FC|203:4040:0289:0383:00FC|204:4040:0279:0365:00FC|205:4040:0289:0382:00EC|206:4040:0279:0387:00EC|207:4040:0269:0356:00F0|208:4040:0279:0386:00DC|209:4040:0269:0388:00E4
round3_castle,0xDD,2808,0x0002,0x0003,0x0000,0x01,0x003F,0x0000,0x0001,actor_2c8,8,0x10C4C8,0x01,0x94,0x00,0x00,0x02,0x00,0x00,0x008A,0x02D1,0x033E,0x00,0x40,0x00,220,19,220:4040:02A1:026B:008B|221:4040:02B1:026C:008B|222:4040:02D9:0345:008B|223:4040:02C9:0343:008B|224:4040:02B9:0365:008B|225:4040:02D9:0344:007B|226:4040:02C9:0342:007B|227:4040:02B9:0364:007B|228:4040:02A9:0356:0080|229:4040:02B9:0363:006B
round3_castle,0xDD,2810,0x0002,0x0003,0x0000,0x01,0x003F,0x0000,0x0001,actor_2c8,6,0x10C448,0x01,0x96,0x00,0x00,0x08,0x00,0x00,0x00F6,0x0293,0x033E,0x00,0x40,0x00,200,10,200:4040:0262:026B:00F8|201:4040:0272:026C:00F8|202:4040:029A:0385:00F8|203:4040:028A:0383:00F8|204:4040:027A:0365:00F8|205:4040:028A:0382:00E8|206:4040:027A:0387:00E8|207:4040:026A:0356:00EC|208:4040:027A:0386:00D8|209:4040:026A:0388:00E0
round3_castle,0xDD,2810,0x0002,0x0003,0x0000,0x01,0x003F,0x0000,0x0001,actor_2c8,8,0x10C4C8,0x01,0x94,0x00,0x00,0x02,0x00,0x00,0x0088,0x02D1,0x033E,0x00,0x40,0x00,220,19,220:4040:02A1:026B:0089|221:4040:02B1:026C:0089|222:4040:02D9:0345:0089|223:4040:02C9:0343:0089|224:4040:02B9:0365:0089|225:4040:02D9:0344:0079|226:4040:02C9:0342:0079|227:4040:02B9:0364:0079|228:4040:02A9:0356:007E|229:4040:02B9:0363:0069
round3_castle,0xDD,2812,0x0002,0x0003,0x0000,0x01,0x003F,0x0000,0x0001,actor_2c8,6,0x10C448,0x01,0x96,0x00,0x00,0x08,0x00,0x00,0x00F3,0x0294,0x033E,0x00,0x40,0x00,200,10,200:4040:0263:026B:00F5|201:4040:0273:026C:00F5|202:4040:029B:0385:00F5|203:4040:028B:0383:00F5|204:4040:027B:0365:00F5|205:4040:028B:0382:00E5|206:4040:027B:0387:00E5|207:4040:026B:0356:00E9|208:4040:027B:0386:00D5|209:4040:026B:0388:00DD
round3_castle,0xDD,2812,0x0002,0x0003,0x0000,0x01,0x003F,0x0000,0x0001,actor_2c8,8,0x10C4C8,0x01,0x93,0x00,0x00,0x02,0x00,0x00,0x0088,0x02D1,0x033E,0x00,0x40,0x00,220,19,220:4040:02A1:026B:0087|221:4040:02B1:026C:0087|222:4040:02D9:0341:0087|223:4040:02C9:033F:0087|224:4040:02B9:0365:0087|225:4040:02D9:0340:0077|226:4040:02C9:033E:0077|227:4040:02B9:0364:0077|228:4040:02A9:0356:007C|229:4040:02B9:0363:0067
round3_castle,0xDD,2814,0x0002,0x0003,0x0000,0x01,0x003F,0x0000,0x0001,actor_2c8,6,0x10C448,0x01,0x96,0x00,0x00,0x08,0x00,0x00,0x00F0,0x0296,0x033E,0x00,0x40,0x00,200,10,200:4040:0264:026B:00F2|201:4040:0274:026C:00F2|202:4040:029C:0385:00F2|203:4040:028C:0383:00F2|204:4040:027C:0365:00F2|205:4040:028C:0382:00E2|206:4040:027C:0387:00E2|207:4040:026C:0356:00E6|208:4040:027C:0386:00D2|209:4040:026C:0388:00DA
round3_castle,0xDD,2814,0x0002,0x0003,0x0000,0x01,0x003F,0x0000,0x0001,actor_2c8,8,0x10C4C8,0x01,0x93,0x01,0x00,0x01,0x00,0x00,0x008A,0x02D1,0x033E,0x01,0x40,0x00,220,19,220:4040:02A1:026B:0089|221:4040:02B1:026C:0089|222:4040:02D9:0341:0089|223:4040:02C9:033F:0089|224:4040:02B9:0365:0089|225:4040:02D9:0340:0079|226:4040:02C9:033E:0079|227:4040:02B9:0364:0079|228:4040:02A9:0356:007E|229:4040:02B9:0363:0069
round3_castle,0xDD,2816,0x0002,0x0003,0x0000,0x01,0x003F,0x0000,0x0001,actor_2c8,6,0x10C448,0x01,0x96,0x00,0x00,0x08,0x00,0x00,0x00ED,0x0298,0x033E,0x00,0x40,0x00,200,10,200:4040:0266:026B:00EF|201:4040:0276:026C:00EF|202:4040:029E:0385:00EF|203:4040:028E:0383:00EF|204:4040:027E:0365:00EF|205:4040:028E:0382:00DF|206:4040:027E:0387:00DF|207:4040:026E:0356:00E3|208:4040:027E:0386:00CF|209:4040:026E:0388:00D7
round3_castle,0xDD,2816,0x0002,0x0003,0x0000,0x01,0x003F,0x0000,0x0001,actor_2c8,8,0x10C4C8,0x01,0x93,0x01,0x00,0x01,0x00,0x00,0x008C,0x02D1,0x033E,0x01,0x40,0x00,220,19,220:4040:02A1:026B:008B|221:4040:02B1:026C:008B|222:4040:02D9:0341:008B|223:4040:02C9:033F:008B|224:4040:02B9:0365:008B|225:4040:02D9:0340:007B|226:4040:02C9:033E:007B|227:4040:02B9:0364:007B|228:4040:02A9:0356:0080|229:4040:02B9:0363:006B
round3_castle,0xDD,2818,0x0002,0x0003,0x0000,0x01,0x003F,0x0000,0x0001,actor_2c8,6,0x10C448,0x01,0x96,0x00,0x00,0x08,0x00,0x00,0x00EA,0x029B,0x033E,0x00,0x40,0x00,200,10,200:4040:0268:026B:00EC|201:4040:0278:026C:00EC|202:4040:02A0:0385:00EC|203:4040:0290:0383:00EC|204:4040:0280:0365:00EC|205:4040:0290:0382:00DC|206:4040:0280:0387:00DC|207:4040:0270:0356:00E0|208:4040:0280:0386:00CC|209:4040:0270:0388:00D4
round3_castle,0xDD,2818,0x0002,0x0003,0x0000,0x01,0x003F,0x0000,0x0001,actor_2c8,8,0x10C4C8,0x01,0x93,0x01,0x00,0x01,0x00,0x00,0x008E,0x02D1,0x033E,0x01,0x40,0x00,220,19,220:4040:02A1:026B:008D|221:4040:02B1:026C:008D|222:4040:02D9:0341:008D|223:4040:02C9:033F:008D|224:4040:02B9:0365:008D|225:4040:02D9:0340:007D|226:4040:02C9:033E:007D|227:4040:02B9:0364:007D|228:4040:02A9:0356:0082|229:4040:02B9:0363:006D
round3_castle,0xDD,2820,0x0002,0x0003,0x0000,0x01,0x003F,0x0000,0x0001,actor_2c8,6,0x10C448,0x01,0x96,0x00,0x00,0x08,0x00,0x00,0x00E7,0x029E,0x033E,0x00,0x40,0x00,200,10,200:4040:026B:026B:00E9|201:4040:027B:026C:00E9|202:4040:02A3:0385:00E9|203:4040:0293:0383:00E9|204:4040:0283:0365:00E9|205:4040:0293:0382:00D9|206:4040:0283:0387:00D9|207:4040:0273:0356:00DD|208:4040:0283:0386:00C9|209:4040:0273:0388:00D1
round3_castle,0xDD,2822,0x0002,0x0003,0x0000,0x01,0x003F,0x0000,0x0001,actor_2c8,6,0x10C448,0x01,0x96,0x00,0x00,0x08,0x00,0x00,0x00E5,0x02A1,0x033E,0x00,0x40,0x00,200,10,200:4040:026E:026B:00E6|201:4040:027E:026C:00E6|202:4040:02A6:0385:00E6|203:4040:0296:0383:00E6|204:4040:0286:0365:00E6|205:4040:0296:0382:00D6|206:4040:0286:0387:00D6|207:4040:0276:0356:00DA|208:4040:0286:0386:00C6|209:4040:0276:0388:00CE
round3_castle,0xDD,2824,0x0002,0x0003,0x0000,0x01,0x003F,0x0000,0x0001,actor_2c8,6,0x10C448,0x01,0x96,0x00,0x00,0x08,0x00,0x00,0x00E3,0x02A4,0x033E,0x00,0x40,0x00,200,10,200:4040:0271:026B:00E4|201:4040:0281:026C:00E4|202:4040:02A9:0385:00E4|203:4040:0299:0383:00E4|204:4040:0289:0365:00E4|205:4040:0299:0382:00D4|206:4040:0289:0387:00D4|207:4040:0279:0356:00D8|208:4040:0289:0386:00C4|209:4040:0279:0388:00CC
round3_castle,0xDD,2824,0x0002,0x0003,0x0000,0x01,0x003F,0x0000,0x0001,actor_2c8,8,0x10C4C8,0x01,0x94,0x01,0x00,0x01,0x00,0x00,0x0094,0x02D1,0x033E,0x01,0x40,0x00,220,19,220:4040:02A1:026B:0091|221:4040:02B1:026C:0091|222:4040:02D9:0345:0091|223:4040:02C9:0343:0091|224:4040:02B9:0365:0091|225:4040:02D9:0344:0081|226:4040:02C9:0342:0081|227:4040:02B9:0364:0081|228:4040:02A9:0356:0086|229:4040:02B9:0363:0071
round3_castle,0xDD,2826,0x0002,0x0003,0x0000,0x01,0x003F,0x0000,0x0001,actor_2c8,6,0x10C448,0x01,0x94,0x00,0x00,0x08,0x00,0x00,0x00E2,0x02A7,0x033E,0x00,0x40,0x00,200,10,200:4040:0274:026B:00E2|201:4040:0284:026C:00E2|202:4040:02AC:0385:00E2|203:4040:029C:0383:00E2|204:4040:028C:0365:00E2|205:4040:029C:0382:00D2|206:4040:028C:0387:00D2|207:4040:027C:0356:00D6|208:4040:028C:0386:00C2|209:4040:027C:0388:00CA
round3_castle,0xDD,2826,0x0002,0x0003,0x0000,0x01,0x003F,0x0000,0x0001,actor_2c8,8,0x10C4C8,0x01,0x94,0x01,0x00,0x01,0x00,0x00,0x0096,0x02D1,0x033E,0x01,0x40,0x00,220,19,220:4040:02A1:026B:0093|221:4040:02B1:026C:0093|222:4040:02D9:0345:0093|223:4040:02C9:0343:0093|224:4040:02B9:0365:0093|225:4040:02D9:0344:0083|226:4040:02C9:0342:0083|227:4040:02B9:0364:0083|228:4040:02A9:0356:0088|229:4040:02B9:0363:0073
round3_castle,0xDD,2828,0x0002,0x0003,0x0000,0x01,0x003F,0x0000,0x0001,actor_2c8,6,0x10C448,0x01,0x94,0x00,0x00,0x08,0x00,0x00,0x00E1,0x02AA,0x033E,0x00,0x40,0x00,200,10,200:4040:0277:026B:00E1|201:4040:0287:026C:00E1|202:4040:02AF:0345:00E1|203:4040:029F:0343:00E1|204:4040:028F:0365:00E1|205:4040:02AF:0344:00D1|206:4040:029F:0342:00D1|207:4040:028F:0364:00D1|208:4040:027F:0356:00D6|209:4040:028F:0363:00C1
round3_castle,0xDD,2830,0x0002,0x0003,0x0000,0x01,0x003F,0x0000,0x0001,actor_2c8,6,0x10C448,0x01,0x93,0x00,0x00,0x08,0x00,0x00,0x00E0,0x02AE,0x033E,0x00,0x40,0x00,200,10,200:4040:027A:026B:00E0|201:4040:028A:026C:00E0|202:4040:02B2:0345:00E0|203:4040:02A2:0343:00E0|204:4040:0292:0365:00E0|205:4040:02B2:0344:00D0|206:4040:02A2:0342:00D0|207:4040:0292:0364:00D0|208:4040:0282:0356:00D5|209:4040:0292:0363:00C0
round3_castle,0xDD,2830,0x0002,0x0003,0x0000,0x01,0x003F,0x0000,0x0001,actor_2c8,8,0x10C4C8,0x01,0x95,0x01,0x00,0x01,0x00,0x00,0x0098,0x02D1,0x033E,0x01,0x40,0x00,220,19,220:4040:02A1:026B:0097|221:4040:02B1:026C:0097|222:4040:02D9:0349:0097|223:4040:02C9:0347:0097|224:4040:02B9:0365:0097|225:4040:02D9:0348:0087|226:4040:02C9:0346:0087|227:4040:02B9:0364:0087|228:4040:02A9:0356:008C|229:4040:02B9:0363:0077
round3_castle,0xDD,2832,0x0002,0x0003,0x0000,0x01,0x003F,0x0000,0x0001,actor_2c8,6,0x10C448,0x01,0x93,0x00,0x00,0x08,0x00,0x00,0x00E0,0x02B1,0x033E,0x00,0x40,0x00,200,10,200:4040:027E:026B:00DF|201:4040:028E:026C:00DF|202:4040:02B6:0341:00DF|203:4040:02A6:033F:00DF|204:4040:0296:0365:00DF|205:4040:02B6:0340:00CF|206:4040:02A6:033E:00CF|207:4040:0296:0364:00CF|208:4040:0286:0356:00D4|209:4040:0296:0363:00BF
round3_castle,0xDD,2832,0x0002,0x0003,0x0000,0x01,0x003F,0x0000,0x0001,actor_2c8,8,0x10C4C8,0x01,0x96,0x01,0x00,0x05,0x00,0x00,0x0098,0x02CE,0x033E,0x00,0x40,0x00,220,19,220:0040:029E:026B:0088|221:0040:02AE:026C:0088|222:0040:02D6:0385:0088|223:0040:02C6:0383:0088|224:0040:02B6:0365:0088|225:0040:02C6:0382:0098|226:0040:02B6:0387:0098|227:0040:02A6:0356:0094|228:0040:02B6:0386:00A8|229:0040:02A6:0388:00A0
round3_castle,0xDD,2834,0x0002,0x0003,0x0000,0x01,0x003F,0x0000,0x0001,actor_2c8,6,0x10C448,0x01,0x93,0x00,0x00,0x08,0x00,0x00,0x00E0,0x02B1,0x033E,0x00,0x40,0x00,200,10,200:4040:0281:026B:00DF|201:4040:0291:026C:00DF|202:4040:02B9:0341:00DF|203:4040:02A9:033F:00DF|204:4040:0299:0365:00DF|205:4040:02B9:0340:00CF|206:4040:02A9:033E:00CF|207:4040:0299:0364:00CF|208:4040:0289:0356:00D4|209:4040:0299:0363:00BF
round3_castle,0xDD,2834,0x0002,0x0003,0x0000,0x01,0x003F,0x0000,0x0001,actor_2c8,8,0x10C4C8,0x01,0x96,0x01,0x00,0x05,0x00,0x00,0x0099,0x02CA,0x033E,0x00,0x40,0x00,220,19,220:0040:029A:026B:0089|221:0040:02AA:026C:0089|222:0040:02D2:0385:0089|223:0040:02C2:0383:0089|224:0040:02B2:0365:0089|225:0040:02C2:0382:0099|226:0040:02B2:0387:0099|227:0040:02A2:0356:0095|228:0040:02B2:0386:00A9|229:0040:02A2:0388:00A1
round3_castle,0xDD,2836,0x0002,0x0003,0x0000,0x01,0x003F,0x0000,0x0001,actor_2c8,6,0x10C448,0x01,0x94,0x00,0x00,0x02,0x00,0x00,0x00DE,0x02B1,0x033E,0x00,0x40,0x00,200,10,200:4040:0281:026B:00DD|201:4040:0291:026C:00DD|202:4040:02B9:0345:00DD|203:4040:02A9:0343:00DD|204:4040:0299:0365:00DD|205:4040:02B9:0344:00CD|206:4040:02A9:0342:00CD|207:4040:0299:0364:00CD|208:4040:0289:0356:00D2|209:4040:0299:0363:00BD
round3_castle,0xDD,2836,0x0002,0x0003,0x0000,0x01,0x003F,0x0000,0x0001,actor_2c8,8,0x10C4C8,0x01,0x96,0x01,0x00,0x05,0x00,0x00,0x009A,0x02C7,0x033E,0x00,0x40,0x00,220,19,220:0040:0297:026B:008A|221:0040:02A7:026C:008A|222:0040:02CF:0385:008A|223:0040:02BF:0383:008A|224:0040:02AF:0365:008A|225:0040:02BF:0382:009A|226:0040:02AF:0387:009A|227:0040:029F:0356:0096|228:0040:02AF:0386:00AA|229:0040:029F:0388:00A2
round3_castle,0xDD,2838,0x0002,0x0003,0x0000,0x01,0x003F,0x0000,0x0001,actor_2c8,6,0x10C448,0x01,0x94,0x00,0x00,0x02,0x00,0x00,0x00DC,0x02B1,0x033E,0x00,0x40,0x00,200,10,200:4040:0281:026B:00DB|201:4040:0291:026C:00DB|202:4040:02B9:0345:00DB|203:4040:02A9:0343:00DB|204:4040:0299:0365:00DB|205:4040:02B9:0344:00CB|206:4040:02A9:0342:00CB|207:4040:0299:0364:00CB|208:4040:0289:0356:00D0|209:4040:0299:0363:00BB
round3_castle,0xDD,2838,0x0002,0x0003,0x0000,0x01,0x003F,0x0000,0x0001,actor_2c8,8,0x10C4C8,0x01,0x96,0x01,0x00,0x05,0x00,0x00,0x009B,0x02C4,0x033E,0x00,0x40,0x00,220,19,220:0040:0294:026B:008B|221:0040:02A4:026C:008B|222:0040:02CC:0385:008B|223:0040:02BC:0383:008B|224:0040:02AC:0365:008B|225:0040:02BC:0382:009B|226:0040:02AC:0387:009B|227:0040:029C:0356:0097|228:0040:02AC:0386:00AB|229:0040:029C:0388:00A3
round3_castle,0xDD,2840,0x0002,0x0003,0x0000,0x01,0x003F,0x0000,0x0001,actor_2c8,6,0x10C448,0x01,0x94,0x00,0x00,0x02,0x00,0x00,0x00DA,0x02B1,0x033E,0x00,0x40,0x00,200,10,200:4040:0281:026B:00D9|201:4040:0291:026C:00D9|202:4040:02B9:0345:00D9|203:4040:02A9:0343:00D9|204:4040:0299:0365:00D9|205:4040:02B9:0344:00C9|206:4040:02A9:0342:00C9|207:4040:0299:0364:00C9|208:4040:0289:0356:00CE|209:4040:0299:0363:00B9
round3_castle,0xDD,2840,0x0002,0x0003,0x0000,0x01,0x003F,0x0000,0x0001,actor_2c8,8,0x10C4C8,0x01,0x96,0x01,0x00,0x05,0x00,0x00,0x009D,0x02C1,0x033E,0x00,0x40,0x00,220,19,220:0040:0291:026B:008D|221:0040:02A1:026C:008D|222:0040:02C9:0385:008D|223:0040:02B9:0383:008D|224:0040:02A9:0365:008D|225:0040:02B9:0382:009D|226:0040:02A9:0387:009D|227:0040:0299:0356:0099|228:0040:02A9:0386:00AD|229:0040:0299:0388:00A5
round3_castle,0xDD,2842,0x0002,0x0003,0x0000,0x01,0x003F,0x0000,0x0001,actor_2c8,6,0x10C448,0x01,0x94,0x00,0x00,0x02,0x00,0x00,0x00D8,0x02B1,0x033E,0x00,0x40,0x00,200,10,200:4040:0281:026B:00D7|201:4040:0291:026C:00D7|202:4040:02B9:0345:00D7|203:4040:02A9:0343:00D7|204:4040:0299:0365:00D7|205:4040:02B9:0344:00C7|206:4040:02A9:0342:00C7|207:4040:0299:0364:00C7|208:4040:0289:0356:00CC|209:4040:0299:0363:00B7
round3_castle,0xDD,2842,0x0002,0x0003,0x0000,0x01,0x003F,0x0000,0x0001,actor_2c8,8,0x10C4C8,0x01,0x96,0x01,0x00,0x05,0x00,0x00,0x009F,0x02BE,0x033E,0x00,0x40,0x00,220,19,220:0040:028E:026B:008F|221:0040:029E:026C:008F|222:0040:02C6:0385:008F|223:0040:02B6:0383:008F|224:0040:02A6:0365:008F|225:0040:02B6:0382:009F|226:0040:02A6:0387:009F|227:0040:0296:0356:009B|228:0040:02A6:0386:00AF|229:0040:0296:0388:00A7
round3_castle,0xDD,2844,0x0002,0x0003,0x0000,0x01,0x003F,0x0000,0x0001,actor_2c8,6,0x10C448,0x01,0x93,0x00,0x00,0x02,0x00,0x00,0x00D6,0x02B1,0x033E,0x00,0x40,0x00,200,10,200:4040:0281:026B:00D7|201:4040:0291:026C:00D7|202:4040:02B9:0341:00D7|203:4040:02A9:033F:00D7|204:4040:0299:0365:00D7|205:4040:02B9:0340:00C7|206:4040:02A9:033E:00C7|207:4040:0299:0364:00C7|208:4040:0289:0356:00CC|209:4040:0299:0363:00B7
round3_castle,0xDD,2844,0x0002,0x0003,0x0000,0x01,0x003F,0x0000,0x0001,actor_2c8,8,0x10C4C8,0x01,0x96,0x01,0x00,0x05,0x00,0x00,0x00A2,0x02BB,0x033E,0x00,0x40,0x00,220,19,220:0040:028B:026B:0092|221:0040:029B:026C:0092|222:0040:02C3:0385:0092|223:0040:02B3:0383:0092|224:0040:02A3:0365:0092|225:0040:02B3:0382:00A2|226:0040:02A3:0387:00A2|227:0040:0293:0356:009E|228:0040:02A3:0386:00B2|229:0040:0293:0388:00AA
round3_castle,0xDD,2846,0x0002,0x0003,0x0000,0x01,0x003F,0x0000,0x0001,actor_2c8,6,0x10C448,0x01,0x93,0x00,0x00,0x02,0x00,0x00,0x00D4,0x02B1,0x033E,0x00,0x40,0x00,200,10,200:4040:0281:026B:00D5|201:4040:0291:026C:00D5|202:4040:02B9:0341:00D5|203:4040:02A9:033F:00D5|204:4040:0299:0365:00D5|205:4040:02B9:0340:00C5|206:4040:02A9:033E:00C5|207:4040:0299:0364:00C5|208:4040:0289:0356:00CA|209:4040:0299:0363:00B5
round3_castle,0xDD,2846,0x0002,0x0003,0x0000,0x01,0x003F,0x0000,0x0001,actor_2c8,8,0x10C4C8,0x01,0x96,0x01,0x00,0x05,0x00,0x00,0x00A5,0x02B8,0x033E,0x00,0x40,0x00,220,19,220:0040:0288:026B:0095|221:0040:0298:026C:0095|222:0040:02C0:0385:0095|223:0040:02B0:0383:0095|224:0040:02A0:0365:0095|225:0040:02B0:0382:00A5|226:0040:02A0:0387:00A5|227:0040:0290:0356:00A1|228:0040:02A0:0386:00B5|229:0040:0290:0388:00AD
round3_castle,0xDD,2848,0x0002,0x0003,0x0000,0x01,0x003F,0x0000,0x0001,actor_2c8,4,0x10C3C8,0x01,0x93,0x00,0x00,0x02,0x00,0x00,0x013E,0x0291,0x033E,0x00,0x40,0x04,180,10,
round3_castle,0xDD,2848,0x0002,0x0003,0x0000,0x01,0x003F,0x0000,0x0001,actor_2c8,6,0x10C448,0x01,0x93,0x00,0x00,0x02,0x00,0x00,0x00D2,0x02B1,0x033E,0x00,0x40,0x00,200,10,200:4040:0281:026B:00D3|201:4040:0291:026C:00D3|202:4040:02B9:0341:00D3|203:4040:02A9:033F:00D3|204:4040:0299:0365:00D3|205:4040:02B9:0340:00C3|206:4040:02A9:033E:00C3|207:4040:0299:0364:00C3|208:4040:0289:0356:00C8|209:4040:0299:0363:00B3
round3_castle,0xDD,2848,0x0002,0x0003,0x0000,0x01,0x003F,0x0000,0x0001,actor_2c8,8,0x10C4C8,0x01,0x96,0x01,0x00,0x05,0x00,0x00,0x00A8,0x02B6,0x033E,0x00,0x40,0x00,220,19,220:0040:0286:026B:0098|221:0040:0296:026C:0098|222:0040:02BE:0385:0098|223:0040:02AE:0383:0098|224:0040:029E:0365:0098|225:0040:02AE:0382:00A8|226:0040:029E:0387:00A8|227:0040:028E:0356:00A4|228:0040:029E:0386:00B8|229:0040:028E:0388:00B0
round3_castle,0xDD,2850,0x0002,0x0003,0x0000,0x01,0x003F,0x0000,0x0001,actor_2c8,4,0x10C3C8,0x01,0x93,0x00,0x00,0x02,0x00,0x00,0x013C,0x0291,0x033E,0x00,0x40,0x04,180,10,180:4040:0261:03A2:013D|181:4040:0271:03A3:013D|182:4040:0299:0341:013D|183:4040:0289:033F:013D|184:4040:0279:0365:013D|185:4040:0299:0340:012D|186:4040:0289:033E:012D|187:4040:0279:0364:012D|188:4040:0269:0356:0132|189:4040:0279:0363:011D
round3_castle,0xDD,2850,0x0002,0x0003,0x0000,0x01,0x003F,0x0000,0x0001,actor_2c8,6,0x10C448,0x01,0x93,0x00,0x00,0x02,0x00,0x00,0x00D0,0x02B1,0x033E,0x00,0x40,0x00,200,10,200:4040:0281:026B:00D1|201:4040:0291:026C:00D1|202:4040:02B9:0341:00D1|203:4040:02A9:033F:00D1|204:4040:0299:0365:00D1|205:4040:02B9:0340:00C1|206:4040:02A9:033E:00C1|207:4040:0299:0364:00C1|208:4040:0289:0356:00C6|209:4040:0299:0363:00B1
round3_castle,0xDD,2850,0x0002,0x0003,0x0000,0x01,0x003F,0x0000,0x0001,actor_2c8,8,0x10C4C8,0x01,0x96,0x01,0x00,0x05,0x00,0x00,0x00AB,0x02B4,0x033E,0x00,0x40,0x00,220,19,220:0040:0284:026B:009B|221:0040:0294:026C:009B|222:0040:02BC:0385:009B|223:0040:02AC:0383:009B|224:0040:029C:0365:009B|225:0040:02AC:0382:00AB|226:0040:029C:0387:00AB|227:0040:028C:0356:00A7|228:0040:029C:0386:00BB|229:0040:028C:0388:00B3
round3_castle,0xDD,2852,0x0002,0x0003,0x0000,0x01,0x003F,0x0000,0x0001,actor_2c8,4,0x10C3C8,0x01,0x94,0x00,0x00,0x02,0x00,0x00,0x013A,0x0291,0x033E,0x00,0x40,0x04,180,10,180:4040:0261:03A2:013B|181:4040:0271:03A3:013B|182:4040:0299:0345:013B|183:4040:0289:0343:013B|184:4040:0279:0365:013B|185:4040:0299:0344:012B|186:4040:0289:0342:012B|187:4040:0279:0364:012B|188:4040:0269:0356:0130|189:4040:0279:0363:011B
round3_castle,0xDD,2852,0x0002,0x0003,0x0000,0x01,0x003F,0x0000,0x0001,actor_2c8,6,0x10C448,0x01,0x94,0x00,0x00,0x02,0x00,0x00,0x00D0,0x02B1,0x033E,0x00,0x40,0x00,200,10,200:4040:0281:026B:00CF|201:4040:0291:026C:00CF|202:4040:02B9:0345:00CF|203:4040:02A9:0343:00CF|204:4040:0299:0365:00CF|205:4040:02B9:0344:00BF|206:4040:02A9:0342:00BF|207:4040:0299:0364:00BF|208:4040:0289:0356:00C4|209:4040:0299:0363:00AF
round3_castle,0xDD,2852,0x0002,0x0003,0x0000,0x01,0x003F,0x0000,0x0001,actor_2c8,8,0x10C4C8,0x01,0x94,0x01,0x00,0x05,0x00,0x00,0x00AE,0x02B3,0x033E,0x00,0x40,0x00,220,19,220:0040:0283:026B:009E|221:0040:0293:026C:009E|222:0040:02BB:0345:009E|223:0040:02AB:0343:009E|224:0040:029B:0365:009E|225:0040:02BB:0344:00AE|226:0040:02AB:0342:00AE|227:0040:029B:0364:00AE|228:0040:028B:0356:00A9|229:0040:029B:0363:00BE
round3_castle,0xDD,2854,0x0002,0x0003,0x0000,0x01,0x003F,0x0000,0x0001,actor_2c8,4,0x10C3C8,0x01,0x94,0x00,0x00,0x02,0x00,0x00,0x0138,0x0291,0x033E,0x00,0x40,0x04,180,10,180:4040:0261:03A2:0139|181:4040:0271:03A3:0139|182:4040:0299:0345:0139|183:4040:0289:0343:0139|184:4040:0279:0365:0139|185:4040:0299:0344:0129|186:4040:0289:0342:0129|187:4040:0279:0364:0129|188:4040:0269:0356:012E|189:4040:0279:0363:0119
round3_castle,0xDD,2854,0x0002,0x0003,0x0000,0x01,0x003F,0x0000,0x0001,actor_2c8,6,0x10C448,0x01,0x94,0x00,0x00,0x02,0x00,0x00,0x00CE,0x02B1,0x033E,0x00,0x40,0x00,200,10,200:4040:0281:026B:00CD|201:4040:0291:026C:00CD|202:4040:02B9:0345:00CD|203:4040:02A9:0343:00CD|204:4040:0299:0365:00CD|205:4040:02B9:0344:00BD|206:4040:02A9:0342:00BD|207:4040:0299:0364:00BD|208:4040:0289:0356:00C2|209:4040:0299:0363:00AD
round3_castle,0xDD,2854,0x0002,0x0003,0x0000,0x01,0x003F,0x0000,0x0001,actor_2c8,8,0x10C4C8,0x01,0x94,0x01,0x00,0x05,0x00,0x00,0x00B1,0x02B2,0x033E,0x00,0x40,0x00,220,19,220:0040:0282:026B:00A1|221:0040:0292:026C:00A1|222:0040:02BA:0345:00A1|223:0040:02AA:0343:00A1|224:0040:029A:0365:00A1|225:0040:02BA:0344:00B1|226:0040:02AA:0342:00B1|227:0040:029A:0364:00B1|228:0040:028A:0356:00AC|229:0040:029A:0363:00C1
round3_castle,0xDD,2856,0x0002,0x0003,0x0000,0x01,0x003F,0x0000,0x0001,actor_2c8,4,0x10C3C8,0x01,0x94,0x00,0x00,0x02,0x00,0x00,0x0138,0x0291,0x033E,0x00,0x40,0x04,180,10,180:4040:0261:03A2:0137|181:4040:0271:03A3:0137|182:4040:0299:0345:0137|183:4040:0289:0343:0137|184:4040:0279:0365:0137|185:4040:0299:0344:0127|186:4040:0289:0342:0127|187:4040:0279:0364:0127|188:4040:0269:0356:012C|189:4040:0279:0363:0117
round3_castle,0xDD,2856,0x0002,0x0003,0x0000,0x01,0x003F,0x0000,0x0001,actor_2c8,6,0x10C448,0x01,0x94,0x00,0x00,0x02,0x00,0x00,0x00CC,0x02B1,0x033E,0x00,0x40,0x00,200,10,200:4040:0281:026B:00CB|201:4040:0291:026C:00CB|202:4040:02B9:0345:00CB|203:4040:02A9:0343:00CB|204:4040:0299:0365:00CB|205:4040:02B9:0344:00BB|206:4040:02A9:0342:00BB|207:4040:0299:0364:00BB|208:4040:0289:0356:00C0|209:4040:0299:0363:00AB
round3_castle,0xDD,2856,0x0002,0x0003,0x0000,0x01,0x003F,0x0000,0x0001,actor_2c8,8,0x10C4C8,0x01,0x93,0x01,0x00,0x05,0x00,0x00,0x00B5,0x02B1,0x033E,0x00,0x40,0x00,220,19,220:0040:0281:026B:00A5|221:0040:0291:026C:00A5|222:0040:02B9:0341:00A5|223:0040:02A9:033F:00A5|224:0040:0299:0365:00A5|225:0040:02B9:0340:00B5|226:0040:02A9:033E:00B5|227:0040:0299:0364:00B5|228:0040:0289:0356:00B0|229:0040:0299:0363:00C5
round3_castle,0xDD,2858,0x0002,0x0003,0x0000,0x01,0x003F,0x0000,0x0001,actor_2c8,4,0x10C3C8,0x01,0x94,0x00,0x00,0x02,0x00,0x00,0x0136,0x0291,0x033E,0x00,0x40,0x04,180,10,180:4040:0261:03A2:0135|181:4040:0271:03A3:0135|182:4040:0299:0345:0135|183:4040:0289:0343:0135|184:4040:0279:0365:0135|185:4040:0299:0344:0125|186:4040:0289:0342:0125|187:4040:0279:0364:0125|188:4040:0269:0356:012A|189:4040:0279:0363:0115
round3_castle,0xDD,2858,0x0002,0x0003,0x0000,0x01,0x003F,0x0000,0x0001,actor_2c8,6,0x10C448,0x01,0x94,0x00,0x00,0x02,0x00,0x00,0x00CA,0x02B1,0x033E,0x00,0x40,0x00,200,10,200:4040:0281:026B:00C9|201:4040:0291:026C:00C9|202:4040:02B9:0345:00C9|203:4040:02A9:0343:00C9|204:4040:0299:0365:00C9|205:4040:02B9:0344:00B9|206:4040:02A9:0342:00B9|207:4040:0299:0364:00B9|208:4040:0289:0356:00BE|209:4040:0299:0363:00A9
round3_castle,0xDD,2858,0x0002,0x0003,0x0000,0x01,0x003F,0x0000,0x0001,actor_2c8,8,0x10C4C8,0x01,0x93,0x01,0x00,0x05,0x00,0x00,0x00B8,0x02B1,0x033E,0x00,0x40,0x00,220,19,220:0040:0281:026B:00A8|221:0040:0291:026C:00A8|222:0040:02B9:0341:00A8|223:0040:02A9:033F:00A8|224:0040:0299:0365:00A8|225:0040:02B9:0340:00B8|226:0040:02A9:033E:00B8|227:0040:0299:0364:00B8|228:0040:0289:0356:00B3|229:0040:0299:0363:00C8
round3_castle,0xDD,2860,0x0002,0x0003,0x0000,0x01,0x003F,0x0000,0x0001,actor_2c8,4,0x10C3C8,0x01,0x95,0x00,0x00,0x02,0x00,0x00,0x0134,0x0291,0x033E,0x00,0x40,0x04,180,10,180:4040:0261:03A2:0133|181:4040:0271:03A3:0133|182:4040:0299:0349:0133|183:4040:0289:0347:0133|184:4040:0279:0365:0133|185:4040:0299:0348:0123|186:4040:0289:0346:0123|187:4040:0279:0364:0123|188:4040:0269:0356:0128|189:4040:0279:0363:0113
round3_castle,0xDD,2860,0x0002,0x0003,0x0000,0x01,0x003F,0x0000,0x0001,actor_2c8,6,0x10C448,0x01,0x95,0x00,0x00,0x02,0x00,0x00,0x00C8,0x02B1,0x033E,0x00,0x40,0x00,200,10,200:4040:0281:026B:00C7|201:4040:0291:026C:00C7|202:4040:02B9:0349:00C7|203:4040:02A9:0347:00C7|204:4040:0299:0365:00C7|205:4040:02B9:0348:00B7|206:4040:02A9:0346:00B7|207:4040:0299:0364:00B7|208:4040:0289:0356:00BC|209:4040:0299:0363:00A7
round3_castle,0xDD,2860,0x0002,0x0003,0x0000,0x01,0x003F,0x0000,0x0001,actor_2c8,8,0x10C4C8,0x01,0x95,0x01,0x00,0x01,0x00,0x00,0x00BA,0x02B1,0x033E,0x01,0x40,0x00,220,19,220:0040:0281:026B:00A8|221:0040:0291:026C:00A8|222:0040:02B9:0341:00A8|223:0040:02A9:033F:00A8|224:0040:0299:0365:00A8|225:0040:02B9:0340:00B8|226:0040:02A9:033E:00B8|227:0040:0299:0364:00B8|228:0040:0289:0356:00B3|229:0040:0299:0363:00C8
round3_castle,0xDD,2862,0x0002,0x0003,0x0000,0x01,0x003F,0x0000,0x0001,actor_2c8,4,0x10C3C8,0x01,0x95,0x00,0x00,0x02,0x00,0x00,0x0132,0x0291,0x033E,0x00,0x40,0x04,180,10,180:4040:0261:03A2:0131|181:4040:0271:03A3:0131|182:4040:0299:0349:0131|183:4040:0289:0347:0131|184:4040:0279:0365:0131|185:4040:0299:0348:0121|186:4040:0289:0346:0121|187:4040:0279:0364:0121|188:4040:0269:0356:0126|189:4040:0279:0363:0111
round3_castle,0xDD,2862,0x0002,0x0003,0x0000,0x01,0x003F,0x0000,0x0001,actor_2c8,8,0x10C4C8,0x01,0x95,0x01,0x00,0x01,0x00,0x00,0x00BC,0x02B1,0x033E,0x01,0x40,0x00,220,19,220:4040:0281:026B:00B9|221:4040:0291:026C:00B9|222:4040:02B9:0349:00B9|223:4040:02A9:0347:00B9|224:4040:0299:0365:00B9|225:4040:02B9:0348:00A9|226:4040:02A9:0346:00A9|227:4040:0299:0364:00A9|228:4040:0289:0356:00AE|229:4040:0299:0363:0099
round3_castle,0xDD,2864,0x0002,0x0003,0x0000,0x01,0x003F,0x0000,0x0001,actor_2c8,4,0x10C3C8,0x01,0x95,0x00,0x00,0x02,0x00,0x00,0x0130,0x0291,0x033E,0x00,0x40,0x04,180,10,180:4040:0261:03A2:012F|181:4040:0271:03A3:012F|182:4040:0299:0349:012F|183:4040:0289:0347:012F|184:4040:0279:0365:012F|185:4040:0299:0348:011F|186:4040:0289:0346:011F|187:4040:0279:0364:011F|188:4040:0269:0356:0124|189:4040:0279:0363:010F
round3_castle,0xDD,2864,0x0002,0x0003,0x0000,0x01,0x003F,0x0000,0x0001,actor_2c8,6,0x10C448,0x01,0x95,0x00,0x00,0x02,0x00,0x00,0x00C4,0x02B1,0x033E,0x00,0x40,0x00,200,10,200:4040:0281:026B:00C5|201:4040:0291:026C:00C5|202:4040:02B9:0349:00C5|203:4040:02A9:0347:00C5|204:4040:0299:0365:00C5|205:4040:02B9:0348:00B5|206:4040:02A9:0346:00B5|207:4040:0299:0364:00B5|208:4040:0289:0356:00BA|209:4040:0299:0363:00A5
round3_castle,0xDD,2864,0x0002,0x0003,0x0000,0x01,0x003F,0x0000,0x0001,actor_2c8,8,0x10C4C8,0x01,0x95,0x01,0x00,0x01,0x00,0x00,0x00BE,0x02B1,0x033E,0x01,0x40,0x00,220,19,220:4040:0281:026B:00BB|221:4040:0291:026C:00BB|222:4040:02B9:0349:00BB|223:4040:02A9:0347:00BB|224:4040:0299:0365:00BB|225:4040:02B9:0348:00AB|226:4040:02A9:0346:00AB|227:4040:0299:0364:00AB|228:4040:0289:0356:00B0|229:4040:0299:0363:009B
round3_castle,0xDD,2866,0x0002,0x0003,0x0000,0x01,0x003F,0x0000,0x0001,actor_2c8,6,0x10C448,0x01,0x95,0x00,0x00,0x02,0x00,0x00,0x00C2,0x02B1,0x033E,0x00,0x40,0x00,200,10,200:4040:0281:026B:00C3|201:4040:0291:026C:00C3|202:4040:02B9:0349:00C3|203:4040:02A9:0347:00C3|204:4040:0299:0365:00C3|205:4040:02B9:0348:00B3|206:4040:02A9:0346:00B3|207:4040:0299:0364:00B3|208:4040:0289:0356:00B8|209:4040:0299:0363:00A3
round3_castle,0xDD,2866,0x0002,0x0003,0x0000,0x01,0x003F,0x0000,0x0001,actor_2c8,8,0x10C4C8,0x01,0x95,0x01,0x00,0x01,0x00,0x00,0x00C0,0x02B1,0x033E,0x01,0x40,0x00,220,19,220:4040:0281:026B:00BD|221:4040:0291:026C:00BD|222:4040:02B9:0349:00BD|223:4040:02A9:0347:00BD|224:4040:0299:0365:00BD|225:4040:02B9:0348:00AD|226:4040:02A9:0346:00AD|227:4040:0299:0364:00AD|228:4040:0289:0356:00B2|229:4040:0299:0363:009D
round3_castle,0xDD,2868,0x0002,0x0003,0x0000,0x01,0x003F,0x0000,0x0001,actor_2c8,4,0x10C3C8,0x01,0x94,0x00,0x00,0x02,0x00,0x00,0x012C,0x0291,0x033E,0x00,0x40,0x04,180,10,180:4040:0261:03A2:012D|181:4040:0271:03A3:012D|182:4040:0299:0345:012D|183:4040:0289:0343:012D|184:4040:0279:0365:012D|185:4040:0299:0344:011D|186:4040:0289:0342:011D|187:4040:0279:0364:011D|188:4040:0269:0356:0122|189:4040:0279:0363:010D
round3_castle,0xDD,2868,0x0002,0x0003,0x0000,0x01,0x003F,0x0000,0x0001,actor_2c8,6,0x10C448,0x01,0x94,0x00,0x00,0x02,0x00,0x00,0x00C0,0x02B1,0x033E,0x00,0x40,0x00,200,10,200:4040:0281:026B:00C1|201:4040:0291:026C:00C1|202:4040:02B9:0345:00C1|203:4040:02A9:0343:00C1|204:4040:0299:0365:00C1|205:4040:02B9:0344:00B1|206:4040:02A9:0342:00B1|207:4040:0299:0364:00B1|208:4040:0289:0356:00B6|209:4040:0299:0363:00A1
round3_castle,0xDD,2870,0x0002,0x0003,0x0000,0x01,0x003F,0x0000,0x0001,actor_2c8,4,0x10C3C8,0x01,0x94,0x00,0x00,0x02,0x00,0x00,0x012A,0x0291,0x033E,0x00,0x40,0x04,180,10,180:4040:0261:03A2:012B|181:4040:0271:03A3:012B|182:4040:0299:0345:012B|183:4040:0289:0343:012B|184:4040:0279:0365:012B|185:4040:0299:0344:011B|186:4040:0289:0342:011B|187:4040:0279:0364:011B|188:4040:0269:0356:0120|189:4040:0279:0363:010B
round3_castle,0xDD,2870,0x0002,0x0003,0x0000,0x01,0x003F,0x0000,0x0001,actor_2c8,6,0x10C448,0x01,0x94,0x00,0x00,0x02,0x00,0x00,0x00C0,0x02B1,0x033E,0x00,0x40,0x00,200,10,200:4040:0281:026B:00BF|201:4040:0291:026C:00BF|202:4040:02B9:0345:00BF|203:4040:02A9:0343:00BF|204:4040:0299:0365:00BF|205:4040:02B9:0344:00AF|206:4040:02A9:0342:00AF|207:4040:0299:0364:00AF|208:4040:0289:0356:00B4|209:4040:0299:0363:009F
round3_castle,0xDD,2872,0x0002,0x0003,0x0000,0x01,0x003F,0x0000,0x0001,actor_2c8,4,0x10C3C8,0x01,0x94,0x00,0x00,0x02,0x00,0x00,0x0128,0x0291,0x033E,0x00,0x40,0x04,180,10,180:4040:0261:03A2:0129|181:4040:0271:03A3:0129|182:4040:0299:0345:0129|183:4040:0289:0343:0129|184:4040:0279:0365:0129|185:4040:0299:0344:0119|186:4040:0289:0342:0119|187:4040:0279:0364:0119|188:4040:0269:0356:011E|189:4040:0279:0363:0109
round3_castle,0xDD,2872,0x0002,0x0003,0x0000,0x01,0x003F,0x0000,0x0001,actor_2c8,6,0x10C448,0x01,0x96,0x00,0x00,0x08,0x00,0x00,0x00BD,0x02B1,0x033E,0x00,0x40,0x00,200,10,200:4040:0281:026B:00BC|201:4040:0291:026C:00BC|202:4040:02B9:0385:00BC|203:4040:02A9:0383:00BC|204:4040:0299:0365:00BC|205:4040:02A9:0382:00AC|206:4040:0299:0387:00AC|207:4040:0289:0356:00B0|208:4040:0299:0386:009C|209:4040:0289:0388:00A4
round3_castle,0xDD,2874,0x0002,0x0003,0x0000,0x01,0x003F,0x0000,0x0001,actor_2c8,4,0x10C3C8,0x01,0x94,0x00,0x00,0x02,0x00,0x00,0x0128,0x0291,0x033E,0x00,0x40,0x04,180,10,180:4040:0261:03A2:0127|181:4040:0271:03A3:0127|182:4040:0299:0345:0127|183:4040:0289:0343:0127|184:4040:0279:0365:0127|185:4040:0299:0344:0117|186:4040:0289:0342:0117|187:4040:0279:0364:0117|188:4040:0269:0356:011C|189:4040:0279:0363:0107
round3_castle,0xDD,2874,0x0002,0x0003,0x0000,0x01,0x003F,0x0000,0x0001,actor_2c8,6,0x10C448,0x01,0x96,0x00,0x00,0x08,0x00,0x00,0x00B9,0x02B2,0x033E,0x00,0x40,0x00,200,10,200:4040:0282:026B:00B8|201:4040:0292:026C:00B8|202:4040:02BA:0385:00B8|203:4040:02AA:0383:00B8|204:4040:029A:0365:00B8|205:4040:02AA:0382:00A8|206:4040:029A:0387:00A8|207:4040:028A:0356:00AC|208:4040:029A:0386:0098|209:4040:028A:0388:00A0
round3_castle,0xDD,2876,0x0002,0x0003,0x0000,0x01,0x003F,0x0000,0x0001,actor_2c8,4,0x10C3C8,0x01,0x93,0x00,0x00,0x02,0x00,0x00,0x0126,0x0291,0x033E,0x00,0x40,0x04,180,10,180:4040:0261:03A2:0125|181:4040:0271:03A3:0125|182:4040:0299:0341:0125|183:4040:0289:033F:0125|184:4040:0279:0365:0125|185:4040:0299:0340:0115|186:4040:0289:033E:0115|187:4040:0279:0364:0115|188:4040:0269:0356:011A|189:4040:0279:0363:0105
round3_castle,0xDD,2876,0x0002,0x0003,0x0000,0x01,0x003F,0x0000,0x0001,actor_2c8,6,0x10C448,0x01,0x96,0x00,0x00,0x08,0x00,0x00,0x00B6,0x02B3,0x033E,0x00,0x40,0x00,200,10,200:4040:0283:026B:00B5|201:4040:0293:026C:00B5|202:4040:02BB:0385:00B5|203:4040:02AB:0383:00B5|204:4040:029B:0365:00B5|205:4040:02AB:0382:00A5|206:4040:029B:0387:00A5|207:4040:028B:0356:00A9|208:4040:029B:0386:0095|209:4040:028B:0388:009D
round3_castle,0xDD,2878,0x0002,0x0003,0x0000,0x01,0x003F,0x0000,0x0001,actor_2c8,4,0x10C3C8,0x01,0x93,0x00,0x00,0x02,0x00,0x00,0x0124,0x0291,0x033E,0x00,0x40,0x04,180,10,180:4040:0261:03A2:0123|181:4040:0271:03A3:0123|182:4040:0299:0341:0123|183:4040:0289:033F:0123|184:4040:0279:0365:0123|185:4040:0299:0340:0113|186:4040:0289:033E:0113|187:4040:0279:0364:0113|188:4040:0269:0356:0118|189:4040:0279:0363:0103
round3_castle,0xDD,2878,0x0002,0x0003,0x0000,0x01,0x003F,0x0000,0x0001,actor_2c8,6,0x10C448,0x01,0x96,0x00,0x00,0x08,0x00,0x00,0x00B3,0x02B4,0x033E,0x00,0x40,0x00,200,10,200:4040:0284:026B:00B2|201:4040:0294:026C:00B2|202:4040:02BC:0385:00B2|203:4040:02AC:0383:00B2|204:4040:029C:0365:00B2|205:4040:02AC:0382:00A2|206:4040:029C:0387:00A2|207:4040:028C:0356:00A6|208:4040:029C:0386:0092|209:4040:028C:0388:009A
round3_castle,0xDD,2880,0x0002,0x0003,0x0000,0x01,0x003F,0x0000,0x0001,actor_2c8,4,0x10C3C8,0x01,0x93,0x00,0x00,0x02,0x00,0x00,0x0122,0x0291,0x033E,0x00,0x40,0x04,180,10,180:4040:0261:03A2:0121|181:4040:0271:03A3:0121|182:4040:0299:0341:0121|183:4040:0289:033F:0121|184:4040:0279:0365:0121|185:4040:0299:0340:0111|186:4040:0289:033E:0111|187:4040:0279:0364:0111|188:4040:0269:0356:0116|189:4040:0279:0363:0101
round3_castle,0xDD,2880,0x0002,0x0003,0x0000,0x01,0x003F,0x0000,0x0001,actor_2c8,6,0x10C448,0x01,0x96,0x00,0x00,0x08,0x00,0x00,0x00B0,0x02B6,0x033E,0x00,0x40,0x00,200,10,200:4040:0286:026B:00AF|201:4040:0296:026C:00AF|202:4040:02BE:0385:00AF|203:4040:02AE:0383:00AF|204:4040:029E:0365:00AF|205:4040:02AE:0382:009F|206:4040:029E:0387:009F|207:4040:028E:0356:00A3|208:4040:029E:0386:008F|209:4040:028E:0388:0097
round3_castle,0xDD,2882,0x0002,0x0003,0x0000,0x01,0x003F,0x0000,0x0001,actor_2c8,4,0x10C3C8,0x01,0x93,0x00,0x00,0x02,0x00,0x00,0x011E,0x0291,0x033E,0x00,0x40,0x04,180,10,180:4040:0261:03A2:011E|181:4040:0271:03A3:011E|182:4040:0299:0341:011E|183:4040:0289:033F:011E|184:4040:0279:0365:011E|185:4040:0299:0340:010E|186:4040:0289:033E:010E|187:4040:0279:0364:010E|188:4040:0269:0356:0113|189:4040:0279:0363:00FE
round3_castle,0xDD,2882,0x0002,0x0003,0x0000,0x01,0x003F,0x0000,0x0001,actor_2c8,6,0x10C448,0x01,0x96,0x00,0x00,0x08,0x00,0x00,0x00AB,0x02B8,0x033E,0x00,0x40,0x00,200,10,200:4040:0288:026B:00AB|201:4040:0298:026C:00AB|202:4040:02C0:0385:00AB|203:4040:02B0:0383:00AB|204:4040:02A0:0365:00AB|205:4040:02B0:0382:009B|206:4040:02A0:0387:009B|207:4040:0290:0356:009F|208:4040:02A0:0386:008B|209:4040:0290:0388:0093
round3_castle,0xDD,2882,0x0002,0x0003,0x0000,0x01,0x003F,0x0000,0x0001,actor_2c8,8,0x10C4C8,0x01,0x96,0x00,0x00,0x08,0x00,0x00,0x00A8,0x02BB,0x033E,0x00,0x40,0x00,220,19,220:4040:028B:026B:00A8|221:4040:029B:026C:00A8|222:4040:02C3:0385:00A8|223:4040:02B3:0383:00A8|224:4040:02A3:0365:00A8|225:4040:02B3:0382:0098|226:4040:02A3:0387:0098|227:4040:0293:0356:009C|228:4040:02A3:0386:0088|229:4040:0293:0388:0090
round3_castle,0xDD,2884,0x0002,0x0003,0x0000,0x01,0x003F,0x0000,0x0001,actor_2c8,4,0x10C3C8,0x01,0x94,0x00,0x00,0x02,0x00,0x00,0x011A,0x0291,0x033E,0x00,0x40,0x04,180,10,180:4040:0261:03A2:011C|181:4040:0271:03A3:011C|182:4040:0299:0345:011C|183:4040:0289:0343:011C|184:4040:0279:0365:011C|185:4040:0299:0344:010C|186:4040:0289:0342:010C|187:4040:0279:0364:010C|188:4040:0269:0356:0111|189:4040:0279:0363:00FC
round3_castle,0xDD,2884,0x0002,0x0003,0x0000,0x01,0x003F,0x0000,0x0001,actor_2c8,6,0x10C448,0x01,0x96,0x00,0x00,0x08,0x00,0x00,0x00A6,0x02BB,0x033E,0x00,0x40,0x00,200,10,200:4040:028B:026B:00A6|201:4040:029B:026C:00A6|202:4040:02C3:0385:00A6|203:4040:02B3:0383:00A6|204:4040:02A3:0365:00A6|205:4040:02B3:0382:0096|206:4040:02A3:0387:0096|207:4040:0293:0356:009A|208:4040:02A3:0386:0086|209:4040:0293:0388:008E
round3_castle,0xDD,2884,0x0002,0x0003,0x0000,0x01,0x003F,0x0000,0x0001,actor_2c8,8,0x10C4C8,0x01,0x96,0x00,0x00,0x08,0x00,0x00,0x00A3,0x02BE,0x033E,0x00,0x40,0x00,220,19,220:4040:028E:026B:00A3|221:4040:029E:026C:00A3|222:4040:02C6:0385:00A3|223:4040:02B6:0383:00A3|224:4040:02A6:0365:00A3|225:4040:02B6:0382:0093|226:4040:02A6:0387:0093|227:4040:0296:0356:0097|228:4040:02A6:0386:0083|229:4040:0296:0388:008B
round3_castle,0xDD,2886,0x0002,0x0003,0x0000,0x01,0x003F,0x0000,0x0001,actor_2c8,4,0x10C3C8,0x01,0x94,0x00,0x00,0x02,0x00,0x00,0x0116,0x0291,0x033E,0x00,0x40,0x04,180,10,180:4040:0261:03A2:0118|181:4040:0271:03A3:0118|182:4040:0299:0345:0118|183:4040:0289:0343:0118|184:4040:0279:0365:0118|185:4040:0299:0344:0108|186:4040:0289:0342:0108|187:4040:0279:0364:0108|188:4040:0269:0356:010D|189:4040:0279:0363:00F8
round3_castle,0xDD,2886,0x0002,0x0003,0x0000,0x01,0x003F,0x0000,0x0001,actor_2c8,6,0x10C448,0x01,0x96,0x00,0x00,0x08,0x00,0x00,0x00A1,0x02BE,0x033E,0x00,0x40,0x00,200,10,200:4040:028E:026B:00A1|201:4040:029E:026C:00A1|202:4040:02C6:0385:00A1|203:4040:02B6:0383:00A1|204:4040:02A6:0365:00A1|205:4040:02B6:0382:0091|206:4040:02A6:0387:0091|207:4040:0296:0356:0095|208:4040:02A6:0386:0081|209:4040:0296:0388:0089
round3_castle,0xDD,2886,0x0002,0x0003,0x0000,0x01,0x003F,0x0000,0x0001,actor_2c8,8,0x10C4C8,0x01,0x96,0x00,0x00,0x08,0x00,0x00,0x009F,0x02C1,0x033E,0x00,0x40,0x00,220,19,220:4040:0291:026B:009F|221:4040:02A1:026C:009F|222:4040:02C9:0385:009F|223:4040:02B9:0383:009F|224:4040:02A9:0365:009F|225:4040:02B9:0382:008F|226:4040:02A9:0387:008F|227:4040:0299:0356:0093|228:4040:02A9:0386:007F|229:4040:0299:0388:0087
round3_castle,0xDD,2888,0x0002,0x0003,0x0000,0x01,0x003F,0x0000,0x0001,actor_2c8,4,0x10C3C8,0x01,0x94,0x00,0x00,0x02,0x00,0x00,0x0113,0x0291,0x033E,0x00,0x40,0x04,180,10,180:4040:0261:03A2:0114|181:4040:0271:03A3:0114|182:4040:0299:0345:0114|183:4040:0289:0343:0114|184:4040:0279:0365:0114|185:4040:0299:0344:0104|186:4040:0289:0342:0104|187:4040:0279:0364:0104|188:4040:0269:0356:0109|189:4040:0279:0363:00F4
round3_castle,0xDD,2888,0x0002,0x0003,0x0000,0x01,0x003F,0x0000,0x0001,actor_2c8,6,0x10C448,0x01,0x96,0x00,0x00,0x08,0x00,0x00,0x009E,0x02C1,0x033E,0x00,0x40,0x00,200,10,200:4040:0291:026B:009D|201:4040:02A1:026C:009D|202:4040:02C9:0385:009D|203:4040:02B9:0383:009D|204:4040:02A9:0365:009D|205:4040:02B9:0382:008D|206:4040:02A9:0387:008D|207:4040:0299:0356:0091|208:4040:02A9:0386:007D|209:4040:0299:0388:0085
round3_castle,0xDD,2888,0x0002,0x0003,0x0000,0x01,0x003F,0x0000,0x0001,actor_2c8,8,0x10C4C8,0x01,0x96,0x00,0x00,0x08,0x00,0x00,0x009C,0x02C4,0x033E,0x00,0x40,0x00,220,19,220:4040:0294:026B:009B|221:4040:02A4:026C:009B|222:4040:02CC:0385:009B|223:4040:02BC:0383:009B|224:4040:02AC:0365:009B|225:4040:02BC:0382:008B|226:4040:02AC:0387:008B|227:4040:029C:0356:008F|228:4040:02AC:0386:007B|229:4040:029C:0388:0083
round3_castle,0xDD,2890,0x0002,0x0003,0x0000,0x01,0x003F,0x0000,0x0001,actor_2c8,4,0x10C3C8,0x01,0x94,0x00,0x00,0x02,0x00,0x00,0x0111,0x0291,0x033E,0x00,0x40,0x04,180,10,180:4040:0261:03A2:0112|181:4040:0271:03A3:0112|182:4040:0299:0345:0112|183:4040:0289:0343:0112|184:4040:0279:0365:0112|185:4040:0299:0344:0102|186:4040:0289:0342:0102|187:4040:0279:0364:0102|188:4040:0269:0356:0107|189:4040:0279:0363:00F2
round3_castle,0xDD,2890,0x0002,0x0003,0x0000,0x01,0x003F,0x0000,0x0001,actor_2c8,6,0x10C448,0x01,0x96,0x00,0x00,0x08,0x00,0x00,0x009C,0x02C4,0x033E,0x00,0x40,0x00,200,10,200:4040:0294:026B:009B|201:4040:02A4:026C:009B|202:4040:02CC:0385:009B|203:4040:02BC:0383:009B|204:4040:02AC:0365:009B|205:4040:02BC:0382:008B|206:4040:02AC:0387:008B|207:4040:029C:0356:008F|208:4040:02AC:0386:007B|209:4040:029C:0388:0083
round3_castle,0xDD,2890,0x0002,0x0003,0x0000,0x01,0x003F,0x0000,0x0001,actor_2c8,8,0x10C4C8,0x01,0x94,0x00,0x00,0x08,0x00,0x00,0x009B,0x02C7,0x033E,0x00,0x40,0x00,220,19,220:4040:0297:026B:009A|221:4040:02A7:026C:009A|222:4040:02CF:0345:009A|223:4040:02BF:0343:009A|224:4040:02AF:0365:009A|225:4040:02CF:0344:008A|226:4040:02BF:0342:008A|227:4040:02AF:0364:008A|228:4040:029F:0356:008F|229:4040:02AF:0363:007A
round3_castle,0xDD,2892,0x0002,0x0003,0x0000,0x01,0x003F,0x0000,0x0001,actor_2c8,4,0x10C3C8,0x01,0x95,0x00,0x00,0x02,0x00,0x00,0x0111,0x0291,0x033E,0x00,0x40,0x04,180,10,180:4040:0261:03A2:0110|181:4040:0271:03A3:0110|182:4040:0299:0349:0110|183:4040:0289:0347:0110|184:4040:0279:0365:0110|185:4040:0299:0348:0100|186:4040:0289:0346:0100|187:4040:0279:0364:0100|188:4040:0269:0356:0105|189:4040:0279:0363:00F0
round3_castle,0xDD,2892,0x0002,0x0003,0x0000,0x01,0x003F,0x0000,0x0001,actor_2c8,6,0x10C448,0x01,0x94,0x00,0x00,0x08,0x00,0x00,0x009B,0x02C7,0x033E,0x00,0x40,0x00,200,10,200:4040:0297:026B:009A|201:4040:02A7:026C:009A|202:4040:02CF:0345:009A|203:4040:02BF:0343:009A|204:4040:02AF:0365:009A|205:4040:02CF:0344:008A|206:4040:02BF:0342:008A|207:4040:02AF:0364:008A|208:4040:029F:0356:008F|209:4040:02AF:0363:007A
round3_castle,0xDD,2892,0x0002,0x0003,0x0000,0x01,0x003F,0x0000,0x0001,actor_2c8,8,0x10C4C8,0x01,0x94,0x00,0x00,0x08,0x00,0x00,0x009A,0x02CA,0x033E,0x00,0x40,0x00,220,19,220:4040:029A:026B:0099|221:4040:02AA:026C:0099|222:4040:02D2:0345:0099|223:4040:02C2:0343:0099|224:4040:02B2:0365:0099|225:4040:02D2:0344:0089|226:4040:02C2:0342:0089|227:4040:02B2:0364:0089|228:4040:02A2:0356:008E|229:4040:02B2:0363:0079
round3_castle,0xDD,2894,0x0002,0x0003,0x0000,0x01,0x003F,0x0000,0x0001,actor_2c8,4,0x10C3C8,0x01,0x95,0x00,0x00,0x02,0x00,0x00,0x010F,0x0291,0x033E,0x00,0x40,0x04,180,10,180:4040:0261:03A2:010E|181:4040:0271:03A3:010E|182:4040:0299:0349:010E|183:4040:0289:0347:010E|184:4040:0279:0365:010E|185:4040:0299:0348:00FE|186:4040:0289:0346:00FE|187:4040:0279:0364:00FE|188:4040:0269:0356:0103|189:4040:0279:0363:00EE
round3_castle,0xDD,2894,0x0002,0x0003,0x0000,0x01,0x003F,0x0000,0x0001,actor_2c8,6,0x10C448,0x01,0x94,0x00,0x00,0x08,0x00,0x00,0x009A,0x02CA,0x033E,0x00,0x40,0x00,200,10,200:4040:029A:026B:0099|201:4040:02AA:026C:0099|202:4040:02D2:0345:0099|203:4040:02C2:0343:0099|204:4040:02B2:0365:0099|205:4040:02D2:0344:0089|206:4040:02C2:0342:0089|207:4040:02B2:0364:0089|208:4040:02A2:0356:008E|209:4040:02B2:0363:0079
round3_castle,0xDD,2894,0x0002,0x0003,0x0000,0x01,0x003F,0x0000,0x0001,actor_2c8,8,0x10C4C8,0x01,0x93,0x00,0x00,0x08,0x00,0x00,0x0099,0x02CE,0x033E,0x00,0x40,0x00,220,19,220:4040:029E:026B:0098|221:4040:02AE:026C:0098|222:4040:02D6:0341:0098|223:4040:02C6:033F:0098|224:4040:02B6:0365:0098|225:4040:02D6:0340:0088|226:4040:02C6:033E:0088|227:4040:02B6:0364:0088|228:4040:02A6:0356:008D|229:4040:02B6:0363:0078
round3_castle,0xDD,2896,0x0002,0x0003,0x0000,0x01,0x003F,0x0000,0x0001,actor_2c8,4,0x10C3C8,0x01,0x95,0x00,0x00,0x02,0x00,0x00,0x010D,0x0291,0x033E,0x00,0x40,0x04,180,10,180:4040:0261:03A2:010C|181:4040:0271:03A3:010C|182:4040:0299:0349:010C|183:4040:0289:0347:010C|184:4040:0279:0365:010C|185:4040:0299:0348:00FC|186:4040:0289:0346:00FC|187:4040:0279:0364:00FC|188:4040:0269:0356:0101|189:4040:0279:0363:00EC
round3_castle,0xDD,2896,0x0002,0x0003,0x0000,0x01,0x003F,0x0000,0x0001,actor_2c8,6,0x10C448,0x01,0x93,0x00,0x00,0x08,0x00,0x00,0x0099,0x02CE,0x033E,0x00,0x40,0x00,200,10,200:4040:029E:026B:0098|201:4040:02AE:026C:0098|202:4040:02D6:0341:0098|203:4040:02C6:033F:0098|204:4040:02B6:0365:0098|205:4040:02D6:0340:0088|206:4040:02C6:033E:0088|207:4040:02B6:0364:0088|208:4040:02A6:0356:008D|209:4040:02B6:0363:0078
round3_castle,0xDD,2896,0x0002,0x0003,0x0000,0x01,0x003F,0x0000,0x0001,actor_2c8,8,0x10C4C8,0x01,0x93,0x00,0x00,0x08,0x00,0x00,0x0099,0x02D1,0x033E,0x00,0x40,0x00,220,19,220:4040:02A1:026B:0098|221:4040:02B1:026C:0098|222:4040:02D9:0341:0098|223:4040:02C9:033F:0098|224:4040:02B9:0365:0098|225:4040:02D9:0340:0088|226:4040:02C9:033E:0088|227:4040:02B9:0364:0088|228:4040:02A9:0356:008D|229:4040:02B9:0363:0078
round3_castle,0xDD,2898,0x0002,0x0003,0x0000,0x01,0x003F,0x0000,0x0001,actor_2c8,4,0x10C3C8,0x01,0x95,0x00,0x00,0x02,0x00,0x00,0x010B,0x0291,0x033E,0x00,0x40,0x04,180,10,180:4040:0261:03A2:010A|181:4040:0271:03A3:010A|182:4040:0299:0349:010A|183:4040:0289:0347:010A|184:4040:0279:0365:010A|185:4040:0299:0348:00FA|186:4040:0289:0346:00FA|187:4040:0279:0364:00FA|188:4040:0269:0356:00FF|189:4040:0279:0363:00EA
round3_castle,0xDD,2898,0x0002,0x0003,0x0000,0x01,0x003F,0x0000,0x0001,actor_2c8,6,0x10C448,0x01,0x93,0x00,0x00,0x08,0x00,0x00,0x0099,0x02D1,0x033E,0x00,0x40,0x00,200,10,200:4040:02A1:026B:0098|201:4040:02B1:026C:0098|202:4040:02D9:0341:0098|203:4040:02C9:033F:0098|204:4040:02B9:0365:0098|205:4040:02D9:0340:0088|206:4040:02C9:033E:0088|207:4040:02B9:0364:0088|208:4040:02A9:0356:008D|209:4040:02B9:0363:0078
round3_castle,0xDD,2898,0x0002,0x0003,0x0000,0x01,0x003F,0x0000,0x0001,actor_2c8,8,0x10C4C8,0x01,0x95,0x00,0x00,0x02,0x00,0x00,0x0097,0x02D1,0x033E,0x01,0x40,0x00,220,19,220:4040:02A1:026B:0098|221:4040:02B1:026C:0098|222:4040:02D9:0341:0098|223:4040:02C9:033F:0098|224:4040:02B9:0365:0098|225:4040:02D9:0340:0088|226:4040:02C9:033E:0088|227:4040:02B9:0364:0088|228:4040:02A9:0356:008D|229:4040:02B9:0363:0078
round3_castle,0xDD,2900,0x0002,0x0003,0x0000,0x01,0x003F,0x0000,0x0001,actor_2c8,4,0x10C3C8,0x01,0x94,0x00,0x00,0x02,0x00,0x00,0x0109,0x0291,0x033E,0x00,0x40,0x04,180,10,180:4040:0261:03A2:0108|181:4040:0271:03A3:0108|182:4040:0299:0345:0108|183:4040:0289:0343:0108|184:4040:0279:0365:0108|185:4040:0299:0344:00F8|186:4040:0289:0342:00F8|187:4040:0279:0364:00F8|188:4040:0269:0356:00FD|189:4040:0279:0363:00E8
round3_castle,0xDD,2900,0x0002,0x0003,0x0000,0x01,0x003F,0x0000,0x0001,actor_2c8,6,0x10C448,0x01,0x94,0x00,0x00,0x02,0x00,0x00,0x0097,0x02D1,0x033E,0x01,0x40,0x00,200,10,200:4040:02A1:026B:0098|201:4040:02B1:026C:0098|202:4040:02D9:0341:0098|203:4040:02C9:033F:0098|204:4040:02B9:0365:0098|205:4040:02D9:0340:0088|206:4040:02C9:033E:0088|207:4040:02B9:0364:0088|208:4040:02A9:0356:008D|209:4040:02B9:0363:0078
round3_castle,0xDD,2900,0x0002,0x0003,0x0000,0x01,0x003F,0x0000,0x0001,actor_2c8,8,0x10C4C8,0x01,0x94,0x00,0x00,0x02,0x00,0x00,0x0093,0x02D1,0x033E,0x01,0x40,0x00,220,19,220:0040:02A1:026B:0085|221:0040:02B1:026C:0085|222:0040:02D9:0345:0085|223:0040:02C9:0343:0085|224:0040:02B9:0365:0085|225:0040:02D9:0344:0095|226:0040:02C9:0342:0095|227:0040:02B9:0364:0095|228:0040:02A9:0356:0090|229:0040:02B9:0363:00A5
round3_castle,0xDD,2902,0x0002,0x0003,0x0000,0x01,0x003F,0x0000,0x0001,actor_2c8,6,0x10C448,0x01,0x94,0x00,0x00,0x02,0x00,0x00,0x0093,0x02D1,0x033E,0x01,0x40,0x00,200,10,200:0040:02A1:026B:0085|201:0040:02B1:026C:0085|202:0040:02D9:0345:0085|203:0040:02C9:0343:0085|204:0040:02B9:0365:0085|205:0040:02D9:0344:0095|206:0040:02C9:0342:0095|207:0040:02B9:0364:0095|208:0040:02A9:0356:0090|209:0040:02B9:0363:00A5
round3_castle,0xDD,2902,0x0002,0x0003,0x0000,0x01,0x003F,0x0000,0x0001,actor_2c8,8,0x10C4C8,0x01,0x94,0x00,0x00,0x02,0x00,0x00,0x008F,0x02D1,0x033E,0x01,0x40,0x00,220,19,220:0040:02A1:026B:0081|221:0040:02B1:026C:0081|222:0040:02D9:0345:0081|223:0040:02C9:0343:0081|224:0040:02B9:0365:0081|225:0040:02D9:0344:0091|226:0040:02C9:0342:0091|227:0040:02B9:0364:0091|228:0040:02A9:0356:008C|229:0040:02B9:0363:00A1
round3_castle,0xDD,2904,0x0002,0x0003,0x0000,0x01,0x003F,0x0000,0x0001,actor_2c8,4,0x10C3C8,0x01,0x94,0x00,0x00,0x02,0x00,0x00,0x0105,0x0291,0x033E,0x00,0x40,0x04,180,10,180:4040:0261:03A2:0106|181:4040:0271:03A3:0106|182:4040:0299:0345:0106|183:4040:0289:0343:0106|184:4040:0279:0365:0106|185:4040:0299:0344:00F6|186:4040:0289:0342:00F6|187:4040:0279:0364:00F6|188:4040:0269:0356:00FB|189:4040:0279:0363:00E6
round3_castle,0xDD,2904,0x0002,0x0003,0x0000,0x01,0x003F,0x0000,0x0001,actor_2c8,6,0x10C448,0x01,0x94,0x00,0x00,0x02,0x00,0x00,0x008F,0x02D1,0x033E,0x01,0x40,0x00,200,10,200:0040:02A1:026B:0081|201:0040:02B1:026C:0081|202:0040:02D9:0345:0081|203:0040:02C9:0343:0081|204:0040:02B9:0365:0081|205:0040:02D9:0344:0091|206:0040:02C9:0342:0091|207:0040:02B9:0364:0091|208:0040:02A9:0356:008C|209:0040:02B9:0363:00A1
round3_castle,0xDD,2904,0x0002,0x0003,0x0000,0x01,0x003F,0x0000,0x0001,actor_2c8,8,0x10C4C8,0x01,0x94,0x00,0x00,0x02,0x00,0x00,0x008D,0x02D1,0x033E,0x01,0x40,0x00,220,19,220:0040:02A1:026B:007F|221:0040:02B1:026C:007F|222:0040:02D9:0345:007F|223:0040:02C9:0343:007F|224:0040:02B9:0365:007F|225:0040:02D9:0344:008F|226:0040:02C9:0342:008F|227:0040:02B9:0364:008F|228:0040:02A9:0356:008A|229:0040:02B9:0363:009F
round3_castle,0xDD,2906,0x0002,0x0003,0x0000,0x01,0x003F,0x0000,0x0001,actor_2c8,4,0x10C3C8,0x01,0x94,0x00,0x00,0x02,0x00,0x00,0x0103,0x0291,0x033E,0x00,0x40,0x04,180,10,180:4040:0261:03A2:0104|181:4040:0271:03A3:0104|182:4040:0299:0345:0104|183:4040:0289:0343:0104|184:4040:0279:0365:0104|185:4040:0299:0344:00F4|186:4040:0289:0342:00F4|187:4040:0279:0364:00F4|188:4040:0269:0356:00F9|189:4040:0279:0363:00E4
round3_castle,0xDD,2906,0x0002,0x0003,0x0000,0x01,0x003F,0x0000,0x0001,actor_2c8,6,0x10C448,0x01,0x94,0x00,0x00,0x02,0x00,0x00,0x008D,0x02D1,0x033E,0x01,0x40,0x00,200,10,200:0040:02A1:026B:007F|201:0040:02B1:026C:007F|202:0040:02D9:0345:007F|203:0040:02C9:0343:007F|204:0040:02B9:0365:007F|205:0040:02D9:0344:008F|206:0040:02C9:0342:008F|207:0040:02B9:0364:008F|208:0040:02A9:0356:008A|209:0040:02B9:0363:009F
round3_castle,0xDD,2906,0x0002,0x0003,0x0000,0x01,0x003F,0x0000,0x0001,actor_2c8,8,0x10C4C8,0x01,0x94,0x00,0x00,0x02,0x00,0x00,0x0089,0x02D1,0x033E,0x01,0x40,0x00,220,19,220:0040:02A1:026B:007B|221:0040:02B1:026C:007B|222:0040:02D9:0345:007B|223:0040:02C9:0343:007B|224:0040:02B9:0365:007B|225:0040:02D9:0344:008B|226:0040:02C9:0342:008B|227:0040:02B9:0364:008B|228:0040:02A9:0356:0086|229:0040:02B9:0363:009B
round3_castle,0xDD,2908,0x0002,0x0003,0x0000,0x01,0x003F,0x0000,0x0001,actor_2c8,4,0x10C3C8,0x01,0x93,0x00,0x00,0x02,0x00,0x00,0x0101,0x0291,0x033E,0x00,0x40,0x04,180,10,180:4040:0261:03A2:0102|181:4040:0271:03A3:0102|182:4040:0299:0341:0102|183:4040:0289:033F:0102|184:4040:0279:0365:0102|185:4040:0299:0340:00F2|186:4040:0289:033E:00F2|187:4040:0279:0364:00F2|188:4040:0269:0356:00F7|189:4040:0279:0363:00E2
round3_castle,0xDD,2908,0x0002,0x0003,0x0000,0x01,0x003F,0x0000,0x0001,actor_2c8,6,0x10C448,0x01,0x93,0x00,0x00,0x02,0x00,0x00,0x0089,0x02D1,0x033E,0x01,0x40,0x00,200,10,200:0040:02A1:026B:007B|201:0040:02B1:026C:007B|202:0040:02D9:0341:007B|203:0040:02C9:033F:007B|204:0040:02B9:0365:007B|205:0040:02D9:0340:008B|206:0040:02C9:033E:008B|207:0040:02B9:0364:008B|208:0040:02A9:0356:0086|209:0040:02B9:0363:009B
round3_castle,0xDD,2908,0x0002,0x0003,0x0000,0x01,0x003F,0x0000,0x0001,actor_2c8,8,0x10C4C8,0x01,0x93,0x00,0x00,0x02,0x00,0x00,0x0087,0x02D1,0x033E,0x01,0x40,0x00,220,19,220:0040:02A1:026B:0077|221:0040:02B1:026C:0077|222:0040:02D9:0341:0077|223:0040:02C9:033F:0077|224:0040:02B9:0365:0077|225:0040:02D9:0340:0087|226:0040:02C9:033E:0087|227:0040:02B9:0364:0087|228:0040:02A9:0356:0082|229:0040:02B9:0363:0097
round3_castle,0xDD,2910,0x0002,0x0003,0x0000,0x01,0x003F,0x0000,0x0001,actor_2c8,4,0x10C3C8,0x01,0x93,0x00,0x00,0x02,0x00,0x00,0x0101,0x0291,0x033E,0x00,0x40,0x04,180,10,180:4040:0261:03A2:0100|181:4040:0271:03A3:0100|182:4040:0299:0341:0100|183:4040:0289:033F:0100|184:4040:0279:0365:0100|185:4040:0299:0340:00F0|186:4040:0289:033E:00F0|187:4040:0279:0364:00F0|188:4040:0269:0356:00F5|189:4040:0279:0363:00E0
round3_castle,0xDD,2910,0x0002,0x0003,0x0000,0x01,0x003F,0x0000,0x0001,actor_2c8,6,0x10C448,0x01,0x93,0x00,0x00,0x02,0x00,0x00,0x0087,0x02D1,0x033E,0x01,0x40,0x00,200,10,200:0040:02A1:026B:0077|201:0040:02B1:026C:0077|202:0040:02D9:0341:0077|203:0040:02C9:033F:0077|204:0040:02B9:0365:0077|205:0040:02D9:0340:0087|206:0040:02C9:033E:0087|207:0040:02B9:0364:0087|208:0040:02A9:0356:0082|209:0040:02B9:0363:0097
round3_castle,0xDD,2910,0x0002,0x0003,0x0000,0x01,0x003F,0x0000,0x0001,actor_2c8,8,0x10C4C8,0x01,0x93,0x00,0x00,0x02,0x00,0x00,0x0083,0x02D1,0x033E,0x01,0x40,0x00,220,19,220:0040:02A1:026B:0075|221:0040:02B1:026C:0075|222:0040:02D9:0341:0075|223:0040:02C9:033F:0075|224:0040:02B9:0365:0075|225:0040:02D9:0340:0085|226:0040:02C9:033E:0085|227:0040:02B9:0364:0085|228:0040:02A9:0356:0080|229:0040:02B9:0363:0095
round3_castle,0xDD,2912,0x0002,0x0003,0x0000,0x01,0x003F,0x0000,0x0001,actor_2c8,4,0x10C3C8,0x01,0x93,0x00,0x00,0x02,0x00,0x00,0x00FF,0x0291,0x033E,0x00,0x40,0x04,180,10,180:4040:0261:03A2:00FE|181:4040:0271:03A3:00FE|182:4040:0299:0341:00FE|183:4040:0289:033F:00FE|184:4040:0279:0365:00FE|185:4040:0299:0340:00EE|186:4040:0289:033E:00EE|187:4040:0279:0364:00EE|188:4040:0269:0356:00F3|189:4040:0279:0363:00DE
round3_castle,0xDD,2912,0x0002,0x0003,0x0000,0x01,0x003F,0x0000,0x0001,actor_2c8,6,0x10C448,0x01,0x93,0x00,0x00,0x02,0x00,0x00,0x0083,0x02D1,0x033E,0x01,0x40,0x00,200,10,200:0040:02A1:026B:0075|201:0040:02B1:026C:0075|202:0040:02D9:0341:0075|203:0040:02C9:033F:0075|204:0040:02B9:0365:0075|205:0040:02D9:0340:0085|206:0040:02C9:033E:0085|207:0040:02B9:0364:0085|208:0040:02A9:0356:0080|209:0040:02B9:0363:0095
round3_castle,0xDD,2912,0x0002,0x0003,0x0000,0x01,0x003F,0x0000,0x0001,actor_2c8,8,0x10C4C8,0x01,0x93,0x00,0x00,0x02,0x00,0x00,0x007F,0x02D1,0x033E,0x01,0x40,0x00,220,19,220:0040:02A1:026B:0071|221:0040:02B1:026C:0071|222:0040:02D9:0341:0071|223:0040:02C9:033F:0071|224:0040:02B9:0365:0071|225:0040:02D9:0340:0081|226:0040:02C9:033E:0081|227:0040:02B9:0364:0081|228:0040:02A9:0356:007C|229:0040:02B9:0363:0091
round3_castle,0xDD,2914,0x0002,0x0003,0x0000,0x01,0x003F,0x0000,0x0001,actor_2c8,4,0x10C3C8,0x01,0x93,0x00,0x00,0x02,0x00,0x00,0x00FD,0x0291,0x033E,0x00,0x40,0x04,180,10,180:4040:0261:03A2:00FC|181:4040:0271:03A3:00FC|182:4040:0299:0341:00FC|183:4040:0289:033F:00FC|184:4040:0279:0365:00FC|185:4040:0299:0340:00EC|186:4040:0289:033E:00EC|187:4040:0279:0364:00EC|188:4040:0269:0356:00F1|189:4040:0279:0363:00DC
round3_castle,0xDD,2914,0x0002,0x0003,0x0000,0x01,0x003F,0x0000,0x0001,actor_2c8,6,0x10C448,0x01,0x93,0x00,0x00,0x02,0x00,0x00,0x007F,0x02D1,0x033E,0x01,0x40,0x00,200,10,200:0040:02A1:026B:0071|201:0040:02B1:026C:0071|202:0040:02D9:0341:0071|203:0040:02C9:033F:0071|204:0040:02B9:0365:0071|205:0040:02D9:0340:0081|206:0040:02C9:033E:0081|207:0040:02B9:0364:0081|208:0040:02A9:0356:007C|209:0040:02B9:0363:0091
round3_castle,0xDD,2914,0x0002,0x0003,0x0000,0x01,0x003F,0x0000,0x0001,actor_2c8,8,0x10C4C8,0x01,0x93,0x00,0x00,0x02,0x00,0x00,0x007D,0x02D1,0x033E,0x01,0x40,0x00,220,19,220:0040:02A1:026B:006F|221:0040:02B1:026C:006F|222:0040:02D9:0341:006F|223:0040:02C9:033F:006F|224:0040:02B9:0365:006F|225:0040:02D9:0340:007F|226:0040:02C9:033E:007F|227:0040:02B9:0364:007F|228:0040:02A9:0356:007A|229:0040:02B9:0363:008F
round3_castle,0xDD,2916,0x0002,0x0003,0x0000,0x01,0x003F,0x0000,0x0001,actor_2c8,4,0x10C3C8,0x01,0x94,0x00,0x00,0x02,0x00,0x00,0x00FB,0x0291,0x033E,0x00,0x40,0x04,180,10,180:4040:0261:03A2:00FA|181:4040:0271:03A3:00FA|182:4040:0299:0345:00FA|183:4040:0289:0343:00FA|184:4040:0279:0365:00FA|185:4040:0299:0344:00EA|186:4040:0289:0342:00EA|187:4040:0279:0364:00EA|188:4040:0269:0356:00EF|189:4040:0279:0363:00DA
round3_castle,0xDD,2916,0x0002,0x0003,0x0000,0x01,0x003F,0x0000,0x0001,actor_2c8,6,0x10C448,0x01,0x94,0x00,0x00,0x02,0x00,0x00,0x007D,0x02D1,0x033E,0x01,0x40,0x00,200,10,200:0040:02A1:026B:006F|201:0040:02B1:026C:006F|202:0040:02D9:0345:006F|203:0040:02C9:0343:006F|204:0040:02B9:0365:006F|205:0040:02D9:0344:007F|206:0040:02C9:0342:007F|207:0040:02B9:0364:007F|208:0040:02A9:0356:007A|209:0040:02B9:0363:008F
round3_castle,0xDD,2916,0x0002,0x0003,0x0000,0x01,0x003F,0x0000,0x0001,actor_2c8,8,0x10C4C8,0x01,0x94,0x00,0x00,0x02,0x00,0x00,0x0079,0x02D1,0x033E,0x01,0x40,0x00,220,19,220:0040:02A1:026B:006B|221:0040:02B1:026C:006B|222:0040:02D9:0345:006B|223:0040:02C9:0343:006B|224:0040:02B9:0365:006B|225:0040:02D9:0344:007B|226:0040:02C9:0342:007B|227:0040:02B9:0364:007B|228:0040:02A9:0356:0076|229:0040:02B9:0363:008B
round3_castle,0xDD,2918,0x0002,0x0003,0x0000,0x01,0x003F,0x0000,0x0001,actor_2c8,4,0x10C3C8,0x01,0x94,0x00,0x00,0x02,0x00,0x00,0x00F9,0x0291,0x033E,0x00,0x40,0x04,180,10,180:4040:0261:03A2:00F8|181:4040:0271:03A3:00F8|182:4040:0299:0345:00F8|183:4040:0289:0343:00F8|184:4040:0279:0365:00F8|185:4040:0299:0344:00E8|186:4040:0289:0342:00E8|187:4040:0279:0364:00E8|188:4040:0269:0356:00ED|189:4040:0279:0363:00D8
round3_castle,0xDD,2918,0x0002,0x0003,0x0000,0x01,0x003F,0x0000,0x0001,actor_2c8,6,0x10C448,0x01,0x94,0x00,0x00,0x02,0x00,0x00,0x0079,0x02D1,0x033E,0x01,0x40,0x00,200,10,200:0040:02A1:026B:006B|201:0040:02B1:026C:006B|202:0040:02D9:0345:006B|203:0040:02C9:0343:006B|204:0040:02B9:0365:006B|205:0040:02D9:0344:007B|206:0040:02C9:0342:007B|207:0040:02B9:0364:007B|208:0040:02A9:0356:0076|209:0040:02B9:0363:008B
round3_castle,0xDD,2918,0x0002,0x0003,0x0000,0x01,0x003F,0x0000,0x0001,actor_2c8,8,0x10C4C8,0x01,0x94,0x00,0x00,0x02,0x00,0x00,0x0077,0x02D1,0x033E,0x01,0x40,0x00,220,19,220:0040:02A1:026B:0067|221:0040:02B1:026C:0067|222:0040:02D9:0345:0067|223:0040:02C9:0343:0067|224:0040:02B9:0365:0067|225:0040:02D9:0344:0077|226:0040:02C9:0342:0077|227:0040:02B9:0364:0077|228:0040:02A9:0356:0072|229:0040:02B9:0363:0087
round3_castle,0xDD,2920,0x0002,0x0003,0x0000,0x01,0x003F,0x0000,0x0001,actor_2c8,4,0x10C3C8,0x01,0x96,0x00,0x00,0x08,0x00,0x00,0x00F6,0x0291,0x033E,0x00,0x40,0x04,180,10,180:4040:0261:03A2:00F8|181:4040:0271:03A3:00F8|182:4040:0299:0345:00F8|183:4040:0289:0343:00F8|184:4040:0279:0365:00F8|185:4040:0299:0344:00E8|186:4040:0289:0342:00E8|187:4040:0279:0364:00E8|188:4040:0269:0356:00ED|189:4040:0279:0363:00D8
round3_castle,0xDD,2920,0x0002,0x0003,0x0000,0x01,0x003F,0x0000,0x0001,actor_2c8,6,0x10C448,0x01,0x94,0x00,0x00,0x02,0x00,0x00,0x0077,0x02D1,0x033E,0x01,0x40,0x00,200,10,200:0040:02A1:026B:0067|201:0040:02B1:026C:0067|202:0040:02D9:0345:0067|203:0040:02C9:0343:0067|204:0040:02B9:0365:0067|205:0040:02D9:0344:0077|206:0040:02C9:0342:0077|207:0040:02B9:0364:0077|208:0040:02A9:0356:0072|209:0040:02B9:0363:0087
round3_castle,0xDD,2920,0x0002,0x0003,0x0000,0x01,0x003F,0x0000,0x0001,actor_2c8,8,0x10C4C8,0x01,0x94,0x00,0x00,0x02,0x00,0x00,0x0073,0x02D1,0x033E,0x01,0x40,0x00,220,19,220:0040:02A1:026B:0065|221:0040:02B1:026C:0065|222:0040:02D9:0345:0065|223:0040:02C9:0343:0065|224:0040:02B9:0365:0065|225:0040:02D9:0344:0075|226:0040:02C9:0342:0075|227:0040:02B9:0364:0075|228:0040:02A9:0356:0070|229:0040:02B9:0363:0085
round3_castle,0xDD,2922,0x0002,0x0003,0x0000,0x01,0x003F,0x0000,0x0001,actor_2c8,4,0x10C3C8,0x01,0x96,0x00,0x00,0x08,0x00,0x00,0x00F1,0x0292,0x033E,0x00,0x40,0x04,180,10,180:4040:0261:03A2:00F5|181:4040:0271:03A3:00F5|182:4040:0299:0385:00F5|183:4040:0289:0383:00F5|184:4040:0279:0365:00F5|185:4040:0289:0382:00E5|186:4040:0279:0387:00E5|187:4040:0269:0356:00E9|188:4040:0279:0386:00D5|189:4040:0269:0388:00DD
round3_castle,0xDD,2922,0x0002,0x0003,0x0000,0x01,0x003F,0x0000,0x0001,actor_2c8,6,0x10C448,0x01,0x94,0x00,0x00,0x02,0x00,0x00,0x0072,0x02D1,0x033E,0x01,0x40,0x00,200,10,200:0040:02A1:026B:0065|201:0040:02B1:026C:0065|202:0040:02D9:0345:0065|203:0040:02C9:0343:0065|204:0040:02B9:0365:0065|205:0040:02D9:0344:0075|206:0040:02C9:0342:0075|207:0040:02B9:0364:0075|208:0040:02A9:0356:0070|209:0040:02B9:0363:0085
round3_castle,0xDD,2922,0x0002,0x0003,0x0000,0x01,0x003F,0x0000,0x0001,actor_2c8,8,0x10C4C8,0x01,0x94,0x00,0x00,0x02,0x00,0x00,0x006E,0x02D1,0x033E,0x01,0x40,0x00,220,19,220:0040:02A1:026B:0061|221:0040:02B1:026C:0061|222:0040:02D9:0345:0061|223:0040:02C9:0343:0061|224:0040:02B9:0365:0061|225:0040:02D9:0344:0071|226:0040:02C9:0342:0071|227:0040:02B9:0364:0071|228:0040:02A9:0356:006C|229:0040:02B9:0363:0081
round3_castle,0xDD,2924,0x0002,0x0003,0x0000,0x01,0x003F,0x0000,0x0001,actor_2c8,4,0x10C3C8,0x01,0x96,0x00,0x00,0x08,0x00,0x00,0x00ED,0x0293,0x033E,0x00,0x40,0x04,180,10,180:4040:0262:03A2:00EF|181:4040:0272:03A3:00EF|182:4040:029A:0385:00EF|183:4040:028A:0383:00EF|184:4040:027A:0365:00EF|185:4040:028A:0382:00DF|186:4040:027A:0387:00DF|187:4040:026A:0356:00E3|188:4040:027A:0386:00CF|189:4040:026A:0388:00D7
round3_castle,0xDD,2924,0x0002,0x0003,0x0000,0x01,0x003F,0x0000,0x0001,actor_2c8,6,0x10C448,0x01,0x95,0x00,0x00,0x02,0x00,0x00,0x006D,0x02D1,0x033E,0x01,0x40,0x00,200,10,200:0040:02A1:026B:005F|201:0040:02B1:026C:005F|202:0040:02D9:0349:005F|203:0040:02C9:0347:005F|204:0040:02B9:0365:005F|205:0040:02D9:0348:006F|206:0040:02C9:0346:006F|207:0040:02B9:0364:006F|208:0040:02A9:0356:006A|209:0040:02B9:0363:007F
round3_castle,0xDD,2924,0x0002,0x0003,0x0000,0x01,0x003F,0x0000,0x0001,actor_2c8,8,0x10C4C8,0x01,0x95,0x00,0x00,0x02,0x00,0x00,0x006B,0x02D1,0x033E,0x01,0x40,0x00,220,19,220:0040:02A1:026B:005D|221:0040:02B1:026C:005D|222:0040:02D9:0349:005D|223:0040:02C9:0347:005D|224:0040:02B9:0365:005D|225:0040:02D9:0348:006D|226:0040:02C9:0346:006D|227:0040:02B9:0364:006D|228:0040:02A9:0356:0068|229:0040:02B9:0363:007D
round3_castle,0xDD,2926,0x0002,0x0003,0x0000,0x01,0x003F,0x0000,0x0001,actor_2c8,4,0x10C3C8,0x01,0x96,0x00,0x00,0x08,0x00,0x00,0x00EA,0x0294,0x033E,0x00,0x40,0x04,180,10,180:4040:0263:03A2:00EC|181:4040:0273:03A3:00EC|182:4040:029B:0385:00EC|183:4040:028B:0383:00EC|184:4040:027B:0365:00EC|185:4040:028B:0382:00DC|186:4040:027B:0387:00DC|187:4040:026B:0356:00E0|188:4040:027B:0386:00CC|189:4040:026B:0388:00D4
round3_castle,0xDD,2926,0x0002,0x0003,0x0000,0x01,0x003F,0x0000,0x0001,actor_2c8,6,0x10C448,0x01,0x95,0x01,0x00,0x01,0x00,0x00,0x006F,0x02D1,0x033E,0x00,0x40,0x00,200,10,200:4040:02A1:026B:006C|201:4040:02B1:026C:006C|202:4040:02D9:0349:006C|203:4040:02C9:0347:006C|204:4040:02B9:0365:006C|205:4040:02D9:0348:005C|206:4040:02C9:0346:005C|207:4040:02B9:0364:005C|208:4040:02A9:0356:0061|209:4040:02B9:0363:004C
round3_castle,0xDD,2926,0x0002,0x0003,0x0000,0x01,0x003F,0x0000,0x0001,actor_2c8,8,0x10C4C8,0x01,0x95,0x00,0x00,0x02,0x00,0x00,0x0067,0x02D1,0x033E,0x01,0x40,0x00,220,19,220:0040:02A1:026B:0059|221:0040:02B1:026C:0059|222:0040:02D9:0349:0059|223:0040:02C9:0347:0059|224:0040:02B9:0365:0059|225:0040:02D9:0348:0069|226:0040:02C9:0346:0069|227:0040:02B9:0364:0069|228:0040:02A9:0356:0064|229:0040:02B9:0363:0079
round3_castle,0xDD,2928,0x0002,0x0003,0x0000,0x01,0x003F,0x0000,0x0001,actor_2c8,4,0x10C3C8,0x01,0x96,0x00,0x00,0x08,0x00,0x00,0x00E7,0x0296,0x033E,0x00,0x40,0x04,180,10,180:4040:0264:03A2:00E9|181:4040:0274:03A3:00E9|182:4040:029C:0385:00E9|183:4040:028C:0383:00E9|184:4040:027C:0365:00E9|185:4040:028C:0382:00D9|186:4040:027C:0387:00D9|187:4040:026C:0356:00DD|188:4040:027C:0386:00C9|189:4040:026C:0388:00D1
round3_castle,0xDD,2928,0x0002,0x0003,0x0000,0x01,0x003F,0x0000,0x0001,actor_2c8,6,0x10C448,0x01,0x95,0x01,0x00,0x01,0x00,0x00,0x0073,0x02D1,0x033E,0x00,0x40,0x00,200,10,200:0040:02A1:026B:0061|201:0040:02B1:026C:0061|202:0040:02D9:0349:0061|203:0040:02C9:0347:0061|204:0040:02B9:0365:0061|205:0040:02D9:0348:0071|206:0040:02C9:0346:0071|207:0040:02B9:0364:0071|208:0040:02A9:0356:006C|209:0040:02B9:0363:0081
round3_castle,0xDD,2928,0x0002,0x0003,0x0000,0x01,0x003F,0x0000,0x0001,actor_2c8,8,0x10C4C8,0x01,0x95,0x00,0x00,0x02,0x00,0x00,0x0065,0x02D1,0x033E,0x01,0x40,0x00,220,19,220:0040:02A1:026B:0055|221:0040:02B1:026C:0055|222:0040:02D9:0349:0055|223:0040:02C9:0347:0055|224:0040:02B9:0365:0055|225:0040:02D9:0348:0065|226:0040:02C9:0346:0065|227:0040:02B9:0364:0065|228:0040:02A9:0356:0060|229:0040:02B9:0363:0075
round3_castle,0xDD,2930,0x0002,0x0003,0x0000,0x01,0x003F,0x0000,0x0001,actor_2c8,4,0x10C3C8,0x01,0x96,0x00,0x00,0x08,0x00,0x00,0x00E4,0x0298,0x033E,0x00,0x40,0x04,180,10,180:4040:0266:03A2:00E6|181:4040:0276:03A3:00E6|182:4040:029E:0385:00E6|183:4040:028E:0383:00E6|184:4040:027E:0365:00E6|185:4040:028E:0382:00D6|186:4040:027E:0387:00D6|187:4040:026E:0356:00DA|188:4040:027E:0386:00C6|189:4040:026E:0388:00CE
round3_castle,0xDD,2930,0x0002,0x0003,0x0000,0x01,0x003F,0x0000,0x0001,actor_2c8,6,0x10C448,0x01,0x95,0x01,0x00,0x01,0x00,0x00,0x0075,0x02D1,0x033E,0x00,0x40,0x00,200,10,200:0040:02A1:026B:0065|201:0040:02B1:026C:0065|202:0040:02D9:0349:0065|203:0040:02C9:0347:0065|204:0040:02B9:0365:0065|205:0040:02D9:0348:0075|206:0040:02C9:0346:0075|207:0040:02B9:0364:0075|208:0040:02A9:0356:0070|209:0040:02B9:0363:0085
round3_castle,0xDD,2930,0x0002,0x0003,0x0000,0x01,0x003F,0x0000,0x0001,actor_2c8,8,0x10C4C8,0x01,0x97,0x01,0x00,0x1F,0x00,0x00,0x0065,0x02D1,0x033E,0x00,0x40,0x00,220,19,220:0040:02B0:026B:0055|221:0040:02C0:026C:0055|222:0040:02D2:038C:0055|223:0040:02C2:038A:0055|224:0040:02D2:038B:0065|225:0040:02C2:0389:0065
round3_castle,0xDD,2932,0x0002,0x0003,0x0000,0x01,0x003F,0x0000,0x0001,actor_2c8,4,0x10C3C8,0x01,0x96,0x00,0x00,0x08,0x00,0x00,0x00E1,0x029B,0x033E,0x00,0x40,0x04,180,10,180:4040:0268:03A2:00E3|181:4040:0278:03A3:00E3|182:4040:02A0:0385:00E3|183:4040:0290:0383:00E3|184:4040:0280:0365:00E3|185:4040:0290:0382:00D3|186:4040:0280:0387:00D3|187:4040:0270:0356:00D7|188:4040:0280:0386:00C3|189:4040:0270:0388:00CB
round3_castle,0xDD,2934,0x0002,0x0003,0x0000,0x01,0x003F,0x0000,0x0001,actor_2c8,4,0x10C3C8,0x01,0x96,0x00,0x00,0x08,0x00,0x00,0x00DE,0x029E,0x033E,0x00,0x40,0x04,180,10,180:4040:026B:03A2:00E0|181:4040:027B:03A3:00E0|182:4040:02A3:0385:00E0|183:4040:0293:0383:00E0|184:4040:0283:0365:00E0|185:4040:0293:0382:00D0|186:4040:0283:0387:00D0|187:4040:0273:0356:00D4|188:4040:0283:0386:00C0|189:4040:0273:0388:00C8
round3_castle,0xDD,2936,0x0002,0x0003,0x0000,0x01,0x003F,0x0000,0x0001,actor_2c8,4,0x10C3C8,0x01,0x96,0x00,0x00,0x08,0x00,0x00,0x00DC,0x02A1,0x033E,0x00,0x40,0x04,180,10,180:4040:026E:03A2:00DD|181:4040:027E:03A3:00DD|182:4040:02A6:0385:00DD|183:4040:0296:0383:00DD|184:4040:0286:0365:00DD|185:4040:0296:0382:00CD|186:4040:0286:0387:00CD|187:4040:0276:0356:00D1|188:4040:0286:0386:00BD|189:4040:0276:0388:00C5
round3_castle,0xDD,2936,0x0002,0x0003,0x0000,0x01,0x003F,0x0000,0x0001,actor_2c8,6,0x10C448,0x01,0x97,0x01,0x00,0x1F,0x00,0x00,0x007D,0x02D1,0x033E,0x00,0x40,0x00,200,10,200:0040:02A1:026B:006D|201:0040:02B1:026C:006D|202:0040:02D9:0345:006D|203:0040:02C9:0343:006D|204:0040:02B9:0365:006D|205:0040:02D9:0344:007D|206:0040:02C9:0342:007D|207:0040:02B9:0364:007D|208:0040:02A9:0356:0078|209:0040:02B9:0363:008D
round3_castle,0xDD,2936,0x0002,0x0003,0x0000,0x01,0x003F,0x0000,0x0001,actor_2c8,8,0x10C4C8,0x01,0x98,0x01,0x00,0x1F,0x00,0x00,0x0065,0x02D1,0x033E,0x00,0x40,0x00,220,19,220:0040:02B8:026E:0045|221:0040:02C8:026D:004D|222:0040:02D2:0390:0055|223:0040:02C2:038E:0055|224:0040:02D2:038F:0065|225:0040:02C2:038D:0065
round3_castle,0xDD,2938,0x0002,0x0003,0x0000,0x01,0x003F,0x0000,0x0001,actor_2c8,4,0x10C3C8,0x01,0x96,0x00,0x00,0x08,0x00,0x00,0x00DA,0x02A4,0x033E,0x00,0x40,0x04,180,10,180:4040:0271:03A2:00DB|181:4040:0281:03A3:00DB|182:4040:02A9:0385:00DB|183:4040:0299:0383:00DB|184:4040:0289:0365:00DB|185:4040:0299:0382:00CB|186:4040:0289:0387:00CB|187:4040:0279:0356:00CF|188:4040:0289:0386:00BB|189:4040:0279:0388:00C3
round3_castle,0xDD,2938,0x0002,0x0003,0x0000,0x01,0x003F,0x0000,0x0001,actor_2c8,6,0x10C448,0x01,0x97,0x01,0x00,0x1F,0x00,0x00,0x007D,0x02D1,0x033E,0x00,0x40,0x00,200,10,200:0040:02B0:026B:006D|201:0040:02C0:026C:006D|202:0040:02D2:038C:006D|203:0040:02C2:038A:006D|204:0040:02D2:038B:007D|205:0040:02C2:0389:007D
round3_castle,0xDD,2938,0x0002,0x0003,0x0000,0x01,0x003F,0x0000,0x0001,actor_2c8,8,0x10C4C8,0x01,0x99,0x01,0x00,0x1F,0x00,0x00,0x0065,0x02D1,0x033E,0x00,0x40,0x00,220,19,220:0040:02B8:026E:0045|221:0040:02C8:026D:004D|222:0040:02D2:0390:0055|223:0040:02C2:038E:0055|224:0040:02D2:038F:0065|225:0040:02C2:038D:0065
round3_castle,0xDD,2940,0x0002,0x0003,0x0000,0x01,0x003F,0x0000,0x0001,actor_2c8,4,0x10C3C8,0x01,0x94,0x00,0x00,0x08,0x00,0x00,0x00D9,0x02A7,0x033E,0x00,0x40,0x04,180,10,180:4040:0274:03A2:00D9|181:4040:0284:03A3:00D9|182:4040:02AC:0385:00D9|183:4040:029C:0383:00D9|184:4040:028C:0365:00D9|185:4040:029C:0382:00C9|186:4040:028C:0387:00C9|187:4040:027C:0356:00CD|188:4040:028C:0386:00B9|189:4040:027C:0388:00C1
round3_castle,0xDD,2940,0x0002,0x0003,0x0000,0x01,0x003F,0x0000,0x0001,actor_2c8,8,0x10C4C8,0x01,0x99,0x01,0x00,0x1F,0x00,0x00,0x0065,0x02D1,0x033E,0x00,0x40,0x00,220,19,220:0040:02C8:026F:004D|221:0040:02C8:0270:003D|222:0040:02D2:0394:0055|223:0040:02C2:0392:0055|224:0040:02D2:0393:0065|225:0040:02C2:0391:0065
round3_castle,0xDD,2942,0x0002,0x0003,0x0000,0x01,0x003F,0x0000,0x0001,actor_2c8,4,0x10C3C8,0x01,0x94,0x00,0x00,0x08,0x00,0x00,0x00D8,0x02AA,0x033E,0x00,0x40,0x04,180,10,180:4040:0277:03A2:00D8|181:4040:0287:03A3:00D8|182:4040:02AF:0345:00D8|183:4040:029F:0343:00D8|184:4040:028F:0365:00D8|185:4040:02AF:0344:00C8|186:4040:029F:0342:00C8|187:4040:028F:0364:00C8|188:4040:027F:0356:00CD|189:4040:028F:0363:00B8
round3_castle,0xDD,2942,0x0002,0x0003,0x0000,0x01,0x003F,0x0000,0x0001,actor_2c8,6,0x10C448,0x01,0x98,0x01,0x00,0x1F,0x00,0x00,0x007D,0x02D1,0x033E,0x00,0x40,0x00,200,10,200:0040:02B0:026B:006D|201:0040:02C0:026C:006D|202:0040:02D2:038C:006D|203:0040:02C2:038A:006D|204:0040:02D2:038B:007D|205:0040:02C2:0389:007D
round3_castle,0xDD,2942,0x0002,0x0003,0x0000,0x01,0x003F,0x0000,0x0001,actor_2c8,8,0x10C4C8,0x01,0x9A,0x01,0x00,0x1F,0x00,0x00,0x0065,0x02D1,0x033E,0x00,0x40,0x00,220,19,220:0040:02D1:0271:0055|221:0040:02D2:0398:0055|222:0040:02C2:0396:0055|223:0040:02D2:0397:0065|224:0040:02C2:0395:0065
round3_castle,0xDD,2944,0x0002,0x0003,0x0000,0x01,0x003F,0x0000,0x0001,actor_2c8,4,0x10C3C8,0x01,0x93,0x00,0x00,0x08,0x00,0x00,0x00D7,0x02AE,0x033E,0x00,0x40,0x04,180,10,180:4040:027A:03A2:00D7|181:4040:028A:03A3:00D7|182:4040:02B2:0345:00D7|183:4040:02A2:0343:00D7|184:4040:0292:0365:00D7|185:4040:02B2:0344:00C7|186:4040:02A2:0342:00C7|187:4040:0292:0364:00C7|188:4040:0282:0356:00CC|189:4040:0292:0363:00B7
round3_castle,0xDD,2944,0x0002,0x0003,0x0000,0x01,0x003F,0x0000,0x0001,actor_2c8,6,0x10C448,0x01,0x98,0x01,0x00,0x1F,0x00,0x00,0x007D,0x02D1,0x033E,0x00,0x40,0x00,200,10,200:0040:02B8:026E:005D|201:0040:02C8:026D:0065|202:0040:02D2:0390:006D|203:0040:02C2:038E:006D|204:0040:02D2:038F:007D|205:0040:02C2:038D:007D
round3_castle,0xDD,2944,0x0002,0x0003,0x0000,0x01,0x003F,0x0000,0x0001,actor_2c8,8,0x10C4C8,0x01,0x9B,0x01,0x00,0x1F,0x00,0x00,0x0065,0x02D1,0x033E,0x00,0x40,0x00,220,19,220:0040:02D1:0271:0055|221:0040:02D2:0398:0055|222:0040:02C2:0396:0055|223:0040:02D2:0397:0065|224:0040:02C2:0395:0065
round3_castle,0xDD,2946,0x0002,0x0003,0x0000,0x01,0x003F,0x0000,0x0001,actor_2c8,4,0x10C3C8,0x01,0x93,0x00,0x00,0x08,0x00,0x00,0x00D7,0x02B1,0x033E,0x00,0x40,0x04,180,10,180:4040:027E:03A2:00D6|181:4040:028E:03A3:00D6|182:4040:02B6:0341:00D6|183:4040:02A6:033F:00D6|184:4040:0296:0365:00D6|185:4040:02B6:0340:00C6|186:4040:02A6:033E:00C6|187:4040:0296:0364:00C6|188:4040:0286:0356:00CB|189:4040:0296:0363:00B6
round3_castle,0xDD,2946,0x0002,0x0003,0x0000,0x01,0x003F,0x0000,0x0001,actor_2c8,6,0x10C448,0x01,0x99,0x01,0x00,0x1F,0x00,0x00,0x007D,0x02D1,0x033E,0x00,0x40,0x00,200,10,200:0040:02C8:026F:0065|201:0040:02C8:0270:0055|202:0040:02D2:0394:006D|203:0040:02C2:0392:006D|204:0040:02D2:0393:007D|205:0040:02C2:0391:007D
round3_castle,0xDD,2946,0x0002,0x0003,0x0000,0x01,0x003F,0x0000,0x0001,actor_2c8,8,0x10C4C8,0x01,0x9B,0x01,0x00,0x1F,0x00,0x00,0x0065,0x02D1,0x033E,0x00,0x40,0x00,220,19,220:0040:02D0:0272:005D|221:0040:02D2:039C:0055|222:0040:02C2:039A:0055|223:0040:02D2:039B:0065|224:0040:02C2:0399:0065
round3_castle,0xDD,2948,0x0002,0x0003,0x0000,0x01,0x003F,0x0000,0x0001,actor_2c8,4,0x10C3C8,0x01,0x93,0x00,0x00,0x08,0x00,0x00,0x00D7,0x02B1,0x033E,0x00,0x40,0x04,180,10,180:4040:0281:03A2:00D6|181:4040:0291:03A3:00D6|182:4040:02B9:0341:00D6|183:4040:02A9:033F:00D6|184:4040:0299:0365:00D6|185:4040:02B9:0340:00C6|186:4040:02A9:033E:00C6|187:4040:0299:0364:00C6|188:4040:0289:0356:00CB|189:4040:0299:0363:00B6
round3_castle,0xDD,2948,0x0002,0x0003,0x0000,0x01,0x003F,0x0000,0x0001,actor_2c8,6,0x10C448,0x01,0x9A,0x01,0x00,0x1F,0x00,0x00,0x007D,0x02D1,0x033E,0x00,0x40,0x00,200,10,200:0040:02C8:026F:0065|201:0040:02C8:0270:0055|202:0040:02D2:0394:006D|203:0040:02C2:0392:006D|204:0040:02D2:0393:007D|205:0040:02C2:0391:007D
round3_castle,0xDD,2948,0x0002,0x0003,0x0000,0x01,0x003F,0x0000,0x0001,actor_2c8,8,0x10C4C8,0x01,0x9C,0x01,0x00,0x1F,0x00,0x00,0x0065,0x02D1,0x033E,0x00,0x40,0x00,220,19,220:0040:02C9:0273:008D|221:0040:02C9:0274:007D|222:0040:02D2:03A0:0055|223:0040:02C2:039E:005D|224:0040:02D2:039F:0065|225:0040:02C2:039D:006D
round3_castle,0xDD,2950,0x0002,0x0003,0x0000,0x01,0x003F,0x0000,0x0001,actor_2c8,4,0x10C3C8,0x01,0x94,0x00,0x00,0x02,0x00,0x00,0x00D5,0x02B1,0x033E,0x00,0x40,0x04,180,10,180:4040:0281:03A2:00D4|181:4040:0291:03A3:00D4|182:4040:02B9:0345:00D4|183:4040:02A9:0343:00D4|184:4040:0299:0365:00D4|185:4040:02B9:0344:00C4|186:4040:02A9:0342:00C4|187:4040:0299:0364:00C4|188:4040:0289:0356:00C9|189:4040:0299:0363:00B4
round3_castle,0xDD,2950,0x0002,0x0003,0x0000,0x01,0x003F,0x0000,0x0001,actor_2c8,6,0x10C448,0x01,0x9A,0x01,0x00,0x1F,0x00,0x00,0x007D,0x02D1,0x033E,0x00,0x40,0x00,200,10,200:0040:02D1:0271:006D|201:0040:02D2:0398:006D|202:0040:02C2:0396:006D|203:0040:02D2:0397:007D|204:0040:02C2:0395:007D
round3_castle,0xDD,2952,0x0002,0x0003,0x0000,0x01,0x003F,0x0000,0x0001,actor_2c8,4,0x10C3C8,0x01,0x94,0x00,0x00,0x02,0x00,0x00,0x00D3,0x02B1,0x033E,0x00,0x40,0x04,180,10,180:4040:0281:03A2:00D2|181:4040:0291:03A3:00D2|182:4040:02B9:0345:00D2|183:4040:02A9:0343:00D2|184:4040:0299:0365:00D2|185:4040:02B9:0344:00C2|186:4040:02A9:0342:00C2|187:4040:0299:0364:00C2|188:4040:0289:0356:00C7|189:4040:0299:0363:00B2
round3_castle,0xDD,2952,0x0002,0x0003,0x0000,0x01,0x003F,0x0000,0x0001,actor_2c8,6,0x10C448,0x01,0x9B,0x01,0x00,0x1F,0x00,0x00,0x007D,0x02D1,0x033E,0x00,0x40,0x00,200,10,200:0040:02D0:0272:0075|201:0040:02D2:039C:006D|202:0040:02C2:039A:006D|203:0040:02D2:039B:007D|204:0040:02C2:0399:007D
round3_castle,0xDD,2954,0x0002,0x0003,0x0000,0x01,0x003F,0x0000,0x0001,actor_2c8,4,0x10C3C8,0x01,0x94,0x00,0x00,0x02,0x00,0x00,0x00D1,0x02B1,0x033E,0x00,0x40,0x04,180,10,180:4040:0281:03A2:00D0|181:4040:0291:03A3:00D0|182:4040:02B9:0345:00D0|183:4040:02A9:0343:00D0|184:4040:0299:0365:00D0|185:4040:02B9:0344:00C0|186:4040:02A9:0342:00C0|187:4040:0299:0364:00C0|188:4040:0289:0356:00C5|189:4040:0299:0363:00B0
round3_castle,0xDD,2954,0x0002,0x0003,0x0000,0x01,0x003F,0x0000,0x0001,actor_2c8,6,0x10C448,0x01,0x9C,0x01,0x00,0x1F,0x00,0x00,0x007D,0x02D1,0x033E,0x00,0x40,0x00,200,10,200:0040:02D0:0272:0075|201:0040:02D2:039C:006D|202:0040:02C2:039A:006D|203:0040:02D2:039B:007D|204:0040:02C2:0399:007D
round3_castle,0xDD,2956,0x0002,0x0003,0x0000,0x01,0x003F,0x0000,0x0001,actor_2c8,4,0x10C3C8,0x01,0x95,0x00,0x00,0x02,0x00,0x00,0x00CF,0x02B1,0x033E,0x00,0x40,0x04,180,10,180:4040:0281:03A2:00CE|181:4040:0291:03A3:00CE|182:4040:02B9:0349:00CE|183:4040:02A9:0347:00CE|184:4040:0299:0365:00CE|185:4040:02B9:0348:00BE|186:4040:02A9:0346:00BE|187:4040:0299:0364:00BE|188:4040:0289:0356:00C3|189:4040:0299:0363:00AE
round3_castle,0xDD,2956,0x0002,0x0003,0x0000,0x01,0x003F,0x0000,0x0001,actor_2c8,6,0x10C448,0x01,0x9C,0x01,0x00,0x1F,0x00,0x00,0x007D,0x02D1,0x033E,0x00,0x40,0x00,200,10,200:0040:02C9:0273:00A5|201:0040:02C9:0274:0095|202:0040:02D2:03A0:006D|203:0040:02C2:039E:0075|204:0040:02D2:039F:007D|205:0040:02C2:039D:0085
round3_castle,0xDD,2956,0x0002,0x0003,0x0000,0x01,0x003F,0x0000,0x0001,actor_2c8,8,0x10C4C8,0x01,0x9A,0x01,0x00,0x1F,0x00,0x00,0x0065,0x02D1,0x033E,0x00,0x40,0x00,220,19,220:0040:02D0:0272:005D|221:0040:02D2:039C:0055|222:0040:02C2:039A:0055|223:0040:02D2:039B:0065|224:0040:02C2:0399:0065
round3_castle,0xDD,2960,0x0002,0x0003,0x0000,0x01,0x003F,0x0000,0x0001,actor_2c8,4,0x10C3C8,0x01,0x95,0x00,0x00,0x02,0x00,0x00,0x00CB,0x02B1,0x033E,0x00,0x40,0x04,180,10,180:4040:0281:03A2:00CC|181:4040:0291:03A3:00CC|182:4040:02B9:0349:00CC|183:4040:02A9:0347:00CC|184:4040:0299:0365:00CC|185:4040:02B9:0348:00BC|186:4040:02A9:0346:00BC|187:4040:0299:0364:00BC|188:4040:0289:0356:00C1|189:4040:0299:0363:00AC
round3_castle,0xDD,2960,0x0002,0x0003,0x0000,0x01,0x003F,0x0000,0x0001,actor_2c8,6,0x10C448,0x01,0x9B,0x01,0x00,0x1F,0x00,0x00,0x007D,0x02D1,0x033E,0x00,0x40,0x00,200,10,200:0040:02C9:0273:00A5|201:0040:02C9:0274:0095|202:0040:02D2:03A0:006D|203:0040:02C2:039E:0075|204:0040:02D2:039F:007D|205:0040:02C2:039D:0085
round3_castle,0xDD,2962,0x0002,0x0003,0x0000,0x01,0x003F,0x0000,0x0001,actor_2c8,4,0x10C3C8,0x01,0x95,0x00,0x00,0x02,0x00,0x00,0x00C9,0x02B1,0x033E,0x00,0x40,0x04,180,10,180:4040:0281:03A2:00CA|181:4040:0291:03A3:00CA|182:4040:02B9:0349:00CA|183:4040:02A9:0347:00CA|184:4040:0299:0365:00CA|185:4040:02B9:0348:00BA|186:4040:02A9:0346:00BA|187:4040:0299:0364:00BA|188:4040:0289:0356:00BF|189:4040:0299:0363:00AA
round3_castle,0xDD,2962,0x0002,0x0003,0x0000,0x01,0x003F,0x0000,0x0001,actor_2c8,8,0x10C4C8,0x01,0x97,0x01,0x00,0x1F,0x00,0x00,0x0065,0x02D1,0x033E,0x00,0x40,0x00,220,19,220:0040:02B8:026E:0045|221:0040:02C8:026D:004D|222:0040:02D2:0390:0055|223:0040:02C2:038E:0055|224:0040:02D2:038F:0065|225:0040:02C2:038D:0065
round3_castle,0xDD,2964,0x0002,0x0003,0x0000,0x01,0x003F,0x0000,0x0001,actor_2c8,4,0x10C3C8,0x01,0x94,0x00,0x00,0x02,0x00,0x00,0x00C7,0x02B1,0x033E,0x00,0x40,0x04,180,10,180:4040:0281:03A2:00C8|181:4040:0291:03A3:00C8|182:4040:02B9:0345:00C8|183:4040:02A9:0343:00C8|184:4040:0299:0365:00C8|185:4040:02B9:0344:00B8|186:4040:02A9:0342:00B8|187:4040:0299:0364:00B8|188:4040:0289:0356:00BD|189:4040:0299:0363:00A8
round3_castle,0xDD,2966,0x0002,0x0003,0x0000,0x01,0x003F,0x0000,0x0001,actor_2c8,4,0x10C3C8,0x01,0x94,0x00,0x00,0x02,0x00,0x00,0x00C7,0x02B1,0x033E,0x00,0x40,0x04,180,10,180:4040:0281:03A2:00C6|181:4040:0291:03A3:00C6|182:4040:02B9:0345:00C6|183:4040:02A9:0343:00C6|184:4040:0299:0365:00C6|185:4040:02B9:0344:00B6|186:4040:02A9:0342:00B6|187:4040:0299:0364:00B6|188:4040:0289:0356:00BB|189:4040:0299:0363:00A6
round3_castle,0xDD,2966,0x0002,0x0003,0x0000,0x01,0x003F,0x0000,0x0001,actor_2c8,6,0x10C448,0x01,0x98,0x01,0x00,0x1F,0x00,0x00,0x007D,0x02D1,0x033E,0x00,0x40,0x00,200,10,200:0040:02D1:0271:006D|201:0040:02D2:0398:006D|202:0040:02C2:0396:006D|203:0040:02D2:0397:007D|204:0040:02C2:0395:007D
round3_castle,0xDD,2968,0x0002,0x0003,0x0000,0x01,0x003F,0x0000,0x0001,actor_2c8,4,0x10C3C8,0x01,0x94,0x00,0x00,0x02,0x00,0x00,0x00C5,0x02B1,0x033E,0x00,0x40,0x04,180,10,180:4040:0281:03A2:00C4|181:4040:0291:03A3:00C4|182:4040:02B9:0345:00C4|183:4040:02A9:0343:00C4|184:4040:0299:0365:00C4|185:4040:02B9:0344:00B4|186:4040:02A9:0342:00B4|187:4040:0299:0364:00B4|188:4040:0289:0356:00B9|189:4040:0299:0363:00A4
round3_castle,0xDD,2970,0x0002,0x0003,0x0000,0x01,0x003F,0x0000,0x0001,actor_2c8,4,0x10C3C8,0x01,0x94,0x00,0x00,0x02,0x00,0x00,0x00C3,0x02B1,0x033E,0x00,0x40,0x04,180,10,180:4040:0281:03A2:00C2|181:4040:0291:03A3:00C2|182:4040:02B9:0345:00C2|183:4040:02A9:0343:00C2|184:4040:0299:0365:00C2|185:4040:02B9:0344:00B2|186:4040:02A9:0342:00B2|187:4040:0299:0364:00B2|188:4040:0289:0356:00B7|189:4040:0299:0363:00A2
round3_castle,0xDD,2972,0x0002,0x0003,0x0000,0x01,0x003F,0x0000,0x0001,actor_2c8,4,0x10C3C8,0x01,0x93,0x00,0x00,0x02,0x00,0x00,0x00C1,0x02B1,0x033E,0x00,0x40,0x04,180,10,180:4040:0281:03A2:00C0|181:4040:0291:03A3:00C0|182:4040:02B9:0341:00C0|183:4040:02A9:033F:00C0|184:4040:0299:0365:00C0|185:4040:02B9:0340:00B0|186:4040:02A9:033E:00B0|187:4040:0299:0364:00B0|188:4040:0289:0356:00B5|189:4040:0299:0363:00A0
round3_castle,0xDD,2974,0x0002,0x0003,0x0000,0x01,0x003F,0x0000,0x0001,actor_2c8,4,0x10C3C8,0x01,0x93,0x00,0x00,0x02,0x00,0x00,0x00BF,0x02B1,0x033E,0x00,0x40,0x04,180,10,180:4040:0281:03A2:00BE|181:4040:0291:03A3:00BE|182:4040:02B9:0341:00BE|183:4040:02A9:033F:00BE|184:4040:0299:0365:00BE|185:4040:02B9:0340:00AE|186:4040:02A9:033E:00AE|187:4040:0299:0364:00AE|188:4040:0289:0356:00B3|189:4040:0299:0363:009E
round3_castle,0xDD,2974,0x0002,0x0003,0x0000,0x01,0x003F,0x0000,0x0001,actor_2c8,8,0x10C4C8,0x01,0x98,0x01,0x00,0x1F,0x00,0x00,0x0065,0x02D1,0x033E,0x00,0x40,0x00,220,19,220:0040:02B0:026B:0055|221:0040:02C0:026C:0055|222:0040:02D2:038C:0055|223:0040:02C2:038A:0055|224:0040:02D2:038B:0065|225:0040:02C2:0389:0065
round3_castle,0xDD,2978,0x0002,0x0003,0x0000,0x01,0x003F,0x0000,0x0001,actor_2c8,4,0x10C3C8,0x01,0x93,0x00,0x00,0x02,0x00,0x00,0x00BB,0x02B1,0x033E,0x00,0x40,0x04,180,10,180:4040:0281:03A2:00BC|181:4040:0291:03A3:00BC|182:4040:02B9:0341:00BC|183:4040:02A9:033F:00BC|184:4040:0299:0365:00BC|185:4040:02B9:0340:00AC|186:4040:02A9:033E:00AC|187:4040:0299:0364:00AC|188:4040:0289:0356:00B1|189:4040:0299:0363:009C
round3_castle,0xDD,2980,0x0002,0x0003,0x0000,0x01,0x003F,0x0000,0x0001,actor_2c8,4,0x10C3C8,0x01,0x94,0x00,0x00,0x02,0x00,0x00,0x00B9,0x02B1,0x033E,0x00,0x40,0x04,180,10,180:4040:0281:03A2:00BA|181:4040:0291:03A3:00BA|182:4040:02B9:0345:00BA|183:4040:02A9:0343:00BA|184:4040:0299:0365:00BA|185:4040:02B9:0344:00AA|186:4040:02A9:0342:00AA|187:4040:0299:0364:00AA|188:4040:0289:0356:00AF|189:4040:0299:0363:009A
round3_castle,0xDD,2980,0x0002,0x0003,0x0000,0x01,0x003F,0x0000,0x0001,actor_2c8,8,0x10C4C8,0x01,0x9A,0x01,0x00,0x1F,0x00,0x00,0x0065,0x02D1,0x033E,0x00,0x40,0x00,220,19,220:0040:02C8:026F:004D|221:0040:02C8:0270:003D|222:0040:02D2:0394:0055|223:0040:02C2:0392:0055|224:0040:02D2:0393:0065|225:0040:02C2:0391:0065
round3_castle,0xDD,2982,0x0002,0x0003,0x0000,0x01,0x003F,0x0000,0x0001,actor_2c8,4,0x10C3C8,0x01,0x94,0x00,0x00,0x02,0x00,0x00,0x00B7,0x02B1,0x033E,0x00,0x40,0x04,180,10,180:4040:0281:03A2:00B8|181:4040:0291:03A3:00B8|182:4040:02B9:0345:00B8|183:4040:02A9:0343:00B8|184:4040:0299:0365:00B8|185:4040:02B9:0344:00A8|186:4040:02A9:0342:00A8|187:4040:0299:0364:00A8|188:4040:0289:0356:00AD|189:4040:0299:0363:0098
round3_castle,0xDD,2984,0x0002,0x0003,0x0000,0x01,0x003F,0x0000,0x0001,actor_2c8,4,0x10C3C8,0x01,0x94,0x00,0x00,0x02,0x00,0x00,0x00B7,0x02B1,0x033E,0x00,0x40,0x04,180,10,180:4040:0281:03A2:00B6|181:4040:0291:03A3:00B6|182:4040:02B9:0345:00B6|183:4040:02A9:0343:00B6|184:4040:0299:0365:00B6|185:4040:02B9:0344:00A6|186:4040:02A9:0342:00A6|187:4040:0299:0364:00A6|188:4040:0289:0356:00AB|189:4040:0299:0363:0096
round3_castle,0xDD,2984,0x0002,0x0003,0x0000,0x01,0x003F,0x0000,0x0001,actor_2c8,6,0x10C448,0x01,0x99,0x01,0x00,0x1F,0x00,0x00,0x007D,0x02D1,0x033E,0x00,0x40,0x00,200,10,200:0040:02B8:026E:005D|201:0040:02C8:026D:0065|202:0040:02D2:0390:006D|203:0040:02C2:038E:006D|204:0040:02D2:038F:007D|205:0040:02C2:038D:007D
round3_castle,0xDD,2986,0x0002,0x0003,0x0000,0x01,0x003F,0x0000,0x0001,actor_2c8,4,0x10C3C8,0x01,0x96,0x00,0x00,0x08,0x00,0x00,0x00B4,0x02B1,0x033E,0x00,0x40,0x04,180,10,180:4040:0281:03A2:00B3|181:4040:0291:03A3:00B3|182:4040:02B9:0385:00B3|183:4040:02A9:0383:00B3|184:4040:0299:0365:00B3|185:4040:02A9:0382:00A3|186:4040:0299:0387:00A3|187:4040:0289:0356:00A7|188:4040:0299:0386:0093|189:4040:0289:0388:009B
round3_castle,0xDD,2986,0x0002,0x0003,0x0000,0x01,0x003F,0x0000,0x0001,actor_2c8,8,0x10C4C8,0x01,0x9C,0x01,0x00,0x1F,0x00,0x00,0x0065,0x02D1,0x033E,0x00,0x40,0x00,220,19,220:0040:02D0:0272:005D|221:0040:02D2:039C:0055|222:0040:02C2:039A:0055|223:0040:02D2:039B:0065|224:0040:02C2:0399:0065
round3_castle,0xDD,2988,0x0002,0x0003,0x0000,0x01,0x003F,0x0000,0x0001,actor_2c8,4,0x10C3C8,0x01,0x96,0x00,0x00,0x08,0x00,0x00,0x00B0,0x02B2,0x033E,0x00,0x40,0x04,180,10,180:4040:0282:03A2:00AF|181:4040:0292:03A3:00AF|182:4040:02BA:0385:00AF|183:4040:02AA:0383:00AF|184:4040:029A:0365:00AF|185:4040:02AA:0382:009F|186:4040:029A:0387:009F|187:4040:028A:0356:00A3|188:4040:029A:0386:008F|189:4040:028A:0388:0097
round3_castle,0xDD,2990,0x0002,0x0003,0x0000,0x01,0x003F,0x0000,0x0001,actor_2c8,4,0x10C3C8,0x01,0x96,0x00,0x00,0x08,0x00,0x00,0x00AD,0x02B3,0x033E,0x00,0x40,0x04,180,10,180:4040:0283:03A2:00AC|181:4040:0293:03A3:00AC|182:4040:02BB:0385:00AC|183:4040:02AB:0383:00AC|184:4040:029B:0365:00AC|185:4040:02AB:0382:009C|186:4040:029B:0387:009C|187:4040:028B:0356:00A0|188:4040:029B:0386:008C|189:4040:028B:0388:0094
round3_castle,0xDD,2990,0x0002,0x0003,0x0000,0x01,0x003F,0x0000,0x0001,actor_2c8,6,0x10C448,0x01,0x9B,0x01,0x00,0x1F,0x00,0x00,0x007D,0x02D1,0x033E,0x00,0x40,0x00,200,10,200:0040:02D1:0271:006D|201:0040:02D2:0398:006D|202:0040:02C2:0396:006D|203:0040:02D2:0397:007D|204:0040:02C2:0395:007D
round3_castle,0xDD,2992,0x0002,0x0003,0x0000,0x01,0x003F,0x0000,0x0001,actor_2c8,4,0x10C3C8,0x01,0x96,0x00,0x00,0x08,0x00,0x00,0x00AA,0x02B4,0x033E,0x00,0x40,0x04,180,10,180:4040:0284:03A2:00A9|181:4040:0294:03A3:00A9|182:4040:02BC:0385:00A9|183:4040:02AC:0383:00A9|184:4040:029C:0365:00A9|185:4040:02AC:0382:0099|186:4040:029C:0387:0099|187:4040:028C:0356:009D|188:4040:029C:0386:0089|189:4040:028C:0388:0091
round3_castle,0xDD,2992,0x0002,0x0003,0x0000,0x01,0x003F,0x0000,0x0001,actor_2c8,8,0x10C4C8,0x01,0x9B,0x01,0x00,0x1F,0x00,0x00,0x0065,0x02D1,0x033E,0x00,0x40,0x00,220,19,220:0040:02C9:0273:008D|221:0040:02C9:0274:007D|222:0040:02D2:03A0:0055|223:0040:02C2:039E:005D|224:0040:02D2:039F:0065|225:0040:02C2:039D:006D
round3_castle,0xDD,2994,0x0002,0x0003,0x0000,0x01,0x003F,0x0000,0x0001,actor_2c8,4,0x10C3C8,0x01,0x96,0x00,0x00,0x08,0x00,0x00,0x00A7,0x02B6,0x033E,0x00,0x40,0x04,180,10,180:4040:0286:03A2:00A6|181:4040:0296:03A3:00A6|182:4040:02BE:0385:00A6|183:4040:02AE:0383:00A6|184:4040:029E:0365:00A6|185:4040:02AE:0382:0096|186:4040:029E:0387:0096|187:4040:028E:0356:009A|188:4040:029E:0386:0086|189:4040:028E:0388:008E
round3_castle,0xDD,2996,0x0002,0x0003,0x0000,0x01,0x003F,0x0000,0x0001,actor_2c8,4,0x10C3C8,0x01,0x96,0x00,0x00,0x08,0x00,0x00,0x00A4,0x02B8,0x033E,0x00,0x40,0x04,180,10,180:4040:0288:03A2:00A3|181:4040:0298:03A3:00A3|182:4040:02C0:0385:00A3|183:4040:02B0:0383:00A3|184:4040:02A0:0365:00A3|185:4040:02B0:0382:0093|186:4040:02A0:0387:0093|187:4040:0290:0356:0097|188:4040:02A0:0386:0083|189:4040:0290:0388:008B
round3_castle,0xDD,2998,0x0002,0x0003,0x0000,0x01,0x003F,0x0000,0x0001,actor_2c8,4,0x10C3C8,0x01,0x96,0x00,0x00,0x08,0x00,0x00,0x00A1,0x02BB,0x033E,0x00,0x40,0x04,180,10,180:4040:028B:03A2:00A0|181:4040:029B:03A3:00A0|182:4040:02C3:0385:00A0|183:4040:02B3:0383:00A0|184:4040:02A3:0365:00A0|185:4040:02B3:0382:0090|186:4040:02A3:0387:0090|187:4040:0293:0356:0094|188:4040:02A3:0386:0080|189:4040:0293:0388:0088
round3_castle,0xDD,2998,0x0002,0x0003,0x0000,0x01,0x003F,0x0000,0x0001,actor_2c8,8,0x10C4C8,0x01,0x98,0x01,0x00,0x1F,0x00,0x00,0x0065,0x02D1,0x033E,0x00,0x40,0x00,220,19,220:0040:02D1:0271:0055|221:0040:02D2:0398:0055|222:0040:02C2:0396:0055|223:0040:02D2:0397:0065|224:0040:02C2:0395:0065
round3_castle,0xDD,3000,0x0002,0x0003,0x0000,0x01,0x003F,0x0000,0x0001,actor_2c8,4,0x10C3C8,0x01,0x96,0x00,0x00,0x08,0x00,0x00,0x009E,0x02BE,0x033E,0x00,0x40,0x04,180,10,180:4040:028E:03A2:009D|181:4040:029E:03A3:009D|182:4040:02C6:0385:009D|183:4040:02B6:0383:009D|184:4040:02A6:0365:009D|185:4040:02B6:0382:008D|186:4040:02A6:0387:008D|187:4040:0296:0356:0091|188:4040:02A6:0386:007D|189:4040:0296:0388:0085
round3_castle,0xDD,3002,0x0002,0x0003,0x0000,0x01,0x003F,0x0000,0x0001,actor_2c8,4,0x10C3C8,0x01,0x96,0x00,0x00,0x08,0x00,0x00,0x009C,0x02C1,0x033E,0x00,0x40,0x04,180,10,180:4040:0291:03A2:009B|181:4040:02A1:03A3:009B|182:4040:02C9:0385:009B|183:4040:02B9:0383:009B|184:4040:02A9:0365:009B|185:4040:02B9:0382:008B|186:4040:02A9:0387:008B|187:4040:0299:0356:008F|188:4040:02A9:0386:007B|189:4040:0299:0388:0083
round3_castle,0xDD,3002,0x0002,0x0003,0x0000,0x01,0x003F,0x0000,0x0001,actor_2c8,6,0x10C448,0x01,0x9A,0x01,0x00,0x1F,0x00,0x00,0x007D,0x02D1,0x033E,0x00,0x40,0x00,200,10,200:0040:02D0:0272:0075|201:0040:02D2:039C:006D|202:0040:02C2:039A:006D|203:0040:02D2:039B:007D|204:0040:02C2:0399:007D
round3_castle,0xDD,3004,0x0002,0x0003,0x0000,0x01,0x003F,0x0000,0x0001,actor_2c8,4,0x10C3C8,0x01,0x96,0x00,0x00,0x08,0x00,0x00,0x009A,0x02C4,0x033E,0x00,0x40,0x04,180,10,180:4040:0294:03A2:0099|181:4040:02A4:03A3:0099|182:4040:02CC:0385:0099|183:4040:02BC:0383:0099|184:4040:02AC:0365:0099|185:4040:02BC:0382:0089|186:4040:02AC:0387:0089|187:4040:029C:0356:008D|188:4040:02AC:0386:0079|189:4040:029C:0388:0081
round3_castle,0xDD,3006,0x0002,0x0003,0x0000,0x01,0x003F,0x0000,0x0001,actor_2c8,4,0x10C3C8,0x01,0x94,0x00,0x00,0x08,0x00,0x00,0x0099,0x02C7,0x033E,0x00,0x40,0x04,180,10,180:4040:0297:03A2:0098|181:4040:02A7:03A3:0098|182:4040:02CF:0345:0098|183:4040:02BF:0343:0098|184:4040:02AF:0365:0098|185:4040:02CF:0344:0088|186:4040:02BF:0342:0088|187:4040:02AF:0364:0088|188:4040:029F:0356:008D|189:4040:02AF:0363:0078
round3_castle,0xDD,3006,0x0002,0x0003,0x0000,0x01,0x003F,0x0000,0x0001,actor_2c8,8,0x10C4C8,0x01,0x93,0x01,0x00,0x01,0x00,0x00,0x0069,0x02D1,0x033E,0x00,0x40,0x00,220,19,220:0040:02A1:026B:0057|221:0040:02B1:026C:0057|222:0040:02D9:0341:0057|223:0040:02C9:033F:0057|224:0040:02B9:0365:0057|225:0040:02D9:0340:0067|226:0040:02C9:033E:0067|227:0040:02B9:0364:0067|228:0040:02A9:0356:0062|229:0040:02B9:0363:0077
round3_castle,0xDD,3008,0x0002,0x0003,0x0000,0x01,0x003F,0x0000,0x0001,actor_2c8,4,0x10C3C8,0x01,0x94,0x00,0x00,0x08,0x00,0x00,0x0098,0x02CA,0x033E,0x00,0x40,0x04,180,10,180:4040:029A:03A2:0097|181:4040:02AA:03A3:0097|182:4040:02D2:0345:0097|183:4040:02C2:0343:0097|184:4040:02B2:0365:0097|185:4040:02D2:0344:0087|186:4040:02C2:0342:0087|187:4040:02B2:0364:0087|188:4040:02A2:0356:008C|189:4040:02B2:0363:0077
round3_castle,0xDD,3008,0x0002,0x0003,0x0000,0x01,0x003F,0x0000,0x0001,actor_2c8,6,0x10C448,0x01,0x97,0x01,0x00,0x1F,0x00,0x00,0x007D,0x02D1,0x033E,0x00,0x40,0x00,200,10,200:0040:02B8:026E:005D|201:0040:02C8:026D:0065|202:0040:02D2:0390:006D|203:0040:02C2:038E:006D|204:0040:02D2:038F:007D|205:0040:02C2:038D:007D
round3_castle,0xDD,3008,0x0002,0x0003,0x0000,0x01,0x003F,0x0000,0x0001,actor_2c8,8,0x10C4C8,0x01,0x93,0x01,0x00,0x01,0x00,0x00,0x006D,0x02D1,0x033E,0x00,0x40,0x00,220,19,220:0040:02A1:026B:005B|221:0040:02B1:026C:005B|222:0040:02D9:0341:005B|223:0040:02C9:033F:005B|224:0040:02B9:0365:005B|225:0040:02D9:0340:006B|226:0040:02C9:033E:006B|227:0040:02B9:0364:006B|228:0040:02A9:0356:0066|229:0040:02B9:0363:007B
round3_castle,0xDD,3010,0x0002,0x0003,0x0000,0x01,0x003F,0x0000,0x0001,actor_2c8,4,0x10C3C8,0x01,0x93,0x00,0x00,0x08,0x00,0x00,0x0097,0x02CE,0x033E,0x00,0x40,0x04,180,10,180:4040:029E:03A2:0096|181:4040:02AE:03A3:0096|182:4040:02D6:0341:0096|183:4040:02C6:033F:0096|184:4040:02B6:0365:0096|185:4040:02D6:0340:0086|186:4040:02C6:033E:0086|187:4040:02B6:0364:0086|188:4040:02A6:0356:008B|189:4040:02B6:0363:0076
round3_castle,0xDD,3010,0x0002,0x0003,0x0000,0x01,0x003F,0x0000,0x0001,actor_2c8,8,0x10C4C8,0x01,0x93,0x00,0x00,0x02,0x00,0x00,0x006B,0x02D1,0x033E,0x01,0x40,0x00,220,19,220:4040:02A1:026B:006C|221:4040:02B1:026C:006C|222:4040:02D9:0341:006C|223:4040:02C9:033F:006C|224:4040:02B9:0365:006C|225:4040:02D9:0340:005C|226:4040:02C9:033E:005C|227:4040:02B9:0364:005C|228:4040:02A9:0356:0061|229:4040:02B9:0363:004C
round3_castle,0xDD,3012,0x0002,0x0003,0x0000,0x01,0x003F,0x0000,0x0001,actor_2c8,4,0x10C3C8,0x01,0x93,0x00,0x00,0x08,0x00,0x00,0x0097,0x02D1,0x033E,0x00,0x40,0x04,180,10,180:4040:02A1:03A2:0096|181:4040:02B1:03A3:0096|182:4040:02D9:0341:0096|183:4040:02C9:033F:0096|184:4040:02B9:0365:0096|185:4040:02D9:0340:0086|186:4040:02C9:033E:0086|187:4040:02B9:0364:0086|188:4040:02A9:0356:008B|189:4040:02B9:0363:0076
round3_castle,0xDD,3012,0x0002,0x0003,0x0000,0x01,0x003F,0x0000,0x0001,actor_2c8,8,0x10C4C8,0x01,0x94,0x00,0x00,0x02,0x00,0x00,0x0067,0x02D1,0x033E,0x01,0x40,0x00,220,19,220:0040:02A1:026B:0059|221:0040:02B1:026C:0059|222:0040:02D9:0345:0059|223:0040:02C9:0343:0059|224:0040:02B9:0365:0059|225:0040:02D9:0344:0069|226:0040:02C9:0342:0069|227:0040:02B9:0364:0069|228:0040:02A9:0356:0064|229:0040:02B9:0363:0079
round3_castle,0xDD,3014,0x0002,0x0003,0x0000,0x01,0x003F,0x0000,0x0001,actor_2c8,4,0x10C3C8,0x01,0x94,0x00,0x00,0x02,0x00,0x00,0x0095,0x02D1,0x033E,0x01,0x40,0x04,180,10,180:4040:02A1:03A2:0096|181:4040:02B1:03A3:0096|182:4040:02D9:0341:0096|183:4040:02C9:033F:0096|184:4040:02B9:0365:0096|185:4040:02D9:0340:0086|186:4040:02C9:033E:0086|187:4040:02B9:0364:0086|188:4040:02A9:0356:008B|189:4040:02B9:0363:0076
round3_castle,0xDD,3014,0x0002,0x0003,0x0000,0x01,0x003F,0x0000,0x0001,actor_2c8,8,0x10C4C8,0x01,0x94,0x00,0x00,0x02,0x00,0x00,0x0065,0x02D1,0x033E,0x01,0x40,0x00,220,19,220:0040:02A1:026B:0055|221:0040:02B1:026C:0055|222:0040:02D9:0345:0055|223:0040:02C9:0343:0055|224:0040:02B9:0365:0055|225:0040:02D9:0344:0065|226:0040:02C9:0342:0065|227:0040:02B9:0364:0065|228:0040:02A9:0356:0060|229:0040:02B9:0363:0075
round3_castle,0xDD,3016,0x0002,0x0003,0x0000,0x01,0x003F,0x0000,0x0001,actor_2c8,4,0x10C3C8,0x01,0x94,0x00,0x00,0x02,0x00,0x00,0x0093,0x02D1,0x033E,0x01,0x40,0x04,180,10,180:0040:02A1:03A2:0085|181:0040:02B1:03A3:0085|182:0040:02D9:0345:0085|183:0040:02C9:0343:0085|184:0040:02B9:0365:0085|185:0040:02D9:0344:0095|186:0040:02C9:0342:0095|187:0040:02B9:0364:0095|188:0040:02A9:0356:0090|189:0040:02B9:0363:00A5
round3_castle,0xDD,3016,0x0002,0x0003,0x0000,0x01,0x003F,0x0000,0x0001,actor_2c8,8,0x10C4C8,0x01,0x94,0x00,0x00,0x02,0x00,0x00,0x0061,0x02D1,0x033E,0x01,0x40,0x00,220,19,220:0040:02A1:026B:0053|221:0040:02B1:026C:0053|222:0040:02D9:0345:0053|223:0040:02C9:0343:0053|224:0040:02B9:0365:0053|225:0040:02D9:0344:0063|226:0040:02C9:0342:0063|227:0040:02B9:0364:0063|228:0040:02A9:0356:005E|229:0040:02B9:0363:0073
round3_castle,0xDD,3018,0x0002,0x0003,0x0000,0x01,0x003F,0x0000,0x0001,actor_2c8,4,0x10C3C8,0x01,0x94,0x00,0x00,0x02,0x00,0x00,0x0091,0x02D1,0x033E,0x01,0x40,0x04,180,10,180:0040:02A1:03A2:0083|181:0040:02B1:03A3:0083|182:0040:02D9:0345:0083|183:0040:02C9:0343:0083|184:0040:02B9:0365:0083|185:0040:02D9:0344:0093|186:0040:02C9:0342:0093|187:0040:02B9:0364:0093|188:0040:02A9:0356:008E|189:0040:02B9:0363:00A3
round3_castle,0xDD,3018,0x0002,0x0003,0x0000,0x01,0x003F,0x0000,0x0001,actor_2c8,8,0x10C4C8,0x01,0x94,0x00,0x00,0x02,0x00,0x00,0x005D,0x02D1,0x033E,0x01,0x40,0x00,220,19,220:0040:02A1:026B:004F|221:0040:02B1:026C:004F|222:0040:02D9:0345:004F|223:0040:02C9:0343:004F|224:0040:02B9:0365:004F|225:0040:02D9:0344:005F|226:0040:02C9:0342:005F|227:0040:02B9:0364:005F|228:0040:02A9:0356:005A|229:0040:02B9:0363:006F
round3_castle,0xDD,3020,0x0002,0x0003,0x0000,0x01,0x003F,0x0000,0x0001,actor_2c8,4,0x10C3C8,0x01,0x95,0x00,0x00,0x02,0x00,0x00,0x008F,0x02D1,0x033E,0x01,0x40,0x04,180,10,180:0040:02A1:03A2:0081|181:0040:02B1:03A3:0081|182:0040:02D9:0349:0081|183:0040:02C9:0347:0081|184:0040:02B9:0365:0081|185:0040:02D9:0348:0091|186:0040:02C9:0346:0091|187:0040:02B9:0364:0091|188:0040:02A9:0356:008C|189:0040:02B9:0363:00A1
round3_castle,0xDD,3020,0x0002,0x0003,0x0000,0x01,0x003F,0x0000,0x0001,actor_2c8,8,0x10C4C8,0x01,0x95,0x01,0x00,0x01,0x00,0x00,0x005F,0x02D1,0x033E,0x00,0x40,0x00,220,19,220:0040:02A1:026B:004D|221:0040:02B1:026C:004D|222:0040:02D9:0349:004D|223:0040:02C9:0347:004D|224:0040:02B9:0365:004D|225:0040:02D9:0348:005D|226:0040:02C9:0346:005D|227:0040:02B9:0364:005D|228:0040:02A9:0356:0058|229:0040:02B9:0363:006D
round3_castle,0xDD,3022,0x0002,0x0003,0x0000,0x01,0x003F,0x0000,0x0001,actor_2c8,4,0x10C3C8,0x01,0x95,0x00,0x00,0x02,0x00,0x00,0x008F,0x02D1,0x033E,0x01,0x40,0x04,180,10,180:0040:02A1:03A2:007F|181:0040:02B1:03A3:007F|182:0040:02D9:0349:007F|183:0040:02C9:0347:007F|184:0040:02B9:0365:007F|185:0040:02D9:0348:008F|186:0040:02C9:0346:008F|187:0040:02B9:0364:008F|188:0040:02A9:0356:008A|189:0040:02B9:0363:009F
round3_castle,0xDD,3022,0x0002,0x0003,0x0000,0x01,0x003F,0x0000,0x0001,actor_2c8,8,0x10C4C8,0x01,0x95,0x01,0x00,0x01,0x00,0x00,0x0063,0x02D1,0x033E,0x00,0x40,0x00,220,19,220:0040:02A1:026B:0051|221:0040:02B1:026C:0051|222:0040:02D9:0349:0051|223:0040:02C9:0347:0051|224:0040:02B9:0365:0051|225:0040:02D9:0348:0061|226:0040:02C9:0346:0061|227:0040:02B9:0364:0061|228:0040:02A9:0356:005C|229:0040:02B9:0363:0071
round3_castle,0xDD,3024,0x0002,0x0003,0x0000,0x01,0x003F,0x0000,0x0001,actor_2c8,4,0x10C3C8,0x01,0x95,0x00,0x00,0x02,0x00,0x00,0x008D,0x02D1,0x033E,0x01,0x40,0x04,180,10,180:0040:02A1:03A2:007D|181:0040:02B1:03A3:007D|182:0040:02D9:0349:007D|183:0040:02C9:0347:007D|184:0040:02B9:0365:007D|185:0040:02D9:0348:008D|186:0040:02C9:0346:008D|187:0040:02B9:0364:008D|188:0040:02A9:0356:0088|189:0040:02B9:0363:009D
round3_castle,0xDD,3026,0x0002,0x0003,0x0000,0x01,0x003F,0x0000,0x0001,actor_2c8,4,0x10C3C8,0x01,0x95,0x00,0x00,0x02,0x00,0x00,0x008B,0x02D1,0x033E,0x01,0x40,0x04,180,10,180:0040:02A1:03A2:007B|181:0040:02B1:03A3:007B|182:0040:02D9:0349:007B|183:0040:02C9:0347:007B|184:0040:02B9:0365:007B|185:0040:02D9:0348:008B|186:0040:02C9:0346:008B|187:0040:02B9:0364:008B|188:0040:02A9:0356:0086|189:0040:02B9:0363:009B
round3_castle,0xDD,3026,0x0002,0x0003,0x0000,0x01,0x003F,0x0000,0x0001,actor_2c8,8,0x10C4C8,0x01,0x95,0x01,0x00,0x11,0x00,0x00,0x0065,0x02C9,0x033E,0x00,0x40,0x00,220,19,220:0040:029D:026B:0055|221:0040:02AD:026C:0055|222:0040:02D5:0349:0055|223:0040:02C5:0347:0055|224:0040:02B5:0365:0055|225:0040:02D5:0348:0065|226:0040:02C5:0346:0065|227:0040:02B5:0364:0065|228:0040:02A5:0356:0060|229:0040:02B5:0363:0075
round3_castle,0xDD,3028,0x0002,0x0003,0x0000,0x01,0x003F,0x0000,0x0001,actor_2c8,4,0x10C3C8,0x01,0x94,0x00,0x00,0x02,0x00,0x00,0x0089,0x02D1,0x033E,0x01,0x40,0x04,180,10,180:0040:02A1:03A2:0079|181:0040:02B1:03A3:0079|182:0040:02D9:0345:0079|183:0040:02C9:0343:0079|184:0040:02B9:0365:0079|185:0040:02D9:0344:0089|186:0040:02C9:0342:0089|187:0040:02B9:0364:0089|188:0040:02A9:0356:0084|189:0040:02B9:0363:0099
round3_castle,0xDD,3028,0x0002,0x0003,0x0000,0x01,0x003F,0x0000,0x0001,actor_2c8,8,0x10C4C8,0x01,0x95,0x01,0x00,0x11,0x00,0x00,0x0065,0x02C2,0x033E,0x00,0x40,0x00,220,19,220:0040:0295:026B:0055|221:0040:02A5:026C:0055|222:0040:02CD:0349:0055|223:0040:02BD:0347:0055|224:0040:02AD:0365:0055|225:0040:02CD:0348:0065|226:0040:02BD:0346:0065|227:0040:02AD:0364:0065|228:0040:029D:0356:0060|229:0040:02AD:0363:0075
round3_castle,0xDD,3030,0x0002,0x0003,0x0000,0x01,0x003F,0x0000,0x0001,actor_2c8,4,0x10C3C8,0x01,0x94,0x00,0x00,0x02,0x00,0x00,0x0087,0x02D1,0x033E,0x01,0x40,0x04,180,10,180:0040:02A1:03A2:0077|181:0040:02B1:03A3:0077|182:0040:02D9:0345:0077|183:0040:02C9:0343:0077|184:0040:02B9:0365:0077|185:0040:02D9:0344:0087|186:0040:02C9:0342:0087|187:0040:02B9:0364:0087|188:0040:02A9:0356:0082|189:0040:02B9:0363:0097
round3_castle,0xDD,3030,0x0002,0x0003,0x0000,0x01,0x003F,0x0000,0x0001,actor_2c8,8,0x10C4C8,0x01,0x95,0x01,0x00,0x11,0x00,0x00,0x0065,0x02BC,0x033E,0x00,0x40,0x00,220,19,220:0040:028F:026B:0055|221:0040:029F:026C:0055|222:0040:02C7:0349:0055|223:0040:02B7:0347:0055|224:0040:02A7:0365:0055|225:0040:02C7:0348:0065|226:0040:02B7:0346:0065|227:0040:02A7:0364:0065|228:0040:0297:0356:0060|229:0040:02A7:0363:0075
round3_castle,0xDD,3032,0x0002,0x0003,0x0000,0x01,0x003F,0x0000,0x0001,actor_2c8,8,0x10C4C8,0x01,0x95,0x01,0x00,0x11,0x00,0x00,0x0065,0x02B6,0x033E,0x00,0x40,0x00,220,19,220:0040:0289:026B:0055|221:0040:0299:026C:0055|222:0040:02C1:0349:0055|223:0040:02B1:0347:0055|224:0040:02A1:0365:0055|225:0040:02C1:0348:0065|226:0040:02B1:0346:0065|227:0040:02A1:0364:0065|228:0040:0291:0356:0060|229:0040:02A1:0363:0075
round3_castle,0xDD,3034,0x0002,0x0003,0x0000,0x01,0x003F,0x0000,0x0001,actor_2c8,4,0x10C3C8,0x01,0x94,0x00,0x00,0x02,0x00,0x00,0x0083,0x02D1,0x033E,0x01,0x40,0x04,180,10,180:0040:02A1:03A2:0075|181:0040:02B1:03A3:0075|182:0040:02D9:0345:0075|183:0040:02C9:0343:0075|184:0040:02B9:0365:0075|185:0040:02D9:0344:0085|186:0040:02C9:0342:0085|187:0040:02B9:0364:0085|188:0040:02A9:0356:0080|189:0040:02B9:0363:0095
round3_castle,0xDD,3034,0x0002,0x0003,0x0000,0x01,0x003F,0x0000,0x0001,actor_2c8,8,0x10C4C8,0x01,0x95,0x01,0x00,0x11,0x00,0x00,0x0065,0x02B0,0x033E,0x00,0x40,0x00,220,19,220:0040:0283:026B:0055|221:0040:0293:026C:0055|222:0040:02BB:0349:0055|223:0040:02AB:0347:0055|224:0040:029B:0365:0055|225:0040:02BB:0348:0065|226:0040:02AB:0346:0065|227:0040:029B:0364:0065|228:0040:028B:0356:0060|229:0040:029B:0363:0075
round3_castle,0xDD,3036,0x0002,0x0003,0x0000,0x01,0x003F,0x0000,0x0001,actor_2c8,4,0x10C3C8,0x01,0x93,0x00,0x00,0x02,0x00,0x00,0x0081,0x02D1,0x033E,0x01,0x40,0x04,180,10,180:0040:02A1:03A2:0073|181:0040:02B1:03A3:0073|182:0040:02D9:0341:0073|183:0040:02C9:033F:0073|184:0040:02B9:0365:0073|185:0040:02D9:0340:0083|186:0040:02C9:033E:0083|187:0040:02B9:0364:0083|188:0040:02A9:0356:007E|189:0040:02B9:0363:0093
round3_castle,0xDD,3036,0x0002,0x0003,0x0000,0x01,0x003F,0x0000,0x0001,actor_2c8,8,0x10C4C8,0x01,0x95,0x01,0x00,0x11,0x00,0x00,0x0065,0x02AA,0x033E,0x00,0x40,0x00,220,19,220:0040:027D:026B:0055|221:0040:028D:026C:0055|222:0040:02B5:0349:0055|223:0040:02A5:0347:0055|224:0040:0295:0365:0055|225:0040:02B5:0348:0065|226:0040:02A5:0346:0065|227:0040:0295:0364:0065|228:0040:0285:0356:0060|229:0040:0295:0363:0075
round3_castle,0xDD,3038,0x0002,0x0003,0x0000,0x01,0x003F,0x0000,0x0001,actor_2c8,4,0x10C3C8,0x01,0x93,0x00,0x00,0x02,0x00,0x00,0x007F,0x02D1,0x033E,0x01,0x40,0x04,180,10,180:0040:02A1:03A2:0071|181:0040:02B1:03A3:0071|182:0040:02D9:0341:0071|183:0040:02C9:033F:0071|184:0040:02B9:0365:0071|185:0040:02D9:0340:0081|186:0040:02C9:033E:0081|187:0040:02B9:0364:0081|188:0040:02A9:0356:007C|189:0040:02B9:0363:0091
round3_castle,0xDD,3038,0x0002,0x0003,0x0000,0x01,0x003F,0x0000,0x0001,actor_2c8,8,0x10C4C8,0x01,0x96,0x01,0x00,0x11,0x00,0x00,0x0065,0x02A4,0x033E,0x00,0x40,0x00,220,19,220:0040:0277:026B:0055|221:0040:0287:026C:0055|222:0040:02AF:0385:0055|223:0040:029F:0383:0055|224:0040:028F:0365:0055|225:0040:029F:0382:0065|226:0040:028F:0387:0065|227:0040:027F:0356:0061|228:0040:028F:0386:0075|229:0040:027F:0388:006D
round3_castle,0xDD,3040,0x0002,0x0003,0x0000,0x01,0x003F,0x0000,0x0001,actor_2c8,4,0x10C3C8,0x01,0x93,0x00,0x00,0x02,0x00,0x00,0x007F,0x02D1,0x033E,0x01,0x40,0x04,180,10,180:0040:02A1:03A2:006F|181:0040:02B1:03A3:006F|182:0040:02D9:0341:006F|183:0040:02C9:033F:006F|184:0040:02B9:0365:006F|185:0040:02D9:0340:007F|186:0040:02C9:033E:007F|187:0040:02B9:0364:007F|188:0040:02A9:0356:007A|189:0040:02B9:0363:008F
round3_castle,0xDD,3040,0x0002,0x0003,0x0000,0x01,0x003F,0x0000,0x0001,actor_2c8,8,0x10C4C8,0x01,0x96,0x01,0x00,0x11,0x00,0x00,0x0065,0x029E,0x033E,0x00,0x40,0x00,220,19,220:0040:0271:026B:0055|221:0040:0281:026C:0055|222:0040:02A9:0385:0055|223:0040:0299:0383:0055|224:0040:0289:0365:0055|225:0040:0299:0382:0065|226:0040:0289:0387:0065|227:0040:0279:0356:0061|228:0040:0289:0386:0075|229:0040:0279:0388:006D
round3_castle,0xDD,3042,0x0002,0x0003,0x0000,0x01,0x003F,0x0000,0x0001,actor_2c8,8,0x10C4C8,0x01,0x96,0x01,0x00,0x11,0x00,0x00,0x0065,0x0298,0x033E,0x00,0x40,0x00,220,19,220:0040:026B:026B:0055|221:0040:027B:026C:0055|222:0040:02A3:0385:0055|223:0040:0293:0383:0055|224:0040:0283:0365:0055|225:0040:0293:0382:0065|226:0040:0283:0387:0065|227:0040:0273:0356:0061|228:0040:0283:0386:0075|229:0040:0273:0388:006D
round3_castle,0xDD,3044,0x0002,0x0003,0x0000,0x01,0x003F,0x0000,0x0001,actor_2c8,4,0x10C3C8,0x01,0x94,0x01,0x00,0x01,0x00,0x00,0x0083,0x02D1,0x033E,0x00,0x40,0x04,180,10,180:0040:02A1:03A2:0073|181:0040:02B1:03A3:0073|182:0040:02D9:0345:0073|183:0040:02C9:0343:0073|184:0040:02B9:0365:0073|185:0040:02D9:0344:0083|186:0040:02C9:0342:0083|187:0040:02B9:0364:0083|188:0040:02A9:0356:007E|189:0040:02B9:0363:0093
round3_castle,0xDD,3044,0x0002,0x0003,0x0000,0x01,0x003F,0x0000,0x0001,actor_2c8,8,0x10C4C8,0x01,0x96,0x01,0x00,0x11,0x00,0x00,0x0065,0x0293,0x033E,0x00,0x40,0x00,220,19,220:0040:0265:026B:0055|221:0040:0275:026C:0055|222:0040:029D:0385:0055|223:0040:028D:0383:0055|224:0040:027D:0365:0055|225:0040:028D:0382:0065|226:0040:027D:0387:0065|227:0040:026D:0356:0061|228:0040:027D:0386:0075|229:0040:026D:0388:006D
round3_castle,0xDD,3046,0x0002,0x0003,0x0000,0x01,0x003F,0x0000,0x0001,actor_2c8,8,0x10C4C8,0x01,0x96,0x01,0x00,0x11,0x00,0x00,0x0065,0x0290,0x033E,0x00,0x40,0x00,220,19,220:0040:0261:026B:0055|221:0040:0271:026C:0055|222:0040:0299:0385:0055|223:0040:0289:0383:0055|224:0040:0279:0365:0055|225:0040:0289:0382:0065|226:0040:0279:0387:0065|227:0040:0269:0356:0061|228:0040:0279:0386:0075|229:0040:0269:0388:006D
round3_castle,0xDD,3048,0x0002,0x0003,0x0000,0x01,0x003F,0x0000,0x0001,actor_2c8,8,0x10C4C8,0x01,0x96,0x01,0x00,0x11,0x00,0x00,0x0065,0x028E,0x033E,0x00,0x40,0x00,220,19,220:0040:025F:026B:0055|221:0040:026F:026C:0055|222:0040:0297:0385:0055|223:0040:0287:0383:0055|224:0040:0277:0365:0055|225:0040:0287:0382:0065|226:0040:0277:0387:0065|227:0040:0267:0356:0061|228:0040:0277:0386:0075|229:0040:0267:0388:006D
round3_castle,0xDD,3050,0x0002,0x0003,0x0000,0x01,0x003F,0x0000,0x0001,actor_2c8,8,0x10C4C8,0x01,0x96,0x01,0x00,0x11,0x00,0x00,0x0065,0x028E,0x033E,0x00,0x40,0x00,220,19,220:0040:025E:026B:0055|221:0040:026E:026C:0055|222:0040:0296:0385:0055|223:0040:0286:0383:0055|224:0040:0276:0365:0055|225:0040:0286:0382:0065|226:0040:0276:0387:0065|227:0040:0266:0356:0061|228:0040:0276:0386:0075|229:0040:0266:0388:006D
round3_castle,0xDD,3052,0x0002,0x0003,0x0000,0x01,0x003F,0x0000,0x0001,actor_2c8,4,0x10C3C8,0x01,0x95,0x01,0x00,0x01,0x00,0x00,0x008B,0x02D1,0x033E,0x00,0x40,0x04,180,10,180:0040:02A1:03A2:0079|181:0040:02B1:03A3:0079|182:0040:02D9:0349:0079|183:0040:02C9:0347:0079|184:0040:02B9:0365:0079|185:0040:02D9:0348:0089|186:0040:02C9:0346:0089|187:0040:02B9:0364:0089|188:0040:02A9:0356:0084|189:0040:02B9:0363:0099
round3_castle,0xDD,3052,0x0002,0x0003,0x0000,0x01,0x003F,0x0000,0x0001,actor_2c8,6,0x10C448,0x01,0x95,0x01,0x00,0x01,0x00,0x00,0x0081,0x02D1,0x033E,0x00,0x40,0x00,200,10,200:0040:02A1:026B:006F|201:0040:02B1:026C:006F|202:0040:02D9:0349:006F|203:0040:02C9:0347:006F|204:0040:02B9:0365:006F|205:0040:02D9:0348:007F|206:0040:02C9:0346:007F|207:0040:02B9:0364:007F|208:0040:02A9:0356:007A|209:0040:02B9:0363:008F
round3_castle,0xDD,3054,0x0002,0x0003,0x0000,0x01,0x003F,0x0000,0x0001,actor_2c8,6,0x10C448,0x01,0x95,0x01,0x00,0x01,0x00,0x00,0x0085,0x02D1,0x033E,0x00,0x40,0x00,200,10,200:0040:02A1:026B:0073|201:0040:02B1:026C:0073|202:0040:02D9:0349:0073|203:0040:02C9:0347:0073|204:0040:02B9:0365:0073|205:0040:02D9:0348:0083|206:0040:02C9:0346:0083|207:0040:02B9:0364:0083|208:0040:02A9:0356:007E|209:0040:02B9:0363:0093
round3_castle,0xDD,3056,0x0002,0x0003,0x0000,0x01,0x003F,0x0000,0x0001,actor_2c8,6,0x10C448,0x01,0x97,0x01,0x00,0x1F,0x00,0x00,0x0085,0x02D1,0x033E,0x00,0x40,0x00,200,10,200:0040:02A1:026B:0075|201:0040:02B1:026C:0075|202:0040:02D9:0349:0075|203:0040:02C9:0347:0075|204:0040:02B9:0365:0075|205:0040:02D9:0348:0085|206:0040:02C9:0346:0085|207:0040:02B9:0364:0085|208:0040:02A9:0356:0080|209:0040:02B9:0363:0095
round3_castle,0xDD,3058,0x0002,0x0003,0x0000,0x01,0x003F,0x0000,0x0001,actor_2c8,6,0x10C448,0x01,0x97,0x01,0x00,0x1F,0x00,0x00,0x0085,0x02D1,0x033E,0x00,0x40,0x00,200,10,200:0040:02B0:026B:0075|201:0040:02C0:026C:0075|202:0040:02D2:038C:0075|203:0040:02C2:038A:0075|204:0040:02D2:038B:0085|205:0040:02C2:0389:0085
round3_castle,0xDD,3060,0x0002,0x0003,0x0000,0x01,0x003F,0x0000,0x0001,actor_2c8,4,0x10C3C8,0x01,0x96,0x01,0x00,0x05,0x00,0x00,0x008F,0x02CE,0x033E,0x00,0x40,0x04,180,10,180:0040:029E:03A2:007F|181:0040:02AE:03A3:007F|182:0040:02D6:0385:007F|183:0040:02C6:0383:007F|184:0040:02B6:0365:007F|185:0040:02C6:0382:008F|186:0040:02B6:0387:008F|187:0040:02A6:0356:008B|188:0040:02B6:0386:009F|189:0040:02A6:0388:0097
round3_castle,0xDD,3062,0x0002,0x0003,0x0000,0x01,0x003F,0x0000,0x0001,actor_2c8,4,0x10C3C8,0x01,0x96,0x01,0x00,0x05,0x00,0x00,0x0090,0x02CA,0x033E,0x00,0x40,0x04,180,10,180:0040:029A:03A2:0080|181:0040:02AA:03A3:0080|182:0040:02D2:0385:0080|183:0040:02C2:0383:0080|184:0040:02B2:0365:0080|185:0040:02C2:0382:0090|186:0040:02B2:0387:0090|187:0040:02A2:0356:008C|188:0040:02B2:0386:00A0|189:0040:02A2:0388:0098
round3_castle,0xDD,3062,0x0002,0x0003,0x0000,0x01,0x003F,0x0000,0x0001,actor_2c8,6,0x10C448,0x01,0x98,0x01,0x00,0x1F,0x00,0x00,0x0085,0x02D1,0x033E,0x00,0x40,0x00,200,10,200:0040:02B0:026B:0075|201:0040:02C0:026C:0075|202:0040:02D2:038C:0075|203:0040:02C2:038A:0075|204:0040:02D2:038B:0085|205:0040:02C2:0389:0085
round3_castle,0xDD,3064,0x0002,0x0003,0x0000,0x01,0x003F,0x0000,0x0001,actor_2c8,4,0x10C3C8,0x01,0x96,0x01,0x00,0x05,0x00,0x00,0x0091,0x02C7,0x033E,0x00,0x40,0x04,180,10,180:0040:0297:03A2:0081|181:0040:02A7:03A3:0081|182:0040:02CF:0385:0081|183:0040:02BF:0383:0081|184:0040:02AF:0365:0081|185:0040:02BF:0382:0091|186:0040:02AF:0387:0091|187:0040:029F:0356:008D|188:0040:02AF:0386:00A1|189:0040:029F:0388:0099
round3_castle,0xDD,3064,0x0002,0x0003,0x0000,0x01,0x003F,0x0000,0x0001,actor_2c8,6,0x10C448,0x01,0x98,0x01,0x00,0x1F,0x00,0x00,0x0085,0x02D1,0x033E,0x00,0x40,0x00,200,10,200:0040:02B8:026E:0065|201:0040:02C8:026D:006D|202:0040:02D2:0390:0075|203:0040:02C2:038E:0075|204:0040:02D2:038F:0085|205:0040:02C2:038D:0085
round3_castle,0xDD,3064,0x0002,0x0003,0x0000,0x01,0x003F,0x0000,0x0001,actor_2c8,8,0x10C4C8,0x01,0x96,0x01,0x00,0x11,0x00,0x00,0x0065,0x02B0,0x033E,0x00,0x40,0x00,220,19,220:0040:027D:026B:0055|221:0040:028D:026C:0055|222:0040:02B5:0385:0055|223:0040:02A5:0383:0055|224:0040:0295:0365:0055|225:0040:02A5:0382:0065|226:0040:0295:0387:0065|227:0040:0285:0356:0061|228:0040:0295:0386:0075|229:0040:0285:0388:006D
round3_castle,0xDD,3066,0x0002,0x0003,0x0000,0x01,0x003F,0x0000,0x0001,actor_2c8,4,0x10C3C8,0x01,0x96,0x01,0x00,0x05,0x00,0x00,0x0092,0x02C4,0x033E,0x00,0x40,0x04,180,10,180:0040:0294:03A2:0082|181:0040:02A4:03A3:0082|182:0040:02CC:0385:0082|183:0040:02BC:0383:0082|184:0040:02AC:0365:0082|185:0040:02BC:0382:0092|186:0040:02AC:0387:0092|187:0040:029C:0356:008E|188:0040:02AC:0386:00A2|189:0040:029C:0388:009A
round3_castle,0xDD,3066,0x0002,0x0003,0x0000,0x01,0x003F,0x0000,0x0001,actor_2c8,6,0x10C448,0x01,0x99,0x01,0x00,0x1F,0x00,0x00,0x0085,0x02D1,0x033E,0x00,0x40,0x00,200,10,200:0040:02C8:026F:006D|201:0040:02C8:0270:005D|202:0040:02D2:0394:0075|203:0040:02C2:0392:0075|204:0040:02D2:0393:0085|205:0040:02C2:0391:0085
round3_castle,0xDD,3066,0x0002,0x0003,0x0000,0x01,0x003F,0x0000,0x0001,actor_2c8,8,0x10C4C8,0x01,0x96,0x01,0x00,0x11,0x00,0x00,0x0065,0x02B6,0x033E,0x00,0x40,0x00,220,19,220:0040:0283:026B:0055|221:0040:0293:026C:0055|222:0040:02BB:0385:0055|223:0040:02AB:0383:0055|224:0040:029B:0365:0055|225:0040:02AB:0382:0065|226:0040:029B:0387:0065|227:0040:028B:0356:0061|228:0040:029B:0386:0075|229:0040:028B:0388:006D
round3_castle,0xDD,3068,0x0002,0x0003,0x0000,0x01,0x003F,0x0000,0x0001,actor_2c8,4,0x10C3C8,0x01,0x96,0x01,0x00,0x05,0x00,0x00,0x0094,0x02C1,0x033E,0x00,0x40,0x04,180,10,180:0040:0291:03A2:0084|181:0040:02A1:03A3:0084|182:0040:02C9:0385:0084|183:0040:02B9:0383:0084|184:0040:02A9:0365:0084|185:0040:02B9:0382:0094|186:0040:02A9:0387:0094|187:0040:0299:0356:0090|188:0040:02A9:0386:00A4|189:0040:0299:0388:009C
round3_castle,0xDD,3068,0x0002,0x0003,0x0000,0x01,0x003F,0x0000,0x0001,actor_2c8,6,0x10C448,0x01,0x9A,0x01,0x00,0x1F,0x00,0x00,0x0085,0x02D1,0x033E,0x00,0x40,0x00,200,10,200:0040:02C8:026F:006D|201:0040:02C8:0270:005D|202:0040:02D2:0394:0075|203:0040:02C2:0392:0075|204:0040:02D2:0393:0085|205:0040:02C2:0391:0085
round3_castle,0xDD,3068,0x0002,0x0003,0x0000,0x01,0x003F,0x0000,0x0001,actor_2c8,8,0x10C4C8,0x01,0x96,0x01,0x00,0x11,0x00,0x00,0x0065,0x02BC,0x033E,0x00,0x40,0x00,220,19,220:0040:0289:026B:0055|221:0040:0299:026C:0055|222:0040:02C1:0385:0055|223:0040:02B1:0383:0055|224:0040:02A1:0365:0055|225:0040:02B1:0382:0065|226:0040:02A1:0387:0065|227:0040:0291:0356:0061|228:0040:02A1:0386:0075|229:0040:0291:0388:006D
round3_castle,0xDD,3070,0x0002,0x0003,0x0000,0x01,0x003F,0x0000,0x0001,actor_2c8,4,0x10C3C8,0x01,0x96,0x01,0x00,0x05,0x00,0x00,0x0096,0x02BE,0x033E,0x00,0x40,0x04,180,10,180:0040:028E:03A2:0086|181:0040:029E:03A3:0086|182:0040:02C6:0385:0086|183:0040:02B6:0383:0086|184:0040:02A6:0365:0086|185:0040:02B6:0382:0096|186:0040:02A6:0387:0096|187:0040:0296:0356:0092|188:0040:02A6:0386:00A6|189:0040:0296:0388:009E
round3_castle,0xDD,3070,0x0002,0x0003,0x0000,0x01,0x003F,0x0000,0x0001,actor_2c8,6,0x10C448,0x01,0x9A,0x01,0x00,0x1F,0x00,0x00,0x0085,0x02D1,0x033E,0x00,0x40,0x00,200,10,200:0040:02D1:0271:0075|201:0040:02D2:0398:0075|202:0040:02C2:0396:0075|203:0040:02D2:0397:0085|204:0040:02C2:0395:0085
round3_castle,0xDD,3070,0x0002,0x0003,0x0000,0x01,0x003F,0x0000,0x0001,actor_2c8,8,0x10C4C8,0x01,0x94,0x01,0x00,0x11,0x00,0x00,0x0065,0x02C2,0x033E,0x00,0x40,0x00,220,19,220:0040:028F:026B:0055|221:0040:029F:026C:0055|222:0040:02C7:0345:0055|223:0040:02B7:0343:0055|224:0040:02A7:0365:0055|225:0040:02C7:0344:0065|226:0040:02B7:0342:0065|227:0040:02A7:0364:0065|228:0040:0297:0356:0060|229:0040:02A7:0363:0075
round3_castle,0xDD,3072,0x0002,0x0003,0x0000,0x01,0x003F,0x0000,0x0001,actor_2c8,4,0x10C3C8,0x01,0x96,0x01,0x00,0x05,0x00,0x00,0x0099,0x02BB,0x033E,0x00,0x40,0x04,180,10,180:0040:028B:03A2:0089|181:0040:029B:03A3:0089|182:0040:02C3:0385:0089|183:0040:02B3:0383:0089|184:0040:02A3:0365:0089|185:0040:02B3:0382:0099|186:0040:02A3:0387:0099|187:0040:0293:0356:0095|188:0040:02A3:0386:00A9|189:0040:0293:0388:00A1
round3_castle,0xDD,3072,0x0002,0x0003,0x0000,0x01,0x003F,0x0000,0x0001,actor_2c8,6,0x10C448,0x01,0x9B,0x01,0x00,0x1F,0x00,0x00,0x0085,0x02D1,0x033E,0x00,0x40,0x00,200,10,200:0040:02D0:0272:007D|201:0040:02D2:039C:0075|202:0040:02C2:039A:0075|203:0040:02D2:039B:0085|204:0040:02C2:0399:0085
round3_castle,0xDD,3072,0x0002,0x0003,0x0000,0x01,0x003F,0x0000,0x0001,actor_2c8,8,0x10C4C8,0x01,0x94,0x01,0x00,0x11,0x00,0x00,0x0065,0x02C9,0x033E,0x00,0x40,0x00,220,19,220:0040:0295:026B:0055|221:0040:02A5:026C:0055|222:0040:02CD:0345:0055|223:0040:02BD:0343:0055|224:0040:02AD:0365:0055|225:0040:02CD:0344:0065|226:0040:02BD:0342:0065|227:0040:02AD:0364:0065|228:0040:029D:0356:0060|229:0040:02AD:0363:0075
round3_castle,0xDD,3074,0x0002,0x0003,0x0000,0x01,0x003F,0x0000,0x0001,actor_2c8,4,0x10C3C8,0x01,0x96,0x01,0x00,0x05,0x00,0x00,0x009C,0x02B8,0x033E,0x00,0x40,0x04,180,10,180:0040:0288:03A2:008C|181:0040:0298:03A3:008C|182:0040:02C0:0385:008C|183:0040:02B0:0383:008C|184:0040:02A0:0365:008C|185:0040:02B0:0382:009C|186:0040:02A0:0387:009C|187:0040:0290:0356:0098|188:0040:02A0:0386:00AC|189:0040:0290:0388:00A4
round3_castle,0xDD,3074,0x0002,0x0003,0x0000,0x01,0x003F,0x0000,0x0001,actor_2c8,6,0x10C448,0x01,0x9C,0x01,0x00,0x1F,0x00,0x00,0x0085,0x02D1,0x033E,0x00,0x40,0x00,200,10,200:0040:02D0:0272:007D|201:0040:02D2:039C:0075|202:0040:02C2:039A:0075|203:0040:02D2:039B:0085|204:0040:02C2:0399:0085
round3_castle,0xDD,3074,0x0002,0x0003,0x0000,0x01,0x003F,0x0000,0x0001,actor_2c8,8,0x10C4C8,0x01,0x94,0x01,0x00,0x11,0x00,0x00,0x0065,0x02D1,0x033E,0x00,0x40,0x00,220,19,220:0040:029D:026B:0055|221:0040:02AD:026C:0055|222:0040:02D5:0345:0055|223:0040:02C5:0343:0055|224:0040:02B5:0365:0055|225:0040:02D5:0344:0065|226:0040:02C5:0342:0065|227:0040:02B5:0364:0065|228:0040:02A5:0356:0060|229:0040:02B5:0363:0075
round3_castle,0xDD,3076,0x0002,0x0003,0x0000,0x01,0x003F,0x0000,0x0001,actor_2c8,4,0x10C3C8,0x01,0x96,0x01,0x00,0x05,0x00,0x00,0x009F,0x02B6,0x033E,0x00,0x40,0x04,180,10,180:0040:0286:03A2:008F|181:0040:0296:03A3:008F|182:0040:02BE:0385:008F|183:0040:02AE:0383:008F|184:0040:029E:0365:008F|185:0040:02AE:0382:009F|186:0040:029E:0387:009F|187:0040:028E:0356:009B|188:0040:029E:0386:00AF|189:0040:028E:0388:00A7
round3_castle,0xDD,3076,0x0002,0x0003,0x0000,0x01,0x003F,0x0000,0x0001,actor_2c8,6,0x10C448,0x01,0x9C,0x01,0x00,0x1F,0x00,0x00,0x0085,0x02D1,0x033E,0x00,0x40,0x00,200,10,200:0040:02C9:0273:00AD|201:0040:02C9:0274:009D|202:0040:02D2:03A0:0075|203:0040:02C2:039E:007D|204:0040:02D2:039F:0085|205:0040:02C2:039D:008D
round3_castle,0xDD,3078,0x0002,0x0003,0x0000,0x01,0x003F,0x0000,0x0001,actor_2c8,4,0x10C3C8,0x01,0x96,0x01,0x00,0x05,0x00,0x00,0x00A2,0x02B4,0x033E,0x00,0x40,0x04,180,10,180:0040:0284:03A2:0092|181:0040:0294:03A3:0092|182:0040:02BC:0385:0092|183:0040:02AC:0383:0092|184:0040:029C:0365:0092|185:0040:02AC:0382:00A2|186:0040:029C:0387:00A2|187:0040:028C:0356:009E|188:0040:029C:0386:00B2|189:0040:028C:0388:00AA
round3_castle,0xDD,3080,0x0002,0x0003,0x0000,0x01,0x003F,0x0000,0x0001,actor_2c8,4,0x10C3C8,0x01,0x94,0x01,0x00,0x05,0x00,0x00,0x00A5,0x02B3,0x033E,0x00,0x40,0x04,180,10,180:0040:0283:03A2:0095|181:0040:0293:03A3:0095|182:0040:02BB:0345:0095|183:0040:02AB:0343:0095|184:0040:029B:0365:0095|185:0040:02BB:0344:00A5|186:0040:02AB:0342:00A5|187:0040:029B:0364:00A5|188:0040:028B:0356:00A0|189:0040:029B:0363:00B5
round3_castle,0xDD,3080,0x0002,0x0003,0x0000,0x01,0x003F,0x0000,0x0001,actor_2c8,6,0x10C448,0x01,0x9B,0x01,0x00,0x1F,0x00,0x00,0x0085,0x02D1,0x033E,0x00,0x40,0x00,200,10,200:0040:02C9:0273:00AD|201:0040:02C9:0274:009D|202:0040:02D2:03A0:0075|203:0040:02C2:039E:007D|204:0040:02D2:039F:0085|205:0040:02C2:039D:008D
round3_castle,0xDD,3080,0x0002,0x0003,0x0000,0x01,0x003F,0x0000,0x0001,actor_2c8,8,0x10C4C8,0x01,0x94,0x00,0x00,0x02,0x00,0x00,0x006D,0x02D1,0x033E,0x00,0x40,0x00,220,19,220:0040:02A1:026B:005D|221:0040:02B1:026C:005D|222:0040:02D9:0345:005D|223:0040:02C9:0343:005D|224:0040:02B9:0365:005D|225:0040:02D9:0344:006D|226:0040:02C9:0342:006D|227:0040:02B9:0364:006D|228:0040:02A9:0356:0068|229:0040:02B9:0363:007D
round3_castle,0xDD,3082,0x0002,0x0003,0x0000,0x01,0x003F,0x0000,0x0001,actor_2c8,4,0x10C3C8,0x01,0x94,0x01,0x00,0x05,0x00,0x00,0x00A8,0x02B2,0x033E,0x00,0x40,0x04,180,10,180:0040:0282:03A2:0098|181:0040:0292:03A3:0098|182:0040:02BA:0345:0098|183:0040:02AA:0343:0098|184:0040:029A:0365:0098|185:0040:02BA:0344:00A8|186:0040:02AA:0342:00A8|187:0040:029A:0364:00A8|188:0040:028A:0356:00A3|189:0040:029A:0363:00B8
round3_castle,0xDD,3082,0x0002,0x0003,0x0000,0x01,0x003F,0x0000,0x0001,actor_2c8,8,0x10C4C8,0x01,0x94,0x00,0x00,0x02,0x00,0x00,0x0069,0x02D1,0x033E,0x01,0x40,0x00,220,19,220:0040:02A1:026B:005B|221:0040:02B1:026C:005B|222:0040:02D9:0345:005B|223:0040:02C9:0343:005B|224:0040:02B9:0365:005B|225:0040:02D9:0344:006B|226:0040:02C9:0342:006B|227:0040:02B9:0364:006B|228:0040:02A9:0356:0066|229:0040:02B9:0363:007B
round3_castle,0xDD,3084,0x0002,0x0003,0x0000,0x01,0x003F,0x0000,0x0001,actor_2c8,4,0x10C3C8,0x01,0x93,0x01,0x00,0x05,0x00,0x00,0x00AC,0x02B1,0x033E,0x00,0x40,0x04,180,10,180:0040:0281:03A2:009C|181:0040:0291:03A3:009C|182:0040:02B9:0341:009C|183:0040:02A9:033F:009C|184:0040:0299:0365:009C|185:0040:02B9:0340:00AC|186:0040:02A9:033E:00AC|187:0040:0299:0364:00AC|188:0040:0289:0356:00A7|189:0040:0299:0363:00BC
round3_castle,0xDD,3084,0x0002,0x0003,0x0000,0x01,0x003F,0x0000,0x0001,actor_2c8,8,0x10C4C8,0x01,0x95,0x00,0x00,0x02,0x00,0x00,0x0065,0x02D1,0x033E,0x01,0x40,0x00,220,19,220:0040:02A1:026B:0057|221:0040:02B1:026C:0057|222:0040:02D9:0349:0057|223:0040:02C9:0347:0057|224:0040:02B9:0365:0057|225:0040:02D9:0348:0067|226:0040:02C9:0346:0067|227:0040:02B9:0364:0067|228:0040:02A9:0356:0062|229:0040:02B9:0363:0077
round3_castle,0xDD,3086,0x0002,0x0003,0x0000,0x01,0x003F,0x0000,0x0001,actor_2c8,4,0x10C3C8,0x01,0x93,0x01,0x00,0x05,0x00,0x00,0x00AF,0x02B1,0x033E,0x00,0x40,0x04,180,10,180:0040:0281:03A2:009F|181:0040:0291:03A3:009F|182:0040:02B9:0341:009F|183:0040:02A9:033F:009F|184:0040:0299:0365:009F|185:0040:02B9:0340:00AF|186:0040:02A9:033E:00AF|187:0040:0299:0364:00AF|188:0040:0289:0356:00AA|189:0040:0299:0363:00BF
round3_castle,0xDD,3086,0x0002,0x0003,0x0000,0x01,0x003F,0x0000,0x0001,actor_2c8,6,0x10C448,0x01,0x98,0x01,0x00,0x1F,0x00,0x00,0x0085,0x02D1,0x033E,0x00,0x40,0x00,200,10,200:0040:02D1:0271:0075|201:0040:02D2:0398:0075|202:0040:02C2:0396:0075|203:0040:02D2:0397:0085|204:0040:02C2:0395:0085
round3_castle,0xDD,3088,0x0002,0x0003,0x0000,0x01,0x003F,0x0000,0x0001,actor_2c8,4,0x10C3C8,0x01,0x95,0x01,0x00,0x01,0x00,0x00,0x00B1,0x02B1,0x033E,0x01,0x40,0x04,180,10,180:0040:0281:03A2:009F|181:0040:0291:03A3:009F|182:0040:02B9:0341:009F|183:0040:02A9:033F:009F|184:0040:0299:0365:009F|185:0040:02B9:0340:00AF|186:0040:02A9:033E:00AF|187:0040:0299:0364:00AF|188:0040:0289:0356:00AA|189:0040:0299:0363:00BF
round3_castle,0xDD,3090,0x0002,0x0003,0x0000,0x01,0x003F,0x0000,0x0001,actor_2c8,4,0x10C3C8,0x01,0x95,0x01,0x00,0x01,0x00,0x00,0x00B3,0x02B1,0x033E,0x01,0x40,0x04,180,10,180:4040:0281:03A2:00B0|181:4040:0291:03A3:00B0|182:4040:02B9:0349:00B0|183:4040:02A9:0347:00B0|184:4040:0299:0365:00B0|185:4040:02B9:0348:00A0|186:4040:02A9:0346:00A0|187:4040:0299:0364:00A0|188:4040:0289:0356:00A5|189:4040:0299:0363:0090
round3_castle,0xDD,3092,0x0002,0x0003,0x0000,0x01,0x003F,0x0000,0x0001,actor_2c8,4,0x10C3C8,0x01,0x94,0x01,0x00,0x01,0x00,0x00,0x00B5,0x02B1,0x033E,0x01,0x40,0x04,180,10,180:4040:0281:03A2:00B2|181:4040:0291:03A3:00B2|182:4040:02B9:0345:00B2|183:4040:02A9:0343:00B2|184:4040:0299:0365:00B2|185:4040:02B9:0344:00A2|186:4040:02A9:0342:00A2|187:4040:0299:0364:00A2|188:4040:0289:0356:00A7|189:4040:0299:0363:0092
round3_castle,0xDD,3092,0x0002,0x0003,0x0000,0x01,0x003F,0x0000,0x0001,actor_2c8,8,0x10C4C8,0x01,0x94,0x00,0x00,0x02,0x00,0x00,0x0059,0x02D1,0x033E,0x01,0x40,0x00,220,19,220:0040:02A1:026B:004B|221:0040:02B1:026C:004B|222:0040:02D9:0345:004B|223:0040:02C9:0343:004B|224:0040:02B9:0365:004B|225:0040:02D9:0344:005B|226:0040:02C9:0342:005B|227:0040:02B9:0364:005B|228:0040:02A9:0356:0056|229:0040:02B9:0363:006B
round3_castle,0xDD,3094,0x0002,0x0003,0x0000,0x01,0x003F,0x0000,0x0001,actor_2c8,4,0x10C3C8,0x01,0x94,0x01,0x00,0x01,0x00,0x00,0x00B7,0x02B1,0x033E,0x01,0x40,0x04,180,10,180:4040:0281:03A2:00B4|181:4040:0291:03A3:00B4|182:4040:02B9:0345:00B4|183:4040:02A9:0343:00B4|184:4040:0299:0365:00B4|185:4040:02B9:0344:00A4|186:4040:02A9:0342:00A4|187:4040:0299:0364:00A4|188:4040:0289:0356:00A9|189:4040:0299:0363:0094
round3_castle,0xDD,3094,0x0002,0x0003,0x0000,0x01,0x003F,0x0000,0x0001,actor_2c8,8,0x10C4C8,0x01,0x94,0x00,0x00,0x02,0x00,0x00,0x0055,0x02D1,0x033E,0x01,0x40,0x00,220,19,220:0040:02A1:026B:0047|221:0040:02B1:026C:0047|222:0040:02D9:0345:0047|223:0040:02C9:0343:0047|224:0040:02B9:0365:0047|225:0040:02D9:0344:0057|226:0040:02C9:0342:0057|227:0040:02B9:0364:0057|228:0040:02A9:0356:0052|229:0040:02B9:0363:0067
round3_castle,0xDD,3096,0x0002,0x0003,0x0000,0x01,0x003F,0x0000,0x0001,actor_2c8,8,0x10C4C8,0x01,0x94,0x00,0x00,0x02,0x00,0x00,0x0053,0x02D1,0x033E,0x01,0x40,0x00,220,19,220:0040:02A1:026B:0045|221:0040:02B1:026C:0045|222:0040:02D9:0345:0045|223:0040:02C9:0343:0045|224:0040:02B9:0365:0045|225:0040:02D9:0344:0055|226:0040:02C9:0342:0055|227:0040:02B9:0364:0055|228:0040:02A9:0356:0050|229:0040:02B9:0363:0065
round3_castle,0xDD,3098,0x0002,0x0003,0x0000,0x01,0x003F,0x0000,0x0001,actor_2c8,8,0x10C4C8,0x01,0x94,0x00,0x00,0x02,0x00,0x00,0x004F,0x02D1,0x033E,0x01,0x40,0x00,220,19,220:0040:02A1:026B:0041|221:0040:02B1:026C:0041|222:0040:02D9:0345:0041|223:0040:02C9:0343:0041|224:0040:02B9:0365:0041|225:0040:02D9:0344:0051|226:0040:02C9:0342:0051|227:0040:02B9:0364:0051|228:0040:02A9:0356:004C|229:0040:02B9:0363:0061
round3_castle,0xDD,3100,0x0002,0x0003,0x0000,0x01,0x003F,0x0000,0x0001,actor_2c8,4,0x10C3C8,0x01,0x93,0x01,0x00,0x01,0x00,0x00,0x00BB,0x02B1,0x033E,0x01,0x40,0x04,180,10,180:4040:0281:03A2:00BA|181:4040:0291:03A3:00BA|182:4040:02B9:0341:00BA|183:4040:02A9:033F:00BA|184:4040:0299:0365:00BA|185:4040:02B9:0340:00AA|186:4040:02A9:033E:00AA|187:4040:0299:0364:00AA|188:4040:0289:0356:00AF|189:4040:0299:0363:009A
round3_castle,0xDD,3100,0x0002,0x0003,0x0000,0x01,0x003F,0x0000,0x0001,actor_2c8,8,0x10C4C8,0x01,0x93,0x00,0x00,0x02,0x00,0x00,0x004D,0x02D1,0x033E,0x01,0x40,0x00,220,19,220:0040:02A1:026B:003D|221:0040:02B1:026C:003D|222:0040:02D9:0341:003D|223:0040:02C9:033F:003D|224:0040:02B9:0365:003D|225:0040:02D9:0340:004D|226:0040:02C9:033E:004D|227:0040:02B9:0364:004D|228:0040:02A9:0356:0048|229:0040:02B9:0363:005D
round3_castle,0xDD,3102,0x0002,0x0003,0x0000,0x01,0x003F,0x0000,0x0001,actor_2c8,8,0x10C4C8,0x01,0x93,0x01,0x00,0x01,0x00,0x00,0x0051,0x02D1,0x033E,0x00,0x40,0x00,220,19,220:0040:02A1:026B:003F|221:0040:02B1:026C:003F|222:0040:02D9:0341:003F|223:0040:02C9:033F:003F|224:0040:02B9:0365:003F|225:0040:02D9:0340:004F|226:0040:02C9:033E:004F|227:0040:02B9:0364:004F|228:0040:02A9:0356:004A|229:0040:02B9:0363:005F
round3_castle,0xDD,3104,0x0002,0x0003,0x0000,0x01,0x003F,0x0000,0x0001,actor_2c8,6,0x10C448,0x01,0x99,0x01,0x00,0x1F,0x00,0x00,0x0085,0x02D1,0x033E,0x00,0x40,0x00,200,10,200:0040:02B8:026E:0065|201:0040:02C8:026D:006D|202:0040:02D2:0390:0075|203:0040:02C2:038E:0075|204:0040:02D2:038F:0085|205:0040:02C2:038D:0085
round3_castle,0xDD,3104,0x0002,0x0003,0x0000,0x01,0x003F,0x0000,0x0001,actor_2c8,8,0x10C4C8,0x01,0x93,0x01,0x00,0x01,0x00,0x00,0x0055,0x02D1,0x033E,0x00,0x40,0x00,220,19,220:0040:02A1:026B:0043|221:0040:02B1:026C:0043|222:0040:02D9:0341:0043|223:0040:02C9:033F:0043|224:0040:02B9:0365:0043|225:0040:02D9:0340:0053|226:0040:02C9:033E:0053|227:0040:02B9:0364:0053|228:0040:02A9:0356:004E|229:0040:02B9:0363:0063
round3_castle,0xDD,3106,0x0002,0x0003,0x0000,0x01,0x003F,0x0000,0x0001,actor_2c8,8,0x10C4C8,0x01,0x93,0x01,0x00,0x01,0x00,0x00,0x0057,0x02D1,0x033E,0x00,0x40,0x00,220,19,220:0040:02A1:026B:0045|221:0040:02B1:026C:0045|222:0040:02D9:0341:0045|223:0040:02C9:033F:0045|224:0040:02B9:0365:0045|225:0040:02D9:0340:0055|226:0040:02C9:033E:0055|227:0040:02B9:0364:0055|228:0040:02A9:0356:0050|229:0040:02B9:0363:0065
round3_castle,0xDD,3108,0x0002,0x0003,0x0000,0x01,0x003F,0x0000,0x0001,actor_2c8,4,0x10C3C8,0x01,0x94,0x01,0x00,0x01,0x00,0x00,0x00C3,0x02B1,0x033E,0x01,0x40,0x04,180,10,180:4040:0281:03A2:00C0|181:4040:0291:03A3:00C0|182:4040:02B9:0345:00C0|183:4040:02A9:0343:00C0|184:4040:0299:0365:00C0|185:4040:02B9:0344:00B0|186:4040:02A9:0342:00B0|187:4040:0299:0364:00B0|188:4040:0289:0356:00B5|189:4040:0299:0363:00A0
round3_castle,0xDD,3108,0x0002,0x0003,0x0000,0x01,0x003F,0x0000,0x0001,actor_2c8,8,0x10C4C8,0x01,0x94,0x01,0x00,0x01,0x00,0x00,0x005B,0x02D1,0x033E,0x00,0x40,0x00,220,19,220:0040:02A1:026B:0049|221:0040:02B1:026C:0049|222:0040:02D9:0345:0049|223:0040:02C9:0343:0049|224:0040:02B9:0365:0049|225:0040:02D9:0344:0059|226:0040:02C9:0342:0059|227:0040:02B9:0364:0059|228:0040:02A9:0356:0054|229:0040:02B9:0363:0069
round3_castle,0xDD,3110,0x0002,0x0003,0x0000,0x01,0x003F,0x0000,0x0001,actor_2c8,6,0x10C448,0x01,0x9B,0x01,0x00,0x1F,0x00,0x00,0x0085,0x02D1,0x033E,0x00,0x40,0x00,200,10,200:0040:02D1:0271:0075|201:0040:02D2:0398:0075|202:0040:02C2:0396:0075|203:0040:02D2:0397:0085|204:0040:02C2:0395:0085
round3_castle,0xDD,3110,0x0002,0x0003,0x0000,0x01,0x003F,0x0000,0x0001,actor_2c8,8,0x10C4C8,0x01,0x94,0x01,0x00,0x01,0x00,0x00,0x005D,0x02D1,0x033E,0x00,0x40,0x00,220,19,220:0040:02A1:026B:004D|221:0040:02B1:026C:004D|222:0040:02D9:0345:004D|223:0040:02C9:0343:004D|224:0040:02B9:0365:004D|225:0040:02D9:0344:005D|226:0040:02C9:0342:005D|227:0040:02B9:0364:005D|228:0040:02A9:0356:0058|229:0040:02B9:0363:006D
round3_castle,0xDD,3112,0x0002,0x0003,0x0000,0x01,0x003F,0x0000,0x0001,actor_2c8,8,0x10C4C8,0x01,0x95,0x01,0x00,0x11,0x00,0x00,0x005D,0x02C9,0x033E,0x00,0x40,0x00,220,19,220:0040:029D:026B:004D|221:0040:02AD:026C:004D|222:0040:02D5:0349:004D|223:0040:02C5:0347:004D|224:0040:02B5:0365:004D|225:0040:02D5:0348:005D|226:0040:02C5:0346:005D|227:0040:02B5:0364:005D|228:0040:02A5:0356:0058|229:0040:02B5:0363:006D
round3_castle,0xDD,3114,0x0002,0x0003,0x0000,0x01,0x003F,0x0000,0x0001,actor_2c8,8,0x10C4C8,0x01,0x95,0x01,0x00,0x11,0x00,0x00,0x005D,0x02C2,0x033E,0x00,0x40,0x00,220,19,220:0040:0295:026B:004D|221:0040:02A5:026C:004D|222:0040:02CD:0349:004D|223:0040:02BD:0347:004D|224:0040:02AD:0365:004D|225:0040:02CD:0348:005D|226:0040:02BD:0346:005D|227:0040:02AD:0364:005D|228:0040:029D:0356:0058|229:0040:02AD:0363:006D
round3_castle,0xDD,3116,0x0002,0x0003,0x0000,0x01,0x003F,0x0000,0x0001,actor_2c8,4,0x10C3C8,0x01,0x95,0x01,0x00,0x01,0x00,0x00,0x00C9,0x02B1,0x033E,0x01,0x40,0x04,180,10,180:4040:0281:03A2:00C8|181:4040:0291:03A3:00C8|182:4040:02B9:0349:00C8|183:4040:02A9:0347:00C8|184:4040:0299:0365:00C8|185:4040:02B9:0348:00B8|186:4040:02A9:0346:00B8|187:4040:0299:0364:00B8|188:4040:0289:0356:00BD|189:4040:0299:0363:00A8
round3_castle,0xDD,3116,0x0002,0x0003,0x0000,0x01,0x003F,0x0000,0x0001,actor_2c8,8,0x10C4C8,0x01,0x95,0x01,0x00,0x11,0x00,0x00,0x005D,0x02BC,0x033E,0x00,0x40,0x00,220,19,220:0040:028F:026B:004D|221:0040:029F:026C:004D|222:0040:02C7:0349:004D|223:0040:02B7:0347:004D|224:0040:02A7:0365:004D|225:0040:02C7:0348:005D|226:0040:02B7:0346:005D|227:0040:02A7:0364:005D|228:0040:0297:0356:0058|229:0040:02A7:0363:006D
round3_castle,0xDD,3118,0x0002,0x0003,0x0000,0x01,0x003F,0x0000,0x0001,actor_2c8,8,0x10C4C8,0x01,0x95,0x01,0x00,0x11,0x00,0x00,0x005D,0x02B6,0x033E,0x00,0x40,0x00,220,19,220:0040:0289:026B:004D|221:0040:0299:026C:004D|222:0040:02C1:0349:004D|223:0040:02B1:0347:004D|224:0040:02A1:0365:004D|225:0040:02C1:0348:005D|226:0040:02B1:0346:005D|227:0040:02A1:0364:005D|228:0040:0291:0356:0058|229:0040:02A1:0363:006D
round3_castle,0xDD,3120,0x0002,0x0003,0x0000,0x01,0x003F,0x0000,0x0001,actor_2c8,8,0x10C4C8,0x01,0x95,0x01,0x00,0x11,0x00,0x00,0x005D,0x02B0,0x033E,0x00,0x40,0x00,220,19,220:0040:0283:026B:004D|221:0040:0293:026C:004D|222:0040:02BB:0349:004D|223:0040:02AB:0347:004D|224:0040:029B:0365:004D|225:0040:02BB:0348:005D|226:0040:02AB:0346:005D|227:0040:029B:0364:005D|228:0040:028B:0356:0058|229:0040:029B:0363:006D
round3_castle,0xDD,3122,0x0002,0x0003,0x0000,0x01,0x003F,0x0000,0x0001,actor_2c8,6,0x10C448,0x01,0x9A,0x01,0x00,0x1F,0x00,0x00,0x0085,0x02D1,0x033E,0x00,0x40,0x00,200,10,200:0040:02D0:0272:007D|201:0040:02D2:039C:0075|202:0040:02C2:039A:0075|203:0040:02D2:039B:0085|204:0040:02C2:0399:0085
round3_castle,0xDD,3122,0x0002,0x0003,0x0000,0x01,0x003F,0x0000,0x0001,actor_2c8,8,0x10C4C8,0x01,0x95,0x01,0x00,0x11,0x00,0x00,0x005D,0x02AA,0x033E,0x00,0x40,0x00,220,19,220:0040:027D:026B:004D|221:0040:028D:026C:004D|222:0040:02B5:0349:004D|223:0040:02A5:0347:004D|224:0040:0295:0365:004D|225:0040:02B5:0348:005D|226:0040:02A5:0346:005D|227:0040:0295:0364:005D|228:0040:0285:0356:0058|229:0040:0295:0363:006D
round3_castle,0xDD,3124,0x0002,0x0003,0x0000,0x01,0x003F,0x0000,0x0001,actor_2c8,4,0x10C3C8,0x01,0x94,0x00,0x00,0x02,0x00,0x00,0x00CD,0x02B1,0x033E,0x00,0x40,0x04,180,10,180:0040:0281:03A2:00BF|181:0040:0291:03A3:00BF|182:0040:02B9:0349:00BF|183:0040:02A9:0347:00BF|184:0040:0299:0365:00BF|185:0040:02B9:0348:00CF|186:0040:02A9:0346:00CF|187:0040:0299:0364:00CF|188:0040:0289:0356:00CA|189:0040:0299:0363:00DF
round3_castle,0xDD,3124,0x0002,0x0003,0x0000,0x01,0x003F,0x0000,0x0001,actor_2c8,8,0x10C4C8,0x01,0x96,0x01,0x00,0x11,0x00,0x00,0x005D,0x02A4,0x033E,0x00,0x40,0x00,220,19,220:0040:0277:026B:004D|221:0040:0287:026C:004D|222:0040:02AF:0385:004D|223:0040:029F:0383:004D|224:0040:028F:0365:004D|225:0040:029F:0382:005D|226:0040:028F:0387:005D|227:0040:027F:0356:0059|228:0040:028F:0386:006D|229:0040:027F:0388:0065
round3_castle,0xDD,3126,0x0002,0x0003,0x0000,0x01,0x003F,0x0000,0x0001,actor_2c8,4,0x10C3C8,0x01,0x94,0x00,0x00,0x02,0x00,0x00,0x00C9,0x02B1,0x033E,0x00,0x40,0x04,180,10,180:4040:0281:03A2:00CA|181:4040:0291:03A3:00CA|182:4040:02B9:0345:00CA|183:4040:02A9:0343:00CA|184:4040:0299:0365:00CA|185:4040:02B9:0344:00BA|186:4040:02A9:0342:00BA|187:4040:0299:0364:00BA|188:4040:0289:0356:00BF|189:4040:0299:0363:00AA
round3_castle,0xDD,3126,0x0002,0x0003,0x0000,0x01,0x003F,0x0000,0x0001,actor_2c8,8,0x10C4C8,0x01,0x96,0x01,0x00,0x11,0x00,0x00,0x005D,0x029E,0x033E,0x00,0x40,0x00,220,19,220:0040:0271:026B:004D|221:0040:0281:026C:004D|222:0040:02A9:0385:004D|223:0040:0299:0383:004D|224:0040:0289:0365:004D|225:0040:0299:0382:005D|226:0040:0289:0387:005D|227:0040:0279:0356:0059|228:0040:0289:0386:006D|229:0040:0279:0388:0065
round3_castle,0xDD,3128,0x0002,0x0003,0x0000,0x01,0x003F,0x0000,0x0001,actor_2c8,4,0x10C3C8,0x01,0x23,0x00,0x00,0x0F,0x00,0x00,0x00C7,0x02B1,0x033E,0x00,0x40,0x04,180,10,180:4040:0281:03A2:00C6|181:4040:0291:03A3:00C6|182:4040:02B9:0345:00C6|183:4040:02A9:0343:00C6|184:4040:0299:0365:00C6|185:4040:02B9:0344:00B6|186:4040:02A9:0342:00B6|187:4040:0299:0364:00B6|188:4040:0289:0356:00BB|189:4040:0299:0363:00A6
round3_castle,0xDD,3128,0x0002,0x0003,0x0000,0x01,0x003F,0x0000,0x0001,actor_2c8,6,0x10C448,0x01,0x97,0x01,0x00,0x1F,0x00,0x00,0x0085,0x02D1,0x033E,0x00,0x40,0x00,200,10,200:0040:02B8:026E:0065|201:0040:02C8:026D:006D|202:0040:02D2:0390:0075|203:0040:02C2:038E:0075|204:0040:02D2:038F:0085|205:0040:02C2:038D:0085
round3_castle,0xDD,3128,0x0002,0x0003,0x0000,0x01,0x003F,0x0000,0x0001,actor_2c8,8,0x10C4C8,0x01,0x96,0x01,0x00,0x11,0x00,0x00,0x005D,0x0298,0x033E,0x00,0x40,0x00,220,19,220:0040:026B:026B:004D|221:0040:027B:026C:004D|222:0040:02A3:0385:004D|223:0040:0293:0383:004D|224:0040:0283:0365:004D|225:0040:0293:0382:005D|226:0040:0283:0387:005D|227:0040:0273:0356:0059|228:0040:0283:0386:006D|229:0040:0273:0388:0065
round3_castle,0xDD,3130,0x0002,0x0003,0x0000,0x01,0x003F,0x0000,0x0001,actor_2c8,4,0x10C3C8,0x01,0x9E,0x00,0x00,0x0F,0x00,0x00,0x00C7,0x02B1,0x0275,0x00,0x40,0x00,180,10,180:4040:02B1:028D:00B6|181:4040:02A1:028B:00B6|182:4040:0291:0289:00B6|183:4040:02B1:028C:00C6|184:4040:02A1:028A:00C6|185:4040:0291:0288:00C6
round3_castle,0xDD,3130,0x0002,0x0003,0x0000,0x01,0x003F,0x0000,0x0001,actor_2c8,8,0x10C4C8,0x01,0x96,0x01,0x00,0x11,0x00,0x00,0x005D,0x0293,0x033E,0x00,0x40,0x00,220,19,220:0040:0265:026B:004D|221:0040:0275:026C:004D|222:0040:029D:0385:004D|223:0040:028D:0383:004D|224:0040:027D:0365:004D|225:0040:028D:0382:005D|226:0040:027D:0387:005D|227:0040:026D:0356:0059|228:0040:027D:0386:006D|229:0040:026D:0388:0065
round3_castle,0xDD,3132,0x0002,0x0003,0x0000,0x01,0x003F,0x0000,0x0001,actor_2c8,4,0x10C3C8,0x01,0xA0,0x00,0x00,0x0F,0x00,0x00,0x00C7,0x02B1,0x0275,0x00,0x40,0x00,180,10,180:4040:02B1:029E:00AE|181:4040:02A1:029B:00B2|182:4040:0291:0298:00B1|183:4040:02B1:029D:00BE|184:4040:02A1:029A:00C2|185:4040:0291:0297:00C6|186:4040:02B1:029C:00CE|187:4040:02A1:0299:00D2|188:4040:0291:0296:00D9
round3_castle,0xDD,3132,0x0002,0x0003,0x0000,0x01,0x003F,0x0000,0x0001,actor_2c8,6,0x10C448,0x01,0x93,0x01,0x00,0x01,0x00,0x00,0x0087,0x02D1,0x033E,0x00,0x40,0x00,200,10,200:0040:02B0:026B:0075|201:0040:02C0:026C:0075|202:0040:02D2:038C:0075|203:0040:02C2:038A:0075|204:0040:02D2:038B:0085|205:0040:02C2:0389:0085
round3_castle,0xDD,3132,0x0002,0x0003,0x0000,0x01,0x003F,0x0000,0x0001,actor_2c8,8,0x10C4C8,0x01,0x96,0x01,0x00,0x11,0x00,0x00,0x005D,0x0290,0x033E,0x00,0x40,0x00,220,19,220:0040:0261:026B:004D|221:0040:0271:026C:004D|222:0040:0299:0385:004D|223:0040:0289:0383:004D|224:0040:0279:0365:004D|225:0040:0289:0382:005D|226:0040:0279:0387:005D|227:0040:0269:0356:0059|228:0040:0279:0386:006D|229:0040:0269:0388:0065
round3_castle,0xDD,3134,0x0002,0x0003,0x0000,0x01,0x003F,0x0000,0x0001,actor_2c8,6,0x10C448,0x01,0x93,0x01,0x00,0x01,0x00,0x00,0x008B,0x02D1,0x033E,0x00,0x40,0x00,200,10,200:0040:02A1:026B:0079|201:0040:02B1:026C:0079|202:0040:02D9:0341:0079|203:0040:02C9:033F:0079|204:0040:02B9:0365:0079|205:0040:02D9:0340:0089|206:0040:02C9:033E:0089|207:0040:02B9:0364:0089|208:0040:02A9:0356:0084|209:0040:02B9:0363:0099
round3_castle,0xDD,3134,0x0002,0x0003,0x0000,0x01,0x003F,0x0000,0x0001,actor_2c8,8,0x10C4C8,0x01,0x96,0x01,0x00,0x11,0x00,0x00,0x005D,0x028E,0x033E,0x00,0x40,0x00,220,19,220:0040:025F:026B:004D|221:0040:026F:026C:004D|222:0040:0297:0385:004D|223:0040:0287:0383:004D|224:0040:0277:0365:004D|225:0040:0287:0382:005D|226:0040:0277:0387:005D|227:0040:0267:0356:0059|228:0040:0277:0386:006D|229:0040:0267:0388:0065
round3_castle,0xDD,3136,0x0002,0x0003,0x0000,0x01,0x003F,0x0000,0x0001,actor_2c8,6,0x10C448,0x01,0x93,0x01,0x00,0x01,0x00,0x00,0x008D,0x02D1,0x033E,0x00,0x40,0x00,200,10,200:0040:02A1:026B:007D|201:0040:02B1:026C:007D|202:0040:02D9:0341:007D|203:0040:02C9:033F:007D|204:0040:02B9:0365:007D|205:0040:02D9:0340:008D|206:0040:02C9:033E:008D|207:0040:02B9:0364:008D|208:0040:02A9:0356:0088|209:0040:02B9:0363:009D
round3_castle,0xDD,3136,0x0002,0x0003,0x0000,0x01,0x003F,0x0000,0x0001,actor_2c8,8,0x10C4C8,0x01,0x96,0x01,0x00,0x11,0x00,0x00,0x005D,0x028E,0x033E,0x00,0x40,0x00,220,19,220:0040:025E:026B:004D|221:0040:026E:026C:004D|222:0040:0296:0385:004D|223:0040:0286:0383:004D|224:0040:0276:0365:004D|225:0040:0286:0382:005D|226:0040:0276:0387:005D|227:0040:0266:0356:0059|228:0040:0276:0386:006D|229:0040:0266:0388:0065
round3_castle,0xDD,3138,0x0002,0x0003,0x0000,0x01,0x003F,0x0000,0x0001,actor_2c8,6,0x10C448,0x01,0x93,0x01,0x00,0x01,0x00,0x00,0x0091,0x02D1,0x033E,0x00,0x40,0x00,200,10,200:0040:02A1:026B:007F|201:0040:02B1:026C:007F|202:0040:02D9:0341:007F|203:0040:02C9:033F:007F|204:0040:02B9:0365:007F|205:0040:02D9:0340:008F|206:0040:02C9:033E:008F|207:0040:02B9:0364:008F|208:0040:02A9:0356:008A|209:0040:02B9:0363:009F
round3_castle,0xDD,3140,0x0002,0x0003,0x0000,0x01,0x003F,0x0000,0x0001,actor_2c8,6,0x10C448,0x01,0x94,0x01,0x00,0x01,0x00,0x00,0x0095,0x02D1,0x033E,0x00,0x40,0x00,200,10,200:0040:02A1:026B:0083|201:0040:02B1:026C:0083|202:0040:02D9:0345:0083|203:0040:02C9:0343:0083|204:0040:02B9:0365:0083|205:0040:02D9:0344:0093|206:0040:02C9:0342:0093|207:0040:02B9:0364:0093|208:0040:02A9:0356:008E|209:0040:02B9:0363:00A3
round3_castle,0xDD,3142,0x0002,0x0003,0x0000,0x01,0x003F,0x0000,0x0001,actor_2c8,6,0x10C448,0x01,0x96,0x01,0x00,0x05,0x00,0x00,0x0095,0x02CE,0x033E,0x00,0x40,0x00,200,10,200:0040:02A1:026B:0085|201:0040:02B1:026C:0085|202:0040:02D9:0345:0085|203:0040:02C9:0343:0085|204:0040:02B9:0365:0085|205:0040:02D9:0344:0095|206:0040:02C9:0342:0095|207:0040:02B9:0364:0095|208:0040:02A9:0356:0090|209:0040:02B9:0363:00A5
round3_castle,0xDD,3144,0x0002,0x0003,0x0000,0x01,0x003F,0x0000,0x0001,actor_2c8,6,0x10C448,0x01,0x96,0x01,0x00,0x05,0x00,0x00,0x0096,0x02CA,0x033E,0x00,0x40,0x00,200,10,200:0040:029E:026B:0085|201:0040:02AE:026C:0085|202:0040:02D6:0385:0085|203:0040:02C6:0383:0085|204:0040:02B6:0365:0085|205:0040:02C6:0382:0095|206:0040:02B6:0387:0095|207:0040:02A6:0356:0091|208:0040:02B6:0386:00A5|209:0040:02A6:0388:009D
round3_castle,0xDD,3146,0x0002,0x0003,0x0000,0x01,0x003F,0x0000,0x0001,actor_2c8,6,0x10C448,0x01,0x96,0x01,0x00,0x05,0x00,0x00,0x0097,0x02C7,0x033E,0x00,0x40,0x00,200,10,200:0040:029A:026B:0086|201:0040:02AA:026C:0086|202:0040:02D2:0385:0086|203:0040:02C2:0383:0086|204:0040:02B2:0365:0086|205:0040:02C2:0382:0096|206:0040:02B2:0387:0096|207:0040:02A2:0356:0092|208:0040:02B2:0386:00A6|209:0040:02A2:0388:009E
round3_castle,0xDD,3148,0x0002,0x0003,0x0000,0x01,0x003F,0x0000,0x0001,actor_2c8,6,0x10C448,0x01,0x96,0x01,0x00,0x05,0x00,0x00,0x0098,0x02C4,0x033E,0x00,0x40,0x00,200,10,200:0040:0297:026B:0087|201:0040:02A7:026C:0087|202:0040:02CF:0385:0087|203:0040:02BF:0383:0087|204:0040:02AF:0365:0087|205:0040:02BF:0382:0097|206:0040:02AF:0387:0097|207:0040:029F:0356:0093|208:0040:02AF:0386:00A7|209:0040:029F:0388:009F
round3_castle,0xDD,3150,0x0002,0x0003,0x0000,0x01,0x003F,0x0000,0x0001,actor_2c8,6,0x10C448,0x01,0x96,0x01,0x00,0x05,0x00,0x00,0x009A,0x02C1,0x033E,0x00,0x40,0x00,200,10,200:0040:0294:026B:0088|201:0040:02A4:026C:0088|202:0040:02CC:0385:0088|203:0040:02BC:0383:0088|204:0040:02AC:0365:0088|205:0040:02BC:0382:0098|206:0040:02AC:0387:0098|207:0040:029C:0356:0094|208:0040:02AC:0386:00A8|209:0040:029C:0388:00A0
round3_castle,0xDD,3150,0x0002,0x0003,0x0000,0x01,0x003F,0x0000,0x0001,actor_2c8,8,0x10C4C8,0x01,0x96,0x01,0x00,0x11,0x00,0x00,0x005D,0x02B0,0x033E,0x00,0x40,0x00,220,19,220:0040:027D:026B:004D|221:0040:028D:026C:004D|222:0040:02B5:0385:004D|223:0040:02A5:0383:004D|224:0040:0295:0365:004D|225:0040:02A5:0382:005D|226:0040:0295:0387:005D|227:0040:0285:0356:0059|228:0040:0295:0386:006D|229:0040:0285:0388:0065
round3_castle,0xDD,3152,0x0002,0x0003,0x0000,0x01,0x003F,0x0000,0x0001,actor_2c8,6,0x10C448,0x01,0x96,0x01,0x00,0x05,0x00,0x00,0x009C,0x02BE,0x033E,0x00,0x40,0x00,200,10,200:0040:0291:026B:008A|201:0040:02A1:026C:008A|202:0040:02C9:0385:008A|203:0040:02B9:0383:008A|204:0040:02A9:0365:008A|205:0040:02B9:0382:009A|206:0040:02A9:0387:009A|207:0040:0299:0356:0096|208:0040:02A9:0386:00AA|209:0040:0299:0388:00A2
round3_castle,0xDD,3152,0x0002,0x0003,0x0000,0x01,0x003F,0x0000,0x0001,actor_2c8,8,0x10C4C8,0x01,0x96,0x01,0x00,0x11,0x00,0x00,0x005D,0x02B6,0x033E,0x00,0x40,0x00,220,19,220:0040:0283:026B:004D|221:0040:0293:026C:004D|222:0040:02BB:0385:004D|223:0040:02AB:0383:004D|224:0040:029B:0365:004D|225:0040:02AB:0382:005D|226:0040:029B:0387:005D|227:0040:028B:0356:0059|228:0040:029B:0386:006D|229:0040:028B:0388:0065
round3_castle,0xDD,3154,0x0002,0x0003,0x0000,0x01,0x003F,0x0000,0x0001,actor_2c8,6,0x10C448,0x01,0x96,0x01,0x00,0x05,0x00,0x00,0x009F,0x02BB,0x033E,0x00,0x40,0x00,200,10,200:0040:028E:026B:008C|201:0040:029E:026C:008C|202:0040:02C6:0385:008C|203:0040:02B6:0383:008C|204:0040:02A6:0365:008C|205:0040:02B6:0382:009C|206:0040:02A6:0387:009C|207:0040:0296:0356:0098|208:0040:02A6:0386:00AC|209:0040:0296:0388:00A4
round3_castle,0xDD,3154,0x0002,0x0003,0x0000,0x01,0x003F,0x0000,0x0001,actor_2c8,8,0x10C4C8,0x01,0x96,0x01,0x00,0x11,0x00,0x00,0x005D,0x02BC,0x033E,0x00,0x40,0x00,220,19,220:0040:0289:026B:004D|221:0040:0299:026C:004D|222:0040:02C1:0385:004D|223:0040:02B1:0383:004D|224:0040:02A1:0365:004D|225:0040:02B1:0382:005D|226:0040:02A1:0387:005D|227:0040:0291:0356:0059|228:0040:02A1:0386:006D|229:0040:0291:0388:0065
round3_castle,0xDD,3156,0x0002,0x0003,0x0000,0x01,0x003F,0x0000,0x0001,actor_2c8,6,0x10C448,0x01,0x96,0x01,0x00,0x05,0x00,0x00,0x00A2,0x02B8,0x033E,0x00,0x40,0x00,200,10,200:0040:028B:026B:008F|201:0040:029B:026C:008F|202:0040:02C3:0385:008F|203:0040:02B3:0383:008F|204:0040:02A3:0365:008F|205:0040:02B3:0382:009F|206:0040:02A3:0387:009F|207:0040:0293:0356:009B|208:0040:02A3:0386:00AF|209:0040:0293:0388:00A7
round3_castle,0xDD,3156,0x0002,0x0003,0x0000,0x01,0x003F,0x0000,0x0001,actor_2c8,8,0x10C4C8,0x01,0x94,0x01,0x00,0x11,0x00,0x00,0x005D,0x02C2,0x033E,0x00,0x40,0x00,220,19,220:0040:028F:026B:004D|221:0040:029F:026C:004D|222:0040:02C7:0345:004D|223:0040:02B7:0343:004D|224:0040:02A7:0365:004D|225:0040:02C7:0344:005D|226:0040:02B7:0342:005D|227:0040:02A7:0364:005D|228:0040:0297:0356:0058|229:0040:02A7:0363:006D
round3_castle,0xDD,3158,0x0002,0x0003,0x0000,0x01,0x003F,0x0000,0x0001,actor_2c8,6,0x10C448,0x01,0x96,0x01,0x00,0x05,0x00,0x00,0x00A5,0x02B6,0x033E,0x00,0x40,0x00,200,10,200:0040:0288:026B:0092|201:0040:0298:026C:0092|202:0040:02C0:0385:0092|203:0040:02B0:0383:0092|204:0040:02A0:0365:0092|205:0040:02B0:0382:00A2|206:0040:02A0:0387:00A2|207:0040:0290:0356:009E|208:0040:02A0:0386:00B2|209:0040:0290:0388:00AA
round3_castle,0xDD,3158,0x0002,0x0003,0x0000,0x01,0x003F,0x0000,0x0001,actor_2c8,8,0x10C4C8,0x01,0x94,0x01,0x00,0x11,0x00,0x00,0x005D,0x02C9,0x033E,0x00,0x40,0x00,220,19,220:0040:0295:026B:004D|221:0040:02A5:026C:004D|222:0040:02CD:0345:004D|223:0040:02BD:0343:004D|224:0040:02AD:0365:004D|225:0040:02CD:0344:005D|226:0040:02BD:0342:005D|227:0040:02AD:0364:005D|228:0040:029D:0356:0058|229:0040:02AD:0363:006D
round3_castle,0xDD,3160,0x0002,0x0003,0x0000,0x01,0x003F,0x0000,0x0001,actor_2c8,6,0x10C448,0x01,0x96,0x01,0x00,0x05,0x00,0x00,0x00A8,0x02B4,0x033E,0x00,0x40,0x00,200,10,200:0040:0286:026B:0095|201:0040:0296:026C:0095|202:0040:02BE:0385:0095|203:0040:02AE:0383:0095|204:0040:029E:0365:0095|205:0040:02AE:0382:00A5|206:0040:029E:0387:00A5|207:0040:028E:0356:00A1|208:0040:029E:0386:00B5|209:0040:028E:0388:00AD
round3_castle,0xDD,3160,0x0002,0x0003,0x0000,0x01,0x003F,0x0000,0x0001,actor_2c8,8,0x10C4C8,0x01,0x94,0x01,0x00,0x11,0x00,0x00,0x005D,0x02D1,0x033E,0x00,0x40,0x00,220,19,220:0040:029D:026B:004D|221:0040:02AD:026C:004D|222:0040:02D5:0345:004D|223:0040:02C5:0343:004D|224:0040:02B5:0365:004D|225:0040:02D5:0344:005D|226:0040:02C5:0342:005D|227:0040:02B5:0364:005D|228:0040:02A5:0356:0058|229:0040:02B5:0363:006D
round3_castle,0xDD,3162,0x0002,0x0003,0x0000,0x01,0x003F,0x0000,0x0001,actor_2c8,6,0x10C448,0x01,0x94,0x01,0x00,0x05,0x00,0x00,0x00AB,0x02B3,0x033E,0x00,0x40,0x00,200,10,200:0040:0284:026B:0098|201:0040:0294:026C:0098|202:0040:02BC:0385:0098|203:0040:02AC:0383:0098|204:0040:029C:0365:0098|205:0040:02AC:0382:00A8|206:0040:029C:0387:00A8|207:0040:028C:0356:00A4|208:0040:029C:0386:00B8|209:0040:028C:0388:00B0
round3_castle,0xDD,3164,0x0002,0x0003,0x0000,0x01,0x003F,0x0000,0x0001,actor_2c8,6,0x10C448,0x01,0x94,0x01,0x00,0x05,0x00,0x00,0x00AE,0x02B2,0x033E,0x00,0x40,0x00,200,10,200:0040:0283:026B:009B|201:0040:0293:026C:009B|202:0040:02BB:0345:009B|203:0040:02AB:0343:009B|204:0040:029B:0365:009B|205:0040:02BB:0344:00AB|206:0040:02AB:0342:00AB|207:0040:029B:0364:00AB|208:0040:028B:0356:00A6|209:0040:029B:0363:00BB
round3_castle,0xDD,3164,0x0002,0x0003,0x0000,0x01,0x003F,0x0000,0x0001,actor_2c8,8,0x10C4C8,0x01,0x93,0x01,0x00,0x01,0x00,0x00,0x0063,0x02D1,0x033E,0x00,0x40,0x00,220,19,220:0040:02A1:026B:0051|221:0040:02B1:026C:0051|222:0040:02D9:0341:0051|223:0040:02C9:033F:0051|224:0040:02B9:0365:0051|225:0040:02D9:0340:0061|226:0040:02C9:033E:0061|227:0040:02B9:0364:0061|228:0040:02A9:0356:005C|229:0040:02B9:0363:0071
round3_castle,0xDD,3166,0x0002,0x0003,0x0000,0x01,0x003F,0x0000,0x0001,actor_2c8,6,0x10C448,0x01,0x93,0x01,0x00,0x05,0x00,0x00,0x00B2,0x02B1,0x033E,0x00,0x40,0x00,200,10,200:0040:0282:026B:009E|201:0040:0292:026C:009E|202:0040:02BA:0345:009E|203:0040:02AA:0343:009E|204:0040:029A:0365:009E|205:0040:02BA:0344:00AE|206:0040:02AA:0342:00AE|207:0040:029A:0364:00AE|208:0040:028A:0356:00A9|209:0040:029A:0363:00BE
round3_castle,0xDD,3166,0x0002,0x0003,0x0000,0x01,0x003F,0x0000,0x0001,actor_2c8,8,0x10C4C8,0x01,0x93,0x01,0x00,0x01,0x00,0x00,0x0065,0x02D1,0x033E,0x00,0x40,0x00,220,19,220:0040:02A1:026B:0055|221:0040:02B1:026C:0055|222:0040:02D9:0341:0055|223:0040:02C9:033F:0055|224:0040:02B9:0365:0055|225:0040:02D9:0340:0065|226:0040:02C9:033E:0065|227:0040:02B9:0364:0065|228:0040:02A9:0356:0060|229:0040:02B9:0363:0075
round3_castle,0xDD,3168,0x0002,0x0003,0x0000,0x01,0x003F,0x0000,0x0001,actor_2c8,6,0x10C448,0x01,0x93,0x01,0x00,0x05,0x00,0x00,0x00B5,0x02B1,0x033E,0x00,0x40,0x00,200,10,200:0040:0281:026B:00A2|201:0040:0291:026C:00A2|202:0040:02B9:0341:00A2|203:0040:02A9:033F:00A2|204:0040:0299:0365:00A2|205:0040:02B9:0340:00B2|206:0040:02A9:033E:00B2|207:0040:0299:0364:00B2|208:0040:0289:0356:00AD|209:0040:0299:0363:00C2
round3_castle,0xDD,3170,0x0002,0x0003,0x0000,0x01,0x003F,0x0000,0x0001,actor_2c8,6,0x10C448,0x01,0x93,0x01,0x00,0x05,0x00,0x00,0x00B5,0x02B1,0x033E,0x00,0x40,0x00,200,10,200:0040:0281:026B:00A5|201:0040:0291:026C:00A5|202:0040:02B9:0341:00A5|203:0040:02A9:033F:00A5|204:0040:0299:0365:00A5|205:0040:02B9:0340:00B5|206:0040:02A9:033E:00B5|207:0040:0299:0364:00B5|208:0040:0289:0356:00B0|209:0040:0299:0363:00C5
round3_castle,0xDD,3170,0x0002,0x0003,0x0000,0x01,0x003F,0x0000,0x0001,actor_2c8,8,0x10C4C8,0x01,0xA1,0x01,0x00,0x1F,0x00,0x00,0x0065,0x02D1,0x033E,0x00,0x40,0x00,220,19,220:0040:02A1:026B:0055|221:0040:02B1:026C:0055|222:0040:02D9:0341:0055|223:0040:02C9:033F:0055|224:0040:02B9:0365:0055|225:0040:02D9:0340:0065|226:0040:02C9:033E:0065|227:0040:02B9:0364:0065|228:0040:02A9:0356:0060|229:0040:02B9:0363:0075
round3_castle,0xDD,3172,0x0002,0x0003,0x0000,0x01,0x003F,0x0000,0x0001,actor_2c8,6,0x10C448,0x01,0x94,0x01,0x00,0x01,0x00,0x00,0x00B9,0x02B1,0x033E,0x01,0x40,0x00,200,10,200:4040:0281:026B:00B6|201:4040:0291:026C:00B6|202:4040:02B9:0345:00B6|203:4040:02A9:0343:00B6|204:4040:0299:0365:00B6|205:4040:02B9:0344:00A6|206:4040:02A9:0342:00A6|207:4040:0299:0364:00A6|208:4040:0289:0356:00AB|209:4040:0299:0363:0096
round3_castle,0xDD,3172,0x0002,0x0003,0x0000,0x01,0x003F,0x0000,0x0001,actor_2c8,8,0x10C4C8,0x01,0xA1,0x01,0x00,0x1F,0x00,0x00,0x0065,0x02D1,0x033E,0x00,0x40,0x00,220,19,220:0040:02A1:026B:0055|221:0040:02B1:026C:0055|222:0040:02B9:0357:0065|223:0040:02A9:0356:0060|224:0040:02B9:0358:0055|225:0040:02D9:0341:0055|226:0040:02C9:033F:0055|227:0040:02D9:0340:0065|228:0040:02C9:033E:0065
round3_castle,0xDD,3174,0x0002,0x0003,0x0000,0x01,0x003F,0x0000,0x0001,actor_2c8,6,0x10C448,0x01,0x94,0x01,0x00,0x01,0x00,0x00,0x00BD,0x02B1,0x033E,0x01,0x40,0x00,200,10,200:4040:0281:026B:00BA|201:4040:0291:026C:00BA|202:4040:02B9:0345:00BA|203:4040:02A9:0343:00BA|204:4040:0299:0365:00BA|205:4040:02B9:0344:00AA|206:4040:02A9:0342:00AA|207:4040:0299:0364:00AA|208:4040:0289:0356:00AF|209:4040:0299:0363:009A
round3_castle,0xDD,3174,0x0002,0x0003,0x0000,0x01,0x003F,0x0000,0x0001,actor_2c8,8,0x10C4C8,0x01,0xA2,0x01,0x00,0x1F,0x00,0x00,0x0065,0x02D1,0x033E,0x00,0x40,0x00,220,19,220:0040:02A9:026E:0045|221:0040:02B9:026D:004D|222:0040:02B9:0359:0065|223:0040:02A9:0356:0060|224:0040:02B9:035A:0055|225:0040:02D9:0341:0055|226:0040:02C9:033F:0055|227:0040:02D9:0340:0065|228:0040:02C9:033E:0065
round3_castle,0xDD,3176,0x0002,0x0003,0x0000,0x01,0x003F,0x0000,0x0001,actor_2c8,6,0x10C448,0x01,0x94,0x01,0x00,0x01,0x00,0x00,0x00BF,0x02B1,0x033E,0x01,0x40,0x00,200,10,200:4040:0281:026B:00BC|201:4040:0291:026C:00BC|202:4040:02B9:0345:00BC|203:4040:02A9:0343:00BC|204:4040:0299:0365:00BC|205:4040:02B9:0344:00AC|206:4040:02A9:0342:00AC|207:4040:0299:0364:00AC|208:4040:0289:0356:00B1|209:4040:0299:0363:009C
round3_castle,0xDD,3176,0x0002,0x0003,0x0000,0x01,0x003F,0x0000,0x0001,actor_2c8,8,0x10C4C8,0x01,0xA3,0x01,0x00,0x1F,0x00,0x00,0x0065,0x02D1,0x033E,0x00,0x40,0x00,220,19,220:0040:02A9:026E:0045|221:0040:02B9:026D:004D|222:0040:02B9:0359:0065|223:0040:02A9:0356:0060|224:0040:02B9:035A:0055|225:0040:02D9:0341:0055|226:0040:02C9:033F:0055|227:0040:02D9:0340:0065|228:0040:02C9:033E:0065
round3_castle,0xDD,3178,0x0002,0x0003,0x0000,0x01,0x003F,0x0000,0x0001,actor_2c8,6,0x10C448,0x01,0x94,0x01,0x00,0x01,0x00,0x00,0x00C3,0x02B1,0x033E,0x01,0x40,0x00,200,10,200:4040:0281:026B:00C0|201:4040:0291:026C:00C0|202:4040:02B9:0345:00C0|203:4040:02A9:0343:00C0|204:4040:0299:0365:00C0|205:4040:02B9:0344:00B0|206:4040:02A9:0342:00B0|207:4040:0299:0364:00B0|208:4040:0289:0356:00B5|209:4040:0299:0363:00A0
round3_castle,0xDD,3178,0x0002,0x0003,0x0000,0x01,0x003F,0x0000,0x0001,actor_2c8,8,0x10C4C8,0x01,0xA3,0x01,0x00,0x1F,0x00,0x00,0x0065,0x02D1,0x033E,0x00,0x40,0x00,220,19,220:0040:02B9:026F:004D|221:0040:02B9:0270:003D|222:0040:02B9:035B:0065|223:0040:02A9:0356:0060|224:0040:02B9:035C:0055|225:0040:02D9:0341:0055|226:0040:02C9:033F:0055|227:0040:02D9:0340:0065|228:0040:02C9:033E:0065
round3_castle,0xDD,3180,0x0002,0x0003,0x0000,0x01,0x003F,0x0000,0x0001,actor_2c8,6,0x10C448,0x01,0x95,0x01,0x00,0x01,0x00,0x00,0x00C5,0x02B1,0x033E,0x01,0x40,0x00,200,10,200:4040:0281:026B:00C4|201:4040:0291:026C:00C4|202:4040:02B9:0349:00C4|203:4040:02A9:0347:00C4|204:4040:0299:0365:00C4|205:4040:02B9:0348:00B4|206:4040:02A9:0346:00B4|207:4040:0299:0364:00B4|208:4040:0289:0356:00B9|209:4040:0299:0363:00A4
round3_castle,0xDD,3180,0x0002,0x0003,0x0000,0x01,0x003F,0x0000,0x0001,actor_2c8,8,0x10C4C8,0x01,0xA4,0x01,0x00,0x1F,0x00,0x00,0x0065,0x02D1,0x033E,0x00,0x40,0x00,220,19,220:0040:02C1:0271:0055|221:0040:02B9:035D:0065|222:0040:02A9:0356:0060|223:0040:02B9:035E:0055|224:0040:02D9:0341:0055|225:0040:02C9:033F:0055|226:0040:02D9:0340:0065|227:0040:02C9:033E:0065
round3_castle,0xDD,3182,0x0002,0x0003,0x0000,0x01,0x003F,0x0000,0x0001,actor_2c8,6,0x10C448,0x01,0x95,0x01,0x00,0x01,0x00,0x00,0x00C9,0x02B1,0x033E,0x01,0x40,0x00,200,10,200:4040:0281:026B:00C6|201:4040:0291:026C:00C6|202:4040:02B9:0349:00C6|203:4040:02A9:0347:00C6|204:4040:0299:0365:00C6|205:4040:02B9:0348:00B6|206:4040:02A9:0346:00B6|207:4040:0299:0364:00B6|208:4040:0289:0356:00BB|209:4040:0299:0363:00A6
round3_castle,0xDD,3182,0x0002,0x0003,0x0000,0x01,0x003F,0x0000,0x0001,actor_2c8,8,0x10C4C8,0x01,0xA5,0x01,0x00,0x1F,0x00,0x00,0x0065,0x02D1,0x033E,0x00,0x40,0x00,220,19,220:0040:02C1:0271:0055|221:0040:02B9:035D:0065|222:0040:02A9:0356:0060|223:0040:02B9:035E:0055|224:0040:02D9:0341:0055|225:0040:02C9:033F:0055|226:0040:02D9:0340:0065|227:0040:02C9:033E:0065
round3_castle,0xDD,3184,0x0002,0x0003,0x0000,0x01,0x003F,0x0000,0x0001,actor_2c8,6,0x10C448,0x01,0x95,0x01,0x00,0x01,0x00,0x00,0x00CD,0x02B1,0x033E,0x01,0x40,0x00,200,10,200:4040:0281:026B:00CA|201:4040:0291:026C:00CA|202:4040:02B9:0349:00CA|203:4040:02A9:0347:00CA|204:4040:0299:0365:00CA|205:4040:02B9:0348:00BA|206:4040:02A9:0346:00BA|207:4040:0299:0364:00BA|208:4040:0289:0356:00BF|209:4040:0299:0363:00AA
round3_castle,0xDD,3184,0x0002,0x0003,0x0000,0x01,0x003F,0x0000,0x0001,actor_2c8,8,0x10C4C8,0x01,0xA5,0x01,0x00,0x1F,0x00,0x00,0x0065,0x02D1,0x033E,0x00,0x40,0x00,220,19,220:0040:02C1:0272:006D|221:0040:02B9:035F:0065|222:0040:02A9:0356:0060|223:0040:02B9:0360:0055|224:0040:02D9:0341:0055|225:0040:02C9:033F:0055|226:0040:02D9:0340:0065|227:0040:02C9:033E:0065
round3_castle,0xDD,3186,0x0002,0x0003,0x0000,0x01,0x003F,0x0000,0x0001,actor_2c8,6,0x10C448,0x01,0x95,0x01,0x00,0x01,0x00,0x00,0x00CF,0x02B1,0x033E,0x01,0x40,0x00,200,10,200:4040:0281:026B:00CC|201:4040:0291:026C:00CC|202:4040:02B9:0349:00CC|203:4040:02A9:0347:00CC|204:4040:0299:0365:00CC|205:4040:02B9:0348:00BC|206:4040:02A9:0346:00BC|207:4040:0299:0364:00BC|208:4040:0289:0356:00C1|209:4040:0299:0363:00AC
round3_castle,0xDD,3186,0x0002,0x0003,0x0000,0x01,0x003F,0x0000,0x0001,actor_2c8,8,0x10C4C8,0x01,0xA6,0x01,0x00,0x1F,0x00,0x00,0x0065,0x02D1,0x033E,0x00,0x40,0x00,220,19,220:0040:02B9:0273:008D|221:0040:02B9:0274:007D|222:0040:02B9:0361:006D|223:0040:02A9:0356:0061|224:0040:02B9:0362:005D|225:0040:02D9:0341:0055|226:0040:02C9:033F:0055|227:0040:02D9:0340:0065|228:0040:02C9:033E:0065
round3_castle,0xDD,3188,0x0002,0x0003,0x0000,0x01,0x003F,0x0000,0x0001,actor_2c8,6,0x10C448,0x01,0x94,0x01,0x00,0x01,0x00,0x00,0x00D3,0x02B1,0x033E,0x01,0x40,0x00,200,10,200:4040:0281:026B:00D0|201:4040:0291:026C:00D0|202:4040:02B9:0345:00D0|203:4040:02A9:0343:00D0|204:4040:0299:0365:00D0|205:4040:02B9:0344:00C0|206:4040:02A9:0342:00C0|207:4040:0299:0364:00C0|208:4040:0289:0356:00C5|209:4040:0299:0363:00B0
round3_castle,0xDD,3190,0x0002,0x0003,0x0000,0x01,0x003F,0x0000,0x0001,actor_2c8,6,0x10C448,0x01,0x94,0x01,0x00,0x01,0x00,0x00,0x00D5,0x02B1,0x033E,0x01,0x40,0x00,200,10,200:4040:0281:026B:00D4|201:4040:0291:026C:00D4|202:4040:02B9:0345:00D4|203:4040:02A9:0343:00D4|204:4040:0299:0365:00D4|205:4040:02B9:0344:00C4|206:4040:02A9:0342:00C4|207:4040:0299:0364:00C4|208:4040:0289:0356:00C9|209:4040:0299:0363:00B4
round3_castle,0xDD,3192,0x0002,0x0003,0x0000,0x01,0x003F,0x0000,0x0001,actor_2c8,6,0x10C448,0x01,0x96,0x01,0x00,0x05,0x00,0x00,0x00D5,0x02AE,0x033E,0x00,0x40,0x00,200,10,200:0040:027E:026B:00C5|201:0040:028E:026C:00C5|202:0040:02B6:0385:00C5|203:0040:02A6:0383:00C5|204:0040:0296:0365:00C5|205:0040:02A6:0382:00D5|206:0040:0296:0387:00D5|207:0040:0286:0356:00D1|208:0040:0296:0386:00E5|209:0040:0286:0388:00DD
round3_castle,0xDD,3194,0x0002,0x0003,0x0000,0x01,0x003F,0x0000,0x0001,actor_2c8,6,0x10C448,0x01,0x96,0x01,0x00,0x05,0x00,0x00,0x00D6,0x02AA,0x033E,0x00,0x40,0x00,200,10,200:0040:027A:026B:00C6|201:0040:028A:026C:00C6|202:0040:02B2:0385:00C6|203:0040:02A2:0383:00C6|204:0040:0292:0365:00C6|205:0040:02A2:0382:00D6|206:0040:0292:0387:00D6|207:0040:0282:0356:00D2|208:0040:0292:0386:00E6|209:0040:0282:0388:00DE
round3_castle,0xDD,3194,0x0002,0x0003,0x0000,0x01,0x003F,0x0000,0x0001,actor_2c8,8,0x10C4C8,0x01,0xA4,0x01,0x00,0x1F,0x00,0x00,0x0065,0x02D1,0x033E,0x00,0x40,0x00,220,19,220:0040:02C1:0272:006D|221:0040:02B9:035F:0065|222:0040:02A9:0356:0060|223:0040:02B9:0360:0055|224:0040:02D9:0341:0055|225:0040:02C9:033F:0055|226:0040:02D9:0340:0065|227:0040:02C9:033E:0065
round3_castle,0xDD,3196,0x0002,0x0003,0x0000,0x01,0x003F,0x0000,0x0001,actor_2c8,6,0x10C448,0x01,0x96,0x01,0x00,0x05,0x00,0x00,0x00D7,0x02A7,0x033E,0x00,0x40,0x00,200,10,200:0040:0277:026B:00C7|201:0040:0287:026C:00C7|202:0040:02AF:0385:00C7|203:0040:029F:0383:00C7|204:0040:028F:0365:00C7|205:0040:029F:0382:00D7|206:0040:028F:0387:00D7|207:0040:027F:0356:00D3|208:0040:028F:0386:00E7|209:0040:027F:0388:00DF
round3_castle,0xDD,3198,0x0002,0x0003,0x0000,0x01,0x003F,0x0000,0x0001,actor_2c8,6,0x10C448,0x01,0x96,0x01,0x00,0x05,0x00,0x00,0x00D8,0x02A4,0x033E,0x00,0x40,0x00,200,10,200:0040:0274:026B:00C8|201:0040:0284:026C:00C8|202:0040:02AC:0385:00C8|203:0040:029C:0383:00C8|204:0040:028C:0365:00C8|205:0040:029C:0382:00D8|206:0040:028C:0387:00D8|207:0040:027C:0356:00D4|208:0040:028C:0386:00E8|209:0040:027C:0388:00E0
round3_castle,0xDD,3200,0x0002,0x0003,0x0000,0x01,0x003F,0x0000,0x0001,actor_2c8,6,0x10C448,0x01,0x96,0x01,0x00,0x05,0x00,0x00,0x00DA,0x02A1,0x033E,0x00,0x40,0x00,200,10,200:0040:0271:026B:00CA|201:0040:0281:026C:00CA|202:0040:02A9:0385:00CA|203:0040:0299:0383:00CA|204:0040:0289:0365:00CA|205:0040:0299:0382:00DA|206:0040:0289:0387:00DA|207:0040:0279:0356:00D6|208:0040:0289:0386:00EA|209:0040:0279:0388:00E2
round3_castle,0xDD,3200,0x0002,0x0003,0x0000,0x01,0x003F,0x0000,0x0001,actor_2c8,8,0x10C4C8,0x01,0xA1,0x01,0x00,0x1F,0x00,0x00,0x0065,0x02D1,0x033E,0x00,0x40,0x00,220,19,220:0040:02A9:026E:0045|221:0040:02B9:026D:004D|222:0040:02B9:0359:0065|223:0040:02A9:0356:0060|224:0040:02B9:035A:0055|225:0040:02D9:0341:0055|226:0040:02C9:033F:0055|227:0040:02D9:0340:0065|228:0040:02C9:033E:0065
round3_castle,0xDD,3202,0x0002,0x0003,0x0000,0x01,0x003F,0x0000,0x0001,actor_2c8,6,0x10C448,0x01,0x96,0x01,0x00,0x05,0x00,0x00,0x00DC,0x029E,0x033E,0x00,0x40,0x00,200,10,200:0040:026E:026B:00CC|201:0040:027E:026C:00CC|202:0040:02A6:0385:00CC|203:0040:0296:0383:00CC|204:0040:0286:0365:00CC|205:0040:0296:0382:00DC|206:0040:0286:0387:00DC|207:0040:0276:0356:00D8|208:0040:0286:0386:00EC|209:0040:0276:0388:00E4
round3_castle,0xDD,3204,0x0002,0x0003,0x0000,0x01,0x003F,0x0000,0x0001,actor_2c8,6,0x10C448,0x01,0x96,0x01,0x00,0x05,0x00,0x00,0x00DF,0x029B,0x033E,0x00,0x40,0x00,200,10,200:0040:026B:026B:00CF|201:0040:027B:026C:00CF|202:0040:02A3:0385:00CF|203:0040:0293:0383:00CF|204:0040:0283:0365:00CF|205:0040:0293:0382:00DF|206:0040:0283:0387:00DF|207:0040:0273:0356:00DB|208:0040:0283:0386:00EF|209:0040:0273:0388:00E7
round3_castle,0xDD,3206,0x0002,0x0003,0x0000,0x01,0x003F,0x0000,0x0001,actor_2c8,6,0x10C448,0x01,0x96,0x01,0x00,0x05,0x00,0x00,0x00E2,0x0298,0x033E,0x00,0x40,0x00,200,10,200:0040:0268:026B:00D2|201:0040:0278:026C:00D2|202:0040:02A0:0385:00D2|203:0040:0290:0383:00D2|204:0040:0280:0365:00D2|205:0040:0290:0382:00E2|206:0040:0280:0387:00E2|207:0040:0270:0356:00DE|208:0040:0280:0386:00F2|209:0040:0270:0388:00EA
round3_castle,0xDD,3206,0x0002,0x0003,0x0000,0x01,0x003F,0x0000,0x0001,actor_2c8,8,0x10C4C8,0x01,0x93,0x01,0x00,0x1F,0x00,0x00,0x0065,0x02D1,0x033E,0x00,0x40,0x00,220,19,220:0040:02A1:026B:0055|221:0040:02B1:026C:0055|222:0040:02B9:0357:0065|223:0040:02A9:0356:0060|224:0040:02B9:0358:0055|225:0040:02D9:0341:0055|226:0040:02C9:033F:0055|227:0040:02D9:0340:0065|228:0040:02C9:033E:0065
round3_castle,0xDD,3208,0x0002,0x0003,0x0000,0x01,0x003F,0x0000,0x0001,actor_2c8,6,0x10C448,0x01,0x96,0x01,0x00,0x05,0x00,0x00,0x00E5,0x0296,0x033E,0x00,0x40,0x00,200,10,200:0040:0266:026B:00D5|201:0040:0276:026C:00D5|202:0040:029E:0385:00D5|203:0040:028E:0383:00D5|204:0040:027E:0365:00D5|205:0040:028E:0382:00E5|206:0040:027E:0387:00E5|207:0040:026E:0356:00E1|208:0040:027E:0386:00F5|209:0040:026E:0388:00ED
round3_castle,0xDD,3210,0x0002,0x0003,0x0000,0x01,0x003F,0x0000,0x0001,actor_2c8,6,0x10C448,0x01,0x96,0x01,0x00,0x05,0x00,0x00,0x00E8,0x0294,0x033E,0x00,0x40,0x00,200,10,200:0040:0264:026B:00D8|201:0040:0274:026C:00D8|202:0040:029C:0385:00D8|203:0040:028C:0383:00D8|204:0040:027C:0365:00D8|205:0040:028C:0382:00E8|206:0040:027C:0387:00E8|207:0040:026C:0356:00E4|208:0040:027C:0386:00F8|209:0040:026C:0388:00F0
round3_castle,0xDD,3212,0x0002,0x0003,0x0000,0x01,0x003F,0x0000,0x0001,actor_2c8,6,0x10C448,0x01,0x94,0x01,0x00,0x05,0x00,0x00,0x00EB,0x0293,0x033E,0x00,0x40,0x00,200,10,200:0040:0263:026B:00DB|201:0040:0273:026C:00DB|202:0040:029B:0345:00DB|203:0040:028B:0343:00DB|204:0040:027B:0365:00DB|205:0040:029B:0344:00EB|206:0040:028B:0342:00EB|207:0040:027B:0364:00EB|208:0040:026B:0356:00E6|209:0040:027B:0363:00FB
round3_castle,0xDD,3212,0x0002,0x0003,0x0000,0x01,0x003F,0x0000,0x0001,actor_2c8,8,0x10C4C8,0x01,0xA2,0x01,0x00,0x1F,0x00,0x00,0x0065,0x02D1,0x033E,0x00,0x40,0x00,220,19,220:0040:02A1:026B:0055|221:0040:02B1:026C:0055|222:0040:02B9:0357:0065|223:0040:02A9:0356:0060|224:0040:02B9:0358:0055|225:0040:02D9:0341:0055|226:0040:02C9:033F:0055|227:0040:02D9:0340:0065|228:0040:02C9:033E:0065
round3_castle,0xDD,3214,0x0002,0x0003,0x0000,0x01,0x003F,0x0000,0x0001,actor_2c8,6,0x10C448,0x01,0x94,0x01,0x00,0x05,0x00,0x00,0x00EE,0x0292,0x033E,0x00,0x40,0x00,200,10,200:0040:0262:026B:00DE|201:0040:0272:026C:00DE|202:0040:029A:0345:00DE|203:0040:028A:0343:00DE|204:0040:027A:0365:00DE|205:0040:029A:0344:00EE|206:0040:028A:0342:00EE|207:0040:027A:0364:00EE|208:0040:026A:0356:00E9|209:0040:027A:0363:00FE
round3_castle,0xDD,3216,0x0002,0x0003,0x0000,0x01,0x003F,0x0000,0x0001,actor_2c8,6,0x10C448,0x01,0x93,0x01,0x00,0x05,0x00,0x00,0x00F2,0x0291,0x033E,0x00,0x40,0x00,200,10,200:0040:0261:026B:00E2|201:0040:0271:026C:00E2|202:0040:0299:0341:00E2|203:0040:0289:033F:00E2|204:0040:0279:0365:00E2|205:0040:0299:0340:00F2|206:0040:0289:033E:00F2|207:0040:0279:0364:00F2|208:0040:0269:0356:00ED|209:0040:0279:0363:0102
round3_castle,0xDD,3218,0x0002,0x0003,0x0000,0x01,0x003F,0x0000,0x0001,actor_2c8,6,0x10C448,0x01,0x93,0x01,0x00,0x05,0x00,0x00,0x00F5,0x0291,0x033E,0x00,0x40,0x00,200,10,200:0040:0261:026B:00E5|201:0040:0271:026C:00E5|202:0040:0299:0341:00E5|203:0040:0289:033F:00E5|204:0040:0279:0365:00E5|205:0040:0299:0340:00F5|206:0040:0289:033E:00F5|207:0040:0279:0364:00F5|208:0040:0269:0356:00F0|209:0040:0279:0363:0105
round3_castle,0xDD,3218,0x0002,0x0003,0x0000,0x01,0x003F,0x0000,0x0001,actor_2c8,8,0x10C4C8,0x01,0xA4,0x01,0x00,0x1F,0x00,0x00,0x0065,0x02D1,0x033E,0x00,0x40,0x00,220,19,220:0040:02B9:026F:004D|221:0040:02B9:0270:003D|222:0040:02B9:035B:0065|223:0040:02A9:0356:0060|224:0040:02B9:035C:0055|225:0040:02D9:0341:0055|226:0040:02C9:033F:0055|227:0040:02D9:0340:0065|228:0040:02C9:033E:0065
round3_castle,0xDD,3220,0x0002,0x0003,0x0000,0x01,0x003F,0x0000,0x0001,actor_2c8,6,0x10C448,0x01,0x94,0x01,0x00,0x01,0x00,0x00,0x00F7,0x0291,0x033E,0x01,0x40,0x00,200,10,200:0040:0261:026B:00E5|201:0040:0271:026C:00E5|202:0040:0299:0341:00E5|203:0040:0289:033F:00E5|204:0040:0279:0365:00E5|205:0040:0299:0340:00F5|206:0040:0289:033E:00F5|207:0040:0279:0364:00F5|208:0040:0269:0356:00F0|209:0040:0279:0363:0105
round3_castle,0xDD,3222,0x0002,0x0003,0x0000,0x01,0x003F,0x0000,0x0001,actor_2c8,6,0x10C448,0x01,0x94,0x01,0x00,0x01,0x00,0x00,0x00FB,0x0291,0x033E,0x01,0x40,0x00,200,10,200:4040:0261:026B:00F8|201:4040:0271:026C:00F8|202:4040:0299:0345:00F8|203:4040:0289:0343:00F8|204:4040:0279:0365:00F8|205:4040:0299:0344:00E8|206:4040:0289:0342:00E8|207:4040:0279:0364:00E8|208:4040:0269:0356:00ED|209:4040:0279:0363:00D8
round3_castle,0xDD,3224,0x0002,0x0003,0x0000,0x01,0x003F,0x0000,0x0001,actor_2c8,6,0x10C448,0x01,0x94,0x01,0x00,0x01,0x00,0x00,0x00FD,0x0291,0x033E,0x01,0x40,0x00,200,10,200:4040:0261:026B:00FC|201:4040:0271:026C:00FC|202:4040:0299:0345:00FC|203:4040:0289:0343:00FC|204:4040:0279:0365:00FC|205:4040:0299:0344:00EC|206:4040:0289:0342:00EC|207:4040:0279:0364:00EC|208:4040:0269:0356:00F1|209:4040:0279:0363:00DC
round3_castle,0xDD,3224,0x0002,0x0003,0x0000,0x01,0x003F,0x0000,0x0001,actor_2c8,8,0x10C4C8,0x01,0xA6,0x01,0x00,0x1F,0x00,0x00,0x0065,0x02D1,0x033E,0x00,0x40,0x00,220,19,220:0040:02C1:0272:006D|221:0040:02B9:035F:0065|222:0040:02A9:0356:0060|223:0040:02B9:0360:0055|224:0040:02D9:0341:0055|225:0040:02C9:033F:0055|226:0040:02D9:0340:0065|227:0040:02C9:033E:0065
round3_castle,0xDD,3226,0x0002,0x0003,0x0000,0x01,0x003F,0x0000,0x0001,actor_2c8,6,0x10C448,0x01,0x94,0x01,0x00,0x01,0x00,0x00,0x0101,0x0291,0x033E,0x01,0x40,0x00,200,10,200:4040:0261:026B:00FE|201:4040:0271:026C:00FE|202:4040:0299:0345:00FE|203:4040:0289:0343:00FE|204:4040:0279:0365:00FE|205:4040:0299:0344:00EE|206:4040:0289:0342:00EE|207:4040:0279:0364:00EE|208:4040:0269:0356:00F3|209:4040:0279:0363:00DE
round3_castle,0xDD,3228,0x0002,0x0003,0x0000,0x01,0x003F,0x0000,0x0001,actor_2c8,6,0x10C448,0x01,0x93,0x01,0x00,0x01,0x00,0x00,0x0105,0x0291,0x033E,0x01,0x40,0x00,200,10,200:4040:0261:026B:0102|201:4040:0271:026C:0102|202:4040:0299:0341:0102|203:4040:0289:033F:0102|204:4040:0279:0365:0102|205:4040:0299:0340:00F2|206:4040:0289:033E:00F2|207:4040:0279:0364:00F2|208:4040:0269:0356:00F7|209:4040:0279:0363:00E2
round3_castle,0xDD,3230,0x0002,0x0003,0x0000,0x01,0x003F,0x0000,0x0001,actor_2c8,6,0x10C448,0x01,0x93,0x01,0x00,0x01,0x00,0x00,0x0107,0x0291,0x033E,0x01,0x40,0x00,200,10,200:4040:0261:026B:0104|201:4040:0271:026C:0104|202:4040:0299:0341:0104|203:4040:0289:033F:0104|204:4040:0279:0365:0104|205:4040:0299:0340:00F4|206:4040:0289:033E:00F4|207:4040:0279:0364:00F4|208:4040:0269:0356:00F9|209:4040:0279:0363:00E4
round3_castle,0xDD,3230,0x0002,0x0003,0x0000,0x01,0x003F,0x0000,0x0001,actor_2c8,8,0x10C4C8,0x01,0xA5,0x01,0x00,0x1F,0x00,0x00,0x0065,0x02D1,0x033E,0x00,0x40,0x00,220,19,220:0040:02B9:0273:008D|221:0040:02B9:0274:007D|222:0040:02B9:0361:006D|223:0040:02A9:0356:0061|224:0040:02B9:0362:005D|225:0040:02D9:0341:0055|226:0040:02C9:033F:0055|227:0040:02D9:0340:0065|228:0040:02C9:033E:0065
round3_castle,0xDD,3232,0x0002,0x0003,0x0000,0x01,0x003F,0x0000,0x0001,actor_2c8,6,0x10C448,0x01,0x93,0x01,0x00,0x01,0x00,0x00,0x010B,0x0291,0x033E,0x00,0x40,0x00,200,10,200:0040:0261:026B:00F9|201:0040:0271:026C:00F9|202:0040:0299:0341:00F9|203:0040:0289:033F:00F9|204:0040:0279:0365:00F9|205:0040:0299:0340:0109|206:0040:0289:033E:0109|207:0040:0279:0364:0109|208:0040:0269:0356:0104|209:0040:0279:0363:0119
round3_castle,0xDD,3234,0x0002,0x0003,0x0000,0x01,0x003F,0x0000,0x0001,actor_2c8,6,0x10C448,0x01,0x93,0x01,0x00,0x01,0x00,0x00,0x010D,0x0291,0x033E,0x00,0x40,0x00,200,10,200:0040:0261:026B:00FD|201:0040:0271:026C:00FD|202:0040:0299:0341:00FD|203:0040:0289:033F:00FD|204:0040:0279:0365:00FD|205:0040:0299:0340:010D|206:0040:0289:033E:010D|207:0040:0279:0364:010D|208:0040:0269:0356:0108|209:0040:0279:0363:011D
round3_castle,0xDD,3236,0x0002,0x0003,0x0000,0x01,0x003F,0x0000,0x0001,actor_2c8,6,0x10C448,0x01,0x94,0x01,0x00,0x01,0x00,0x00,0x010F,0x0291,0x033E,0x00,0x40,0x00,200,10,200:0040:0261:026B:00FF|201:0040:0271:026C:00FF|202:0040:0299:0345:00FF|203:0040:0289:0343:00FF|204:0040:0279:0365:00FF|205:0040:0299:0344:010F|206:0040:0289:0342:010F|207:0040:0279:0364:010F|208:0040:0269:0356:010A|209:0040:0279:0363:011F
round3_castle,0xDD,3236,0x0002,0x0003,0x0000,0x01,0x003F,0x0000,0x0001,actor_2c8,8,0x10C4C8,0x01,0xA2,0x01,0x00,0x1F,0x00,0x00,0x0065,0x02D1,0x033E,0x00,0x40,0x00,220,19,220:0040:02C1:0271:0055|221:0040:02B9:035D:0065|222:0040:02A9:0356:0060|223:0040:02B9:035E:0055|224:0040:02D9:0341:0055|225:0040:02C9:033F:0055|226:0040:02D9:0340:0065|227:0040:02C9:033E:0065
round3_castle,0xDD,3238,0x0002,0x0003,0x0000,0x01,0x003F,0x0000,0x0001,actor_2c8,6,0x10C448,0x01,0x94,0x01,0x00,0x01,0x00,0x00,0x0111,0x0291,0x033E,0x00,0x40,0x00,200,10,200:0040:0261:026B:0101|201:0040:0271:026C:0101|202:0040:0299:0345:0101|203:0040:0289:0343:0101|204:0040:0279:0365:0101|205:0040:0299:0344:0111|206:0040:0289:0342:0111|207:0040:0279:0364:0111|208:0040:0269:0356:010C|209:0040:0279:0363:0121
round3_castle,0xDD,3240,0x0002,0x0003,0x0000,0x01,0x003F,0x0000,0x0001,actor_2c8,6,0x10C448,0x01,0x94,0x01,0x00,0x01,0x00,0x00,0x0113,0x0291,0x033E,0x00,0x40,0x00,200,10,200:0040:0261:026B:0103|201:0040:0271:026C:0103|202:0040:0299:0345:0103|203:0040:0289:0343:0103|204:0040:0279:0365:0103|205:0040:0299:0344:0113|206:0040:0289:0342:0113|207:0040:0279:0364:0113|208:0040:0269:0356:010E|209:0040:0279:0363:0123
round3_castle,0xDD,3242,0x0002,0x0003,0x0000,0x01,0x003F,0x0000,0x0001,actor_2c8,6,0x10C448,0x01,0x94,0x01,0x00,0x01,0x00,0x00,0x0115,0x0291,0x033E,0x00,0x40,0x00,200,10,200:0040:0261:026B:0105|201:0040:0271:026C:0105|202:0040:0299:0345:0105|203:0040:0289:0343:0105|204:0040:0279:0365:0105|205:0040:0299:0344:0115|206:0040:0289:0342:0115|207:0040:0279:0364:0115|208:0040:0269:0356:0110|209:0040:0279:0363:0125
round3_castle,0xDD,3244,0x0002,0x0003,0x0000,0x01,0x003F,0x0000,0x0001,actor_2c8,6,0x10C448,0x01,0x95,0x00,0x00,0x02,0x00,0x00,0x0113,0x0291,0x033E,0x00,0x40,0x00,200,10,200:0040:0261:026B:0105|201:0040:0271:026C:0105|202:0040:0299:0349:0105|203:0040:0289:0347:0105|204:0040:0279:0365:0105|205:0040:0299:0348:0115|206:0040:0289:0346:0115|207:0040:0279:0364:0115|208:0040:0269:0356:0110|209:0040:0279:0363:0125
round3_castle,0xDD,3246,0x0002,0x0003,0x0000,0x01,0x003F,0x0000,0x0001,actor_2c8,6,0x10C448,0x01,0x95,0x00,0x00,0x02,0x00,0x00,0x0111,0x0291,0x033E,0x00,0x40,0x00,200,10,200:4040:0261:026B:0112|201:4040:0271:026C:0112|202:4040:0299:0349:0112|203:4040:0289:0347:0112|204:4040:0279:0365:0112|205:4040:0299:0348:0102|206:4040:0289:0346:0102|207:4040:0279:0364:0102|208:4040:0269:0356:0107|209:4040:0279:0363:00F2
round3_castle,0xDD,3246,0x0002,0x0003,0x0000,0x01,0x003F,0x0000,0x0001,actor_2c8,8,0x10C4C8,0x01,0x95,0x01,0x00,0x01,0x00,0x00,0x006D,0x02D1,0x033E,0x00,0x40,0x00,220,19,220:0040:02A1:026B:005B|221:0040:02B1:026C:005B|222:0040:02D9:0349:005B|223:0040:02C9:0347:005B|224:0040:02B9:0365:005B|225:0040:02D9:0348:006B|226:0040:02C9:0346:006B|227:0040:02B9:0364:006B|228:0040:02A9:0356:0066|229:0040:02B9:0363:007B
round3_castle,0xDD,3248,0x0002,0x0003,0x0000,0x01,0x003F,0x0000,0x0001,actor_2c8,6,0x10C448,0x01,0x95,0x00,0x00,0x02,0x00,0x00,0x010F,0x0291,0x033E,0x00,0x40,0x00,200,10,200:4040:0261:026B:0110|201:4040:0271:026C:0110|202:4040:0299:0349:0110|203:4040:0289:0347:0110|204:4040:0279:0365:0110|205:4040:0299:0348:0100|206:4040:0289:0346:0100|207:4040:0279:0364:0100|208:4040:0269:0356:0105|209:4040:0279:0363:00F0
round3_castle,0xDD,3248,0x0002,0x0003,0x0000,0x01,0x003F,0x0000,0x0001,actor_2c8,8,0x10C4C8,0x01,0x95,0x00,0x00,0x02,0x00,0x00,0x006B,0x02D1,0x033E,0x01,0x40,0x00,220,19,220:4040:02A1:026B:006C|221:4040:02B1:026C:006C|222:4040:02D9:0349:006C|223:4040:02C9:0347:006C|224:4040:02B9:0365:006C|225:4040:02D9:0348:005C|226:4040:02C9:0346:005C|227:4040:02B9:0364:005C|228:4040:02A9:0356:0061|229:4040:02B9:0363:004C
round3_castle,0xDD,3250,0x0002,0x0003,0x0000,0x01,0x003F,0x0000,0x0001,actor_2c8,6,0x10C448,0x01,0x95,0x00,0x00,0x02,0x00,0x00,0x010D,0x0291,0x033E,0x00,0x40,0x00,200,10,200:4040:0261:026B:010E|201:4040:0271:026C:010E|202:4040:0299:0349:010E|203:4040:0289:0347:010E|204:4040:0279:0365:010E|205:4040:0299:0348:00FE|206:4040:0289:0346:00FE|207:4040:0279:0364:00FE|208:4040:0269:0356:0103|209:4040:0279:0363:00EE
round3_castle,0xDD,3252,0x0002,0x0003,0x0000,0x01,0x003F,0x0000,0x0001,actor_2c8,6,0x10C448,0x01,0x94,0x00,0x00,0x02,0x00,0x00,0x010D,0x0291,0x033E,0x00,0x40,0x00,200,10,200:4040:0261:026B:010C|201:4040:0271:026C:010C|202:4040:0299:0345:010C|203:4040:0289:0343:010C|204:4040:0279:0365:010C|205:4040:0299:0344:00FC|206:4040:0289:0342:00FC|207:4040:0279:0364:00FC|208:4040:0269:0356:0101|209:4040:0279:0363:00EC
round3_castle,0xDD,3254,0x0002,0x0003,0x0000,0x01,0x003F,0x0000,0x0001,actor_2c8,6,0x10C448,0x01,0x94,0x00,0x00,0x02,0x00,0x00,0x010B,0x0291,0x033E,0x00,0x40,0x00,200,10,200:4040:0261:026B:010A|201:4040:0271:026C:010A|202:4040:0299:0345:010A|203:4040:0289:0343:010A|204:4040:0279:0365:010A|205:4040:0299:0344:00FA|206:4040:0289:0342:00FA|207:4040:0279:0364:00FA|208:4040:0269:0356:00FF|209:4040:0279:0363:00EA
round3_castle,0xDD,3256,0x0002,0x0003,0x0000,0x01,0x003F,0x0000,0x0001,actor_2c8,6,0x10C448,0x01,0x94,0x00,0x00,0x02,0x00,0x00,0x0109,0x0291,0x033E,0x00,0x40,0x00,200,10,200:4040:0261:026B:0108|201:4040:0271:026C:0108|202:4040:0299:0345:0108|203:4040:0289:0343:0108|204:4040:0279:0365:0108|205:4040:0299:0344:00F8|206:4040:0289:0342:00F8|207:4040:0279:0364:00F8|208:4040:0269:0356:00FD|209:4040:0279:0363:00E8
round3_castle,0xDD,3258,0x0002,0x0003,0x0000,0x01,0x003F,0x0000,0x0001,actor_2c8,6,0x10C448,0x01,0x94,0x00,0x00,0x02,0x00,0x00,0x0107,0x0291,0x033E,0x00,0x40,0x00,200,10,200:4040:0261:026B:0106|201:4040:0271:026C:0106|202:4040:0299:0345:0106|203:4040:0289:0343:0106|204:4040:0279:0365:0106|205:4040:0299:0344:00F6|206:4040:0289:0342:00F6|207:4040:0279:0364:00F6|208:4040:0269:0356:00FB|209:4040:0279:0363:00E6
round3_castle,0xDD,3260,0x0002,0x0003,0x0000,0x01,0x003F,0x0000,0x0001,actor_2c8,8,0x10C4C8,0x01,0x93,0x00,0x00,0x02,0x00,0x00,0x0057,0x02D1,0x033E,0x01,0x40,0x00,220,19,220:0040:02A1:026B:0049|221:0040:02B1:026C:0049|222:0040:02D9:0341:0049|223:0040:02C9:033F:0049|224:0040:02B9:0365:0049|225:0040:02D9:0340:0059|226:0040:02C9:033E:0059|227:0040:02B9:0364:0059|228:0040:02A9:0356:0054|229:0040:02B9:0363:0069
round3_castle,0xDD,3266,0x0002,0x0003,0x0000,0x01,0x003F,0x0000,0x0001,actor_2c8,6,0x10C448,0x01,0x93,0x00,0x00,0x02,0x00,0x00,0x00FF,0x0291,0x033E,0x00,0x40,0x00,200,10,200:4040:0261:026B:0100|201:4040:0271:026C:0100|202:4040:0299:0341:0100|203:4040:0289:033F:0100|204:4040:0279:0365:0100|205:4040:0299:0340:00F0|206:4040:0289:033E:00F0|207:4040:0279:0364:00F0|208:4040:0269:0356:00F5|209:4040:0279:0363:00E0
round3_castle,0xDD,3268,0x0002,0x0003,0x0000,0x01,0x003F,0x0000,0x0001,actor_2c8,8,0x10C4C8,0x01,0x94,0x00,0x00,0x02,0x00,0x00,0x004B,0x02D1,0x033E,0x01,0x40,0x00,220,19,220:0040:02A1:026B:003D|221:0040:02B1:026C:003D|222:0040:02D9:0345:003D|223:0040:02C9:0343:003D|224:0040:02B9:0365:003D|225:0040:02D9:0344:004D|226:0040:02C9:0342:004D|227:0040:02B9:0364:004D|228:0040:02A9:0356:0048|229:0040:02B9:0363:005D
round3_castle,0xDD,3270,0x0002,0x0003,0x0000,0x01,0x003F,0x0000,0x0001,actor_2c8,8,0x10C4C8,0x01,0x94,0x00,0x00,0x02,0x00,0x00,0x0047,0x02D1,0x033E,0x01,0x40,0x00,220,19,220:0040:02A1:026B:0039|221:0040:02B1:026C:0039|222:0040:02D9:0345:0039|223:0040:02C9:0343:0039|224:0040:02B9:0365:0039|225:0040:02D9:0344:0049|226:0040:02C9:0342:0049|227:0040:02B9:0364:0049|228:0040:02A9:0356:0044|229:0040:02B9:0363:0059
round3_castle,0xDD,3272,0x0002,0x0003,0x0000,0x01,0x003F,0x0000,0x0001,actor_2c8,6,0x10C448,0x01,0x96,0x00,0x00,0x08,0x00,0x00,0x00FA,0x0291,0x033E,0x00,0x40,0x00,200,10,200:4040:0261:026B:00F9|201:4040:0271:026C:00F9|202:4040:0299:0385:00F9|203:4040:0289:0383:00F9|204:4040:0279:0365:00F9|205:4040:0289:0382:00E9|206:4040:0279:0387:00E9|207:4040:0269:0356:00ED|208:4040:0279:0386:00D9|209:4040:0269:0388:00E1
round3_castle,0xDD,3272,0x0002,0x0003,0x0000,0x01,0x003F,0x0000,0x0001,actor_2c8,8,0x10C4C8,0x01,0x94,0x00,0x00,0x02,0x00,0x00,0x0045,0x02D1,0x033E,0x01,0x40,0x00,220,19,220:0040:02A1:026B:0035|221:0040:02B1:026C:0035|222:0040:02D9:0345:0035|223:0040:02C9:0343:0035|224:0040:02B9:0365:0035|225:0040:02D9:0344:0045|226:0040:02C9:0342:0045|227:0040:02B9:0364:0045|228:0040:02A9:0356:0040|229:0040:02B9:0363:0055
round3_castle,0xDD,3274,0x0002,0x0003,0x0000,0x01,0x003F,0x0000,0x0001,actor_2c8,6,0x10C448,0x01,0x96,0x00,0x00,0x08,0x00,0x00,0x00F6,0x0292,0x033E,0x00,0x40,0x00,200,10,200:4040:0262:026B:00F5|201:4040:0272:026C:00F5|202:4040:029A:0385:00F5|203:4040:028A:0383:00F5|204:4040:027A:0365:00F5|205:4040:028A:0382:00E5|206:4040:027A:0387:00E5|207:4040:026A:0356:00E9|208:4040:027A:0386:00D5|209:4040:026A:0388:00DD
round3_castle,0xDD,3274,0x0002,0x0003,0x0000,0x01,0x003F,0x0000,0x0001,actor_2c8,8,0x10C4C8,0x01,0x94,0x01,0x00,0x01,0x00,0x00,0x0049,0x02D1,0x033E,0x00,0x40,0x00,220,19,220:0040:02A1:026B:0037|221:0040:02B1:026C:0037|222:0040:02D9:0345:0037|223:0040:02C9:0343:0037|224:0040:02B9:0365:0037|225:0040:02D9:0344:0047|226:0040:02C9:0342:0047|227:0040:02B9:0364:0047|228:0040:02A9:0356:0042|229:0040:02B9:0363:0057
round3_castle,0xDD,3276,0x0002,0x0003,0x0000,0x01,0x003F,0x0000,0x0001,actor_2c8,6,0x10C448,0x01,0x96,0x00,0x00,0x08,0x00,0x00,0x00F3,0x0293,0x033E,0x00,0x40,0x00,200,10,200:4040:0263:026B:00F2|201:4040:0273:026C:00F2|202:4040:029B:0385:00F2|203:4040:028B:0383:00F2|204:4040:027B:0365:00F2|205:4040:028B:0382:00E2|206:4040:027B:0387:00E2|207:4040:026B:0356:00E6|208:4040:027B:0386:00D2|209:4040:026B:0388:00DA
round3_castle,0xDD,3276,0x0002,0x0003,0x0000,0x01,0x003F,0x0000,0x0001,actor_2c8,8,0x10C4C8,0x01,0x95,0x01,0x00,0x01,0x00,0x00,0x004D,0x02D1,0x033E,0x00,0x40,0x00,220,19,220:0040:02A1:026B:003B|221:0040:02B1:026C:003B|222:0040:02D9:0349:003B|223:0040:02C9:0347:003B|224:0040:02B9:0365:003B|225:0040:02D9:0348:004B|226:0040:02C9:0346:004B|227:0040:02B9:0364:004B|228:0040:02A9:0356:0046|229:0040:02B9:0363:005B
round3_castle,0xDD,3278,0x0002,0x0003,0x0000,0x01,0x003F,0x0000,0x0001,actor_2c8,6,0x10C448,0x01,0x96,0x00,0x00,0x08,0x00,0x00,0x00F0,0x0294,0x033E,0x00,0x40,0x00,200,10,200:4040:0264:026B:00EF|201:4040:0274:026C:00EF|202:4040:029C:0385:00EF|203:4040:028C:0383:00EF|204:4040:027C:0365:00EF|205:4040:028C:0382:00DF|206:4040:027C:0387:00DF|207:4040:026C:0356:00E3|208:4040:027C:0386:00CF|209:4040:026C:0388:00D7
round3_castle,0xDD,3278,0x0002,0x0003,0x0000,0x01,0x003F,0x0000,0x0001,actor_2c8,8,0x10C4C8,0x01,0x95,0x01,0x00,0x01,0x00,0x00,0x004F,0x02D1,0x033E,0x00,0x40,0x00,220,19,220:0040:02A1:026B:003D|221:0040:02B1:026C:003D|222:0040:02D9:0349:003D|223:0040:02C9:0347:003D|224:0040:02B9:0365:003D|225:0040:02D9:0348:004D|226:0040:02C9:0346:004D|227:0040:02B9:0364:004D|228:0040:02A9:0356:0048|229:0040:02B9:0363:005D
round3_castle,0xDD,3280,0x0002,0x0003,0x0000,0x01,0x003F,0x0000,0x0001,actor_2c8,6,0x10C448,0x01,0x96,0x00,0x00,0x08,0x00,0x00,0x00ED,0x0296,0x033E,0x00,0x40,0x00,200,10,200:4040:0266:026B:00EC|201:4040:0276:026C:00EC|202:4040:029E:0385:00EC|203:4040:028E:0383:00EC|204:4040:027E:0365:00EC|205:4040:028E:0382:00DC|206:4040:027E:0387:00DC|207:4040:026E:0356:00E0|208:4040:027E:0386:00CC|209:4040:026E:0388:00D4
round3_castle,0xDD,3280,0x0002,0x0003,0x0000,0x01,0x003F,0x0000,0x0001,actor_2c8,8,0x10C4C8,0x01,0x95,0x01,0x00,0x01,0x00,0x00,0x0053,0x02D1,0x033E,0x00,0x40,0x00,220,19,220:0040:02A1:026B:0041|221:0040:02B1:026C:0041|222:0040:02D9:0349:0041|223:0040:02C9:0347:0041|224:0040:02B9:0365:0041|225:0040:02D9:0348:0051|226:0040:02C9:0346:0051|227:0040:02B9:0364:0051|228:0040:02A9:0356:004C|229:0040:02B9:0363:0061
round3_castle,0xDD,3282,0x0002,0x0003,0x0000,0x01,0x003F,0x0000,0x0001,actor_2c8,6,0x10C448,0x01,0x96,0x00,0x00,0x08,0x00,0x00,0x00EA,0x0298,0x033E,0x00,0x40,0x00,200,10,200:4040:0268:026B:00E9|201:4040:0278:026C:00E9|202:4040:02A0:0385:00E9|203:4040:0290:0383:00E9|204:4040:0280:0365:00E9|205:4040:0290:0382:00D9|206:4040:0280:0387:00D9|207:4040:0270:0356:00DD|208:4040:0280:0386:00C9|209:4040:0270:0388:00D1
round3_castle,0xDD,3282,0x0002,0x0003,0x0000,0x01,0x003F,0x0000,0x0001,actor_2c8,8,0x10C4C8,0x01,0x95,0x01,0x00,0x01,0x00,0x00,0x0055,0x02D1,0x033E,0x00,0x40,0x00,220,19,220:0040:02A1:026B:0045|221:0040:02B1:026C:0045|222:0040:02D9:0349:0045|223:0040:02C9:0347:0045|224:0040:02B9:0365:0045|225:0040:02D9:0348:0055|226:0040:02C9:0346:0055|227:0040:02B9:0364:0055|228:0040:02A9:0356:0050|229:0040:02B9:0363:0065
round3_castle,0xDD,3284,0x0002,0x0003,0x0000,0x01,0x003F,0x0000,0x0001,actor_2c8,6,0x10C448,0x01,0x96,0x00,0x00,0x08,0x00,0x00,0x00E7,0x029B,0x033E,0x00,0x40,0x00,200,10,200:4040:026B:026B:00E6|201:4040:027B:026C:00E6|202:4040:02A3:0385:00E6|203:4040:0293:0383:00E6|204:4040:0283:0365:00E6|205:4040:0293:0382:00D6|206:4040:0283:0387:00D6|207:4040:0273:0356:00DA|208:4040:0283:0386:00C6|209:4040:0273:0388:00CE
round3_castle,0xDD,3286,0x0002,0x0003,0x0000,0x01,0x003F,0x0000,0x0001,actor_2c8,6,0x10C448,0x01,0x96,0x00,0x00,0x08,0x00,0x00,0x00E4,0x029E,0x033E,0x00,0x40,0x00,200,10,200:4040:026E:026B:00E3|201:4040:027E:026C:00E3|202:4040:02A6:0385:00E3|203:4040:0296:0383:00E3|204:4040:0286:0365:00E3|205:4040:0296:0382:00D3|206:4040:0286:0387:00D3|207:4040:0276:0356:00D7|208:4040:0286:0386:00C3|209:4040:0276:0388:00CB
round3_castle,0xDD,3286,0x0002,0x0003,0x0000,0x01,0x003F,0x0000,0x0001,actor_2c8,8,0x10C4C8,0x01,0xA1,0x01,0x00,0x1F,0x00,0x00,0x0055,0x02D1,0x033E,0x00,0x40,0x00,220,19,220:0040:02A1:026B:0045|221:0040:02B1:026C:0045|222:0040:02D9:0341:0045|223:0040:02C9:033F:0045|224:0040:02B9:0365:0045|225:0040:02D9:0340:0055|226:0040:02C9:033E:0055|227:0040:02B9:0364:0055|228:0040:02A9:0356:0050|229:0040:02B9:0363:0065
round3_castle,0xDD,3288,0x0002,0x0003,0x0000,0x01,0x003F,0x0000,0x0001,actor_2c8,6,0x10C448,0x01,0x96,0x00,0x00,0x08,0x00,0x00,0x00E2,0x02A1,0x033E,0x00,0x40,0x00,200,10,200:4040:0271:026B:00E1|201:4040:0281:026C:00E1|202:4040:02A9:0385:00E1|203:4040:0299:0383:00E1|204:4040:0289:0365:00E1|205:4040:0299:0382:00D1|206:4040:0289:0387:00D1|207:4040:0279:0356:00D5|208:4040:0289:0386:00C1|209:4040:0279:0388:00C9
round3_castle,0xDD,3288,0x0002,0x0003,0x0000,0x01,0x003F,0x0000,0x0001,actor_2c8,8,0x10C4C8,0x01,0xA1,0x01,0x00,0x1F,0x00,0x00,0x0055,0x02D1,0x033E,0x00,0x40,0x00,220,19,220:0040:02A1:026B:0045|221:0040:02B1:026C:0045|222:0040:02B9:0357:0055|223:0040:02A9:0356:0050|224:0040:02B9:0358:0045|225:0040:02D9:0341:0045|226:0040:02C9:033F:0045|227:0040:02D9:0340:0055|228:0040:02C9:033E:0055
round3_castle,0xDD,3290,0x0002,0x0003,0x0000,0x01,0x003F,0x0000,0x0001,actor_2c8,6,0x10C448,0x01,0x96,0x00,0x00,0x08,0x00,0x00,0x00E0,0x02A4,0x033E,0x00,0x40,0x00,200,10,200:4040:0274:026B:00DF|201:4040:0284:026C:00DF|202:4040:02AC:0385:00DF|203:4040:029C:0383:00DF|204:4040:028C:0365:00DF|205:4040:029C:0382:00CF|206:4040:028C:0387:00CF|207:4040:027C:0356:00D3|208:4040:028C:0386:00BF|209:4040:027C:0388:00C7
round3_castle,0xDD,3290,0x0002,0x0003,0x0000,0x01,0x003F,0x0000,0x0001,actor_2c8,8,0x10C4C8,0x01,0xA2,0x01,0x00,0x1F,0x00,0x00,0x0055,0x02D1,0x033E,0x00,0x40,0x00,220,19,220:0040:02A9:026E:0035|221:0040:02B9:026D:003D|222:0040:02B9:0359:0055|223:0040:02A9:0356:0050|224:0040:02B9:035A:0045|225:0040:02D9:0341:0045|226:0040:02C9:033F:0045|227:0040:02D9:0340:0055|228:0040:02C9:033E:0055
round3_castle,0xDD,3292,0x0002,0x0003,0x0000,0x01,0x003F,0x0000,0x0001,actor_2c8,6,0x10C448,0x01,0x94,0x00,0x00,0x08,0x00,0x00,0x00DF,0x02A7,0x033E,0x00,0x40,0x00,200,10,200:4040:0277:026B:00DE|201:4040:0287:026C:00DE|202:4040:02AF:0345:00DE|203:4040:029F:0343:00DE|204:4040:028F:0365:00DE|205:4040:02AF:0344:00CE|206:4040:029F:0342:00CE|207:4040:028F:0364:00CE|208:4040:027F:0356:00D3|209:4040:028F:0363:00BE
round3_castle,0xDD,3292,0x0002,0x0003,0x0000,0x01,0x003F,0x0000,0x0001,actor_2c8,8,0x10C4C8,0x01,0xA3,0x01,0x00,0x1F,0x00,0x00,0x0055,0x02D1,0x033E,0x00,0x40,0x00,220,19,220:0040:02A9:026E:0035|221:0040:02B9:026D:003D|222:0040:02B9:0359:0055|223:0040:02A9:0356:0050|224:0040:02B9:035A:0045|225:0040:02D9:0341:0045|226:0040:02C9:033F:0045|227:0040:02D9:0340:0055|228:0040:02C9:033E:0055
round3_castle,0xDD,3294,0x0002,0x0003,0x0000,0x01,0x003F,0x0000,0x0001,actor_2c8,6,0x10C448,0x01,0x94,0x00,0x00,0x08,0x00,0x00,0x00DE,0x02AA,0x033E,0x00,0x40,0x00,200,10,200:4040:027A:026B:00DD|201:4040:028A:026C:00DD|202:4040:02B2:0345:00DD|203:4040:02A2:0343:00DD|204:4040:0292:0365:00DD|205:4040:02B2:0344:00CD|206:4040:02A2:0342:00CD|207:4040:0292:0364:00CD|208:4040:0282:0356:00D2|209:4040:0292:0363:00BD
round3_castle,0xDD,3294,0x0002,0x0003,0x0000,0x01,0x003F,0x0000,0x0001,actor_2c8,8,0x10C4C8,0x01,0xA3,0x01,0x00,0x1F,0x00,0x00,0x0055,0x02D1,0x033E,0x00,0x40,0x00,220,19,220:0040:02B9:026F:003D|221:0040:02B9:0270:002D|222:0040:02B9:035B:0055|223:0040:02A9:0356:0050|224:0040:02B9:035C:0045|225:0040:02D9:0341:0045|226:0040:02C9:033F:0045|227:0040:02D9:0340:0055|228:0040:02C9:033E:0055
round3_castle,0xDD,3296,0x0002,0x0003,0x0000,0x01,0x003F,0x0000,0x0001,actor_2c8,6,0x10C448,0x01,0x93,0x00,0x00,0x08,0x00,0x00,0x00DD,0x02AE,0x033E,0x00,0x40,0x00,200,10,200:4040:027E:026B:00DC|201:4040:028E:026C:00DC|202:4040:02B6:0341:00DC|203:4040:02A6:033F:00DC|204:4040:0296:0365:00DC|205:4040:02B6:0340:00CC|206:4040:02A6:033E:00CC|207:4040:0296:0364:00CC|208:4040:0286:0356:00D1|209:4040:0296:0363:00BC
round3_castle,0xDD,3296,0x0002,0x0003,0x0000,0x01,0x003F,0x0000,0x0001,actor_2c8,8,0x10C4C8,0x01,0xA4,0x01,0x00,0x1F,0x00,0x00,0x0055,0x02D1,0x033E,0x00,0x40,0x00,220,19,220:0040:02C1:0271:0045|221:0040:02B9:035D:0055|222:0040:02A9:0356:0050|223:0040:02B9:035E:0045|224:0040:02D9:0341:0045|225:0040:02C9:033F:0045|226:0040:02D9:0340:0055|227:0040:02C9:033E:0055
round3_castle,0xDD,3298,0x0002,0x0003,0x0000,0x01,0x003F,0x0000,0x0001,actor_2c8,6,0x10C448,0x01,0x93,0x00,0x00,0x08,0x00,0x00,0x00DD,0x02B1,0x033E,0x00,0x40,0x00,200,10,200:4040:0281:026B:00DC|201:4040:0291:026C:00DC|202:4040:02B9:0341:00DC|203:4040:02A9:033F:00DC|204:4040:0299:0365:00DC|205:4040:02B9:0340:00CC|206:4040:02A9:033E:00CC|207:4040:0299:0364:00CC|208:4040:0289:0356:00D1|209:4040:0299:0363:00BC
round3_castle,0xDD,3298,0x0002,0x0003,0x0000,0x01,0x003F,0x0000,0x0001,actor_2c8,8,0x10C4C8,0x01,0xA5,0x01,0x00,0x1F,0x00,0x00,0x0055,0x02D1,0x033E,0x00,0x40,0x00,220,19,220:0040:02C1:0271:0045|221:0040:02B9:035D:0055|222:0040:02A9:0356:0050|223:0040:02B9:035E:0045|224:0040:02D9:0341:0045|225:0040:02C9:033F:0045|226:0040:02D9:0340:0055|227:0040:02C9:033E:0055
round3_castle,0xDD,3300,0x0002,0x0003,0x0000,0x01,0x003F,0x0000,0x0001,actor_2c8,6,0x10C448,0x01,0x94,0x00,0x00,0x02,0x00,0x00,0x00DB,0x02B1,0x033E,0x00,0x40,0x00,200,10,200:4040:0281:026B:00DC|201:4040:0291:026C:00DC|202:4040:02B9:0341:00DC|203:4040:02A9:033F:00DC|204:4040:0299:0365:00DC|205:4040:02B9:0340:00CC|206:4040:02A9:033E:00CC|207:4040:0299:0364:00CC|208:4040:0289:0356:00D1|209:4040:0299:0363:00BC
round3_castle,0xDD,3300,0x0002,0x0003,0x0000,0x01,0x003F,0x0000,0x0001,actor_2c8,8,0x10C4C8,0x01,0xA5,0x01,0x00,0x1F,0x00,0x00,0x0055,0x02D1,0x033E,0x00,0x40,0x00,220,19,220:0040:02C1:0272:005D|221:0040:02B9:035F:0055|222:0040:02A9:0356:0050|223:0040:02B9:0360:0045|224:0040:02D9:0341:0045|225:0040:02C9:033F:0045|226:0040:02D9:0340:0055|227:0040:02C9:033E:0055
round3_castle,0xDD,3302,0x0002,0x0003,0x0000,0x01,0x003F,0x0000,0x0001,actor_2c8,6,0x10C448,0x01,0x0D,0x00,0x00,0x0F,0x00,0x00,0x00DB,0x02B1,0x0A73,0x00,0x00,0x02,200,10,200:4040:0281:026B:00DA|201:4040:0291:026C:00DA|202:4040:02B9:0345:00DA|203:4040:02A9:0343:00DA|204:4040:0299:0365:00DA|205:4040:02B9:0344:00CA|206:4040:02A9:0342:00CA|207:4040:0299:0364:00CA|208:4040:0289:0356:00CF|209:4040:0299:0363:00BA
round3_castle,0xDD,3302,0x0002,0x0003,0x0000,0x01,0x003F,0x0000,0x0001,actor_2c8,8,0x10C4C8,0x01,0xA6,0x01,0x00,0x1F,0x00,0x00,0x0055,0x02D1,0x033E,0x00,0x40,0x00,220,19,220:0040:02B9:0273:007D|221:0040:02B9:0274:006D|222:0040:02B9:0361:005D|223:0040:02A9:0356:0051|224:0040:02B9:0362:004D|225:0040:02D9:0341:0045|226:0040:02C9:033F:0045|227:0040:02D9:0340:0055|228:0040:02C9:033E:0055
round3_castle,0xDD,3304,0x0002,0x0003,0x0000,0x01,0x003F,0x0000,0x0001,actor_2c8,6,0x10C448,0x01,0x0D,0x00,0x00,0x0F,0x00,0x00,0x00DB,0x02B1,0x0A73,0x00,0x00,0x02,200,10,200:4000:02B9:0A83:00C2|201:4000:02A9:0A80:00C2|202:4000:0299:0A7D:00C2|203:4000:02B9:0A82:00D2|204:4000:02A9:0A7F:00D2|205:4000:0299:0A7C:00D2|206:4000:02B9:0A81:00E2|207:4000:02A9:0A7E:00E2|208:4000:0299:0A7B:00E2
round3_castle,0xDD,3306,0x0002,0x0003,0x0000,0x01,0x003F,0x0000,0x0001,actor_2c8,6,0x10C448,0x01,0x0C,0x00,0x00,0x0F,0x00,0x00,0x00DB,0x02B1,0x0A73,0x00,0x00,0x02,200,10,200:4000:02B1:0A7A:00CA|201:4000:02A1:0A78:00CA|202:4000:02B1:0A79:00DA|203:4000:02A1:0A77:00DA
round3_castle,0xDD,3308,0x0002,0x0003,0x0000,0x01,0x003F,0x0000,0x0001,actor_2c8,6,0x10C448,0x01,0x0B,0x00,0x00,0x0F,0x00,0x00,0x00DB,0x02B1,0x0A73,0x00,0x00,0x02,200,10,200:4000:02B1:0A7A:00CA|201:4000:02A1:0A78:00CA|202:4000:02B1:0A79:00DA|203:4000:02A1:0A77:00DA
round3_castle,0xDD,3310,0x0002,0x0003,0x0000,0x01,0x003F,0x0000,0x0001,actor_2c8,6,0x10C448,0x01,0x0B,0x00,0x00,0x0F,0x00,0x00,0x00DB,0x02B1,0x0A73,0x00,0x00,0x02,200,10,200:4000:02B1:0A76:00CA|201:4000:02A1:0A74:00CA|202:4000:02B1:0A75:00DA|203:4000:02A1:0A73:00DA
round3_castle,0xDD,3310,0x0002,0x0003,0x0000,0x01,0x003F,0x0000,0x0001,actor_2c8,8,0x10C4C8,0x01,0xA4,0x01,0x00,0x1F,0x00,0x00,0x0055,0x02D1,0x033E,0x00,0x40,0x00,220,19,220:0040:02C1:0272:005D|221:0040:02B9:035F:0055|222:0040:02A9:0356:0050|223:0040:02B9:0360:0045|224:0040:02D9:0341:0045|225:0040:02C9:033F:0045|226:0040:02D9:0340:0055|227:0040:02C9:033E:0055
round3_castle,0xDD,3314,0x0002,0x0003,0x0000,0x01,0x003F,0x0000,0x0001,actor_2c8,6,0x10C448,0x01,0x0D,0x00,0x00,0x0F,0x00,0x00,0x00DB,0x02B1,0x0A73,0x00,0x00,0x02,200,10,200:4000:02B1:0A7A:00CA|201:4000:02A1:0A78:00CA|202:4000:02B1:0A79:00DA|203:4000:02A1:0A77:00DA
round3_castle,0xDD,3316,0x0002,0x0003,0x0000,0x01,0x003F,0x0000,0x0001,actor_2c8,8,0x10C4C8,0x01,0xA1,0x01,0x00,0x1F,0x00,0x00,0x0055,0x02D1,0x033E,0x00,0x40,0x00,220,19,220:0040:02A9:026E:0035|221:0040:02B9:026D:003D|222:0040:02B9:0359:0055|223:0040:02A9:0356:0050|224:0040:02B9:035A:0045|225:0040:02D9:0341:0045|226:0040:02C9:033F:0045|227:0040:02D9:0340:0055|228:0040:02C9:033E:0055
round3_castle,0xDD,3318,0x0002,0x0003,0x0000,0x01,0x003F,0x0000,0x0001,actor_2c8,6,0x10C448,0x01,0x0E,0x00,0x00,0x0F,0x00,0x00,0x00DB,0x02B1,0x0A73,0x00,0x00,0x02,200,10,200:4000:02B9:0A8C:00C2|201:4000:02A9:0A89:00C2|202:4000:0299:0A86:00C2|203:4000:02B9:0A8B:00D2|204:4000:02A9:0A88:00D2|205:4000:0299:0A85:00D2|206:4000:02B9:0A8A:00E2|207:4000:02A9:0A87:00E2|208:4000:0299:0A84:00E2
round3_castle,0xDD,3320,0x0002,0x0003,0x0000,0x01,0x003F,0x0000,0x0001,actor_2c8,6,0x10C448,0x01,0x0F,0x00,0x00,0x0F,0x00,0x00,0x00DB,0x02B1,0x0A73,0x00,0x00,0x02,200,10,200:4000:02B9:0A8C:00C2|201:4000:02A9:0A89:00C2|202:4000:0299:0A86:00C2|203:4000:02B9:0A8B:00D2|204:4000:02A9:0A88:00D2|205:4000:0299:0A85:00D2|206:4000:02B9:0A8A:00E2|207:4000:02A9:0A87:00E2|208:4000:0299:0A84:00E2
round3_castle,0xDD,3322,0x0002,0x0003,0x0000,0x01,0x003F,0x0000,0x0001,actor_2c8,6,0x10C448,0x01,0x0F,0x00,0x00,0x0F,0x00,0x00,0x00DB,0x02B1,0x0A73,0x00,0x00,0x02,200,10,200:4000:02B9:0A94:00C2|201:4000:02A9:0A91:00C2|202:4000:0299:0A8F:00C2|203:4000:02B9:0A93:00D2|204:4000:0299:0A8E:00D2|205:4000:02B9:0A92:00E2|206:4000:02A9:0A90:00E2|207:4000:0299:0A8D:00E2
round3_castle,0xDD,3322,0x0002,0x0003,0x0000,0x01,0x003F,0x0000,0x0001,actor_2c8,8,0x10C4C8,0x01,0x93,0x01,0x00,0x1F,0x00,0x00,0x0055,0x02D1,0x033E,0x00,0x40,0x00,220,19,220:0040:02A1:026B:0045|221:0040:02B1:026C:0045|222:0040:02B9:0357:0055|223:0040:02A9:0356:0050|224:0040:02B9:0358:0045|225:0040:02D9:0341:0045|226:0040:02C9:033F:0045|227:0040:02D9:0340:0055|228:0040:02C9:033E:0055
round3_castle,0xDD,3324,0x0002,0x0003,0x0000,0x01,0x003F,0x0000,0x0001,actor_2c8,6,0x10C448,0x01,0x10,0x00,0x00,0x0F,0x00,0x00,0x00DB,0x02B1,0x0A73,0x00,0x00,0x02,200,10,200:4000:02B9:0A9D:00C2|201:4000:02A9:0A9A:00C2|202:4000:0299:0A97:00C2|203:4000:02B9:0A9C:00D2|204:4000:02A9:0A99:00D2|205:4000:0299:0A96:00D2|206:4000:02B9:0A9B:00E2|207:4000:02A9:0A98:00E2|208:4000:0299:0A95:00E2
round3_castle,0xDD,3326,0x0002,0x0003,0x0000,0x01,0x003F,0x0000,0x0001,actor_2c8,6,0x10C448,0x01,0x11,0x00,0x00,0x0F,0x00,0x00,0x00DB,0x02B1,0x0A73,0x00,0x00,0x02,200,10,200:4000:02B9:0A9D:00C2|201:4000:02A9:0A9A:00C2|202:4000:0299:0A97:00C2|203:4000:02B9:0A9C:00D2|204:4000:02A9:0A99:00D2|205:4000:0299:0A96:00D2|206:4000:02B9:0A9B:00E2|207:4000:02A9:0A98:00E2|208:4000:0299:0A95:00E2
round3_castle,0xDD,3328,0x0002,0x0003,0x0000,0x01,0x003F,0x0000,0x0001,actor_2c8,6,0x10C448,0x01,0x11,0x00,0x00,0x0F,0x00,0x00,0x00DB,0x02B1,0x0A73,0x00,0x00,0x02,200,10,200:4000:02B1:0AA1:00CA|201:4000:02A1:0A9F:00CA|202:4000:02B1:0AA0:00DA|203:4000:02A1:0A9E:00DA
round3_castle,0xDD,3328,0x0002,0x0003,0x0000,0x01,0x003F,0x0000,0x0001,actor_2c8,8,0x10C4C8,0x01,0xA2,0x01,0x00,0x1F,0x00,0x00,0x0055,0x02D1,0x033E,0x00,0x40,0x00,220,19,220:0040:02A1:026B:0045|221:0040:02B1:026C:0045|222:0040:02B9:0357:0055|223:0040:02A9:0356:0050|224:0040:02B9:0358:0045|225:0040:02D9:0341:0045|226:0040:02C9:033F:0045|227:0040:02D9:0340:0055|228:0040:02C9:033E:0055
round3_castle,0xDD,3330,0x0002,0x0003,0x0000,0x01,0x003F,0x0000,0x0001,actor_2c8,6,0x10C448,0x01,0x12,0x00,0x00,0x0F,0x00,0x00,0x00DB,0x02B1,0x0A73,0x00,0x00,0x02,200,10,200:4000:02A9:0AA2:00D2
round3_castle,0xDD,3332,0x0002,0x0003,0x0000,0x01,0x003F,0x0000,0x0001,actor_2c8,6,0x10C448,0x01,0x1E,0x00,0x00,0x0F,0x00,0x00,0x00DB,0x01B1,0x0A5A,0x00,0x00,0x02,200,10,200:4000:02A9:0AA2:00D2
round3_castle,0xDD,3334,0x0002,0x0003,0x0000,0x01,0x003F,0x0000,0x0001,actor_2c8,6,0x10C448,0x01,0x1E,0x00,0x00,0x0F,0x00,0x00,0x00DB,0x01B1,0x0A5A,0x00,0x00,0x02,200,10,200:4000:01A9:0A67:00D2
round3_castle,0xDD,3334,0x0002,0x0003,0x0000,0x01,0x003F,0x0000,0x0001,actor_2c8,8,0x10C4C8,0x01,0xA4,0x01,0x00,0x1F,0x00,0x00,0x0055,0x02D1,0x033E,0x00,0x40,0x00,220,19,220:0040:02B9:026F:003D|221:0040:02B9:0270:002D|222:0040:02B9:035B:0055|223:0040:02A9:0356:0050|224:0040:02B9:035C:0045|225:0040:02D9:0341:0045|226:0040:02C9:033F:0045|227:0040:02D9:0340:0055|228:0040:02C9:033E:0055
round3_castle,0xDD,3336,0x0002,0x0003,0x0000,0x01,0x003F,0x0000,0x0001,actor_2c8,6,0x10C448,0x01,0x1E,0x00,0x00,0x0F,0x00,0x00,0x00DB,0x00B1,0x0A5A,0x00,0x00,0x02,200,10,200:4000:00A9:0A67:00D2
round3_castle,0xDD,3340,0x0002,0x0003,0x0000,0x01,0x003F,0x0000,0x0001,actor_2c8,8,0x10C4C8,0x01,0xA6,0x01,0x00,0x1F,0x00,0x00,0x0055,0x02D1,0x033E,0x00,0x40,0x00,220,19,220:0040:02C1:0272:005D|221:0040:02B9:035F:0055|222:0040:02A9:0356:0050|223:0040:02B9:0360:0045|224:0040:02D9:0341:0045|225:0040:02C9:033F:0045|226:0040:02D9:0340:0055|227:0040:02C9:033E:0055
round3_castle,0xDD,3342,0x0002,0x0003,0x0000,0x01,0x003F,0x0000,0x0001,actor_2c8,6,0x10C448,0x01,0x1E,0x00,0x00,0x0F,0x00,0x00,0x00DB,0x02B1,0x0A5A,0x00,0x00,0x02,200,10,200:4000:02A9:0A67:00D2
round3_castle,0xDD,3346,0x0002,0x0003,0x0000,0x01,0x003F,0x0000,0x0001,actor_2c8,8,0x10C4C8,0x01,0xA5,0x01,0x00,0x1F,0x00,0x00,0x0055,0x02D1,0x033E,0x00,0x40,0x00,220,19,220:0040:02B9:0273:007D|221:0040:02B9:0274:006D|222:0040:02B9:0361:005D|223:0040:02A9:0356:0051|224:0040:02B9:0362:004D|225:0040:02D9:0341:0045|226:0040:02C9:033F:0045|227:0040:02D9:0340:0055|228:0040:02C9:033E:0055
round3_castle,0xDD,3352,0x0002,0x0003,0x0000,0x01,0x003F,0x0000,0x0001,actor_2c8,8,0x10C4C8,0x01,0xA2,0x01,0x00,0x1F,0x00,0x00,0x0055,0x02D1,0x033E,0x00,0x40,0x00,220,19,220:0040:02C1:0271:0045|221:0040:02B9:035D:0055|222:0040:02A9:0356:0050|223:0040:02B9:035E:0045|224:0040:02D9:0341:0045|225:0040:02C9:033F:0045|226:0040:02D9:0340:0055|227:0040:02C9:033E:0055
round3_castle,0xDD,3390,0x0002,0x0003,0x0000,0x01,0x003F,0x0000,0x0001,actor_2c8,4,0x10C3C8,0x01,0x93,0x00,0x00,0x02,0x00,0x00,0x014D,0x0291,0x033E,0x00,0x40,0x04,180,10,180:4040:0261:03A2:014C|181:4040:0271:03A3:014C|182:4040:0299:0341:014C|183:4040:0289:033F:014C|184:4040:0279:0365:014C|185:4040:0299:0340:013C|186:4040:0289:033E:013C|187:4040:0279:0364:013C|188:4040:0269:0356:0141|189:4040:0279:0363:012C
round3_castle,0xDD,3392,0x0002,0x0003,0x0000,0x01,0x003F,0x0000,0x0001,actor_2c8,4,0x10C3C8,0x01,0x93,0x00,0x00,0x02,0x00,0x00,0x014B,0x0291,0x033E,0x00,0x40,0x04,180,10,180:4040:0261:03A2:014A|181:4040:0271:03A3:014A|182:4040:0299:0341:014A|183:4040:0289:033F:014A|184:4040:0279:0365:014A|185:4040:0299:0340:013A|186:4040:0289:033E:013A|187:4040:0279:0364:013A|188:4040:0269:0356:013F|189:4040:0279:0363:012A
round3_castle,0xDD,3394,0x0002,0x0003,0x0000,0x01,0x003F,0x0000,0x0001,actor_2c8,4,0x10C3C8,0x01,0x93,0x00,0x00,0x02,0x00,0x00,0x0149,0x0291,0x033E,0x00,0x40,0x04,180,10,180:4040:0261:03A2:0148|181:4040:0271:03A3:0148|182:4040:0299:0341:0148|183:4040:0289:033F:0148|184:4040:0279:0365:0148|185:4040:0299:0340:0138|186:4040:0289:033E:0138|187:4040:0279:0364:0138|188:4040:0269:0356:013D|189:4040:0279:0363:0128
round3_castle,0xDD,3396,0x0002,0x0003,0x0000,0x01,0x003F,0x0000,0x0001,actor_2c8,4,0x10C3C8,0x01,0x94,0x00,0x00,0x02,0x00,0x00,0x0147,0x0291,0x033E,0x00,0x40,0x04,180,10,180:4040:0261:03A2:0146|181:4040:0271:03A3:0146|182:4040:0299:0345:0146|183:4040:0289:0343:0146|184:4040:0279:0365:0146|185:4040:0299:0344:0136|186:4040:0289:0342:0136|187:4040:0279:0364:0136|188:4040:0269:0356:013B|189:4040:0279:0363:0126
round3_castle,0xDD,3398,0x0002,0x0003,0x0000,0x01,0x003F,0x0000,0x0001,actor_2c8,8,0x10C4C8,0x01,0x94,0x01,0x00,0x01,0x00,0x00,0x0057,0x02D1,0x033E,0x00,0x40,0x00,220,19,220:0040:02A1:026B:0045|221:0040:02B1:026C:0045|222:0040:02B9:0357:0055|223:0040:02A9:0356:0050|224:0040:02B9:0358:0045|225:0040:02D9:0341:0045|226:0040:02C9:033F:0045|227:0040:02D9:0340:0055|228:0040:02C9:033E:0055
round3_castle,0xDD,3400,0x0002,0x0003,0x0000,0x01,0x003F,0x0000,0x0001,actor_2c8,4,0x10C3C8,0x01,0x94,0x00,0x00,0x02,0x00,0x00,0x0143,0x0291,0x033E,0x00,0x40,0x04,180,10,180:4040:0261:03A2:0144|181:4040:0271:03A3:0144|182:4040:0299:0345:0144|183:4040:0289:0343:0144|184:4040:0279:0365:0144|185:4040:0299:0344:0134|186:4040:0289:0342:0134|187:4040:0279:0364:0134|188:4040:0269:0356:0139|189:4040:0279:0363:0124
round3_castle,0xDD,3402,0x0002,0x0003,0x0000,0x01,0x003F,0x0000,0x0001,actor_2c8,4,0x10C3C8,0x01,0x94,0x00,0x00,0x02,0x00,0x00,0x0141,0x0291,0x033E,0x00,0x40,0x04,180,10,180:4040:0261:03A2:0142|181:4040:0271:03A3:0142|182:4040:0299:0345:0142|183:4040:0289:0343:0142|184:4040:0279:0365:0142|185:4040:0299:0344:0132|186:4040:0289:0342:0132|187:4040:0279:0364:0132|188:4040:0269:0356:0137|189:4040:0279:0363:0122
round3_castle,0xDD,3404,0x0002,0x0003,0x0000,0x01,0x003F,0x0000,0x0001,actor_2c8,4,0x10C3C8,0x01,0x95,0x00,0x00,0x02,0x00,0x00,0x013F,0x0291,0x033E,0x00,0x40,0x04,180,10,180:4040:0261:03A2:0140|181:4040:0271:03A3:0140|182:4040:0299:0349:0140|183:4040:0289:0347:0140|184:4040:0279:0365:0140|185:4040:0299:0348:0130|186:4040:0289:0346:0130|187:4040:0279:0364:0130|188:4040:0269:0356:0135|189:4040:0279:0363:0120
round3_castle,0xDD,3404,0x0002,0x0003,0x0000,0x01,0x003F,0x0000,0x0001,actor_2c8,8,0x10C4C8,0x01,0x95,0x01,0x00,0x01,0x00,0x00,0x0061,0x02D1,0x033E,0x00,0x40,0x00,220,19,220:0040:02A1:026B:004F|221:0040:02B1:026C:004F|222:0040:02D9:0349:004F|223:0040:02C9:0347:004F|224:0040:02B9:0365:004F|225:0040:02D9:0348:005F|226:0040:02C9:0346:005F|227:0040:02B9:0364:005F|228:0040:02A9:0356:005A|229:0040:02B9:0363:006F
round3_castle,0xDD,3406,0x0002,0x0003,0x0000,0x01,0x003F,0x0000,0x0001,actor_2c8,4,0x10C3C8,0x01,0x95,0x00,0x00,0x02,0x00,0x00,0x013F,0x0291,0x033E,0x00,0x40,0x04,180,10,180:4040:0261:03A2:013E|181:4040:0271:03A3:013E|182:4040:0299:0349:013E|183:4040:0289:0347:013E|184:4040:0279:0365:013E|185:4040:0299:0348:012E|186:4040:0289:0346:012E|187:4040:0279:0364:012E|188:4040:0269:0356:0133|189:4040:0279:0363:011E
round3_castle,0xDD,3406,0x0002,0x0003,0x0000,0x01,0x003F,0x0000,0x0001,actor_2c8,8,0x10C4C8,0x01,0x95,0x01,0x00,0x01,0x00,0x00,0x0065,0x02D1,0x033E,0x00,0x40,0x00,220,19,220:0040:02A1:026B:0053|221:0040:02B1:026C:0053|222:0040:02D9:0349:0053|223:0040:02C9:0347:0053|224:0040:02B9:0365:0053|225:0040:02D9:0348:0063|226:0040:02C9:0346:0063|227:0040:02B9:0364:0063|228:0040:02A9:0356:005E|229:0040:02B9:0363:0073
round3_castle,0xDD,3408,0x0002,0x0003,0x0000,0x01,0x003F,0x0000,0x0001,actor_2c8,4,0x10C3C8,0x01,0x95,0x00,0x00,0x02,0x00,0x00,0x013D,0x0291,0x033E,0x00,0x40,0x04,180,10,180:4040:0261:03A2:013C|181:4040:0271:03A3:013C|182:4040:0299:0349:013C|183:4040:0289:0347:013C|184:4040:0279:0365:013C|185:4040:0299:0348:012C|186:4040:0289:0346:012C|187:4040:0279:0364:012C|188:4040:0269:0356:0131|189:4040:0279:0363:011C
round3_castle,0xDD,3410,0x0002,0x0003,0x0000,0x01,0x003F,0x0000,0x0001,actor_2c8,4,0x10C3C8,0x01,0x95,0x00,0x00,0x02,0x00,0x00,0x013B,0x0291,0x033E,0x00,0x40,0x04,180,10,180:4040:0261:03A2:013A|181:4040:0271:03A3:013A|182:4040:0299:0349:013A|183:4040:0289:0347:013A|184:4040:0279:0365:013A|185:4040:0299:0348:012A|186:4040:0289:0346:012A|187:4040:0279:0364:012A|188:4040:0269:0356:012F|189:4040:0279:0363:011A
round3_castle,0xDD,3410,0x0002,0x0003,0x0000,0x01,0x003F,0x0000,0x0001,actor_2c8,8,0x10C4C8,0x01,0x95,0x01,0x00,0x11,0x00,0x00,0x0065,0x02C5,0x033E,0x00,0x40,0x00,220,19,220:0040:0299:026B:0055|221:0040:02A9:026C:0055|222:0040:02D1:0349:0055|223:0040:02C1:0347:0055|224:0040:02B1:0365:0055|225:0040:02D1:0348:0065|226:0040:02C1:0346:0065|227:0040:02B1:0364:0065|228:0040:02A1:0356:0060|229:0040:02B1:0363:0075
round3_castle,0xDD,3412,0x0002,0x0003,0x0000,0x01,0x003F,0x0000,0x0001,actor_2c8,4,0x10C3C8,0x01,0x94,0x00,0x00,0x02,0x00,0x00,0x0139,0x0291,0x033E,0x00,0x40,0x04,180,10,180:4040:0261:03A2:0138|181:4040:0271:03A3:0138|182:4040:0299:0345:0138|183:4040:0289:0343:0138|184:4040:0279:0365:0138|185:4040:0299:0344:0128|186:4040:0289:0342:0128|187:4040:0279:0364:0128|188:4040:0269:0356:012D|189:4040:0279:0363:0118
round3_castle,0xDD,3412,0x0002,0x0003,0x0000,0x01,0x003F,0x0000,0x0001,actor_2c8,8,0x10C4C8,0x01,0x95,0x01,0x00,0x11,0x00,0x00,0x0065,0x02BF,0x033E,0x00,0x40,0x00,220,19,220:0040:0292:026B:0055|221:0040:02A2:026C:0055|222:0040:02CA:0349:0055|223:0040:02BA:0347:0055|224:0040:02AA:0365:0055|225:0040:02CA:0348:0065|226:0040:02BA:0346:0065|227:0040:02AA:0364:0065|228:0040:029A:0356:0060|229:0040:02AA:0363:0075
round3_castle,0xDD,3414,0x0002,0x0003,0x0000,0x01,0x003F,0x0000,0x0001,actor_2c8,4,0x10C3C8,0x01,0x94,0x00,0x00,0x02,0x00,0x00,0x0137,0x0291,0x033E,0x00,0x40,0x04,180,10,180:4040:0261:03A2:0136|181:4040:0271:03A3:0136|182:4040:0299:0345:0136|183:4040:0289:0343:0136|184:4040:0279:0365:0136|185:4040:0299:0344:0126|186:4040:0289:0342:0126|187:4040:0279:0364:0126|188:4040:0269:0356:012B|189:4040:0279:0363:0116
round3_castle,0xDD,3414,0x0002,0x0003,0x0000,0x01,0x003F,0x0000,0x0001,actor_2c8,8,0x10C4C8,0x01,0x95,0x01,0x00,0x11,0x00,0x00,0x0065,0x02B9,0x033E,0x00,0x40,0x00,220,19,220:0040:028C:026B:0055|221:0040:029C:026C:0055|222:0040:02C4:0349:0055|223:0040:02B4:0347:0055|224:0040:02A4:0365:0055|225:0040:02C4:0348:0065|226:0040:02B4:0346:0065|227:0040:02A4:0364:0065|228:0040:0294:0356:0060|229:0040:02A4:0363:0075
round3_castle,0xDD,3416,0x0002,0x0003,0x0000,0x01,0x003F,0x0000,0x0001,actor_2c8,8,0x10C4C8,0x01,0x95,0x01,0x00,0x11,0x00,0x00,0x0065,0x02B3,0x033E,0x00,0x40,0x00,220,19,220:0040:0286:026B:0055|221:0040:0296:026C:0055|222:0040:02BE:0349:0055|223:0040:02AE:0347:0055|224:0040:029E:0365:0055|225:0040:02BE:0348:0065|226:0040:02AE:0346:0065|227:0040:029E:0364:0065|228:0040:028E:0356:0060|229:0040:029E:0363:0075
round3_castle,0xDD,3418,0x0002,0x0003,0x0000,0x01,0x003F,0x0000,0x0001,actor_2c8,4,0x10C3C8,0x01,0x94,0x00,0x00,0x02,0x00,0x00,0x0133,0x0291,0x033E,0x00,0x40,0x04,180,10,180:4040:0261:03A2:0134|181:4040:0271:03A3:0134|182:4040:0299:0345:0134|183:4040:0289:0343:0134|184:4040:0279:0365:0134|185:4040:0299:0344:0124|186:4040:0289:0342:0124|187:4040:0279:0364:0124|188:4040:0269:0356:0129|189:4040:0279:0363:0114
round3_castle,0xDD,3418,0x0002,0x0003,0x0000,0x01,0x003F,0x0000,0x0001,actor_2c8,8,0x10C4C8,0x01,0x95,0x01,0x00,0x11,0x00,0x00,0x0065,0x02AD,0x033E,0x00,0x40,0x00,220,19,220:0040:0280:026B:0055|221:0040:0290:026C:0055|222:0040:02B8:0349:0055|223:0040:02A8:0347:0055|224:0040:0298:0365:0055|225:0040:02B8:0348:0065|226:0040:02A8:0346:0065|227:0040:0298:0364:0065|228:0040:0288:0356:0060|229:0040:0298:0363:0075
round3_castle,0xDD,3420,0x0002,0x0003,0x0000,0x01,0x003F,0x0000,0x0001,actor_2c8,4,0x10C3C8,0x01,0x93,0x00,0x00,0x02,0x00,0x00,0x0131,0x0291,0x033E,0x00,0x40,0x04,180,10,180:4040:0261:03A2:0132|181:4040:0271:03A3:0132|182:4040:0299:0341:0132|183:4040:0289:033F:0132|184:4040:0279:0365:0132|185:4040:0299:0340:0122|186:4040:0289:033E:0122|187:4040:0279:0364:0122|188:4040:0269:0356:0127|189:4040:0279:0363:0112
round3_castle,0xDD,3420,0x0002,0x0003,0x0000,0x01,0x003F,0x0000,0x0001,actor_2c8,8,0x10C4C8,0x01,0x96,0x01,0x00,0x11,0x00,0x00,0x0065,0x02A7,0x033E,0x00,0x40,0x00,220,19,220:0040:027A:026B:0055|221:0040:028A:026C:0055|222:0040:02B2:0349:0055|223:0040:02A2:0347:0055|224:0040:0292:0365:0055|225:0040:02B2:0348:0065|226:0040:02A2:0346:0065|227:0040:0292:0364:0065|228:0040:0282:0356:0060|229:0040:0292:0363:0075
round3_castle,0xDD,3422,0x0002,0x0003,0x0000,0x01,0x003F,0x0000,0x0001,actor_2c8,4,0x10C3C8,0x01,0x93,0x00,0x00,0x02,0x00,0x00,0x012F,0x0291,0x033E,0x00,0x40,0x04,180,10,180:4040:0261:03A2:0130|181:4040:0271:03A3:0130|182:4040:0299:0341:0130|183:4040:0289:033F:0130|184:4040:0279:0365:0130|185:4040:0299:0340:0120|186:4040:0289:033E:0120|187:4040:0279:0364:0120|188:4040:0269:0356:0125|189:4040:0279:0363:0110
round3_castle,0xDD,3422,0x0002,0x0003,0x0000,0x01,0x003F,0x0000,0x0001,actor_2c8,8,0x10C4C8,0x01,0x96,0x01,0x00,0x11,0x00,0x00,0x0065,0x02A1,0x033E,0x00,0x40,0x00,220,19,220:0040:0274:026B:0055|221:0040:0284:026C:0055|222:0040:02AC:0385:0055|223:0040:029C:0383:0055|224:0040:028C:0365:0055|225:0040:029C:0382:0065|226:0040:028C:0387:0065|227:0040:027C:0356:0061|228:0040:028C:0386:0075|229:0040:027C:0388:006D
round3_castle,0xDD,3424,0x0002,0x0003,0x0000,0x01,0x003F,0x0000,0x0001,actor_2c8,4,0x10C3C8,0x01,0x93,0x00,0x00,0x02,0x00,0x00,0x012F,0x0291,0x033E,0x00,0x40,0x04,180,10,180:4040:0261:03A2:012E|181:4040:0271:03A3:012E|182:4040:0299:0341:012E|183:4040:0289:033F:012E|184:4040:0279:0365:012E|185:4040:0299:0340:011E|186:4040:0289:033E:011E|187:4040:0279:0364:011E|188:4040:0269:0356:0123|189:4040:0279:0363:010E
round3_castle,0xDD,3424,0x0002,0x0003,0x0000,0x01,0x003F,0x0000,0x0001,actor_2c8,8,0x10C4C8,0x01,0x96,0x01,0x00,0x11,0x00,0x00,0x0065,0x029B,0x033E,0x00,0x40,0x00,220,19,220:0040:026E:026B:0055|221:0040:027E:026C:0055|222:0040:02A6:0385:0055|223:0040:0296:0383:0055|224:0040:0286:0365:0055|225:0040:0296:0382:0065|226:0040:0286:0387:0065|227:0040:0276:0356:0061|228:0040:0286:0386:0075|229:0040:0276:0388:006D
round3_castle,0xDD,3426,0x0002,0x0003,0x0000,0x01,0x003F,0x0000,0x0001,actor_2c8,4,0x10C3C8,0x01,0x93,0x00,0x00,0x02,0x00,0x00,0x012D,0x0291,0x033E,0x00,0x40,0x04,180,10,180:4040:0261:03A2:012C|181:4040:0271:03A3:012C|182:4040:0299:0341:012C|183:4040:0289:033F:012C|184:4040:0279:0365:012C|185:4040:0299:0340:011C|186:4040:0289:033E:011C|187:4040:0279:0364:011C|188:4040:0269:0356:0121|189:4040:0279:0363:010C
round3_castle,0xDD,3426,0x0002,0x0003,0x0000,0x01,0x003F,0x0000,0x0001,actor_2c8,8,0x10C4C8,0x01,0x96,0x01,0x00,0x11,0x00,0x00,0x0065,0x0295,0x033E,0x00,0x40,0x00,220,19,220:0040:0268:026B:0055|221:0040:0278:026C:0055|222:0040:02A0:0385:0055|223:0040:0290:0383:0055|224:0040:0280:0365:0055|225:0040:0290:0382:0065|226:0040:0280:0387:0065|227:0040:0270:0356:0061|228:0040:0280:0386:0075|229:0040:0270:0388:006D
round3_castle,0xDD,3428,0x0002,0x0003,0x0000,0x01,0x003F,0x0000,0x0001,actor_2c8,4,0x10C3C8,0x01,0x94,0x00,0x00,0x02,0x00,0x00,0x012B,0x0291,0x033E,0x00,0x40,0x04,180,10,180:4040:0261:03A2:012A|181:4040:0271:03A3:012A|182:4040:0299:0345:012A|183:4040:0289:0343:012A|184:4040:0279:0365:012A|185:4040:0299:0344:011A|186:4040:0289:0342:011A|187:4040:0279:0364:011A|188:4040:0269:0356:011F|189:4040:0279:0363:010A
round3_castle,0xDD,3428,0x0002,0x0003,0x0000,0x01,0x003F,0x0000,0x0001,actor_2c8,8,0x10C4C8,0x01,0x96,0x01,0x00,0x11,0x00,0x00,0x0065,0x0291,0x033E,0x00,0x40,0x00,220,19,220:0040:0263:026B:0055|221:0040:0273:026C:0055|222:0040:029B:0385:0055|223:0040:028B:0383:0055|224:0040:027B:0365:0055|225:0040:028B:0382:0065|226:0040:027B:0387:0065|227:0040:026B:0356:0061|228:0040:027B:0386:0075|229:0040:026B:0388:006D
round3_castle,0xDD,3430,0x0002,0x0003,0x0000,0x01,0x003F,0x0000,0x0001,actor_2c8,4,0x10C3C8,0x01,0x94,0x00,0x00,0x02,0x00,0x00,0x0129,0x0291,0x033E,0x00,0x40,0x04,180,10,180:4040:0261:03A2:0128|181:4040:0271:03A3:0128|182:4040:0299:0345:0128|183:4040:0289:0343:0128|184:4040:0279:0365:0128|185:4040:0299:0344:0118|186:4040:0289:0342:0118|187:4040:0279:0364:0118|188:4040:0269:0356:011D|189:4040:0279:0363:0108
round3_castle,0xDD,3430,0x0002,0x0003,0x0000,0x01,0x003F,0x0000,0x0001,actor_2c8,8,0x10C4C8,0x01,0x96,0x01,0x00,0x11,0x00,0x00,0x0065,0x028F,0x033E,0x00,0x40,0x00,220,19,220:0040:0260:026B:0055|221:0040:0270:026C:0055|222:0040:0298:0385:0055|223:0040:0288:0383:0055|224:0040:0278:0365:0055|225:0040:0288:0382:0065|226:0040:0278:0387:0065|227:0040:0268:0356:0061|228:0040:0278:0386:0075|229:0040:0268:0388:006D
round3_castle,0xDD,3432,0x0002,0x0003,0x0000,0x01,0x003F,0x0000,0x0001,actor_2c8,4,0x10C3C8,0x01,0x94,0x00,0x00,0x02,0x00,0x00,0x0127,0x0291,0x033E,0x00,0x40,0x04,180,10,180:4040:0261:03A2:0126|181:4040:0271:03A3:0126|182:4040:0299:0345:0126|183:4040:0289:0343:0126|184:4040:0279:0365:0126|185:4040:0299:0344:0116|186:4040:0289:0342:0116|187:4040:0279:0364:0116|188:4040:0269:0356:011B|189:4040:0279:0363:0106
round3_castle,0xDD,3436,0x0002,0x0003,0x0000,0x01,0x003F,0x0000,0x0001,actor_2c8,4,0x10C3C8,0x01,0x95,0x00,0x00,0x02,0x00,0x00,0x0123,0x0291,0x033E,0x00,0x40,0x04,180,10,180:4040:0261:03A2:0124|181:4040:0271:03A3:0124|182:4040:0299:0349:0124|183:4040:0289:0347:0124|184:4040:0279:0365:0124|185:4040:0299:0348:0114|186:4040:0289:0346:0114|187:4040:0279:0364:0114|188:4040:0269:0356:0119|189:4040:0279:0363:0104
round3_castle,0xDD,3438,0x0002,0x0003,0x0000,0x01,0x003F,0x0000,0x0001,actor_2c8,4,0x10C3C8,0x01,0x95,0x00,0x00,0x02,0x00,0x00,0x0121,0x0291,0x033E,0x00,0x40,0x04,180,10,180:4040:0261:03A2:0122|181:4040:0271:03A3:0122|182:4040:0299:0349:0122|183:4040:0289:0347:0122|184:4040:0279:0365:0122|185:4040:0299:0348:0112|186:4040:0289:0346:0112|187:4040:0279:0364:0112|188:4040:0269:0356:0117|189:4040:0279:0363:0102
round3_castle,0xDD,3440,0x0002,0x0003,0x0000,0x01,0x003F,0x0000,0x0001,actor_2c8,4,0x10C3C8,0x01,0x95,0x00,0x00,0x02,0x00,0x00,0x011F,0x0291,0x033E,0x00,0x40,0x04,180,10,180:4040:0261:03A2:0120|181:4040:0271:03A3:0120|182:4040:0299:0349:0120|183:4040:0289:0347:0120|184:4040:0279:0365:0120|185:4040:0299:0348:0110|186:4040:0289:0346:0110|187:4040:0279:0364:0110|188:4040:0269:0356:0115|189:4040:0279:0363:0100
round3_castle,0xDD,3442,0x0002,0x0003,0x0000,0x01,0x003F,0x0000,0x0001,actor_2c8,4,0x10C3C8,0x01,0x95,0x00,0x00,0x02,0x00,0x00,0x011F,0x0291,0x033E,0x00,0x40,0x04,180,10,180:4040:0261:03A2:011E|181:4040:0271:03A3:011E|182:4040:0299:0349:011E|183:4040:0289:0347:011E|184:4040:0279:0365:011E|185:4040:0299:0348:010E|186:4040:0289:0346:010E|187:4040:0279:0364:010E|188:4040:0269:0356:0113|189:4040:0279:0363:00FE
round3_castle,0xDD,3446,0x0002,0x0003,0x0000,0x01,0x003F,0x0000,0x0001,actor_2c8,4,0x10C3C8,0x01,0x94,0x00,0x00,0x02,0x00,0x00,0x011B,0x0291,0x033E,0x00,0x40,0x04,180,10,180:4040:0261:03A2:011A|181:4040:0271:03A3:011A|182:4040:0299:0345:011A|183:4040:0289:0343:011A|184:4040:0279:0365:011A|185:4040:0299:0344:010A|186:4040:0289:0342:010A|187:4040:0279:0364:010A|188:4040:0269:0356:010F|189:4040:0279:0363:00FA
round3_castle,0xDD,3446,0x0002,0x0003,0x0000,0x01,0x003F,0x0000,0x0001,actor_2c8,8,0x10C4C8,0x01,0x96,0x01,0x00,0x11,0x00,0x00,0x0065,0x02AD,0x033E,0x00,0x40,0x00,220,19,220:0040:027A:026B:0055|221:0040:028A:026C:0055|222:0040:02B2:0385:0055|223:0040:02A2:0383:0055|224:0040:0292:0365:0055|225:0040:02A2:0382:0065|226:0040:0292:0387:0065|227:0040:0282:0356:0061|228:0040:0292:0386:0075|229:0040:0282:0388:006D
round3_castle,0xDD,3448,0x0002,0x0003,0x0000,0x01,0x003F,0x0000,0x0001,actor_2c8,8,0x10C4C8,0x01,0x96,0x01,0x00,0x11,0x00,0x00,0x0065,0x02B3,0x033E,0x00,0x40,0x00,220,19,220:0040:0280:026B:0055|221:0040:0290:026C:0055|222:0040:02B8:0385:0055|223:0040:02A8:0383:0055|224:0040:0298:0365:0055|225:0040:02A8:0382:0065|226:0040:0298:0387:0065|227:0040:0288:0356:0061|228:0040:0298:0386:0075|229:0040:0288:0388:006D
round3_castle,0xDD,3450,0x0002,0x0003,0x0000,0x01,0x003F,0x0000,0x0001,actor_2c8,4,0x10C3C8,0x01,0x94,0x00,0x00,0x02,0x00,0x00,0x0117,0x0291,0x033E,0x00,0x40,0x04,180,10,180:4040:0261:03A2:0116|181:4040:0271:03A3:0116|182:4040:0299:0345:0116|183:4040:0289:0343:0116|184:4040:0279:0365:0116|185:4040:0299:0344:0106|186:4040:0289:0342:0106|187:4040:0279:0364:0106|188:4040:0269:0356:010B|189:4040:0279:0363:00F6
round3_castle,0xDD,3450,0x0002,0x0003,0x0000,0x01,0x003F,0x0000,0x0001,actor_2c8,8,0x10C4C8,0x01,0x96,0x01,0x00,0x11,0x00,0x00,0x0065,0x02B9,0x033E,0x00,0x40,0x00,220,19,220:0040:0286:026B:0055|221:0040:0296:026C:0055|222:0040:02BE:0385:0055|223:0040:02AE:0383:0055|224:0040:029E:0365:0055|225:0040:02AE:0382:0065|226:0040:029E:0387:0065|227:0040:028E:0356:0061|228:0040:029E:0386:0075|229:0040:028E:0388:006D
round3_castle,0xDD,3452,0x0002,0x0003,0x0000,0x01,0x003F,0x0000,0x0001,actor_2c8,4,0x10C3C8,0x01,0x93,0x00,0x00,0x02,0x00,0x00,0x0115,0x0291,0x033E,0x00,0x40,0x04,180,10,180:4040:0261:03A2:0116|181:4040:0271:03A3:0116|182:4040:0299:0341:0116|183:4040:0289:033F:0116|184:4040:0279:0365:0116|185:4040:0299:0340:0106|186:4040:0289:033E:0106|187:4040:0279:0364:0106|188:4040:0269:0356:010B|189:4040:0279:0363:00F6
round3_castle,0xDD,3452,0x0002,0x0003,0x0000,0x01,0x003F,0x0000,0x0001,actor_2c8,8,0x10C4C8,0x01,0x94,0x01,0x00,0x11,0x00,0x00,0x0065,0x02BF,0x033E,0x00,0x40,0x00,220,19,220:0040:028C:026B:0055|221:0040:029C:026C:0055|222:0040:02C4:0385:0055|223:0040:02B4:0383:0055|224:0040:02A4:0365:0055|225:0040:02B4:0382:0065|226:0040:02A4:0387:0065|227:0040:0294:0356:0061|228:0040:02A4:0386:0075|229:0040:0294:0388:006D
round3_castle,0xDD,3454,0x0002,0x0003,0x0000,0x01,0x003F,0x0000,0x0001,actor_2c8,4,0x10C3C8,0x01,0x93,0x00,0x00,0x02,0x00,0x00,0x0113,0x0291,0x033E,0x00,0x40,0x04,180,10,180:4040:0261:03A2:0114|181:4040:0271:03A3:0114|182:4040:0299:0341:0114|183:4040:0289:033F:0114|184:4040:0279:0365:0114|185:4040:0299:0340:0104|186:4040:0289:033E:0104|187:4040:0279:0364:0104|188:4040:0269:0356:0109|189:4040:0279:0363:00F4
round3_castle,0xDD,3454,0x0002,0x0003,0x0000,0x01,0x003F,0x0000,0x0001,actor_2c8,8,0x10C4C8,0x01,0x94,0x01,0x00,0x11,0x00,0x00,0x0065,0x02C5,0x033E,0x00,0x40,0x00,220,19,220:0040:0292:026B:0055|221:0040:02A2:026C:0055|222:0040:02CA:0345:0055|223:0040:02BA:0343:0055|224:0040:02AA:0365:0055|225:0040:02CA:0344:0065|226:0040:02BA:0342:0065|227:0040:02AA:0364:0065|228:0040:029A:0356:0060|229:0040:02AA:0363:0075
round3_castle,0xDD,3456,0x0002,0x0003,0x0000,0x01,0x003F,0x0000,0x0001,actor_2c8,4,0x10C3C8,0x01,0x93,0x00,0x00,0x02,0x00,0x00,0x0111,0x0291,0x033E,0x00,0x40,0x04,180,10,180:4040:0261:03A2:0112|181:4040:0271:03A3:0112|182:4040:0299:0341:0112|183:4040:0289:033F:0112|184:4040:0279:0365:0112|185:4040:0299:0340:0102|186:4040:0289:033E:0102|187:4040:0279:0364:0102|188:4040:0269:0356:0107|189:4040:0279:0363:00F2
round3_castle,0xDD,3456,0x0002,0x0003,0x0000,0x01,0x003F,0x0000,0x0001,actor_2c8,8,0x10C4C8,0x01,0x94,0x01,0x00,0x11,0x00,0x00,0x0065,0x02CD,0x033E,0x00,0x40,0x00,220,19,220:0040:0299:026B:0055|221:0040:02A9:026C:0055|222:0040:02D1:0345:0055|223:0040:02C1:0343:0055|224:0040:02B1:0365:0055|225:0040:02D1:0344:0065|226:0040:02C1:0342:0065|227:0040:02B1:0364:0065|228:0040:02A1:0356:0060|229:0040:02B1:0363:0075
round3_castle,0xDD,3458,0x0002,0x0003,0x0000,0x01,0x003F,0x0000,0x0001,actor_2c8,4,0x10C3C8,0x01,0x93,0x00,0x00,0x02,0x00,0x00,0x010F,0x0291,0x033E,0x00,0x40,0x04,180,10,180:4040:0261:03A2:0110|181:4040:0271:03A3:0110|182:4040:0299:0341:0110|183:4040:0289:033F:0110|184:4040:0279:0365:0110|185:4040:0299:0340:0100|186:4040:0289:033E:0100|187:4040:0279:0364:0100|188:4040:0269:0356:0105|189:4040:0279:0363:00F0
round3_castle,0xDD,3460,0x0002,0x0003,0x0000,0x01,0x003F,0x0000,0x0001,actor_2c8,4,0x10C3C8,0x01,0x94,0x00,0x00,0x02,0x00,0x00,0x010F,0x0291,0x033E,0x00,0x40,0x04,180,10,180:4040:0261:03A2:010E|181:4040:0271:03A3:010E|182:4040:0299:0345:010E|183:4040:0289:0343:010E|184:4040:0279:0365:010E|185:4040:0299:0344:00FE|186:4040:0289:0342:00FE|187:4040:0279:0364:00FE|188:4040:0269:0356:0103|189:4040:0279:0363:00EE
round3_castle,0xDD,3460,0x0002,0x0003,0x0000,0x01,0x003F,0x0000,0x0001,actor_2c8,8,0x10C4C8,0x01,0x94,0x01,0x00,0x01,0x00,0x00,0x0069,0x02D1,0x033E,0x00,0x40,0x00,220,19,220:0040:02A1:026B:0057|221:0040:02B1:026C:0057|222:0040:02D9:0345:0057|223:0040:02C9:0343:0057|224:0040:02B9:0365:0057|225:0040:02D9:0344:0067|226:0040:02C9:0342:0067|227:0040:02B9:0364:0067|228:0040:02A9:0356:0062|229:0040:02B9:0363:0077
round3_castle,0xDD,3462,0x0002,0x0003,0x0000,0x01,0x003F,0x0000,0x0001,actor_2c8,4,0x10C3C8,0x01,0x94,0x00,0x00,0x02,0x00,0x00,0x010D,0x0291,0x033E,0x00,0x40,0x04,180,10,180:4040:0261:03A2:010C|181:4040:0271:03A3:010C|182:4040:0299:0345:010C|183:4040:0289:0343:010C|184:4040:0279:0365:010C|185:4040:0299:0344:00FC|186:4040:0289:0342:00FC|187:4040:0279:0364:00FC|188:4040:0269:0356:0101|189:4040:0279:0363:00EC
round3_castle,0xDD,3464,0x0002,0x0003,0x0000,0x01,0x003F,0x0000,0x0001,actor_2c8,4,0x10C3C8,0x01,0x94,0x00,0x00,0x02,0x00,0x00,0x010B,0x0291,0x033E,0x00,0x40,0x04,180,10,180:4040:0261:03A2:010A|181:4040:0271:03A3:010A|182:4040:0299:0345:010A|183:4040:0289:0343:010A|184:4040:0279:0365:010A|185:4040:0299:0344:00FA|186:4040:0289:0342:00FA|187:4040:0279:0364:00FA|188:4040:0269:0356:00FF|189:4040:0279:0363:00EA
round3_castle,0xDD,3464,0x0002,0x0003,0x0000,0x01,0x003F,0x0000,0x0001,actor_2c8,8,0x10C4C8,0x01,0x94,0x00,0x00,0x02,0x00,0x00,0x006B,0x02D1,0x033E,0x01,0x40,0x00,220,19,220:4040:02A1:026B:006C|221:4040:02B1:026C:006C|222:4040:02D9:0345:006C|223:4040:02C9:0343:006C|224:4040:02B9:0365:006C|225:4040:02D9:0344:005C|226:4040:02C9:0342:005C|227:4040:02B9:0364:005C|228:4040:02A9:0356:0061|229:4040:02B9:0363:004C
round3_castle,0xDD,3468,0x0002,0x0003,0x0000,0x01,0x003F,0x0000,0x0001,actor_2c8,4,0x10C3C8,0x01,0x95,0x00,0x00,0x02,0x00,0x00,0x0107,0x0291,0x033E,0x00,0x40,0x04,180,10,180:4040:0261:03A2:0106|181:4040:0271:03A3:0106|182:4040:0299:0349:0106|183:4040:0289:0347:0106|184:4040:0279:0365:0106|185:4040:0299:0348:00F6|186:4040:0289:0346:00F6|187:4040:0279:0364:00F6|188:4040:0269:0356:00FB|189:4040:0279:0363:00E6
round3_castle,0xDD,3472,0x0002,0x0003,0x0000,0x01,0x003F,0x0000,0x0001,actor_2c8,4,0x10C3C8,0x01,0x95,0x00,0x00,0x02,0x00,0x00,0x0103,0x0291,0x033E,0x00,0x40,0x04,180,10,180:4040:0261:03A2:0104|181:4040:0271:03A3:0104|182:4040:0299:0349:0104|183:4040:0289:0347:0104|184:4040:0279:0365:0104|185:4040:0299:0348:00F4|186:4040:0289:0346:00F4|187:4040:0279:0364:00F4|188:4040:0269:0356:00F9|189:4040:0279:0363:00E4
round3_castle,0xDD,3474,0x0002,0x0003,0x0000,0x01,0x003F,0x0000,0x0001,actor_2c8,4,0x10C3C8,0x01,0x95,0x00,0x00,0x02,0x00,0x00,0x0101,0x0291,0x033E,0x00,0x40,0x04,180,10,180:4040:0261:03A2:0102|181:4040:0271:03A3:0102|182:4040:0299:0349:0102|183:4040:0289:0347:0102|184:4040:0279:0365:0102|185:4040:0299:0348:00F2|186:4040:0289:0346:00F2|187:4040:0279:0364:00F2|188:4040:0269:0356:00F7|189:4040:0279:0363:00E2
round3_castle,0xDD,3476,0x0002,0x0003,0x0000,0x01,0x003F,0x0000,0x0001,actor_2c8,4,0x10C3C8,0x01,0x94,0x00,0x00,0x02,0x00,0x00,0x00FF,0x0291,0x033E,0x00,0x40,0x04,180,10,180:4040:0261:03A2:0100|181:4040:0271:03A3:0100|182:4040:0299:0345:0100|183:4040:0289:0343:0100|184:4040:0279:0365:0100|185:4040:0299:0344:00F0|186:4040:0289:0342:00F0|187:4040:0279:0364:00F0|188:4040:0269:0356:00F5|189:4040:0279:0363:00E0
round3_castle,0xDD,3478,0x0002,0x0003,0x0000,0x01,0x003F,0x0000,0x0001,actor_2c8,4,0x10C3C8,0x01,0x94,0x00,0x00,0x02,0x00,0x00,0x00FF,0x0291,0x033E,0x00,0x40,0x04,180,10,180:4040:0261:03A2:00FE|181:4040:0271:03A3:00FE|182:4040:0299:0345:00FE|183:4040:0289:0343:00FE|184:4040:0279:0365:00FE|185:4040:0299:0344:00EE|186:4040:0289:0342:00EE|187:4040:0279:0364:00EE|188:4040:0269:0356:00F3|189:4040:0279:0363:00DE
round3_castle,0xDD,3480,0x0002,0x0003,0x0000,0x01,0x003F,0x0000,0x0001,actor_2c8,4,0x10C3C8,0x01,0x94,0x00,0x00,0x02,0x00,0x00,0x00FD,0x0291,0x033E,0x00,0x40,0x04,180,10,180:4040:0261:03A2:00FC|181:4040:0271:03A3:00FC|182:4040:0299:0345:00FC|183:4040:0289:0343:00FC|184:4040:0279:0365:00FC|185:4040:0299:0344:00EC|186:4040:0289:0342:00EC|187:4040:0279:0364:00EC|188:4040:0269:0356:00F1|189:4040:0279:0363:00DC
round3_castle,0xDD,3480,0x0002,0x0003,0x0000,0x01,0x003F,0x0000,0x0001,actor_2c8,8,0x10C4C8,0x01,0x94,0x00,0x00,0x02,0x00,0x00,0x0051,0x02D1,0x033E,0x01,0x40,0x00,220,19,220:0040:02A1:026B:0043|221:0040:02B1:026C:0043|222:0040:02D9:0345:0043|223:0040:02C9:0343:0043|224:0040:02B9:0365:0043|225:0040:02D9:0344:0053|226:0040:02C9:0342:0053|227:0040:02B9:0364:0053|228:0040:02A9:0356:004E|229:0040:02B9:0363:0063
round3_castle,0xDD,3482,0x0002,0x0003,0x0000,0x01,0x003F,0x0000,0x0001,actor_2c8,8,0x10C4C8,0x01,0x94,0x00,0x00,0x02,0x00,0x00,0x004D,0x02D1,0x033E,0x01,0x40,0x00,220,19,220:0040:02A1:026B:003F|221:0040:02B1:026C:003F|222:0040:02D9:0345:003F|223:0040:02C9:0343:003F|224:0040:02B9:0365:003F|225:0040:02D9:0344:004F|226:0040:02C9:0342:004F|227:0040:02B9:0364:004F|228:0040:02A9:0356:004A|229:0040:02B9:0363:005F
round3_castle,0xDD,3484,0x0002,0x0003,0x0000,0x01,0x003F,0x0000,0x0001,actor_2c8,4,0x10C3C8,0x01,0x93,0x00,0x00,0x02,0x00,0x00,0x00F9,0x0291,0x033E,0x00,0x40,0x04,180,10,180:4040:0261:03A2:00F8|181:4040:0271:03A3:00F8|182:4040:0299:0341:00F8|183:4040:0289:033F:00F8|184:4040:0279:0365:00F8|185:4040:0299:0340:00E8|186:4040:0289:033E:00E8|187:4040:0279:0364:00E8|188:4040:0269:0356:00ED|189:4040:0279:0363:00D8
round3_castle,0xDD,3486,0x0002,0x0003,0x0000,0x01,0x003F,0x0000,0x0001,actor_2c8,4,0x10C3C8,0x01,0x93,0x00,0x00,0x02,0x00,0x00,0x00F7,0x0291,0x033E,0x00,0x40,0x04,180,10,180:4040:0261:03A2:00F6|181:4040:0271:03A3:00F6|182:4040:0299:0341:00F6|183:4040:0289:033F:00F6|184:4040:0279:0365:00F6|185:4040:0299:0340:00E6|186:4040:0289:033E:00E6|187:4040:0279:0364:00E6|188:4040:0269:0356:00EB|189:4040:0279:0363:00D6
round3_castle,0xDD,3486,0x0002,0x0003,0x0000,0x01,0x003F,0x0000,0x0001,actor_2c8,8,0x10C4C8,0x01,0x93,0x00,0x00,0x02,0x00,0x00,0x0047,0x02D1,0x033E,0x01,0x40,0x00,220,19,220:0040:02A1:026B:0039|221:0040:02B1:026C:0039|222:0040:02D9:0341:0039|223:0040:02C9:033F:0039|224:0040:02B9:0365:0039|225:0040:02D9:0340:0049|226:0040:02C9:033E:0049|227:0040:02B9:0364:0049|228:0040:02A9:0356:0044|229:0040:02B9:0363:0059
round3_castle,0xDD,3488,0x0002,0x0003,0x0000,0x01,0x003F,0x0000,0x0001,actor_2c8,4,0x10C3C8,0x01,0x96,0x00,0x00,0x08,0x00,0x00,0x00F4,0x0291,0x033E,0x00,0x40,0x04,180,10,180:4040:0261:03A2:00F6|181:4040:0271:03A3:00F6|182:4040:0299:0341:00F6|183:4040:0289:033F:00F6|184:4040:0279:0365:00F6|185:4040:0299:0340:00E6|186:4040:0289:033E:00E6|187:4040:0279:0364:00E6|188:4040:0269:0356:00EB|189:4040:0279:0363:00D6
round3_castle,0xDD,3488,0x0002,0x0003,0x0000,0x01,0x003F,0x0000,0x0001,actor_2c8,8,0x10C4C8,0x01,0x93,0x00,0x00,0x02,0x00,0x00,0x0045,0x02D1,0x033E,0x01,0x40,0x00,220,19,220:0040:02A1:026B:0035|221:0040:02B1:026C:0035|222:0040:02D9:0341:0035|223:0040:02C9:033F:0035|224:0040:02B9:0365:0035|225:0040:02D9:0340:0045|226:0040:02C9:033E:0045|227:0040:02B9:0364:0045|228:0040:02A9:0356:0040|229:0040:02B9:0363:0055
round3_castle,0xDD,3490,0x0002,0x0003,0x0000,0x01,0x003F,0x0000,0x0001,actor_2c8,4,0x10C3C8,0x01,0x96,0x00,0x00,0x08,0x00,0x00,0x00F0,0x0292,0x033E,0x00,0x40,0x04,180,10,180:4040:0261:03A2:00F3|181:4040:0271:03A3:00F3|182:4040:0299:0385:00F3|183:4040:0289:0383:00F3|184:4040:0279:0365:00F3|185:4040:0289:0382:00E3|186:4040:0279:0387:00E3|187:4040:0269:0356:00E7|188:4040:0279:0386:00D3|189:4040:0269:0388:00DB
round3_castle,0xDD,3490,0x0002,0x0003,0x0000,0x01,0x003F,0x0000,0x0001,actor_2c8,8,0x10C4C8,0x01,0x93,0x00,0x00,0x02,0x00,0x00,0x0041,0x02D1,0x033E,0x01,0x40,0x00,220,19,220:0040:02A1:026B:0033|221:0040:02B1:026C:0033|222:0040:02D9:0341:0033|223:0040:02C9:033F:0033|224:0040:02B9:0365:0033|225:0040:02D9:0340:0043|226:0040:02C9:033E:0043|227:0040:02B9:0364:0043|228:0040:02A9:0356:003E|229:0040:02B9:0363:0053
round3_castle,0xDD,3492,0x0002,0x0003,0x0000,0x01,0x003F,0x0000,0x0001,actor_2c8,8,0x10C4C8,0x01,0x94,0x00,0x00,0x02,0x00,0x00,0x003D,0x02D1,0x033E,0x01,0x40,0x00,220,19,220:0040:02A1:026B:002F|221:0040:02B1:026C:002F|222:0040:02D9:0345:002F|223:0040:02C9:0343:002F|224:0040:02B9:0365:002F|225:0040:02D9:0344:003F|226:0040:02C9:0342:003F|227:0040:02B9:0364:003F|228:0040:02A9:0356:003A|229:0040:02B9:0363:004F
round3_castle,0xDD,3494,0x0002,0x0003,0x0000,0x01,0x003F,0x0000,0x0001,actor_2c8,8,0x10C4C8,0x01,0x94,0x00,0x00,0x02,0x00,0x00,0x003B,0x02D1,0x033E,0x01,0x40,0x00,220,19,220:0040:02A1:026B:002D|221:0040:02B1:026C:002D|222:0040:02D9:0345:002D|223:0040:02C9:0343:002D|224:0040:02B9:0365:002D|225:0040:02D9:0344:003D|226:0040:02C9:0342:003D|227:0040:02B9:0364:003D|228:0040:02A9:0356:0038|229:0040:02B9:0363:004D
round3_castle,0xDD,3496,0x0002,0x0003,0x0000,0x01,0x003F,0x0000,0x0001,actor_2c8,8,0x10C4C8,0x01,0x94,0x00,0x00,0x02,0x00,0x00,0x0037,0x02D1,0x033E,0x00,0x40,0x00,220,19,220:0040:02A1:026B:0029|221:0040:02B1:026C:0029|222:0040:02D9:0345:0029|223:0040:02C9:0343:0029|224:0040:02B9:0365:0029|225:0040:02D9:0344:0039|226:0040:02C9:0342:0039|227:0040:02B9:0364:0039|228:0040:02A9:0356:0034|229:0040:02B9:0363:0049
round3_castle,0xDD,3498,0x0002,0x0003,0x0000,0x01,0x003F,0x0000,0x0001,actor_2c8,8,0x10C4C8,0x01,0x94,0x00,0x00,0x02,0x00,0x00,0x0035,0x02D1,0x033E,0x00,0x40,0x00,220,19,220:4040:02A1:026B:0034|221:4040:02B1:026C:0034|222:4040:02D9:0345:0034|223:4040:02C9:0343:0034|224:4040:02B9:0365:0034|225:4040:02D9:0344:0024|226:4040:02C9:0342:0024|227:4040:02B9:0364:0024|228:4040:02A9:0356:0029|229:4040:02B9:0363:0014
round3_castle,0xDD,3500,0x0002,0x0003,0x0000,0x01,0x003F,0x0000,0x0001,actor_2c8,8,0x10C4C8,0x01,0x95,0x00,0x00,0x02,0x00,0x00,0x0033,0x02D1,0x033E,0x00,0x40,0x00,220,19,220:4040:02A1:026B:0032|221:4040:02B1:026C:0032|222:4040:02D9:0349:0032|223:4040:02C9:0347:0032|224:4040:02B9:0365:0032|225:4040:02D9:0348:0022|226:4040:02C9:0346:0022|227:4040:02B9:0364:0022|228:4040:02A9:0356:0027|229:4040:02B9:0363:0012
round3_castle,0xDD,3502,0x0002,0x0003,0x0000,0x01,0x003F,0x0000,0x0001,actor_2c8,8,0x10C4C8,0x01,0x95,0x00,0x00,0x02,0x00,0x00,0x0031,0x02D1,0x033E,0x00,0x40,0x00,220,19,220:4040:02A1:026B:0030|221:4040:02B1:026C:0030|222:4040:02D9:0349:0030|223:4040:02C9:0347:0030|224:4040:02B9:0365:0030|225:4040:02D9:0348:0020|226:4040:02C9:0346:0020|227:4040:02B9:0364:0020|228:4040:02A9:0356:0025|229:4040:02B9:0363:0010
round3_castle,0xDD,3504,0x0002,0x0003,0x0000,0x01,0x003F,0x0000,0x0001,actor_2c8,8,0x10C4C8,0x01,0x95,0x00,0x00,0x02,0x00,0x00,0x002F,0x02D1,0x033E,0x00,0x40,0x00,220,19,220:4040:02A1:026B:002E|221:4040:02B1:026C:002E|222:4040:02D9:0349:002E|223:4040:02C9:0347:002E|224:4040:02B9:0365:002E|225:4040:02D9:0348:001E|226:4040:02C9:0346:001E|227:4040:02B9:0364:001E|228:4040:02A9:0356:0023|229:4040:02B9:0363:000E
round3_castle,0xDD,3506,0x0002,0x0003,0x0000,0x01,0x003F,0x0000,0x0001,actor_2c8,8,0x10C4C8,0x01,0x95,0x00,0x00,0x02,0x00,0x00,0x002D,0x02D1,0x033E,0x00,0x40,0x00,220,19,220:4040:02A1:026B:002C|221:4040:02B1:026C:002C|222:4040:02D9:0349:002C|223:4040:02C9:0347:002C|224:4040:02B9:0365:002C|225:4040:02D9:0348:001C|226:4040:02C9:0346:001C|227:4040:02B9:0364:001C|228:4040:02A9:0356:0021|229:4040:02B9:0363:000C
round3_castle,0xDD,3508,0x0002,0x0003,0x0000,0x01,0x003F,0x0000,0x0001,actor_2c8,8,0x10C4C8,0x01,0x94,0x00,0x00,0x02,0x00,0x00,0x002B,0x02D1,0x033E,0x00,0x40,0x00,220,19,220:4040:02A1:026B:002C|221:4040:02B1:026C:002C|222:4040:02D9:0345:002C|223:4040:02C9:0343:002C|224:4040:02B9:0365:002C|225:4040:02D9:0344:001C|226:4040:02C9:0342:001C|227:4040:02B9:0364:001C|228:4040:02A9:0356:0021|229:4040:02B9:0363:000C
round3_castle,0xDD,3510,0x0002,0x0003,0x0000,0x01,0x003F,0x0000,0x0001,actor_2c8,8,0x10C4C8,0x01,0x94,0x00,0x00,0x02,0x00,0x00,0x0029,0x02D1,0x033E,0x00,0x40,0x00,220,19,220:4040:02A1:026B:002A|221:4040:02B1:026C:002A|222:4040:02D9:0345:002A|223:4040:02C9:0343:002A|224:4040:02B9:0365:002A|225:4040:02D9:0344:001A|226:4040:02C9:0342:001A|227:4040:02B9:0364:001A|228:4040:02A9:0356:001F|229:4040:02B9:0363:000A
round3_castle,0xDD,3512,0x0002,0x0003,0x0000,0x01,0x003F,0x0000,0x0001,actor_2c8,8,0x10C4C8,0x01,0x94,0x00,0x00,0x02,0x00,0x00,0x0027,0x02D1,0x033E,0x00,0x40,0x00,220,19,220:4040:02A1:026B:0028|221:4040:02B1:026C:0028|222:4040:02D9:0345:0028|223:4040:02C9:0343:0028|224:4040:02B9:0365:0028|225:4040:02D9:0344:0018|226:4040:02C9:0342:0018|227:4040:02B9:0364:0018|228:4040:02A9:0356:001D|229:4040:02B9:0363:0008
round3_castle,0xDD,3514,0x0002,0x0003,0x0000,0x01,0x003F,0x0000,0x0001,actor_2c8,8,0x10C4C8,0x01,0x94,0x00,0x00,0x02,0x00,0x00,0x0025,0x02D1,0x033E,0x00,0x40,0x00,220,19,220:4040:02A1:026B:0026|221:4040:02B1:026C:0026|222:4040:02D9:0345:0026|223:4040:02C9:0343:0026|224:4040:02B9:0365:0026|225:4040:02D9:0344:0016|226:4040:02C9:0342:0016|227:4040:02B9:0364:0016|228:4040:02A9:0356:001B|229:4040:02B9:0363:0006
round3_castle,0xDD,3516,0x0002,0x0003,0x0000,0x01,0x003F,0x0000,0x0001,actor_2c8,8,0x10C4C8,0x01,0x93,0x00,0x00,0x02,0x00,0x00,0x0025,0x02D1,0x033E,0x00,0x40,0x00,220,19,220:4040:02A1:026B:0024|221:4040:02B1:026C:0024|222:4040:02D9:0341:0024|223:4040:02C9:033F:0024|224:4040:02B9:0365:0024|225:4040:02D9:0340:0014|226:4040:02C9:033E:0014|227:4040:02B9:0364:0014|228:4040:02A9:0356:0019|229:4040:02B9:0363:0004
round3_castle,0xDD,3518,0x0002,0x0003,0x0000,0x01,0x003F,0x0000,0x0001,actor_2c8,4,0x10C3C8,0x01,0x93,0x00,0x00,0x02,0x00,0x00,0x00D5,0x02B1,0x033E,0x00,0x40,0x04,180,10,180:4040:0281:03A2:00D4|181:4040:0291:03A3:00D4|182:4040:02B9:0341:00D4|183:4040:02A9:033F:00D4|184:4040:0299:0365:00D4|185:4040:02B9:0340:00C4|186:4040:02A9:033E:00C4|187:4040:0299:0364:00C4|188:4040:0289:0356:00C9|189:4040:0299:0363:00B4
round3_castle,0xDD,3518,0x0002,0x0003,0x0000,0x01,0x003F,0x0000,0x0001,actor_2c8,8,0x10C4C8,0x01,0x93,0x01,0x00,0x01,0x00,0x00,0x0027,0x02D1,0x033E,0x00,0x40,0x00,220,19,220:0040:02A1:026B:0017|221:0040:02B1:026C:0017|222:0040:02D9:0341:0017|223:0040:02C9:033F:0017|224:0040:02B9:0365:0017|225:0040:02D9:0340:0027|226:0040:02C9:033E:0027|227:0040:02B9:0364:0027|228:0040:02A9:0356:0022|229:0040:02B9:0363:0037
round3_castle,0xDD,3520,0x0002,0x0003,0x0000,0x01,0x003F,0x0000,0x0001,actor_2c8,4,0x10C3C8,0x01,0x93,0x00,0x00,0x02,0x00,0x00,0x00D3,0x02B1,0x033E,0x00,0x40,0x04,180,10,180:4040:0281:03A2:00D2|181:4040:0291:03A3:00D2|182:4040:02B9:0341:00D2|183:4040:02A9:033F:00D2|184:4040:0299:0365:00D2|185:4040:02B9:0340:00C2|186:4040:02A9:033E:00C2|187:4040:0299:0364:00C2|188:4040:0289:0356:00C7|189:4040:0299:0363:00B2
round3_castle,0xDD,3520,0x0002,0x0003,0x0000,0x01,0x003F,0x0000,0x0001,actor_2c8,8,0x10C4C8,0x01,0x93,0x01,0x00,0x01,0x00,0x00,0x0029,0x02D1,0x033E,0x00,0x40,0x00,220,19,220:0040:02A1:026B:0019|221:0040:02B1:026C:0019|222:0040:02D9:0341:0019|223:0040:02C9:033F:0019|224:0040:02B9:0365:0019|225:0040:02D9:0340:0029|226:0040:02C9:033E:0029|227:0040:02B9:0364:0029|228:0040:02A9:0356:0024|229:0040:02B9:0363:0039
round3_castle,0xDD,3522,0x0002,0x0003,0x0000,0x01,0x003F,0x0000,0x0001,actor_2c8,4,0x10C3C8,0x01,0x93,0x00,0x00,0x02,0x00,0x00,0x00D1,0x02B1,0x033E,0x00,0x40,0x04,180,10,180:4040:0281:03A2:00D0|181:4040:0291:03A3:00D0|182:4040:02B9:0341:00D0|183:4040:02A9:033F:00D0|184:4040:0299:0365:00D0|185:4040:02B9:0340:00C0|186:4040:02A9:033E:00C0|187:4040:0299:0364:00C0|188:4040:0289:0356:00C5|189:4040:0299:0363:00B0
round3_castle,0xDD,3522,0x0002,0x0003,0x0000,0x01,0x003F,0x0000,0x0001,actor_2c8,8,0x10C4C8,0x01,0x93,0x01,0x00,0x01,0x00,0x00,0x002B,0x02D1,0x033E,0x00,0x40,0x00,220,19,220:0040:02A1:026B:001B|221:0040:02B1:026C:001B|222:0040:02D9:0341:001B|223:0040:02C9:033F:001B|224:0040:02B9:0365:001B|225:0040:02D9:0340:002B|226:0040:02C9:033E:002B|227:0040:02B9:0364:002B|228:0040:02A9:0356:0026|229:0040:02B9:0363:003B
round3_castle,0xDD,3524,0x0002,0x0003,0x0000,0x01,0x003F,0x0000,0x0001,actor_2c8,4,0x10C3C8,0x01,0x94,0x00,0x00,0x02,0x00,0x00,0x00CF,0x02B1,0x033E,0x00,0x40,0x04,180,10,180:4040:0281:03A2:00CE|181:4040:0291:03A3:00CE|182:4040:02B9:0345:00CE|183:4040:02A9:0343:00CE|184:4040:0299:0365:00CE|185:4040:02B9:0344:00BE|186:4040:02A9:0342:00BE|187:4040:0299:0364:00BE|188:4040:0289:0356:00C3|189:4040:0299:0363:00AE
round3_castle,0xDD,3524,0x0002,0x0003,0x0000,0x01,0x003F,0x0000,0x0001,actor_2c8,8,0x10C4C8,0x01,0x94,0x01,0x00,0x01,0x00,0x00,0x002D,0x02D1,0x033E,0x00,0x40,0x00,220,19,220:0040:02A1:026B:001D|221:0040:02B1:026C:001D|222:0040:02D9:0345:001D|223:0040:02C9:0343:001D|224:0040:02B9:0365:001D|225:0040:02D9:0344:002D|226:0040:02C9:0342:002D|227:0040:02B9:0364:002D|228:0040:02A9:0356:0028|229:0040:02B9:0363:003D
round3_castle,0xDD,3528,0x0002,0x0003,0x0000,0x01,0x003F,0x0000,0x0001,actor_2c8,4,0x10C3C8,0x01,0x94,0x00,0x00,0x02,0x00,0x00,0x00CB,0x02B1,0x033E,0x00,0x40,0x04,180,10,180:4040:0281:03A2:00CC|181:4040:0291:03A3:00CC|182:4040:02B9:0345:00CC|183:4040:02A9:0343:00CC|184:4040:0299:0365:00CC|185:4040:02B9:0344:00BC|186:4040:02A9:0342:00BC|187:4040:0299:0364:00BC|188:4040:0289:0356:00C1|189:4040:0299:0363:00AC
round3_castle,0xDD,3528,0x0002,0x0003,0x0000,0x01,0x003F,0x0000,0x0001,actor_2c8,8,0x10C4C8,0x01,0x94,0x01,0x00,0x01,0x00,0x00,0x0031,0x02D1,0x033E,0x00,0x40,0x00,220,19,220:0040:02A1:026B:001F|221:0040:02B1:026C:001F|222:0040:02D9:0345:001F|223:0040:02C9:0343:001F|224:0040:02B9:0365:001F|225:0040:02D9:0344:002F|226:0040:02C9:0342:002F|227:0040:02B9:0364:002F|228:0040:02A9:0356:002A|229:0040:02B9:0363:003F
round3_castle,0xDD,3530,0x0002,0x0003,0x0000,0x01,0x003F,0x0000,0x0001,actor_2c8,8,0x10C4C8,0x01,0x94,0x01,0x00,0x01,0x00,0x00,0x0033,0x02D1,0x033E,0x00,0x40,0x00,220,19,220:0040:02A1:026B:0021|221:0040:02B1:026C:0021|222:0040:02D9:0345:0021|223:0040:02C9:0343:0021|224:0040:02B9:0365:0021|225:0040:02D9:0344:0031|226:0040:02C9:0342:0031|227:0040:02B9:0364:0031|228:0040:02A9:0356:002C|229:0040:02B9:0363:0041
round3_castle,0xDD,3532,0x0002,0x0003,0x0000,0x01,0x003F,0x0000,0x0001,actor_2c8,8,0x10C4C8,0x01,0x95,0x01,0x00,0x01,0x00,0x00,0x0035,0x02D1,0x033E,0x00,0x40,0x00,220,19,220:0040:02A1:026B:0023|221:0040:02B1:026C:0023|222:0040:02D9:0349:0023|223:0040:02C9:0347:0023|224:0040:02B9:0365:0023|225:0040:02D9:0348:0033|226:0040:02C9:0346:0033|227:0040:02B9:0364:0033|228:0040:02A9:0356:002E|229:0040:02B9:0363:0043
round3_castle,0xDD,3534,0x0002,0x0003,0x0000,0x01,0x003F,0x0000,0x0001,actor_2c8,4,0x10C3C8,0x01,0x95,0x00,0x00,0x02,0x00,0x00,0x00C7,0x02B1,0x033E,0x00,0x40,0x04,180,10,180:4040:0281:03A2:00C6|181:4040:0291:03A3:00C6|182:4040:02B9:0349:00C6|183:4040:02A9:0347:00C6|184:4040:0299:0365:00C6|185:4040:02B9:0348:00B6|186:4040:02A9:0346:00B6|187:4040:0299:0364:00B6|188:4040:0289:0356:00BB|189:4040:0299:0363:00A6
round3_castle,0xDD,3534,0x0002,0x0003,0x0000,0x01,0x003F,0x0000,0x0001,actor_2c8,8,0x10C4C8,0x01,0x95,0x01,0x00,0x01,0x00,0x00,0x0035,0x02D1,0x033E,0x00,0x40,0x00,220,19,220:0040:02A1:026B:0025|221:0040:02B1:026C:0025|222:0040:02D9:0349:0025|223:0040:02C9:0347:0025|224:0040:02B9:0365:0025|225:0040:02D9:0348:0035|226:0040:02C9:0346:0035|227:0040:02B9:0364:0035|228:0040:02A9:0356:0030|229:0040:02B9:0363:0045
round3_castle,0xDD,3536,0x0002,0x0003,0x0000,0x01,0x003F,0x0000,0x0001,actor_2c8,4,0x10C3C8,0x01,0x95,0x00,0x00,0x02,0x00,0x00,0x00C5,0x02B1,0x033E,0x00,0x40,0x04,180,10,180:4040:0281:03A2:00C4|181:4040:0291:03A3:00C4|182:4040:02B9:0349:00C4|183:4040:02A9:0347:00C4|184:4040:0299:0365:00C4|185:4040:02B9:0348:00B4|186:4040:02A9:0346:00B4|187:4040:0299:0364:00B4|188:4040:0289:0356:00B9|189:4040:0299:0363:00A4
round3_castle,0xDD,3536,0x0002,0x0003,0x0000,0x01,0x003F,0x0000,0x0001,actor_2c8,8,0x10C4C8,0x01,0x95,0x01,0x00,0x01,0x00,0x00,0x0037,0x02D1,0x033E,0x00,0x40,0x00,220,19,220:0040:02A1:026B:0027|221:0040:02B1:026C:0027|222:0040:02D9:0349:0027|223:0040:02C9:0347:0027|224:0040:02B9:0365:0027|225:0040:02D9:0348:0037|226:0040:02C9:0346:0037|227:0040:02B9:0364:0037|228:0040:02A9:0356:0032|229:0040:02B9:0363:0047
round3_castle,0xDD,3538,0x0002,0x0003,0x0000,0x01,0x003F,0x0000,0x0001,actor_2c8,4,0x10C3C8,0x01,0x95,0x00,0x00,0x02,0x00,0x00,0x00C3,0x02B1,0x033E,0x00,0x40,0x04,180,10,180:4040:0281:03A2:00C2|181:4040:0291:03A3:00C2|182:4040:02B9:0349:00C2|183:4040:02A9:0347:00C2|184:4040:0299:0365:00C2|185:4040:02B9:0348:00B2|186:4040:02A9:0346:00B2|187:4040:0299:0364:00B2|188:4040:0289:0356:00B7|189:4040:0299:0363:00A2
round3_castle,0xDD,3538,0x0002,0x0003,0x0000,0x01,0x003F,0x0000,0x0001,actor_2c8,8,0x10C4C8,0x01,0x95,0x01,0x00,0x01,0x00,0x00,0x0039,0x02D1,0x033E,0x00,0x40,0x00,220,19,220:0040:02A1:026B:0029|221:0040:02B1:026C:0029|222:0040:02D9:0349:0029|223:0040:02C9:0347:0029|224:0040:02B9:0365:0029|225:0040:02D9:0348:0039|226:0040:02C9:0346:0039|227:0040:02B9:0364:0039|228:0040:02A9:0356:0034|229:0040:02B9:0363:0049
round3_castle,0xDD,3540,0x0002,0x0003,0x0000,0x01,0x003F,0x0000,0x0001,actor_2c8,8,0x10C4C8,0x01,0x94,0x01,0x00,0x01,0x00,0x00,0x003B,0x02D1,0x033E,0x00,0x40,0x00,220,19,220:0040:02A1:026B:002B|221:0040:02B1:026C:002B|222:0040:02D9:0345:002B|223:0040:02C9:0343:002B|224:0040:02B9:0365:002B|225:0040:02D9:0344:003B|226:0040:02C9:0342:003B|227:0040:02B9:0364:003B|228:0040:02A9:0356:0036|229:0040:02B9:0363:004B
round3_castle,0xDD,3542,0x0002,0x0003,0x0000,0x01,0x003F,0x0000,0x0001,actor_2c8,4,0x10C3C8,0x01,0x94,0x00,0x00,0x02,0x00,0x00,0x00BF,0x02B1,0x033E,0x00,0x40,0x04,180,10,180:4040:0281:03A2:00BE|181:4040:0291:03A3:00BE|182:4040:02B9:0345:00BE|183:4040:02A9:0343:00BE|184:4040:0299:0365:00BE|185:4040:02B9:0344:00AE|186:4040:02A9:0342:00AE|187:4040:0299:0364:00AE|188:4040:0289:0356:00B3|189:4040:0299:0363:009E
round3_castle,0xDD,3546,0x0002,0x0003,0x0000,0x01,0x003F,0x0000,0x0001,actor_2c8,4,0x10C3C8,0x01,0x94,0x00,0x00,0x02,0x00,0x00,0x00BB,0x02B1,0x033E,0x00,0x40,0x04,180,10,180:4040:0281:03A2:00BC|181:4040:0291:03A3:00BC|182:4040:02B9:0345:00BC|183:4040:02A9:0343:00BC|184:4040:0299:0365:00BC|185:4040:02B9:0344:00AC|186:4040:02A9:0342:00AC|187:4040:0299:0364:00AC|188:4040:0289:0356:00B1|189:4040:0299:0363:009C
round3_castle,0xDD,3548,0x0002,0x0003,0x0000,0x01,0x003F,0x0000,0x0001,actor_2c8,8,0x10C4C8,0x01,0x93,0x01,0x00,0x01,0x00,0x00,0x0043,0x02D1,0x033E,0x00,0x40,0x00,220,19,220:0040:02A1:026B:0031|221:0040:02B1:026C:0031|222:0040:02D9:0341:0031|223:0040:02C9:033F:0031|224:0040:02B9:0365:0031|225:0040:02D9:0340:0041|226:0040:02C9:033E:0041|227:0040:02B9:0364:0041|228:0040:02A9:0356:003C|229:0040:02B9:0363:0051
round3_castle,0xDD,3550,0x0002,0x0003,0x0000,0x01,0x003F,0x0000,0x0001,actor_2c8,4,0x10C3C8,0x01,0x93,0x00,0x00,0x02,0x00,0x00,0x00B7,0x02B1,0x033E,0x00,0x40,0x04,180,10,180:4040:0281:03A2:00B8|181:4040:0291:03A3:00B8|182:4040:02B9:0341:00B8|183:4040:02A9:033F:00B8|184:4040:0299:0365:00B8|185:4040:02B9:0340:00A8|186:4040:02A9:033E:00A8|187:4040:0299:0364:00A8|188:4040:0289:0356:00AD|189:4040:0299:0363:0098
round3_castle,0xDD,3552,0x0002,0x0003,0x0000,0x01,0x003F,0x0000,0x0001,actor_2c8,4,0x10C3C8,0x01,0x93,0x00,0x00,0x02,0x00,0x00,0x00B7,0x02B1,0x033E,0x00,0x40,0x04,180,10,180:4040:0281:03A2:00B6|181:4040:0291:03A3:00B6|182:4040:02B9:0341:00B6|183:4040:02A9:033F:00B6|184:4040:0299:0365:00B6|185:4040:02B9:0340:00A6|186:4040:02A9:033E:00A6|187:4040:0299:0364:00A6|188:4040:0289:0356:00AB|189:4040:0299:0363:0096
round3_castle,0xDD,3554,0x0002,0x0003,0x0000,0x01,0x003F,0x0000,0x0001,actor_2c8,8,0x10C4C8,0x01,0x93,0x01,0x00,0x01,0x00,0x00,0x0047,0x02D1,0x033E,0x00,0x40,0x00,220,19,220:0040:02A1:026B:0037|221:0040:02B1:026C:0037|222:0040:02D9:0341:0037|223:0040:02C9:033F:0037|224:0040:02B9:0365:0037|225:0040:02D9:0340:0047|226:0040:02C9:033E:0047|227:0040:02B9:0364:0047|228:0040:02A9:0356:0042|229:0040:02B9:0363:0057
round3_castle,0xDD,3558,0x0002,0x0003,0x0000,0x01,0x003F,0x0000,0x0001,actor_2c8,8,0x10C4C8,0x01,0x94,0x01,0x00,0x01,0x00,0x00,0x004B,0x02D1,0x033E,0x00,0x40,0x00,220,19,220:0040:02A1:026B:003B|221:0040:02B1:026C:003B|222:0040:02D9:0345:003B|223:0040:02C9:0343:003B|224:0040:02B9:0365:003B|225:0040:02D9:0344:004B|226:0040:02C9:0342:004B|227:0040:02B9:0364:004B|228:0040:02A9:0356:0046|229:0040:02B9:0363:005B
round3_castle,0xDD,3564,0x0002,0x0003,0x0000,0x01,0x003F,0x0000,0x0001,actor_2c8,8,0x10C4C8,0x01,0x95,0x01,0x00,0x01,0x00,0x00,0x0051,0x02D1,0x033E,0x00,0x40,0x00,220,19,220:0040:02A1:026B:003F|221:0040:02B1:026C:003F|222:0040:02D9:0349:003F|223:0040:02C9:0347:003F|224:0040:02B9:0365:003F|225:0040:02D9:0348:004F|226:0040:02C9:0346:004F|227:0040:02B9:0364:004F|228:0040:02A9:0356:004A|229:0040:02B9:0363:005F
round3_castle,0xDD,3568,0x0002,0x0003,0x0000,0x01,0x003F,0x0000,0x0001,actor_2c8,8,0x10C4C8,0x01,0x95,0x01,0x00,0x01,0x00,0x00,0x0055,0x02D1,0x033E,0x00,0x40,0x00,220,19,220:0040:02A1:026B:0043|221:0040:02B1:026C:0043|222:0040:02D9:0349:0043|223:0040:02C9:0347:0043|224:0040:02B9:0365:0043|225:0040:02D9:0348:0053|226:0040:02C9:0346:0053|227:0040:02B9:0364:0053|228:0040:02A9:0356:004E|229:0040:02B9:0363:0063
round3_castle,0xDD,3580,0x0002,0x0003,0x0000,0x01,0x003F,0x0000,0x0001,actor_2c8,8,0x10C4C8,0x01,0x93,0x01,0x00,0x01,0x00,0x00,0x005F,0x02D1,0x033E,0x00,0x40,0x00,220,19,220:0040:02A1:026B:004D|221:0040:02B1:026C:004D|222:0040:02D9:0341:004D|223:0040:02C9:033F:004D|224:0040:02B9:0365:004D|225:0040:02D9:0340:005D|226:0040:02C9:033E:005D|227:0040:02B9:0364:005D|228:0040:02A9:0356:0058|229:0040:02B9:0363:006D
round3_castle,0xDD,3582,0x0002,0x0003,0x0000,0x01,0x003F,0x0000,0x0001,actor_2c8,8,0x10C4C8,0x01,0x93,0x01,0x00,0x01,0x00,0x00,0x0061,0x02D1,0x033E,0x00,0x40,0x00,220,19,220:0040:02A1:026B:004F|221:0040:02B1:026C:004F|222:0040:02D9:0341:004F|223:0040:02C9:033F:004F|224:0040:02B9:0365:004F|225:0040:02D9:0340:005F|226:0040:02C9:033E:005F|227:0040:02B9:0364:005F|228:0040:02A9:0356:005A|229:0040:02B9:0363:006F
round3_castle,0xDD,3584,0x0002,0x0003,0x0000,0x01,0x003F,0x0000,0x0001,actor_2c8,4,0x10C3C8,0x01,0x93,0x00,0x00,0x02,0x00,0x00,0x0093,0x02D1,0x033E,0x01,0x40,0x04,180,10,180:0040:02A1:03A2:0085|181:0040:02B1:03A3:0085|182:0040:02D9:0341:0085|183:0040:02C9:033F:0085|184:0040:02B9:0365:0085|185:0040:02D9:0340:0095|186:0040:02C9:033E:0095|187:0040:02B9:0364:0095|188:0040:02A9:0356:0090|189:0040:02B9:0363:00A5
round3_castle,0xDD,3586,0x0002,0x0003,0x0000,0x01,0x003F,0x0000,0x0001,actor_2c8,4,0x10C3C8,0x01,0x93,0x00,0x00,0x02,0x00,0x00,0x0091,0x02D1,0x033E,0x01,0x40,0x04,180,10,180:0040:02A1:03A2:0083|181:0040:02B1:03A3:0083|182:0040:02D9:0341:0083|183:0040:02C9:033F:0083|184:0040:02B9:0365:0083|185:0040:02D9:0340:0093|186:0040:02C9:033E:0093|187:0040:02B9:0364:0093|188:0040:02A9:0356:008E|189:0040:02B9:0363:00A3
round3_castle,0xDD,3586,0x0002,0x0003,0x0000,0x01,0x003F,0x0000,0x0001,actor_2c8,8,0x10C4C8,0x01,0x93,0x01,0x00,0x01,0x00,0x00,0x0065,0x02D1,0x033E,0x00,0x40,0x00,220,19,220:0040:02A1:026B:0053|221:0040:02B1:026C:0053|222:0040:02D9:0341:0053|223:0040:02C9:033F:0053|224:0040:02B9:0365:0053|225:0040:02D9:0340:0063|226:0040:02C9:033E:0063|227:0040:02B9:0364:0063|228:0040:02A9:0356:005E|229:0040:02B9:0363:0073
round3_castle,0xDD,3588,0x0002,0x0003,0x0000,0x01,0x003F,0x0000,0x0001,actor_2c8,4,0x10C3C8,0x01,0x94,0x00,0x00,0x02,0x00,0x00,0x008F,0x02D1,0x033E,0x01,0x40,0x04,180,10,180:0040:02A1:03A2:0081|181:0040:02B1:03A3:0081|182:0040:02D9:0345:0081|183:0040:02C9:0343:0081|184:0040:02B9:0365:0081|185:0040:02D9:0344:0091|186:0040:02C9:0342:0091|187:0040:02B9:0364:0091|188:0040:02A9:0356:008C|189:0040:02B9:0363:00A1
round3_castle,0xDD,3590,0x0002,0x0003,0x0000,0x01,0x003F,0x0000,0x0001,actor_2c8,4,0x10C3C8,0x01,0x94,0x00,0x00,0x02,0x00,0x00,0x008F,0x02D1,0x033E,0x01,0x40,0x04,180,10,180:0040:02A1:03A2:007F|181:0040:02B1:03A3:007F|182:0040:02D9:0345:007F|183:0040:02C9:0343:007F|184:0040:02B9:0365:007F|185:0040:02D9:0344:008F|186:0040:02C9:0342:008F|187:0040:02B9:0364:008F|188:0040:02A9:0356:008A|189:0040:02B9:0363:009F
round3_castle,0xDD,3592,0x0002,0x0003,0x0000,0x01,0x003F,0x0000,0x0001,actor_2c8,4,0x10C3C8,0x01,0x94,0x00,0x00,0x02,0x00,0x00,0x008D,0x02D1,0x033E,0x01,0x40,0x04,180,10,180:0040:02A1:03A2:007D|181:0040:02B1:03A3:007D|182:0040:02D9:0345:007D|183:0040:02C9:0343:007D|184:0040:02B9:0365:007D|185:0040:02D9:0344:008D|186:0040:02C9:0342:008D|187:0040:02B9:0364:008D|188:0040:02A9:0356:0088|189:0040:02B9:0363:009D
round3_castle,0xDD,3594,0x0002,0x0003,0x0000,0x01,0x003F,0x0000,0x0001,actor_2c8,4,0x10C3C8,0x01,0x94,0x00,0x00,0x02,0x00,0x00,0x008B,0x02D1,0x033E,0x01,0x40,0x04,180,10,180:0040:02A1:03A2:007B|181:0040:02B1:03A3:007B|182:0040:02D9:0345:007B|183:0040:02C9:0343:007B|184:0040:02B9:0365:007B|185:0040:02D9:0344:008B|186:0040:02C9:0342:008B|187:0040:02B9:0364:008B|188:0040:02A9:0356:0086|189:0040:02B9:0363:009B
round3_castle,0xDD,3598,0x0002,0x0003,0x0000,0x01,0x003F,0x0000,0x0001,actor_2c8,4,0x10C3C8,0x01,0x95,0x00,0x00,0x02,0x00,0x00,0x0087,0x02D1,0x033E,0x01,0x40,0x04,180,10,180:0040:02A1:03A2:0077|181:0040:02B1:03A3:0077|182:0040:02D9:0349:0077|183:0040:02C9:0347:0077|184:0040:02B9:0365:0077|185:0040:02D9:0348:0087|186:0040:02C9:0346:0087|187:0040:02B9:0364:0087|188:0040:02A9:0356:0082|189:0040:02B9:0363:0097
round3_castle,0xDD,3602,0x0002,0x0003,0x0000,0x01,0x003F,0x0000,0x0001,actor_2c8,4,0x10C3C8,0x01,0x95,0x00,0x00,0x02,0x00,0x00,0x0083,0x02D0,0x033E,0x01,0x40,0x04,180,10,180:0040:02A1:03A2:0075|181:0040:02B1:03A3:0075|182:0040:02D9:0349:0075|183:0040:02C9:0347:0075|184:0040:02B9:0365:0075|185:0040:02D9:0348:0085|186:0040:02C9:0346:0085|187:0040:02B9:0364:0085|188:0040:02A9:0356:0080|189:0040:02B9:0363:0095
round3_castle,0xDD,3604,0x0002,0x0003,0x0000,0x01,0x003F,0x0000,0x0001,actor_2c8,4,0x10C3C8,0x01,0x94,0x00,0x00,0x02,0x00,0x00,0x0081,0x02CD,0x033E,0x01,0x40,0x04,180,10,180:0040:029F:03A2:0073|181:0040:02AF:03A3:0073|182:0040:02D7:0345:0073|183:0040:02C7:0343:0073|184:0040:02B7:0365:0073|185:0040:02D7:0344:0083|186:0040:02C7:0342:0083|187:0040:02B7:0364:0083|188:0040:02A7:0356:007E|189:0040:02B7:0363:0093
round3_castle,0xDD,3604,0x0002,0x0003,0x0000,0x01,0x003F,0x0000,0x0001,actor_2c8,6,0x10C448,0x01,0x1E,0x00,0x00,0x0F,0x00,0x00,0x00DB,0x01AD,0x0A5A,0x00,0x00,0x02,200,10,200:4000:01A7:0A67:00D2
round3_castle,0xDD,3604,0x0002,0x0003,0x0000,0x01,0x003F,0x0000,0x0001,actor_2c8,8,0x10C4C8,0x01,0x96,0x01,0x00,0x11,0x00,0x00,0x0065,0x029A,0x033E,0x00,0x40,0x00,220,19,220:0040:026F:026B:0055|221:0040:027F:026C:0055|222:0040:02A7:0385:0055|223:0040:0297:0383:0055|224:0040:0287:0365:0055|225:0040:0297:0382:0065|226:0040:0287:0387:0065|227:0040:0277:0356:0061|228:0040:0287:0386:0075|229:0040:0277:0388:006D
round3_castle,0xDD,3606,0x0002,0x0003,0x0000,0x01,0x003F,0x0000,0x0001,actor_2c8,4,0x10C3C8,0x01,0x94,0x00,0x00,0x02,0x00,0x00,0x007F,0x02C8,0x033E,0x01,0x40,0x04,180,10,180:0040:029B:03A2:0071|181:0040:02AB:03A3:0071|182:0040:02D3:0345:0071|183:0040:02C3:0343:0071|184:0040:02B3:0365:0071|185:0040:02D3:0344:0081|186:0040:02C3:0342:0081|187:0040:02B3:0364:0081|188:0040:02A3:0356:007C|189:0040:02B3:0363:0091
round3_castle,0xDD,3606,0x0002,0x0003,0x0000,0x01,0x003F,0x0000,0x0001,actor_2c8,6,0x10C448,0x01,0x1E,0x00,0x00,0x0F,0x00,0x00,0x00DB,0x02A8,0x0A5A,0x00,0x00,0x02,200,10,200:4000:02A3:0A67:00D2
round3_castle,0xDD,3608,0x0002,0x0003,0x0000,0x01,0x003F,0x0000,0x0001,actor_2c8,4,0x10C3C8,0x01,0x94,0x00,0x00,0x02,0x00,0x00,0x007F,0x02C2,0x033E,0x01,0x40,0x04,180,10,180:0040:0295:03A2:006F|181:0040:02A5:03A3:006F|182:0040:02CD:0345:006F|183:0040:02BD:0343:006F|184:0040:02AD:0365:006F|185:0040:02CD:0344:007F|186:0040:02BD:0342:007F|187:0040:02AD:0364:007F|188:0040:029D:0356:007A|189:0040:02AD:0363:008F
round3_castle,0xDD,3608,0x0002,0x0003,0x0000,0x01,0x003F,0x0000,0x0001,actor_2c8,6,0x10C448,0x01,0x1E,0x00,0x00,0x0F,0x00,0x00,0x00DB,0x01A2,0x0A5A,0x00,0x00,0x02,200,10,200:4000:029D:0A67:00D2
round3_castle,0xDD,3608,0x0002,0x0003,0x0000,0x01,0x003F,0x0000,0x0001,actor_2c8,8,0x10C4C8,0x01,0x96,0x01,0x00,0x11,0x00,0x00,0x0065,0x0284,0x033E,0x00,0x40,0x00,220,19,220:0040:0259:026B:0055|221:0040:0269:026C:0055|222:0040:0291:0385:0055|223:0040:0281:0383:0055|224:0040:0271:0365:0055|225:0040:0281:0382:0065|226:0040:0271:0387:0065|227:0040:0261:0356:0061|228:0040:0271:0386:0075|229:0040:0261:0388:006D
round3_castle,0xDD,3610,0x0002,0x0003,0x0000,0x01,0x003F,0x0000,0x0001,actor_2c8,4,0x10C3C8,0x01,0x94,0x00,0x00,0x02,0x00,0x00,0x007D,0x02BC,0x033E,0x01,0x40,0x04,180,10,180:0040:028F:03A2:006D|181:0040:029F:03A3:006D|182:0040:02C7:0345:006D|183:0040:02B7:0343:006D|184:0040:02A7:0365:006D|185:0040:02C7:0344:007D|186:0040:02B7:0342:007D|187:0040:02A7:0364:007D|188:0040:0297:0356:0078|189:0040:02A7:0363:008D
round3_castle,0xDD,3610,0x0002,0x0003,0x0000,0x01,0x003F,0x0000,0x0001,actor_2c8,6,0x10C448,0x01,0x1E,0x00,0x00,0x0F,0x00,0x00,0x00DB,0x019C,0x0A5A,0x00,0x00,0x02,200,10,200:4000:0197:0A67:00D2
round3_castle,0xDD,3610,0x0002,0x0003,0x0000,0x01,0x003F,0x0000,0x0001,actor_2c8,8,0x10C4C8,0x01,0x96,0x01,0x00,0x11,0x00,0x00,0x0065,0x027B,0x033E,0x00,0x40,0x00,220,19,220:0040:024F:026B:0055|221:0040:025F:026C:0055|222:0040:0287:0385:0055|223:0040:0277:0383:0055|224:0040:0267:0365:0055|225:0040:0277:0382:0065|226:0040:0267:0387:0065|227:0040:0257:0356:0061|228:0040:0267:0386:0075|229:0040:0257:0388:006D
round3_castle,0xDD,3612,0x0002,0x0003,0x0000,0x01,0x003F,0x0000,0x0001,actor_2c8,4,0x10C3C8,0x01,0x93,0x00,0x00,0x02,0x00,0x00,0x007B,0x02B6,0x033E,0x01,0x40,0x04,180,10,180:0040:0289:03A2:006B|181:0040:0299:03A3:006B|182:0040:02C1:0341:006B|183:0040:02B1:033F:006B|184:0040:02A1:0365:006B|185:0040:02C1:0340:007B|186:0040:02B1:033E:007B|187:0040:02A1:0364:007B|188:0040:0291:0356:0076|189:0040:02A1:0363:008B
round3_castle,0xDD,3612,0x0002,0x0003,0x0000,0x01,0x003F,0x0000,0x0001,actor_2c8,6,0x10C448,0x01,0x1E,0x00,0x00,0x0F,0x00,0x00,0x00DB,0x0096,0x0A5A,0x00,0x00,0x02,200,10,200:4000:0091:0A67:00D2
round3_castle,0xDD,3612,0x0002,0x0003,0x0000,0x01,0x003F,0x0000,0x0001,actor_2c8,8,0x10C4C8,0x01,0x96,0x01,0x00,0x11,0x00,0x00,0x0065,0x0273,0x033E,0x00,0x40,0x00,220,19,220:0040:0247:026B:0055|221:0040:0257:026C:0055|222:0040:027F:0385:0055|223:0040:026F:0383:0055|224:0040:025F:0365:0055|225:0040:026F:0382:0065|226:0040:025F:0387:0065|227:0040:024F:0356:0061|228:0040:025F:0386:0075|229:0040:024F:0388:006D
round3_castle,0xDD,3614,0x0002,0x0003,0x0000,0x01,0x003F,0x0000,0x0001,actor_2c8,4,0x10C3C8,0x01,0x93,0x00,0x00,0x02,0x00,0x00,0x0079,0x02B0,0x033E,0x01,0x40,0x04,180,10,180:0040:0283:03A2:0069|181:0040:0293:03A3:0069|182:0040:02BB:0341:0069|183:0040:02AB:033F:0069|184:0040:029B:0365:0069|185:0040:02BB:0340:0079|186:0040:02AB:033E:0079|187:0040:029B:0364:0079|188:0040:028B:0356:0074|189:0040:029B:0363:0089
round3_castle,0xDD,3614,0x0002,0x0003,0x0000,0x01,0x003F,0x0000,0x0001,actor_2c8,6,0x10C448,0x01,0x1E,0x00,0x00,0x0F,0x00,0x00,0x00DB,0x0190,0x0A5A,0x00,0x00,0x02,200,10,200:4000:008B:0A67:00D2
round3_castle,0xDD,3614,0x0002,0x0003,0x0000,0x01,0x003F,0x0000,0x0001,actor_2c8,8,0x10C4C8,0x01,0x96,0x01,0x00,0x11,0x00,0x00,0x0065,0x026D,0x033E,0x00,0x40,0x00,220,19,220:0040:0240:026B:0055|221:0040:0250:026C:0055|222:0040:0278:0385:0055|223:0040:0268:0383:0055|224:0040:0258:0365:0055|225:0040:0268:0382:0065|226:0040:0258:0387:0065|227:0040:0248:0356:0061|228:0040:0258:0386:0075|229:0040:0248:0388:006D
round3_castle,0xDD,3616,0x0002,0x0003,0x0000,0x01,0x003F,0x0000,0x0001,actor_2c8,4,0x10C3C8,0x01,0x93,0x00,0x00,0x02,0x00,0x00,0x0077,0x02A9,0x033E,0x01,0x40,0x04,180,10,180:0040:027D:03A2:0067|181:0040:028D:03A3:0067|182:0040:02B5:0341:0067|183:0040:02A5:033F:0067|184:0040:0295:0365:0067|185:0040:02B5:0340:0077|186:0040:02A5:033E:0077|187:0040:0295:0364:0077|188:0040:0285:0356:0072|189:0040:0295:0363:0087
round3_castle,0xDD,3616,0x0002,0x0003,0x0000,0x01,0x003F,0x0000,0x0001,actor_2c8,6,0x10C448,0x01,0x1E,0x00,0x00,0x0F,0x00,0x00,0x00DB,0x0189,0x0A5A,0x00,0x00,0x02,200,10,200:4000:0185:0A67:00D2
round3_castle,0xDD,3616,0x0002,0x0003,0x0000,0x01,0x003F,0x0000,0x0001,actor_2c8,8,0x10C4C8,0x01,0x96,0x01,0x00,0x11,0x00,0x00,0x0065,0x0268,0x033E,0x00,0x40,0x00,220,19,220:0040:023B:026B:0055|221:0040:024B:026C:0055|222:0040:0273:0385:0055|223:0040:0263:0383:0055|224:0040:0253:0365:0055|225:0040:0263:0382:0065|226:0040:0253:0387:0065|227:0040:0243:0356:0061|228:0040:0253:0386:0075|229:0040:0243:0388:006D
round3_castle,0xDD,3618,0x0002,0x0003,0x0000,0x01,0x003F,0x0000,0x0001,actor_2c8,4,0x10C3C8,0x01,0x93,0x01,0x00,0x1F,0x00,0x00,0x0077,0x02A1,0x033E,0x00,0x40,0x04,180,10,180:0040:0275:03A2:0067|181:0040:0285:03A3:0067|182:0040:02AD:0341:0067|183:0040:029D:033F:0067|184:0040:028D:0365:0067|185:0040:02AD:0340:0077|186:0040:029D:033E:0077|187:0040:028D:0364:0077|188:0040:027D:0356:0072|189:0040:028D:0363:0087
round3_castle,0xDD,3618,0x0002,0x0003,0x0000,0x01,0x003F,0x0000,0x0001,actor_2c8,6,0x10C448,0x01,0x1E,0x00,0x00,0x0F,0x00,0x00,0x00DB,0x0281,0x0A5A,0x00,0x00,0x02,200,10,200:4000:027D:0A67:00D2
round3_castle,0xDD,3618,0x0002,0x0003,0x0000,0x01,0x003F,0x0000,0x0001,actor_2c8,8,0x10C4C8,0x01,0x96,0x01,0x00,0x11,0x00,0x00,0x0065,0x0263,0x033E,0x00,0x40,0x00,220,19,220:0040:0235:026B:0055|221:0040:0245:026C:0055|222:0040:026D:0385:0055|223:0040:025D:0383:0055|224:0040:024D:0365:0055|225:0040:025D:0382:0065|226:0040:024D:0387:0065|227:0040:023D:0356:0061|228:0040:024D:0386:0075|229:0040:023D:0388:006D
round3_castle,0xDD,3620,0x0002,0x0003,0x0000,0x01,0x003F,0x0000,0x0001,actor_2c8,4,0x10C3C8,0x01,0x93,0x01,0x00,0x1F,0x00,0x00,0x0077,0x0299,0x033E,0x00,0x40,0x04,180,10,180:0040:026D:03A2:0067|181:0040:027D:03A3:0067|182:0040:02A5:0341:0067|183:0040:0295:033F:0067|184:0040:0285:0365:0067|185:0040:02A5:0340:0077|186:0040:0295:033E:0077|187:0040:0285:0364:0077|188:0040:0275:0356:0072|189:0040:0285:0363:0087
round3_castle,0xDD,3620,0x0002,0x0003,0x0000,0x01,0x003F,0x0000,0x0001,actor_2c8,6,0x10C448,0x01,0x1E,0x00,0x00,0x0F,0x00,0x00,0x00DB,0x0179,0x0A5A,0x00,0x00,0x02,200,10,200:4000:0275:0A67:00D2
round3_castle,0xDD,3620,0x0002,0x0003,0x0000,0x01,0x003F,0x0000,0x0001,actor_2c8,8,0x10C4C8,0x01,0x96,0x01,0x00,0x11,0x00,0x00,0x0065,0x0260,0x033E,0x00,0x40,0x00,220,19,220:0040:0231:026B:0055|221:0040:0241:026C:0055|222:0040:0269:0385:0055|223:0040:0259:0383:0055|224:0040:0249:0365:0055|225:0040:0259:0382:0065|226:0040:0249:0387:0065|227:0040:0239:0356:0061|228:0040:0249:0386:0075|229:0040:0239:0388:006D
round3_castle,0xDD,3622,0x0002,0x0003,0x0000,0x01,0x003F,0x0000,0x0001,actor_2c8,4,0x10C3C8,0x01,0xA1,0x01,0x00,0x1F,0x00,0x00,0x0077,0x0291,0x033E,0x00,0x40,0x04,180,10,180:0040:0265:03A2:0067|181:0040:0275:03A3:0067|182:0040:027D:0357:0077|183:0040:026D:0356:0072|184:0040:027D:0358:0067|185:0040:029D:0341:0067|186:0040:028D:033F:0067|187:0040:029D:0340:0077|188:0040:028D:033E:0077
round3_castle,0xDD,3622,0x0002,0x0003,0x0000,0x01,0x003F,0x0000,0x0001,actor_2c8,6,0x10C448,0x01,0x1E,0x00,0x00,0x0F,0x00,0x00,0x00DB,0x0171,0x0A5A,0x00,0x00,0x02,200,10,200:4000:016D:0A67:00D2
round3_castle,0xDD,3622,0x0002,0x0003,0x0000,0x01,0x003F,0x0000,0x0001,actor_2c8,8,0x10C4C8,0x01,0x96,0x01,0x00,0x11,0x00,0x00,0x0065,0x025E,0x033E,0x00,0x40,0x00,220,19,220:0040:022F:026B:0055|221:0040:023F:026C:0055|222:0040:0267:0385:0055|223:0040:0257:0383:0055|224:0040:0247:0365:0055|225:0040:0257:0382:0065|226:0040:0247:0387:0065|227:0040:0237:0356:0061|228:0040:0247:0386:0075|229:0040:0237:0388:006D
round3_castle,0xDD,3624,0x0002,0x0003,0x0000,0x01,0x003F,0x0000,0x0001,actor_2c8,4,0x10C3C8,0x01,0xA2,0x01,0x00,0x1F,0x00,0x00,0x0077,0x028D,0x033E,0x00,0x40,0x04,180,10,180:0040:025D:03A2:0067|181:0040:026D:03A3:0067|182:0040:0275:0357:0077|183:0040:0265:0356:0072|184:0040:0275:0358:0067|185:0040:0295:0341:0067|186:0040:0285:033F:0067|187:0040:0295:0340:0077|188:0040:0285:033E:0077
round3_castle,0xDD,3624,0x0002,0x0003,0x0000,0x01,0x003F,0x0000,0x0001,actor_2c8,6,0x10C448,0x01,0x1E,0x00,0x00,0x0F,0x00,0x00,0x00DB,0x006D,0x0A5A,0x00,0x00,0x02,200,10,200:4000:0065:0A67:00D2
round3_castle,0xDD,3624,0x0002,0x0003,0x0000,0x01,0x003F,0x0000,0x0001,actor_2c8,8,0x10C4C8,0x01,0x96,0x01,0x00,0x11,0x00,0x00,0x0065,0x0260,0x033E,0x00,0x40,0x00,220,19,220:0040:022D:026B:0055|221:0040:023D:026C:0055|222:0040:0265:0385:0055|223:0040:0255:0383:0055|224:0040:0245:0365:0055|225:0040:0255:0382:0065|226:0040:0245:0387:0065|227:0040:0235:0356:0061|228:0040:0245:0386:0075|229:0040:0235:0388:006D
round3_castle,0xDD,3626,0x0002,0x0003,0x0000,0x01,0x003F,0x0000,0x0001,actor_2c8,4,0x10C3C8,0x01,0xA2,0x01,0x00,0x1F,0x00,0x00,0x0077,0x028D,0x033E,0x00,0x40,0x04,180,10,180:0040:0265:03A4:004F|181:0040:0265:03A5:005F|182:0040:0275:03A6:005F|183:0040:0275:0359:0077|184:0040:0265:0356:0072|185:0040:0275:035A:0067|186:0040:0295:0341:0067|187:0040:0285:033F:0067|188:0040:0295:0340:0077|189:0040:0285:033E:0077
round3_castle,0xDD,3626,0x0002,0x0003,0x0000,0x01,0x003F,0x0000,0x0001,actor_2c8,8,0x10C4C8,0x01,0x96,0x01,0x00,0x11,0x00,0x00,0x0065,0x0266,0x033E,0x00,0x40,0x00,220,19,220:0040:0233:026B:0055|221:0040:0243:026C:0055|222:0040:026B:0385:0055|223:0040:025B:0383:0055|224:0040:024B:0365:0055|225:0040:025B:0382:0065|226:0040:024B:0387:0065|227:0040:023B:0356:0061|228:0040:024B:0386:0075|229:0040:023B:0388:006D
round3_castle,0xDD,3628,0x0002,0x0003,0x0000,0x01,0x003F,0x0000,0x0001,actor_2c8,4,0x10C3C8,0x01,0xA3,0x01,0x00,0x1F,0x00,0x00,0x0077,0x028D,0x033E,0x00,0x40,0x04,180,10,180:0040:0275:03A9:005F|181:0040:0275:03A8:004F|182:0040:0265:03A7:0047|183:0040:0275:035B:0077|184:0040:0265:0356:0072|185:0040:0275:035C:0067|186:0040:0295:0341:0067|187:0040:0285:033F:0067|188:0040:0295:0340:0077|189:0040:0285:033E:0077
round3_castle,0xDD,3628,0x0002,0x0003,0x0000,0x01,0x003F,0x0000,0x0001,actor_2c8,6,0x10C448,0x01,0x1E,0x00,0x00,0x0F,0x00,0x00,0x00DB,0x016D,0x0A5A,0x00,0x00,0x02,200,10,200:4000:0165:0A67:00D2
round3_castle,0xDD,3628,0x0002,0x0003,0x0000,0x01,0x003F,0x0000,0x0001,actor_2c8,8,0x10C4C8,0x01,0x96,0x01,0x00,0x11,0x00,0x00,0x0065,0x026C,0x033E,0x00,0x40,0x00,220,19,220:0040:0239:026B:0055|221:0040:0249:026C:0055|222:0040:0271:0385:0055|223:0040:0261:0383:0055|224:0040:0251:0365:0055|225:0040:0261:0382:0065|226:0040:0251:0387:0065|227:0040:0241:0356:0061|228:0040:0251:0386:0075|229:0040:0241:0388:006D
round3_castle,0xDD,3630,0x0002,0x0003,0x0000,0x01,0x003F,0x0000,0x0001,actor_2c8,4,0x10C3C8,0x01,0xA4,0x01,0x00,0x1F,0x00,0x00,0x0077,0x028D,0x033E,0x00,0x40,0x04,180,10,180:0040:0275:03A9:005F|181:0040:0275:03A8:004F|182:0040:0265:03A7:0047|183:0040:0275:035B:0077|184:0040:0265:0356:0072|185:0040:0275:035C:0067|186:0040:0295:0341:0067|187:0040:0285:033F:0067|188:0040:0295:0340:0077|189:0040:0285:033E:0077
round3_castle,0xDD,3630,0x0002,0x0003,0x0000,0x01,0x003F,0x0000,0x0001,actor_2c8,6,0x10C448,0x01,0x1E,0x00,0x00,0x0F,0x00,0x00,0x00DB,0x026D,0x0A5A,0x00,0x00,0x02,200,10,200:4000:0265:0A67:00D2
round3_castle,0xDD,3630,0x0002,0x0003,0x0000,0x01,0x003F,0x0000,0x0001,actor_2c8,8,0x10C4C8,0x01,0x96,0x01,0x00,0x11,0x00,0x00,0x0065,0x0272,0x033E,0x00,0x40,0x00,220,19,220:0040:023F:026B:0055|221:0040:024F:026C:0055|222:0040:0277:0385:0055|223:0040:0267:0383:0055|224:0040:0257:0365:0055|225:0040:0267:0382:0065|226:0040:0257:0387:0065|227:0040:0247:0356:0061|228:0040:0257:0386:0075|229:0040:0247:0388:006D
round3_castle,0xDD,3632,0x0002,0x0003,0x0000,0x01,0x003F,0x0000,0x0001,actor_2c8,4,0x10C3C8,0x01,0xA4,0x01,0x00,0x1F,0x00,0x00,0x0077,0x028D,0x033E,0x00,0x40,0x04,180,10,180:0040:027D:03AB:0067|181:0040:027D:03AA:0057|182:0040:0275:035D:0077|183:0040:0265:0356:0072|184:0040:0275:035E:0067|185:0040:0295:0341:0067|186:0040:0285:033F:0067|187:0040:0295:0340:0077|188:0040:0285:033E:0077
round3_castle,0xDD,3632,0x0002,0x0003,0x0000,0x01,0x003F,0x0000,0x0001,actor_2c8,8,0x10C4C8,0x01,0x96,0x01,0x00,0x11,0x00,0x00,0x0065,0x0278,0x033E,0x00,0x40,0x00,220,19,220:0040:0245:026B:0055|221:0040:0255:026C:0055|222:0040:027D:0385:0055|223:0040:026D:0383:0055|224:0040:025D:0365:0055|225:0040:026D:0382:0065|226:0040:025D:0387:0065|227:0040:024D:0356:0061|228:0040:025D:0386:0075|229:0040:024D:0388:006D
round3_castle,0xDD,3634,0x0002,0x0003,0x0000,0x01,0x003F,0x0000,0x0001,actor_2c8,4,0x10C3C8,0x01,0xA5,0x01,0x00,0x1F,0x00,0x00,0x0077,0x028D,0x033E,0x00,0x40,0x04,180,10,180:0040:027D:03AC:007F|181:0040:0285:03AD:0087|182:0040:0275:035F:0077|183:0040:0265:0356:0072|184:0040:0275:0360:0067|185:0040:0295:0341:0067|186:0040:0285:033F:0067|187:0040:0295:0340:0077|188:0040:0285:033E:0077
round3_castle,0xDD,3634,0x0002,0x0003,0x0000,0x01,0x003F,0x0000,0x0001,actor_2c8,8,0x10C4C8,0x01,0x94,0x01,0x00,0x11,0x00,0x00,0x0065,0x027E,0x033E,0x00,0x40,0x00,220,19,220:0040:024B:026B:0055|221:0040:025B:026C:0055|222:0040:0283:0345:0055|223:0040:0273:0343:0055|224:0040:0263:0365:0055|225:0040:0283:0344:0065|226:0040:0273:0342:0065|227:0040:0263:0364:0065|228:0040:0253:0356:0060|229:0040:0263:0363:0075
round3_castle,0xDD,3636,0x0002,0x0003,0x0000,0x01,0x003F,0x0000,0x0001,actor_2c8,4,0x10C3C8,0x01,0xA6,0x01,0x00,0x1F,0x00,0x00,0x0077,0x028D,0x033E,0x00,0x40,0x04,180,10,180:0040:027D:03AC:007F|181:0040:0285:03AD:0087|182:0040:0275:035F:0077|183:0040:0265:0356:0072|184:0040:0275:0360:0067|185:0040:0295:0341:0067|186:0040:0285:033F:0067|187:0040:0295:0340:0077|188:0040:0285:033E:0077
round3_castle,0xDD,3636,0x0002,0x0003,0x0000,0x01,0x003F,0x0000,0x0001,actor_2c8,8,0x10C4C8,0x01,0x94,0x01,0x00,0x11,0x00,0x00,0x0065,0x0285,0x033E,0x00,0x40,0x00,220,19,220:0040:0251:026B:0055|221:0040:0261:026C:0055|222:0040:0289:0345:0055|223:0040:0279:0343:0055|224:0040:0269:0365:0055|225:0040:0289:0344:0065|226:0040:0279:0342:0065|227:0040:0269:0364:0065|228:0040:0259:0356:0060|229:0040:0269:0363:0075
round3_castle,0xDD,3638,0x0002,0x0003,0x0000,0x01,0x003F,0x0000,0x0001,actor_2c8,4,0x10C3C8,0x01,0xA6,0x01,0x00,0x1F,0x00,0x00,0x0077,0x028D,0x033E,0x00,0x40,0x04,180,10,180:0040:0275:03B0:00AF|181:0040:0275:03AF:009F|182:0040:0275:03AE:008F|183:0040:0275:0361:007F|184:0040:0265:0356:0073|185:0040:0275:0362:006F|186:0040:0295:0341:0067|187:0040:0285:033F:0067|188:0040:0295:0340:0077|189:0040:0285:033E:0077
round3_castle,0xDD,3638,0x0002,0x0003,0x0000,0x01,0x003F,0x0000,0x0001,actor_2c8,8,0x10C4C8,0x01,0x94,0x01,0x00,0x11,0x00,0x00,0x0065,0x028D,0x033E,0x00,0x40,0x00,220,19,220:0040:0259:026B:0055|221:0040:0269:026C:0055|222:0040:0291:0345:0055|223:0040:0281:0343:0055|224:0040:0271:0365:0055|225:0040:0291:0344:0065|226:0040:0281:0342:0065|227:0040:0271:0364:0065|228:0040:0261:0356:0060|229:0040:0271:0363:0075
round3_castle,0xDD,3640,0x0002,0x0003,0x0000,0x01,0x003F,0x0000,0x0001,actor_2c8,8,0x10C4C8,0x01,0x94,0x01,0x00,0x01,0x00,0x00,0x0067,0x028D,0x033E,0x00,0x40,0x00,220,19,220:0040:025D:026B:0055|221:0040:026D:026C:0055|222:0040:0295:0345:0055|223:0040:0285:0343:0055|224:0040:0275:0365:0055|225:0040:0295:0344:0065|226:0040:0285:0342:0065|227:0040:0275:0364:0065|228:0040:0265:0356:0060|229:0040:0275:0363:0075
round3_castle,0xDD,3642,0x0002,0x0003,0x0000,0x01,0x003F,0x0000,0x0001,actor_2c8,4,0x10C3C8,0x01,0xA5,0x01,0x00,0x1F,0x00,0x00,0x0077,0x028D,0x033E,0x00,0x40,0x04,180,10,180:0040:0275:03B0:00AF|181:0040:0275:03AF:009F|182:0040:0275:03AE:008F|183:0040:0275:0361:007F|184:0040:0265:0356:0073|185:0040:0275:0362:006F|186:0040:0295:0341:0067|187:0040:0285:033F:0067|188:0040:0295:0340:0077|189:0040:0285:033E:0077
round3_castle,0xDD,3642,0x0002,0x0003,0x0000,0x01,0x003F,0x0000,0x0001,actor_2c8,8,0x10C4C8,0x01,0x94,0x01,0x00,0x01,0x00,0x00,0x0069,0x028D,0x033E,0x00,0x40,0x00,220,19,220:0040:025D:026B:0057|221:0040:026D:026C:0057|222:0040:0295:0345:0057|223:0040:0285:0343:0057|224:0040:0275:0365:0057|225:0040:0295:0344:0067|226:0040:0285:0342:0067|227:0040:0275:0364:0067|228:0040:0265:0356:0062|229:0040:0275:0363:0077
round3_castle,0xDD,3644,0x0002,0x0003,0x0000,0x01,0x003F,0x0000,0x0001,actor_2c8,8,0x10C4C8,0x01,0x93,0x01,0x00,0x01,0x00,0x00,0x006B,0x028D,0x033E,0x00,0x40,0x00,220,19,220:0040:025D:026B:0059|221:0040:026D:026C:0059|222:0040:0295:0341:0059|223:0040:0285:033F:0059|224:0040:0275:0365:0059|225:0040:0295:0340:0069|226:0040:0285:033E:0069|227:0040:0275:0364:0069|228:0040:0265:0356:0064|229:0040:0275:0363:0079
round3_castle,0xDD,3646,0x0002,0x0003,0x0000,0x01,0x003F,0x0000,0x0001,actor_2c8,8,0x10C4C8,0x01,0x93,0x01,0x00,0x01,0x00,0x00,0x006D,0x028D,0x033E,0x00,0x40,0x00,220,19,220:0040:025D:026B:005B|221:0040:026D:026C:005B|222:0040:0295:0341:005B|223:0040:0285:033F:005B|224:0040:0275:0365:005B|225:0040:0295:0340:006B|226:0040:0285:033E:006B|227:0040:0275:0364:006B|228:0040:0265:0356:0066|229:0040:0275:0363:007B
round3_castle,0xDD,3648,0x0002,0x0003,0x0000,0x01,0x003F,0x0000,0x0001,actor_2c8,4,0x10C3C8,0x01,0xA2,0x01,0x00,0x1F,0x00,0x00,0x0077,0x028D,0x033E,0x00,0x40,0x04,180,10,180:0040:027D:03AB:0067|181:0040:027D:03AA:0057|182:0040:0275:035D:0077|183:0040:0265:0356:0072|184:0040:0275:035E:0067|185:0040:0295:0341:0067|186:0040:0285:033F:0067|187:0040:0295:0340:0077|188:0040:0285:033E:0077
round3_castle,0xDD,3648,0x0002,0x0003,0x0000,0x01,0x003F,0x0000,0x0001,actor_2c8,8,0x10C4C8,0x01,0x93,0x00,0x00,0x02,0x00,0x00,0x006D,0x028D,0x033E,0x00,0x40,0x00,220,19,220:0040:025D:026B:005D|221:0040:026D:026C:005D|222:0040:0295:0341:005D|223:0040:0285:033F:005D|224:0040:0275:0365:005D|225:0040:0295:0340:006D|226:0040:0285:033E:006D|227:0040:0275:0364:006D|228:0040:0265:0356:0068|229:0040:0275:0363:007D
round3_castle,0xDD,3652,0x0002,0x0003,0x0000,0x01,0x003F,0x0000,0x0001,actor_2c8,4,0x10C3C8,0x01,0xA1,0x01,0x00,0x1F,0x00,0x00,0x0077,0x028D,0x033E,0x00,0x40,0x04,180,10,180:0040:025D:03A2:0067|181:0040:026D:03A3:0067|182:0040:0275:0357:0077|183:0040:0265:0356:0072|184:0040:0275:0358:0067|185:0040:0295:0341:0067|186:0040:0285:033F:0067|187:0040:0295:0340:0077|188:0040:0285:033E:0077
round3_castle,0xDD,3656,0x0002,0x0003,0x0000,0x01,0x003F,0x0000,0x0001,actor_2c8,8,0x10C4C8,0x01,0x94,0x00,0x00,0x02,0x00,0x00,0x005F,0x028D,0x033E,0x01,0x40,0x00,220,19,220:0040:025D:026B:0051|221:0040:026D:026C:0051|222:0040:0295:0345:0051|223:0040:0285:0343:0051|224:0040:0275:0365:0051|225:0040:0295:0344:0061|226:0040:0285:0342:0061|227:0040:0275:0364:0061|228:0040:0265:0356:005C|229:0040:0275:0363:0071
round3_castle,0xDD,3658,0x0002,0x0003,0x0000,0x01,0x003F,0x0000,0x0001,actor_2c8,4,0x10C3C8,0x01,0x93,0x01,0x00,0x1F,0x00,0x00,0x0077,0x028D,0x033E,0x00,0x40,0x04,180,10,180:0040:025D:03A2:0067|181:0040:026D:03A3:0067|182:0040:0295:0341:0067|183:0040:0285:033F:0067|184:0040:0275:0365:0067|185:0040:0295:0340:0077|186:0040:0285:033E:0077|187:0040:0275:0364:0077|188:0040:0265:0356:0072|189:0040:0275:0363:0087
round3_castle,0xDD,3658,0x0002,0x0003,0x0000,0x01,0x003F,0x0000,0x0001,actor_2c8,8,0x10C4C8,0x01,0x94,0x00,0x00,0x02,0x00,0x00,0x005D,0x028D,0x033E,0x01,0x40,0x00,220,19,220:0040:025D:026B:004D|221:0040:026D:026C:004D|222:0040:0295:0345:004D|223:0040:0285:0343:004D|224:0040:0275:0365:004D|225:0040:0295:0344:005D|226:0040:0285:0342:005D|227:0040:0275:0364:005D|228:0040:0265:0356:0058|229:0040:0275:0363:006D
round3_castle,0xDD,3660,0x0002,0x0003,0x0000,0x01,0x003F,0x0000,0x0001,actor_2c8,4,0x10C3C8,0x01,0xA1,0x01,0x00,0x1F,0x00,0x00,0x0077,0x028D,0x033E,0x00,0x40,0x04,180,10,180:0040:025D:03A2:0067|181:0040:026D:03A3:0067|182:0040:0295:0341:0067|183:0040:0285:033F:0067|184:0040:0275:0365:0067|185:0040:0295:0340:0077|186:0040:0285:033E:0077|187:0040:0275:0364:0077|188:0040:0265:0356:0072|189:0040:0275:0363:0087
round3_castle,0xDD,3660,0x0002,0x0003,0x0000,0x01,0x003F,0x0000,0x0001,actor_2c8,8,0x10C4C8,0x01,0x95,0x00,0x00,0x02,0x00,0x00,0x0059,0x028D,0x033E,0x01,0x40,0x00,220,19,220:0040:025D:026B:004B|221:0040:026D:026C:004B|222:0040:0295:0349:004B|223:0040:0285:0347:004B|224:0040:0275:0365:004B|225:0040:0295:0348:005B|226:0040:0285:0346:005B|227:0040:0275:0364:005B|228:0040:0265:0356:0056|229:0040:0275:0363:006B
round3_castle,0xDD,3662,0x0002,0x0003,0x0000,0x01,0x003F,0x0000,0x0001,actor_2c8,8,0x10C4C8,0x01,0x95,0x00,0x00,0x02,0x00,0x00,0x0055,0x028D,0x033E,0x01,0x40,0x00,220,19,220:0040:025D:026B:0047|221:0040:026D:026C:0047|222:0040:0295:0349:0047|223:0040:0285:0347:0047|224:0040:0275:0365:0047|225:0040:0295:0348:0057|226:0040:0285:0346:0057|227:0040:0275:0364:0057|228:0040:0265:0356:0052|229:0040:0275:0363:0067
round3_castle,0xDD,3664,0x0002,0x0003,0x0000,0x01,0x003F,0x0000,0x0001,actor_2c8,8,0x10C4C8,0x01,0x95,0x00,0x00,0x02,0x00,0x00,0x0053,0x028D,0x033E,0x01,0x40,0x00,220,19,220:0040:025D:026B:0045|221:0040:026D:026C:0045|222:0040:0295:0349:0045|223:0040:0285:0347:0045|224:0040:0275:0365:0045|225:0040:0295:0348:0055|226:0040:0285:0346:0055|227:0040:0275:0364:0055|228:0040:0265:0356:0050|229:0040:0275:0363:0065
round3_castle,0xDD,3666,0x0002,0x0003,0x0000,0x01,0x003F,0x0000,0x0001,actor_2c8,4,0x10C3C8,0x01,0xA3,0x01,0x00,0x1F,0x00,0x00,0x0077,0x0287,0x033E,0x00,0x40,0x04,180,10,180:0040:0262:03A4:004F|181:0040:0262:03A5:005F|182:0040:0272:03A6:005F|183:0040:0272:0359:0077|184:0040:0262:0356:0072|185:0040:0272:035A:0067|186:0040:0292:0341:0067|187:0040:0282:033F:0067|188:0040:0292:0340:0077|189:0040:0282:033E:0077
round3_castle,0xDD,3666,0x0002,0x0003,0x0000,0x01,0x003F,0x0000,0x0001,actor_2c8,6,0x10C448,0x01,0x1E,0x00,0x00,0x0F,0x00,0x00,0x00DB,0x0267,0x0A5A,0x00,0x00,0x02,200,10,200:4000:0262:0A67:00D2
round3_castle,0xDD,3666,0x0002,0x0003,0x0000,0x01,0x003F,0x0000,0x0001,actor_2c8,8,0x10C4C8,0x01,0x95,0x00,0x00,0x02,0x00,0x00,0x004F,0x0287,0x033E,0x01,0x40,0x00,220,19,220:0040:025A:026B:0041|221:0040:026A:026C:0041|222:0040:0292:0349:0041|223:0040:0282:0347:0041|224:0040:0272:0365:0041|225:0040:0292:0348:0051|226:0040:0282:0346:0051|227:0040:0272:0364:0051|228:0040:0262:0356:004C|229:0040:0272:0363:0061
round3_castle,0xDD,3668,0x0002,0x0003,0x0000,0x01,0x003F,0x0000,0x0001,actor_2c8,4,0x10C3C8,0x01,0xA3,0x01,0x00,0x1F,0x00,0x00,0x0077,0x0281,0x033E,0x00,0x40,0x04,180,10,180:0040:026C:03A9:005F|181:0040:026C:03A8:004F|182:0040:025C:03A7:0047|183:0040:026C:035B:0077|184:0040:025C:0356:0072|185:0040:026C:035C:0067|186:0040:028C:0341:0067|187:0040:027C:033F:0067|188:0040:028C:0340:0077|189:0040:027C:033E:0077
round3_castle,0xDD,3668,0x0002,0x0003,0x0000,0x01,0x003F,0x0000,0x0001,actor_2c8,6,0x10C448,0x01,0x1E,0x00,0x00,0x0F,0x00,0x00,0x00DB,0x0161,0x0A5A,0x00,0x00,0x02,200,10,200:4000:025C:0A67:00D2
round3_castle,0xDD,3668,0x0002,0x0003,0x0000,0x01,0x003F,0x0000,0x0001,actor_2c8,8,0x10C4C8,0x01,0x94,0x00,0x00,0x02,0x00,0x00,0x004D,0x0281,0x033E,0x01,0x40,0x00,220,19,220:0040:0254:026B:003D|221:0040:0264:026C:003D|222:0040:028C:0345:003D|223:0040:027C:0343:003D|224:0040:026C:0365:003D|225:0040:028C:0344:004D|226:0040:027C:0342:004D|227:0040:026C:0364:004D|228:0040:025C:0356:0048|229:0040:026C:0363:005D
round3_castle,0xDD,3670,0x0002,0x0003,0x0000,0x01,0x003F,0x0000,0x0001,actor_2c8,4,0x10C3C8,0x01,0xA4,0x01,0x00,0x1F,0x00,0x00,0x0077,0x0279,0x033E,0x00,0x40,0x04,180,10,180:0040:026D:03AB:0067|181:0040:026D:03AA:0057|182:0040:0265:035D:0077|183:0040:0255:0356:0072|184:0040:0265:035E:0067|185:0040:0285:0341:0067|186:0040:0275:033F:0067|187:0040:0285:0340:0077|188:0040:0275:033E:0077
round3_castle,0xDD,3670,0x0002,0x0003,0x0000,0x01,0x003F,0x0000,0x0001,actor_2c8,6,0x10C448,0x01,0x1E,0x00,0x00,0x0F,0x00,0x00,0x00DB,0x0159,0x0A5A,0x00,0x00,0x02,200,10,200:4000:0155:0A67:00D2
round3_castle,0xDD,3670,0x0002,0x0003,0x0000,0x01,0x003F,0x0000,0x0001,actor_2c8,8,0x10C4C8,0x01,0x94,0x00,0x00,0x02,0x00,0x00,0x0049,0x0279,0x033E,0x01,0x40,0x00,220,19,220:0040:024D:026B:003B|221:0040:025D:026C:003B|222:0040:0285:0345:003B|223:0040:0275:0343:003B|224:0040:0265:0365:003B|225:0040:0285:0344:004B|226:0040:0275:0342:004B|227:0040:0265:0364:004B|228:0040:0255:0356:0046|229:0040:0265:0363:005B
round3_castle,0xDD,3672,0x0002,0x0003,0x0000,0x01,0x003F,0x0000,0x0001,actor_2c8,4,0x10C3C8,0x01,0xA5,0x01,0x00,0x1F,0x00,0x00,0x0077,0x0279,0x033E,0x00,0x40,0x04,180,10,180:0040:0269:03AB:0067|181:0040:0269:03AA:0057|182:0040:0261:035D:0077|183:0040:0251:0356:0072|184:0040:0261:035E:0067|185:0040:0281:0341:0067|186:0040:0271:033F:0067|187:0040:0281:0340:0077|188:0040:0271:033E:0077
round3_castle,0xDD,3672,0x0002,0x0003,0x0000,0x01,0x003F,0x0000,0x0001,actor_2c8,6,0x10C448,0x01,0x1E,0x00,0x00,0x0F,0x00,0x00,0x00DB,0x0059,0x0A5A,0x00,0x00,0x02,200,10,200:4000:0051:0A67:00D2
round3_castle,0xDD,3672,0x0002,0x0003,0x0000,0x01,0x003F,0x0000,0x0001,actor_2c8,8,0x10C4C8,0x01,0x94,0x00,0x00,0x02,0x00,0x00,0x0045,0x0279,0x033E,0x01,0x40,0x00,220,19,220:0040:0249:026B:0037|221:0040:0259:026C:0037|222:0040:0281:0345:0037|223:0040:0271:0343:0037|224:0040:0261:0365:0037|225:0040:0281:0344:0047|226:0040:0271:0342:0047|227:0040:0261:0364:0047|228:0040:0251:0356:0042|229:0040:0261:0363:0057
round3_castle,0xDD,3674,0x0002,0x0003,0x0000,0x01,0x003F,0x0000,0x0001,actor_2c8,4,0x10C3C8,0x01,0xA5,0x01,0x00,0x1F,0x00,0x00,0x0077,0x0279,0x033E,0x00,0x40,0x04,180,10,180:0040:0269:03AC:007F|181:0040:0271:03AD:0087|182:0040:0261:035F:0077|183:0040:0251:0356:0072|184:0040:0261:0360:0067|185:0040:0281:0341:0067|186:0040:0271:033F:0067|187:0040:0281:0340:0077|188:0040:0271:033E:0077
round3_castle,0xDD,3674,0x0002,0x0003,0x0000,0x01,0x003F,0x0000,0x0001,actor_2c8,8,0x10C4C8,0x01,0x94,0x01,0x00,0x01,0x00,0x00,0x0047,0x0279,0x033E,0x00,0x40,0x00,220,19,220:0040:0249:026B:0035|221:0040:0259:026C:0035|222:0040:0281:0345:0035|223:0040:0271:0343:0035|224:0040:0261:0365:0035|225:0040:0281:0344:0045|226:0040:0271:0342:0045|227:0040:0261:0364:0045|228:0040:0251:0356:0040|229:0040:0261:0363:0055
round3_castle,0xDD,3676,0x0002,0x0003,0x0000,0x01,0x003F,0x0000,0x0001,actor_2c8,4,0x10C3C8,0x01,0xA6,0x01,0x00,0x1F,0x00,0x00,0x0077,0x0279,0x033E,0x00,0x40,0x04,180,10,180:0040:0261:03B0:00AF|181:0040:0261:03AF:009F|182:0040:0261:03AE:008F|183:0040:0261:0361:007F|184:0040:0251:0356:0073|185:0040:0261:0362:006F|186:0040:0281:0341:0067|187:0040:0271:033F:0067|188:0040:0281:0340:0077|189:0040:0271:033E:0077
round3_castle,0xDD,3676,0x0002,0x0003,0x0000,0x01,0x003F,0x0000,0x0001,actor_2c8,6,0x10C448,0x01,0x1E,0x00,0x00,0x0F,0x00,0x00,0x00DB,0x0159,0x0A5A,0x00,0x00,0x02,200,10,200:4000:0151:0A67:00D2
round3_castle,0xDD,3676,0x0002,0x0003,0x0000,0x01,0x003F,0x0000,0x0001,actor_2c8,8,0x10C4C8,0x01,0x93,0x01,0x00,0x01,0x00,0x00,0x004B,0x0279,0x033E,0x00,0x40,0x00,220,19,220:0040:0249:026B:0039|221:0040:0259:026C:0039|222:0040:0281:0341:0039|223:0040:0271:033F:0039|224:0040:0261:0365:0039|225:0040:0281:0340:0049|226:0040:0271:033E:0049|227:0040:0261:0364:0049|228:0040:0251:0356:0044|229:0040:0261:0363:0059
round3_castle,0xDD,3678,0x0002,0x0003,0x0000,0x01,0x003F,0x0000,0x0001,actor_2c8,6,0x10C448,0x01,0x1E,0x00,0x00,0x0F,0x00,0x00,0x00DB,0x0259,0x0A5A,0x00,0x00,0x02,200,10,200:4000:0251:0A67:00D2
round3_castle,0xDD,3678,0x0002,0x0003,0x0000,0x01,0x003F,0x0000,0x0001,actor_2c8,8,0x10C4C8,0x01,0x93,0x01,0x00,0x01,0x00,0x00,0x004D,0x0279,0x033E,0x00,0x40,0x00,220,19,220:0040:0249:026B:003D|221:0040:0259:026C:003D|222:0040:0281:0341:003D|223:0040:0271:033F:003D|224:0040:0261:0365:003D|225:0040:0281:0340:004D|226:0040:0271:033E:004D|227:0040:0261:0364:004D|228:0040:0251:0356:0048|229:0040:0261:0363:005D
round3_castle,0xDD,3682,0x0002,0x0003,0x0000,0x01,0x003F,0x0000,0x0001,actor_2c8,8,0x10C4C8,0x01,0xA1,0x01,0x00,0x1F,0x00,0x00,0x004D,0x0279,0x033E,0x00,0x40,0x00,220,19,220:0040:0249:026B:003D|221:0040:0259:026C:003D|222:0040:0281:0341:003D|223:0040:0271:033F:003D|224:0040:0261:0365:003D|225:0040:0281:0340:004D|226:0040:0271:033E:004D|227:0040:0261:0364:004D|228:0040:0251:0356:0048|229:0040:0261:0363:005D
round3_castle,0xDD,3684,0x0002,0x0003,0x0000,0x01,0x003F,0x0000,0x0001,actor_2c8,4,0x10C3C8,0x01,0xA4,0x01,0x00,0x1F,0x00,0x00,0x0077,0x0279,0x033E,0x00,0x40,0x04,180,10,180:0040:0269:03AC:007F|181:0040:0271:03AD:0087|182:0040:0261:035F:0077|183:0040:0251:0356:0072|184:0040:0261:0360:0067|185:0040:0281:0341:0067|186:0040:0271:033F:0067|187:0040:0281:0340:0077|188:0040:0271:033E:0077
round3_castle,0xDD,3684,0x0002,0x0003,0x0000,0x01,0x003F,0x0000,0x0001,actor_2c8,8,0x10C4C8,0x01,0xA1,0x01,0x00,0x1F,0x00,0x00,0x004D,0x0279,0x033E,0x00,0x40,0x00,220,19,220:0040:0249:026B:003D|221:0040:0259:026C:003D|222:0040:0261:0357:004D|223:0040:0251:0356:0048|224:0040:0261:0358:003D|225:0040:0281:0341:003D|226:0040:0271:033F:003D|227:0040:0281:0340:004D|228:0040:0271:033E:004D
round3_castle,0xDD,3686,0x0002,0x0003,0x0000,0x01,0x003F,0x0000,0x0001,actor_2c8,4,0x10C3C8,0x01,0xA4,0x01,0x00,0x1F,0x00,0x00,0x0077,0x0279,0x033E,0x00,0x40,0x04,180,10,180:0040:0269:03AB:0067|181:0040:0269:03AA:0057|182:0040:0261:035D:0077|183:0040:0251:0356:0072|184:0040:0261:035E:0067|185:0040:0281:0341:0067|186:0040:0271:033F:0067|187:0040:0281:0340:0077|188:0040:0271:033E:0077
round3_castle,0xDD,3686,0x0002,0x0003,0x0000,0x01,0x003F,0x0000,0x0001,actor_2c8,8,0x10C4C8,0x01,0xA2,0x01,0x00,0x1F,0x00,0x00,0x004D,0x0279,0x033E,0x00,0x40,0x00,220,19,220:0040:0251:026E:002D|221:0040:0261:026D:0035|222:0040:0261:0359:004D|223:0040:0251:0356:0048|224:0040:0261:035A:003D|225:0040:0281:0341:003D|226:0040:0271:033F:003D|227:0040:0281:0340:004D|228:0040:0271:033E:004D
round3_castle,0xDD,3688,0x0002,0x0003,0x0000,0x01,0x003F,0x0000,0x0001,actor_2c8,4,0x10C3C8,0x01,0xA2,0x01,0x00,0x1F,0x00,0x00,0x0077,0x0279,0x033E,0x00,0x40,0x04,180,10,180:0040:0251:03A4:004F|181:0040:0251:03A5:005F|182:0040:0261:03A6:005F|183:0040:0261:0359:0077|184:0040:0251:0356:0072|185:0040:0261:035A:0067|186:0040:0281:0341:0067|187:0040:0271:033F:0067|188:0040:0281:0340:0077|189:0040:0271:033E:0077
round3_castle,0xDD,3688,0x0002,0x0003,0x0000,0x01,0x003F,0x0000,0x0001,actor_2c8,8,0x10C4C8,0x01,0xA3,0x01,0x00,0x1F,0x00,0x00,0x004D,0x0279,0x033E,0x00,0x40,0x00,220,19,220:0040:0251:026E:002D|221:0040:0261:026D:0035|222:0040:0261:0359:004D|223:0040:0251:0356:0048|224:0040:0261:035A:003D|225:0040:0281:0341:003D|226:0040:0271:033F:003D|227:0040:0281:0340:004D|228:0040:0271:033E:004D
round3_castle,0xDD,3690,0x0002,0x0003,0x0000,0x01,0x003F,0x0000,0x0001,actor_2c8,4,0x10C3C8,0x01,0xA1,0x01,0x00,0x1F,0x00,0x00,0x0077,0x0279,0x033E,0x00,0x40,0x04,180,10,180:0040:0251:03A4:004F|181:0040:0251:03A5:005F|182:0040:0261:03A6:005F|183:0040:0261:0359:0077|184:0040:0251:0356:0072|185:0040:0261:035A:0067|186:0040:0281:0341:0067|187:0040:0271:033F:0067|188:0040:0281:0340:0077|189:0040:0271:033E:0077
round3_castle,0xDD,3690,0x0002,0x0003,0x0000,0x01,0x003F,0x0000,0x0001,actor_2c8,8,0x10C4C8,0x01,0xA3,0x01,0x00,0x1F,0x00,0x00,0x004D,0x0279,0x033E,0x00,0x40,0x00,220,19,220:0040:0261:026F:0035|221:0040:0261:0270:0025|222:0040:0261:035B:004D|223:0040:0251:0356:0048|224:0040:0261:035C:003D|225:0040:0281:0341:003D|226:0040:0271:033F:003D|227:0040:0281:0340:004D|228:0040:0271:033E:004D
round3_castle,0xDD,3692,0x0002,0x0003,0x0000,0x01,0x003F,0x0000,0x0001,actor_2c8,4,0x10C3C8,0x01,0xA1,0x01,0x00,0x1F,0x00,0x00,0x0077,0x0279,0x033E,0x00,0x40,0x04,180,10,180:0040:0249:03A2:0067|181:0040:0259:03A3:0067|182:0040:0261:0357:0077|183:0040:0251:0356:0072|184:0040:0261:0358:0067|185:0040:0281:0341:0067|186:0040:0271:033F:0067|187:0040:0281:0340:0077|188:0040:0271:033E:0077
round3_castle,0xDD,3692,0x0002,0x0003,0x0000,0x01,0x003F,0x0000,0x0001,actor_2c8,8,0x10C4C8,0x01,0xA4,0x01,0x00,0x1F,0x00,0x00,0x004D,0x0279,0x033E,0x00,0x40,0x00,220,19,220:0040:0269:0271:003D|221:0040:0261:035D:004D|222:0040:0251:0356:0048|223:0040:0261:035E:003D|224:0040:0281:0341:003D|225:0040:0271:033F:003D|226:0040:0281:0340:004D|227:0040:0271:033E:004D
round3_castle,0xDD,3694,0x0002,0x0003,0x0000,0x01,0x003F,0x0000,0x0001,actor_2c8,4,0x10C3C8,0x01,0x95,0x01,0x00,0x01,0x00,0x00,0x0079,0x0279,0x033E,0x00,0x40,0x04,180,10,180:0040:0249:03A2:0067|181:0040:0259:03A3:0067|182:0040:0261:0357:0077|183:0040:0251:0356:0072|184:0040:0261:0358:0067|185:0040:0281:0341:0067|186:0040:0271:033F:0067|187:0040:0281:0340:0077|188:0040:0271:033E:0077
round3_castle,0xDD,3694,0x0002,0x0003,0x0000,0x01,0x003F,0x0000,0x0001,actor_2c8,8,0x10C4C8,0x01,0xA5,0x01,0x00,0x1F,0x00,0x00,0x004D,0x0279,0x033E,0x00,0x40,0x00,220,19,220:0040:0269:0271:003D|221:0040:0261:035D:004D|222:0040:0251:0356:0048|223:0040:0261:035E:003D|224:0040:0281:0341:003D|225:0040:0271:033F:003D|226:0040:0281:0340:004D|227:0040:0271:033E:004D
round3_castle,0xDD,3696,0x0002,0x0003,0x0000,0x01,0x003F,0x0000,0x0001,actor_2c8,4,0x10C3C8,0x01,0x95,0x01,0x00,0x01,0x00,0x00,0x007B,0x0279,0x033E,0x00,0x40,0x04,180,10,180:0040:0249:03A2:0069|181:0040:0259:03A3:0069|182:0040:0281:0349:0069|183:0040:0271:0347:0069|184:0040:0261:0365:0069|185:0040:0281:0348:0079|186:0040:0271:0346:0079|187:0040:0261:0364:0079|188:0040:0251:0356:0074|189:0040:0261:0363:0089
round3_castle,0xDD,3696,0x0002,0x0003,0x0000,0x01,0x003F,0x0000,0x0001,actor_2c8,8,0x10C4C8,0x01,0xA5,0x01,0x00,0x1F,0x00,0x00,0x004D,0x0279,0x033E,0x00,0x40,0x00,220,19,220:0040:0269:0272:0055|221:0040:0261:035F:004D|222:0040:0251:0356:0048|223:0040:0261:0360:003D|224:0040:0281:0341:003D|225:0040:0271:033F:003D|226:0040:0281:0340:004D|227:0040:0271:033E:004D
round3_castle,0xDD,3698,0x0002,0x0003,0x0000,0x01,0x003F,0x0000,0x0001,actor_2c8,4,0x10C3C8,0x01,0x95,0x01,0x00,0x01,0x00,0x00,0x007D,0x0279,0x033E,0x00,0x40,0x04,180,10,180:0040:0249:03A2:006B|181:0040:0259:03A3:006B|182:0040:0281:0349:006B|183:0040:0271:0347:006B|184:0040:0261:0365:006B|185:0040:0281:0348:007B|186:0040:0271:0346:007B|187:0040:0261:0364:007B|188:0040:0251:0356:0076|189:0040:0261:0363:008B
round3_castle,0xDD,3698,0x0002,0x0003,0x0000,0x01,0x003F,0x0000,0x0001,actor_2c8,8,0x10C4C8,0x01,0xA6,0x01,0x00,0x1F,0x00,0x00,0x004D,0x0279,0x033E,0x00,0x40,0x00,220,19,220:0040:0261:0273:0075|221:0040:0261:0274:0065|222:0040:0261:0361:0055|223:0040:0251:0356:0049|224:0040:0261:0362:0045|225:0040:0281:0341:003D|226:0040:0271:033F:003D|227:0040:0281:0340:004D|228:0040:0271:033E:004D
round3_castle,0xDD,3700,0x0002,0x0003,0x0000,0x01,0x003F,0x0000,0x0001,actor_2c8,4,0x10C3C8,0x01,0x94,0x01,0x00,0x01,0x00,0x00,0x007F,0x0279,0x033E,0x00,0x40,0x04,180,10,180:0040:0249:03A2:006D|181:0040:0259:03A3:006D|182:0040:0281:0345:006D|183:0040:0271:0343:006D|184:0040:0261:0365:006D|185:0040:0281:0344:007D|186:0040:0271:0342:007D|187:0040:0261:0364:007D|188:0040:0251:0356:0078|189:0040:0261:0363:008D
round3_castle,0xDD,3702,0x0002,0x0003,0x0000,0x01,0x003F,0x0000,0x0001,actor_2c8,4,0x10C3C8,0x01,0x94,0x01,0x00,0x01,0x00,0x00,0x007F,0x0279,0x033E,0x00,0x40,0x04,180,10,180:0040:0249:03A2:006F|181:0040:0259:03A3:006F|182:0040:0281:0345:006F|183:0040:0271:0343:006F|184:0040:0261:0365:006F|185:0040:0281:0344:007F|186:0040:0271:0342:007F|187:0040:0261:0364:007F|188:0040:0251:0356:007A|189:0040:0261:0363:008F
round3_castle,0xDD,3704,0x0002,0x0003,0x0000,0x01,0x003F,0x0000,0x0001,actor_2c8,4,0x10C3C8,0x01,0x97,0x01,0x00,0x1F,0x00,0x00,0x007F,0x0279,0x033E,0x00,0x40,0x04,180,10,180:0040:0258:03A2:006F|181:0040:0268:03A3:006F|182:0040:027A:038C:006F|183:0040:026A:038A:006F|184:0040:027A:038B:007F|185:0040:026A:0389:007F
round3_castle,0xDD,3706,0x0002,0x0003,0x0000,0x01,0x003F,0x0000,0x0001,actor_2c8,8,0x10C4C8,0x01,0xA4,0x01,0x00,0x1F,0x00,0x00,0x004D,0x0279,0x033E,0x00,0x40,0x00,220,19,220:0040:0269:0272:0055|221:0040:0261:035F:004D|222:0040:0251:0356:0048|223:0040:0261:0360:003D|224:0040:0281:0341:003D|225:0040:0271:033F:003D|226:0040:0281:0340:004D|227:0040:0271:033E:004D
round3_castle,0xDD,3710,0x0002,0x0003,0x0000,0x01,0x003F,0x0000,0x0001,actor_2c8,4,0x10C3C8,0x01,0x98,0x01,0x00,0x1F,0x00,0x00,0x007F,0x0279,0x033E,0x00,0x40,0x04,180,10,180:0040:0260:03A4:0057|181:0040:0260:03A5:0067|182:0040:0270:03A6:0067|183:0040:027A:0390:006F|184:0040:026A:038E:006F|185:0040:027A:038F:007F|186:0040:026A:038D:007F
round3_castle,0xDD,3712,0x0002,0x0003,0x0000,0x01,0x003F,0x0000,0x0001,actor_2c8,4,0x10C3C8,0x01,0x99,0x01,0x00,0x1F,0x00,0x00,0x007F,0x0279,0x033E,0x00,0x40,0x04,180,10,180:0040:0260:03A4:0057|181:0040:0260:03A5:0067|182:0040:0270:03A6:0067|183:0040:027A:0390:006F|184:0040:026A:038E:006F|185:0040:027A:038F:007F|186:0040:026A:038D:007F
round3_castle,0xDD,3712,0x0002,0x0003,0x0000,0x01,0x003F,0x0000,0x0001,actor_2c8,8,0x10C4C8,0x01,0xA1,0x01,0x00,0x1F,0x00,0x00,0x004D,0x0279,0x033E,0x00,0x40,0x00,220,19,220:0040:0251:026E:002D|221:0040:0261:026D:0035|222:0040:0261:0359:004D|223:0040:0251:0356:0048|224:0040:0261:035A:003D|225:0040:0281:0341:003D|226:0040:0271:033F:003D|227:0040:0281:0340:004D|228:0040:0271:033E:004D
round3_castle,0xDD,3714,0x0002,0x0003,0x0000,0x01,0x003F,0x0000,0x0001,actor_2c8,4,0x10C3C8,0x01,0x99,0x01,0x00,0x1F,0x00,0x00,0x007F,0x0279,0x033E,0x00,0x40,0x04,180,10,180:0040:0270:03A9:0067|181:0040:0270:03A8:0057|182:0040:0260:03A7:004F|183:0040:027A:0394:006F|184:0040:026A:0392:006F|185:0040:027A:0393:007F|186:0040:026A:0391:007F
round3_castle,0xDD,3716,0x0002,0x0003,0x0000,0x01,0x003F,0x0000,0x0001,actor_2c8,4,0x10C3C8,0x01,0x9A,0x01,0x00,0x1F,0x00,0x00,0x007F,0x0279,0x033E,0x00,0x40,0x04,180,10,180:0040:0279:03AB:006F|181:0040:0279:03AA:005F|182:0040:027A:0398:006F|183:0040:026A:0396:006F|184:0040:027A:0397:007F|185:0040:026A:0395:007F
round3_castle,0xDD,3718,0x0002,0x0003,0x0000,0x01,0x003F,0x0000,0x0001,actor_2c8,4,0x10C3C8,0x01,0x9B,0x01,0x00,0x1F,0x00,0x00,0x007F,0x0279,0x033E,0x00,0x40,0x04,180,10,180:0040:0279:03AB:006F|181:0040:0279:03AA:005F|182:0040:027A:0398:006F|183:0040:026A:0396:006F|184:0040:027A:0397:007F|185:0040:026A:0395:007F
round3_castle,0xDD,3718,0x0002,0x0003,0x0000,0x01,0x003F,0x0000,0x0001,actor_2c8,8,0x10C4C8,0x01,0x93,0x01,0x00,0x1F,0x00,0x00,0x004D,0x0279,0x033E,0x00,0x40,0x00,220,19,220:0040:0249:026B:003D|221:0040:0259:026C:003D|222:0040:0261:0357:004D|223:0040:0251:0356:0048|224:0040:0261:0358:003D|225:0040:0281:0341:003D|226:0040:0271:033F:003D|227:0040:0281:0340:004D|228:0040:0271:033E:004D
round3_castle,0xDD,3720,0x0002,0x0003,0x0000,0x01,0x003F,0x0000,0x0001,actor_2c8,4,0x10C3C8,0x01,0x9B,0x01,0x00,0x1F,0x00,0x00,0x007F,0x0279,0x033E,0x00,0x40,0x04,180,10,180:0040:0278:03AC:0087|181:0040:0280:03AD:008F|182:0040:027A:039C:006F|183:0040:026A:039A:006F|184:0040:027A:039B:007F|185:0040:026A:0399:007F
round3_castle,0xDD,3722,0x0002,0x0003,0x0000,0x01,0x003F,0x0000,0x0001,actor_2c8,4,0x10C3C8,0x01,0x9C,0x01,0x00,0x1F,0x00,0x00,0x007F,0x0279,0x033E,0x00,0x40,0x04,180,10,180:0040:0271:03B0:00B7|181:0040:0271:03AF:00A7|182:0040:0271:03AE:0097|183:0040:027A:03A0:006F|184:0040:026A:039E:0077|185:0040:027A:039F:007F|186:0040:026A:039D:0087
round3_castle,0xDD,3724,0x0002,0x0003,0x0000,0x01,0x003F,0x0000,0x0001,actor_2c8,8,0x10C4C8,0x01,0xA2,0x01,0x00,0x1F,0x00,0x00,0x004D,0x0279,0x033E,0x00,0x40,0x00,220,19,220:0040:0249:026B:003D|221:0040:0259:026C:003D|222:0040:0261:0357:004D|223:0040:0251:0356:0048|224:0040:0261:0358:003D|225:0040:0281:0341:003D|226:0040:0271:033F:003D|227:0040:0281:0340:004D|228:0040:0271:033E:004D
round3_castle,0xDD,3730,0x0002,0x0003,0x0000,0x01,0x003F,0x0000,0x0001,actor_2c8,4,0x10C3C8,0x01,0x9A,0x01,0x00,0x1F,0x00,0x00,0x007F,0x0279,0x033E,0x00,0x40,0x04,180,10,180:0040:0278:03AC:0087|181:0040:0280:03AD:008F|182:0040:027A:039C:006F|183:0040:026A:039A:006F|184:0040:027A:039B:007F|185:0040:026A:0399:007F
round3_castle,0xDD,3730,0x0002,0x0003,0x0000,0x01,0x003F,0x0000,0x0001,actor_2c8,8,0x10C4C8,0x01,0xA4,0x01,0x00,0x1F,0x00,0x00,0x004D,0x0279,0x033E,0x00,0x40,0x00,220,19,220:0040:0261:026F:0035|221:0040:0261:0270:0025|222:0040:0261:035B:004D|223:0040:0251:0356:0048|224:0040:0261:035C:003D|225:0040:0281:0341:003D|226:0040:0271:033F:003D|227:0040:0281:0340:004D|228:0040:0271:033E:004D
round3_castle,0xDD,3736,0x0002,0x0003,0x0000,0x01,0x003F,0x0000,0x0001,actor_2c8,4,0x10C3C8,0x01,0x97,0x01,0x00,0x1F,0x00,0x00,0x007F,0x0279,0x033E,0x00,0x40,0x04,180,10,180:0040:0260:03A4:0057|181:0040:0260:03A5:0067|182:0040:0270:03A6:0067|183:0040:027A:0390:006F|184:0040:026A:038E:006F|185:0040:027A:038F:007F|186:0040:026A:038D:007F
round3_castle,0xDD,3736,0x0002,0x0003,0x0000,0x01,0x003F,0x0000,0x0001,actor_2c8,8,0x10C4C8,0x01,0xA6,0x01,0x00,0x1F,0x00,0x00,0x004D,0x0279,0x033E,0x00,0x40,0x00,220,19,220:0040:0269:0272:0055|221:0040:0261:035F:004D|222:0040:0251:0356:0048|223:0040:0261:0360:003D|224:0040:0281:0341:003D|225:0040:0271:033F:003D|226:0040:0281:0340:004D|227:0040:0271:033E:004D
round3_castle,0xDD,3742,0x0002,0x0003,0x0000,0x01,0x003F,0x0000,0x0001,actor_2c8,8,0x10C4C8,0x01,0xA5,0x01,0x00,0x1F,0x00,0x00,0x004D,0x0279,0x033E,0x00,0x40,0x00,220,19,220:0040:0261:0273:0075|221:0040:0261:0274:0065|222:0040:0261:0361:0055|223:0040:0251:0356:0049|224:0040:0261:0362:0045|225:0040:0281:0341:003D|226:0040:0271:033F:003D|227:0040:0281:0340:004D|228:0040:0271:033E:004D
round3_castle,0xDD,3748,0x0002,0x0003,0x0000,0x01,0x003F,0x0000,0x0001,actor_2c8,4,0x10C3C8,0x01,0x98,0x01,0x00,0x1F,0x00,0x00,0x007F,0x0279,0x033E,0x00,0x40,0x04,180,10,180:0040:0258:03A2:006F|181:0040:0268:03A3:006F|182:0040:027A:038C:006F|183:0040:026A:038A:006F|184:0040:027A:038B:007F|185:0040:026A:0389:007F
round3_castle,0xDD,3748,0x0002,0x0003,0x0000,0x01,0x003F,0x0000,0x0001,actor_2c8,8,0x10C4C8,0x01,0xA2,0x01,0x00,0x1F,0x00,0x00,0x004D,0x0279,0x033E,0x00,0x40,0x00,220,19,220:0040:0269:0271:003D|221:0040:0261:035D:004D|222:0040:0251:0356:0048|223:0040:0261:035E:003D|224:0040:0281:0341:003D|225:0040:0271:033F:003D|226:0040:0281:0340:004D|227:0040:0271:033E:004D
round3_castle,0xDD,3754,0x0002,0x0003,0x0000,0x01,0x003F,0x0000,0x0001,actor_2c8,4,0x10C3C8,0x01,0x9A,0x01,0x00,0x1F,0x00,0x00,0x007F,0x0279,0x033E,0x00,0x40,0x04,180,10,180:0040:0270:03A9:0067|181:0040:0270:03A8:0057|182:0040:0260:03A7:004F|183:0040:027A:0394:006F|184:0040:026A:0392:006F|185:0040:027A:0393:007F|186:0040:026A:0391:007F
round3_castle,0xDD,3756,0x0002,0x0003,0x0000,0x01,0x003F,0x0000,0x0001,actor_2c8,8,0x10C4C8,0x01,0x95,0x01,0x00,0x01,0x00,0x00,0x0051,0x0279,0x033E,0x00,0x40,0x00,220,19,220:0040:0249:026B:003F|221:0040:0259:026C:003F|222:0040:0281:0349:003F|223:0040:0271:0347:003F|224:0040:0261:0365:003F|225:0040:0281:0348:004F|226:0040:0271:0346:004F|227:0040:0261:0364:004F|228:0040:0251:0356:004A|229:0040:0261:0363:005F
round3_castle,0xDD,3758,0x0002,0x0003,0x0000,0x01,0x003F,0x0000,0x0001,actor_2c8,8,0x10C4C8,0x01,0x95,0x01,0x00,0x01,0x00,0x00,0x0055,0x0279,0x033E,0x00,0x40,0x00,220,19,220:0040:0249:026B:0043|221:0040:0259:026C:0043|222:0040:0281:0349:0043|223:0040:0271:0347:0043|224:0040:0261:0365:0043|225:0040:0281:0348:0053|226:0040:0271:0346:0053|227:0040:0261:0364:0053|228:0040:0251:0356:004E|229:0040:0261:0363:0063
round3_castle,0xDD,3760,0x0002,0x0003,0x0000,0x01,0x003F,0x0000,0x0001,actor_2c8,4,0x10C3C8,0x01,0x9C,0x01,0x00,0x1F,0x00,0x00,0x007F,0x0279,0x033E,0x00,0x40,0x04,180,10,180:0040:0278:03AC:0087|181:0040:0280:03AD:008F|182:0040:027A:039C:006F|183:0040:026A:039A:006F|184:0040:027A:039B:007F|185:0040:026A:0399:007F
round3_castle,0xDD,3760,0x0002,0x0003,0x0000,0x01,0x003F,0x0000,0x0001,actor_2c8,8,0x10C4C8,0x01,0x95,0x01,0x00,0x01,0x00,0x00,0x0057,0x0279,0x033E,0x00,0x40,0x00,220,19,220:0040:0249:026B:0045|221:0040:0259:026C:0045|222:0040:0281:0349:0045|223:0040:0271:0347:0045|224:0040:0261:0365:0045|225:0040:0281:0348:0055|226:0040:0271:0346:0055|227:0040:0261:0364:0055|228:0040:0251:0356:0050|229:0040:0261:0363:0065
round3_castle,0xDD,3762,0x0002,0x0003,0x0000,0x01,0x003F,0x0000,0x0001,actor_2c8,8,0x10C4C8,0x01,0x95,0x01,0x00,0x01,0x00,0x00,0x005B,0x0279,0x033E,0x00,0x40,0x00,220,19,220:0040:0249:026B:0049|221:0040:0259:026C:0049|222:0040:0281:0349:0049|223:0040:0271:0347:0049|224:0040:0261:0365:0049|225:0040:0281:0348:0059|226:0040:0271:0346:0059|227:0040:0261:0364:0059|228:0040:0251:0356:0054|229:0040:0261:0363:0069
round3_castle,0xDD,3764,0x0002,0x0003,0x0000,0x01,0x003F,0x0000,0x0001,actor_2c8,8,0x10C4C8,0x01,0x94,0x01,0x00,0x01,0x00,0x00,0x005D,0x0279,0x033E,0x00,0x40,0x00,220,19,220:0040:0249:026B:004D|221:0040:0259:026C:004D|222:0040:0281:0345:004D|223:0040:0271:0343:004D|224:0040:0261:0365:004D|225:0040:0281:0344:005D|226:0040:0271:0342:005D|227:0040:0261:0364:005D|228:0040:0251:0356:0058|229:0040:0261:0363:006D
round3_castle,0xDD,3766,0x0002,0x0003,0x0000,0x01,0x003F,0x0000,0x0001,actor_2c8,4,0x10C3C8,0x01,0x9B,0x01,0x00,0x1F,0x00,0x00,0x007F,0x0279,0x033E,0x00,0x40,0x04,180,10,180:0040:0271:03B0:00B7|181:0040:0271:03AF:00A7|182:0040:0271:03AE:0097|183:0040:027A:03A0:006F|184:0040:026A:039E:0077|185:0040:027A:039F:007F|186:0040:026A:039D:0087
round3_castle,0xDD,3766,0x0002,0x0003,0x0000,0x01,0x003F,0x0000,0x0001,actor_2c8,8,0x10C4C8,0x01,0x94,0x01,0x00,0x01,0x00,0x00,0x0061,0x0279,0x033E,0x00,0x40,0x00,220,19,220:0040:0249:026B:004F|221:0040:0259:026C:004F|222:0040:0281:0345:004F|223:0040:0271:0343:004F|224:0040:0261:0365:004F|225:0040:0281:0344:005F|226:0040:0271:0342:005F|227:0040:0261:0364:005F|228:0040:0251:0356:005A|229:0040:0261:0363:006F
round3_castle,0xDD,3768,0x0002,0x0003,0x0000,0x01,0x003F,0x0000,0x0001,actor_2c8,8,0x10C4C8,0x01,0x94,0x01,0x00,0x01,0x00,0x00,0x0065,0x0279,0x033E,0x00,0x40,0x00,220,19,220:0040:0249:026B:0053|221:0040:0259:026C:0053|222:0040:0281:0345:0053|223:0040:0271:0343:0053|224:0040:0261:0365:0053|225:0040:0281:0344:0063|226:0040:0271:0342:0063|227:0040:0261:0364:0063|228:0040:0251:0356:005E|229:0040:0261:0363:0073
round3_castle,0xDD,3770,0x0002,0x0003,0x0000,0x01,0x003F,0x0000,0x0001,actor_2c8,8,0x10C4C8,0x01,0x97,0x01,0x00,0x1F,0x00,0x00,0x0065,0x0279,0x033E,0x00,0x40,0x00,220,19,220:0040:0249:026B:0055|221:0040:0259:026C:0055|222:0040:0281:0345:0055|223:0040:0271:0343:0055|224:0040:0261:0365:0055|225:0040:0281:0344:0065|226:0040:0271:0342:0065|227:0040:0261:0364:0065|228:0040:0251:0356:0060|229:0040:0261:0363:0075
round3_castle,0xDD,3772,0x0002,0x0003,0x0000,0x01,0x003F,0x0000,0x0001,actor_2c8,4,0x10C3C8,0x01,0x98,0x01,0x00,0x1F,0x00,0x00,0x007F,0x0279,0x033E,0x00,0x40,0x04,180,10,180:0040:0279:03AB:006F|181:0040:0279:03AA:005F|182:0040:027A:0398:006F|183:0040:026A:0396:006F|184:0040:027A:0397:007F|185:0040:026A:0395:007F
round3_castle,0xDD,3772,0x0002,0x0003,0x0000,0x01,0x003F,0x0000,0x0001,actor_2c8,8,0x10C4C8,0x01,0x97,0x01,0x00,0x1F,0x00,0x00,0x0065,0x0279,0x033E,0x00,0x40,0x00,220,19,220:0040:0258:026B:0055|221:0040:0268:026C:0055|222:0040:027A:038C:0055|223:0040:026A:038A:0055|224:0040:027A:038B:0065|225:0040:026A:0389:0065
round3_castle,0xDD,3776,0x0002,0x0003,0x0000,0x01,0x003F,0x0000,0x0001,actor_2c8,8,0x10C4C8,0x01,0x98,0x01,0x00,0x1F,0x00,0x00,0x0065,0x0279,0x033E,0x00,0x40,0x00,220,19,220:0040:0258:026B:0055|221:0040:0268:026C:0055|222:0040:027A:038C:0055|223:0040:026A:038A:0055|224:0040:027A:038B:0065|225:0040:026A:0389:0065
round3_castle,0xDD,3778,0x0002,0x0003,0x0000,0x01,0x003F,0x0000,0x0001,actor_2c8,8,0x10C4C8,0x01,0x98,0x01,0x00,0x1F,0x00,0x00,0x0065,0x0279,0x033E,0x00,0x40,0x00,220,19,220:0040:0260:026E:0045|221:0040:0270:026D:004D|222:0040:027A:0390:0055|223:0040:026A:038E:0055|224:0040:027A:038F:0065|225:0040:026A:038D:0065
round3_castle,0xDD,3780,0x0002,0x0003,0x0000,0x01,0x003F,0x0000,0x0001,actor_2c8,8,0x10C4C8,0x01,0x99,0x01,0x00,0x1F,0x00,0x00,0x0065,0x0279,0x033E,0x00,0x40,0x00,220,19,220:0040:0270:026F:004D|221:0040:0270:0270:003D|222:0040:027A:0394:0055|223:0040:026A:0392:0055|224:0040:027A:0393:0065|225:0040:026A:0391:0065
round3_castle,0xDD,3782,0x0002,0x0003,0x0000,0x01,0x003F,0x0000,0x0001,actor_2c8,8,0x10C4C8,0x01,0x9A,0x01,0x00,0x1F,0x00,0x00,0x0065,0x0279,0x033E,0x00,0x40,0x00,220,19,220:0040:0270:026F:004D|221:0040:0270:0270:003D|222:0040:027A:0394:0055|223:0040:026A:0392:0055|224:0040:027A:0393:0065|225:0040:026A:0391:0065
round3_castle,0xDD,3784,0x0002,0x0003,0x0000,0x01,0x003F,0x0000,0x0001,actor_2c8,8,0x10C4C8,0x01,0x9A,0x01,0x00,0x1F,0x00,0x00,0x0065,0x0279,0x033E,0x00,0x40,0x00,220,19,220:0040:0279:0271:0055|221:0040:027A:0398:0055|222:0040:026A:0396:0055|223:0040:027A:0397:0065|224:0040:026A:0395:0065
round3_castle,0xDD,3786,0x0002,0x0003,0x0000,0x01,0x003F,0x0000,0x0001,actor_2c8,8,0x10C4C8,0x01,0x9B,0x01,0x00,0x1F,0x00,0x00,0x0065,0x0279,0x033E,0x00,0x40,0x00,220,19,220:0040:0278:0272:005D|221:0040:027A:039C:0055|222:0040:026A:039A:0055|223:0040:027A:039B:0065|224:0040:026A:0399:0065
round3_castle,0xDD,3788,0x0002,0x0003,0x0000,0x01,0x003F,0x0000,0x0001,actor_2c8,8,0x10C4C8,0x01,0x9C,0x01,0x00,0x1F,0x00,0x00,0x0065,0x0279,0x033E,0x00,0x40,0x00,220,19,220:0040:0278:0272:005D|221:0040:027A:039C:0055|222:0040:026A:039A:0055|223:0040:027A:039B:0065|224:0040:026A:0399:0065
round3_castle,0xDD,3790,0x0002,0x0003,0x0000,0x01,0x003F,0x0000,0x0001,actor_2c8,8,0x10C4C8,0x01,0x9C,0x01,0x00,0x1F,0x00,0x00,0x0065,0x0279,0x033E,0x00,0x40,0x00,220,19,220:0040:0271:0273:008D|221:0040:0271:0274:007D|222:0040:027A:03A0:0055|223:0040:026A:039E:005D|224:0040:027A:039F:0065|225:0040:026A:039D:006D
round3_castle,0xDD,3794,0x0002,0x0003,0x0000,0x01,0x003F,0x0000,0x0001,actor_2c8,8,0x10C4C8,0x01,0x9B,0x01,0x00,0x1F,0x00,0x00,0x0065,0x0279,0x033E,0x00,0x40,0x00,220,19,220:0040:0271:0273:008D|221:0040:0271:0274:007D|222:0040:027A:03A0:0055|223:0040:026A:039E:005D|224:0040:027A:039F:0065|225:0040:026A:039D:006D
round3_castle,0xDD,3800,0x0002,0x0003,0x0000,0x01,0x003F,0x0000,0x0001,actor_2c8,8,0x10C4C8,0x01,0x98,0x01,0x00,0x1F,0x00,0x00,0x0065,0x0279,0x033E,0x00,0x40,0x00,220,19,220:0040:0279:0271:0055|221:0040:027A:0398:0055|222:0040:026A:0396:0055|223:0040:027A:0397:0065|224:0040:026A:0395:0065
round3_castle,0xDD,3818,0x0002,0x0003,0x0000,0x01,0x003F,0x0000,0x0001,actor_2c8,4,0x10C3C8,0x01,0x94,0x01,0x00,0x01,0x00,0x00,0x0081,0x0279,0x033E,0x00,0x40,0x04,180,10,180:0040:0258:03A2:006F|181:0040:0268:03A3:006F|182:0040:027A:038C:006F|183:0040:026A:038A:006F|184:0040:027A:038B:007F|185:0040:026A:0389:007F
round3_castle,0xDD,3818,0x0002,0x0003,0x0000,0x01,0x003F,0x0000,0x0001,actor_2c8,8,0x10C4C8,0x01,0x99,0x01,0x00,0x1F,0x00,0x00,0x0065,0x0279,0x033E,0x00,0x40,0x00,220,19,220:0040:0260:026E:0045|221:0040:0270:026D:004D|222:0040:027A:0390:0055|223:0040:026A:038E:0055|224:0040:027A:038F:0065|225:0040:026A:038D:0065
round3_castle,0xDD,3820,0x0002,0x0003,0x0000,0x01,0x003F,0x0000,0x0001,actor_2c8,4,0x10C3C8,0x01,0x95,0x01,0x00,0x01,0x00,0x00,0x0083,0x0279,0x033E,0x00,0x40,0x04,180,10,180:0040:0249:03A2:0071|181:0040:0259:03A3:0071|182:0040:0281:0349:0071|183:0040:0271:0347:0071|184:0040:0261:0365:0071|185:0040:0281:0348:0081|186:0040:0271:0346:0081|187:0040:0261:0364:0081|188:0040:0251:0356:007C|189:0040:0261:0363:0091
round3_castle,0xDD,3822,0x0002,0x0003,0x0000,0x01,0x003F,0x0000,0x0001,actor_2c8,4,0x10C3C8,0x01,0x95,0x01,0x00,0x01,0x00,0x00,0x0085,0x0279,0x033E,0x00,0x40,0x04,180,10,180:0040:0249:03A2:0073|181:0040:0259:03A3:0073|182:0040:0281:0349:0073|183:0040:0271:0347:0073|184:0040:0261:0365:0073|185:0040:0281:0348:0083|186:0040:0271:0346:0083|187:0040:0261:0364:0083|188:0040:0251:0356:007E|189:0040:0261:0363:0093
round3_castle,0xDD,3824,0x0002,0x0003,0x0000,0x01,0x003F,0x0000,0x0001,actor_2c8,4,0x10C3C8,0x01,0x95,0x01,0x00,0x01,0x00,0x00,0x0087,0x0279,0x033E,0x00,0x40,0x04,180,10,180:0040:0249:03A2:0075|181:0040:0259:03A3:0075|182:0040:0281:0349:0075|183:0040:0271:0347:0075|184:0040:0261:0365:0075|185:0040:0281:0348:0085|186:0040:0271:0346:0085|187:0040:0261:0364:0085|188:0040:0251:0356:0080|189:0040:0261:0363:0095
round3_castle,0xDD,3824,0x0002,0x0003,0x0000,0x01,0x003F,0x0000,0x0001,actor_2c8,8,0x10C4C8,0x01,0x9B,0x01,0x00,0x1F,0x00,0x00,0x0065,0x0279,0x033E,0x00,0x40,0x00,220,19,220:0040:0279:0271:0055|221:0040:027A:0398:0055|222:0040:026A:0396:0055|223:0040:027A:0397:0065|224:0040:026A:0395:0065
round3_castle,0xDD,3826,0x0002,0x0003,0x0000,0x01,0x003F,0x0000,0x0001,actor_2c8,4,0x10C3C8,0x01,0x95,0x01,0x00,0x01,0x00,0x00,0x0087,0x0279,0x033E,0x00,0x40,0x04,180,10,180:0040:0249:03A2:0077|181:0040:0259:03A3:0077|182:0040:0281:0349:0077|183:0040:0271:0347:0077|184:0040:0261:0365:0077|185:0040:0281:0348:0087|186:0040:0271:0346:0087|187:0040:0261:0364:0087|188:0040:0251:0356:0082|189:0040:0261:0363:0097
round3_castle,0xDD,3828,0x0002,0x0003,0x0000,0x01,0x003F,0x0000,0x0001,actor_2c8,4,0x10C3C8,0x01,0x94,0x01,0x00,0x01,0x00,0x00,0x0089,0x0279,0x033E,0x00,0x40,0x04,180,10,180:0040:0249:03A2:0079|181:0040:0259:03A3:0079|182:0040:0281:0345:0079|183:0040:0271:0343:0079|184:0040:0261:0365:0079|185:0040:0281:0344:0089|186:0040:0271:0342:0089|187:0040:0261:0364:0089|188:0040:0251:0356:0084|189:0040:0261:0363:0099
round3_castle,0xDD,3830,0x0002,0x0003,0x0000,0x01,0x003F,0x0000,0x0001,actor_2c8,4,0x10C3C8,0x01,0x94,0x01,0x00,0x01,0x00,0x00,0x008B,0x0279,0x033E,0x00,0x40,0x04,180,10,180:0040:0249:03A2:007B|181:0040:0259:03A3:007B|182:0040:0281:0345:007B|183:0040:0271:0343:007B|184:0040:0261:0365:007B|185:0040:0281:0344:008B|186:0040:0271:0342:008B|187:0040:0261:0364:008B|188:0040:0251:0356:0086|189:0040:0261:0363:009B
round3_castle,0xDD,3832,0x0002,0x0003,0x0000,0x01,0x003F,0x0000,0x0001,actor_2c8,4,0x10C3C8,0x01,0x94,0x01,0x00,0x01,0x00,0x00,0x008D,0x0279,0x033E,0x00,0x40,0x04,180,10,180:0040:0249:03A2:007D|181:0040:0259:03A3:007D|182:0040:0281:0345:007D|183:0040:0271:0343:007D|184:0040:0261:0365:007D|185:0040:0281:0344:008D|186:0040:0271:0342:008D|187:0040:0261:0364:008D|188:0040:0251:0356:0088|189:0040:0261:0363:009D
round3_castle,0xDD,3834,0x0002,0x0003,0x0000,0x01,0x003F,0x0000,0x0001,actor_2c8,4,0x10C3C8,0x01,0x94,0x01,0x00,0x01,0x00,0x00,0x008F,0x0279,0x033E,0x00,0x40,0x04,180,10,180:0040:0249:03A2:007F|181:0040:0259:03A3:007F|182:0040:0281:0345:007F|183:0040:0271:0343:007F|184:0040:0261:0365:007F|185:0040:0281:0344:008F|186:0040:0271:0342:008F|187:0040:0261:0364:008F|188:0040:0251:0356:008A|189:0040:0261:0363:009F
round3_castle,0xDD,3836,0x0002,0x0003,0x0000,0x01,0x003F,0x0000,0x0001,actor_2c8,4,0x10C3C8,0x01,0x96,0x01,0x00,0x05,0x00,0x00,0x008F,0x0276,0x033E,0x00,0x40,0x04,180,10,180:0040:0249:03A2:007F|181:0040:0259:03A3:007F|182:0040:0281:0341:007F|183:0040:0271:033F:007F|184:0040:0261:0365:007F|185:0040:0281:0340:008F|186:0040:0271:033E:008F|187:0040:0261:0364:008F|188:0040:0251:0356:008A|189:0040:0261:0363:009F
round3_castle,0xDD,3836,0x0002,0x0003,0x0000,0x01,0x003F,0x0000,0x0001,actor_2c8,8,0x10C4C8,0x01,0x9A,0x01,0x00,0x1F,0x00,0x00,0x0065,0x0279,0x033E,0x00,0x40,0x00,220,19,220:0040:0278:0272:005D|221:0040:027A:039C:0055|222:0040:026A:039A:0055|223:0040:027A:039B:0065|224:0040:026A:0399:0065
round3_castle,0xDD,3838,0x0002,0x0003,0x0000,0x01,0x003F,0x0000,0x0001,actor_2c8,4,0x10C3C8,0x01,0x96,0x01,0x00,0x05,0x00,0x00,0x0090,0x0272,0x033E,0x00,0x40,0x04,180,10,180:0040:0246:03A2:007F|181:0040:0256:03A3:007F|182:0040:027E:0385:007F|183:0040:026E:0383:007F|184:0040:025E:0365:007F|185:0040:026E:0382:008F|186:0040:025E:0387:008F|187:0040:024E:0356:008B|188:0040:025E:0386:009F|189:0040:024E:0388:0097
round3_castle,0xDD,3840,0x0002,0x0003,0x0000,0x01,0x003F,0x0000,0x0001,actor_2c8,4,0x10C3C8,0x01,0x96,0x01,0x00,0x05,0x00,0x00,0x0091,0x026F,0x033E,0x00,0x40,0x04,180,10,180:0040:0242:03A2:0080|181:0040:0252:03A3:0080|182:0040:027A:0385:0080|183:0040:026A:0383:0080|184:0040:025A:0365:0080|185:0040:026A:0382:0090|186:0040:025A:0387:0090|187:0040:024A:0356:008C|188:0040:025A:0386:00A0|189:0040:024A:0388:0098
round3_castle,0xDD,3842,0x0002,0x0003,0x0000,0x01,0x003F,0x0000,0x0001,actor_2c8,4,0x10C3C8,0x01,0x96,0x01,0x00,0x05,0x00,0x00,0x0092,0x026C,0x033E,0x00,0x40,0x04,180,10,180:0040:023F:03A2:0081|181:0040:024F:03A3:0081|182:0040:0277:0385:0081|183:0040:0267:0383:0081|184:0040:0257:0365:0081|185:0040:0267:0382:0091|186:0040:0257:0387:0091|187:0040:0247:0356:008D|188:0040:0257:0386:00A1|189:0040:0247:0388:0099
round3_castle,0xDD,3842,0x0002,0x0003,0x0000,0x01,0x003F,0x0000,0x0001,actor_2c8,8,0x10C4C8,0x01,0x97,0x01,0x00,0x1F,0x00,0x00,0x0065,0x0279,0x033E,0x00,0x40,0x00,220,19,220:0040:0260:026E:0045|221:0040:0270:026D:004D|222:0040:027A:0390:0055|223:0040:026A:038E:0055|224:0040:027A:038F:0065|225:0040:026A:038D:0065
round3_castle,0xDD,3844,0x0002,0x0003,0x0000,0x01,0x003F,0x0000,0x0001,actor_2c8,4,0x10C3C8,0x01,0x96,0x01,0x00,0x05,0x00,0x00,0x0094,0x0269,0x033E,0x00,0x40,0x04,180,10,180:0040:023C:03A2:0082|181:0040:024C:03A3:0082|182:0040:0274:0385:0082|183:0040:0264:0383:0082|184:0040:0254:0365:0082|185:0040:0264:0382:0092|186:0040:0254:0387:0092|187:0040:0244:0356:008E|188:0040:0254:0386:00A2|189:0040:0244:0388:009A
round3_castle,0xDD,3846,0x0002,0x0003,0x0000,0x01,0x003F,0x0000,0x0001,actor_2c8,4,0x10C3C8,0x01,0x96,0x01,0x00,0x05,0x00,0x00,0x0096,0x0266,0x033E,0x00,0x40,0x04,180,10,180:0040:0239:03A2:0084|181:0040:0249:03A3:0084|182:0040:0271:0385:0084|183:0040:0261:0383:0084|184:0040:0251:0365:0084|185:0040:0261:0382:0094|186:0040:0251:0387:0094|187:0040:0241:0356:0090|188:0040:0251:0386:00A4|189:0040:0241:0388:009C
round3_castle,0xDD,3846,0x0002,0x0003,0x0000,0x01,0x003F,0x0000,0x0001,actor_2c8,6,0x10C448,0x01,0x94,0x00,0x00,0x02,0x00,0x00,0x014D,0x0039,0x033E,0x00,0x40,0x00,200,10,
round3_castle,0xDD,3848,0x0002,0x0003,0x0000,0x01,0x003F,0x0000,0x0001,actor_2c8,4,0x10C3C8,0x01,0x96,0x01,0x00,0x05,0x00,0x00,0x0099,0x0263,0x033E,0x00,0x40,0x04,180,10,180:0040:0236:03A2:0086|181:0040:0246:03A3:0086|182:0040:026E:0385:0086|183:0040:025E:0383:0086|184:0040:024E:0365:0086|185:0040:025E:0382:0096|186:0040:024E:0387:0096|187:0040:023E:0356:0092|188:0040:024E:0386:00A6|189:0040:023E:0388:009E
round3_castle,0xDD,3848,0x0002,0x0003,0x0000,0x01,0x003F,0x0000,0x0001,actor_2c8,6,0x10C448,0x01,0x94,0x00,0x00,0x02,0x00,0x00,0x014B,0x0039,0x033E,0x00,0x40,0x00,200,10,200:4040:0009:026B:014C|201:4040:0019:026C:014C|202:4040:0041:0345:014C|203:4040:0031:0343:014C|204:4040:0021:0365:014C|205:4040:0041:0344:013C|206:4040:0031:0342:013C|207:4040:0021:0364:013C|208:4040:0011:0356:0141|209:4040:0021:0363:012C
round3_castle,0xDD,3850,0x0002,0x0003,0x0000,0x01,0x003F,0x0000,0x0001,actor_2c8,4,0x10C3C8,0x01,0x96,0x01,0x00,0x05,0x00,0x00,0x009C,0x0260,0x033E,0x00,0x40,0x04,180,10,180:0040:0233:03A2:0089|181:0040:0243:03A3:0089|182:0040:026B:0385:0089|183:0040:025B:0383:0089|184:0040:024B:0365:0089|185:0040:025B:0382:0099|186:0040:024B:0387:0099|187:0040:023B:0356:0095|188:0040:024B:0386:00A9|189:0040:023B:0388:00A1
round3_castle,0xDD,3850,0x0002,0x0003,0x0000,0x01,0x003F,0x0000,0x0001,actor_2c8,6,0x10C448,0x01,0x94,0x00,0x00,0x02,0x00,0x00,0x0149,0x0039,0x033E,0x00,0x40,0x00,200,10,200:4040:0009:026B:014A|201:4040:0019:026C:014A|202:4040:0041:0345:014A|203:4040:0031:0343:014A|204:4040:0021:0365:014A|205:4040:0041:0344:013A|206:4040:0031:0342:013A|207:4040:0021:0364:013A|208:4040:0011:0356:013F|209:4040:0021:0363:012A
round3_castle,0xDD,3852,0x0002,0x0003,0x0000,0x01,0x003F,0x0000,0x0001,actor_2c8,4,0x10C3C8,0x01,0x96,0x01,0x00,0x05,0x00,0x00,0x009F,0x025E,0x033E,0x00,0x40,0x04,180,10,180:0040:0230:03A2:008C|181:0040:0240:03A3:008C|182:0040:0268:0385:008C|183:0040:0258:0383:008C|184:0040:0248:0365:008C|185:0040:0258:0382:009C|186:0040:0248:0387:009C|187:0040:0238:0356:0098|188:0040:0248:0386:00AC|189:0040:0238:0388:00A4
round3_castle,0xDD,3852,0x0002,0x0003,0x0000,0x01,0x003F,0x0000,0x0001,actor_2c8,6,0x10C448,0x01,0x95,0x00,0x00,0x02,0x00,0x00,0x0147,0x0039,0x033E,0x00,0x40,0x00,200,10,200:4040:0009:026B:0148|201:4040:0019:026C:0148|202:4040:0041:0349:0148|203:4040:0031:0347:0148|204:4040:0021:0365:0148|205:4040:0041:0348:0138|206:4040:0031:0346:0138|207:4040:0021:0364:0138|208:4040:0011:0356:013D|209:4040:0021:0363:0128
round3_castle,0xDD,3854,0x0002,0x0003,0x0000,0x01,0x003F,0x0000,0x0001,actor_2c8,4,0x10C3C8,0x01,0x96,0x01,0x00,0x05,0x00,0x00,0x00A2,0x025C,0x033E,0x00,0x40,0x04,180,10,180:0040:022E:03A2:008F|181:0040:023E:03A3:008F|182:0040:0266:0385:008F|183:0040:0256:0383:008F|184:0040:0246:0365:008F|185:0040:0256:0382:009F|186:0040:0246:0387:009F|187:0040:0236:0356:009B|188:0040:0246:0386:00AF|189:0040:0236:0388:00A7
round3_castle,0xDD,3854,0x0002,0x0003,0x0000,0x01,0x003F,0x0000,0x0001,actor_2c8,6,0x10C448,0x01,0x95,0x00,0x00,0x02,0x00,0x00,0x0147,0x0039,0x033E,0x00,0x40,0x00,200,10,200:4040:0009:026B:0146|201:4040:0019:026C:0146|202:4040:0041:0349:0146|203:4040:0031:0347:0146|204:4040:0021:0365:0146|205:4040:0041:0348:0136|206:4040:0031:0346:0136|207:4040:0021:0364:0136|208:4040:0011:0356:013B|209:4040:0021:0363:0126
round3_castle,0xDD,3856,0x0002,0x0003,0x0000,0x01,0x003F,0x0000,0x0001,actor_2c8,4,0x10C3C8,0x01,0x94,0x01,0x00,0x05,0x00,0x00,0x00A5,0x025B,0x033E,0x00,0x40,0x04,180,10,180:0040:022C:03A2:0092|181:0040:023C:03A3:0092|182:0040:0264:0385:0092|183:0040:0254:0383:0092|184:0040:0244:0365:0092|185:0040:0254:0382:00A2|186:0040:0244:0387:00A2|187:0040:0234:0356:009E|188:0040:0244:0386:00B2|189:0040:0234:0388:00AA
round3_castle,0xDD,3856,0x0002,0x0003,0x0000,0x01,0x003F,0x0000,0x0001,actor_2c8,6,0x10C448,0x01,0x95,0x00,0x00,0x02,0x00,0x00,0x0145,0x0039,0x033E,0x00,0x40,0x00,200,10,200:4040:0009:026B:0144|201:4040:0019:026C:0144|202:4040:0041:0349:0144|203:4040:0031:0347:0144|204:4040:0021:0365:0144|205:4040:0041:0348:0134|206:4040:0031:0346:0134|207:4040:0021:0364:0134|208:4040:0011:0356:0139|209:4040:0021:0363:0124
round3_castle,0xDD,3858,0x0002,0x0003,0x0000,0x01,0x003F,0x0000,0x0001,actor_2c8,4,0x10C3C8,0x01,0x94,0x01,0x00,0x05,0x00,0x00,0x00A8,0x025A,0x033E,0x00,0x40,0x04,180,10,180:0040:022B:03A2:0095|181:0040:023B:03A3:0095|182:0040:0263:0345:0095|183:0040:0253:0343:0095|184:0040:0243:0365:0095|185:0040:0263:0344:00A5|186:0040:0253:0342:00A5|187:0040:0243:0364:00A5|188:0040:0233:0356:00A0|189:0040:0243:0363:00B5
round3_castle,0xDD,3858,0x0002,0x0003,0x0000,0x01,0x003F,0x0000,0x0001,actor_2c8,6,0x10C448,0x01,0x95,0x00,0x00,0x02,0x00,0x00,0x0143,0x0039,0x033E,0x00,0x40,0x00,200,10,200:4040:0009:026B:0142|201:4040:0019:026C:0142|202:4040:0041:0349:0142|203:4040:0031:0347:0142|204:4040:0021:0365:0142|205:4040:0041:0348:0132|206:4040:0031:0346:0132|207:4040:0021:0364:0132|208:4040:0011:0356:0137|209:4040:0021:0363:0122
round3_castle,0xDD,3860,0x0002,0x0003,0x0000,0x01,0x003F,0x0000,0x0001,actor_2c8,4,0x10C3C8,0x01,0x93,0x01,0x00,0x05,0x00,0x00,0x00AC,0x0259,0x033E,0x00,0x40,0x04,180,10,180:0040:022A:03A2:0098|181:0040:023A:03A3:0098|182:0040:0262:0345:0098|183:0040:0252:0343:0098|184:0040:0242:0365:0098|185:0040:0262:0344:00A8|186:0040:0252:0342:00A8|187:0040:0242:0364:00A8|188:0040:0232:0356:00A3|189:0040:0242:0363:00B8
round3_castle,0xDD,3860,0x0002,0x0003,0x0000,0x01,0x003F,0x0000,0x0001,actor_2c8,6,0x10C448,0x01,0x94,0x00,0x00,0x02,0x00,0x00,0x0141,0x0039,0x033E,0x00,0x40,0x00,200,10,200:4040:0009:026B:0140|201:4040:0019:026C:0140|202:4040:0041:0345:0140|203:4040:0031:0343:0140|204:4040:0021:0365:0140|205:4040:0041:0344:0130|206:4040:0031:0342:0130|207:4040:0021:0364:0130|208:4040:0011:0356:0135|209:4040:0021:0363:0120
round3_castle,0xDD,3862,0x0002,0x0003,0x0000,0x01,0x003F,0x0000,0x0001,actor_2c8,4,0x10C3C8,0x01,0x93,0x01,0x00,0x05,0x00,0x00,0x00AF,0x0259,0x033E,0x00,0x40,0x04,180,10,180:0040:0229:03A2:009C|181:0040:0239:03A3:009C|182:0040:0261:0341:009C|183:0040:0251:033F:009C|184:0040:0241:0365:009C|185:0040:0261:0340:00AC|186:0040:0251:033E:00AC|187:0040:0241:0364:00AC|188:0040:0231:0356:00A7|189:0040:0241:0363:00BC
round3_castle,0xDD,3862,0x0002,0x0003,0x0000,0x01,0x003F,0x0000,0x0001,actor_2c8,6,0x10C448,0x01,0x94,0x00,0x00,0x02,0x00,0x00,0x013F,0x0039,0x033E,0x00,0x40,0x00,200,10,200:4040:0009:026B:013E|201:4040:0019:026C:013E|202:4040:0041:0345:013E|203:4040:0031:0343:013E|204:4040:0021:0365:013E|205:4040:0041:0344:012E|206:4040:0031:0342:012E|207:4040:0021:0364:012E|208:4040:0011:0356:0133|209:4040:0021:0363:011E
round3_castle,0xDD,3864,0x0002,0x0003,0x0000,0x01,0x003F,0x0000,0x0001,actor_2c8,4,0x10C3C8,0x01,0x93,0x01,0x00,0x05,0x00,0x00,0x00AF,0x0259,0x033E,0x00,0x40,0x04,180,10,180:0040:0229:03A2:009F|181:0040:0239:03A3:009F|182:0040:0261:0341:009F|183:0040:0251:033F:009F|184:0040:0241:0365:009F|185:0040:0261:0340:00AF|186:0040:0251:033E:00AF|187:0040:0241:0364:00AF|188:0040:0231:0356:00AA|189:0040:0241:0363:00BF
round3_castle,0xDD,3866,0x0002,0x0003,0x0000,0x01,0x003F,0x0000,0x0001,actor_2c8,4,0x10C3C8,0x01,0x94,0x01,0x00,0x01,0x00,0x00,0x00B3,0x0259,0x033E,0x01,0x40,0x04,180,10,180:4040:0229:03A2:00B0|181:4040:0239:03A3:00B0|182:4040:0261:0345:00B0|183:4040:0251:0343:00B0|184:4040:0241:0365:00B0|185:4040:0261:0344:00A0|186:4040:0251:0342:00A0|187:4040:0241:0364:00A0|188:4040:0231:0356:00A5|189:4040:0241:0363:0090
round3_castle,0xDD,3866,0x0002,0x0003,0x0000,0x01,0x003F,0x0000,0x0001,actor_2c8,6,0x10C448,0x01,0x94,0x00,0x00,0x02,0x00,0x00,0x013B,0x0039,0x033E,0x00,0x40,0x00,200,10,200:4040:0009:026B:013C|201:4040:0019:026C:013C|202:4040:0041:0345:013C|203:4040:0031:0343:013C|204:4040:0021:0365:013C|205:4040:0041:0344:012C|206:4040:0031:0342:012C|207:4040:0021:0364:012C|208:4040:0011:0356:0131|209:4040:0021:0363:011C
round3_castle,0xDD,3868,0x0002,0x0003,0x0000,0x01,0x003F,0x0000,0x0001,actor_2c8,4,0x10C3C8,0x01,0x93,0x01,0x00,0x01,0x00,0x00,0x00B7,0x0259,0x033E,0x01,0x40,0x04,180,10,180:4040:0229:03A2:00B4|181:4040:0239:03A3:00B4|182:4040:0261:0341:00B4|183:4040:0251:033F:00B4|184:4040:0241:0365:00B4|185:4040:0261:0340:00A4|186:4040:0251:033E:00A4|187:4040:0241:0364:00A4|188:4040:0231:0356:00A9|189:4040:0241:0363:0094
round3_castle,0xDD,3868,0x0002,0x0003,0x0000,0x01,0x003F,0x0000,0x0001,actor_2c8,6,0x10C448,0x01,0x93,0x00,0x00,0x02,0x00,0x00,0x0139,0x0039,0x033E,0x00,0x40,0x00,200,10,200:4040:0009:026B:013A|201:4040:0019:026C:013A|202:4040:0041:0341:013A|203:4040:0031:033F:013A|204:4040:0021:0365:013A|205:4040:0041:0340:012A|206:4040:0031:033E:012A|207:4040:0021:0364:012A|208:4040:0011:0356:012F|209:4040:0021:0363:011A
round3_castle,0xDD,3870,0x0002,0x0003,0x0000,0x01,0x003F,0x0000,0x0001,actor_2c8,4,0x10C3C8,0x01,0x93,0x01,0x00,0x01,0x00,0x00,0x00B9,0x0259,0x033E,0x01,0x40,0x04,180,10,180:4040:0229:03A2:00B8|181:4040:0239:03A3:00B8|182:4040:0261:0341:00B8|183:4040:0251:033F:00B8|184:4040:0241:0365:00B8|185:4040:0261:0340:00A8|186:4040:0251:033E:00A8|187:4040:0241:0364:00A8|188:4040:0231:0356:00AD|189:4040:0241:0363:0098
round3_castle,0xDD,3870,0x0002,0x0003,0x0000,0x01,0x003F,0x0000,0x0001,actor_2c8,6,0x10C448,0x01,0x93,0x00,0x00,0x02,0x00,0x00,0x0137,0x0039,0x033E,0x00,0x40,0x00,200,10,200:4040:0009:026B:0138|201:4040:0019:026C:0138|202:4040:0041:0341:0138|203:4040:0031:033F:0138|204:4040:0021:0365:0138|205:4040:0041:0340:0128|206:4040:0031:033E:0128|207:4040:0021:0364:0128|208:4040:0011:0356:012D|209:4040:0021:0363:0118
round3_castle,0xDD,3872,0x0002,0x0003,0x0000,0x01,0x003F,0x0000,0x0001,actor_2c8,4,0x10C3C8,0x01,0x93,0x01,0x00,0x01,0x00,0x00,0x00BD,0x0259,0x033E,0x01,0x40,0x04,180,10,180:4040:0229:03A2:00BA|181:4040:0239:03A3:00BA|182:4040:0261:0341:00BA|183:4040:0251:033F:00BA|184:4040:0241:0365:00BA|185:4040:0261:0340:00AA|186:4040:0251:033E:00AA|187:4040:0241:0364:00AA|188:4040:0231:0356:00AF|189:4040:0241:0363:009A
round3_castle,0xDD,3872,0x0002,0x0003,0x0000,0x01,0x003F,0x0000,0x0001,actor_2c8,6,0x10C448,0x01,0x93,0x00,0x00,0x02,0x00,0x00,0x0137,0x0039,0x033E,0x00,0x40,0x00,200,10,200:4040:0009:026B:0136|201:4040:0019:026C:0136|202:4040:0041:0341:0136|203:4040:0031:033F:0136|204:4040:0021:0365:0136|205:4040:0041:0340:0126|206:4040:0031:033E:0126|207:4040:0021:0364:0126|208:4040:0011:0356:012B|209:4040:0021:0363:0116
round3_castle,0xDD,3874,0x0002,0x0003,0x0000,0x01,0x003F,0x0000,0x0001,actor_2c8,4,0x10C3C8,0x01,0x93,0x01,0x00,0x01,0x00,0x00,0x00C1,0x0259,0x033E,0x01,0x40,0x04,180,10,180:4040:0229:03A2:00BE|181:4040:0239:03A3:00BE|182:4040:0261:0341:00BE|183:4040:0251:033F:00BE|184:4040:0241:0365:00BE|185:4040:0261:0340:00AE|186:4040:0251:033E:00AE|187:4040:0241:0364:00AE|188:4040:0231:0356:00B3|189:4040:0241:0363:009E
round3_castle,0xDD,3874,0x0002,0x0003,0x0000,0x01,0x003F,0x0000,0x0001,actor_2c8,6,0x10C448,0x01,0x93,0x00,0x00,0x02,0x00,0x00,0x0135,0x0039,0x033E,0x00,0x40,0x00,200,10,200:4040:0009:026B:0134|201:4040:0019:026C:0134|202:4040:0041:0341:0134|203:4040:0031:033F:0134|204:4040:0021:0365:0134|205:4040:0041:0340:0124|206:4040:0031:033E:0124|207:4040:0021:0364:0124|208:4040:0011:0356:0129|209:4040:0021:0363:0114
round3_castle,0xDD,3876,0x0002,0x0003,0x0000,0x01,0x003F,0x0000,0x0001,actor_2c8,4,0x10C3C8,0x01,0x94,0x01,0x00,0x01,0x00,0x00,0x00C3,0x0259,0x033E,0x01,0x40,0x04,180,10,180:4040:0229:03A2:00C0|181:4040:0239:03A3:00C0|182:4040:0261:0345:00C0|183:4040:0251:0343:00C0|184:4040:0241:0365:00C0|185:4040:0261:0344:00B0|186:4040:0251:0342:00B0|187:4040:0241:0364:00B0|188:4040:0231:0356:00B5|189:4040:0241:0363:00A0
round3_castle,0xDD,3876,0x0002,0x0003,0x0000,0x01,0x003F,0x0000,0x0001,actor_2c8,6,0x10C448,0x01,0x94,0x00,0x00,0x02,0x00,0x00,0x0133,0x0039,0x033E,0x00,0x40,0x00,200,10,200:4040:0009:026B:0132|201:4040:0019:026C:0132|202:4040:0041:0345:0132|203:4040:0031:0343:0132|204:4040:0021:0365:0132|205:4040:0041:0344:0122|206:4040:0031:0342:0122|207:4040:0021:0364:0122|208:4040:0011:0356:0127|209:4040:0021:0363:0112
round3_castle,0xDD,3878,0x0002,0x0003,0x0000,0x01,0x003F,0x0000,0x0001,actor_2c8,4,0x10C3C8,0x01,0x94,0x01,0x00,0x01,0x00,0x00,0x00C7,0x0259,0x033E,0x01,0x40,0x04,180,10,180:4040:0229:03A2:00C4|181:4040:0239:03A3:00C4|182:4040:0261:0345:00C4|183:4040:0251:0343:00C4|184:4040:0241:0365:00C4|185:4040:0261:0344:00B4|186:4040:0251:0342:00B4|187:4040:0241:0364:00B4|188:4040:0231:0356:00B9|189:4040:0241:0363:00A4
round3_castle,0xDD,3878,0x0002,0x0003,0x0000,0x01,0x003F,0x0000,0x0001,actor_2c8,6,0x10C448,0x01,0x94,0x00,0x00,0x02,0x00,0x00,0x0131,0x0039,0x033E,0x00,0x40,0x00,200,10,200:4040:0009:026B:0130|201:4040:0019:026C:0130|202:4040:0041:0345:0130|203:4040:0031:0343:0130|204:4040:0021:0365:0130|205:4040:0041:0344:0120|206:4040:0031:0342:0120|207:4040:0021:0364:0120|208:4040:0011:0356:0125|209:4040:0021:0363:0110
round3_castle,0xDD,3880,0x0002,0x0003,0x0000,0x01,0x003F,0x0000,0x0001,actor_2c8,4,0x10C3C8,0x01,0x94,0x01,0x00,0x01,0x00,0x00,0x00C9,0x0259,0x033E,0x01,0x40,0x04,180,10,180:4040:0229:03A2:00C8|181:4040:0239:03A3:00C8|182:4040:0261:0345:00C8|183:4040:0251:0343:00C8|184:4040:0241:0365:00C8|185:4040:0261:0344:00B8|186:4040:0251:0342:00B8|187:4040:0241:0364:00B8|188:4040:0231:0356:00BD|189:4040:0241:0363:00A8
round3_castle,0xDD,3880,0x0002,0x0003,0x0000,0x01,0x003F,0x0000,0x0001,actor_2c8,6,0x10C448,0x01,0x94,0x00,0x00,0x02,0x00,0x00,0x012F,0x0039,0x033E,0x00,0x40,0x00,200,10,200:4040:0009:026B:012E|201:4040:0019:026C:012E|202:4040:0041:0345:012E|203:4040:0031:0343:012E|204:4040:0021:0365:012E|205:4040:0041:0344:011E|206:4040:0031:0342:011E|207:4040:0021:0364:011E|208:4040:0011:0356:0123|209:4040:0021:0363:010E
round3_castle,0xDD,3882,0x0002,0x0003,0x0000,0x01,0x003F,0x0000,0x0001,actor_2c8,4,0x10C3C8,0x01,0x94,0x01,0x00,0x01,0x00,0x00,0x00CD,0x0259,0x033E,0x01,0x40,0x04,180,10,180:4040:0229:03A2:00CA|181:4040:0239:03A3:00CA|182:4040:0261:0345:00CA|183:4040:0251:0343:00CA|184:4040:0241:0365:00CA|185:4040:0261:0344:00BA|186:4040:0251:0342:00BA|187:4040:0241:0364:00BA|188:4040:0231:0356:00BF|189:4040:0241:0363:00AA
round3_castle,0xDD,3884,0x0002,0x0003,0x0000,0x01,0x003F,0x0000,0x0001,actor_2c8,4,0x10C3C8,0x01,0x95,0x01,0x00,0x01,0x00,0x00,0x00D1,0x0259,0x033E,0x01,0x40,0x04,180,10,180:4040:0229:03A2:00CE|181:4040:0239:03A3:00CE|182:4040:0261:0349:00CE|183:4040:0251:0347:00CE|184:4040:0241:0365:00CE|185:4040:0261:0348:00BE|186:4040:0251:0346:00BE|187:4040:0241:0364:00BE|188:4040:0231:0356:00C3|189:4040:0241:0363:00AE
round3_castle,0xDD,3884,0x0002,0x0003,0x0000,0x01,0x003F,0x0000,0x0001,actor_2c8,6,0x10C448,0x01,0x95,0x00,0x00,0x02,0x00,0x00,0x012B,0x0039,0x033E,0x00,0x40,0x00,200,10,200:4040:0009:026B:012C|201:4040:0019:026C:012C|202:4040:0041:0349:012C|203:4040:0031:0347:012C|204:4040:0021:0365:012C|205:4040:0041:0348:011C|206:4040:0031:0346:011C|207:4040:0021:0364:011C|208:4040:0011:0356:0121|209:4040:0021:0363:010C
round3_castle,0xDD,3886,0x0002,0x0003,0x0000,0x01,0x003F,0x0000,0x0001,actor_2c8,4,0x10C3C8,0x01,0x96,0x01,0x00,0x05,0x00,0x00,0x00D1,0x0256,0x033E,0x00,0x40,0x04,180,10,180:4040:0229:03A2:00D0|181:4040:0239:03A3:00D0|182:4040:0261:0349:00D0|183:4040:0251:0347:00D0|184:4040:0241:0365:00D0|185:4040:0261:0348:00C0|186:4040:0251:0346:00C0|187:4040:0241:0364:00C0|188:4040:0231:0356:00C5|189:4040:0241:0363:00B0
round3_castle,0xDD,3886,0x0002,0x0003,0x0000,0x01,0x003F,0x0000,0x0001,actor_2c8,6,0x10C448,0x01,0x95,0x00,0x00,0x02,0x00,0x00,0x0129,0x0039,0x033E,0x00,0x40,0x00,200,10,200:4040:0009:026B:012A|201:4040:0019:026C:012A|202:4040:0041:0349:012A|203:4040:0031:0347:012A|204:4040:0021:0365:012A|205:4040:0041:0348:011A|206:4040:0031:0346:011A|207:4040:0021:0364:011A|208:4040:0011:0356:011F|209:4040:0021:0363:010A
round3_castle,0xDD,3886,0x0002,0x0003,0x0000,0x01,0x003F,0x0000,0x0001,actor_2c8,8,0x10C4C8,0x01,0x95,0x01,0x00,0x01,0x00,0x00,0x0069,0x0279,0x033E,0x00,0x40,0x00,220,19,220:0040:0249:026B:0057|221:0040:0259:026C:0057|222:0040:0281:0349:0057|223:0040:0271:0347:0057|224:0040:0261:0365:0057|225:0040:0281:0348:0067|226:0040:0271:0346:0067|227:0040:0261:0364:0067|228:0040:0251:0356:0062|229:0040:0261:0363:0077
round3_castle,0xDD,3888,0x0002,0x0003,0x0000,0x01,0x003F,0x0000,0x0001,actor_2c8,4,0x10C3C8,0x01,0x96,0x01,0x00,0x05,0x00,0x00,0x00D2,0x0252,0x033E,0x00,0x40,0x04,180,10,180:0040:0226:03A2:00C1|181:0040:0236:03A3:00C1|182:0040:025E:0385:00C1|183:0040:024E:0383:00C1|184:0040:023E:0365:00C1|185:0040:024E:0382:00D1|186:0040:023E:0387:00D1|187:0040:022E:0356:00CD|188:0040:023E:0386:00E1|189:0040:022E:0388:00D9
round3_castle,0xDD,3888,0x0002,0x0003,0x0000,0x01,0x003F,0x0000,0x0001,actor_2c8,6,0x10C448,0x01,0x95,0x00,0x00,0x02,0x00,0x00,0x0127,0x0039,0x033E,0x00,0x40,0x00,200,10,200:4040:0009:026B:0128|201:4040:0019:026C:0128|202:4040:0041:0349:0128|203:4040:0031:0347:0128|204:4040:0021:0365:0128|205:4040:0041:0348:0118|206:4040:0031:0346:0118|207:4040:0021:0364:0118|208:4040:0011:0356:011D|209:4040:0021:0363:0108
round3_castle,0xDD,3888,0x0002,0x0003,0x0000,0x01,0x003F,0x0000,0x0001,actor_2c8,8,0x10C4C8,0x01,0x95,0x01,0x00,0x01,0x00,0x00,0x006D,0x0279,0x033E,0x00,0x40,0x00,220,19,220:0040:0249:026B:005B|221:0040:0259:026C:005B|222:0040:0281:0349:005B|223:0040:0271:0347:005B|224:0040:0261:0365:005B|225:0040:0281:0348:006B|226:0040:0271:0346:006B|227:0040:0261:0364:006B|228:0040:0251:0356:0066|229:0040:0261:0363:007B
round3_castle,0xDD,3890,0x0002,0x0003,0x0000,0x01,0x003F,0x0000,0x0001,actor_2c8,4,0x10C3C8,0x01,0x96,0x01,0x00,0x05,0x00,0x00,0x00D3,0x024F,0x033E,0x00,0x40,0x04,180,10,180:0040:0222:03A2:00C2|181:0040:0232:03A3:00C2|182:0040:025A:0385:00C2|183:0040:024A:0383:00C2|184:0040:023A:0365:00C2|185:0040:024A:0382:00D2|186:0040:023A:0387:00D2|187:0040:022A:0356:00CE|188:0040:023A:0386:00E2|189:0040:022A:0388:00DA
round3_castle,0xDD,3890,0x0002,0x0003,0x0000,0x01,0x003F,0x0000,0x0001,actor_2c8,6,0x10C448,0x01,0x95,0x00,0x00,0x02,0x00,0x00,0x0127,0x0039,0x033E,0x00,0x40,0x00,200,10,200:4040:0009:026B:0126|201:4040:0019:026C:0126|202:4040:0041:0349:0126|203:4040:0031:0347:0126|204:4040:0021:0365:0126|205:4040:0041:0348:0116|206:4040:0031:0346:0116|207:4040:0021:0364:0116|208:4040:0011:0356:011B|209:4040:0021:0363:0106
round3_castle,0xDD,3890,0x0002,0x0003,0x0000,0x01,0x003F,0x0000,0x0001,actor_2c8,8,0x10C4C8,0x01,0x95,0x00,0x00,0x02,0x00,0x00,0x006B,0x0279,0x033E,0x01,0x40,0x00,220,19,220:4040:0249:026B:006C|221:4040:0259:026C:006C|222:4040:0281:0349:006C|223:4040:0271:0347:006C|224:4040:0261:0365:006C|225:4040:0281:0348:005C|226:4040:0271:0346:005C|227:4040:0261:0364:005C|228:4040:0251:0356:0061|229:4040:0261:0363:004C
round3_castle,0xDD,3892,0x0002,0x0003,0x0000,0x01,0x003F,0x0000,0x0001,actor_2c8,4,0x10C3C8,0x01,0x96,0x01,0x00,0x05,0x00,0x00,0x00D4,0x024C,0x033E,0x00,0x40,0x04,180,10,180:0040:021F:03A2:00C3|181:0040:022F:03A3:00C3|182:0040:0257:0385:00C3|183:0040:0247:0383:00C3|184:0040:0237:0365:00C3|185:0040:0247:0382:00D3|186:0040:0237:0387:00D3|187:0040:0227:0356:00CF|188:0040:0237:0386:00E3|189:0040:0227:0388:00DB
round3_castle,0xDD,3892,0x0002,0x0003,0x0000,0x01,0x003F,0x0000,0x0001,actor_2c8,6,0x10C448,0x01,0x94,0x00,0x00,0x02,0x00,0x00,0x0125,0x0039,0x033E,0x00,0x40,0x00,200,10,200:4040:0009:026B:0124|201:4040:0019:026C:0124|202:4040:0041:0345:0124|203:4040:0031:0343:0124|204:4040:0021:0365:0124|205:4040:0041:0344:0114|206:4040:0031:0342:0114|207:4040:0021:0364:0114|208:4040:0011:0356:0119|209:4040:0021:0363:0104
round3_castle,0xDD,3892,0x0002,0x0003,0x0000,0x01,0x003F,0x0000,0x0001,actor_2c8,8,0x10C4C8,0x01,0x94,0x00,0x00,0x02,0x00,0x00,0x0067,0x0279,0x033E,0x01,0x40,0x00,220,19,220:0040:0249:026B:0059|221:0040:0259:026C:0059|222:0040:0281:0345:0059|223:0040:0271:0343:0059|224:0040:0261:0365:0059|225:0040:0281:0344:0069|226:0040:0271:0342:0069|227:0040:0261:0364:0069|228:0040:0251:0356:0064|229:0040:0261:0363:0079
round3_castle,0xDD,3894,0x0002,0x0003,0x0000,0x01,0x003F,0x0000,0x0001,actor_2c8,4,0x10C3C8,0x01,0x96,0x01,0x00,0x05,0x00,0x00,0x00D6,0x0249,0x033E,0x00,0x40,0x04,180,10,180:0040:021C:03A2:00C4|181:0040:022C:03A3:00C4|182:0040:0254:0385:00C4|183:0040:0244:0383:00C4|184:0040:0234:0365:00C4|185:0040:0244:0382:00D4|186:0040:0234:0387:00D4|187:0040:0224:0356:00D0|188:0040:0234:0386:00E4|189:0040:0224:0388:00DC
round3_castle,0xDD,3894,0x0002,0x0003,0x0000,0x01,0x003F,0x0000,0x0001,actor_2c8,6,0x10C448,0x01,0x94,0x00,0x00,0x02,0x00,0x00,0x0123,0x0039,0x033E,0x00,0x40,0x00,200,10,200:4040:0009:026B:0122|201:4040:0019:026C:0122|202:4040:0041:0345:0122|203:4040:0031:0343:0122|204:4040:0021:0365:0122|205:4040:0041:0344:0112|206:4040:0031:0342:0112|207:4040:0021:0364:0112|208:4040:0011:0356:0117|209:4040:0021:0363:0102
round3_castle,0xDD,3894,0x0002,0x0003,0x0000,0x01,0x003F,0x0000,0x0001,actor_2c8,8,0x10C4C8,0x01,0x94,0x00,0x00,0x02,0x00,0x00,0x0065,0x0279,0x033E,0x01,0x40,0x00,220,19,220:0040:0249:026B:0055|221:0040:0259:026C:0055|222:0040:0281:0345:0055|223:0040:0271:0343:0055|224:0040:0261:0365:0055|225:0040:0281:0344:0065|226:0040:0271:0342:0065|227:0040:0261:0364:0065|228:0040:0251:0356:0060|229:0040:0261:0363:0075
round3_castle,0xDD,3896,0x0002,0x0003,0x0000,0x01,0x003F,0x0000,0x0001,actor_2c8,4,0x10C3C8,0x01,0x96,0x01,0x00,0x05,0x00,0x00,0x00D8,0x0246,0x033E,0x00,0x40,0x04,180,10,180:0040:0219:03A2:00C6|181:0040:0229:03A3:00C6|182:0040:0251:0385:00C6|183:0040:0241:0383:00C6|184:0040:0231:0365:00C6|185:0040:0241:0382:00D6|186:0040:0231:0387:00D6|187:0040:0221:0356:00D2|188:0040:0231:0386:00E6|189:0040:0221:0388:00DE
round3_castle,0xDD,3896,0x0002,0x0003,0x0000,0x01,0x003F,0x0000,0x0001,actor_2c8,6,0x10C448,0x01,0x94,0x00,0x00,0x02,0x00,0x00,0x0121,0x0039,0x033E,0x00,0x40,0x00,200,10,200:4040:0009:026B:0120|201:4040:0019:026C:0120|202:4040:0041:0345:0120|203:4040:0031:0343:0120|204:4040:0021:0365:0120|205:4040:0041:0344:0110|206:4040:0031:0342:0110|207:4040:0021:0364:0110|208:4040:0011:0356:0115|209:4040:0021:0363:0100
round3_castle,0xDD,3898,0x0002,0x0003,0x0000,0x01,0x003F,0x0000,0x0001,actor_2c8,4,0x10C3C8,0x01,0x96,0x01,0x00,0x05,0x00,0x00,0x00DB,0x0243,0x033E,0x00,0x40,0x04,180,10,180:0040:0216:03A2:00C8|181:0040:0226:03A3:00C8|182:0040:024E:0385:00C8|183:0040:023E:0383:00C8|184:0040:022E:0365:00C8|185:0040:023E:0382:00D8|186:0040:022E:0387:00D8|187:0040:021E:0356:00D4|188:0040:022E:0386:00E8|189:0040:021E:0388:00E0
round3_castle,0xDD,3898,0x0002,0x0003,0x0000,0x01,0x003F,0x0000,0x0001,actor_2c8,6,0x10C448,0x01,0x94,0x00,0x00,0x02,0x00,0x00,0x011F,0x0039,0x033E,0x00,0x40,0x00,200,10,200:4040:0009:026B:011E|201:4040:0019:026C:011E|202:4040:0041:0345:011E|203:4040:0031:0343:011E|204:4040:0021:0365:011E|205:4040:0041:0344:010E|206:4040:0031:0342:010E|207:4040:0021:0364:010E|208:4040:0011:0356:0113|209:4040:0021:0363:00FE
round3_castle,0xDD,3900,0x0002,0x0003,0x0000,0x01,0x003F,0x0000,0x0001,actor_2c8,4,0x10C3C8,0x01,0x96,0x01,0x00,0x05,0x00,0x00,0x00DE,0x0240,0x033E,0x00,0x40,0x04,180,10,180:0040:0213:03A2:00CB|181:0040:0223:03A3:00CB|182:0040:024B:0385:00CB|183:0040:023B:0383:00CB|184:0040:022B:0365:00CB|185:0040:023B:0382:00DB|186:0040:022B:0387:00DB|187:0040:021B:0356:00D7|188:0040:022B:0386:00EB|189:0040:021B:0388:00E3
round3_castle,0xDD,3900,0x0002,0x0003,0x0000,0x01,0x003F,0x0000,0x0001,actor_2c8,6,0x10C448,0x01,0x93,0x00,0x00,0x02,0x00,0x00,0x011D,0x0039,0x033E,0x00,0x40,0x00,200,10,200:4040:0009:026B:011E|201:4040:0019:026C:011E|202:4040:0041:0341:011E|203:4040:0031:033F:011E|204:4040:0021:0365:011E|205:4040:0041:0340:010E|206:4040:0031:033E:010E|207:4040:0021:0364:010E|208:4040:0011:0356:0113|209:4040:0021:0363:00FE
round3_castle,0xDD,3900,0x0002,0x0003,0x0000,0x01,0x003F,0x0000,0x0001,actor_2c8,8,0x10C4C8,0x01,0x93,0x00,0x00,0x02,0x00,0x00,0x005B,0x0279,0x033E,0x01,0x40,0x00,220,19,220:0040:0249:026B:004D|221:0040:0259:026C:004D|222:0040:0281:0341:004D|223:0040:0271:033F:004D|224:0040:0261:0365:004D|225:0040:0281:0340:005D|226:0040:0271:033E:005D|227:0040:0261:0364:005D|228:0040:0251:0356:0058|229:0040:0261:0363:006D
round3_castle,0xDD,3902,0x0002,0x0003,0x0000,0x01,0x003F,0x0000,0x0001,actor_2c8,4,0x10C3C8,0x01,0x96,0x01,0x00,0x05,0x00,0x00,0x00E1,0x023E,0x033E,0x00,0x40,0x04,180,10,180:0040:0210:03A2:00CE|181:0040:0220:03A3:00CE|182:0040:0248:0385:00CE|183:0040:0238:0383:00CE|184:0040:0228:0365:00CE|185:0040:0238:0382:00DE|186:0040:0228:0387:00DE|187:0040:0218:0356:00DA|188:0040:0228:0386:00EE|189:0040:0218:0388:00E6
round3_castle,0xDD,3902,0x0002,0x0003,0x0000,0x01,0x003F,0x0000,0x0001,actor_2c8,6,0x10C448,0x01,0x93,0x00,0x00,0x02,0x00,0x00,0x011B,0x0039,0x033E,0x00,0x40,0x00,200,10,200:4040:0009:026B:011C|201:4040:0019:026C:011C|202:4040:0041:0341:011C|203:4040:0031:033F:011C|204:4040:0021:0365:011C|205:4040:0041:0340:010C|206:4040:0031:033E:010C|207:4040:0021:0364:010C|208:4040:0011:0356:0111|209:4040:0021:0363:00FC
round3_castle,0xDD,3902,0x0002,0x0003,0x0000,0x01,0x003F,0x0000,0x0001,actor_2c8,8,0x10C4C8,0x01,0x93,0x00,0x00,0x02,0x00,0x00,0x0057,0x0279,0x033E,0x01,0x40,0x00,220,19,220:0040:0249:026B:0049|221:0040:0259:026C:0049|222:0040:0281:0341:0049|223:0040:0271:033F:0049|224:0040:0261:0365:0049|225:0040:0281:0340:0059|226:0040:0271:033E:0059|227:0040:0261:0364:0059|228:0040:0251:0356:0054|229:0040:0261:0363:0069
round3_castle,0xDD,3904,0x0002,0x0003,0x0000,0x01,0x003F,0x0000,0x0001,actor_2c8,4,0x10C3C8,0x01,0x96,0x01,0x00,0x05,0x00,0x00,0x00E4,0x023C,0x033E,0x00,0x40,0x04,180,10,180:0040:020E:03A2:00D1|181:0040:021E:03A3:00D1|182:0040:0246:0385:00D1|183:0040:0236:0383:00D1|184:0040:0226:0365:00D1|185:0040:0236:0382:00E1|186:0040:0226:0387:00E1|187:0040:0216:0356:00DD|188:0040:0226:0386:00F1|189:0040:0216:0388:00E9
round3_castle,0xDD,3904,0x0002,0x0003,0x0000,0x01,0x003F,0x0000,0x0001,actor_2c8,6,0x10C448,0x01,0x93,0x00,0x00,0x02,0x00,0x00,0x0119,0x0039,0x033E,0x00,0x40,0x00,200,10,200:4040:0009:026B:011A|201:4040:0019:026C:011A|202:4040:0041:0341:011A|203:4040:0031:033F:011A|204:4040:0021:0365:011A|205:4040:0041:0340:010A|206:4040:0031:033E:010A|207:4040:0021:0364:010A|208:4040:0011:0356:010F|209:4040:0021:0363:00FA
round3_castle,0xDD,3904,0x0002,0x0003,0x0000,0x01,0x003F,0x0000,0x0001,actor_2c8,8,0x10C4C8,0x01,0x93,0x00,0x00,0x02,0x00,0x00,0x0055,0x0279,0x033E,0x01,0x40,0x00,220,19,220:0040:0249:026B:0045|221:0040:0259:026C:0045|222:0040:0281:0341:0045|223:0040:0271:033F:0045|224:0040:0261:0365:0045|225:0040:0281:0340:0055|226:0040:0271:033E:0055|227:0040:0261:0364:0055|228:0040:0251:0356:0050|229:0040:0261:0363:0065
round3_castle,0xDD,3906,0x0002,0x0003,0x0000,0x01,0x003F,0x0000,0x0001,actor_2c8,4,0x10C3C8,0x01,0x94,0x01,0x00,0x05,0x00,0x00,0x00E7,0x023B,0x033E,0x00,0x40,0x04,180,10,180:0040:020C:03A2:00D4|181:0040:021C:03A3:00D4|182:0040:0244:0385:00D4|183:0040:0234:0383:00D4|184:0040:0224:0365:00D4|185:0040:0234:0382:00E4|186:0040:0224:0387:00E4|187:0040:0214:0356:00E0|188:0040:0224:0386:00F4|189:0040:0214:0388:00EC
round3_castle,0xDD,3906,0x0002,0x0003,0x0000,0x01,0x003F,0x0000,0x0001,actor_2c8,6,0x10C448,0x01,0x93,0x00,0x00,0x02,0x00,0x00,0x0117,0x0039,0x033E,0x00,0x40,0x00,200,10,200:4040:0009:026B:0118|201:4040:0019:026C:0118|202:4040:0041:0341:0118|203:4040:0031:033F:0118|204:4040:0021:0365:0118|205:4040:0041:0340:0108|206:4040:0031:033E:0108|207:4040:0021:0364:0108|208:4040:0011:0356:010D|209:4040:0021:0363:00F8
round3_castle,0xDD,3906,0x0002,0x0003,0x0000,0x01,0x003F,0x0000,0x0001,actor_2c8,8,0x10C4C8,0x01,0x93,0x00,0x00,0x02,0x00,0x00,0x0051,0x0279,0x033E,0x01,0x40,0x00,220,19,220:0040:0249:026B:0043|221:0040:0259:026C:0043|222:0040:0281:0341:0043|223:0040:0271:033F:0043|224:0040:0261:0365:0043|225:0040:0281:0340:0053|226:0040:0271:033E:0053|227:0040:0261:0364:0053|228:0040:0251:0356:004E|229:0040:0261:0363:0063
round3_castle,0xDD,3908,0x0002,0x0003,0x0000,0x01,0x003F,0x0000,0x0001,actor_2c8,4,0x10C3C8,0x01,0x94,0x01,0x00,0x05,0x00,0x00,0x00EA,0x023A,0x033E,0x00,0x40,0x04,180,10,180:0040:020B:03A2:00D7|181:0040:021B:03A3:00D7|182:0040:0243:0345:00D7|183:0040:0233:0343:00D7|184:0040:0223:0365:00D7|185:0040:0243:0344:00E7|186:0040:0233:0342:00E7|187:0040:0223:0364:00E7|188:0040:0213:0356:00E2|189:0040:0223:0363:00F7
round3_castle,0xDD,3908,0x0002,0x0003,0x0000,0x01,0x003F,0x0000,0x0001,actor_2c8,6,0x10C448,0x01,0x94,0x00,0x00,0x02,0x00,0x00,0x0117,0x0039,0x033E,0x00,0x40,0x00,200,10,200:4040:0009:026B:0116|201:4040:0019:026C:0116|202:4040:0041:0345:0116|203:4040:0031:0343:0116|204:4040:0021:0365:0116|205:4040:0041:0344:0106|206:4040:0031:0342:0106|207:4040:0021:0364:0106|208:4040:0011:0356:010B|209:4040:0021:0363:00F6
round3_castle,0xDD,3908,0x0002,0x0003,0x0000,0x01,0x003F,0x0000,0x0001,actor_2c8,8,0x10C4C8,0x01,0x94,0x00,0x00,0x02,0x00,0x00,0x004D,0x0279,0x033E,0x01,0x40,0x00,220,19,220:0040:0249:026B:003F|221:0040:0259:026C:003F|222:0040:0281:0345:003F|223:0040:0271:0343:003F|224:0040:0261:0365:003F|225:0040:0281:0344:004F|226:0040:0271:0342:004F|227:0040:0261:0364:004F|228:0040:0251:0356:004A|229:0040:0261:0363:005F
round3_castle,0xDD,3910,0x0002,0x0003,0x0000,0x01,0x003F,0x0000,0x0001,actor_2c8,4,0x10C3C8,0x01,0x93,0x01,0x00,0x05,0x00,0x00,0x00EE,0x0239,0x033E,0x00,0x40,0x04,180,10,180:0040:020A:03A2:00DA|181:0040:021A:03A3:00DA|182:0040:0242:0345:00DA|183:0040:0232:0343:00DA|184:0040:0222:0365:00DA|185:0040:0242:0344:00EA|186:0040:0232:0342:00EA|187:0040:0222:0364:00EA|188:0040:0212:0356:00E5|189:0040:0222:0363:00FA
round3_castle,0xDD,3910,0x0002,0x0003,0x0000,0x01,0x003F,0x0000,0x0001,actor_2c8,6,0x10C448,0x01,0x94,0x01,0x00,0x01,0x00,0x00,0x0119,0x0039,0x033E,0x00,0x40,0x00,200,10,200:0040:0009:026B:0109|201:0040:0019:026C:0109|202:0040:0041:0345:0109|203:0040:0031:0343:0109|204:0040:0021:0365:0109|205:0040:0041:0344:0119|206:0040:0031:0342:0119|207:0040:0021:0364:0119|208:0040:0011:0356:0114|209:0040:0021:0363:0129
round3_castle,0xDD,3910,0x0002,0x0003,0x0000,0x01,0x003F,0x0000,0x0001,actor_2c8,8,0x10C4C8,0x01,0x94,0x00,0x00,0x02,0x00,0x00,0x004B,0x0279,0x033E,0x01,0x40,0x00,220,19,220:0040:0249:026B:003D|221:0040:0259:026C:003D|222:0040:0281:0345:003D|223:0040:0271:0343:003D|224:0040:0261:0365:003D|225:0040:0281:0344:004D|226:0040:0271:0342:004D|227:0040:0261:0364:004D|228:0040:0251:0356:0048|229:0040:0261:0363:005D
round3_castle,0xDD,3912,0x0002,0x0003,0x0000,0x01,0x003F,0x0000,0x0001,actor_2c8,4,0x10C3C8,0x01,0x93,0x01,0x00,0x05,0x00,0x00,0x00F1,0x0239,0x033E,0x00,0x40,0x04,180,10,180:0040:0209:03A2:00DE|181:0040:0219:03A3:00DE|182:0040:0241:0341:00DE|183:0040:0231:033F:00DE|184:0040:0221:0365:00DE|185:0040:0241:0340:00EE|186:0040:0231:033E:00EE|187:0040:0221:0364:00EE|188:0040:0211:0356:00E9|189:0040:0221:0363:00FE
round3_castle,0xDD,3912,0x0002,0x0003,0x0000,0x01,0x003F,0x0000,0x0001,actor_2c8,6,0x10C448,0x01,0x94,0x01,0x00,0x01,0x00,0x00,0x011B,0x0039,0x033E,0x00,0x40,0x00,200,10,200:0040:0009:026B:010B|201:0040:0019:026C:010B|202:0040:0041:0345:010B|203:0040:0031:0343:010B|204:0040:0021:0365:010B|205:0040:0041:0344:011B|206:0040:0031:0342:011B|207:0040:0021:0364:011B|208:0040:0011:0356:0116|209:0040:0021:0363:012B
round3_castle,0xDD,3912,0x0002,0x0003,0x0000,0x01,0x003F,0x0000,0x0001,actor_2c8,8,0x10C4C8,0x01,0x94,0x00,0x00,0x02,0x00,0x00,0x0047,0x0279,0x033E,0x01,0x40,0x00,220,19,220:0040:0249:026B:0039|221:0040:0259:026C:0039|222:0040:0281:0345:0039|223:0040:0271:0343:0039|224:0040:0261:0365:0039|225:0040:0281:0344:0049|226:0040:0271:0342:0049|227:0040:0261:0364:0049|228:0040:0251:0356:0044|229:0040:0261:0363:0059
round3_castle,0xDD,3914,0x0002,0x0003,0x0000,0x01,0x003F,0x0000,0x0001,actor_2c8,4,0x10C3C8,0x01,0x93,0x01,0x00,0x05,0x00,0x00,0x00F1,0x0239,0x033E,0x00,0x40,0x04,180,10,180:0040:0209:03A2:00E1|181:0040:0219:03A3:00E1|182:0040:0241:0341:00E1|183:0040:0231:033F:00E1|184:0040:0221:0365:00E1|185:0040:0241:0340:00F1|186:0040:0231:033E:00F1|187:0040:0221:0364:00F1|188:0040:0211:0356:00EC|189:0040:0221:0363:0101
round3_castle,0xDD,3914,0x0002,0x0003,0x0000,0x01,0x003F,0x0000,0x0001,actor_2c8,6,0x10C448,0x01,0x94,0x01,0x00,0x01,0x00,0x00,0x011D,0x0039,0x033E,0x00,0x40,0x00,200,10,200:0040:0009:026B:010D|201:0040:0019:026C:010D|202:0040:0041:0345:010D|203:0040:0031:0343:010D|204:0040:0021:0365:010D|205:0040:0041:0344:011D|206:0040:0031:0342:011D|207:0040:0021:0364:011D|208:0040:0011:0356:0118|209:0040:0021:0363:012D
round3_castle,0xDD,3916,0x0002,0x0003,0x0000,0x01,0x003F,0x0000,0x0001,actor_2c8,4,0x10C3C8,0x01,0x95,0x01,0x00,0x01,0x00,0x00,0x00F5,0x0239,0x033E,0x01,0x40,0x04,180,10,180:4040:0209:03A2:00F2|181:4040:0219:03A3:00F2|182:4040:0241:0349:00F2|183:4040:0231:0347:00F2|184:4040:0221:0365:00F2|185:4040:0241:0348:00E2|186:4040:0231:0346:00E2|187:4040:0221:0364:00E2|188:4040:0211:0356:00E7|189:4040:0221:0363:00D2
round3_castle,0xDD,3916,0x0002,0x0003,0x0000,0x01,0x003F,0x0000,0x0001,actor_2c8,6,0x10C448,0x01,0x95,0x01,0x00,0x01,0x00,0x00,0x011F,0x0039,0x033E,0x00,0x40,0x00,200,10,200:0040:0009:026B:010F|201:0040:0019:026C:010F|202:0040:0041:0349:010F|203:0040:0031:0347:010F|204:0040:0021:0365:010F|205:0040:0041:0348:011F|206:0040:0031:0346:011F|207:0040:0021:0364:011F|208:0040:0011:0356:011A|209:0040:0021:0363:012F
round3_castle,0xDD,3916,0x0002,0x0003,0x0000,0x01,0x003F,0x0000,0x0001,actor_2c8,8,0x10C4C8,0x01,0x95,0x00,0x00,0x02,0x00,0x00,0x0041,0x0279,0x033E,0x01,0x40,0x00,220,19,220:0040:0249:026B:0033|221:0040:0259:026C:0033|222:0040:0281:0349:0033|223:0040:0271:0347:0033|224:0040:0261:0365:0033|225:0040:0281:0348:0043|226:0040:0271:0346:0043|227:0040:0261:0364:0043|228:0040:0251:0356:003E|229:0040:0261:0363:0053
round3_castle,0xDD,3918,0x0002,0x0003,0x0000,0x01,0x003F,0x0000,0x0001,actor_2c8,4,0x10C3C8,0x01,0x95,0x01,0x00,0x01,0x00,0x00,0x00F9,0x0239,0x033E,0x01,0x40,0x04,180,10,180:4040:0209:03A2:00F6|181:4040:0219:03A3:00F6|182:4040:0241:0349:00F6|183:4040:0231:0347:00F6|184:4040:0221:0365:00F6|185:4040:0241:0348:00E6|186:4040:0231:0346:00E6|187:4040:0221:0364:00E6|188:4040:0211:0356:00EB|189:4040:0221:0363:00D6
round3_castle,0xDD,3918,0x0002,0x0003,0x0000,0x01,0x003F,0x0000,0x0001,actor_2c8,8,0x10C4C8,0x01,0x95,0x00,0x00,0x02,0x00,0x00,0x003D,0x0279,0x033E,0x01,0x40,0x00,220,19,220:0040:0249:026B:002F|221:0040:0259:026C:002F|222:0040:0281:0349:002F|223:0040:0271:0347:002F|224:0040:0261:0365:002F|225:0040:0281:0348:003F|226:0040:0271:0346:003F|227:0040:0261:0364:003F|228:0040:0251:0356:003A|229:0040:0261:0363:004F
round3_castle,0xDD,3920,0x0002,0x0003,0x0000,0x01,0x003F,0x0000,0x0001,actor_2c8,4,0x10C3C8,0x01,0x95,0x01,0x00,0x01,0x00,0x00,0x00FB,0x0239,0x033E,0x01,0x40,0x04,180,10,180:4040:0209:03A2:00F8|181:4040:0219:03A3:00F8|182:4040:0241:0349:00F8|183:4040:0231:0347:00F8|184:4040:0221:0365:00F8|185:4040:0241:0348:00E8|186:4040:0231:0346:00E8|187:4040:0221:0364:00E8|188:4040:0211:0356:00ED|189:4040:0221:0363:00D8
round3_castle,0xDD,3920,0x0002,0x0003,0x0000,0x01,0x003F,0x0000,0x0001,actor_2c8,6,0x10C448,0x01,0x95,0x01,0x00,0x01,0x00,0x00,0x0123,0x0039,0x033E,0x00,0x40,0x00,200,10,200:0040:0009:026B:0111|201:0040:0019:026C:0111|202:0040:0041:0349:0111|203:0040:0031:0347:0111|204:0040:0021:0365:0111|205:0040:0041:0348:0121|206:0040:0031:0346:0121|207:0040:0021:0364:0121|208:0040:0011:0356:011C|209:0040:0021:0363:0131
round3_castle,0xDD,3920,0x0002,0x0003,0x0000,0x01,0x003F,0x0000,0x0001,actor_2c8,8,0x10C4C8,0x01,0x95,0x00,0x00,0x02,0x00,0x00,0x003B,0x0279,0x033E,0x01,0x40,0x00,220,19,220:0040:0249:026B:002D|221:0040:0259:026C:002D|222:0040:0281:0349:002D|223:0040:0271:0347:002D|224:0040:0261:0365:002D|225:0040:0281:0348:003D|226:0040:0271:0346:003D|227:0040:0261:0364:003D|228:0040:0251:0356:0038|229:0040:0261:0363:004D
round3_castle,0xDD,3922,0x0002,0x0003,0x0000,0x01,0x003F,0x0000,0x0001,actor_2c8,4,0x10C3C8,0x01,0x95,0x01,0x00,0x01,0x00,0x00,0x00FD,0x0239,0x033E,0x01,0x40,0x04,180,10,180:4040:0209:03A2:00FA|181:4040:0219:03A3:00FA|182:4040:0241:0349:00FA|183:4040:0231:0347:00FA|184:4040:0221:0365:00FA|185:4040:0241:0348:00EA|186:4040:0231:0346:00EA|187:4040:0221:0364:00EA|188:4040:0211:0356:00EF|189:4040:0221:0363:00DA
round3_castle,0xDD,3922,0x0002,0x0003,0x0000,0x01,0x003F,0x0000,0x0001,actor_2c8,6,0x10C448,0x01,0x95,0x01,0x00,0x01,0x00,0x00,0x0125,0x0039,0x033E,0x00,0x40,0x00,200,10,200:0040:0009:026B:0113|201:0040:0019:026C:0113|202:0040:0041:0349:0113|203:0040:0031:0347:0113|204:0040:0021:0365:0113|205:0040:0041:0348:0123|206:0040:0031:0346:0123|207:0040:0021:0364:0123|208:0040:0011:0356:011E|209:0040:0021:0363:0133
round3_castle,0xDD,3922,0x0002,0x0003,0x0000,0x01,0x003F,0x0000,0x0001,actor_2c8,8,0x10C4C8,0x01,0x95,0x00,0x00,0x02,0x00,0x00,0x0037,0x0279,0x033E,0x00,0x40,0x00,220,19,220:0040:0249:026B:0029|221:0040:0259:026C:0029|222:0040:0281:0349:0029|223:0040:0271:0347:0029|224:0040:0261:0365:0029|225:0040:0281:0348:0039|226:0040:0271:0346:0039|227:0040:0261:0364:0039|228:0040:0251:0356:0034|229:0040:0261:0363:0049
round3_castle,0xDD,3924,0x0002,0x0003,0x0000,0x01,0x003F,0x0000,0x0001,actor_2c8,4,0x10C3C8,0x01,0x94,0x01,0x00,0x01,0x00,0x00,0x00FF,0x0239,0x033E,0x01,0x40,0x04,180,10,180:4040:0209:03A2:00FC|181:4040:0219:03A3:00FC|182:4040:0241:0345:00FC|183:4040:0231:0343:00FC|184:4040:0221:0365:00FC|185:4040:0241:0344:00EC|186:4040:0231:0342:00EC|187:4040:0221:0364:00EC|188:4040:0211:0356:00F1|189:4040:0221:0363:00DC
round3_castle,0xDD,3924,0x0002,0x0003,0x0000,0x01,0x003F,0x0000,0x0001,actor_2c8,6,0x10C448,0x01,0x94,0x01,0x00,0x01,0x00,0x00,0x0127,0x0039,0x033E,0x00,0x40,0x00,200,10,200:0040:0009:026B:0115|201:0040:0019:026C:0115|202:0040:0041:0345:0115|203:0040:0031:0343:0115|204:0040:0021:0365:0115|205:0040:0041:0344:0125|206:0040:0031:0342:0125|207:0040:0021:0364:0125|208:0040:0011:0356:0120|209:0040:0021:0363:0135
round3_castle,0xDD,3924,0x0002,0x0003,0x0000,0x01,0x003F,0x0000,0x0001,actor_2c8,8,0x10C4C8,0x01,0x94,0x00,0x00,0x02,0x00,0x00,0x0035,0x0279,0x033E,0x00,0x40,0x00,220,19,220:4040:0249:026B:0034|221:4040:0259:026C:0034|222:4040:0281:0345:0034|223:4040:0271:0343:0034|224:4040:0261:0365:0034|225:4040:0281:0344:0024|226:4040:0271:0342:0024|227:4040:0261:0364:0024|228:4040:0251:0356:0029|229:4040:0261:0363:0014
round3_castle,0xDD,3926,0x0002,0x0003,0x0000,0x01,0x003F,0x0000,0x0001,actor_2c8,4,0x10C3C8,0x01,0x94,0x01,0x00,0x01,0x00,0x00,0x0101,0x0239,0x033E,0x01,0x40,0x04,180,10,180:4040:0209:03A2:00FE|181:4040:0219:03A3:00FE|182:4040:0241:0345:00FE|183:4040:0231:0343:00FE|184:4040:0221:0365:00FE|185:4040:0241:0344:00EE|186:4040:0231:0342:00EE|187:4040:0221:0364:00EE|188:4040:0211:0356:00F3|189:4040:0221:0363:00DE
round3_castle,0xDD,3926,0x0002,0x0003,0x0000,0x01,0x003F,0x0000,0x0001,actor_2c8,6,0x10C448,0x01,0x94,0x01,0x00,0x01,0x00,0x00,0x0127,0x0039,0x033E,0x00,0x40,0x00,200,10,200:0040:0009:026B:0117|201:0040:0019:026C:0117|202:0040:0041:0345:0117|203:0040:0031:0343:0117|204:0040:0021:0365:0117|205:0040:0041:0344:0127|206:0040:0031:0342:0127|207:0040:0021:0364:0127|208:0040:0011:0356:0122|209:0040:0021:0363:0137
round3_castle,0xDD,3926,0x0002,0x0003,0x0000,0x01,0x003F,0x0000,0x0001,actor_2c8,8,0x10C4C8,0x01,0x94,0x00,0x00,0x02,0x00,0x00,0x0033,0x0279,0x033E,0x00,0x40,0x00,220,19,220:4040:0249:026B:0032|221:4040:0259:026C:0032|222:4040:0281:0345:0032|223:4040:0271:0343:0032|224:4040:0261:0365:0032|225:4040:0281:0344:0022|226:4040:0271:0342:0022|227:4040:0261:0364:0022|228:4040:0251:0356:0027|229:4040:0261:0363:0012
round3_castle,0xDD,3928,0x0002,0x0003,0x0000,0x01,0x003F,0x0000,0x0001,actor_2c8,4,0x10C3C8,0x01,0x94,0x01,0x00,0x01,0x00,0x00,0x0101,0x0239,0x033E,0x01,0x40,0x04,180,10,180:4040:0209:03A2:0100|181:4040:0219:03A3:0100|182:4040:0241:0345:0100|183:4040:0231:0343:0100|184:4040:0221:0365:0100|185:4040:0241:0344:00F0|186:4040:0231:0342:00F0|187:4040:0221:0364:00F0|188:4040:0211:0356:00F5|189:4040:0221:0363:00E0
round3_castle,0xDD,3928,0x0002,0x0003,0x0000,0x01,0x003F,0x0000,0x0001,actor_2c8,6,0x10C448,0x01,0x94,0x01,0x00,0x01,0x00,0x00,0x0129,0x0039,0x033E,0x00,0x40,0x00,200,10,200:0040:0009:026B:0119|201:0040:0019:026C:0119|202:0040:0041:0345:0119|203:0040:0031:0343:0119|204:0040:0021:0365:0119|205:0040:0041:0344:0129|206:0040:0031:0342:0129|207:0040:0021:0364:0129|208:0040:0011:0356:0124|209:0040:0021:0363:0139
round3_castle,0xDD,3928,0x0002,0x0003,0x0000,0x01,0x003F,0x0000,0x0001,actor_2c8,8,0x10C4C8,0x01,0x94,0x00,0x00,0x02,0x00,0x00,0x0031,0x0279,0x033E,0x00,0x40,0x00,220,19,220:4040:0249:026B:0030|221:4040:0259:026C:0030|222:4040:0281:0345:0030|223:4040:0271:0343:0030|224:4040:0261:0365:0030|225:4040:0281:0344:0020|226:4040:0271:0342:0020|227:4040:0261:0364:0020|228:4040:0251:0356:0025|229:4040:0261:0363:0010
round3_castle,0xDD,3930,0x0002,0x0003,0x0000,0x01,0x003F,0x0000,0x0001,actor_2c8,4,0x10C3C8,0x01,0x94,0x01,0x00,0x01,0x00,0x00,0x0103,0x0239,0x033E,0x01,0x40,0x04,180,10,180:4040:0209:03A2:0102|181:4040:0219:03A3:0102|182:4040:0241:0345:0102|183:4040:0231:0343:0102|184:4040:0221:0365:0102|185:4040:0241:0344:00F2|186:4040:0231:0342:00F2|187:4040:0221:0364:00F2|188:4040:0211:0356:00F7|189:4040:0221:0363:00E2
round3_castle,0xDD,3930,0x0002,0x0003,0x0000,0x01,0x003F,0x0000,0x0001,actor_2c8,6,0x10C448,0x01,0x94,0x01,0x00,0x01,0x00,0x00,0x012B,0x0039,0x033E,0x00,0x40,0x00,200,10,200:0040:0009:026B:011B|201:0040:0019:026C:011B|202:0040:0041:0345:011B|203:0040:0031:0343:011B|204:0040:0021:0365:011B|205:0040:0041:0344:012B|206:0040:0031:0342:012B|207:0040:0021:0364:012B|208:0040:0011:0356:0126|209:0040:0021:0363:013B
round3_castle,0xDD,3930,0x0002,0x0003,0x0000,0x01,0x003F,0x0000,0x0001,actor_2c8,8,0x10C4C8,0x01,0x94,0x00,0x00,0x02,0x00,0x00,0x002F,0x0279,0x033E,0x00,0x40,0x00,220,19,220:4040:0249:026B:002E|221:4040:0259:026C:002E|222:4040:0281:0345:002E|223:4040:0271:0343:002E|224:4040:0261:0365:002E|225:4040:0281:0344:001E|226:4040:0271:0342:001E|227:4040:0261:0364:001E|228:4040:0251:0356:0023|229:4040:0261:0363:000E
round3_castle,0xDD,3932,0x0002,0x0003,0x0000,0x01,0x003F,0x0000,0x0001,actor_2c8,4,0x10C3C8,0x01,0x93,0x01,0x00,0x01,0x00,0x00,0x0105,0x0239,0x033E,0x01,0x40,0x04,180,10,180:4040:0209:03A2:0104|181:4040:0219:03A3:0104|182:4040:0241:0341:0104|183:4040:0231:033F:0104|184:4040:0221:0365:0104|185:4040:0241:0340:00F4|186:4040:0231:033E:00F4|187:4040:0221:0364:00F4|188:4040:0211:0356:00F9|189:4040:0221:0363:00E4
round3_castle,0xDD,3932,0x0002,0x0003,0x0000,0x01,0x003F,0x0000,0x0001,actor_2c8,6,0x10C448,0x01,0x93,0x01,0x00,0x01,0x00,0x00,0x012D,0x0039,0x033E,0x00,0x40,0x00,200,10,200:0040:0009:026B:011D|201:0040:0019:026C:011D|202:0040:0041:0341:011D|203:0040:0031:033F:011D|204:0040:0021:0365:011D|205:0040:0041:0340:012D|206:0040:0031:033E:012D|207:0040:0021:0364:012D|208:0040:0011:0356:0128|209:0040:0021:0363:013D
round3_castle,0xDD,3932,0x0002,0x0003,0x0000,0x01,0x003F,0x0000,0x0001,actor_2c8,8,0x10C4C8,0x01,0x93,0x00,0x00,0x02,0x00,0x00,0x002D,0x0279,0x033E,0x00,0x40,0x00,220,19,220:4040:0249:026B:002C|221:4040:0259:026C:002C|222:4040:0281:0341:002C|223:4040:0271:033F:002C|224:4040:0261:0365:002C|225:4040:0281:0340:001C|226:4040:0271:033E:001C|227:4040:0261:0364:001C|228:4040:0251:0356:0021|229:4040:0261:0363:000C
round3_castle,0xDD,3934,0x0002,0x0003,0x0000,0x01,0x003F,0x0000,0x0001,actor_2c8,4,0x10C3C8,0x01,0x93,0x01,0x00,0x01,0x00,0x00,0x0107,0x0239,0x033E,0x01,0x40,0x04,180,10,180:4040:0209:03A2:0106|181:4040:0219:03A3:0106|182:4040:0241:0341:0106|183:4040:0231:033F:0106|184:4040:0221:0365:0106|185:4040:0241:0340:00F6|186:4040:0231:033E:00F6|187:4040:0221:0364:00F6|188:4040:0211:0356:00FB|189:4040:0221:0363:00E6
round3_castle,0xDD,3934,0x0002,0x0003,0x0000,0x01,0x003F,0x0000,0x0001,actor_2c8,6,0x10C448,0x01,0x93,0x01,0x00,0x01,0x00,0x00,0x012F,0x0039,0x033E,0x00,0x40,0x00,200,10,200:0040:0009:026B:011F|201:0040:0019:026C:011F|202:0040:0041:0341:011F|203:0040:0031:033F:011F|204:0040:0021:0365:011F|205:0040:0041:0340:012F|206:0040:0031:033E:012F|207:0040:0021:0364:012F|208:0040:0011:0356:012A|209:0040:0021:0363:013F
round3_castle,0xDD,3936,0x0002,0x0003,0x0000,0x01,0x003F,0x0000,0x0001,actor_2c8,4,0x10C3C8,0x01,0x93,0x01,0x00,0x01,0x00,0x00,0x0109,0x0239,0x033E,0x00,0x40,0x04,180,10,180:0040:0209:03A2:00F9|181:0040:0219:03A3:00F9|182:0040:0241:0341:00F9|183:0040:0231:033F:00F9|184:0040:0221:0365:00F9|185:0040:0241:0340:0109|186:0040:0231:033E:0109|187:0040:0221:0364:0109|188:0040:0211:0356:0104|189:0040:0221:0363:0119
round3_castle,0xDD,3936,0x0002,0x0003,0x0000,0x01,0x003F,0x0000,0x0001,actor_2c8,8,0x10C4C8,0x01,0x93,0x00,0x00,0x02,0x00,0x00,0x0029,0x0279,0x033E,0x00,0x40,0x00,220,19,220:4040:0249:026B:002A|221:4040:0259:026C:002A|222:4040:0281:0341:002A|223:4040:0271:033F:002A|224:4040:0261:0365:002A|225:4040:0281:0340:001A|226:4040:0271:033E:001A|227:4040:0261:0364:001A|228:4040:0251:0356:001F|229:4040:0261:0363:000A
round3_castle,0xDD,3938,0x0002,0x0003,0x0000,0x01,0x003F,0x0000,0x0001,actor_2c8,6,0x10C448,0x01,0x93,0x01,0x00,0x01,0x00,0x00,0x0133,0x0039,0x033E,0x00,0x40,0x00,200,10,200:0040:0009:026B:0121|201:0040:0019:026C:0121|202:0040:0041:0341:0121|203:0040:0031:033F:0121|204:0040:0021:0365:0121|205:0040:0041:0340:0131|206:0040:0031:033E:0131|207:0040:0021:0364:0131|208:0040:0011:0356:012C|209:0040:0021:0363:0141
round3_castle,0xDD,3938,0x0002,0x0003,0x0000,0x01,0x003F,0x0000,0x0001,actor_2c8,8,0x10C4C8,0x01,0x93,0x00,0x00,0x02,0x00,0x00,0x0027,0x0279,0x033E,0x00,0x40,0x00,220,19,220:4040:0249:026B:0028|221:4040:0259:026C:0028|222:4040:0281:0341:0028|223:4040:0271:033F:0028|224:4040:0261:0365:0028|225:4040:0281:0340:0018|226:4040:0271:033E:0018|227:4040:0261:0364:0018|228:4040:0251:0356:001D|229:4040:0261:0363:0008
round3_castle,0xDD,3940,0x0002,0x0003,0x0000,0x01,0x003F,0x0000,0x0001,actor_2c8,4,0x10C3C8,0x01,0x94,0x01,0x00,0x01,0x00,0x00,0x010D,0x0239,0x033E,0x00,0x40,0x04,180,10,180:0040:0209:03A2:00FB|181:0040:0219:03A3:00FB|182:0040:0241:0345:00FB|183:0040:0231:0343:00FB|184:0040:0221:0365:00FB|185:0040:0241:0344:010B|186:0040:0231:0342:010B|187:0040:0221:0364:010B|188:0040:0211:0356:0106|189:0040:0221:0363:011B
round3_castle,0xDD,3940,0x0002,0x0003,0x0000,0x01,0x003F,0x0000,0x0001,actor_2c8,6,0x10C448,0x01,0x94,0x01,0x00,0x01,0x00,0x00,0x0135,0x0039,0x033E,0x00,0x40,0x00,200,10,200:0040:0009:026B:0123|201:0040:0019:026C:0123|202:0040:0041:0345:0123|203:0040:0031:0343:0123|204:0040:0021:0365:0123|205:0040:0041:0344:0133|206:0040:0031:0342:0133|207:0040:0021:0364:0133|208:0040:0011:0356:012E|209:0040:0021:0363:0143
round3_castle,0xDD,3940,0x0002,0x0003,0x0000,0x01,0x003F,0x0000,0x0001,actor_2c8,8,0x10C4C8,0x01,0x94,0x00,0x00,0x02,0x00,0x00,0x0025,0x0279,0x033E,0x00,0x40,0x00,220,19,220:4040:0249:026B:0026|221:4040:0259:026C:0026|222:4040:0281:0345:0026|223:4040:0271:0343:0026|224:4040:0261:0365:0026|225:4040:0281:0344:0016|226:4040:0271:0342:0016|227:4040:0261:0364:0016|228:4040:0251:0356:001B|229:4040:0261:0363:0006
round3_castle,0xDD,3942,0x0002,0x0003,0x0000,0x01,0x003F,0x0000,0x0001,actor_2c8,4,0x10C3C8,0x01,0x94,0x01,0x00,0x01,0x00,0x00,0x010F,0x0239,0x033E,0x00,0x40,0x04,180,10,180:0040:0209:03A2:00FD|181:0040:0219:03A3:00FD|182:0040:0241:0345:00FD|183:0040:0231:0343:00FD|184:0040:0221:0365:00FD|185:0040:0241:0344:010D|186:0040:0231:0342:010D|187:0040:0221:0364:010D|188:0040:0211:0356:0108|189:0040:0221:0363:011D
round3_castle,0xDD,3942,0x0002,0x0003,0x0000,0x01,0x003F,0x0000,0x0001,actor_2c8,6,0x10C448,0x01,0x94,0x01,0x00,0x01,0x00,0x00,0x0137,0x0039,0x033E,0x00,0x40,0x00,200,10,200:0040:0009:026B:0125|201:0040:0019:026C:0125|202:0040:0041:0345:0125|203:0040:0031:0343:0125|204:0040:0021:0365:0125|205:0040:0041:0344:0135|206:0040:0031:0342:0135|207:0040:0021:0364:0135|208:0040:0011:0356:0130|209:0040:0021:0363:0145
round3_castle,0xDD,3942,0x0002,0x0003,0x0000,0x01,0x003F,0x0000,0x0001,actor_2c8,8,0x10C4C8,0x01,0x94,0x00,0x00,0x02,0x00,0x00,0x0025,0x0279,0x033E,0x00,0x40,0x00,220,19,220:4040:0249:026B:0024|221:4040:0259:026C:0024|222:4040:0281:0345:0024|223:4040:0271:0343:0024|224:4040:0261:0365:0024|225:4040:0281:0344:0014|226:4040:0271:0342:0014|227:4040:0261:0364:0014|228:4040:0251:0356:0019|229:4040:0261:0363:0004
round3_castle,0xDD,3944,0x0002,0x0003,0x0000,0x01,0x003F,0x0000,0x0001,actor_2c8,4,0x10C3C8,0x01,0x94,0x01,0x00,0x01,0x00,0x00,0x0111,0x0239,0x033E,0x00,0x40,0x04,180,10,180:0040:0209:03A2:00FF|181:0040:0219:03A3:00FF|182:0040:0241:0345:00FF|183:0040:0231:0343:00FF|184:0040:0221:0365:00FF|185:0040:0241:0344:010F|186:0040:0231:0342:010F|187:0040:0221:0364:010F|188:0040:0211:0356:010A|189:0040:0221:0363:011F
round3_castle,0xDD,3944,0x0002,0x0003,0x0000,0x01,0x003F,0x0000,0x0001,actor_2c8,6,0x10C448,0x01,0x94,0x01,0x00,0x01,0x00,0x00,0x0137,0x0039,0x033E,0x00,0x40,0x00,200,10,200:0040:0009:026B:0127|201:0040:0019:026C:0127|202:0040:0041:0345:0127|203:0040:0031:0343:0127|204:0040:0021:0365:0127|205:0040:0041:0344:0137|206:0040:0031:0342:0137|207:0040:0021:0364:0137|208:0040:0011:0356:0132|209:0040:0021:0363:0147
round3_castle,0xDD,3944,0x0002,0x0003,0x0000,0x01,0x003F,0x0000,0x0001,actor_2c8,8,0x10C4C8,0x01,0x94,0x01,0x00,0x01,0x00,0x00,0x0027,0x0279,0x033E,0x00,0x40,0x00,220,19,220:0040:0249:026B:0017|221:0040:0259:026C:0017|222:0040:0281:0345:0017|223:0040:0271:0343:0017|224:0040:0261:0365:0017|225:0040:0281:0344:0027|226:0040:0271:0342:0027|227:0040:0261:0364:0027|228:0040:0251:0356:0022|229:0040:0261:0363:0037
round3_castle,0xDD,3946,0x0002,0x0003,0x0000,0x01,0x003F,0x0000,0x0001,actor_2c8,4,0x10C3C8,0x01,0x94,0x01,0x00,0x01,0x00,0x00,0x0111,0x0239,0x033E,0x00,0x40,0x04,180,10,180:0040:0209:03A2:0101|181:0040:0219:03A3:0101|182:0040:0241:0345:0101|183:0040:0231:0343:0101|184:0040:0221:0365:0101|185:0040:0241:0344:0111|186:0040:0231:0342:0111|187:0040:0221:0364:0111|188:0040:0211:0356:010C|189:0040:0221:0363:0121
round3_castle,0xDD,3946,0x0002,0x0003,0x0000,0x01,0x003F,0x0000,0x0001,actor_2c8,6,0x10C448,0x01,0x94,0x00,0x00,0x02,0x00,0x00,0x0135,0x0039,0x033E,0x00,0x40,0x00,200,10,200:4040:0009:026B:0134|201:4040:0019:026C:0134|202:4040:0041:0345:0134|203:4040:0031:0343:0134|204:4040:0021:0365:0134|205:4040:0041:0344:0124|206:4040:0031:0342:0124|207:4040:0021:0364:0124|208:4040:0011:0356:0129|209:4040:0021:0363:0114
round3_castle,0xDD,3946,0x0002,0x0003,0x0000,0x01,0x003F,0x0000,0x0001,actor_2c8,8,0x10C4C8,0x01,0x94,0x01,0x00,0x01,0x00,0x00,0x0029,0x0279,0x033E,0x00,0x40,0x00,220,19,220:0040:0249:026B:0019|221:0040:0259:026C:0019|222:0040:0281:0345:0019|223:0040:0271:0343:0019|224:0040:0261:0365:0019|225:0040:0281:0344:0029|226:0040:0271:0342:0029|227:0040:0261:0364:0029|228:0040:0251:0356:0024|229:0040:0261:0363:0039
round3_castle,0xDD,3948,0x0002,0x0003,0x0000,0x01,0x003F,0x0000,0x0001,actor_2c8,4,0x10C3C8,0x01,0x95,0x01,0x00,0x01,0x00,0x00,0x0113,0x0239,0x033E,0x00,0x40,0x04,180,10,180:0040:0209:03A2:0103|181:0040:0219:03A3:0103|182:0040:0241:0349:0103|183:0040:0231:0347:0103|184:0040:0221:0365:0103|185:0040:0241:0348:0113|186:0040:0231:0346:0113|187:0040:0221:0364:0113|188:0040:0211:0356:010E|189:0040:0221:0363:0123
round3_castle,0xDD,3948,0x0002,0x0003,0x0000,0x01,0x003F,0x0000,0x0001,actor_2c8,6,0x10C448,0x01,0x95,0x00,0x00,0x02,0x00,0x00,0x0133,0x0039,0x033E,0x00,0x40,0x00,200,10,200:4040:0009:026B:0132|201:4040:0019:026C:0132|202:4040:0041:0349:0132|203:4040:0031:0347:0132|204:4040:0021:0365:0132|205:4040:0041:0348:0122|206:4040:0031:0346:0122|207:4040:0021:0364:0122|208:4040:0011:0356:0127|209:4040:0021:0363:0112
round3_castle,0xDD,3948,0x0002,0x0003,0x0000,0x01,0x003F,0x0000,0x0001,actor_2c8,8,0x10C4C8,0x01,0x95,0x01,0x00,0x01,0x00,0x00,0x002B,0x0279,0x033E,0x00,0x40,0x00,220,19,220:0040:0249:026B:001B|221:0040:0259:026C:001B|222:0040:0281:0349:001B|223:0040:0271:0347:001B|224:0040:0261:0365:001B|225:0040:0281:0348:002B|226:0040:0271:0346:002B|227:0040:0261:0364:002B|228:0040:0251:0356:0026|229:0040:0261:0363:003B
round3_castle,0xDD,3950,0x0002,0x0003,0x0000,0x01,0x003F,0x0000,0x0001,actor_2c8,4,0x10C3C8,0x01,0x95,0x01,0x00,0x01,0x00,0x00,0x0115,0x0239,0x033E,0x00,0x40,0x04,180,10,180:0040:0209:03A2:0105|181:0040:0219:03A3:0105|182:0040:0241:0349:0105|183:0040:0231:0347:0105|184:0040:0221:0365:0105|185:0040:0241:0348:0115|186:0040:0231:0346:0115|187:0040:0221:0364:0115|188:0040:0211:0356:0110|189:0040:0221:0363:0125
round3_castle,0xDD,3950,0x0002,0x0003,0x0000,0x01,0x003F,0x0000,0x0001,actor_2c8,6,0x10C448,0x01,0x95,0x00,0x00,0x02,0x00,0x00,0x0131,0x0039,0x033E,0x00,0x40,0x00,200,10,200:4040:0009:026B:0130|201:4040:0019:026C:0130|202:4040:0041:0349:0130|203:4040:0031:0347:0130|204:4040:0021:0365:0130|205:4040:0041:0348:0120|206:4040:0031:0346:0120|207:4040:0021:0364:0120|208:4040:0011:0356:0125|209:4040:0021:0363:0110
round3_castle,0xDD,3950,0x0002,0x0003,0x0000,0x01,0x003F,0x0000,0x0001,actor_2c8,8,0x10C4C8,0x01,0x95,0x01,0x00,0x01,0x00,0x00,0x002D,0x0279,0x033E,0x00,0x40,0x00,220,19,220:0040:0249:026B:001D|221:0040:0259:026C:001D|222:0040:0281:0349:001D|223:0040:0271:0347:001D|224:0040:0261:0365:001D|225:0040:0281:0348:002D|226:0040:0271:0346:002D|227:0040:0261:0364:002D|228:0040:0251:0356:0028|229:0040:0261:0363:003D
round3_castle,0xDD,3952,0x0002,0x0003,0x0000,0x01,0x003F,0x0000,0x0001,actor_2c8,4,0x10C3C8,0x01,0x95,0x01,0x00,0x01,0x00,0x00,0x0117,0x0239,0x033E,0x00,0x40,0x04,180,10,180:0040:0209:03A2:0107|181:0040:0219:03A3:0107|182:0040:0241:0349:0107|183:0040:0231:0347:0107|184:0040:0221:0365:0107|185:0040:0241:0348:0117|186:0040:0231:0346:0117|187:0040:0221:0364:0117|188:0040:0211:0356:0112|189:0040:0221:0363:0127
round3_castle,0xDD,3952,0x0002,0x0003,0x0000,0x01,0x003F,0x0000,0x0001,actor_2c8,6,0x10C448,0x01,0x95,0x00,0x00,0x02,0x00,0x00,0x012F,0x0039,0x033E,0x00,0x40,0x00,200,10,200:4040:0009:026B:012E|201:4040:0019:026C:012E|202:4040:0041:0349:012E|203:4040:0031:0347:012E|204:4040:0021:0365:012E|205:4040:0041:0348:011E|206:4040:0031:0346:011E|207:4040:0021:0364:011E|208:4040:0011:0356:0123|209:4040:0021:0363:010E
round3_castle,0xDD,3954,0x0002,0x0003,0x0000,0x01,0x003F,0x0000,0x0001,actor_2c8,4,0x10C3C8,0x01,0x95,0x01,0x00,0x01,0x00,0x00,0x0119,0x0239,0x033E,0x00,0x40,0x04,180,10,180:0040:0209:03A2:0109|181:0040:0219:03A3:0109|182:0040:0241:0349:0109|183:0040:0231:0347:0109|184:0040:0221:0365:0109|185:0040:0241:0348:0119|186:0040:0231:0346:0119|187:0040:0221:0364:0119|188:0040:0211:0356:0114|189:0040:0221:0363:0129
round3_castle,0xDD,3954,0x0002,0x0003,0x0000,0x01,0x003F,0x0000,0x0001,actor_2c8,8,0x10C4C8,0x01,0x95,0x01,0x00,0x01,0x00,0x00,0x0031,0x0279,0x033E,0x00,0x40,0x00,220,19,220:0040:0249:026B:001F|221:0040:0259:026C:001F|222:0040:0281:0349:001F|223:0040:0271:0347:001F|224:0040:0261:0365:001F|225:0040:0281:0348:002F|226:0040:0271:0346:002F|227:0040:0261:0364:002F|228:0040:0251:0356:002A|229:0040:0261:0363:003F
round3_castle,0xDD,3956,0x0002,0x0003,0x0000,0x01,0x003F,0x0000,0x0001,actor_2c8,4,0x10C3C8,0x01,0x94,0x00,0x00,0x02,0x00,0x00,0x0117,0x0239,0x033E,0x00,0x40,0x04,180,10,180:0040:0209:03A2:0109|181:0040:0219:03A3:0109|182:0040:0241:0345:0109|183:0040:0231:0343:0109|184:0040:0221:0365:0109|185:0040:0241:0344:0119|186:0040:0231:0342:0119|187:0040:0221:0364:0119|188:0040:0211:0356:0114|189:0040:0221:0363:0129
round3_castle,0xDD,3956,0x0002,0x0003,0x0000,0x01,0x003F,0x0000,0x0001,actor_2c8,6,0x10C448,0x01,0x94,0x00,0x00,0x02,0x00,0x00,0x012B,0x0039,0x033E,0x00,0x40,0x00,200,10,200:4040:0009:026B:012C|201:4040:0019:026C:012C|202:4040:0041:0345:012C|203:4040:0031:0343:012C|204:4040:0021:0365:012C|205:4040:0041:0344:011C|206:4040:0031:0342:011C|207:4040:0021:0364:011C|208:4040:0011:0356:0121|209:4040:0021:0363:010C
round3_castle,0xDD,3956,0x0002,0x0003,0x0000,0x01,0x003F,0x0000,0x0001,actor_2c8,8,0x10C4C8,0x01,0x94,0x01,0x00,0x01,0x00,0x00,0x0033,0x0279,0x033E,0x00,0x40,0x00,220,19,220:0040:0249:026B:0021|221:0040:0259:026C:0021|222:0040:0281:0345:0021|223:0040:0271:0343:0021|224:0040:0261:0365:0021|225:0040:0281:0344:0031|226:0040:0271:0342:0031|227:0040:0261:0364:0031|228:0040:0251:0356:002C|229:0040:0261:0363:0041
round3_castle,0xDD,3958,0x0002,0x0003,0x0000,0x01,0x003F,0x0000,0x0001,actor_2c8,4,0x10C3C8,0x01,0x94,0x00,0x00,0x02,0x00,0x00,0x0115,0x0239,0x033E,0x00,0x40,0x04,180,10,180:4040:0209:03A2:0116|181:4040:0219:03A3:0116|182:4040:0241:0345:0116|183:4040:0231:0343:0116|184:4040:0221:0365:0116|185:4040:0241:0344:0106|186:4040:0231:0342:0106|187:4040:0221:0364:0106|188:4040:0211:0356:010B|189:4040:0221:0363:00F6
round3_castle,0xDD,3958,0x0002,0x0003,0x0000,0x01,0x003F,0x0000,0x0001,actor_2c8,6,0x10C448,0x01,0x94,0x00,0x00,0x02,0x00,0x00,0x0129,0x0039,0x033E,0x00,0x40,0x00,200,10,200:4040:0009:026B:012A|201:4040:0019:026C:012A|202:4040:0041:0345:012A|203:4040:0031:0343:012A|204:4040:0021:0365:012A|205:4040:0041:0344:011A|206:4040:0031:0342:011A|207:4040:0021:0364:011A|208:4040:0011:0356:011F|209:4040:0021:0363:010A
round3_castle,0xDD,3958,0x0002,0x0003,0x0000,0x01,0x003F,0x0000,0x0001,actor_2c8,8,0x10C4C8,0x01,0x94,0x01,0x00,0x01,0x00,0x00,0x0035,0x0279,0x033E,0x00,0x40,0x00,220,19,220:0040:0249:026B:0023|221:0040:0259:026C:0023|222:0040:0281:0345:0023|223:0040:0271:0343:0023|224:0040:0261:0365:0023|225:0040:0281:0344:0033|226:0040:0271:0342:0033|227:0040:0261:0364:0033|228:0040:0251:0356:002E|229:0040:0261:0363:0043
round3_castle,0xDD,3960,0x0002,0x0003,0x0000,0x01,0x003F,0x0000,0x0001,actor_2c8,4,0x10C3C8,0x01,0x94,0x00,0x00,0x02,0x00,0x00,0x0113,0x0239,0x033E,0x00,0x40,0x04,180,10,180:4040:0209:03A2:0114|181:4040:0219:03A3:0114|182:4040:0241:0345:0114|183:4040:0231:0343:0114|184:4040:0221:0365:0114|185:4040:0241:0344:0104|186:4040:0231:0342:0104|187:4040:0221:0364:0104|188:4040:0211:0356:0109|189:4040:0221:0363:00F4
round3_castle,0xDD,3960,0x0002,0x0003,0x0000,0x01,0x003F,0x0000,0x0001,actor_2c8,6,0x10C448,0x01,0x94,0x00,0x00,0x02,0x00,0x00,0x0127,0x0039,0x033E,0x00,0x40,0x00,200,10,200:4040:0009:026B:0128|201:4040:0019:026C:0128|202:4040:0041:0345:0128|203:4040:0031:0343:0128|204:4040:0021:0365:0128|205:4040:0041:0344:0118|206:4040:0031:0342:0118|207:4040:0021:0364:0118|208:4040:0011:0356:011D|209:4040:0021:0363:0108
round3_castle,0xDD,3960,0x0002,0x0003,0x0000,0x01,0x003F,0x0000,0x0001,actor_2c8,8,0x10C4C8,0x01,0x94,0x01,0x00,0x01,0x00,0x00,0x0035,0x0279,0x033E,0x00,0x40,0x00,220,19,220:0040:0249:026B:0025|221:0040:0259:026C:0025|222:0040:0281:0345:0025|223:0040:0271:0343:0025|224:0040:0261:0365:0025|225:0040:0281:0344:0035|226:0040:0271:0342:0035|227:0040:0261:0364:0035|228:0040:0251:0356:0030|229:0040:0261:0363:0045
round3_castle,0xDD,3962,0x0002,0x0003,0x0000,0x01,0x003F,0x0000,0x0001,actor_2c8,4,0x10C3C8,0x01,0x94,0x00,0x00,0x02,0x00,0x00,0x0111,0x0239,0x033E,0x00,0x40,0x04,180,10,180:4040:0209:03A2:0112|181:4040:0219:03A3:0112|182:4040:0241:0345:0112|183:4040:0231:0343:0112|184:4040:0221:0365:0112|185:4040:0241:0344:0102|186:4040:0231:0342:0102|187:4040:0221:0364:0102|188:4040:0211:0356:0107|189:4040:0221:0363:00F2
round3_castle,0xDD,3962,0x0002,0x0003,0x0000,0x01,0x003F,0x0000,0x0001,actor_2c8,6,0x10C448,0x01,0x94,0x00,0x00,0x02,0x00,0x00,0x0127,0x0039,0x033E,0x00,0x40,0x00,200,10,200:4040:0009:026B:0126|201:4040:0019:026C:0126|202:4040:0041:0345:0126|203:4040:0031:0343:0126|204:4040:0021:0365:0126|205:4040:0041:0344:0116|206:4040:0031:0342:0116|207:4040:0021:0364:0116|208:4040:0011:0356:011B|209:4040:0021:0363:0106
round3_castle,0xDD,3964,0x0002,0x0003,0x0000,0x01,0x003F,0x0000,0x0001,actor_2c8,4,0x10C3C8,0x01,0x93,0x00,0x00,0x02,0x00,0x00,0x0111,0x0239,0x033E,0x00,0x40,0x04,180,10,180:4040:0209:03A2:0110|181:4040:0219:03A3:0110|182:4040:0241:0341:0110|183:4040:0231:033F:0110|184:4040:0221:0365:0110|185:4040:0241:0340:0100|186:4040:0231:033E:0100|187:4040:0221:0364:0100|188:4040:0211:0356:0105|189:4040:0221:0363:00F0
round3_castle,0xDD,3964,0x0002,0x0003,0x0000,0x01,0x003F,0x0000,0x0001,actor_2c8,6,0x10C448,0x01,0x93,0x00,0x00,0x02,0x00,0x00,0x0125,0x0039,0x033E,0x00,0x40,0x00,200,10,200:4040:0009:026B:0124|201:4040:0019:026C:0124|202:4040:0041:0341:0124|203:4040:0031:033F:0124|204:4040:0021:0365:0124|205:4040:0041:0340:0114|206:4040:0031:033E:0114|207:4040:0021:0364:0114|208:4040:0011:0356:0119|209:4040:0021:0363:0104
round3_castle,0xDD,3964,0x0002,0x0003,0x0000,0x01,0x003F,0x0000,0x0001,actor_2c8,8,0x10C4C8,0x01,0x93,0x00,0x00,0x02,0x00,0x00,0x0031,0x0279,0x033E,0x00,0x40,0x00,220,19,220:4040:0249:026B:0030|221:4040:0259:026C:0030|222:4040:0281:0341:0030|223:4040:0271:033F:0030|224:4040:0261:0365:0030|225:4040:0281:0340:0020|226:4040:0271:033E:0020|227:4040:0261:0364:0020|228:4040:0251:0356:0025|229:4040:0261:0363:0010
round3_castle,0xDD,3966,0x0002,0x0003,0x0000,0x01,0x003F,0x0000,0x0001,actor_2c8,4,0x10C3C8,0x01,0x93,0x00,0x00,0x02,0x00,0x00,0x010F,0x0239,0x033E,0x00,0x40,0x04,180,10,180:4040:0209:03A2:010E|181:4040:0219:03A3:010E|182:4040:0241:0341:010E|183:4040:0231:033F:010E|184:4040:0221:0365:010E|185:4040:0241:0340:00FE|186:4040:0231:033E:00FE|187:4040:0221:0364:00FE|188:4040:0211:0356:0103|189:4040:0221:0363:00EE
round3_castle,0xDD,3966,0x0002,0x0003,0x0000,0x01,0x003F,0x0000,0x0001,actor_2c8,6,0x10C448,0x01,0x93,0x00,0x00,0x02,0x00,0x00,0x0123,0x0039,0x033E,0x00,0x40,0x00,200,10,200:4040:0009:026B:0122|201:4040:0019:026C:0122|202:4040:0041:0341:0122|203:4040:0031:033F:0122|204:4040:0021:0365:0122|205:4040:0041:0340:0112|206:4040:0031:033E:0112|207:4040:0021:0364:0112|208:4040:0011:0356:0117|209:4040:0021:0363:0102
round3_castle,0xDD,3966,0x0002,0x0003,0x0000,0x01,0x003F,0x0000,0x0001,actor_2c8,8,0x10C4C8,0x01,0x93,0x00,0x00,0x02,0x00,0x00,0x002F,0x0279,0x033E,0x00,0x40,0x00,220,19,220:4040:0249:026B:002E|221:4040:0259:026C:002E|222:4040:0281:0341:002E|223:4040:0271:033F:002E|224:4040:0261:0365:002E|225:4040:0281:0340:001E|226:4040:0271:033E:001E|227:4040:0261:0364:001E|228:4040:0251:0356:0023|229:4040:0261:0363:000E
round3_castle,0xDD,3968,0x0002,0x0003,0x0000,0x01,0x003F,0x0000,0x0001,actor_2c8,4,0x10C3C8,0x01,0x93,0x00,0x00,0x02,0x00,0x00,0x010D,0x0239,0x033E,0x00,0x40,0x04,180,10,180:4040:0209:03A2:010C|181:4040:0219:03A3:010C|182:4040:0241:0341:010C|183:4040:0231:033F:010C|184:4040:0221:0365:010C|185:4040:0241:0340:00FC|186:4040:0231:033E:00FC|187:4040:0221:0364:00FC|188:4040:0211:0356:0101|189:4040:0221:0363:00EC
round3_castle,0xDD,3968,0x0002,0x0003,0x0000,0x01,0x003F,0x0000,0x0001,actor_2c8,6,0x10C448,0x01,0x93,0x00,0x00,0x02,0x00,0x00,0x0121,0x0039,0x033E,0x00,0x40,0x00,200,10,200:4040:0009:026B:0120|201:4040:0019:026C:0120|202:4040:0041:0341:0120|203:4040:0031:033F:0120|204:4040:0021:0365:0120|205:4040:0041:0340:0110|206:4040:0031:033E:0110|207:4040:0021:0364:0110|208:4040:0011:0356:0115|209:4040:0021:0363:0100
round3_castle,0xDD,3970,0x0002,0x0003,0x0000,0x01,0x003F,0x0000,0x0001,actor_2c8,4,0x10C3C8,0x01,0x93,0x00,0x00,0x02,0x00,0x00,0x010B,0x0239,0x033E,0x00,0x40,0x04,180,10,180:4040:0209:03A2:010A|181:4040:0219:03A3:010A|182:4040:0241:0341:010A|183:4040:0231:033F:010A|184:4040:0221:0365:010A|185:4040:0241:0340:00FA|186:4040:0231:033E:00FA|187:4040:0221:0364:00FA|188:4040:0211:0356:00FF|189:4040:0221:0363:00EA
round3_castle,0xDD,3972,0x0002,0x0003,0x0000,0x01,0x003F,0x0000,0x0001,actor_2c8,4,0x10C3C8,0x01,0x94,0x00,0x00,0x02,0x00,0x00,0x0109,0x0239,0x033E,0x00,0x40,0x04,180,10,180:4040:0209:03A2:0108|181:4040:0219:03A3:0108|182:4040:0241:0345:0108|183:4040:0231:0343:0108|184:4040:0221:0365:0108|185:4040:0241:0344:00F8|186:4040:0231:0342:00F8|187:4040:0221:0364:00F8|188:4040:0211:0356:00FD|189:4040:0221:0363:00E8
round3_castle,0xDD,3972,0x0002,0x0003,0x0000,0x01,0x003F,0x0000,0x0001,actor_2c8,8,0x10C4C8,0x01,0x94,0x00,0x00,0x02,0x00,0x00,0x0029,0x0279,0x033E,0x00,0x40,0x00,220,19,220:4040:0249:026B:002A|221:4040:0259:026C:002A|222:4040:0281:0345:002A|223:4040:0271:0343:002A|224:4040:0261:0365:002A|225:4040:0281:0344:001A|226:4040:0271:0342:001A|227:4040:0261:0364:001A|228:4040:0251:0356:001F|229:4040:0261:0363:000A
round3_castle,0xDD,3974,0x0002,0x0003,0x0000,0x01,0x003F,0x0000,0x0001,actor_2c8,6,0x10C448,0x01,0x94,0x00,0x00,0x02,0x00,0x00,0x011B,0x0039,0x033E,0x00,0x40,0x00,200,10,200:4040:0009:026B:011C|201:4040:0019:026C:011C|202:4040:0041:0345:011C|203:4040:0031:0343:011C|204:4040:0021:0365:011C|205:4040:0041:0344:010C|206:4040:0031:0342:010C|207:4040:0021:0364:010C|208:4040:0011:0356:0111|209:4040:0021:0363:00FC
round3_castle,0xDD,3974,0x0002,0x0003,0x0000,0x01,0x003F,0x0000,0x0001,actor_2c8,8,0x10C4C8,0x01,0x94,0x00,0x00,0x02,0x00,0x00,0x0027,0x0279,0x033E,0x00,0x40,0x00,220,19,220:4040:0249:026B:0028|221:4040:0259:026C:0028|222:4040:0281:0345:0028|223:4040:0271:0343:0028|224:4040:0261:0365:0028|225:4040:0281:0344:0018|226:4040:0271:0342:0018|227:4040:0261:0364:0018|228:4040:0251:0356:001D|229:4040:0261:0363:0008
round3_castle,0xDD,3976,0x0002,0x0003,0x0000,0x01,0x003F,0x0000,0x0001,actor_2c8,4,0x10C3C8,0x01,0x94,0x00,0x00,0x02,0x00,0x00,0x0105,0x0239,0x033E,0x00,0x40,0x04,180,10,180:4040:0209:03A2:0106|181:4040:0219:03A3:0106|182:4040:0241:0345:0106|183:4040:0231:0343:0106|184:4040:0221:0365:0106|185:4040:0241:0344:00F6|186:4040:0231:0342:00F6|187:4040:0221:0364:00F6|188:4040:0211:0356:00FB|189:4040:0221:0363:00E6
round3_castle,0xDD,3976,0x0002,0x0003,0x0000,0x01,0x003F,0x0000,0x0001,actor_2c8,6,0x10C448,0x01,0x94,0x00,0x00,0x02,0x00,0x00,0x0119,0x0039,0x033E,0x00,0x40,0x00,200,10,200:4040:0009:026B:011A|201:4040:0019:026C:011A|202:4040:0041:0345:011A|203:4040:0031:0343:011A|204:4040:0021:0365:011A|205:4040:0041:0344:010A|206:4040:0031:0342:010A|207:4040:0021:0364:010A|208:4040:0011:0356:010F|209:4040:0021:0363:00FA
round3_castle,0xDD,3978,0x0002,0x0003,0x0000,0x01,0x003F,0x0000,0x0001,actor_2c8,4,0x10C3C8,0x01,0x94,0x00,0x00,0x02,0x00,0x00,0x0103,0x0239,0x033E,0x00,0x40,0x04,180,10,180:4040:0209:03A2:0104|181:4040:0219:03A3:0104|182:4040:0241:0345:0104|183:4040:0231:0343:0104|184:4040:0221:0365:0104|185:4040:0241:0344:00F4|186:4040:0231:0342:00F4|187:4040:0221:0364:00F4|188:4040:0211:0356:00F9|189:4040:0221:0363:00E4
round3_castle,0xDD,3978,0x0002,0x0003,0x0000,0x01,0x003F,0x0000,0x0001,actor_2c8,6,0x10C448,0x01,0x94,0x00,0x00,0x02,0x00,0x00,0x0117,0x0039,0x033E,0x00,0x40,0x00,200,10,200:4040:0009:026B:0118|201:4040:0019:026C:0118|202:4040:0041:0345:0118|203:4040:0031:0343:0118|204:4040:0021:0365:0118|205:4040:0041:0344:0108|206:4040:0031:0342:0108|207:4040:0021:0364:0108|208:4040:0011:0356:010D|209:4040:0021:0363:00F8
round3_castle,0xDD,3980,0x0002,0x0003,0x0000,0x01,0x003F,0x0000,0x0001,actor_2c8,4,0x10C3C8,0x01,0x95,0x00,0x00,0x02,0x00,0x00,0x0101,0x0239,0x033E,0x00,0x40,0x04,180,10,180:4040:0209:03A2:0102|181:4040:0219:03A3:0102|182:4040:0241:0349:0102|183:4040:0231:0347:0102|184:4040:0221:0365:0102|185:4040:0241:0348:00F2|186:4040:0231:0346:00F2|187:4040:0221:0364:00F2|188:4040:0211:0356:00F7|189:4040:0221:0363:00E2
round3_castle,0xDD,3980,0x0002,0x0003,0x0000,0x01,0x003F,0x0000,0x0001,actor_2c8,6,0x10C448,0x01,0x95,0x00,0x00,0x02,0x00,0x00,0x0117,0x0039,0x033E,0x00,0x40,0x00,200,10,200:4040:0009:026B:0116|201:4040:0019:026C:0116|202:4040:0041:0349:0116|203:4040:0031:0347:0116|204:4040:0021:0365:0116|205:4040:0041:0348:0106|206:4040:0031:0346:0106|207:4040:0021:0364:0106|208:4040:0011:0356:010B|209:4040:0021:0363:00F6
round3_castle,0xDD,3980,0x0002,0x0003,0x0000,0x01,0x003F,0x0000,0x0001,actor_2c8,8,0x10C4C8,0x01,0x95,0x01,0x00,0x01,0x00,0x00,0x0027,0x0279,0x033E,0x00,0x40,0x00,220,19,220:0040:0249:026B:0017|221:0040:0259:026C:0017|222:0040:0281:0349:0017|223:0040:0271:0347:0017|224:0040:0261:0365:0017|225:0040:0281:0348:0027|226:0040:0271:0346:0027|227:0040:0261:0364:0027|228:0040:0251:0356:0022|229:0040:0261:0363:0037
round3_castle,0xDD,3982,0x0002,0x0003,0x0000,0x01,0x003F,0x0000,0x0001,actor_2c8,4,0x10C3C8,0x01,0x95,0x00,0x00,0x02,0x00,0x00,0x0101,0x0239,0x033E,0x00,0x40,0x04,180,10,180:4040:0209:03A2:0100|181:4040:0219:03A3:0100|182:4040:0241:0349:0100|183:4040:0231:0347:0100|184:4040:0221:0365:0100|185:4040:0241:0348:00F0|186:4040:0231:0346:00F0|187:4040:0221:0364:00F0|188:4040:0211:0356:00F5|189:4040:0221:0363:00E0
round3_castle,0xDD,3982,0x0002,0x0003,0x0000,0x01,0x003F,0x0000,0x0001,actor_2c8,6,0x10C448,0x01,0x95,0x00,0x00,0x02,0x00,0x00,0x0115,0x0039,0x033E,0x00,0x40,0x00,200,10,200:4040:0009:026B:0114|201:4040:0019:026C:0114|202:4040:0041:0349:0114|203:4040:0031:0347:0114|204:4040:0021:0365:0114|205:4040:0041:0348:0104|206:4040:0031:0346:0104|207:4040:0021:0364:0104|208:4040:0011:0356:0109|209:4040:0021:0363:00F4
round3_castle,0xDD,3982,0x0002,0x0003,0x0000,0x01,0x003F,0x0000,0x0001,actor_2c8,8,0x10C4C8,0x01,0x95,0x01,0x00,0x01,0x00,0x00,0x0029,0x0279,0x033E,0x00,0x40,0x00,220,19,220:0040:0249:026B:0019|221:0040:0259:026C:0019|222:0040:0281:0349:0019|223:0040:0271:0347:0019|224:0040:0261:0365:0019|225:0040:0281:0348:0029|226:0040:0271:0346:0029|227:0040:0261:0364:0029|228:0040:0251:0356:0024|229:0040:0261:0363:0039
round3_castle,0xDD,3984,0x0002,0x0003,0x0000,0x01,0x003F,0x0000,0x0001,actor_2c8,4,0x10C3C8,0x01,0x95,0x00,0x00,0x02,0x00,0x00,0x00FF,0x0239,0x033E,0x00,0x40,0x04,180,10,180:4040:0209:03A2:00FE|181:4040:0219:03A3:00FE|182:4040:0241:0349:00FE|183:4040:0231:0347:00FE|184:4040:0221:0365:00FE|185:4040:0241:0348:00EE|186:4040:0231:0346:00EE|187:4040:0221:0364:00EE|188:4040:0211:0356:00F3|189:4040:0221:0363:00DE
round3_castle,0xDD,3984,0x0002,0x0003,0x0000,0x01,0x003F,0x0000,0x0001,actor_2c8,6,0x10C448,0x01,0x95,0x00,0x00,0x02,0x00,0x00,0x0113,0x0039,0x033E,0x00,0x40,0x00,200,10,200:4040:0009:026B:0112|201:4040:0019:026C:0112|202:4040:0041:0349:0112|203:4040:0031:0347:0112|204:4040:0021:0365:0112|205:4040:0041:0348:0102|206:4040:0031:0346:0102|207:4040:0021:0364:0102|208:4040:0011:0356:0107|209:4040:0021:0363:00F2
round3_castle,0xDD,3986,0x0002,0x0003,0x0000,0x01,0x003F,0x0000,0x0001,actor_2c8,4,0x10C3C8,0x01,0x95,0x00,0x00,0x02,0x00,0x00,0x00FD,0x0239,0x033E,0x00,0x40,0x04,180,10,180:4040:0209:03A2:00FC|181:4040:0219:03A3:00FC|182:4040:0241:0349:00FC|183:4040:0231:0347:00FC|184:4040:0221:0365:00FC|185:4040:0241:0348:00EC|186:4040:0231:0346:00EC|187:4040:0221:0364:00EC|188:4040:0211:0356:00F1|189:4040:0221:0363:00DC
round3_castle,0xDD,3986,0x0002,0x0003,0x0000,0x01,0x003F,0x0000,0x0001,actor_2c8,6,0x10C448,0x01,0x95,0x00,0x00,0x02,0x00,0x00,0x0111,0x0039,0x033E,0x00,0x40,0x00,200,10,200:4040:0009:026B:0110|201:4040:0019:026C:0110|202:4040:0041:0349:0110|203:4040:0031:0347:0110|204:4040:0021:0365:0110|205:4040:0041:0348:0100|206:4040:0031:0346:0100|207:4040:0021:0364:0100|208:4040:0011:0356:0105|209:4040:0021:0363:00F0
round3_castle,0xDD,3988,0x0002,0x0003,0x0000,0x01,0x003F,0x0000,0x0001,actor_2c8,4,0x10C3C8,0x01,0x94,0x00,0x00,0x02,0x00,0x00,0x00FB,0x0239,0x033E,0x00,0x40,0x04,180,10,180:4040:0209:03A2:00FA|181:4040:0219:03A3:00FA|182:4040:0241:0345:00FA|183:4040:0231:0343:00FA|184:4040:0221:0365:00FA|185:4040:0241:0344:00EA|186:4040:0231:0342:00EA|187:4040:0221:0364:00EA|188:4040:0211:0356:00EF|189:4040:0221:0363:00DA
round3_castle,0xDD,3988,0x0002,0x0003,0x0000,0x01,0x003F,0x0000,0x0001,actor_2c8,6,0x10C448,0x01,0x94,0x00,0x00,0x02,0x00,0x00,0x010F,0x0039,0x033E,0x00,0x40,0x00,200,10,200:4040:0009:026B:010E|201:4040:0019:026C:010E|202:4040:0041:0345:010E|203:4040:0031:0343:010E|204:4040:0021:0365:010E|205:4040:0041:0344:00FE|206:4040:0031:0342:00FE|207:4040:0021:0364:00FE|208:4040:0011:0356:0103|209:4040:0021:0363:00EE
round3_castle,0xDD,3988,0x0002,0x0003,0x0000,0x01,0x003F,0x0000,0x0001,actor_2c8,8,0x10C4C8,0x01,0x94,0x01,0x00,0x01,0x00,0x00,0x002F,0x0279,0x033E,0x00,0x40,0x00,220,19,220:0040:0249:026B:001D|221:0040:0259:026C:001D|222:0040:0281:0345:001D|223:0040:0271:0343:001D|224:0040:0261:0365:001D|225:0040:0281:0344:002D|226:0040:0271:0342:002D|227:0040:0261:0364:002D|228:0040:0251:0356:0028|229:0040:0261:0363:003D
round3_castle,0xDD,3990,0x0002,0x0003,0x0000,0x01,0x003F,0x0000,0x0001,actor_2c8,4,0x10C3C8,0x01,0x94,0x00,0x00,0x02,0x00,0x00,0x00F9,0x0239,0x033E,0x00,0x40,0x04,180,10,180:4040:0209:03A2:00F8|181:4040:0219:03A3:00F8|182:4040:0241:0345:00F8|183:4040:0231:0343:00F8|184:4040:0221:0365:00F8|185:4040:0241:0344:00E8|186:4040:0231:0342:00E8|187:4040:0221:0364:00E8|188:4040:0211:0356:00ED|189:4040:0221:0363:00D8
round3_castle,0xDD,3990,0x0002,0x0003,0x0000,0x01,0x003F,0x0000,0x0001,actor_2c8,8,0x10C4C8,0x01,0x94,0x01,0x00,0x01,0x00,0x00,0x0031,0x0279,0x033E,0x00,0x40,0x00,220,19,220:0040:0249:026B:001F|221:0040:0259:026C:001F|222:0040:0281:0345:001F|223:0040:0271:0343:001F|224:0040:0261:0365:001F|225:0040:0281:0344:002F|226:0040:0271:0342:002F|227:0040:0261:0364:002F|228:0040:0251:0356:002A|229:0040:0261:0363:003F
round3_castle,0xDD,3992,0x0002,0x0003,0x0000,0x01,0x003F,0x0000,0x0001,actor_2c8,4,0x10C3C8,0x01,0x96,0x00,0x00,0x08,0x00,0x00,0x00F6,0x0239,0x033E,0x00,0x40,0x04,180,10,180:4040:0209:03A2:00F8|181:4040:0219:03A3:00F8|182:4040:0241:0345:00F8|183:4040:0231:0343:00F8|184:4040:0221:0365:00F8|185:4040:0241:0344:00E8|186:4040:0231:0342:00E8|187:4040:0221:0364:00E8|188:4040:0211:0356:00ED|189:4040:0221:0363:00D8
round3_castle,0xDD,3992,0x0002,0x0003,0x0000,0x01,0x003F,0x0000,0x0001,actor_2c8,6,0x10C448,0x01,0x94,0x00,0x00,0x02,0x00,0x00,0x010B,0x0039,0x033E,0x00,0x40,0x00,200,10,200:4040:0009:026B:010C|201:4040:0019:026C:010C|202:4040:0041:0345:010C|203:4040:0031:0343:010C|204:4040:0021:0365:010C|205:4040:0041:0344:00FC|206:4040:0031:0342:00FC|207:4040:0021:0364:00FC|208:4040:0011:0356:0101|209:4040:0021:0363:00EC
round3_castle,0xDD,3994,0x0002,0x0003,0x0000,0x01,0x003F,0x0000,0x0001,actor_2c8,4,0x10C3C8,0x01,0x96,0x00,0x00,0x08,0x00,0x00,0x00F2,0x023A,0x033E,0x00,0x40,0x04,180,10,180:4040:0209:03A2:00F5|181:4040:0219:03A3:00F5|182:4040:0241:0385:00F5|183:4040:0231:0383:00F5|184:4040:0221:0365:00F5|185:4040:0231:0382:00E5|186:4040:0221:0387:00E5|187:4040:0211:0356:00E9|188:4040:0221:0386:00D5|189:4040:0211:0388:00DD
round3_castle,0xDD,3994,0x0002,0x0003,0x0000,0x01,0x003F,0x0000,0x0001,actor_2c8,6,0x10C448,0x01,0x94,0x00,0x00,0x02,0x00,0x00,0x0109,0x0039,0x033E,0x00,0x40,0x00,200,10,200:4040:0009:026B:010A|201:4040:0019:026C:010A|202:4040:0041:0345:010A|203:4040:0031:0343:010A|204:4040:0021:0365:010A|205:4040:0041:0344:00FA|206:4040:0031:0342:00FA|207:4040:0021:0364:00FA|208:4040:0011:0356:00FF|209:4040:0021:0363:00EA
round3_castle,0xDD,3996,0x0002,0x0003,0x0000,0x01,0x003F,0x0000,0x0001,actor_2c8,4,0x10C3C8,0x01,0x96,0x00,0x00,0x08,0x00,0x00,0x00EF,0x023B,0x033E,0x00,0x40,0x04,180,10,180:4040:020A:03A2:00F1|181:4040:021A:03A3:00F1|182:4040:0242:0385:00F1|183:4040:0232:0383:00F1|184:4040:0222:0365:00F1|185:4040:0232:0382:00E1|186:4040:0222:0387:00E1|187:4040:0212:0356:00E5|188:4040:0222:0386:00D1|189:4040:0212:0388:00D9
round3_castle,0xDD,3996,0x0002,0x0003,0x0000,0x01,0x003F,0x0000,0x0001,actor_2c8,6,0x10C448,0x01,0x93,0x00,0x00,0x02,0x00,0x00,0x0107,0x0039,0x033E,0x00,0x40,0x00,200,10,200:4040:0009:026B:0108|201:4040:0019:026C:0108|202:4040:0041:0341:0108|203:4040:0031:033F:0108|204:4040:0021:0365:0108|205:4040:0041:0340:00F8|206:4040:0031:033E:00F8|207:4040:0021:0364:00F8|208:4040:0011:0356:00FD|209:4040:0021:0363:00E8
round3_castle,0xDD,3996,0x0002,0x0003,0x0000,0x01,0x003F,0x0000,0x0001,actor_2c8,8,0x10C4C8,0x01,0x93,0x01,0x00,0x01,0x00,0x00,0x0035,0x0279,0x033E,0x00,0x40,0x00,220,19,220:0040:0249:026B:0025|221:0040:0259:026C:0025|222:0040:0281:0341:0025|223:0040:0271:033F:0025|224:0040:0261:0365:0025|225:0040:0281:0340:0035|226:0040:0271:033E:0035|227:0040:0261:0364:0035|228:0040:0251:0356:0030|229:0040:0261:0363:0045
round3_castle,0xDD,3998,0x0002,0x0003,0x0000,0x01,0x003F,0x0000,0x0001,actor_2c8,4,0x10C3C8,0x01,0x96,0x00,0x00,0x08,0x00,0x00,0x00EC,0x023C,0x033E,0x00,0x40,0x04,180,10,180:4040:020B:03A2:00EE|181:4040:021B:03A3:00EE|182:4040:0243:0385:00EE|183:4040:0233:0383:00EE|184:4040:0223:0365:00EE|185:4040:0233:0382:00DE|186:4040:0223:0387:00DE|187:4040:0213:0356:00E2|188:4040:0223:0386:00CE|189:4040:0213:0388:00D6
round3_castle,0xDD,3998,0x0002,0x0003,0x0000,0x01,0x003F,0x0000,0x0001,actor_2c8,6,0x10C448,0x01,0x93,0x00,0x00,0x02,0x00,0x00,0x0107,0x0039,0x033E,0x00,0x40,0x00,200,10,200:4040:0009:026B:0106|201:4040:0019:026C:0106|202:4040:0041:0341:0106|203:4040:0031:033F:0106|204:4040:0021:0365:0106|205:4040:0041:0340:00F6|206:4040:0031:033E:00F6|207:4040:0021:0364:00F6|208:4040:0011:0356:00FB|209:4040:0021:0363:00E6
round3_castle,0xDD,3998,0x0002,0x0003,0x0000,0x01,0x003F,0x0000,0x0001,actor_2c8,8,0x10C4C8,0x01,0x93,0x01,0x00,0x01,0x00,0x00,0x0037,0x0279,0x033E,0x00,0x40,0x00,220,19,220:0040:0249:026B:0027|221:0040:0259:026C:0027|222:0040:0281:0341:0027|223:0040:0271:033F:0027|224:0040:0261:0365:0027|225:0040:0281:0340:0037|226:0040:0271:033E:0037|227:0040:0261:0364:0037|228:0040:0251:0356:0032|229:0040:0261:0363:0047
round3_castle,0xDD,4000,0x0002,0x0003,0x0000,0x01,0x003F,0x0000,0x0001,actor_2c8,4,0x10C3C8,0x01,0x96,0x00,0x00,0x08,0x00,0x00,0x00E9,0x023E,0x033E,0x00,0x40,0x04,180,10,180:4040:020C:03A2:00EB|181:4040:021C:03A3:00EB|182:4040:0244:0385:00EB|183:4040:0234:0383:00EB|184:4040:0224:0365:00EB|185:4040:0234:0382:00DB|186:4040:0224:0387:00DB|187:4040:0214:0356:00DF|188:4040:0224:0386:00CB|189:4040:0214:0388:00D3
round3_castle,0xDD,4000,0x0002,0x0003,0x0000,0x01,0x003F,0x0000,0x0001,actor_2c8,6,0x10C448,0x01,0x93,0x00,0x00,0x02,0x00,0x00,0x0105,0x0039,0x033E,0x00,0x40,0x00,200,10,200:4040:0009:026B:0104|201:4040:0019:026C:0104|202:4040:0041:0341:0104|203:4040:0031:033F:0104|204:4040:0021:0365:0104|205:4040:0041:0340:00F4|206:4040:0031:033E:00F4|207:4040:0021:0364:00F4|208:4040:0011:0356:00F9|209:4040:0021:0363:00E4
round3_castle,0xDD,4000,0x0002,0x0003,0x0000,0x01,0x003F,0x0000,0x0001,actor_2c8,8,0x10C4C8,0x01,0x93,0x01,0x00,0x01,0x00,0x00,0x0039,0x0279,0x033E,0x00,0x40,0x00,220,19,220:0040:0249:026B:0029|221:0040:0259:026C:0029|222:0040:0281:0341:0029|223:0040:0271:033F:0029|224:0040:0261:0365:0029|225:0040:0281:0340:0039|226:0040:0271:033E:0039|227:0040:0261:0364:0039|228:0040:0251:0356:0034|229:0040:0261:0363:0049
round3_castle,0xDD,4002,0x0002,0x0003,0x0000,0x01,0x003F,0x0000,0x0001,actor_2c8,4,0x10C3C8,0x01,0x96,0x00,0x00,0x08,0x00,0x00,0x00E6,0x0240,0x033E,0x00,0x40,0x04,180,10,180:4040:020E:03A2:00E8|181:4040:021E:03A3:00E8|182:4040:0246:0385:00E8|183:4040:0236:0383:00E8|184:4040:0226:0365:00E8|185:4040:0236:0382:00D8|186:4040:0226:0387:00D8|187:4040:0216:0356:00DC|188:4040:0226:0386:00C8|189:4040:0216:0388:00D0
round3_castle,0xDD,4002,0x0002,0x0003,0x0000,0x01,0x003F,0x0000,0x0001,actor_2c8,6,0x10C448,0x01,0x93,0x00,0x00,0x02,0x00,0x00,0x0103,0x0039,0x033E,0x00,0x40,0x00,200,10,200:4040:0009:026B:0102|201:4040:0019:026C:0102|202:4040:0041:0341:0102|203:4040:0031:033F:0102|204:4040:0021:0365:0102|205:4040:0041:0340:00F2|206:4040:0031:033E:00F2|207:4040:0021:0364:00F2|208:4040:0011:0356:00F7|209:4040:0021:0363:00E2
round3_castle,0xDD,4002,0x0002,0x0003,0x0000,0x01,0x003F,0x0000,0x0001,actor_2c8,8,0x10C4C8,0x01,0x93,0x01,0x00,0x01,0x00,0x00,0x003B,0x0279,0x033E,0x00,0x40,0x00,220,19,220:0040:0249:026B:002B|221:0040:0259:026C:002B|222:0040:0281:0341:002B|223:0040:0271:033F:002B|224:0040:0261:0365:002B|225:0040:0281:0340:003B|226:0040:0271:033E:003B|227:0040:0261:0364:003B|228:0040:0251:0356:0036|229:0040:0261:0363:004B
round3_castle,0xDD,4004,0x0002,0x0003,0x0000,0x01,0x003F,0x0000,0x0001,actor_2c8,4,0x10C3C8,0x01,0x96,0x00,0x00,0x08,0x00,0x00,0x00E3,0x0243,0x033E,0x00,0x40,0x04,180,10,180:4040:0210:03A2:00E5|181:4040:0220:03A3:00E5|182:4040:0248:0385:00E5|183:4040:0238:0383:00E5|184:4040:0228:0365:00E5|185:4040:0238:0382:00D5|186:4040:0228:0387:00D5|187:4040:0218:0356:00D9|188:4040:0228:0386:00C5|189:4040:0218:0388:00CD
round3_castle,0xDD,4004,0x0002,0x0003,0x0000,0x01,0x003F,0x0000,0x0001,actor_2c8,6,0x10C448,0x01,0x94,0x00,0x00,0x02,0x00,0x00,0x0101,0x0039,0x033E,0x00,0x40,0x00,200,10,200:4040:0009:026B:0100|201:4040:0019:026C:0100|202:4040:0041:0345:0100|203:4040:0031:0343:0100|204:4040:0021:0365:0100|205:4040:0041:0344:00F0|206:4040:0031:0342:00F0|207:4040:0021:0364:00F0|208:4040:0011:0356:00F5|209:4040:0021:0363:00E0
round3_castle,0xDD,4004,0x0002,0x0003,0x0000,0x01,0x003F,0x0000,0x0001,actor_2c8,8,0x10C4C8,0x01,0x94,0x01,0x00,0x01,0x00,0x00,0x003D,0x0279,0x033E,0x00,0x40,0x00,220,19,220:0040:0249:026B:002D|221:0040:0259:026C:002D|222:0040:0281:0345:002D|223:0040:0271:0343:002D|224:0040:0261:0365:002D|225:0040:0281:0344:003D|226:0040:0271:0342:003D|227:0040:0261:0364:003D|228:0040:0251:0356:0038|229:0040:0261:0363:004D
round3_castle,0xDD,4006,0x0002,0x0003,0x0000,0x01,0x003F,0x0000,0x0001,actor_2c8,4,0x10C3C8,0x01,0x96,0x00,0x00,0x08,0x00,0x00,0x00E0,0x0246,0x033E,0x00,0x40,0x04,180,10,180:4040:0213:03A2:00E2|181:4040:0223:03A3:00E2|182:4040:024B:0385:00E2|183:4040:023B:0383:00E2|184:4040:022B:0365:00E2|185:4040:023B:0382:00D2|186:4040:022B:0387:00D2|187:4040:021B:0356:00D6|188:4040:022B:0386:00C2|189:4040:021B:0388:00CA
round3_castle,0xDD,4006,0x0002,0x0003,0x0000,0x01,0x003F,0x0000,0x0001,actor_2c8,6,0x10C448,0x01,0x94,0x00,0x00,0x02,0x00,0x00,0x00FF,0x0039,0x033E,0x00,0x40,0x00,200,10,200:4040:0009:026B:00FE|201:4040:0019:026C:00FE|202:4040:0041:0345:00FE|203:4040:0031:0343:00FE|204:4040:0021:0365:00FE|205:4040:0041:0344:00EE|206:4040:0031:0342:00EE|207:4040:0021:0364:00EE|208:4040:0011:0356:00F3|209:4040:0021:0363:00DE
round3_castle,0xDD,4008,0x0002,0x0003,0x0000,0x01,0x003F,0x0000,0x0001,actor_2c8,4,0x10C3C8,0x01,0x96,0x00,0x00,0x08,0x00,0x00,0x00DE,0x0249,0x033E,0x00,0x40,0x04,180,10,180:4040:0216:03A2:00DF|181:4040:0226:03A3:00DF|182:4040:024E:0385:00DF|183:4040:023E:0383:00DF|184:4040:022E:0365:00DF|185:4040:023E:0382:00CF|186:4040:022E:0387:00CF|187:4040:021E:0356:00D3|188:4040:022E:0386:00BF|189:4040:021E:0388:00C7
round3_castle,0xDD,4010,0x0002,0x0003,0x0000,0x01,0x003F,0x0000,0x0001,actor_2c8,4,0x10C3C8,0x01,0x96,0x00,0x00,0x08,0x00,0x00,0x00DC,0x024C,0x033E,0x00,0x40,0x04,180,10,180:4040:0219:03A2:00DD|181:4040:0229:03A3:00DD|182:4040:0251:0385:00DD|183:4040:0241:0383:00DD|184:4040:0231:0365:00DD|185:4040:0241:0382:00CD|186:4040:0231:0387:00CD|187:4040:0221:0356:00D1|188:4040:0231:0386:00BD|189:4040:0221:0388:00C5
round3_castle,0xDD,4010,0x0002,0x0003,0x0000,0x01,0x003F,0x0000,0x0001,actor_2c8,6,0x10C448,0x01,0x94,0x00,0x00,0x02,0x00,0x00,0x00FB,0x0039,0x033E,0x00,0x40,0x00,200,10,200:4040:0009:026B:00FC|201:4040:0019:026C:00FC|202:4040:0041:0345:00FC|203:4040:0031:0343:00FC|204:4040:0021:0365:00FC|205:4040:0041:0344:00EC|206:4040:0031:0342:00EC|207:4040:0021:0364:00EC|208:4040:0011:0356:00F1|209:4040:0021:0363:00DC
round3_castle,0xDD,4012,0x0002,0x0003,0x0000,0x01,0x003F,0x0000,0x0001,actor_2c8,4,0x10C3C8,0x01,0x94,0x00,0x00,0x08,0x00,0x00,0x00DB,0x024F,0x033E,0x00,0x40,0x04,180,10,180:4040:021C:03A2:00DB|181:4040:022C:03A3:00DB|182:4040:0254:0385:00DB|183:4040:0244:0383:00DB|184:4040:0234:0365:00DB|185:4040:0244:0382:00CB|186:4040:0234:0387:00CB|187:4040:0224:0356:00CF|188:4040:0234:0386:00BB|189:4040:0224:0388:00C3
round3_castle,0xDD,4012,0x0002,0x0003,0x0000,0x01,0x003F,0x0000,0x0001,actor_2c8,6,0x10C448,0x01,0x95,0x00,0x00,0x02,0x00,0x00,0x00F9,0x0039,0x033E,0x00,0x40,0x00,200,10,200:4040:0009:026B:00FA|201:4040:0019:026C:00FA|202:4040:0041:0349:00FA|203:4040:0031:0347:00FA|204:4040:0021:0365:00FA|205:4040:0041:0348:00EA|206:4040:0031:0346:00EA|207:4040:0021:0364:00EA|208:4040:0011:0356:00EF|209:4040:0021:0363:00DA
round3_castle,0xDD,4014,0x0002,0x0003,0x0000,0x01,0x003F,0x0000,0x0001,actor_2c8,4,0x10C3C8,0x01,0x94,0x00,0x00,0x08,0x00,0x00,0x00DA,0x0258,0x033E,0x00,0x40,0x04,180,10,180:4040:0222:03A2:00DA|181:4040:0232:03A3:00DA|182:4040:025A:0345:00DA|183:4040:024A:0343:00DA|184:4040:023A:0365:00DA|185:4040:025A:0344:00CA|186:4040:024A:0342:00CA|187:4040:023A:0364:00CA|188:4040:022A:0356:00CF|189:4040:023A:0363:00BA
round3_castle,0xDD,4014,0x0002,0x0003,0x0000,0x01,0x003F,0x0000,0x0001,actor_2c8,6,0x10C448,0x01,0x95,0x00,0x00,0x02,0x00,0x00,0x00F7,0x003F,0x033E,0x00,0x40,0x00,200,10,200:4040:000C:026B:00F8|201:4040:001C:026C:00F8|202:4040:0044:0349:00F8|203:4040:0034:0347:00F8|204:4040:0024:0365:00F8|205:4040:0044:0348:00E8|206:4040:0034:0346:00E8|207:4040:0024:0364:00E8|208:4040:0014:0356:00ED|209:4040:0024:0363:00D8
round3_castle,0xDD,4014,0x0002,0x0003,0x0000,0x01,0x003F,0x0000,0x0001,actor_2c8,8,0x10C4C8,0x01,0x94,0x01,0x00,0x10,0x00,0x00,0x003D,0x027F,0x033E,0x00,0x40,0x00,220,19,220:0040:024C:026B:002D|221:0040:025C:026C:002D|222:0040:0284:0345:002D|223:0040:0274:0343:002D|224:0040:0264:0365:002D|225:0040:0284:0344:003D|226:0040:0274:0342:003D|227:0040:0264:0364:003D|228:0040:0254:0356:0038|229:0040:0264:0363:004D
round3_castle,0xDD,4016,0x0002,0x0003,0x0000,0x01,0x003F,0x0000,0x0001,actor_2c8,4,0x10C3C8,0x01,0x93,0x00,0x00,0x08,0x00,0x00,0x00D9,0x0262,0x033E,0x00,0x40,0x04,180,10,180:4040:022B:03A2:00D9|181:4040:023B:03A3:00D9|182:4040:0263:0345:00D9|183:4040:0253:0343:00D9|184:4040:0243:0365:00D9|185:4040:0263:0344:00C9|186:4040:0253:0342:00C9|187:4040:0243:0364:00C9|188:4040:0233:0356:00CE|189:4040:0243:0363:00B9
round3_castle,0xDD,4016,0x0002,0x0003,0x0000,0x01,0x003F,0x0000,0x0001,actor_2c8,6,0x10C448,0x01,0x95,0x00,0x00,0x02,0x00,0x00,0x00F7,0x0045,0x033E,0x00,0x40,0x00,200,10,200:4040:0012:026B:00F6|201:4040:0022:026C:00F6|202:4040:004A:0349:00F6|203:4040:003A:0347:00F6|204:4040:002A:0365:00F6|205:4040:004A:0348:00E6|206:4040:003A:0346:00E6|207:4040:002A:0364:00E6|208:4040:001A:0356:00EB|209:4040:002A:0363:00D6
round3_castle,0xDD,4016,0x0002,0x0003,0x0000,0x01,0x003F,0x0000,0x0001,actor_2c8,8,0x10C4C8,0x01,0x94,0x01,0x00,0x10,0x00,0x00,0x003D,0x0285,0x033E,0x00,0x40,0x00,220,19,220:0040:0252:026B:002D|221:0040:0262:026C:002D|222:0040:028A:0345:002D|223:0040:027A:0343:002D|224:0040:026A:0365:002D|225:0040:028A:0344:003D|226:0040:027A:0342:003D|227:0040:026A:0364:003D|228:0040:025A:0356:0038|229:0040:026A:0363:004D
round3_castle,0xDD,4018,0x0002,0x0003,0x0000,0x01,0x003F,0x0000,0x0001,actor_2c8,4,0x10C3C8,0x01,0x93,0x00,0x00,0x08,0x00,0x00,0x00D9,0x0269,0x033E,0x00,0x40,0x04,180,10,180:4040:0234:03A2:00D8|181:4040:0244:03A3:00D8|182:4040:026C:0341:00D8|183:4040:025C:033F:00D8|184:4040:024C:0365:00D8|185:4040:026C:0340:00C8|186:4040:025C:033E:00C8|187:4040:024C:0364:00C8|188:4040:023C:0356:00CD|189:4040:024C:0363:00B8
round3_castle,0xDD,4018,0x0002,0x0003,0x0000,0x01,0x003F,0x0000,0x0001,actor_2c8,6,0x10C448,0x01,0x96,0x00,0x00,0x08,0x00,0x00,0x00F4,0x0049,0x033E,0x00,0x40,0x00,200,10,200:4040:0017:026B:00F3|201:4040:0027:026C:00F3|202:4040:004F:0385:00F3|203:4040:003F:0383:00F3|204:4040:002F:0365:00F3|205:4040:003F:0382:00E3|206:4040:002F:0387:00E3|207:4040:001F:0356:00E7|208:4040:002F:0386:00D3|209:4040:001F:0388:00DB
round3_castle,0xDD,4018,0x0002,0x0003,0x0000,0x01,0x003F,0x0000,0x0001,actor_2c8,8,0x10C4C8,0x01,0x94,0x01,0x00,0x10,0x00,0x00,0x003D,0x0289,0x033E,0x00,0x40,0x00,220,19,220:0040:0257:026B:002D|221:0040:0267:026C:002D|222:0040:028F:0345:002D|223:0040:027F:0343:002D|224:0040:026F:0365:002D|225:0040:028F:0344:003D|226:0040:027F:0342:003D|227:0040:026F:0364:003D|228:0040:025F:0356:0038|229:0040:026F:0363:004D
round3_castle,0xDD,4020,0x0002,0x0003,0x0000,0x01,0x003F,0x0000,0x0001,actor_2c8,4,0x10C3C8,0x01,0x93,0x00,0x00,0x08,0x00,0x00,0x00D9,0x026B,0x033E,0x00,0x40,0x04,180,10,180:4040:023A:03A2:00D8|181:4040:024A:03A3:00D8|182:4040:0272:0341:00D8|183:4040:0262:033F:00D8|184:4040:0252:0365:00D8|185:4040:0272:0340:00C8|186:4040:0262:033E:00C8|187:4040:0252:0364:00C8|188:4040:0242:0356:00CD|189:4040:0252:0363:00B8
round3_castle,0xDD,4020,0x0002,0x0003,0x0000,0x01,0x003F,0x0000,0x0001,actor_2c8,6,0x10C448,0x01,0x96,0x00,0x00,0x08,0x00,0x00,0x00F0,0x004C,0x033E,0x00,0x40,0x00,200,10,200:4040:001B:026B:00EF|201:4040:002B:026C:00EF|202:4040:0053:0385:00EF|203:4040:0043:0383:00EF|204:4040:0033:0365:00EF|205:4040:0043:0382:00DF|206:4040:0033:0387:00DF|207:4040:0023:0356:00E3|208:4040:0033:0386:00CF|209:4040:0023:0388:00D7
round3_castle,0xDD,4020,0x0002,0x0003,0x0000,0x01,0x003F,0x0000,0x0001,actor_2c8,8,0x10C4C8,0x01,0x94,0x01,0x00,0x10,0x00,0x00,0x003D,0x028B,0x033E,0x00,0x40,0x00,220,19,220:0040:025A:026B:002D|221:0040:026A:026C:002D|222:0040:0292:0345:002D|223:0040:0282:0343:002D|224:0040:0272:0365:002D|225:0040:0292:0344:003D|226:0040:0282:0342:003D|227:0040:0272:0364:003D|228:0040:0262:0356:0038|229:0040:0272:0363:004D
round3_castle,0xDD,4022,0x0002,0x0003,0x0000,0x01,0x003F,0x0000,0x0001,actor_2c8,4,0x10C3C8,0x01,0x94,0x00,0x00,0x02,0x00,0x00,0x00D7,0x026B,0x033E,0x00,0x40,0x04,180,10,180:4040:023B:03A2:00D6|181:4040:024B:03A3:00D6|182:4040:0273:0345:00D6|183:4040:0263:0343:00D6|184:4040:0253:0365:00D6|185:4040:0273:0344:00C6|186:4040:0263:0342:00C6|187:4040:0253:0364:00C6|188:4040:0243:0356:00CB|189:4040:0253:0363:00B6
round3_castle,0xDD,4022,0x0002,0x0003,0x0000,0x01,0x003F,0x0000,0x0001,actor_2c8,6,0x10C448,0x01,0x96,0x00,0x00,0x08,0x00,0x00,0x00ED,0x004D,0x033E,0x00,0x40,0x00,200,10,200:4040:001D:026B:00EC|201:4040:002D:026C:00EC|202:4040:0055:0385:00EC|203:4040:0045:0383:00EC|204:4040:0035:0365:00EC|205:4040:0045:0382:00DC|206:4040:0035:0387:00DC|207:4040:0025:0356:00E0|208:4040:0035:0386:00CC|209:4040:0025:0388:00D4
round3_castle,0xDD,4022,0x0002,0x0003,0x0000,0x01,0x003F,0x0000,0x0001,actor_2c8,8,0x10C4C8,0x01,0x94,0x01,0x00,0x10,0x00,0x00,0x003D,0x028B,0x033E,0x00,0x40,0x00,220,19,220:0040:025B:026B:002D|221:0040:026B:026C:002D|222:0040:0293:0345:002D|223:0040:0283:0343:002D|224:0040:0273:0365:002D|225:0040:0293:0344:003D|226:0040:0283:0342:003D|227:0040:0273:0364:003D|228:0040:0263:0356:0038|229:0040:0273:0363:004D
round3_castle,0xDD,4024,0x0002,0x0003,0x0000,0x01,0x003F,0x0000,0x0001,actor_2c8,4,0x10C3C8,0x01,0x94,0x00,0x00,0x02,0x00,0x00,0x00D5,0x026B,0x033E,0x00,0x40,0x04,180,10,180:4040:023B:03A2:00D4|181:4040:024B:03A3:00D4|182:4040:0273:0345:00D4|183:4040:0263:0343:00D4|184:4040:0253:0365:00D4|185:4040:0273:0344:00C4|186:4040:0263:0342:00C4|187:4040:0253:0364:00C4|188:4040:0243:0356:00C9|189:4040:0253:0363:00B4
round3_castle,0xDD,4024,0x0002,0x0003,0x0000,0x01,0x003F,0x0000,0x0001,actor_2c8,6,0x10C448,0x01,0x96,0x00,0x00,0x08,0x00,0x00,0x00EA,0x004E,0x033E,0x00,0x40,0x00,200,10,200:4040:001E:026B:00E9|201:4040:002E:026C:00E9|202:4040:0056:0385:00E9|203:4040:0046:0383:00E9|204:4040:0036:0365:00E9|205:4040:0046:0382:00D9|206:4040:0036:0387:00D9|207:4040:0026:0356:00DD|208:4040:0036:0386:00C9|209:4040:0026:0388:00D1
round3_castle,0xDD,4026,0x0002,0x0003,0x0000,0x01,0x003F,0x0000,0x0001,actor_2c8,4,0x10C3C8,0x01,0x94,0x00,0x00,0x02,0x00,0x00,0x00D3,0x026B,0x033E,0x00,0x40,0x04,180,10,180:4040:023B:03A2:00D2|181:4040:024B:03A3:00D2|182:4040:0273:0345:00D2|183:4040:0263:0343:00D2|184:4040:0253:0365:00D2|185:4040:0273:0344:00C2|186:4040:0263:0342:00C2|187:4040:0253:0364:00C2|188:4040:0243:0356:00C7|189:4040:0253:0363:00B2
round3_castle,0xDD,4026,0x0002,0x0003,0x0000,0x01,0x003F,0x0000,0x0001,actor_2c8,6,0x10C448,0x01,0x96,0x00,0x00,0x08,0x00,0x00,0x00E7,0x0050,0x033E,0x00,0x40,0x00,200,10,200:4040:0020:026B:00E6|201:4040:0030:026C:00E6|202:4040:0058:0385:00E6|203:4040:0048:0383:00E6|204:4040:0038:0365:00E6|205:4040:0048:0382:00D6|206:4040:0038:0387:00D6|207:4040:0028:0356:00DA|208:4040:0038:0386:00C6|209:4040:0028:0388:00CE
round3_castle,0xDD,4028,0x0002,0x0003,0x0000,0x01,0x003F,0x0000,0x0001,actor_2c8,4,0x10C3C8,0x01,0x93,0x00,0x00,0x02,0x00,0x00,0x00D1,0x026B,0x033E,0x00,0x40,0x04,180,10,180:4040:023B:03A2:00D0|181:4040:024B:03A3:00D0|182:4040:0273:0341:00D0|183:4040:0263:033F:00D0|184:4040:0253:0365:00D0|185:4040:0273:0340:00C0|186:4040:0263:033E:00C0|187:4040:0253:0364:00C0|188:4040:0243:0356:00C5|189:4040:0253:0363:00B0
round3_castle,0xDD,4028,0x0002,0x0003,0x0000,0x01,0x003F,0x0000,0x0001,actor_2c8,6,0x10C448,0x01,0x96,0x00,0x00,0x08,0x00,0x00,0x00E4,0x0052,0x033E,0x00,0x40,0x00,200,10,200:4040:0022:026B:00E3|201:4040:0032:026C:00E3|202:4040:005A:0385:00E3|203:4040:004A:0383:00E3|204:4040:003A:0365:00E3|205:4040:004A:0382:00D3|206:4040:003A:0387:00D3|207:4040:002A:0356:00D7|208:4040:003A:0386:00C3|209:4040:002A:0388:00CB
round3_castle,0xDD,4030,0x0002,0x0003,0x0000,0x01,0x003F,0x0000,0x0001,actor_2c8,4,0x10C3C8,0x01,0x96,0x01,0x00,0x05,0x00,0x00,0x00D1,0x0268,0x033E,0x00,0x40,0x04,180,10,180:0040:023B:03A2:00C1|181:0040:024B:03A3:00C1|182:0040:0273:0341:00C1|183:0040:0263:033F:00C1|184:0040:0253:0365:00C1|185:0040:0273:0340:00D1|186:0040:0263:033E:00D1|187:0040:0253:0364:00D1|188:0040:0243:0356:00CC|189:0040:0253:0363:00E1
round3_castle,0xDD,4030,0x0002,0x0003,0x0000,0x01,0x003F,0x0000,0x0001,actor_2c8,6,0x10C448,0x01,0x96,0x00,0x00,0x08,0x00,0x00,0x00E1,0x0055,0x033E,0x00,0x40,0x00,200,10,200:4040:0025:026B:00E0|201:4040:0035:026C:00E0|202:4040:005D:0385:00E0|203:4040:004D:0383:00E0|204:4040:003D:0365:00E0|205:4040:004D:0382:00D0|206:4040:003D:0387:00D0|207:4040:002D:0356:00D4|208:4040:003D:0386:00C0|209:4040:002D:0388:00C8
round3_castle,0xDD,4032,0x0002,0x0003,0x0000,0x01,0x003F,0x0000,0x0001,actor_2c8,4,0x10C3C8,0x01,0x96,0x01,0x00,0x05,0x00,0x00,0x00D2,0x0264,0x033E,0x00,0x40,0x04,180,10,180:0040:0238:03A2:00C1|181:0040:0248:03A3:00C1|182:0040:0270:0385:00C1|183:0040:0260:0383:00C1|184:0040:0250:0365:00C1|185:0040:0260:0382:00D1|186:0040:0250:0387:00D1|187:0040:0240:0356:00CD|188:0040:0250:0386:00E1|189:0040:0240:0388:00D9
round3_castle,0xDD,4032,0x0002,0x0003,0x0000,0x01,0x003F,0x0000,0x0001,actor_2c8,6,0x10C448,0x01,0x96,0x00,0x00,0x08,0x00,0x00,0x00DE,0x0058,0x033E,0x00,0x40,0x00,200,10,200:4040:0028:026B:00DD|201:4040:0038:026C:00DD|202:4040:0060:0385:00DD|203:4040:0050:0383:00DD|204:4040:0040:0365:00DD|205:4040:0050:0382:00CD|206:4040:0040:0387:00CD|207:4040:0030:0356:00D1|208:4040:0040:0386:00BD|209:4040:0030:0388:00C5
round3_castle,0xDD,4034,0x0002,0x0003,0x0000,0x01,0x003F,0x0000,0x0001,actor_2c8,4,0x10C3C8,0x01,0x96,0x01,0x00,0x05,0x00,0x00,0x00D3,0x0261,0x033E,0x00,0x40,0x04,180,10,180:0040:0234:03A2:00C2|181:0040:0244:03A3:00C2|182:0040:026C:0385:00C2|183:0040:025C:0383:00C2|184:0040:024C:0365:00C2|185:0040:025C:0382:00D2|186:0040:024C:0387:00D2|187:0040:023C:0356:00CE|188:0040:024C:0386:00E2|189:0040:023C:0388:00DA
round3_castle,0xDD,4034,0x0002,0x0003,0x0000,0x01,0x003F,0x0000,0x0001,actor_2c8,6,0x10C448,0x01,0x96,0x00,0x00,0x08,0x00,0x00,0x00DC,0x005B,0x033E,0x00,0x40,0x00,200,10,200:4040:002B:026B:00DB|201:4040:003B:026C:00DB|202:4040:0063:0385:00DB|203:4040:0053:0383:00DB|204:4040:0043:0365:00DB|205:4040:0053:0382:00CB|206:4040:0043:0387:00CB|207:4040:0033:0356:00CF|208:4040:0043:0386:00BB|209:4040:0033:0388:00C3
round3_castle,0xDD,4036,0x0002,0x0003,0x0000,0x01,0x003F,0x0000,0x0001,actor_2c8,4,0x10C3C8,0x01,0x96,0x01,0x00,0x05,0x00,0x00,0x00D4,0x025E,0x033E,0x00,0x40,0x04,180,10,180:0040:0231:03A2:00C3|181:0040:0241:03A3:00C3|182:0040:0269:0385:00C3|183:0040:0259:0383:00C3|184:0040:0249:0365:00C3|185:0040:0259:0382:00D3|186:0040:0249:0387:00D3|187:0040:0239:0356:00CF|188:0040:0249:0386:00E3|189:0040:0239:0388:00DB
round3_castle,0xDD,4036,0x0002,0x0003,0x0000,0x01,0x003F,0x0000,0x0001,actor_2c8,6,0x10C448,0x01,0x96,0x00,0x00,0x08,0x00,0x00,0x00DA,0x005E,0x033E,0x00,0x40,0x00,200,10,200:4040:002E:026B:00D9|201:4040:003E:026C:00D9|202:4040:0066:0385:00D9|203:4040:0056:0383:00D9|204:4040:0046:0365:00D9|205:4040:0056:0382:00C9|206:4040:0046:0387:00C9|207:4040:0036:0356:00CD|208:4040:0046:0386:00B9|209:4040:0036:0388:00C1
round3_castle,0xDD,4038,0x0002,0x0003,0x0000,0x01,0x003F,0x0000,0x0001,actor_2c8,4,0x10C3C8,0x01,0x96,0x01,0x00,0x05,0x00,0x00,0x00D6,0x025B,0x033E,0x00,0x40,0x04,180,10,180:0040:022E:03A2:00C4|181:0040:023E:03A3:00C4|182:0040:0266:0385:00C4|183:0040:0256:0383:00C4|184:0040:0246:0365:00C4|185:0040:0256:0382:00D4|186:0040:0246:0387:00D4|187:0040:0236:0356:00D0|188:0040:0246:0386:00E4|189:0040:0236:0388:00DC
round3_castle,0xDD,4038,0x0002,0x0003,0x0000,0x01,0x003F,0x0000,0x0001,actor_2c8,6,0x10C448,0x01,0x94,0x00,0x00,0x08,0x00,0x00,0x00D9,0x0061,0x033E,0x00,0x40,0x00,200,10,200:4040:0031:026B:00D8|201:4040:0041:026C:00D8|202:4040:0069:0345:00D8|203:4040:0059:0343:00D8|204:4040:0049:0365:00D8|205:4040:0069:0344:00C8|206:4040:0059:0342:00C8|207:4040:0049:0364:00C8|208:4040:0039:0356:00CD|209:4040:0049:0363:00B8
round3_castle,0xDD,4040,0x0002,0x0003,0x0000,0x01,0x003F,0x0000,0x0001,actor_2c8,4,0x10C3C8,0x01,0x96,0x01,0x00,0x05,0x00,0x00,0x00D8,0x0256,0x033E,0x00,0x40,0x04,180,10,180:0040:022B:03A2:00C6|181:0040:023B:03A3:00C6|182:0040:0263:0385:00C6|183:0040:0253:0383:00C6|184:0040:0243:0365:00C6|185:0040:0253:0382:00D6|186:0040:0243:0387:00D6|187:0040:0233:0356:00D2|188:0040:0243:0386:00E6|189:0040:0233:0388:00DE
round3_castle,0xDD,4040,0x0002,0x0003,0x0000,0x01,0x003F,0x0000,0x0001,actor_2c8,6,0x10C448,0x01,0x94,0x00,0x00,0x08,0x00,0x00,0x00D8,0x0062,0x033E,0x00,0x40,0x00,200,10,200:4040:0034:026B:00D7|201:4040:0044:026C:00D7|202:4040:006C:0345:00D7|203:4040:005C:0343:00D7|204:4040:004C:0365:00D7|205:4040:006C:0344:00C7|206:4040:005C:0342:00C7|207:4040:004C:0364:00C7|208:4040:003C:0356:00CC|209:4040:004C:0363:00B7
round3_castle,0xDD,4042,0x0002,0x0003,0x0000,0x01,0x003F,0x0000,0x0001,actor_2c8,4,0x10C3C8,0x01,0x96,0x01,0x00,0x05,0x00,0x00,0x00DB,0x024B,0x033E,0x00,0x40,0x04,180,10,180:0040:0222:03A2:00C8|181:0040:0232:03A3:00C8|182:0040:025A:0385:00C8|183:0040:024A:0383:00C8|184:0040:023A:0365:00C8|185:0040:024A:0382:00D8|186:0040:023A:0387:00D8|187:0040:022A:0356:00D4|188:0040:023A:0386:00E8|189:0040:022A:0388:00E0
round3_castle,0xDD,4042,0x0002,0x0003,0x0000,0x01,0x003F,0x0000,0x0001,actor_2c8,6,0x10C448,0x01,0x93,0x00,0x00,0x08,0x00,0x00,0x00D7,0x005E,0x033E,0x00,0x40,0x00,200,10,200:4040:0032:026B:00D6|201:4040:0042:026C:00D6|202:4040:006A:0341:00D6|203:4040:005A:033F:00D6|204:4040:004A:0365:00D6|205:4040:006A:0340:00C6|206:4040:005A:033E:00C6|207:4040:004A:0364:00C6|208:4040:003A:0356:00CB|209:4040:004A:0363:00B6
round3_castle,0xDD,4042,0x0002,0x0003,0x0000,0x01,0x003F,0x0000,0x0001,actor_2c8,8,0x10C4C8,0x01,0x94,0x01,0x00,0x10,0x00,0x00,0x003D,0x0281,0x033E,0x00,0x40,0x00,220,19,220:0040:0255:026B:002D|221:0040:0265:026C:002D|222:0040:028D:0345:002D|223:0040:027D:0343:002D|224:0040:026D:0365:002D|225:0040:028D:0344:003D|226:0040:027D:0342:003D|227:0040:026D:0364:003D|228:0040:025D:0356:0038|229:0040:026D:0363:004D
round3_castle,0xDD,4044,0x0002,0x0003,0x0000,0x01,0x003F,0x0000,0x0001,actor_2c8,4,0x10C3C8,0x01,0x96,0x01,0x00,0x05,0x00,0x00,0x00DE,0x0240,0x033E,0x00,0x40,0x04,180,10,180:0040:0217:03A2:00CB|181:0040:0227:03A3:00CB|182:0040:024F:0385:00CB|183:0040:023F:0383:00CB|184:0040:022F:0365:00CB|185:0040:023F:0382:00DB|186:0040:022F:0387:00DB|187:0040:021F:0356:00D7|188:0040:022F:0386:00EB|189:0040:021F:0388:00E3
round3_castle,0xDD,4044,0x0002,0x0003,0x0000,0x01,0x003F,0x0000,0x0001,actor_2c8,6,0x10C448,0x01,0x93,0x00,0x00,0x08,0x00,0x00,0x00D7,0x0059,0x033E,0x00,0x40,0x00,200,10,200:4040:002D:026B:00D6|201:4040:003D:026C:00D6|202:4040:0065:0341:00D6|203:4040:0055:033F:00D6|204:4040:0045:0365:00D6|205:4040:0065:0340:00C6|206:4040:0055:033E:00C6|207:4040:0045:0364:00C6|208:4040:0035:0356:00CB|209:4040:0045:0363:00B6
round3_castle,0xDD,4044,0x0002,0x0003,0x0000,0x01,0x003F,0x0000,0x0001,actor_2c8,8,0x10C4C8,0x01,0x94,0x01,0x00,0x10,0x00,0x00,0x003D,0x0279,0x033E,0x00,0x40,0x00,220,19,220:0040:024D:026B:002D|221:0040:025D:026C:002D|222:0040:0285:0345:002D|223:0040:0275:0343:002D|224:0040:0265:0365:002D|225:0040:0285:0344:003D|226:0040:0275:0342:003D|227:0040:0265:0364:003D|228:0040:0255:0356:0038|229:0040:0265:0363:004D
round3_castle,0xDD,4046,0x0002,0x0003,0x0000,0x01,0x003F,0x0000,0x0001,actor_2c8,6,0x10C448,0x01,0x95,0x00,0x00,0x02,0x00,0x00,0x00D5,0x0059,0x033E,0x00,0x40,0x00,200,10,200:4040:0029:026B:00D6|201:4040:0039:026C:00D6|202:4040:0061:0341:00D6|203:4040:0051:033F:00D6|204:4040:0041:0365:00D6|205:4040:0061:0340:00C6|206:4040:0051:033E:00C6|207:4040:0041:0364:00C6|208:4040:0031:0356:00CB|209:4040:0041:0363:00B6
round3_castle,0xDD,4048,0x0002,0x0003,0x0000,0x01,0x003F,0x0000,0x0001,actor_2c8,6,0x10C448,0x01,0x95,0x00,0x00,0x02,0x00,0x00,0x00D3,0x0059,0x033E,0x00,0x40,0x00,200,10,200:4040:0029:026B:00D4|201:4040:0039:026C:00D4|202:4040:0061:0349:00D4|203:4040:0051:0347:00D4|204:4040:0041:0365:00D4|205:4040:0061:0348:00C4|206:4040:0051:0346:00C4|207:4040:0041:0364:00C4|208:4040:0031:0356:00C9|209:4040:0041:0363:00B4
round3_castle,0xDD,4050,0x0002,0x0003,0x0000,0x01,0x003F,0x0000,0x0001,actor_2c8,6,0x10C448,0x01,0x95,0x00,0x00,0x02,0x00,0x00,0x00D1,0x0059,0x033E,0x00,0x40,0x00,200,10,200:4040:0029:026B:00D2|201:4040:0039:026C:00D2|202:4040:0061:0349:00D2|203:4040:0051:0347:00D2|204:4040:0041:0365:00D2|205:4040:0061:0348:00C2|206:4040:0051:0346:00C2|207:4040:0041:0364:00C2|208:4040:0031:0356:00C7|209:4040:0041:0363:00B2
round3_castle,0xDD,4050,0x0002,0x0003,0x0000,0x01,0x003F,0x0000,0x0001,actor_2c8,8,0x10C4C8,0x01,0x95,0x01,0x00,0x01,0x00,0x00,0x003F,0x0279,0x033E,0x00,0x40,0x00,220,19,220:0040:0249:026B:002D|221:0040:0259:026C:002D|222:0040:0281:0345:002D|223:0040:0271:0343:002D|224:0040:0261:0365:002D|225:0040:0281:0344:003D|226:0040:0271:0342:003D|227:0040:0261:0364:003D|228:0040:0251:0356:0038|229:0040:0261:0363:004D
round3_castle,0xDD,4052,0x0002,0x0003,0x0000,0x01,0x003F,0x0000,0x0001,actor_2c8,6,0x10C448,0x01,0x94,0x00,0x00,0x02,0x00,0x00,0x00CF,0x0059,0x033E,0x00,0x40,0x00,200,10,200:4040:0029:026B:00D0|201:4040:0039:026C:00D0|202:4040:0061:0345:00D0|203:4040:0051:0343:00D0|204:4040:0041:0365:00D0|205:4040:0061:0344:00C0|206:4040:0051:0342:00C0|207:4040:0041:0364:00C0|208:4040:0031:0356:00C5|209:4040:0041:0363:00B0
round3_castle,0xDD,4052,0x0002,0x0003,0x0000,0x01,0x003F,0x0000,0x0001,actor_2c8,8,0x10C4C8,0x01,0x94,0x01,0x00,0x01,0x00,0x00,0x0041,0x0279,0x033E,0x00,0x40,0x00,220,19,220:0040:0249:026B:002F|221:0040:0259:026C:002F|222:0040:0281:0345:002F|223:0040:0271:0343:002F|224:0040:0261:0365:002F|225:0040:0281:0344:003F|226:0040:0271:0342:003F|227:0040:0261:0364:003F|228:0040:0251:0356:003A|229:0040:0261:0363:004F
round3_castle,0xDD,4054,0x0002,0x0003,0x0000,0x01,0x003F,0x0000,0x0001,actor_2c8,6,0x10C448,0x01,0x94,0x00,0x00,0x02,0x00,0x00,0x00CF,0x0059,0x033E,0x00,0x40,0x00,200,10,200:4040:0029:026B:00CE|201:4040:0039:026C:00CE|202:4040:0061:0345:00CE|203:4040:0051:0343:00CE|204:4040:0041:0365:00CE|205:4040:0061:0344:00BE|206:4040:0051:0342:00BE|207:4040:0041:0364:00BE|208:4040:0031:0356:00C3|209:4040:0041:0363:00AE
round3_castle,0xDD,4054,0x0002,0x0003,0x0000,0x01,0x003F,0x0000,0x0001,actor_2c8,8,0x10C4C8,0x01,0x94,0x01,0x00,0x01,0x00,0x00,0x0043,0x0279,0x033E,0x00,0x40,0x00,220,19,220:0040:0249:026B:0031|221:0040:0259:026C:0031|222:0040:0281:0345:0031|223:0040:0271:0343:0031|224:0040:0261:0365:0031|225:0040:0281:0344:0041|226:0040:0271:0342:0041|227:0040:0261:0364:0041|228:0040:0251:0356:003C|229:0040:0261:0363:0051
round3_castle,0xDD,4056,0x0002,0x0003,0x0000,0x01,0x003F,0x0000,0x0001,actor_2c8,6,0x10C448,0x01,0x94,0x00,0x00,0x02,0x00,0x00,0x00CD,0x0059,0x033E,0x00,0x40,0x00,200,10,200:4040:0029:026B:00CC|201:4040:0039:026C:00CC|202:4040:0061:0345:00CC|203:4040:0051:0343:00CC|204:4040:0041:0365:00CC|205:4040:0061:0344:00BC|206:4040:0051:0342:00BC|207:4040:0041:0364:00BC|208:4040:0031:0356:00C1|209:4040:0041:0363:00AC
round3_castle,0xDD,4056,0x0002,0x0003,0x0000,0x01,0x003F,0x0000,0x0001,actor_2c8,8,0x10C4C8,0x01,0x94,0x01,0x00,0x01,0x00,0x00,0x0045,0x0279,0x033E,0x00,0x40,0x00,220,19,220:0040:0249:026B:0033|221:0040:0259:026C:0033|222:0040:0281:0345:0033|223:0040:0271:0343:0033|224:0040:0261:0365:0033|225:0040:0281:0344:0043|226:0040:0271:0342:0043|227:0040:0261:0364:0043|228:0040:0251:0356:003E|229:0040:0261:0363:0053
round3_castle,0xDD,4058,0x0002,0x0003,0x0000,0x01,0x003F,0x0000,0x0001,actor_2c8,6,0x10C448,0x01,0x94,0x00,0x00,0x02,0x00,0x00,0x00CB,0x0059,0x033E,0x00,0x40,0x00,200,10,200:4040:0029:026B:00CA|201:4040:0039:026C:00CA|202:4040:0061:0345:00CA|203:4040:0051:0343:00CA|204:4040:0041:0365:00CA|205:4040:0061:0344:00BA|206:4040:0051:0342:00BA|207:4040:0041:0364:00BA|208:4040:0031:0356:00BF|209:4040:0041:0363:00AA
round3_castle,0xDD,4060,0x0002,0x0003,0x0000,0x01,0x003F,0x0000,0x0001,actor_2c8,4,0x10C3C8,0x01,0x93,0x01,0x00,0x01,0x00,0x00,0x00F5,0x0239,0x033E,0x01,0x40,0x04,180,10,180:4040:0209:03A2:00F2|181:4040:0219:03A3:00F2|182:4040:0241:0341:00F2|183:4040:0231:033F:00F2|184:4040:0221:0365:00F2|185:4040:0241:0340:00E2|186:4040:0231:033E:00E2|187:4040:0221:0364:00E2|188:4040:0211:0356:00E7|189:4040:0221:0363:00D2
round3_castle,0xDD,4060,0x0002,0x0003,0x0000,0x01,0x003F,0x0000,0x0001,actor_2c8,6,0x10C448,0x01,0x93,0x00,0x00,0x02,0x00,0x00,0x00C9,0x0059,0x033E,0x00,0x40,0x00,200,10,200:4040:0029:026B:00C8|201:4040:0039:026C:00C8|202:4040:0061:0341:00C8|203:4040:0051:033F:00C8|204:4040:0041:0365:00C8|205:4040:0061:0340:00B8|206:4040:0051:033E:00B8|207:4040:0041:0364:00B8|208:4040:0031:0356:00BD|209:4040:0041:0363:00A8
round3_castle,0xDD,4060,0x0002,0x0003,0x0000,0x01,0x003F,0x0000,0x0001,actor_2c8,8,0x10C4C8,0x01,0x93,0x01,0x00,0x01,0x00,0x00,0x0047,0x0279,0x033E,0x00,0x40,0x00,220,19,220:0040:0249:026B:0037|221:0040:0259:026C:0037|222:0040:0281:0341:0037|223:0040:0271:033F:0037|224:0040:0261:0365:0037|225:0040:0281:0340:0047|226:0040:0271:033E:0047|227:0040:0261:0364:0047|228:0040:0251:0356:0042|229:0040:0261:0363:0057
round3_castle,0xDD,4062,0x0002,0x0003,0x0000,0x01,0x003F,0x0000,0x0001,actor_2c8,4,0x10C3C8,0x01,0x93,0x01,0x00,0x01,0x00,0x00,0x00F9,0x0239,0x033E,0x01,0x40,0x04,180,10,180:4040:0209:03A2:00F6|181:4040:0219:03A3:00F6|182:4040:0241:0341:00F6|183:4040:0231:033F:00F6|184:4040:0221:0365:00F6|185:4040:0241:0340:00E6|186:4040:0231:033E:00E6|187:4040:0221:0364:00E6|188:4040:0211:0356:00EB|189:4040:0221:0363:00D6
round3_castle,0xDD,4062,0x0002,0x0003,0x0000,0x01,0x003F,0x0000,0x0001,actor_2c8,6,0x10C448,0x01,0x93,0x00,0x00,0x02,0x00,0x00,0x00C7,0x0059,0x033E,0x00,0x40,0x00,200,10,200:4040:0029:026B:00C6|201:4040:0039:026C:00C6|202:4040:0061:0341:00C6|203:4040:0051:033F:00C6|204:4040:0041:0365:00C6|205:4040:0061:0340:00B6|206:4040:0051:033E:00B6|207:4040:0041:0364:00B6|208:4040:0031:0356:00BB|209:4040:0041:0363:00A6
round3_castle,0xDD,4064,0x0002,0x0003,0x0000,0x01,0x003F,0x0000,0x0001,actor_2c8,4,0x10C3C8,0x01,0x93,0x01,0x00,0x01,0x00,0x00,0x00FB,0x0239,0x033E,0x00,0x40,0x04,180,10,180:4040:0209:03A2:00F8|181:4040:0219:03A3:00F8|182:4040:0241:0341:00F8|183:4040:0231:033F:00F8|184:4040:0221:0365:00F8|185:4040:0241:0340:00E8|186:4040:0231:033E:00E8|187:4040:0221:0364:00E8|188:4040:0211:0356:00ED|189:4040:0221:0363:00D8
round3_castle,0xDD,4064,0x0002,0x0003,0x0000,0x01,0x003F,0x0000,0x0001,actor_2c8,8,0x10C4C8,0x01,0x93,0x01,0x00,0x01,0x00,0x00,0x004B,0x0279,0x033E,0x00,0x40,0x00,220,19,220:0040:0249:026B:003B|221:0040:0259:026C:003B|222:0040:0281:0341:003B|223:0040:0271:033F:003B|224:0040:0261:0365:003B|225:0040:0281:0340:004B|226:0040:0271:033E:004B|227:0040:0261:0364:004B|228:0040:0251:0356:0046|229:0040:0261:0363:005B
round3_castle,0xDD,4066,0x0002,0x0003,0x0000,0x01,0x003F,0x0000,0x0001,actor_2c8,4,0x10C3C8,0x01,0x93,0x01,0x00,0x01,0x00,0x00,0x00FF,0x0239,0x033E,0x00,0x40,0x04,180,10,180:0040:0209:03A2:00ED|181:0040:0219:03A3:00ED|182:0040:0241:0341:00ED|183:0040:0231:033F:00ED|184:0040:0221:0365:00ED|185:0040:0241:0340:00FD|186:0040:0231:033E:00FD|187:0040:0221:0364:00FD|188:0040:0211:0356:00F8|189:0040:0221:0363:010D
round3_castle,0xDD,4066,0x0002,0x0003,0x0000,0x01,0x003F,0x0000,0x0001,actor_2c8,6,0x10C448,0x01,0x93,0x00,0x00,0x02,0x00,0x00,0x00C3,0x0059,0x033E,0x00,0x40,0x00,200,10,200:4040:0029:026B:00C4|201:4040:0039:026C:00C4|202:4040:0061:0341:00C4|203:4040:0051:033F:00C4|204:4040:0041:0365:00C4|205:4040:0061:0340:00B4|206:4040:0051:033E:00B4|207:4040:0041:0364:00B4|208:4040:0031:0356:00B9|209:4040:0041:0363:00A4
round3_castle,0xDD,4068,0x0002,0x0003,0x0000,0x01,0x003F,0x0000,0x0001,actor_2c8,4,0x10C3C8,0x01,0x94,0x01,0x00,0x01,0x00,0x00,0x0101,0x0239,0x033E,0x00,0x40,0x04,180,10,180:0040:0209:03A2:00F1|181:0040:0219:03A3:00F1|182:0040:0241:0345:00F1|183:0040:0231:0343:00F1|184:0040:0221:0365:00F1|185:0040:0241:0344:0101|186:0040:0231:0342:0101|187:0040:0221:0364:0101|188:0040:0211:0356:00FC|189:0040:0221:0363:0111
round3_castle,0xDD,4068,0x0002,0x0003,0x0000,0x01,0x003F,0x0000,0x0001,actor_2c8,6,0x10C448,0x01,0x94,0x00,0x00,0x02,0x00,0x00,0x00C1,0x0059,0x033E,0x00,0x40,0x00,200,10,200:4040:0029:026B:00C2|201:4040:0039:026C:00C2|202:4040:0061:0345:00C2|203:4040:0051:0343:00C2|204:4040:0041:0365:00C2|205:4040:0061:0344:00B2|206:4040:0051:0342:00B2|207:4040:0041:0364:00B2|208:4040:0031:0356:00B7|209:4040:0041:0363:00A2
round3_castle,0xDD,4068,0x0002,0x0003,0x0000,0x01,0x003F,0x0000,0x0001,actor_2c8,8,0x10C4C8,0x01,0x97,0x01,0x00,0x1F,0x00,0x00,0x004D,0x0279,0x033E,0x00,0x40,0x00,220,19,220:0040:0249:026B:003D|221:0040:0259:026C:003D|222:0040:0281:0345:003D|223:0040:0271:0343:003D|224:0040:0261:0365:003D|225:0040:0281:0344:004D|226:0040:0271:0342:004D|227:0040:0261:0364:004D|228:0040:0251:0356:0048|229:0040:0261:0363:005D
round3_castle,0xDD,4070,0x0002,0x0003,0x0000,0x01,0x003F,0x0000,0x0001,actor_2c8,4,0x10C3C8,0x01,0x94,0x01,0x00,0x01,0x00,0x00,0x0103,0x0239,0x033E,0x00,0x40,0x04,180,10,180:0040:0209:03A2:00F3|181:0040:0219:03A3:00F3|182:0040:0241:0345:00F3|183:0040:0231:0343:00F3|184:0040:0221:0365:00F3|185:0040:0241:0344:0103|186:0040:0231:0342:0103|187:0040:0221:0364:0103|188:0040:0211:0356:00FE|189:0040:0221:0363:0113
round3_castle,0xDD,4070,0x0002,0x0003,0x0000,0x01,0x003F,0x0000,0x0001,actor_2c8,6,0x10C448,0x01,0x94,0x00,0x00,0x02,0x00,0x00,0x00BF,0x0059,0x033E,0x00,0x40,0x00,200,10,200:4040:0029:026B:00C0|201:4040:0039:026C:00C0|202:4040:0061:0345:00C0|203:4040:0051:0343:00C0|204:4040:0041:0365:00C0|205:4040:0061:0344:00B0|206:4040:0051:0342:00B0|207:4040:0041:0364:00B0|208:4040:0031:0356:00B5|209:4040:0041:0363:00A0
round3_castle,0xDD,4070,0x0002,0x0003,0x0000,0x01,0x003F,0x0000,0x0001,actor_2c8,8,0x10C4C8,0x01,0x97,0x01,0x00,0x1F,0x00,0x00,0x004D,0x0279,0x033E,0x00,0x40,0x00,220,19,220:0040:0258:026B:003D|221:0040:0268:026C:003D|222:0040:027A:038C:003D|223:0040:026A:038A:003D|224:0040:027A:038B:004D|225:0040:026A:0389:004D
round3_castle,0xDD,4072,0x0002,0x0003,0x0000,0x01,0x003F,0x0000,0x0001,actor_2c8,4,0x10C3C8,0x01,0x94,0x01,0x00,0x01,0x00,0x00,0x0105,0x0239,0x033E,0x00,0x40,0x04,180,10,180:0040:0209:03A2:00F5|181:0040:0219:03A3:00F5|182:0040:0241:0345:00F5|183:0040:0231:0343:00F5|184:0040:0221:0365:00F5|185:0040:0241:0344:0105|186:0040:0231:0342:0105|187:0040:0221:0364:0105|188:0040:0211:0356:0100|189:0040:0221:0363:0115
round3_castle,0xDD,4072,0x0002,0x0003,0x0000,0x01,0x003F,0x0000,0x0001,actor_2c8,6,0x10C448,0x01,0x94,0x00,0x00,0x02,0x00,0x00,0x00BF,0x0059,0x033E,0x00,0x40,0x00,200,10,200:4040:0029:026B:00BE|201:4040:0039:026C:00BE|202:4040:0061:0345:00BE|203:4040:0051:0343:00BE|204:4040:0041:0365:00BE|205:4040:0061:0344:00AE|206:4040:0051:0342:00AE|207:4040:0041:0364:00AE|208:4040:0031:0356:00B3|209:4040:0041:0363:009E
round3_castle,0xDD,4074,0x0002,0x0003,0x0000,0x01,0x003F,0x0000,0x0001,actor_2c8,4,0x10C3C8,0x01,0x94,0x01,0x00,0x01,0x00,0x00,0x0107,0x0239,0x033E,0x00,0x40,0x04,180,10,180:0040:0209:03A2:00F7|181:0040:0219:03A3:00F7|182:0040:0241:0345:00F7|183:0040:0231:0343:00F7|184:0040:0221:0365:00F7|185:0040:0241:0344:0107|186:0040:0231:0342:0107|187:0040:0221:0364:0107|188:0040:0211:0356:0102|189:0040:0221:0363:0117
round3_castle,0xDD,4074,0x0002,0x0003,0x0000,0x01,0x003F,0x0000,0x0001,actor_2c8,6,0x10C448,0x01,0x94,0x00,0x00,0x02,0x00,0x00,0x00BD,0x0059,0x033E,0x00,0x40,0x00,200,10,200:4040:0029:026B:00BC|201:4040:0039:026C:00BC|202:4040:0061:0345:00BC|203:4040:0051:0343:00BC|204:4040:0041:0365:00BC|205:4040:0061:0344:00AC|206:4040:0051:0342:00AC|207:4040:0041:0364:00AC|208:4040:0031:0356:00B1|209:4040:0041:0363:009C
round3_castle,0xDD,4074,0x0002,0x0003,0x0000,0x01,0x003F,0x0000,0x0001,actor_2c8,8,0x10C4C8,0x01,0x98,0x01,0x00,0x1F,0x00,0x00,0x004D,0x0279,0x033E,0x00,0x40,0x00,220,19,220:0040:0258:026B:003D|221:0040:0268:026C:003D|222:0040:027A:038C:003D|223:0040:026A:038A:003D|224:0040:027A:038B:004D|225:0040:026A:0389:004D
round3_castle,0xDD,4076,0x0002,0x0003,0x0000,0x01,0x003F,0x0000,0x0001,actor_2c8,4,0x10C3C8,0x01,0x95,0x01,0x00,0x01,0x00,0x00,0x0109,0x0239,0x033E,0x00,0x40,0x04,180,10,180:0040:0209:03A2:00F9|181:0040:0219:03A3:00F9|182:0040:0241:0349:00F9|183:0040:0231:0347:00F9|184:0040:0221:0365:00F9|185:0040:0241:0348:0109|186:0040:0231:0346:0109|187:0040:0221:0364:0109|188:0040:0211:0356:0104|189:0040:0221:0363:0119
round3_castle,0xDD,4076,0x0002,0x0003,0x0000,0x01,0x003F,0x0000,0x0001,actor_2c8,6,0x10C448,0x01,0x95,0x00,0x00,0x02,0x00,0x00,0x00BB,0x0059,0x033E,0x00,0x40,0x00,200,10,200:4040:0029:026B:00BA|201:4040:0039:026C:00BA|202:4040:0061:0349:00BA|203:4040:0051:0347:00BA|204:4040:0041:0365:00BA|205:4040:0061:0348:00AA|206:4040:0051:0346:00AA|207:4040:0041:0364:00AA|208:4040:0031:0356:00AF|209:4040:0041:0363:009A
round3_castle,0xDD,4076,0x0002,0x0003,0x0000,0x01,0x003F,0x0000,0x0001,actor_2c8,8,0x10C4C8,0x01,0x98,0x01,0x00,0x1F,0x00,0x00,0x004D,0x0279,0x033E,0x00,0x40,0x00,220,19,220:0040:0260:026E:002D|221:0040:0270:026D:0035|222:0040:027A:0390:003D|223:0040:026A:038E:003D|224:0040:027A:038F:004D|225:0040:026A:038D:004D
round3_castle,0xDD,4078,0x0002,0x0003,0x0000,0x01,0x003F,0x0000,0x0001,actor_2c8,6,0x10C448,0x01,0x95,0x00,0x00,0x02,0x00,0x00,0x00B9,0x0059,0x033E,0x00,0x40,0x00,200,10,200:4040:0029:026B:00B8|201:4040:0039:026C:00B8|202:4040:0061:0349:00B8|203:4040:0051:0347:00B8|204:4040:0041:0365:00B8|205:4040:0061:0348:00A8|206:4040:0051:0346:00A8|207:4040:0041:0364:00A8|208:4040:0031:0356:00AD|209:4040:0041:0363:0098
round3_castle,0xDD,4078,0x0002,0x0003,0x0000,0x01,0x003F,0x0000,0x0001,actor_2c8,8,0x10C4C8,0x01,0x99,0x01,0x00,0x1F,0x00,0x00,0x004D,0x0279,0x033E,0x00,0x40,0x00,220,19,220:0040:0270:026F:0035|221:0040:0270:0270:0025|222:0040:027A:0394:003D|223:0040:026A:0392:003D|224:0040:027A:0393:004D|225:0040:026A:0391:004D
round3_castle,0xDD,4080,0x0002,0x0003,0x0000,0x01,0x003F,0x0000,0x0001,actor_2c8,4,0x10C3C8,0x01,0x95,0x01,0x00,0x01,0x00,0x00,0x010D,0x0239,0x033E,0x00,0x40,0x04,180,10,180:0040:0209:03A2:00FB|181:0040:0219:03A3:00FB|182:0040:0241:0349:00FB|183:0040:0231:0347:00FB|184:0040:0221:0365:00FB|185:0040:0241:0348:010B|186:0040:0231:0346:010B|187:0040:0221:0364:010B|188:0040:0211:0356:0106|189:0040:0221:0363:011B
round3_castle,0xDD,4080,0x0002,0x0003,0x0000,0x01,0x003F,0x0000,0x0001,actor_2c8,6,0x10C448,0x01,0x95,0x00,0x00,0x02,0x00,0x00,0x00B7,0x0059,0x033E,0x00,0x40,0x00,200,10,200:4040:0029:026B:00B6|201:4040:0039:026C:00B6|202:4040:0061:0349:00B6|203:4040:0051:0347:00B6|204:4040:0041:0365:00B6|205:4040:0061:0348:00A6|206:4040:0051:0346:00A6|207:4040:0041:0364:00A6|208:4040:0031:0356:00AB|209:4040:0041:0363:0096
round3_castle,0xDD,4080,0x0002,0x0003,0x0000,0x01,0x003F,0x0000,0x0001,actor_2c8,8,0x10C4C8,0x01,0x9A,0x01,0x00,0x1F,0x00,0x00,0x004D,0x0279,0x033E,0x00,0x40,0x00,220,19,220:0040:0270:026F:0035|221:0040:0270:0270:0025|222:0040:027A:0394:003D|223:0040:026A:0392:003D|224:0040:027A:0393:004D|225:0040:026A:0391:004D
round3_castle,0xDD,4082,0x0002,0x0003,0x0000,0x01,0x003F,0x0000,0x0001,actor_2c8,4,0x10C3C8,0x01,0x95,0x01,0x00,0x01,0x00,0x00,0x010F,0x0239,0x033E,0x00,0x40,0x04,180,10,180:0040:0209:03A2:00FD|181:0040:0219:03A3:00FD|182:0040:0241:0349:00FD|183:0040:0231:0347:00FD|184:0040:0221:0365:00FD|185:0040:0241:0348:010D|186:0040:0231:0346:010D|187:0040:0221:0364:010D|188:0040:0211:0356:0108|189:0040:0221:0363:011D
round3_castle,0xDD,4082,0x0002,0x0003,0x0000,0x01,0x003F,0x0000,0x0001,actor_2c8,6,0x10C448,0x01,0x96,0x00,0x00,0x08,0x00,0x00,0x00B4,0x0059,0x033E,0x00,0x40,0x00,200,10,200:4040:0029:026B:00B6|201:4040:0039:026C:00B6|202:4040:0061:0349:00B6|203:4040:0051:0347:00B6|204:4040:0041:0365:00B6|205:4040:0061:0348:00A6|206:4040:0051:0346:00A6|207:4040:0041:0364:00A6|208:4040:0031:0356:00AB|209:4040:0041:0363:0096
round3_castle,0xDD,4082,0x0002,0x0003,0x0000,0x01,0x003F,0x0000,0x0001,actor_2c8,8,0x10C4C8,0x01,0x9A,0x01,0x00,0x1F,0x00,0x00,0x004D,0x0279,0x033E,0x00,0x40,0x00,220,19,220:0040:0279:0271:003D|221:0040:027A:0398:003D|222:0040:026A:0396:003D|223:0040:027A:0397:004D|224:0040:026A:0395:004D
round3_castle,0xDD,4084,0x0002,0x0003,0x0000,0x01,0x003F,0x0000,0x0001,actor_2c8,6,0x10C448,0x01,0x96,0x00,0x00,0x08,0x00,0x00,0x00B0,0x005A,0x033E,0x00,0x40,0x00,200,10,200:4040:0029:026B:00B3|201:4040:0039:026C:00B3|202:4040:0061:0385:00B3|203:4040:0051:0383:00B3|204:4040:0041:0365:00B3|205:4040:0051:0382:00A3|206:4040:0041:0387:00A3|207:4040:0031:0356:00A7|208:4040:0041:0386:0093|209:4040:0031:0388:009B
round3_castle,0xDD,4084,0x0002,0x0003,0x0000,0x01,0x003F,0x0000,0x0001,actor_2c8,8,0x10C4C8,0x01,0x9B,0x01,0x00,0x1F,0x00,0x00,0x004D,0x0279,0x033E,0x00,0x40,0x00,220,19,220:0040:0278:0272:0045|221:0040:027A:039C:003D|222:0040:026A:039A:003D|223:0040:027A:039B:004D|224:0040:026A:0399:004D
round3_castle,0xDD,4086,0x0002,0x0003,0x0000,0x01,0x003F,0x0000,0x0001,actor_2c8,6,0x10C448,0x01,0x96,0x00,0x00,0x08,0x00,0x00,0x00AD,0x005B,0x033E,0x00,0x40,0x00,200,10,200:4040:002A:026B:00AF|201:4040:003A:026C:00AF|202:4040:0062:0385:00AF|203:4040:0052:0383:00AF|204:4040:0042:0365:00AF|205:4040:0052:0382:009F|206:4040:0042:0387:009F|207:4040:0032:0356:00A3|208:4040:0042:0386:008F|209:4040:0032:0388:0097
round3_castle,0xDD,4086,0x0002,0x0003,0x0000,0x01,0x003F,0x0000,0x0001,actor_2c8,8,0x10C4C8,0x01,0x9C,0x01,0x00,0x1F,0x00,0x00,0x004D,0x0279,0x033E,0x00,0x40,0x00,220,19,220:0040:0278:0272:0045|221:0040:027A:039C:003D|222:0040:026A:039A:003D|223:0040:027A:039B:004D|224:0040:026A:0399:004D
round3_castle,0xDD,4088,0x0002,0x0003,0x0000,0x01,0x003F,0x0000,0x0001,actor_2c8,4,0x10C3C8,0x01,0x94,0x01,0x00,0x01,0x00,0x00,0x0113,0x0239,0x033E,0x00,0x40,0x04,180,10,180:0040:0209:03A2:0103|181:0040:0219:03A3:0103|182:0040:0241:0345:0103|183:0040:0231:0343:0103|184:0040:0221:0365:0103|185:0040:0241:0344:0113|186:0040:0231:0342:0113|187:0040:0221:0364:0113|188:0040:0211:0356:010E|189:0040:0221:0363:0123
round3_castle,0xDD,4088,0x0002,0x0003,0x0000,0x01,0x003F,0x0000,0x0001,actor_2c8,6,0x10C448,0x01,0x96,0x00,0x00,0x08,0x00,0x00,0x00AA,0x005C,0x033E,0x00,0x40,0x00,200,10,200:4040:002B:026B:00AC|201:4040:003B:026C:00AC|202:4040:0063:0385:00AC|203:4040:0053:0383:00AC|204:4040:0043:0365:00AC|205:4040:0053:0382:009C|206:4040:0043:0387:009C|207:4040:0033:0356:00A0|208:4040:0043:0386:008C|209:4040:0033:0388:0094
round3_castle,0xDD,4088,0x0002,0x0003,0x0000,0x01,0x003F,0x0000,0x0001,actor_2c8,8,0x10C4C8,0x01,0x9C,0x01,0x00,0x1F,0x00,0x00,0x004D,0x0279,0x033E,0x00,0x40,0x00,220,19,220:0040:0271:0273:0075|221:0040:0271:0274:0065|222:0040:027A:03A0:003D|223:0040:026A:039E:0045|224:0040:027A:039F:004D|225:0040:026A:039D:0055
round3_castle,0xDD,4090,0x0002,0x0003,0x0000,0x01,0x003F,0x0000,0x0001,actor_2c8,4,0x10C3C8,0x01,0x94,0x01,0x00,0x01,0x00,0x00,0x0115,0x0239,0x033E,0x00,0x40,0x04,180,10,180:0040:0209:03A2:0105|181:0040:0219:03A3:0105|182:0040:0241:0345:0105|183:0040:0231:0343:0105|184:0040:0221:0365:0105|185:0040:0241:0344:0115|186:0040:0231:0342:0115|187:0040:0221:0364:0115|188:0040:0211:0356:0110|189:0040:0221:0363:0125
round3_castle,0xDD,4090,0x0002,0x0003,0x0000,0x01,0x003F,0x0000,0x0001,actor_2c8,6,0x10C448,0x01,0x96,0x00,0x00,0x08,0x00,0x00,0x00A7,0x005E,0x033E,0x00,0x40,0x00,200,10,200:4040:002C:026B:00A9|201:4040:003C:026C:00A9|202:4040:0064:0385:00A9|203:4040:0054:0383:00A9|204:4040:0044:0365:00A9|205:4040:0054:0382:0099|206:4040:0044:0387:0099|207:4040:0034:0356:009D|208:4040:0044:0386:0089|209:4040:0034:0388:0091
round3_castle,0xDD,4092,0x0002,0x0003,0x0000,0x01,0x003F,0x0000,0x0001,actor_2c8,4,0x10C3C8,0x01,0x93,0x01,0x00,0x01,0x00,0x00,0x0117,0x0239,0x033E,0x00,0x40,0x04,180,10,180:0040:0209:03A2:0107|181:0040:0219:03A3:0107|182:0040:0241:0341:0107|183:0040:0231:033F:0107|184:0040:0221:0365:0107|185:0040:0241:0340:0117|186:0040:0231:033E:0117|187:0040:0221:0364:0117|188:0040:0211:0356:0112|189:0040:0221:0363:0127
round3_castle,0xDD,4092,0x0002,0x0003,0x0000,0x01,0x003F,0x0000,0x0001,actor_2c8,6,0x10C448,0x01,0x96,0x00,0x00,0x08,0x00,0x00,0x00A4,0x0060,0x033E,0x00,0x40,0x00,200,10,200:4040:002E:026B:00A6|201:4040:003E:026C:00A6|202:4040:0066:0385:00A6|203:4040:0056:0383:00A6|204:4040:0046:0365:00A6|205:4040:0056:0382:0096|206:4040:0046:0387:0096|207:4040:0036:0356:009A|208:4040:0046:0386:0086|209:4040:0036:0388:008E
round3_castle,0xDD,4092,0x0002,0x0003,0x0000,0x01,0x003F,0x0000,0x0001,actor_2c8,8,0x10C4C8,0x01,0x9B,0x01,0x00,0x1F,0x00,0x00,0x004D,0x0279,0x033E,0x00,0x40,0x00,220,19,220:0040:0271:0273:0075|221:0040:0271:0274:0065|222:0040:027A:03A0:003D|223:0040:026A:039E:0045|224:0040:027A:039F:004D|225:0040:026A:039D:0055
round3_castle,0xDD,4094,0x0002,0x0003,0x0000,0x01,0x003F,0x0000,0x0001,actor_2c8,4,0x10C3C8,0x01,0x93,0x01,0x00,0x01,0x00,0x00,0x0119,0x0239,0x033E,0x00,0x40,0x04,180,10,180:0040:0209:03A2:0109|181:0040:0219:03A3:0109|182:0040:0241:0341:0109|183:0040:0231:033F:0109|184:0040:0221:0365:0109|185:0040:0241:0340:0119|186:0040:0231:033E:0119|187:0040:0221:0364:0119|188:0040:0211:0356:0114|189:0040:0221:0363:0129
round3_castle,0xDD,4094,0x0002,0x0003,0x0000,0x01,0x003F,0x0000,0x0001,actor_2c8,6,0x10C448,0x01,0x96,0x00,0x00,0x08,0x00,0x00,0x00A1,0x0063,0x033E,0x00,0x40,0x00,200,10,200:4040:0030:026B:00A3|201:4040:0040:026C:00A3|202:4040:0068:0385:00A3|203:4040:0058:0383:00A3|204:4040:0048:0365:00A3|205:4040:0058:0382:0093|206:4040:0048:0387:0093|207:4040:0038:0356:0097|208:4040:0048:0386:0083|209:4040:0038:0388:008B
round3_castle,0xDD,4096,0x0002,0x0003,0x0000,0x01,0x003F,0x0000,0x0001,actor_2c8,6,0x10C448,0x01,0x96,0x00,0x00,0x08,0x00,0x00,0x009E,0x0066,0x033E,0x00,0x40,0x00,200,10,200:4040:0033:026B:00A0|201:4040:0043:026C:00A0|202:4040:006B:0385:00A0|203:4040:005B:0383:00A0|204:4040:004B:0365:00A0|205:4040:005B:0382:0090|206:4040:004B:0387:0090|207:4040:003B:0356:0094|208:4040:004B:0386:0080|209:4040:003B:0388:0088
round3_castle,0xDD,4098,0x0002,0x0003,0x0000,0x01,0x003F,0x0000,0x0001,actor_2c8,4,0x10C3C8,0x01,0x93,0x01,0x00,0x01,0x00,0x00,0x011D,0x0239,0x033E,0x00,0x40,0x04,180,10,180:0040:0209:03A2:010B|181:0040:0219:03A3:010B|182:0040:0241:0341:010B|183:0040:0231:033F:010B|184:0040:0221:0365:010B|185:0040:0241:0340:011B|186:0040:0231:033E:011B|187:0040:0221:0364:011B|188:0040:0211:0356:0116|189:0040:0221:0363:012B
round3_castle,0xDD,4098,0x0002,0x0003,0x0000,0x01,0x003F,0x0000,0x0001,actor_2c8,6,0x10C448,0x01,0x96,0x00,0x00,0x08,0x00,0x00,0x009C,0x0069,0x033E,0x00,0x40,0x00,200,10,200:4040:0036:026B:009D|201:4040:0046:026C:009D|202:4040:006E:0385:009D|203:4040:005E:0383:009D|204:4040:004E:0365:009D|205:4040:005E:0382:008D|206:4040:004E:0387:008D|207:4040:003E:0356:0091|208:4040:004E:0386:007D|209:4040:003E:0388:0085
round3_castle,0xDD,4098,0x0002,0x0003,0x0000,0x01,0x003F,0x0000,0x0001,actor_2c8,8,0x10C4C8,0x01,0x98,0x01,0x00,0x1F,0x00,0x00,0x004D,0x0279,0x033E,0x00,0x40,0x00,220,19,220:0040:0279:0271:003D|221:0040:027A:0398:003D|222:0040:026A:0396:003D|223:0040:027A:0397:004D|224:0040:026A:0395:004D
round3_castle,0xDD,4100,0x0002,0x0003,0x0000,0x01,0x003F,0x0000,0x0001,actor_2c8,4,0x10C3C8,0x01,0x94,0x01,0x00,0x01,0x00,0x00,0x011F,0x0239,0x033E,0x00,0x40,0x04,180,10,180:0040:0209:03A2:010D|181:0040:0219:03A3:010D|182:0040:0241:0345:010D|183:0040:0231:0343:010D|184:0040:0221:0365:010D|185:0040:0241:0344:011D|186:0040:0231:0342:011D|187:0040:0221:0364:011D|188:0040:0211:0356:0118|189:0040:0221:0363:012D
round3_castle,0xDD,4100,0x0002,0x0003,0x0000,0x01,0x003F,0x0000,0x0001,actor_2c8,6,0x10C448,0x01,0x96,0x00,0x00,0x08,0x00,0x00,0x009A,0x006C,0x033E,0x00,0x40,0x00,200,10,200:4040:0039:026B:009B|201:4040:0049:026C:009B|202:4040:0071:0385:009B|203:4040:0061:0383:009B|204:4040:0051:0365:009B|205:4040:0061:0382:008B|206:4040:0051:0387:008B|207:4040:0041:0356:008F|208:4040:0051:0386:007B|209:4040:0041:0388:0083
round3_castle,0xDD,4102,0x0002,0x0003,0x0000,0x01,0x003F,0x0000,0x0001,actor_2c8,4,0x10C3C8,0x01,0x94,0x01,0x00,0x01,0x00,0x00,0x0121,0x0239,0x033E,0x00,0x40,0x04,180,10,180:0040:0209:03A2:010F|181:0040:0219:03A3:010F|182:0040:0241:0345:010F|183:0040:0231:0343:010F|184:0040:0221:0365:010F|185:0040:0241:0344:011F|186:0040:0231:0342:011F|187:0040:0221:0364:011F|188:0040:0211:0356:011A|189:0040:0221:0363:012F
round3_castle,0xDD,4102,0x0002,0x0003,0x0000,0x01,0x003F,0x0000,0x0001,actor_2c8,6,0x10C448,0x01,0x94,0x00,0x00,0x08,0x00,0x00,0x0099,0x006F,0x033E,0x00,0x40,0x00,200,10,200:4040:003C:026B:0099|201:4040:004C:026C:0099|202:4040:0074:0385:0099|203:4040:0064:0383:0099|204:4040:0054:0365:0099|205:4040:0064:0382:0089|206:4040:0054:0387:0089|207:4040:0044:0356:008D|208:4040:0054:0386:0079|209:4040:0044:0388:0081
round3_castle,0xDD,4104,0x0002,0x0003,0x0000,0x01,0x003F,0x0000,0x0001,actor_2c8,4,0x10C3C8,0x01,0x94,0x01,0x00,0x01,0x00,0x00,0x0121,0x0239,0x033E,0x00,0x40,0x04,180,10,180:0040:0209:03A2:0111|181:0040:0219:03A3:0111|182:0040:0241:0345:0111|183:0040:0231:0343:0111|184:0040:0221:0365:0111|185:0040:0241:0344:0121|186:0040:0231:0342:0121|187:0040:0221:0364:0121|188:0040:0211:0356:011C|189:0040:0221:0363:0131
round3_castle,0xDD,4104,0x0002,0x0003,0x0000,0x01,0x003F,0x0000,0x0001,actor_2c8,6,0x10C448,0x01,0x94,0x00,0x00,0x08,0x00,0x00,0x0098,0x0072,0x033E,0x00,0x40,0x00,200,10,200:4040:003F:026B:0098|201:4040:004F:026C:0098|202:4040:0077:0345:0098|203:4040:0067:0343:0098|204:4040:0057:0365:0098|205:4040:0077:0344:0088|206:4040:0067:0342:0088|207:4040:0057:0364:0088|208:4040:0047:0356:008D|209:4040:0057:0363:0078
round3_castle,0xDD,4106,0x0002,0x0003,0x0000,0x01,0x003F,0x0000,0x0001,actor_2c8,4,0x10C3C8,0x01,0x94,0x00,0x00,0x02,0x00,0x00,0x011F,0x0239,0x033E,0x00,0x40,0x04,180,10,180:4040:0209:03A2:011E|181:4040:0219:03A3:011E|182:4040:0241:0345:011E|183:4040:0231:0343:011E|184:4040:0221:0365:011E|185:4040:0241:0344:010E|186:4040:0231:0342:010E|187:4040:0221:0364:010E|188:4040:0211:0356:0113|189:4040:0221:0363:00FE
round3_castle,0xDD,4106,0x0002,0x0003,0x0000,0x01,0x003F,0x0000,0x0001,actor_2c8,6,0x10C448,0x01,0x93,0x00,0x00,0x08,0x00,0x00,0x0097,0x0076,0x033E,0x00,0x40,0x00,200,10,200:4040:0042:026B:0097|201:4040:0052:026C:0097|202:4040:007A:0345:0097|203:4040:006A:0343:0097|204:4040:005A:0365:0097|205:4040:007A:0344:0087|206:4040:006A:0342:0087|207:4040:005A:0364:0087|208:4040:004A:0356:008C|209:4040:005A:0363:0077
round3_castle,0xDD,4108,0x0002,0x0003,0x0000,0x01,0x003F,0x0000,0x0001,actor_2c8,4,0x10C3C8,0x01,0x95,0x00,0x00,0x02,0x00,0x00,0x011D,0x0239,0x033E,0x00,0x40,0x04,180,10,180:4040:0209:03A2:011C|181:4040:0219:03A3:011C|182:4040:0241:0349:011C|183:4040:0231:0347:011C|184:4040:0221:0365:011C|185:4040:0241:0348:010C|186:4040:0231:0346:010C|187:4040:0221:0364:010C|188:4040:0211:0356:0111|189:4040:0221:0363:00FC
round3_castle,0xDD,4108,0x0002,0x0003,0x0000,0x01,0x003F,0x0000,0x0001,actor_2c8,6,0x10C448,0x01,0x93,0x00,0x00,0x08,0x00,0x00,0x0097,0x0079,0x033E,0x00,0x40,0x00,200,10,200:4040:0046:026B:0096|201:4040:0056:026C:0096|202:4040:007E:0341:0096|203:4040:006E:033F:0096|204:4040:005E:0365:0096|205:4040:007E:0340:0086|206:4040:006E:033E:0086|207:4040:005E:0364:0086|208:4040:004E:0356:008B|209:4040:005E:0363:0076
round3_castle,0xDD,4110,0x0002,0x0003,0x0000,0x01,0x003F,0x0000,0x0001,actor_2c8,4,0x10C3C8,0x01,0x95,0x00,0x00,0x02,0x00,0x00,0x011B,0x0239,0x033E,0x00,0x40,0x04,180,10,180:4040:0209:03A2:011A|181:4040:0219:03A3:011A|182:4040:0241:0349:011A|183:4040:0231:0347:011A|184:4040:0221:0365:011A|185:4040:0241:0348:010A|186:4040:0231:0346:010A|187:4040:0221:0364:010A|188:4040:0211:0356:010F|189:4040:0221:0363:00FA
round3_castle,0xDD,4110,0x0002,0x0003,0x0000,0x01,0x003F,0x0000,0x0001,actor_2c8,6,0x10C448,0x01,0x93,0x00,0x00,0x08,0x00,0x00,0x0097,0x0079,0x033E,0x00,0x40,0x00,200,10,200:4040:0049:026B:0096|201:4040:0059:026C:0096|202:4040:0081:0341:0096|203:4040:0071:033F:0096|204:4040:0061:0365:0096|205:4040:0081:0340:0086|206:4040:0071:033E:0086|207:4040:0061:0364:0086|208:4040:0051:0356:008B|209:4040:0061:0363:0076
round3_castle,0xDD,4112,0x0002,0x0003,0x0000,0x01,0x003F,0x0000,0x0001,actor_2c8,4,0x10C3C8,0x01,0x95,0x00,0x00,0x02,0x00,0x00,0x0119,0x0239,0x033E,0x00,0x40,0x04,180,10,180:4040:0209:03A2:0118|181:4040:0219:03A3:0118|182:4040:0241:0349:0118|183:4040:0231:0347:0118|184:4040:0221:0365:0118|185:4040:0241:0348:0108|186:4040:0231:0346:0108|187:4040:0221:0364:0108|188:4040:0211:0356:010D|189:4040:0221:0363:00F8
round3_castle,0xDD,4112,0x0002,0x0003,0x0000,0x01,0x003F,0x0000,0x0001,actor_2c8,6,0x10C448,0x01,0x95,0x00,0x00,0x02,0x00,0x00,0x0095,0x0079,0x033E,0x01,0x40,0x00,200,10,200:0040:0049:026B:0085|201:0040:0059:026C:0085|202:0040:0081:0349:0085|203:0040:0071:0347:0085|204:0040:0061:0365:0085|205:0040:0081:0348:0095|206:0040:0071:0346:0095|207:0040:0061:0364:0095|208:0040:0051:0356:0090|209:0040:0061:0363:00A5
round3_castle,0xDD,4114,0x0002,0x0003,0x0000,0x01,0x003F,0x0000,0x0001,actor_2c8,6,0x10C448,0x01,0x95,0x00,0x00,0x02,0x00,0x00,0x0093,0x0079,0x033E,0x01,0x40,0x00,200,10,200:0040:0049:026B:0083|201:0040:0059:026C:0083|202:0040:0081:0349:0083|203:0040:0071:0347:0083|204:0040:0061:0365:0083|205:0040:0081:0348:0093|206:0040:0071:0346:0093|207:0040:0061:0364:0093|208:0040:0051:0356:008E|209:0040:0061:0363:00A3
round3_castle,0xDD,4116,0x0002,0x0003,0x0000,0x01,0x003F,0x0000,0x0001,actor_2c8,6,0x10C448,0x01,0x94,0x00,0x00,0x02,0x00,0x00,0x0091,0x0079,0x033E,0x01,0x40,0x00,200,10,200:0040:0049:026B:0081|201:0040:0059:026C:0081|202:0040:0081:0345:0081|203:0040:0071:0343:0081|204:0040:0061:0365:0081|205:0040:0081:0344:0091|206:0040:0071:0342:0091|207:0040:0061:0364:0091|208:0040:0051:0356:008C|209:0040:0061:0363:00A1
round3_castle,0xDD,4116,0x0002,0x0003,0x0000,0x01,0x003F,0x0000,0x0001,actor_2c8,8,0x10C4C8,0x01,0x99,0x01,0x00,0x1F,0x00,0x00,0x004D,0x0279,0x033E,0x00,0x40,0x00,220,19,220:0040:0260:026E:002D|221:0040:0270:026D:0035|222:0040:027A:0390:003D|223:0040:026A:038E:003D|224:0040:027A:038F:004D|225:0040:026A:038D:004D
round3_castle,0xDD,4118,0x0002,0x0003,0x0000,0x01,0x003F,0x0000,0x0001,actor_2c8,6,0x10C448,0x01,0x94,0x00,0x00,0x02,0x00,0x00,0x008F,0x0079,0x033E,0x01,0x40,0x00,200,10,200:0040:0049:026B:007F|201:0040:0059:026C:007F|202:0040:0081:0345:007F|203:0040:0071:0343:007F|204:0040:0061:0365:007F|205:0040:0081:0344:008F|206:0040:0071:0342:008F|207:0040:0061:0364:008F|208:0040:0051:0356:008A|209:0040:0061:0363:009F
round3_castle,0xDD,4122,0x0002,0x0003,0x0000,0x01,0x003F,0x0000,0x0001,actor_2c8,4,0x10C3C8,0x01,0x94,0x00,0x00,0x02,0x00,0x00,0x0111,0x0239,0x033E,0x00,0x40,0x04,180,10,180:4040:0209:03A2:0110|181:4040:0219:03A3:0110|182:4040:0241:0345:0110|183:4040:0231:0343:0110|184:4040:0221:0365:0110|185:4040:0241:0344:0100|186:4040:0231:0342:0100|187:4040:0221:0364:0100|188:4040:0211:0356:0105|189:4040:0221:0363:00F0
round3_castle,0xDD,4122,0x0002,0x0003,0x0000,0x01,0x003F,0x0000,0x0001,actor_2c8,6,0x10C448,0x01,0x94,0x00,0x00,0x02,0x00,0x00,0x008B,0x0079,0x033E,0x01,0x40,0x00,200,10,200:0040:0049:026B:007D|201:0040:0059:026C:007D|202:0040:0081:0345:007D|203:0040:0071:0343:007D|204:0040:0061:0365:007D|205:0040:0081:0344:008D|206:0040:0071:0342:008D|207:0040:0061:0364:008D|208:0040:0051:0356:0088|209:0040:0061:0363:009D
round3_castle,0xDD,4122,0x0002,0x0003,0x0000,0x01,0x003F,0x0000,0x0001,actor_2c8,8,0x10C4C8,0x01,0x9B,0x01,0x00,0x1F,0x00,0x00,0x004D,0x0279,0x033E,0x00,0x40,0x00,220,19,220:0040:0279:0271:003D|221:0040:027A:0398:003D|222:0040:026A:0396:003D|223:0040:027A:0397:004D|224:0040:026A:0395:004D
round3_castle,0xDD,4124,0x0002,0x0003,0x0000,0x01,0x003F,0x0000,0x0001,actor_2c8,6,0x10C448,0x01,0x93,0x00,0x00,0x02,0x00,0x00,0x0089,0x0079,0x033E,0x01,0x40,0x00,200,10,200:0040:0049:026B:007B|201:0040:0059:026C:007B|202:0040:0081:0341:007B|203:0040:0071:033F:007B|204:0040:0061:0365:007B|205:0040:0081:0340:008B|206:0040:0071:033E:008B|207:0040:0061:0364:008B|208:0040:0051:0356:0086|209:0040:0061:0363:009B
round3_castle,0xDD,4126,0x0002,0x0003,0x0000,0x01,0x003F,0x0000,0x0001,actor_2c8,6,0x10C448,0x01,0x93,0x00,0x00,0x02,0x00,0x00,0x0087,0x0079,0x033E,0x01,0x40,0x00,200,10,200:0040:0049:026B:0079|201:0040:0059:026C:0079|202:0040:0081:0341:0079|203:0040:0071:033F:0079|204:0040:0061:0365:0079|205:0040:0081:0340:0089|206:0040:0071:033E:0089|207:0040:0061:0364:0089|208:0040:0051:0356:0084|209:0040:0061:0363:0099
round3_castle,0xDD,4128,0x0002,0x0003,0x0000,0x01,0x003F,0x0000,0x0001,actor_2c8,6,0x10C448,0x01,0x93,0x00,0x00,0x02,0x00,0x00,0x0087,0x0079,0x033E,0x01,0x40,0x00,200,10,200:0040:0049:026B:0077|201:0040:0059:026C:0077|202:0040:0081:0341:0077|203:0040:0071:033F:0077|204:0040:0061:0365:0077|205:0040:0081:0340:0087|206:0040:0071:033E:0087|207:0040:0061:0364:0087|208:0040:0051:0356:0082|209:0040:0061:0363:0097
round3_castle,0xDD,4130,0x0002,0x0003,0x0000,0x01,0x003F,0x0000,0x0001,actor_2c8,4,0x10C3C8,0x01,0x93,0x00,0x00,0x02,0x00,0x00,0x0109,0x0239,0x033E,0x00,0x40,0x04,180,10,180:4040:0209:03A2:0108|181:4040:0219:03A3:0108|182:4040:0241:0341:0108|183:4040:0231:033F:0108|184:4040:0221:0365:0108|185:4040:0241:0340:00F8|186:4040:0231:033E:00F8|187:4040:0221:0364:00F8|188:4040:0211:0356:00FD|189:4040:0221:0363:00E8
round3_castle,0xDD,4130,0x0002,0x0003,0x0000,0x01,0x003F,0x0000,0x0001,actor_2c8,6,0x10C448,0x01,0x93,0x00,0x00,0x02,0x00,0x00,0x0085,0x0079,0x033E,0x01,0x40,0x00,200,10,200:0040:0049:026B:0075|201:0040:0059:026C:0075|202:0040:0081:0341:0075|203:0040:0071:033F:0075|204:0040:0061:0365:0075|205:0040:0081:0340:0085|206:0040:0071:033E:0085|207:0040:0061:0364:0085|208:0040:0051:0356:0080|209:0040:0061:0363:0095
round3_castle,0xDD,4132,0x0002,0x0003,0x0000,0x01,0x003F,0x0000,0x0001,actor_2c8,6,0x10C448,0x01,0x94,0x00,0x00,0x02,0x00,0x00,0x0083,0x0079,0x033E,0x01,0x40,0x00,200,10,200:0040:0049:026B:0073|201:0040:0059:026C:0073|202:0040:0081:0345:0073|203:0040:0071:0343:0073|204:0040:0061:0365:0073|205:0040:0081:0344:0083|206:0040:0071:0342:0083|207:0040:0061:0364:0083|208:0040:0051:0356:007E|209:0040:0061:0363:0093
round3_castle,0xDD,4134,0x0002,0x0003,0x0000,0x01,0x003F,0x0000,0x0001,actor_2c8,6,0x10C448,0x01,0x94,0x00,0x00,0x02,0x00,0x00,0x0081,0x0079,0x033E,0x01,0x40,0x00,200,10,200:0040:0049:026B:0071|201:0040:0059:026C:0071|202:0040:0081:0345:0071|203:0040:0071:0343:0071|204:0040:0061:0365:0071|205:0040:0081:0344:0081|206:0040:0071:0342:0081|207:0040:0061:0364:0081|208:0040:0051:0356:007C|209:0040:0061:0363:0091
round3_castle,0xDD,4134,0x0002,0x0003,0x0000,0x01,0x003F,0x0000,0x0001,actor_2c8,8,0x10C4C8,0x01,0x9A,0x01,0x00,0x1F,0x00,0x00,0x004D,0x0279,0x033E,0x00,0x40,0x00,220,19,220:0040:0278:0272:0045|221:0040:027A:039C:003D|222:0040:026A:039A:003D|223:0040:027A:039B:004D|224:0040:026A:0399:004D
round3_castle,0xDD,4136,0x0002,0x0003,0x0000,0x01,0x003F,0x0000,0x0001,actor_2c8,6,0x10C448,0x01,0x94,0x00,0x00,0x02,0x00,0x00,0x007F,0x0079,0x033E,0x01,0x40,0x00,200,10,200:0040:0049:026B:006F|201:0040:0059:026C:006F|202:0040:0081:0345:006F|203:0040:0071:0343:006F|204:0040:0061:0365:006F|205:0040:0081:0344:007F|206:0040:0071:0342:007F|207:0040:0061:0364:007F|208:0040:0051:0356:007A|209:0040:0061:0363:008F
round3_castle,0xDD,4138,0x0002,0x0003,0x0000,0x01,0x003F,0x0000,0x0001,actor_2c8,4,0x10C3C8,0x01,0x94,0x00,0x00,0x02,0x00,0x00,0x0101,0x023F,0x033E,0x00,0x40,0x04,180,10,180:4040:020C:03A2:0102|181:4040:021C:03A3:0102|182:4040:0244:0345:0102|183:4040:0234:0343:0102|184:4040:0224:0365:0102|185:4040:0244:0344:00F2|186:4040:0234:0342:00F2|187:4040:0224:0364:00F2|188:4040:0214:0356:00F7|189:4040:0224:0363:00E2
round3_castle,0xDD,4138,0x0002,0x0003,0x0000,0x01,0x003F,0x0000,0x0001,actor_2c8,6,0x10C448,0x01,0x94,0x00,0x00,0x02,0x00,0x00,0x007D,0x007F,0x033E,0x01,0x40,0x00,200,10,200:0040:004C:026B:006F|201:0040:005C:026C:006F|202:0040:0084:0345:006F|203:0040:0074:0343:006F|204:0040:0064:0365:006F|205:0040:0084:0344:007F|206:0040:0074:0342:007F|207:0040:0064:0364:007F|208:0040:0054:0356:007A|209:0040:0064:0363:008F
round3_castle,0xDD,4138,0x0002,0x0003,0x0000,0x01,0x003F,0x0000,0x0001,actor_2c8,8,0x10C4C8,0x01,0x98,0x01,0x00,0x1F,0x00,0x00,0x004D,0x027F,0x033E,0x00,0x40,0x00,220,19,220:0040:0263:026E:002D|221:0040:0273:026D:0035|222:0040:027D:0390:003D|223:0040:026D:038E:003D|224:0040:027D:038F:004D|225:0040:026D:038D:004D
round3_castle,0xDD,4140,0x0002,0x0003,0x0000,0x01,0x003F,0x0000,0x0001,actor_2c8,4,0x10C3C8,0x01,0x95,0x00,0x00,0x02,0x00,0x00,0x0101,0x0245,0x033E,0x00,0x40,0x04,180,10,180:4040:0212:03A2:0100|181:4040:0222:03A3:0100|182:4040:024A:0349:0100|183:4040:023A:0347:0100|184:4040:022A:0365:0100|185:4040:024A:0348:00F0|186:4040:023A:0346:00F0|187:4040:022A:0364:00F0|188:4040:021A:0356:00F5|189:4040:022A:0363:00E0
round3_castle,0xDD,4140,0x0002,0x0003,0x0000,0x01,0x003F,0x0000,0x0001,actor_2c8,6,0x10C448,0x01,0x95,0x00,0x00,0x02,0x00,0x00,0x007B,0x0085,0x033E,0x01,0x40,0x00,200,10,200:0040:0052:026B:006D|201:0040:0062:026C:006D|202:0040:008A:0349:006D|203:0040:007A:0347:006D|204:0040:006A:0365:006D|205:0040:008A:0348:007D|206:0040:007A:0346:007D|207:0040:006A:0364:007D|208:0040:005A:0356:0078|209:0040:006A:0363:008D
round3_castle,0xDD,4140,0x0002,0x0003,0x0000,0x01,0x003F,0x0000,0x0001,actor_2c8,8,0x10C4C8,0x01,0x97,0x01,0x00,0x1F,0x00,0x00,0x004D,0x0285,0x033E,0x00,0x40,0x00,220,19,220:0040:0269:026E:002D|221:0040:0279:026D:0035|222:0040:0283:0390:003D|223:0040:0273:038E:003D|224:0040:0283:038F:004D|225:0040:0273:038D:004D
round3_castle,0xDD,4142,0x0002,0x0003,0x0000,0x01,0x003F,0x0000,0x0001,actor_2c8,4,0x10C3C8,0x01,0x95,0x00,0x00,0x02,0x00,0x00,0x00FF,0x0249,0x033E,0x00,0x40,0x04,180,10,180:4040:0217:03A2:00FE|181:4040:0227:03A3:00FE|182:4040:024F:0349:00FE|183:4040:023F:0347:00FE|184:4040:022F:0365:00FE|185:4040:024F:0348:00EE|186:4040:023F:0346:00EE|187:4040:022F:0364:00EE|188:4040:021F:0356:00F3|189:4040:022F:0363:00DE
round3_castle,0xDD,4142,0x0002,0x0003,0x0000,0x01,0x003F,0x0000,0x0001,actor_2c8,6,0x10C448,0x01,0x95,0x00,0x00,0x02,0x00,0x00,0x0079,0x0089,0x033E,0x01,0x40,0x00,200,10,200:0040:0057:026B:006B|201:0040:0067:026C:006B|202:0040:008F:0349:006B|203:0040:007F:0347:006B|204:0040:006F:0365:006B|205:0040:008F:0348:007B|206:0040:007F:0346:007B|207:0040:006F:0364:007B|208:0040:005F:0356:0076|209:0040:006F:0363:008B
round3_castle,0xDD,4142,0x0002,0x0003,0x0000,0x01,0x003F,0x0000,0x0001,actor_2c8,8,0x10C4C8,0x01,0x97,0x01,0x00,0x1F,0x00,0x00,0x004D,0x0289,0x033E,0x00,0x40,0x00,220,19,220:0040:0266:026B:003D|221:0040:0276:026C:003D|222:0040:0288:038C:003D|223:0040:0278:038A:003D|224:0040:0288:038B:004D|225:0040:0278:0389:004D
round3_castle,0xDD,4144,0x0002,0x0003,0x0000,0x01,0x003F,0x0000,0x0001,actor_2c8,4,0x10C3C8,0x01,0x95,0x00,0x00,0x02,0x00,0x00,0x00FD,0x024B,0x033E,0x00,0x40,0x04,180,10,180:4040:021A:03A2:00FC|181:4040:022A:03A3:00FC|182:4040:0252:0349:00FC|183:4040:0242:0347:00FC|184:4040:0232:0365:00FC|185:4040:0252:0348:00EC|186:4040:0242:0346:00EC|187:4040:0232:0364:00EC|188:4040:0222:0356:00F1|189:4040:0232:0363:00DC
round3_castle,0xDD,4144,0x0002,0x0003,0x0000,0x01,0x003F,0x0000,0x0001,actor_2c8,6,0x10C448,0x01,0x95,0x00,0x00,0x02,0x00,0x00,0x0077,0x008B,0x033E,0x01,0x40,0x00,200,10,200:0040:005A:026B:0069|201:0040:006A:026C:0069|202:0040:0092:0349:0069|203:0040:0082:0347:0069|204:0040:0072:0365:0069|205:0040:0092:0348:0079|206:0040:0082:0346:0079|207:0040:0072:0364:0079|208:0040:0062:0356:0074|209:0040:0072:0363:0089
round3_castle,0xDD,4144,0x0002,0x0003,0x0000,0x01,0x003F,0x0000,0x0001,actor_2c8,8,0x10C4C8,0x01,0x97,0x01,0x00,0x1F,0x00,0x00,0x004D,0x028B,0x033E,0x00,0x40,0x00,220,19,220:0040:0269:026B:003D|221:0040:0279:026C:003D|222:0040:028B:038C:003D|223:0040:027B:038A:003D|224:0040:028B:038B:004D|225:0040:027B:0389:004D
round3_castle,0xDD,4146,0x0002,0x0003,0x0000,0x01,0x003F,0x0000,0x0001,actor_2c8,4,0x10C3C8,0x01,0x95,0x00,0x00,0x02,0x00,0x00,0x00FB,0x024B,0x033E,0x00,0x40,0x04,180,10,180:4040:021B:03A2:00FA|181:4040:022B:03A3:00FA|182:4040:0253:0349:00FA|183:4040:0243:0347:00FA|184:4040:0233:0365:00FA|185:4040:0253:0348:00EA|186:4040:0243:0346:00EA|187:4040:0233:0364:00EA|188:4040:0223:0356:00EF|189:4040:0233:0363:00DA
round3_castle,0xDD,4146,0x0002,0x0003,0x0000,0x01,0x003F,0x0000,0x0001,actor_2c8,6,0x10C448,0x01,0x95,0x00,0x00,0x02,0x00,0x00,0x0077,0x008B,0x033E,0x01,0x40,0x00,200,10,200:0040:005B:026B:0067|201:0040:006B:026C:0067|202:0040:0093:0349:0067|203:0040:0083:0347:0067|204:0040:0073:0365:0067|205:0040:0093:0348:0077|206:0040:0083:0346:0077|207:0040:0073:0364:0077|208:0040:0063:0356:0072|209:0040:0073:0363:0087
round3_castle,0xDD,4146,0x0002,0x0003,0x0000,0x01,0x003F,0x0000,0x0001,actor_2c8,8,0x10C4C8,0x01,0x97,0x01,0x00,0x1F,0x00,0x00,0x004D,0x028B,0x033E,0x00,0x40,0x00,220,19,220:0040:026A:026B:003D|221:0040:027A:026C:003D|222:0040:028C:038C:003D|223:0040:027C:038A:003D|224:0040:028C:038B:004D|225:0040:027C:0389:004D
round3_castle,0xDD,4148,0x0002,0x0003,0x0000,0x01,0x003F,0x0000,0x0001,actor_2c8,4,0x10C3C8,0x01,0x94,0x00,0x00,0x02,0x00,0x00,0x00F9,0x024B,0x033E,0x00,0x40,0x04,180,10,180:4040:021B:03A2:00F8|181:4040:022B:03A3:00F8|182:4040:0253:0345:00F8|183:4040:0243:0343:00F8|184:4040:0233:0365:00F8|185:4040:0253:0344:00E8|186:4040:0243:0342:00E8|187:4040:0233:0364:00E8|188:4040:0223:0356:00ED|189:4040:0233:0363:00D8
round3_castle,0xDD,4148,0x0002,0x0003,0x0000,0x01,0x003F,0x0000,0x0001,actor_2c8,6,0x10C448,0x01,0x94,0x00,0x00,0x02,0x00,0x00,0x0075,0x008B,0x033E,0x01,0x40,0x00,200,10,200:0040:005B:026B:0065|201:0040:006B:026C:0065|202:0040:0093:0345:0065|203:0040:0083:0343:0065|204:0040:0073:0365:0065|205:0040:0093:0344:0075|206:0040:0083:0342:0075|207:0040:0073:0364:0075|208:0040:0063:0356:0070|209:0040:0073:0363:0085
round3_castle,0xDD,4150,0x0002,0x0003,0x0000,0x01,0x003F,0x0000,0x0001,actor_2c8,4,0x10C3C8,0x01,0x96,0x00,0x00,0x08,0x00,0x00,0x00F6,0x024B,0x033E,0x00,0x40,0x04,180,10,180:4040:021B:03A2:00F8|181:4040:022B:03A3:00F8|182:4040:0253:0345:00F8|183:4040:0243:0343:00F8|184:4040:0233:0365:00F8|185:4040:0253:0344:00E8|186:4040:0243:0342:00E8|187:4040:0233:0364:00E8|188:4040:0223:0356:00ED|189:4040:0233:0363:00D8
round3_castle,0xDD,4150,0x0002,0x0003,0x0000,0x01,0x003F,0x0000,0x0001,actor_2c8,6,0x10C448,0x01,0x94,0x00,0x00,0x02,0x00,0x00,0x0073,0x008B,0x033E,0x01,0x40,0x00,200,10,200:0040:005B:026B:0063|201:0040:006B:026C:0063|202:0040:0093:0345:0063|203:0040:0083:0343:0063|204:0040:0073:0365:0063|205:0040:0093:0344:0073|206:0040:0083:0342:0073|207:0040:0073:0364:0073|208:0040:0063:0356:006E|209:0040:0073:0363:0083
round3_castle,0xDD,4152,0x0002,0x0003,0x0000,0x01,0x003F,0x0000,0x0001,actor_2c8,4,0x10C3C8,0x01,0x96,0x00,0x00,0x08,0x00,0x00,0x00F2,0x024C,0x033E,0x00,0x40,0x04,180,10,180:4040:021B:03A2:00F5|181:4040:022B:03A3:00F5|182:4040:0253:0385:00F5|183:4040:0243:0383:00F5|184:4040:0233:0365:00F5|185:4040:0243:0382:00E5|186:4040:0233:0387:00E5|187:4040:0223:0356:00E9|188:4040:0233:0386:00D5|189:4040:0223:0388:00DD
round3_castle,0xDD,4152,0x0002,0x0003,0x0000,0x01,0x003F,0x0000,0x0001,actor_2c8,6,0x10C448,0x01,0x94,0x00,0x00,0x02,0x00,0x00,0x0071,0x008B,0x033E,0x01,0x40,0x00,200,10,200:0040:005B:026B:0061|201:0040:006B:026C:0061|202:0040:0093:0345:0061|203:0040:0083:0343:0061|204:0040:0073:0365:0061|205:0040:0093:0344:0071|206:0040:0083:0342:0071|207:0040:0073:0364:0071|208:0040:0063:0356:006C|209:0040:0073:0363:0081
round3_castle,0xDD,4152,0x0002,0x0003,0x0000,0x01,0x003F,0x0000,0x0001,actor_2c8,8,0x10C4C8,0x01,0x98,0x01,0x00,0x1F,0x00,0x00,0x004D,0x028B,0x033E,0x00,0x40,0x00,220,19,220:0040:026A:026B:003D|221:0040:027A:026C:003D|222:0040:028C:038C:003D|223:0040:027C:038A:003D|224:0040:028C:038B:004D|225:0040:027C:0389:004D
round3_castle,0xDD,4154,0x0002,0x0003,0x0000,0x01,0x003F,0x0000,0x0001,actor_2c8,4,0x10C3C8,0x01,0x96,0x00,0x00,0x08,0x00,0x00,0x00EF,0x024D,0x033E,0x00,0x40,0x04,180,10,180:4040:021C:03A2:00F1|181:4040:022C:03A3:00F1|182:4040:0254:0385:00F1|183:4040:0244:0383:00F1|184:4040:0234:0365:00F1|185:4040:0244:0382:00E1|186:4040:0234:0387:00E1|187:4040:0224:0356:00E5|188:4040:0234:0386:00D1|189:4040:0224:0388:00D9
round3_castle,0xDD,4154,0x0002,0x0003,0x0000,0x01,0x003F,0x0000,0x0001,actor_2c8,6,0x10C448,0x01,0x94,0x00,0x00,0x02,0x00,0x00,0x006F,0x008B,0x033E,0x01,0x40,0x00,200,10,200:0040:005B:026B:005F|201:0040:006B:026C:005F|202:0040:0093:0345:005F|203:0040:0083:0343:005F|204:0040:0073:0365:005F|205:0040:0093:0344:006F|206:0040:0083:0342:006F|207:0040:0073:0364:006F|208:0040:0063:0356:006A|209:0040:0073:0363:007F
round3_castle,0xDD,4154,0x0002,0x0003,0x0000,0x01,0x003F,0x0000,0x0001,actor_2c8,8,0x10C4C8,0x01,0x98,0x01,0x00,0x1F,0x00,0x00,0x004D,0x028B,0x033E,0x00,0x40,0x00,220,19,220:0040:0272:026E:002D|221:0040:0282:026D:0035|222:0040:028C:0390:003D|223:0040:027C:038E:003D|224:0040:028C:038F:004D|225:0040:027C:038D:004D
round3_castle,0xDD,4156,0x0002,0x0003,0x0000,0x01,0x003F,0x0000,0x0001,actor_2c8,4,0x10C3C8,0x01,0x96,0x00,0x00,0x08,0x00,0x00,0x00EC,0x024E,0x033E,0x00,0x40,0x04,180,10,180:4040:021D:03A2:00EE|181:4040:022D:03A3:00EE|182:4040:0255:0385:00EE|183:4040:0245:0383:00EE|184:4040:0235:0365:00EE|185:4040:0245:0382:00DE|186:4040:0235:0387:00DE|187:4040:0225:0356:00E2|188:4040:0235:0386:00CE|189:4040:0225:0388:00D6
round3_castle,0xDD,4156,0x0002,0x0003,0x0000,0x01,0x003F,0x0000,0x0001,actor_2c8,6,0x10C448,0x01,0x93,0x01,0x00,0x01,0x00,0x00,0x0071,0x008B,0x033E,0x00,0x40,0x00,200,10,200:4040:005B:026B:006E|201:4040:006B:026C:006E|202:4040:0093:0345:006E|203:4040:0083:0343:006E|204:4040:0073:0365:006E|205:4040:0093:0344:005E|206:4040:0083:0342:005E|207:4040:0073:0364:005E|208:4040:0063:0356:0063|209:4040:0073:0363:004E
round3_castle,0xDD,4156,0x0002,0x0003,0x0000,0x01,0x003F,0x0000,0x0001,actor_2c8,8,0x10C4C8,0x01,0x99,0x01,0x00,0x1F,0x00,0x00,0x004D,0x028B,0x033E,0x00,0x40,0x00,220,19,220:0040:0282:026F:0035|221:0040:0282:0270:0025|222:0040:028C:0394:003D|223:0040:027C:0392:003D|224:0040:028C:0393:004D|225:0040:027C:0391:004D
round3_castle,0xDD,4158,0x0002,0x0003,0x0000,0x01,0x003F,0x0000,0x0001,actor_2c8,4,0x10C3C8,0x01,0x96,0x00,0x00,0x08,0x00,0x00,0x00E9,0x0250,0x033E,0x00,0x40,0x04,180,10,180:4040:021E:03A2:00EB|181:4040:022E:03A3:00EB|182:4040:0256:0385:00EB|183:4040:0246:0383:00EB|184:4040:0236:0365:00EB|185:4040:0246:0382:00DB|186:4040:0236:0387:00DB|187:4040:0226:0356:00DF|188:4040:0236:0386:00CB|189:4040:0226:0388:00D3
round3_castle,0xDD,4158,0x0002,0x0003,0x0000,0x01,0x003F,0x0000,0x0001,actor_2c8,6,0x10C448,0x01,0x93,0x01,0x00,0x01,0x00,0x00,0x0075,0x008B,0x033E,0x00,0x40,0x00,200,10,200:0040:005B:026B:0063|201:0040:006B:026C:0063|202:0040:0093:0341:0063|203:0040:0083:033F:0063|204:0040:0073:0365:0063|205:0040:0093:0340:0073|206:0040:0083:033E:0073|207:0040:0073:0364:0073|208:0040:0063:0356:006E|209:0040:0073:0363:0083
round3_castle,0xDD,4158,0x0002,0x0003,0x0000,0x01,0x003F,0x0000,0x0001,actor_2c8,8,0x10C4C8,0x01,0x9A,0x01,0x00,0x1F,0x00,0x00,0x004D,0x028B,0x033E,0x00,0x40,0x00,220,19,220:0040:0282:026F:0035|221:0040:0282:0270:0025|222:0040:028C:0394:003D|223:0040:027C:0392:003D|224:0040:028C:0393:004D|225:0040:027C:0391:004D
round3_castle,0xDD,4160,0x0002,0x0003,0x0000,0x01,0x003F,0x0000,0x0001,actor_2c8,4,0x10C3C8,0x01,0x96,0x00,0x00,0x08,0x00,0x00,0x00E6,0x0252,0x033E,0x00,0x40,0x04,180,10,180:4040:0220:03A2:00E8|181:4040:0230:03A3:00E8|182:4040:0258:0385:00E8|183:4040:0248:0383:00E8|184:4040:0238:0365:00E8|185:4040:0248:0382:00D8|186:4040:0238:0387:00D8|187:4040:0228:0356:00DC|188:4040:0238:0386:00C8|189:4040:0228:0388:00D0
round3_castle,0xDD,4160,0x0002,0x0003,0x0000,0x01,0x003F,0x0000,0x0001,actor_2c8,6,0x10C448,0x01,0x93,0x01,0x00,0x01,0x00,0x00,0x0077,0x008B,0x033E,0x00,0x40,0x00,200,10,200:0040:005B:026B:0067|201:0040:006B:026C:0067|202:0040:0093:0341:0067|203:0040:0083:033F:0067|204:0040:0073:0365:0067|205:0040:0093:0340:0077|206:0040:0083:033E:0077|207:0040:0073:0364:0077|208:0040:0063:0356:0072|209:0040:0073:0363:0087
round3_castle,0xDD,4160,0x0002,0x0003,0x0000,0x01,0x003F,0x0000,0x0001,actor_2c8,8,0x10C4C8,0x01,0x9A,0x01,0x00,0x1F,0x00,0x00,0x004D,0x028B,0x033E,0x00,0x40,0x00,220,19,220:0040:028B:0271:003D|221:0040:028C:0398:003D|222:0040:027C:0396:003D|223:0040:028C:0397:004D|224:0040:027C:0395:004D
round3_castle,0xDD,4162,0x0002,0x0003,0x0000,0x01,0x003F,0x0000,0x0001,actor_2c8,4,0x10C3C8,0x01,0x96,0x00,0x00,0x08,0x00,0x00,0x00E3,0x0255,0x033E,0x00,0x40,0x04,180,10,180:4040:0222:03A2:00E5|181:4040:0232:03A3:00E5|182:4040:025A:0385:00E5|183:4040:024A:0383:00E5|184:4040:023A:0365:00E5|185:4040:024A:0382:00D5|186:4040:023A:0387:00D5|187:4040:022A:0356:00D9|188:4040:023A:0386:00C5|189:4040:022A:0388:00CD
round3_castle,0xDD,4162,0x0002,0x0003,0x0000,0x01,0x003F,0x0000,0x0001,actor_2c8,6,0x10C448,0x01,0x93,0x01,0x00,0x01,0x00,0x00,0x007B,0x008B,0x033E,0x00,0x40,0x00,200,10,200:0040:005B:026B:0069|201:0040:006B:026C:0069|202:0040:0093:0341:0069|203:0040:0083:033F:0069|204:0040:0073:0365:0069|205:0040:0093:0340:0079|206:0040:0083:033E:0079|207:0040:0073:0364:0079|208:0040:0063:0356:0074|209:0040:0073:0363:0089
round3_castle,0xDD,4162,0x0002,0x0003,0x0000,0x01,0x003F,0x0000,0x0001,actor_2c8,8,0x10C4C8,0x01,0x9B,0x01,0x00,0x1F,0x00,0x00,0x004D,0x028B,0x033E,0x00,0x40,0x00,220,19,220:0040:028A:0272:0045|221:0040:028C:039C:003D|222:0040:027C:039A:003D|223:0040:028C:039B:004D|224:0040:027C:0399:004D
round3_castle,0xDD,4164,0x0002,0x0003,0x0000,0x01,0x003F,0x0000,0x0001,actor_2c8,4,0x10C3C8,0x01,0x96,0x00,0x00,0x08,0x00,0x00,0x00E0,0x0256,0x033E,0x00,0x40,0x04,180,10,180:4040:0225:03A2:00E2|181:4040:0235:03A3:00E2|182:4040:025D:0385:00E2|183:4040:024D:0383:00E2|184:4040:023D:0365:00E2|185:4040:024D:0382:00D2|186:4040:023D:0387:00D2|187:4040:022D:0356:00D6|188:4040:023D:0386:00C2|189:4040:022D:0388:00CA
round3_castle,0xDD,4164,0x0002,0x0003,0x0000,0x01,0x003F,0x0000,0x0001,actor_2c8,6,0x10C448,0x01,0x94,0x01,0x00,0x01,0x00,0x00,0x007F,0x0089,0x033E,0x00,0x40,0x00,200,10,200:0040:005B:026B:006D|201:0040:006B:026C:006D|202:0040:0093:0345:006D|203:0040:0083:0343:006D|204:0040:0073:0365:006D|205:0040:0093:0344:007D|206:0040:0083:0342:007D|207:0040:0073:0364:007D|208:0040:0063:0356:0078|209:0040:0073:0363:008D
round3_castle,0xDD,4164,0x0002,0x0003,0x0000,0x01,0x003F,0x0000,0x0001,actor_2c8,8,0x10C4C8,0x01,0x9C,0x01,0x00,0x1F,0x00,0x00,0x004D,0x0289,0x033E,0x00,0x40,0x00,220,19,220:0040:028A:0272:0045|221:0040:028C:039C:003D|222:0040:027C:039A:003D|223:0040:028C:039B:004D|224:0040:027C:0399:004D
round3_castle,0xDD,4166,0x0002,0x0003,0x0000,0x01,0x003F,0x0000,0x0001,actor_2c8,4,0x10C3C8,0x01,0x96,0x00,0x00,0x08,0x00,0x00,0x00DE,0x0251,0x033E,0x00,0x40,0x04,180,10,180:4040:0222:03A2:00DF|181:4040:0232:03A3:00DF|182:4040:025A:0385:00DF|183:4040:024A:0383:00DF|184:4040:023A:0365:00DF|185:4040:024A:0382:00CF|186:4040:023A:0387:00CF|187:4040:022A:0356:00D3|188:4040:023A:0386:00BF|189:4040:022A:0388:00C7
round3_castle,0xDD,4166,0x0002,0x0003,0x0000,0x01,0x003F,0x0000,0x0001,actor_2c8,6,0x10C448,0x01,0x95,0x01,0x00,0x11,0x00,0x00,0x007F,0x007D,0x033E,0x00,0x40,0x00,200,10,200:0040:0055:026B:006F|201:0040:0065:026C:006F|202:0040:008D:0345:006F|203:0040:007D:0343:006F|204:0040:006D:0365:006F|205:0040:008D:0344:007F|206:0040:007D:0342:007F|207:0040:006D:0364:007F|208:0040:005D:0356:007A|209:0040:006D:0363:008F
round3_castle,0xDD,4166,0x0002,0x0003,0x0000,0x01,0x003F,0x0000,0x0001,actor_2c8,8,0x10C4C8,0x01,0x9C,0x01,0x00,0x1F,0x00,0x00,0x004D,0x0281,0x033E,0x00,0x40,0x00,220,19,220:0040:027D:0273:0075|221:0040:027D:0274:0065|222:0040:0286:03A0:003D|223:0040:0276:039E:0045|224:0040:0286:039F:004D|225:0040:0276:039D:0055
round3_castle,0xDD,4168,0x0002,0x0003,0x0000,0x01,0x003F,0x0000,0x0001,actor_2c8,4,0x10C3C8,0x01,0x96,0x00,0x00,0x08,0x00,0x00,0x00DC,0x024C,0x033E,0x00,0x40,0x04,180,10,180:4040:021D:03A2:00DD|181:4040:022D:03A3:00DD|182:4040:0255:0385:00DD|183:4040:0245:0383:00DD|184:4040:0235:0365:00DD|185:4040:0245:0382:00CD|186:4040:0235:0387:00CD|187:4040:0225:0356:00D1|188:4040:0235:0386:00BD|189:4040:0225:0388:00C5
round3_castle,0xDD,4168,0x0002,0x0003,0x0000,0x01,0x003F,0x0000,0x0001,actor_2c8,6,0x10C448,0x01,0x95,0x01,0x00,0x11,0x00,0x00,0x007F,0x006D,0x033E,0x00,0x40,0x00,200,10,200:0040:0045:026B:006F|201:0040:0055:026C:006F|202:0040:007D:0349:006F|203:0040:006D:0347:006F|204:0040:005D:0365:006F|205:0040:007D:0348:007F|206:0040:006D:0346:007F|207:0040:005D:0364:007F|208:0040:004D:0356:007A|209:0040:005D:0363:008F
round3_castle,0xDD,4168,0x0002,0x0003,0x0000,0x01,0x003F,0x0000,0x0001,actor_2c8,8,0x10C4C8,0x01,0x9C,0x01,0x00,0x1F,0x00,0x00,0x004D,0x0279,0x033E,0x00,0x40,0x00,220,19,220:0040:0275:0273:0075|221:0040:0275:0274:0065|222:0040:027E:03A0:003D|223:0040:026E:039E:0045|224:0040:027E:039F:004D|225:0040:026E:039D:0055
round3_castle,0xDD,4170,0x0002,0x0003,0x0000,0x01,0x003F,0x0000,0x0001,actor_2c8,6,0x10C448,0x01,0x95,0x01,0x00,0x11,0x00,0x00,0x007F,0x0067,0x033E,0x00,0x40,0x00,200,10,200:0040:003A:026B:006F|201:0040:004A:026C:006F|202:0040:0072:0349:006F|203:0040:0062:0347:006F|204:0040:0052:0365:006F|205:0040:0072:0348:007F|206:0040:0062:0346:007F|207:0040:0052:0364:007F|208:0040:0042:0356:007A|209:0040:0052:0363:008F
round3_castle,0xDD,4172,0x0002,0x0003,0x0000,0x01,0x003F,0x0000,0x0001,actor_2c8,4,0x10C3C8,0x01,0x94,0x00,0x00,0x08,0x00,0x00,0x00DA,0x0252,0x033E,0x00,0x40,0x04,180,10,180:4040:021F:03A2:00DA|181:4040:022F:03A3:00DA|182:4040:0257:0345:00DA|183:4040:0247:0343:00DA|184:4040:0237:0365:00DA|185:4040:0257:0344:00CA|186:4040:0247:0342:00CA|187:4040:0237:0364:00CA|188:4040:0227:0356:00CF|189:4040:0237:0363:00BA
round3_castle,0xDD,4172,0x0002,0x0003,0x0000,0x01,0x003F,0x0000,0x0001,actor_2c8,6,0x10C448,0x01,0x95,0x01,0x00,0x11,0x00,0x00,0x007F,0x0061,0x033E,0x00,0x40,0x00,200,10,200:0040:0034:026B:006F|201:0040:0044:026C:006F|202:0040:006C:0349:006F|203:0040:005C:0347:006F|204:0040:004C:0365:006F|205:0040:006C:0348:007F|206:0040:005C:0346:007F|207:0040:004C:0364:007F|208:0040:003C:0356:007A|209:0040:004C:0363:008F
round3_castle,0xDD,4174,0x0002,0x0003,0x0000,0x01,0x003F,0x0000,0x0001,actor_2c8,4,0x10C3C8,0x01,0x93,0x00,0x00,0x08,0x00,0x00,0x00D9,0x0256,0x033E,0x00,0x40,0x04,180,10,180:4040:0222:03A2:00D9|181:4040:0232:03A3:00D9|182:4040:025A:0345:00D9|183:4040:024A:0343:00D9|184:4040:023A:0365:00D9|185:4040:025A:0344:00C9|186:4040:024A:0342:00C9|187:4040:023A:0364:00C9|188:4040:022A:0356:00CE|189:4040:023A:0363:00B9
round3_castle,0xDD,4174,0x0002,0x0003,0x0000,0x01,0x003F,0x0000,0x0001,actor_2c8,6,0x10C448,0x01,0x95,0x01,0x00,0x11,0x00,0x00,0x007F,0x005B,0x033E,0x00,0x40,0x00,200,10,200:0040:002E:026B:006F|201:0040:003E:026C:006F|202:0040:0066:0349:006F|203:0040:0056:0347:006F|204:0040:0046:0365:006F|205:0040:0066:0348:007F|206:0040:0056:0346:007F|207:0040:0046:0364:007F|208:0040:0036:0356:007A|209:0040:0046:0363:008F
round3_castle,0xDD,4176,0x0002,0x0003,0x0000,0x01,0x003F,0x0000,0x0001,actor_2c8,4,0x10C3C8,0x01,0x93,0x00,0x00,0x08,0x00,0x00,0x00D9,0x0259,0x033E,0x00,0x40,0x04,180,10,180:4040:0226:03A2:00D8|181:4040:0236:03A3:00D8|182:4040:025E:0341:00D8|183:4040:024E:033F:00D8|184:4040:023E:0365:00D8|185:4040:025E:0340:00C8|186:4040:024E:033E:00C8|187:4040:023E:0364:00C8|188:4040:022E:0356:00CD|189:4040:023E:0363:00B8
round3_castle,0xDD,4176,0x0002,0x0003,0x0000,0x01,0x003F,0x0000,0x0001,actor_2c8,6,0x10C448,0x01,0x95,0x01,0x00,0x11,0x00,0x00,0x007F,0x0055,0x033E,0x00,0x40,0x00,200,10,200:0040:0028:026B:006F|201:0040:0038:026C:006F|202:0040:0060:0349:006F|203:0040:0050:0347:006F|204:0040:0040:0365:006F|205:0040:0060:0348:007F|206:0040:0050:0346:007F|207:0040:0040:0364:007F|208:0040:0030:0356:007A|209:0040:0040:0363:008F
round3_castle,0xDD,4178,0x0002,0x0003,0x0000,0x01,0x003F,0x0000,0x0001,actor_2c8,4,0x10C3C8,0x01,0x93,0x00,0x00,0x08,0x00,0x00,0x00D9,0x0259,0x033E,0x00,0x40,0x04,180,10,180:4040:0229:03A2:00D8|181:4040:0239:03A3:00D8|182:4040:0261:0341:00D8|183:4040:0251:033F:00D8|184:4040:0241:0365:00D8|185:4040:0261:0340:00C8|186:4040:0251:033E:00C8|187:4040:0241:0364:00C8|188:4040:0231:0356:00CD|189:4040:0241:0363:00B8
round3_castle,0xDD,4178,0x0002,0x0003,0x0000,0x01,0x003F,0x0000,0x0001,actor_2c8,6,0x10C448,0x01,0x96,0x01,0x00,0x11,0x00,0x00,0x007F,0x004F,0x033E,0x00,0x40,0x00,200,10,200:0040:0022:026B:006F|201:0040:0032:026C:006F|202:0040:005A:0349:006F|203:0040:004A:0347:006F|204:0040:003A:0365:006F|205:0040:005A:0348:007F|206:0040:004A:0346:007F|207:0040:003A:0364:007F|208:0040:002A:0356:007A|209:0040:003A:0363:008F
round3_castle,0xDD,4180,0x0002,0x0003,0x0000,0x01,0x003F,0x0000,0x0001,actor_2c8,4,0x10C3C8,0x01,0x94,0x00,0x00,0x02,0x00,0x00,0x00D7,0x0259,0x033E,0x00,0x40,0x04,180,10,180:4040:0229:03A2:00D6|181:4040:0239:03A3:00D6|182:4040:0261:0345:00D6|183:4040:0251:0343:00D6|184:4040:0241:0365:00D6|185:4040:0261:0344:00C6|186:4040:0251:0342:00C6|187:4040:0241:0364:00C6|188:4040:0231:0356:00CB|189:4040:0241:0363:00B6
round3_castle,0xDD,4180,0x0002,0x0003,0x0000,0x01,0x003F,0x0000,0x0001,actor_2c8,6,0x10C448,0x01,0x96,0x01,0x00,0x11,0x00,0x00,0x007F,0x0049,0x033E,0x00,0x40,0x00,200,10,200:0040:001C:026B:006F|201:0040:002C:026C:006F|202:0040:0054:0385:006F|203:0040:0044:0383:006F|204:0040:0034:0365:006F|205:0040:0044:0382:007F|206:0040:0034:0387:007F|207:0040:0024:0356:007B|208:0040:0034:0386:008F|209:0040:0024:0388:0087
round3_castle,0xDD,4182,0x0002,0x0003,0x0000,0x01,0x003F,0x0000,0x0001,actor_2c8,4,0x10C3C8,0x01,0x94,0x00,0x00,0x02,0x00,0x00,0x00D5,0x0259,0x033E,0x00,0x40,0x04,180,10,180:4040:0229:03A2:00D4|181:4040:0239:03A3:00D4|182:4040:0261:0345:00D4|183:4040:0251:0343:00D4|184:4040:0241:0365:00D4|185:4040:0261:0344:00C4|186:4040:0251:0342:00C4|187:4040:0241:0364:00C4|188:4040:0231:0356:00C9|189:4040:0241:0363:00B4
round3_castle,0xDD,4182,0x0002,0x0003,0x0000,0x01,0x003F,0x0000,0x0001,actor_2c8,6,0x10C448,0x01,0x96,0x01,0x00,0x11,0x00,0x00,0x007F,0x0043,0x033E,0x00,0x40,0x00,200,10,200:0040:0016:026B:006F|201:0040:0026:026C:006F|202:0040:004E:0385:006F|203:0040:003E:0383:006F|204:0040:002E:0365:006F|205:0040:003E:0382:007F|206:0040:002E:0387:007F|207:0040:001E:0356:007B|208:0040:002E:0386:008F|209:0040:001E:0388:0087
round3_castle,0xDD,4184,0x0002,0x0003,0x0000,0x01,0x003F,0x0000,0x0001,actor_2c8,4,0x10C3C8,0x01,0x94,0x00,0x00,0x02,0x00,0x00,0x00D3,0x0259,0x033E,0x00,0x40,0x04,180,10,180:4040:0229:03A2:00D2|181:4040:0239:03A3:00D2|182:4040:0261:0345:00D2|183:4040:0251:0343:00D2|184:4040:0241:0365:00D2|185:4040:0261:0344:00C2|186:4040:0251:0342:00C2|187:4040:0241:0364:00C2|188:4040:0231:0356:00C7|189:4040:0241:0363:00B2
round3_castle,0xDD,4184,0x0002,0x0003,0x0000,0x01,0x003F,0x0000,0x0001,actor_2c8,6,0x10C448,0x01,0x96,0x01,0x00,0x11,0x00,0x00,0x007F,0x003D,0x033E,0x00,0x40,0x00,200,10,200:0040:0010:026B:006F|201:0040:0020:026C:006F|202:0040:0048:0385:006F|203:0040:0038:0383:006F|204:0040:0028:0365:006F|205:0040:0038:0382:007F|206:0040:0028:0387:007F|207:0040:0018:0356:007B|208:0040:0028:0386:008F|209:0040:0018:0388:0087
round3_castle,0xDD,4186,0x0002,0x0003,0x0000,0x01,0x003F,0x0000,0x0001,actor_2c8,4,0x10C3C8,0x01,0x94,0x00,0x00,0x02,0x00,0x00,0x00D1,0x0259,0x033E,0x00,0x40,0x04,180,10,180:4040:0229:03A2:00D0|181:4040:0239:03A3:00D0|182:4040:0261:0345:00D0|183:4040:0251:0343:00D0|184:4040:0241:0365:00D0|185:4040:0261:0344:00C0|186:4040:0251:0342:00C0|187:4040:0241:0364:00C0|188:4040:0231:0356:00C5|189:4040:0241:0363:00B0
round3_castle,0xDD,4186,0x0002,0x0003,0x0000,0x01,0x003F,0x0000,0x0001,actor_2c8,6,0x10C448,0x01,0x96,0x01,0x00,0x11,0x00,0x00,0x007F,0x0039,0x033E,0x00,0x40,0x00,200,10,200:0040:000B:026B:006F|201:0040:001B:026C:006F|202:0040:0043:0385:006F|203:0040:0033:0383:006F|204:0040:0023:0365:006F|205:0040:0033:0382:007F|206:0040:0023:0387:007F|207:0040:0013:0356:007B|208:0040:0023:0386:008F|209:0040:0013:0388:0087
round3_castle,0xDD,4186,0x0002,0x0003,0x0000,0x01,0x003F,0x0000,0x0001,actor_2c8,8,0x10C4C8,0x01,0x94,0x01,0x00,0x01,0x00,0x00,0x0051,0x0279,0x033E,0x00,0x40,0x00,220,19,220:0040:0249:026B:0041|221:0040:0259:026C:0041|222:0040:0281:0345:0041|223:0040:0271:0343:0041|224:0040:0261:0365:0041|225:0040:0281:0344:0051|226:0040:0271:0342:0051|227:0040:0261:0364:0051|228:0040:0251:0356:004C|229:0040:0261:0363:0061
round3_castle,0xDD,4188,0x0002,0x0003,0x0000,0x01,0x003F,0x0000,0x0001,actor_2c8,4,0x10C3C8,0x01,0x96,0x01,0x00,0x05,0x00,0x00,0x00D1,0x0256,0x033E,0x00,0x40,0x04,180,10,180:0040:0229:03A2:00C1|181:0040:0239:03A3:00C1|182:0040:0261:0345:00C1|183:0040:0251:0343:00C1|184:0040:0241:0365:00C1|185:0040:0261:0344:00D1|186:0040:0251:0342:00D1|187:0040:0241:0364:00D1|188:0040:0231:0356:00CC|189:0040:0241:0363:00E1
round3_castle,0xDD,4188,0x0002,0x0003,0x0000,0x01,0x003F,0x0000,0x0001,actor_2c8,6,0x10C448,0x01,0x96,0x01,0x00,0x11,0x00,0x00,0x007F,0x0037,0x033E,0x00,0x40,0x00,200,10,200:0040:0008:026B:006F|201:0040:0018:026C:006F|202:0040:0040:0385:006F|203:0040:0030:0383:006F|204:0040:0020:0365:006F|205:0040:0030:0382:007F|206:0040:0020:0387:007F|207:0040:0010:0356:007B|208:0040:0020:0386:008F|209:0040:0010:0388:0087
round3_castle,0xDD,4190,0x0002,0x0003,0x0000,0x01,0x003F,0x0000,0x0001,actor_2c8,6,0x10C448,0x01,0x96,0x01,0x00,0x11,0x00,0x00,0x007F,0x0036,0x033E,0x00,0x40,0x00,200,10,200:0040:0006:026B:006F|201:0040:0016:026C:006F|202:0040:003E:0385:006F|203:0040:002E:0383:006F|204:0040:001E:0365:006F|205:0040:002E:0382:007F|206:0040:001E:0387:007F|207:0040:000E:0356:007B|208:0040:001E:0386:008F|209:0040:000E:0388:0087
round3_castle,0xDD,4194,0x0002,0x0003,0x0000,0x01,0x003F,0x0000,0x0001,actor_2c8,8,0x10C4C8,0x01,0x93,0x01,0x00,0x01,0x00,0x00,0x0059,0x0279,0x033E,0x00,0x40,0x00,220,19,220:0040:0249:026B:0047|221:0040:0259:026C:0047|222:0040:0281:0341:0047|223:0040:0271:033F:0047|224:0040:0261:0365:0047|225:0040:0281:0340:0057|226:0040:0271:033E:0057|227:0040:0261:0364:0057|228:0040:0251:0356:0052|229:0040:0261:0363:0067
round3_castle,0xDD,4196,0x0002,0x0003,0x0000,0x01,0x003F,0x0000,0x0001,actor_2c8,8,0x10C4C8,0x01,0x94,0x01,0x00,0x01,0x00,0x00,0x005B,0x0279,0x033E,0x00,0x40,0x00,220,19,220:0040:0249:026B:0049|221:0040:0259:026C:0049|222:0040:0281:0345:0049|223:0040:0271:0343:0049|224:0040:0261:0365:0049|225:0040:0281:0344:0059|226:0040:0271:0342:0059|227:0040:0261:0364:0059|228:0040:0251:0356:0054|229:0040:0261:0363:0069
round3_castle,0xDD,4198,0x0002,0x0003,0x0000,0x01,0x003F,0x0000,0x0001,actor_2c8,8,0x10C4C8,0x01,0x94,0x01,0x00,0x01,0x00,0x00,0x005D,0x0279,0x033E,0x00,0x40,0x00,220,19,220:0040:0249:026B:004B|221:0040:0259:026C:004B|222:0040:0281:0345:004B|223:0040:0271:0343:004B|224:0040:0261:0365:004B|225:0040:0281:0344:005B|226:0040:0271:0342:005B|227:0040:0261:0364:005B|228:0040:0251:0356:0056|229:0040:0261:0363:006B
