entry_label,selector,frame,state0,state2,state4,round_byte,segment,sprite_ctrl,renderer_mode,block,actor_index,actor_address,active,actor_class,actor_flags2,actor_flags3,actor_state,record_selector,animation,world_x,world_y,base_code,flip,actor_attr,compositor_family,owned_record_start,owned_record_count,piece_records
round4_castle,0xDC,2620,0x0002,0x0003,0x0000,0x01,0x0056,0x0000,0x0001,actor_2c8,8,0x10C4C8,0x01,0x93,0x00,0x00,0x02,0x00,0x00,0x013E,0x02D0,0x033E,0x00,0x42,0x03,220,19,
round4_castle,0xDC,2622,0x0002,0x0003,0x0000,0x01,0x0056,0x0000,0x0001,actor_2c8,8,0x10C4C8,0x01,0x93,0x00,0x00,0x02,0x00,0x00,0x013C,0x02D0,0x033E,0x00,0x42,0x03,220,19,220:4042:02A0:0334:013D|221:4042:02B0:0335:013D|222:4042:02D8:0341:013D|223:4042:02C8:033F:013D|224:4042:02B8:0365:013D|225:4042:02D8:0340:012D|226:4042:02C8:033E:012D|227:4042:02B8:0364:012D|228:4042:02A8:0356:0132|229:4042:02B8:0363:011D
round4_castle,0xDC,2624,0x0002,0x0003,0x0000,0x01,0x0056,0x0000,0x0001,actor_2c8,8,0x10C4C8,0x01,0x93,0x00,0x00,0x02,0x00,0x00,0x013A,0x02D0,0x033E,0x00,0x42,0x03,220,19,220:4042:02A0:0334:013B|221:4042:02B0:0335:013B|222:4042:02D8:0341:013B|223:4042:02C8:033F:013B|224:4042:02B8:0365:013B|225:4042:02D8:0340:012B|226:4042:02C8:033E:012B|227:4042:02B8:0364:012B|228:4042:02A8:0356:0130|229:4042:02B8:0363:011B
round4_castle,0xDC,2626,0x0002,0x0003,0x0000,0x01,0x0056,0x0000,0x0001,actor_2c8,8,0x10C4C8,0x01,0x93,0x00,0x00,0x02,0x00,0x00,0x0138,0x02D0,0x033E,0x00,0x42,0x03,220,19,220:4042:02A0:0334:0139|221:4042:02B0:0335:0139|222:4042:02D8:0341:0139|223:4042:02C8:033F:0139|224:4042:02B8:0365:0139|225:4042:02D8:0340:0129|226:4042:02C8:033E:0129|227:4042:02B8:0364:0129|228:4042:02A8:0356:012E|229:4042:02B8:0363:0119
round4_castle,0xDC,2628,0x0002,0x0003,0x0000,0x01,0x0056,0x0000,0x0001,actor_2c8,8,0x10C4C8,0x01,0x94,0x00,0x00,0x02,0x00,0x00,0x0138,0x02D0,0x033E,0x00,0x42,0x03,220,19,220:4042:02A0:0334:0137|221:4042:02B0:0335:0137|222:4042:02D8:0345:0137|223:4042:02C8:0343:0137|224:4042:02B8:0365:0137|225:4042:02D8:0344:0127|226:4042:02C8:0342:0127|227:4042:02B8:0364:0127|228:4042:02A8:0356:012C|229:4042:02B8:0363:0117
round4_castle,0xDC,2630,0x0002,0x0003,0x0000,0x01,0x0056,0x0000,0x0001,actor_2c8,8,0x10C4C8,0x01,0x94,0x00,0x00,0x02,0x00,0x00,0x0136,0x02D0,0x033E,0x00,0x42,0x03,220,19,220:4042:02A0:0334:0135|221:4042:02B0:0335:0135|222:4042:02D8:0345:0135|223:4042:02C8:0343:0135|224:4042:02B8:0365:0135|225:4042:02D8:0344:0125|226:4042:02C8:0342:0125|227:4042:02B8:0364:0125|228:4042:02A8:0356:012A|229:4042:02B8:0363:0115
round4_castle,0xDC,2632,0x0002,0x0003,0x0000,0x01,0x0056,0x0000,0x0001,actor_2c8,8,0x10C4C8,0x01,0x94,0x00,0x00,0x02,0x00,0x00,0x0134,0x02D0,0x033E,0x00,0x42,0x03,220,19,220:4042:02A0:0334:0133|221:4042:02B0:0335:0133|222:4042:02D8:0345:0133|223:4042:02C8:0343:0133|224:4042:02B8:0365:0133|225:4042:02D8:0344:0123|226:4042:02C8:0342:0123|227:4042:02B8:0364:0123|228:4042:02A8:0356:0128|229:4042:02B8:0363:0113
round4_castle,0xDC,2634,0x0002,0x0003,0x0000,0x01,0x0056,0x0000,0x0001,actor_2c8,8,0x10C4C8,0x01,0x94,0x00,0x00,0x02,0x00,0x00,0x0132,0x02D0,0x033E,0x00,0x42,0x03,220,19,220:4042:02A0:0334:0131|221:4042:02B0:0335:0131|222:4042:02D8:0345:0131|223:4042:02C8:0343:0131|224:4042:02B8:0365:0131|225:4042:02D8:0344:0121|226:4042:02C8:0342:0121|227:4042:02B8:0364:0121|228:4042:02A8:0356:0126|229:4042:02B8:0363:0111
round4_castle,0xDC,2636,0x0002,0x0003,0x0000,0x01,0x0056,0x0000,0x0001,actor_2c8,8,0x10C4C8,0x01,0x95,0x00,0x00,0x02,0x00,0x00,0x0130,0x02D0,0x033E,0x00,0x42,0x03,220,19,220:4042:02A0:0334:012F|221:4042:02B0:0335:012F|222:4042:02D8:0349:012F|223:4042:02C8:0347:012F|224:4042:02B8:0365:012F|225:4042:02D8:0348:011F|226:4042:02C8:0346:011F|227:4042:02B8:0364:011F|228:4042:02A8:0356:0124|229:4042:02B8:0363:010F
round4_castle,0xDC,2640,0x0002,0x0003,0x0000,0x01,0x0056,0x0000,0x0001,actor_2c8,8,0x10C4C8,0x01,0x95,0x00,0x00,0x02,0x00,0x00,0x012C,0x02D0,0x033E,0x00,0x42,0x03,220,19,220:4042:02A0:0334:012D|221:4042:02B0:0335:012D|222:4042:02D8:0349:012D|223:4042:02C8:0347:012D|224:4042:02B8:0365:012D|225:4042:02D8:0348:011D|226:4042:02C8:0346:011D|227:4042:02B8:0364:011D|228:4042:02A8:0356:0122|229:4042:02B8:0363:010D
round4_castle,0xDC,2642,0x0002,0x0003,0x0000,0x01,0x0056,0x0000,0x0001,actor_2c8,8,0x10C4C8,0x01,0x95,0x00,0x00,0x02,0x00,0x00,0x012A,0x02D0,0x033E,0x00,0x42,0x03,220,19,220:4042:02A0:0334:012B|221:4042:02B0:0335:012B|222:4042:02D8:0349:012B|223:4042:02C8:0347:012B|224:4042:02B8:0365:012B|225:4042:02D8:0348:011B|226:4042:02C8:0346:011B|227:4042:02B8:0364:011B|228:4042:02A8:0356:0120|229:4042:02B8:0363:010B
round4_castle,0xDC,2644,0x0002,0x0003,0x0000,0x01,0x0056,0x0000,0x0001,actor_2c8,8,0x10C4C8,0x01,0x94,0x00,0x00,0x02,0x00,0x00,0x0128,0x02D0,0x033E,0x00,0x42,0x03,220,19,220:4042:02A0:0334:0129|221:4042:02B0:0335:0129|222:4042:02D8:0345:0129|223:4042:02C8:0343:0129|224:4042:02B8:0365:0129|225:4042:02D8:0344:0119|226:4042:02C8:0342:0119|227:4042:02B8:0364:0119|228:4042:02A8:0356:011E|229:4042:02B8:0363:0109
round4_castle,0xDC,2646,0x0002,0x0003,0x0000,0x01,0x0056,0x0000,0x0001,actor_2c8,8,0x10C4C8,0x01,0x94,0x00,0x00,0x02,0x00,0x00,0x0128,0x02D0,0x033E,0x00,0x42,0x03,220,19,220:4042:02A0:0334:0127|221:4042:02B0:0335:0127|222:4042:02D8:0345:0127|223:4042:02C8:0343:0127|224:4042:02B8:0365:0127|225:4042:02D8:0344:0117|226:4042:02C8:0342:0117|227:4042:02B8:0364:0117|228:4042:02A8:0356:011C|229:4042:02B8:0363:0107
round4_castle,0xDC,2648,0x0002,0x0003,0x0000,0x01,0x0056,0x0000,0x0001,actor_2c8,8,0x10C4C8,0x01,0x94,0x00,0x00,0x02,0x00,0x00,0x0126,0x02D0,0x033E,0x00,0x42,0x03,220,19,220:4042:02A0:0334:0125|221:4042:02B0:0335:0125|222:4042:02D8:0345:0125|223:4042:02C8:0343:0125|224:4042:02B8:0365:0125|225:4042:02D8:0344:0115|226:4042:02C8:0342:0115|227:4042:02B8:0364:0115|228:4042:02A8:0356:011A|229:4042:02B8:0363:0105
round4_castle,0xDC,2650,0x0002,0x0003,0x0000,0x01,0x0056,0x0000,0x0001,actor_2c8,8,0x10C4C8,0x01,0x94,0x00,0x00,0x02,0x00,0x00,0x0124,0x02D0,0x033E,0x00,0x42,0x03,220,19,220:4042:02A0:0334:0123|221:4042:02B0:0335:0123|222:4042:02D8:0345:0123|223:4042:02C8:0343:0123|224:4042:02B8:0365:0123|225:4042:02D8:0344:0113|226:4042:02C8:0342:0113|227:4042:02B8:0364:0113|228:4042:02A8:0356:0118|229:4042:02B8:0363:0103
round4_castle,0xDC,2652,0x0002,0x0003,0x0000,0x01,0x0056,0x0000,0x0001,actor_2c8,8,0x10C4C8,0x01,0x93,0x00,0x00,0x02,0x00,0x00,0x0122,0x02D0,0x033E,0x00,0x42,0x03,220,19,220:4042:02A0:0334:0121|221:4042:02B0:0335:0121|222:4042:02D8:0341:0121|223:4042:02C8:033F:0121|224:4042:02B8:0365:0121|225:4042:02D8:0340:0111|226:4042:02C8:033E:0111|227:4042:02B8:0364:0111|228:4042:02A8:0356:0116|229:4042:02B8:0363:0101
round4_castle,0xDC,2654,0x0002,0x0003,0x0000,0x01,0x0056,0x0000,0x0001,actor_2c8,8,0x10C4C8,0x01,0x93,0x00,0x00,0x02,0x00,0x00,0x0120,0x02D0,0x033E,0x00,0x42,0x03,220,19,220:4042:02A0:0334:011F|221:4042:02B0:0335:011F|222:4042:02D8:0341:011F|223:4042:02C8:033F:011F|224:4042:02B8:0365:011F|225:4042:02D8:0340:010F|226:4042:02C8:033E:010F|227:4042:02B8:0364:010F|228:4042:02A8:0356:0114|229:4042:02B8:0363:00FF
round4_castle,0xDC,2658,0x0002,0x0003,0x0000,0x01,0x0056,0x0000,0x0001,actor_2c8,8,0x10C4C8,0x01,0x93,0x00,0x00,0x02,0x00,0x00,0x011C,0x02D0,0x033E,0x00,0x42,0x03,220,19,220:4042:02A0:0334:011D|221:4042:02B0:0335:011D|222:4042:02D8:0341:011D|223:4042:02C8:033F:011D|224:4042:02B8:0365:011D|225:4042:02D8:0340:010D|226:4042:02C8:033E:010D|227:4042:02B8:0364:010D|228:4042:02A8:0356:0112|229:4042:02B8:0363:00FD
round4_castle,0xDC,2660,0x0002,0x0003,0x0000,0x01,0x0056,0x0000,0x0001,actor_2c8,8,0x10C4C8,0x01,0x94,0x00,0x00,0x02,0x00,0x00,0x011A,0x02D0,0x033E,0x00,0x42,0x03,220,19,220:4042:02A0:0334:011B|221:4042:02B0:0335:011B|222:4042:02D8:0345:011B|223:4042:02C8:0343:011B|224:4042:02B8:0365:011B|225:4042:02D8:0344:010B|226:4042:02C8:0342:010B|227:4042:02B8:0364:010B|228:4042:02A8:0356:0110|229:4042:02B8:0363:00FB
round4_castle,0xDC,2662,0x0002,0x0003,0x0000,0x01,0x0056,0x0000,0x0001,actor_2c8,8,0x10C4C8,0x01,0x94,0x00,0x00,0x02,0x00,0x00,0x0118,0x02D0,0x033E,0x00,0x42,0x03,220,19,220:4042:02A0:0334:0119|221:4042:02B0:0335:0119|222:4042:02D8:0345:0119|223:4042:02C8:0343:0119|224:4042:02B8:0365:0119|225:4042:02D8:0344:0109|226:4042:02C8:0342:0109|227:4042:02B8:0364:0109|228:4042:02A8:0356:010E|229:4042:02B8:0363:00F9
round4_castle,0xDC,2664,0x0002,0x0003,0x0000,0x01,0x0056,0x0000,0x0001,actor_2c8,8,0x10C4C8,0x01,0x94,0x00,0x00,0x02,0x00,0x00,0x0118,0x02D0,0x033E,0x00,0x42,0x03,220,19,220:4042:02A0:0334:0117|221:4042:02B0:0335:0117|222:4042:02D8:0345:0117|223:4042:02C8:0343:0117|224:4042:02B8:0365:0117|225:4042:02D8:0344:0107|226:4042:02C8:0342:0107|227:4042:02B8:0364:0107|228:4042:02A8:0356:010C|229:4042:02B8:0363:00F7
round4_castle,0xDC,2666,0x0002,0x0003,0x0000,0x01,0x0056,0x0000,0x0001,actor_2c8,8,0x10C4C8,0x01,0x94,0x00,0x00,0x02,0x00,0x00,0x0116,0x02D0,0x033E,0x00,0x42,0x03,220,19,220:4042:02A0:0334:0115|221:4042:02B0:0335:0115|222:4042:02D8:0345:0115|223:4042:02C8:0343:0115|224:4042:02B8:0365:0115|225:4042:02D8:0344:0105|226:4042:02C8:0342:0105|227:4042:02B8:0364:0105|228:4042:02A8:0356:010A|229:4042:02B8:0363:00F5
round4_castle,0xDC,2668,0x0002,0x0003,0x0000,0x01,0x0056,0x0000,0x0001,actor_2c8,8,0x10C4C8,0x01,0x95,0x00,0x00,0x02,0x00,0x00,0x0114,0x02D0,0x033E,0x00,0x42,0x03,220,19,220:4042:02A0:0334:0113|221:4042:02B0:0335:0113|222:4042:02D8:0349:0113|223:4042:02C8:0347:0113|224:4042:02B8:0365:0113|225:4042:02D8:0348:0103|226:4042:02C8:0346:0103|227:4042:02B8:0364:0103|228:4042:02A8:0356:0108|229:4042:02B8:0363:00F3
round4_castle,0xDC,2670,0x0002,0x0003,0x0000,0x01,0x0056,0x0000,0x0001,actor_2c8,7,0x10C488,0x01,0x95,0x00,0x00,0x02,0x00,0x00,0x013E,0x02D0,0x033E,0x00,0x40,0x04,210,10,210:4040:02A0:03A2:013D|211:4040:02B0:03A3:013D|212:4040:02D8:0349:013D|213:4040:02C8:0347:013D|214:4040:02B8:0365:013D|215:4040:02D8:0348:012D|216:4040:02C8:0346:012D|217:4040:02B8:0364:012D|218:4040:02A8:0356:0132|219:4040:02B8:0363:011D
round4_castle,0xDC,2670,0x0002,0x0003,0x0000,0x01,0x0056,0x0000,0x0001,actor_2c8,8,0x10C4C8,0x01,0x95,0x00,0x00,0x02,0x00,0x00,0x0112,0x02D0,0x033E,0x00,0x42,0x03,220,19,220:4042:02A0:0334:0111|221:4042:02B0:0335:0111|222:4042:02D8:0349:0111|223:4042:02C8:0347:0111|224:4042:02B8:0365:0111|225:4042:02D8:0348:0101|226:4042:02C8:0346:0101|227:4042:02B8:0364:0101|228:4042:02A8:0356:0106|229:4042:02B8:0363:00F1
round4_castle,0xDC,2672,0x0002,0x0003,0x0000,0x01,0x0056,0x0000,0x0001,actor_2c8,7,0x10C488,0x01,0x95,0x00,0x00,0x02,0x00,0x00,0x013C,0x02D0,0x033E,0x00,0x40,0x04,210,10,210:4040:02A0:03A2:013B|211:4040:02B0:03A3:013B|212:4040:02D8:0349:013B|213:4040:02C8:0347:013B|214:4040:02B8:0365:013B|215:4040:02D8:0348:012B|216:4040:02C8:0346:012B|217:4040:02B8:0364:012B|218:4040:02A8:0356:0130|219:4040:02B8:0363:011B
round4_castle,0xDC,2672,0x0002,0x0003,0x0000,0x01,0x0056,0x0000,0x0001,actor_2c8,8,0x10C4C8,0x01,0x95,0x00,0x00,0x02,0x00,0x00,0x0110,0x02D0,0x033E,0x00,0x42,0x03,220,19,220:4042:02A0:0334:010F|221:4042:02B0:0335:010F|222:4042:02D8:0349:010F|223:4042:02C8:0347:010F|224:4042:02B8:0365:010F|225:4042:02D8:0348:00FF|226:4042:02C8:0346:00FF|227:4042:02B8:0364:00FF|228:4042:02A8:0356:0104|229:4042:02B8:0363:00EF
round4_castle,0xDC,2674,0x0002,0x0003,0x0000,0x01,0x0056,0x0000,0x0001,actor_2c8,7,0x10C488,0x01,0x95,0x00,0x00,0x02,0x00,0x00,0x013A,0x02D0,0x033E,0x00,0x40,0x04,210,10,210:4040:02A0:03A2:0139|211:4040:02B0:03A3:0139|212:4040:02D8:0349:0139|213:4040:02C8:0347:0139|214:4040:02B8:0365:0139|215:4040:02D8:0348:0129|216:4040:02C8:0346:0129|217:4040:02B8:0364:0129|218:4040:02A8:0356:012E|219:4040:02B8:0363:0119
round4_castle,0xDC,2676,0x0002,0x0003,0x0000,0x01,0x0056,0x0000,0x0001,actor_2c8,7,0x10C488,0x01,0x94,0x00,0x00,0x02,0x00,0x00,0x0138,0x02D0,0x033E,0x00,0x40,0x04,210,10,210:4040:02A0:03A2:0137|211:4040:02B0:03A3:0137|212:4040:02D8:0345:0137|213:4040:02C8:0343:0137|214:4040:02B8:0365:0137|215:4040:02D8:0344:0127|216:4040:02C8:0342:0127|217:4040:02B8:0364:0127|218:4040:02A8:0356:012C|219:4040:02B8:0363:0117
round4_castle,0xDC,2676,0x0002,0x0003,0x0000,0x01,0x0056,0x0000,0x0001,actor_2c8,8,0x10C4C8,0x01,0x94,0x00,0x00,0x02,0x00,0x00,0x010C,0x02D0,0x033E,0x00,0x42,0x03,220,19,220:4042:02A0:0334:010D|221:4042:02B0:0335:010D|222:4042:02D8:0345:010D|223:4042:02C8:0343:010D|224:4042:02B8:0365:010D|225:4042:02D8:0344:00FD|226:4042:02C8:0342:00FD|227:4042:02B8:0364:00FD|228:4042:02A8:0356:0102|229:4042:02B8:0363:00ED
round4_castle,0xDC,2678,0x0002,0x0003,0x0000,0x01,0x0056,0x0000,0x0001,actor_2c8,8,0x10C4C8,0x01,0x94,0x00,0x00,0x02,0x00,0x00,0x010A,0x02D0,0x033E,0x00,0x42,0x03,220,19,220:4042:02A0:0334:010B|221:4042:02B0:0335:010B|222:4042:02D8:0345:010B|223:4042:02C8:0343:010B|224:4042:02B8:0365:010B|225:4042:02D8:0344:00FB|226:4042:02C8:0342:00FB|227:4042:02B8:0364:00FB|228:4042:02A8:0356:0100|229:4042:02B8:0363:00EB
round4_castle,0xDC,2680,0x0002,0x0003,0x0000,0x01,0x0056,0x0000,0x0001,actor_2c8,7,0x10C488,0x01,0x94,0x00,0x00,0x02,0x00,0x00,0x0134,0x02D0,0x033E,0x00,0x40,0x04,210,10,210:4040:02A0:03A2:0135|211:4040:02B0:03A3:0135|212:4040:02D8:0345:0135|213:4040:02C8:0343:0135|214:4040:02B8:0365:0135|215:4040:02D8:0344:0125|216:4040:02C8:0342:0125|217:4040:02B8:0364:0125|218:4040:02A8:0356:012A|219:4040:02B8:0363:0115
round4_castle,0xDC,2680,0x0002,0x0003,0x0000,0x01,0x0056,0x0000,0x0001,actor_2c8,8,0x10C4C8,0x01,0x94,0x00,0x00,0x02,0x00,0x00,0x0108,0x02D0,0x033E,0x00,0x42,0x03,220,19,220:4042:02A0:0334:0109|221:4042:02B0:0335:0109|222:4042:02D8:0345:0109|223:4042:02C8:0343:0109|224:4042:02B8:0365:0109|225:4042:02D8:0344:00F9|226:4042:02C8:0342:00F9|227:4042:02B8:0364:00F9|228:4042:02A8:0356:00FE|229:4042:02B8:0363:00E9
round4_castle,0xDC,2682,0x0002,0x0003,0x0000,0x01,0x0056,0x0000,0x0001,actor_2c8,7,0x10C488,0x01,0x94,0x00,0x00,0x02,0x00,0x00,0x0132,0x02D0,0x033E,0x00,0x40,0x04,210,10,210:4040:02A0:03A2:0133|211:4040:02B0:03A3:0133|212:4040:02D8:0345:0133|213:4040:02C8:0343:0133|214:4040:02B8:0365:0133|215:4040:02D8:0344:0123|216:4040:02C8:0342:0123|217:4040:02B8:0364:0123|218:4040:02A8:0356:0128|219:4040:02B8:0363:0113
round4_castle,0xDC,2682,0x0002,0x0003,0x0000,0x01,0x0056,0x0000,0x0001,actor_2c8,8,0x10C4C8,0x01,0x94,0x00,0x00,0x02,0x00,0x00,0x0108,0x02D0,0x033E,0x00,0x42,0x03,220,19,220:4042:02A0:0334:0107|221:4042:02B0:0335:0107|222:4042:02D8:0345:0107|223:4042:02C8:0343:0107|224:4042:02B8:0365:0107|225:4042:02D8:0344:00F7|226:4042:02C8:0342:00F7|227:4042:02B8:0364:00F7|228:4042:02A8:0356:00FC|229:4042:02B8:0363:00E7
round4_castle,0xDC,2684,0x0002,0x0003,0x0000,0x01,0x0056,0x0000,0x0001,actor_2c8,7,0x10C488,0x01,0x93,0x00,0x00,0x02,0x00,0x00,0x0130,0x02D0,0x033E,0x00,0x40,0x04,210,10,210:4040:02A0:03A2:0131|211:4040:02B0:03A3:0131|212:4040:02D8:0341:0131|213:4040:02C8:033F:0131|214:4040:02B8:0365:0131|215:4040:02D8:0340:0121|216:4040:02C8:033E:0121|217:4040:02B8:0364:0121|218:4040:02A8:0356:0126|219:4040:02B8:0363:0111
round4_castle,0xDC,2684,0x0002,0x0003,0x0000,0x01,0x0056,0x0000,0x0001,actor_2c8,8,0x10C4C8,0x01,0x93,0x00,0x00,0x02,0x00,0x00,0x0106,0x02D0,0x033E,0x00,0x42,0x03,220,19,220:4042:02A0:0334:0105|221:4042:02B0:0335:0105|222:4042:02D8:0341:0105|223:4042:02C8:033F:0105|224:4042:02B8:0365:0105|225:4042:02D8:0340:00F5|226:4042:02C8:033E:00F5|227:4042:02B8:0364:00F5|228:4042:02A8:0356:00FA|229:4042:02B8:0363:00E5
round4_castle,0xDC,2686,0x0002,0x0003,0x0000,0x01,0x0056,0x0000,0x0001,actor_2c8,7,0x10C488,0x01,0x93,0x00,0x00,0x02,0x00,0x00,0x0130,0x02D0,0x033E,0x00,0x40,0x04,210,10,210:4040:02A0:03A2:012F|211:4040:02B0:03A3:012F|212:4040:02D8:0341:012F|213:4040:02C8:033F:012F|214:4040:02B8:0365:012F|215:4040:02D8:0340:011F|216:4040:02C8:033E:011F|217:4040:02B8:0364:011F|218:4040:02A8:0356:0124|219:4040:02B8:0363:010F
round4_castle,0xDC,2686,0x0002,0x0003,0x0000,0x01,0x0056,0x0000,0x0001,actor_2c8,8,0x10C4C8,0x01,0x93,0x00,0x00,0x02,0x00,0x00,0x0104,0x02D0,0x033E,0x00,0x42,0x03,220,19,220:4042:02A0:0334:0103|221:4042:02B0:0335:0103|222:4042:02D8:0341:0103|223:4042:02C8:033F:0103|224:4042:02B8:0365:0103|225:4042:02D8:0340:00F3|226:4042:02C8:033E:00F3|227:4042:02B8:0364:00F3|228:4042:02A8:0356:00F8|229:4042:02B8:0363:00E3
round4_castle,0xDC,2688,0x0002,0x0003,0x0000,0x01,0x0056,0x0000,0x0001,actor_2c8,7,0x10C488,0x01,0x93,0x00,0x00,0x02,0x00,0x00,0x012E,0x02D0,0x033E,0x00,0x40,0x04,210,10,210:4040:02A0:03A2:012D|211:4040:02B0:03A3:012D|212:4040:02D8:0341:012D|213:4040:02C8:033F:012D|214:4040:02B8:0365:012D|215:4040:02D8:0340:011D|216:4040:02C8:033E:011D|217:4040:02B8:0364:011D|218:4040:02A8:0356:0122|219:4040:02B8:0363:010D
round4_castle,0xDC,2688,0x0002,0x0003,0x0000,0x01,0x0056,0x0000,0x0001,actor_2c8,8,0x10C4C8,0x01,0x93,0x00,0x00,0x02,0x00,0x00,0x0102,0x02D0,0x033E,0x00,0x42,0x03,220,19,220:4042:02A0:0334:0101|221:4042:02B0:0335:0101|222:4042:02D8:0341:0101|223:4042:02C8:033F:0101|224:4042:02B8:0365:0101|225:4042:02D8:0340:00F1|226:4042:02C8:033E:00F1|227:4042:02B8:0364:00F1|228:4042:02A8:0356:00F6|229:4042:02B8:0363:00E1
round4_castle,0xDC,2690,0x0002,0x0003,0x0000,0x01,0x0056,0x0000,0x0001,actor_2c8,7,0x10C488,0x01,0x93,0x00,0x00,0x02,0x00,0x00,0x012C,0x02D0,0x033E,0x00,0x40,0x04,210,10,210:4040:02A0:03A2:012B|211:4040:02B0:03A3:012B|212:4040:02D8:0341:012B|213:4040:02C8:033F:012B|214:4040:02B8:0365:012B|215:4040:02D8:0340:011B|216:4040:02C8:033E:011B|217:4040:02B8:0364:011B|218:4040:02A8:0356:0120|219:4040:02B8:0363:010B
round4_castle,0xDC,2690,0x0002,0x0003,0x0000,0x01,0x0056,0x0000,0x0001,actor_2c8,8,0x10C4C8,0x01,0x93,0x00,0x00,0x02,0x00,0x00,0x0100,0x02D0,0x033E,0x00,0x42,0x03,220,19,220:4042:02A0:0334:00FF|221:4042:02B0:0335:00FF|222:4042:02D8:0341:00FF|223:4042:02C8:033F:00FF|224:4042:02B8:0365:00FF|225:4042:02D8:0340:00EF|226:4042:02C8:033E:00EF|227:4042:02B8:0364:00EF|228:4042:02A8:0356:00F4|229:4042:02B8:0363:00DF
round4_castle,0xDC,2692,0x0002,0x0003,0x0000,0x01,0x0056,0x0000,0x0001,actor_2c8,7,0x10C488,0x01,0x94,0x00,0x00,0x02,0x00,0x00,0x012A,0x02D0,0x033E,0x00,0x40,0x04,210,10,210:4040:02A0:03A2:0129|211:4040:02B0:03A3:0129|212:4040:02D8:0345:0129|213:4040:02C8:0343:0129|214:4040:02B8:0365:0129|215:4040:02D8:0344:0119|216:4040:02C8:0342:0119|217:4040:02B8:0364:0119|218:4040:02A8:0356:011E|219:4040:02B8:0363:0109
round4_castle,0xDC,2692,0x0002,0x0003,0x0000,0x01,0x0056,0x0000,0x0001,actor_2c8,8,0x10C4C8,0x01,0x94,0x00,0x00,0x02,0x00,0x00,0x00FE,0x02D0,0x033E,0x00,0x42,0x03,220,19,220:4042:02A0:0334:00FF|221:4042:02B0:0335:00FF|222:4042:02D8:0345:00FF|223:4042:02C8:0343:00FF|224:4042:02B8:0365:00FF|225:4042:02D8:0344:00EF|226:4042:02C8:0342:00EF|227:4042:02B8:0364:00EF|228:4042:02A8:0356:00F4|229:4042:02B8:0363:00DF
round4_castle,0xDC,2694,0x0002,0x0003,0x0000,0x01,0x0056,0x0000,0x0001,actor_2c8,7,0x10C488,0x01,0x94,0x00,0x00,0x02,0x00,0x00,0x0128,0x02D0,0x033E,0x00,0x40,0x04,210,10,210:4040:02A0:03A2:0127|211:4040:02B0:03A3:0127|212:4040:02D8:0345:0127|213:4040:02C8:0343:0127|214:4040:02B8:0365:0127|215:4040:02D8:0344:0117|216:4040:02C8:0342:0117|217:4040:02B8:0364:0117|218:4040:02A8:0356:011C|219:4040:02B8:0363:0107
round4_castle,0xDC,2694,0x0002,0x0003,0x0000,0x01,0x0056,0x0000,0x0001,actor_2c8,8,0x10C4C8,0x01,0x94,0x00,0x00,0x02,0x00,0x00,0x00FC,0x02D0,0x033E,0x00,0x42,0x03,220,19,220:4042:02A0:0334:00FD|221:4042:02B0:0335:00FD|222:4042:02D8:0345:00FD|223:4042:02C8:0343:00FD|224:4042:02B8:0365:00FD|225:4042:02D8:0344:00ED|226:4042:02C8:0342:00ED|227:4042:02B8:0364:00ED|228:4042:02A8:0356:00F2|229:4042:02B8:0363:00DD
round4_castle,0xDC,2696,0x0002,0x0003,0x0000,0x01,0x0056,0x0000,0x0001,actor_2c8,8,0x10C4C8,0x01,0x94,0x00,0x00,0x02,0x00,0x00,0x00FA,0x02D0,0x033E,0x00,0x42,0x03,220,19,220:4042:02A0:0334:00FB|221:4042:02B0:0335:00FB|222:4042:02D8:0345:00FB|223:4042:02C8:0343:00FB|224:4042:02B8:0365:00FB|225:4042:02D8:0344:00EB|226:4042:02C8:0342:00EB|227:4042:02B8:0364:00EB|228:4042:02A8:0356:00F0|229:4042:02B8:0363:00DB
round4_castle,0xDC,2698,0x0002,0x0003,0x0000,0x01,0x0056,0x0000,0x0001,actor_2c8,7,0x10C488,0x01,0x94,0x00,0x00,0x02,0x00,0x00,0x0124,0x02D0,0x033E,0x00,0x40,0x04,210,10,210:4040:02A0:03A2:0125|211:4040:02B0:03A3:0125|212:4040:02D8:0345:0125|213:4040:02C8:0343:0125|214:4040:02B8:0365:0125|215:4040:02D8:0344:0115|216:4040:02C8:0342:0115|217:4040:02B8:0364:0115|218:4040:02A8:0356:011A|219:4040:02B8:0363:0105
round4_castle,0xDC,2698,0x0002,0x0003,0x0000,0x01,0x0056,0x0000,0x0001,actor_2c8,8,0x10C4C8,0x01,0x94,0x00,0x00,0x02,0x00,0x00,0x00F8,0x02D0,0x033E,0x00,0x42,0x03,220,19,220:4042:02A0:0334:00F9|221:4042:02B0:0335:00F9|222:4042:02D8:0345:00F9|223:4042:02C8:0343:00F9|224:4042:02B8:0365:00F9|225:4042:02D8:0344:00E9|226:4042:02C8:0342:00E9|227:4042:02B8:0364:00E9|228:4042:02A8:0356:00EE|229:4042:02B8:0363:00D9
round4_castle,0xDC,2700,0x0002,0x0003,0x0000,0x01,0x0056,0x0000,0x0001,actor_2c8,7,0x10C488,0x01,0x95,0x00,0x00,0x02,0x00,0x00,0x0122,0x02D0,0x033E,0x00,0x40,0x04,210,10,210:4040:02A0:03A2:0123|211:4040:02B0:03A3:0123|212:4040:02D8:0349:0123|213:4040:02C8:0347:0123|214:4040:02B8:0365:0123|215:4040:02D8:0348:0113|216:4040:02C8:0346:0113|217:4040:02B8:0364:0113|218:4040:02A8:0356:0118|219:4040:02B8:0363:0103
round4_castle,0xDC,2700,0x0002,0x0003,0x0000,0x01,0x0056,0x0000,0x0001,actor_2c8,8,0x10C4C8,0x01,0x95,0x00,0x00,0x02,0x00,0x00,0x00F8,0x02D0,0x033E,0x00,0x42,0x03,220,19,220:4042:02A0:0334:00F7|221:4042:02B0:0335:00F7|222:4042:02D8:0349:00F7|223:4042:02C8:0347:00F7|224:4042:02B8:0365:00F7|225:4042:02D8:0348:00E7|226:4042:02C8:0346:00E7|227:4042:02B8:0364:00E7|228:4042:02A8:0356:00EC|229:4042:02B8:0363:00D7
round4_castle,0xDC,2702,0x0002,0x0003,0x0000,0x01,0x0056,0x0000,0x0001,actor_2c8,7,0x10C488,0x01,0x95,0x00,0x00,0x02,0x00,0x00,0x0120,0x02D0,0x033E,0x00,0x40,0x04,210,10,210:4040:02A0:03A2:0121|211:4040:02B0:03A3:0121|212:4040:02D8:0349:0121|213:4040:02C8:0347:0121|214:4040:02B8:0365:0121|215:4040:02D8:0348:0111|216:4040:02C8:0346:0111|217:4040:02B8:0364:0111|218:4040:02A8:0356:0116|219:4040:02B8:0363:0101
round4_castle,0xDC,2702,0x0002,0x0003,0x0000,0x01,0x0056,0x0000,0x0001,actor_2c8,8,0x10C4C8,0x01,0x95,0x00,0x00,0x02,0x00,0x00,0x00F6,0x02D0,0x033E,0x00,0x42,0x03,220,19,220:4042:02A0:0334:00F5|221:4042:02B0:0335:00F5|222:4042:02D8:0349:00F5|223:4042:02C8:0347:00F5|224:4042:02B8:0365:00F5|225:4042:02D8:0348:00E5|226:4042:02C8:0346:00E5|227:4042:02B8:0364:00E5|228:4042:02A8:0356:00EA|229:4042:02B8:0363:00D5
round4_castle,0xDC,2704,0x0002,0x0003,0x0000,0x01,0x0056,0x0000,0x0001,actor_2c8,7,0x10C488,0x01,0x95,0x00,0x00,0x02,0x00,0x00,0x0120,0x02D0,0x033E,0x00,0x40,0x04,210,10,210:4040:02A0:03A2:011F|211:4040:02B0:03A3:011F|212:4040:02D8:0349:011F|213:4040:02C8:0347:011F|214:4040:02B8:0365:011F|215:4040:02D8:0348:010F|216:4040:02C8:0346:010F|217:4040:02B8:0364:010F|218:4040:02A8:0356:0114|219:4040:02B8:0363:00FF
round4_castle,0xDC,2704,0x0002,0x0003,0x0000,0x01,0x0056,0x0000,0x0001,actor_2c8,8,0x10C4C8,0x01,0x95,0x00,0x00,0x02,0x00,0x00,0x00F4,0x02D0,0x033E,0x00,0x42,0x03,220,19,220:4042:02A0:0334:00F3|221:4042:02B0:0335:00F3|222:4042:02D8:0349:00F3|223:4042:02C8:0347:00F3|224:4042:02B8:0365:00F3|225:4042:02D8:0348:00E3|226:4042:02C8:0346:00E3|227:4042:02B8:0364:00E3|228:4042:02A8:0356:00E8|229:4042:02B8:0363:00D3
round4_castle,0xDC,2706,0x0002,0x0003,0x0000,0x01,0x0056,0x0000,0x0001,actor_2c8,7,0x10C488,0x01,0x95,0x00,0x00,0x02,0x00,0x00,0x011E,0x02D0,0x033E,0x00,0x40,0x04,210,10,210:4040:02A0:03A2:011D|211:4040:02B0:03A3:011D|212:4040:02D8:0349:011D|213:4040:02C8:0347:011D|214:4040:02B8:0365:011D|215:4040:02D8:0348:010D|216:4040:02C8:0346:010D|217:4040:02B8:0364:010D|218:4040:02A8:0356:0112|219:4040:02B8:0363:00FD
round4_castle,0xDC,2706,0x0002,0x0003,0x0000,0x01,0x0056,0x0000,0x0001,actor_2c8,8,0x10C4C8,0x01,0x95,0x00,0x00,0x02,0x00,0x00,0x00F2,0x02D0,0x033E,0x00,0x42,0x03,220,19,220:4042:02A0:0334:00F1|221:4042:02B0:0335:00F1|222:4042:02D8:0349:00F1|223:4042:02C8:0347:00F1|224:4042:02B8:0365:00F1|225:4042:02D8:0348:00E1|226:4042:02C8:0346:00E1|227:4042:02B8:0364:00E1|228:4042:02A8:0356:00E6|229:4042:02B8:0363:00D1
round4_castle,0xDC,2708,0x0002,0x0003,0x0000,0x01,0x0056,0x0000,0x0001,actor_2c8,7,0x10C488,0x01,0x94,0x00,0x00,0x02,0x00,0x00,0x011C,0x02D0,0x033E,0x00,0x40,0x04,210,10,210:4040:02A0:03A2:011B|211:4040:02B0:03A3:011B|212:4040:02D8:0345:011B|213:4040:02C8:0343:011B|214:4040:02B8:0365:011B|215:4040:02D8:0344:010B|216:4040:02C8:0342:010B|217:4040:02B8:0364:010B|218:4040:02A8:0356:0110|219:4040:02B8:0363:00FB
round4_castle,0xDC,2708,0x0002,0x0003,0x0000,0x01,0x0056,0x0000,0x0001,actor_2c8,8,0x10C4C8,0x01,0x94,0x00,0x00,0x02,0x00,0x00,0x00F0,0x02D0,0x033E,0x00,0x42,0x03,220,19,220:4042:02A0:0334:00EF|221:4042:02B0:0335:00EF|222:4042:02D8:0345:00EF|223:4042:02C8:0343:00EF|224:4042:02B8:0365:00EF|225:4042:02D8:0344:00DF|226:4042:02C8:0342:00DF|227:4042:02B8:0364:00DF|228:4042:02A8:0356:00E4|229:4042:02B8:0363:00CF
round4_castle,0xDC,2710,0x0002,0x0003,0x0000,0x01,0x0056,0x0000,0x0001,actor_2c8,7,0x10C488,0x01,0x94,0x00,0x00,0x02,0x00,0x00,0x011A,0x02D0,0x033E,0x00,0x40,0x04,210,10,210:4040:02A0:03A2:0119|211:4040:02B0:03A3:0119|212:4040:02D8:0345:0119|213:4040:02C8:0343:0119|214:4040:02B8:0365:0119|215:4040:02D8:0344:0109|216:4040:02C8:0342:0109|217:4040:02B8:0364:0109|218:4040:02A8:0356:010E|219:4040:02B8:0363:00F9
round4_castle,0xDC,2712,0x0002,0x0003,0x0000,0x01,0x0056,0x0000,0x0001,actor_2c8,7,0x10C488,0x01,0x94,0x00,0x00,0x02,0x00,0x00,0x0118,0x02D0,0x033E,0x00,0x40,0x04,210,10,210:4040:02A0:03A2:0117|211:4040:02B0:03A3:0117|212:4040:02D8:0345:0117|213:4040:02C8:0343:0117|214:4040:02B8:0365:0117|215:4040:02D8:0344:0107|216:4040:02C8:0342:0107|217:4040:02B8:0364:0107|218:4040:02A8:0356:010C|219:4040:02B8:0363:00F7
round4_castle,0xDC,2712,0x0002,0x0003,0x0000,0x01,0x0056,0x0000,0x0001,actor_2c8,8,0x10C4C8,0x01,0x94,0x00,0x00,0x02,0x00,0x00,0x00EC,0x02D0,0x033E,0x00,0x42,0x03,220,19,220:4042:02A0:0334:00ED|221:4042:02B0:0335:00ED|222:4042:02D8:0345:00ED|223:4042:02C8:0343:00ED|224:4042:02B8:0365:00ED|225:4042:02D8:0344:00DD|226:4042:02C8:0342:00DD|227:4042:02B8:0364:00DD|228:4042:02A8:0356:00E2|229:4042:02B8:0363:00CD
round4_castle,0xDC,2714,0x0002,0x0003,0x0000,0x01,0x0056,0x0000,0x0001,actor_2c8,8,0x10C4C8,0x01,0x94,0x00,0x00,0x02,0x00,0x00,0x00EA,0x02D0,0x033E,0x00,0x42,0x03,220,19,220:4042:02A0:0334:00EB|221:4042:02B0:0335:00EB|222:4042:02D8:0345:00EB|223:4042:02C8:0343:00EB|224:4042:02B8:0365:00EB|225:4042:02D8:0344:00DB|226:4042:02C8:0342:00DB|227:4042:02B8:0364:00DB|228:4042:02A8:0356:00E0|229:4042:02B8:0363:00CB
round4_castle,0xDC,2716,0x0002,0x0003,0x0000,0x01,0x0056,0x0000,0x0001,actor_2c8,7,0x10C488,0x01,0x93,0x00,0x00,0x02,0x00,0x00,0x0114,0x02D0,0x033E,0x00,0x40,0x04,210,10,210:4040:02A0:03A2:0115|211:4040:02B0:03A3:0115|212:4040:02D8:0341:0115|213:4040:02C8:033F:0115|214:4040:02B8:0365:0115|215:4040:02D8:0340:0105|216:4040:02C8:033E:0105|217:4040:02B8:0364:0105|218:4040:02A8:0356:010A|219:4040:02B8:0363:00F5
round4_castle,0xDC,2716,0x0002,0x0003,0x0000,0x01,0x0056,0x0000,0x0001,actor_2c8,8,0x10C4C8,0x01,0x93,0x00,0x00,0x02,0x00,0x00,0x00E8,0x02D0,0x033E,0x00,0x42,0x03,220,19,220:4042:02A0:0334:00E9|221:4042:02B0:0335:00E9|222:4042:02D8:0341:00E9|223:4042:02C8:033F:00E9|224:4042:02B8:0365:00E9|225:4042:02D8:0340:00D9|226:4042:02C8:033E:00D9|227:4042:02B8:0364:00D9|228:4042:02A8:0356:00DE|229:4042:02B8:0363:00C9
round4_castle,0xDC,2718,0x0002,0x0003,0x0000,0x01,0x0056,0x0000,0x0001,actor_2c8,7,0x10C488,0x01,0x93,0x00,0x00,0x02,0x00,0x00,0x0112,0x02D0,0x033E,0x00,0x40,0x04,210,10,210:4040:02A0:03A2:0113|211:4040:02B0:03A3:0113|212:4040:02D8:0341:0113|213:4040:02C8:033F:0113|214:4040:02B8:0365:0113|215:4040:02D8:0340:0103|216:4040:02C8:033E:0103|217:4040:02B8:0364:0103|218:4040:02A8:0356:0108|219:4040:02B8:0363:00F3
round4_castle,0xDC,2718,0x0002,0x0003,0x0000,0x01,0x0056,0x0000,0x0001,actor_2c8,8,0x10C4C8,0x01,0x93,0x00,0x00,0x02,0x00,0x00,0x00E8,0x02D0,0x033E,0x00,0x42,0x03,220,19,220:4042:02A0:0334:00E7|221:4042:02B0:0335:00E7|222:4042:02D8:0341:00E7|223:4042:02C8:033F:00E7|224:4042:02B8:0365:00E7|225:4042:02D8:0340:00D7|226:4042:02C8:033E:00D7|227:4042:02B8:0364:00D7|228:4042:02A8:0356:00DC|229:4042:02B8:0363:00C7
round4_castle,0xDC,2720,0x0002,0x0003,0x0000,0x01,0x0056,0x0000,0x0001,actor_2c8,7,0x10C488,0x01,0x93,0x00,0x00,0x02,0x00,0x00,0x0110,0x02D0,0x033E,0x00,0x40,0x04,210,10,210:4040:02A0:03A2:0111|211:4040:02B0:03A3:0111|212:4040:02D8:0341:0111|213:4040:02C8:033F:0111|214:4040:02B8:0365:0111|215:4040:02D8:0340:0101|216:4040:02C8:033E:0101|217:4040:02B8:0364:0101|218:4040:02A8:0356:0106|219:4040:02B8:0363:00F1
round4_castle,0xDC,2722,0x0002,0x0003,0x0000,0x01,0x0056,0x0000,0x0001,actor_2c8,7,0x10C488,0x01,0x93,0x00,0x00,0x02,0x00,0x00,0x0110,0x02D0,0x033E,0x00,0x40,0x04,210,10,210:4040:02A0:03A2:010F|211:4040:02B0:03A3:010F|212:4040:02D8:0341:010F|213:4040:02C8:033F:010F|214:4040:02B8:0365:010F|215:4040:02D8:0340:00FF|216:4040:02C8:033E:00FF|217:4040:02B8:0364:00FF|218:4040:02A8:0356:0104|219:4040:02B8:0363:00EF
round4_castle,0xDC,2724,0x0002,0x0003,0x0000,0x01,0x0056,0x0000,0x0001,actor_2c8,7,0x10C488,0x01,0x94,0x00,0x00,0x02,0x00,0x00,0x010E,0x02D0,0x033E,0x00,0x40,0x04,210,10,210:4040:02A0:03A2:010D|211:4040:02B0:03A3:010D|212:4040:02D8:0345:010D|213:4040:02C8:0343:010D|214:4040:02B8:0365:010D|215:4040:02D8:0344:00FD|216:4040:02C8:0342:00FD|217:4040:02B8:0364:00FD|218:4040:02A8:0356:0102|219:4040:02B8:0363:00ED
round4_castle,0xDC,2726,0x0002,0x0003,0x0000,0x01,0x0056,0x0000,0x0001,actor_2c8,7,0x10C488,0x01,0x94,0x00,0x00,0x02,0x00,0x00,0x010C,0x02D0,0x033E,0x00,0x40,0x04,210,10,210:4040:02A0:03A2:010B|211:4040:02B0:03A3:010B|212:4040:02D8:0345:010B|213:4040:02C8:0343:010B|214:4040:02B8:0365:010B|215:4040:02D8:0344:00FB|216:4040:02C8:0342:00FB|217:4040:02B8:0364:00FB|218:4040:02A8:0356:0100|219:4040:02B8:0363:00EB
round4_castle,0xDC,2728,0x0002,0x0003,0x0000,0x01,0x0056,0x0000,0x0001,actor_2c8,7,0x10C488,0x01,0x94,0x00,0x00,0x02,0x00,0x00,0x010A,0x02D0,0x033E,0x00,0x40,0x04,210,10,210:4040:02A0:03A2:0109|211:4040:02B0:03A3:0109|212:4040:02D8:0345:0109|213:4040:02C8:0343:0109|214:4040:02B8:0365:0109|215:4040:02D8:0344:00F9|216:4040:02C8:0342:00F9|217:4040:02B8:0364:00F9|218:4040:02A8:0356:00FE|219:4040:02B8:0363:00E9
round4_castle,0xDC,2730,0x0002,0x0003,0x0000,0x01,0x0056,0x0000,0x0001,actor_2c8,7,0x10C488,0x01,0x94,0x00,0x00,0x02,0x00,0x00,0x0108,0x02D0,0x033E,0x00,0x40,0x04,210,10,210:4040:02A0:03A2:0107|211:4040:02B0:03A3:0107|212:4040:02D8:0345:0107|213:4040:02C8:0343:0107|214:4040:02B8:0365:0107|215:4040:02D8:0344:00F7|216:4040:02C8:0342:00F7|217:4040:02B8:0364:00F7|218:4040:02A8:0356:00FC|219:4040:02B8:0363:00E7
round4_castle,0xDC,2732,0x0002,0x0003,0x0000,0x01,0x0056,0x0000,0x0001,actor_2c8,7,0x10C488,0x01,0x95,0x00,0x00,0x02,0x00,0x00,0x0106,0x02D0,0x033E,0x00,0x40,0x04,210,10,210:4040:02A0:03A2:0107|211:4040:02B0:03A3:0107|212:4040:02D8:0349:0107|213:4040:02C8:0347:0107|214:4040:02B8:0365:0107|215:4040:02D8:0348:00F7|216:4040:02C8:0346:00F7|217:4040:02B8:0364:00F7|218:4040:02A8:0356:00FC|219:4040:02B8:0363:00E7
round4_castle,0xDC,2734,0x0002,0x0003,0x0000,0x01,0x0056,0x0000,0x0001,actor_2c8,6,0x10C448,0x01,0x95,0x00,0x00,0x02,0x00,0x00,0x013E,0x02D0,0x033E,0x00,0x40,0x03,200,10,
round4_castle,0xDC,2734,0x0002,0x0003,0x0000,0x01,0x0056,0x0000,0x0001,actor_2c8,7,0x10C488,0x01,0x95,0x00,0x00,0x02,0x00,0x00,0x0104,0x02D0,0x033E,0x00,0x40,0x04,210,10,210:4040:02A0:03A2:0105|211:4040:02B0:03A3:0105|212:4040:02D8:0349:0105|213:4040:02C8:0347:0105|214:4040:02B8:0365:0105|215:4040:02D8:0348:00F5|216:4040:02C8:0346:00F5|217:4040:02B8:0364:00F5|218:4040:02A8:0356:00FA|219:4040:02B8:0363:00E5
round4_castle,0xDC,2736,0x0002,0x0003,0x0000,0x01,0x0056,0x0000,0x0001,actor_2c8,6,0x10C448,0x01,0x95,0x00,0x00,0x02,0x00,0x00,0x013C,0x02D0,0x033E,0x00,0x40,0x03,200,10,200:4040:02A0:0334:013D|201:4040:02B0:0335:013D|202:4040:02D8:0349:013D|203:4040:02C8:0347:013D|204:4040:02B8:0365:013D|205:4040:02D8:0348:012D|206:4040:02C8:0346:012D|207:4040:02B8:0364:012D|208:4040:02A8:0356:0132|209:4040:02B8:0363:011D
round4_castle,0xDC,2736,0x0002,0x0003,0x0000,0x01,0x0056,0x0000,0x0001,actor_2c8,7,0x10C488,0x01,0x95,0x00,0x00,0x02,0x00,0x00,0x0102,0x02D0,0x033E,0x00,0x40,0x04,210,10,210:4040:02A0:03A2:0103|211:4040:02B0:03A3:0103|212:4040:02D8:0349:0103|213:4040:02C8:0347:0103|214:4040:02B8:0365:0103|215:4040:02D8:0348:00F3|216:4040:02C8:0346:00F3|217:4040:02B8:0364:00F3|218:4040:02A8:0356:00F8|219:4040:02B8:0363:00E3
round4_castle,0xDC,2738,0x0002,0x0003,0x0000,0x01,0x0056,0x0000,0x0001,actor_2c8,6,0x10C448,0x01,0x95,0x00,0x00,0x02,0x00,0x00,0x013A,0x02D0,0x033E,0x00,0x40,0x03,200,10,200:4040:02A0:0334:013B|201:4040:02B0:0335:013B|202:4040:02D8:0349:013B|203:4040:02C8:0347:013B|204:4040:02B8:0365:013B|205:4040:02D8:0348:012B|206:4040:02C8:0346:012B|207:4040:02B8:0364:012B|208:4040:02A8:0356:0130|209:4040:02B8:0363:011B
round4_castle,0xDC,2738,0x0002,0x0003,0x0000,0x01,0x0056,0x0000,0x0001,actor_2c8,7,0x10C488,0x01,0x95,0x00,0x00,0x02,0x00,0x00,0x0100,0x02D0,0x033E,0x00,0x40,0x04,210,10,210:4040:02A0:03A2:0101|211:4040:02B0:03A3:0101|212:4040:02D8:0349:0101|213:4040:02C8:0347:0101|214:4040:02B8:0365:0101|215:4040:02D8:0348:00F1|216:4040:02C8:0346:00F1|217:4040:02B8:0364:00F1|218:4040:02A8:0356:00F6|219:4040:02B8:0363:00E1
round4_castle,0xDC,2740,0x0002,0x0003,0x0000,0x01,0x0056,0x0000,0x0001,actor_2c8,6,0x10C448,0x01,0x94,0x00,0x00,0x02,0x00,0x00,0x0138,0x02D0,0x033E,0x00,0x40,0x03,200,10,200:4040:02A0:0334:0139|201:4040:02B0:0335:0139|202:4040:02D8:0345:0139|203:4040:02C8:0343:0139|204:4040:02B8:0365:0139|205:4040:02D8:0344:0129|206:4040:02C8:0342:0129|207:4040:02B8:0364:0129|208:4040:02A8:0356:012E|209:4040:02B8:0363:0119
round4_castle,0xDC,2740,0x0002,0x0003,0x0000,0x01,0x0056,0x0000,0x0001,actor_2c8,7,0x10C488,0x01,0x94,0x00,0x00,0x02,0x00,0x00,0x0100,0x02D0,0x033E,0x00,0x40,0x04,210,10,210:4040:02A0:03A2:00FF|211:4040:02B0:03A3:00FF|212:4040:02D8:0345:00FF|213:4040:02C8:0343:00FF|214:4040:02B8:0365:00FF|215:4040:02D8:0344:00EF|216:4040:02C8:0342:00EF|217:4040:02B8:0364:00EF|218:4040:02A8:0356:00F4|219:4040:02B8:0363:00DF
round4_castle,0xDC,2742,0x0002,0x0003,0x0000,0x01,0x0056,0x0000,0x0001,actor_2c8,6,0x10C448,0x01,0x94,0x00,0x00,0x02,0x00,0x00,0x0138,0x02D0,0x033E,0x00,0x40,0x03,200,10,200:4040:02A0:0334:0137|201:4040:02B0:0335:0137|202:4040:02D8:0345:0137|203:4040:02C8:0343:0137|204:4040:02B8:0365:0137|205:4040:02D8:0344:0127|206:4040:02C8:0342:0127|207:4040:02B8:0364:0127|208:4040:02A8:0356:012C|209:4040:02B8:0363:0117
round4_castle,0xDC,2742,0x0002,0x0003,0x0000,0x01,0x0056,0x0000,0x0001,actor_2c8,7,0x10C488,0x01,0x94,0x00,0x00,0x02,0x00,0x00,0x00FE,0x02D0,0x033E,0x00,0x40,0x04,210,10,210:4040:02A0:03A2:00FD|211:4040:02B0:03A3:00FD|212:4040:02D8:0345:00FD|213:4040:02C8:0343:00FD|214:4040:02B8:0365:00FD|215:4040:02D8:0344:00ED|216:4040:02C8:0342:00ED|217:4040:02B8:0364:00ED|218:4040:02A8:0356:00F2|219:4040:02B8:0363:00DD
round4_castle,0xDC,2744,0x0002,0x0003,0x0000,0x01,0x0056,0x0000,0x0001,actor_2c8,6,0x10C448,0x01,0x94,0x00,0x00,0x02,0x00,0x00,0x0136,0x02D0,0x033E,0x00,0x40,0x03,200,10,200:4040:02A0:0334:0135|201:4040:02B0:0335:0135|202:4040:02D8:0345:0135|203:4040:02C8:0343:0135|204:4040:02B8:0365:0135|205:4040:02D8:0344:0125|206:4040:02C8:0342:0125|207:4040:02B8:0364:0125|208:4040:02A8:0356:012A|209:4040:02B8:0363:0115
round4_castle,0xDC,2744,0x0002,0x0003,0x0000,0x01,0x0056,0x0000,0x0001,actor_2c8,7,0x10C488,0x01,0x94,0x00,0x00,0x02,0x00,0x00,0x00FC,0x02D0,0x033E,0x00,0x40,0x04,210,10,210:4040:02A0:03A2:00FB|211:4040:02B0:03A3:00FB|212:4040:02D8:0345:00FB|213:4040:02C8:0343:00FB|214:4040:02B8:0365:00FB|215:4040:02D8:0344:00EB|216:4040:02C8:0342:00EB|217:4040:02B8:0364:00EB|218:4040:02A8:0356:00F0|219:4040:02B8:0363:00DB
round4_castle,0xDC,2746,0x0002,0x0003,0x0000,0x01,0x0056,0x0000,0x0001,actor_2c8,6,0x10C448,0x01,0x94,0x00,0x00,0x02,0x00,0x00,0x0134,0x02D0,0x033E,0x00,0x40,0x03,200,10,200:4040:02A0:0334:0133|201:4040:02B0:0335:0133|202:4040:02D8:0345:0133|203:4040:02C8:0343:0133|204:4040:02B8:0365:0133|205:4040:02D8:0344:0123|206:4040:02C8:0342:0123|207:4040:02B8:0364:0123|208:4040:02A8:0356:0128|209:4040:02B8:0363:0113
round4_castle,0xDC,2746,0x0002,0x0003,0x0000,0x01,0x0056,0x0000,0x0001,actor_2c8,7,0x10C488,0x01,0x94,0x00,0x00,0x02,0x00,0x00,0x00FA,0x02D0,0x033E,0x00,0x40,0x04,210,10,210:4040:02A0:03A2:00F9|211:4040:02B0:03A3:00F9|212:4040:02D8:0345:00F9|213:4040:02C8:0343:00F9|214:4040:02B8:0365:00F9|215:4040:02D8:0344:00E9|216:4040:02C8:0342:00E9|217:4040:02B8:0364:00E9|218:4040:02A8:0356:00EE|219:4040:02B8:0363:00D9
round4_castle,0xDC,2748,0x0002,0x0003,0x0000,0x01,0x0056,0x0000,0x0001,actor_2c8,6,0x10C448,0x01,0x93,0x00,0x00,0x02,0x00,0x00,0x0132,0x02D0,0x033E,0x00,0x40,0x03,200,10,200:4040:02A0:0334:0131|201:4040:02B0:0335:0131|202:4040:02D8:0341:0131|203:4040:02C8:033F:0131|204:4040:02B8:0365:0131|205:4040:02D8:0340:0121|206:4040:02C8:033E:0121|207:4040:02B8:0364:0121|208:4040:02A8:0356:0126|209:4040:02B8:0363:0111
round4_castle,0xDC,2748,0x0002,0x0003,0x0000,0x01,0x0056,0x0000,0x0001,actor_2c8,7,0x10C488,0x01,0x93,0x00,0x00,0x02,0x00,0x00,0x00F8,0x02D0,0x033E,0x00,0x40,0x04,210,10,210:4040:02A0:03A2:00F7|211:4040:02B0:03A3:00F7|212:4040:02D8:0341:00F7|213:4040:02C8:033F:00F7|214:4040:02B8:0365:00F7|215:4040:02D8:0340:00E7|216:4040:02C8:033E:00E7|217:4040:02B8:0364:00E7|218:4040:02A8:0356:00EC|219:4040:02B8:0363:00D7
round4_castle,0xDC,2750,0x0002,0x0003,0x0000,0x01,0x0056,0x0000,0x0001,actor_2c8,6,0x10C448,0x01,0x93,0x00,0x00,0x02,0x00,0x00,0x0130,0x02D0,0x033E,0x00,0x40,0x03,200,10,200:4040:02A0:0334:012F|201:4040:02B0:0335:012F|202:4040:02D8:0341:012F|203:4040:02C8:033F:012F|204:4040:02B8:0365:012F|205:4040:02D8:0340:011F|206:4040:02C8:033E:011F|207:4040:02B8:0364:011F|208:4040:02A8:0356:0124|209:4040:02B8:0363:010F
round4_castle,0xDC,2752,0x0002,0x0003,0x0000,0x01,0x0056,0x0000,0x0001,actor_2c8,7,0x10C488,0x01,0x93,0x00,0x00,0x02,0x00,0x00,0x00F4,0x02D0,0x033E,0x00,0x40,0x04,210,10,210:4040:02A0:03A2:00F5|211:4040:02B0:03A3:00F5|212:4040:02D8:0341:00F5|213:4040:02C8:033F:00F5|214:4040:02B8:0365:00F5|215:4040:02D8:0340:00E5|216:4040:02C8:033E:00E5|217:4040:02B8:0364:00E5|218:4040:02A8:0356:00EA|219:4040:02B8:0363:00D5
round4_castle,0xDC,2754,0x0002,0x0003,0x0000,0x01,0x0056,0x0000,0x0001,actor_2c8,6,0x10C448,0x01,0x93,0x00,0x00,0x02,0x00,0x00,0x012C,0x02D0,0x033E,0x00,0x40,0x03,200,10,200:4040:02A0:0334:012D|201:4040:02B0:0335:012D|202:4040:02D8:0341:012D|203:4040:02C8:033F:012D|204:4040:02B8:0365:012D|205:4040:02D8:0340:011D|206:4040:02C8:033E:011D|207:4040:02B8:0364:011D|208:4040:02A8:0356:0122|209:4040:02B8:0363:010D
round4_castle,0xDC,2754,0x0002,0x0003,0x0000,0x01,0x0056,0x0000,0x0001,actor_2c8,7,0x10C488,0x01,0x93,0x00,0x00,0x02,0x00,0x00,0x00F2,0x02D0,0x033E,0x00,0x40,0x04,210,10,210:4040:02A0:03A2:00F3|211:4040:02B0:03A3:00F3|212:4040:02D8:0341:00F3|213:4040:02C8:033F:00F3|214:4040:02B8:0365:00F3|215:4040:02D8:0340:00E3|216:4040:02C8:033E:00E3|217:4040:02B8:0364:00E3|218:4040:02A8:0356:00E8|219:4040:02B8:0363:00D3
round4_castle,0xDC,2756,0x0002,0x0003,0x0000,0x01,0x0056,0x0000,0x0001,actor_2c8,6,0x10C448,0x01,0x94,0x00,0x00,0x02,0x00,0x00,0x012A,0x02D0,0x033E,0x00,0x40,0x03,200,10,200:4040:02A0:0334:012B|201:4040:02B0:0335:012B|202:4040:02D8:0345:012B|203:4040:02C8:0343:012B|204:4040:02B8:0365:012B|205:4040:02D8:0344:011B|206:4040:02C8:0342:011B|207:4040:02B8:0364:011B|208:4040:02A8:0356:0120|209:4040:02B8:0363:010B
round4_castle,0xDC,2756,0x0002,0x0003,0x0000,0x01,0x0056,0x0000,0x0001,actor_2c8,7,0x10C488,0x01,0x94,0x00,0x00,0x02,0x00,0x00,0x00F0,0x02D0,0x033E,0x00,0x40,0x04,210,10,210:4040:02A0:03A2:00F1|211:4040:02B0:03A3:00F1|212:4040:02D8:0345:00F1|213:4040:02C8:0343:00F1|214:4040:02B8:0365:00F1|215:4040:02D8:0344:00E1|216:4040:02C8:0342:00E1|217:4040:02B8:0364:00E1|218:4040:02A8:0356:00E6|219:4040:02B8:0363:00D1
round4_castle,0xDC,2758,0x0002,0x0003,0x0000,0x01,0x0056,0x0000,0x0001,actor_2c8,6,0x10C448,0x01,0x94,0x00,0x00,0x02,0x00,0x00,0x0128,0x02D0,0x033E,0x00,0x40,0x03,200,10,200:4040:02A0:0334:0129|201:4040:02B0:0335:0129|202:4040:02D8:0345:0129|203:4040:02C8:0343:0129|204:4040:02B8:0365:0129|205:4040:02D8:0344:0119|206:4040:02C8:0342:0119|207:4040:02B8:0364:0119|208:4040:02A8:0356:011E|209:4040:02B8:0363:0109
round4_castle,0xDC,2758,0x0002,0x0003,0x0000,0x01,0x0056,0x0000,0x0001,actor_2c8,7,0x10C488,0x01,0x94,0x00,0x00,0x02,0x00,0x00,0x00F0,0x02D0,0x033E,0x00,0x40,0x04,210,10,210:4040:02A0:03A2:00EF|211:4040:02B0:03A3:00EF|212:4040:02D8:0345:00EF|213:4040:02C8:0343:00EF|214:4040:02B8:0365:00EF|215:4040:02D8:0344:00DF|216:4040:02C8:0342:00DF|217:4040:02B8:0364:00DF|218:4040:02A8:0356:00E4|219:4040:02B8:0363:00CF
round4_castle,0xDC,2760,0x0002,0x0003,0x0000,0x01,0x0056,0x0000,0x0001,actor_2c8,6,0x10C448,0x01,0x94,0x00,0x00,0x02,0x00,0x00,0x0128,0x02D0,0x033E,0x00,0x40,0x03,200,10,200:4040:02A0:0334:0127|201:4040:02B0:0335:0127|202:4040:02D8:0345:0127|203:4040:02C8:0343:0127|204:4040:02B8:0365:0127|205:4040:02D8:0344:0117|206:4040:02C8:0342:0117|207:4040:02B8:0364:0117|208:4040:02A8:0356:011C|209:4040:02B8:0363:0107
round4_castle,0xDC,2760,0x0002,0x0003,0x0000,0x01,0x0056,0x0000,0x0001,actor_2c8,7,0x10C488,0x01,0x94,0x00,0x00,0x02,0x00,0x00,0x00EE,0x02D0,0x033E,0x00,0x40,0x04,210,10,210:4040:02A0:03A2:00ED|211:4040:02B0:03A3:00ED|212:4040:02D8:0345:00ED|213:4040:02C8:0343:00ED|214:4040:02B8:0365:00ED|215:4040:02D8:0344:00DD|216:4040:02C8:0342:00DD|217:4040:02B8:0364:00DD|218:4040:02A8:0356:00E2|219:4040:02B8:0363:00CD
round4_castle,0xDC,2762,0x0002,0x0003,0x0000,0x01,0x0056,0x0000,0x0001,actor_2c8,6,0x10C448,0x01,0x94,0x00,0x00,0x02,0x00,0x00,0x0126,0x02D0,0x033E,0x00,0x40,0x03,200,10,200:4040:02A0:0334:0125|201:4040:02B0:0335:0125|202:4040:02D8:0345:0125|203:4040:02C8:0343:0125|204:4040:02B8:0365:0125|205:4040:02D8:0344:0115|206:4040:02C8:0342:0115|207:4040:02B8:0364:0115|208:4040:02A8:0356:011A|209:4040:02B8:0363:0105
round4_castle,0xDC,2762,0x0002,0x0003,0x0000,0x01,0x0056,0x0000,0x0001,actor_2c8,7,0x10C488,0x01,0x94,0x00,0x00,0x02,0x00,0x00,0x00EC,0x02D0,0x033E,0x00,0x40,0x04,210,10,210:4040:02A0:03A2:00EB|211:4040:02B0:03A3:00EB|212:4040:02D8:0345:00EB|213:4040:02C8:0343:00EB|214:4040:02B8:0365:00EB|215:4040:02D8:0344:00DB|216:4040:02C8:0342:00DB|217:4040:02B8:0364:00DB|218:4040:02A8:0356:00E0|219:4040:02B8:0363:00CB
round4_castle,0xDC,2762,0x0002,0x0003,0x0000,0x01,0x0056,0x0000,0x0001,actor_2c8,8,0x10C4C8,0x01,0x94,0x00,0x00,0x02,0x00,0x00,0x00E6,0x02D0,0x033E,0x00,0x42,0x03,220,19,220:4042:02A0:0334:00E7|221:4042:02B0:0335:00E7|222:4042:02D8:0341:00E7|223:4042:02C8:033F:00E7|224:4042:02B8:0365:00E7|225:4042:02D8:0340:00D7|226:4042:02C8:033E:00D7|227:4042:02B8:0364:00D7|228:4042:02A8:0356:00DC|229:4042:02B8:0363:00C7
round4_castle,0xDC,2764,0x0002,0x0003,0x0000,0x01,0x0056,0x0000,0x0001,actor_2c8,6,0x10C448,0x01,0x95,0x00,0x00,0x02,0x00,0x00,0x0124,0x02D0,0x033E,0x00,0x40,0x03,200,10,200:4040:02A0:0334:0123|201:4040:02B0:0335:0123|202:4040:02D8:0349:0123|203:4040:02C8:0347:0123|204:4040:02B8:0365:0123|205:4040:02D8:0348:0113|206:4040:02C8:0346:0113|207:4040:02B8:0364:0113|208:4040:02A8:0356:0118|209:4040:02B8:0363:0103
round4_castle,0xDC,2764,0x0002,0x0003,0x0000,0x01,0x0056,0x0000,0x0001,actor_2c8,7,0x10C488,0x01,0x95,0x00,0x00,0x02,0x00,0x00,0x00EA,0x02D0,0x033E,0x00,0x40,0x04,210,10,210:4040:02A0:03A2:00E9|211:4040:02B0:03A3:00E9|212:4040:02D8:0349:00E9|213:4040:02C8:0347:00E9|214:4040:02B8:0365:00E9|215:4040:02D8:0348:00D9|216:4040:02C8:0346:00D9|217:4040:02B8:0364:00D9|218:4040:02A8:0356:00DE|219:4040:02B8:0363:00C9
round4_castle,0xDC,2764,0x0002,0x0003,0x0000,0x01,0x0056,0x0000,0x0001,actor_2c8,8,0x10C4C8,0x01,0x95,0x00,0x00,0x02,0x00,0x00,0x00E4,0x02D0,0x033E,0x00,0x42,0x03,220,19,220:4042:02A0:0334:00E5|221:4042:02B0:0335:00E5|222:4042:02D8:0349:00E5|223:4042:02C8:0347:00E5|224:4042:02B8:0365:00E5|225:4042:02D8:0348:00D5|226:4042:02C8:0346:00D5|227:4042:02B8:0364:00D5|228:4042:02A8:0356:00DA|229:4042:02B8:0363:00C5
round4_castle,0xDC,2766,0x0002,0x0003,0x0000,0x01,0x0056,0x0000,0x0001,actor_2c8,6,0x10C448,0x01,0x95,0x00,0x00,0x02,0x00,0x00,0x0122,0x02D0,0x033E,0x00,0x40,0x03,200,10,200:4040:02A0:0334:0121|201:4040:02B0:0335:0121|202:4040:02D8:0349:0121|203:4040:02C8:0347:0121|204:4040:02B8:0365:0121|205:4040:02D8:0348:0111|206:4040:02C8:0346:0111|207:4040:02B8:0364:0111|208:4040:02A8:0356:0116|209:4040:02B8:0363:0101
round4_castle,0xDC,2766,0x0002,0x0003,0x0000,0x01,0x0056,0x0000,0x0001,actor_2c8,7,0x10C488,0x01,0x95,0x00,0x00,0x02,0x00,0x00,0x00E8,0x02D0,0x033E,0x00,0x40,0x04,210,10,210:4040:02A0:03A2:00E7|211:4040:02B0:03A3:00E7|212:4040:02D8:0349:00E7|213:4040:02C8:0347:00E7|214:4040:02B8:0365:00E7|215:4040:02D8:0348:00D7|216:4040:02C8:0346:00D7|217:4040:02B8:0364:00D7|218:4040:02A8:0356:00DC|219:4040:02B8:0363:00C7
round4_castle,0xDC,2766,0x0002,0x0003,0x0000,0x01,0x0056,0x0000,0x0001,actor_2c8,8,0x10C4C8,0x01,0x95,0x00,0x00,0x02,0x00,0x00,0x00E2,0x02D0,0x033E,0x00,0x42,0x03,220,19,220:4042:02A0:0334:00E3|221:4042:02B0:0335:00E3|222:4042:02D8:0349:00E3|223:4042:02C8:0347:00E3|224:4042:02B8:0365:00E3|225:4042:02D8:0348:00D3|226:4042:02C8:0346:00D3|227:4042:02B8:0364:00D3|228:4042:02A8:0356:00D8|229:4042:02B8:0363:00C3
round4_castle,0xDC,2768,0x0002,0x0003,0x0000,0x01,0x0056,0x0000,0x0001,actor_2c8,6,0x10C448,0x01,0x95,0x00,0x00,0x02,0x00,0x00,0x0120,0x02D0,0x033E,0x00,0x40,0x03,200,10,200:4040:02A0:0334:011F|201:4040:02B0:0335:011F|202:4040:02D8:0349:011F|203:4040:02C8:0347:011F|204:4040:02B8:0365:011F|205:4040:02D8:0348:010F|206:4040:02C8:0346:010F|207:4040:02B8:0364:010F|208:4040:02A8:0356:0114|209:4040:02B8:0363:00FF
round4_castle,0xDC,2768,0x0002,0x0003,0x0000,0x01,0x0056,0x0000,0x0001,actor_2c8,8,0x10C4C8,0x01,0x95,0x00,0x00,0x02,0x00,0x00,0x00E0,0x02D0,0x033E,0x00,0x42,0x03,220,19,220:4042:02A0:0334:00E1|221:4042:02B0:0335:00E1|222:4042:02D8:0349:00E1|223:4042:02C8:0347:00E1|224:4042:02B8:0365:00E1|225:4042:02D8:0348:00D1|226:4042:02C8:0346:00D1|227:4042:02B8:0364:00D1|228:4042:02A8:0356:00D6|229:4042:02B8:0363:00C1
round4_castle,0xDC,2770,0x0002,0x0003,0x0000,0x01,0x0056,0x0000,0x0001,actor_2c8,8,0x10C4C8,0x01,0x95,0x00,0x00,0x02,0x00,0x00,0x00E0,0x02D0,0x033E,0x00,0x42,0x03,220,19,220:4042:02A0:0334:00DF|221:4042:02B0:0335:00DF|222:4042:02D8:0349:00DF|223:4042:02C8:0347:00DF|224:4042:02B8:0365:00DF|225:4042:02D8:0348:00CF|226:4042:02C8:0346:00CF|227:4042:02B8:0364:00CF|228:4042:02A8:0356:00D4|229:4042:02B8:0363:00BF
round4_castle,0xDC,2772,0x0002,0x0003,0x0000,0x01,0x0056,0x0000,0x0001,actor_2c8,6,0x10C448,0x01,0x94,0x00,0x00,0x02,0x00,0x00,0x011C,0x02D0,0x033E,0x00,0x40,0x03,200,10,200:4040:02A0:0334:011D|201:4040:02B0:0335:011D|202:4040:02D8:0345:011D|203:4040:02C8:0343:011D|204:4040:02B8:0365:011D|205:4040:02D8:0344:010D|206:4040:02C8:0342:010D|207:4040:02B8:0364:010D|208:4040:02A8:0356:0112|209:4040:02B8:0363:00FD
round4_castle,0xDC,2772,0x0002,0x0003,0x0000,0x01,0x0056,0x0000,0x0001,actor_2c8,8,0x10C4C8,0x01,0x94,0x00,0x00,0x02,0x00,0x00,0x00DE,0x02D0,0x033E,0x00,0x42,0x03,220,19,220:4042:02A0:0334:00DD|221:4042:02B0:0335:00DD|222:4042:02D8:0345:00DD|223:4042:02C8:0343:00DD|224:4042:02B8:0365:00DD|225:4042:02D8:0344:00CD|226:4042:02C8:0342:00CD|227:4042:02B8:0364:00CD|228:4042:02A8:0356:00D2|229:4042:02B8:0363:00BD
round4_castle,0xDC,2774,0x0002,0x0003,0x0000,0x01,0x0056,0x0000,0x0001,actor_2c8,6,0x10C448,0x01,0x94,0x00,0x00,0x02,0x00,0x00,0x011A,0x02D0,0x033E,0x00,0x40,0x03,200,10,200:4040:02A0:0334:011B|201:4040:02B0:0335:011B|202:4040:02D8:0345:011B|203:4040:02C8:0343:011B|204:4040:02B8:0365:011B|205:4040:02D8:0344:010B|206:4040:02C8:0342:010B|207:4040:02B8:0364:010B|208:4040:02A8:0356:0110|209:4040:02B8:0363:00FB
round4_castle,0xDC,2774,0x0002,0x0003,0x0000,0x01,0x0056,0x0000,0x0001,actor_2c8,8,0x10C4C8,0x01,0x94,0x00,0x00,0x02,0x00,0x00,0x00DC,0x02D0,0x033E,0x00,0x42,0x03,220,19,220:4042:02A0:0334:00DB|221:4042:02B0:0335:00DB|222:4042:02D8:0345:00DB|223:4042:02C8:0343:00DB|224:4042:02B8:0365:00DB|225:4042:02D8:0344:00CB|226:4042:02C8:0342:00CB|227:4042:02B8:0364:00CB|228:4042:02A8:0356:00D0|229:4042:02B8:0363:00BB
round4_castle,0xDC,2776,0x0002,0x0003,0x0000,0x01,0x0056,0x0000,0x0001,actor_2c8,6,0x10C448,0x01,0x94,0x00,0x00,0x02,0x00,0x00,0x0118,0x02D0,0x033E,0x00,0x40,0x03,200,10,200:4040:02A0:0334:0119|201:4040:02B0:0335:0119|202:4040:02D8:0345:0119|203:4040:02C8:0343:0119|204:4040:02B8:0365:0119|205:4040:02D8:0344:0109|206:4040:02C8:0342:0109|207:4040:02B8:0364:0109|208:4040:02A8:0356:010E|209:4040:02B8:0363:00F9
round4_castle,0xDC,2776,0x0002,0x0003,0x0000,0x01,0x0056,0x0000,0x0001,actor_2c8,8,0x10C4C8,0x01,0x94,0x00,0x00,0x02,0x00,0x00,0x00DA,0x02D0,0x033E,0x00,0x42,0x03,220,19,220:4042:02A0:0334:00D9|221:4042:02B0:0335:00D9|222:4042:02D8:0345:00D9|223:4042:02C8:0343:00D9|224:4042:02B8:0365:00D9|225:4042:02D8:0344:00C9|226:4042:02C8:0342:00C9|227:4042:02B8:0364:00C9|228:4042:02A8:0356:00CE|229:4042:02B8:0363:00B9
round4_castle,0xDC,2778,0x0002,0x0003,0x0000,0x01,0x0056,0x0000,0x0001,actor_2c8,6,0x10C448,0x01,0x94,0x00,0x00,0x02,0x00,0x00,0x0118,0x02D0,0x033E,0x00,0x40,0x03,200,10,200:4040:02A0:0334:0117|201:4040:02B0:0335:0117|202:4040:02D8:0345:0117|203:4040:02C8:0343:0117|204:4040:02B8:0365:0117|205:4040:02D8:0344:0107|206:4040:02C8:0342:0107|207:4040:02B8:0364:0107|208:4040:02A8:0356:010C|209:4040:02B8:0363:00F7
round4_castle,0xDC,2778,0x0002,0x0003,0x0000,0x01,0x0056,0x0000,0x0001,actor_2c8,8,0x10C4C8,0x01,0x94,0x00,0x00,0x02,0x00,0x00,0x00D8,0x02D0,0x033E,0x00,0x42,0x03,220,19,220:4042:02A0:0334:00D7|221:4042:02B0:0335:00D7|222:4042:02D8:0345:00D7|223:4042:02C8:0343:00D7|224:4042:02B8:0365:00D7|225:4042:02D8:0344:00C7|226:4042:02C8:0342:00C7|227:4042:02B8:0364:00C7|228:4042:02A8:0356:00CC|229:4042:02B8:0363:00B7
round4_castle,0xDC,2780,0x0002,0x0003,0x0000,0x01,0x0056,0x0000,0x0001,actor_2c8,6,0x10C448,0x01,0x93,0x00,0x00,0x02,0x00,0x00,0x0116,0x02D0,0x033E,0x00,0x40,0x03,200,10,200:4040:02A0:0334:0115|201:4040:02B0:0335:0115|202:4040:02D8:0341:0115|203:4040:02C8:033F:0115|204:4040:02B8:0365:0115|205:4040:02D8:0340:0105|206:4040:02C8:033E:0105|207:4040:02B8:0364:0105|208:4040:02A8:0356:010A|209:4040:02B8:0363:00F5
round4_castle,0xDC,2780,0x0002,0x0003,0x0000,0x01,0x0056,0x0000,0x0001,actor_2c8,8,0x10C4C8,0x01,0x93,0x00,0x00,0x02,0x00,0x00,0x00D6,0x02D0,0x033E,0x00,0x42,0x03,220,19,220:4042:02A0:0334:00D7|221:4042:02B0:0335:00D7|222:4042:02D8:0341:00D7|223:4042:02C8:033F:00D7|224:4042:02B8:0365:00D7|225:4042:02D8:0340:00C7|226:4042:02C8:033E:00C7|227:4042:02B8:0364:00C7|228:4042:02A8:0356:00CC|229:4042:02B8:0363:00B7
round4_castle,0xDC,2782,0x0002,0x0003,0x0000,0x01,0x0056,0x0000,0x0001,actor_2c8,6,0x10C448,0x01,0x93,0x00,0x00,0x02,0x00,0x00,0x0114,0x02D0,0x033E,0x00,0x40,0x03,200,10,200:4040:02A0:0334:0113|201:4040:02B0:0335:0113|202:4040:02D8:0341:0113|203:4040:02C8:033F:0113|204:4040:02B8:0365:0113|205:4040:02D8:0340:0103|206:4040:02C8:033E:0103|207:4040:02B8:0364:0103|208:4040:02A8:0356:0108|209:4040:02B8:0363:00F3
round4_castle,0xDC,2782,0x0002,0x0003,0x0000,0x01,0x0056,0x0000,0x0001,actor_2c8,8,0x10C4C8,0x01,0x93,0x00,0x00,0x02,0x00,0x00,0x00D4,0x02D0,0x033E,0x00,0x42,0x03,220,19,220:4042:02A0:0334:00D5|221:4042:02B0:0335:00D5|222:4042:02D8:0341:00D5|223:4042:02C8:033F:00D5|224:4042:02B8:0365:00D5|225:4042:02D8:0340:00C5|226:4042:02C8:033E:00C5|227:4042:02B8:0364:00C5|228:4042:02A8:0356:00CA|229:4042:02B8:0363:00B5
round4_castle,0xDC,2784,0x0002,0x0003,0x0000,0x01,0x0056,0x0000,0x0001,actor_2c8,5,0x10C408,0x01,0x93,0x00,0x00,0x02,0x00,0x00,0x013E,0x02D0,0x033E,0x00,0x40,0x00,190,10,190:4040:02A0:026B:013D|191:4040:02B0:026C:013D|192:4040:02D8:0341:013D|193:4040:02C8:033F:013D|194:4040:02B8:0365:013D|195:4040:02D8:0340:012D|196:4040:02C8:033E:012D|197:4040:02B8:0364:012D|198:4040:02A8:0356:0132|199:4040:02B8:0363:011D
round4_castle,0xDC,2784,0x0002,0x0003,0x0000,0x01,0x0056,0x0000,0x0001,actor_2c8,6,0x10C448,0x01,0x93,0x00,0x00,0x02,0x00,0x00,0x0112,0x02D0,0x033E,0x00,0x40,0x03,200,10,200:4040:02A0:0334:0111|201:4040:02B0:0335:0111|202:4040:02D8:0341:0111|203:4040:02C8:033F:0111|204:4040:02B8:0365:0111|205:4040:02D8:0340:0101|206:4040:02C8:033E:0101|207:4040:02B8:0364:0101|208:4040:02A8:0356:0106|209:4040:02B8:0363:00F1
round4_castle,0xDC,2784,0x0002,0x0003,0x0000,0x01,0x0056,0x0000,0x0001,actor_2c8,8,0x10C4C8,0x01,0x93,0x00,0x00,0x02,0x00,0x00,0x00D2,0x02D0,0x033E,0x00,0x42,0x03,220,19,220:4042:02A0:0334:00D3|221:4042:02B0:0335:00D3|222:4042:02D8:0341:00D3|223:4042:02C8:033F:00D3|224:4042:02B8:0365:00D3|225:4042:02D8:0340:00C3|226:4042:02C8:033E:00C3|227:4042:02B8:0364:00C3|228:4042:02A8:0356:00C8|229:4042:02B8:0363:00B3
round4_castle,0xDC,2786,0x0002,0x0003,0x0000,0x01,0x0056,0x0000,0x0001,actor_2c8,5,0x10C408,0x01,0x93,0x00,0x00,0x02,0x00,0x00,0x013C,0x02D0,0x033E,0x00,0x40,0x00,190,10,190:4040:02A0:026B:013B|191:4040:02B0:026C:013B|192:4040:02D8:0341:013B|193:4040:02C8:033F:013B|194:4040:02B8:0365:013B|195:4040:02D8:0340:012B|196:4040:02C8:033E:012B|197:4040:02B8:0364:012B|198:4040:02A8:0356:0130|199:4040:02B8:0363:011B
round4_castle,0xDC,2786,0x0002,0x0003,0x0000,0x01,0x0056,0x0000,0x0001,actor_2c8,6,0x10C448,0x01,0x93,0x00,0x00,0x02,0x00,0x00,0x0110,0x02D0,0x033E,0x00,0x40,0x03,200,10,200:4040:02A0:0334:010F|201:4040:02B0:0335:010F|202:4040:02D8:0341:010F|203:4040:02C8:033F:010F|204:4040:02B8:0365:010F|205:4040:02D8:0340:00FF|206:4040:02C8:033E:00FF|207:4040:02B8:0364:00FF|208:4040:02A8:0356:0104|209:4040:02B8:0363:00EF
round4_castle,0xDC,2786,0x0002,0x0003,0x0000,0x01,0x0056,0x0000,0x0001,actor_2c8,8,0x10C4C8,0x01,0x93,0x00,0x00,0x02,0x00,0x00,0x00D0,0x02D0,0x033E,0x00,0x42,0x03,220,19,220:4042:02A0:0334:00D1|221:4042:02B0:0335:00D1|222:4042:02D8:0341:00D1|223:4042:02C8:033F:00D1|224:4042:02B8:0365:00D1|225:4042:02D8:0340:00C1|226:4042:02C8:033E:00C1|227:4042:02B8:0364:00C1|228:4042:02A8:0356:00C6|229:4042:02B8:0363:00B1
round4_castle,0xDC,2788,0x0002,0x0003,0x0000,0x01,0x0056,0x0000,0x0001,actor_2c8,5,0x10C408,0x01,0x94,0x00,0x00,0x02,0x00,0x00,0x013A,0x02D0,0x033E,0x00,0x40,0x00,190,10,190:4040:02A0:026B:0139|191:4040:02B0:026C:0139|192:4040:02D8:0345:0139|193:4040:02C8:0343:0139|194:4040:02B8:0365:0139|195:4040:02D8:0344:0129|196:4040:02C8:0342:0129|197:4040:02B8:0364:0129|198:4040:02A8:0356:012E|199:4040:02B8:0363:0119
round4_castle,0xDC,2788,0x0002,0x0003,0x0000,0x01,0x0056,0x0000,0x0001,actor_2c8,6,0x10C448,0x01,0x94,0x00,0x00,0x02,0x00,0x00,0x010E,0x02D0,0x033E,0x00,0x40,0x03,200,10,200:4040:02A0:0334:010F|201:4040:02B0:0335:010F|202:4040:02D8:0345:010F|203:4040:02C8:0343:010F|204:4040:02B8:0365:010F|205:4040:02D8:0344:00FF|206:4040:02C8:0342:00FF|207:4040:02B8:0364:00FF|208:4040:02A8:0356:0104|209:4040:02B8:0363:00EF
round4_castle,0xDC,2788,0x0002,0x0003,0x0000,0x01,0x0056,0x0000,0x0001,actor_2c8,8,0x10C4C8,0x01,0x94,0x00,0x00,0x02,0x00,0x00,0x00D0,0x02D0,0x033E,0x00,0x42,0x03,220,19,220:4042:02A0:0334:00CF|221:4042:02B0:0335:00CF|222:4042:02D8:0345:00CF|223:4042:02C8:0343:00CF|224:4042:02B8:0365:00CF|225:4042:02D8:0344:00BF|226:4042:02C8:0342:00BF|227:4042:02B8:0364:00BF|228:4042:02A8:0356:00C4|229:4042:02B8:0363:00AF
round4_castle,0xDC,2790,0x0002,0x0003,0x0000,0x01,0x0056,0x0000,0x0001,actor_2c8,5,0x10C408,0x01,0x94,0x00,0x00,0x02,0x00,0x00,0x0138,0x02D0,0x033E,0x00,0x40,0x00,190,10,190:4040:02A0:026B:0137|191:4040:02B0:026C:0137|192:4040:02D8:0345:0137|193:4040:02C8:0343:0137|194:4040:02B8:0365:0137|195:4040:02D8:0344:0127|196:4040:02C8:0342:0127|197:4040:02B8:0364:0127|198:4040:02A8:0356:012C|199:4040:02B8:0363:0117
round4_castle,0xDC,2790,0x0002,0x0003,0x0000,0x01,0x0056,0x0000,0x0001,actor_2c8,6,0x10C448,0x01,0x94,0x00,0x00,0x02,0x00,0x00,0x010C,0x02D0,0x033E,0x00,0x40,0x03,200,10,200:4040:02A0:0334:010D|201:4040:02B0:0335:010D|202:4040:02D8:0345:010D|203:4040:02C8:0343:010D|204:4040:02B8:0365:010D|205:4040:02D8:0344:00FD|206:4040:02C8:0342:00FD|207:4040:02B8:0364:00FD|208:4040:02A8:0356:0102|209:4040:02B8:0363:00ED
round4_castle,0xDC,2790,0x0002,0x0003,0x0000,0x01,0x0056,0x0000,0x0001,actor_2c8,8,0x10C4C8,0x01,0x94,0x00,0x00,0x02,0x00,0x00,0x00CE,0x02D0,0x033E,0x00,0x42,0x03,220,19,220:4042:02A0:0334:00CD|221:4042:02B0:0335:00CD|222:4042:02D8:0345:00CD|223:4042:02C8:0343:00CD|224:4042:02B8:0365:00CD|225:4042:02D8:0344:00BD|226:4042:02C8:0342:00BD|227:4042:02B8:0364:00BD|228:4042:02A8:0356:00C2|229:4042:02B8:0363:00AD
round4_castle,0xDC,2792,0x0002,0x0003,0x0000,0x01,0x0056,0x0000,0x0001,actor_2c8,6,0x10C448,0x01,0x94,0x00,0x00,0x02,0x00,0x00,0x010A,0x02D0,0x033E,0x00,0x40,0x03,200,10,200:4040:02A0:0334:010B|201:4040:02B0:0335:010B|202:4040:02D8:0345:010B|203:4040:02C8:0343:010B|204:4040:02B8:0365:010B|205:4040:02D8:0344:00FB|206:4040:02C8:0342:00FB|207:4040:02B8:0364:00FB|208:4040:02A8:0356:0100|209:4040:02B8:0363:00EB
round4_castle,0xDC,2792,0x0002,0x0003,0x0000,0x01,0x0056,0x0000,0x0001,actor_2c8,8,0x10C4C8,0x01,0x94,0x00,0x00,0x02,0x00,0x00,0x00CC,0x02D0,0x033E,0x00,0x42,0x03,220,19,220:4042:02A0:0334:00CB|221:4042:02B0:0335:00CB|222:4042:02D8:0345:00CB|223:4042:02C8:0343:00CB|224:4042:02B8:0365:00CB|225:4042:02D8:0344:00BB|226:4042:02C8:0342:00BB|227:4042:02B8:0364:00BB|228:4042:02A8:0356:00C0|229:4042:02B8:0363:00AB
round4_castle,0xDC,2794,0x0002,0x0003,0x0000,0x01,0x0056,0x0000,0x0001,actor_2c8,5,0x10C408,0x01,0x94,0x00,0x00,0x02,0x00,0x00,0x0134,0x02D0,0x033E,0x00,0x40,0x00,190,10,190:4040:02A0:026B:0135|191:4040:02B0:026C:0135|192:4040:02D8:0345:0135|193:4040:02C8:0343:0135|194:4040:02B8:0365:0135|195:4040:02D8:0344:0125|196:4040:02C8:0342:0125|197:4040:02B8:0364:0125|198:4040:02A8:0356:012A|199:4040:02B8:0363:0115
round4_castle,0xDC,2794,0x0002,0x0003,0x0000,0x01,0x0056,0x0000,0x0001,actor_2c8,6,0x10C448,0x01,0x94,0x00,0x00,0x02,0x00,0x00,0x0108,0x02D0,0x033E,0x00,0x40,0x03,200,10,200:4040:02A0:0334:0109|201:4040:02B0:0335:0109|202:4040:02D8:0345:0109|203:4040:02C8:0343:0109|204:4040:02B8:0365:0109|205:4040:02D8:0344:00F9|206:4040:02C8:0342:00F9|207:4040:02B8:0364:00F9|208:4040:02A8:0356:00FE|209:4040:02B8:0363:00E9
round4_castle,0xDC,2794,0x0002,0x0003,0x0000,0x01,0x0056,0x0000,0x0001,actor_2c8,8,0x10C4C8,0x01,0x94,0x00,0x00,0x02,0x00,0x00,0x00CA,0x02D0,0x033E,0x00,0x42,0x03,220,19,220:4042:02A0:0334:00C9|221:4042:02B0:0335:00C9|222:4042:02D8:0345:00C9|223:4042:02C8:0343:00C9|224:4042:02B8:0365:00C9|225:4042:02D8:0344:00B9|226:4042:02C8:0342:00B9|227:4042:02B8:0364:00B9|228:4042:02A8:0356:00BE|229:4042:02B8:0363:00A9
round4_castle,0xDC,2796,0x0002,0x0003,0x0000,0x01,0x0056,0x0000,0x0001,actor_2c8,5,0x10C408,0x01,0x95,0x00,0x00,0x02,0x00,0x00,0x0132,0x02D0,0x033E,0x00,0x40,0x00,190,10,190:4040:02A0:026B:0133|191:4040:02B0:026C:0133|192:4040:02D8:0349:0133|193:4040:02C8:0347:0133|194:4040:02B8:0365:0133|195:4040:02D8:0348:0123|196:4040:02C8:0346:0123|197:4040:02B8:0364:0123|198:4040:02A8:0356:0128|199:4040:02B8:0363:0113
round4_castle,0xDC,2796,0x0002,0x0003,0x0000,0x01,0x0056,0x0000,0x0001,actor_2c8,6,0x10C448,0x01,0x95,0x00,0x00,0x02,0x00,0x00,0x0108,0x02D0,0x033E,0x00,0x40,0x03,200,10,200:4040:02A0:0334:0107|201:4040:02B0:0335:0107|202:4040:02D8:0349:0107|203:4040:02C8:0347:0107|204:4040:02B8:0365:0107|205:4040:02D8:0348:00F7|206:4040:02C8:0346:00F7|207:4040:02B8:0364:00F7|208:4040:02A8:0356:00FC|209:4040:02B8:0363:00E7
round4_castle,0xDC,2796,0x0002,0x0003,0x0000,0x01,0x0056,0x0000,0x0001,actor_2c8,8,0x10C4C8,0x01,0x95,0x00,0x00,0x02,0x00,0x00,0x00C8,0x02D0,0x033E,0x00,0x42,0x03,220,19,220:4042:02A0:0334:00C7|221:4042:02B0:0335:00C7|222:4042:02D8:0349:00C7|223:4042:02C8:0347:00C7|224:4042:02B8:0365:00C7|225:4042:02D8:0348:00B7|226:4042:02C8:0346:00B7|227:4042:02B8:0364:00B7|228:4042:02A8:0356:00BC|229:4042:02B8:0363:00A7
round4_castle,0xDC,2798,0x0002,0x0003,0x0000,0x01,0x0056,0x0000,0x0001,actor_2c8,5,0x10C408,0x01,0x95,0x00,0x00,0x02,0x00,0x00,0x0130,0x02D0,0x033E,0x00,0x40,0x00,190,10,190:4040:02A0:026B:0131|191:4040:02B0:026C:0131|192:4040:02D8:0349:0131|193:4040:02C8:0347:0131|194:4040:02B8:0365:0131|195:4040:02D8:0348:0121|196:4040:02C8:0346:0121|197:4040:02B8:0364:0121|198:4040:02A8:0356:0126|199:4040:02B8:0363:0111
round4_castle,0xDC,2798,0x0002,0x0003,0x0000,0x01,0x0056,0x0000,0x0001,actor_2c8,6,0x10C448,0x01,0x95,0x00,0x00,0x02,0x00,0x00,0x0106,0x02D0,0x033E,0x00,0x40,0x03,200,10,200:4040:02A0:0334:0105|201:4040:02B0:0335:0105|202:4040:02D8:0349:0105|203:4040:02C8:0347:0105|204:4040:02B8:0365:0105|205:4040:02D8:0348:00F5|206:4040:02C8:0346:00F5|207:4040:02B8:0364:00F5|208:4040:02A8:0356:00FA|209:4040:02B8:0363:00E5
round4_castle,0xDC,2800,0x0002,0x0003,0x0000,0x01,0x0056,0x0000,0x0001,actor_2c8,5,0x10C408,0x01,0x95,0x00,0x00,0x02,0x00,0x00,0x0130,0x02D0,0x033E,0x00,0x40,0x00,190,10,190:4040:02A0:026B:012F|191:4040:02B0:026C:012F|192:4040:02D8:0349:012F|193:4040:02C8:0347:012F|194:4040:02B8:0365:012F|195:4040:02D8:0348:011F|196:4040:02C8:0346:011F|197:4040:02B8:0364:011F|198:4040:02A8:0356:0124|199:4040:02B8:0363:010F
round4_castle,0xDC,2800,0x0002,0x0003,0x0000,0x01,0x0056,0x0000,0x0001,actor_2c8,6,0x10C448,0x01,0x95,0x00,0x00,0x02,0x00,0x00,0x0104,0x02D0,0x033E,0x00,0x40,0x03,200,10,200:4040:02A0:0334:0103|201:4040:02B0:0335:0103|202:4040:02D8:0349:0103|203:4040:02C8:0347:0103|204:4040:02B8:0365:0103|205:4040:02D8:0348:00F3|206:4040:02C8:0346:00F3|207:4040:02B8:0364:00F3|208:4040:02A8:0356:00F8|209:4040:02B8:0363:00E3
round4_castle,0xDC,2800,0x0002,0x0003,0x0000,0x01,0x0056,0x0000,0x0001,actor_2c8,8,0x10C4C8,0x01,0x95,0x01,0x00,0x01,0x00,0x00,0x00CC,0x02D0,0x033E,0x01,0x42,0x03,220,19,220:4042:02A0:0334:00C9|221:4042:02B0:0335:00C9|222:4042:02D8:0349:00C9|223:4042:02C8:0347:00C9|224:4042:02B8:0365:00C9|225:4042:02D8:0348:00B9|226:4042:02C8:0346:00B9|227:4042:02B8:0364:00B9|228:4042:02A8:0356:00BE|229:4042:02B8:0363:00A9
round4_castle,0xDC,2802,0x0002,0x0003,0x0000,0x01,0x0056,0x0000,0x0001,actor_2c8,5,0x10C408,0x01,0x95,0x00,0x00,0x02,0x00,0x00,0x012E,0x02D0,0x033E,0x00,0x40,0x00,190,10,190:4040:02A0:026B:012D|191:4040:02B0:026C:012D|192:4040:02D8:0349:012D|193:4040:02C8:0347:012D|194:4040:02B8:0365:012D|195:4040:02D8:0348:011D|196:4040:02C8:0346:011D|197:4040:02B8:0364:011D|198:4040:02A8:0356:0122|199:4040:02B8:0363:010D
round4_castle,0xDC,2802,0x0002,0x0003,0x0000,0x01,0x0056,0x0000,0x0001,actor_2c8,6,0x10C448,0x01,0x95,0x00,0x00,0x02,0x00,0x00,0x0102,0x02D0,0x033E,0x00,0x40,0x03,200,10,200:4040:02A0:0334:0101|201:4040:02B0:0335:0101|202:4040:02D8:0349:0101|203:4040:02C8:0347:0101|204:4040:02B8:0365:0101|205:4040:02D8:0348:00F1|206:4040:02C8:0346:00F1|207:4040:02B8:0364:00F1|208:4040:02A8:0356:00F6|209:4040:02B8:0363:00E1
round4_castle,0xDC,2802,0x0002,0x0003,0x0000,0x01,0x0056,0x0000,0x0001,actor_2c8,8,0x10C4C8,0x01,0x95,0x01,0x00,0x01,0x00,0x00,0x00CE,0x02D0,0x033E,0x01,0x42,0x03,220,19,220:4042:02A0:0334:00CB|221:4042:02B0:0335:00CB|222:4042:02D8:0349:00CB|223:4042:02C8:0347:00CB|224:4042:02B8:0365:00CB|225:4042:02D8:0348:00BB|226:4042:02C8:0346:00BB|227:4042:02B8:0364:00BB|228:4042:02A8:0356:00C0|229:4042:02B8:0363:00AB
round4_castle,0xDC,2804,0x0002,0x0003,0x0000,0x01,0x0056,0x0000,0x0001,actor_2c8,5,0x10C408,0x01,0x94,0x00,0x00,0x02,0x00,0x00,0x012C,0x02D0,0x033E,0x00,0x40,0x00,190,10,190:4040:02A0:026B:012B|191:4040:02B0:026C:012B|192:4040:02D8:0345:012B|193:4040:02C8:0343:012B|194:4040:02B8:0365:012B|195:4040:02D8:0344:011B|196:4040:02C8:0342:011B|197:4040:02B8:0364:011B|198:4040:02A8:0356:0120|199:4040:02B8:0363:010B
round4_castle,0xDC,2804,0x0002,0x0003,0x0000,0x01,0x0056,0x0000,0x0001,actor_2c8,6,0x10C448,0x01,0x94,0x00,0x00,0x02,0x00,0x00,0x0100,0x02D0,0x033E,0x00,0x40,0x03,200,10,200:4040:02A0:0334:00FF|201:4040:02B0:0335:00FF|202:4040:02D8:0345:00FF|203:4040:02C8:0343:00FF|204:4040:02B8:0365:00FF|205:4040:02D8:0344:00EF|206:4040:02C8:0342:00EF|207:4040:02B8:0364:00EF|208:4040:02A8:0356:00F4|209:4040:02B8:0363:00DF
round4_castle,0xDC,2806,0x0002,0x0003,0x0000,0x01,0x0056,0x0000,0x0001,actor_2c8,5,0x10C408,0x01,0x94,0x00,0x00,0x02,0x00,0x00,0x012A,0x02D0,0x033E,0x00,0x40,0x00,190,10,190:4040:02A0:026B:0129|191:4040:02B0:026C:0129|192:4040:02D8:0345:0129|193:4040:02C8:0343:0129|194:4040:02B8:0365:0129|195:4040:02D8:0344:0119|196:4040:02C8:0342:0119|197:4040:02B8:0364:0119|198:4040:02A8:0356:011E|199:4040:02B8:0363:0109
round4_castle,0xDC,2808,0x0002,0x0003,0x0000,0x01,0x0056,0x0000,0x0001,actor_2c8,5,0x10C408,0x01,0x94,0x00,0x00,0x02,0x00,0x00,0x0128,0x02D0,0x033E,0x00,0x40,0x00,190,10,190:4040:02A0:026B:0127|191:4040:02B0:026C:0127|192:4040:02D8:0345:0127|193:4040:02C8:0343:0127|194:4040:02B8:0365:0127|195:4040:02D8:0344:0117|196:4040:02C8:0342:0117|197:4040:02B8:0364:0117|198:4040:02A8:0356:011C|199:4040:02B8:0363:0107
round4_castle,0xDC,2808,0x0002,0x0003,0x0000,0x01,0x0056,0x0000,0x0001,actor_2c8,6,0x10C448,0x01,0x94,0x00,0x00,0x02,0x00,0x00,0x00FC,0x02D0,0x033E,0x00,0x40,0x03,200,10,200:4040:02A0:0334:00FD|201:4040:02B0:0335:00FD|202:4040:02D8:0345:00FD|203:4040:02C8:0343:00FD|204:4040:02B8:0365:00FD|205:4040:02D8:0344:00ED|206:4040:02C8:0342:00ED|207:4040:02B8:0364:00ED|208:4040:02A8:0356:00F2|209:4040:02B8:0363:00DD
round4_castle,0xDC,2808,0x0002,0x0003,0x0000,0x01,0x0056,0x0000,0x0001,actor_2c8,8,0x10C4C8,0x01,0x94,0x01,0x00,0x01,0x00,0x00,0x00D2,0x02D0,0x033E,0x01,0x42,0x03,220,19,220:4042:02A0:0334:00D1|221:4042:02B0:0335:00D1|222:4042:02D8:0345:00D1|223:4042:02C8:0343:00D1|224:4042:02B8:0365:00D1|225:4042:02D8:0344:00C1|226:4042:02C8:0342:00C1|227:4042:02B8:0364:00C1|228:4042:02A8:0356:00C6|229:4042:02B8:0363:00B1
round4_castle,0xDC,2810,0x0002,0x0003,0x0000,0x01,0x0056,0x0000,0x0001,actor_2c8,6,0x10C448,0x01,0x94,0x00,0x00,0x02,0x00,0x00,0x00FA,0x02D0,0x033E,0x00,0x40,0x03,200,10,200:4040:02A0:0334:00FB|201:4040:02B0:0335:00FB|202:4040:02D8:0345:00FB|203:4040:02C8:0343:00FB|204:4040:02B8:0365:00FB|205:4040:02D8:0344:00EB|206:4040:02C8:0342:00EB|207:4040:02B8:0364:00EB|208:4040:02A8:0356:00F0|209:4040:02B8:0363:00DB
round4_castle,0xDC,2810,0x0002,0x0003,0x0000,0x01,0x0056,0x0000,0x0001,actor_2c8,8,0x10C4C8,0x01,0x94,0x01,0x00,0x01,0x00,0x00,0x00D4,0x02D0,0x033E,0x01,0x42,0x03,220,19,220:4042:02A0:0334:00D3|221:4042:02B0:0335:00D3|222:4042:02D8:0345:00D3|223:4042:02C8:0343:00D3|224:4042:02B8:0365:00D3|225:4042:02D8:0344:00C3|226:4042:02C8:0342:00C3|227:4042:02B8:0364:00C3|228:4042:02A8:0356:00C8|229:4042:02B8:0363:00B3
round4_castle,0xDC,2812,0x0002,0x0003,0x0000,0x01,0x0056,0x0000,0x0001,actor_2c8,5,0x10C408,0x01,0x93,0x00,0x00,0x02,0x00,0x00,0x0124,0x02D0,0x033E,0x00,0x40,0x00,190,10,190:4040:02A0:026B:0125|191:4040:02B0:026C:0125|192:4040:02D8:0341:0125|193:4040:02C8:033F:0125|194:4040:02B8:0365:0125|195:4040:02D8:0340:0115|196:4040:02C8:033E:0115|197:4040:02B8:0364:0115|198:4040:02A8:0356:011A|199:4040:02B8:0363:0105
round4_castle,0xDC,2812,0x0002,0x0003,0x0000,0x01,0x0056,0x0000,0x0001,actor_2c8,6,0x10C448,0x01,0x93,0x00,0x00,0x02,0x00,0x00,0x00F8,0x02D0,0x033E,0x00,0x40,0x03,200,10,200:4040:02A0:0334:00F9|201:4040:02B0:0335:00F9|202:4040:02D8:0341:00F9|203:4040:02C8:033F:00F9|204:4040:02B8:0365:00F9|205:4040:02D8:0340:00E9|206:4040:02C8:033E:00E9|207:4040:02B8:0364:00E9|208:4040:02A8:0356:00EE|209:4040:02B8:0363:00D9
round4_castle,0xDC,2812,0x0002,0x0003,0x0000,0x01,0x0056,0x0000,0x0001,actor_2c8,7,0x10C488,0x01,0x93,0x00,0x00,0x02,0x00,0x00,0x00E6,0x02D0,0x033E,0x00,0x40,0x04,210,10,210:4040:02A0:03A2:00E5|211:4040:02B0:03A3:00E5|212:4040:02D8:0341:00E5|213:4040:02C8:033F:00E5|214:4040:02B8:0365:00E5|215:4040:02D8:0340:00D5|216:4040:02C8:033E:00D5|217:4040:02B8:0364:00D5|218:4040:02A8:0356:00DA|219:4040:02B8:0363:00C5
round4_castle,0xDC,2814,0x0002,0x0003,0x0000,0x01,0x0056,0x0000,0x0001,actor_2c8,5,0x10C408,0x01,0x93,0x00,0x00,0x02,0x00,0x00,0x0122,0x02D0,0x033E,0x00,0x40,0x00,190,10,190:4040:02A0:026B:0123|191:4040:02B0:026C:0123|192:4040:02D8:0341:0123|193:4040:02C8:033F:0123|194:4040:02B8:0365:0123|195:4040:02D8:0340:0113|196:4040:02C8:033E:0113|197:4040:02B8:0364:0113|198:4040:02A8:0356:0118|199:4040:02B8:0363:0103
round4_castle,0xDC,2814,0x0002,0x0003,0x0000,0x01,0x0056,0x0000,0x0001,actor_2c8,6,0x10C448,0x01,0x93,0x00,0x00,0x02,0x00,0x00,0x00F8,0x02D0,0x033E,0x00,0x40,0x03,200,10,200:4040:02A0:0334:00F7|201:4040:02B0:0335:00F7|202:4040:02D8:0341:00F7|203:4040:02C8:033F:00F7|204:4040:02B8:0365:00F7|205:4040:02D8:0340:00E7|206:4040:02C8:033E:00E7|207:4040:02B8:0364:00E7|208:4040:02A8:0356:00EC|209:4040:02B8:0363:00D7
round4_castle,0xDC,2814,0x0002,0x0003,0x0000,0x01,0x0056,0x0000,0x0001,actor_2c8,7,0x10C488,0x01,0x93,0x00,0x00,0x02,0x00,0x00,0x00E4,0x02D0,0x033E,0x00,0x40,0x04,210,10,210:4040:02A0:03A2:00E3|211:4040:02B0:03A3:00E3|212:4040:02D8:0341:00E3|213:4040:02C8:033F:00E3|214:4040:02B8:0365:00E3|215:4040:02D8:0340:00D3|216:4040:02C8:033E:00D3|217:4040:02B8:0364:00D3|218:4040:02A8:0356:00D8|219:4040:02B8:0363:00C3
round4_castle,0xDC,2816,0x0002,0x0003,0x0000,0x01,0x0056,0x0000,0x0001,actor_2c8,5,0x10C408,0x01,0x93,0x00,0x00,0x02,0x00,0x00,0x0120,0x02D0,0x033E,0x00,0x40,0x00,190,10,190:4040:02A0:026B:0121|191:4040:02B0:026C:0121|192:4040:02D8:0341:0121|193:4040:02C8:033F:0121|194:4040:02B8:0365:0121|195:4040:02D8:0340:0111|196:4040:02C8:033E:0111|197:4040:02B8:0364:0111|198:4040:02A8:0356:0116|199:4040:02B8:0363:0101
round4_castle,0xDC,2816,0x0002,0x0003,0x0000,0x01,0x0056,0x0000,0x0001,actor_2c8,6,0x10C448,0x01,0x93,0x00,0x00,0x02,0x00,0x00,0x00F6,0x02D0,0x033E,0x00,0x40,0x03,200,10,200:4040:02A0:0334:00F5|201:4040:02B0:0335:00F5|202:4040:02D8:0341:00F5|203:4040:02C8:033F:00F5|204:4040:02B8:0365:00F5|205:4040:02D8:0340:00E5|206:4040:02C8:033E:00E5|207:4040:02B8:0364:00E5|208:4040:02A8:0356:00EA|209:4040:02B8:0363:00D5
round4_castle,0xDC,2816,0x0002,0x0003,0x0000,0x01,0x0056,0x0000,0x0001,actor_2c8,7,0x10C488,0x01,0x93,0x00,0x00,0x02,0x00,0x00,0x00E2,0x02D0,0x033E,0x00,0x40,0x04,210,10,210:4040:02A0:03A2:00E1|211:4040:02B0:03A3:00E1|212:4040:02D8:0341:00E1|213:4040:02C8:033F:00E1|214:4040:02B8:0365:00E1|215:4040:02D8:0340:00D1|216:4040:02C8:033E:00D1|217:4040:02B8:0364:00D1|218:4040:02A8:0356:00D6|219:4040:02B8:0363:00C1
round4_castle,0xDC,2818,0x0002,0x0003,0x0000,0x01,0x0056,0x0000,0x0001,actor_2c8,5,0x10C408,0x01,0x93,0x00,0x00,0x02,0x00,0x00,0x0120,0x02D0,0x033E,0x00,0x40,0x00,190,10,190:4040:02A0:026B:011F|191:4040:02B0:026C:011F|192:4040:02D8:0341:011F|193:4040:02C8:033F:011F|194:4040:02B8:0365:011F|195:4040:02D8:0340:010F|196:4040:02C8:033E:010F|197:4040:02B8:0364:010F|198:4040:02A8:0356:0114|199:4040:02B8:0363:00FF
round4_castle,0xDC,2818,0x0002,0x0003,0x0000,0x01,0x0056,0x0000,0x0001,actor_2c8,6,0x10C448,0x01,0x93,0x00,0x00,0x02,0x00,0x00,0x00F4,0x02D0,0x033E,0x00,0x40,0x03,200,10,200:4040:02A0:0334:00F3|201:4040:02B0:0335:00F3|202:4040:02D8:0341:00F3|203:4040:02C8:033F:00F3|204:4040:02B8:0365:00F3|205:4040:02D8:0340:00E3|206:4040:02C8:033E:00E3|207:4040:02B8:0364:00E3|208:4040:02A8:0356:00E8|209:4040:02B8:0363:00D3
round4_castle,0xDC,2818,0x0002,0x0003,0x0000,0x01,0x0056,0x0000,0x0001,actor_2c8,7,0x10C488,0x01,0x93,0x00,0x00,0x02,0x00,0x00,0x00E0,0x02D0,0x033E,0x00,0x40,0x04,210,10,210:4040:02A0:03A2:00DF|211:4040:02B0:03A3:00DF|212:4040:02D8:0341:00DF|213:4040:02C8:033F:00DF|214:4040:02B8:0365:00DF|215:4040:02D8:0340:00CF|216:4040:02C8:033E:00CF|217:4040:02B8:0364:00CF|218:4040:02A8:0356:00D4|219:4040:02B8:0363:00BF
round4_castle,0xDC,2818,0x0002,0x0003,0x0000,0x01,0x0056,0x0000,0x0001,actor_2c8,8,0x10C4C8,0x01,0x93,0x01,0x00,0x01,0x00,0x00,0x00DC,0x02D0,0x033E,0x01,0x42,0x03,220,19,220:4042:02A0:0334:00D9|221:4042:02B0:0335:00D9|222:4042:02D8:0341:00D9|223:4042:02C8:033F:00D9|224:4042:02B8:0365:00D9|225:4042:02D8:0340:00C9|226:4042:02C8:033E:00C9|227:4042:02B8:0364:00C9|228:4042:02A8:0356:00CE|229:4042:02B8:0363:00B9
round4_castle,0xDC,2820,0x0002,0x0003,0x0000,0x01,0x0056,0x0000,0x0001,actor_2c8,5,0x10C408,0x01,0x94,0x00,0x00,0x02,0x00,0x00,0x011E,0x02D0,0x033E,0x00,0x40,0x00,190,10,190:4040:02A0:026B:011D|191:4040:02B0:026C:011D|192:4040:02D8:0345:011D|193:4040:02C8:0343:011D|194:4040:02B8:0365:011D|195:4040:02D8:0344:010D|196:4040:02C8:0342:010D|197:4040:02B8:0364:010D|198:4040:02A8:0356:0112|199:4040:02B8:0363:00FD
round4_castle,0xDC,2820,0x0002,0x0003,0x0000,0x01,0x0056,0x0000,0x0001,actor_2c8,6,0x10C448,0x01,0x94,0x00,0x00,0x02,0x00,0x00,0x00F2,0x02D0,0x033E,0x00,0x40,0x03,200,10,200:4040:02A0:0334:00F1|201:4040:02B0:0335:00F1|202:4040:02D8:0345:00F1|203:4040:02C8:0343:00F1|204:4040:02B8:0365:00F1|205:4040:02D8:0344:00E1|206:4040:02C8:0342:00E1|207:4040:02B8:0364:00E1|208:4040:02A8:0356:00E6|209:4040:02B8:0363:00D1
round4_castle,0xDC,2820,0x0002,0x0003,0x0000,0x01,0x0056,0x0000,0x0001,actor_2c8,7,0x10C488,0x01,0x94,0x00,0x00,0x02,0x00,0x00,0x00DE,0x02D0,0x033E,0x00,0x40,0x04,210,10,210:4040:02A0:03A2:00DF|211:4040:02B0:03A3:00DF|212:4040:02D8:0345:00DF|213:4040:02C8:0343:00DF|214:4040:02B8:0365:00DF|215:4040:02D8:0344:00CF|216:4040:02C8:0342:00CF|217:4040:02B8:0364:00CF|218:4040:02A8:0356:00D4|219:4040:02B8:0363:00BF
round4_castle,0xDC,2822,0x0002,0x0003,0x0000,0x01,0x0056,0x0000,0x0001,actor_2c8,5,0x10C408,0x01,0x94,0x00,0x00,0x02,0x00,0x00,0x011C,0x02D0,0x033E,0x00,0x40,0x00,190,10,190:4040:02A0:026B:011B|191:4040:02B0:026C:011B|192:4040:02D8:0345:011B|193:4040:02C8:0343:011B|194:4040:02B8:0365:011B|195:4040:02D8:0344:010B|196:4040:02C8:0342:010B|197:4040:02B8:0364:010B|198:4040:02A8:0356:0110|199:4040:02B8:0363:00FB
round4_castle,0xDC,2822,0x0002,0x0003,0x0000,0x01,0x0056,0x0000,0x0001,actor_2c8,6,0x10C448,0x01,0x94,0x00,0x00,0x02,0x00,0x00,0x00F0,0x02D0,0x033E,0x00,0x40,0x03,200,10,200:4040:02A0:0334:00EF|201:4040:02B0:0335:00EF|202:4040:02D8:0345:00EF|203:4040:02C8:0343:00EF|204:4040:02B8:0365:00EF|205:4040:02D8:0344:00DF|206:4040:02C8:0342:00DF|207:4040:02B8:0364:00DF|208:4040:02A8:0356:00E4|209:4040:02B8:0363:00CF
round4_castle,0xDC,2822,0x0002,0x0003,0x0000,0x01,0x0056,0x0000,0x0001,actor_2c8,7,0x10C488,0x01,0x94,0x00,0x00,0x02,0x00,0x00,0x00DC,0x02D0,0x033E,0x00,0x40,0x04,210,10,210:4040:02A0:03A2:00DD|211:4040:02B0:03A3:00DD|212:4040:02D8:0345:00DD|213:4040:02C8:0343:00DD|214:4040:02B8:0365:00DD|215:4040:02D8:0344:00CD|216:4040:02C8:0342:00CD|217:4040:02B8:0364:00CD|218:4040:02A8:0356:00D2|219:4040:02B8:0363:00BD
round4_castle,0xDC,2824,0x0002,0x0003,0x0000,0x01,0x0056,0x0000,0x0001,actor_2c8,5,0x10C408,0x01,0x94,0x00,0x00,0x02,0x00,0x00,0x011A,0x02D0,0x033E,0x00,0x40,0x00,190,10,190:4040:02A0:026B:0119|191:4040:02B0:026C:0119|192:4040:02D8:0345:0119|193:4040:02C8:0343:0119|194:4040:02B8:0365:0119|195:4040:02D8:0344:0109|196:4040:02C8:0342:0109|197:4040:02B8:0364:0109|198:4040:02A8:0356:010E|199:4040:02B8:0363:00F9
round4_castle,0xDC,2824,0x0002,0x0003,0x0000,0x01,0x0056,0x0000,0x0001,actor_2c8,7,0x10C488,0x01,0x94,0x00,0x00,0x02,0x00,0x00,0x00DA,0x02D0,0x033E,0x00,0x40,0x04,210,10,210:4040:02A0:03A2:00DB|211:4040:02B0:03A3:00DB|212:4040:02D8:0345:00DB|213:4040:02C8:0343:00DB|214:4040:02B8:0365:00DB|215:4040:02D8:0344:00CB|216:4040:02C8:0342:00CB|217:4040:02B8:0364:00CB|218:4040:02A8:0356:00D0|219:4040:02B8:0363:00BB
round4_castle,0xDC,2824,0x0002,0x0003,0x0000,0x01,0x0056,0x0000,0x0001,actor_2c8,8,0x10C4C8,0x01,0x94,0x01,0x00,0x01,0x00,0x00,0x00E0,0x02D0,0x033E,0x01,0x42,0x03,220,19,220:4042:02A0:0334:00DF|221:4042:02B0:0335:00DF|222:4042:02D8:0345:00DF|223:4042:02C8:0343:00DF|224:4042:02B8:0365:00DF|225:4042:02D8:0344:00CF|226:4042:02C8:0342:00CF|227:4042:02B8:0364:00CF|228:4042:02A8:0356:00D4|229:4042:02B8:0363:00BF
round4_castle,0xDC,2826,0x0002,0x0003,0x0000,0x01,0x0056,0x0000,0x0001,actor_2c8,5,0x10C408,0x01,0x94,0x00,0x00,0x02,0x00,0x00,0x0118,0x02D0,0x033E,0x00,0x40,0x00,190,10,190:4040:02A0:026B:0117|191:4040:02B0:026C:0117|192:4040:02D8:0345:0117|193:4040:02C8:0343:0117|194:4040:02B8:0365:0117|195:4040:02D8:0344:0107|196:4040:02C8:0342:0107|197:4040:02B8:0364:0107|198:4040:02A8:0356:010C|199:4040:02B8:0363:00F7
round4_castle,0xDC,2826,0x0002,0x0003,0x0000,0x01,0x0056,0x0000,0x0001,actor_2c8,6,0x10C448,0x01,0x94,0x00,0x00,0x02,0x00,0x00,0x00EC,0x02D0,0x033E,0x00,0x40,0x03,200,10,200:4040:02A0:0334:00ED|201:4040:02B0:0335:00ED|202:4040:02D8:0345:00ED|203:4040:02C8:0343:00ED|204:4040:02B8:0365:00ED|205:4040:02D8:0344:00DD|206:4040:02C8:0342:00DD|207:4040:02B8:0364:00DD|208:4040:02A8:0356:00E2|209:4040:02B8:0363:00CD
round4_castle,0xDC,2826,0x0002,0x0003,0x0000,0x01,0x0056,0x0000,0x0001,actor_2c8,7,0x10C488,0x01,0x94,0x00,0x00,0x02,0x00,0x00,0x00D8,0x02D0,0x033E,0x00,0x40,0x04,210,10,210:4040:02A0:03A2:00D9|211:4040:02B0:03A3:00D9|212:4040:02D8:0345:00D9|213:4040:02C8:0343:00D9|214:4040:02B8:0365:00D9|215:4040:02D8:0344:00C9|216:4040:02C8:0342:00C9|217:4040:02B8:0364:00C9|218:4040:02A8:0356:00CE|219:4040:02B8:0363:00B9
round4_castle,0xDC,2826,0x0002,0x0003,0x0000,0x01,0x0056,0x0000,0x0001,actor_2c8,8,0x10C4C8,0x01,0x94,0x01,0x00,0x01,0x00,0x00,0x00E2,0x02D0,0x033E,0x01,0x42,0x03,220,19,220:4042:02A0:0334:00E1|221:4042:02B0:0335:00E1|222:4042:02D8:0345:00E1|223:4042:02C8:0343:00E1|224:4042:02B8:0365:00E1|225:4042:02D8:0344:00D1|226:4042:02C8:0342:00D1|227:4042:02B8:0364:00D1|228:4042:02A8:0356:00D6|229:4042:02B8:0363:00C1
round4_castle,0xDC,2828,0x0002,0x0003,0x0000,0x01,0x0056,0x0000,0x0001,actor_2c8,5,0x10C408,0x01,0x95,0x00,0x00,0x02,0x00,0x00,0x0116,0x02D0,0x033E,0x00,0x40,0x00,190,10,190:4040:02A0:026B:0117|191:4040:02B0:026C:0117|192:4040:02D8:0349:0117|193:4040:02C8:0347:0117|194:4040:02B8:0365:0117|195:4040:02D8:0348:0107|196:4040:02C8:0346:0107|197:4040:02B8:0364:0107|198:4040:02A8:0356:010C|199:4040:02B8:0363:00F7
round4_castle,0xDC,2828,0x0002,0x0003,0x0000,0x01,0x0056,0x0000,0x0001,actor_2c8,6,0x10C448,0x01,0x95,0x00,0x00,0x02,0x00,0x00,0x00EA,0x02D0,0x033E,0x00,0x40,0x03,200,10,200:4040:02A0:0334:00EB|201:4040:02B0:0335:00EB|202:4040:02D8:0349:00EB|203:4040:02C8:0347:00EB|204:4040:02B8:0365:00EB|205:4040:02D8:0348:00DB|206:4040:02C8:0346:00DB|207:4040:02B8:0364:00DB|208:4040:02A8:0356:00E0|209:4040:02B8:0363:00CB
round4_castle,0xDC,2828,0x0002,0x0003,0x0000,0x01,0x0056,0x0000,0x0001,actor_2c8,7,0x10C488,0x01,0x95,0x00,0x00,0x02,0x00,0x00,0x00D8,0x02D0,0x033E,0x00,0x40,0x04,210,10,210:4040:02A0:03A2:00D7|211:4040:02B0:03A3:00D7|212:4040:02D8:0349:00D7|213:4040:02C8:0347:00D7|214:4040:02B8:0365:00D7|215:4040:02D8:0348:00C7|216:4040:02C8:0346:00C7|217:4040:02B8:0364:00C7|218:4040:02A8:0356:00CC|219:4040:02B8:0363:00B7
round4_castle,0xDC,2830,0x0002,0x0003,0x0000,0x01,0x0056,0x0000,0x0001,actor_2c8,5,0x10C408,0x01,0x95,0x00,0x00,0x02,0x00,0x00,0x0114,0x02D0,0x033E,0x00,0x40,0x00,190,10,190:4040:02A0:026B:0115|191:4040:02B0:026C:0115|192:4040:02D8:0349:0115|193:4040:02C8:0347:0115|194:4040:02B8:0365:0115|195:4040:02D8:0348:0105|196:4040:02C8:0346:0105|197:4040:02B8:0364:0105|198:4040:02A8:0356:010A|199:4040:02B8:0363:00F5
round4_castle,0xDC,2830,0x0002,0x0003,0x0000,0x01,0x0056,0x0000,0x0001,actor_2c8,6,0x10C448,0x01,0x95,0x00,0x00,0x02,0x00,0x00,0x00E8,0x02D0,0x033E,0x00,0x40,0x03,200,10,200:4040:02A0:0334:00E9|201:4040:02B0:0335:00E9|202:4040:02D8:0349:00E9|203:4040:02C8:0347:00E9|204:4040:02B8:0365:00E9|205:4040:02D8:0348:00D9|206:4040:02C8:0346:00D9|207:4040:02B8:0364:00D9|208:4040:02A8:0356:00DE|209:4040:02B8:0363:00C9
round4_castle,0xDC,2830,0x0002,0x0003,0x0000,0x01,0x0056,0x0000,0x0001,actor_2c8,7,0x10C488,0x01,0x95,0x00,0x00,0x02,0x00,0x00,0x00D6,0x02D0,0x033E,0x00,0x40,0x04,210,10,210:4040:02A0:03A2:00D5|211:4040:02B0:03A3:00D5|212:4040:02D8:0349:00D5|213:4040:02C8:0347:00D5|214:4040:02B8:0365:00D5|215:4040:02D8:0348:00C5|216:4040:02C8:0346:00C5|217:4040:02B8:0364:00C5|218:4040:02A8:0356:00CA|219:4040:02B8:0363:00B5
round4_castle,0xDC,2832,0x0002,0x0003,0x0000,0x01,0x0056,0x0000,0x0001,actor_2c8,5,0x10C408,0x01,0x95,0x00,0x00,0x02,0x00,0x00,0x0112,0x02D0,0x033E,0x00,0x40,0x00,190,10,190:4040:02A0:026B:0113|191:4040:02B0:026C:0113|192:4040:02D8:0349:0113|193:4040:02C8:0347:0113|194:4040:02B8:0365:0113|195:4040:02D8:0348:0103|196:4040:02C8:0346:0103|197:4040:02B8:0364:0103|198:4040:02A8:0356:0108|199:4040:02B8:0363:00F3
round4_castle,0xDC,2832,0x0002,0x0003,0x0000,0x01,0x0056,0x0000,0x0001,actor_2c8,6,0x10C448,0x01,0x95,0x00,0x00,0x02,0x00,0x00,0x00E8,0x02D0,0x033E,0x00,0x40,0x03,200,10,200:4040:02A0:0334:00E7|201:4040:02B0:0335:00E7|202:4040:02D8:0349:00E7|203:4040:02C8:0347:00E7|204:4040:02B8:0365:00E7|205:4040:02D8:0348:00D7|206:4040:02C8:0346:00D7|207:4040:02B8:0364:00D7|208:4040:02A8:0356:00DC|209:4040:02B8:0363:00C7
round4_castle,0xDC,2832,0x0002,0x0003,0x0000,0x01,0x0056,0x0000,0x0001,actor_2c8,7,0x10C488,0x01,0x95,0x00,0x00,0x02,0x00,0x00,0x00D4,0x02D0,0x033E,0x00,0x40,0x04,210,10,210:4040:02A0:03A2:00D3|211:4040:02B0:03A3:00D3|212:4040:02D8:0349:00D3|213:4040:02C8:0347:00D3|214:4040:02B8:0365:00D3|215:4040:02D8:0348:00C3|216:4040:02C8:0346:00C3|217:4040:02B8:0364:00C3|218:4040:02A8:0356:00C8|219:4040:02B8:0363:00B3
round4_castle,0xDC,2832,0x0002,0x0003,0x0000,0x01,0x0056,0x0000,0x0001,actor_2c8,8,0x10C4C8,0x01,0x95,0x01,0x00,0x01,0x00,0x00,0x00E8,0x02D0,0x033E,0x01,0x42,0x03,220,19,220:4042:02A0:0334:00E7|221:4042:02B0:0335:00E7|222:4042:02D8:0349:00E7|223:4042:02C8:0347:00E7|224:4042:02B8:0365:00E7|225:4042:02D8:0348:00D7|226:4042:02C8:0346:00D7|227:4042:02B8:0364:00D7|228:4042:02A8:0356:00DC|229:4042:02B8:0363:00C7
round4_castle,0xDC,2834,0x0002,0x0003,0x0000,0x01,0x0056,0x0000,0x0001,actor_2c8,5,0x10C408,0x01,0x95,0x00,0x00,0x02,0x00,0x00,0x0110,0x02D0,0x033E,0x00,0x40,0x00,190,10,190:4040:02A0:026B:0111|191:4040:02B0:026C:0111|192:4040:02D8:0349:0111|193:4040:02C8:0347:0111|194:4040:02B8:0365:0111|195:4040:02D8:0348:0101|196:4040:02C8:0346:0101|197:4040:02B8:0364:0101|198:4040:02A8:0356:0106|199:4040:02B8:0363:00F1
round4_castle,0xDC,2834,0x0002,0x0003,0x0000,0x01,0x0056,0x0000,0x0001,actor_2c8,7,0x10C488,0x01,0x95,0x00,0x00,0x02,0x00,0x00,0x00D2,0x02D0,0x033E,0x00,0x40,0x04,210,10,210:4040:02A0:03A2:00D1|211:4040:02B0:03A3:00D1|212:4040:02D8:0349:00D1|213:4040:02C8:0347:00D1|214:4040:02B8:0365:00D1|215:4040:02D8:0348:00C1|216:4040:02C8:0346:00C1|217:4040:02B8:0364:00C1|218:4040:02A8:0356:00C6|219:4040:02B8:0363:00B1
round4_castle,0xDC,2836,0x0002,0x0003,0x0000,0x01,0x0056,0x0000,0x0001,actor_2c8,5,0x10C408,0x01,0x94,0x00,0x00,0x02,0x00,0x00,0x0110,0x02D0,0x033E,0x00,0x40,0x00,190,10,190:4040:02A0:026B:010F|191:4040:02B0:026C:010F|192:4040:02D8:0345:010F|193:4040:02C8:0343:010F|194:4040:02B8:0365:010F|195:4040:02D8:0344:00FF|196:4040:02C8:0342:00FF|197:4040:02B8:0364:00FF|198:4040:02A8:0356:0104|199:4040:02B8:0363:00EF
round4_castle,0xDC,2836,0x0002,0x0003,0x0000,0x01,0x0056,0x0000,0x0001,actor_2c8,7,0x10C488,0x01,0x94,0x00,0x00,0x02,0x00,0x00,0x00D0,0x02D0,0x033E,0x00,0x40,0x04,210,10,210:4040:02A0:03A2:00CF|211:4040:02B0:03A3:00CF|212:4040:02D8:0345:00CF|213:4040:02C8:0343:00CF|214:4040:02B8:0365:00CF|215:4040:02D8:0344:00BF|216:4040:02C8:0342:00BF|217:4040:02B8:0364:00BF|218:4040:02A8:0356:00C4|219:4040:02B8:0363:00AF
round4_castle,0xDC,2836,0x0002,0x0003,0x0000,0x01,0x0056,0x0000,0x0001,actor_2c8,8,0x10C4C8,0x01,0x94,0x01,0x00,0x01,0x00,0x00,0x00EC,0x02D0,0x033E,0x01,0x42,0x03,220,19,220:4042:02A0:0334:00E9|221:4042:02B0:0335:00E9|222:4042:02D8:0345:00E9|223:4042:02C8:0343:00E9|224:4042:02B8:0365:00E9|225:4042:02D8:0344:00D9|226:4042:02C8:0342:00D9|227:4042:02B8:0364:00D9|228:4042:02A8:0356:00DE|229:4042:02B8:0363:00C9
round4_castle,0xDC,2838,0x0002,0x0003,0x0000,0x01,0x0056,0x0000,0x0001,actor_2c8,5,0x10C408,0x01,0x94,0x00,0x00,0x02,0x00,0x00,0x010E,0x02D0,0x033E,0x00,0x40,0x00,190,10,190:4040:02A0:026B:010D|191:4040:02B0:026C:010D|192:4040:02D8:0345:010D|193:4040:02C8:0343:010D|194:4040:02B8:0365:010D|195:4040:02D8:0344:00FD|196:4040:02C8:0342:00FD|197:4040:02B8:0364:00FD|198:4040:02A8:0356:0102|199:4040:02B8:0363:00ED
round4_castle,0xDC,2840,0x0002,0x0003,0x0000,0x01,0x0056,0x0000,0x0001,actor_2c8,5,0x10C408,0x01,0x94,0x00,0x00,0x02,0x00,0x00,0x010C,0x02D0,0x033E,0x00,0x40,0x00,190,10,190:4040:02A0:026B:010B|191:4040:02B0:026C:010B|192:4040:02D8:0345:010B|193:4040:02C8:0343:010B|194:4040:02B8:0365:010B|195:4040:02D8:0344:00FB|196:4040:02C8:0342:00FB|197:4040:02B8:0364:00FB|198:4040:02A8:0356:0100|199:4040:02B8:0363:00EB
round4_castle,0xDC,2840,0x0002,0x0003,0x0000,0x01,0x0056,0x0000,0x0001,actor_2c8,7,0x10C488,0x01,0x94,0x00,0x00,0x02,0x00,0x00,0x00CC,0x02D0,0x033E,0x00,0x40,0x04,210,10,210:4040:02A0:03A2:00CD|211:4040:02B0:03A3:00CD|212:4040:02D8:0345:00CD|213:4040:02C8:0343:00CD|214:4040:02B8:0365:00CD|215:4040:02D8:0344:00BD|216:4040:02C8:0342:00BD|217:4040:02B8:0364:00BD|218:4040:02A8:0356:00C2|219:4040:02B8:0363:00AD
round4_castle,0xDC,2842,0x0002,0x0003,0x0000,0x01,0x0056,0x0000,0x0001,actor_2c8,5,0x10C408,0x01,0x94,0x00,0x00,0x02,0x00,0x00,0x010A,0x02D0,0x033E,0x00,0x40,0x00,190,10,190:4040:02A0:026B:0109|191:4040:02B0:026C:0109|192:4040:02D8:0345:0109|193:4040:02C8:0343:0109|194:4040:02B8:0365:0109|195:4040:02D8:0344:00F9|196:4040:02C8:0342:00F9|197:4040:02B8:0364:00F9|198:4040:02A8:0356:00FE|199:4040:02B8:0363:00E9
round4_castle,0xDC,2842,0x0002,0x0003,0x0000,0x01,0x0056,0x0000,0x0001,actor_2c8,7,0x10C488,0x01,0x94,0x00,0x00,0x02,0x00,0x00,0x00CA,0x02D0,0x033E,0x00,0x40,0x04,210,10,210:4040:02A0:03A2:00CB|211:4040:02B0:03A3:00CB|212:4040:02D8:0345:00CB|213:4040:02C8:0343:00CB|214:4040:02B8:0365:00CB|215:4040:02D8:0344:00BB|216:4040:02C8:0342:00BB|217:4040:02B8:0364:00BB|218:4040:02A8:0356:00C0|219:4040:02B8:0363:00AB
round4_castle,0xDC,2842,0x0002,0x0003,0x0000,0x01,0x0056,0x0000,0x0001,actor_2c8,8,0x10C4C8,0x01,0x94,0x01,0x00,0x01,0x00,0x00,0x00F0,0x02D0,0x033E,0x00,0x42,0x03,220,19,220:0042:02A0:0334:00E0|221:0042:02B0:0335:00E0|222:0042:02D8:0345:00E0|223:0042:02C8:0343:00E0|224:0042:02B8:0365:00E0|225:0042:02D8:0344:00F0|226:0042:02C8:0342:00F0|227:0042:02B8:0364:00F0|228:0042:02A8:0356:00EB|229:0042:02B8:0363:0100
round4_castle,0xDC,2844,0x0002,0x0003,0x0000,0x01,0x0056,0x0000,0x0001,actor_2c8,5,0x10C408,0x01,0x93,0x00,0x00,0x02,0x00,0x00,0x0108,0x02D0,0x033E,0x00,0x40,0x00,190,10,190:4040:02A0:026B:0107|191:4040:02B0:026C:0107|192:4040:02D8:0341:0107|193:4040:02C8:033F:0107|194:4040:02B8:0365:0107|195:4040:02D8:0340:00F7|196:4040:02C8:033E:00F7|197:4040:02B8:0364:00F7|198:4040:02A8:0356:00FC|199:4040:02B8:0363:00E7
round4_castle,0xDC,2844,0x0002,0x0003,0x0000,0x01,0x0056,0x0000,0x0001,actor_2c8,7,0x10C488,0x01,0x93,0x00,0x00,0x02,0x00,0x00,0x00C8,0x02D0,0x033E,0x00,0x40,0x04,210,10,210:4040:02A0:03A2:00C9|211:4040:02B0:03A3:00C9|212:4040:02D8:0341:00C9|213:4040:02C8:033F:00C9|214:4040:02B8:0365:00C9|215:4040:02D8:0340:00B9|216:4040:02C8:033E:00B9|217:4040:02B8:0364:00B9|218:4040:02A8:0356:00BE|219:4040:02B8:0363:00A9
round4_castle,0xDC,2844,0x0002,0x0003,0x0000,0x01,0x0056,0x0000,0x0001,actor_2c8,8,0x10C4C8,0x01,0x93,0x01,0x00,0x01,0x00,0x00,0x00F2,0x02D0,0x033E,0x00,0x42,0x03,220,19,220:0042:02A0:0334:00E2|221:0042:02B0:0335:00E2|222:0042:02D8:0341:00E2|223:0042:02C8:033F:00E2|224:0042:02B8:0365:00E2|225:0042:02D8:0340:00F2|226:0042:02C8:033E:00F2|227:0042:02B8:0364:00F2|228:0042:02A8:0356:00ED|229:0042:02B8:0363:0102
round4_castle,0xDC,2846,0x0002,0x0003,0x0000,0x01,0x0056,0x0000,0x0001,actor_2c8,7,0x10C488,0x01,0x93,0x00,0x00,0x01,0x00,0x00,0x00C8,0x02D0,0x033E,0x00,0x40,0x04,210,10,210:4040:02A0:03A2:00C7|211:4040:02B0:03A3:00C7|212:4040:02D8:0341:00C7|213:4040:02C8:033F:00C7|214:4040:02B8:0365:00C7|215:4040:02D8:0340:00B7|216:4040:02C8:033E:00B7|217:4040:02B8:0364:00B7|218:4040:02A8:0356:00BC|219:4040:02B8:0363:00A7
round4_castle,0xDC,2846,0x0002,0x0003,0x0000,0x01,0x0056,0x0000,0x0001,actor_2c8,8,0x10C4C8,0x01,0x93,0x01,0x00,0x01,0x00,0x00,0x00F4,0x02D0,0x033E,0x00,0x42,0x03,220,19,220:0042:02A0:0334:00E4|221:0042:02B0:0335:00E4|222:0042:02D8:0341:00E4|223:0042:02C8:033F:00E4|224:0042:02B8:0365:00E4|225:0042:02D8:0340:00F4|226:0042:02C8:033E:00F4|227:0042:02B8:0364:00F4|228:0042:02A8:0356:00EF|229:0042:02B8:0363:0104
round4_castle,0xDC,2848,0x0002,0x0003,0x0000,0x01,0x0056,0x0000,0x0001,actor_2c8,5,0x10C408,0x01,0x93,0x00,0x00,0x02,0x00,0x00,0x0104,0x02D0,0x033E,0x00,0x40,0x00,190,10,190:4040:02A0:026B:0105|191:4040:02B0:026C:0105|192:4040:02D8:0341:0105|193:4040:02C8:033F:0105|194:4040:02B8:0365:0105|195:4040:02D8:0340:00F5|196:4040:02C8:033E:00F5|197:4040:02B8:0364:00F5|198:4040:02A8:0356:00FA|199:4040:02B8:0363:00E5
round4_castle,0xDC,2848,0x0002,0x0003,0x0000,0x01,0x0056,0x0000,0x0001,actor_2c8,8,0x10C4C8,0x01,0x93,0x01,0x00,0x01,0x00,0x00,0x00F6,0x02D0,0x033E,0x00,0x42,0x03,220,19,220:0042:02A0:0334:00E6|221:0042:02B0:0335:00E6|222:0042:02D8:0341:00E6|223:0042:02C8:033F:00E6|224:0042:02B8:0365:00E6|225:0042:02D8:0340:00F6|226:0042:02C8:033E:00F6|227:0042:02B8:0364:00F6|228:0042:02A8:0356:00F1|229:0042:02B8:0363:0106
round4_castle,0xDC,2850,0x0002,0x0003,0x0000,0x01,0x0056,0x0000,0x0001,actor_2c8,5,0x10C408,0x01,0x93,0x00,0x00,0x02,0x00,0x00,0x0102,0x02D0,0x033E,0x00,0x40,0x00,190,10,190:4040:02A0:026B:0103|191:4040:02B0:026C:0103|192:4040:02D8:0341:0103|193:4040:02C8:033F:0103|194:4040:02B8:0365:0103|195:4040:02D8:0340:00F3|196:4040:02C8:033E:00F3|197:4040:02B8:0364:00F3|198:4040:02A8:0356:00F8|199:4040:02B8:0363:00E3
round4_castle,0xDC,2850,0x0002,0x0003,0x0000,0x01,0x0056,0x0000,0x0001,actor_2c8,7,0x10C488,0x01,0x93,0x01,0x00,0x01,0x00,0x00,0x00D0,0x02D0,0x033E,0x01,0x40,0x04,210,10,210:4040:02A0:03A2:00CD|211:4040:02B0:03A3:00CD|212:4040:02D8:0341:00CD|213:4040:02C8:033F:00CD|214:4040:02B8:0365:00CD|215:4040:02D8:0340:00BD|216:4040:02C8:033E:00BD|217:4040:02B8:0364:00BD|218:4040:02A8:0356:00C2|219:4040:02B8:0363:00AD
round4_castle,0xDC,2850,0x0002,0x0003,0x0000,0x01,0x0056,0x0000,0x0001,actor_2c8,8,0x10C4C8,0x01,0x93,0x01,0x00,0x01,0x00,0x00,0x00F8,0x02D0,0x033E,0x00,0x42,0x03,220,19,220:0042:02A0:0334:00E8|221:0042:02B0:0335:00E8|222:0042:02D8:0341:00E8|223:0042:02C8:033F:00E8|224:0042:02B8:0365:00E8|225:0042:02D8:0340:00F8|226:0042:02C8:033E:00F8|227:0042:02B8:0364:00F8|228:0042:02A8:0356:00F3|229:0042:02B8:0363:0108
round4_castle,0xDC,2852,0x0002,0x0003,0x0000,0x01,0x0056,0x0000,0x0001,actor_2c8,5,0x10C408,0x01,0x94,0x00,0x00,0x02,0x00,0x00,0x0100,0x02D0,0x033E,0x00,0x40,0x00,190,10,190:4040:02A0:026B:0101|191:4040:02B0:026C:0101|192:4040:02D8:0345:0101|193:4040:02C8:0343:0101|194:4040:02B8:0365:0101|195:4040:02D8:0344:00F1|196:4040:02C8:0342:00F1|197:4040:02B8:0364:00F1|198:4040:02A8:0356:00F6|199:4040:02B8:0363:00E1
round4_castle,0xDC,2852,0x0002,0x0003,0x0000,0x01,0x0056,0x0000,0x0001,actor_2c8,8,0x10C4C8,0x01,0x94,0x00,0x00,0x02,0x00,0x00,0x00F6,0x02D0,0x033E,0x00,0x42,0x03,220,19,220:0042:02A0:0334:00E8|221:0042:02B0:0335:00E8|222:0042:02D8:0345:00E8|223:0042:02C8:0343:00E8|224:0042:02B8:0365:00E8|225:0042:02D8:0344:00F8|226:0042:02C8:0342:00F8|227:0042:02B8:0364:00F8|228:0042:02A8:0356:00F3|229:0042:02B8:0363:0108
round4_castle,0xDC,2854,0x0002,0x0003,0x0000,0x01,0x0056,0x0000,0x0001,actor_2c8,5,0x10C408,0x01,0x94,0x00,0x00,0x02,0x00,0x00,0x0100,0x02D0,0x033E,0x00,0x40,0x00,190,10,190:4040:02A0:026B:00FF|191:4040:02B0:026C:00FF|192:4040:02D8:0345:00FF|193:4040:02C8:0343:00FF|194:4040:02B8:0365:00FF|195:4040:02D8:0344:00EF|196:4040:02C8:0342:00EF|197:4040:02B8:0364:00EF|198:4040:02A8:0356:00F4|199:4040:02B8:0363:00DF
round4_castle,0xDC,2854,0x0002,0x0003,0x0000,0x01,0x0056,0x0000,0x0001,actor_2c8,7,0x10C488,0x01,0x94,0x01,0x00,0x01,0x00,0x00,0x00D6,0x02D0,0x033E,0x01,0x40,0x04,210,10,210:4040:02A0:03A2:00D3|211:4040:02B0:03A3:00D3|212:4040:02D8:0345:00D3|213:4040:02C8:0343:00D3|214:4040:02B8:0365:00D3|215:4040:02D8:0344:00C3|216:4040:02C8:0342:00C3|217:4040:02B8:0364:00C3|218:4040:02A8:0356:00C8|219:4040:02B8:0363:00B3
round4_castle,0xDC,2854,0x0002,0x0003,0x0000,0x01,0x0056,0x0000,0x0001,actor_2c8,8,0x10C4C8,0x01,0x94,0x00,0x00,0x02,0x00,0x00,0x00F4,0x02D0,0x033E,0x00,0x42,0x03,220,19,220:4042:02A0:0334:00F5|221:4042:02B0:0335:00F5|222:4042:02D8:0345:00F5|223:4042:02C8:0343:00F5|224:4042:02B8:0365:00F5|225:4042:02D8:0344:00E5|226:4042:02C8:0342:00E5|227:4042:02B8:0364:00E5|228:4042:02A8:0356:00EA|229:4042:02B8:0363:00D5
round4_castle,0xDC,2856,0x0002,0x0003,0x0000,0x01,0x0056,0x0000,0x0001,actor_2c8,5,0x10C408,0x01,0x94,0x00,0x00,0x02,0x00,0x00,0x00FE,0x02D0,0x033E,0x00,0x40,0x00,190,10,190:4040:02A0:026B:00FD|191:4040:02B0:026C:00FD|192:4040:02D8:0345:00FD|193:4040:02C8:0343:00FD|194:4040:02B8:0365:00FD|195:4040:02D8:0344:00ED|196:4040:02C8:0342:00ED|197:4040:02B8:0364:00ED|198:4040:02A8:0356:00F2|199:4040:02B8:0363:00DD
round4_castle,0xDC,2856,0x0002,0x0003,0x0000,0x01,0x0056,0x0000,0x0001,actor_2c8,7,0x10C488,0x01,0x94,0x01,0x00,0x01,0x00,0x00,0x00D8,0x02D0,0x033E,0x01,0x40,0x04,210,10,210:4040:02A0:03A2:00D7|211:4040:02B0:03A3:00D7|212:4040:02D8:0345:00D7|213:4040:02C8:0343:00D7|214:4040:02B8:0365:00D7|215:4040:02D8:0344:00C7|216:4040:02C8:0342:00C7|217:4040:02B8:0364:00C7|218:4040:02A8:0356:00CC|219:4040:02B8:0363:00B7
round4_castle,0xDC,2856,0x0002,0x0003,0x0000,0x01,0x0056,0x0000,0x0001,actor_2c8,8,0x10C4C8,0x01,0x94,0x00,0x00,0x02,0x00,0x00,0x00F2,0x02D0,0x033E,0x00,0x42,0x03,220,19,220:4042:02A0:0334:00F3|221:4042:02B0:0335:00F3|222:4042:02D8:0345:00F3|223:4042:02C8:0343:00F3|224:4042:02B8:0365:00F3|225:4042:02D8:0344:00E3|226:4042:02C8:0342:00E3|227:4042:02B8:0364:00E3|228:4042:02A8:0356:00E8|229:4042:02B8:0363:00D3
round4_castle,0xDC,2858,0x0002,0x0003,0x0000,0x01,0x0056,0x0000,0x0001,actor_2c8,5,0x10C408,0x01,0x94,0x00,0x00,0x02,0x00,0x00,0x00FC,0x02D0,0x033E,0x00,0x40,0x00,190,10,190:4040:02A0:026B:00FB|191:4040:02B0:026C:00FB|192:4040:02D8:0345:00FB|193:4040:02C8:0343:00FB|194:4040:02B8:0365:00FB|195:4040:02D8:0344:00EB|196:4040:02C8:0342:00EB|197:4040:02B8:0364:00EB|198:4040:02A8:0356:00F0|199:4040:02B8:0363:00DB
round4_castle,0xDC,2858,0x0002,0x0003,0x0000,0x01,0x0056,0x0000,0x0001,actor_2c8,8,0x10C4C8,0x01,0x94,0x00,0x00,0x02,0x00,0x00,0x00F0,0x02D0,0x033E,0x00,0x42,0x03,220,19,220:4042:02A0:0334:00F1|221:4042:02B0:0335:00F1|222:4042:02D8:0345:00F1|223:4042:02C8:0343:00F1|224:4042:02B8:0365:00F1|225:4042:02D8:0344:00E1|226:4042:02C8:0342:00E1|227:4042:02B8:0364:00E1|228:4042:02A8:0356:00E6|229:4042:02B8:0363:00D1
round4_castle,0xDC,2860,0x0002,0x0003,0x0000,0x01,0x0056,0x0000,0x0001,actor_2c8,5,0x10C408,0x01,0x95,0x00,0x00,0x02,0x00,0x00,0x00FA,0x02D0,0x033E,0x00,0x40,0x00,190,10,190:4040:02A0:026B:00F9|191:4040:02B0:026C:00F9|192:4040:02D8:0349:00F9|193:4040:02C8:0347:00F9|194:4040:02B8:0365:00F9|195:4040:02D8:0348:00E9|196:4040:02C8:0346:00E9|197:4040:02B8:0364:00E9|198:4040:02A8:0356:00EE|199:4040:02B8:0363:00D9
round4_castle,0xDC,2860,0x0002,0x0003,0x0000,0x01,0x0056,0x0000,0x0001,actor_2c8,7,0x10C488,0x01,0x95,0x01,0x00,0x01,0x00,0x00,0x00E0,0x02D0,0x033E,0x01,0x40,0x04,210,10,210:4040:02A0:03A2:00DD|211:4040:02B0:03A3:00DD|212:4040:02D8:0349:00DD|213:4040:02C8:0347:00DD|214:4040:02B8:0365:00DD|215:4040:02D8:0348:00CD|216:4040:02C8:0346:00CD|217:4040:02B8:0364:00CD|218:4040:02A8:0356:00D2|219:4040:02B8:0363:00BD
round4_castle,0xDC,2860,0x0002,0x0003,0x0000,0x01,0x0056,0x0000,0x0001,actor_2c8,8,0x10C4C8,0x01,0x95,0x00,0x00,0x02,0x00,0x00,0x00F0,0x02D0,0x033E,0x00,0x42,0x03,220,19,220:4042:02A0:0334:00EF|221:4042:02B0:0335:00EF|222:4042:02D8:0349:00EF|223:4042:02C8:0347:00EF|224:4042:02B8:0365:00EF|225:4042:02D8:0348:00DF|226:4042:02C8:0346:00DF|227:4042:02B8:0364:00DF|228:4042:02A8:0356:00E4|229:4042:02B8:0363:00CF
round4_castle,0xDC,2862,0x0002,0x0003,0x0000,0x01,0x0056,0x0000,0x0001,actor_2c8,5,0x10C408,0x01,0x95,0x00,0x00,0x02,0x00,0x00,0x00F8,0x02D0,0x033E,0x00,0x40,0x00,190,10,190:4040:02A0:026B:00F7|191:4040:02B0:026C:00F7|192:4040:02D8:0349:00F7|193:4040:02C8:0347:00F7|194:4040:02B8:0365:00F7|195:4040:02D8:0348:00E7|196:4040:02C8:0346:00E7|197:4040:02B8:0364:00E7|198:4040:02A8:0356:00EC|199:4040:02B8:0363:00D7
round4_castle,0xDC,2862,0x0002,0x0003,0x0000,0x01,0x0056,0x0000,0x0001,actor_2c8,7,0x10C488,0x01,0x95,0x01,0x00,0x01,0x00,0x00,0x00E2,0x02D0,0x033E,0x01,0x40,0x04,210,10,210:4040:02A0:03A2:00DF|211:4040:02B0:03A3:00DF|212:4040:02D8:0349:00DF|213:4040:02C8:0347:00DF|214:4040:02B8:0365:00DF|215:4040:02D8:0348:00CF|216:4040:02C8:0346:00CF|217:4040:02B8:0364:00CF|218:4040:02A8:0356:00D4|219:4040:02B8:0363:00BF
round4_castle,0xDC,2862,0x0002,0x0003,0x0000,0x01,0x0056,0x0000,0x0001,actor_2c8,8,0x10C4C8,0x01,0x95,0x00,0x00,0x02,0x00,0x00,0x00EE,0x02D0,0x033E,0x00,0x42,0x03,220,19,220:4042:02A0:0334:00ED|221:4042:02B0:0335:00ED|222:4042:02D8:0349:00ED|223:4042:02C8:0347:00ED|224:4042:02B8:0365:00ED|225:4042:02D8:0348:00DD|226:4042:02C8:0346:00DD|227:4042:02B8:0364:00DD|228:4042:02A8:0356:00E2|229:4042:02B8:0363:00CD
round4_castle,0xDC,2864,0x0002,0x0003,0x0000,0x01,0x0056,0x0000,0x0001,actor_2c8,7,0x10C488,0x01,0x95,0x01,0x00,0x01,0x00,0x00,0x00E6,0x02D0,0x033E,0x01,0x40,0x04,210,10,210:4040:02A0:03A2:00E3|211:4040:02B0:03A3:00E3|212:4040:02D8:0349:00E3|213:4040:02C8:0347:00E3|214:4040:02B8:0365:00E3|215:4040:02D8:0348:00D3|216:4040:02C8:0346:00D3|217:4040:02B8:0364:00D3|218:4040:02A8:0356:00D8|219:4040:02B8:0363:00C3
round4_castle,0xDC,2864,0x0002,0x0003,0x0000,0x01,0x0056,0x0000,0x0001,actor_2c8,8,0x10C4C8,0x01,0x95,0x00,0x00,0x02,0x00,0x00,0x00EC,0x02D0,0x033E,0x00,0x42,0x03,220,19,220:4042:02A0:0334:00EB|221:4042:02B0:0335:00EB|222:4042:02D8:0349:00EB|223:4042:02C8:0347:00EB|224:4042:02B8:0365:00EB|225:4042:02D8:0348:00DB|226:4042:02C8:0346:00DB|227:4042:02B8:0364:00DB|228:4042:02A8:0356:00E0|229:4042:02B8:0363:00CB
round4_castle,0xDC,2866,0x0002,0x0003,0x0000,0x01,0x0056,0x0000,0x0001,actor_2c8,5,0x10C408,0x01,0x95,0x00,0x00,0x02,0x00,0x00,0x00F4,0x02D0,0x033E,0x00,0x40,0x00,190,10,190:4040:02A0:026B:00F5|191:4040:02B0:026C:00F5|192:4040:02D8:0349:00F5|193:4040:02C8:0347:00F5|194:4040:02B8:0365:00F5|195:4040:02D8:0348:00E5|196:4040:02C8:0346:00E5|197:4040:02B8:0364:00E5|198:4040:02A8:0356:00EA|199:4040:02B8:0363:00D5
round4_castle,0xDC,2866,0x0002,0x0003,0x0000,0x01,0x0056,0x0000,0x0001,actor_2c8,8,0x10C4C8,0x01,0x95,0x00,0x00,0x02,0x00,0x00,0x00EA,0x02D0,0x033E,0x00,0x42,0x03,220,19,220:4042:02A0:0334:00E9|221:4042:02B0:0335:00E9|222:4042:02D8:0349:00E9|223:4042:02C8:0347:00E9|224:4042:02B8:0365:00E9|225:4042:02D8:0348:00D9|226:4042:02C8:0346:00D9|227:4042:02B8:0364:00D9|228:4042:02A8:0356:00DE|229:4042:02B8:0363:00C9
round4_castle,0xDC,2868,0x0002,0x0003,0x0000,0x01,0x0056,0x0000,0x0001,actor_2c8,5,0x10C408,0x01,0x94,0x00,0x00,0x02,0x00,0x00,0x00F2,0x02D0,0x033E,0x00,0x40,0x00,190,10,190:4040:02A0:026B:00F3|191:4040:02B0:026C:00F3|192:4040:02D8:0345:00F3|193:4040:02C8:0343:00F3|194:4040:02B8:0365:00F3|195:4040:02D8:0344:00E3|196:4040:02C8:0342:00E3|197:4040:02B8:0364:00E3|198:4040:02A8:0356:00E8|199:4040:02B8:0363:00D3
round4_castle,0xDC,2868,0x0002,0x0003,0x0000,0x01,0x0056,0x0000,0x0001,actor_2c8,7,0x10C488,0x01,0x94,0x01,0x00,0x01,0x00,0x00,0x00EC,0x02D0,0x033E,0x01,0x40,0x04,210,10,210:4040:02A0:03A2:00E9|211:4040:02B0:03A3:00E9|212:4040:02D8:0345:00E9|213:4040:02C8:0343:00E9|214:4040:02B8:0365:00E9|215:4040:02D8:0344:00D9|216:4040:02C8:0342:00D9|217:4040:02B8:0364:00D9|218:4040:02A8:0356:00DE|219:4040:02B8:0363:00C9
round4_castle,0xDC,2868,0x0002,0x0003,0x0000,0x01,0x0056,0x0000,0x0001,actor_2c8,8,0x10C4C8,0x01,0x94,0x00,0x00,0x02,0x00,0x00,0x00E8,0x02D0,0x033E,0x00,0x42,0x03,220,19,220:4042:02A0:0334:00E7|221:4042:02B0:0335:00E7|222:4042:02D8:0345:00E7|223:4042:02C8:0343:00E7|224:4042:02B8:0365:00E7|225:4042:02D8:0344:00D7|226:4042:02C8:0342:00D7|227:4042:02B8:0364:00D7|228:4042:02A8:0356:00DC|229:4042:02B8:0363:00C7
round4_castle,0xDC,2870,0x0002,0x0003,0x0000,0x01,0x0056,0x0000,0x0001,actor_2c8,5,0x10C408,0x01,0x94,0x00,0x00,0x02,0x00,0x00,0x00F0,0x02D0,0x033E,0x00,0x40,0x00,190,10,190:4040:02A0:026B:00F1|191:4040:02B0:026C:00F1|192:4040:02D8:0345:00F1|193:4040:02C8:0343:00F1|194:4040:02B8:0365:00F1|195:4040:02D8:0344:00E1|196:4040:02C8:0342:00E1|197:4040:02B8:0364:00E1|198:4040:02A8:0356:00E6|199:4040:02B8:0363:00D1
round4_castle,0xDC,2872,0x0002,0x0003,0x0000,0x01,0x0056,0x0000,0x0001,actor_2c8,5,0x10C408,0x01,0x94,0x00,0x00,0x02,0x00,0x00,0x00F0,0x02D0,0x033E,0x00,0x40,0x00,190,10,190:4040:02A0:026B:00EF|191:4040:02B0:026C:00EF|192:4040:02D8:0345:00EF|193:4040:02C8:0343:00EF|194:4040:02B8:0365:00EF|195:4040:02D8:0344:00DF|196:4040:02C8:0342:00DF|197:4040:02B8:0364:00DF|198:4040:02A8:0356:00E4|199:4040:02B8:0363:00CF
round4_castle,0xDC,2872,0x0002,0x0003,0x0000,0x01,0x0056,0x0000,0x0001,actor_2c8,8,0x10C4C8,0x01,0x94,0x00,0x00,0x02,0x00,0x00,0x00E4,0x02D0,0x033E,0x00,0x42,0x03,220,19,220:4042:02A0:0334:00E5|221:4042:02B0:0335:00E5|222:4042:02D8:0345:00E5|223:4042:02C8:0343:00E5|224:4042:02B8:0365:00E5|225:4042:02D8:0344:00D5|226:4042:02C8:0342:00D5|227:4042:02B8:0364:00D5|228:4042:02A8:0356:00DA|229:4042:02B8:0363:00C5
round4_castle,0xDC,2874,0x0002,0x0003,0x0000,0x01,0x0056,0x0000,0x0001,actor_2c8,5,0x10C408,0x01,0x94,0x00,0x00,0x02,0x00,0x00,0x00EE,0x02D0,0x033E,0x00,0x40,0x00,190,10,190:4040:02A0:026B:00ED|191:4040:02B0:026C:00ED|192:4040:02D8:0345:00ED|193:4040:02C8:0343:00ED|194:4040:02B8:0365:00ED|195:4040:02D8:0344:00DD|196:4040:02C8:0342:00DD|197:4040:02B8:0364:00DD|198:4040:02A8:0356:00E2|199:4040:02B8:0363:00CD
round4_castle,0xDC,2874,0x0002,0x0003,0x0000,0x01,0x0056,0x0000,0x0001,actor_2c8,8,0x10C4C8,0x01,0x94,0x00,0x00,0x02,0x00,0x00,0x00E2,0x02D0,0x033E,0x00,0x42,0x03,220,19,220:4042:02A0:0334:00E3|221:4042:02B0:0335:00E3|222:4042:02D8:0345:00E3|223:4042:02C8:0343:00E3|224:4042:02B8:0365:00E3|225:4042:02D8:0344:00D3|226:4042:02C8:0342:00D3|227:4042:02B8:0364:00D3|228:4042:02A8:0356:00D8|229:4042:02B8:0363:00C3
round4_castle,0xDC,2876,0x0002,0x0003,0x0000,0x01,0x0056,0x0000,0x0001,actor_2c8,5,0x10C408,0x01,0x93,0x00,0x00,0x02,0x00,0x00,0x00EB,0x02D0,0x033E,0x00,0x40,0x00,190,10,190:4040:02A0:026B:00EB|191:4040:02B0:026C:00EB|192:4040:02D8:0341:00EB|193:4040:02C8:033F:00EB|194:4040:02B8:0365:00EB|195:4040:02D8:0340:00DB|196:4040:02C8:033E:00DB|197:4040:02B8:0364:00DB|198:4040:02A8:0356:00E0|199:4040:02B8:0363:00CB
round4_castle,0xDC,2876,0x0002,0x0003,0x0000,0x01,0x0056,0x0000,0x0001,actor_2c8,6,0x10C448,0x01,0x93,0x00,0x00,0x02,0x00,0x00,0x00E5,0x02D0,0x033E,0x00,0x40,0x03,200,10,200:4040:02A0:0334:00E7|201:4040:02B0:0335:00E7|202:4040:02D8:0349:00E7|203:4040:02C8:0347:00E7|204:4040:02B8:0365:00E7|205:4040:02D8:0348:00D7|206:4040:02C8:0346:00D7|207:4040:02B8:0364:00D7|208:4040:02A8:0356:00DC|209:4040:02B8:0363:00C7
round4_castle,0xDC,2876,0x0002,0x0003,0x0000,0x01,0x0056,0x0000,0x0001,actor_2c8,8,0x10C4C8,0x01,0x93,0x00,0x00,0x02,0x00,0x00,0x00DF,0x02D0,0x033E,0x00,0x42,0x03,220,19,220:4042:02A0:0334:00E1|221:4042:02B0:0335:00E1|222:4042:02D8:0341:00E1|223:4042:02C8:033F:00E1|224:4042:02B8:0365:00E1|225:4042:02D8:0340:00D1|226:4042:02C8:033E:00D1|227:4042:02B8:0364:00D1|228:4042:02A8:0356:00D6|229:4042:02B8:0363:00C1
round4_castle,0xDC,2878,0x0002,0x0003,0x0000,0x01,0x0056,0x0000,0x0001,actor_2c8,5,0x10C408,0x01,0x93,0x00,0x00,0x02,0x00,0x00,0x00E5,0x02D0,0x033E,0x00,0x40,0x00,190,10,190:4040:02A0:026B:00E6|191:4040:02B0:026C:00E6|192:4040:02D8:0341:00E6|193:4040:02C8:033F:00E6|194:4040:02B8:0365:00E6|195:4040:02D8:0340:00D6|196:4040:02C8:033E:00D6|197:4040:02B8:0364:00D6|198:4040:02A8:0356:00DB|199:4040:02B8:0363:00C6
round4_castle,0xDC,2878,0x0002,0x0003,0x0000,0x01,0x0056,0x0000,0x0001,actor_2c8,6,0x10C448,0x01,0x93,0x00,0x00,0x02,0x00,0x00,0x00DF,0x02D0,0x033E,0x00,0x40,0x03,200,10,200:4040:02A0:0334:00E2|201:4040:02B0:0335:00E2|202:4040:02D8:0341:00E2|203:4040:02C8:033F:00E2|204:4040:02B8:0365:00E2|205:4040:02D8:0340:00D2|206:4040:02C8:033E:00D2|207:4040:02B8:0364:00D2|208:4040:02A8:0356:00D7|209:4040:02B8:0363:00C2
round4_castle,0xDC,2878,0x0002,0x0003,0x0000,0x01,0x0056,0x0000,0x0001,actor_2c8,7,0x10C488,0x01,0x93,0x01,0x00,0x01,0x00,0x00,0x00F3,0x02D0,0x033E,0x01,0x40,0x04,210,10,210:4040:02A0:03A2:00F2|211:4040:02B0:03A3:00F2|212:4040:02D8:0341:00F2|213:4040:02C8:033F:00F2|214:4040:02B8:0365:00F2|215:4040:02D8:0340:00E2|216:4040:02C8:033E:00E2|217:4040:02B8:0364:00E2|218:4040:02A8:0356:00E7|219:4040:02B8:0363:00D2
round4_castle,0xDC,2878,0x0002,0x0003,0x0000,0x01,0x0056,0x0000,0x0001,actor_2c8,8,0x10C4C8,0x01,0x93,0x00,0x00,0x02,0x00,0x00,0x00DB,0x02D0,0x033E,0x00,0x42,0x03,220,19,220:4042:02A0:0334:00DC|221:4042:02B0:0335:00DC|222:4042:02D8:0341:00DC|223:4042:02C8:033F:00DC|224:4042:02B8:0365:00DC|225:4042:02D8:0340:00CC|226:4042:02C8:033E:00CC|227:4042:02B8:0364:00CC|228:4042:02A8:0356:00D1|229:4042:02B8:0363:00BC
round4_castle,0xDC,2880,0x0002,0x0003,0x0000,0x01,0x0056,0x0000,0x0001,actor_2c8,5,0x10C408,0x01,0x93,0x00,0x00,0x02,0x00,0x00,0x00DF,0x02D0,0x033E,0x00,0x40,0x00,190,10,190:4040:02A0:026B:00E0|191:4040:02B0:026C:00E0|192:4040:02D8:0341:00E0|193:4040:02C8:033F:00E0|194:4040:02B8:0365:00E0|195:4040:02D8:0340:00D0|196:4040:02C8:033E:00D0|197:4040:02B8:0364:00D0|198:4040:02A8:0356:00D5|199:4040:02B8:0363:00C0
round4_castle,0xDC,2880,0x0002,0x0003,0x0000,0x01,0x0056,0x0000,0x0001,actor_2c8,6,0x10C448,0x01,0x93,0x00,0x00,0x02,0x00,0x00,0x00D9,0x02D0,0x033E,0x00,0x40,0x03,200,10,200:4040:02A0:0334:00DC|201:4040:02B0:0335:00DC|202:4040:02D8:0341:00DC|203:4040:02C8:033F:00DC|204:4040:02B8:0365:00DC|205:4040:02D8:0340:00CC|206:4040:02C8:033E:00CC|207:4040:02B8:0364:00CC|208:4040:02A8:0356:00D1|209:4040:02B8:0363:00BC
round4_castle,0xDC,2880,0x0002,0x0003,0x0000,0x01,0x0056,0x0000,0x0001,actor_2c8,7,0x10C488,0x01,0x93,0x01,0x00,0x01,0x00,0x00,0x00EF,0x02D0,0x033E,0x01,0x40,0x04,210,10,210:4040:02A0:03A2:00F0|211:4040:02B0:03A3:00F0|212:4040:02D8:0341:00F0|213:4040:02C8:033F:00F0|214:4040:02B8:0365:00F0|215:4040:02D8:0340:00E0|216:4040:02C8:033E:00E0|217:4040:02B8:0364:00E0|218:4040:02A8:0356:00E5|219:4040:02B8:0363:00D0
round4_castle,0xDC,2880,0x0002,0x0003,0x0000,0x01,0x0056,0x0000,0x0001,actor_2c8,8,0x10C4C8,0x01,0x93,0x00,0x00,0x1F,0x00,0x00,0x00D7,0x02D0,0x033E,0x00,0x42,0x03,220,19,220:4042:02A0:0334:00D8|221:4042:02B0:0335:00D8|222:4042:02D8:0341:00D8|223:4042:02C8:033F:00D8|224:4042:02B8:0365:00D8|225:4042:02D8:0340:00C8|226:4042:02C8:033E:00C8|227:4042:02B8:0364:00C8|228:4042:02A8:0356:00CD|229:4042:02B8:0363:00B8
round4_castle,0xDC,2882,0x0002,0x0003,0x0000,0x01,0x0056,0x0000,0x0001,actor_2c8,5,0x10C408,0x01,0x93,0x00,0x00,0x1F,0x00,0x00,0x00DB,0x02D0,0x033E,0x00,0x40,0x00,190,10,190:4040:02A0:026B:00DC|191:4040:02B0:026C:00DC|192:4040:02D8:0341:00DC|193:4040:02C8:033F:00DC|194:4040:02B8:0365:00DC|195:4040:02D8:0340:00CC|196:4040:02C8:033E:00CC|197:4040:02B8:0364:00CC|198:4040:02A8:0356:00D1|199:4040:02B8:0363:00BC
round4_castle,0xDC,2882,0x0002,0x0003,0x0000,0x01,0x0056,0x0000,0x0001,actor_2c8,6,0x10C448,0x01,0x93,0x00,0x00,0x02,0x00,0x00,0x00D3,0x02D0,0x033E,0x00,0x40,0x03,200,10,200:4040:02A0:0334:00D6|201:4040:02B0:0335:00D6|202:4040:02D8:0341:00D6|203:4040:02C8:033F:00D6|204:4040:02B8:0365:00D6|205:4040:02D8:0340:00C6|206:4040:02C8:033E:00C6|207:4040:02B8:0364:00C6|208:4040:02A8:0356:00CB|209:4040:02B8:0363:00B6
round4_castle,0xDC,2882,0x0002,0x0003,0x0000,0x01,0x0056,0x0000,0x0001,actor_2c8,7,0x10C488,0x01,0x93,0x00,0x00,0x02,0x00,0x00,0x00E9,0x02D0,0x033E,0x00,0x40,0x04,210,10,210:4040:02A0:03A2:00EA|211:4040:02B0:03A3:00EA|212:4040:02D8:0341:00EA|213:4040:02C8:033F:00EA|214:4040:02B8:0365:00EA|215:4040:02D8:0340:00DA|216:4040:02C8:033E:00DA|217:4040:02B8:0364:00DA|218:4040:02A8:0356:00DF|219:4040:02B8:0363:00CA
round4_castle,0xDC,2882,0x0002,0x0003,0x0000,0x01,0x0056,0x0000,0x0001,actor_2c8,8,0x10C4C8,0x01,0xA1,0x00,0x00,0x1F,0x00,0x00,0x00D3,0x02D0,0x033E,0x00,0x42,0x03,220,19,220:4042:02A0:0334:00D4|221:4042:02B0:0335:00D4|222:4042:02D8:0341:00D4|223:4042:02C8:033F:00D4|224:4042:02B8:0365:00D4|225:4042:02D8:0340:00C4|226:4042:02C8:033E:00C4|227:4042:02B8:0364:00C4|228:4042:02A8:0356:00C9|229:4042:02B8:0363:00B4
round4_castle,0xDC,2884,0x0002,0x0003,0x0000,0x01,0x0056,0x0000,0x0001,actor_2c8,5,0x10C408,0x01,0x93,0x00,0x00,0x1F,0x00,0x00,0x00D7,0x02D0,0x033E,0x00,0x40,0x00,190,10,190:4040:02A0:026B:00D8|191:4040:02B0:026C:00D8|192:4040:02D8:0341:00D8|193:4040:02C8:033F:00D8|194:4040:02B8:0365:00D8|195:4040:02D8:0340:00C8|196:4040:02C8:033E:00C8|197:4040:02B8:0364:00C8|198:4040:02A8:0356:00CD|199:4040:02B8:0363:00B8
round4_castle,0xDC,2884,0x0002,0x0003,0x0000,0x01,0x0056,0x0000,0x0001,actor_2c8,6,0x10C448,0x01,0x94,0x00,0x00,0x02,0x00,0x00,0x00CF,0x02D0,0x033E,0x00,0x40,0x03,200,10,200:4040:02A0:0334:00D0|201:4040:02B0:0335:00D0|202:4040:02D8:0345:00D0|203:4040:02C8:0343:00D0|204:4040:02B8:0365:00D0|205:4040:02D8:0344:00C0|206:4040:02C8:0342:00C0|207:4040:02B8:0364:00C0|208:4040:02A8:0356:00C5|209:4040:02B8:0363:00B0
round4_castle,0xDC,2884,0x0002,0x0003,0x0000,0x01,0x0056,0x0000,0x0001,actor_2c8,7,0x10C488,0x01,0x94,0x00,0x00,0x02,0x00,0x00,0x00E3,0x02D0,0x033E,0x00,0x40,0x04,210,10,210:4040:02A0:03A2:00E4|211:4040:02B0:03A3:00E4|212:4040:02D8:0345:00E4|213:4040:02C8:0343:00E4|214:4040:02B8:0365:00E4|215:4040:02D8:0344:00D4|216:4040:02C8:0342:00D4|217:4040:02B8:0364:00D4|218:4040:02A8:0356:00D9|219:4040:02B8:0363:00C4
round4_castle,0xDC,2884,0x0002,0x0003,0x0000,0x01,0x0056,0x0000,0x0001,actor_2c8,8,0x10C4C8,0x01,0xA1,0x00,0x00,0x1F,0x00,0x00,0x00CF,0x02D0,0x033E,0x00,0x42,0x03,220,19,220:4042:02A0:0334:00D0|221:4042:02B0:0335:00D0|222:4042:02B8:0357:00C0|223:4042:02A8:0356:00C5|224:4042:02B8:0358:00D0|225:4042:02D8:0341:00D0|226:4042:02C8:033F:00D0|227:4042:02D8:0340:00C0|228:4042:02C8:033E:00C0
round4_castle,0xDC,2886,0x0002,0x0003,0x0000,0x01,0x0056,0x0000,0x0001,actor_2c8,5,0x10C408,0x01,0xA1,0x00,0x00,0x1F,0x00,0x00,0x00D3,0x02D0,0x033E,0x00,0x40,0x00,190,10,190:4040:02A0:026B:00D4|191:4040:02B0:026C:00D4|192:4040:02B8:0357:00C4|193:4040:02A8:0356:00C9|194:4040:02B8:0358:00D4|195:4040:02D8:0341:00D4|196:4040:02C8:033F:00D4|197:4040:02D8:0340:00C4|198:4040:02C8:033E:00C4
round4_castle,0xDC,2886,0x0002,0x0003,0x0000,0x01,0x0056,0x0000,0x0001,actor_2c8,6,0x10C448,0x01,0x97,0x00,0x00,0x1F,0x00,0x00,0x00CB,0x02D0,0x033E,0x00,0x40,0x03,200,10,200:4040:02AF:0334:00CC|201:4040:02BF:0335:00CC|202:4040:02D1:038C:00CC|203:4040:02C1:038A:00CC|204:4040:02D1:038B:00BC|205:4040:02C1:0389:00BC
round4_castle,0xDC,2886,0x0002,0x0003,0x0000,0x01,0x0056,0x0000,0x0001,actor_2c8,7,0x10C488,0x01,0x94,0x00,0x00,0x02,0x00,0x00,0x00DD,0x02D0,0x033E,0x00,0x40,0x04,210,10,210:4040:02A0:03A2:00DE|211:4040:02B0:03A3:00DE|212:4040:02D8:0345:00DE|213:4040:02C8:0343:00DE|214:4040:02B8:0365:00DE|215:4040:02D8:0344:00CE|216:4040:02C8:0342:00CE|217:4040:02B8:0364:00CE|218:4040:02A8:0356:00D3|219:4040:02B8:0363:00BE
round4_castle,0xDC,2886,0x0002,0x0003,0x0000,0x01,0x0056,0x0000,0x0001,actor_2c8,8,0x10C4C8,0x01,0xA2,0x00,0x00,0x1F,0x00,0x00,0x00CB,0x02D0,0x033E,0x00,0x42,0x03,220,19,220:4042:02A0:0336:00E4|221:4042:02A8:0337:00DC|222:4042:02B8:0338:00D4|223:4042:02B8:0359:00BC|224:4042:02A8:0356:00C1|225:4042:02B8:035A:00CC|226:4042:02D8:0341:00CC|227:4042:02C8:033F:00CC|228:4042:02D8:0340:00BC|229:4042:02C8:033E:00BC
round4_castle,0xDC,2888,0x0002,0x0003,0x0000,0x01,0x0056,0x0000,0x0001,actor_2c8,5,0x10C408,0x01,0xA2,0x00,0x00,0x1F,0x00,0x00,0x00D1,0x02D0,0x033E,0x00,0x40,0x00,190,10,190:4040:02A0:026B:00D0|191:4040:02B0:026C:00D0|192:4040:02B8:0357:00C0|193:4040:02A8:0356:00C5|194:4040:02B8:0358:00D0|195:4040:02D8:0341:00D0|196:4040:02C8:033F:00D0|197:4040:02D8:0340:00C0|198:4040:02C8:033E:00C0
round4_castle,0xDC,2888,0x0002,0x0003,0x0000,0x01,0x0056,0x0000,0x0001,actor_2c8,6,0x10C448,0x01,0x97,0x00,0x00,0x1F,0x00,0x00,0x00C9,0x02D0,0x033E,0x00,0x40,0x03,200,10,200:4040:02AF:0334:00C8|201:4040:02BF:0335:00C8|202:4040:02D1:038C:00C8|203:4040:02C1:038A:00C8|204:4040:02D1:038B:00B8|205:4040:02C1:0389:00B8
round4_castle,0xDC,2888,0x0002,0x0003,0x0000,0x01,0x0056,0x0000,0x0001,actor_2c8,7,0x10C488,0x01,0x94,0x00,0x00,0x02,0x00,0x00,0x00D9,0x02D0,0x033E,0x00,0x40,0x04,210,10,210:4040:02A0:03A2:00D8|211:4040:02B0:03A3:00D8|212:4040:02D8:0345:00D8|213:4040:02C8:0343:00D8|214:4040:02B8:0365:00D8|215:4040:02D8:0344:00C8|216:4040:02C8:0342:00C8|217:4040:02B8:0364:00C8|218:4040:02A8:0356:00CD|219:4040:02B8:0363:00B8
round4_castle,0xDC,2888,0x0002,0x0003,0x0000,0x01,0x0056,0x0000,0x0001,actor_2c8,8,0x10C4C8,0x01,0xA3,0x00,0x00,0x1F,0x00,0x00,0x00C9,0x02D0,0x033E,0x00,0x42,0x03,220,19,220:4042:02A0:0336:00E0|221:4042:02A8:0337:00D8|222:4042:02B8:0338:00D0|223:4042:02B8:0359:00B8|224:4042:02A8:0356:00BD|225:4042:02B8:035A:00C8|226:4042:02D8:0341:00C8|227:4042:02C8:033F:00C8|228:4042:02D8:0340:00B8|229:4042:02C8:033E:00B8
round4_castle,0xDC,2890,0x0002,0x0003,0x0000,0x01,0x0056,0x0000,0x0001,actor_2c8,5,0x10C408,0x01,0xA2,0x00,0x00,0x1F,0x00,0x00,0x00D1,0x02D0,0x033E,0x00,0x40,0x00,190,10,190:4040:02A8:026E:00E0|191:4040:02B8:026D:00D8|192:4040:02B8:0359:00C0|193:4040:02A8:0356:00C5|194:4040:02B8:035A:00D0|195:4040:02D8:0341:00D0|196:4040:02C8:033F:00D0|197:4040:02D8:0340:00C0|198:4040:02C8:033E:00C0
round4_castle,0xDC,2890,0x0002,0x0003,0x0000,0x01,0x0056,0x0000,0x0001,actor_2c8,8,0x10C4C8,0x01,0xA3,0x00,0x00,0x1F,0x00,0x00,0x00C9,0x02D0,0x033E,0x00,0x42,0x03,220,19,220:4042:02B8:033A:00D0|221:4042:02B8:0339:00E0|222:4042:02B8:035B:00B8|223:4042:02A8:0356:00BD|224:4042:02B8:035C:00C8|225:4042:02D8:0341:00C8|226:4042:02C8:033F:00C8|227:4042:02D8:0340:00B8|228:4042:02C8:033E:00B8
round4_castle,0xDC,2892,0x0002,0x0003,0x0000,0x01,0x0056,0x0000,0x0001,actor_2c8,5,0x10C408,0x01,0xA3,0x00,0x00,0x1F,0x00,0x00,0x00D1,0x02D0,0x033E,0x00,0x40,0x00,190,10,190:4040:02B8:026F:00D8|191:4040:02B8:0270:00E8|192:4040:02B8:035B:00C0|193:4040:02A8:0356:00C5|194:4040:02B8:035C:00D0|195:4040:02D8:0341:00D0|196:4040:02C8:033F:00D0|197:4040:02D8:0340:00C0|198:4040:02C8:033E:00C0
round4_castle,0xDC,2892,0x0002,0x0003,0x0000,0x01,0x0056,0x0000,0x0001,actor_2c8,6,0x10C448,0x01,0x98,0x00,0x00,0x1F,0x00,0x00,0x00C9,0x02D0,0x033E,0x00,0x40,0x03,200,10,200:4040:02AF:0336:00E0|201:4040:02B7:0337:00D8|202:4040:02C7:0338:00D0|203:4040:02D1:0390:00C8|204:4040:02C1:038E:00C8|205:4040:02D1:038F:00B8|206:4040:02C1:038D:00B8
round4_castle,0xDC,2892,0x0002,0x0003,0x0000,0x01,0x0056,0x0000,0x0001,actor_2c8,7,0x10C488,0x01,0x95,0x01,0x00,0x01,0x00,0x00,0x00DD,0x02D0,0x033E,0x01,0x40,0x04,210,10,210:4040:02A0:03A2:00DA|211:4040:02B0:03A3:00DA|212:4040:02D8:0349:00DA|213:4040:02C8:0347:00DA|214:4040:02B8:0365:00DA|215:4040:02D8:0348:00CA|216:4040:02C8:0346:00CA|217:4040:02B8:0364:00CA|218:4040:02A8:0356:00CF|219:4040:02B8:0363:00BA
round4_castle,0xDC,2892,0x0002,0x0003,0x0000,0x01,0x0056,0x0000,0x0001,actor_2c8,8,0x10C4C8,0x01,0xA4,0x00,0x00,0x1F,0x00,0x00,0x00C9,0x02D0,0x033E,0x00,0x42,0x03,220,19,220:4042:02C0:033B:00C8|221:4042:02B8:035D:00B8|222:4042:02A8:0356:00BD|223:4042:02B8:035E:00C8|224:4042:02D8:0341:00C8|225:4042:02C8:033F:00C8|226:4042:02D8:0340:00B8|227:4042:02C8:033E:00B8
round4_castle,0xDC,2894,0x0002,0x0003,0x0000,0x01,0x0056,0x0000,0x0001,actor_2c8,5,0x10C408,0x01,0xA4,0x00,0x00,0x1F,0x00,0x00,0x00D1,0x02D0,0x033E,0x00,0x40,0x00,190,10,190:4040:02B8:026F:00D8|191:4040:02B8:0270:00E8|192:4040:02B8:035B:00C0|193:4040:02A8:0356:00C5|194:4040:02B8:035C:00D0|195:4040:02D8:0341:00D0|196:4040:02C8:033F:00D0|197:4040:02D8:0340:00C0|198:4040:02C8:033E:00C0
round4_castle,0xDC,2894,0x0002,0x0003,0x0000,0x01,0x0056,0x0000,0x0001,actor_2c8,6,0x10C448,0x01,0x99,0x00,0x00,0x1F,0x00,0x00,0x00C9,0x02D0,0x033E,0x00,0x40,0x03,200,10,200:4040:02AF:0336:00E0|201:4040:02B7:0337:00D8|202:4040:02C7:0338:00D0|203:4040:02D1:0390:00C8|204:4040:02C1:038E:00C8|205:4040:02D1:038F:00B8|206:4040:02C1:038D:00B8
round4_castle,0xDC,2894,0x0002,0x0003,0x0000,0x01,0x0056,0x0000,0x0001,actor_2c8,7,0x10C488,0x01,0x95,0x01,0x00,0x01,0x00,0x00,0x00DF,0x02D0,0x033E,0x01,0x40,0x04,210,10,210:4040:02A0:03A2:00DC|211:4040:02B0:03A3:00DC|212:4040:02D8:0349:00DC|213:4040:02C8:0347:00DC|214:4040:02B8:0365:00DC|215:4040:02D8:0348:00CC|216:4040:02C8:0346:00CC|217:4040:02B8:0364:00CC|218:4040:02A8:0356:00D1|219:4040:02B8:0363:00BC
round4_castle,0xDC,2894,0x0002,0x0003,0x0000,0x01,0x0056,0x0000,0x0001,actor_2c8,8,0x10C4C8,0x01,0xA5,0x00,0x00,0x1F,0x00,0x00,0x00C9,0x02D0,0x033E,0x00,0x42,0x03,220,19,220:4042:02C0:033B:00C8|221:4042:02B8:035D:00B8|222:4042:02A8:0356:00BD|223:4042:02B8:035E:00C8|224:4042:02D8:0341:00C8|225:4042:02C8:033F:00C8|226:4042:02D8:0340:00B8|227:4042:02C8:033E:00B8
round4_castle,0xDC,2896,0x0002,0x0003,0x0000,0x01,0x0056,0x0000,0x0001,actor_2c8,5,0x10C408,0x01,0xA4,0x00,0x00,0x1F,0x00,0x00,0x00D1,0x02D0,0x033E,0x00,0x40,0x00,190,10,190:4040:02C0:0271:00D0|191:4040:02B8:035D:00C0|192:4040:02A8:0356:00C5|193:4040:02B8:035E:00D0|194:4040:02D8:0341:00D0|195:4040:02C8:033F:00D0|196:4040:02D8:0340:00C0|197:4040:02C8:033E:00C0
round4_castle,0xDC,2896,0x0002,0x0003,0x0000,0x01,0x0056,0x0000,0x0001,actor_2c8,6,0x10C448,0x01,0x99,0x00,0x00,0x1F,0x00,0x00,0x00C9,0x02D0,0x033E,0x00,0x40,0x03,200,10,200:4040:02C7:033A:00D0|201:4040:02C7:0339:00E0|202:4040:02D1:0394:00C8|203:4040:02C1:0392:00C8|204:4040:02D1:0393:00B8|205:4040:02C1:0391:00B8
round4_castle,0xDC,2896,0x0002,0x0003,0x0000,0x01,0x0056,0x0000,0x0001,actor_2c8,7,0x10C488,0x01,0x0D,0x01,0x00,0x0F,0x00,0x00,0x00DF,0x02D0,0x0A73,0x00,0x00,0x02,210,10,210:4040:02A0:03A2:00DE|211:4040:02B0:03A3:00DE|212:4040:02D8:0349:00DE|213:4040:02C8:0347:00DE|214:4040:02B8:0365:00DE|215:4040:02D8:0348:00CE|216:4040:02C8:0346:00CE|217:4040:02B8:0364:00CE|218:4040:02A8:0356:00D3|219:4040:02B8:0363:00BE
round4_castle,0xDC,2896,0x0002,0x0003,0x0000,0x01,0x0056,0x0000,0x0001,actor_2c8,8,0x10C4C8,0x01,0xA5,0x00,0x00,0x1F,0x00,0x00,0x00C9,0x02D0,0x033E,0x00,0x42,0x03,220,19,220:4042:02C0:033C:00B0|221:4042:02B8:035F:00B8|222:4042:02A8:0356:00BD|223:4042:02B8:0360:00C8|224:4042:02D8:0341:00C8|225:4042:02C8:033F:00C8|226:4042:02D8:0340:00B8|227:4042:02C8:033E:00B8
round4_castle,0xDC,2898,0x0002,0x0003,0x0000,0x01,0x0056,0x0000,0x0001,actor_2c8,5,0x10C408,0x01,0xA5,0x00,0x00,0x1F,0x00,0x00,0x00D1,0x02D0,0x033E,0x00,0x40,0x00,190,10,190:4040:02C0:0272:00B8|191:4040:02B8:035F:00C0|192:4040:02A8:0356:00C5|193:4040:02B8:0360:00D0|194:4040:02D8:0341:00D0|195:4040:02C8:033F:00D0|196:4040:02D8:0340:00C0|197:4040:02C8:033E:00C0
round4_castle,0xDC,2898,0x0002,0x0003,0x0000,0x01,0x0056,0x0000,0x0001,actor_2c8,6,0x10C448,0x01,0x9A,0x00,0x00,0x1F,0x00,0x00,0x00C9,0x02D0,0x033E,0x00,0x40,0x03,200,10,200:4040:02D0:033B:00C8|201:4040:02D1:0398:00C8|202:4040:02C1:0396:00C8|203:4040:02D1:0397:00B8|204:4040:02C1:0395:00B8
round4_castle,0xDC,2898,0x0002,0x0003,0x0000,0x01,0x0056,0x0000,0x0001,actor_2c8,7,0x10C488,0x01,0x0D,0x01,0x00,0x0F,0x00,0x00,0x00DF,0x02D0,0x0A73,0x00,0x00,0x02,210,10,210:0000:02D8:0A83:00E7|211:0000:02C8:0A80:00E7|212:0000:02B8:0A7D:00E7|213:0000:02D8:0A82:00D7|214:0000:02C8:0A7F:00D7|215:0000:02B8:0A7C:00D7|216:0000:02D8:0A81:00C7|217:0000:02C8:0A7E:00C7|218:0000:02B8:0A7B:00C7
round4_castle,0xDC,2898,0x0002,0x0003,0x0000,0x01,0x0056,0x0000,0x0001,actor_2c8,8,0x10C4C8,0x01,0xA6,0x00,0x00,0x1F,0x00,0x00,0x00C9,0x02D0,0x033E,0x00,0x42,0x03,220,19,220:4042:02B8:03A1:0090|221:4042:02B8:033D:00A0|222:4042:02B8:0361:00B0|223:4042:02A8:0356:00BC|224:4042:02B8:0362:00C0|225:4042:02D8:0341:00C8|226:4042:02C8:033F:00C8|227:4042:02D8:0340:00B8|228:4042:02C8:033E:00B8
round4_castle,0xDC,2900,0x0002,0x0003,0x0000,0x01,0x0056,0x0000,0x0001,actor_2c8,5,0x10C408,0x01,0xA6,0x00,0x00,0x1F,0x00,0x00,0x00D1,0x02D0,0x033E,0x00,0x40,0x00,190,10,190:4040:02C0:0272:00B8|191:4040:02B8:035F:00C0|192:4040:02A8:0356:00C5|193:4040:02B8:0360:00D0|194:4040:02D8:0341:00D0|195:4040:02C8:033F:00D0|196:4040:02D8:0340:00C0|197:4040:02C8:033E:00C0
round4_castle,0xDC,2900,0x0002,0x0003,0x0000,0x01,0x0056,0x0000,0x0001,actor_2c8,6,0x10C448,0x01,0x9B,0x00,0x00,0x1F,0x00,0x00,0x00C9,0x02D0,0x033E,0x00,0x40,0x03,200,10,200:4040:02D0:033B:00C8|201:4040:02D1:0398:00C8|202:4040:02C1:0396:00C8|203:4040:02D1:0397:00B8|204:4040:02C1:0395:00B8
round4_castle,0xDC,2900,0x0002,0x0003,0x0000,0x01,0x0056,0x0000,0x0001,actor_2c8,7,0x10C488,0x01,0x0C,0x01,0x00,0x0F,0x00,0x00,0x00DF,0x02D0,0x0A73,0x00,0x00,0x02,210,10,210:0000:02D0:0A7A:00DF|211:0000:02C0:0A78:00DF|212:0000:02D0:0A79:00CF|213:0000:02C0:0A77:00CF
round4_castle,0xDC,2902,0x0002,0x0003,0x0000,0x01,0x0056,0x0000,0x0001,actor_2c8,5,0x10C408,0x01,0xA6,0x00,0x00,0x1F,0x00,0x00,0x00D1,0x02D0,0x033E,0x00,0x40,0x00,190,10,190:4040:02B8:0273:0098|191:4040:02B8:0274:00A8|192:4040:02B8:0361:00B8|193:4040:02A8:0356:00C4|194:4040:02B8:0362:00C8|195:4040:02D8:0341:00D0|196:4040:02C8:033F:00D0|197:4040:02D8:0340:00C0|198:4040:02C8:033E:00C0
round4_castle,0xDC,2902,0x0002,0x0003,0x0000,0x01,0x0056,0x0000,0x0001,actor_2c8,6,0x10C448,0x01,0x9B,0x00,0x00,0x1F,0x00,0x00,0x00C9,0x02D0,0x033E,0x00,0x40,0x03,200,10,200:4040:02CF:033C:00C0|201:4040:02D1:039C:00C8|202:4040:02C1:039A:00C8|203:4040:02D1:039B:00B8|204:4040:02C1:0399:00B8
round4_castle,0xDC,2902,0x0002,0x0003,0x0000,0x01,0x0056,0x0000,0x0001,actor_2c8,7,0x10C488,0x01,0x0B,0x01,0x00,0x0F,0x00,0x00,0x00DF,0x02D0,0x0A73,0x00,0x00,0x02,210,10,210:0000:02D0:0A7A:00DF|211:0000:02C0:0A78:00DF|212:0000:02D0:0A79:00CF|213:0000:02C0:0A77:00CF
round4_castle,0xDC,2904,0x0002,0x0003,0x0000,0x01,0x0056,0x0000,0x0001,actor_2c8,6,0x10C448,0x01,0x9C,0x00,0x00,0x1F,0x00,0x00,0x00C9,0x02D0,0x033E,0x00,0x40,0x03,200,10,200:4040:02C8:03A1:0090|201:4040:02C8:033D:00A0|202:4040:02D1:03A0:00C8|203:4040:02C1:039E:00C0|204:4040:02D1:039F:00B8|205:4040:02C1:039D:00B0
round4_castle,0xDC,2904,0x0002,0x0003,0x0000,0x01,0x0056,0x0000,0x0001,actor_2c8,7,0x10C488,0x01,0x0B,0x01,0x00,0x0F,0x00,0x00,0x00DF,0x02D0,0x0A73,0x00,0x00,0x02,210,10,210:0000:02D0:0A76:00DF|211:0000:02C0:0A74:00DF|212:0000:02D0:0A75:00CF|213:0000:02C0:0A73:00CF
round4_castle,0xDC,2906,0x0002,0x0003,0x0000,0x01,0x0056,0x0000,0x0001,actor_2c8,5,0x10C408,0x01,0xA5,0x00,0x00,0x1F,0x00,0x00,0x00D1,0x02D0,0x033E,0x00,0x40,0x00,190,10,190:4040:02B8:0273:0098|191:4040:02B8:0274:00A8|192:4040:02B8:0361:00B8|193:4040:02A8:0356:00C4|194:4040:02B8:0362:00C8|195:4040:02D8:0341:00D0|196:4040:02C8:033F:00D0|197:4040:02D8:0340:00C0|198:4040:02C8:033E:00C0
round4_castle,0xDC,2906,0x0002,0x0003,0x0000,0x01,0x0056,0x0000,0x0001,actor_2c8,8,0x10C4C8,0x01,0xA4,0x00,0x00,0x1F,0x00,0x00,0x00C9,0x02D0,0x033E,0x00,0x42,0x03,220,19,220:4042:02C0:033C:00B0|221:4042:02B8:035F:00B8|222:4042:02A8:0356:00BD|223:4042:02B8:0360:00C8|224:4042:02D8:0341:00C8|225:4042:02C8:033F:00C8|226:4042:02D8:0340:00B8|227:4042:02C8:033E:00B8
round4_castle,0xDC,2908,0x0002,0x0003,0x0000,0x01,0x0056,0x0000,0x0001,actor_2c8,7,0x10C488,0x01,0x0D,0x01,0x00,0x0F,0x00,0x00,0x00DF,0x02D0,0x0A73,0x00,0x00,0x02,210,10,210:0000:02D0:0A7A:00DF|211:0000:02C0:0A78:00DF|212:0000:02D0:0A79:00CF|213:0000:02C0:0A77:00CF
round4_castle,0xDC,2910,0x0002,0x0003,0x0000,0x01,0x0056,0x0000,0x0001,actor_2c8,8,0x10C4C8,0x01,0xA2,0x00,0x00,0x1F,0x00,0x00,0x00C9,0x02D0,0x033E,0x00,0x42,0x03,220,19,220:4042:02A0:0336:00E0|221:4042:02A8:0337:00D8|222:4042:02B8:0338:00D0|223:4042:02B8:0359:00B8|224:4042:02A8:0356:00BD|225:4042:02B8:035A:00C8|226:4042:02D8:0341:00C8|227:4042:02C8:033F:00C8|228:4042:02D8:0340:00B8|229:4042:02C8:033E:00B8
round4_castle,0xDC,2912,0x0002,0x0003,0x0000,0x01,0x0056,0x0000,0x0001,actor_2c8,5,0x10C408,0x01,0xA2,0x00,0x00,0x1F,0x00,0x00,0x00D1,0x02D0,0x033E,0x00,0x40,0x00,190,10,190:4040:02C0:0271:00D0|191:4040:02B8:035D:00C0|192:4040:02A8:0356:00C5|193:4040:02B8:035E:00D0|194:4040:02D8:0341:00D0|195:4040:02C8:033F:00D0|196:4040:02D8:0340:00C0|197:4040:02C8:033E:00C0
round4_castle,0xDC,2912,0x0002,0x0003,0x0000,0x01,0x0056,0x0000,0x0001,actor_2c8,6,0x10C448,0x01,0x9A,0x00,0x00,0x1F,0x00,0x00,0x00C9,0x02D0,0x033E,0x00,0x40,0x03,200,10,200:4040:02CF:033C:00C0|201:4040:02D1:039C:00C8|202:4040:02C1:039A:00C8|203:4040:02D1:039B:00B8|204:4040:02C1:0399:00B8
round4_castle,0xDC,2912,0x0002,0x0003,0x0000,0x01,0x0056,0x0000,0x0001,actor_2c8,7,0x10C488,0x01,0x0E,0x01,0x00,0x0F,0x00,0x00,0x00DF,0x02D0,0x0A73,0x00,0x00,0x02,210,10,210:0000:02D8:0A8C:00E7|211:0000:02C8:0A89:00E7|212:0000:02B8:0A86:00E7|213:0000:02D8:0A8B:00D7|214:0000:02C8:0A88:00D7|215:0000:02B8:0A85:00D7|216:0000:02D8:0A8A:00C7|217:0000:02C8:0A87:00C7|218:0000:02B8:0A84:00C7
round4_castle,0xDC,2912,0x0002,0x0003,0x0000,0x01,0x0056,0x0000,0x0001,actor_2c8,8,0x10C4C8,0x01,0xA1,0x00,0x00,0x1F,0x00,0x00,0x00C9,0x02D0,0x033E,0x00,0x42,0x03,220,19,220:4042:02A0:0336:00E0|221:4042:02A8:0337:00D8|222:4042:02B8:0338:00D0|223:4042:02B8:0359:00B8|224:4042:02A8:0356:00BD|225:4042:02B8:035A:00C8|226:4042:02D8:0341:00C8|227:4042:02C8:033F:00C8|228:4042:02D8:0340:00B8|229:4042:02C8:033E:00B8
round4_castle,0xDC,2914,0x0002,0x0003,0x0000,0x01,0x0056,0x0000,0x0001,actor_2c8,7,0x10C488,0x01,0x0F,0x01,0x00,0x0F,0x00,0x00,0x00DF,0x02D0,0x0A73,0x00,0x00,0x02,210,10,210:0000:02D8:0A8C:00E7|211:0000:02C8:0A89:00E7|212:0000:02B8:0A86:00E7|213:0000:02D8:0A8B:00D7|214:0000:02C8:0A88:00D7|215:0000:02B8:0A85:00D7|216:0000:02D8:0A8A:00C7|217:0000:02C8:0A87:00C7|218:0000:02B8:0A84:00C7
round4_castle,0xDC,2914,0x0002,0x0003,0x0000,0x01,0x0056,0x0000,0x0001,actor_2c8,8,0x10C4C8,0x01,0xA1,0x00,0x00,0x1F,0x00,0x00,0x00C9,0x02D0,0x033E,0x00,0x42,0x03,220,19,220:4042:02A0:0334:00C8|221:4042:02B0:0335:00C8|222:4042:02B8:0357:00B8|223:4042:02A8:0356:00BD|224:4042:02B8:0358:00C8|225:4042:02D8:0341:00C8|226:4042:02C8:033F:00C8|227:4042:02D8:0340:00B8|228:4042:02C8:033E:00B8
round4_castle,0xDC,2916,0x0002,0x0003,0x0000,0x01,0x0056,0x0000,0x0001,actor_2c8,5,0x10C408,0x01,0xA1,0x00,0x00,0x1F,0x00,0x00,0x00D1,0x02D0,0x033E,0x00,0x40,0x00,190,10,190:4040:02A0:026B:00D0|191:4040:02B0:026C:00D0|192:4040:02B8:0357:00C0|193:4040:02A8:0356:00C5|194:4040:02B8:0358:00D0|195:4040:02D8:0341:00D0|196:4040:02C8:033F:00D0|197:4040:02D8:0340:00C0|198:4040:02C8:033E:00C0
round4_castle,0xDC,2916,0x0002,0x0003,0x0000,0x01,0x0056,0x0000,0x0001,actor_2c8,7,0x10C488,0x01,0x0F,0x01,0x00,0x0F,0x00,0x00,0x00DF,0x02D0,0x0A73,0x00,0x00,0x02,210,10,210:0000:02D8:0A94:00E7|211:0000:02C8:0A91:00E7|212:0000:02B8:0A8F:00E7|213:0000:02D8:0A93:00D7|214:0000:02B8:0A8E:00D7|215:0000:02D8:0A92:00C7|216:0000:02C8:0A90:00C7|217:0000:02B8:0A8D:00C7
round4_castle,0xDC,2918,0x0002,0x0003,0x0000,0x01,0x0056,0x0000,0x0001,actor_2c8,6,0x10C448,0x01,0x97,0x00,0x00,0x1F,0x00,0x00,0x00C9,0x02D0,0x033E,0x00,0x40,0x03,200,10,200:4040:02AF:0336:00E0|201:4040:02B7:0337:00D8|202:4040:02C7:0338:00D0|203:4040:02D1:0390:00C8|204:4040:02C1:038E:00C8|205:4040:02D1:038F:00B8|206:4040:02C1:038D:00B8
round4_castle,0xDC,2918,0x0002,0x0003,0x0000,0x01,0x0056,0x0000,0x0001,actor_2c8,7,0x10C488,0x01,0x10,0x01,0x00,0x0F,0x00,0x00,0x00DF,0x02D0,0x0A73,0x00,0x00,0x02,210,10,210:0000:02D8:0A9D:00E7|211:0000:02C8:0A9A:00E7|212:0000:02B8:0A97:00E7|213:0000:02D8:0A9C:00D7|214:0000:02C8:0A99:00D7|215:0000:02B8:0A96:00D7|216:0000:02D8:0A9B:00C7|217:0000:02C8:0A98:00C7|218:0000:02B8:0A95:00C7
round4_castle,0xDC,2918,0x0002,0x0003,0x0000,0x01,0x0056,0x0000,0x0001,actor_2c8,8,0x10C4C8,0x01,0x93,0x00,0x00,0x1F,0x00,0x00,0x00C9,0x02D0,0x033E,0x00,0x42,0x03,220,19,220:4042:02A0:0334:00C8|221:4042:02B0:0335:00C8|222:4042:02B8:0357:00B8|223:4042:02A8:0356:00BD|224:4042:02B8:0358:00C8|225:4042:02D8:0341:00C8|226:4042:02C8:033F:00C8|227:4042:02D8:0340:00B8|228:4042:02C8:033E:00B8
round4_castle,0xDC,2920,0x0002,0x0003,0x0000,0x01,0x0056,0x0000,0x0001,actor_2c8,7,0x10C488,0x01,0x11,0x01,0x00,0x0F,0x00,0x00,0x00DF,0x02D0,0x0A73,0x00,0x00,0x02,210,10,210:0000:02D8:0A9D:00E7|211:0000:02C8:0A9A:00E7|212:0000:02B8:0A97:00E7|213:0000:02D8:0A9C:00D7|214:0000:02C8:0A99:00D7|215:0000:02B8:0A96:00D7|216:0000:02D8:0A9B:00C7|217:0000:02C8:0A98:00C7|218:0000:02B8:0A95:00C7
round4_castle,0xDC,2920,0x0002,0x0003,0x0000,0x01,0x0056,0x0000,0x0001,actor_2c8,8,0x10C4C8,0x01,0x93,0x00,0x00,0x1F,0x00,0x00,0x00C9,0x02D0,0x033E,0x00,0x42,0x03,220,19,220:4042:02A0:0334:00C8|221:4042:02B0:0335:00C8|222:4042:02D8:0341:00C8|223:4042:02C8:033F:00C8|224:4042:02B8:0365:00C8|225:4042:02D8:0340:00B8|226:4042:02C8:033E:00B8|227:4042:02B8:0364:00B8|228:4042:02A8:0356:00BD|229:4042:02B8:0363:00A8
round4_castle,0xDC,2922,0x0002,0x0003,0x0000,0x01,0x0056,0x0000,0x0001,actor_2c8,5,0x10C408,0x01,0x93,0x00,0x00,0x1F,0x00,0x00,0x00D0,0x02D0,0x033E,0x00,0x40,0x00,190,10,190:4040:02A0:026B:00D0|191:4040:02B0:026C:00D0|192:4040:02D8:0341:00D0|193:4040:02C8:033F:00D0|194:4040:02B8:0365:00D0|195:4040:02D8:0340:00C0|196:4040:02C8:033E:00C0|197:4040:02B8:0364:00C0|198:4040:02A8:0356:00C5|199:4040:02B8:0363:00B0
round4_castle,0xDC,2922,0x0002,0x0003,0x0000,0x01,0x0056,0x0000,0x0001,actor_2c8,7,0x10C488,0x01,0x11,0x01,0x00,0x0F,0x00,0x00,0x00DE,0x02D0,0x0A73,0x00,0x00,0x02,210,10,210:0000:02D0:0AA1:00DF|211:0000:02C0:0A9F:00DF|212:0000:02D0:0AA0:00CF|213:0000:02C0:0A9E:00CF
round4_castle,0xDC,2924,0x0002,0x0003,0x0000,0x01,0x0056,0x0000,0x0001,actor_2c8,5,0x10C408,0x01,0xA1,0x00,0x00,0x1F,0x00,0x00,0x00CE,0x02D0,0x033E,0x00,0x40,0x00,190,10,190:4040:02A0:026B:00CE|191:4040:02B0:026C:00CE|192:4040:02D8:0341:00CE|193:4040:02C8:033F:00CE|194:4040:02B8:0365:00CE|195:4040:02D8:0340:00BE|196:4040:02C8:033E:00BE|197:4040:02B8:0364:00BE|198:4040:02A8:0356:00C3|199:4040:02B8:0363:00AE
round4_castle,0xDC,2924,0x0002,0x0003,0x0000,0x01,0x0056,0x0000,0x0001,actor_2c8,6,0x10C448,0x01,0x97,0x00,0x00,0x1F,0x00,0x00,0x00C6,0x02D0,0x033E,0x00,0x40,0x03,200,10,200:4040:02AF:0334:00C6|201:4040:02BF:0335:00C6|202:4040:02D1:038C:00C6|203:4040:02C1:038A:00C6|204:4040:02D1:038B:00B6|205:4040:02C1:0389:00B6
round4_castle,0xDC,2924,0x0002,0x0003,0x0000,0x01,0x0056,0x0000,0x0001,actor_2c8,7,0x10C488,0x01,0x12,0x01,0x00,0x0F,0x00,0x00,0x00DC,0x02D0,0x0A73,0x00,0x00,0x02,210,10,210:0000:02C8:0AA2:00D5
round4_castle,0xDC,2924,0x0002,0x0003,0x0000,0x01,0x0056,0x0000,0x0001,actor_2c8,8,0x10C4C8,0x01,0xA2,0x00,0x00,0x1F,0x00,0x00,0x00C6,0x02D0,0x033E,0x00,0x42,0x03,220,19,220:4042:02A0:0334:00C6|221:4042:02B0:0335:00C6|222:4042:02B8:0357:00B6|223:4042:02A8:0356:00BB|224:4042:02B8:0358:00C6|225:4042:02D8:0341:00C6|226:4042:02C8:033F:00C6|227:4042:02D8:0340:00B6|228:4042:02C8:033E:00B6
round4_castle,0xDC,2926,0x0002,0x0003,0x0000,0x01,0x0056,0x0000,0x0001,actor_2c8,5,0x10C408,0x01,0xA1,0x00,0x00,0x1F,0x00,0x00,0x00CC,0x02D0,0x033E,0x00,0x40,0x00,190,10,190:4040:02A0:026B:00CC|191:4040:02B0:026C:00CC|192:4040:02B8:0357:00BC|193:4040:02A8:0356:00C1|194:4040:02B8:0358:00CC|195:4040:02D8:0341:00CC|196:4040:02C8:033F:00CC|197:4040:02D8:0340:00BC|198:4040:02C8:033E:00BC
round4_castle,0xDC,2926,0x0002,0x0003,0x0000,0x01,0x0056,0x0000,0x0001,actor_2c8,6,0x10C448,0x01,0x97,0x00,0x00,0x1F,0x00,0x00,0x00C4,0x02D0,0x033E,0x00,0x40,0x03,200,10,200:4040:02AF:0334:00C4|201:4040:02BF:0335:00C4|202:4040:02D1:038C:00C4|203:4040:02C1:038A:00C4|204:4040:02D1:038B:00B4|205:4040:02C1:0389:00B4
round4_castle,0xDC,2926,0x0002,0x0003,0x0000,0x01,0x0056,0x0000,0x0001,actor_2c8,8,0x10C4C8,0x01,0xA2,0x00,0x00,0x1F,0x00,0x00,0x00C4,0x02D0,0x033E,0x00,0x42,0x03,220,19,220:4042:02A0:0336:00DC|221:4042:02A8:0337:00D4|222:4042:02B8:0338:00CC|223:4042:02B8:0359:00B4|224:4042:02A8:0356:00B9|225:4042:02B8:035A:00C4|226:4042:02D8:0341:00C4|227:4042:02C8:033F:00C4|228:4042:02D8:0340:00B4|229:4042:02C8:033E:00B4
round4_castle,0xDC,2928,0x0002,0x0003,0x0000,0x01,0x0056,0x0000,0x0001,actor_2c8,5,0x10C408,0x01,0xA2,0x00,0x00,0x1F,0x00,0x00,0x00CA,0x02D0,0x033E,0x00,0x40,0x00,190,10,190:4040:02A8:026E:00DA|191:4040:02B8:026D:00D2|192:4040:02B8:0359:00BA|193:4040:02A8:0356:00BF|194:4040:02B8:035A:00CA|195:4040:02D8:0341:00CA|196:4040:02C8:033F:00CA|197:4040:02D8:0340:00BA|198:4040:02C8:033E:00BA
round4_castle,0xDC,2928,0x0002,0x0003,0x0000,0x01,0x0056,0x0000,0x0001,actor_2c8,6,0x10C448,0x01,0x97,0x00,0x00,0x1F,0x00,0x00,0x00C2,0x02D0,0x033E,0x00,0x40,0x03,200,10,200:4040:02AF:0334:00C2|201:4040:02BF:0335:00C2|202:4040:02D1:038C:00C2|203:4040:02C1:038A:00C2|204:4040:02D1:038B:00B2|205:4040:02C1:0389:00B2
round4_castle,0xDC,2928,0x0002,0x0003,0x0000,0x01,0x0056,0x0000,0x0001,actor_2c8,8,0x10C4C8,0x01,0xA3,0x00,0x00,0x1F,0x00,0x00,0x00C2,0x02D0,0x033E,0x00,0x42,0x03,220,19,220:4042:02B8:033A:00CA|221:4042:02B8:0339:00DA|222:4042:02B8:035B:00B2|223:4042:02A8:0356:00B7|224:4042:02B8:035C:00C2|225:4042:02D8:0341:00C2|226:4042:02C8:033F:00C2|227:4042:02D8:0340:00B2|228:4042:02C8:033E:00B2
round4_castle,0xDC,2930,0x0002,0x0003,0x0000,0x01,0x0056,0x0000,0x0001,actor_2c8,5,0x10C408,0x01,0xA3,0x00,0x00,0x1F,0x00,0x00,0x00C8,0x02D0,0x033E,0x00,0x40,0x00,190,10,190:4040:02A8:026E:00D8|191:4040:02B8:026D:00D0|192:4040:02B8:0359:00B8|193:4040:02A8:0356:00BD|194:4040:02B8:035A:00C8|195:4040:02D8:0341:00C8|196:4040:02C8:033F:00C8|197:4040:02D8:0340:00B8|198:4040:02C8:033E:00B8
round4_castle,0xDC,2930,0x0002,0x0003,0x0000,0x01,0x0056,0x0000,0x0001,actor_2c8,6,0x10C448,0x01,0x98,0x00,0x00,0x1F,0x00,0x00,0x00C0,0x02D0,0x033E,0x00,0x40,0x03,200,10,200:4040:02AF:0334:00C0|201:4040:02BF:0335:00C0|202:4040:02D1:038C:00C0|203:4040:02C1:038A:00C0|204:4040:02D1:038B:00B0|205:4040:02C1:0389:00B0
round4_castle,0xDC,2930,0x0002,0x0003,0x0000,0x01,0x0056,0x0000,0x0001,actor_2c8,8,0x10C4C8,0x01,0xA4,0x00,0x00,0x1F,0x00,0x00,0x00C0,0x02D0,0x033E,0x00,0x42,0x03,220,19,220:4042:02B8:033A:00C8|221:4042:02B8:0339:00D8|222:4042:02B8:035B:00B0|223:4042:02A8:0356:00B5|224:4042:02B8:035C:00C0|225:4042:02D8:0341:00C0|226:4042:02C8:033F:00C0|227:4042:02D8:0340:00B0|228:4042:02C8:033E:00B0
round4_castle,0xDC,2932,0x0002,0x0003,0x0000,0x01,0x0056,0x0000,0x0001,actor_2c8,5,0x10C408,0x01,0xA3,0x00,0x00,0x1F,0x00,0x00,0x00C6,0x02D0,0x033E,0x00,0x40,0x00,190,10,190:4040:02B8:026F:00CE|191:4040:02B8:0270:00DE|192:4040:02B8:035B:00B6|193:4040:02A8:0356:00BB|194:4040:02B8:035C:00C6|195:4040:02D8:0341:00C6|196:4040:02C8:033F:00C6|197:4040:02D8:0340:00B6|198:4040:02C8:033E:00B6
round4_castle,0xDC,2932,0x0002,0x0003,0x0000,0x01,0x0056,0x0000,0x0001,actor_2c8,6,0x10C448,0x01,0x98,0x00,0x00,0x1F,0x00,0x00,0x00BE,0x02D0,0x033E,0x00,0x40,0x03,200,10,200:4040:02AF:0336:00D6|201:4040:02B7:0337:00CE|202:4040:02C7:0338:00C6|203:4040:02D1:0390:00BE|204:4040:02C1:038E:00BE|205:4040:02D1:038F:00AE|206:4040:02C1:038D:00AE
round4_castle,0xDC,2932,0x0002,0x0003,0x0000,0x01,0x0056,0x0000,0x0001,actor_2c8,8,0x10C4C8,0x01,0xA4,0x00,0x00,0x1F,0x00,0x00,0x00BE,0x02D0,0x033E,0x00,0x42,0x03,220,19,220:4042:02C0:033B:00BE|221:4042:02B8:035D:00AE|222:4042:02A8:0356:00B3|223:4042:02B8:035E:00BE|224:4042:02D8:0341:00BE|225:4042:02C8:033F:00BE|226:4042:02D8:0340:00AE|227:4042:02C8:033E:00AE
round4_castle,0xDC,2934,0x0002,0x0003,0x0000,0x01,0x0056,0x0000,0x0001,actor_2c8,5,0x10C408,0x01,0xA4,0x00,0x00,0x1F,0x00,0x00,0x00C5,0x02D0,0x033E,0x00,0x40,0x00,190,10,190:4040:02C0:0271:00C4|191:4040:02B8:035D:00B4|192:4040:02A8:0356:00B9|193:4040:02B8:035E:00C4|194:4040:02D8:0341:00C4|195:4040:02C8:033F:00C4|196:4040:02D8:0340:00B4|197:4040:02C8:033E:00B4
round4_castle,0xDC,2934,0x0002,0x0003,0x0000,0x01,0x0056,0x0000,0x0001,actor_2c8,6,0x10C448,0x01,0x99,0x00,0x00,0x1F,0x00,0x00,0x00BD,0x02D0,0x033E,0x00,0x40,0x03,200,10,200:4040:02C7:033A:00C4|201:4040:02C7:0339:00D4|202:4040:02D1:0394:00BC|203:4040:02C1:0392:00BC|204:4040:02D1:0393:00AC|205:4040:02C1:0391:00AC
round4_castle,0xDC,2934,0x0002,0x0003,0x0000,0x01,0x0056,0x0000,0x0001,actor_2c8,8,0x10C4C8,0x01,0xA5,0x00,0x00,0x1F,0x00,0x00,0x00BD,0x02D0,0x033E,0x00,0x42,0x03,220,19,220:4042:02C0:033C:00A4|221:4042:02B8:035F:00AC|222:4042:02A8:0356:00B1|223:4042:02B8:0360:00BC|224:4042:02D8:0341:00BC|225:4042:02C8:033F:00BC|226:4042:02D8:0340:00AC|227:4042:02C8:033E:00AC
round4_castle,0xDC,2936,0x0002,0x0003,0x0000,0x01,0x0056,0x0000,0x0001,actor_2c8,5,0x10C408,0x01,0xA5,0x00,0x00,0x1F,0x00,0x00,0x00C5,0x02D0,0x033E,0x00,0x40,0x00,190,10,190:4040:02C0:0271:00C4|191:4040:02B8:035D:00B4|192:4040:02A8:0356:00B9|193:4040:02B8:035E:00C4|194:4040:02D8:0341:00C4|195:4040:02C8:033F:00C4|196:4040:02D8:0340:00B4|197:4040:02C8:033E:00B4
round4_castle,0xDC,2936,0x0002,0x0003,0x0000,0x01,0x0056,0x0000,0x0001,actor_2c8,6,0x10C448,0x01,0x9A,0x00,0x00,0x1F,0x00,0x00,0x00BD,0x02D0,0x033E,0x00,0x40,0x03,200,10,200:4040:02C7:033A:00C4|201:4040:02C7:0339:00D4|202:4040:02D1:0394:00BC|203:4040:02C1:0392:00BC|204:4040:02D1:0393:00AC|205:4040:02C1:0391:00AC
round4_castle,0xDC,2936,0x0002,0x0003,0x0000,0x01,0x0056,0x0000,0x0001,actor_2c8,8,0x10C4C8,0x01,0xA6,0x00,0x00,0x1F,0x00,0x00,0x00BD,0x02D0,0x033E,0x00,0x42,0x03,220,19,220:4042:02C0:033C:00A4|221:4042:02B8:035F:00AC|222:4042:02A8:0356:00B1|223:4042:02B8:0360:00BC|224:4042:02D8:0341:00BC|225:4042:02C8:033F:00BC|226:4042:02D8:0340:00AC|227:4042:02C8:033E:00AC
round4_castle,0xDC,2938,0x0002,0x0003,0x0000,0x01,0x0056,0x0000,0x0001,actor_2c8,5,0x10C408,0x01,0xA5,0x00,0x00,0x1F,0x00,0x00,0x00C5,0x02D0,0x033E,0x00,0x40,0x00,190,10,190:4040:02C0:0272:00AC|191:4040:02B8:035F:00B4|192:4040:02A8:0356:00B9|193:4040:02B8:0360:00C4|194:4040:02D8:0341:00C4|195:4040:02C8:033F:00C4|196:4040:02D8:0340:00B4|197:4040:02C8:033E:00B4
round4_castle,0xDC,2938,0x0002,0x0003,0x0000,0x01,0x0056,0x0000,0x0001,actor_2c8,6,0x10C448,0x01,0x9A,0x00,0x00,0x1F,0x00,0x00,0x00BD,0x02D0,0x033E,0x00,0x40,0x03,200,10,200:4040:02D0:033B:00BC|201:4040:02D1:0398:00BC|202:4040:02C1:0396:00BC|203:4040:02D1:0397:00AC|204:4040:02C1:0395:00AC
round4_castle,0xDC,2938,0x0002,0x0003,0x0000,0x01,0x0056,0x0000,0x0001,actor_2c8,8,0x10C4C8,0x01,0xA6,0x00,0x00,0x1F,0x00,0x00,0x00BD,0x02D0,0x033E,0x00,0x42,0x03,220,19,220:4042:02B8:03A1:0084|221:4042:02B8:033D:0094|222:4042:02B8:0361:00A4|223:4042:02A8:0356:00B0|224:4042:02B8:0362:00B4|225:4042:02D8:0341:00BC|226:4042:02C8:033F:00BC|227:4042:02D8:0340:00AC|228:4042:02C8:033E:00AC
round4_castle,0xDC,2940,0x0002,0x0003,0x0000,0x01,0x0056,0x0000,0x0001,actor_2c8,5,0x10C408,0x01,0xA6,0x00,0x00,0x1F,0x00,0x00,0x00C5,0x02D0,0x033E,0x00,0x40,0x00,190,10,190:4040:02B8:0273:008C|191:4040:02B8:0274:009C|192:4040:02B8:0361:00AC|193:4040:02A8:0356:00B8|194:4040:02B8:0362:00BC|195:4040:02D8:0341:00C4|196:4040:02C8:033F:00C4|197:4040:02D8:0340:00B4|198:4040:02C8:033E:00B4
round4_castle,0xDC,2940,0x0002,0x0003,0x0000,0x01,0x0056,0x0000,0x0001,actor_2c8,6,0x10C448,0x01,0x0D,0x00,0x00,0x0F,0x00,0x00,0x00BD,0x02D0,0x0A73,0x00,0x00,0x02,200,10,200:4040:02CF:033C:00B4|201:4040:02D1:039C:00BC|202:4040:02C1:039A:00BC|203:4040:02D1:039B:00AC|204:4040:02C1:0399:00AC
round4_castle,0xDC,2940,0x0002,0x0003,0x0000,0x01,0x0056,0x0000,0x0001,actor_2c8,8,0x10C4C8,0x01,0x0D,0x00,0x00,0x0F,0x00,0x00,0x00BD,0x02D0,0x0A73,0x00,0x02,0x02,220,19,220:4042:02B8:03A1:0084|221:4042:02B8:033D:0094|222:4042:02B8:0361:00A4|223:4042:02A8:0356:00B0|224:4042:02B8:0362:00B4|225:4042:02D8:0341:00BC|226:4042:02C8:033F:00BC|227:4042:02D8:0340:00AC|228:4042:02C8:033E:00AC
round4_castle,0xDC,2942,0x0002,0x0003,0x0000,0x01,0x0056,0x0000,0x0001,actor_2c8,5,0x10C408,0x01,0x0D,0x00,0x00,0x0F,0x00,0x00,0x00C5,0x02D0,0x0A73,0x00,0x00,0x02,190,10,190:4040:02B8:0273:008C|191:4040:02B8:0274:009C|192:4040:02B8:0361:00AC|193:4040:02A8:0356:00B8|194:4040:02B8:0362:00BC|195:4040:02D8:0341:00C4|196:4040:02C8:033F:00C4|197:4040:02D8:0340:00B4|198:4040:02C8:033E:00B4
round4_castle,0xDC,2942,0x0002,0x0003,0x0000,0x01,0x0056,0x0000,0x0001,actor_2c8,6,0x10C448,0x01,0x0D,0x00,0x00,0x0F,0x00,0x00,0x00BD,0x02D0,0x0A73,0x00,0x00,0x02,200,10,200:4000:02D8:0A83:00A4|201:4000:02C8:0A80:00A4|202:4000:02B8:0A7D:00A4|203:4000:02D8:0A82:00B4|204:4000:02C8:0A7F:00B4|205:4000:02B8:0A7C:00B4|206:4000:02D8:0A81:00C4|207:4000:02C8:0A7E:00C4|208:4000:02B8:0A7B:00C4
round4_castle,0xDC,2942,0x0002,0x0003,0x0000,0x01,0x0056,0x0000,0x0001,actor_2c8,8,0x10C4C8,0x01,0x0D,0x00,0x00,0x0F,0x00,0x00,0x00BD,0x02D0,0x0A73,0x00,0x02,0x02,220,19,220:4000:02D8:0A83:00A4|221:4000:02C8:0A80:00A4|222:4000:02B8:0A7D:00A4|223:4000:02D8:0A82:00B4|224:4000:02C8:0A7F:00B4|225:4000:02B8:0A7C:00B4|226:4000:02D8:0A81:00C4|227:4000:02C8:0A7E:00C4|228:4000:02B8:0A7B:00C4
round4_castle,0xDC,2944,0x0002,0x0003,0x0000,0x01,0x0056,0x0000,0x0001,actor_2c8,5,0x10C408,0x01,0x0D,0x00,0x00,0x0F,0x00,0x00,0x00C5,0x02D0,0x0A73,0x00,0x00,0x02,190,10,190:4000:02D8:0A83:00AC|191:4000:02C8:0A80:00AC|192:4000:02B8:0A7D:00AC|193:4000:02D8:0A82:00BC|194:4000:02C8:0A7F:00BC|195:4000:02B8:0A7C:00BC|196:4000:02D8:0A81:00CC|197:4000:02C8:0A7E:00CC|198:4000:02B8:0A7B:00CC
round4_castle,0xDC,2944,0x0002,0x0003,0x0000,0x01,0x0056,0x0000,0x0001,actor_2c8,6,0x10C448,0x01,0x0C,0x00,0x00,0x0F,0x00,0x00,0x00BD,0x02D0,0x0A73,0x00,0x00,0x02,200,10,200:4000:02D0:0A7A:00AC|201:4000:02C0:0A78:00AC|202:4000:02D0:0A79:00BC|203:4000:02C0:0A77:00BC
round4_castle,0xDC,2944,0x0002,0x0003,0x0000,0x01,0x0056,0x0000,0x0001,actor_2c8,8,0x10C4C8,0x01,0x0C,0x00,0x00,0x0F,0x00,0x00,0x00BD,0x02D0,0x0A73,0x00,0x02,0x02,220,19,220:4000:02D0:0A7A:00AC|221:4000:02C0:0A78:00AC|222:4000:02D0:0A79:00BC|223:4000:02C0:0A77:00BC
round4_castle,0xDC,2946,0x0002,0x0003,0x0000,0x01,0x0056,0x0000,0x0001,actor_2c8,5,0x10C408,0x01,0x0C,0x00,0x00,0x0F,0x00,0x00,0x00C5,0x02D0,0x0A73,0x00,0x00,0x02,190,10,190:4000:02D0:0A7A:00B4|191:4000:02C0:0A78:00B4|192:4000:02D0:0A79:00C4|193:4000:02C0:0A77:00C4
round4_castle,0xDC,2946,0x0002,0x0003,0x0000,0x01,0x0056,0x0000,0x0001,actor_2c8,6,0x10C448,0x01,0x0B,0x00,0x00,0x0F,0x00,0x00,0x00BD,0x02D0,0x0A73,0x00,0x00,0x02,200,10,200:4000:02D0:0A7A:00AC|201:4000:02C0:0A78:00AC|202:4000:02D0:0A79:00BC|203:4000:02C0:0A77:00BC
round4_castle,0xDC,2946,0x0002,0x0003,0x0000,0x01,0x0056,0x0000,0x0001,actor_2c8,8,0x10C4C8,0x01,0x0B,0x00,0x00,0x0F,0x00,0x00,0x00BD,0x02D0,0x0A73,0x00,0x02,0x02,220,19,220:4000:02D0:0A7A:00AC|221:4000:02C0:0A78:00AC|222:4000:02D0:0A79:00BC|223:4000:02C0:0A77:00BC
round4_castle,0xDC,2948,0x0002,0x0003,0x0000,0x01,0x0056,0x0000,0x0001,actor_2c8,5,0x10C408,0x01,0x0B,0x00,0x00,0x0F,0x00,0x00,0x00C5,0x02D0,0x0A73,0x00,0x00,0x02,190,10,190:4000:02D0:0A7A:00B4|191:4000:02C0:0A78:00B4|192:4000:02D0:0A79:00C4|193:4000:02C0:0A77:00C4
round4_castle,0xDC,2948,0x0002,0x0003,0x0000,0x01,0x0056,0x0000,0x0001,actor_2c8,6,0x10C448,0x01,0x0B,0x00,0x00,0x0F,0x00,0x00,0x00BD,0x02D0,0x0A73,0x00,0x00,0x02,200,10,200:4000:02D0:0A76:00AC|201:4000:02C0:0A74:00AC|202:4000:02D0:0A75:00BC|203:4000:02C0:0A73:00BC
round4_castle,0xDC,2948,0x0002,0x0003,0x0000,0x01,0x0056,0x0000,0x0001,actor_2c8,8,0x10C4C8,0x01,0x0B,0x00,0x00,0x0F,0x00,0x00,0x00BD,0x02D0,0x0A73,0x00,0x02,0x02,220,19,220:4000:02D0:0A76:00AC|221:4000:02C0:0A74:00AC|222:4000:02D0:0A75:00BC|223:4000:02C0:0A73:00BC
round4_castle,0xDC,2950,0x0002,0x0003,0x0000,0x01,0x0056,0x0000,0x0001,actor_2c8,5,0x10C408,0x01,0x0B,0x00,0x00,0x0F,0x00,0x00,0x00C4,0x02D0,0x0A73,0x00,0x00,0x02,190,10,190:4000:02D0:0A76:00B4|191:4000:02C0:0A74:00B4|192:4000:02D0:0A75:00C4|193:4000:02C0:0A73:00C4
round4_castle,0xDC,2952,0x0002,0x0003,0x0000,0x01,0x0056,0x0000,0x0001,actor_2c8,5,0x10C408,0x01,0x0C,0x00,0x00,0x0F,0x00,0x00,0x00C2,0x02D0,0x0A73,0x00,0x00,0x02,190,10,190:4000:02D0:0A7A:00B2|191:4000:02C0:0A78:00B2|192:4000:02D0:0A79:00C2|193:4000:02C0:0A77:00C2
round4_castle,0xDC,2952,0x0002,0x0003,0x0000,0x01,0x0056,0x0000,0x0001,actor_2c8,6,0x10C448,0x01,0x0D,0x00,0x00,0x0F,0x00,0x00,0x00BA,0x02D0,0x0A73,0x00,0x00,0x02,200,10,200:4000:02D0:0A7A:00AA|201:4000:02C0:0A78:00AA|202:4000:02D0:0A79:00BA|203:4000:02C0:0A77:00BA
round4_castle,0xDC,2952,0x0002,0x0003,0x0000,0x01,0x0056,0x0000,0x0001,actor_2c8,8,0x10C4C8,0x01,0x0D,0x00,0x00,0x0F,0x00,0x00,0x00BA,0x02D0,0x0A73,0x00,0x02,0x02,220,19,220:4000:02D0:0A7A:00AA|221:4000:02C0:0A78:00AA|222:4000:02D0:0A79:00BA|223:4000:02C0:0A77:00BA
round4_castle,0xDC,2954,0x0002,0x0003,0x0000,0x01,0x0056,0x0000,0x0001,actor_2c8,5,0x10C408,0x01,0x0D,0x00,0x00,0x0F,0x00,0x00,0x00C0,0x02D0,0x0A73,0x00,0x00,0x02,190,10,190:4000:02D0:0A7A:00B0|191:4000:02C0:0A78:00B0|192:4000:02D0:0A79:00C0|193:4000:02C0:0A77:00C0
round4_castle,0xDC,2954,0x0002,0x0003,0x0000,0x01,0x0056,0x0000,0x0001,actor_2c8,6,0x10C448,0x01,0x0D,0x00,0x00,0x0F,0x00,0x00,0x00B8,0x02D0,0x0A73,0x00,0x00,0x02,200,10,200:4000:02D8:0A83:00A0|201:4000:02C8:0A80:00A0|202:4000:02B8:0A7D:00A0|203:4000:02D8:0A82:00B0|204:4000:02C8:0A7F:00B0|205:4000:02B8:0A7C:00B0|206:4000:02D8:0A81:00C0|207:4000:02C8:0A7E:00C0|208:4000:02B8:0A7B:00C0
round4_castle,0xDC,2954,0x0002,0x0003,0x0000,0x01,0x0056,0x0000,0x0001,actor_2c8,8,0x10C4C8,0x01,0x0D,0x00,0x00,0x0F,0x00,0x00,0x00B8,0x02D0,0x0A73,0x00,0x02,0x02,220,19,220:4000:02D8:0A83:00A0|221:4000:02C8:0A80:00A0|222:4000:02B8:0A7D:00A0|223:4000:02D8:0A82:00B0|224:4000:02C8:0A7F:00B0|225:4000:02B8:0A7C:00B0|226:4000:02D8:0A81:00C0|227:4000:02C8:0A7E:00C0|228:4000:02B8:0A7B:00C0
round4_castle,0xDC,2956,0x0002,0x0003,0x0000,0x01,0x0056,0x0000,0x0001,actor_2c8,5,0x10C408,0x01,0x0D,0x00,0x00,0x0F,0x00,0x00,0x00BE,0x02D0,0x0A73,0x00,0x00,0x02,190,10,190:4000:02D8:0A83:00A6|191:4000:02C8:0A80:00A6|192:4000:02B8:0A7D:00A6|193:4000:02D8:0A82:00B6|194:4000:02C8:0A7F:00B6|195:4000:02B8:0A7C:00B6|196:4000:02D8:0A81:00C6|197:4000:02C8:0A7E:00C6|198:4000:02B8:0A7B:00C6
round4_castle,0xDC,2956,0x0002,0x0003,0x0000,0x01,0x0056,0x0000,0x0001,actor_2c8,6,0x10C448,0x01,0x0E,0x00,0x00,0x0F,0x00,0x00,0x00B6,0x02D0,0x0A73,0x00,0x00,0x02,200,10,200:4000:02D8:0A8C:009E|201:4000:02C8:0A89:009E|202:4000:02B8:0A86:009E|203:4000:02D8:0A8B:00AE|204:4000:02C8:0A88:00AE|205:4000:02B8:0A85:00AE|206:4000:02D8:0A8A:00BE|207:4000:02C8:0A87:00BE|208:4000:02B8:0A84:00BE
round4_castle,0xDC,2956,0x0002,0x0003,0x0000,0x01,0x0056,0x0000,0x0001,actor_2c8,8,0x10C4C8,0x01,0x0E,0x00,0x00,0x0F,0x00,0x00,0x00B6,0x02D0,0x0A73,0x00,0x02,0x02,220,19,220:4000:02D8:0A8C:009E|221:4000:02C8:0A89:009E|222:4000:02B8:0A86:009E|223:4000:02D8:0A8B:00AE|224:4000:02C8:0A88:00AE|225:4000:02B8:0A85:00AE|226:4000:02D8:0A8A:00BE|227:4000:02C8:0A87:00BE|228:4000:02B8:0A84:00BE
round4_castle,0xDC,2958,0x0002,0x0003,0x0000,0x01,0x0056,0x0000,0x0001,actor_2c8,5,0x10C408,0x01,0x0E,0x00,0x00,0x0F,0x00,0x00,0x00BC,0x02D0,0x0A73,0x00,0x00,0x02,190,10,190:4000:02D8:0A8C:00A4|191:4000:02C8:0A89:00A4|192:4000:02B8:0A86:00A4|193:4000:02D8:0A8B:00B4|194:4000:02C8:0A88:00B4|195:4000:02B8:0A85:00B4|196:4000:02D8:0A8A:00C4|197:4000:02C8:0A87:00C4|198:4000:02B8:0A84:00C4
round4_castle,0xDC,2958,0x0002,0x0003,0x0000,0x01,0x0056,0x0000,0x0001,actor_2c8,6,0x10C448,0x01,0x0F,0x00,0x00,0x0F,0x00,0x00,0x00B4,0x02D0,0x0A73,0x00,0x00,0x02,200,10,200:4000:02D8:0A8C:009C|201:4000:02C8:0A89:009C|202:4000:02B8:0A86:009C|203:4000:02D8:0A8B:00AC|204:4000:02C8:0A88:00AC|205:4000:02B8:0A85:00AC|206:4000:02D8:0A8A:00BC|207:4000:02C8:0A87:00BC|208:4000:02B8:0A84:00BC
round4_castle,0xDC,2958,0x0002,0x0003,0x0000,0x01,0x0056,0x0000,0x0001,actor_2c8,8,0x10C4C8,0x01,0x0F,0x00,0x00,0x0F,0x00,0x00,0x00B4,0x02D0,0x0A73,0x00,0x02,0x02,220,19,220:4000:02D8:0A8C:009C|221:4000:02C8:0A89:009C|222:4000:02B8:0A86:009C|223:4000:02D8:0A8B:00AC|224:4000:02C8:0A88:00AC|225:4000:02B8:0A85:00AC|226:4000:02D8:0A8A:00BC|227:4000:02C8:0A87:00BC|228:4000:02B8:0A84:00BC
round4_castle,0xDC,2960,0x0002,0x0003,0x0000,0x01,0x0056,0x0000,0x0001,actor_2c8,5,0x10C408,0x01,0x0F,0x00,0x00,0x0F,0x00,0x00,0x00BA,0x02D0,0x0A73,0x00,0x00,0x02,190,10,190:4000:02D8:0A8C:00A2|191:4000:02C8:0A89:00A2|192:4000:02B8:0A86:00A2|193:4000:02D8:0A8B:00B2|194:4000:02C8:0A88:00B2|195:4000:02B8:0A85:00B2|196:4000:02D8:0A8A:00C2|197:4000:02C8:0A87:00C2|198:4000:02B8:0A84:00C2
round4_castle,0xDC,2960,0x0002,0x0003,0x0000,0x01,0x0056,0x0000,0x0001,actor_2c8,6,0x10C448,0x01,0x0F,0x00,0x00,0x0F,0x00,0x00,0x00B2,0x02D0,0x0A73,0x00,0x00,0x02,200,10,200:4000:02D8:0A94:009A|201:4000:02C8:0A91:009A|202:4000:02B8:0A8F:009A|203:4000:02D8:0A93:00AA|204:4000:02B8:0A8E:00AA|205:4000:02D8:0A92:00BA|206:4000:02C8:0A90:00BA|207:4000:02B8:0A8D:00BA
round4_castle,0xDC,2960,0x0002,0x0003,0x0000,0x01,0x0056,0x0000,0x0001,actor_2c8,8,0x10C4C8,0x01,0x0F,0x00,0x00,0x0F,0x00,0x00,0x00B2,0x02D0,0x0A73,0x00,0x02,0x02,220,19,220:4000:02D8:0A94:009A|221:4000:02C8:0A91:009A|222:4000:02B8:0A8F:009A|223:4000:02D8:0A93:00AA|224:4000:02B8:0A8E:00AA|225:4000:02D8:0A92:00BA|226:4000:02C8:0A90:00BA|227:4000:02B8:0A8D:00BA
round4_castle,0xDC,2962,0x0002,0x0003,0x0000,0x01,0x0056,0x0000,0x0001,actor_2c8,5,0x10C408,0x01,0x0F,0x00,0x00,0x0F,0x00,0x00,0x00B8,0x02D0,0x0A73,0x00,0x00,0x02,190,10,190:4000:02D8:0A94:00A0|191:4000:02C8:0A91:00A0|192:4000:02B8:0A8F:00A0|193:4000:02D8:0A93:00B0|194:4000:02B8:0A8E:00B0|195:4000:02D8:0A92:00C0|196:4000:02C8:0A90:00C0|197:4000:02B8:0A8D:00C0
round4_castle,0xDC,2962,0x0002,0x0003,0x0000,0x01,0x0056,0x0000,0x0001,actor_2c8,6,0x10C448,0x01,0x10,0x00,0x00,0x0F,0x00,0x00,0x00B0,0x02D0,0x0A73,0x00,0x00,0x02,200,10,200:4000:02D8:0A9D:0098|201:4000:02C8:0A9A:0098|202:4000:02B8:0A97:0098|203:4000:02D8:0A9C:00A8|204:4000:02C8:0A99:00A8|205:4000:02B8:0A96:00A8|206:4000:02D8:0A9B:00B8|207:4000:02C8:0A98:00B8|208:4000:02B8:0A95:00B8
round4_castle,0xDC,2962,0x0002,0x0003,0x0000,0x01,0x0056,0x0000,0x0001,actor_2c8,8,0x10C4C8,0x01,0x10,0x00,0x00,0x0F,0x00,0x00,0x00B0,0x02D0,0x0A73,0x00,0x02,0x02,220,19,220:4000:02D8:0A9D:0098|221:4000:02C8:0A9A:0098|222:4000:02B8:0A97:0098|223:4000:02D8:0A9C:00A8|224:4000:02C8:0A99:00A8|225:4000:02B8:0A96:00A8|226:4000:02D8:0A9B:00B8|227:4000:02C8:0A98:00B8|228:4000:02B8:0A95:00B8
round4_castle,0xDC,2964,0x0002,0x0003,0x0000,0x01,0x0056,0x0000,0x0001,actor_2c8,5,0x10C408,0x01,0x10,0x00,0x00,0x0F,0x00,0x00,0x00B6,0x02D0,0x0A73,0x00,0x00,0x02,190,10,190:4000:02D8:0A9D:009E|191:4000:02C8:0A9A:009E|192:4000:02B8:0A97:009E|193:4000:02D8:0A9C:00AE|194:4000:02C8:0A99:00AE|195:4000:02B8:0A96:00AE|196:4000:02D8:0A9B:00BE|197:4000:02C8:0A98:00BE|198:4000:02B8:0A95:00BE
round4_castle,0xDC,2964,0x0002,0x0003,0x0000,0x01,0x0056,0x0000,0x0001,actor_2c8,6,0x10C448,0x01,0x11,0x00,0x00,0x0F,0x00,0x00,0x00AE,0x02D0,0x0A73,0x00,0x00,0x02,200,10,200:4000:02D8:0A9D:0096|201:4000:02C8:0A9A:0096|202:4000:02B8:0A97:0096|203:4000:02D8:0A9C:00A6|204:4000:02C8:0A99:00A6|205:4000:02B8:0A96:00A6|206:4000:02D8:0A9B:00B6|207:4000:02C8:0A98:00B6|208:4000:02B8:0A95:00B6
round4_castle,0xDC,2964,0x0002,0x0003,0x0000,0x01,0x0056,0x0000,0x0001,actor_2c8,8,0x10C4C8,0x01,0x11,0x00,0x00,0x0F,0x00,0x00,0x00AE,0x02D0,0x0A73,0x00,0x02,0x02,220,19,220:4000:02D8:0A9D:0096|221:4000:02C8:0A9A:0096|222:4000:02B8:0A97:0096|223:4000:02D8:0A9C:00A6|224:4000:02C8:0A99:00A6|225:4000:02B8:0A96:00A6|226:4000:02D8:0A9B:00B6|227:4000:02C8:0A98:00B6|228:4000:02B8:0A95:00B6
round4_castle,0xDC,2966,0x0002,0x0003,0x0000,0x01,0x0056,0x0000,0x0001,actor_2c8,5,0x10C408,0x01,0x11,0x00,0x00,0x0F,0x00,0x00,0x00B2,0x02D0,0x0A73,0x00,0x00,0x02,190,10,190:4000:02D8:0A9D:009B|191:4000:02C8:0A9A:009B|192:4000:02B8:0A97:009B|193:4000:02D8:0A9C:00AB|194:4000:02C8:0A99:00AB|195:4000:02B8:0A96:00AB|196:4000:02D8:0A9B:00BB|197:4000:02C8:0A98:00BB|198:4000:02B8:0A95:00BB
round4_castle,0xDC,2966,0x0002,0x0003,0x0000,0x01,0x0056,0x0000,0x0001,actor_2c8,6,0x10C448,0x01,0x11,0x00,0x00,0x0F,0x00,0x00,0x00AA,0x02D0,0x0A73,0x00,0x00,0x02,200,10,200:4000:02D0:0AA1:009B|201:4000:02C0:0A9F:009B|202:4000:02D0:0AA0:00AB|203:4000:02C0:0A9E:00AB
round4_castle,0xDC,2966,0x0002,0x0003,0x0000,0x01,0x0056,0x0000,0x0001,actor_2c8,8,0x10C4C8,0x01,0x11,0x00,0x00,0x0F,0x00,0x00,0x00AA,0x02D0,0x0A73,0x00,0x02,0x02,220,19,220:4000:02D0:0AA1:009B|221:4000:02C0:0A9F:009B|222:4000:02D0:0AA0:00AB|223:4000:02C0:0A9E:00AB
round4_castle,0xDC,2968,0x0002,0x0003,0x0000,0x01,0x0056,0x0000,0x0001,actor_2c8,4,0x10C3C8,0x01,0x94,0x01,0x00,0x01,0x00,0x00,0x01F8,0x02D0,0x033E,0x00,0x40,0x03,180,10,
round4_castle,0xDC,2968,0x0002,0x0003,0x0000,0x01,0x0056,0x0000,0x0001,actor_2c8,5,0x10C408,0x01,0x11,0x00,0x00,0x0F,0x00,0x00,0x00AE,0x02D0,0x0A73,0x00,0x00,0x02,190,10,190:4000:02D0:0AA1:009F|191:4000:02C0:0A9F:009F|192:4000:02D0:0AA0:00AF|193:4000:02C0:0A9E:00AF
round4_castle,0xDC,2968,0x0002,0x0003,0x0000,0x01,0x0056,0x0000,0x0001,actor_2c8,6,0x10C448,0x01,0x12,0x00,0x00,0x0F,0x00,0x00,0x00A6,0x02D0,0x0A73,0x00,0x00,0x02,200,10,200:4000:02C8:0AA2:009F
round4_castle,0xDC,2968,0x0002,0x0003,0x0000,0x01,0x0056,0x0000,0x0001,actor_2c8,8,0x10C4C8,0x01,0x12,0x00,0x00,0x0F,0x00,0x00,0x00A6,0x02D0,0x0A73,0x00,0x02,0x02,220,19,220:4000:02C8:0AA2:009F
round4_castle,0xDC,2970,0x0002,0x0003,0x0000,0x01,0x0056,0x0000,0x0001,actor_2c8,4,0x10C3C8,0x01,0x94,0x01,0x00,0x01,0x00,0x00,0x01F6,0x02D0,0x033E,0x00,0x40,0x03,180,10,180:0040:02A0:0334:01E6|181:0040:02B0:0335:01E6|182:0040:02D8:0345:01E6|183:0040:02C8:0343:01E6|184:0040:02B8:0365:01E6|185:0040:02D8:0344:01F6|186:0040:02C8:0342:01F6|187:0040:02B8:0364:01F6|188:0040:02A8:0356:01F1|189:0040:02B8:0363:0206
round4_castle,0xDC,2970,0x0002,0x0003,0x0000,0x01,0x0056,0x0000,0x0001,actor_2c8,5,0x10C408,0x01,0x12,0x00,0x00,0x0F,0x00,0x00,0x00AA,0x02D0,0x0A73,0x00,0x00,0x02,190,10,190:4000:02C8:0AA2:00A3
round4_castle,0xDC,2972,0x0002,0x0003,0x0000,0x01,0x0056,0x0000,0x0001,actor_2c8,4,0x10C3C8,0x01,0x93,0x01,0x00,0x01,0x00,0x00,0x01F8,0x02D0,0x033E,0x00,0x40,0x03,180,10,180:0040:02A0:0334:01E6|181:0040:02B0:0335:01E6|182:0040:02D8:0341:01E6|183:0040:02C8:033F:01E6|184:0040:02B8:0365:01E6|185:0040:02D8:0340:01F6|186:0040:02C8:033E:01F6|187:0040:02B8:0364:01F6|188:0040:02A8:0356:01F1|189:0040:02B8:0363:0206
round4_castle,0xDC,2974,0x0002,0x0003,0x0000,0x01,0x0056,0x0000,0x0001,actor_2c8,4,0x10C3C8,0x01,0x93,0x01,0x00,0x01,0x00,0x00,0x01FA,0x02D0,0x033E,0x00,0x40,0x03,180,10,180:0040:02A0:0334:01E8|181:0040:02B0:0335:01E8|182:0040:02D8:0341:01E8|183:0040:02C8:033F:01E8|184:0040:02B8:0365:01E8|185:0040:02D8:0340:01F8|186:0040:02C8:033E:01F8|187:0040:02B8:0364:01F8|188:0040:02A8:0356:01F3|189:0040:02B8:0363:0208
round4_castle,0xDC,2976,0x0002,0x0003,0x0000,0x01,0x0056,0x0000,0x0001,actor_2c8,4,0x10C3C8,0x01,0x93,0x01,0x00,0x01,0x00,0x00,0x01FA,0x02D0,0x033E,0x00,0x40,0x03,180,10,180:0040:02A0:0334:01EA|181:0040:02B0:0335:01EA|182:0040:02D8:0341:01EA|183:0040:02C8:033F:01EA|184:0040:02B8:0365:01EA|185:0040:02D8:0340:01FA|186:0040:02C8:033E:01FA|187:0040:02B8:0364:01FA|188:0040:02A8:0356:01F5|189:0040:02B8:0363:020A
round4_castle,0xDC,2978,0x0002,0x0003,0x0000,0x01,0x0056,0x0000,0x0001,actor_2c8,4,0x10C3C8,0x01,0x93,0x01,0x00,0x01,0x00,0x00,0x01FC,0x02D0,0x033E,0x00,0x40,0x03,180,10,180:0040:02A0:0334:01EC|181:0040:02B0:0335:01EC|182:0040:02D8:0341:01EC|183:0040:02C8:033F:01EC|184:0040:02B8:0365:01EC|185:0040:02D8:0340:01FC|186:0040:02C8:033E:01FC|187:0040:02B8:0364:01FC|188:0040:02A8:0356:01F7|189:0040:02B8:0363:020C
round4_castle,0xDC,2980,0x0002,0x0003,0x0000,0x01,0x0056,0x0000,0x0001,actor_2c8,4,0x10C3C8,0x01,0x94,0x01,0x00,0x01,0x00,0x00,0x01FE,0x02D0,0x033E,0x00,0x40,0x03,180,10,180:0040:02A0:0334:01EE|181:0040:02B0:0335:01EE|182:0040:02D8:0345:01EE|183:0040:02C8:0343:01EE|184:0040:02B8:0365:01EE|185:0040:02D8:0344:01FE|186:0040:02C8:0342:01FE|187:0040:02B8:0364:01FE|188:0040:02A8:0356:01F9|189:0040:02B8:0363:020E
round4_castle,0xDC,2982,0x0002,0x0003,0x0000,0x01,0x0056,0x0000,0x0001,actor_2c8,4,0x10C3C8,0x01,0x94,0x01,0x00,0x01,0x00,0x00,0x0200,0x02D0,0x033E,0x00,0x40,0x03,180,10,180:0040:02A0:0334:01F0|181:0040:02B0:0335:01F0|182:0040:02D8:0345:01F0|183:0040:02C8:0343:01F0|184:0040:02B8:0365:01F0|185:0040:02D8:0344:0200|186:0040:02C8:0342:0200|187:0040:02B8:0364:0200|188:0040:02A8:0356:01FB|189:0040:02B8:0363:0210
round4_castle,0xDC,2984,0x0002,0x0003,0x0000,0x01,0x0056,0x0000,0x0001,actor_2c8,4,0x10C3C8,0x01,0x94,0x01,0x00,0x01,0x00,0x00,0x0202,0x02D0,0x033E,0x00,0x40,0x03,180,10,180:0040:02A0:0334:01F2|181:0040:02B0:0335:01F2|182:0040:02D8:0345:01F2|183:0040:02C8:0343:01F2|184:0040:02B8:0365:01F2|185:0040:02D8:0344:0202|186:0040:02C8:0342:0202|187:0040:02B8:0364:0202|188:0040:02A8:0356:01FD|189:0040:02B8:0363:0212
round4_castle,0xDC,2988,0x0002,0x0003,0x0000,0x01,0x0056,0x0000,0x0001,actor_2c8,4,0x10C3C8,0x01,0x95,0x01,0x00,0x01,0x00,0x00,0x0206,0x02D0,0x033E,0x00,0x40,0x03,180,10,180:0040:02A0:0334:01F4|181:0040:02B0:0335:01F4|182:0040:02D8:0349:01F4|183:0040:02C8:0347:01F4|184:0040:02B8:0365:01F4|185:0040:02D8:0348:0204|186:0040:02C8:0346:0204|187:0040:02B8:0364:0204|188:0040:02A8:0356:01FF|189:0040:02B8:0363:0214
round4_castle,0xDC,2990,0x0002,0x0003,0x0000,0x01,0x0056,0x0000,0x0001,actor_2c8,4,0x10C3C8,0x01,0x95,0x01,0x00,0x01,0x00,0x00,0x0208,0x02D0,0x033E,0x00,0x40,0x03,180,10,180:0040:02A0:0334:01F6|181:0040:02B0:0335:01F6|182:0040:02D8:0349:01F6|183:0040:02C8:0347:01F6|184:0040:02B8:0365:01F6|185:0040:02D8:0348:0206|186:0040:02C8:0346:0206|187:0040:02B8:0364:0206|188:0040:02A8:0356:0201|189:0040:02B8:0363:0216
round4_castle,0xDC,2992,0x0002,0x0003,0x0000,0x01,0x0056,0x0000,0x0001,actor_2c8,4,0x10C3C8,0x01,0x95,0x01,0x00,0x01,0x00,0x00,0x020A,0x02D0,0x033E,0x00,0x40,0x03,180,10,180:0040:02A0:0334:01F8|181:0040:02B0:0335:01F8|182:0040:02D8:0349:01F8|183:0040:02C8:0347:01F8|184:0040:02B8:0365:01F8|185:0040:02D8:0348:0208|186:0040:02C8:0346:0208|187:0040:02B8:0364:0208|188:0040:02A8:0356:0203|189:0040:02B8:0363:0218
round4_castle,0xDC,2994,0x0002,0x0003,0x0000,0x01,0x0056,0x0000,0x0001,actor_2c8,4,0x10C3C8,0x01,0x95,0x01,0x00,0x01,0x00,0x00,0x020A,0x02D0,0x033E,0x00,0x40,0x03,180,10,180:0040:02A0:0334:01FA|181:0040:02B0:0335:01FA|182:0040:02D8:0349:01FA|183:0040:02C8:0347:01FA|184:0040:02B8:0365:01FA|185:0040:02D8:0348:020A|186:0040:02C8:0346:020A|187:0040:02B8:0364:020A|188:0040:02A8:0356:0205|189:0040:02B8:0363:021A
round4_castle,0xDC,2996,0x0002,0x0003,0x0000,0x01,0x0056,0x0000,0x0001,actor_2c8,4,0x10C3C8,0x01,0x94,0x01,0x00,0x01,0x00,0x00,0x020C,0x02D0,0x033E,0x00,0x40,0x03,180,10,180:0040:02A0:0334:01FC|181:0040:02B0:0335:01FC|182:0040:02D8:0345:01FC|183:0040:02C8:0343:01FC|184:0040:02B8:0365:01FC|185:0040:02D8:0344:020C|186:0040:02C8:0342:020C|187:0040:02B8:0364:020C|188:0040:02A8:0356:0207|189:0040:02B8:0363:021C
round4_castle,0xDC,2998,0x0002,0x0003,0x0000,0x01,0x0056,0x0000,0x0001,actor_2c8,4,0x10C3C8,0x01,0x94,0x01,0x00,0x01,0x00,0x00,0x020E,0x02D0,0x033E,0x00,0x40,0x03,180,10,180:0040:02A0:0334:01FE|181:0040:02B0:0335:01FE|182:0040:02D8:0345:01FE|183:0040:02C8:0343:01FE|184:0040:02B8:0365:01FE|185:0040:02D8:0344:020E|186:0040:02C8:0342:020E|187:0040:02B8:0364:020E|188:0040:02A8:0356:0209|189:0040:02B8:0363:021E
round4_castle,0xDC,3000,0x0002,0x0003,0x0000,0x01,0x0056,0x0000,0x0001,actor_2c8,4,0x10C3C8,0x01,0x94,0x01,0x00,0x01,0x00,0x00,0x0210,0x02D0,0x033E,0x00,0x40,0x03,180,10,180:0040:02A0:0334:0200|181:0040:02B0:0335:0200|182:0040:02D8:0345:0200|183:0040:02C8:0343:0200|184:0040:02B8:0365:0200|185:0040:02D8:0344:0210|186:0040:02C8:0342:0210|187:0040:02B8:0364:0210|188:0040:02A8:0356:020B|189:0040:02B8:0363:0220
round4_castle,0xDC,3002,0x0002,0x0003,0x0000,0x01,0x0056,0x0000,0x0001,actor_2c8,4,0x10C3C8,0x01,0x94,0x01,0x00,0x01,0x00,0x00,0x0212,0x02D0,0x033E,0x00,0x40,0x03,180,10,180:0040:02A0:0334:0202|181:0040:02B0:0335:0202|182:0040:02D8:0345:0202|183:0040:02C8:0343:0202|184:0040:02B8:0365:0202|185:0040:02D8:0344:0212|186:0040:02C8:0342:0212|187:0040:02B8:0364:0212|188:0040:02A8:0356:020D|189:0040:02B8:0363:0222
round4_castle,0xDC,3004,0x0002,0x0003,0x0000,0x01,0x0056,0x0000,0x0001,actor_2c8,4,0x10C3C8,0x01,0x93,0x01,0x00,0x01,0x00,0x00,0x0214,0x02D0,0x033E,0x00,0x40,0x03,180,10,180:0040:02A0:0334:0202|181:0040:02B0:0335:0202|182:0040:02D8:0341:0202|183:0040:02C8:033F:0202|184:0040:02B8:0365:0202|185:0040:02D8:0340:0212|186:0040:02C8:033E:0212|187:0040:02B8:0364:0212|188:0040:02A8:0356:020D|189:0040:02B8:0363:0222
round4_castle,0xDC,3006,0x0002,0x0003,0x0000,0x01,0x0056,0x0000,0x0001,actor_2c8,4,0x10C3C8,0x01,0x93,0x01,0x00,0x01,0x00,0x00,0x0216,0x02D0,0x033E,0x00,0x40,0x03,180,10,180:0040:02A0:0334:0204|181:0040:02B0:0335:0204|182:0040:02D8:0341:0204|183:0040:02C8:033F:0204|184:0040:02B8:0365:0204|185:0040:02D8:0340:0214|186:0040:02C8:033E:0214|187:0040:02B8:0364:0214|188:0040:02A8:0356:020F|189:0040:02B8:0363:0224
round4_castle,0xDC,3008,0x0002,0x0003,0x0000,0x01,0x0056,0x0000,0x0001,actor_2c8,4,0x10C3C8,0x01,0x93,0x01,0x00,0x01,0x00,0x00,0x0218,0x02D0,0x033E,0x00,0x40,0x03,180,10,180:0040:02A0:0334:0206|181:0040:02B0:0335:0206|182:0040:02D8:0341:0206|183:0040:02C8:033F:0206|184:0040:02B8:0365:0206|185:0040:02D8:0340:0216|186:0040:02C8:033E:0216|187:0040:02B8:0364:0216|188:0040:02A8:0356:0211|189:0040:02B8:0363:0226
round4_castle,0xDC,3010,0x0002,0x0003,0x0000,0x01,0x0056,0x0000,0x0001,actor_2c8,4,0x10C3C8,0x01,0x93,0x01,0x00,0x01,0x00,0x00,0x021A,0x02D0,0x033E,0x00,0x40,0x03,180,10,180:0040:02A0:0334:0208|181:0040:02B0:0335:0208|182:0040:02D8:0341:0208|183:0040:02C8:033F:0208|184:0040:02B8:0365:0208|185:0040:02D8:0340:0218|186:0040:02C8:033E:0218|187:0040:02B8:0364:0218|188:0040:02A8:0356:0213|189:0040:02B8:0363:0228
round4_castle,0xDC,3012,0x0002,0x0003,0x0000,0x01,0x0056,0x0000,0x0001,actor_2c8,4,0x10C3C8,0x01,0x94,0x01,0x00,0x01,0x00,0x00,0x021A,0x02D0,0x033E,0x00,0x40,0x03,180,10,180:0040:02A0:0334:020A|181:0040:02B0:0335:020A|182:0040:02D8:0345:020A|183:0040:02C8:0343:020A|184:0040:02B8:0365:020A|185:0040:02D8:0344:021A|186:0040:02C8:0342:021A|187:0040:02B8:0364:021A|188:0040:02A8:0356:0215|189:0040:02B8:0363:022A
round4_castle,0xDC,3014,0x0002,0x0003,0x0000,0x01,0x0056,0x0000,0x0001,actor_2c8,4,0x10C3C8,0x01,0x94,0x01,0x00,0x01,0x00,0x00,0x021C,0x02D0,0x033E,0x00,0x40,0x03,180,10,180:0040:02A0:0334:020C|181:0040:02B0:0335:020C|182:0040:02D8:0345:020C|183:0040:02C8:0343:020C|184:0040:02B8:0365:020C|185:0040:02D8:0344:021C|186:0040:02C8:0342:021C|187:0040:02B8:0364:021C|188:0040:02A8:0356:0217|189:0040:02B8:0363:022C
round4_castle,0xDC,3016,0x0002,0x0003,0x0000,0x01,0x0056,0x0000,0x0001,actor_2c8,4,0x10C3C8,0x01,0x94,0x01,0x00,0x01,0x00,0x00,0x021E,0x02D0,0x033E,0x00,0x40,0x03,180,10,180:0040:02A0:0334:020E|181:0040:02B0:0335:020E|182:0040:02D8:0345:020E|183:0040:02C8:0343:020E|184:0040:02B8:0365:020E|185:0040:02D8:0344:021E|186:0040:02C8:0342:021E|187:0040:02B8:0364:021E|188:0040:02A8:0356:0219|189:0040:02B8:0363:022E
round4_castle,0xDC,3018,0x0002,0x0003,0x0000,0x01,0x0056,0x0000,0x0001,actor_2c8,4,0x10C3C8,0x01,0x94,0x01,0x00,0x01,0x00,0x00,0x0220,0x02D0,0x033E,0x00,0x40,0x03,180,10,180:0040:02A0:0334:0210|181:0040:02B0:0335:0210|182:0040:02D8:0345:0210|183:0040:02C8:0343:0210|184:0040:02B8:0365:0210|185:0040:02D8:0344:0220|186:0040:02C8:0342:0220|187:0040:02B8:0364:0220|188:0040:02A8:0356:021B|189:0040:02B8:0363:0230
round4_castle,0xDC,3020,0x0002,0x0003,0x0000,0x01,0x0056,0x0000,0x0001,actor_2c8,4,0x10C3C8,0x01,0x95,0x01,0x00,0x01,0x00,0x00,0x0222,0x02D0,0x033E,0x00,0x40,0x03,180,10,180:0040:02A0:0334:0212|181:0040:02B0:0335:0212|182:0040:02D8:0349:0212|183:0040:02C8:0347:0212|184:0040:02B8:0365:0212|185:0040:02D8:0348:0222|186:0040:02C8:0346:0222|187:0040:02B8:0364:0222|188:0040:02A8:0356:021D|189:0040:02B8:0363:0232
round4_castle,0xDC,3024,0x0002,0x0003,0x0000,0x01,0x0056,0x0000,0x0001,actor_2c8,4,0x10C3C8,0x01,0x95,0x01,0x00,0x01,0x00,0x00,0x0226,0x02D0,0x033E,0x00,0x40,0x03,180,10,180:0040:02A0:0334:0214|181:0040:02B0:0335:0214|182:0040:02D8:0349:0214|183:0040:02C8:0347:0214|184:0040:02B8:0365:0214|185:0040:02D8:0348:0224|186:0040:02C8:0346:0224|187:0040:02B8:0364:0224|188:0040:02A8:0356:021F|189:0040:02B8:0363:0234
round4_castle,0xDC,3026,0x0002,0x0003,0x0000,0x01,0x0056,0x0000,0x0001,actor_2c8,4,0x10C3C8,0x01,0x95,0x01,0x00,0x01,0x00,0x00,0x0228,0x02D0,0x033E,0x00,0x40,0x03,180,10,180:0040:02A0:0334:0216|181:0040:02B0:0335:0216|182:0040:02D8:0349:0216|183:0040:02C8:0347:0216|184:0040:02B8:0365:0216|185:0040:02D8:0348:0226|186:0040:02C8:0346:0226|187:0040:02B8:0364:0226|188:0040:02A8:0356:0221|189:0040:02B8:0363:0236
round4_castle,0xDC,3028,0x0002,0x0003,0x0000,0x01,0x0056,0x0000,0x0001,actor_2c8,4,0x10C3C8,0x01,0x94,0x01,0x00,0x01,0x00,0x00,0x022A,0x02D0,0x033E,0x00,0x40,0x03,180,10,180:0040:02A0:0334:0218|181:0040:02B0:0335:0218|182:0040:02D8:0345:0218|183:0040:02C8:0343:0218|184:0040:02B8:0365:0218|185:0040:02D8:0344:0228|186:0040:02C8:0342:0228|187:0040:02B8:0364:0228|188:0040:02A8:0356:0223|189:0040:02B8:0363:0238
round4_castle,0xDC,3030,0x0002,0x0003,0x0000,0x01,0x0056,0x0000,0x0001,actor_2c8,4,0x10C3C8,0x01,0x94,0x01,0x00,0x01,0x00,0x00,0x0228,0x02D0,0x033E,0x00,0x40,0x03,180,10,180:0040:02A0:0334:0219|181:0040:02B0:0335:0219|182:0040:02D8:0345:0219|183:0040:02C8:0343:0219|184:0040:02B8:0365:0219|185:0040:02D8:0344:0229|186:0040:02C8:0342:0229|187:0040:02B8:0364:0229|188:0040:02A8:0356:0224|189:0040:02B8:0363:0239
round4_castle,0xDC,3036,0x0002,0x0003,0x0000,0x01,0x0056,0x0000,0x0001,actor_2c8,4,0x10C3C8,0x01,0x93,0x01,0x00,0x01,0x00,0x00,0x0228,0x02D0,0x033E,0x00,0x40,0x03,180,10,180:0040:02A0:0334:0219|181:0040:02B0:0335:0219|182:0040:02D8:0341:0219|183:0040:02C8:033F:0219|184:0040:02B8:0365:0219|185:0040:02D8:0340:0229|186:0040:02C8:033E:0229|187:0040:02B8:0364:0229|188:0040:02A8:0356:0224|189:0040:02B8:0363:0239
round4_castle,0xDC,3040,0x0002,0x0003,0x0000,0x01,0x0056,0x0000,0x0001,actor_2c8,4,0x10C3C8,0x01,0x93,0x01,0x00,0x01,0x00,0x00,0x0228,0x02D0,0x033E,0x00,0x40,0x03,180,10,180:0040:02A0:0334:0217|181:0040:02B0:0335:0217|182:0040:02D8:0341:0217|183:0040:02C8:033F:0217|184:0040:02B8:0365:0217|185:0040:02D8:0340:0227|186:0040:02C8:033E:0227|187:0040:02B8:0364:0227|188:0040:02A8:0356:0222|189:0040:02B8:0363:0237
round4_castle,0xDC,3044,0x0002,0x0003,0x0000,0x01,0x0056,0x0000,0x0001,actor_2c8,4,0x10C3C8,0x01,0x94,0x01,0x00,0x01,0x00,0x00,0x0227,0x02D0,0x033E,0x00,0x40,0x03,180,10,180:0040:02A0:0334:0217|181:0040:02B0:0335:0217|182:0040:02D8:0345:0217|183:0040:02C8:0343:0217|184:0040:02B8:0365:0217|185:0040:02D8:0344:0227|186:0040:02C8:0342:0227|187:0040:02B8:0364:0227|188:0040:02A8:0356:0222|189:0040:02B8:0363:0237
round4_castle,0xDC,3046,0x0002,0x0003,0x0000,0x01,0x0056,0x0000,0x0001,actor_2c8,4,0x10C3C8,0x01,0x94,0x01,0x00,0x01,0x00,0x00,0x0225,0x02D0,0x033E,0x00,0x40,0x03,180,10,180:0040:02A0:0334:0215|181:0040:02B0:0335:0215|182:0040:02D8:0345:0215|183:0040:02C8:0343:0215|184:0040:02B8:0365:0215|185:0040:02D8:0344:0225|186:0040:02C8:0342:0225|187:0040:02B8:0364:0225|188:0040:02A8:0356:0220|189:0040:02B8:0363:0235
round4_castle,0xDC,3048,0x0002,0x0003,0x0000,0x01,0x0056,0x0000,0x0001,actor_2c8,4,0x10C3C8,0x01,0x94,0x01,0x00,0x01,0x00,0x00,0x0221,0x02D0,0x033E,0x00,0x40,0x03,180,10,180:0040:02A0:0334:0213|181:0040:02B0:0335:0213|182:0040:02D8:0345:0213|183:0040:02C8:0343:0213|184:0040:02B8:0365:0213|185:0040:02D8:0344:0223|186:0040:02C8:0342:0223|187:0040:02B8:0364:0223|188:0040:02A8:0356:021E|189:0040:02B8:0363:0233
round4_castle,0xDC,3052,0x0002,0x0003,0x0000,0x01,0x0056,0x0000,0x0001,actor_2c8,4,0x10C3C8,0x01,0x95,0x01,0x00,0x01,0x00,0x00,0x0225,0x02D0,0x033E,0x00,0x40,0x03,180,10,180:0040:02A0:0334:0215|181:0040:02B0:0335:0215|182:0040:02D8:0349:0215|183:0040:02C8:0347:0215|184:0040:02B8:0365:0215|185:0040:02D8:0348:0225|186:0040:02C8:0346:0225|187:0040:02B8:0364:0225|188:0040:02A8:0356:0220|189:0040:02B8:0363:0235
round4_castle,0xDC,3054,0x0002,0x0003,0x0000,0x01,0x0056,0x0000,0x0001,actor_2c8,4,0x10C3C8,0x01,0x95,0x01,0x00,0x01,0x00,0x00,0x0227,0x02D0,0x033E,0x00,0x40,0x03,180,10,180:0040:02A0:0334:0217|181:0040:02B0:0335:0217|182:0040:02D8:0349:0217|183:0040:02C8:0347:0217|184:0040:02B8:0365:0217|185:0040:02D8:0348:0227|186:0040:02C8:0346:0227|187:0040:02B8:0364:0227|188:0040:02A8:0356:0222|189:0040:02B8:0363:0237
round4_castle,0xDC,3056,0x0002,0x0003,0x0000,0x01,0x0056,0x0000,0x0001,actor_2c8,4,0x10C3C8,0x01,0x95,0x01,0x00,0x01,0x00,0x00,0x0229,0x02D0,0x033E,0x00,0x40,0x03,180,10,180:0040:02A0:0334:0219|181:0040:02B0:0335:0219|182:0040:02D8:0349:0219|183:0040:02C8:0347:0219|184:0040:02B8:0365:0219|185:0040:02D8:0348:0229|186:0040:02C8:0346:0229|187:0040:02B8:0364:0229|188:0040:02A8:0356:0224|189:0040:02B8:0363:0239
round4_castle,0xDC,3060,0x0002,0x0003,0x0000,0x01,0x0056,0x0000,0x0001,actor_2c8,4,0x10C3C8,0x01,0x94,0x01,0x00,0x01,0x00,0x00,0x022D,0x02D0,0x033E,0x00,0x40,0x03,180,10,180:0040:02A0:0334:021B|181:0040:02B0:0335:021B|182:0040:02D8:0345:021B|183:0040:02C8:0343:021B|184:0040:02B8:0365:021B|185:0040:02D8:0344:022B|186:0040:02C8:0342:022B|187:0040:02B8:0364:022B|188:0040:02A8:0356:0226|189:0040:02B8:0363:023B
round4_castle,0xDC,3062,0x0002,0x0003,0x0000,0x01,0x0056,0x0000,0x0001,actor_2c8,4,0x10C3C8,0x01,0x94,0x01,0x00,0x01,0x00,0x00,0x022F,0x02D0,0x033E,0x00,0x40,0x03,180,10,180:0040:02A0:0334:021D|181:0040:02B0:0335:021D|182:0040:02D8:0345:021D|183:0040:02C8:0343:021D|184:0040:02B8:0365:021D|185:0040:02D8:0344:022D|186:0040:02C8:0342:022D|187:0040:02B8:0364:022D|188:0040:02A8:0356:0228|189:0040:02B8:0363:023D
round4_castle,0xDC,3064,0x0002,0x0003,0x0000,0x01,0x0056,0x0000,0x0001,actor_2c8,4,0x10C3C8,0x01,0x94,0x01,0x00,0x01,0x00,0x00,0x0231,0x02D0,0x033E,0x00,0x40,0x03,180,10,180:0040:02A0:0334:021F|181:0040:02B0:0335:021F|182:0040:02D8:0345:021F|183:0040:02C8:0343:021F|184:0040:02B8:0365:021F|185:0040:02D8:0344:022F|186:0040:02C8:0342:022F|187:0040:02B8:0364:022F|188:0040:02A8:0356:022A|189:0040:02B8:0363:023F
round4_castle,0xDC,3066,0x0002,0x0003,0x0000,0x01,0x0056,0x0000,0x0001,actor_2c8,4,0x10C3C8,0x01,0x94,0x01,0x00,0x01,0x00,0x00,0x0231,0x02D0,0x033E,0x00,0x40,0x03,180,10,180:0040:02A0:0334:0221|181:0040:02B0:0335:0221|182:0040:02D8:0345:0221|183:0040:02C8:0343:0221|184:0040:02B8:0365:0221|185:0040:02D8:0344:0231|186:0040:02C8:0342:0231|187:0040:02B8:0364:0231|188:0040:02A8:0356:022C|189:0040:02B8:0363:0241
round4_castle,0xDC,3102,0x0002,0x0003,0x0000,0x01,0x0056,0x0000,0x0001,actor_2c8,4,0x10C3C8,0x01,0x93,0x01,0x00,0x02,0x00,0x00,0x0231,0x02D0,0x033E,0x00,0x40,0x03,180,10,180:0040:02A0:0334:0221|181:0040:02B0:0335:0221|182:0040:02D8:0345:0221|183:0040:02C8:0343:0221|184:0040:02B8:0365:0221|185:0040:02D8:0344:0231|186:0040:02C8:0342:0231|187:0040:02B8:0364:0231|188:0040:02A8:0356:022C|189:0040:02B8:0363:0241
round4_castle,0xDC,3104,0x0002,0x0003,0x0000,0x01,0x0056,0x0000,0x0001,actor_2c8,4,0x10C3C8,0x01,0x93,0x00,0x00,0x02,0x00,0x00,0x022D,0x02D0,0x033E,0x01,0x40,0x03,180,10,180:0040:02A0:0334:021F|181:0040:02B0:0335:021F|182:0040:02D8:0341:021F|183:0040:02C8:033F:021F|184:0040:02B8:0365:021F|185:0040:02D8:0340:022F|186:0040:02C8:033E:022F|187:0040:02B8:0364:022F|188:0040:02A8:0356:022A|189:0040:02B8:0363:023F
round4_castle,0xDC,3106,0x0002,0x0003,0x0000,0x01,0x0056,0x0000,0x0001,actor_2c8,4,0x10C3C8,0x01,0x93,0x00,0x00,0x02,0x00,0x00,0x0229,0x02D0,0x033E,0x01,0x40,0x03,180,10,180:0040:02A0:0334:021B|181:0040:02B0:0335:021B|182:0040:02D8:0341:021B|183:0040:02C8:033F:021B|184:0040:02B8:0365:021B|185:0040:02D8:0340:022B|186:0040:02C8:033E:022B|187:0040:02B8:0364:022B|188:0040:02A8:0356:0226|189:0040:02B8:0363:023B
round4_castle,0xDC,3112,0x0002,0x0003,0x0000,0x01,0x0056,0x0000,0x0001,actor_2c8,4,0x10C3C8,0x01,0x94,0x00,0x00,0x02,0x00,0x00,0x0221,0x02D0,0x033E,0x01,0x40,0x03,180,10,180:0040:02A0:0334:0211|181:0040:02B0:0335:0211|182:0040:02D8:0345:0211|183:0040:02C8:0343:0211|184:0040:02B8:0365:0211|185:0040:02D8:0344:0221|186:0040:02C8:0342:0221|187:0040:02B8:0364:0221|188:0040:02A8:0356:021C|189:0040:02B8:0363:0231
round4_castle,0xDC,3114,0x0002,0x0003,0x0000,0x01,0x0056,0x0000,0x0001,actor_2c8,4,0x10C3C8,0x01,0x94,0x00,0x00,0x02,0x00,0x00,0x021D,0x02D0,0x033E,0x01,0x40,0x03,180,10,180:0040:02A0:0334:020F|181:0040:02B0:0335:020F|182:0040:02D8:0345:020F|183:0040:02C8:0343:020F|184:0040:02B8:0365:020F|185:0040:02D8:0344:021F|186:0040:02C8:0342:021F|187:0040:02B8:0364:021F|188:0040:02A8:0356:021A|189:0040:02B8:0363:022F
round4_castle,0xDC,3116,0x0002,0x0003,0x0000,0x01,0x0056,0x0000,0x0001,actor_2c8,4,0x10C3C8,0x01,0x95,0x00,0x00,0x02,0x00,0x00,0x0219,0x02D0,0x033E,0x01,0x40,0x03,180,10,180:0040:02A0:0334:020B|181:0040:02B0:0335:020B|182:0040:02D8:0349:020B|183:0040:02C8:0347:020B|184:0040:02B8:0365:020B|185:0040:02D8:0348:021B|186:0040:02C8:0346:021B|187:0040:02B8:0364:021B|188:0040:02A8:0356:0216|189:0040:02B8:0363:022B
round4_castle,0xDC,3118,0x0002,0x0003,0x0000,0x01,0x0056,0x0000,0x0001,actor_2c8,4,0x10C3C8,0x01,0x95,0x00,0x00,0x02,0x00,0x00,0x0217,0x02D0,0x033E,0x01,0x40,0x03,180,10,180:0040:02A0:0334:0209|181:0040:02B0:0335:0209|182:0040:02D8:0349:0209|183:0040:02C8:0347:0209|184:0040:02B8:0365:0209|185:0040:02D8:0348:0219|186:0040:02C8:0346:0219|187:0040:02B8:0364:0219|188:0040:02A8:0356:0214|189:0040:02B8:0363:0229
round4_castle,0xDC,3118,0x0002,0x0003,0x0000,0x01,0x0056,0x0000,0x0001,actor_2c8,7,0x10C488,0x01,0x95,0x00,0x00,0x02,0x00,0x00,0x0147,0x02D0,0x033E,0x00,0x40,0x04,210,10,
round4_castle,0xDC,3120,0x0002,0x0003,0x0000,0x01,0x0056,0x0000,0x0001,actor_2c8,4,0x10C3C8,0x01,0x95,0x00,0x00,0x02,0x00,0x00,0x0213,0x02D0,0x033E,0x01,0x40,0x03,180,10,180:0040:02A0:0334:0205|181:0040:02B0:0335:0205|182:0040:02D8:0349:0205|183:0040:02C8:0347:0205|184:0040:02B8:0365:0205|185:0040:02D8:0348:0215|186:0040:02C8:0346:0215|187:0040:02B8:0364:0215|188:0040:02A8:0356:0210|189:0040:02B8:0363:0225
round4_castle,0xDC,3120,0x0002,0x0003,0x0000,0x01,0x0056,0x0000,0x0001,actor_2c8,7,0x10C488,0x01,0x95,0x00,0x00,0x02,0x00,0x00,0x0145,0x02D0,0x033E,0x00,0x40,0x04,210,10,210:4040:02A0:03A2:0146|211:4040:02B0:03A3:0146|212:4040:02D8:0349:0146|213:4040:02C8:0347:0146|214:4040:02B8:0365:0146|215:4040:02D8:0348:0136|216:4040:02C8:0346:0136|217:4040:02B8:0364:0136|218:4040:02A8:0356:013B|219:4040:02B8:0363:0126
round4_castle,0xDC,3122,0x0002,0x0003,0x0000,0x01,0x0056,0x0000,0x0001,actor_2c8,4,0x10C3C8,0x01,0x95,0x00,0x00,0x02,0x00,0x00,0x0211,0x02D0,0x033E,0x01,0x40,0x03,180,10,180:0040:02A0:0334:0201|181:0040:02B0:0335:0201|182:0040:02D8:0349:0201|183:0040:02C8:0347:0201|184:0040:02B8:0365:0201|185:0040:02D8:0348:0211|186:0040:02C8:0346:0211|187:0040:02B8:0364:0211|188:0040:02A8:0356:020C|189:0040:02B8:0363:0221
round4_castle,0xDC,3122,0x0002,0x0003,0x0000,0x01,0x0056,0x0000,0x0001,actor_2c8,7,0x10C488,0x01,0x95,0x00,0x00,0x02,0x00,0x00,0x0143,0x02D0,0x033E,0x00,0x40,0x04,210,10,210:4040:02A0:03A2:0144|211:4040:02B0:03A3:0144|212:4040:02D8:0349:0144|213:4040:02C8:0347:0144|214:4040:02B8:0365:0144|215:4040:02D8:0348:0134|216:4040:02C8:0346:0134|217:4040:02B8:0364:0134|218:4040:02A8:0356:0139|219:4040:02B8:0363:0124
round4_castle,0xDC,3124,0x0002,0x0003,0x0000,0x01,0x0056,0x0000,0x0001,actor_2c8,4,0x10C3C8,0x01,0x94,0x00,0x00,0x02,0x00,0x00,0x020D,0x02D0,0x033E,0x01,0x40,0x03,180,10,180:0040:02A0:0334:01FF|181:0040:02B0:0335:01FF|182:0040:02D8:0345:01FF|183:0040:02C8:0343:01FF|184:0040:02B8:0365:01FF|185:0040:02D8:0344:020F|186:0040:02C8:0342:020F|187:0040:02B8:0364:020F|188:0040:02A8:0356:020A|189:0040:02B8:0363:021F
round4_castle,0xDC,3124,0x0002,0x0003,0x0000,0x01,0x0056,0x0000,0x0001,actor_2c8,7,0x10C488,0x01,0x94,0x00,0x00,0x02,0x00,0x00,0x0141,0x02D0,0x033E,0x00,0x40,0x04,210,10,210:4040:02A0:03A2:0142|211:4040:02B0:03A3:0142|212:4040:02D8:0345:0142|213:4040:02C8:0343:0142|214:4040:02B8:0365:0142|215:4040:02D8:0344:0132|216:4040:02C8:0342:0132|217:4040:02B8:0364:0132|218:4040:02A8:0356:0137|219:4040:02B8:0363:0122
round4_castle,0xDC,3126,0x0002,0x0003,0x0000,0x01,0x0056,0x0000,0x0001,actor_2c8,4,0x10C3C8,0x01,0x94,0x00,0x00,0x02,0x00,0x00,0x0209,0x02D0,0x033E,0x00,0x40,0x03,180,10,180:0040:02A0:0334:01FB|181:0040:02B0:0335:01FB|182:0040:02D8:0345:01FB|183:0040:02C8:0343:01FB|184:0040:02B8:0365:01FB|185:0040:02D8:0344:020B|186:0040:02C8:0342:020B|187:0040:02B8:0364:020B|188:0040:02A8:0356:0206|189:0040:02B8:0363:021B
round4_castle,0xDC,3126,0x0002,0x0003,0x0000,0x01,0x0056,0x0000,0x0001,actor_2c8,7,0x10C488,0x01,0x94,0x00,0x00,0x02,0x00,0x00,0x0141,0x02D0,0x033E,0x00,0x40,0x04,210,10,210:4040:02A0:03A2:0140|211:4040:02B0:03A3:0140|212:4040:02D8:0345:0140|213:4040:02C8:0343:0140|214:4040:02B8:0365:0140|215:4040:02D8:0344:0130|216:4040:02C8:0342:0130|217:4040:02B8:0364:0130|218:4040:02A8:0356:0135|219:4040:02B8:0363:0120
round4_castle,0xDC,3128,0x0002,0x0003,0x0000,0x01,0x0056,0x0000,0x0001,actor_2c8,4,0x10C3C8,0x01,0x94,0x00,0x00,0x02,0x00,0x00,0x0207,0x02D0,0x033E,0x00,0x40,0x03,180,10,180:4040:02A0:0334:0208|181:4040:02B0:0335:0208|182:4040:02D8:0345:0208|183:4040:02C8:0343:0208|184:4040:02B8:0365:0208|185:4040:02D8:0344:01F8|186:4040:02C8:0342:01F8|187:4040:02B8:0364:01F8|188:4040:02A8:0356:01FD|189:4040:02B8:0363:01E8
round4_castle,0xDC,3128,0x0002,0x0003,0x0000,0x01,0x0056,0x0000,0x0001,actor_2c8,7,0x10C488,0x01,0x94,0x00,0x00,0x02,0x00,0x00,0x013F,0x02D0,0x033E,0x00,0x40,0x04,210,10,210:4040:02A0:03A2:013E|211:4040:02B0:03A3:013E|212:4040:02D8:0345:013E|213:4040:02C8:0343:013E|214:4040:02B8:0365:013E|215:4040:02D8:0344:012E|216:4040:02C8:0342:012E|217:4040:02B8:0364:012E|218:4040:02A8:0356:0133|219:4040:02B8:0363:011E
round4_castle,0xDC,3130,0x0002,0x0003,0x0000,0x01,0x0056,0x0000,0x0001,actor_2c8,4,0x10C3C8,0x01,0x94,0x00,0x00,0x02,0x00,0x00,0x0205,0x02D0,0x033E,0x00,0x40,0x03,180,10,180:4040:02A0:0334:0206|181:4040:02B0:0335:0206|182:4040:02D8:0345:0206|183:4040:02C8:0343:0206|184:4040:02B8:0365:0206|185:4040:02D8:0344:01F6|186:4040:02C8:0342:01F6|187:4040:02B8:0364:01F6|188:4040:02A8:0356:01FB|189:4040:02B8:0363:01E6
round4_castle,0xDC,3130,0x0002,0x0003,0x0000,0x01,0x0056,0x0000,0x0001,actor_2c8,7,0x10C488,0x01,0x94,0x00,0x00,0x02,0x00,0x00,0x013D,0x02D0,0x033E,0x00,0x40,0x04,210,10,210:4040:02A0:03A2:013C|211:4040:02B0:03A3:013C|212:4040:02D8:0345:013C|213:4040:02C8:0343:013C|214:4040:02B8:0365:013C|215:4040:02D8:0344:012C|216:4040:02C8:0342:012C|217:4040:02B8:0364:012C|218:4040:02A8:0356:0131|219:4040:02B8:0363:011C
round4_castle,0xDC,3132,0x0002,0x0003,0x0000,0x01,0x0056,0x0000,0x0001,actor_2c8,4,0x10C3C8,0x01,0x93,0x00,0x00,0x02,0x00,0x00,0x0203,0x02D0,0x033E,0x00,0x40,0x03,180,10,180:4040:02A0:0334:0204|181:4040:02B0:0335:0204|182:4040:02D8:0341:0204|183:4040:02C8:033F:0204|184:4040:02B8:0365:0204|185:4040:02D8:0340:01F4|186:4040:02C8:033E:01F4|187:4040:02B8:0364:01F4|188:4040:02A8:0356:01F9|189:4040:02B8:0363:01E4
round4_castle,0xDC,3132,0x0002,0x0003,0x0000,0x01,0x0056,0x0000,0x0001,actor_2c8,7,0x10C488,0x01,0x93,0x00,0x00,0x02,0x00,0x00,0x013B,0x02D0,0x033E,0x00,0x40,0x04,210,10,210:4040:02A0:03A2:013A|211:4040:02B0:03A3:013A|212:4040:02D8:0341:013A|213:4040:02C8:033F:013A|214:4040:02B8:0365:013A|215:4040:02D8:0340:012A|216:4040:02C8:033E:012A|217:4040:02B8:0364:012A|218:4040:02A8:0356:012F|219:4040:02B8:0363:011A
round4_castle,0xDC,3134,0x0002,0x0003,0x0000,0x01,0x0056,0x0000,0x0001,actor_2c8,4,0x10C3C8,0x01,0x93,0x00,0x00,0x02,0x00,0x00,0x0201,0x02D0,0x033E,0x00,0x40,0x03,180,10,180:4040:02A0:0334:0202|181:4040:02B0:0335:0202|182:4040:02D8:0341:0202|183:4040:02C8:033F:0202|184:4040:02B8:0365:0202|185:4040:02D8:0340:01F2|186:4040:02C8:033E:01F2|187:4040:02B8:0364:01F2|188:4040:02A8:0356:01F7|189:4040:02B8:0363:01E2
round4_castle,0xDC,3134,0x0002,0x0003,0x0000,0x01,0x0056,0x0000,0x0001,actor_2c8,7,0x10C488,0x01,0x93,0x00,0x00,0x02,0x00,0x00,0x0139,0x02D0,0x033E,0x00,0x40,0x04,210,10,210:4040:02A0:03A2:0138|211:4040:02B0:03A3:0138|212:4040:02D8:0341:0138|213:4040:02C8:033F:0138|214:4040:02B8:0365:0138|215:4040:02D8:0340:0128|216:4040:02C8:033E:0128|217:4040:02B8:0364:0128|218:4040:02A8:0356:012D|219:4040:02B8:0363:0118
round4_castle,0xDC,3136,0x0002,0x0003,0x0000,0x01,0x0056,0x0000,0x0001,actor_2c8,4,0x10C3C8,0x01,0x93,0x00,0x00,0x02,0x00,0x00,0x0201,0x02D0,0x033E,0x00,0x40,0x03,180,10,180:4040:02A0:0334:0200|181:4040:02B0:0335:0200|182:4040:02D8:0341:0200|183:4040:02C8:033F:0200|184:4040:02B8:0365:0200|185:4040:02D8:0340:01F0|186:4040:02C8:033E:01F0|187:4040:02B8:0364:01F0|188:4040:02A8:0356:01F5|189:4040:02B8:0363:01E0
round4_castle,0xDC,3138,0x0002,0x0003,0x0000,0x01,0x0056,0x0000,0x0001,actor_2c8,4,0x10C3C8,0x01,0x93,0x00,0x00,0x02,0x00,0x00,0x01FF,0x02D0,0x033E,0x00,0x40,0x03,180,10,180:4040:02A0:0334:01FE|181:4040:02B0:0335:01FE|182:4040:02D8:0341:01FE|183:4040:02C8:033F:01FE|184:4040:02B8:0365:01FE|185:4040:02D8:0340:01EE|186:4040:02C8:033E:01EE|187:4040:02B8:0364:01EE|188:4040:02A8:0356:01F3|189:4040:02B8:0363:01DE
round4_castle,0xDC,3138,0x0002,0x0003,0x0000,0x01,0x0056,0x0000,0x0001,actor_2c8,7,0x10C488,0x01,0x93,0x00,0x00,0x02,0x00,0x00,0x0135,0x02D0,0x033E,0x00,0x40,0x04,210,10,210:4040:02A0:03A2:0136|211:4040:02B0:03A3:0136|212:4040:02D8:0341:0136|213:4040:02C8:033F:0136|214:4040:02B8:0365:0136|215:4040:02D8:0340:0126|216:4040:02C8:033E:0126|217:4040:02B8:0364:0126|218:4040:02A8:0356:012B|219:4040:02B8:0363:0116
round4_castle,0xDC,3140,0x0002,0x0003,0x0000,0x01,0x0056,0x0000,0x0001,actor_2c8,4,0x10C3C8,0x01,0x94,0x00,0x00,0x02,0x00,0x00,0x01FD,0x02D0,0x033E,0x00,0x40,0x03,180,10,180:4040:02A0:0334:01FC|181:4040:02B0:0335:01FC|182:4040:02D8:0345:01FC|183:4040:02C8:0343:01FC|184:4040:02B8:0365:01FC|185:4040:02D8:0344:01EC|186:4040:02C8:0342:01EC|187:4040:02B8:0364:01EC|188:4040:02A8:0356:01F1|189:4040:02B8:0363:01DC
round4_castle,0xDC,3140,0x0002,0x0003,0x0000,0x01,0x0056,0x0000,0x0001,actor_2c8,7,0x10C488,0x01,0x94,0x00,0x00,0x02,0x00,0x00,0x0133,0x02D0,0x033E,0x00,0x40,0x04,210,10,210:4040:02A0:03A2:0134|211:4040:02B0:03A3:0134|212:4040:02D8:0345:0134|213:4040:02C8:0343:0134|214:4040:02B8:0365:0134|215:4040:02D8:0344:0124|216:4040:02C8:0342:0124|217:4040:02B8:0364:0124|218:4040:02A8:0356:0129|219:4040:02B8:0363:0114
round4_castle,0xDC,3142,0x0002,0x0003,0x0000,0x01,0x0056,0x0000,0x0001,actor_2c8,4,0x10C3C8,0x01,0x94,0x00,0x00,0x02,0x00,0x00,0x01FB,0x02D0,0x033E,0x00,0x40,0x03,180,10,180:4040:02A0:0334:01FA|181:4040:02B0:0335:01FA|182:4040:02D8:0345:01FA|183:4040:02C8:0343:01FA|184:4040:02B8:0365:01FA|185:4040:02D8:0344:01EA|186:4040:02C8:0342:01EA|187:4040:02B8:0364:01EA|188:4040:02A8:0356:01EF|189:4040:02B8:0363:01DA
round4_castle,0xDC,3142,0x0002,0x0003,0x0000,0x01,0x0056,0x0000,0x0001,actor_2c8,7,0x10C488,0x01,0x94,0x00,0x00,0x02,0x00,0x00,0x0131,0x02D0,0x033E,0x00,0x40,0x04,210,10,210:4040:02A0:03A2:0132|211:4040:02B0:03A3:0132|212:4040:02D8:0345:0132|213:4040:02C8:0343:0132|214:4040:02B8:0365:0132|215:4040:02D8:0344:0122|216:4040:02C8:0342:0122|217:4040:02B8:0364:0122|218:4040:02A8:0356:0127|219:4040:02B8:0363:0112
round4_castle,0xDC,3144,0x0002,0x0003,0x0000,0x01,0x0056,0x0000,0x0001,actor_2c8,4,0x10C3C8,0x01,0x94,0x00,0x00,0x02,0x00,0x00,0x01F9,0x02D0,0x033E,0x00,0x40,0x03,180,10,180:4040:02A0:0334:01F8|181:4040:02B0:0335:01F8|182:4040:02D8:0345:01F8|183:4040:02C8:0343:01F8|184:4040:02B8:0365:01F8|185:4040:02D8:0344:01E8|186:4040:02C8:0342:01E8|187:4040:02B8:0364:01E8|188:4040:02A8:0356:01ED|189:4040:02B8:0363:01D8
round4_castle,0xDC,3144,0x0002,0x0003,0x0000,0x01,0x0056,0x0000,0x0001,actor_2c8,7,0x10C488,0x01,0x94,0x00,0x00,0x02,0x00,0x00,0x0131,0x02D0,0x033E,0x00,0x40,0x04,210,10,210:4040:02A0:03A2:0130|211:4040:02B0:03A3:0130|212:4040:02D8:0345:0130|213:4040:02C8:0343:0130|214:4040:02B8:0365:0130|215:4040:02D8:0344:0120|216:4040:02C8:0342:0120|217:4040:02B8:0364:0120|218:4040:02A8:0356:0125|219:4040:02B8:0363:0110
round4_castle,0xDC,3146,0x0002,0x0003,0x0000,0x01,0x0056,0x0000,0x0001,actor_2c8,7,0x10C488,0x01,0x94,0x00,0x00,0x02,0x00,0x00,0x012F,0x02D0,0x033E,0x00,0x40,0x04,210,10,210:4040:02A0:03A2:012E|211:4040:02B0:03A3:012E|212:4040:02D8:0345:012E|213:4040:02C8:0343:012E|214:4040:02B8:0365:012E|215:4040:02D8:0344:011E|216:4040:02C8:0342:011E|217:4040:02B8:0364:011E|218:4040:02A8:0356:0123|219:4040:02B8:0363:010E
round4_castle,0xDC,3148,0x0002,0x0003,0x0000,0x01,0x0056,0x0000,0x0001,actor_2c8,4,0x10C3C8,0x01,0x95,0x00,0x00,0x02,0x00,0x00,0x01F5,0x02D0,0x033E,0x00,0x40,0x03,180,10,180:4040:02A0:0334:01F6|181:4040:02B0:0335:01F6|182:4040:02D8:0349:01F6|183:4040:02C8:0347:01F6|184:4040:02B8:0365:01F6|185:4040:02D8:0348:01E6|186:4040:02C8:0346:01E6|187:4040:02B8:0364:01E6|188:4040:02A8:0356:01EB|189:4040:02B8:0363:01D6
round4_castle,0xDC,3148,0x0002,0x0003,0x0000,0x01,0x0056,0x0000,0x0001,actor_2c8,7,0x10C488,0x01,0x95,0x00,0x00,0x02,0x00,0x00,0x012D,0x02D0,0x033E,0x00,0x40,0x04,210,10,210:4040:02A0:03A2:012C|211:4040:02B0:03A3:012C|212:4040:02D8:0349:012C|213:4040:02C8:0347:012C|214:4040:02B8:0365:012C|215:4040:02D8:0348:011C|216:4040:02C8:0346:011C|217:4040:02B8:0364:011C|218:4040:02A8:0356:0121|219:4040:02B8:0363:010C
round4_castle,0xDC,3150,0x0002,0x0003,0x0000,0x01,0x0056,0x0000,0x0001,actor_2c8,4,0x10C3C8,0x01,0x95,0x00,0x00,0x02,0x00,0x00,0x01F3,0x02D0,0x033E,0x00,0x40,0x03,180,10,180:4040:02A0:0334:01F4|181:4040:02B0:0335:01F4|182:4040:02D8:0349:01F4|183:4040:02C8:0347:01F4|184:4040:02B8:0365:01F4|185:4040:02D8:0348:01E4|186:4040:02C8:0346:01E4|187:4040:02B8:0364:01E4|188:4040:02A8:0356:01E9|189:4040:02B8:0363:01D4
round4_castle,0xDC,3150,0x0002,0x0003,0x0000,0x01,0x0056,0x0000,0x0001,actor_2c8,7,0x10C488,0x01,0x95,0x00,0x00,0x02,0x00,0x00,0x012B,0x02D0,0x033E,0x00,0x40,0x04,210,10,210:4040:02A0:03A2:012A|211:4040:02B0:03A3:012A|212:4040:02D8:0349:012A|213:4040:02C8:0347:012A|214:4040:02B8:0365:012A|215:4040:02D8:0348:011A|216:4040:02C8:0346:011A|217:4040:02B8:0364:011A|218:4040:02A8:0356:011F|219:4040:02B8:0363:010A
round4_castle,0xDC,3152,0x0002,0x0003,0x0000,0x01,0x0056,0x0000,0x0001,actor_2c8,4,0x10C3C8,0x01,0x95,0x00,0x00,0x02,0x00,0x00,0x01F1,0x02D0,0x033E,0x00,0x40,0x03,180,10,180:4040:02A0:0334:01F2|181:4040:02B0:0335:01F2|182:4040:02D8:0349:01F2|183:4040:02C8:0347:01F2|184:4040:02B8:0365:01F2|185:4040:02D8:0348:01E2|186:4040:02C8:0346:01E2|187:4040:02B8:0364:01E2|188:4040:02A8:0356:01E7|189:4040:02B8:0363:01D2
round4_castle,0xDC,3152,0x0002,0x0003,0x0000,0x01,0x0056,0x0000,0x0001,actor_2c8,7,0x10C488,0x01,0x95,0x00,0x00,0x02,0x00,0x00,0x0129,0x02D0,0x033E,0x00,0x40,0x04,210,10,210:4040:02A0:03A2:0128|211:4040:02B0:03A3:0128|212:4040:02D8:0349:0128|213:4040:02C8:0347:0128|214:4040:02B8:0365:0128|215:4040:02D8:0348:0118|216:4040:02C8:0346:0118|217:4040:02B8:0364:0118|218:4040:02A8:0356:011D|219:4040:02B8:0363:0108
round4_castle,0xDC,3154,0x0002,0x0003,0x0000,0x01,0x0056,0x0000,0x0001,actor_2c8,4,0x10C3C8,0x01,0x95,0x00,0x00,0x02,0x00,0x00,0x01ED,0x02D0,0x033E,0x00,0x40,0x03,180,10,180:4040:02A0:0334:01EE|181:4040:02B0:0335:01EE|182:4040:02D8:0349:01EE|183:4040:02C8:0347:01EE|184:4040:02B8:0365:01EE|185:4040:02D8:0348:01DE|186:4040:02C8:0346:01DE|187:4040:02B8:0364:01DE|188:4040:02A8:0356:01E3|189:4040:02B8:0363:01CE
round4_castle,0xDC,3154,0x0002,0x0003,0x0000,0x01,0x0056,0x0000,0x0001,actor_2c8,7,0x10C488,0x01,0x95,0x00,0x00,0x02,0x00,0x00,0x0123,0x02D0,0x033E,0x00,0x40,0x04,210,10,210:4040:02A0:03A2:0126|211:4040:02B0:03A3:0126|212:4040:02D8:0349:0126|213:4040:02C8:0347:0126|214:4040:02B8:0365:0126|215:4040:02D8:0348:0116|216:4040:02C8:0346:0116|217:4040:02B8:0364:0116|218:4040:02A8:0356:011B|219:4040:02B8:0363:0106
round4_castle,0xDC,3156,0x0002,0x0003,0x0000,0x01,0x0056,0x0000,0x0001,actor_2c8,7,0x10C488,0x01,0x94,0x00,0x00,0x02,0x00,0x00,0x011D,0x02D0,0x033E,0x00,0x40,0x04,210,10,210:4040:02A0:03A2:0120|211:4040:02B0:03A3:0120|212:4040:02D8:0345:0120|213:4040:02C8:0343:0120|214:4040:02B8:0365:0120|215:4040:02D8:0344:0110|216:4040:02C8:0342:0110|217:4040:02B8:0364:0110|218:4040:02A8:0356:0115|219:4040:02B8:0363:0100
round4_castle,0xDC,3158,0x0002,0x0003,0x0000,0x01,0x0056,0x0000,0x0001,actor_2c8,7,0x10C488,0x01,0x94,0x00,0x00,0x02,0x00,0x00,0x0117,0x02D0,0x033E,0x00,0x40,0x04,210,10,210:4040:02A0:03A2:011A|211:4040:02B0:03A3:011A|212:4040:02D8:0345:011A|213:4040:02C8:0343:011A|214:4040:02B8:0365:011A|215:4040:02D8:0344:010A|216:4040:02C8:0342:010A|217:4040:02B8:0364:010A|218:4040:02A8:0356:010F|219:4040:02B8:0363:00FA
round4_castle,0xDC,3160,0x0002,0x0003,0x0000,0x01,0x0056,0x0000,0x0001,actor_2c8,7,0x10C488,0x01,0x94,0x00,0x00,0x02,0x00,0x00,0x0111,0x02D0,0x033E,0x00,0x40,0x04,210,10,210:4040:02A0:03A2:0114|211:4040:02B0:03A3:0114|212:4040:02D8:0345:0114|213:4040:02C8:0343:0114|214:4040:02B8:0365:0114|215:4040:02D8:0344:0104|216:4040:02C8:0342:0104|217:4040:02B8:0364:0104|218:4040:02A8:0356:0109|219:4040:02B8:0363:00F4
round4_castle,0xDC,3162,0x0002,0x0003,0x0000,0x01,0x0056,0x0000,0x0001,actor_2c8,7,0x10C488,0x01,0x94,0x00,0x00,0x02,0x00,0x00,0x010D,0x02D0,0x033E,0x00,0x40,0x04,210,10,210:4040:02A0:03A2:010E|211:4040:02B0:03A3:010E|212:4040:02D8:0345:010E|213:4040:02C8:0343:010E|214:4040:02B8:0365:010E|215:4040:02D8:0344:00FE|216:4040:02C8:0342:00FE|217:4040:02B8:0364:00FE|218:4040:02A8:0356:0103|219:4040:02B8:0363:00EE
round4_castle,0xDC,3164,0x0002,0x0003,0x0000,0x01,0x0056,0x0000,0x0001,actor_2c8,7,0x10C488,0x01,0x93,0x00,0x00,0x02,0x00,0x00,0x0107,0x02D0,0x033E,0x00,0x40,0x04,210,10,210:4040:02A0:03A2:0108|211:4040:02B0:03A3:0108|212:4040:02D8:0341:0108|213:4040:02C8:033F:0108|214:4040:02B8:0365:0108|215:4040:02D8:0340:00F8|216:4040:02C8:033E:00F8|217:4040:02B8:0364:00F8|218:4040:02A8:0356:00FD|219:4040:02B8:0363:00E8
round4_castle,0xDC,3166,0x0002,0x0003,0x0000,0x01,0x0056,0x0000,0x0001,actor_2c8,7,0x10C488,0x01,0x93,0x00,0x00,0x02,0x00,0x00,0x0101,0x02D0,0x033E,0x00,0x40,0x04,210,10,210:4040:02A0:03A2:0102|211:4040:02B0:03A3:0102|212:4040:02D8:0341:0102|213:4040:02C8:033F:0102|214:4040:02B8:0365:0102|215:4040:02D8:0340:00F2|216:4040:02C8:033E:00F2|217:4040:02B8:0364:00F2|218:4040:02A8:0356:00F7|219:4040:02B8:0363:00E2
round4_castle,0xDC,3168,0x0002,0x0003,0x0000,0x01,0x0056,0x0000,0x0001,actor_2c8,7,0x10C488,0x01,0x93,0x00,0x00,0x02,0x00,0x00,0x00FB,0x02D0,0x033E,0x00,0x40,0x04,210,10,210:4040:02A0:03A2:00FC|211:4040:02B0:03A3:00FC|212:4040:02D8:0341:00FC|213:4040:02C8:033F:00FC|214:4040:02B8:0365:00FC|215:4040:02D8:0340:00EC|216:4040:02C8:033E:00EC|217:4040:02B8:0364:00EC|218:4040:02A8:0356:00F1|219:4040:02B8:0363:00DC
round4_castle,0xDC,3170,0x0002,0x0003,0x0000,0x01,0x0056,0x0000,0x0001,actor_2c8,7,0x10C488,0x01,0x93,0x00,0x00,0x02,0x00,0x00,0x00F5,0x02D0,0x033E,0x00,0x40,0x04,210,10,210:4040:02A0:03A2:00F6|211:4040:02B0:03A3:00F6|212:4040:02D8:0341:00F6|213:4040:02C8:033F:00F6|214:4040:02B8:0365:00F6|215:4040:02D8:0340:00E6|216:4040:02C8:033E:00E6|217:4040:02B8:0364:00E6|218:4040:02A8:0356:00EB|219:4040:02B8:0363:00D6
round4_castle,0xDC,3172,0x0002,0x0003,0x0000,0x01,0x0056,0x0000,0x0001,actor_2c8,7,0x10C488,0x01,0x94,0x00,0x00,0x02,0x00,0x00,0x00EF,0x02D0,0x033E,0x00,0x40,0x04,210,10,210:4040:02A0:03A2:00F2|211:4040:02B0:03A3:00F2|212:4040:02D8:0345:00F2|213:4040:02C8:0343:00F2|214:4040:02B8:0365:00F2|215:4040:02D8:0344:00E2|216:4040:02C8:0342:00E2|217:4040:02B8:0364:00E2|218:4040:02A8:0356:00E7|219:4040:02B8:0363:00D2
round4_castle,0xDC,3174,0x0002,0x0003,0x0000,0x01,0x0056,0x0000,0x0001,actor_2c8,7,0x10C488,0x01,0x94,0x00,0x00,0x02,0x00,0x00,0x00E9,0x02D0,0x033E,0x00,0x40,0x04,210,10,210:4040:02A0:03A2:00EC|211:4040:02B0:03A3:00EC|212:4040:02D8:0345:00EC|213:4040:02C8:0343:00EC|214:4040:02B8:0365:00EC|215:4040:02D8:0344:00DC|216:4040:02C8:0342:00DC|217:4040:02B8:0364:00DC|218:4040:02A8:0356:00E1|219:4040:02B8:0363:00CC
round4_castle,0xDC,3176,0x0002,0x0003,0x0000,0x01,0x0056,0x0000,0x0001,actor_2c8,7,0x10C488,0x01,0x94,0x00,0x00,0x02,0x00,0x00,0x00E5,0x02D0,0x033E,0x00,0x40,0x04,210,10,210:4040:02A0:03A2:00E6|211:4040:02B0:03A3:00E6|212:4040:02D8:0345:00E6|213:4040:02C8:0343:00E6|214:4040:02B8:0365:00E6|215:4040:02D8:0344:00D6|216:4040:02C8:0342:00D6|217:4040:02B8:0364:00D6|218:4040:02A8:0356:00DB|219:4040:02B8:0363:00C6
round4_castle,0xDC,3180,0x0002,0x0003,0x0000,0x01,0x0056,0x0000,0x0001,actor_2c8,7,0x10C488,0x01,0x95,0x00,0x00,0x02,0x00,0x00,0x00E3,0x02D0,0x033E,0x00,0x40,0x04,210,10,210:4040:02A0:03A2:00E2|211:4040:02B0:03A3:00E2|212:4040:02D8:0349:00E2|213:4040:02C8:0347:00E2|214:4040:02B8:0365:00E2|215:4040:02D8:0348:00D2|216:4040:02C8:0346:00D2|217:4040:02B8:0364:00D2|218:4040:02A8:0356:00D7|219:4040:02B8:0363:00C2
round4_castle,0xDC,3182,0x0002,0x0003,0x0000,0x01,0x0056,0x0000,0x0001,actor_2c8,7,0x10C488,0x01,0x93,0x00,0x00,0x1F,0x00,0x00,0x00E3,0x02D0,0x033E,0x00,0x40,0x04,210,10,210:4040:02A0:03A2:00E2|211:4040:02B0:03A3:00E2|212:4040:02D8:0341:00E2|213:4040:02C8:033F:00E2|214:4040:02B8:0365:00E2|215:4040:02D8:0340:00D2|216:4040:02C8:033E:00D2|217:4040:02B8:0364:00D2|218:4040:02A8:0356:00D7|219:4040:02B8:0363:00C2
round4_castle,0xDC,3184,0x0002,0x0003,0x0000,0x01,0x0056,0x0000,0x0001,actor_2c8,7,0x10C488,0x01,0xA1,0x00,0x00,0x1F,0x00,0x00,0x00E3,0x02D0,0x033E,0x00,0x40,0x04,210,10,210:4040:02A0:03A2:00E2|211:4040:02B0:03A3:00E2|212:4040:02D8:0341:00E2|213:4040:02C8:033F:00E2|214:4040:02B8:0365:00E2|215:4040:02D8:0340:00D2|216:4040:02C8:033E:00D2|217:4040:02B8:0364:00D2|218:4040:02A8:0356:00D7|219:4040:02B8:0363:00C2
round4_castle,0xDC,3186,0x0002,0x0003,0x0000,0x01,0x0056,0x0000,0x0001,actor_2c8,7,0x10C488,0x01,0xA1,0x00,0x00,0x1F,0x00,0x00,0x00E3,0x02D0,0x033E,0x00,0x40,0x04,210,10,210:4040:02A0:03A2:00E2|211:4040:02B0:03A3:00E2|212:4040:02B8:0357:00D2|213:4040:02A8:0356:00D7|214:4040:02B8:0358:00E2|215:4040:02D8:0341:00E2|216:4040:02C8:033F:00E2|217:4040:02D8:0340:00D2|218:4040:02C8:033E:00D2
round4_castle,0xDC,3188,0x0002,0x0003,0x0000,0x01,0x0056,0x0000,0x0001,actor_2c8,7,0x10C488,0x01,0xA2,0x00,0x00,0x1F,0x00,0x00,0x00E3,0x02D0,0x033E,0x00,0x40,0x04,210,10,210:4040:02A8:03A4:00FA|211:4040:02A8:03A5:00EA|212:4040:02B8:03A6:00EA|213:4040:02B8:0359:00D2|214:4040:02A8:0356:00D7|215:4040:02B8:035A:00E2|216:4040:02D8:0341:00E2|217:4040:02C8:033F:00E2|218:4040:02D8:0340:00D2|219:4040:02C8:033E:00D2
round4_castle,0xDC,3190,0x0002,0x0003,0x0000,0x01,0x0056,0x0000,0x0001,actor_2c8,7,0x10C488,0x01,0xA3,0x00,0x00,0x1F,0x00,0x00,0x00E3,0x02D0,0x033E,0x00,0x40,0x04,210,10,210:4040:02A8:03A4:00FA|211:4040:02A8:03A5:00EA|212:4040:02B8:03A6:00EA|213:4040:02B8:0359:00D2|214:4040:02A8:0356:00D7|215:4040:02B8:035A:00E2|216:4040:02D8:0341:00E2|217:4040:02C8:033F:00E2|218:4040:02D8:0340:00D2|219:4040:02C8:033E:00D2
round4_castle,0xDC,3192,0x0002,0x0003,0x0000,0x01,0x0056,0x0000,0x0001,actor_2c8,7,0x10C488,0x01,0xA3,0x00,0x00,0x1F,0x00,0x00,0x00E2,0x02D0,0x033E,0x00,0x40,0x04,210,10,210:4040:02B8:03A9:00EA|211:4040:02B8:03A8:00FA|212:4040:02A8:03A7:0102|213:4040:02B8:035B:00D2|214:4040:02A8:0356:00D7|215:4040:02B8:035C:00E2|216:4040:02D8:0341:00E2|217:4040:02C8:033F:00E2|218:4040:02D8:0340:00D2|219:4040:02C8:033E:00D2
round4_castle,0xDC,3194,0x0002,0x0003,0x0000,0x01,0x0056,0x0000,0x0001,actor_2c8,7,0x10C488,0x01,0xA4,0x00,0x00,0x1F,0x00,0x00,0x00E0,0x02D0,0x033E,0x00,0x40,0x04,210,10,210:4040:02C0:03AB:00E0|211:4040:02C0:03AA:00F0|212:4040:02B8:035D:00D0|213:4040:02A8:0356:00D5|214:4040:02B8:035E:00E0|215:4040:02D8:0341:00E0|216:4040:02C8:033F:00E0|217:4040:02D8:0340:00D0|218:4040:02C8:033E:00D0
round4_castle,0xDC,3196,0x0002,0x0003,0x0000,0x01,0x0056,0x0000,0x0001,actor_2c8,7,0x10C488,0x01,0xA5,0x00,0x00,0x1F,0x00,0x00,0x00DE,0x02D0,0x033E,0x00,0x40,0x04,210,10,210:4040:02C0:03AB:00DE|211:4040:02C0:03AA:00EE|212:4040:02B8:035D:00CE|213:4040:02A8:0356:00D3|214:4040:02B8:035E:00DE|215:4040:02D8:0341:00DE|216:4040:02C8:033F:00DE|217:4040:02D8:0340:00CE|218:4040:02C8:033E:00CE
round4_castle,0xDC,3198,0x0002,0x0003,0x0000,0x01,0x0056,0x0000,0x0001,actor_2c8,7,0x10C488,0x01,0xA5,0x00,0x00,0x1F,0x00,0x00,0x00DC,0x02D0,0x033E,0x00,0x40,0x04,210,10,210:4040:02C0:03AC:00C4|211:4040:02C8:03AD:00BC|212:4040:02B8:035F:00CC|213:4040:02A8:0356:00D1|214:4040:02B8:0360:00DC|215:4040:02D8:0341:00DC|216:4040:02C8:033F:00DC|217:4040:02D8:0340:00CC|218:4040:02C8:033E:00CC
round4_castle,0xDC,3200,0x0002,0x0003,0x0000,0x01,0x0056,0x0000,0x0001,actor_2c8,7,0x10C488,0x01,0xA6,0x00,0x00,0x1F,0x00,0x00,0x00DA,0x02D0,0x033E,0x00,0x40,0x04,210,10,210:4040:02B8:03B0:0092|211:4040:02B8:03AF:00A2|212:4040:02B8:03AE:00B2|213:4040:02B8:0361:00C2|214:4040:02A8:0356:00CE|215:4040:02B8:0362:00D2|216:4040:02D8:0341:00DA|217:4040:02C8:033F:00DA|218:4040:02D8:0340:00CA|219:4040:02C8:033E:00CA
round4_castle,0xDC,3202,0x0002,0x0003,0x0000,0x01,0x0056,0x0000,0x0001,actor_2c8,7,0x10C488,0x01,0xA6,0x00,0x00,0x1F,0x00,0x00,0x00D8,0x02D0,0x033E,0x00,0x40,0x04,210,10,210:4040:02B8:03B0:0090|211:4040:02B8:03AF:00A0|212:4040:02B8:03AE:00B0|213:4040:02B8:0361:00C0|214:4040:02A8:0356:00CC|215:4040:02B8:0362:00D0|216:4040:02D8:0341:00D8|217:4040:02C8:033F:00D8|218:4040:02D8:0340:00C8|219:4040:02C8:033E:00C8
round4_castle,0xDC,3204,0x0002,0x0003,0x0000,0x01,0x0056,0x0000,0x0001,actor_2c8,7,0x10C488,0x01,0xA6,0x00,0x00,0x1F,0x00,0x00,0x00D6,0x02D0,0x033E,0x00,0x40,0x04,210,10,210:4040:02B8:03B0:008E|211:4040:02B8:03AF:009E|212:4040:02B8:03AE:00AE|213:4040:02B8:0361:00BE|214:4040:02A8:0356:00CA|215:4040:02B8:0362:00CE|216:4040:02D8:0341:00D6|217:4040:02C8:033F:00D6|218:4040:02D8:0340:00C6|219:4040:02C8:033E:00C6
round4_castle,0xDC,3206,0x0002,0x0003,0x0000,0x01,0x0056,0x0000,0x0001,actor_2c8,7,0x10C488,0x01,0xA5,0x00,0x00,0x1F,0x00,0x00,0x00D4,0x02D0,0x033E,0x00,0x40,0x04,210,10,210:4040:02C0:03AC:00BC|211:4040:02C8:03AD:00B4|212:4040:02B8:035F:00C4|213:4040:02A8:0356:00C9|214:4040:02B8:0360:00D4|215:4040:02D8:0341:00D4|216:4040:02C8:033F:00D4|217:4040:02D8:0340:00C4|218:4040:02C8:033E:00C4
round4_castle,0xDC,3208,0x0002,0x0003,0x0000,0x01,0x0056,0x0000,0x0001,actor_2c8,7,0x10C488,0x01,0xA4,0x00,0x00,0x1F,0x00,0x00,0x00D0,0x02D0,0x033E,0x00,0x40,0x04,210,10,210:4040:02C0:03AC:00B9|211:4040:02C8:03AD:00B1|212:4040:02B8:035F:00C1|213:4040:02A8:0356:00C6|214:4040:02B8:0360:00D1|215:4040:02D8:0341:00D1|216:4040:02C8:033F:00D1|217:4040:02D8:0340:00C1|218:4040:02C8:033E:00C1
round4_castle,0xDC,3210,0x0002,0x0003,0x0000,0x01,0x0056,0x0000,0x0001,actor_2c8,7,0x10C488,0x01,0xA4,0x00,0x00,0x1F,0x00,0x00,0x00CC,0x02D0,0x033E,0x00,0x40,0x04,210,10,210:4040:02C0:03AB:00CD|211:4040:02C0:03AA:00DD|212:4040:02B8:035D:00BD|213:4040:02A8:0356:00C2|214:4040:02B8:035E:00CD|215:4040:02D8:0341:00CD|216:4040:02C8:033F:00CD|217:4040:02D8:0340:00BD|218:4040:02C8:033E:00BD
round4_castle,0xDC,3212,0x0002,0x0003,0x0000,0x01,0x0056,0x0000,0x0001,actor_2c8,7,0x10C488,0x01,0xA2,0x00,0x00,0x1F,0x00,0x00,0x00C8,0x02D0,0x033E,0x00,0x40,0x04,210,10,210:4040:02A8:03A4:00E1|211:4040:02A8:03A5:00D1|212:4040:02B8:03A6:00D1|213:4040:02B8:0359:00B9|214:4040:02A8:0356:00BE|215:4040:02B8:035A:00C9|216:4040:02D8:0341:00C9|217:4040:02C8:033F:00C9|218:4040:02D8:0340:00B9|219:4040:02C8:033E:00B9
round4_castle,0xDC,3214,0x0002,0x0003,0x0000,0x01,0x0056,0x0000,0x0001,actor_2c8,7,0x10C488,0x01,0xA1,0x00,0x00,0x1F,0x00,0x00,0x00C4,0x02D0,0x033E,0x00,0x40,0x04,210,10,210:4040:02A8:03A4:00DD|211:4040:02A8:03A5:00CD|212:4040:02B8:03A6:00CD|213:4040:02B8:0359:00B5|214:4040:02A8:0356:00BA|215:4040:02B8:035A:00C5|216:4040:02D8:0341:00C5|217:4040:02C8:033F:00C5|218:4040:02D8:0340:00B5|219:4040:02C8:033E:00B5
round4_castle,0xDC,3216,0x0002,0x0003,0x0000,0x01,0x0056,0x0000,0x0001,actor_2c8,7,0x10C488,0x01,0xA1,0x00,0x00,0x1F,0x00,0x00,0x00C0,0x02D0,0x033E,0x00,0x40,0x04,210,10,210:4040:02A0:03A2:00C1|211:4040:02B0:03A3:00C1|212:4040:02B8:0357:00B1|213:4040:02A8:0356:00B6|214:4040:02B8:0358:00C1|215:4040:02D8:0341:00C1|216:4040:02C8:033F:00C1|217:4040:02D8:0340:00B1|218:4040:02C8:033E:00B1
round4_castle,0xDC,3218,0x0002,0x0003,0x0000,0x01,0x0056,0x0000,0x0001,actor_2c8,7,0x10C488,0x01,0xA1,0x00,0x00,0x1F,0x00,0x00,0x00BC,0x02D0,0x033E,0x00,0x40,0x04,210,10,210:4040:02A0:03A2:00BD|211:4040:02B0:03A3:00BD|212:4040:02B8:0357:00AD|213:4040:02A8:0356:00B2|214:4040:02B8:0358:00BD|215:4040:02D8:0341:00BD|216:4040:02C8:033F:00BD|217:4040:02D8:0340:00AD|218:4040:02C8:033E:00AD
round4_castle,0xDC,3220,0x0002,0x0003,0x0000,0x01,0x0056,0x0000,0x0001,actor_2c8,7,0x10C488,0x01,0x93,0x00,0x00,0x1F,0x00,0x00,0x00B8,0x02D0,0x033E,0x00,0x40,0x04,210,10,210:4040:02A0:03A2:00B9|211:4040:02B0:03A3:00B9|212:4040:02B8:0357:00A9|213:4040:02A8:0356:00AE|214:4040:02B8:0358:00B9|215:4040:02D8:0341:00B9|216:4040:02C8:033F:00B9|217:4040:02D8:0340:00A9|218:4040:02C8:033E:00A9
round4_castle,0xDC,3222,0x0002,0x0003,0x0000,0x01,0x0056,0x0000,0x0001,actor_2c8,7,0x10C488,0x01,0x93,0x00,0x00,0x1F,0x00,0x00,0x00B8,0x02D0,0x033E,0x00,0x40,0x04,210,10,210:4040:02A0:03A2:00B7|211:4040:02B0:03A3:00B7|212:4040:02D8:0341:00B7|213:4040:02C8:033F:00B7|214:4040:02B8:0365:00B7|215:4040:02D8:0340:00A7|216:4040:02C8:033E:00A7|217:4040:02B8:0364:00A7|218:4040:02A8:0356:00AC|219:4040:02B8:0363:0097
round4_castle,0xDC,3224,0x0002,0x0003,0x0000,0x01,0x0056,0x0000,0x0001,actor_2c8,7,0x10C488,0x01,0xA1,0x00,0x00,0x1F,0x00,0x00,0x00B6,0x02D0,0x033E,0x00,0x40,0x04,210,10,210:4040:02A0:03A2:00B6|211:4040:02B0:03A3:00B6|212:4040:02B8:0357:00A6|213:4040:02A8:0356:00AB|214:4040:02B8:0358:00B6|215:4040:02D8:0341:00B6|216:4040:02C8:033F:00B6|217:4040:02D8:0340:00A6|218:4040:02C8:033E:00A6
round4_castle,0xDC,3226,0x0002,0x0003,0x0000,0x01,0x0056,0x0000,0x0001,actor_2c8,7,0x10C488,0x01,0xA2,0x00,0x00,0x1F,0x00,0x00,0x00B6,0x02D0,0x033E,0x00,0x40,0x04,210,10,210:4040:02A0:03A2:00B5|211:4040:02B0:03A3:00B5|212:4040:02B8:0357:00A5|213:4040:02A8:0356:00AA|214:4040:02B8:0358:00B5|215:4040:02D8:0341:00B5|216:4040:02C8:033F:00B5|217:4040:02D8:0340:00A5|218:4040:02C8:033E:00A5
round4_castle,0xDC,3228,0x0002,0x0003,0x0000,0x01,0x0056,0x0000,0x0001,actor_2c8,7,0x10C488,0x01,0xA2,0x00,0x00,0x1F,0x00,0x00,0x00B4,0x02D0,0x033E,0x00,0x40,0x04,210,10,210:4040:02A8:03A4:00CC|211:4040:02A8:03A5:00BC|212:4040:02B8:03A6:00BC|213:4040:02B8:0359:00A4|214:4040:02A8:0356:00A9|215:4040:02B8:035A:00B4|216:4040:02D8:0341:00B4|217:4040:02C8:033F:00B4|218:4040:02D8:0340:00A4|219:4040:02C8:033E:00A4
round4_castle,0xDC,3230,0x0002,0x0003,0x0000,0x01,0x0056,0x0000,0x0001,actor_2c8,7,0x10C488,0x01,0xA3,0x00,0x00,0x1F,0x00,0x00,0x00B4,0x02D0,0x033E,0x00,0x40,0x04,210,10,210:4040:02B8:03A9:00BB|211:4040:02B8:03A8:00CB|212:4040:02A8:03A7:00D3|213:4040:02B8:035B:00A3|214:4040:02A8:0356:00A8|215:4040:02B8:035C:00B3|216:4040:02D8:0341:00B3|217:4040:02C8:033F:00B3|218:4040:02D8:0340:00A3|219:4040:02C8:033E:00A3
round4_castle,0xDC,3232,0x0002,0x0003,0x0000,0x01,0x0056,0x0000,0x0001,actor_2c8,7,0x10C488,0x01,0xA4,0x00,0x00,0x0F,0x00,0x00,0x00B4,0x02D0,0x033E,0x00,0x40,0x04,210,10,210:4040:02B8:03A9:00BB|211:4040:02B8:03A8:00CB|212:4040:02A8:03A7:00D3|213:4040:02B8:035B:00A3|214:4040:02A8:0356:00A8|215:4040:02B8:035C:00B3|216:4040:02D8:0341:00B3|217:4040:02C8:033F:00B3|218:4040:02D8:0340:00A3|219:4040:02C8:033E:00A3
round4_castle,0xDC,3234,0x0002,0x0003,0x0000,0x01,0x0056,0x0000,0x0001,actor_2c8,7,0x10C488,0x01,0x0D,0x00,0x00,0x0F,0x00,0x00,0x00B4,0x02D0,0x0A73,0x00,0x00,0x02,210,10,210:4000:02D8:0A83:009B|211:4000:02C8:0A80:009B|212:4000:02B8:0A7D:009B|213:4000:02D8:0A82:00AB|214:4000:02C8:0A7F:00AB|215:4000:02B8:0A7C:00AB|216:4000:02D8:0A81:00BB|217:4000:02C8:0A7E:00BB|218:4000:02B8:0A7B:00BB
round4_castle,0xDC,3236,0x0002,0x0003,0x0000,0x01,0x0056,0x0000,0x0001,actor_2c8,7,0x10C488,0x01,0x0C,0x00,0x00,0x0F,0x00,0x00,0x00B4,0x02D0,0x0A73,0x00,0x00,0x02,210,10,210:4000:02D8:0A83:009B|211:4000:02C8:0A80:009B|212:4000:02B8:0A7D:009B|213:4000:02D8:0A82:00AB|214:4000:02C8:0A7F:00AB|215:4000:02B8:0A7C:00AB|216:4000:02D8:0A81:00BB|217:4000:02C8:0A7E:00BB|218:4000:02B8:0A7B:00BB
round4_castle,0xDC,3238,0x0002,0x0003,0x0000,0x01,0x0056,0x0000,0x0001,actor_2c8,7,0x10C488,0x01,0x0C,0x00,0x00,0x0F,0x00,0x00,0x00B4,0x02D0,0x0A73,0x00,0x00,0x02,210,10,210:4000:02D0:0A7A:00A3|211:4000:02C0:0A78:00A3|212:4000:02D0:0A79:00B3|213:4000:02C0:0A77:00B3
round4_castle,0xDC,3240,0x0002,0x0003,0x0000,0x01,0x0056,0x0000,0x0001,actor_2c8,7,0x10C488,0x01,0x0B,0x00,0x00,0x0F,0x00,0x00,0x00B4,0x02D0,0x0A73,0x00,0x00,0x02,210,10,210:4000:02D0:0A76:00A3|211:4000:02C0:0A74:00A3|212:4000:02D0:0A75:00B3|213:4000:02C0:0A73:00B3
round4_castle,0xDC,3242,0x0002,0x0003,0x0000,0x01,0x0056,0x0000,0x0001,actor_2c8,7,0x10C488,0x01,0x0C,0x00,0x00,0x0F,0x00,0x00,0x00B4,0x02D0,0x0A73,0x00,0x00,0x02,210,10,210:4000:02D0:0A76:00A3|211:4000:02C0:0A74:00A3|212:4000:02D0:0A75:00B3|213:4000:02C0:0A73:00B3
round4_castle,0xDC,3248,0x0002,0x0003,0x0000,0x01,0x0056,0x0000,0x0001,actor_2c8,7,0x10C488,0x01,0x0E,0x00,0x00,0x0F,0x00,0x00,0x00B4,0x02D0,0x0A73,0x00,0x00,0x02,210,10,210:4000:02D8:0A83:009B|211:4000:02C8:0A80:009B|212:4000:02B8:0A7D:009B|213:4000:02D8:0A82:00AB|214:4000:02C8:0A7F:00AB|215:4000:02B8:0A7C:00AB|216:4000:02D8:0A81:00BB|217:4000:02C8:0A7E:00BB|218:4000:02B8:0A7B:00BB
round4_castle,0xDC,3250,0x0002,0x0003,0x0000,0x01,0x0056,0x0000,0x0001,actor_2c8,7,0x10C488,0x01,0x0E,0x00,0x00,0x0F,0x00,0x00,0x00B4,0x02D0,0x0A73,0x00,0x00,0x02,210,10,210:4000:02D8:0A8C:009B|211:4000:02C8:0A89:009B|212:4000:02B8:0A86:009B|213:4000:02D8:0A8B:00AB|214:4000:02C8:0A88:00AB|215:4000:02B8:0A85:00AB|216:4000:02D8:0A8A:00BB|217:4000:02C8:0A87:00BB|218:4000:02B8:0A84:00BB
round4_castle,0xDC,3252,0x0002,0x0003,0x0000,0x01,0x0056,0x0000,0x0001,actor_2c8,7,0x10C488,0x01,0x0F,0x00,0x00,0x0F,0x00,0x00,0x00B3,0x02D0,0x0A73,0x00,0x00,0x02,210,10,210:4000:02D8:0A94:009B|211:4000:02C8:0A91:009B|212:4000:02B8:0A8F:009B|213:4000:02D8:0A93:00AB|214:4000:02B8:0A8E:00AB|215:4000:02D8:0A92:00BB|216:4000:02C8:0A90:00BB|217:4000:02B8:0A8D:00BB
round4_castle,0xDC,3254,0x0002,0x0003,0x0000,0x01,0x0056,0x0000,0x0001,actor_2c8,7,0x10C488,0x01,0x10,0x00,0x00,0x0F,0x00,0x00,0x00B1,0x02D0,0x0A73,0x00,0x00,0x02,210,10,210:4000:02D8:0A94:0099|211:4000:02C8:0A91:0099|212:4000:02B8:0A8F:0099|213:4000:02D8:0A93:00A9|214:4000:02B8:0A8E:00A9|215:4000:02D8:0A92:00B9|216:4000:02C8:0A90:00B9|217:4000:02B8:0A8D:00B9
round4_castle,0xDC,3256,0x0002,0x0003,0x0000,0x01,0x0056,0x0000,0x0001,actor_2c8,7,0x10C488,0x01,0x10,0x00,0x00,0x0F,0x00,0x00,0x00AF,0x02D0,0x0A73,0x00,0x00,0x02,210,10,210:4000:02D8:0A9D:0097|211:4000:02C8:0A9A:0097|212:4000:02B8:0A97:0097|213:4000:02D8:0A9C:00A7|214:4000:02C8:0A99:00A7|215:4000:02B8:0A96:00A7|216:4000:02D8:0A9B:00B7|217:4000:02C8:0A98:00B7|218:4000:02B8:0A95:00B7
round4_castle,0xDC,3258,0x0002,0x0003,0x0000,0x01,0x0056,0x0000,0x0001,actor_2c8,7,0x10C488,0x01,0x11,0x00,0x00,0x0F,0x00,0x00,0x00AD,0x02D0,0x0A73,0x00,0x00,0x02,210,10,210:4000:02D0:0AA1:009D|211:4000:02C0:0A9F:009D|212:4000:02D0:0AA0:00AD|213:4000:02C0:0A9E:00AD
round4_castle,0xDC,3260,0x0002,0x0003,0x0000,0x01,0x0056,0x0000,0x0001,actor_2c8,7,0x10C488,0x01,0x12,0x00,0x00,0x0F,0x00,0x00,0x00AB,0x02D0,0x0A73,0x00,0x00,0x02,210,10,210:4000:02D0:0AA1:009B|211:4000:02C0:0A9F:009B|212:4000:02D0:0AA0:00AB|213:4000:02C0:0A9E:00AB
round4_castle,0xDC,3262,0x0002,0x0003,0x0000,0x01,0x0056,0x0000,0x0001,actor_2c8,7,0x10C488,0x01,0x12,0x00,0x00,0x0F,0x00,0x00,0x00A9,0x02D0,0x0A73,0x00,0x00,0x02,210,10,210:4000:02C8:0AA2:00A1
round4_castle,0xDC,3286,0x0002,0x0003,0x0000,0x01,0x0056,0x0000,0x0001,actor_2c8,5,0x10C408,0x01,0x94,0x00,0x00,0x02,0x00,0x00,0x0143,0x02D0,0x033E,0x00,0x40,0x00,190,10,
round4_castle,0xDC,3286,0x0002,0x0003,0x0000,0x01,0x0056,0x0000,0x0001,actor_2c8,6,0x10C448,0x01,0x94,0x00,0x00,0x02,0x00,0x00,0x0143,0x02D0,0x033E,0x00,0x40,0x03,200,10,
round4_castle,0xDC,3286,0x0002,0x0003,0x0000,0x01,0x0056,0x0000,0x0001,actor_2c8,8,0x10C4C8,0x01,0x94,0x00,0x00,0x02,0x00,0x00,0x0143,0x02D0,0x033E,0x00,0x42,0x03,220,19,
round4_castle,0xDC,3288,0x0002,0x0003,0x0000,0x01,0x0056,0x0000,0x0001,actor_2c8,5,0x10C408,0x01,0x94,0x00,0x00,0x02,0x00,0x00,0x013D,0x02D0,0x033E,0x00,0x40,0x00,190,10,190:4040:02A0:026B:0140|191:4040:02B0:026C:0140|192:4040:02D8:0345:0140|193:4040:02C8:0343:0140|194:4040:02B8:0365:0140|195:4040:02D8:0344:0130|196:4040:02C8:0342:0130|197:4040:02B8:0364:0130|198:4040:02A8:0356:0135|199:4040:02B8:0363:0120
round4_castle,0xDC,3288,0x0002,0x0003,0x0000,0x01,0x0056,0x0000,0x0001,actor_2c8,6,0x10C448,0x01,0x94,0x00,0x00,0x02,0x00,0x00,0x013D,0x02D0,0x033E,0x00,0x40,0x03,200,10,200:4040:02A0:0334:0140|201:4040:02B0:0335:0140|202:4040:02D8:0345:0140|203:4040:02C8:0343:0140|204:4040:02B8:0365:0140|205:4040:02D8:0344:0130|206:4040:02C8:0342:0130|207:4040:02B8:0364:0130|208:4040:02A8:0356:0135|209:4040:02B8:0363:0120
round4_castle,0xDC,3288,0x0002,0x0003,0x0000,0x01,0x0056,0x0000,0x0001,actor_2c8,8,0x10C4C8,0x01,0x94,0x00,0x00,0x02,0x00,0x00,0x013D,0x02D0,0x033E,0x00,0x42,0x03,220,19,220:4042:02A0:0334:0140|221:4042:02B0:0335:0140|222:4042:02D8:0345:0140|223:4042:02C8:0343:0140|224:4042:02B8:0365:0140|225:4042:02D8:0344:0130|226:4042:02C8:0342:0130|227:4042:02B8:0364:0130|228:4042:02A8:0356:0135|229:4042:02B8:0363:0120
round4_castle,0xDC,3290,0x0002,0x0003,0x0000,0x01,0x0056,0x0000,0x0001,actor_2c8,5,0x10C408,0x01,0x94,0x00,0x00,0x02,0x00,0x00,0x0137,0x02D0,0x033E,0x00,0x40,0x00,190,10,190:4040:02A0:026B:013A|191:4040:02B0:026C:013A|192:4040:02D8:0345:013A|193:4040:02C8:0343:013A|194:4040:02B8:0365:013A|195:4040:02D8:0344:012A|196:4040:02C8:0342:012A|197:4040:02B8:0364:012A|198:4040:02A8:0356:012F|199:4040:02B8:0363:011A
round4_castle,0xDC,3290,0x0002,0x0003,0x0000,0x01,0x0056,0x0000,0x0001,actor_2c8,6,0x10C448,0x01,0x94,0x00,0x00,0x02,0x00,0x00,0x0137,0x02D0,0x033E,0x00,0x40,0x03,200,10,200:4040:02A0:0334:013A|201:4040:02B0:0335:013A|202:4040:02D8:0345:013A|203:4040:02C8:0343:013A|204:4040:02B8:0365:013A|205:4040:02D8:0344:012A|206:4040:02C8:0342:012A|207:4040:02B8:0364:012A|208:4040:02A8:0356:012F|209:4040:02B8:0363:011A
round4_castle,0xDC,3290,0x0002,0x0003,0x0000,0x01,0x0056,0x0000,0x0001,actor_2c8,8,0x10C4C8,0x01,0x94,0x00,0x00,0x02,0x00,0x00,0x0137,0x02D0,0x033E,0x00,0x42,0x03,220,19,220:4042:02A0:0334:013A|221:4042:02B0:0335:013A|222:4042:02D8:0345:013A|223:4042:02C8:0343:013A|224:4042:02B8:0365:013A|225:4042:02D8:0344:012A|226:4042:02C8:0342:012A|227:4042:02B8:0364:012A|228:4042:02A8:0356:012F|229:4042:02B8:0363:011A
round4_castle,0xDC,3292,0x0002,0x0003,0x0000,0x01,0x0056,0x0000,0x0001,actor_2c8,5,0x10C408,0x01,0x93,0x00,0x00,0x02,0x00,0x00,0x0131,0x02D0,0x033E,0x00,0x40,0x00,190,10,190:4040:02A0:026B:0134|191:4040:02B0:026C:0134|192:4040:02D8:0341:0134|193:4040:02C8:033F:0134|194:4040:02B8:0365:0134|195:4040:02D8:0340:0124|196:4040:02C8:033E:0124|197:4040:02B8:0364:0124|198:4040:02A8:0356:0129|199:4040:02B8:0363:0114
round4_castle,0xDC,3292,0x0002,0x0003,0x0000,0x01,0x0056,0x0000,0x0001,actor_2c8,6,0x10C448,0x01,0x93,0x00,0x00,0x02,0x00,0x00,0x0131,0x02D0,0x033E,0x00,0x40,0x03,200,10,200:4040:02A0:0334:0134|201:4040:02B0:0335:0134|202:4040:02D8:0341:0134|203:4040:02C8:033F:0134|204:4040:02B8:0365:0134|205:4040:02D8:0340:0124|206:4040:02C8:033E:0124|207:4040:02B8:0364:0124|208:4040:02A8:0356:0129|209:4040:02B8:0363:0114
round4_castle,0xDC,3292,0x0002,0x0003,0x0000,0x01,0x0056,0x0000,0x0001,actor_2c8,8,0x10C4C8,0x01,0x93,0x00,0x00,0x02,0x00,0x00,0x0131,0x02D0,0x033E,0x00,0x42,0x03,220,19,220:4042:02A0:0334:0134|221:4042:02B0:0335:0134|222:4042:02D8:0341:0134|223:4042:02C8:033F:0134|224:4042:02B8:0365:0134|225:4042:02D8:0340:0124|226:4042:02C8:033E:0124|227:4042:02B8:0364:0124|228:4042:02A8:0356:0129|229:4042:02B8:0363:0114
round4_castle,0xDC,3294,0x0002,0x0003,0x0000,0x01,0x0056,0x0000,0x0001,actor_2c8,5,0x10C408,0x01,0x93,0x00,0x00,0x02,0x00,0x00,0x0131,0x02D0,0x033E,0x00,0x40,0x00,190,10,190:4040:02A0:026B:0130|191:4040:02B0:026C:0130|192:4040:02D8:0341:0130|193:4040:02C8:033F:0130|194:4040:02B8:0365:0130|195:4040:02D8:0340:0120|196:4040:02C8:033E:0120|197:4040:02B8:0364:0120|198:4040:02A8:0356:0125|199:4040:02B8:0363:0110
round4_castle,0xDC,3294,0x0002,0x0003,0x0000,0x01,0x0056,0x0000,0x0001,actor_2c8,6,0x10C448,0x01,0x93,0x00,0x00,0x02,0x00,0x00,0x0131,0x02D0,0x033E,0x00,0x40,0x03,200,10,200:4040:02A0:0334:0130|201:4040:02B0:0335:0130|202:4040:02D8:0341:0130|203:4040:02C8:033F:0130|204:4040:02B8:0365:0130|205:4040:02D8:0340:0120|206:4040:02C8:033E:0120|207:4040:02B8:0364:0120|208:4040:02A8:0356:0125|209:4040:02B8:0363:0110
round4_castle,0xDC,3294,0x0002,0x0003,0x0000,0x01,0x0056,0x0000,0x0001,actor_2c8,8,0x10C4C8,0x01,0x93,0x00,0x00,0x02,0x00,0x00,0x0131,0x02D0,0x033E,0x00,0x42,0x03,220,19,220:4042:02A0:0334:0130|221:4042:02B0:0335:0130|222:4042:02D8:0341:0130|223:4042:02C8:033F:0130|224:4042:02B8:0365:0130|225:4042:02D8:0340:0120|226:4042:02C8:033E:0120|227:4042:02B8:0364:0120|228:4042:02A8:0356:0125|229:4042:02B8:0363:0110
round4_castle,0xDC,3296,0x0002,0x0003,0x0000,0x01,0x0056,0x0000,0x0001,actor_2c8,5,0x10C408,0x01,0x93,0x01,0x00,0x01,0x00,0x00,0x0133,0x02D0,0x033E,0x00,0x40,0x00,190,10,190:0040:02A0:026B:0123|191:0040:02B0:026C:0123|192:0040:02D8:0341:0123|193:0040:02C8:033F:0123|194:0040:02B8:0365:0123|195:0040:02D8:0340:0133|196:0040:02C8:033E:0133|197:0040:02B8:0364:0133|198:0040:02A8:0356:012E|199:0040:02B8:0363:0143
round4_castle,0xDC,3296,0x0002,0x0003,0x0000,0x01,0x0056,0x0000,0x0001,actor_2c8,6,0x10C448,0x01,0x93,0x01,0x00,0x01,0x00,0x00,0x0133,0x02D0,0x033E,0x00,0x40,0x03,200,10,200:0040:02A0:0334:0123|201:0040:02B0:0335:0123|202:0040:02D8:0341:0123|203:0040:02C8:033F:0123|204:0040:02B8:0365:0123|205:0040:02D8:0340:0133|206:0040:02C8:033E:0133|207:0040:02B8:0364:0133|208:0040:02A8:0356:012E|209:0040:02B8:0363:0143
round4_castle,0xDC,3296,0x0002,0x0003,0x0000,0x01,0x0056,0x0000,0x0001,actor_2c8,8,0x10C4C8,0x01,0x93,0x01,0x00,0x01,0x00,0x00,0x0133,0x02D0,0x033E,0x00,0x42,0x03,220,19,220:0042:02A0:0334:0123|221:0042:02B0:0335:0123|222:0042:02D8:0341:0123|223:0042:02C8:033F:0123|224:0042:02B8:0365:0123|225:0042:02D8:0340:0133|226:0042:02C8:033E:0133|227:0042:02B8:0364:0133|228:0042:02A8:0356:012E|229:0042:02B8:0363:0143
round4_castle,0xDC,3298,0x0002,0x0003,0x0000,0x01,0x0056,0x0000,0x0001,actor_2c8,5,0x10C408,0x01,0x93,0x01,0x00,0x01,0x00,0x00,0x0135,0x02D0,0x033E,0x00,0x40,0x00,190,10,190:0040:02A0:026B:0125|191:0040:02B0:026C:0125|192:0040:02D8:0341:0125|193:0040:02C8:033F:0125|194:0040:02B8:0365:0125|195:0040:02D8:0340:0135|196:0040:02C8:033E:0135|197:0040:02B8:0364:0135|198:0040:02A8:0356:0130|199:0040:02B8:0363:0145
round4_castle,0xDC,3298,0x0002,0x0003,0x0000,0x01,0x0056,0x0000,0x0001,actor_2c8,6,0x10C448,0x01,0x93,0x01,0x00,0x01,0x00,0x00,0x0135,0x02D0,0x033E,0x00,0x40,0x03,200,10,200:0040:02A0:0334:0125|201:0040:02B0:0335:0125|202:0040:02D8:0341:0125|203:0040:02C8:033F:0125|204:0040:02B8:0365:0125|205:0040:02D8:0340:0135|206:0040:02C8:033E:0135|207:0040:02B8:0364:0135|208:0040:02A8:0356:0130|209:0040:02B8:0363:0145
round4_castle,0xDC,3298,0x0002,0x0003,0x0000,0x01,0x0056,0x0000,0x0001,actor_2c8,8,0x10C4C8,0x01,0x93,0x01,0x00,0x01,0x00,0x00,0x0135,0x02D0,0x033E,0x00,0x42,0x03,220,19,220:0042:02A0:0334:0125|221:0042:02B0:0335:0125|222:0042:02D8:0341:0125|223:0042:02C8:033F:0125|224:0042:02B8:0365:0125|225:0042:02D8:0340:0135|226:0042:02C8:033E:0135|227:0042:02B8:0364:0135|228:0042:02A8:0356:0130|229:0042:02B8:0363:0145
round4_castle,0xDC,3300,0x0002,0x0003,0x0000,0x01,0x0056,0x0000,0x0001,actor_2c8,5,0x10C408,0x01,0x94,0x01,0x00,0x01,0x00,0x00,0x0137,0x02D0,0x033E,0x00,0x40,0x00,190,10,190:0040:02A0:026B:0127|191:0040:02B0:026C:0127|192:0040:02D8:0345:0127|193:0040:02C8:0343:0127|194:0040:02B8:0365:0127|195:0040:02D8:0344:0137|196:0040:02C8:0342:0137|197:0040:02B8:0364:0137|198:0040:02A8:0356:0132|199:0040:02B8:0363:0147
round4_castle,0xDC,3300,0x0002,0x0003,0x0000,0x01,0x0056,0x0000,0x0001,actor_2c8,6,0x10C448,0x01,0x94,0x01,0x00,0x01,0x00,0x00,0x0137,0x02D0,0x033E,0x00,0x40,0x03,200,10,200:0040:02A0:0334:0127|201:0040:02B0:0335:0127|202:0040:02D8:0345:0127|203:0040:02C8:0343:0127|204:0040:02B8:0365:0127|205:0040:02D8:0344:0137|206:0040:02C8:0342:0137|207:0040:02B8:0364:0137|208:0040:02A8:0356:0132|209:0040:02B8:0363:0147
round4_castle,0xDC,3300,0x0002,0x0003,0x0000,0x01,0x0056,0x0000,0x0001,actor_2c8,8,0x10C4C8,0x01,0x94,0x01,0x00,0x01,0x00,0x00,0x0137,0x02D0,0x033E,0x00,0x42,0x03,220,19,220:0042:02A0:0334:0127|221:0042:02B0:0335:0127|222:0042:02D8:0345:0127|223:0042:02C8:0343:0127|224:0042:02B8:0365:0127|225:0042:02D8:0344:0137|226:0042:02C8:0342:0137|227:0042:02B8:0364:0137|228:0042:02A8:0356:0132|229:0042:02B8:0363:0147
round4_castle,0xDC,3302,0x0002,0x0003,0x0000,0x01,0x0056,0x0000,0x0001,actor_2c8,5,0x10C408,0x01,0x94,0x01,0x00,0x01,0x00,0x00,0x0138,0x02D0,0x033E,0x00,0x40,0x00,190,10,190:0040:02A0:026B:0129|191:0040:02B0:026C:0129|192:0040:02D8:0345:0129|193:0040:02C8:0343:0129|194:0040:02B8:0365:0129|195:0040:02D8:0344:0139|196:0040:02C8:0342:0139|197:0040:02B8:0364:0139|198:0040:02A8:0356:0134|199:0040:02B8:0363:0149
round4_castle,0xDC,3302,0x0002,0x0003,0x0000,0x01,0x0056,0x0000,0x0001,actor_2c8,6,0x10C448,0x01,0x94,0x01,0x00,0x01,0x00,0x00,0x0138,0x02D0,0x033E,0x00,0x40,0x03,200,10,200:0040:02A0:0334:0129|201:0040:02B0:0335:0129|202:0040:02D8:0345:0129|203:0040:02C8:0343:0129|204:0040:02B8:0365:0129|205:0040:02D8:0344:0139|206:0040:02C8:0342:0139|207:0040:02B8:0364:0139|208:0040:02A8:0356:0134|209:0040:02B8:0363:0149
round4_castle,0xDC,3302,0x0002,0x0003,0x0000,0x01,0x0056,0x0000,0x0001,actor_2c8,8,0x10C4C8,0x01,0x94,0x01,0x00,0x01,0x00,0x00,0x0138,0x02D0,0x033E,0x00,0x42,0x03,220,19,220:0042:02A0:0334:0129|221:0042:02B0:0335:0129|222:0042:02D8:0345:0129|223:0042:02C8:0343:0129|224:0042:02B8:0365:0129|225:0042:02D8:0344:0139|226:0042:02C8:0342:0139|227:0042:02B8:0364:0139|228:0042:02A8:0356:0134|229:0042:02B8:0363:0149
round4_castle,0xDC,3308,0x0002,0x0003,0x0000,0x01,0x0056,0x0000,0x0001,actor_2c8,5,0x10C408,0x01,0x95,0x01,0x00,0x01,0x00,0x00,0x0138,0x02D0,0x033E,0x00,0x40,0x00,190,10,190:0040:02A0:026B:0127|191:0040:02B0:026C:0127|192:0040:02D8:0349:0127|193:0040:02C8:0347:0127|194:0040:02B8:0365:0127|195:0040:02D8:0348:0137|196:0040:02C8:0346:0137|197:0040:02B8:0364:0137|198:0040:02A8:0356:0132|199:0040:02B8:0363:0147
round4_castle,0xDC,3308,0x0002,0x0003,0x0000,0x01,0x0056,0x0000,0x0001,actor_2c8,6,0x10C448,0x01,0x95,0x01,0x00,0x01,0x00,0x00,0x0138,0x02D0,0x033E,0x00,0x40,0x03,200,10,200:0040:02A0:0334:0127|201:0040:02B0:0335:0127|202:0040:02D8:0349:0127|203:0040:02C8:0347:0127|204:0040:02B8:0365:0127|205:0040:02D8:0348:0137|206:0040:02C8:0346:0137|207:0040:02B8:0364:0137|208:0040:02A8:0356:0132|209:0040:02B8:0363:0147
round4_castle,0xDC,3308,0x0002,0x0003,0x0000,0x01,0x0056,0x0000,0x0001,actor_2c8,8,0x10C4C8,0x01,0x95,0x01,0x00,0x01,0x00,0x00,0x0138,0x02D0,0x033E,0x00,0x42,0x03,220,19,220:0042:02A0:0334:0127|221:0042:02B0:0335:0127|222:0042:02D8:0349:0127|223:0042:02C8:0347:0127|224:0042:02B8:0365:0127|225:0042:02D8:0348:0137|226:0042:02C8:0346:0137|227:0042:02B8:0364:0137|228:0042:02A8:0356:0132|229:0042:02B8:0363:0147
round4_castle,0xDC,3318,0x0002,0x0003,0x0000,0x01,0x0056,0x0000,0x0001,actor_2c8,5,0x10C408,0x01,0x94,0x01,0x00,0x01,0x00,0x00,0x0134,0x02D0,0x033E,0x00,0x40,0x00,190,10,190:0040:02A0:026B:0126|191:0040:02B0:026C:0126|192:0040:02D8:0345:0126|193:0040:02C8:0343:0126|194:0040:02B8:0365:0126|195:0040:02D8:0344:0136|196:0040:02C8:0342:0136|197:0040:02B8:0364:0136|198:0040:02A8:0356:0131|199:0040:02B8:0363:0146
round4_castle,0xDC,3318,0x0002,0x0003,0x0000,0x01,0x0056,0x0000,0x0001,actor_2c8,6,0x10C448,0x01,0x94,0x01,0x00,0x01,0x00,0x00,0x0134,0x02D0,0x033E,0x00,0x40,0x03,200,10,200:0040:02A0:0334:0126|201:0040:02B0:0335:0126|202:0040:02D8:0345:0126|203:0040:02C8:0343:0126|204:0040:02B8:0365:0126|205:0040:02D8:0344:0136|206:0040:02C8:0342:0136|207:0040:02B8:0364:0136|208:0040:02A8:0356:0131|209:0040:02B8:0363:0146
round4_castle,0xDC,3318,0x0002,0x0003,0x0000,0x01,0x0056,0x0000,0x0001,actor_2c8,8,0x10C4C8,0x01,0x94,0x01,0x00,0x01,0x00,0x00,0x0134,0x02D0,0x033E,0x00,0x42,0x03,220,19,220:0042:02A0:0334:0126|221:0042:02B0:0335:0126|222:0042:02D8:0345:0126|223:0042:02C8:0343:0126|224:0042:02B8:0365:0126|225:0042:02D8:0344:0136|226:0042:02C8:0342:0136|227:0042:02B8:0364:0136|228:0042:02A8:0356:0131|229:0042:02B8:0363:0146
round4_castle,0xDC,3320,0x0002,0x0003,0x0000,0x01,0x0056,0x0000,0x0001,actor_2c8,5,0x10C408,0x01,0x94,0x01,0x00,0x01,0x00,0x00,0x0132,0x02D0,0x033E,0x00,0x40,0x00,190,10,190:0040:02A0:026B:0124|191:0040:02B0:026C:0124|192:0040:02D8:0345:0124|193:0040:02C8:0343:0124|194:0040:02B8:0365:0124|195:0040:02D8:0344:0134|196:0040:02C8:0342:0134|197:0040:02B8:0364:0134|198:0040:02A8:0356:012F|199:0040:02B8:0363:0144
round4_castle,0xDC,3320,0x0002,0x0003,0x0000,0x01,0x0056,0x0000,0x0001,actor_2c8,6,0x10C448,0x01,0x94,0x01,0x00,0x01,0x00,0x00,0x0132,0x02D0,0x033E,0x00,0x40,0x03,200,10,200:0040:02A0:0334:0124|201:0040:02B0:0335:0124|202:0040:02D8:0345:0124|203:0040:02C8:0343:0124|204:0040:02B8:0365:0124|205:0040:02D8:0344:0134|206:0040:02C8:0342:0134|207:0040:02B8:0364:0134|208:0040:02A8:0356:012F|209:0040:02B8:0363:0144
round4_castle,0xDC,3320,0x0002,0x0003,0x0000,0x01,0x0056,0x0000,0x0001,actor_2c8,8,0x10C4C8,0x01,0x94,0x01,0x00,0x01,0x00,0x00,0x0132,0x02D0,0x033E,0x00,0x42,0x03,220,19,220:0042:02A0:0334:0124|221:0042:02B0:0335:0124|222:0042:02D8:0345:0124|223:0042:02C8:0343:0124|224:0042:02B8:0365:0124|225:0042:02D8:0344:0134|226:0042:02C8:0342:0134|227:0042:02B8:0364:0134|228:0042:02A8:0356:012F|229:0042:02B8:0363:0144
round4_castle,0xDC,3322,0x0002,0x0003,0x0000,0x01,0x0056,0x0000,0x0001,actor_2c8,5,0x10C408,0x01,0x94,0x01,0x00,0x01,0x00,0x00,0x0130,0x02D0,0x033E,0x00,0x40,0x00,190,10,190:0040:02A0:026B:0120|191:0040:02B0:026C:0120|192:0040:02D8:0345:0120|193:0040:02C8:0343:0120|194:0040:02B8:0365:0120|195:0040:02D8:0344:0130|196:0040:02C8:0342:0130|197:0040:02B8:0364:0130|198:0040:02A8:0356:012B|199:0040:02B8:0363:0140
round4_castle,0xDC,3322,0x0002,0x0003,0x0000,0x01,0x0056,0x0000,0x0001,actor_2c8,6,0x10C448,0x01,0x94,0x01,0x00,0x01,0x00,0x00,0x0130,0x02D0,0x033E,0x00,0x40,0x03,200,10,200:0040:02A0:0334:0120|201:0040:02B0:0335:0120|202:0040:02D8:0345:0120|203:0040:02C8:0343:0120|204:0040:02B8:0365:0120|205:0040:02D8:0344:0130|206:0040:02C8:0342:0130|207:0040:02B8:0364:0130|208:0040:02A8:0356:012B|209:0040:02B8:0363:0140
round4_castle,0xDC,3322,0x0002,0x0003,0x0000,0x01,0x0056,0x0000,0x0001,actor_2c8,8,0x10C4C8,0x01,0x94,0x01,0x00,0x01,0x00,0x00,0x0130,0x02D0,0x033E,0x00,0x42,0x03,220,19,220:0042:02A0:0334:0120|221:0042:02B0:0335:0120|222:0042:02D8:0345:0120|223:0042:02C8:0343:0120|224:0042:02B8:0365:0120|225:0042:02D8:0344:0130|226:0042:02C8:0342:0130|227:0042:02B8:0364:0130|228:0042:02A8:0356:012B|229:0042:02B8:0363:0140
round4_castle,0xDC,3324,0x0002,0x0003,0x0000,0x01,0x0056,0x0000,0x0001,actor_2c8,5,0x10C408,0x01,0x93,0x01,0x00,0x01,0x00,0x00,0x012E,0x02D0,0x033E,0x00,0x40,0x00,190,10,190:0040:02A0:026B:011E|191:0040:02B0:026C:011E|192:0040:02D8:0341:011E|193:0040:02C8:033F:011E|194:0040:02B8:0365:011E|195:0040:02D8:0340:012E|196:0040:02C8:033E:012E|197:0040:02B8:0364:012E|198:0040:02A8:0356:0129|199:0040:02B8:0363:013E
round4_castle,0xDC,3324,0x0002,0x0003,0x0000,0x01,0x0056,0x0000,0x0001,actor_2c8,6,0x10C448,0x01,0x93,0x01,0x00,0x01,0x00,0x00,0x012E,0x02D0,0x033E,0x00,0x40,0x03,200,10,200:0040:02A0:0334:011E|201:0040:02B0:0335:011E|202:0040:02D8:0341:011E|203:0040:02C8:033F:011E|204:0040:02B8:0365:011E|205:0040:02D8:0340:012E|206:0040:02C8:033E:012E|207:0040:02B8:0364:012E|208:0040:02A8:0356:0129|209:0040:02B8:0363:013E
round4_castle,0xDC,3324,0x0002,0x0003,0x0000,0x01,0x0056,0x0000,0x0001,actor_2c8,8,0x10C4C8,0x01,0x93,0x01,0x00,0x01,0x00,0x00,0x012E,0x02D0,0x033E,0x00,0x42,0x03,220,19,220:0042:02A0:0334:011E|221:0042:02B0:0335:011E|222:0042:02D8:0341:011E|223:0042:02C8:033F:011E|224:0042:02B8:0365:011E|225:0042:02D8:0340:012E|226:0042:02C8:033E:012E|227:0042:02B8:0364:012E|228:0042:02A8:0356:0129|229:0042:02B8:0363:013E
round4_castle,0xDC,3326,0x0002,0x0003,0x0000,0x01,0x0056,0x0000,0x0001,actor_2c8,5,0x10C408,0x01,0x93,0x01,0x00,0x01,0x00,0x00,0x012C,0x02D0,0x033E,0x00,0x40,0x00,190,10,190:0040:02A0:026B:011C|191:0040:02B0:026C:011C|192:0040:02D8:0341:011C|193:0040:02C8:033F:011C|194:0040:02B8:0365:011C|195:0040:02D8:0340:012C|196:0040:02C8:033E:012C|197:0040:02B8:0364:012C|198:0040:02A8:0356:0127|199:0040:02B8:0363:013C
round4_castle,0xDC,3326,0x0002,0x0003,0x0000,0x01,0x0056,0x0000,0x0001,actor_2c8,6,0x10C448,0x01,0x93,0x01,0x00,0x01,0x00,0x00,0x012C,0x02D0,0x033E,0x00,0x40,0x03,200,10,200:0040:02A0:0334:011C|201:0040:02B0:0335:011C|202:0040:02D8:0341:011C|203:0040:02C8:033F:011C|204:0040:02B8:0365:011C|205:0040:02D8:0340:012C|206:0040:02C8:033E:012C|207:0040:02B8:0364:012C|208:0040:02A8:0356:0127|209:0040:02B8:0363:013C
round4_castle,0xDC,3326,0x0002,0x0003,0x0000,0x01,0x0056,0x0000,0x0001,actor_2c8,8,0x10C4C8,0x01,0x93,0x01,0x00,0x01,0x00,0x00,0x012C,0x02D0,0x033E,0x00,0x42,0x03,220,19,220:0042:02A0:0334:011C|221:0042:02B0:0335:011C|222:0042:02D8:0341:011C|223:0042:02C8:033F:011C|224:0042:02B8:0365:011C|225:0042:02D8:0340:012C|226:0042:02C8:033E:012C|227:0042:02B8:0364:012C|228:0042:02A8:0356:0127|229:0042:02B8:0363:013C
round4_castle,0xDC,3328,0x0002,0x0003,0x0000,0x01,0x0056,0x0000,0x0001,actor_2c8,5,0x10C408,0x01,0x93,0x01,0x00,0x01,0x00,0x00,0x012A,0x02D0,0x033E,0x00,0x40,0x00,190,10,190:0040:02A0:026B:011A|191:0040:02B0:026C:011A|192:0040:02D8:0341:011A|193:0040:02C8:033F:011A|194:0040:02B8:0365:011A|195:0040:02D8:0340:012A|196:0040:02C8:033E:012A|197:0040:02B8:0364:012A|198:0040:02A8:0356:0125|199:0040:02B8:0363:013A
round4_castle,0xDC,3328,0x0002,0x0003,0x0000,0x01,0x0056,0x0000,0x0001,actor_2c8,6,0x10C448,0x01,0x93,0x01,0x00,0x01,0x00,0x00,0x012A,0x02D0,0x033E,0x00,0x40,0x03,200,10,200:0040:02A0:0334:011A|201:0040:02B0:0335:011A|202:0040:02D8:0341:011A|203:0040:02C8:033F:011A|204:0040:02B8:0365:011A|205:0040:02D8:0340:012A|206:0040:02C8:033E:012A|207:0040:02B8:0364:012A|208:0040:02A8:0356:0125|209:0040:02B8:0363:013A
round4_castle,0xDC,3328,0x0002,0x0003,0x0000,0x01,0x0056,0x0000,0x0001,actor_2c8,8,0x10C4C8,0x01,0x93,0x01,0x00,0x01,0x00,0x00,0x012A,0x02D0,0x033E,0x00,0x42,0x03,220,19,220:0042:02A0:0334:011A|221:0042:02B0:0335:011A|222:0042:02D8:0341:011A|223:0042:02C8:033F:011A|224:0042:02B8:0365:011A|225:0042:02D8:0340:012A|226:0042:02C8:033E:012A|227:0042:02B8:0364:012A|228:0042:02A8:0356:0125|229:0042:02B8:0363:013A
round4_castle,0xDC,3330,0x0002,0x0003,0x0000,0x01,0x0056,0x0000,0x0001,actor_2c8,5,0x10C408,0x01,0x93,0x01,0x00,0x01,0x00,0x00,0x0126,0x02D0,0x033E,0x00,0x40,0x00,190,10,190:0040:02A0:026B:0118|191:0040:02B0:026C:0118|192:0040:02D8:0341:0118|193:0040:02C8:033F:0118|194:0040:02B8:0365:0118|195:0040:02D8:0340:0128|196:0040:02C8:033E:0128|197:0040:02B8:0364:0128|198:0040:02A8:0356:0123|199:0040:02B8:0363:0138
round4_castle,0xDC,3330,0x0002,0x0003,0x0000,0x01,0x0056,0x0000,0x0001,actor_2c8,6,0x10C448,0x01,0x93,0x01,0x00,0x01,0x00,0x00,0x0126,0x02D0,0x033E,0x00,0x40,0x03,200,10,200:0040:02A0:0334:0118|201:0040:02B0:0335:0118|202:0040:02D8:0341:0118|203:0040:02C8:033F:0118|204:0040:02B8:0365:0118|205:0040:02D8:0340:0128|206:0040:02C8:033E:0128|207:0040:02B8:0364:0128|208:0040:02A8:0356:0123|209:0040:02B8:0363:0138
round4_castle,0xDC,3330,0x0002,0x0003,0x0000,0x01,0x0056,0x0000,0x0001,actor_2c8,8,0x10C4C8,0x01,0x93,0x01,0x00,0x01,0x00,0x00,0x0126,0x02D0,0x033E,0x00,0x42,0x03,220,19,220:0042:02A0:0334:0118|221:0042:02B0:0335:0118|222:0042:02D8:0341:0118|223:0042:02C8:033F:0118|224:0042:02B8:0365:0118|225:0042:02D8:0340:0128|226:0042:02C8:033E:0128|227:0042:02B8:0364:0128|228:0042:02A8:0356:0123|229:0042:02B8:0363:0138
round4_castle,0xDC,3332,0x0002,0x0003,0x0000,0x01,0x0056,0x0000,0x0001,actor_2c8,5,0x10C408,0x01,0x94,0x01,0x00,0x01,0x00,0x00,0x0124,0x02D0,0x033E,0x00,0x40,0x00,190,10,190:0040:02A0:026B:0116|191:0040:02B0:026C:0116|192:0040:02D8:0345:0116|193:0040:02C8:0343:0116|194:0040:02B8:0365:0116|195:0040:02D8:0344:0126|196:0040:02C8:0342:0126|197:0040:02B8:0364:0126|198:0040:02A8:0356:0121|199:0040:02B8:0363:0136
round4_castle,0xDC,3332,0x0002,0x0003,0x0000,0x01,0x0056,0x0000,0x0001,actor_2c8,6,0x10C448,0x01,0x94,0x01,0x00,0x01,0x00,0x00,0x0124,0x02D0,0x033E,0x00,0x40,0x03,200,10,200:0040:02A0:0334:0116|201:0040:02B0:0335:0116|202:0040:02D8:0345:0116|203:0040:02C8:0343:0116|204:0040:02B8:0365:0116|205:0040:02D8:0344:0126|206:0040:02C8:0342:0126|207:0040:02B8:0364:0126|208:0040:02A8:0356:0121|209:0040:02B8:0363:0136
round4_castle,0xDC,3332,0x0002,0x0003,0x0000,0x01,0x0056,0x0000,0x0001,actor_2c8,8,0x10C4C8,0x01,0x94,0x01,0x00,0x01,0x00,0x00,0x0124,0x02D0,0x033E,0x00,0x42,0x03,220,19,220:0042:02A0:0334:0116|221:0042:02B0:0335:0116|222:0042:02D8:0345:0116|223:0042:02C8:0343:0116|224:0042:02B8:0365:0116|225:0042:02D8:0344:0126|226:0042:02C8:0342:0126|227:0042:02B8:0364:0126|228:0042:02A8:0356:0121|229:0042:02B8:0363:0136
round4_castle,0xDC,3334,0x0002,0x0003,0x0000,0x01,0x0056,0x0000,0x0001,actor_2c8,5,0x10C408,0x01,0x94,0x01,0x00,0x01,0x00,0x00,0x0123,0x02D0,0x033E,0x00,0x40,0x00,190,10,190:0040:02A0:026B:0114|191:0040:02B0:026C:0114|192:0040:02D8:0345:0114|193:0040:02C8:0343:0114|194:0040:02B8:0365:0114|195:0040:02D8:0344:0124|196:0040:02C8:0342:0124|197:0040:02B8:0364:0124|198:0040:02A8:0356:011F|199:0040:02B8:0363:0134
round4_castle,0xDC,3334,0x0002,0x0003,0x0000,0x01,0x0056,0x0000,0x0001,actor_2c8,6,0x10C448,0x01,0x94,0x01,0x00,0x01,0x00,0x00,0x0123,0x02D0,0x033E,0x00,0x40,0x03,200,10,200:0040:02A0:0334:0114|201:0040:02B0:0335:0114|202:0040:02D8:0345:0114|203:0040:02C8:0343:0114|204:0040:02B8:0365:0114|205:0040:02D8:0344:0124|206:0040:02C8:0342:0124|207:0040:02B8:0364:0124|208:0040:02A8:0356:011F|209:0040:02B8:0363:0134
round4_castle,0xDC,3334,0x0002,0x0003,0x0000,0x01,0x0056,0x0000,0x0001,actor_2c8,8,0x10C4C8,0x01,0x94,0x01,0x00,0x01,0x00,0x00,0x0123,0x02D0,0x033E,0x00,0x42,0x03,220,19,220:0042:02A0:0334:0114|221:0042:02B0:0335:0114|222:0042:02D8:0345:0114|223:0042:02C8:0343:0114|224:0042:02B8:0365:0114|225:0042:02D8:0344:0124|226:0042:02C8:0342:0124|227:0042:02B8:0364:0124|228:0042:02A8:0356:011F|229:0042:02B8:0363:0134
round4_castle,0xDC,3336,0x0002,0x0003,0x0000,0x01,0x0056,0x0000,0x0001,actor_2c8,5,0x10C408,0x01,0x94,0x01,0x00,0x01,0x00,0x00,0x0125,0x02D0,0x033E,0x00,0x40,0x00,190,10,190:0040:02A0:026B:0115|191:0040:02B0:026C:0115|192:0040:02D8:0345:0115|193:0040:02C8:0343:0115|194:0040:02B8:0365:0115|195:0040:02D8:0344:0125|196:0040:02C8:0342:0125|197:0040:02B8:0364:0125|198:0040:02A8:0356:0120|199:0040:02B8:0363:0135
round4_castle,0xDC,3336,0x0002,0x0003,0x0000,0x01,0x0056,0x0000,0x0001,actor_2c8,6,0x10C448,0x01,0x94,0x01,0x00,0x01,0x00,0x00,0x0125,0x02D0,0x033E,0x00,0x40,0x03,200,10,200:0040:02A0:0334:0115|201:0040:02B0:0335:0115|202:0040:02D8:0345:0115|203:0040:02C8:0343:0115|204:0040:02B8:0365:0115|205:0040:02D8:0344:0125|206:0040:02C8:0342:0125|207:0040:02B8:0364:0125|208:0040:02A8:0356:0120|209:0040:02B8:0363:0135
round4_castle,0xDC,3336,0x0002,0x0003,0x0000,0x01,0x0056,0x0000,0x0001,actor_2c8,8,0x10C4C8,0x01,0x94,0x01,0x00,0x01,0x00,0x00,0x0125,0x02D0,0x033E,0x00,0x42,0x03,220,19,220:0042:02A0:0334:0115|221:0042:02B0:0335:0115|222:0042:02D8:0345:0115|223:0042:02C8:0343:0115|224:0042:02B8:0365:0115|225:0042:02D8:0344:0125|226:0042:02C8:0342:0125|227:0042:02B8:0364:0125|228:0042:02A8:0356:0120|229:0042:02B8:0363:0135
round4_castle,0xDC,3338,0x0002,0x0003,0x0000,0x01,0x0056,0x0000,0x0001,actor_2c8,5,0x10C408,0x01,0x94,0x01,0x00,0x01,0x00,0x00,0x0127,0x02D0,0x033E,0x00,0x40,0x00,190,10,190:0040:02A0:026B:0117|191:0040:02B0:026C:0117|192:0040:02D8:0345:0117|193:0040:02C8:0343:0117|194:0040:02B8:0365:0117|195:0040:02D8:0344:0127|196:0040:02C8:0342:0127|197:0040:02B8:0364:0127|198:0040:02A8:0356:0122|199:0040:02B8:0363:0137
round4_castle,0xDC,3338,0x0002,0x0003,0x0000,0x01,0x0056,0x0000,0x0001,actor_2c8,6,0x10C448,0x01,0x94,0x01,0x00,0x01,0x00,0x00,0x0127,0x02D0,0x033E,0x00,0x40,0x03,200,10,200:0040:02A0:0334:0117|201:0040:02B0:0335:0117|202:0040:02D8:0345:0117|203:0040:02C8:0343:0117|204:0040:02B8:0365:0117|205:0040:02D8:0344:0127|206:0040:02C8:0342:0127|207:0040:02B8:0364:0127|208:0040:02A8:0356:0122|209:0040:02B8:0363:0137
round4_castle,0xDC,3338,0x0002,0x0003,0x0000,0x01,0x0056,0x0000,0x0001,actor_2c8,8,0x10C4C8,0x01,0x94,0x01,0x00,0x01,0x00,0x00,0x0127,0x02D0,0x033E,0x00,0x42,0x03,220,19,220:0042:02A0:0334:0117|221:0042:02B0:0335:0117|222:0042:02D8:0345:0117|223:0042:02C8:0343:0117|224:0042:02B8:0365:0117|225:0042:02D8:0344:0127|226:0042:02C8:0342:0127|227:0042:02B8:0364:0127|228:0042:02A8:0356:0122|229:0042:02B8:0363:0137
round4_castle,0xDC,3340,0x0002,0x0003,0x0000,0x01,0x0056,0x0000,0x0001,actor_2c8,5,0x10C408,0x01,0x95,0x01,0x00,0x01,0x00,0x00,0x0129,0x02D0,0x033E,0x00,0x40,0x00,190,10,190:0040:02A0:026B:0117|191:0040:02B0:026C:0117|192:0040:02D8:0349:0117|193:0040:02C8:0347:0117|194:0040:02B8:0365:0117|195:0040:02D8:0348:0127|196:0040:02C8:0346:0127|197:0040:02B8:0364:0127|198:0040:02A8:0356:0122|199:0040:02B8:0363:0137
round4_castle,0xDC,3340,0x0002,0x0003,0x0000,0x01,0x0056,0x0000,0x0001,actor_2c8,6,0x10C448,0x01,0x95,0x01,0x00,0x01,0x00,0x00,0x0129,0x02D0,0x033E,0x00,0x40,0x03,200,10,200:0040:02A0:0334:0117|201:0040:02B0:0335:0117|202:0040:02D8:0349:0117|203:0040:02C8:0347:0117|204:0040:02B8:0365:0117|205:0040:02D8:0348:0127|206:0040:02C8:0346:0127|207:0040:02B8:0364:0127|208:0040:02A8:0356:0122|209:0040:02B8:0363:0137
round4_castle,0xDC,3340,0x0002,0x0003,0x0000,0x01,0x0056,0x0000,0x0001,actor_2c8,8,0x10C4C8,0x01,0x95,0x01,0x00,0x01,0x00,0x00,0x0129,0x02D0,0x033E,0x00,0x42,0x03,220,19,220:0042:02A0:0334:0117|221:0042:02B0:0335:0117|222:0042:02D8:0349:0117|223:0042:02C8:0347:0117|224:0042:02B8:0365:0117|225:0042:02D8:0348:0127|226:0042:02C8:0346:0127|227:0042:02B8:0364:0127|228:0042:02A8:0356:0122|229:0042:02B8:0363:0137
round4_castle,0xDC,3342,0x0002,0x0003,0x0000,0x01,0x0056,0x0000,0x0001,actor_2c8,5,0x10C408,0x01,0x95,0x01,0x00,0x01,0x00,0x00,0x012B,0x02D0,0x033E,0x00,0x40,0x00,190,10,190:0040:02A0:026B:0119|191:0040:02B0:026C:0119|192:0040:02D8:0349:0119|193:0040:02C8:0347:0119|194:0040:02B8:0365:0119|195:0040:02D8:0348:0129|196:0040:02C8:0346:0129|197:0040:02B8:0364:0129|198:0040:02A8:0356:0124|199:0040:02B8:0363:0139
round4_castle,0xDC,3342,0x0002,0x0003,0x0000,0x01,0x0056,0x0000,0x0001,actor_2c8,6,0x10C448,0x01,0x95,0x01,0x00,0x01,0x00,0x00,0x012B,0x02D0,0x033E,0x00,0x40,0x03,200,10,200:0040:02A0:0334:0119|201:0040:02B0:0335:0119|202:0040:02D8:0349:0119|203:0040:02C8:0347:0119|204:0040:02B8:0365:0119|205:0040:02D8:0348:0129|206:0040:02C8:0346:0129|207:0040:02B8:0364:0129|208:0040:02A8:0356:0124|209:0040:02B8:0363:0139
round4_castle,0xDC,3342,0x0002,0x0003,0x0000,0x01,0x0056,0x0000,0x0001,actor_2c8,8,0x10C4C8,0x01,0x95,0x01,0x00,0x01,0x00,0x00,0x012B,0x02D0,0x033E,0x00,0x42,0x03,220,19,220:0042:02A0:0334:0119|221:0042:02B0:0335:0119|222:0042:02D8:0349:0119|223:0042:02C8:0347:0119|224:0042:02B8:0365:0119|225:0042:02D8:0348:0129|226:0042:02C8:0346:0129|227:0042:02B8:0364:0129|228:0042:02A8:0356:0124|229:0042:02B8:0363:0139
round4_castle,0xDC,3344,0x0002,0x0003,0x0000,0x01,0x0056,0x0000,0x0001,actor_2c8,5,0x10C408,0x01,0x95,0x01,0x00,0x01,0x00,0x00,0x012D,0x02D0,0x033E,0x00,0x40,0x00,190,10,190:0040:02A0:026B:011B|191:0040:02B0:026C:011B|192:0040:02D8:0349:011B|193:0040:02C8:0347:011B|194:0040:02B8:0365:011B|195:0040:02D8:0348:012B|196:0040:02C8:0346:012B|197:0040:02B8:0364:012B|198:0040:02A8:0356:0126|199:0040:02B8:0363:013B
round4_castle,0xDC,3344,0x0002,0x0003,0x0000,0x01,0x0056,0x0000,0x0001,actor_2c8,6,0x10C448,0x01,0x95,0x01,0x00,0x01,0x00,0x00,0x012D,0x02D0,0x033E,0x00,0x40,0x03,200,10,200:0040:02A0:0334:011B|201:0040:02B0:0335:011B|202:0040:02D8:0349:011B|203:0040:02C8:0347:011B|204:0040:02B8:0365:011B|205:0040:02D8:0348:012B|206:0040:02C8:0346:012B|207:0040:02B8:0364:012B|208:0040:02A8:0356:0126|209:0040:02B8:0363:013B
round4_castle,0xDC,3344,0x0002,0x0003,0x0000,0x01,0x0056,0x0000,0x0001,actor_2c8,8,0x10C4C8,0x01,0x95,0x01,0x00,0x01,0x00,0x00,0x012D,0x02D0,0x033E,0x00,0x42,0x03,220,19,220:0042:02A0:0334:011B|221:0042:02B0:0335:011B|222:0042:02D8:0349:011B|223:0042:02C8:0347:011B|224:0042:02B8:0365:011B|225:0042:02D8:0348:012B|226:0042:02C8:0346:012B|227:0042:02B8:0364:012B|228:0042:02A8:0356:0126|229:0042:02B8:0363:013B
round4_castle,0xDC,3346,0x0002,0x0003,0x0000,0x01,0x0056,0x0000,0x0001,actor_2c8,5,0x10C408,0x01,0x95,0x01,0x00,0x01,0x00,0x00,0x012F,0x02D0,0x033E,0x00,0x40,0x00,190,10,190:0040:02A0:026B:011D|191:0040:02B0:026C:011D|192:0040:02D8:0349:011D|193:0040:02C8:0347:011D|194:0040:02B8:0365:011D|195:0040:02D8:0348:012D|196:0040:02C8:0346:012D|197:0040:02B8:0364:012D|198:0040:02A8:0356:0128|199:0040:02B8:0363:013D
round4_castle,0xDC,3346,0x0002,0x0003,0x0000,0x01,0x0056,0x0000,0x0001,actor_2c8,6,0x10C448,0x01,0x95,0x01,0x00,0x01,0x00,0x00,0x012F,0x02D0,0x033E,0x00,0x40,0x03,200,10,200:0040:02A0:0334:011D|201:0040:02B0:0335:011D|202:0040:02D8:0349:011D|203:0040:02C8:0347:011D|204:0040:02B8:0365:011D|205:0040:02D8:0348:012D|206:0040:02C8:0346:012D|207:0040:02B8:0364:012D|208:0040:02A8:0356:0128|209:0040:02B8:0363:013D
round4_castle,0xDC,3346,0x0002,0x0003,0x0000,0x01,0x0056,0x0000,0x0001,actor_2c8,8,0x10C4C8,0x01,0x95,0x01,0x00,0x01,0x00,0x00,0x012F,0x02D0,0x033E,0x00,0x42,0x03,220,19,220:0042:02A0:0334:011D|221:0042:02B0:0335:011D|222:0042:02D8:0349:011D|223:0042:02C8:0347:011D|224:0042:02B8:0365:011D|225:0042:02D8:0348:012D|226:0042:02C8:0346:012D|227:0042:02B8:0364:012D|228:0042:02A8:0356:0128|229:0042:02B8:0363:013D
round4_castle,0xDC,3348,0x0002,0x0003,0x0000,0x01,0x0056,0x0000,0x0001,actor_2c8,5,0x10C408,0x01,0x94,0x01,0x00,0x01,0x00,0x00,0x012F,0x02D0,0x033E,0x00,0x40,0x00,190,10,190:0040:02A0:026B:011F|191:0040:02B0:026C:011F|192:0040:02D8:0345:011F|193:0040:02C8:0343:011F|194:0040:02B8:0365:011F|195:0040:02D8:0344:012F|196:0040:02C8:0342:012F|197:0040:02B8:0364:012F|198:0040:02A8:0356:012A|199:0040:02B8:0363:013F
round4_castle,0xDC,3348,0x0002,0x0003,0x0000,0x01,0x0056,0x0000,0x0001,actor_2c8,6,0x10C448,0x01,0x94,0x01,0x00,0x01,0x00,0x00,0x012F,0x02D0,0x033E,0x00,0x40,0x03,200,10,200:0040:02A0:0334:011F|201:0040:02B0:0335:011F|202:0040:02D8:0345:011F|203:0040:02C8:0343:011F|204:0040:02B8:0365:011F|205:0040:02D8:0344:012F|206:0040:02C8:0342:012F|207:0040:02B8:0364:012F|208:0040:02A8:0356:012A|209:0040:02B8:0363:013F
round4_castle,0xDC,3348,0x0002,0x0003,0x0000,0x01,0x0056,0x0000,0x0001,actor_2c8,8,0x10C4C8,0x01,0x94,0x01,0x00,0x01,0x00,0x00,0x012F,0x02D0,0x033E,0x00,0x42,0x03,220,19,220:0042:02A0:0334:011F|221:0042:02B0:0335:011F|222:0042:02D8:0345:011F|223:0042:02C8:0343:011F|224:0042:02B8:0365:011F|225:0042:02D8:0344:012F|226:0042:02C8:0342:012F|227:0042:02B8:0364:012F|228:0042:02A8:0356:012A|229:0042:02B8:0363:013F
round4_castle,0xDC,3350,0x0002,0x0003,0x0000,0x01,0x0056,0x0000,0x0001,actor_2c8,5,0x10C408,0x01,0x94,0x01,0x00,0x01,0x00,0x00,0x0131,0x02D0,0x033E,0x00,0x40,0x00,190,10,190:0040:02A0:026B:0121|191:0040:02B0:026C:0121|192:0040:02D8:0345:0121|193:0040:02C8:0343:0121|194:0040:02B8:0365:0121|195:0040:02D8:0344:0131|196:0040:02C8:0342:0131|197:0040:02B8:0364:0131|198:0040:02A8:0356:012C|199:0040:02B8:0363:0141
round4_castle,0xDC,3350,0x0002,0x0003,0x0000,0x01,0x0056,0x0000,0x0001,actor_2c8,6,0x10C448,0x01,0x94,0x01,0x00,0x01,0x00,0x00,0x0131,0x02D0,0x033E,0x00,0x40,0x03,200,10,200:0040:02A0:0334:0121|201:0040:02B0:0335:0121|202:0040:02D8:0345:0121|203:0040:02C8:0343:0121|204:0040:02B8:0365:0121|205:0040:02D8:0344:0131|206:0040:02C8:0342:0131|207:0040:02B8:0364:0131|208:0040:02A8:0356:012C|209:0040:02B8:0363:0141
round4_castle,0xDC,3350,0x0002,0x0003,0x0000,0x01,0x0056,0x0000,0x0001,actor_2c8,8,0x10C4C8,0x01,0x94,0x01,0x00,0x01,0x00,0x00,0x0131,0x02D0,0x033E,0x00,0x42,0x03,220,19,220:0042:02A0:0334:0121|221:0042:02B0:0335:0121|222:0042:02D8:0345:0121|223:0042:02C8:0343:0121|224:0042:02B8:0365:0121|225:0042:02D8:0344:0131|226:0042:02C8:0342:0131|227:0042:02B8:0364:0131|228:0042:02A8:0356:012C|229:0042:02B8:0363:0141
round4_castle,0xDC,3352,0x0002,0x0003,0x0000,0x01,0x0056,0x0000,0x0001,actor_2c8,5,0x10C408,0x01,0x94,0x01,0x00,0x01,0x00,0x00,0x0133,0x02D0,0x033E,0x00,0x40,0x00,190,10,190:0040:02A0:026B:0123|191:0040:02B0:026C:0123|192:0040:02D8:0345:0123|193:0040:02C8:0343:0123|194:0040:02B8:0365:0123|195:0040:02D8:0344:0133|196:0040:02C8:0342:0133|197:0040:02B8:0364:0133|198:0040:02A8:0356:012E|199:0040:02B8:0363:0143
round4_castle,0xDC,3352,0x0002,0x0003,0x0000,0x01,0x0056,0x0000,0x0001,actor_2c8,6,0x10C448,0x01,0x94,0x01,0x00,0x01,0x00,0x00,0x0133,0x02D0,0x033E,0x00,0x40,0x03,200,10,200:0040:02A0:0334:0123|201:0040:02B0:0335:0123|202:0040:02D8:0345:0123|203:0040:02C8:0343:0123|204:0040:02B8:0365:0123|205:0040:02D8:0344:0133|206:0040:02C8:0342:0133|207:0040:02B8:0364:0133|208:0040:02A8:0356:012E|209:0040:02B8:0363:0143
round4_castle,0xDC,3352,0x0002,0x0003,0x0000,0x01,0x0056,0x0000,0x0001,actor_2c8,8,0x10C4C8,0x01,0x94,0x01,0x00,0x01,0x00,0x00,0x0133,0x02D0,0x033E,0x00,0x42,0x03,220,19,220:0042:02A0:0334:0123|221:0042:02B0:0335:0123|222:0042:02D8:0345:0123|223:0042:02C8:0343:0123|224:0042:02B8:0365:0123|225:0042:02D8:0344:0133|226:0042:02C8:0342:0133|227:0042:02B8:0364:0133|228:0042:02A8:0356:012E|229:0042:02B8:0363:0143
round4_castle,0xDC,3354,0x0002,0x0003,0x0000,0x01,0x0056,0x0000,0x0001,actor_2c8,5,0x10C408,0x01,0x94,0x01,0x00,0x01,0x00,0x00,0x0135,0x02D0,0x033E,0x00,0x40,0x00,190,10,190:0040:02A0:026B:0125|191:0040:02B0:026C:0125|192:0040:02D8:0345:0125|193:0040:02C8:0343:0125|194:0040:02B8:0365:0125|195:0040:02D8:0344:0135|196:0040:02C8:0342:0135|197:0040:02B8:0364:0135|198:0040:02A8:0356:0130|199:0040:02B8:0363:0145
round4_castle,0xDC,3354,0x0002,0x0003,0x0000,0x01,0x0056,0x0000,0x0001,actor_2c8,6,0x10C448,0x01,0x94,0x01,0x00,0x01,0x00,0x00,0x0135,0x02D0,0x033E,0x00,0x40,0x03,200,10,200:0040:02A0:0334:0125|201:0040:02B0:0335:0125|202:0040:02D8:0345:0125|203:0040:02C8:0343:0125|204:0040:02B8:0365:0125|205:0040:02D8:0344:0135|206:0040:02C8:0342:0135|207:0040:02B8:0364:0135|208:0040:02A8:0356:0130|209:0040:02B8:0363:0145
round4_castle,0xDC,3354,0x0002,0x0003,0x0000,0x01,0x0056,0x0000,0x0001,actor_2c8,8,0x10C4C8,0x01,0x94,0x01,0x00,0x01,0x00,0x00,0x0135,0x02D0,0x033E,0x00,0x42,0x03,220,19,220:0042:02A0:0334:0125|221:0042:02B0:0335:0125|222:0042:02D8:0345:0125|223:0042:02C8:0343:0125|224:0042:02B8:0365:0125|225:0042:02D8:0344:0135|226:0042:02C8:0342:0135|227:0042:02B8:0364:0135|228:0042:02A8:0356:0130|229:0042:02B8:0363:0145
round4_castle,0xDC,3356,0x0002,0x0003,0x0000,0x01,0x0056,0x0000,0x0001,actor_2c8,5,0x10C408,0x01,0x93,0x01,0x00,0x01,0x00,0x00,0x0137,0x02D0,0x033E,0x00,0x40,0x00,190,10,190:0040:02A0:026B:0127|191:0040:02B0:026C:0127|192:0040:02D8:0341:0127|193:0040:02C8:033F:0127|194:0040:02B8:0365:0127|195:0040:02D8:0340:0137|196:0040:02C8:033E:0137|197:0040:02B8:0364:0137|198:0040:02A8:0356:0132|199:0040:02B8:0363:0147
round4_castle,0xDC,3356,0x0002,0x0003,0x0000,0x01,0x0056,0x0000,0x0001,actor_2c8,6,0x10C448,0x01,0x93,0x01,0x00,0x01,0x00,0x00,0x0137,0x02D0,0x033E,0x00,0x40,0x03,200,10,200:0040:02A0:0334:0127|201:0040:02B0:0335:0127|202:0040:02D8:0341:0127|203:0040:02C8:033F:0127|204:0040:02B8:0365:0127|205:0040:02D8:0340:0137|206:0040:02C8:033E:0137|207:0040:02B8:0364:0137|208:0040:02A8:0356:0132|209:0040:02B8:0363:0147
round4_castle,0xDC,3356,0x0002,0x0003,0x0000,0x01,0x0056,0x0000,0x0001,actor_2c8,8,0x10C4C8,0x01,0x93,0x01,0x00,0x01,0x00,0x00,0x0137,0x02D0,0x033E,0x00,0x42,0x03,220,19,220:0042:02A0:0334:0127|221:0042:02B0:0335:0127|222:0042:02D8:0341:0127|223:0042:02C8:033F:0127|224:0042:02B8:0365:0127|225:0042:02D8:0340:0137|226:0042:02C8:033E:0137|227:0042:02B8:0364:0137|228:0042:02A8:0356:0132|229:0042:02B8:0363:0147
round4_castle,0xDC,3360,0x0002,0x0003,0x0000,0x01,0x0056,0x0000,0x0001,actor_2c8,5,0x10C408,0x01,0x93,0x01,0x00,0x01,0x00,0x00,0x013B,0x02D0,0x033E,0x00,0x40,0x00,190,10,190:0040:02A0:026B:0129|191:0040:02B0:026C:0129|192:0040:02D8:0341:0129|193:0040:02C8:033F:0129|194:0040:02B8:0365:0129|195:0040:02D8:0340:0139|196:0040:02C8:033E:0139|197:0040:02B8:0364:0139|198:0040:02A8:0356:0134|199:0040:02B8:0363:0149
round4_castle,0xDC,3360,0x0002,0x0003,0x0000,0x01,0x0056,0x0000,0x0001,actor_2c8,6,0x10C448,0x01,0x93,0x01,0x00,0x01,0x00,0x00,0x013B,0x02D0,0x033E,0x00,0x40,0x03,200,10,200:0040:02A0:0334:0129|201:0040:02B0:0335:0129|202:0040:02D8:0341:0129|203:0040:02C8:033F:0129|204:0040:02B8:0365:0129|205:0040:02D8:0340:0139|206:0040:02C8:033E:0139|207:0040:02B8:0364:0139|208:0040:02A8:0356:0134|209:0040:02B8:0363:0149
round4_castle,0xDC,3360,0x0002,0x0003,0x0000,0x01,0x0056,0x0000,0x0001,actor_2c8,8,0x10C4C8,0x01,0x93,0x01,0x00,0x01,0x00,0x00,0x013B,0x02D0,0x033E,0x00,0x42,0x03,220,19,220:0042:02A0:0334:0129|221:0042:02B0:0335:0129|222:0042:02D8:0341:0129|223:0042:02C8:033F:0129|224:0042:02B8:0365:0129|225:0042:02D8:0340:0139|226:0042:02C8:033E:0139|227:0042:02B8:0364:0139|228:0042:02A8:0356:0134|229:0042:02B8:0363:0149
round4_castle,0xDC,3362,0x0002,0x0003,0x0000,0x01,0x0056,0x0000,0x0001,actor_2c8,5,0x10C408,0x01,0x93,0x01,0x00,0x01,0x00,0x00,0x013D,0x02D0,0x033E,0x00,0x40,0x00,190,10,190:0040:02A0:026B:012B|191:0040:02B0:026C:012B|192:0040:02D8:0341:012B|193:0040:02C8:033F:012B|194:0040:02B8:0365:012B|195:0040:02D8:0340:013B|196:0040:02C8:033E:013B|197:0040:02B8:0364:013B|198:0040:02A8:0356:0136|199:0040:02B8:0363:014B
round4_castle,0xDC,3362,0x0002,0x0003,0x0000,0x01,0x0056,0x0000,0x0001,actor_2c8,6,0x10C448,0x01,0x93,0x01,0x00,0x01,0x00,0x00,0x013D,0x02D0,0x033E,0x00,0x40,0x03,200,10,200:0040:02A0:0334:012B|201:0040:02B0:0335:012B|202:0040:02D8:0341:012B|203:0040:02C8:033F:012B|204:0040:02B8:0365:012B|205:0040:02D8:0340:013B|206:0040:02C8:033E:013B|207:0040:02B8:0364:013B|208:0040:02A8:0356:0136|209:0040:02B8:0363:014B
round4_castle,0xDC,3362,0x0002,0x0003,0x0000,0x01,0x0056,0x0000,0x0001,actor_2c8,8,0x10C4C8,0x01,0x93,0x01,0x00,0x01,0x00,0x00,0x013D,0x02D0,0x033E,0x00,0x42,0x03,220,19,220:0042:02A0:0334:012B|221:0042:02B0:0335:012B|222:0042:02D8:0341:012B|223:0042:02C8:033F:012B|224:0042:02B8:0365:012B|225:0042:02D8:0340:013B|226:0042:02C8:033E:013B|227:0042:02B8:0364:013B|228:0042:02A8:0356:0136|229:0042:02B8:0363:014B
round4_castle,0xDC,3364,0x0002,0x0003,0x0000,0x01,0x0056,0x0000,0x0001,actor_2c8,5,0x10C408,0x01,0x94,0x01,0x00,0x01,0x00,0x00,0x013F,0x02D0,0x033E,0x00,0x40,0x00,190,10,190:0040:02A0:026B:012D|191:0040:02B0:026C:012D|192:0040:02D8:0345:012D|193:0040:02C8:0343:012D|194:0040:02B8:0365:012D|195:0040:02D8:0344:013D|196:0040:02C8:0342:013D|197:0040:02B8:0364:013D|198:0040:02A8:0356:0138|199:0040:02B8:0363:014D
round4_castle,0xDC,3364,0x0002,0x0003,0x0000,0x01,0x0056,0x0000,0x0001,actor_2c8,6,0x10C448,0x01,0x94,0x01,0x00,0x01,0x00,0x00,0x013F,0x02D0,0x033E,0x00,0x40,0x03,200,10,200:0040:02A0:0334:012D|201:0040:02B0:0335:012D|202:0040:02D8:0345:012D|203:0040:02C8:0343:012D|204:0040:02B8:0365:012D|205:0040:02D8:0344:013D|206:0040:02C8:0342:013D|207:0040:02B8:0364:013D|208:0040:02A8:0356:0138|209:0040:02B8:0363:014D
round4_castle,0xDC,3364,0x0002,0x0003,0x0000,0x01,0x0056,0x0000,0x0001,actor_2c8,8,0x10C4C8,0x01,0x94,0x01,0x00,0x01,0x00,0x00,0x013F,0x02D0,0x033E,0x00,0x42,0x03,220,19,220:0042:02A0:0334:012D|221:0042:02B0:0335:012D|222:0042:02D8:0345:012D|223:0042:02C8:0343:012D|224:0042:02B8:0365:012D|225:0042:02D8:0344:013D|226:0042:02C8:0342:013D|227:0042:02B8:0364:013D|228:0042:02A8:0356:0138|229:0042:02B8:0363:014D
round4_castle,0xDC,3366,0x0002,0x0003,0x0000,0x01,0x0056,0x0000,0x0001,actor_2c8,5,0x10C408,0x01,0x94,0x01,0x00,0x01,0x00,0x00,0x013F,0x02D0,0x033E,0x00,0x40,0x00,190,10,190:0040:02A0:026B:012F|191:0040:02B0:026C:012F|192:0040:02D8:0345:012F|193:0040:02C8:0343:012F|194:0040:02B8:0365:012F|195:0040:02D8:0344:013F|196:0040:02C8:0342:013F|197:0040:02B8:0364:013F|198:0040:02A8:0356:013A|199:0040:02B8:0363:014F
round4_castle,0xDC,3366,0x0002,0x0003,0x0000,0x01,0x0056,0x0000,0x0001,actor_2c8,6,0x10C448,0x01,0x94,0x01,0x00,0x01,0x00,0x00,0x013F,0x02D0,0x033E,0x00,0x40,0x03,200,10,200:0040:02A0:0334:012F|201:0040:02B0:0335:012F|202:0040:02D8:0345:012F|203:0040:02C8:0343:012F|204:0040:02B8:0365:012F|205:0040:02D8:0344:013F|206:0040:02C8:0342:013F|207:0040:02B8:0364:013F|208:0040:02A8:0356:013A|209:0040:02B8:0363:014F
round4_castle,0xDC,3366,0x0002,0x0003,0x0000,0x01,0x0056,0x0000,0x0001,actor_2c8,8,0x10C4C8,0x01,0x94,0x01,0x00,0x01,0x00,0x00,0x013F,0x02D0,0x033E,0x00,0x42,0x03,220,19,220:0042:02A0:0334:012F|221:0042:02B0:0335:012F|222:0042:02D8:0345:012F|223:0042:02C8:0343:012F|224:0042:02B8:0365:012F|225:0042:02D8:0344:013F|226:0042:02C8:0342:013F|227:0042:02B8:0364:013F|228:0042:02A8:0356:013A|229:0042:02B8:0363:014F
round4_castle,0xDC,3368,0x0002,0x0003,0x0000,0x01,0x0056,0x0000,0x0001,actor_2c8,5,0x10C408,0x01,0x94,0x01,0x00,0x01,0x00,0x00,0x0141,0x02D0,0x033E,0x00,0x40,0x00,190,10,190:0040:02A0:026B:0131|191:0040:02B0:026C:0131|192:0040:02D8:0345:0131|193:0040:02C8:0343:0131|194:0040:02B8:0365:0131|195:0040:02D8:0344:0141|196:0040:02C8:0342:0141|197:0040:02B8:0364:0141|198:0040:02A8:0356:013C|199:0040:02B8:0363:0151
round4_castle,0xDC,3368,0x0002,0x0003,0x0000,0x01,0x0056,0x0000,0x0001,actor_2c8,6,0x10C448,0x01,0x94,0x01,0x00,0x01,0x00,0x00,0x0141,0x02D0,0x033E,0x00,0x40,0x03,200,10,200:0040:02A0:0334:0131|201:0040:02B0:0335:0131|202:0040:02D8:0345:0131|203:0040:02C8:0343:0131|204:0040:02B8:0365:0131|205:0040:02D8:0344:0141|206:0040:02C8:0342:0141|207:0040:02B8:0364:0141|208:0040:02A8:0356:013C|209:0040:02B8:0363:0151
round4_castle,0xDC,3368,0x0002,0x0003,0x0000,0x01,0x0056,0x0000,0x0001,actor_2c8,8,0x10C4C8,0x01,0x94,0x01,0x00,0x01,0x00,0x00,0x0141,0x02D0,0x033E,0x00,0x42,0x03,220,19,220:0042:02A0:0334:0131|221:0042:02B0:0335:0131|222:0042:02D8:0345:0131|223:0042:02C8:0343:0131|224:0042:02B8:0365:0131|225:0042:02D8:0344:0141|226:0042:02C8:0342:0141|227:0042:02B8:0364:0141|228:0042:02A8:0356:013C|229:0042:02B8:0363:0151
round4_castle,0xDC,3370,0x0002,0x0003,0x0000,0x01,0x0056,0x0000,0x0001,actor_2c8,5,0x10C408,0x01,0x94,0x01,0x00,0x01,0x00,0x00,0x0143,0x02D0,0x033E,0x00,0x40,0x00,190,10,190:0040:02A0:026B:0133|191:0040:02B0:026C:0133|192:0040:02D8:0345:0133|193:0040:02C8:0343:0133|194:0040:02B8:0365:0133|195:0040:02D8:0344:0143|196:0040:02C8:0342:0143|197:0040:02B8:0364:0143|198:0040:02A8:0356:013E|199:0040:02B8:0363:0153
round4_castle,0xDC,3370,0x0002,0x0003,0x0000,0x01,0x0056,0x0000,0x0001,actor_2c8,6,0x10C448,0x01,0x94,0x01,0x00,0x01,0x00,0x00,0x0143,0x02D0,0x033E,0x00,0x40,0x03,200,10,200:0040:02A0:0334:0133|201:0040:02B0:0335:0133|202:0040:02D8:0345:0133|203:0040:02C8:0343:0133|204:0040:02B8:0365:0133|205:0040:02D8:0344:0143|206:0040:02C8:0342:0143|207:0040:02B8:0364:0143|208:0040:02A8:0356:013E|209:0040:02B8:0363:0153
round4_castle,0xDC,3370,0x0002,0x0003,0x0000,0x01,0x0056,0x0000,0x0001,actor_2c8,8,0x10C4C8,0x01,0x94,0x01,0x00,0x01,0x00,0x00,0x0143,0x02D0,0x033E,0x00,0x42,0x03,220,19,220:0042:02A0:0334:0133|221:0042:02B0:0335:0133|222:0042:02D8:0345:0133|223:0042:02C8:0343:0133|224:0042:02B8:0365:0133|225:0042:02D8:0344:0143|226:0042:02C8:0342:0143|227:0042:02B8:0364:0143|228:0042:02A8:0356:013E|229:0042:02B8:0363:0153
round4_castle,0xDC,3372,0x0002,0x0003,0x0000,0x01,0x0056,0x0000,0x0001,actor_2c8,5,0x10C408,0x01,0x95,0x01,0x00,0x01,0x00,0x00,0x0145,0x02D0,0x033E,0x00,0x40,0x00,190,10,190:0040:02A0:026B:0135|191:0040:02B0:026C:0135|192:0040:02D8:0349:0135|193:0040:02C8:0347:0135|194:0040:02B8:0365:0135|195:0040:02D8:0348:0145|196:0040:02C8:0346:0145|197:0040:02B8:0364:0145|198:0040:02A8:0356:0140|199:0040:02B8:0363:0155
round4_castle,0xDC,3372,0x0002,0x0003,0x0000,0x01,0x0056,0x0000,0x0001,actor_2c8,6,0x10C448,0x01,0x95,0x01,0x00,0x01,0x00,0x00,0x0145,0x02D0,0x033E,0x00,0x40,0x03,200,10,200:0040:02A0:0334:0135|201:0040:02B0:0335:0135|202:0040:02D8:0349:0135|203:0040:02C8:0347:0135|204:0040:02B8:0365:0135|205:0040:02D8:0348:0145|206:0040:02C8:0346:0145|207:0040:02B8:0364:0145|208:0040:02A8:0356:0140|209:0040:02B8:0363:0155
round4_castle,0xDC,3372,0x0002,0x0003,0x0000,0x01,0x0056,0x0000,0x0001,actor_2c8,8,0x10C4C8,0x01,0x95,0x01,0x00,0x01,0x00,0x00,0x0145,0x02D0,0x033E,0x00,0x42,0x03,220,19,220:0042:02A0:0334:0135|221:0042:02B0:0335:0135|222:0042:02D8:0349:0135|223:0042:02C8:0347:0135|224:0042:02B8:0365:0135|225:0042:02D8:0348:0145|226:0042:02C8:0346:0145|227:0042:02B8:0364:0145|228:0042:02A8:0356:0140|229:0042:02B8:0363:0155
round4_castle,0xDC,3374,0x0002,0x0003,0x0000,0x01,0x0056,0x0000,0x0001,actor_2c8,5,0x10C408,0x01,0x95,0x01,0x00,0x01,0x00,0x00,0x0147,0x02D0,0x033E,0x00,0x40,0x00,190,10,190:0040:02A0:026B:0137|191:0040:02B0:026C:0137|192:0040:02D8:0349:0137|193:0040:02C8:0347:0137|194:0040:02B8:0365:0137|195:0040:02D8:0348:0147|196:0040:02C8:0346:0147|197:0040:02B8:0364:0147|198:0040:02A8:0356:0142|199:0040:02B8:0363:0157
round4_castle,0xDC,3374,0x0002,0x0003,0x0000,0x01,0x0056,0x0000,0x0001,actor_2c8,6,0x10C448,0x01,0x95,0x01,0x00,0x01,0x00,0x00,0x0147,0x02D0,0x033E,0x00,0x40,0x03,200,10,200:0040:02A0:0334:0137|201:0040:02B0:0335:0137|202:0040:02D8:0349:0137|203:0040:02C8:0347:0137|204:0040:02B8:0365:0137|205:0040:02D8:0348:0147|206:0040:02C8:0346:0147|207:0040:02B8:0364:0147|208:0040:02A8:0356:0142|209:0040:02B8:0363:0157
round4_castle,0xDC,3374,0x0002,0x0003,0x0000,0x01,0x0056,0x0000,0x0001,actor_2c8,8,0x10C4C8,0x01,0x95,0x01,0x00,0x01,0x00,0x00,0x0147,0x02D0,0x033E,0x00,0x42,0x03,220,19,220:0042:02A0:0334:0137|221:0042:02B0:0335:0137|222:0042:02D8:0349:0137|223:0042:02C8:0347:0137|224:0042:02B8:0365:0137|225:0042:02D8:0348:0147|226:0042:02C8:0346:0147|227:0042:02B8:0364:0147|228:0042:02A8:0356:0142|229:0042:02B8:0363:0157
round4_castle,0xDC,3378,0x0002,0x0003,0x0000,0x01,0x0056,0x0000,0x0001,actor_2c8,5,0x10C408,0x01,0x95,0x01,0x00,0x01,0x00,0x00,0x014B,0x02D0,0x033E,0x00,0x40,0x00,190,10,190:0040:02A0:026B:0139|191:0040:02B0:026C:0139|192:0040:02D8:0349:0139|193:0040:02C8:0347:0139|194:0040:02B8:0365:0139|195:0040:02D8:0348:0149|196:0040:02C8:0346:0149|197:0040:02B8:0364:0149|198:0040:02A8:0356:0144|199:0040:02B8:0363:0159
round4_castle,0xDC,3378,0x0002,0x0003,0x0000,0x01,0x0056,0x0000,0x0001,actor_2c8,6,0x10C448,0x01,0x95,0x00,0x00,0x02,0x00,0x00,0x0143,0x02D0,0x033E,0x00,0x40,0x03,200,10,200:4040:02A0:0334:0144|201:4040:02B0:0335:0144|202:4040:02D8:0349:0144|203:4040:02C8:0347:0144|204:4040:02B8:0365:0144|205:4040:02D8:0348:0134|206:4040:02C8:0346:0134|207:4040:02B8:0364:0134|208:4040:02A8:0356:0139|209:4040:02B8:0363:0124
round4_castle,0xDC,3378,0x0002,0x0003,0x0000,0x01,0x0056,0x0000,0x0001,actor_2c8,8,0x10C4C8,0x01,0x95,0x01,0x00,0x01,0x00,0x00,0x014B,0x02D0,0x033E,0x00,0x42,0x03,220,19,220:0042:02A0:0334:0139|221:0042:02B0:0335:0139|222:0042:02D8:0349:0139|223:0042:02C8:0347:0139|224:0042:02B8:0365:0139|225:0042:02D8:0348:0149|226:0042:02C8:0346:0149|227:0042:02B8:0364:0149|228:0042:02A8:0356:0144|229:0042:02B8:0363:0159
round4_castle,0xDC,3380,0x0002,0x0003,0x0000,0x01,0x0056,0x0000,0x0001,actor_2c8,5,0x10C408,0x01,0x94,0x01,0x00,0x01,0x00,0x00,0x014D,0x02D0,0x033E,0x00,0x40,0x00,190,10,190:0040:02A0:026B:013B|191:0040:02B0:026C:013B|192:0040:02D8:0345:013B|193:0040:02C8:0343:013B|194:0040:02B8:0365:013B|195:0040:02D8:0344:014B|196:0040:02C8:0342:014B|197:0040:02B8:0364:014B|198:0040:02A8:0356:0146|199:0040:02B8:0363:015B
round4_castle,0xDC,3380,0x0002,0x0003,0x0000,0x01,0x0056,0x0000,0x0001,actor_2c8,6,0x10C448,0x01,0x94,0x00,0x00,0x02,0x00,0x00,0x0141,0x02D0,0x033E,0x00,0x40,0x03,200,10,200:4040:02A0:0334:0142|201:4040:02B0:0335:0142|202:4040:02D8:0345:0142|203:4040:02C8:0343:0142|204:4040:02B8:0365:0142|205:4040:02D8:0344:0132|206:4040:02C8:0342:0132|207:4040:02B8:0364:0132|208:4040:02A8:0356:0137|209:4040:02B8:0363:0122
round4_castle,0xDC,3380,0x0002,0x0003,0x0000,0x01,0x0056,0x0000,0x0001,actor_2c8,8,0x10C4C8,0x01,0x94,0x01,0x00,0x01,0x00,0x00,0x014D,0x02D0,0x033E,0x00,0x42,0x03,220,19,220:0042:02A0:0334:013B|221:0042:02B0:0335:013B|222:0042:02D8:0345:013B|223:0042:02C8:0343:013B|224:0042:02B8:0365:013B|225:0042:02D8:0344:014B|226:0042:02C8:0342:014B|227:0042:02B8:0364:014B|228:0042:02A8:0356:0146|229:0042:02B8:0363:015B
round4_castle,0xDC,3382,0x0002,0x0003,0x0000,0x01,0x0056,0x0000,0x0001,actor_2c8,5,0x10C408,0x01,0x94,0x01,0x00,0x01,0x00,0x00,0x014F,0x02D0,0x033E,0x00,0x40,0x00,190,10,190:0040:02A0:026B:013D|191:0040:02B0:026C:013D|192:0040:02D8:0345:013D|193:0040:02C8:0343:013D|194:0040:02B8:0365:013D|195:0040:02D8:0344:014D|196:0040:02C8:0342:014D|197:0040:02B8:0364:014D|198:0040:02A8:0356:0148|199:0040:02B8:0363:015D
round4_castle,0xDC,3382,0x0002,0x0003,0x0000,0x01,0x0056,0x0000,0x0001,actor_2c8,8,0x10C4C8,0x01,0x94,0x01,0x00,0x01,0x00,0x00,0x014F,0x02D0,0x033E,0x00,0x42,0x03,220,19,220:0042:02A0:0334:013D|221:0042:02B0:0335:013D|222:0042:02D8:0345:013D|223:0042:02C8:0343:013D|224:0042:02B8:0365:013D|225:0042:02D8:0344:014D|226:0042:02C8:0342:014D|227:0042:02B8:0364:014D|228:0042:02A8:0356:0148|229:0042:02B8:0363:015D
round4_castle,0xDC,3384,0x0002,0x0003,0x0000,0x01,0x0056,0x0000,0x0001,actor_2c8,5,0x10C408,0x01,0x94,0x01,0x00,0x01,0x00,0x00,0x014F,0x02D0,0x033E,0x00,0x40,0x00,190,10,190:0040:02A0:026B:013F|191:0040:02B0:026C:013F|192:0040:02D8:0345:013F|193:0040:02C8:0343:013F|194:0040:02B8:0365:013F|195:0040:02D8:0344:014F|196:0040:02C8:0342:014F|197:0040:02B8:0364:014F|198:0040:02A8:0356:014A|199:0040:02B8:0363:015F
round4_castle,0xDC,3384,0x0002,0x0003,0x0000,0x01,0x0056,0x0000,0x0001,actor_2c8,6,0x10C448,0x01,0x94,0x00,0x00,0x02,0x00,0x00,0x013F,0x02D0,0x033E,0x00,0x40,0x03,200,10,200:4040:02A0:0334:013E|201:4040:02B0:0335:013E|202:4040:02D8:0345:013E|203:4040:02C8:0343:013E|204:4040:02B8:0365:013E|205:4040:02D8:0344:012E|206:4040:02C8:0342:012E|207:4040:02B8:0364:012E|208:4040:02A8:0356:0133|209:4040:02B8:0363:011E
round4_castle,0xDC,3384,0x0002,0x0003,0x0000,0x01,0x0056,0x0000,0x0001,actor_2c8,8,0x10C4C8,0x01,0x94,0x01,0x00,0x01,0x00,0x00,0x014F,0x02D0,0x033E,0x00,0x42,0x03,220,19,220:0042:02A0:0334:013F|221:0042:02B0:0335:013F|222:0042:02D8:0345:013F|223:0042:02C8:0343:013F|224:0042:02B8:0365:013F|225:0042:02D8:0344:014F|226:0042:02C8:0342:014F|227:0042:02B8:0364:014F|228:0042:02A8:0356:014A|229:0042:02B8:0363:015F
round4_castle,0xDC,3386,0x0002,0x0003,0x0000,0x01,0x0056,0x0000,0x0001,actor_2c8,5,0x10C408,0x01,0x94,0x01,0x00,0x01,0x00,0x00,0x0151,0x02D0,0x033E,0x00,0x40,0x00,190,10,190:0040:02A0:026B:0141|191:0040:02B0:026C:0141|192:0040:02D8:0345:0141|193:0040:02C8:0343:0141|194:0040:02B8:0365:0141|195:0040:02D8:0344:0151|196:0040:02C8:0342:0151|197:0040:02B8:0364:0151|198:0040:02A8:0356:014C|199:0040:02B8:0363:0161
round4_castle,0xDC,3386,0x0002,0x0003,0x0000,0x01,0x0056,0x0000,0x0001,actor_2c8,6,0x10C448,0x01,0x94,0x00,0x00,0x02,0x00,0x00,0x013D,0x02D0,0x033E,0x00,0x40,0x03,200,10,200:4040:02A0:0334:013C|201:4040:02B0:0335:013C|202:4040:02D8:0345:013C|203:4040:02C8:0343:013C|204:4040:02B8:0365:013C|205:4040:02D8:0344:012C|206:4040:02C8:0342:012C|207:4040:02B8:0364:012C|208:4040:02A8:0356:0131|209:4040:02B8:0363:011C
round4_castle,0xDC,3386,0x0002,0x0003,0x0000,0x01,0x0056,0x0000,0x0001,actor_2c8,8,0x10C4C8,0x01,0x94,0x01,0x00,0x01,0x00,0x00,0x0151,0x02D0,0x033E,0x00,0x42,0x03,220,19,220:0042:02A0:0334:0141|221:0042:02B0:0335:0141|222:0042:02D8:0345:0141|223:0042:02C8:0343:0141|224:0042:02B8:0365:0141|225:0042:02D8:0344:0151|226:0042:02C8:0342:0151|227:0042:02B8:0364:0151|228:0042:02A8:0356:014C|229:0042:02B8:0363:0161
round4_castle,0xDC,3388,0x0002,0x0003,0x0000,0x01,0x0056,0x0000,0x0001,actor_2c8,5,0x10C408,0x01,0x93,0x01,0x00,0x01,0x00,0x00,0x0153,0x02D0,0x033E,0x00,0x40,0x00,190,10,190:0040:02A0:026B:0143|191:0040:02B0:026C:0143|192:0040:02D8:0341:0143|193:0040:02C8:033F:0143|194:0040:02B8:0365:0143|195:0040:02D8:0340:0153|196:0040:02C8:033E:0153|197:0040:02B8:0364:0153|198:0040:02A8:0356:014E|199:0040:02B8:0363:0163
round4_castle,0xDC,3388,0x0002,0x0003,0x0000,0x01,0x0056,0x0000,0x0001,actor_2c8,6,0x10C448,0x01,0x93,0x00,0x00,0x02,0x00,0x00,0x013B,0x02D0,0x033E,0x00,0x40,0x03,200,10,200:4040:02A0:0334:013A|201:4040:02B0:0335:013A|202:4040:02D8:0341:013A|203:4040:02C8:033F:013A|204:4040:02B8:0365:013A|205:4040:02D8:0340:012A|206:4040:02C8:033E:012A|207:4040:02B8:0364:012A|208:4040:02A8:0356:012F|209:4040:02B8:0363:011A
round4_castle,0xDC,3388,0x0002,0x0003,0x0000,0x01,0x0056,0x0000,0x0001,actor_2c8,8,0x10C4C8,0x01,0x93,0x01,0x00,0x01,0x00,0x00,0x0153,0x02D0,0x033E,0x00,0x42,0x03,220,19,220:0042:02A0:0334:0143|221:0042:02B0:0335:0143|222:0042:02D8:0341:0143|223:0042:02C8:033F:0143|224:0042:02B8:0365:0143|225:0042:02D8:0340:0153|226:0042:02C8:033E:0153|227:0042:02B8:0364:0153|228:0042:02A8:0356:014E|229:0042:02B8:0363:0163
round4_castle,0xDC,3390,0x0002,0x0003,0x0000,0x01,0x0056,0x0000,0x0001,actor_2c8,5,0x10C408,0x01,0x93,0x01,0x00,0x01,0x00,0x00,0x0155,0x02D0,0x033E,0x00,0x40,0x00,190,10,190:0040:02A0:026B:0145|191:0040:02B0:026C:0145|192:0040:02D8:0341:0145|193:0040:02C8:033F:0145|194:0040:02B8:0365:0145|195:0040:02D8:0340:0155|196:0040:02C8:033E:0155|197:0040:02B8:0364:0155|198:0040:02A8:0356:0150|199:0040:02B8:0363:0165
round4_castle,0xDC,3390,0x0002,0x0003,0x0000,0x01,0x0056,0x0000,0x0001,actor_2c8,6,0x10C448,0x01,0x93,0x00,0x00,0x02,0x00,0x00,0x0139,0x02D0,0x033E,0x00,0x40,0x03,200,10,200:4040:02A0:0334:0138|201:4040:02B0:0335:0138|202:4040:02D8:0341:0138|203:4040:02C8:033F:0138|204:4040:02B8:0365:0138|205:4040:02D8:0340:0128|206:4040:02C8:033E:0128|207:4040:02B8:0364:0128|208:4040:02A8:0356:012D|209:4040:02B8:0363:0118
round4_castle,0xDC,3390,0x0002,0x0003,0x0000,0x01,0x0056,0x0000,0x0001,actor_2c8,8,0x10C4C8,0x01,0x93,0x01,0x00,0x01,0x00,0x00,0x0155,0x02D0,0x033E,0x00,0x42,0x03,220,19,220:0042:02A0:0334:0145|221:0042:02B0:0335:0145|222:0042:02D8:0341:0145|223:0042:02C8:033F:0145|224:0042:02B8:0365:0145|225:0042:02D8:0340:0155|226:0042:02C8:033E:0155|227:0042:02B8:0364:0155|228:0042:02A8:0356:0150|229:0042:02B8:0363:0165
round4_castle,0xDC,3392,0x0002,0x0003,0x0000,0x01,0x0056,0x0000,0x0001,actor_2c8,5,0x10C408,0x01,0x93,0x01,0x00,0x01,0x00,0x00,0x0157,0x02D0,0x033E,0x00,0x40,0x00,190,10,190:0040:02A0:026B:0147|191:0040:02B0:026C:0147|192:0040:02D8:0341:0147|193:0040:02C8:033F:0147|194:0040:02B8:0365:0147|195:0040:02D8:0340:0157|196:0040:02C8:033E:0157|197:0040:02B8:0364:0157|198:0040:02A8:0356:0152|199:0040:02B8:0363:0167
round4_castle,0xDC,3392,0x0002,0x0003,0x0000,0x01,0x0056,0x0000,0x0001,actor_2c8,6,0x10C448,0x01,0x93,0x00,0x00,0x02,0x00,0x00,0x0137,0x02D0,0x033E,0x00,0x40,0x03,200,10,200:4040:02A0:0334:0136|201:4040:02B0:0335:0136|202:4040:02D8:0341:0136|203:4040:02C8:033F:0136|204:4040:02B8:0365:0136|205:4040:02D8:0340:0126|206:4040:02C8:033E:0126|207:4040:02B8:0364:0126|208:4040:02A8:0356:012B|209:4040:02B8:0363:0116
round4_castle,0xDC,3392,0x0002,0x0003,0x0000,0x01,0x0056,0x0000,0x0001,actor_2c8,8,0x10C4C8,0x01,0x93,0x01,0x00,0x01,0x00,0x00,0x0157,0x02D0,0x033E,0x00,0x42,0x03,220,19,220:0042:02A0:0334:0147|221:0042:02B0:0335:0147|222:0042:02D8:0341:0147|223:0042:02C8:033F:0147|224:0042:02B8:0365:0147|225:0042:02D8:0340:0157|226:0042:02C8:033E:0157|227:0042:02B8:0364:0157|228:0042:02A8:0356:0152|229:0042:02B8:0363:0167
round4_castle,0xDC,3396,0x0002,0x0003,0x0000,0x01,0x0056,0x0000,0x0001,actor_2c8,4,0x10C3C8,0x01,0x94,0x01,0x00,0x01,0x00,0x00,0x0201,0x02D0,0x033E,0x00,0x40,0x03,180,10,180:0040:02A0:0334:01F1|181:0040:02B0:0335:01F1|182:0040:02D8:0345:01F1|183:0040:02C8:0343:01F1|184:0040:02B8:0365:01F1|185:0040:02D8:0344:0201|186:0040:02C8:0342:0201|187:0040:02B8:0364:0201|188:0040:02A8:0356:01FC|189:0040:02B8:0363:0211
round4_castle,0xDC,3396,0x0002,0x0003,0x0000,0x01,0x0056,0x0000,0x0001,actor_2c8,8,0x10C4C8,0x01,0x94,0x00,0x00,0x02,0x00,0x00,0x0153,0x02D0,0x033E,0x00,0x42,0x03,220,19,220:4042:02A0:0334:0154|221:4042:02B0:0335:0154|222:4042:02D8:0345:0154|223:4042:02C8:0343:0154|224:4042:02B8:0365:0154|225:4042:02D8:0344:0144|226:4042:02C8:0342:0144|227:4042:02B8:0364:0144|228:4042:02A8:0356:0149|229:4042:02B8:0363:0134
round4_castle,0xDC,3398,0x0002,0x0003,0x0000,0x01,0x0056,0x0000,0x0001,actor_2c8,4,0x10C3C8,0x01,0x94,0x01,0x00,0x01,0x00,0x00,0x0203,0x02D0,0x033E,0x00,0x40,0x03,180,10,180:0040:02A0:0334:01F3|181:0040:02B0:0335:01F3|182:0040:02D8:0345:01F3|183:0040:02C8:0343:01F3|184:0040:02B8:0365:01F3|185:0040:02D8:0344:0203|186:0040:02C8:0342:0203|187:0040:02B8:0364:0203|188:0040:02A8:0356:01FE|189:0040:02B8:0363:0213
round4_castle,0xDC,3398,0x0002,0x0003,0x0000,0x01,0x0056,0x0000,0x0001,actor_2c8,8,0x10C4C8,0x01,0x94,0x00,0x00,0x02,0x00,0x00,0x0151,0x02D0,0x033E,0x00,0x42,0x03,220,19,220:4042:02A0:0334:0152|221:4042:02B0:0335:0152|222:4042:02D8:0345:0152|223:4042:02C8:0343:0152|224:4042:02B8:0365:0152|225:4042:02D8:0344:0142|226:4042:02C8:0342:0142|227:4042:02B8:0364:0142|228:4042:02A8:0356:0147|229:4042:02B8:0363:0132
round4_castle,0xDC,3400,0x0002,0x0003,0x0000,0x01,0x0056,0x0000,0x0001,actor_2c8,4,0x10C3C8,0x01,0x94,0x01,0x00,0x01,0x00,0x00,0x0205,0x02D0,0x033E,0x00,0x40,0x03,180,10,180:0040:02A0:0334:01F5|181:0040:02B0:0335:01F5|182:0040:02D8:0345:01F5|183:0040:02C8:0343:01F5|184:0040:02B8:0365:01F5|185:0040:02D8:0344:0205|186:0040:02C8:0342:0205|187:0040:02B8:0364:0205|188:0040:02A8:0356:0200|189:0040:02B8:0363:0215
round4_castle,0xDC,3400,0x0002,0x0003,0x0000,0x01,0x0056,0x0000,0x0001,actor_2c8,8,0x10C4C8,0x01,0x94,0x00,0x00,0x02,0x00,0x00,0x014F,0x02D0,0x033E,0x00,0x42,0x03,220,19,220:4042:02A0:0334:0150|221:4042:02B0:0335:0150|222:4042:02D8:0345:0150|223:4042:02C8:0343:0150|224:4042:02B8:0365:0150|225:4042:02D8:0344:0140|226:4042:02C8:0342:0140|227:4042:02B8:0364:0140|228:4042:02A8:0356:0145|229:4042:02B8:0363:0130
round4_castle,0xDC,3402,0x0002,0x0003,0x0000,0x01,0x0056,0x0000,0x0001,actor_2c8,4,0x10C3C8,0x01,0x94,0x01,0x00,0x01,0x00,0x00,0x0207,0x02D0,0x033E,0x00,0x40,0x03,180,10,180:0040:02A0:0334:01F7|181:0040:02B0:0335:01F7|182:0040:02D8:0345:01F7|183:0040:02C8:0343:01F7|184:0040:02B8:0365:01F7|185:0040:02D8:0344:0207|186:0040:02C8:0342:0207|187:0040:02B8:0364:0207|188:0040:02A8:0356:0202|189:0040:02B8:0363:0217
round4_castle,0xDC,3402,0x0002,0x0003,0x0000,0x01,0x0056,0x0000,0x0001,actor_2c8,8,0x10C4C8,0x01,0x94,0x00,0x00,0x02,0x00,0x00,0x014F,0x02D0,0x033E,0x00,0x42,0x03,220,19,220:4042:02A0:0334:014E|221:4042:02B0:0335:014E|222:4042:02D8:0345:014E|223:4042:02C8:0343:014E|224:4042:02B8:0365:014E|225:4042:02D8:0344:013E|226:4042:02C8:0342:013E|227:4042:02B8:0364:013E|228:4042:02A8:0356:0143|229:4042:02B8:0363:012E
round4_castle,0xDC,3404,0x0002,0x0003,0x0000,0x01,0x0056,0x0000,0x0001,actor_2c8,4,0x10C3C8,0x01,0x95,0x01,0x00,0x01,0x00,0x00,0x0209,0x02D0,0x033E,0x00,0x40,0x03,180,10,180:0040:02A0:0334:01F7|181:0040:02B0:0335:01F7|182:0040:02D8:0349:01F7|183:0040:02C8:0347:01F7|184:0040:02B8:0365:01F7|185:0040:02D8:0348:0207|186:0040:02C8:0346:0207|187:0040:02B8:0364:0207|188:0040:02A8:0356:0202|189:0040:02B8:0363:0217
round4_castle,0xDC,3404,0x0002,0x0003,0x0000,0x01,0x0056,0x0000,0x0001,actor_2c8,8,0x10C4C8,0x01,0x95,0x00,0x00,0x02,0x00,0x00,0x014D,0x02D0,0x033E,0x00,0x42,0x03,220,19,220:4042:02A0:0334:014C|221:4042:02B0:0335:014C|222:4042:02D8:0349:014C|223:4042:02C8:0347:014C|224:4042:02B8:0365:014C|225:4042:02D8:0348:013C|226:4042:02C8:0346:013C|227:4042:02B8:0364:013C|228:4042:02A8:0356:0141|229:4042:02B8:0363:012C
round4_castle,0xDC,3406,0x0002,0x0003,0x0000,0x01,0x0056,0x0000,0x0001,actor_2c8,4,0x10C3C8,0x01,0x95,0x01,0x00,0x01,0x00,0x00,0x020B,0x02D0,0x033E,0x00,0x40,0x03,180,10,180:0040:02A0:0334:01F9|181:0040:02B0:0335:01F9|182:0040:02D8:0349:01F9|183:0040:02C8:0347:01F9|184:0040:02B8:0365:01F9|185:0040:02D8:0348:0209|186:0040:02C8:0346:0209|187:0040:02B8:0364:0209|188:0040:02A8:0356:0204|189:0040:02B8:0363:0219
round4_castle,0xDC,3406,0x0002,0x0003,0x0000,0x01,0x0056,0x0000,0x0001,actor_2c8,8,0x10C4C8,0x01,0x95,0x00,0x00,0x02,0x00,0x00,0x014B,0x02D0,0x033E,0x00,0x42,0x03,220,19,220:4042:02A0:0334:014A|221:4042:02B0:0335:014A|222:4042:02D8:0349:014A|223:4042:02C8:0347:014A|224:4042:02B8:0365:014A|225:4042:02D8:0348:013A|226:4042:02C8:0346:013A|227:4042:02B8:0364:013A|228:4042:02A8:0356:013F|229:4042:02B8:0363:012A
round4_castle,0xDC,3408,0x0002,0x0003,0x0000,0x01,0x0056,0x0000,0x0001,actor_2c8,4,0x10C3C8,0x01,0x95,0x01,0x00,0x01,0x00,0x00,0x020D,0x02D0,0x033E,0x00,0x40,0x03,180,10,180:0040:02A0:0334:01FB|181:0040:02B0:0335:01FB|182:0040:02D8:0349:01FB|183:0040:02C8:0347:01FB|184:0040:02B8:0365:01FB|185:0040:02D8:0348:020B|186:0040:02C8:0346:020B|187:0040:02B8:0364:020B|188:0040:02A8:0356:0206|189:0040:02B8:0363:021B
round4_castle,0xDC,3408,0x0002,0x0003,0x0000,0x01,0x0056,0x0000,0x0001,actor_2c8,8,0x10C4C8,0x01,0x95,0x00,0x00,0x02,0x00,0x00,0x0149,0x02D0,0x033E,0x00,0x42,0x03,220,19,220:4042:02A0:0334:0148|221:4042:02B0:0335:0148|222:4042:02D8:0349:0148|223:4042:02C8:0347:0148|224:4042:02B8:0365:0148|225:4042:02D8:0348:0138|226:4042:02C8:0346:0138|227:4042:02B8:0364:0138|228:4042:02A8:0356:013D|229:4042:02B8:0363:0128
round4_castle,0xDC,3410,0x0002,0x0003,0x0000,0x01,0x0056,0x0000,0x0001,actor_2c8,4,0x10C3C8,0x01,0x95,0x01,0x00,0x01,0x00,0x00,0x020F,0x02D0,0x033E,0x00,0x40,0x03,180,10,180:0040:02A0:0334:01FD|181:0040:02B0:0335:01FD|182:0040:02D8:0349:01FD|183:0040:02C8:0347:01FD|184:0040:02B8:0365:01FD|185:0040:02D8:0348:020D|186:0040:02C8:0346:020D|187:0040:02B8:0364:020D|188:0040:02A8:0356:0208|189:0040:02B8:0363:021D
round4_castle,0xDC,3410,0x0002,0x0003,0x0000,0x01,0x0056,0x0000,0x0001,actor_2c8,8,0x10C4C8,0x01,0x95,0x00,0x00,0x02,0x00,0x00,0x0147,0x02D0,0x033E,0x00,0x42,0x03,220,19,220:4042:02A0:0334:0146|221:4042:02B0:0335:0146|222:4042:02D8:0349:0146|223:4042:02C8:0347:0146|224:4042:02B8:0365:0146|225:4042:02D8:0348:0136|226:4042:02C8:0346:0136|227:4042:02B8:0364:0136|228:4042:02A8:0356:013B|229:4042:02B8:0363:0126
round4_castle,0xDC,3412,0x0002,0x0003,0x0000,0x01,0x0056,0x0000,0x0001,actor_2c8,8,0x10C4C8,0x01,0x94,0x00,0x00,0x02,0x00,0x00,0x0145,0x02D0,0x033E,0x00,0x42,0x03,220,19,220:4042:02A0:0334:0146|221:4042:02B0:0335:0146|222:4042:02D8:0345:0146|223:4042:02C8:0343:0146|224:4042:02B8:0365:0146|225:4042:02D8:0344:0136|226:4042:02C8:0342:0136|227:4042:02B8:0364:0136|228:4042:02A8:0356:013B|229:4042:02B8:0363:0126
round4_castle,0xDC,3414,0x0002,0x0003,0x0000,0x01,0x0056,0x0000,0x0001,actor_2c8,4,0x10C3C8,0x01,0x94,0x01,0x00,0x01,0x00,0x00,0x0211,0x02D0,0x033E,0x00,0x40,0x03,180,10,180:0040:02A0:0334:0201|181:0040:02B0:0335:0201|182:0040:02D8:0345:0201|183:0040:02C8:0343:0201|184:0040:02B8:0365:0201|185:0040:02D8:0344:0211|186:0040:02C8:0342:0211|187:0040:02B8:0364:0211|188:0040:02A8:0356:020C|189:0040:02B8:0363:0221
round4_castle,0xDC,3414,0x0002,0x0003,0x0000,0x01,0x0056,0x0000,0x0001,actor_2c8,8,0x10C4C8,0x01,0x94,0x00,0x00,0x02,0x00,0x00,0x0143,0x02D0,0x033E,0x00,0x42,0x03,220,19,220:4042:02A0:0334:0144|221:4042:02B0:0335:0144|222:4042:02D8:0345:0144|223:4042:02C8:0343:0144|224:4042:02B8:0365:0144|225:4042:02D8:0344:0134|226:4042:02C8:0342:0134|227:4042:02B8:0364:0134|228:4042:02A8:0356:0139|229:4042:02B8:0363:0124
round4_castle,0xDC,3416,0x0002,0x0003,0x0000,0x01,0x0056,0x0000,0x0001,actor_2c8,4,0x10C3C8,0x01,0x94,0x01,0x00,0x01,0x00,0x00,0x0213,0x02D0,0x033E,0x00,0x40,0x03,180,10,180:0040:02A0:0334:0203|181:0040:02B0:0335:0203|182:0040:02D8:0345:0203|183:0040:02C8:0343:0203|184:0040:02B8:0365:0203|185:0040:02D8:0344:0213|186:0040:02C8:0342:0213|187:0040:02B8:0364:0213|188:0040:02A8:0356:020E|189:0040:02B8:0363:0223
round4_castle,0xDC,3416,0x0002,0x0003,0x0000,0x01,0x0056,0x0000,0x0001,actor_2c8,8,0x10C4C8,0x01,0x94,0x00,0x00,0x02,0x00,0x00,0x0141,0x02D0,0x033E,0x00,0x42,0x03,220,19,220:4042:02A0:0334:0142|221:4042:02B0:0335:0142|222:4042:02D8:0345:0142|223:4042:02C8:0343:0142|224:4042:02B8:0365:0142|225:4042:02D8:0344:0132|226:4042:02C8:0342:0132|227:4042:02B8:0364:0132|228:4042:02A8:0356:0137|229:4042:02B8:0363:0122
round4_castle,0xDC,3418,0x0002,0x0003,0x0000,0x01,0x0056,0x0000,0x0001,actor_2c8,4,0x10C3C8,0x01,0x94,0x01,0x00,0x01,0x00,0x00,0x0215,0x02D0,0x033E,0x00,0x40,0x03,180,10,180:0040:02A0:0334:0205|181:0040:02B0:0335:0205|182:0040:02D8:0345:0205|183:0040:02C8:0343:0205|184:0040:02B8:0365:0205|185:0040:02D8:0344:0215|186:0040:02C8:0342:0215|187:0040:02B8:0364:0215|188:0040:02A8:0356:0210|189:0040:02B8:0363:0225
round4_castle,0xDC,3420,0x0002,0x0003,0x0000,0x01,0x0056,0x0000,0x0001,actor_2c8,4,0x10C3C8,0x01,0x93,0x01,0x00,0x01,0x00,0x00,0x0217,0x02D0,0x033E,0x00,0x40,0x03,180,10,180:0040:02A0:0334:0207|181:0040:02B0:0335:0207|182:0040:02D8:0341:0207|183:0040:02C8:033F:0207|184:0040:02B8:0365:0207|185:0040:02D8:0340:0217|186:0040:02C8:033E:0217|187:0040:02B8:0364:0217|188:0040:02A8:0356:0212|189:0040:02B8:0363:0227
round4_castle,0xDC,3420,0x0002,0x0003,0x0000,0x01,0x0056,0x0000,0x0001,actor_2c8,8,0x10C4C8,0x01,0x93,0x00,0x00,0x02,0x00,0x00,0x013F,0x02D0,0x033E,0x00,0x42,0x03,220,19,220:4042:02A0:0334:013E|221:4042:02B0:0335:013E|222:4042:02D8:0341:013E|223:4042:02C8:033F:013E|224:4042:02B8:0365:013E|225:4042:02D8:0340:012E|226:4042:02C8:033E:012E|227:4042:02B8:0364:012E|228:4042:02A8:0356:0133|229:4042:02B8:0363:011E
round4_castle,0xDC,3422,0x0002,0x0003,0x0000,0x01,0x0056,0x0000,0x0001,actor_2c8,8,0x10C4C8,0x01,0x93,0x00,0x00,0x02,0x00,0x00,0x013D,0x02D0,0x033E,0x00,0x42,0x03,220,19,220:4042:02A0:0334:013C|221:4042:02B0:0335:013C|222:4042:02D8:0341:013C|223:4042:02C8:033F:013C|224:4042:02B8:0365:013C|225:4042:02D8:0340:012C|226:4042:02C8:033E:012C|227:4042:02B8:0364:012C|228:4042:02A8:0356:0131|229:4042:02B8:0363:011C
round4_castle,0xDC,3424,0x0002,0x0003,0x0000,0x01,0x0056,0x0000,0x0001,actor_2c8,4,0x10C3C8,0x01,0x93,0x01,0x00,0x01,0x00,0x00,0x021B,0x02D0,0x033E,0x00,0x40,0x03,180,10,180:0040:02A0:0334:0209|181:0040:02B0:0335:0209|182:0040:02D8:0341:0209|183:0040:02C8:033F:0209|184:0040:02B8:0365:0209|185:0040:02D8:0340:0219|186:0040:02C8:033E:0219|187:0040:02B8:0364:0219|188:0040:02A8:0356:0214|189:0040:02B8:0363:0229
round4_castle,0xDC,3424,0x0002,0x0003,0x0000,0x01,0x0056,0x0000,0x0001,actor_2c8,8,0x10C4C8,0x01,0x93,0x00,0x00,0x02,0x00,0x00,0x013B,0x02D0,0x033E,0x00,0x42,0x03,220,19,220:4042:02A0:0334:013A|221:4042:02B0:0335:013A|222:4042:02D8:0341:013A|223:4042:02C8:033F:013A|224:4042:02B8:0365:013A|225:4042:02D8:0340:012A|226:4042:02C8:033E:012A|227:4042:02B8:0364:012A|228:4042:02A8:0356:012F|229:4042:02B8:0363:011A
round4_castle,0xDC,3426,0x0002,0x0003,0x0000,0x01,0x0056,0x0000,0x0001,actor_2c8,4,0x10C3C8,0x01,0x93,0x01,0x00,0x01,0x00,0x00,0x021D,0x02D0,0x033E,0x00,0x40,0x03,180,10,180:0040:02A0:0334:020B|181:0040:02B0:0335:020B|182:0040:02D8:0341:020B|183:0040:02C8:033F:020B|184:0040:02B8:0365:020B|185:0040:02D8:0340:021B|186:0040:02C8:033E:021B|187:0040:02B8:0364:021B|188:0040:02A8:0356:0216|189:0040:02B8:0363:022B
round4_castle,0xDC,3426,0x0002,0x0003,0x0000,0x01,0x0056,0x0000,0x0001,actor_2c8,8,0x10C4C8,0x01,0x93,0x00,0x00,0x02,0x00,0x00,0x0139,0x02D0,0x033E,0x00,0x42,0x03,220,19,220:4042:02A0:0334:0138|221:4042:02B0:0335:0138|222:4042:02D8:0341:0138|223:4042:02C8:033F:0138|224:4042:02B8:0365:0138|225:4042:02D8:0340:0128|226:4042:02C8:033E:0128|227:4042:02B8:0364:0128|228:4042:02A8:0356:012D|229:4042:02B8:0363:0118
round4_castle,0xDC,3428,0x0002,0x0003,0x0000,0x01,0x0056,0x0000,0x0001,actor_2c8,4,0x10C3C8,0x01,0x94,0x01,0x00,0x01,0x00,0x00,0x021F,0x02D0,0x033E,0x00,0x40,0x03,180,10,180:0040:02A0:0334:020D|181:0040:02B0:0335:020D|182:0040:02D8:0345:020D|183:0040:02C8:0343:020D|184:0040:02B8:0365:020D|185:0040:02D8:0344:021D|186:0040:02C8:0342:021D|187:0040:02B8:0364:021D|188:0040:02A8:0356:0218|189:0040:02B8:0363:022D
round4_castle,0xDC,3428,0x0002,0x0003,0x0000,0x01,0x0056,0x0000,0x0001,actor_2c8,6,0x10C448,0x01,0x94,0x00,0x00,0x02,0x00,0x00,0x0133,0x02D0,0x033E,0x00,0x40,0x03,200,10,200:4040:02A0:0334:0134|201:4040:02B0:0335:0134|202:4040:02D8:0345:0134|203:4040:02C8:0343:0134|204:4040:02B8:0365:0134|205:4040:02D8:0344:0124|206:4040:02C8:0342:0124|207:4040:02B8:0364:0124|208:4040:02A8:0356:0129|209:4040:02B8:0363:0114
round4_castle,0xDC,3428,0x0002,0x0003,0x0000,0x01,0x0056,0x0000,0x0001,actor_2c8,8,0x10C4C8,0x01,0x94,0x00,0x00,0x02,0x00,0x00,0x0137,0x02D0,0x033E,0x00,0x42,0x03,220,19,220:4042:02A0:0334:0136|221:4042:02B0:0335:0136|222:4042:02D8:0345:0136|223:4042:02C8:0343:0136|224:4042:02B8:0365:0136|225:4042:02D8:0344:0126|226:4042:02C8:0342:0126|227:4042:02B8:0364:0126|228:4042:02A8:0356:012B|229:4042:02B8:0363:0116
round4_castle,0xDC,3430,0x0002,0x0003,0x0000,0x01,0x0056,0x0000,0x0001,actor_2c8,6,0x10C448,0x01,0x94,0x00,0x00,0x02,0x00,0x00,0x0131,0x02D0,0x033E,0x00,0x40,0x03,200,10,200:4040:02A0:0334:0132|201:4040:02B0:0335:0132|202:4040:02D8:0345:0132|203:4040:02C8:0343:0132|204:4040:02B8:0365:0132|205:4040:02D8:0344:0122|206:4040:02C8:0342:0122|207:4040:02B8:0364:0122|208:4040:02A8:0356:0127|209:4040:02B8:0363:0112
round4_castle,0xDC,3432,0x0002,0x0003,0x0000,0x01,0x0056,0x0000,0x0001,actor_2c8,6,0x10C448,0x01,0x94,0x00,0x00,0x02,0x00,0x00,0x012F,0x02D0,0x033E,0x00,0x40,0x03,200,10,200:4040:02A0:0334:0130|201:4040:02B0:0335:0130|202:4040:02D8:0345:0130|203:4040:02C8:0343:0130|204:4040:02B8:0365:0130|205:4040:02D8:0344:0120|206:4040:02C8:0342:0120|207:4040:02B8:0364:0120|208:4040:02A8:0356:0125|209:4040:02B8:0363:0110
round4_castle,0xDC,3432,0x0002,0x0003,0x0000,0x01,0x0056,0x0000,0x0001,actor_2c8,8,0x10C4C8,0x01,0x94,0x00,0x00,0x02,0x00,0x00,0x0133,0x02D0,0x033E,0x00,0x42,0x03,220,19,220:4042:02A0:0334:0134|221:4042:02B0:0335:0134|222:4042:02D8:0345:0134|223:4042:02C8:0343:0134|224:4042:02B8:0365:0134|225:4042:02D8:0344:0124|226:4042:02C8:0342:0124|227:4042:02B8:0364:0124|228:4042:02A8:0356:0129|229:4042:02B8:0363:0114
round4_castle,0xDC,3434,0x0002,0x0003,0x0000,0x01,0x0056,0x0000,0x0001,actor_2c8,6,0x10C448,0x01,0x94,0x00,0x00,0x02,0x00,0x00,0x012F,0x02D0,0x033E,0x00,0x40,0x03,200,10,200:4040:02A0:0334:012E|201:4040:02B0:0335:012E|202:4040:02D8:0345:012E|203:4040:02C8:0343:012E|204:4040:02B8:0365:012E|205:4040:02D8:0344:011E|206:4040:02C8:0342:011E|207:4040:02B8:0364:011E|208:4040:02A8:0356:0123|209:4040:02B8:0363:010E
round4_castle,0xDC,3434,0x0002,0x0003,0x0000,0x01,0x0056,0x0000,0x0001,actor_2c8,8,0x10C4C8,0x01,0x94,0x00,0x00,0x02,0x00,0x00,0x0131,0x02D0,0x033E,0x00,0x42,0x03,220,19,220:4042:02A0:0334:0132|221:4042:02B0:0335:0132|222:4042:02D8:0345:0132|223:4042:02C8:0343:0132|224:4042:02B8:0365:0132|225:4042:02D8:0344:0122|226:4042:02C8:0342:0122|227:4042:02B8:0364:0122|228:4042:02A8:0356:0127|229:4042:02B8:0363:0112
round4_castle,0xDC,3436,0x0002,0x0003,0x0000,0x01,0x0056,0x0000,0x0001,actor_2c8,6,0x10C448,0x01,0x95,0x00,0x00,0x02,0x00,0x00,0x012D,0x02D0,0x033E,0x00,0x40,0x03,200,10,200:4040:02A0:0334:012C|201:4040:02B0:0335:012C|202:4040:02D8:0349:012C|203:4040:02C8:0347:012C|204:4040:02B8:0365:012C|205:4040:02D8:0348:011C|206:4040:02C8:0346:011C|207:4040:02B8:0364:011C|208:4040:02A8:0356:0121|209:4040:02B8:0363:010C
round4_castle,0xDC,3436,0x0002,0x0003,0x0000,0x01,0x0056,0x0000,0x0001,actor_2c8,8,0x10C4C8,0x01,0x95,0x00,0x00,0x02,0x00,0x00,0x012F,0x02D0,0x033E,0x00,0x42,0x03,220,19,220:4042:02A0:0334:0130|221:4042:02B0:0335:0130|222:4042:02D8:0349:0130|223:4042:02C8:0347:0130|224:4042:02B8:0365:0130|225:4042:02D8:0348:0120|226:4042:02C8:0346:0120|227:4042:02B8:0364:0120|228:4042:02A8:0356:0125|229:4042:02B8:0363:0110
round4_castle,0xDC,3438,0x0002,0x0003,0x0000,0x01,0x0056,0x0000,0x0001,actor_2c8,6,0x10C448,0x01,0x95,0x00,0x00,0x02,0x00,0x00,0x012B,0x02D0,0x033E,0x00,0x40,0x03,200,10,200:4040:02A0:0334:012A|201:4040:02B0:0335:012A|202:4040:02D8:0349:012A|203:4040:02C8:0347:012A|204:4040:02B8:0365:012A|205:4040:02D8:0348:011A|206:4040:02C8:0346:011A|207:4040:02B8:0364:011A|208:4040:02A8:0356:011F|209:4040:02B8:0363:010A
round4_castle,0xDC,3438,0x0002,0x0003,0x0000,0x01,0x0056,0x0000,0x0001,actor_2c8,8,0x10C4C8,0x01,0x95,0x00,0x00,0x02,0x00,0x00,0x012F,0x02D0,0x033E,0x00,0x42,0x03,220,19,220:4042:02A0:0334:012E|221:4042:02B0:0335:012E|222:4042:02D8:0349:012E|223:4042:02C8:0347:012E|224:4042:02B8:0365:012E|225:4042:02D8:0348:011E|226:4042:02C8:0346:011E|227:4042:02B8:0364:011E|228:4042:02A8:0356:0123|229:4042:02B8:0363:010E
round4_castle,0xDC,3440,0x0002,0x0003,0x0000,0x01,0x0056,0x0000,0x0001,actor_2c8,6,0x10C448,0x01,0x95,0x00,0x00,0x02,0x00,0x00,0x0129,0x02D0,0x033E,0x00,0x40,0x03,200,10,200:4040:02A0:0334:0128|201:4040:02B0:0335:0128|202:4040:02D8:0349:0128|203:4040:02C8:0347:0128|204:4040:02B8:0365:0128|205:4040:02D8:0348:0118|206:4040:02C8:0346:0118|207:4040:02B8:0364:0118|208:4040:02A8:0356:011D|209:4040:02B8:0363:0108
round4_castle,0xDC,3440,0x0002,0x0003,0x0000,0x01,0x0056,0x0000,0x0001,actor_2c8,8,0x10C4C8,0x01,0x95,0x00,0x00,0x02,0x00,0x00,0x012D,0x02D0,0x033E,0x00,0x42,0x03,220,19,220:4042:02A0:0334:012C|221:4042:02B0:0335:012C|222:4042:02D8:0349:012C|223:4042:02C8:0347:012C|224:4042:02B8:0365:012C|225:4042:02D8:0348:011C|226:4042:02C8:0346:011C|227:4042:02B8:0364:011C|228:4042:02A8:0356:0121|229:4042:02B8:0363:010C
round4_castle,0xDC,3442,0x0002,0x0003,0x0000,0x01,0x0056,0x0000,0x0001,actor_2c8,6,0x10C448,0x01,0x95,0x00,0x00,0x02,0x00,0x00,0x0127,0x02D0,0x033E,0x00,0x40,0x03,200,10,200:4040:02A0:0334:0126|201:4040:02B0:0335:0126|202:4040:02D8:0349:0126|203:4040:02C8:0347:0126|204:4040:02B8:0365:0126|205:4040:02D8:0348:0116|206:4040:02C8:0346:0116|207:4040:02B8:0364:0116|208:4040:02A8:0356:011B|209:4040:02B8:0363:0106
round4_castle,0xDC,3442,0x0002,0x0003,0x0000,0x01,0x0056,0x0000,0x0001,actor_2c8,8,0x10C4C8,0x01,0x95,0x00,0x00,0x02,0x00,0x00,0x012B,0x02D0,0x033E,0x00,0x42,0x03,220,19,220:4042:02A0:0334:012A|221:4042:02B0:0335:012A|222:4042:02D8:0349:012A|223:4042:02C8:0347:012A|224:4042:02B8:0365:012A|225:4042:02D8:0348:011A|226:4042:02C8:0346:011A|227:4042:02B8:0364:011A|228:4042:02A8:0356:011F|229:4042:02B8:0363:010A
round4_castle,0xDC,3444,0x0002,0x0003,0x0000,0x01,0x0056,0x0000,0x0001,actor_2c8,6,0x10C448,0x01,0x94,0x00,0x00,0x02,0x00,0x00,0x0125,0x02D0,0x033E,0x00,0x40,0x03,200,10,200:4040:02A0:0334:0126|201:4040:02B0:0335:0126|202:4040:02D8:0345:0126|203:4040:02C8:0343:0126|204:4040:02B8:0365:0126|205:4040:02D8:0344:0116|206:4040:02C8:0342:0116|207:4040:02B8:0364:0116|208:4040:02A8:0356:011B|209:4040:02B8:0363:0106
round4_castle,0xDC,3444,0x0002,0x0003,0x0000,0x01,0x0056,0x0000,0x0001,actor_2c8,8,0x10C4C8,0x01,0x94,0x00,0x00,0x02,0x00,0x00,0x0129,0x02D0,0x033E,0x00,0x42,0x03,220,19,220:4042:02A0:0334:0128|221:4042:02B0:0335:0128|222:4042:02D8:0345:0128|223:4042:02C8:0343:0128|224:4042:02B8:0365:0128|225:4042:02D8:0344:0118|226:4042:02C8:0342:0118|227:4042:02B8:0364:0118|228:4042:02A8:0356:011D|229:4042:02B8:0363:0108
round4_castle,0xDC,3446,0x0002,0x0003,0x0000,0x01,0x0056,0x0000,0x0001,actor_2c8,6,0x10C448,0x01,0x94,0x00,0x00,0x02,0x00,0x00,0x0123,0x02D0,0x033E,0x00,0x40,0x03,200,10,200:4040:02A0:0334:0124|201:4040:02B0:0335:0124|202:4040:02D8:0345:0124|203:4040:02C8:0343:0124|204:4040:02B8:0365:0124|205:4040:02D8:0344:0114|206:4040:02C8:0342:0114|207:4040:02B8:0364:0114|208:4040:02A8:0356:0119|209:4040:02B8:0363:0104
round4_castle,0xDC,3446,0x0002,0x0003,0x0000,0x01,0x0056,0x0000,0x0001,actor_2c8,8,0x10C4C8,0x01,0x94,0x00,0x00,0x02,0x00,0x00,0x0127,0x02D0,0x033E,0x00,0x42,0x03,220,19,220:4042:02A0:0334:0126|221:4042:02B0:0335:0126|222:4042:02D8:0345:0126|223:4042:02C8:0343:0126|224:4042:02B8:0365:0126|225:4042:02D8:0344:0116|226:4042:02C8:0342:0116|227:4042:02B8:0364:0116|228:4042:02A8:0356:011B|229:4042:02B8:0363:0106
round4_castle,0xDC,3448,0x0002,0x0003,0x0000,0x01,0x0056,0x0000,0x0001,actor_2c8,6,0x10C448,0x01,0x94,0x00,0x00,0x02,0x00,0x00,0x0121,0x02D0,0x033E,0x00,0x40,0x03,200,10,200:4040:02A0:0334:0122|201:4040:02B0:0335:0122|202:4040:02D8:0345:0122|203:4040:02C8:0343:0122|204:4040:02B8:0365:0122|205:4040:02D8:0344:0112|206:4040:02C8:0342:0112|207:4040:02B8:0364:0112|208:4040:02A8:0356:0117|209:4040:02B8:0363:0102
round4_castle,0xDC,3450,0x0002,0x0003,0x0000,0x01,0x0056,0x0000,0x0001,actor_2c8,6,0x10C448,0x01,0x94,0x00,0x00,0x02,0x00,0x00,0x011F,0x02D0,0x033E,0x00,0x40,0x03,200,10,200:4040:02A0:0334:0120|201:4040:02B0:0335:0120|202:4040:02D8:0345:0120|203:4040:02C8:0343:0120|204:4040:02B8:0365:0120|205:4040:02D8:0344:0110|206:4040:02C8:0342:0110|207:4040:02B8:0364:0110|208:4040:02A8:0356:0115|209:4040:02B8:0363:0100
round4_castle,0xDC,3450,0x0002,0x0003,0x0000,0x01,0x0056,0x0000,0x0001,actor_2c8,8,0x10C4C8,0x01,0x94,0x00,0x00,0x02,0x00,0x00,0x0123,0x02D0,0x033E,0x00,0x42,0x03,220,19,220:4042:02A0:0334:0124|221:4042:02B0:0335:0124|222:4042:02D8:0345:0124|223:4042:02C8:0343:0124|224:4042:02B8:0365:0124|225:4042:02D8:0344:0114|226:4042:02C8:0342:0114|227:4042:02B8:0364:0114|228:4042:02A8:0356:0119|229:4042:02B8:0363:0104
round4_castle,0xDC,3452,0x0002,0x0003,0x0000,0x01,0x0056,0x0000,0x0001,actor_2c8,6,0x10C448,0x01,0x93,0x00,0x00,0x02,0x00,0x00,0x011F,0x02D0,0x033E,0x00,0x40,0x03,200,10,200:4040:02A0:0334:011E|201:4040:02B0:0335:011E|202:4040:02D8:0341:011E|203:4040:02C8:033F:011E|204:4040:02B8:0365:011E|205:4040:02D8:0340:010E|206:4040:02C8:033E:010E|207:4040:02B8:0364:010E|208:4040:02A8:0356:0113|209:4040:02B8:0363:00FE
round4_castle,0xDC,3452,0x0002,0x0003,0x0000,0x01,0x0056,0x0000,0x0001,actor_2c8,8,0x10C4C8,0x01,0x93,0x00,0x00,0x02,0x00,0x00,0x0121,0x02D0,0x033E,0x00,0x42,0x03,220,19,220:4042:02A0:0334:0122|221:4042:02B0:0335:0122|222:4042:02D8:0341:0122|223:4042:02C8:033F:0122|224:4042:02B8:0365:0122|225:4042:02D8:0340:0112|226:4042:02C8:033E:0112|227:4042:02B8:0364:0112|228:4042:02A8:0356:0117|229:4042:02B8:0363:0102
round4_castle,0xDC,3454,0x0002,0x0003,0x0000,0x01,0x0056,0x0000,0x0001,actor_2c8,8,0x10C4C8,0x01,0x93,0x00,0x00,0x02,0x00,0x00,0x011F,0x02D0,0x033E,0x00,0x42,0x03,220,19,220:4042:02A0:0334:0120|221:4042:02B0:0335:0120|222:4042:02D8:0341:0120|223:4042:02C8:033F:0120|224:4042:02B8:0365:0120|225:4042:02D8:0340:0110|226:4042:02C8:033E:0110|227:4042:02B8:0364:0110|228:4042:02A8:0356:0115|229:4042:02B8:0363:0100
round4_castle,0xDC,3456,0x0002,0x0003,0x0000,0x01,0x0056,0x0000,0x0001,actor_2c8,7,0x10C488,0x01,0x93,0x00,0x00,0x02,0x00,0x00,0x0145,0x02D0,0x033E,0x00,0x40,0x04,210,10,210:4040:02A0:03A2:0144|211:4040:02B0:03A3:0144|212:4040:02D8:0341:0144|213:4040:02C8:033F:0144|214:4040:02B8:0365:0144|215:4040:02D8:0340:0134|216:4040:02C8:033E:0134|217:4040:02B8:0364:0134|218:4040:02A8:0356:0139|219:4040:02B8:0363:0124
round4_castle,0xDC,3456,0x0002,0x0003,0x0000,0x01,0x0056,0x0000,0x0001,actor_2c8,8,0x10C4C8,0x01,0x93,0x00,0x00,0x02,0x00,0x00,0x011F,0x02D0,0x033E,0x00,0x42,0x03,220,19,220:4042:02A0:0334:011E|221:4042:02B0:0335:011E|222:4042:02D8:0341:011E|223:4042:02C8:033F:011E|224:4042:02B8:0365:011E|225:4042:02D8:0340:010E|226:4042:02C8:033E:010E|227:4042:02B8:0364:010E|228:4042:02A8:0356:0113|229:4042:02B8:0363:00FE
round4_castle,0xDC,3458,0x0002,0x0003,0x0000,0x01,0x0056,0x0000,0x0001,actor_2c8,7,0x10C488,0x01,0x93,0x00,0x00,0x02,0x00,0x00,0x0143,0x02D0,0x033E,0x00,0x40,0x04,210,10,210:4040:02A0:03A2:0142|211:4040:02B0:03A3:0142|212:4040:02D8:0341:0142|213:4040:02C8:033F:0142|214:4040:02B8:0365:0142|215:4040:02D8:0340:0132|216:4040:02C8:033E:0132|217:4040:02B8:0364:0132|218:4040:02A8:0356:0137|219:4040:02B8:0363:0122
round4_castle,0xDC,3468,0x0002,0x0003,0x0000,0x01,0x0056,0x0000,0x0001,actor_2c8,4,0x10C3C8,0x01,0x95,0x01,0x00,0x01,0x00,0x00,0x0225,0x02D0,0x033E,0x00,0x40,0x03,180,10,180:0040:02A0:0334:0213|181:0040:02B0:0335:0213|182:0040:02D8:0349:0213|183:0040:02C8:0347:0213|184:0040:02B8:0365:0213|185:0040:02D8:0348:0223|186:0040:02C8:0346:0223|187:0040:02B8:0364:0223|188:0040:02A8:0356:021E|189:0040:02B8:0363:0233
round4_castle,0xDC,3468,0x0002,0x0003,0x0000,0x01,0x0056,0x0000,0x0001,actor_2c8,7,0x10C488,0x01,0x95,0x00,0x00,0x02,0x00,0x00,0x0139,0x02D0,0x033E,0x00,0x40,0x04,210,10,210:4040:02A0:03A2:013A|211:4040:02B0:03A3:013A|212:4040:02D8:0349:013A|213:4040:02C8:0347:013A|214:4040:02B8:0365:013A|215:4040:02D8:0348:012A|216:4040:02C8:0346:012A|217:4040:02B8:0364:012A|218:4040:02A8:0356:012F|219:4040:02B8:0363:011A
round4_castle,0xDC,3470,0x0002,0x0003,0x0000,0x01,0x0056,0x0000,0x0001,actor_2c8,7,0x10C488,0x01,0x95,0x00,0x00,0x02,0x00,0x00,0x0137,0x02D0,0x033E,0x00,0x40,0x04,210,10,210:4040:02A0:03A2:0138|211:4040:02B0:03A3:0138|212:4040:02D8:0349:0138|213:4040:02C8:0347:0138|214:4040:02B8:0365:0138|215:4040:02D8:0348:0128|216:4040:02C8:0346:0128|217:4040:02B8:0364:0128|218:4040:02A8:0356:012D|219:4040:02B8:0363:0118
round4_castle,0xDC,3472,0x0002,0x0003,0x0000,0x01,0x0056,0x0000,0x0001,actor_2c8,7,0x10C488,0x01,0x95,0x00,0x00,0x02,0x00,0x00,0x0137,0x02D0,0x033E,0x00,0x40,0x04,210,10,210:4040:02A0:03A2:0136|211:4040:02B0:03A3:0136|212:4040:02D8:0349:0136|213:4040:02C8:0347:0136|214:4040:02B8:0365:0136|215:4040:02D8:0348:0126|216:4040:02C8:0346:0126|217:4040:02B8:0364:0126|218:4040:02A8:0356:012B|219:4040:02B8:0363:0116
round4_castle,0xDC,3474,0x0002,0x0003,0x0000,0x01,0x0056,0x0000,0x0001,actor_2c8,7,0x10C488,0x01,0x95,0x00,0x00,0x02,0x00,0x00,0x0135,0x02D0,0x033E,0x00,0x40,0x04,210,10,210:4040:02A0:03A2:0134|211:4040:02B0:03A3:0134|212:4040:02D8:0349:0134|213:4040:02C8:0347:0134|214:4040:02B8:0365:0134|215:4040:02D8:0348:0124|216:4040:02C8:0346:0124|217:4040:02B8:0364:0124|218:4040:02A8:0356:0129|219:4040:02B8:0363:0114
round4_castle,0xDC,3484,0x0002,0x0003,0x0000,0x01,0x0056,0x0000,0x0001,actor_2c8,4,0x10C3C8,0x01,0x93,0x01,0x00,0x01,0x00,0x00,0x0233,0x02D0,0x033E,0x00,0x40,0x03,180,10,180:0040:02A0:0334:0221|181:0040:02B0:0335:0221|182:0040:02D8:0341:0221|183:0040:02C8:033F:0221|184:0040:02B8:0365:0221|185:0040:02D8:0340:0231|186:0040:02C8:033E:0231|187:0040:02B8:0364:0231|188:0040:02A8:0356:022C|189:0040:02B8:0363:0241
round4_castle,0xDC,3484,0x0002,0x0003,0x0000,0x01,0x0056,0x0000,0x0001,actor_2c8,7,0x10C488,0x01,0x93,0x00,0x00,0x02,0x00,0x00,0x012B,0x02D0,0x033E,0x00,0x40,0x04,210,10,210:4040:02A0:03A2:012C|211:4040:02B0:03A3:012C|212:4040:02D8:0341:012C|213:4040:02C8:033F:012C|214:4040:02B8:0365:012C|215:4040:02D8:0340:011C|216:4040:02C8:033E:011C|217:4040:02B8:0364:011C|218:4040:02A8:0356:0121|219:4040:02B8:0363:010C
round4_castle,0xDC,3486,0x0002,0x0003,0x0000,0x01,0x0056,0x0000,0x0001,actor_2c8,4,0x10C3C8,0x01,0x93,0x01,0x00,0x01,0x00,0x00,0x0235,0x02D0,0x033E,0x00,0x40,0x03,180,10,180:0040:02A0:0334:0223|181:0040:02B0:0335:0223|182:0040:02D8:0341:0223|183:0040:02C8:033F:0223|184:0040:02B8:0365:0223|185:0040:02D8:0340:0233|186:0040:02C8:033E:0233|187:0040:02B8:0364:0233|188:0040:02A8:0356:022E|189:0040:02B8:0363:0243
round4_castle,0xDC,3486,0x0002,0x0003,0x0000,0x01,0x0056,0x0000,0x0001,actor_2c8,7,0x10C488,0x01,0x93,0x00,0x00,0x02,0x00,0x00,0x0129,0x02D0,0x033E,0x00,0x40,0x04,210,10,210:4040:02A0:03A2:012A|211:4040:02B0:03A3:012A|212:4040:02D8:0341:012A|213:4040:02C8:033F:012A|214:4040:02B8:0365:012A|215:4040:02D8:0340:011A|216:4040:02C8:033E:011A|217:4040:02B8:0364:011A|218:4040:02A8:0356:011F|219:4040:02B8:0363:010A
round4_castle,0xDC,3488,0x0002,0x0003,0x0000,0x01,0x0056,0x0000,0x0001,actor_2c8,4,0x10C3C8,0x01,0x93,0x01,0x00,0x01,0x00,0x00,0x0237,0x02D0,0x033E,0x00,0x40,0x03,180,10,180:0040:02A0:0334:0225|181:0040:02B0:0335:0225|182:0040:02D8:0341:0225|183:0040:02C8:033F:0225|184:0040:02B8:0365:0225|185:0040:02D8:0340:0235|186:0040:02C8:033E:0235|187:0040:02B8:0364:0235|188:0040:02A8:0356:0230|189:0040:02B8:0363:0245
round4_castle,0xDC,3488,0x0002,0x0003,0x0000,0x01,0x0056,0x0000,0x0001,actor_2c8,7,0x10C488,0x01,0x93,0x00,0x00,0x02,0x00,0x00,0x0127,0x02D0,0x033E,0x00,0x40,0x04,210,10,210:4040:02A0:03A2:0128|211:4040:02B0:03A3:0128|212:4040:02D8:0341:0128|213:4040:02C8:033F:0128|214:4040:02B8:0365:0128|215:4040:02D8:0340:0118|216:4040:02C8:033E:0118|217:4040:02B8:0364:0118|218:4040:02A8:0356:011D|219:4040:02B8:0363:0108
round4_castle,0xDC,3490,0x0002,0x0003,0x0000,0x01,0x0056,0x0000,0x0001,actor_2c8,4,0x10C3C8,0x01,0x93,0x01,0x00,0x01,0x00,0x00,0x0237,0x02D0,0x033E,0x00,0x40,0x03,180,10,180:0040:02A0:0334:0227|181:0040:02B0:0335:0227|182:0040:02D8:0341:0227|183:0040:02C8:033F:0227|184:0040:02B8:0365:0227|185:0040:02D8:0340:0237|186:0040:02C8:033E:0237|187:0040:02B8:0364:0237|188:0040:02A8:0356:0232|189:0040:02B8:0363:0247
round4_castle,0xDC,3490,0x0002,0x0003,0x0000,0x01,0x0056,0x0000,0x0001,actor_2c8,7,0x10C488,0x01,0x93,0x00,0x00,0x02,0x00,0x00,0x0127,0x02D0,0x033E,0x00,0x40,0x04,210,10,210:4040:02A0:03A2:0126|211:4040:02B0:03A3:0126|212:4040:02D8:0341:0126|213:4040:02C8:033F:0126|214:4040:02B8:0365:0126|215:4040:02D8:0340:0116|216:4040:02C8:033E:0116|217:4040:02B8:0364:0116|218:4040:02A8:0356:011B|219:4040:02B8:0363:0106
round4_castle,0xDC,3492,0x0002,0x0003,0x0000,0x01,0x0056,0x0000,0x0001,actor_2c8,4,0x10C3C8,0x01,0x94,0x01,0x00,0x01,0x00,0x00,0x0239,0x02D0,0x033E,0x00,0x40,0x03,180,10,180:0040:02A0:0334:0229|181:0040:02B0:0335:0229|182:0040:02D8:0345:0229|183:0040:02C8:0343:0229|184:0040:02B8:0365:0229|185:0040:02D8:0344:0239|186:0040:02C8:0342:0239|187:0040:02B8:0364:0239|188:0040:02A8:0356:0234|189:0040:02B8:0363:0249
round4_castle,0xDC,3492,0x0002,0x0003,0x0000,0x01,0x0056,0x0000,0x0001,actor_2c8,7,0x10C488,0x01,0x94,0x00,0x00,0x02,0x00,0x00,0x0125,0x02D0,0x033E,0x00,0x40,0x04,210,10,210:4040:02A0:03A2:0124|211:4040:02B0:03A3:0124|212:4040:02D8:0345:0124|213:4040:02C8:0343:0124|214:4040:02B8:0365:0124|215:4040:02D8:0344:0114|216:4040:02C8:0342:0114|217:4040:02B8:0364:0114|218:4040:02A8:0356:0119|219:4040:02B8:0363:0104
round4_castle,0xDC,3494,0x0002,0x0003,0x0000,0x01,0x0056,0x0000,0x0001,actor_2c8,4,0x10C3C8,0x01,0x94,0x01,0x00,0x01,0x00,0x00,0x023B,0x02D0,0x033E,0x00,0x40,0x03,180,10,180:0040:02A0:0334:022B|181:0040:02B0:0335:022B|182:0040:02D8:0345:022B|183:0040:02C8:0343:022B|184:0040:02B8:0365:022B|185:0040:02D8:0344:023B|186:0040:02C8:0342:023B|187:0040:02B8:0364:023B|188:0040:02A8:0356:0236|189:0040:02B8:0363:024B
round4_castle,0xDC,3494,0x0002,0x0003,0x0000,0x01,0x0056,0x0000,0x0001,actor_2c8,7,0x10C488,0x01,0x94,0x00,0x00,0x02,0x00,0x00,0x0123,0x02D0,0x033E,0x00,0x40,0x04,210,10,210:4040:02A0:03A2:0122|211:4040:02B0:03A3:0122|212:4040:02D8:0345:0122|213:4040:02C8:0343:0122|214:4040:02B8:0365:0122|215:4040:02D8:0344:0112|216:4040:02C8:0342:0112|217:4040:02B8:0364:0112|218:4040:02A8:0356:0117|219:4040:02B8:0363:0102
round4_castle,0xDC,3496,0x0002,0x0003,0x0000,0x01,0x0056,0x0000,0x0001,actor_2c8,4,0x10C3C8,0x01,0x94,0x01,0x00,0x01,0x00,0x00,0x023D,0x02D0,0x033E,0x00,0x40,0x03,180,10,180:0040:02A0:0334:022D|181:0040:02B0:0335:022D|182:0040:02D8:0345:022D|183:0040:02C8:0343:022D|184:0040:02B8:0365:022D|185:0040:02D8:0344:023D|186:0040:02C8:0342:023D|187:0040:02B8:0364:023D|188:0040:02A8:0356:0238|189:0040:02B8:0363:024D
round4_castle,0xDC,3498,0x0002,0x0003,0x0000,0x01,0x0056,0x0000,0x0001,actor_2c8,4,0x10C3C8,0x01,0x94,0x01,0x00,0x01,0x00,0x00,0x023F,0x02D0,0x033E,0x00,0x40,0x03,180,10,180:0040:02A0:0334:022F|181:0040:02B0:0335:022F|182:0040:02D8:0345:022F|183:0040:02C8:0343:022F|184:0040:02B8:0365:022F|185:0040:02D8:0344:023F|186:0040:02C8:0342:023F|187:0040:02B8:0364:023F|188:0040:02A8:0356:023A|189:0040:02B8:0363:024F
round4_castle,0xDC,3498,0x0002,0x0003,0x0000,0x01,0x0056,0x0000,0x0001,actor_2c8,7,0x10C488,0x01,0x94,0x00,0x00,0x02,0x00,0x00,0x011F,0x02D0,0x033E,0x00,0x40,0x04,210,10,210:4040:02A0:03A2:011E|211:4040:02B0:03A3:011E|212:4040:02D8:0345:011E|213:4040:02C8:0343:011E|214:4040:02B8:0365:011E|215:4040:02D8:0344:010E|216:4040:02C8:0342:010E|217:4040:02B8:0364:010E|218:4040:02A8:0356:0113|219:4040:02B8:0363:00FE
round4_castle,0xDC,3498,0x0002,0x0003,0x0000,0x01,0x0056,0x0000,0x0001,actor_2c8,8,0x10C4C8,0x01,0x94,0x00,0x00,0x02,0x00,0x00,0x011D,0x02D0,0x033E,0x00,0x42,0x03,220,19,220:4042:02A0:0334:011E|221:4042:02B0:0335:011E|222:4042:02D8:0341:011E|223:4042:02C8:033F:011E|224:4042:02B8:0365:011E|225:4042:02D8:0340:010E|226:4042:02C8:033E:010E|227:4042:02B8:0364:010E|228:4042:02A8:0356:0113|229:4042:02B8:0363:00FE
round4_castle,0xDC,3500,0x0002,0x0003,0x0000,0x01,0x0056,0x0000,0x0001,actor_2c8,4,0x10C3C8,0x01,0x95,0x01,0x00,0x01,0x00,0x00,0x0241,0x02D0,0x033E,0x00,0x40,0x03,180,10,180:0040:02A0:0334:022F|181:0040:02B0:0335:022F|182:0040:02D8:0349:022F|183:0040:02C8:0347:022F|184:0040:02B8:0365:022F|185:0040:02D8:0348:023F|186:0040:02C8:0346:023F|187:0040:02B8:0364:023F|188:0040:02A8:0356:023A|189:0040:02B8:0363:024F
round4_castle,0xDC,3500,0x0002,0x0003,0x0000,0x01,0x0056,0x0000,0x0001,actor_2c8,7,0x10C488,0x01,0x95,0x00,0x00,0x02,0x00,0x00,0x011D,0x02D0,0x033E,0x00,0x40,0x04,210,10,210:4040:02A0:03A2:011E|211:4040:02B0:03A3:011E|212:4040:02D8:0349:011E|213:4040:02C8:0347:011E|214:4040:02B8:0365:011E|215:4040:02D8:0348:010E|216:4040:02C8:0346:010E|217:4040:02B8:0364:010E|218:4040:02A8:0356:0113|219:4040:02B8:0363:00FE
round4_castle,0xDC,3500,0x0002,0x0003,0x0000,0x01,0x0056,0x0000,0x0001,actor_2c8,8,0x10C4C8,0x01,0x95,0x00,0x00,0x02,0x00,0x00,0x011B,0x02D0,0x033E,0x00,0x42,0x03,220,19,220:4042:02A0:0334:011C|221:4042:02B0:0335:011C|222:4042:02D8:0349:011C|223:4042:02C8:0347:011C|224:4042:02B8:0365:011C|225:4042:02D8:0348:010C|226:4042:02C8:0346:010C|227:4042:02B8:0364:010C|228:4042:02A8:0356:0111|229:4042:02B8:0363:00FC
round4_castle,0xDC,3502,0x0002,0x0003,0x0000,0x01,0x0056,0x0000,0x0001,actor_2c8,4,0x10C3C8,0x01,0x95,0x01,0x00,0x01,0x00,0x00,0x0243,0x02D0,0x033E,0x00,0x40,0x03,180,10,180:0040:02A0:0334:0231|181:0040:02B0:0335:0231|182:0040:02D8:0349:0231|183:0040:02C8:0347:0231|184:0040:02B8:0365:0231|185:0040:02D8:0348:0241|186:0040:02C8:0346:0241|187:0040:02B8:0364:0241|188:0040:02A8:0356:023C|189:0040:02B8:0363:0251
round4_castle,0xDC,3502,0x0002,0x0003,0x0000,0x01,0x0056,0x0000,0x0001,actor_2c8,7,0x10C488,0x01,0x95,0x00,0x00,0x02,0x00,0x00,0x011B,0x02D0,0x033E,0x00,0x40,0x04,210,10,210:4040:02A0:03A2:011C|211:4040:02B0:03A3:011C|212:4040:02D8:0349:011C|213:4040:02C8:0347:011C|214:4040:02B8:0365:011C|215:4040:02D8:0348:010C|216:4040:02C8:0346:010C|217:4040:02B8:0364:010C|218:4040:02A8:0356:0111|219:4040:02B8:0363:00FC
round4_castle,0xDC,3502,0x0002,0x0003,0x0000,0x01,0x0056,0x0000,0x0001,actor_2c8,8,0x10C4C8,0x01,0x95,0x00,0x00,0x02,0x00,0x00,0x0119,0x02D0,0x033E,0x00,0x42,0x03,220,19,220:4042:02A0:0334:011A|221:4042:02B0:0335:011A|222:4042:02D8:0349:011A|223:4042:02C8:0347:011A|224:4042:02B8:0365:011A|225:4042:02D8:0348:010A|226:4042:02C8:0346:010A|227:4042:02B8:0364:010A|228:4042:02A8:0356:010F|229:4042:02B8:0363:00FA
round4_castle,0xDC,3504,0x0002,0x0003,0x0000,0x01,0x0056,0x0000,0x0001,actor_2c8,4,0x10C3C8,0x01,0x95,0x01,0x00,0x01,0x00,0x00,0x0245,0x02D0,0x033E,0x00,0x40,0x03,180,10,180:0040:02A0:0334:0233|181:0040:02B0:0335:0233|182:0040:02D8:0349:0233|183:0040:02C8:0347:0233|184:0040:02B8:0365:0233|185:0040:02D8:0348:0243|186:0040:02C8:0346:0243|187:0040:02B8:0364:0243|188:0040:02A8:0356:023E|189:0040:02B8:0363:0253
round4_castle,0xDC,3504,0x0002,0x0003,0x0000,0x01,0x0056,0x0000,0x0001,actor_2c8,7,0x10C488,0x01,0x95,0x00,0x00,0x02,0x00,0x00,0x0119,0x02D0,0x033E,0x00,0x40,0x04,210,10,210:4040:02A0:03A2:011A|211:4040:02B0:03A3:011A|212:4040:02D8:0349:011A|213:4040:02C8:0347:011A|214:4040:02B8:0365:011A|215:4040:02D8:0348:010A|216:4040:02C8:0346:010A|217:4040:02B8:0364:010A|218:4040:02A8:0356:010F|219:4040:02B8:0363:00FA
round4_castle,0xDC,3504,0x0002,0x0003,0x0000,0x01,0x0056,0x0000,0x0001,actor_2c8,8,0x10C4C8,0x01,0x95,0x00,0x00,0x02,0x00,0x00,0x0117,0x02D0,0x033E,0x00,0x42,0x03,220,19,220:4042:02A0:0334:0118|221:4042:02B0:0335:0118|222:4042:02D8:0349:0118|223:4042:02C8:0347:0118|224:4042:02B8:0365:0118|225:4042:02D8:0348:0108|226:4042:02C8:0346:0108|227:4042:02B8:0364:0108|228:4042:02A8:0356:010D|229:4042:02B8:0363:00F8
round4_castle,0xDC,3506,0x0002,0x0003,0x0000,0x01,0x0056,0x0000,0x0001,actor_2c8,4,0x10C3C8,0x01,0x95,0x01,0x00,0x01,0x00,0x00,0x0247,0x02D0,0x033E,0x00,0x40,0x03,180,10,180:0040:02A0:0334:0235|181:0040:02B0:0335:0235|182:0040:02D8:0349:0235|183:0040:02C8:0347:0235|184:0040:02B8:0365:0235|185:0040:02D8:0348:0245|186:0040:02C8:0346:0245|187:0040:02B8:0364:0245|188:0040:02A8:0356:0240|189:0040:02B8:0363:0255
round4_castle,0xDC,3506,0x0002,0x0003,0x0000,0x01,0x0056,0x0000,0x0001,actor_2c8,7,0x10C488,0x01,0x95,0x00,0x00,0x02,0x00,0x00,0x0117,0x02D0,0x033E,0x00,0x40,0x04,210,10,210:4040:02A0:03A2:0118|211:4040:02B0:03A3:0118|212:4040:02D8:0349:0118|213:4040:02C8:0347:0118|214:4040:02B8:0365:0118|215:4040:02D8:0348:0108|216:4040:02C8:0346:0108|217:4040:02B8:0364:0108|218:4040:02A8:0356:010D|219:4040:02B8:0363:00F8
round4_castle,0xDC,3506,0x0002,0x0003,0x0000,0x01,0x0056,0x0000,0x0001,actor_2c8,8,0x10C4C8,0x01,0x95,0x00,0x00,0x02,0x00,0x00,0x0117,0x02D0,0x033E,0x00,0x42,0x03,220,19,220:4042:02A0:0334:0116|221:4042:02B0:0335:0116|222:4042:02D8:0349:0116|223:4042:02C8:0347:0116|224:4042:02B8:0365:0116|225:4042:02D8:0348:0106|226:4042:02C8:0346:0106|227:4042:02B8:0364:0106|228:4042:02A8:0356:010B|229:4042:02B8:0363:00F6
round4_castle,0xDC,3508,0x0002,0x0003,0x0000,0x01,0x0056,0x0000,0x0001,actor_2c8,4,0x10C3C8,0x01,0x94,0x01,0x00,0x01,0x00,0x00,0x0247,0x02D0,0x033E,0x00,0x40,0x03,180,10,180:0040:02A0:0334:0237|181:0040:02B0:0335:0237|182:0040:02D8:0345:0237|183:0040:02C8:0343:0237|184:0040:02B8:0365:0237|185:0040:02D8:0344:0247|186:0040:02C8:0342:0247|187:0040:02B8:0364:0247|188:0040:02A8:0356:0242|189:0040:02B8:0363:0257
round4_castle,0xDC,3508,0x0002,0x0003,0x0000,0x01,0x0056,0x0000,0x0001,actor_2c8,7,0x10C488,0x01,0x94,0x00,0x00,0x02,0x00,0x00,0x0117,0x02D0,0x033E,0x00,0x40,0x04,210,10,210:4040:02A0:03A2:0116|211:4040:02B0:03A3:0116|212:4040:02D8:0345:0116|213:4040:02C8:0343:0116|214:4040:02B8:0365:0116|215:4040:02D8:0344:0106|216:4040:02C8:0342:0106|217:4040:02B8:0364:0106|218:4040:02A8:0356:010B|219:4040:02B8:0363:00F6
round4_castle,0xDC,3508,0x0002,0x0003,0x0000,0x01,0x0056,0x0000,0x0001,actor_2c8,8,0x10C4C8,0x01,0x94,0x00,0x00,0x02,0x00,0x00,0x0115,0x02D0,0x033E,0x00,0x42,0x03,220,19,220:4042:02A0:0334:0114|221:4042:02B0:0335:0114|222:4042:02D8:0345:0114|223:4042:02C8:0343:0114|224:4042:02B8:0365:0114|225:4042:02D8:0344:0104|226:4042:02C8:0342:0104|227:4042:02B8:0364:0104|228:4042:02A8:0356:0109|229:4042:02B8:0363:00F4
round4_castle,0xDC,3510,0x0002,0x0003,0x0000,0x01,0x0056,0x0000,0x0001,actor_2c8,4,0x10C3C8,0x01,0x94,0x01,0x00,0x01,0x00,0x00,0x0249,0x02D0,0x033E,0x00,0x40,0x03,180,10,180:0040:02A0:0334:0239|181:0040:02B0:0335:0239|182:0040:02D8:0345:0239|183:0040:02C8:0343:0239|184:0040:02B8:0365:0239|185:0040:02D8:0344:0249|186:0040:02C8:0342:0249|187:0040:02B8:0364:0249|188:0040:02A8:0356:0244|189:0040:02B8:0363:0259
round4_castle,0xDC,3510,0x0002,0x0003,0x0000,0x01,0x0056,0x0000,0x0001,actor_2c8,8,0x10C4C8,0x01,0x94,0x00,0x00,0x02,0x00,0x00,0x0113,0x02D0,0x033E,0x00,0x42,0x03,220,19,220:4042:02A0:0334:0112|221:4042:02B0:0335:0112|222:4042:02D8:0345:0112|223:4042:02C8:0343:0112|224:4042:02B8:0365:0112|225:4042:02D8:0344:0102|226:4042:02C8:0342:0102|227:4042:02B8:0364:0102|228:4042:02A8:0356:0107|229:4042:02B8:0363:00F2
round4_castle,0xDC,3512,0x0002,0x0003,0x0000,0x01,0x0056,0x0000,0x0001,actor_2c8,4,0x10C3C8,0x01,0x94,0x01,0x00,0x01,0x00,0x00,0x024B,0x02D0,0x033E,0x00,0x40,0x03,180,10,180:0040:02A0:0334:023B|181:0040:02B0:0335:023B|182:0040:02D8:0345:023B|183:0040:02C8:0343:023B|184:0040:02B8:0365:023B|185:0040:02D8:0344:024B|186:0040:02C8:0342:024B|187:0040:02B8:0364:024B|188:0040:02A8:0356:0246|189:0040:02B8:0363:025B
round4_castle,0xDC,3512,0x0002,0x0003,0x0000,0x01,0x0056,0x0000,0x0001,actor_2c8,8,0x10C4C8,0x01,0x94,0x00,0x00,0x02,0x00,0x00,0x0111,0x02D0,0x033E,0x00,0x42,0x03,220,19,220:4042:02A0:0334:0110|221:4042:02B0:0335:0110|222:4042:02D8:0345:0110|223:4042:02C8:0343:0110|224:4042:02B8:0365:0110|225:4042:02D8:0344:0100|226:4042:02C8:0342:0100|227:4042:02B8:0364:0100|228:4042:02A8:0356:0105|229:4042:02B8:0363:00F0
round4_castle,0xDC,3514,0x0002,0x0003,0x0000,0x01,0x0056,0x0000,0x0001,actor_2c8,4,0x10C3C8,0x01,0x94,0x01,0x00,0x01,0x00,0x00,0x024D,0x02D0,0x033E,0x00,0x40,0x03,180,10,180:0040:02A0:0334:023D|181:0040:02B0:0335:023D|182:0040:02D8:0345:023D|183:0040:02C8:0343:023D|184:0040:02B8:0365:023D|185:0040:02D8:0344:024D|186:0040:02C8:0342:024D|187:0040:02B8:0364:024D|188:0040:02A8:0356:0248|189:0040:02B8:0363:025D
round4_castle,0xDC,3514,0x0002,0x0003,0x0000,0x01,0x0056,0x0000,0x0001,actor_2c8,8,0x10C4C8,0x01,0x94,0x00,0x00,0x02,0x00,0x00,0x010F,0x02D0,0x033E,0x00,0x42,0x03,220,19,220:4042:02A0:0334:010E|221:4042:02B0:0335:010E|222:4042:02D8:0345:010E|223:4042:02C8:0343:010E|224:4042:02B8:0365:010E|225:4042:02D8:0344:00FE|226:4042:02C8:0342:00FE|227:4042:02B8:0364:00FE|228:4042:02A8:0356:0103|229:4042:02B8:0363:00EE
round4_castle,0xDC,3516,0x0002,0x0003,0x0000,0x01,0x0056,0x0000,0x0001,actor_2c8,4,0x10C3C8,0x01,0x93,0x01,0x00,0x01,0x00,0x00,0x024F,0x02D0,0x033E,0x00,0x40,0x03,180,10,180:0040:02A0:0334:023F|181:0040:02B0:0335:023F|182:0040:02D8:0341:023F|183:0040:02C8:033F:023F|184:0040:02B8:0365:023F|185:0040:02D8:0340:024F|186:0040:02C8:033E:024F|187:0040:02B8:0364:024F|188:0040:02A8:0356:024A|189:0040:02B8:0363:025F
round4_castle,0xDC,3516,0x0002,0x0003,0x0000,0x01,0x0056,0x0000,0x0001,actor_2c8,8,0x10C4C8,0x01,0x93,0x00,0x00,0x02,0x00,0x00,0x010D,0x02D0,0x033E,0x00,0x42,0x03,220,19,220:4042:02A0:0334:010E|221:4042:02B0:0335:010E|222:4042:02D8:0341:010E|223:4042:02C8:033F:010E|224:4042:02B8:0365:010E|225:4042:02D8:0340:00FE|226:4042:02C8:033E:00FE|227:4042:02B8:0364:00FE|228:4042:02A8:0356:0103|229:4042:02B8:0363:00EE
round4_castle,0xDC,3518,0x0002,0x0003,0x0000,0x01,0x0056,0x0000,0x0001,actor_2c8,8,0x10C4C8,0x01,0x93,0x00,0x00,0x02,0x00,0x00,0x010B,0x02D0,0x033E,0x00,0x42,0x03,220,19,220:4042:02A0:0334:010C|221:4042:02B0:0335:010C|222:4042:02D8:0341:010C|223:4042:02C8:033F:010C|224:4042:02B8:0365:010C|225:4042:02D8:0340:00FC|226:4042:02C8:033E:00FC|227:4042:02B8:0364:00FC|228:4042:02A8:0356:0101|229:4042:02B8:0363:00EC
round4_castle,0xDC,3520,0x0002,0x0003,0x0000,0x01,0x0056,0x0000,0x0001,actor_2c8,4,0x10C3C8,0x01,0x93,0x01,0x00,0x01,0x00,0x00,0x0253,0x02D0,0x033E,0x00,0x40,0x03,180,10,180:0040:02A0:0334:0241|181:0040:02B0:0335:0241|182:0040:02D8:0341:0241|183:0040:02C8:033F:0241|184:0040:02B8:0365:0241|185:0040:02D8:0340:0251|186:0040:02C8:033E:0251|187:0040:02B8:0364:0251|188:0040:02A8:0356:024C|189:0040:02B8:0363:0261
round4_castle,0xDC,3520,0x0002,0x0003,0x0000,0x01,0x0056,0x0000,0x0001,actor_2c8,8,0x10C4C8,0x01,0x93,0x00,0x00,0x02,0x00,0x00,0x0109,0x02D0,0x033E,0x00,0x42,0x03,220,19,220:4042:02A0:0334:010A|221:4042:02B0:0335:010A|222:4042:02D8:0341:010A|223:4042:02C8:033F:010A|224:4042:02B8:0365:010A|225:4042:02D8:0340:00FA|226:4042:02C8:033E:00FA|227:4042:02B8:0364:00FA|228:4042:02A8:0356:00FF|229:4042:02B8:0363:00EA
round4_castle,0xDC,3522,0x0002,0x0003,0x0000,0x01,0x0056,0x0000,0x0001,actor_2c8,4,0x10C3C8,0x01,0x93,0x01,0x00,0x01,0x00,0x00,0x0255,0x02D0,0x033E,0x00,0x40,0x03,180,10,180:0040:02A0:0334:0243|181:0040:02B0:0335:0243|182:0040:02D8:0341:0243|183:0040:02C8:033F:0243|184:0040:02B8:0365:0243|185:0040:02D8:0340:0253|186:0040:02C8:033E:0253|187:0040:02B8:0364:0253|188:0040:02A8:0356:024E|189:0040:02B8:0363:0263
round4_castle,0xDC,3522,0x0002,0x0003,0x0000,0x01,0x0056,0x0000,0x0001,actor_2c8,8,0x10C4C8,0x01,0x93,0x00,0x00,0x02,0x00,0x00,0x0107,0x02D0,0x033E,0x00,0x42,0x03,220,19,220:4042:02A0:0334:0108|221:4042:02B0:0335:0108|222:4042:02D8:0341:0108|223:4042:02C8:033F:0108|224:4042:02B8:0365:0108|225:4042:02D8:0340:00F8|226:4042:02C8:033E:00F8|227:4042:02B8:0364:00F8|228:4042:02A8:0356:00FD|229:4042:02B8:0363:00E8
round4_castle,0xDC,3524,0x0002,0x0003,0x0000,0x01,0x0056,0x0000,0x0001,actor_2c8,4,0x10C3C8,0x01,0x94,0x01,0x00,0x01,0x00,0x00,0x0257,0x02D0,0x033E,0x00,0x40,0x03,180,10,180:0040:02A0:0334:0245|181:0040:02B0:0335:0245|182:0040:02D8:0345:0245|183:0040:02C8:0343:0245|184:0040:02B8:0365:0245|185:0040:02D8:0344:0255|186:0040:02C8:0342:0255|187:0040:02B8:0364:0255|188:0040:02A8:0356:0250|189:0040:02B8:0363:0265
round4_castle,0xDC,3524,0x0002,0x0003,0x0000,0x01,0x0056,0x0000,0x0001,actor_2c8,8,0x10C4C8,0x01,0x94,0x00,0x00,0x02,0x00,0x00,0x0107,0x02D0,0x033E,0x00,0x42,0x03,220,19,220:4042:02A0:0334:0106|221:4042:02B0:0335:0106|222:4042:02D8:0345:0106|223:4042:02C8:0343:0106|224:4042:02B8:0365:0106|225:4042:02D8:0344:00F6|226:4042:02C8:0342:00F6|227:4042:02B8:0364:00F6|228:4042:02A8:0356:00FB|229:4042:02B8:0363:00E6
round4_castle,0xDC,3526,0x0002,0x0003,0x0000,0x01,0x0056,0x0000,0x0001,actor_2c8,4,0x10C3C8,0x01,0x94,0x01,0x00,0x01,0x00,0x00,0x0257,0x02D0,0x033E,0x00,0x40,0x03,180,10,180:0040:02A0:0334:0247|181:0040:02B0:0335:0247|182:0040:02D8:0345:0247|183:0040:02C8:0343:0247|184:0040:02B8:0365:0247|185:0040:02D8:0344:0257|186:0040:02C8:0342:0257|187:0040:02B8:0364:0257|188:0040:02A8:0356:0252|189:0040:02B8:0363:0267
round4_castle,0xDC,3526,0x0002,0x0003,0x0000,0x01,0x0056,0x0000,0x0001,actor_2c8,8,0x10C4C8,0x01,0x94,0x00,0x00,0x02,0x00,0x00,0x0105,0x02D0,0x033E,0x00,0x42,0x03,220,19,220:4042:02A0:0334:0104|221:4042:02B0:0335:0104|222:4042:02D8:0345:0104|223:4042:02C8:0343:0104|224:4042:02B8:0365:0104|225:4042:02D8:0344:00F4|226:4042:02C8:0342:00F4|227:4042:02B8:0364:00F4|228:4042:02A8:0356:00F9|229:4042:02B8:0363:00E4
round4_castle,0xDC,3528,0x0002,0x0003,0x0000,0x01,0x0056,0x0000,0x0001,actor_2c8,4,0x10C3C8,0x01,0x94,0x01,0x00,0x01,0x00,0x00,0x0259,0x02D0,0x033E,0x00,0x40,0x03,180,10,180:0040:02A0:0334:0249|181:0040:02B0:0335:0249|182:0040:02D8:0345:0249|183:0040:02C8:0343:0249|184:0040:02B8:0365:0249|185:0040:02D8:0344:0259|186:0040:02C8:0342:0259|187:0040:02B8:0364:0259|188:0040:02A8:0356:0254|189:0040:02B8:0363:0269
round4_castle,0xDC,3528,0x0002,0x0003,0x0000,0x01,0x0056,0x0000,0x0001,actor_2c8,8,0x10C4C8,0x01,0x94,0x00,0x00,0x02,0x00,0x00,0x0103,0x02D0,0x033E,0x00,0x42,0x03,220,19,220:4042:02A0:0334:0102|221:4042:02B0:0335:0102|222:4042:02D8:0345:0102|223:4042:02C8:0343:0102|224:4042:02B8:0365:0102|225:4042:02D8:0344:00F2|226:4042:02C8:0342:00F2|227:4042:02B8:0364:00F2|228:4042:02A8:0356:00F7|229:4042:02B8:0363:00E2
round4_castle,0xDC,3530,0x0002,0x0003,0x0000,0x01,0x0056,0x0000,0x0001,actor_2c8,4,0x10C3C8,0x01,0x94,0x01,0x00,0x01,0x00,0x00,0x025B,0x02D0,0x033E,0x00,0x40,0x03,180,10,180:0040:02A0:0334:024B|181:0040:02B0:0335:024B|182:0040:02D8:0345:024B|183:0040:02C8:0343:024B|184:0040:02B8:0365:024B|185:0040:02D8:0344:025B|186:0040:02C8:0342:025B|187:0040:02B8:0364:025B|188:0040:02A8:0356:0256|189:0040:02B8:0363:026B
round4_castle,0xDC,3530,0x0002,0x0003,0x0000,0x01,0x0056,0x0000,0x0001,actor_2c8,8,0x10C4C8,0x01,0x94,0x00,0x00,0x02,0x00,0x00,0x0101,0x02D0,0x033E,0x00,0x42,0x03,220,19,220:4042:02A0:0334:0100|221:4042:02B0:0335:0100|222:4042:02D8:0345:0100|223:4042:02C8:0343:0100|224:4042:02B8:0365:0100|225:4042:02D8:0344:00F0|226:4042:02C8:0342:00F0|227:4042:02B8:0364:00F0|228:4042:02A8:0356:00F5|229:4042:02B8:0363:00E0
round4_castle,0xDC,3532,0x0002,0x0003,0x0000,0x01,0x0056,0x0000,0x0001,actor_2c8,4,0x10C3C8,0x01,0x95,0x01,0x00,0x01,0x00,0x00,0x025D,0x02D0,0x033E,0x00,0x40,0x03,180,10,180:0040:02A0:0334:024D|181:0040:02B0:0335:024D|182:0040:02D8:0349:024D|183:0040:02C8:0347:024D|184:0040:02B8:0365:024D|185:0040:02D8:0348:025D|186:0040:02C8:0346:025D|187:0040:02B8:0364:025D|188:0040:02A8:0356:0258|189:0040:02B8:0363:026D
round4_castle,0xDC,3532,0x0002,0x0003,0x0000,0x01,0x0056,0x0000,0x0001,actor_2c8,8,0x10C4C8,0x01,0x95,0x00,0x00,0x02,0x00,0x00,0x00FF,0x02D0,0x033E,0x00,0x42,0x03,220,19,220:4042:02A0:0334:00FE|221:4042:02B0:0335:00FE|222:4042:02D8:0349:00FE|223:4042:02C8:0347:00FE|224:4042:02B8:0365:00FE|225:4042:02D8:0348:00EE|226:4042:02C8:0346:00EE|227:4042:02B8:0364:00EE|228:4042:02A8:0356:00F3|229:4042:02B8:0363:00DE
round4_castle,0xDC,3534,0x0002,0x0003,0x0000,0x01,0x0056,0x0000,0x0001,actor_2c8,4,0x10C3C8,0x01,0x95,0x01,0x00,0x01,0x00,0x00,0x025F,0x02D0,0x033E,0x00,0x40,0x03,180,10,180:0040:02A0:0334:024F|181:0040:02B0:0335:024F|182:0040:02D8:0349:024F|183:0040:02C8:0347:024F|184:0040:02B8:0365:024F|185:0040:02D8:0348:025F|186:0040:02C8:0346:025F|187:0040:02B8:0364:025F|188:0040:02A8:0356:025A|189:0040:02B8:0363:026F
round4_castle,0xDC,3536,0x0002,0x0003,0x0000,0x01,0x0056,0x0000,0x0001,actor_2c8,8,0x10C4C8,0x01,0x95,0x01,0x00,0x01,0x00,0x00,0x0103,0x02D0,0x033E,0x01,0x42,0x03,220,19,220:4042:02A0:0334:0100|221:4042:02B0:0335:0100|222:4042:02D8:0349:0100|223:4042:02C8:0347:0100|224:4042:02B8:0365:0100|225:4042:02D8:0348:00F0|226:4042:02C8:0346:00F0|227:4042:02B8:0364:00F0|228:4042:02A8:0356:00F5|229:4042:02B8:0363:00E0
round4_castle,0xDC,3538,0x0002,0x0003,0x0000,0x01,0x0056,0x0000,0x0001,actor_2c8,4,0x10C3C8,0x01,0x95,0x01,0x00,0x01,0x00,0x00,0x0263,0x02D0,0x033E,0x00,0x40,0x03,180,10,180:0040:02A0:0334:0251|181:0040:02B0:0335:0251|182:0040:02D8:0349:0251|183:0040:02C8:0347:0251|184:0040:02B8:0365:0251|185:0040:02D8:0348:0261|186:0040:02C8:0346:0261|187:0040:02B8:0364:0261|188:0040:02A8:0356:025C|189:0040:02B8:0363:0271
round4_castle,0xDC,3538,0x0002,0x0003,0x0000,0x01,0x0056,0x0000,0x0001,actor_2c8,8,0x10C4C8,0x01,0x95,0x01,0x00,0x01,0x00,0x00,0x0105,0x02D0,0x033E,0x01,0x42,0x03,220,19,220:4042:02A0:0334:0102|221:4042:02B0:0335:0102|222:4042:02D8:0349:0102|223:4042:02C8:0347:0102|224:4042:02B8:0365:0102|225:4042:02D8:0348:00F2|226:4042:02C8:0346:00F2|227:4042:02B8:0364:00F2|228:4042:02A8:0356:00F7|229:4042:02B8:0363:00E2
round4_castle,0xDC,3540,0x0002,0x0003,0x0000,0x01,0x0056,0x0000,0x0001,actor_2c8,4,0x10C3C8,0x01,0x94,0x01,0x00,0x01,0x00,0x00,0x0265,0x02D0,0x033E,0x00,0x40,0x03,180,10,180:0040:02A0:0334:0253|181:0040:02B0:0335:0253|182:0040:02D8:0345:0253|183:0040:02C8:0343:0253|184:0040:02B8:0365:0253|185:0040:02D8:0344:0263|186:0040:02C8:0342:0263|187:0040:02B8:0364:0263|188:0040:02A8:0356:025E|189:0040:02B8:0363:0273
round4_castle,0xDC,3542,0x0002,0x0003,0x0000,0x01,0x0056,0x0000,0x0001,actor_2c8,4,0x10C3C8,0x01,0x94,0x01,0x00,0x01,0x00,0x00,0x0267,0x02D0,0x033E,0x00,0x40,0x03,180,10,180:0040:02A0:0334:0255|181:0040:02B0:0335:0255|182:0040:02D8:0345:0255|183:0040:02C8:0343:0255|184:0040:02B8:0365:0255|185:0040:02D8:0344:0265|186:0040:02C8:0342:0265|187:0040:02B8:0364:0265|188:0040:02A8:0356:0260|189:0040:02B8:0363:0275
round4_castle,0xDC,3544,0x0002,0x0003,0x0000,0x01,0x0056,0x0000,0x0001,actor_2c8,4,0x10C3C8,0x01,0x94,0x01,0x00,0x01,0x00,0x00,0x0267,0x02D0,0x033E,0x00,0x40,0x03,180,10,180:0040:02A0:0334:0257|181:0040:02B0:0335:0257|182:0040:02D8:0345:0257|183:0040:02C8:0343:0257|184:0040:02B8:0365:0257|185:0040:02D8:0344:0267|186:0040:02C8:0342:0267|187:0040:02B8:0364:0267|188:0040:02A8:0356:0262|189:0040:02B8:0363:0277
round4_castle,0xDC,3544,0x0002,0x0003,0x0000,0x01,0x0056,0x0000,0x0001,actor_2c8,8,0x10C4C8,0x01,0x94,0x01,0x00,0x01,0x00,0x00,0x0109,0x02D0,0x033E,0x00,0x42,0x03,220,19,220:0042:02A0:0334:00F9|221:0042:02B0:0335:00F9|222:0042:02D8:0345:00F9|223:0042:02C8:0343:00F9|224:0042:02B8:0365:00F9|225:0042:02D8:0344:0109|226:0042:02C8:0342:0109|227:0042:02B8:0364:0109|228:0042:02A8:0356:0104|229:0042:02B8:0363:0119
round4_castle,0xDC,3546,0x0002,0x0003,0x0000,0x01,0x0056,0x0000,0x0001,actor_2c8,4,0x10C3C8,0x01,0x93,0x01,0x00,0x1F,0x00,0x00,0x0267,0x02D0,0x033E,0x00,0x40,0x03,180,10,180:0040:02A0:0334:0257|181:0040:02B0:0335:0257|182:0040:02D8:0341:0257|183:0040:02C8:033F:0257|184:0040:02B8:0365:0257|185:0040:02D8:0340:0267|186:0040:02C8:033E:0267|187:0040:02B8:0364:0267|188:0040:02A8:0356:0262|189:0040:02B8:0363:0277
round4_castle,0xDC,3546,0x0002,0x0003,0x0000,0x01,0x0056,0x0000,0x0001,actor_2c8,7,0x10C488,0x01,0x94,0x00,0x00,0x02,0x00,0x00,0x0111,0x02D0,0x033E,0x00,0x40,0x04,210,10,210:4040:02A0:03A2:0112|211:4040:02B0:03A3:0112|212:4040:02D8:0345:0112|213:4040:02C8:0343:0112|214:4040:02B8:0365:0112|215:4040:02D8:0344:0102|216:4040:02C8:0342:0102|217:4040:02B8:0364:0102|218:4040:02A8:0356:0107|219:4040:02B8:0363:00F2
round4_castle,0xDC,3546,0x0002,0x0003,0x0000,0x01,0x0056,0x0000,0x0001,actor_2c8,8,0x10C4C8,0x01,0x94,0x01,0x00,0x01,0x00,0x00,0x010B,0x02D0,0x033E,0x00,0x42,0x03,220,19,220:0042:02A0:0334:00FB|221:0042:02B0:0335:00FB|222:0042:02D8:0345:00FB|223:0042:02C8:0343:00FB|224:0042:02B8:0365:00FB|225:0042:02D8:0344:010B|226:0042:02C8:0342:010B|227:0042:02B8:0364:010B|228:0042:02A8:0356:0106|229:0042:02B8:0363:011B
round4_castle,0xDC,3548,0x0002,0x0003,0x0000,0x01,0x0056,0x0000,0x0001,actor_2c8,4,0x10C3C8,0x01,0xA1,0x01,0x00,0x1F,0x00,0x00,0x0267,0x02D0,0x033E,0x00,0x40,0x03,180,10,180:0040:02A0:0334:0257|181:0040:02B0:0335:0257|182:0040:02D8:0341:0257|183:0040:02C8:033F:0257|184:0040:02B8:0365:0257|185:0040:02D8:0340:0267|186:0040:02C8:033E:0267|187:0040:02B8:0364:0267|188:0040:02A8:0356:0262|189:0040:02B8:0363:0277
round4_castle,0xDC,3548,0x0002,0x0003,0x0000,0x01,0x0056,0x0000,0x0001,actor_2c8,7,0x10C488,0x01,0x93,0x00,0x00,0x02,0x00,0x00,0x010F,0x02D0,0x033E,0x00,0x40,0x04,210,10,210:4040:02A0:03A2:0110|211:4040:02B0:03A3:0110|212:4040:02D8:0341:0110|213:4040:02C8:033F:0110|214:4040:02B8:0365:0110|215:4040:02D8:0340:0100|216:4040:02C8:033E:0100|217:4040:02B8:0364:0100|218:4040:02A8:0356:0105|219:4040:02B8:0363:00F0
round4_castle,0xDC,3548,0x0002,0x0003,0x0000,0x01,0x0056,0x0000,0x0001,actor_2c8,8,0x10C4C8,0x01,0x93,0x01,0x00,0x01,0x00,0x00,0x010D,0x02D0,0x033E,0x00,0x42,0x03,220,19,220:0042:02A0:0334:00FD|221:0042:02B0:0335:00FD|222:0042:02D8:0341:00FD|223:0042:02C8:033F:00FD|224:0042:02B8:0365:00FD|225:0042:02D8:0340:010D|226:0042:02C8:033E:010D|227:0042:02B8:0364:010D|228:0042:02A8:0356:0108|229:0042:02B8:0363:011D
round4_castle,0xDC,3550,0x0002,0x0003,0x0000,0x01,0x0056,0x0000,0x0001,actor_2c8,4,0x10C3C8,0x01,0xA1,0x01,0x00,0x1F,0x00,0x00,0x0267,0x02D0,0x033E,0x00,0x40,0x03,180,10,180:0040:02A0:0334:0257|181:0040:02B0:0335:0257|182:0040:02B8:0357:0267|183:0040:02A8:0356:0262|184:0040:02B8:0358:0257|185:0040:02D8:0341:0257|186:0040:02C8:033F:0257|187:0040:02D8:0340:0267|188:0040:02C8:033E:0267
round4_castle,0xDC,3550,0x0002,0x0003,0x0000,0x01,0x0056,0x0000,0x0001,actor_2c8,7,0x10C488,0x01,0x93,0x00,0x00,0x02,0x00,0x00,0x010F,0x02D0,0x033E,0x00,0x40,0x04,210,10,210:4040:02A0:03A2:010E|211:4040:02B0:03A3:010E|212:4040:02D8:0341:010E|213:4040:02C8:033F:010E|214:4040:02B8:0365:010E|215:4040:02D8:0340:00FE|216:4040:02C8:033E:00FE|217:4040:02B8:0364:00FE|218:4040:02A8:0356:0103|219:4040:02B8:0363:00EE
round4_castle,0xDC,3550,0x0002,0x0003,0x0000,0x01,0x0056,0x0000,0x0001,actor_2c8,8,0x10C4C8,0x01,0x93,0x01,0x00,0x01,0x00,0x00,0x010F,0x02D0,0x033E,0x00,0x42,0x03,220,19,220:0042:02A0:0334:00FF|221:0042:02B0:0335:00FF|222:0042:02D8:0341:00FF|223:0042:02C8:033F:00FF|224:0042:02B8:0365:00FF|225:0042:02D8:0340:010F|226:0042:02C8:033E:010F|227:0042:02B8:0364:010F|228:0042:02A8:0356:010A|229:0042:02B8:0363:011F
round4_castle,0xDC,3552,0x0002,0x0003,0x0000,0x01,0x0056,0x0000,0x0001,actor_2c8,4,0x10C3C8,0x01,0xA2,0x01,0x00,0x1F,0x00,0x00,0x0267,0x02D0,0x033E,0x00,0x40,0x03,180,10,180:0040:02A0:0336:023F|181:0040:02A8:0337:0247|182:0040:02B8:0338:024F|183:0040:02B8:0359:0267|184:0040:02A8:0356:0262|185:0040:02B8:035A:0257|186:0040:02D8:0341:0257|187:0040:02C8:033F:0257|188:0040:02D8:0340:0267|189:0040:02C8:033E:0267
round4_castle,0xDC,3552,0x0002,0x0003,0x0000,0x01,0x0056,0x0000,0x0001,actor_2c8,7,0x10C488,0x01,0x93,0x00,0x00,0x02,0x00,0x00,0x010D,0x02D0,0x033E,0x00,0x40,0x04,210,10,210:4040:02A0:03A2:010C|211:4040:02B0:03A3:010C|212:4040:02D8:0341:010C|213:4040:02C8:033F:010C|214:4040:02B8:0365:010C|215:4040:02D8:0340:00FC|216:4040:02C8:033E:00FC|217:4040:02B8:0364:00FC|218:4040:02A8:0356:0101|219:4040:02B8:0363:00EC
round4_castle,0xDC,3554,0x0002,0x0003,0x0000,0x01,0x0056,0x0000,0x0001,actor_2c8,4,0x10C3C8,0x01,0xA3,0x01,0x00,0x1F,0x00,0x00,0x0267,0x02D0,0x033E,0x00,0x40,0x03,180,10,180:0040:02A0:0336:023F|181:0040:02A8:0337:0247|182:0040:02B8:0338:024F|183:0040:02B8:0359:0267|184:0040:02A8:0356:0262|185:0040:02B8:035A:0257|186:0040:02D8:0341:0257|187:0040:02C8:033F:0257|188:0040:02D8:0340:0267|189:0040:02C8:033E:0267
round4_castle,0xDC,3554,0x0002,0x0003,0x0000,0x01,0x0056,0x0000,0x0001,actor_2c8,7,0x10C488,0x01,0x93,0x00,0x00,0x02,0x00,0x00,0x010B,0x02D0,0x033E,0x00,0x40,0x04,210,10,210:4040:02A0:03A2:010A|211:4040:02B0:03A3:010A|212:4040:02D8:0341:010A|213:4040:02C8:033F:010A|214:4040:02B8:0365:010A|215:4040:02D8:0340:00FA|216:4040:02C8:033E:00FA|217:4040:02B8:0364:00FA|218:4040:02A8:0356:00FF|219:4040:02B8:0363:00EA
round4_castle,0xDC,3554,0x0002,0x0003,0x0000,0x01,0x0056,0x0000,0x0001,actor_2c8,8,0x10C4C8,0x01,0x93,0x01,0x00,0x01,0x00,0x00,0x0113,0x02D0,0x033E,0x00,0x42,0x03,220,19,220:0042:02A0:0334:0101|221:0042:02B0:0335:0101|222:0042:02D8:0341:0101|223:0042:02C8:033F:0101|224:0042:02B8:0365:0101|225:0042:02D8:0340:0111|226:0042:02C8:033E:0111|227:0042:02B8:0364:0111|228:0042:02A8:0356:010C|229:0042:02B8:0363:0121
round4_castle,0xDC,3556,0x0002,0x0003,0x0000,0x01,0x0056,0x0000,0x0001,actor_2c8,4,0x10C3C8,0x01,0xA3,0x01,0x00,0x1F,0x00,0x00,0x0267,0x02D0,0x033E,0x00,0x40,0x03,180,10,180:0040:02B8:033A:024F|181:0040:02B8:0339:023F|182:0040:02B8:035B:0267|183:0040:02A8:0356:0262|184:0040:02B8:035C:0257|185:0040:02D8:0341:0257|186:0040:02C8:033F:0257|187:0040:02D8:0340:0267|188:0040:02C8:033E:0267
round4_castle,0xDC,3556,0x0002,0x0003,0x0000,0x01,0x0056,0x0000,0x0001,actor_2c8,7,0x10C488,0x01,0x94,0x00,0x00,0x02,0x00,0x00,0x0109,0x02D0,0x033E,0x00,0x40,0x04,210,10,210:4040:02A0:03A2:0108|211:4040:02B0:03A3:0108|212:4040:02D8:0345:0108|213:4040:02C8:0343:0108|214:4040:02B8:0365:0108|215:4040:02D8:0344:00F8|216:4040:02C8:0342:00F8|217:4040:02B8:0364:00F8|218:4040:02A8:0356:00FD|219:4040:02B8:0363:00E8
round4_castle,0xDC,3556,0x0002,0x0003,0x0000,0x01,0x0056,0x0000,0x0001,actor_2c8,8,0x10C4C8,0x01,0x94,0x01,0x00,0x01,0x00,0x00,0x0115,0x02D0,0x033E,0x00,0x42,0x03,220,19,220:0042:02A0:0334:0103|221:0042:02B0:0335:0103|222:0042:02D8:0345:0103|223:0042:02C8:0343:0103|224:0042:02B8:0365:0103|225:0042:02D8:0344:0113|226:0042:02C8:0342:0113|227:0042:02B8:0364:0113|228:0042:02A8:0356:010E|229:0042:02B8:0363:0123
round4_castle,0xDC,3558,0x0002,0x0003,0x0000,0x01,0x0056,0x0000,0x0001,actor_2c8,4,0x10C3C8,0x01,0xA4,0x01,0x00,0x1F,0x00,0x00,0x0267,0x02D0,0x033E,0x00,0x40,0x03,180,10,180:0040:02C0:033B:0257|181:0040:02B8:035D:0267|182:0040:02A8:0356:0262|183:0040:02B8:035E:0257|184:0040:02D8:0341:0257|185:0040:02C8:033F:0257|186:0040:02D8:0340:0267|187:0040:02C8:033E:0267
round4_castle,0xDC,3558,0x0002,0x0003,0x0000,0x01,0x0056,0x0000,0x0001,actor_2c8,7,0x10C488,0x01,0x94,0x00,0x00,0x02,0x00,0x00,0x0107,0x02D0,0x033E,0x00,0x40,0x04,210,10,210:4040:02A0:03A2:0106|211:4040:02B0:03A3:0106|212:4040:02D8:0345:0106|213:4040:02C8:0343:0106|214:4040:02B8:0365:0106|215:4040:02D8:0344:00F6|216:4040:02C8:0342:00F6|217:4040:02B8:0364:00F6|218:4040:02A8:0356:00FB|219:4040:02B8:0363:00E6
round4_castle,0xDC,3558,0x0002,0x0003,0x0000,0x01,0x0056,0x0000,0x0001,actor_2c8,8,0x10C4C8,0x01,0x94,0x01,0x00,0x01,0x00,0x00,0x0117,0x02D0,0x033E,0x00,0x42,0x03,220,19,220:0042:02A0:0334:0105|221:0042:02B0:0335:0105|222:0042:02D8:0345:0105|223:0042:02C8:0343:0105|224:0042:02B8:0365:0105|225:0042:02D8:0344:0115|226:0042:02C8:0342:0115|227:0042:02B8:0364:0115|228:0042:02A8:0356:0110|229:0042:02B8:0363:0125
round4_castle,0xDC,3560,0x0002,0x0003,0x0000,0x01,0x0056,0x0000,0x0001,actor_2c8,4,0x10C3C8,0x01,0xA5,0x01,0x00,0x1F,0x00,0x00,0x0267,0x02D0,0x033E,0x00,0x40,0x03,180,10,180:0040:02C0:033B:0257|181:0040:02B8:035D:0267|182:0040:02A8:0356:0262|183:0040:02B8:035E:0257|184:0040:02D8:0341:0257|185:0040:02C8:033F:0257|186:0040:02D8:0340:0267|187:0040:02C8:033E:0267
round4_castle,0xDC,3560,0x0002,0x0003,0x0000,0x01,0x0056,0x0000,0x0001,actor_2c8,8,0x10C4C8,0x01,0x94,0x01,0x00,0x01,0x00,0x00,0x0117,0x02D0,0x033E,0x00,0x42,0x03,220,19,220:0042:02A0:0334:0107|221:0042:02B0:0335:0107|222:0042:02D8:0345:0107|223:0042:02C8:0343:0107|224:0042:02B8:0365:0107|225:0042:02D8:0344:0117|226:0042:02C8:0342:0117|227:0042:02B8:0364:0117|228:0042:02A8:0356:0112|229:0042:02B8:0363:0127
round4_castle,0xDC,3562,0x0002,0x0003,0x0000,0x01,0x0056,0x0000,0x0001,actor_2c8,4,0x10C3C8,0x01,0xA5,0x01,0x00,0x1F,0x00,0x00,0x0267,0x02D0,0x033E,0x00,0x40,0x03,180,10,180:0040:02C0:033C:026F|181:0040:02B8:035F:0267|182:0040:02A8:0356:0262|183:0040:02B8:0360:0257|184:0040:02D8:0341:0257|185:0040:02C8:033F:0257|186:0040:02D8:0340:0267|187:0040:02C8:033E:0267
round4_castle,0xDC,3562,0x0002,0x0003,0x0000,0x01,0x0056,0x0000,0x0001,actor_2c8,7,0x10C488,0x01,0x94,0x00,0x00,0x02,0x00,0x00,0x0103,0x02D0,0x033E,0x00,0x40,0x04,210,10,210:4040:02A0:03A2:0104|211:4040:02B0:03A3:0104|212:4040:02D8:0345:0104|213:4040:02C8:0343:0104|214:4040:02B8:0365:0104|215:4040:02D8:0344:00F4|216:4040:02C8:0342:00F4|217:4040:02B8:0364:00F4|218:4040:02A8:0356:00F9|219:4040:02B8:0363:00E4
round4_castle,0xDC,3562,0x0002,0x0003,0x0000,0x01,0x0056,0x0000,0x0001,actor_2c8,8,0x10C4C8,0x01,0x94,0x01,0x00,0x01,0x00,0x00,0x0119,0x02D0,0x033E,0x00,0x42,0x03,220,19,220:0042:02A0:0334:0109|221:0042:02B0:0335:0109|222:0042:02D8:0345:0109|223:0042:02C8:0343:0109|224:0042:02B8:0365:0109|225:0042:02D8:0344:0119|226:0042:02C8:0342:0119|227:0042:02B8:0364:0119|228:0042:02A8:0356:0114|229:0042:02B8:0363:0129
round4_castle,0xDC,3564,0x0002,0x0003,0x0000,0x01,0x0056,0x0000,0x0001,actor_2c8,4,0x10C3C8,0x01,0xA6,0x01,0x00,0x1F,0x00,0x00,0x0267,0x02D0,0x033E,0x00,0x40,0x03,180,10,180:0040:02B8:03A1:028F|181:0040:02B8:033D:027F|182:0040:02B8:0361:026F|183:0040:02A8:0356:0263|184:0040:02B8:0362:025F|185:0040:02D8:0341:0257|186:0040:02C8:033F:0257|187:0040:02D8:0340:0267|188:0040:02C8:033E:0267
round4_castle,0xDC,3564,0x0002,0x0003,0x0000,0x01,0x0056,0x0000,0x0001,actor_2c8,7,0x10C488,0x01,0x95,0x00,0x00,0x02,0x00,0x00,0x0101,0x02D0,0x033E,0x00,0x40,0x04,210,10,210:4040:02A0:03A2:0102|211:4040:02B0:03A3:0102|212:4040:02D8:0349:0102|213:4040:02C8:0347:0102|214:4040:02B8:0365:0102|215:4040:02D8:0348:00F2|216:4040:02C8:0346:00F2|217:4040:02B8:0364:00F2|218:4040:02A8:0356:00F7|219:4040:02B8:0363:00E2
round4_castle,0xDC,3564,0x0002,0x0003,0x0000,0x01,0x0056,0x0000,0x0001,actor_2c8,8,0x10C4C8,0x01,0x95,0x01,0x00,0x01,0x00,0x00,0x011B,0x02D0,0x033E,0x00,0x42,0x03,220,19,220:0042:02A0:0334:010B|221:0042:02B0:0335:010B|222:0042:02D8:0349:010B|223:0042:02C8:0347:010B|224:0042:02B8:0365:010B|225:0042:02D8:0348:011B|226:0042:02C8:0346:011B|227:0042:02B8:0364:011B|228:0042:02A8:0356:0116|229:0042:02B8:0363:012B
round4_castle,0xDC,3566,0x0002,0x0003,0x0000,0x01,0x0056,0x0000,0x0001,actor_2c8,7,0x10C488,0x01,0x95,0x00,0x00,0x02,0x00,0x00,0x00FF,0x02D0,0x033E,0x00,0x40,0x04,210,10,210:4040:02A0:03A2:0100|211:4040:02B0:03A3:0100|212:4040:02D8:0349:0100|213:4040:02C8:0347:0100|214:4040:02B8:0365:0100|215:4040:02D8:0348:00F0|216:4040:02C8:0346:00F0|217:4040:02B8:0364:00F0|218:4040:02A8:0356:00F5|219:4040:02B8:0363:00E0
round4_castle,0xDC,3566,0x0002,0x0003,0x0000,0x01,0x0056,0x0000,0x0001,actor_2c8,8,0x10C4C8,0x01,0x95,0x01,0x00,0x01,0x00,0x00,0x011D,0x02D0,0x033E,0x00,0x42,0x03,220,19,220:0042:02A0:0334:010D|221:0042:02B0:0335:010D|222:0042:02D8:0349:010D|223:0042:02C8:0347:010D|224:0042:02B8:0365:010D|225:0042:02D8:0348:011D|226:0042:02C8:0346:011D|227:0042:02B8:0364:011D|228:0042:02A8:0356:0118|229:0042:02B8:0363:012D
round4_castle,0xDC,3568,0x0002,0x0003,0x0000,0x01,0x0056,0x0000,0x0001,actor_2c8,7,0x10C488,0x01,0x95,0x00,0x00,0x02,0x00,0x00,0x00FF,0x02D0,0x033E,0x00,0x40,0x04,210,10,210:4040:02A0:03A2:00FE|211:4040:02B0:03A3:00FE|212:4040:02D8:0349:00FE|213:4040:02C8:0347:00FE|214:4040:02B8:0365:00FE|215:4040:02D8:0348:00EE|216:4040:02C8:0346:00EE|217:4040:02B8:0364:00EE|218:4040:02A8:0356:00F3|219:4040:02B8:0363:00DE
round4_castle,0xDC,3568,0x0002,0x0003,0x0000,0x01,0x0056,0x0000,0x0001,actor_2c8,8,0x10C4C8,0x01,0x95,0x01,0x00,0x01,0x00,0x00,0x011F,0x02D0,0x033E,0x00,0x42,0x03,220,19,220:0042:02A0:0334:010F|221:0042:02B0:0335:010F|222:0042:02D8:0349:010F|223:0042:02C8:0347:010F|224:0042:02B8:0365:010F|225:0042:02D8:0348:011F|226:0042:02C8:0346:011F|227:0042:02B8:0364:011F|228:0042:02A8:0356:011A|229:0042:02B8:0363:012F
round4_castle,0xDC,3572,0x0002,0x0003,0x0000,0x01,0x0056,0x0000,0x0001,actor_2c8,4,0x10C3C8,0x01,0xA4,0x01,0x00,0x1F,0x00,0x00,0x0267,0x02D0,0x033E,0x00,0x40,0x03,180,10,180:0040:02C0:033C:026F|181:0040:02B8:035F:0267|182:0040:02A8:0356:0262|183:0040:02B8:0360:0257|184:0040:02D8:0341:0257|185:0040:02C8:033F:0257|186:0040:02D8:0340:0267|187:0040:02C8:033E:0267
round4_castle,0xDC,3572,0x0002,0x0003,0x0000,0x01,0x0056,0x0000,0x0001,actor_2c8,7,0x10C488,0x01,0x94,0x01,0x00,0x01,0x00,0x00,0x0103,0x02D0,0x033E,0x01,0x40,0x04,210,10,210:4040:02A0:03A2:0102|211:4040:02B0:03A3:0102|212:4040:02D8:0345:0102|213:4040:02C8:0343:0102|214:4040:02B8:0365:0102|215:4040:02D8:0344:00F2|216:4040:02C8:0342:00F2|217:4040:02B8:0364:00F2|218:4040:02A8:0356:00F7|219:4040:02B8:0363:00E2
round4_castle,0xDC,3572,0x0002,0x0003,0x0000,0x01,0x0056,0x0000,0x0001,actor_2c8,8,0x10C4C8,0x01,0x94,0x01,0x00,0x01,0x00,0x00,0x0123,0x02D0,0x033E,0x00,0x42,0x03,220,19,220:0042:02A0:0334:0111|221:0042:02B0:0335:0111|222:0042:02D8:0345:0111|223:0042:02C8:0343:0111|224:0042:02B8:0365:0111|225:0042:02D8:0344:0121|226:0042:02C8:0342:0121|227:0042:02B8:0364:0121|228:0042:02A8:0356:011C|229:0042:02B8:0363:0131
round4_castle,0xDC,3574,0x0002,0x0003,0x0000,0x01,0x0056,0x0000,0x0001,actor_2c8,8,0x10C4C8,0x01,0x94,0x01,0x00,0x01,0x00,0x00,0x0125,0x02D0,0x033E,0x00,0x42,0x03,220,19,220:0042:02A0:0334:0113|221:0042:02B0:0335:0113|222:0042:02D8:0345:0113|223:0042:02C8:0343:0113|224:0042:02B8:0365:0113|225:0042:02D8:0344:0123|226:0042:02C8:0342:0123|227:0042:02B8:0364:0123|228:0042:02A8:0356:011E|229:0042:02B8:0363:0133
round4_castle,0xDC,3578,0x0002,0x0003,0x0000,0x01,0x0056,0x0000,0x0001,actor_2c8,4,0x10C3C8,0x01,0xA1,0x01,0x00,0x1F,0x00,0x00,0x0267,0x02D0,0x033E,0x00,0x40,0x03,180,10,180:0040:02A0:0336:023F|181:0040:02A8:0337:0247|182:0040:02B8:0338:024F|183:0040:02B8:0359:0267|184:0040:02A8:0356:0262|185:0040:02B8:035A:0257|186:0040:02D8:0341:0257|187:0040:02C8:033F:0257|188:0040:02D8:0340:0267|189:0040:02C8:033E:0267
round4_castle,0xDC,3580,0x0002,0x0003,0x0000,0x01,0x0056,0x0000,0x0001,actor_2c8,7,0x10C488,0x01,0x93,0x01,0x00,0x01,0x00,0x00,0x010B,0x02D0,0x033E,0x00,0x40,0x04,210,10,210:0040:02A0:03A2:00F9|211:0040:02B0:03A3:00F9|212:0040:02D8:0341:00F9|213:0040:02C8:033F:00F9|214:0040:02B8:0365:00F9|215:0040:02D8:0340:0109|216:0040:02C8:033E:0109|217:0040:02B8:0364:0109|218:0040:02A8:0356:0104|219:0040:02B8:0363:0119
round4_castle,0xDC,3580,0x0002,0x0003,0x0000,0x01,0x0056,0x0000,0x0001,actor_2c8,8,0x10C4C8,0x01,0x93,0x01,0x00,0x01,0x00,0x00,0x0129,0x02D0,0x033E,0x00,0x42,0x03,220,19,220:0042:02A0:0334:0119|221:0042:02B0:0335:0119|222:0042:02D8:0341:0119|223:0042:02C8:033F:0119|224:0042:02B8:0365:0119|225:0042:02D8:0340:0129|226:0042:02C8:033E:0129|227:0042:02B8:0364:0129|228:0042:02A8:0356:0124|229:0042:02B8:0363:0139
round4_castle,0xDC,3582,0x0002,0x0003,0x0000,0x01,0x0056,0x0000,0x0001,actor_2c8,7,0x10C488,0x01,0x93,0x01,0x00,0x01,0x00,0x00,0x010D,0x02D0,0x033E,0x00,0x40,0x04,210,10,210:0040:02A0:03A2:00FB|211:0040:02B0:03A3:00FB|212:0040:02D8:0341:00FB|213:0040:02C8:033F:00FB|214:0040:02B8:0365:00FB|215:0040:02D8:0340:010B|216:0040:02C8:033E:010B|217:0040:02B8:0364:010B|218:0040:02A8:0356:0106|219:0040:02B8:0363:011B
round4_castle,0xDC,3582,0x0002,0x0003,0x0000,0x01,0x0056,0x0000,0x0001,actor_2c8,8,0x10C4C8,0x01,0x93,0x01,0x00,0x01,0x00,0x00,0x012B,0x02D0,0x033E,0x00,0x42,0x03,220,19,220:0042:02A0:0334:011B|221:0042:02B0:0335:011B|222:0042:02D8:0341:011B|223:0042:02C8:033F:011B|224:0042:02B8:0365:011B|225:0042:02D8:0340:012B|226:0042:02C8:033E:012B|227:0042:02B8:0364:012B|228:0042:02A8:0356:0126|229:0042:02B8:0363:013B
round4_castle,0xDC,3584,0x0002,0x0003,0x0000,0x01,0x0056,0x0000,0x0001,actor_2c8,4,0x10C3C8,0x01,0x93,0x01,0x00,0x1F,0x00,0x00,0x0267,0x02D0,0x033E,0x00,0x40,0x03,180,10,180:0040:02A0:0334:0257|181:0040:02B0:0335:0257|182:0040:02B8:0357:0267|183:0040:02A8:0356:0262|184:0040:02B8:0358:0257|185:0040:02D8:0341:0257|186:0040:02C8:033F:0257|187:0040:02D8:0340:0267|188:0040:02C8:033E:0267
round4_castle,0xDC,3584,0x0002,0x0003,0x0000,0x01,0x0056,0x0000,0x0001,actor_2c8,7,0x10C488,0x01,0x93,0x01,0x00,0x01,0x00,0x00,0x010F,0x02D0,0x033E,0x00,0x40,0x04,210,10,210:0040:02A0:03A2:00FD|211:0040:02B0:03A3:00FD|212:0040:02D8:0341:00FD|213:0040:02C8:033F:00FD|214:0040:02B8:0365:00FD|215:0040:02D8:0340:010D|216:0040:02C8:033E:010D|217:0040:02B8:0364:010D|218:0040:02A8:0356:0108|219:0040:02B8:0363:011D
round4_castle,0xDC,3584,0x0002,0x0003,0x0000,0x01,0x0056,0x0000,0x0001,actor_2c8,8,0x10C4C8,0x01,0x93,0x01,0x00,0x01,0x00,0x00,0x012D,0x02D0,0x033E,0x00,0x42,0x03,220,19,220:0042:02A0:0334:011D|221:0042:02B0:0335:011D|222:0042:02D8:0341:011D|223:0042:02C8:033F:011D|224:0042:02B8:0365:011D|225:0042:02D8:0340:012D|226:0042:02C8:033E:012D|227:0042:02B8:0364:012D|228:0042:02A8:0356:0128|229:0042:02B8:0363:013D
round4_castle,0xDC,3586,0x0002,0x0003,0x0000,0x01,0x0056,0x0000,0x0001,actor_2c8,6,0x10C448,0x01,0x93,0x00,0x00,0x02,0x00,0x00,0x011B,0x02D0,0x033E,0x00,0x40,0x03,200,10,200:4040:02A0:0334:011C|201:4040:02B0:0335:011C|202:4040:02D8:0341:011C|203:4040:02C8:033F:011C|204:4040:02B8:0365:011C|205:4040:02D8:0340:010C|206:4040:02C8:033E:010C|207:4040:02B8:0364:010C|208:4040:02A8:0356:0111|209:4040:02B8:0363:00FC
round4_castle,0xDC,3586,0x0002,0x0003,0x0000,0x01,0x0056,0x0000,0x0001,actor_2c8,7,0x10C488,0x01,0x93,0x01,0x00,0x01,0x00,0x00,0x010F,0x02D0,0x033E,0x00,0x40,0x04,210,10,210:0040:02A0:03A2:00FF|211:0040:02B0:03A3:00FF|212:0040:02D8:0341:00FF|213:0040:02C8:033F:00FF|214:0040:02B8:0365:00FF|215:0040:02D8:0340:010F|216:0040:02C8:033E:010F|217:0040:02B8:0364:010F|218:0040:02A8:0356:010A|219:0040:02B8:0363:011F
round4_castle,0xDC,3586,0x0002,0x0003,0x0000,0x01,0x0056,0x0000,0x0001,actor_2c8,8,0x10C4C8,0x01,0x93,0x01,0x00,0x01,0x00,0x00,0x012F,0x02D0,0x033E,0x00,0x42,0x03,220,19,220:0042:02A0:0334:011F|221:0042:02B0:0335:011F|222:0042:02D8:0341:011F|223:0042:02C8:033F:011F|224:0042:02B8:0365:011F|225:0042:02D8:0340:012F|226:0042:02C8:033E:012F|227:0042:02B8:0364:012F|228:0042:02A8:0356:012A|229:0042:02B8:0363:013F
round4_castle,0xDC,3588,0x0002,0x0003,0x0000,0x01,0x0056,0x0000,0x0001,actor_2c8,6,0x10C448,0x01,0x94,0x00,0x00,0x02,0x00,0x00,0x0119,0x02D0,0x033E,0x00,0x40,0x03,200,10,200:4040:02A0:0334:011A|201:4040:02B0:0335:011A|202:4040:02D8:0345:011A|203:4040:02C8:0343:011A|204:4040:02B8:0365:011A|205:4040:02D8:0344:010A|206:4040:02C8:0342:010A|207:4040:02B8:0364:010A|208:4040:02A8:0356:010F|209:4040:02B8:0363:00FA
round4_castle,0xDC,3588,0x0002,0x0003,0x0000,0x01,0x0056,0x0000,0x0001,actor_2c8,7,0x10C488,0x01,0x94,0x01,0x00,0x01,0x00,0x00,0x0111,0x02D0,0x033E,0x00,0x40,0x04,210,10,210:0040:02A0:03A2:0101|211:0040:02B0:03A3:0101|212:0040:02D8:0345:0101|213:0040:02C8:0343:0101|214:0040:02B8:0365:0101|215:0040:02D8:0344:0111|216:0040:02C8:0342:0111|217:0040:02B8:0364:0111|218:0040:02A8:0356:010C|219:0040:02B8:0363:0121
round4_castle,0xDC,3590,0x0002,0x0003,0x0000,0x01,0x0056,0x0000,0x0001,actor_2c8,4,0x10C3C8,0x01,0xA2,0x01,0x00,0x1F,0x00,0x00,0x0267,0x02D0,0x033E,0x00,0x40,0x03,180,10,180:0040:02A0:0334:0257|181:0040:02B0:0335:0257|182:0040:02B8:0357:0267|183:0040:02A8:0356:0262|184:0040:02B8:0358:0257|185:0040:02D8:0341:0257|186:0040:02C8:033F:0257|187:0040:02D8:0340:0267|188:0040:02C8:033E:0267
round4_castle,0xDC,3590,0x0002,0x0003,0x0000,0x01,0x0056,0x0000,0x0001,actor_2c8,6,0x10C448,0x01,0x94,0x00,0x00,0x02,0x00,0x00,0x0117,0x02D0,0x033E,0x00,0x40,0x03,200,10,200:4040:02A0:0334:0118|201:4040:02B0:0335:0118|202:4040:02D8:0345:0118|203:4040:02C8:0343:0118|204:4040:02B8:0365:0118|205:4040:02D8:0344:0108|206:4040:02C8:0342:0108|207:4040:02B8:0364:0108|208:4040:02A8:0356:010D|209:4040:02B8:0363:00F8
round4_castle,0xDC,3590,0x0002,0x0003,0x0000,0x01,0x0056,0x0000,0x0001,actor_2c8,7,0x10C488,0x01,0x94,0x01,0x00,0x01,0x00,0x00,0x0113,0x02D0,0x033E,0x00,0x40,0x04,210,10,210:0040:02A0:03A2:0103|211:0040:02B0:03A3:0103|212:0040:02D8:0345:0103|213:0040:02C8:0343:0103|214:0040:02B8:0365:0103|215:0040:02D8:0344:0113|216:0040:02C8:0342:0113|217:0040:02B8:0364:0113|218:0040:02A8:0356:010E|219:0040:02B8:0363:0123
round4_castle,0xDC,3592,0x0002,0x0003,0x0000,0x01,0x0056,0x0000,0x0001,actor_2c8,6,0x10C448,0x01,0x94,0x00,0x00,0x02,0x00,0x00,0x0117,0x02D0,0x033E,0x00,0x40,0x03,200,10,200:4040:02A0:0334:0116|201:4040:02B0:0335:0116|202:4040:02D8:0345:0116|203:4040:02C8:0343:0116|204:4040:02B8:0365:0116|205:4040:02D8:0344:0106|206:4040:02C8:0342:0106|207:4040:02B8:0364:0106|208:4040:02A8:0356:010B|209:4040:02B8:0363:00F6
round4_castle,0xDC,3592,0x0002,0x0003,0x0000,0x01,0x0056,0x0000,0x0001,actor_2c8,7,0x10C488,0x01,0x94,0x01,0x00,0x01,0x00,0x00,0x0115,0x02D0,0x033E,0x00,0x40,0x04,210,10,210:0040:02A0:03A2:0105|211:0040:02B0:03A3:0105|212:0040:02D8:0345:0105|213:0040:02C8:0343:0105|214:0040:02B8:0365:0105|215:0040:02D8:0344:0115|216:0040:02C8:0342:0115|217:0040:02B8:0364:0115|218:0040:02A8:0356:0110|219:0040:02B8:0363:0125
round4_castle,0xDC,3594,0x0002,0x0003,0x0000,0x01,0x0056,0x0000,0x0001,actor_2c8,6,0x10C448,0x01,0x94,0x00,0x00,0x02,0x00,0x00,0x0115,0x02D0,0x033E,0x00,0x40,0x03,200,10,200:4040:02A0:0334:0114|201:4040:02B0:0335:0114|202:4040:02D8:0345:0114|203:4040:02C8:0343:0114|204:4040:02B8:0365:0114|205:4040:02D8:0344:0104|206:4040:02C8:0342:0104|207:4040:02B8:0364:0104|208:4040:02A8:0356:0109|209:4040:02B8:0363:00F4
round4_castle,0xDC,3594,0x0002,0x0003,0x0000,0x01,0x0056,0x0000,0x0001,actor_2c8,7,0x10C488,0x01,0x94,0x01,0x00,0x01,0x00,0x00,0x0117,0x02D0,0x033E,0x00,0x40,0x04,210,10,210:0040:02A0:03A2:0107|211:0040:02B0:03A3:0107|212:0040:02D8:0345:0107|213:0040:02C8:0343:0107|214:0040:02B8:0365:0107|215:0040:02D8:0344:0117|216:0040:02C8:0342:0117|217:0040:02B8:0364:0117|218:0040:02A8:0356:0112|219:0040:02B8:0363:0127
round4_castle,0xDC,3596,0x0002,0x0003,0x0000,0x01,0x0056,0x0000,0x0001,actor_2c8,4,0x10C3C8,0x01,0xA4,0x01,0x00,0x1F,0x00,0x00,0x0267,0x02D0,0x033E,0x00,0x40,0x03,180,10,180:0040:02B8:033A:024F|181:0040:02B8:0339:023F|182:0040:02B8:035B:0267|183:0040:02A8:0356:0262|184:0040:02B8:035C:0257|185:0040:02D8:0341:0257|186:0040:02C8:033F:0257|187:0040:02D8:0340:0267|188:0040:02C8:033E:0267
round4_castle,0xDC,3596,0x0002,0x0003,0x0000,0x01,0x0056,0x0000,0x0001,actor_2c8,6,0x10C448,0x01,0x95,0x00,0x00,0x02,0x00,0x00,0x0113,0x02D0,0x033E,0x00,0x40,0x03,200,10,200:4040:02A0:0334:0112|201:4040:02B0:0335:0112|202:4040:02D8:0349:0112|203:4040:02C8:0347:0112|204:4040:02B8:0365:0112|205:4040:02D8:0348:0102|206:4040:02C8:0346:0102|207:4040:02B8:0364:0102|208:4040:02A8:0356:0107|209:4040:02B8:0363:00F2
round4_castle,0xDC,3596,0x0002,0x0003,0x0000,0x01,0x0056,0x0000,0x0001,actor_2c8,7,0x10C488,0x01,0x95,0x01,0x00,0x01,0x00,0x00,0x0119,0x02D0,0x033E,0x00,0x40,0x04,210,10,210:0040:02A0:03A2:0107|211:0040:02B0:03A3:0107|212:0040:02D8:0349:0107|213:0040:02C8:0347:0107|214:0040:02B8:0365:0107|215:0040:02D8:0348:0117|216:0040:02C8:0346:0117|217:0040:02B8:0364:0117|218:0040:02A8:0356:0112|219:0040:02B8:0363:0127
round4_castle,0xDC,3598,0x0002,0x0003,0x0000,0x01,0x0056,0x0000,0x0001,actor_2c8,6,0x10C448,0x01,0x95,0x00,0x00,0x02,0x00,0x00,0x0111,0x02D0,0x033E,0x00,0x40,0x03,200,10,200:4040:02A0:0334:0110|201:4040:02B0:0335:0110|202:4040:02D8:0349:0110|203:4040:02C8:0347:0110|204:4040:02B8:0365:0110|205:4040:02D8:0348:0100|206:4040:02C8:0346:0100|207:4040:02B8:0364:0100|208:4040:02A8:0356:0105|209:4040:02B8:0363:00F0
round4_castle,0xDC,3598,0x0002,0x0003,0x0000,0x01,0x0056,0x0000,0x0001,actor_2c8,7,0x10C488,0x01,0x95,0x01,0x00,0x01,0x00,0x00,0x011B,0x02D0,0x033E,0x00,0x40,0x04,210,10,210:0040:02A0:03A2:0109|211:0040:02B0:03A3:0109|212:0040:02D8:0349:0109|213:0040:02C8:0347:0109|214:0040:02B8:0365:0109|215:0040:02D8:0348:0119|216:0040:02C8:0346:0119|217:0040:02B8:0364:0119|218:0040:02A8:0356:0114|219:0040:02B8:0363:0129
round4_castle,0xDC,3598,0x0002,0x0003,0x0000,0x01,0x0056,0x0000,0x0001,actor_2c8,8,0x10C4C8,0x01,0x95,0x01,0x00,0x01,0x00,0x00,0x0139,0x02D0,0x033E,0x00,0x42,0x03,220,19,220:0042:02A0:0334:0129|221:0042:02B0:0335:0129|222:0042:02D8:0349:0129|223:0042:02C8:0347:0129|224:0042:02B8:0365:0129|225:0042:02D8:0348:0139|226:0042:02C8:0346:0139|227:0042:02B8:0364:0139|228:0042:02A8:0356:0134|229:0042:02B8:0363:0149
round4_castle,0xDC,3600,0x0002,0x0003,0x0000,0x01,0x0056,0x0000,0x0001,actor_2c8,6,0x10C448,0x01,0x95,0x00,0x00,0x02,0x00,0x00,0x010F,0x02D0,0x033E,0x00,0x40,0x03,200,10,200:4040:02A0:0334:010E|201:4040:02B0:0335:010E|202:4040:02D8:0349:010E|203:4040:02C8:0347:010E|204:4040:02B8:0365:010E|205:4040:02D8:0348:00FE|206:4040:02C8:0346:00FE|207:4040:02B8:0364:00FE|208:4040:02A8:0356:0103|209:4040:02B8:0363:00EE
round4_castle,0xDC,3600,0x0002,0x0003,0x0000,0x01,0x0056,0x0000,0x0001,actor_2c8,7,0x10C488,0x01,0x95,0x01,0x00,0x01,0x00,0x00,0x011D,0x02D0,0x033E,0x00,0x40,0x04,210,10,210:0040:02A0:03A2:010B|211:0040:02B0:03A3:010B|212:0040:02D8:0349:010B|213:0040:02C8:0347:010B|214:0040:02B8:0365:010B|215:0040:02D8:0348:011B|216:0040:02C8:0346:011B|217:0040:02B8:0364:011B|218:0040:02A8:0356:0116|219:0040:02B8:0363:012B
round4_castle,0xDC,3600,0x0002,0x0003,0x0000,0x01,0x0056,0x0000,0x0001,actor_2c8,8,0x10C4C8,0x01,0x95,0x01,0x00,0x01,0x00,0x00,0x013B,0x02D0,0x033E,0x00,0x42,0x03,220,19,220:0042:02A0:0334:012B|221:0042:02B0:0335:012B|222:0042:02D8:0349:012B|223:0042:02C8:0347:012B|224:0042:02B8:0365:012B|225:0042:02D8:0348:013B|226:0042:02C8:0346:013B|227:0042:02B8:0364:013B|228:0042:02A8:0356:0136|229:0042:02B8:0363:014B
round4_castle,0xDC,3602,0x0002,0x0003,0x0000,0x01,0x0056,0x0000,0x0001,actor_2c8,4,0x10C3C8,0x01,0xA6,0x01,0x00,0x1F,0x00,0x00,0x0267,0x02D0,0x033E,0x00,0x40,0x03,180,10,180:0040:02C0:033C:026F|181:0040:02B8:035F:0267|182:0040:02A8:0356:0262|183:0040:02B8:0360:0257|184:0040:02D8:0341:0257|185:0040:02C8:033F:0257|186:0040:02D8:0340:0267|187:0040:02C8:033E:0267
round4_castle,0xDC,3602,0x0002,0x0003,0x0000,0x01,0x0056,0x0000,0x0001,actor_2c8,7,0x10C488,0x01,0x95,0x01,0x00,0x01,0x00,0x00,0x011F,0x02D0,0x033E,0x00,0x40,0x04,210,10,210:0040:02A0:03A2:010D|211:0040:02B0:03A3:010D|212:0040:02D8:0349:010D|213:0040:02C8:0347:010D|214:0040:02B8:0365:010D|215:0040:02D8:0348:011D|216:0040:02C8:0346:011D|217:0040:02B8:0364:011D|218:0040:02A8:0356:0118|219:0040:02B8:0363:012D
round4_castle,0xDC,3602,0x0002,0x0003,0x0000,0x01,0x0056,0x0000,0x0001,actor_2c8,8,0x10C4C8,0x01,0x95,0x01,0x00,0x01,0x00,0x00,0x013D,0x02D0,0x033E,0x00,0x42,0x03,220,19,220:0042:02A0:0334:012D|221:0042:02B0:0335:012D|222:0042:02D8:0349:012D|223:0042:02C8:0347:012D|224:0042:02B8:0365:012D|225:0042:02D8:0348:013D|226:0042:02C8:0346:013D|227:0042:02B8:0364:013D|228:0042:02A8:0356:0138|229:0042:02B8:0363:014D
round4_castle,0xDC,3604,0x0002,0x0003,0x0000,0x01,0x0056,0x0000,0x0001,actor_2c8,6,0x10C448,0x01,0x94,0x00,0x00,0x02,0x00,0x00,0x010B,0x02D0,0x033E,0x00,0x40,0x03,200,10,200:4040:02A0:0334:010C|201:4040:02B0:0335:010C|202:4040:02D8:0345:010C|203:4040:02C8:0343:010C|204:4040:02B8:0365:010C|205:4040:02D8:0344:00FC|206:4040:02C8:0342:00FC|207:4040:02B8:0364:00FC|208:4040:02A8:0356:0101|209:4040:02B8:0363:00EC
round4_castle,0xDC,3604,0x0002,0x0003,0x0000,0x01,0x0056,0x0000,0x0001,actor_2c8,7,0x10C488,0x01,0x94,0x01,0x00,0x01,0x00,0x00,0x011F,0x02D0,0x033E,0x00,0x40,0x04,210,10,210:0040:02A0:03A2:010F|211:0040:02B0:03A3:010F|212:0040:02D8:0345:010F|213:0040:02C8:0343:010F|214:0040:02B8:0365:010F|215:0040:02D8:0344:011F|216:0040:02C8:0342:011F|217:0040:02B8:0364:011F|218:0040:02A8:0356:011A|219:0040:02B8:0363:012F
round4_castle,0xDC,3606,0x0002,0x0003,0x0000,0x01,0x0056,0x0000,0x0001,actor_2c8,6,0x10C448,0x01,0x94,0x00,0x00,0x02,0x00,0x00,0x0109,0x02D0,0x033E,0x00,0x40,0x03,200,10,200:4040:02A0:0334:010A|201:4040:02B0:0335:010A|202:4040:02D8:0345:010A|203:4040:02C8:0343:010A|204:4040:02B8:0365:010A|205:4040:02D8:0344:00FA|206:4040:02C8:0342:00FA|207:4040:02B8:0364:00FA|208:4040:02A8:0356:00FF|209:4040:02B8:0363:00EA
round4_castle,0xDC,3606,0x0002,0x0003,0x0000,0x01,0x0056,0x0000,0x0001,actor_2c8,7,0x10C488,0x01,0x94,0x01,0x00,0x01,0x00,0x00,0x0121,0x02D0,0x033E,0x00,0x40,0x04,210,10,210:0040:02A0:03A2:0111|211:0040:02B0:03A3:0111|212:0040:02D8:0345:0111|213:0040:02C8:0343:0111|214:0040:02B8:0365:0111|215:0040:02D8:0344:0121|216:0040:02C8:0342:0121|217:0040:02B8:0364:0121|218:0040:02A8:0356:011C|219:0040:02B8:0363:0131
round4_castle,0xDC,3608,0x0002,0x0003,0x0000,0x01,0x0056,0x0000,0x0001,actor_2c8,4,0x10C3C8,0x01,0xA5,0x01,0x00,0x1F,0x00,0x00,0x0267,0x02D0,0x033E,0x00,0x40,0x03,180,10,180:0040:02B8:03A1:028F|181:0040:02B8:033D:027F|182:0040:02B8:0361:026F|183:0040:02A8:0356:0263|184:0040:02B8:0362:025F|185:0040:02D8:0341:0257|186:0040:02C8:033F:0257|187:0040:02D8:0340:0267|188:0040:02C8:033E:0267
round4_castle,0xDC,3608,0x0002,0x0003,0x0000,0x01,0x0056,0x0000,0x0001,actor_2c8,6,0x10C448,0x01,0x94,0x00,0x00,0x02,0x00,0x00,0x0107,0x02D0,0x033E,0x00,0x40,0x03,200,10,200:4040:02A0:0334:0108|201:4040:02B0:0335:0108|202:4040:02D8:0345:0108|203:4040:02C8:0343:0108|204:4040:02B8:0365:0108|205:4040:02D8:0344:00F8|206:4040:02C8:0342:00F8|207:4040:02B8:0364:00F8|208:4040:02A8:0356:00FD|209:4040:02B8:0363:00E8
round4_castle,0xDC,3608,0x0002,0x0003,0x0000,0x01,0x0056,0x0000,0x0001,actor_2c8,7,0x10C488,0x01,0x94,0x01,0x00,0x01,0x00,0x00,0x0123,0x02D0,0x033E,0x00,0x40,0x04,210,10,210:0040:02A0:03A2:0113|211:0040:02B0:03A3:0113|212:0040:02D8:0345:0113|213:0040:02C8:0343:0113|214:0040:02B8:0365:0113|215:0040:02D8:0344:0123|216:0040:02C8:0342:0123|217:0040:02B8:0364:0123|218:0040:02A8:0356:011E|219:0040:02B8:0363:0133
round4_castle,0xDC,3608,0x0002,0x0003,0x0000,0x01,0x0056,0x0000,0x0001,actor_2c8,8,0x10C4C8,0x01,0x94,0x00,0x00,0x02,0x00,0x00,0x013B,0x02D0,0x033E,0x00,0x42,0x03,220,19,220:4042:02A0:0334:013C|221:4042:02B0:0335:013C|222:4042:02D8:0345:013C|223:4042:02C8:0343:013C|224:4042:02B8:0365:013C|225:4042:02D8:0344:012C|226:4042:02C8:0342:012C|227:4042:02B8:0364:012C|228:4042:02A8:0356:0131|229:4042:02B8:0363:011C
round4_castle,0xDC,3610,0x0002,0x0003,0x0000,0x01,0x0056,0x0000,0x0001,actor_2c8,6,0x10C448,0x01,0x94,0x00,0x00,0x02,0x00,0x00,0x0107,0x02D0,0x033E,0x00,0x40,0x03,200,10,200:4040:02A0:0334:0106|201:4040:02B0:0335:0106|202:4040:02D8:0345:0106|203:4040:02C8:0343:0106|204:4040:02B8:0365:0106|205:4040:02D8:0344:00F6|206:4040:02C8:0342:00F6|207:4040:02B8:0364:00F6|208:4040:02A8:0356:00FB|209:4040:02B8:0363:00E6
round4_castle,0xDC,3610,0x0002,0x0003,0x0000,0x01,0x0056,0x0000,0x0001,actor_2c8,7,0x10C488,0x01,0x94,0x01,0x00,0x01,0x00,0x00,0x0125,0x02D0,0x033E,0x00,0x40,0x04,210,10,210:0040:02A0:03A2:0115|211:0040:02B0:03A3:0115|212:0040:02D8:0345:0115|213:0040:02C8:0343:0115|214:0040:02B8:0365:0115|215:0040:02D8:0344:0125|216:0040:02C8:0342:0125|217:0040:02B8:0364:0125|218:0040:02A8:0356:0120|219:0040:02B8:0363:0135
round4_castle,0xDC,3612,0x0002,0x0003,0x0000,0x01,0x0056,0x0000,0x0001,actor_2c8,6,0x10C448,0x01,0x93,0x00,0x00,0x02,0x00,0x00,0x0105,0x02D0,0x033E,0x00,0x40,0x03,200,10,200:4040:02A0:0334:0104|201:4040:02B0:0335:0104|202:4040:02D8:0341:0104|203:4040:02C8:033F:0104|204:4040:02B8:0365:0104|205:4040:02D8:0340:00F4|206:4040:02C8:033E:00F4|207:4040:02B8:0364:00F4|208:4040:02A8:0356:00F9|209:4040:02B8:0363:00E4
round4_castle,0xDC,3612,0x0002,0x0003,0x0000,0x01,0x0056,0x0000,0x0001,actor_2c8,7,0x10C488,0x01,0x93,0x01,0x00,0x01,0x00,0x00,0x0127,0x02D0,0x033E,0x00,0x40,0x04,210,10,210:0040:02A0:03A2:0117|211:0040:02B0:03A3:0117|212:0040:02D8:0341:0117|213:0040:02C8:033F:0117|214:0040:02B8:0365:0117|215:0040:02D8:0340:0127|216:0040:02C8:033E:0127|217:0040:02B8:0364:0127|218:0040:02A8:0356:0122|219:0040:02B8:0363:0137
round4_castle,0xDC,3614,0x0002,0x0003,0x0000,0x01,0x0056,0x0000,0x0001,actor_2c8,4,0x10C3C8,0x01,0xA2,0x01,0x00,0x1F,0x00,0x00,0x0267,0x02D0,0x033E,0x00,0x40,0x03,180,10,180:0040:02C0:033B:0257|181:0040:02B8:035D:0267|182:0040:02A8:0356:0262|183:0040:02B8:035E:0257|184:0040:02D8:0341:0257|185:0040:02C8:033F:0257|186:0040:02D8:0340:0267|187:0040:02C8:033E:0267
round4_castle,0xDC,3614,0x0002,0x0003,0x0000,0x01,0x0056,0x0000,0x0001,actor_2c8,6,0x10C448,0x01,0x93,0x00,0x00,0x02,0x00,0x00,0x0103,0x02D0,0x033E,0x00,0x40,0x03,200,10,200:4040:02A0:0334:0102|201:4040:02B0:0335:0102|202:4040:02D8:0341:0102|203:4040:02C8:033F:0102|204:4040:02B8:0365:0102|205:4040:02D8:0340:00F2|206:4040:02C8:033E:00F2|207:4040:02B8:0364:00F2|208:4040:02A8:0356:00F7|209:4040:02B8:0363:00E2
round4_castle,0xDC,3614,0x0002,0x0003,0x0000,0x01,0x0056,0x0000,0x0001,actor_2c8,8,0x10C4C8,0x01,0x93,0x00,0x00,0x02,0x00,0x00,0x0137,0x02D0,0x033E,0x00,0x42,0x03,220,19,220:4042:02A0:0334:0136|221:4042:02B0:0335:0136|222:4042:02D8:0341:0136|223:4042:02C8:033F:0136|224:4042:02B8:0365:0136|225:4042:02D8:0340:0126|226:4042:02C8:033E:0126|227:4042:02B8:0364:0126|228:4042:02A8:0356:012B|229:4042:02B8:0363:0116
round4_castle,0xDC,3616,0x0002,0x0003,0x0000,0x01,0x0056,0x0000,0x0001,actor_2c8,6,0x10C448,0x01,0x93,0x00,0x00,0x02,0x00,0x00,0x0101,0x02D0,0x033E,0x00,0x40,0x03,200,10,200:4040:02A0:0334:0100|201:4040:02B0:0335:0100|202:4040:02D8:0341:0100|203:4040:02C8:033F:0100|204:4040:02B8:0365:0100|205:4040:02D8:0340:00F0|206:4040:02C8:033E:00F0|207:4040:02B8:0364:00F0|208:4040:02A8:0356:00F5|209:4040:02B8:0363:00E0
round4_castle,0xDC,3616,0x0002,0x0003,0x0000,0x01,0x0056,0x0000,0x0001,actor_2c8,7,0x10C488,0x01,0x93,0x01,0x00,0x01,0x00,0x00,0x012B,0x02D0,0x033E,0x00,0x40,0x04,210,10,210:0040:02A0:03A2:0119|211:0040:02B0:03A3:0119|212:0040:02D8:0341:0119|213:0040:02C8:033F:0119|214:0040:02B8:0365:0119|215:0040:02D8:0340:0129|216:0040:02C8:033E:0129|217:0040:02B8:0364:0129|218:0040:02A8:0356:0124|219:0040:02B8:0363:0139
round4_castle,0xDC,3618,0x0002,0x0003,0x0000,0x01,0x0056,0x0000,0x0001,actor_2c8,6,0x10C448,0x01,0x93,0x00,0x00,0x02,0x00,0x00,0x00FF,0x02D0,0x033E,0x00,0x40,0x03,200,10,200:4040:02A0:0334:00FE|201:4040:02B0:0335:00FE|202:4040:02D8:0341:00FE|203:4040:02C8:033F:00FE|204:4040:02B8:0365:00FE|205:4040:02D8:0340:00EE|206:4040:02C8:033E:00EE|207:4040:02B8:0364:00EE|208:4040:02A8:0356:00F3|209:4040:02B8:0363:00DE
round4_castle,0xDC,3618,0x0002,0x0003,0x0000,0x01,0x0056,0x0000,0x0001,actor_2c8,7,0x10C488,0x01,0x93,0x01,0x00,0x01,0x00,0x00,0x012D,0x02D0,0x033E,0x00,0x40,0x04,210,10,210:0040:02A0:03A2:011B|211:0040:02B0:03A3:011B|212:0040:02D8:0341:011B|213:0040:02C8:033F:011B|214:0040:02B8:0365:011B|215:0040:02D8:0340:012B|216:0040:02C8:033E:012B|217:0040:02B8:0364:012B|218:0040:02A8:0356:0126|219:0040:02B8:0363:013B
round4_castle,0xDC,3618,0x0002,0x0003,0x0000,0x01,0x0056,0x0000,0x0001,actor_2c8,8,0x10C4C8,0x01,0x93,0x00,0x00,0x02,0x00,0x00,0x0133,0x02D0,0x033E,0x00,0x42,0x03,220,19,220:4042:02A0:0334:0132|221:4042:02B0:0335:0132|222:4042:02D8:0341:0132|223:4042:02C8:033F:0132|224:4042:02B8:0365:0132|225:4042:02D8:0340:0122|226:4042:02C8:033E:0122|227:4042:02B8:0364:0122|228:4042:02A8:0356:0127|229:4042:02B8:0363:0112
round4_castle,0xDC,3620,0x0002,0x0003,0x0000,0x01,0x0056,0x0000,0x0001,actor_2c8,6,0x10C448,0x01,0x94,0x01,0x00,0x01,0x00,0x00,0x0101,0x02D0,0x033E,0x01,0x40,0x03,200,10,200:4040:02A0:0334:00FE|201:4040:02B0:0335:00FE|202:4040:02D8:0345:00FE|203:4040:02C8:0343:00FE|204:4040:02B8:0365:00FE|205:4040:02D8:0344:00EE|206:4040:02C8:0342:00EE|207:4040:02B8:0364:00EE|208:4040:02A8:0356:00F3|209:4040:02B8:0363:00DE
round4_castle,0xDC,3620,0x0002,0x0003,0x0000,0x01,0x0056,0x0000,0x0001,actor_2c8,7,0x10C488,0x01,0x94,0x01,0x00,0x01,0x00,0x00,0x012F,0x02D0,0x033E,0x00,0x40,0x04,210,10,210:0040:02A0:03A2:011D|211:0040:02B0:03A3:011D|212:0040:02D8:0345:011D|213:0040:02C8:0343:011D|214:0040:02B8:0365:011D|215:0040:02D8:0344:012D|216:0040:02C8:0342:012D|217:0040:02B8:0364:012D|218:0040:02A8:0356:0128|219:0040:02B8:0363:013D
round4_castle,0xDC,3620,0x0002,0x0003,0x0000,0x01,0x0056,0x0000,0x0001,actor_2c8,8,0x10C4C8,0x01,0x94,0x00,0x00,0x02,0x00,0x00,0x0131,0x02D0,0x033E,0x00,0x42,0x03,220,19,220:4042:02A0:0334:0130|221:4042:02B0:0335:0130|222:4042:02D8:0345:0130|223:4042:02C8:0343:0130|224:4042:02B8:0365:0130|225:4042:02D8:0344:0120|226:4042:02C8:0342:0120|227:4042:02B8:0364:0120|228:4042:02A8:0356:0125|229:4042:02B8:0363:0110
round4_castle,0xDC,3622,0x0002,0x0003,0x0000,0x01,0x0056,0x0000,0x0001,actor_2c8,6,0x10C448,0x01,0x94,0x01,0x00,0x01,0x00,0x00,0x0103,0x02D0,0x033E,0x01,0x40,0x03,200,10,200:4040:02A0:0334:0100|201:4040:02B0:0335:0100|202:4040:02D8:0345:0100|203:4040:02C8:0343:0100|204:4040:02B8:0365:0100|205:4040:02D8:0344:00F0|206:4040:02C8:0342:00F0|207:4040:02B8:0364:00F0|208:4040:02A8:0356:00F5|209:4040:02B8:0363:00E0
round4_castle,0xDC,3622,0x0002,0x0003,0x0000,0x01,0x0056,0x0000,0x0001,actor_2c8,7,0x10C488,0x01,0x94,0x01,0x00,0x01,0x00,0x00,0x012F,0x02D0,0x033E,0x00,0x40,0x04,210,10,210:0040:02A0:03A2:011F|211:0040:02B0:03A3:011F|212:0040:02D8:0345:011F|213:0040:02C8:0343:011F|214:0040:02B8:0365:011F|215:0040:02D8:0344:012F|216:0040:02C8:0342:012F|217:0040:02B8:0364:012F|218:0040:02A8:0356:012A|219:0040:02B8:0363:013F
round4_castle,0xDC,3622,0x0002,0x0003,0x0000,0x01,0x0056,0x0000,0x0001,actor_2c8,8,0x10C4C8,0x01,0x94,0x00,0x00,0x02,0x00,0x00,0x012F,0x02D0,0x033E,0x00,0x42,0x03,220,19,220:4042:02A0:0334:012E|221:4042:02B0:0335:012E|222:4042:02D8:0345:012E|223:4042:02C8:0343:012E|224:4042:02B8:0365:012E|225:4042:02D8:0344:011E|226:4042:02C8:0342:011E|227:4042:02B8:0364:011E|228:4042:02A8:0356:0123|229:4042:02B8:0363:010E
round4_castle,0xDC,3624,0x0002,0x0003,0x0000,0x01,0x0056,0x0000,0x0001,actor_2c8,6,0x10C448,0x01,0x94,0x01,0x00,0x01,0x00,0x00,0x0105,0x02D0,0x033E,0x01,0x40,0x03,200,10,200:4040:02A0:0334:0102|201:4040:02B0:0335:0102|202:4040:02D8:0345:0102|203:4040:02C8:0343:0102|204:4040:02B8:0365:0102|205:4040:02D8:0344:00F2|206:4040:02C8:0342:00F2|207:4040:02B8:0364:00F2|208:4040:02A8:0356:00F7|209:4040:02B8:0363:00E2
round4_castle,0xDC,3624,0x0002,0x0003,0x0000,0x01,0x0056,0x0000,0x0001,actor_2c8,7,0x10C488,0x01,0x94,0x01,0x00,0x01,0x00,0x00,0x0131,0x02D0,0x033E,0x00,0x40,0x04,210,10,210:0040:02A0:03A2:0121|211:0040:02B0:03A3:0121|212:0040:02D8:0345:0121|213:0040:02C8:0343:0121|214:0040:02B8:0365:0121|215:0040:02D8:0344:0131|216:0040:02C8:0342:0131|217:0040:02B8:0364:0131|218:0040:02A8:0356:012C|219:0040:02B8:0363:0141
round4_castle,0xDC,3626,0x0002,0x0003,0x0000,0x01,0x0056,0x0000,0x0001,actor_2c8,6,0x10C448,0x01,0x94,0x01,0x00,0x01,0x00,0x00,0x0107,0x02D0,0x033E,0x01,0x40,0x03,200,10,200:4040:02A0:0334:0104|201:4040:02B0:0335:0104|202:4040:02D8:0345:0104|203:4040:02C8:0343:0104|204:4040:02B8:0365:0104|205:4040:02D8:0344:00F4|206:4040:02C8:0342:00F4|207:4040:02B8:0364:00F4|208:4040:02A8:0356:00F9|209:4040:02B8:0363:00E4
round4_castle,0xDC,3626,0x0002,0x0003,0x0000,0x01,0x0056,0x0000,0x0001,actor_2c8,7,0x10C488,0x01,0x94,0x01,0x00,0x01,0x00,0x00,0x0133,0x02D0,0x033E,0x00,0x40,0x04,210,10,210:0040:02A0:03A2:0123|211:0040:02B0:03A3:0123|212:0040:02D8:0345:0123|213:0040:02C8:0343:0123|214:0040:02B8:0365:0123|215:0040:02D8:0344:0133|216:0040:02C8:0342:0133|217:0040:02B8:0364:0133|218:0040:02A8:0356:012E|219:0040:02B8:0363:0143
round4_castle,0xDC,3626,0x0002,0x0003,0x0000,0x01,0x0056,0x0000,0x0001,actor_2c8,8,0x10C4C8,0x01,0x94,0x00,0x00,0x02,0x00,0x00,0x012B,0x02D0,0x033E,0x00,0x42,0x03,220,19,220:4042:02A0:0334:012C|221:4042:02B0:0335:012C|222:4042:02D8:0345:012C|223:4042:02C8:0343:012C|224:4042:02B8:0365:012C|225:4042:02D8:0344:011C|226:4042:02C8:0342:011C|227:4042:02B8:0364:011C|228:4042:02A8:0356:0121|229:4042:02B8:0363:010C
round4_castle,0xDC,3628,0x0002,0x0003,0x0000,0x01,0x0056,0x0000,0x0001,actor_2c8,6,0x10C448,0x01,0x95,0x01,0x00,0x01,0x00,0x00,0x0107,0x02D0,0x033E,0x01,0x40,0x03,200,10,200:4040:02A0:0334:0106|201:4040:02B0:0335:0106|202:4040:02D8:0349:0106|203:4040:02C8:0347:0106|204:4040:02B8:0365:0106|205:4040:02D8:0348:00F6|206:4040:02C8:0346:00F6|207:4040:02B8:0364:00F6|208:4040:02A8:0356:00FB|209:4040:02B8:0363:00E6
round4_castle,0xDC,3628,0x0002,0x0003,0x0000,0x01,0x0056,0x0000,0x0001,actor_2c8,7,0x10C488,0x01,0x95,0x01,0x00,0x01,0x00,0x00,0x0135,0x02D0,0x033E,0x00,0x40,0x04,210,10,210:0040:02A0:03A2:0125|211:0040:02B0:03A3:0125|212:0040:02D8:0349:0125|213:0040:02C8:0347:0125|214:0040:02B8:0365:0125|215:0040:02D8:0348:0135|216:0040:02C8:0346:0135|217:0040:02B8:0364:0135|218:0040:02A8:0356:0130|219:0040:02B8:0363:0145
round4_castle,0xDC,3630,0x0002,0x0003,0x0000,0x01,0x0056,0x0000,0x0001,actor_2c8,6,0x10C448,0x01,0x95,0x01,0x00,0x01,0x00,0x00,0x0109,0x02D0,0x033E,0x00,0x40,0x03,200,10,200:0040:02A0:0334:00F9|201:0040:02B0:0335:00F9|202:0040:02D8:0349:00F9|203:0040:02C8:0347:00F9|204:0040:02B8:0365:00F9|205:0040:02D8:0348:0109|206:0040:02C8:0346:0109|207:0040:02B8:0364:0109|208:0040:02A8:0356:0104|209:0040:02B8:0363:0119
round4_castle,0xDC,3630,0x0002,0x0003,0x0000,0x01,0x0056,0x0000,0x0001,actor_2c8,7,0x10C488,0x01,0x95,0x01,0x00,0x01,0x00,0x00,0x0137,0x02D0,0x033E,0x00,0x40,0x04,210,10,210:0040:02A0:03A2:0127|211:0040:02B0:03A3:0127|212:0040:02D8:0349:0127|213:0040:02C8:0347:0127|214:0040:02B8:0365:0127|215:0040:02D8:0348:0137|216:0040:02C8:0346:0137|217:0040:02B8:0364:0137|218:0040:02A8:0356:0132|219:0040:02B8:0363:0147
round4_castle,0xDC,3630,0x0002,0x0003,0x0000,0x01,0x0056,0x0000,0x0001,actor_2c8,8,0x10C4C8,0x01,0x95,0x00,0x00,0x02,0x00,0x00,0x0127,0x02D0,0x033E,0x00,0x42,0x03,220,19,220:4042:02A0:0334:0128|221:4042:02B0:0335:0128|222:4042:02D8:0349:0128|223:4042:02C8:0347:0128|224:4042:02B8:0365:0128|225:4042:02D8:0348:0118|226:4042:02C8:0346:0118|227:4042:02B8:0364:0118|228:4042:02A8:0356:011D|229:4042:02B8:0363:0108
round4_castle,0xDC,3632,0x0002,0x0003,0x0000,0x01,0x0056,0x0000,0x0001,actor_2c8,6,0x10C448,0x01,0x95,0x01,0x00,0x01,0x00,0x00,0x010B,0x02D0,0x033E,0x00,0x40,0x03,200,10,200:0040:02A0:0334:00FB|201:0040:02B0:0335:00FB|202:0040:02D8:0349:00FB|203:0040:02C8:0347:00FB|204:0040:02B8:0365:00FB|205:0040:02D8:0348:010B|206:0040:02C8:0346:010B|207:0040:02B8:0364:010B|208:0040:02A8:0356:0106|209:0040:02B8:0363:011B
round4_castle,0xDC,3632,0x0002,0x0003,0x0000,0x01,0x0056,0x0000,0x0001,actor_2c8,8,0x10C4C8,0x01,0x95,0x00,0x00,0x02,0x00,0x00,0x0127,0x02D0,0x033E,0x00,0x42,0x03,220,19,220:4042:02A0:0334:0126|221:4042:02B0:0335:0126|222:4042:02D8:0349:0126|223:4042:02C8:0347:0126|224:4042:02B8:0365:0126|225:4042:02D8:0348:0116|226:4042:02C8:0346:0116|227:4042:02B8:0364:0116|228:4042:02A8:0356:011B|229:4042:02B8:0363:0106
round4_castle,0xDC,3634,0x0002,0x0003,0x0000,0x01,0x0056,0x0000,0x0001,actor_2c8,5,0x10C408,0x01,0x95,0x00,0x00,0x02,0x00,0x00,0x0145,0x02D0,0x033E,0x00,0x40,0x00,190,10,
round4_castle,0xDC,3634,0x0002,0x0003,0x0000,0x01,0x0056,0x0000,0x0001,actor_2c8,6,0x10C448,0x01,0x95,0x01,0x00,0x01,0x00,0x00,0x010D,0x02D0,0x033E,0x00,0x40,0x03,200,10,200:0040:02A0:0334:00FD|201:0040:02B0:0335:00FD|202:0040:02D8:0349:00FD|203:0040:02C8:0347:00FD|204:0040:02B8:0365:00FD|205:0040:02D8:0348:010D|206:0040:02C8:0346:010D|207:0040:02B8:0364:010D|208:0040:02A8:0356:0108|209:0040:02B8:0363:011D
round4_castle,0xDC,3634,0x0002,0x0003,0x0000,0x01,0x0056,0x0000,0x0001,actor_2c8,8,0x10C4C8,0x01,0x95,0x00,0x00,0x02,0x00,0x00,0x0125,0x02D0,0x033E,0x00,0x42,0x03,220,19,220:4042:02A0:0334:0124|221:4042:02B0:0335:0124|222:4042:02D8:0349:0124|223:4042:02C8:0347:0124|224:4042:02B8:0365:0124|225:4042:02D8:0348:0114|226:4042:02C8:0346:0114|227:4042:02B8:0364:0114|228:4042:02A8:0356:0119|229:4042:02B8:0363:0104
round4_castle,0xDC,3636,0x0002,0x0003,0x0000,0x01,0x0056,0x0000,0x0001,actor_2c8,5,0x10C408,0x01,0x94,0x00,0x00,0x02,0x00,0x00,0x0143,0x02D0,0x033E,0x00,0x40,0x00,190,10,190:4040:02A0:026B:0144|191:4040:02B0:026C:0144|192:4040:02D8:0345:0144|193:4040:02C8:0343:0144|194:4040:02B8:0365:0144|195:4040:02D8:0344:0134|196:4040:02C8:0342:0134|197:4040:02B8:0364:0134|198:4040:02A8:0356:0139|199:4040:02B8:0363:0124
round4_castle,0xDC,3636,0x0002,0x0003,0x0000,0x01,0x0056,0x0000,0x0001,actor_2c8,6,0x10C448,0x01,0x94,0x01,0x00,0x01,0x00,0x00,0x010F,0x02D0,0x033E,0x00,0x40,0x03,200,10,200:0040:02A0:0334:00FF|201:0040:02B0:0335:00FF|202:0040:02D8:0345:00FF|203:0040:02C8:0343:00FF|204:0040:02B8:0365:00FF|205:0040:02D8:0344:010F|206:0040:02C8:0342:010F|207:0040:02B8:0364:010F|208:0040:02A8:0356:010A|209:0040:02B8:0363:011F
round4_castle,0xDC,3636,0x0002,0x0003,0x0000,0x01,0x0056,0x0000,0x0001,actor_2c8,8,0x10C4C8,0x01,0x94,0x00,0x00,0x02,0x00,0x00,0x0123,0x02D0,0x033E,0x00,0x42,0x03,220,19,220:4042:02A0:0334:0122|221:4042:02B0:0335:0122|222:4042:02D8:0345:0122|223:4042:02C8:0343:0122|224:4042:02B8:0365:0122|225:4042:02D8:0344:0112|226:4042:02C8:0342:0112|227:4042:02B8:0364:0112|228:4042:02A8:0356:0117|229:4042:02B8:0363:0102
round4_castle,0xDC,3638,0x0002,0x0003,0x0000,0x01,0x0056,0x0000,0x0001,actor_2c8,5,0x10C408,0x01,0x94,0x00,0x00,0x02,0x00,0x00,0x0141,0x02D0,0x033E,0x00,0x40,0x00,190,10,190:4040:02A0:026B:0142|191:4040:02B0:026C:0142|192:4040:02D8:0345:0142|193:4040:02C8:0343:0142|194:4040:02B8:0365:0142|195:4040:02D8:0344:0132|196:4040:02C8:0342:0132|197:4040:02B8:0364:0132|198:4040:02A8:0356:0137|199:4040:02B8:0363:0122
round4_castle,0xDC,3638,0x0002,0x0003,0x0000,0x01,0x0056,0x0000,0x0001,actor_2c8,8,0x10C4C8,0x01,0x94,0x00,0x00,0x02,0x00,0x00,0x0121,0x02D0,0x033E,0x00,0x42,0x03,220,19,220:4042:02A0:0334:0120|221:4042:02B0:0335:0120|222:4042:02D8:0345:0120|223:4042:02C8:0343:0120|224:4042:02B8:0365:0120|225:4042:02D8:0344:0110|226:4042:02C8:0342:0110|227:4042:02B8:0364:0110|228:4042:02A8:0356:0115|229:4042:02B8:0363:0100
round4_castle,0xDC,3640,0x0002,0x0003,0x0000,0x01,0x0056,0x0000,0x0001,actor_2c8,6,0x10C448,0x01,0x94,0x01,0x00,0x01,0x00,0x00,0x0113,0x02D0,0x033E,0x00,0x40,0x03,200,10,200:0040:02A0:0334:0101|201:0040:02B0:0335:0101|202:0040:02D8:0345:0101|203:0040:02C8:0343:0101|204:0040:02B8:0365:0101|205:0040:02D8:0344:0111|206:0040:02C8:0342:0111|207:0040:02B8:0364:0111|208:0040:02A8:0356:010C|209:0040:02B8:0363:0121
round4_castle,0xDC,3640,0x0002,0x0003,0x0000,0x01,0x0056,0x0000,0x0001,actor_2c8,8,0x10C4C8,0x01,0x94,0x00,0x00,0x02,0x00,0x00,0x011F,0x02D0,0x033E,0x00,0x42,0x03,220,19,220:4042:02A0:0334:011E|221:4042:02B0:0335:011E|222:4042:02D8:0345:011E|223:4042:02C8:0343:011E|224:4042:02B8:0365:011E|225:4042:02D8:0344:010E|226:4042:02C8:0342:010E|227:4042:02B8:0364:010E|228:4042:02A8:0356:0113|229:4042:02B8:0363:00FE
round4_castle,0xDC,3642,0x0002,0x0003,0x0000,0x01,0x0056,0x0000,0x0001,actor_2c8,5,0x10C408,0x01,0x94,0x00,0x00,0x02,0x00,0x00,0x013F,0x02D0,0x033E,0x00,0x40,0x00,190,10,190:4040:02A0:026B:013E|191:4040:02B0:026C:013E|192:4040:02D8:0345:013E|193:4040:02C8:0343:013E|194:4040:02B8:0365:013E|195:4040:02D8:0344:012E|196:4040:02C8:0342:012E|197:4040:02B8:0364:012E|198:4040:02A8:0356:0133|199:4040:02B8:0363:011E
round4_castle,0xDC,3642,0x0002,0x0003,0x0000,0x01,0x0056,0x0000,0x0001,actor_2c8,6,0x10C448,0x01,0x94,0x01,0x00,0x01,0x00,0x00,0x0115,0x02D0,0x033E,0x00,0x40,0x03,200,10,200:0040:02A0:0334:0103|201:0040:02B0:0335:0103|202:0040:02D8:0345:0103|203:0040:02C8:0343:0103|204:0040:02B8:0365:0103|205:0040:02D8:0344:0113|206:0040:02C8:0342:0113|207:0040:02B8:0364:0113|208:0040:02A8:0356:010E|209:0040:02B8:0363:0123
round4_castle,0xDC,3642,0x0002,0x0003,0x0000,0x01,0x0056,0x0000,0x0001,actor_2c8,7,0x10C488,0x01,0x94,0x00,0x00,0x02,0x00,0x00,0x012D,0x02D0,0x033E,0x00,0x40,0x04,210,10,210:4040:02A0:03A2:012C|211:4040:02B0:03A3:012C|212:4040:02D8:0345:012C|213:4040:02C8:0343:012C|214:4040:02B8:0365:012C|215:4040:02D8:0344:011C|216:4040:02C8:0342:011C|217:4040:02B8:0364:011C|218:4040:02A8:0356:0121|219:4040:02B8:0363:010C
round4_castle,0xDC,3644,0x0002,0x0003,0x0000,0x01,0x0056,0x0000,0x0001,actor_2c8,5,0x10C408,0x01,0x93,0x00,0x00,0x02,0x00,0x00,0x013D,0x02D0,0x033E,0x00,0x40,0x00,190,10,190:4040:02A0:026B:013C|191:4040:02B0:026C:013C|192:4040:02D8:0341:013C|193:4040:02C8:033F:013C|194:4040:02B8:0365:013C|195:4040:02D8:0340:012C|196:4040:02C8:033E:012C|197:4040:02B8:0364:012C|198:4040:02A8:0356:0131|199:4040:02B8:0363:011C
round4_castle,0xDC,3644,0x0002,0x0003,0x0000,0x01,0x0056,0x0000,0x0001,actor_2c8,6,0x10C448,0x01,0x93,0x01,0x00,0x01,0x00,0x00,0x0117,0x02D0,0x033E,0x00,0x40,0x03,200,10,200:0040:02A0:0334:0105|201:0040:02B0:0335:0105|202:0040:02D8:0341:0105|203:0040:02C8:033F:0105|204:0040:02B8:0365:0105|205:0040:02D8:0340:0115|206:0040:02C8:033E:0115|207:0040:02B8:0364:0115|208:0040:02A8:0356:0110|209:0040:02B8:0363:0125
round4_castle,0xDC,3646,0x0002,0x0003,0x0000,0x01,0x0056,0x0000,0x0001,actor_2c8,5,0x10C408,0x01,0x93,0x00,0x00,0x02,0x00,0x00,0x013B,0x02D0,0x033E,0x00,0x40,0x00,190,10,190:4040:02A0:026B:013A|191:4040:02B0:026C:013A|192:4040:02D8:0341:013A|193:4040:02C8:033F:013A|194:4040:02B8:0365:013A|195:4040:02D8:0340:012A|196:4040:02C8:033E:012A|197:4040:02B8:0364:012A|198:4040:02A8:0356:012F|199:4040:02B8:0363:011A
round4_castle,0xDC,3646,0x0002,0x0003,0x0000,0x01,0x0056,0x0000,0x0001,actor_2c8,6,0x10C448,0x01,0x93,0x01,0x00,0x01,0x00,0x00,0x0117,0x02D0,0x033E,0x00,0x40,0x03,200,10,200:0040:02A0:0334:0107|201:0040:02B0:0335:0107|202:0040:02D8:0341:0107|203:0040:02C8:033F:0107|204:0040:02B8:0365:0107|205:0040:02D8:0340:0117|206:0040:02C8:033E:0117|207:0040:02B8:0364:0117|208:0040:02A8:0356:0112|209:0040:02B8:0363:0127
round4_castle,0xDC,3648,0x0002,0x0003,0x0000,0x01,0x0056,0x0000,0x0001,actor_2c8,5,0x10C408,0x01,0x93,0x00,0x00,0x02,0x00,0x00,0x0139,0x02D0,0x033E,0x00,0x40,0x00,190,10,190:4040:02A0:026B:0138|191:4040:02B0:026C:0138|192:4040:02D8:0341:0138|193:4040:02C8:033F:0138|194:4040:02B8:0365:0138|195:4040:02D8:0340:0128|196:4040:02C8:033E:0128|197:4040:02B8:0364:0128|198:4040:02A8:0356:012D|199:4040:02B8:0363:0118
round4_castle,0xDC,3648,0x0002,0x0003,0x0000,0x01,0x0056,0x0000,0x0001,actor_2c8,6,0x10C448,0x01,0x93,0x01,0x00,0x01,0x00,0x00,0x0119,0x02D0,0x033E,0x00,0x40,0x03,200,10,200:0040:02A0:0334:0109|201:0040:02B0:0335:0109|202:0040:02D8:0341:0109|203:0040:02C8:033F:0109|204:0040:02B8:0365:0109|205:0040:02D8:0340:0119|206:0040:02C8:033E:0119|207:0040:02B8:0364:0119|208:0040:02A8:0356:0114|209:0040:02B8:0363:0129
round4_castle,0xDC,3650,0x0002,0x0003,0x0000,0x01,0x0056,0x0000,0x0001,actor_2c8,5,0x10C408,0x01,0x93,0x00,0x00,0x02,0x00,0x00,0x0137,0x02D0,0x033E,0x00,0x40,0x00,190,10,190:4040:02A0:026B:0136|191:4040:02B0:026C:0136|192:4040:02D8:0341:0136|193:4040:02C8:033F:0136|194:4040:02B8:0365:0136|195:4040:02D8:0340:0126|196:4040:02C8:033E:0126|197:4040:02B8:0364:0126|198:4040:02A8:0356:012B|199:4040:02B8:0363:0116
round4_castle,0xDC,3650,0x0002,0x0003,0x0000,0x01,0x0056,0x0000,0x0001,actor_2c8,6,0x10C448,0x01,0x93,0x01,0x00,0x01,0x00,0x00,0x011B,0x02D0,0x033E,0x00,0x40,0x03,200,10,200:0040:02A0:0334:010B|201:0040:02B0:0335:010B|202:0040:02D8:0341:010B|203:0040:02C8:033F:010B|204:0040:02B8:0365:010B|205:0040:02D8:0340:011B|206:0040:02C8:033E:011B|207:0040:02B8:0364:011B|208:0040:02A8:0356:0116|209:0040:02B8:0363:012B
round4_castle,0xDC,3652,0x0002,0x0003,0x0000,0x01,0x0056,0x0000,0x0001,actor_2c8,5,0x10C408,0x01,0x94,0x00,0x00,0x02,0x00,0x00,0x0135,0x02D0,0x033E,0x00,0x40,0x00,190,10,190:4040:02A0:026B:0136|191:4040:02B0:026C:0136|192:4040:02D8:0345:0136|193:4040:02C8:0343:0136|194:4040:02B8:0365:0136|195:4040:02D8:0344:0126|196:4040:02C8:0342:0126|197:4040:02B8:0364:0126|198:4040:02A8:0356:012B|199:4040:02B8:0363:0116
round4_castle,0xDC,3652,0x0002,0x0003,0x0000,0x01,0x0056,0x0000,0x0001,actor_2c8,6,0x10C448,0x01,0x94,0x01,0x00,0x01,0x00,0x00,0x011D,0x02D0,0x033E,0x00,0x40,0x03,200,10,200:0040:02A0:0334:010D|201:0040:02B0:0335:010D|202:0040:02D8:0345:010D|203:0040:02C8:0343:010D|204:0040:02B8:0365:010D|205:0040:02D8:0344:011D|206:0040:02C8:0342:011D|207:0040:02B8:0364:011D|208:0040:02A8:0356:0118|209:0040:02B8:0363:012D
round4_castle,0xDC,3654,0x0002,0x0003,0x0000,0x01,0x0056,0x0000,0x0001,actor_2c8,5,0x10C408,0x01,0x94,0x00,0x00,0x02,0x00,0x00,0x0133,0x02D0,0x033E,0x00,0x40,0x00,190,10,190:4040:02A0:026B:0134|191:4040:02B0:026C:0134|192:4040:02D8:0345:0134|193:4040:02C8:0343:0134|194:4040:02B8:0365:0134|195:4040:02D8:0344:0124|196:4040:02C8:0342:0124|197:4040:02B8:0364:0124|198:4040:02A8:0356:0129|199:4040:02B8:0363:0114
round4_castle,0xDC,3654,0x0002,0x0003,0x0000,0x01,0x0056,0x0000,0x0001,actor_2c8,6,0x10C448,0x01,0x94,0x01,0x00,0x01,0x00,0x00,0x011F,0x02D0,0x033E,0x00,0x40,0x03,200,10,200:0040:02A0:0334:010F|201:0040:02B0:0335:010F|202:0040:02D8:0345:010F|203:0040:02C8:0343:010F|204:0040:02B8:0365:010F|205:0040:02D8:0344:011F|206:0040:02C8:0342:011F|207:0040:02B8:0364:011F|208:0040:02A8:0356:011A|209:0040:02B8:0363:012F
round4_castle,0xDC,3656,0x0002,0x0003,0x0000,0x01,0x0056,0x0000,0x0001,actor_2c8,5,0x10C408,0x01,0x94,0x00,0x00,0x02,0x00,0x00,0x0131,0x02D0,0x033E,0x00,0x40,0x00,190,10,190:4040:02A0:026B:0132|191:4040:02B0:026C:0132|192:4040:02D8:0345:0132|193:4040:02C8:0343:0132|194:4040:02B8:0365:0132|195:4040:02D8:0344:0122|196:4040:02C8:0342:0122|197:4040:02B8:0364:0122|198:4040:02A8:0356:0127|199:4040:02B8:0363:0112
round4_castle,0xDC,3658,0x0002,0x0003,0x0000,0x01,0x0056,0x0000,0x0001,actor_2c8,5,0x10C408,0x01,0x94,0x00,0x00,0x02,0x00,0x00,0x012F,0x02D0,0x033E,0x00,0x40,0x00,190,10,190:4040:02A0:026B:0130|191:4040:02B0:026C:0130|192:4040:02D8:0345:0130|193:4040:02C8:0343:0130|194:4040:02B8:0365:0130|195:4040:02D8:0344:0120|196:4040:02C8:0342:0120|197:4040:02B8:0364:0120|198:4040:02A8:0356:0125|199:4040:02B8:0363:0110
round4_castle,0xDC,3658,0x0002,0x0003,0x0000,0x01,0x0056,0x0000,0x0001,actor_2c8,6,0x10C448,0x01,0x94,0x01,0x00,0x01,0x00,0x00,0x0123,0x02D0,0x033E,0x00,0x40,0x03,200,10,200:0040:02A0:0334:0111|201:0040:02B0:0335:0111|202:0040:02D8:0345:0111|203:0040:02C8:0343:0111|204:0040:02B8:0365:0111|205:0040:02D8:0344:0121|206:0040:02C8:0342:0121|207:0040:02B8:0364:0121|208:0040:02A8:0356:011C|209:0040:02B8:0363:0131
round4_castle,0xDC,3660,0x0002,0x0003,0x0000,0x01,0x0056,0x0000,0x0001,actor_2c8,4,0x10C3C8,0x01,0x95,0x01,0x00,0x01,0x00,0x00,0x0269,0x02D0,0x033E,0x00,0x40,0x03,180,10,180:0040:02A0:0334:0257|181:0040:02B0:0335:0257|182:0040:02B8:0357:0267|183:0040:02A8:0356:0262|184:0040:02B8:0358:0257|185:0040:02D8:0341:0257|186:0040:02C8:033F:0257|187:0040:02D8:0340:0267|188:0040:02C8:033E:0267
round4_castle,0xDC,3660,0x0002,0x0003,0x0000,0x01,0x0056,0x0000,0x0001,actor_2c8,5,0x10C408,0x01,0x95,0x00,0x00,0x02,0x00,0x00,0x012F,0x02D0,0x033E,0x00,0x40,0x00,190,10,190:4040:02A0:026B:012E|191:4040:02B0:026C:012E|192:4040:02D8:0349:012E|193:4040:02C8:0347:012E|194:4040:02B8:0365:012E|195:4040:02D8:0348:011E|196:4040:02C8:0346:011E|197:4040:02B8:0364:011E|198:4040:02A8:0356:0123|199:4040:02B8:0363:010E
round4_castle,0xDC,3660,0x0002,0x0003,0x0000,0x01,0x0056,0x0000,0x0001,actor_2c8,6,0x10C448,0x01,0x95,0x01,0x00,0x01,0x00,0x00,0x0125,0x02D0,0x033E,0x00,0x40,0x03,200,10,200:0040:02A0:0334:0113|201:0040:02B0:0335:0113|202:0040:02D8:0349:0113|203:0040:02C8:0347:0113|204:0040:02B8:0365:0113|205:0040:02D8:0348:0123|206:0040:02C8:0346:0123|207:0040:02B8:0364:0123|208:0040:02A8:0356:011E|209:0040:02B8:0363:0133
round4_castle,0xDC,3662,0x0002,0x0003,0x0000,0x01,0x0056,0x0000,0x0001,actor_2c8,4,0x10C3C8,0x01,0x95,0x01,0x00,0x01,0x00,0x00,0x026B,0x02D0,0x033E,0x00,0x40,0x03,180,10,180:0040:02A0:0334:0259|181:0040:02B0:0335:0259|182:0040:02D8:0349:0259|183:0040:02C8:0347:0259|184:0040:02B8:0365:0259|185:0040:02D8:0348:0269|186:0040:02C8:0346:0269|187:0040:02B8:0364:0269|188:0040:02A8:0356:0264|189:0040:02B8:0363:0279
round4_castle,0xDC,3662,0x0002,0x0003,0x0000,0x01,0x0056,0x0000,0x0001,actor_2c8,5,0x10C408,0x01,0x95,0x00,0x00,0x02,0x00,0x00,0x012D,0x02D0,0x033E,0x00,0x40,0x00,190,10,190:4040:02A0:026B:012C|191:4040:02B0:026C:012C|192:4040:02D8:0349:012C|193:4040:02C8:0347:012C|194:4040:02B8:0365:012C|195:4040:02D8:0348:011C|196:4040:02C8:0346:011C|197:4040:02B8:0364:011C|198:4040:02A8:0356:0121|199:4040:02B8:0363:010C
round4_castle,0xDC,3662,0x0002,0x0003,0x0000,0x01,0x0056,0x0000,0x0001,actor_2c8,6,0x10C448,0x01,0x95,0x01,0x00,0x01,0x00,0x00,0x0127,0x02D0,0x033E,0x00,0x40,0x03,200,10,200:0040:02A0:0334:0115|201:0040:02B0:0335:0115|202:0040:02D8:0349:0115|203:0040:02C8:0347:0115|204:0040:02B8:0365:0115|205:0040:02D8:0348:0125|206:0040:02C8:0346:0125|207:0040:02B8:0364:0125|208:0040:02A8:0356:0120|209:0040:02B8:0363:0135
round4_castle,0xDC,3664,0x0002,0x0003,0x0000,0x01,0x0056,0x0000,0x0001,actor_2c8,4,0x10C3C8,0x01,0x95,0x01,0x00,0x01,0x00,0x00,0x026D,0x02D0,0x033E,0x00,0x40,0x03,180,10,180:0040:02A0:0334:025B|181:0040:02B0:0335:025B|182:0040:02D8:0349:025B|183:0040:02C8:0347:025B|184:0040:02B8:0365:025B|185:0040:02D8:0348:026B|186:0040:02C8:0346:026B|187:0040:02B8:0364:026B|188:0040:02A8:0356:0266|189:0040:02B8:0363:027B
round4_castle,0xDC,3664,0x0002,0x0003,0x0000,0x01,0x0056,0x0000,0x0001,actor_2c8,5,0x10C408,0x01,0x95,0x00,0x00,0x02,0x00,0x00,0x012B,0x02D0,0x033E,0x00,0x40,0x00,190,10,190:4040:02A0:026B:012A|191:4040:02B0:026C:012A|192:4040:02D8:0349:012A|193:4040:02C8:0347:012A|194:4040:02B8:0365:012A|195:4040:02D8:0348:011A|196:4040:02C8:0346:011A|197:4040:02B8:0364:011A|198:4040:02A8:0356:011F|199:4040:02B8:0363:010A
round4_castle,0xDC,3666,0x0002,0x0003,0x0000,0x01,0x0056,0x0000,0x0001,actor_2c8,4,0x10C3C8,0x01,0x95,0x01,0x00,0x01,0x00,0x00,0x026F,0x02D0,0x033E,0x00,0x40,0x03,180,10,180:0040:02A0:0334:025D|181:0040:02B0:0335:025D|182:0040:02D8:0349:025D|183:0040:02C8:0347:025D|184:0040:02B8:0365:025D|185:0040:02D8:0348:026D|186:0040:02C8:0346:026D|187:0040:02B8:0364:026D|188:0040:02A8:0356:0268|189:0040:02B8:0363:027D
round4_castle,0xDC,3666,0x0002,0x0003,0x0000,0x01,0x0056,0x0000,0x0001,actor_2c8,5,0x10C408,0x01,0x95,0x00,0x00,0x02,0x00,0x00,0x0129,0x02D0,0x033E,0x00,0x40,0x00,190,10,190:4040:02A0:026B:0128|191:4040:02B0:026C:0128|192:4040:02D8:0349:0128|193:4040:02C8:0347:0128|194:4040:02B8:0365:0128|195:4040:02D8:0348:0118|196:4040:02C8:0346:0118|197:4040:02B8:0364:0118|198:4040:02A8:0356:011D|199:4040:02B8:0363:0108
round4_castle,0xDC,3666,0x0002,0x0003,0x0000,0x01,0x0056,0x0000,0x0001,actor_2c8,7,0x10C488,0x01,0x95,0x00,0x00,0x02,0x00,0x00,0x0117,0x02D0,0x033E,0x00,0x40,0x04,210,10,210:4040:02A0:03A2:0116|211:4040:02B0:03A3:0116|212:4040:02D8:0349:0116|213:4040:02C8:0347:0116|214:4040:02B8:0365:0116|215:4040:02D8:0348:0106|216:4040:02C8:0346:0106|217:4040:02B8:0364:0106|218:4040:02A8:0356:010B|219:4040:02B8:0363:00F6
round4_castle,0xDC,3668,0x0002,0x0003,0x0000,0x01,0x0056,0x0000,0x0001,actor_2c8,4,0x10C3C8,0x01,0x94,0x00,0x00,0x02,0x00,0x00,0x026F,0x02D0,0x033E,0x00,0x40,0x03,180,10,180:0040:02A0:0334:025F|181:0040:02B0:0335:025F|182:0040:02D8:0345:025F|183:0040:02C8:0343:025F|184:0040:02B8:0365:025F|185:0040:02D8:0344:026F|186:0040:02C8:0342:026F|187:0040:02B8:0364:026F|188:0040:02A8:0356:026A|189:0040:02B8:0363:027F
round4_castle,0xDC,3668,0x0002,0x0003,0x0000,0x01,0x0056,0x0000,0x0001,actor_2c8,5,0x10C408,0x01,0x94,0x00,0x00,0x02,0x00,0x00,0x0127,0x02D0,0x033E,0x00,0x40,0x00,190,10,190:4040:02A0:026B:0126|191:4040:02B0:026C:0126|192:4040:02D8:0345:0126|193:4040:02C8:0343:0126|194:4040:02B8:0365:0126|195:4040:02D8:0344:0116|196:4040:02C8:0342:0116|197:4040:02B8:0364:0116|198:4040:02A8:0356:011B|199:4040:02B8:0363:0106
round4_castle,0xDC,3668,0x0002,0x0003,0x0000,0x01,0x0056,0x0000,0x0001,actor_2c8,6,0x10C448,0x01,0x94,0x01,0x00,0x01,0x00,0x00,0x012B,0x02D0,0x033E,0x00,0x40,0x03,200,10,200:0040:02A0:0334:011B|201:0040:02B0:0335:011B|202:0040:02D8:0345:011B|203:0040:02C8:0343:011B|204:0040:02B8:0365:011B|205:0040:02D8:0344:012B|206:0040:02C8:0342:012B|207:0040:02B8:0364:012B|208:0040:02A8:0356:0126|209:0040:02B8:0363:013B
round4_castle,0xDC,3670,0x0002,0x0003,0x0000,0x01,0x0056,0x0000,0x0001,actor_2c8,4,0x10C3C8,0x01,0x94,0x00,0x00,0x02,0x00,0x00,0x026B,0x02D0,0x033E,0x01,0x40,0x03,180,10,180:0040:02A0:0334:025D|181:0040:02B0:0335:025D|182:0040:02D8:0345:025D|183:0040:02C8:0343:025D|184:0040:02B8:0365:025D|185:0040:02D8:0344:026D|186:0040:02C8:0342:026D|187:0040:02B8:0364:026D|188:0040:02A8:0356:0268|189:0040:02B8:0363:027D
round4_castle,0xDC,3670,0x0002,0x0003,0x0000,0x01,0x0056,0x0000,0x0001,actor_2c8,6,0x10C448,0x01,0x94,0x01,0x00,0x01,0x00,0x00,0x012D,0x02D0,0x033E,0x00,0x40,0x03,200,10,200:0040:02A0:0334:011D|201:0040:02B0:0335:011D|202:0040:02D8:0345:011D|203:0040:02C8:0343:011D|204:0040:02B8:0365:011D|205:0040:02D8:0344:012D|206:0040:02C8:0342:012D|207:0040:02B8:0364:012D|208:0040:02A8:0356:0128|209:0040:02B8:0363:013D
round4_castle,0xDC,3672,0x0002,0x0003,0x0000,0x01,0x0056,0x0000,0x0001,actor_2c8,4,0x10C3C8,0x01,0x94,0x00,0x00,0x02,0x00,0x00,0x0267,0x02D0,0x033E,0x01,0x40,0x03,180,10,180:0040:02A0:0334:0259|181:0040:02B0:0335:0259|182:0040:02D8:0345:0259|183:0040:02C8:0343:0259|184:0040:02B8:0365:0259|185:0040:02D8:0344:0269|186:0040:02C8:0342:0269|187:0040:02B8:0364:0269|188:0040:02A8:0356:0264|189:0040:02B8:0363:0279
round4_castle,0xDC,3672,0x0002,0x0003,0x0000,0x01,0x0056,0x0000,0x0001,actor_2c8,5,0x10C408,0x01,0x94,0x00,0x00,0x02,0x00,0x00,0x0123,0x02D0,0x033E,0x00,0x40,0x00,190,10,190:4040:02A0:026B:0124|191:4040:02B0:026C:0124|192:4040:02D8:0345:0124|193:4040:02C8:0343:0124|194:4040:02B8:0365:0124|195:4040:02D8:0344:0114|196:4040:02C8:0342:0114|197:4040:02B8:0364:0114|198:4040:02A8:0356:0119|199:4040:02B8:0363:0104
round4_castle,0xDC,3674,0x0002,0x0003,0x0000,0x01,0x0056,0x0000,0x0001,actor_2c8,5,0x10C408,0x01,0x94,0x00,0x00,0x02,0x00,0x00,0x0121,0x02D0,0x033E,0x00,0x40,0x00,190,10,190:4040:02A0:026B:0122|191:4040:02B0:026C:0122|192:4040:02D8:0345:0122|193:4040:02C8:0343:0122|194:4040:02B8:0365:0122|195:4040:02D8:0344:0112|196:4040:02C8:0342:0112|197:4040:02B8:0364:0112|198:4040:02A8:0356:0117|199:4040:02B8:0363:0102
round4_castle,0xDC,3674,0x0002,0x0003,0x0000,0x01,0x0056,0x0000,0x0001,actor_2c8,7,0x10C488,0x01,0x94,0x00,0x00,0x02,0x00,0x00,0x010F,0x02D0,0x033E,0x00,0x40,0x04,210,10,210:4040:02A0:03A2:0110|211:4040:02B0:03A3:0110|212:4040:02D8:0345:0110|213:4040:02C8:0343:0110|214:4040:02B8:0365:0110|215:4040:02D8:0344:0100|216:4040:02C8:0342:0100|217:4040:02B8:0364:0100|218:4040:02A8:0356:0105|219:4040:02B8:0363:00F0
round4_castle,0xDC,3676,0x0002,0x0003,0x0000,0x01,0x0056,0x0000,0x0001,actor_2c8,4,0x10C3C8,0x01,0x93,0x00,0x00,0x02,0x00,0x00,0x0261,0x02D0,0x033E,0x01,0x40,0x03,180,10,180:0040:02A0:0334:0253|181:0040:02B0:0335:0253|182:0040:02D8:0341:0253|183:0040:02C8:033F:0253|184:0040:02B8:0365:0253|185:0040:02D8:0340:0263|186:0040:02C8:033E:0263|187:0040:02B8:0364:0263|188:0040:02A8:0356:025E|189:0040:02B8:0363:0273
round4_castle,0xDC,3676,0x0002,0x0003,0x0000,0x01,0x0056,0x0000,0x0001,actor_2c8,5,0x10C408,0x01,0x93,0x00,0x00,0x02,0x00,0x00,0x011F,0x02D0,0x033E,0x00,0x40,0x00,190,10,190:4040:02A0:026B:0120|191:4040:02B0:026C:0120|192:4040:02D8:0341:0120|193:4040:02C8:033F:0120|194:4040:02B8:0365:0120|195:4040:02D8:0340:0110|196:4040:02C8:033E:0110|197:4040:02B8:0364:0110|198:4040:02A8:0356:0115|199:4040:02B8:0363:0100
round4_castle,0xDC,3676,0x0002,0x0003,0x0000,0x01,0x0056,0x0000,0x0001,actor_2c8,6,0x10C448,0x01,0x93,0x01,0x00,0x01,0x00,0x00,0x0133,0x02D0,0x033E,0x00,0x40,0x03,200,10,200:0040:02A0:0334:0121|201:0040:02B0:0335:0121|202:0040:02D8:0341:0121|203:0040:02C8:033F:0121|204:0040:02B8:0365:0121|205:0040:02D8:0340:0131|206:0040:02C8:033E:0131|207:0040:02B8:0364:0131|208:0040:02A8:0356:012C|209:0040:02B8:0363:0141
round4_castle,0xDC,3678,0x0002,0x0003,0x0000,0x01,0x0056,0x0000,0x0001,actor_2c8,4,0x10C3C8,0x01,0x93,0x00,0x00,0x02,0x00,0x00,0x025F,0x02D0,0x033E,0x01,0x40,0x03,180,10,180:0040:02A0:0334:024F|181:0040:02B0:0335:024F|182:0040:02D8:0341:024F|183:0040:02C8:033F:024F|184:0040:02B8:0365:024F|185:0040:02D8:0340:025F|186:0040:02C8:033E:025F|187:0040:02B8:0364:025F|188:0040:02A8:0356:025A|189:0040:02B8:0363:026F
round4_castle,0xDC,3678,0x0002,0x0003,0x0000,0x01,0x0056,0x0000,0x0001,actor_2c8,5,0x10C408,0x01,0x93,0x00,0x00,0x02,0x00,0x00,0x011F,0x02D0,0x033E,0x00,0x40,0x00,190,10,190:4040:02A0:026B:011E|191:4040:02B0:026C:011E|192:4040:02D8:0341:011E|193:4040:02C8:033F:011E|194:4040:02B8:0365:011E|195:4040:02D8:0340:010E|196:4040:02C8:033E:010E|197:4040:02B8:0364:010E|198:4040:02A8:0356:0113|199:4040:02B8:0363:00FE
round4_castle,0xDC,3680,0x0002,0x0003,0x0000,0x01,0x0056,0x0000,0x0001,actor_2c8,4,0x10C3C8,0x01,0x93,0x00,0x00,0x02,0x00,0x00,0x025B,0x02D0,0x033E,0x01,0x40,0x03,180,10,180:0040:02A0:0334:024D|181:0040:02B0:0335:024D|182:0040:02D8:0341:024D|183:0040:02C8:033F:024D|184:0040:02B8:0365:024D|185:0040:02D8:0340:025D|186:0040:02C8:033E:025D|187:0040:02B8:0364:025D|188:0040:02A8:0356:0258|189:0040:02B8:0363:026D
round4_castle,0xDC,3680,0x0002,0x0003,0x0000,0x01,0x0056,0x0000,0x0001,actor_2c8,5,0x10C408,0x01,0x93,0x00,0x00,0x02,0x00,0x00,0x011D,0x02D0,0x033E,0x00,0x40,0x00,190,10,190:4040:02A0:026B:011C|191:4040:02B0:026C:011C|192:4040:02D8:0341:011C|193:4040:02C8:033F:011C|194:4040:02B8:0365:011C|195:4040:02D8:0340:010C|196:4040:02C8:033E:010C|197:4040:02B8:0364:010C|198:4040:02A8:0356:0111|199:4040:02B8:0363:00FC
round4_castle,0xDC,3682,0x0002,0x0003,0x0000,0x01,0x0056,0x0000,0x0001,actor_2c8,4,0x10C3C8,0x01,0x93,0x00,0x00,0x02,0x00,0x00,0x0257,0x02D0,0x033E,0x01,0x40,0x03,180,10,180:0040:02A0:0334:0249|181:0040:02B0:0335:0249|182:0040:02D8:0341:0249|183:0040:02C8:033F:0249|184:0040:02B8:0365:0249|185:0040:02D8:0340:0259|186:0040:02C8:033E:0259|187:0040:02B8:0364:0259|188:0040:02A8:0356:0254|189:0040:02B8:0363:0269
round4_castle,0xDC,3682,0x0002,0x0003,0x0000,0x01,0x0056,0x0000,0x0001,actor_2c8,5,0x10C408,0x01,0x93,0x00,0x00,0x02,0x00,0x00,0x011B,0x02D0,0x033E,0x00,0x40,0x00,190,10,190:4040:02A0:026B:011A|191:4040:02B0:026C:011A|192:4040:02D8:0341:011A|193:4040:02C8:033F:011A|194:4040:02B8:0365:011A|195:4040:02D8:0340:010A|196:4040:02C8:033E:010A|197:4040:02B8:0364:010A|198:4040:02A8:0356:010F|199:4040:02B8:0363:00FA
round4_castle,0xDC,3682,0x0002,0x0003,0x0000,0x01,0x0056,0x0000,0x0001,actor_2c8,8,0x10C4C8,0x01,0x93,0x00,0x00,0x02,0x00,0x00,0x011D,0x02D0,0x033E,0x00,0x42,0x03,220,19,220:4042:02A0:0334:011E|221:4042:02B0:0335:011E|222:4042:02D8:0345:011E|223:4042:02C8:0343:011E|224:4042:02B8:0365:011E|225:4042:02D8:0344:010E|226:4042:02C8:0342:010E|227:4042:02B8:0364:010E|228:4042:02A8:0356:0113|229:4042:02B8:0363:00FE
round4_castle,0xDC,3684,0x0002,0x0003,0x0000,0x01,0x0056,0x0000,0x0001,actor_2c8,5,0x10C408,0x01,0x94,0x00,0x00,0x02,0x00,0x00,0x0119,0x02D0,0x033E,0x00,0x40,0x00,190,10,190:4040:02A0:026B:0118|191:4040:02B0:026C:0118|192:4040:02D8:0345:0118|193:4040:02C8:0343:0118|194:4040:02B8:0365:0118|195:4040:02D8:0344:0108|196:4040:02C8:0342:0108|197:4040:02B8:0364:0108|198:4040:02A8:0356:010D|199:4040:02B8:0363:00F8
round4_castle,0xDC,3684,0x0002,0x0003,0x0000,0x01,0x0056,0x0000,0x0001,actor_2c8,8,0x10C4C8,0x01,0x94,0x00,0x00,0x02,0x00,0x00,0x011B,0x02D0,0x033E,0x00,0x42,0x03,220,19,220:4042:02A0:0334:011C|221:4042:02B0:0335:011C|222:4042:02D8:0345:011C|223:4042:02C8:0343:011C|224:4042:02B8:0365:011C|225:4042:02D8:0344:010C|226:4042:02C8:0342:010C|227:4042:02B8:0364:010C|228:4042:02A8:0356:0111|229:4042:02B8:0363:00FC
round4_castle,0xDC,3686,0x0002,0x0003,0x0000,0x01,0x0056,0x0000,0x0001,actor_2c8,4,0x10C3C8,0x01,0x94,0x00,0x00,0x02,0x00,0x00,0x0251,0x02D0,0x033E,0x01,0x40,0x03,180,10,180:0040:02A0:0334:0243|181:0040:02B0:0335:0243|182:0040:02D8:0345:0243|183:0040:02C8:0343:0243|184:0040:02B8:0365:0243|185:0040:02D8:0344:0253|186:0040:02C8:0342:0253|187:0040:02B8:0364:0253|188:0040:02A8:0356:024E|189:0040:02B8:0363:0263
round4_castle,0xDC,3686,0x0002,0x0003,0x0000,0x01,0x0056,0x0000,0x0001,actor_2c8,5,0x10C408,0x01,0x94,0x00,0x00,0x02,0x00,0x00,0x0117,0x02D0,0x033E,0x00,0x40,0x00,190,10,190:4040:02A0:026B:0116|191:4040:02B0:026C:0116|192:4040:02D8:0345:0116|193:4040:02C8:0343:0116|194:4040:02B8:0365:0116|195:4040:02D8:0344:0106|196:4040:02C8:0342:0106|197:4040:02B8:0364:0106|198:4040:02A8:0356:010B|199:4040:02B8:0363:00F6
round4_castle,0xDC,3686,0x0002,0x0003,0x0000,0x01,0x0056,0x0000,0x0001,actor_2c8,6,0x10C448,0x01,0x94,0x01,0x00,0x01,0x00,0x00,0x013B,0x02D0,0x033E,0x00,0x40,0x03,200,10,200:0040:02A0:0334:012B|201:0040:02B0:0335:012B|202:0040:02D8:0345:012B|203:0040:02C8:0343:012B|204:0040:02B8:0365:012B|205:0040:02D8:0344:013B|206:0040:02C8:0342:013B|207:0040:02B8:0364:013B|208:0040:02A8:0356:0136|209:0040:02B8:0363:014B
round4_castle,0xDC,3686,0x0002,0x0003,0x0000,0x01,0x0056,0x0000,0x0001,actor_2c8,8,0x10C4C8,0x01,0x94,0x00,0x00,0x02,0x00,0x00,0x0119,0x02D0,0x033E,0x00,0x42,0x03,220,19,220:4042:02A0:0334:011A|221:4042:02B0:0335:011A|222:4042:02D8:0345:011A|223:4042:02C8:0343:011A|224:4042:02B8:0365:011A|225:4042:02D8:0344:010A|226:4042:02C8:0342:010A|227:4042:02B8:0364:010A|228:4042:02A8:0356:010F|229:4042:02B8:0363:00FA
round4_castle,0xDC,3688,0x0002,0x0003,0x0000,0x01,0x0056,0x0000,0x0001,actor_2c8,4,0x10C3C8,0x01,0x94,0x00,0x00,0x02,0x00,0x00,0x024F,0x02D0,0x033E,0x01,0x40,0x03,180,10,180:0040:02A0:0334:023F|181:0040:02B0:0335:023F|182:0040:02D8:0345:023F|183:0040:02C8:0343:023F|184:0040:02B8:0365:023F|185:0040:02D8:0344:024F|186:0040:02C8:0342:024F|187:0040:02B8:0364:024F|188:0040:02A8:0356:024A|189:0040:02B8:0363:025F
round4_castle,0xDC,3688,0x0002,0x0003,0x0000,0x01,0x0056,0x0000,0x0001,actor_2c8,8,0x10C4C8,0x01,0x94,0x00,0x00,0x02,0x00,0x00,0x0117,0x02D0,0x033E,0x00,0x42,0x03,220,19,220:4042:02A0:0334:0118|221:4042:02B0:0335:0118|222:4042:02D8:0345:0118|223:4042:02C8:0343:0118|224:4042:02B8:0365:0118|225:4042:02D8:0344:0108|226:4042:02C8:0342:0108|227:4042:02B8:0364:0108|228:4042:02A8:0356:010D|229:4042:02B8:0363:00F8
round4_castle,0xDC,3690,0x0002,0x0003,0x0000,0x01,0x0056,0x0000,0x0001,actor_2c8,5,0x10C408,0x01,0x94,0x00,0x00,0x02,0x00,0x00,0x0113,0x02D0,0x033E,0x00,0x40,0x00,190,10,190:4040:02A0:026B:0114|191:4040:02B0:026C:0114|192:4040:02D8:0345:0114|193:4040:02C8:0343:0114|194:4040:02B8:0365:0114|195:4040:02D8:0344:0104|196:4040:02C8:0342:0104|197:4040:02B8:0364:0104|198:4040:02A8:0356:0109|199:4040:02B8:0363:00F4
round4_castle,0xDC,3690,0x0002,0x0003,0x0000,0x01,0x0056,0x0000,0x0001,actor_2c8,8,0x10C4C8,0x01,0x94,0x00,0x00,0x02,0x00,0x00,0x0117,0x02D0,0x033E,0x00,0x42,0x03,220,19,220:4042:02A0:0334:0116|221:4042:02B0:0335:0116|222:4042:02D8:0345:0116|223:4042:02C8:0343:0116|224:4042:02B8:0365:0116|225:4042:02D8:0344:0106|226:4042:02C8:0342:0106|227:4042:02B8:0364:0106|228:4042:02A8:0356:010B|229:4042:02B8:0363:00F6
round4_castle,0xDC,3692,0x0002,0x0003,0x0000,0x01,0x0056,0x0000,0x0001,actor_2c8,4,0x10C3C8,0x01,0x95,0x00,0x00,0x02,0x00,0x00,0x0247,0x02D0,0x033E,0x01,0x40,0x03,180,10,180:0040:02A0:0334:0239|181:0040:02B0:0335:0239|182:0040:02D8:0349:0239|183:0040:02C8:0347:0239|184:0040:02B8:0365:0239|185:0040:02D8:0348:0249|186:0040:02C8:0346:0249|187:0040:02B8:0364:0249|188:0040:02A8:0356:0244|189:0040:02B8:0363:0259
round4_castle,0xDC,3692,0x0002,0x0003,0x0000,0x01,0x0056,0x0000,0x0001,actor_2c8,5,0x10C408,0x01,0x95,0x00,0x00,0x02,0x00,0x00,0x0111,0x02D0,0x033E,0x00,0x40,0x00,190,10,190:4040:02A0:026B:0112|191:4040:02B0:026C:0112|192:4040:02D8:0349:0112|193:4040:02C8:0347:0112|194:4040:02B8:0365:0112|195:4040:02D8:0348:0102|196:4040:02C8:0346:0102|197:4040:02B8:0364:0102|198:4040:02A8:0356:0107|199:4040:02B8:0363:00F2
round4_castle,0xDC,3692,0x0002,0x0003,0x0000,0x01,0x0056,0x0000,0x0001,actor_2c8,6,0x10C448,0x01,0x95,0x01,0x00,0x01,0x00,0x00,0x0141,0x02D0,0x033E,0x00,0x40,0x03,200,10,200:0040:02A0:0334:012F|201:0040:02B0:0335:012F|202:0040:02D8:0349:012F|203:0040:02C8:0347:012F|204:0040:02B8:0365:012F|205:0040:02D8:0348:013F|206:0040:02C8:0346:013F|207:0040:02B8:0364:013F|208:0040:02A8:0356:013A|209:0040:02B8:0363:014F
round4_castle,0xDC,3692,0x0002,0x0003,0x0000,0x01,0x0056,0x0000,0x0001,actor_2c8,8,0x10C4C8,0x01,0x95,0x00,0x00,0x02,0x00,0x00,0x0115,0x02D0,0x033E,0x00,0x42,0x03,220,19,220:4042:02A0:0334:0114|221:4042:02B0:0335:0114|222:4042:02D8:0349:0114|223:4042:02C8:0347:0114|224:4042:02B8:0365:0114|225:4042:02D8:0348:0104|226:4042:02C8:0346:0104|227:4042:02B8:0364:0104|228:4042:02A8:0356:0109|229:4042:02B8:0363:00F4
round4_castle,0xDC,3694,0x0002,0x0003,0x0000,0x01,0x0056,0x0000,0x0001,actor_2c8,4,0x10C3C8,0x01,0x95,0x00,0x00,0x02,0x00,0x00,0x0245,0x02D0,0x033E,0x01,0x40,0x03,180,10,180:0040:02A0:0334:0237|181:0040:02B0:0335:0237|182:0040:02D8:0349:0237|183:0040:02C8:0347:0237|184:0040:02B8:0365:0237|185:0040:02D8:0348:0247|186:0040:02C8:0346:0247|187:0040:02B8:0364:0247|188:0040:02A8:0356:0242|189:0040:02B8:0363:0257
round4_castle,0xDC,3694,0x0002,0x0003,0x0000,0x01,0x0056,0x0000,0x0001,actor_2c8,5,0x10C408,0x01,0x95,0x00,0x00,0x02,0x00,0x00,0x010F,0x02D0,0x033E,0x00,0x40,0x00,190,10,190:4040:02A0:026B:0110|191:4040:02B0:026C:0110|192:4040:02D8:0349:0110|193:4040:02C8:0347:0110|194:4040:02B8:0365:0110|195:4040:02D8:0348:0100|196:4040:02C8:0346:0100|197:4040:02B8:0364:0100|198:4040:02A8:0356:0105|199:4040:02B8:0363:00F0
round4_castle,0xDC,3694,0x0002,0x0003,0x0000,0x01,0x0056,0x0000,0x0001,actor_2c8,6,0x10C448,0x01,0x95,0x01,0x00,0x01,0x00,0x00,0x0143,0x02D0,0x033E,0x00,0x40,0x03,200,10,200:0040:02A0:0334:0131|201:0040:02B0:0335:0131|202:0040:02D8:0349:0131|203:0040:02C8:0347:0131|204:0040:02B8:0365:0131|205:0040:02D8:0348:0141|206:0040:02C8:0346:0141|207:0040:02B8:0364:0141|208:0040:02A8:0356:013C|209:0040:02B8:0363:0151
round4_castle,0xDC,3694,0x0002,0x0003,0x0000,0x01,0x0056,0x0000,0x0001,actor_2c8,8,0x10C4C8,0x01,0x95,0x00,0x00,0x02,0x00,0x00,0x0113,0x02D0,0x033E,0x00,0x42,0x03,220,19,220:4042:02A0:0334:0112|221:4042:02B0:0335:0112|222:4042:02D8:0349:0112|223:4042:02C8:0347:0112|224:4042:02B8:0365:0112|225:4042:02D8:0348:0102|226:4042:02C8:0346:0102|227:4042:02B8:0364:0102|228:4042:02A8:0356:0107|229:4042:02B8:0363:00F2
round4_castle,0xDC,3696,0x0002,0x0003,0x0000,0x01,0x0056,0x0000,0x0001,actor_2c8,5,0x10C408,0x01,0x95,0x00,0x00,0x02,0x00,0x00,0x010F,0x02D0,0x033E,0x00,0x40,0x00,190,10,190:4040:02A0:026B:010E|191:4040:02B0:026C:010E|192:4040:02D8:0349:010E|193:4040:02C8:0347:010E|194:4040:02B8:0365:010E|195:4040:02D8:0348:00FE|196:4040:02C8:0346:00FE|197:4040:02B8:0364:00FE|198:4040:02A8:0356:0103|199:4040:02B8:0363:00EE
round4_castle,0xDC,3696,0x0002,0x0003,0x0000,0x01,0x0056,0x0000,0x0001,actor_2c8,6,0x10C448,0x01,0x95,0x01,0x00,0x01,0x00,0x00,0x0145,0x02D0,0x033E,0x00,0x40,0x03,200,10,200:0040:02A0:0334:0133|201:0040:02B0:0335:0133|202:0040:02D8:0349:0133|203:0040:02C8:0347:0133|204:0040:02B8:0365:0133|205:0040:02D8:0348:0143|206:0040:02C8:0346:0143|207:0040:02B8:0364:0143|208:0040:02A8:0356:013E|209:0040:02B8:0363:0153
round4_castle,0xDC,3696,0x0002,0x0003,0x0000,0x01,0x0056,0x0000,0x0001,actor_2c8,8,0x10C4C8,0x01,0x95,0x00,0x00,0x02,0x00,0x00,0x0111,0x02D0,0x033E,0x00,0x42,0x03,220,19,220:4042:02A0:0334:0110|221:4042:02B0:0335:0110|222:4042:02D8:0349:0110|223:4042:02C8:0347:0110|224:4042:02B8:0365:0110|225:4042:02D8:0348:0100|226:4042:02C8:0346:0100|227:4042:02B8:0364:0100|228:4042:02A8:0356:0105|229:4042:02B8:0363:00F0
round4_castle,0xDC,3698,0x0002,0x0003,0x0000,0x01,0x0056,0x0000,0x0001,actor_2c8,5,0x10C408,0x01,0x95,0x00,0x00,0x02,0x00,0x00,0x010D,0x02D0,0x033E,0x00,0x40,0x00,190,10,190:4040:02A0:026B:010C|191:4040:02B0:026C:010C|192:4040:02D8:0349:010C|193:4040:02C8:0347:010C|194:4040:02B8:0365:010C|195:4040:02D8:0348:00FC|196:4040:02C8:0346:00FC|197:4040:02B8:0364:00FC|198:4040:02A8:0356:0101|199:4040:02B8:0363:00EC
round4_castle,0xDC,3698,0x0002,0x0003,0x0000,0x01,0x0056,0x0000,0x0001,actor_2c8,8,0x10C4C8,0x01,0x95,0x00,0x00,0x02,0x00,0x00,0x010F,0x02D0,0x033E,0x00,0x42,0x03,220,19,220:4042:02A0:0334:010E|221:4042:02B0:0335:010E|222:4042:02D8:0349:010E|223:4042:02C8:0347:010E|224:4042:02B8:0365:010E|225:4042:02D8:0348:00FE|226:4042:02C8:0346:00FE|227:4042:02B8:0364:00FE|228:4042:02A8:0356:0103|229:4042:02B8:0363:00EE
round4_castle,0xDC,3700,0x0002,0x0003,0x0000,0x01,0x0056,0x0000,0x0001,actor_2c8,5,0x10C408,0x01,0x94,0x00,0x00,0x02,0x00,0x00,0x010B,0x02D0,0x033E,0x00,0x40,0x00,190,10,190:4040:02A0:026B:010A|191:4040:02B0:026C:010A|192:4040:02D8:0345:010A|193:4040:02C8:0343:010A|194:4040:02B8:0365:010A|195:4040:02D8:0344:00FA|196:4040:02C8:0342:00FA|197:4040:02B8:0364:00FA|198:4040:02A8:0356:00FF|199:4040:02B8:0363:00EA
round4_castle,0xDC,3700,0x0002,0x0003,0x0000,0x01,0x0056,0x0000,0x0001,actor_2c8,6,0x10C448,0x01,0x94,0x01,0x00,0x01,0x00,0x00,0x0147,0x02D0,0x033E,0x00,0x40,0x03,200,10,200:0040:02A0:0334:0137|201:0040:02B0:0335:0137|202:0040:02D8:0345:0137|203:0040:02C8:0343:0137|204:0040:02B8:0365:0137|205:0040:02D8:0344:0147|206:0040:02C8:0342:0147|207:0040:02B8:0364:0147|208:0040:02A8:0356:0142|209:0040:02B8:0363:0157
round4_castle,0xDC,3702,0x0002,0x0003,0x0000,0x01,0x0056,0x0000,0x0001,actor_2c8,5,0x10C408,0x01,0x94,0x00,0x00,0x02,0x00,0x00,0x0109,0x02D0,0x033E,0x00,0x40,0x00,190,10,190:4040:02A0:026B:0108|191:4040:02B0:026C:0108|192:4040:02D8:0345:0108|193:4040:02C8:0343:0108|194:4040:02B8:0365:0108|195:4040:02D8:0344:00F8|196:4040:02C8:0342:00F8|197:4040:02B8:0364:00F8|198:4040:02A8:0356:00FD|199:4040:02B8:0363:00E8
round4_castle,0xDC,3702,0x0002,0x0003,0x0000,0x01,0x0056,0x0000,0x0001,actor_2c8,6,0x10C448,0x01,0x94,0x01,0x00,0x01,0x00,0x00,0x0149,0x02D0,0x033E,0x00,0x40,0x03,200,10,200:0040:02A0:0334:0139|201:0040:02B0:0335:0139|202:0040:02D8:0345:0139|203:0040:02C8:0343:0139|204:0040:02B8:0365:0139|205:0040:02D8:0344:0149|206:0040:02C8:0342:0149|207:0040:02B8:0364:0149|208:0040:02A8:0356:0144|209:0040:02B8:0363:0159
round4_castle,0xDC,3702,0x0002,0x0003,0x0000,0x01,0x0056,0x0000,0x0001,actor_2c8,8,0x10C4C8,0x01,0x94,0x00,0x00,0x02,0x00,0x00,0x010B,0x02D0,0x033E,0x00,0x42,0x03,220,19,220:4042:02A0:0334:010C|221:4042:02B0:0335:010C|222:4042:02D8:0345:010C|223:4042:02C8:0343:010C|224:4042:02B8:0365:010C|225:4042:02D8:0344:00FC|226:4042:02C8:0342:00FC|227:4042:02B8:0364:00FC|228:4042:02A8:0356:0101|229:4042:02B8:0363:00EC
round4_castle,0xDC,3704,0x0002,0x0003,0x0000,0x01,0x0056,0x0000,0x0001,actor_2c8,4,0x10C3C8,0x01,0x94,0x00,0x00,0x02,0x00,0x00,0x0235,0x02D0,0x033E,0x00,0x40,0x03,180,10,180:4040:02A0:0334:0236|181:4040:02B0:0335:0236|182:4040:02D8:0345:0236|183:4040:02C8:0343:0236|184:4040:02B8:0365:0236|185:4040:02D8:0344:0226|186:4040:02C8:0342:0226|187:4040:02B8:0364:0226|188:4040:02A8:0356:022B|189:4040:02B8:0363:0216
round4_castle,0xDC,3704,0x0002,0x0003,0x0000,0x01,0x0056,0x0000,0x0001,actor_2c8,5,0x10C408,0x01,0x94,0x00,0x00,0x02,0x00,0x00,0x0107,0x02D0,0x033E,0x00,0x40,0x00,190,10,190:4040:02A0:026B:0106|191:4040:02B0:026C:0106|192:4040:02D8:0345:0106|193:4040:02C8:0343:0106|194:4040:02B8:0365:0106|195:4040:02D8:0344:00F6|196:4040:02C8:0342:00F6|197:4040:02B8:0364:00F6|198:4040:02A8:0356:00FB|199:4040:02B8:0363:00E6
round4_castle,0xDC,3704,0x0002,0x0003,0x0000,0x01,0x0056,0x0000,0x0001,actor_2c8,6,0x10C448,0x01,0x94,0x01,0x00,0x01,0x00,0x00,0x014B,0x02D0,0x033E,0x00,0x40,0x03,200,10,200:0040:02A0:0334:013B|201:0040:02B0:0335:013B|202:0040:02D8:0345:013B|203:0040:02C8:0343:013B|204:0040:02B8:0365:013B|205:0040:02D8:0344:014B|206:0040:02C8:0342:014B|207:0040:02B8:0364:014B|208:0040:02A8:0356:0146|209:0040:02B8:0363:015B
round4_castle,0xDC,3704,0x0002,0x0003,0x0000,0x01,0x0056,0x0000,0x0001,actor_2c8,8,0x10C4C8,0x01,0x94,0x00,0x00,0x02,0x00,0x00,0x0109,0x02D0,0x033E,0x00,0x42,0x03,220,19,220:4042:02A0:0334:010A|221:4042:02B0:0335:010A|222:4042:02D8:0345:010A|223:4042:02C8:0343:010A|224:4042:02B8:0365:010A|225:4042:02D8:0344:00FA|226:4042:02C8:0342:00FA|227:4042:02B8:0364:00FA|228:4042:02A8:0356:00FF|229:4042:02B8:0363:00EA
round4_castle,0xDC,3706,0x0002,0x0003,0x0000,0x01,0x0056,0x0000,0x0001,actor_2c8,4,0x10C3C8,0x01,0x94,0x00,0x00,0x02,0x00,0x00,0x0233,0x02D0,0x033E,0x00,0x40,0x03,180,10,180:4040:02A0:0334:0234|181:4040:02B0:0335:0234|182:4040:02D8:0345:0234|183:4040:02C8:0343:0234|184:4040:02B8:0365:0234|185:4040:02D8:0344:0224|186:4040:02C8:0342:0224|187:4040:02B8:0364:0224|188:4040:02A8:0356:0229|189:4040:02B8:0363:0214
round4_castle,0xDC,3706,0x0002,0x0003,0x0000,0x01,0x0056,0x0000,0x0001,actor_2c8,6,0x10C448,0x01,0x94,0x01,0x00,0x01,0x00,0x00,0x014D,0x02D0,0x033E,0x00,0x40,0x03,200,10,200:0040:02A0:0334:013D|201:0040:02B0:0335:013D|202:0040:02D8:0345:013D|203:0040:02C8:0343:013D|204:0040:02B8:0365:013D|205:0040:02D8:0344:014D|206:0040:02C8:0342:014D|207:0040:02B8:0364:014D|208:0040:02A8:0356:0148|209:0040:02B8:0363:015D
round4_castle,0xDC,3706,0x0002,0x0003,0x0000,0x01,0x0056,0x0000,0x0001,actor_2c8,7,0x10C488,0x01,0x94,0x01,0x00,0x01,0x00,0x00,0x010B,0x02D0,0x033E,0x00,0x40,0x04,210,10,210:0040:02A0:03A2:00F9|211:0040:02B0:03A3:00F9|212:0040:02D8:0345:00F9|213:0040:02C8:0343:00F9|214:0040:02B8:0365:00F9|215:0040:02D8:0344:0109|216:0040:02C8:0342:0109|217:0040:02B8:0364:0109|218:0040:02A8:0356:0104|219:0040:02B8:0363:0119
round4_castle,0xDC,3706,0x0002,0x0003,0x0000,0x01,0x0056,0x0000,0x0001,actor_2c8,8,0x10C4C8,0x01,0x94,0x00,0x00,0x02,0x00,0x00,0x0107,0x02D0,0x033E,0x00,0x42,0x03,220,19,220:4042:02A0:0334:0108|221:4042:02B0:0335:0108|222:4042:02D8:0345:0108|223:4042:02C8:0343:0108|224:4042:02B8:0365:0108|225:4042:02D8:0344:00F8|226:4042:02C8:0342:00F8|227:4042:02B8:0364:00F8|228:4042:02A8:0356:00FD|229:4042:02B8:0363:00E8
round4_castle,0xDC,3708,0x0002,0x0003,0x0000,0x01,0x0056,0x0000,0x0001,actor_2c8,4,0x10C3C8,0x01,0x93,0x00,0x00,0x02,0x00,0x00,0x0231,0x02D0,0x033E,0x00,0x40,0x03,180,10,180:4040:02A0:0334:0232|181:4040:02B0:0335:0232|182:4040:02D8:0341:0232|183:4040:02C8:033F:0232|184:4040:02B8:0365:0232|185:4040:02D8:0340:0222|186:4040:02C8:033E:0222|187:4040:02B8:0364:0222|188:4040:02A8:0356:0227|189:4040:02B8:0363:0212
round4_castle,0xDC,3708,0x0002,0x0003,0x0000,0x01,0x0056,0x0000,0x0001,actor_2c8,5,0x10C408,0x01,0x93,0x00,0x00,0x02,0x00,0x00,0x0103,0x02D0,0x033E,0x00,0x40,0x00,190,10,190:4040:02A0:026B:0104|191:4040:02B0:026C:0104|192:4040:02D8:0341:0104|193:4040:02C8:033F:0104|194:4040:02B8:0365:0104|195:4040:02D8:0340:00F4|196:4040:02C8:033E:00F4|197:4040:02B8:0364:00F4|198:4040:02A8:0356:00F9|199:4040:02B8:0363:00E4
round4_castle,0xDC,3708,0x0002,0x0003,0x0000,0x01,0x0056,0x0000,0x0001,actor_2c8,6,0x10C448,0x01,0x93,0x01,0x00,0x01,0x00,0x00,0x014F,0x02D0,0x033E,0x00,0x40,0x03,200,10,200:0040:02A0:0334:013F|201:0040:02B0:0335:013F|202:0040:02D8:0341:013F|203:0040:02C8:033F:013F|204:0040:02B8:0365:013F|205:0040:02D8:0340:014F|206:0040:02C8:033E:014F|207:0040:02B8:0364:014F|208:0040:02A8:0356:014A|209:0040:02B8:0363:015F
round4_castle,0xDC,3708,0x0002,0x0003,0x0000,0x01,0x0056,0x0000,0x0001,actor_2c8,8,0x10C4C8,0x01,0x93,0x00,0x00,0x02,0x00,0x00,0x0107,0x02D0,0x033E,0x00,0x42,0x03,220,19,220:4042:02A0:0334:0106|221:4042:02B0:0335:0106|222:4042:02D8:0341:0106|223:4042:02C8:033F:0106|224:4042:02B8:0365:0106|225:4042:02D8:0340:00F6|226:4042:02C8:033E:00F6|227:4042:02B8:0364:00F6|228:4042:02A8:0356:00FB|229:4042:02B8:0363:00E6
round4_castle,0xDC,3710,0x0002,0x0003,0x0000,0x01,0x0056,0x0000,0x0001,actor_2c8,4,0x10C3C8,0x01,0x93,0x00,0x00,0x02,0x00,0x00,0x022F,0x02D0,0x033E,0x00,0x40,0x03,180,10,180:4040:02A0:0334:0230|181:4040:02B0:0335:0230|182:4040:02D8:0341:0230|183:4040:02C8:033F:0230|184:4040:02B8:0365:0230|185:4040:02D8:0340:0220|186:4040:02C8:033E:0220|187:4040:02B8:0364:0220|188:4040:02A8:0356:0225|189:4040:02B8:0363:0210
round4_castle,0xDC,3710,0x0002,0x0003,0x0000,0x01,0x0056,0x0000,0x0001,actor_2c8,5,0x10C408,0x01,0x93,0x00,0x00,0x02,0x00,0x00,0x0101,0x02D0,0x033E,0x00,0x40,0x00,190,10,190:4040:02A0:026B:0102|191:4040:02B0:026C:0102|192:4040:02D8:0341:0102|193:4040:02C8:033F:0102|194:4040:02B8:0365:0102|195:4040:02D8:0340:00F2|196:4040:02C8:033E:00F2|197:4040:02B8:0364:00F2|198:4040:02A8:0356:00F7|199:4040:02B8:0363:00E2
round4_castle,0xDC,3710,0x0002,0x0003,0x0000,0x01,0x0056,0x0000,0x0001,actor_2c8,8,0x10C4C8,0x01,0x93,0x00,0x00,0x02,0x00,0x00,0x0105,0x02D0,0x033E,0x00,0x42,0x03,220,19,220:4042:02A0:0334:0104|221:4042:02B0:0335:0104|222:4042:02D8:0341:0104|223:4042:02C8:033F:0104|224:4042:02B8:0365:0104|225:4042:02D8:0340:00F4|226:4042:02C8:033E:00F4|227:4042:02B8:0364:00F4|228:4042:02A8:0356:00F9|229:4042:02B8:0363:00E4
round4_castle,0xDC,3712,0x0002,0x0003,0x0000,0x01,0x0056,0x0000,0x0001,actor_2c8,4,0x10C3C8,0x01,0x93,0x00,0x00,0x02,0x00,0x00,0x022F,0x02D0,0x033E,0x00,0x40,0x03,180,10,180:4040:02A0:0334:022E|181:4040:02B0:0335:022E|182:4040:02D8:0341:022E|183:4040:02C8:033F:022E|184:4040:02B8:0365:022E|185:4040:02D8:0340:021E|186:4040:02C8:033E:021E|187:4040:02B8:0364:021E|188:4040:02A8:0356:0223|189:4040:02B8:0363:020E
round4_castle,0xDC,3712,0x0002,0x0003,0x0000,0x01,0x0056,0x0000,0x0001,actor_2c8,5,0x10C408,0x01,0x93,0x00,0x00,0x02,0x00,0x00,0x00FF,0x02D0,0x033E,0x00,0x40,0x00,190,10,190:4040:02A0:026B:0100|191:4040:02B0:026C:0100|192:4040:02D8:0341:0100|193:4040:02C8:033F:0100|194:4040:02B8:0365:0100|195:4040:02D8:0340:00F0|196:4040:02C8:033E:00F0|197:4040:02B8:0364:00F0|198:4040:02A8:0356:00F5|199:4040:02B8:0363:00E0
round4_castle,0xDC,3712,0x0002,0x0003,0x0000,0x01,0x0056,0x0000,0x0001,actor_2c8,6,0x10C448,0x01,0x93,0x01,0x00,0x01,0x00,0x00,0x0153,0x02D0,0x033E,0x00,0x40,0x03,200,10,200:0040:02A0:0334:0141|201:0040:02B0:0335:0141|202:0040:02D8:0341:0141|203:0040:02C8:033F:0141|204:0040:02B8:0365:0141|205:0040:02D8:0340:0151|206:0040:02C8:033E:0151|207:0040:02B8:0364:0151|208:0040:02A8:0356:014C|209:0040:02B8:0363:0161
round4_castle,0xDC,3712,0x0002,0x0003,0x0000,0x01,0x0056,0x0000,0x0001,actor_2c8,8,0x10C4C8,0x01,0x93,0x00,0x00,0x02,0x00,0x00,0x0103,0x02D0,0x033E,0x00,0x42,0x03,220,19,220:4042:02A0:0334:0102|221:4042:02B0:0335:0102|222:4042:02D8:0341:0102|223:4042:02C8:033F:0102|224:4042:02B8:0365:0102|225:4042:02D8:0340:00F2|226:4042:02C8:033E:00F2|227:4042:02B8:0364:00F2|228:4042:02A8:0356:00F7|229:4042:02B8:0363:00E2
round4_castle,0xDC,3714,0x0002,0x0003,0x0000,0x01,0x0056,0x0000,0x0001,actor_2c8,4,0x10C3C8,0x01,0x93,0x00,0x00,0x02,0x00,0x00,0x022D,0x02D0,0x033E,0x00,0x40,0x03,180,10,180:4040:02A0:0334:022C|181:4040:02B0:0335:022C|182:4040:02D8:0341:022C|183:4040:02C8:033F:022C|184:4040:02B8:0365:022C|185:4040:02D8:0340:021C|186:4040:02C8:033E:021C|187:4040:02B8:0364:021C|188:4040:02A8:0356:0221|189:4040:02B8:0363:020C
round4_castle,0xDC,3714,0x0002,0x0003,0x0000,0x01,0x0056,0x0000,0x0001,actor_2c8,5,0x10C408,0x01,0x93,0x00,0x00,0x02,0x00,0x00,0x00FF,0x02D0,0x033E,0x00,0x40,0x00,190,10,190:4040:02A0:026B:00FE|191:4040:02B0:026C:00FE|192:4040:02D8:0341:00FE|193:4040:02C8:033F:00FE|194:4040:02B8:0365:00FE|195:4040:02D8:0340:00EE|196:4040:02C8:033E:00EE|197:4040:02B8:0364:00EE|198:4040:02A8:0356:00F3|199:4040:02B8:0363:00DE
round4_castle,0xDC,3714,0x0002,0x0003,0x0000,0x01,0x0056,0x0000,0x0001,actor_2c8,6,0x10C448,0x01,0x93,0x01,0x00,0x01,0x00,0x00,0x0155,0x02D0,0x033E,0x00,0x40,0x03,200,10,200:0040:02A0:0334:0143|201:0040:02B0:0335:0143|202:0040:02D8:0341:0143|203:0040:02C8:033F:0143|204:0040:02B8:0365:0143|205:0040:02D8:0340:0153|206:0040:02C8:033E:0153|207:0040:02B8:0364:0153|208:0040:02A8:0356:014E|209:0040:02B8:0363:0163
round4_castle,0xDC,3714,0x0002,0x0003,0x0000,0x01,0x0056,0x0000,0x0001,actor_2c8,7,0x10C488,0x01,0x93,0x01,0x00,0x01,0x00,0x00,0x0111,0x02D0,0x033E,0x00,0x40,0x04,210,10,210:0040:02A0:03A2:0101|211:0040:02B0:03A3:0101|212:0040:02D8:0341:0101|213:0040:02C8:033F:0101|214:0040:02B8:0365:0101|215:0040:02D8:0340:0111|216:0040:02C8:033E:0111|217:0040:02B8:0364:0111|218:0040:02A8:0356:010C|219:0040:02B8:0363:0121
round4_castle,0xDC,3714,0x0002,0x0003,0x0000,0x01,0x0056,0x0000,0x0001,actor_2c8,8,0x10C4C8,0x01,0x93,0x00,0x00,0x02,0x00,0x00,0x0101,0x02D0,0x033E,0x00,0x42,0x03,220,19,220:4042:02A0:0334:0100|221:4042:02B0:0335:0100|222:4042:02D8:0341:0100|223:4042:02C8:033F:0100|224:4042:02B8:0365:0100|225:4042:02D8:0340:00F0|226:4042:02C8:033E:00F0|227:4042:02B8:0364:00F0|228:4042:02A8:0356:00F5|229:4042:02B8:0363:00E0
round4_castle,0xDC,3716,0x0002,0x0003,0x0000,0x01,0x0056,0x0000,0x0001,actor_2c8,4,0x10C3C8,0x01,0x94,0x00,0x00,0x02,0x00,0x00,0x022B,0x02D0,0x033E,0x00,0x40,0x03,180,10,180:4040:02A0:0334:022A|181:4040:02B0:0335:022A|182:4040:02D8:0345:022A|183:4040:02C8:0343:022A|184:4040:02B8:0365:022A|185:4040:02D8:0344:021A|186:4040:02C8:0342:021A|187:4040:02B8:0364:021A|188:4040:02A8:0356:021F|189:4040:02B8:0363:020A
round4_castle,0xDC,3716,0x0002,0x0003,0x0000,0x01,0x0056,0x0000,0x0001,actor_2c8,5,0x10C408,0x01,0x94,0x01,0x00,0x01,0x00,0x00,0x0101,0x02D0,0x033E,0x01,0x40,0x00,190,10,190:4040:02A0:026B:0100|191:4040:02B0:026C:0100|192:4040:02D8:0345:0100|193:4040:02C8:0343:0100|194:4040:02B8:0365:0100|195:4040:02D8:0344:00F0|196:4040:02C8:0342:00F0|197:4040:02B8:0364:00F0|198:4040:02A8:0356:00F5|199:4040:02B8:0363:00E0
round4_castle,0xDC,3716,0x0002,0x0003,0x0000,0x01,0x0056,0x0000,0x0001,actor_2c8,6,0x10C448,0x01,0x94,0x01,0x00,0x01,0x00,0x00,0x0157,0x02D0,0x033E,0x00,0x40,0x03,200,10,200:0040:02A0:0334:0145|201:0040:02B0:0335:0145|202:0040:02D8:0345:0145|203:0040:02C8:0343:0145|204:0040:02B8:0365:0145|205:0040:02D8:0344:0155|206:0040:02C8:0342:0155|207:0040:02B8:0364:0155|208:0040:02A8:0356:0150|209:0040:02B8:0363:0165
round4_castle,0xDC,3716,0x0002,0x0003,0x0000,0x01,0x0056,0x0000,0x0001,actor_2c8,8,0x10C4C8,0x01,0x94,0x00,0x00,0x02,0x00,0x00,0x00FF,0x02D0,0x033E,0x00,0x42,0x03,220,19,220:4042:02A0:0334:00FE|221:4042:02B0:0335:00FE|222:4042:02D8:0345:00FE|223:4042:02C8:0343:00FE|224:4042:02B8:0365:00FE|225:4042:02D8:0344:00EE|226:4042:02C8:0342:00EE|227:4042:02B8:0364:00EE|228:4042:02A8:0356:00F3|229:4042:02B8:0363:00DE
round4_castle,0xDC,3718,0x0002,0x0003,0x0000,0x01,0x0056,0x0000,0x0001,actor_2c8,4,0x10C3C8,0x01,0x94,0x00,0x00,0x02,0x00,0x00,0x0229,0x02D0,0x033E,0x00,0x40,0x03,180,10,180:4040:02A0:0334:0228|181:4040:02B0:0335:0228|182:4040:02D8:0345:0228|183:4040:02C8:0343:0228|184:4040:02B8:0365:0228|185:4040:02D8:0344:0218|186:4040:02C8:0342:0218|187:4040:02B8:0364:0218|188:4040:02A8:0356:021D|189:4040:02B8:0363:0208
round4_castle,0xDC,3718,0x0002,0x0003,0x0000,0x01,0x0056,0x0000,0x0001,actor_2c8,5,0x10C408,0x01,0x94,0x01,0x00,0x01,0x00,0x00,0x0103,0x02D0,0x033E,0x01,0x40,0x00,190,10,190:4040:02A0:026B:0102|191:4040:02B0:026C:0102|192:4040:02D8:0345:0102|193:4040:02C8:0343:0102|194:4040:02B8:0365:0102|195:4040:02D8:0344:00F2|196:4040:02C8:0342:00F2|197:4040:02B8:0364:00F2|198:4040:02A8:0356:00F7|199:4040:02B8:0363:00E2
round4_castle,0xDC,3718,0x0002,0x0003,0x0000,0x01,0x0056,0x0000,0x0001,actor_2c8,6,0x10C448,0x01,0x94,0x01,0x00,0x01,0x00,0x00,0x0157,0x02D0,0x033E,0x00,0x40,0x03,200,10,200:0040:02A0:0334:0147|201:0040:02B0:0335:0147|202:0040:02D8:0345:0147|203:0040:02C8:0343:0147|204:0040:02B8:0365:0147|205:0040:02D8:0344:0157|206:0040:02C8:0342:0157|207:0040:02B8:0364:0157|208:0040:02A8:0356:0152|209:0040:02B8:0363:0167
round4_castle,0xDC,3720,0x0002,0x0003,0x0000,0x01,0x0056,0x0000,0x0001,actor_2c8,4,0x10C3C8,0x01,0x94,0x00,0x00,0x02,0x00,0x00,0x0227,0x02D0,0x033E,0x00,0x40,0x03,180,10,180:4040:02A0:0334:0226|181:4040:02B0:0335:0226|182:4040:02D8:0345:0226|183:4040:02C8:0343:0226|184:4040:02B8:0365:0226|185:4040:02D8:0344:0216|186:4040:02C8:0342:0216|187:4040:02B8:0364:0216|188:4040:02A8:0356:021B|189:4040:02B8:0363:0206
round4_castle,0xDC,3720,0x0002,0x0003,0x0000,0x01,0x0056,0x0000,0x0001,actor_2c8,5,0x10C408,0x01,0x94,0x01,0x00,0x01,0x00,0x00,0x0105,0x02D0,0x033E,0x01,0x40,0x00,190,10,190:4040:02A0:026B:0104|191:4040:02B0:026C:0104|192:4040:02D8:0345:0104|193:4040:02C8:0343:0104|194:4040:02B8:0365:0104|195:4040:02D8:0344:00F4|196:4040:02C8:0342:00F4|197:4040:02B8:0364:00F4|198:4040:02A8:0356:00F9|199:4040:02B8:0363:00E4
round4_castle,0xDC,3724,0x0002,0x0003,0x0000,0x01,0x0056,0x0000,0x0001,actor_2c8,4,0x10C3C8,0x01,0x95,0x00,0x00,0x02,0x00,0x00,0x0223,0x02D0,0x033E,0x00,0x40,0x03,180,10,180:4040:02A0:0334:0224|181:4040:02B0:0335:0224|182:4040:02D8:0349:0224|183:4040:02C8:0347:0224|184:4040:02B8:0365:0224|185:4040:02D8:0348:0214|186:4040:02C8:0346:0214|187:4040:02B8:0364:0214|188:4040:02A8:0356:0219|189:4040:02B8:0363:0204
round4_castle,0xDC,3724,0x0002,0x0003,0x0000,0x01,0x0056,0x0000,0x0001,actor_2c8,5,0x10C408,0x01,0x95,0x01,0x00,0x01,0x00,0x00,0x0109,0x02D0,0x033E,0x00,0x40,0x00,190,10,190:4040:02A0:026B:0106|191:4040:02B0:026C:0106|192:4040:02D8:0349:0106|193:4040:02C8:0347:0106|194:4040:02B8:0365:0106|195:4040:02D8:0348:00F6|196:4040:02C8:0346:00F6|197:4040:02B8:0364:00F6|198:4040:02A8:0356:00FB|199:4040:02B8:0363:00E6
round4_castle,0xDC,3724,0x0002,0x0003,0x0000,0x01,0x0056,0x0000,0x0001,actor_2c8,8,0x10C4C8,0x01,0x95,0x01,0x00,0x01,0x00,0x00,0x0107,0x02D0,0x033E,0x01,0x42,0x03,220,19,220:4042:02A0:0334:0104|221:4042:02B0:0335:0104|222:4042:02D8:0349:0104|223:4042:02C8:0347:0104|224:4042:02B8:0365:0104|225:4042:02D8:0348:00F4|226:4042:02C8:0346:00F4|227:4042:02B8:0364:00F4|228:4042:02A8:0356:00F9|229:4042:02B8:0363:00E4
round4_castle,0xDC,3726,0x0002,0x0003,0x0000,0x01,0x0056,0x0000,0x0001,actor_2c8,4,0x10C3C8,0x01,0x95,0x00,0x00,0x02,0x00,0x00,0x0221,0x02D0,0x033E,0x00,0x40,0x03,180,10,180:4040:02A0:0334:0222|181:4040:02B0:0335:0222|182:4040:02D8:0349:0222|183:4040:02C8:0347:0222|184:4040:02B8:0365:0222|185:4040:02D8:0348:0212|186:4040:02C8:0346:0212|187:4040:02B8:0364:0212|188:4040:02A8:0356:0217|189:4040:02B8:0363:0202
round4_castle,0xDC,3726,0x0002,0x0003,0x0000,0x01,0x0056,0x0000,0x0001,actor_2c8,5,0x10C408,0x01,0x95,0x01,0x00,0x01,0x00,0x00,0x010B,0x02D0,0x033E,0x00,0x40,0x00,190,10,190:0040:02A0:026B:00F9|191:0040:02B0:026C:00F9|192:0040:02D8:0349:00F9|193:0040:02C8:0347:00F9|194:0040:02B8:0365:00F9|195:0040:02D8:0348:0109|196:0040:02C8:0346:0109|197:0040:02B8:0364:0109|198:0040:02A8:0356:0104|199:0040:02B8:0363:0119
round4_castle,0xDC,3726,0x0002,0x0003,0x0000,0x01,0x0056,0x0000,0x0001,actor_2c8,8,0x10C4C8,0x01,0x95,0x01,0x00,0x01,0x00,0x00,0x0107,0x02D0,0x033E,0x01,0x42,0x03,220,19,220:4042:02A0:0334:0106|221:4042:02B0:0335:0106|222:4042:02D8:0349:0106|223:4042:02C8:0347:0106|224:4042:02B8:0365:0106|225:4042:02D8:0348:00F6|226:4042:02C8:0346:00F6|227:4042:02B8:0364:00F6|228:4042:02A8:0356:00FB|229:4042:02B8:0363:00E6
round4_castle,0xDC,3728,0x0002,0x0003,0x0000,0x01,0x0056,0x0000,0x0001,actor_2c8,4,0x10C3C8,0x01,0x95,0x00,0x00,0x02,0x00,0x00,0x021F,0x02D0,0x033E,0x00,0x40,0x03,180,10,180:4040:02A0:0334:0220|181:4040:02B0:0335:0220|182:4040:02D8:0349:0220|183:4040:02C8:0347:0220|184:4040:02B8:0365:0220|185:4040:02D8:0348:0210|186:4040:02C8:0346:0210|187:4040:02B8:0364:0210|188:4040:02A8:0356:0215|189:4040:02B8:0363:0200
round4_castle,0xDC,3728,0x0002,0x0003,0x0000,0x01,0x0056,0x0000,0x0001,actor_2c8,5,0x10C408,0x01,0x95,0x01,0x00,0x01,0x00,0x00,0x010D,0x02D0,0x033E,0x00,0x40,0x00,190,10,190:0040:02A0:026B:00FB|191:0040:02B0:026C:00FB|192:0040:02D8:0349:00FB|193:0040:02C8:0347:00FB|194:0040:02B8:0365:00FB|195:0040:02D8:0348:010B|196:0040:02C8:0346:010B|197:0040:02B8:0364:010B|198:0040:02A8:0356:0106|199:0040:02B8:0363:011B
round4_castle,0xDC,3728,0x0002,0x0003,0x0000,0x01,0x0056,0x0000,0x0001,actor_2c8,8,0x10C4C8,0x01,0x95,0x01,0x00,0x01,0x00,0x00,0x0109,0x02D0,0x033E,0x00,0x42,0x03,220,19,220:0042:02A0:0334:00F9|221:0042:02B0:0335:00F9|222:0042:02D8:0349:00F9|223:0042:02C8:0347:00F9|224:0042:02B8:0365:00F9|225:0042:02D8:0348:0109|226:0042:02C8:0346:0109|227:0042:02B8:0364:0109|228:0042:02A8:0356:0104|229:0042:02B8:0363:0119
round4_castle,0xDC,3730,0x0002,0x0003,0x0000,0x01,0x0056,0x0000,0x0001,actor_2c8,4,0x10C3C8,0x01,0x95,0x00,0x00,0x02,0x00,0x00,0x021F,0x02D0,0x033E,0x00,0x40,0x03,180,10,180:4040:02A0:0334:021E|181:4040:02B0:0335:021E|182:4040:02D8:0349:021E|183:4040:02C8:0347:021E|184:4040:02B8:0365:021E|185:4040:02D8:0348:020E|186:4040:02C8:0346:020E|187:4040:02B8:0364:020E|188:4040:02A8:0356:0213|189:4040:02B8:0363:01FE
round4_castle,0xDC,3730,0x0002,0x0003,0x0000,0x01,0x0056,0x0000,0x0001,actor_2c8,5,0x10C408,0x01,0x95,0x01,0x00,0x01,0x00,0x00,0x010F,0x02D0,0x033E,0x00,0x40,0x00,190,10,190:0040:02A0:026B:00FD|191:0040:02B0:026C:00FD|192:0040:02D8:0349:00FD|193:0040:02C8:0347:00FD|194:0040:02B8:0365:00FD|195:0040:02D8:0348:010D|196:0040:02C8:0346:010D|197:0040:02B8:0364:010D|198:0040:02A8:0356:0108|199:0040:02B8:0363:011D
round4_castle,0xDC,3730,0x0002,0x0003,0x0000,0x01,0x0056,0x0000,0x0001,actor_2c8,7,0x10C488,0x01,0x95,0x01,0x00,0x01,0x00,0x00,0x011F,0x02D0,0x033E,0x00,0x40,0x04,210,10,210:0040:02A0:03A2:010F|211:0040:02B0:03A3:010F|212:0040:02D8:0349:010F|213:0040:02C8:0347:010F|214:0040:02B8:0365:010F|215:0040:02D8:0348:011F|216:0040:02C8:0346:011F|217:0040:02B8:0364:011F|218:0040:02A8:0356:011A|219:0040:02B8:0363:012F
round4_castle,0xDC,3730,0x0002,0x0003,0x0000,0x01,0x0056,0x0000,0x0001,actor_2c8,8,0x10C4C8,0x01,0x95,0x01,0x00,0x01,0x00,0x00,0x010B,0x02D0,0x033E,0x00,0x42,0x03,220,19,220:0042:02A0:0334:00FB|221:0042:02B0:0335:00FB|222:0042:02D8:0349:00FB|223:0042:02C8:0347:00FB|224:0042:02B8:0365:00FB|225:0042:02D8:0348:010B|226:0042:02C8:0346:010B|227:0042:02B8:0364:010B|228:0042:02A8:0356:0106|229:0042:02B8:0363:011B
round4_castle,0xDC,3732,0x0002,0x0003,0x0000,0x01,0x0056,0x0000,0x0001,actor_2c8,4,0x10C3C8,0x01,0x94,0x00,0x00,0x02,0x00,0x00,0x021D,0x02D0,0x033E,0x00,0x40,0x03,180,10,180:4040:02A0:0334:021C|181:4040:02B0:0335:021C|182:4040:02D8:0345:021C|183:4040:02C8:0343:021C|184:4040:02B8:0365:021C|185:4040:02D8:0344:020C|186:4040:02C8:0342:020C|187:4040:02B8:0364:020C|188:4040:02A8:0356:0211|189:4040:02B8:0363:01FC
round4_castle,0xDC,3732,0x0002,0x0003,0x0000,0x01,0x0056,0x0000,0x0001,actor_2c8,5,0x10C408,0x01,0x94,0x01,0x00,0x01,0x00,0x00,0x010F,0x02D0,0x033E,0x00,0x40,0x00,190,10,190:0040:02A0:026B:00FF|191:0040:02B0:026C:00FF|192:0040:02D8:0345:00FF|193:0040:02C8:0343:00FF|194:0040:02B8:0365:00FF|195:0040:02D8:0344:010F|196:0040:02C8:0342:010F|197:0040:02B8:0364:010F|198:0040:02A8:0356:010A|199:0040:02B8:0363:011F
round4_castle,0xDC,3732,0x0002,0x0003,0x0000,0x01,0x0056,0x0000,0x0001,actor_2c8,8,0x10C4C8,0x01,0x94,0x01,0x00,0x01,0x00,0x00,0x010D,0x02D0,0x033E,0x00,0x42,0x03,220,19,220:0042:02A0:0334:00FD|221:0042:02B0:0335:00FD|222:0042:02D8:0345:00FD|223:0042:02C8:0343:00FD|224:0042:02B8:0365:00FD|225:0042:02D8:0344:010D|226:0042:02C8:0342:010D|227:0042:02B8:0364:010D|228:0042:02A8:0356:0108|229:0042:02B8:0363:011D
round4_castle,0xDC,3734,0x0002,0x0003,0x0000,0x01,0x0056,0x0000,0x0001,actor_2c8,4,0x10C3C8,0x01,0x94,0x00,0x00,0x02,0x00,0x00,0x021B,0x02D0,0x033E,0x00,0x40,0x03,180,10,180:4040:02A0:0334:021A|181:4040:02B0:0335:021A|182:4040:02D8:0345:021A|183:4040:02C8:0343:021A|184:4040:02B8:0365:021A|185:4040:02D8:0344:020A|186:4040:02C8:0342:020A|187:4040:02B8:0364:020A|188:4040:02A8:0356:020F|189:4040:02B8:0363:01FA
round4_castle,0xDC,3734,0x0002,0x0003,0x0000,0x01,0x0056,0x0000,0x0001,actor_2c8,5,0x10C408,0x01,0x94,0x01,0x00,0x01,0x00,0x00,0x0111,0x02D0,0x033E,0x00,0x40,0x00,190,10,190:0040:02A0:026B:0101|191:0040:02B0:026C:0101|192:0040:02D8:0345:0101|193:0040:02C8:0343:0101|194:0040:02B8:0365:0101|195:0040:02D8:0344:0111|196:0040:02C8:0342:0111|197:0040:02B8:0364:0111|198:0040:02A8:0356:010C|199:0040:02B8:0363:0121
round4_castle,0xDC,3734,0x0002,0x0003,0x0000,0x01,0x0056,0x0000,0x0001,actor_2c8,8,0x10C4C8,0x01,0x94,0x01,0x00,0x01,0x00,0x00,0x010F,0x02D0,0x033E,0x00,0x42,0x03,220,19,220:0042:02A0:0334:00FF|221:0042:02B0:0335:00FF|222:0042:02D8:0345:00FF|223:0042:02C8:0343:00FF|224:0042:02B8:0365:00FF|225:0042:02D8:0344:010F|226:0042:02C8:0342:010F|227:0042:02B8:0364:010F|228:0042:02A8:0356:010A|229:0042:02B8:0363:011F
round4_castle,0xDC,3736,0x0002,0x0003,0x0000,0x01,0x0056,0x0000,0x0001,actor_2c8,4,0x10C3C8,0x01,0x94,0x00,0x00,0x02,0x00,0x00,0x0219,0x02D0,0x033E,0x00,0x40,0x03,180,10,180:4040:02A0:0334:0218|181:4040:02B0:0335:0218|182:4040:02D8:0345:0218|183:4040:02C8:0343:0218|184:4040:02B8:0365:0218|185:4040:02D8:0344:0208|186:4040:02C8:0342:0208|187:4040:02B8:0364:0208|188:4040:02A8:0356:020D|189:4040:02B8:0363:01F8
round4_castle,0xDC,3736,0x0002,0x0003,0x0000,0x01,0x0056,0x0000,0x0001,actor_2c8,5,0x10C408,0x01,0x94,0x01,0x00,0x01,0x00,0x00,0x0113,0x02D0,0x033E,0x00,0x40,0x00,190,10,190:0040:02A0:026B:0103|191:0040:02B0:026C:0103|192:0040:02D8:0345:0103|193:0040:02C8:0343:0103|194:0040:02B8:0365:0103|195:0040:02D8:0344:0113|196:0040:02C8:0342:0113|197:0040:02B8:0364:0113|198:0040:02A8:0356:010E|199:0040:02B8:0363:0123
round4_castle,0xDC,3738,0x0002,0x0003,0x0000,0x01,0x0056,0x0000,0x0001,actor_2c8,4,0x10C3C8,0x01,0x94,0x00,0x00,0x02,0x00,0x00,0x0217,0x02D0,0x033E,0x00,0x40,0x03,180,10,180:4040:02A0:0334:0216|181:4040:02B0:0335:0216|182:4040:02D8:0345:0216|183:4040:02C8:0343:0216|184:4040:02B8:0365:0216|185:4040:02D8:0344:0206|186:4040:02C8:0342:0206|187:4040:02B8:0364:0206|188:4040:02A8:0356:020B|189:4040:02B8:0363:01F6
round4_castle,0xDC,3738,0x0002,0x0003,0x0000,0x01,0x0056,0x0000,0x0001,actor_2c8,5,0x10C408,0x01,0x94,0x01,0x00,0x01,0x00,0x00,0x0115,0x02D0,0x033E,0x00,0x40,0x00,190,10,190:0040:02A0:026B:0105|191:0040:02B0:026C:0105|192:0040:02D8:0345:0105|193:0040:02C8:0343:0105|194:0040:02B8:0365:0105|195:0040:02D8:0344:0115|196:0040:02C8:0342:0115|197:0040:02B8:0364:0115|198:0040:02A8:0356:0110|199:0040:02B8:0363:0125
round4_castle,0xDC,3738,0x0002,0x0003,0x0000,0x01,0x0056,0x0000,0x0001,actor_2c8,7,0x10C488,0x01,0x94,0x01,0x00,0x01,0x00,0x00,0x0127,0x02D0,0x033E,0x00,0x40,0x04,210,10,210:0040:02A0:03A2:0117|211:0040:02B0:03A3:0117|212:0040:02D8:0345:0117|213:0040:02C8:0343:0117|214:0040:02B8:0365:0117|215:0040:02D8:0344:0127|216:0040:02C8:0342:0127|217:0040:02B8:0364:0127|218:0040:02A8:0356:0122|219:0040:02B8:0363:0137
round4_castle,0xDC,3738,0x0002,0x0003,0x0000,0x01,0x0056,0x0000,0x0001,actor_2c8,8,0x10C4C8,0x01,0x94,0x01,0x00,0x01,0x00,0x00,0x0113,0x02D0,0x033E,0x00,0x42,0x03,220,19,220:0042:02A0:0334:0101|221:0042:02B0:0335:0101|222:0042:02D8:0345:0101|223:0042:02C8:0343:0101|224:0042:02B8:0365:0101|225:0042:02D8:0344:0111|226:0042:02C8:0342:0111|227:0042:02B8:0364:0111|228:0042:02A8:0356:010C|229:0042:02B8:0363:0121
round4_castle,0xDC,3740,0x0002,0x0003,0x0000,0x01,0x0056,0x0000,0x0001,actor_2c8,4,0x10C3C8,0x01,0x93,0x00,0x00,0x02,0x00,0x00,0x0215,0x02D0,0x033E,0x00,0x40,0x03,180,10,180:4040:02A0:0334:0216|181:4040:02B0:0335:0216|182:4040:02D8:0341:0216|183:4040:02C8:033F:0216|184:4040:02B8:0365:0216|185:4040:02D8:0340:0206|186:4040:02C8:033E:0206|187:4040:02B8:0364:0206|188:4040:02A8:0356:020B|189:4040:02B8:0363:01F6
round4_castle,0xDC,3740,0x0002,0x0003,0x0000,0x01,0x0056,0x0000,0x0001,actor_2c8,5,0x10C408,0x01,0x93,0x01,0x00,0x01,0x00,0x00,0x0117,0x02D0,0x033E,0x00,0x40,0x00,190,10,190:0040:02A0:026B:0107|191:0040:02B0:026C:0107|192:0040:02D8:0341:0107|193:0040:02C8:033F:0107|194:0040:02B8:0365:0107|195:0040:02D8:0340:0117|196:0040:02C8:033E:0117|197:0040:02B8:0364:0117|198:0040:02A8:0356:0112|199:0040:02B8:0363:0127
round4_castle,0xDC,3740,0x0002,0x0003,0x0000,0x01,0x0056,0x0000,0x0001,actor_2c8,8,0x10C4C8,0x01,0x93,0x01,0x00,0x01,0x00,0x00,0x0115,0x02D0,0x033E,0x00,0x42,0x03,220,19,220:0042:02A0:0334:0103|221:0042:02B0:0335:0103|222:0042:02D8:0341:0103|223:0042:02C8:033F:0103|224:0042:02B8:0365:0103|225:0042:02D8:0340:0113|226:0042:02C8:033E:0113|227:0042:02B8:0364:0113|228:0042:02A8:0356:010E|229:0042:02B8:0363:0123
round4_castle,0xDC,3742,0x0002,0x0003,0x0000,0x01,0x0056,0x0000,0x0001,actor_2c8,4,0x10C3C8,0x01,0x93,0x00,0x00,0x02,0x00,0x00,0x0213,0x02D0,0x033E,0x00,0x40,0x03,180,10,180:4040:02A0:0334:0214|181:4040:02B0:0335:0214|182:4040:02D8:0341:0214|183:4040:02C8:033F:0214|184:4040:02B8:0365:0214|185:4040:02D8:0340:0204|186:4040:02C8:033E:0204|187:4040:02B8:0364:0204|188:4040:02A8:0356:0209|189:4040:02B8:0363:01F4
round4_castle,0xDC,3742,0x0002,0x0003,0x0000,0x01,0x0056,0x0000,0x0001,actor_2c8,8,0x10C4C8,0x01,0x93,0x01,0x00,0x01,0x00,0x00,0x0117,0x02D0,0x033E,0x00,0x42,0x03,220,19,220:0042:02A0:0334:0105|221:0042:02B0:0335:0105|222:0042:02D8:0341:0105|223:0042:02C8:033F:0105|224:0042:02B8:0365:0105|225:0042:02D8:0340:0115|226:0042:02C8:033E:0115|227:0042:02B8:0364:0115|228:0042:02A8:0356:0110|229:0042:02B8:0363:0125
round4_castle,0xDC,3744,0x0002,0x0003,0x0000,0x01,0x0056,0x0000,0x0001,actor_2c8,4,0x10C3C8,0x01,0x93,0x00,0x00,0x02,0x00,0x00,0x0211,0x02D0,0x033E,0x00,0x40,0x03,180,10,180:4040:02A0:0334:0212|181:4040:02B0:0335:0212|182:4040:02D8:0341:0212|183:4040:02C8:033F:0212|184:4040:02B8:0365:0212|185:4040:02D8:0340:0202|186:4040:02C8:033E:0202|187:4040:02B8:0364:0202|188:4040:02A8:0356:0207|189:4040:02B8:0363:01F2
round4_castle,0xDC,3744,0x0002,0x0003,0x0000,0x01,0x0056,0x0000,0x0001,actor_2c8,5,0x10C408,0x01,0x93,0x01,0x00,0x01,0x00,0x00,0x011B,0x02D0,0x033E,0x00,0x40,0x00,190,10,190:0040:02A0:026B:0109|191:0040:02B0:026C:0109|192:0040:02D8:0341:0109|193:0040:02C8:033F:0109|194:0040:02B8:0365:0109|195:0040:02D8:0340:0119|196:0040:02C8:033E:0119|197:0040:02B8:0364:0119|198:0040:02A8:0356:0114|199:0040:02B8:0363:0129
round4_castle,0xDC,3744,0x0002,0x0003,0x0000,0x01,0x0056,0x0000,0x0001,actor_2c8,8,0x10C4C8,0x01,0x93,0x01,0x00,0x01,0x00,0x00,0x0117,0x02D0,0x033E,0x00,0x42,0x03,220,19,220:0042:02A0:0334:0107|221:0042:02B0:0335:0107|222:0042:02D8:0341:0107|223:0042:02C8:033F:0107|224:0042:02B8:0365:0107|225:0042:02D8:0340:0117|226:0042:02C8:033E:0117|227:0042:02B8:0364:0117|228:0042:02A8:0356:0112|229:0042:02B8:0363:0127
round4_castle,0xDC,3746,0x0002,0x0003,0x0000,0x01,0x0056,0x0000,0x0001,actor_2c8,4,0x10C3C8,0x01,0x93,0x00,0x00,0x02,0x00,0x00,0x020F,0x02D0,0x033E,0x00,0x40,0x03,180,10,180:4040:02A0:0334:0210|181:4040:02B0:0335:0210|182:4040:02D8:0341:0210|183:4040:02C8:033F:0210|184:4040:02B8:0365:0210|185:4040:02D8:0340:0200|186:4040:02C8:033E:0200|187:4040:02B8:0364:0200|188:4040:02A8:0356:0205|189:4040:02B8:0363:01F0
round4_castle,0xDC,3746,0x0002,0x0003,0x0000,0x01,0x0056,0x0000,0x0001,actor_2c8,5,0x10C408,0x01,0x93,0x01,0x00,0x01,0x00,0x00,0x011D,0x02D0,0x033E,0x00,0x40,0x00,190,10,190:0040:02A0:026B:010B|191:0040:02B0:026C:010B|192:0040:02D8:0341:010B|193:0040:02C8:033F:010B|194:0040:02B8:0365:010B|195:0040:02D8:0340:011B|196:0040:02C8:033E:011B|197:0040:02B8:0364:011B|198:0040:02A8:0356:0116|199:0040:02B8:0363:012B
round4_castle,0xDC,3746,0x0002,0x0003,0x0000,0x01,0x0056,0x0000,0x0001,actor_2c8,7,0x10C488,0x01,0x93,0x01,0x00,0x01,0x00,0x00,0x012F,0x02D0,0x033E,0x00,0x40,0x04,210,10,210:0040:02A0:03A2:011D|211:0040:02B0:03A3:011D|212:0040:02D8:0341:011D|213:0040:02C8:033F:011D|214:0040:02B8:0365:011D|215:0040:02D8:0340:012D|216:0040:02C8:033E:012D|217:0040:02B8:0364:012D|218:0040:02A8:0356:0128|219:0040:02B8:0363:013D
round4_castle,0xDC,3746,0x0002,0x0003,0x0000,0x01,0x0056,0x0000,0x0001,actor_2c8,8,0x10C4C8,0x01,0x93,0x01,0x00,0x01,0x00,0x00,0x0119,0x02D0,0x033E,0x00,0x42,0x03,220,19,220:0042:02A0:0334:0109|221:0042:02B0:0335:0109|222:0042:02D8:0341:0109|223:0042:02C8:033F:0109|224:0042:02B8:0365:0109|225:0042:02D8:0340:0119|226:0042:02C8:033E:0119|227:0042:02B8:0364:0119|228:0042:02A8:0356:0114|229:0042:02B8:0363:0129
round4_castle,0xDC,3748,0x0002,0x0003,0x0000,0x01,0x0056,0x0000,0x0001,actor_2c8,4,0x10C3C8,0x01,0x94,0x00,0x00,0x02,0x00,0x00,0x020F,0x02D0,0x033E,0x00,0x40,0x03,180,10,180:4040:02A0:0334:020E|181:4040:02B0:0335:020E|182:4040:02D8:0345:020E|183:4040:02C8:0343:020E|184:4040:02B8:0365:020E|185:4040:02D8:0344:01FE|186:4040:02C8:0342:01FE|187:4040:02B8:0364:01FE|188:4040:02A8:0356:0203|189:4040:02B8:0363:01EE
round4_castle,0xDC,3748,0x0002,0x0003,0x0000,0x01,0x0056,0x0000,0x0001,actor_2c8,5,0x10C408,0x01,0x94,0x01,0x00,0x01,0x00,0x00,0x011F,0x02D0,0x033E,0x00,0x40,0x00,190,10,190:0040:02A0:026B:010D|191:0040:02B0:026C:010D|192:0040:02D8:0345:010D|193:0040:02C8:0343:010D|194:0040:02B8:0365:010D|195:0040:02D8:0344:011D|196:0040:02C8:0342:011D|197:0040:02B8:0364:011D|198:0040:02A8:0356:0118|199:0040:02B8:0363:012D
round4_castle,0xDC,3748,0x0002,0x0003,0x0000,0x01,0x0056,0x0000,0x0001,actor_2c8,8,0x10C4C8,0x01,0x94,0x01,0x00,0x01,0x00,0x00,0x011B,0x02D0,0x033E,0x00,0x42,0x03,220,19,220:0042:02A0:0334:010B|221:0042:02B0:0335:010B|222:0042:02D8:0345:010B|223:0042:02C8:0343:010B|224:0042:02B8:0365:010B|225:0042:02D8:0344:011B|226:0042:02C8:0342:011B|227:0042:02B8:0364:011B|228:0042:02A8:0356:0116|229:0042:02B8:0363:012B
round4_castle,0xDC,3750,0x0002,0x0003,0x0000,0x01,0x0056,0x0000,0x0001,actor_2c8,4,0x10C3C8,0x01,0x94,0x00,0x00,0x02,0x00,0x00,0x020D,0x02D0,0x033E,0x00,0x40,0x03,180,10,180:4040:02A0:0334:020C|181:4040:02B0:0335:020C|182:4040:02D8:0345:020C|183:4040:02C8:0343:020C|184:4040:02B8:0365:020C|185:4040:02D8:0344:01FC|186:4040:02C8:0342:01FC|187:4040:02B8:0364:01FC|188:4040:02A8:0356:0201|189:4040:02B8:0363:01EC
round4_castle,0xDC,3750,0x0002,0x0003,0x0000,0x01,0x0056,0x0000,0x0001,actor_2c8,5,0x10C408,0x01,0x94,0x01,0x00,0x01,0x00,0x00,0x011F,0x02D0,0x033E,0x00,0x40,0x00,190,10,190:0040:02A0:026B:010F|191:0040:02B0:026C:010F|192:0040:02D8:0345:010F|193:0040:02C8:0343:010F|194:0040:02B8:0365:010F|195:0040:02D8:0344:011F|196:0040:02C8:0342:011F|197:0040:02B8:0364:011F|198:0040:02A8:0356:011A|199:0040:02B8:0363:012F
round4_castle,0xDC,3750,0x0002,0x0003,0x0000,0x01,0x0056,0x0000,0x0001,actor_2c8,8,0x10C4C8,0x01,0x94,0x01,0x00,0x01,0x00,0x00,0x011D,0x02D0,0x033E,0x00,0x42,0x03,220,19,220:0042:02A0:0334:010D|221:0042:02B0:0335:010D|222:0042:02D8:0345:010D|223:0042:02C8:0343:010D|224:0042:02B8:0365:010D|225:0042:02D8:0344:011D|226:0042:02C8:0342:011D|227:0042:02B8:0364:011D|228:0042:02A8:0356:0118|229:0042:02B8:0363:012D
round4_castle,0xDC,3752,0x0002,0x0003,0x0000,0x01,0x0056,0x0000,0x0001,actor_2c8,4,0x10C3C8,0x01,0x94,0x00,0x00,0x02,0x00,0x00,0x020B,0x02D0,0x033E,0x00,0x40,0x03,180,10,180:4040:02A0:0334:020A|181:4040:02B0:0335:020A|182:4040:02D8:0345:020A|183:4040:02C8:0343:020A|184:4040:02B8:0365:020A|185:4040:02D8:0344:01FA|186:4040:02C8:0342:01FA|187:4040:02B8:0364:01FA|188:4040:02A8:0356:01FF|189:4040:02B8:0363:01EA
round4_castle,0xDC,3752,0x0002,0x0003,0x0000,0x01,0x0056,0x0000,0x0001,actor_2c8,5,0x10C408,0x01,0x94,0x01,0x00,0x01,0x00,0x00,0x0121,0x02D0,0x033E,0x00,0x40,0x00,190,10,190:0040:02A0:026B:0111|191:0040:02B0:026C:0111|192:0040:02D8:0345:0111|193:0040:02C8:0343:0111|194:0040:02B8:0365:0111|195:0040:02D8:0344:0121|196:0040:02C8:0342:0121|197:0040:02B8:0364:0121|198:0040:02A8:0356:011C|199:0040:02B8:0363:0131
round4_castle,0xDC,3752,0x0002,0x0003,0x0000,0x01,0x0056,0x0000,0x0001,actor_2c8,8,0x10C4C8,0x01,0x94,0x01,0x00,0x01,0x00,0x00,0x011F,0x02D0,0x033E,0x00,0x42,0x03,220,19,220:0042:02A0:0334:010F|221:0042:02B0:0335:010F|222:0042:02D8:0345:010F|223:0042:02C8:0343:010F|224:0042:02B8:0365:010F|225:0042:02D8:0344:011F|226:0042:02C8:0342:011F|227:0042:02B8:0364:011F|228:0042:02A8:0356:011A|229:0042:02B8:0363:012F
round4_castle,0xDC,3754,0x0002,0x0003,0x0000,0x01,0x0056,0x0000,0x0001,actor_2c8,5,0x10C408,0x01,0x94,0x01,0x00,0x01,0x00,0x00,0x0123,0x02D0,0x033E,0x00,0x40,0x00,190,10,190:0040:02A0:026B:0113|191:0040:02B0:026C:0113|192:0040:02D8:0345:0113|193:0040:02C8:0343:0113|194:0040:02B8:0365:0113|195:0040:02D8:0344:0123|196:0040:02C8:0342:0123|197:0040:02B8:0364:0123|198:0040:02A8:0356:011E|199:0040:02B8:0363:0133
round4_castle,0xDC,3754,0x0002,0x0003,0x0000,0x01,0x0056,0x0000,0x0001,actor_2c8,7,0x10C488,0x01,0x94,0x01,0x00,0x01,0x00,0x00,0x0135,0x02D0,0x033E,0x00,0x40,0x04,210,10,210:0040:02A0:03A2:0125|211:0040:02B0:03A3:0125|212:0040:02D8:0345:0125|213:0040:02C8:0343:0125|214:0040:02B8:0365:0125|215:0040:02D8:0344:0135|216:0040:02C8:0342:0135|217:0040:02B8:0364:0135|218:0040:02A8:0356:0130|219:0040:02B8:0363:0145
round4_castle,0xDC,3756,0x0002,0x0003,0x0000,0x01,0x0056,0x0000,0x0001,actor_2c8,4,0x10C3C8,0x01,0x95,0x00,0x00,0x02,0x00,0x00,0x0207,0x02D0,0x033E,0x00,0x40,0x03,180,10,180:4040:02A0:0334:0206|181:4040:02B0:0335:0206|182:4040:02D8:0349:0206|183:4040:02C8:0347:0206|184:4040:02B8:0365:0206|185:4040:02D8:0348:01F6|186:4040:02C8:0346:01F6|187:4040:02B8:0364:01F6|188:4040:02A8:0356:01FB|189:4040:02B8:0363:01E6
round4_castle,0xDC,3756,0x0002,0x0003,0x0000,0x01,0x0056,0x0000,0x0001,actor_2c8,5,0x10C408,0x01,0x95,0x01,0x00,0x01,0x00,0x00,0x0125,0x02D0,0x033E,0x00,0x40,0x00,190,10,190:0040:02A0:026B:0115|191:0040:02B0:026C:0115|192:0040:02D8:0349:0115|193:0040:02C8:0347:0115|194:0040:02B8:0365:0115|195:0040:02D8:0348:0125|196:0040:02C8:0346:0125|197:0040:02B8:0364:0125|198:0040:02A8:0356:0120|199:0040:02B8:0363:0135
round4_castle,0xDC,3756,0x0002,0x0003,0x0000,0x01,0x0056,0x0000,0x0001,actor_2c8,8,0x10C4C8,0x01,0x95,0x01,0x00,0x01,0x00,0x00,0x0123,0x02D0,0x033E,0x00,0x42,0x03,220,19,220:0042:02A0:0334:0111|221:0042:02B0:0335:0111|222:0042:02D8:0349:0111|223:0042:02C8:0347:0111|224:0042:02B8:0365:0111|225:0042:02D8:0348:0121|226:0042:02C8:0346:0121|227:0042:02B8:0364:0121|228:0042:02A8:0356:011C|229:0042:02B8:0363:0131
round4_castle,0xDC,3758,0x0002,0x0003,0x0000,0x01,0x0056,0x0000,0x0001,actor_2c8,8,0x10C4C8,0x01,0x95,0x01,0x00,0x01,0x00,0x00,0x0125,0x02D0,0x033E,0x00,0x42,0x03,220,19,220:0042:02A0:0334:0113|221:0042:02B0:0335:0113|222:0042:02D8:0349:0113|223:0042:02C8:0347:0113|224:0042:02B8:0365:0113|225:0042:02D8:0348:0123|226:0042:02C8:0346:0123|227:0042:02B8:0364:0123|228:0042:02A8:0356:011E|229:0042:02B8:0363:0133
round4_castle,0xDC,3760,0x0002,0x0003,0x0000,0x01,0x0056,0x0000,0x0001,actor_2c8,4,0x10C3C8,0x01,0x95,0x00,0x00,0x02,0x00,0x00,0x0203,0x02D0,0x033E,0x00,0x40,0x03,180,10,180:4040:02A0:0334:0204|181:4040:02B0:0335:0204|182:4040:02D8:0349:0204|183:4040:02C8:0347:0204|184:4040:02B8:0365:0204|185:4040:02D8:0348:01F4|186:4040:02C8:0346:01F4|187:4040:02B8:0364:01F4|188:4040:02A8:0356:01F9|189:4040:02B8:0363:01E4
round4_castle,0xDC,3760,0x0002,0x0003,0x0000,0x01,0x0056,0x0000,0x0001,actor_2c8,7,0x10C488,0x01,0x95,0x01,0x00,0x01,0x00,0x00,0x013B,0x02D0,0x033E,0x00,0x40,0x04,210,10,210:0040:02A0:03A2:0129|211:0040:02B0:03A3:0129|212:0040:02D8:0349:0129|213:0040:02C8:0347:0129|214:0040:02B8:0365:0129|215:0040:02D8:0348:0139|216:0040:02C8:0346:0139|217:0040:02B8:0364:0139|218:0040:02A8:0356:0134|219:0040:02B8:0363:0149
round4_castle,0xDC,3760,0x0002,0x0003,0x0000,0x01,0x0056,0x0000,0x0001,actor_2c8,8,0x10C4C8,0x01,0x95,0x01,0x00,0x01,0x00,0x00,0x0127,0x02D0,0x033E,0x00,0x42,0x03,220,19,220:0042:02A0:0334:0115|221:0042:02B0:0335:0115|222:0042:02D8:0349:0115|223:0042:02C8:0347:0115|224:0042:02B8:0365:0115|225:0042:02D8:0348:0125|226:0042:02C8:0346:0125|227:0042:02B8:0364:0125|228:0042:02A8:0356:0120|229:0042:02B8:0363:0135
round4_castle,0xDC,3762,0x0002,0x0003,0x0000,0x01,0x0056,0x0000,0x0001,actor_2c8,4,0x10C3C8,0x01,0x95,0x00,0x00,0x02,0x00,0x00,0x0201,0x02D0,0x033E,0x00,0x40,0x03,180,10,180:4040:02A0:0334:0202|181:4040:02B0:0335:0202|182:4040:02D8:0349:0202|183:4040:02C8:0347:0202|184:4040:02B8:0365:0202|185:4040:02D8:0348:01F2|186:4040:02C8:0346:01F2|187:4040:02B8:0364:01F2|188:4040:02A8:0356:01F7|189:4040:02B8:0363:01E2
round4_castle,0xDC,3762,0x0002,0x0003,0x0000,0x01,0x0056,0x0000,0x0001,actor_2c8,7,0x10C488,0x01,0x95,0x01,0x00,0x01,0x00,0x00,0x013D,0x02D0,0x033E,0x00,0x40,0x04,210,10,210:0040:02A0:03A2:012B|211:0040:02B0:03A3:012B|212:0040:02D8:0349:012B|213:0040:02C8:0347:012B|214:0040:02B8:0365:012B|215:0040:02D8:0348:013B|216:0040:02C8:0346:013B|217:0040:02B8:0364:013B|218:0040:02A8:0356:0136|219:0040:02B8:0363:014B
round4_castle,0xDC,3764,0x0002,0x0003,0x0000,0x01,0x0056,0x0000,0x0001,actor_2c8,4,0x10C3C8,0x01,0x94,0x00,0x00,0x02,0x00,0x00,0x01FF,0x02D0,0x033E,0x00,0x40,0x03,180,10,180:4040:02A0:0334:0200|181:4040:02B0:0335:0200|182:4040:02D8:0345:0200|183:4040:02C8:0343:0200|184:4040:02B8:0365:0200|185:4040:02D8:0344:01F0|186:4040:02C8:0342:01F0|187:4040:02B8:0364:01F0|188:4040:02A8:0356:01F5|189:4040:02B8:0363:01E0
round4_castle,0xDC,3764,0x0002,0x0003,0x0000,0x01,0x0056,0x0000,0x0001,actor_2c8,5,0x10C408,0x01,0x94,0x01,0x00,0x01,0x00,0x00,0x012D,0x02D0,0x033E,0x00,0x40,0x00,190,10,190:0040:02A0:026B:011B|191:0040:02B0:026C:011B|192:0040:02D8:0345:011B|193:0040:02C8:0343:011B|194:0040:02B8:0365:011B|195:0040:02D8:0344:012B|196:0040:02C8:0342:012B|197:0040:02B8:0364:012B|198:0040:02A8:0356:0126|199:0040:02B8:0363:013B
round4_castle,0xDC,3764,0x0002,0x0003,0x0000,0x01,0x0056,0x0000,0x0001,actor_2c8,7,0x10C488,0x01,0x94,0x01,0x00,0x01,0x00,0x00,0x013F,0x02D0,0x033E,0x00,0x40,0x04,210,10,210:0040:02A0:03A2:012D|211:0040:02B0:03A3:012D|212:0040:02D8:0345:012D|213:0040:02C8:0343:012D|214:0040:02B8:0365:012D|215:0040:02D8:0344:013D|216:0040:02C8:0342:013D|217:0040:02B8:0364:013D|218:0040:02A8:0356:0138|219:0040:02B8:0363:014D
round4_castle,0xDC,3764,0x0002,0x0003,0x0000,0x01,0x0056,0x0000,0x0001,actor_2c8,8,0x10C4C8,0x01,0x94,0x01,0x00,0x01,0x00,0x00,0x0129,0x02D0,0x033E,0x00,0x42,0x03,220,19,220:0042:02A0:0334:0119|221:0042:02B0:0335:0119|222:0042:02D8:0345:0119|223:0042:02C8:0343:0119|224:0042:02B8:0365:0119|225:0042:02D8:0344:0129|226:0042:02C8:0342:0129|227:0042:02B8:0364:0129|228:0042:02A8:0356:0124|229:0042:02B8:0363:0139
round4_castle,0xDC,3766,0x0002,0x0003,0x0000,0x01,0x0056,0x0000,0x0001,actor_2c8,4,0x10C3C8,0x01,0x94,0x00,0x00,0x02,0x00,0x00,0x01FF,0x02D0,0x033E,0x00,0x40,0x03,180,10,180:4040:02A0:0334:01FE|181:4040:02B0:0335:01FE|182:4040:02D8:0345:01FE|183:4040:02C8:0343:01FE|184:4040:02B8:0365:01FE|185:4040:02D8:0344:01EE|186:4040:02C8:0342:01EE|187:4040:02B8:0364:01EE|188:4040:02A8:0356:01F3|189:4040:02B8:0363:01DE
round4_castle,0xDC,3766,0x0002,0x0003,0x0000,0x01,0x0056,0x0000,0x0001,actor_2c8,5,0x10C408,0x01,0x94,0x01,0x00,0x01,0x00,0x00,0x012F,0x02D0,0x033E,0x00,0x40,0x00,190,10,190:0040:02A0:026B:011D|191:0040:02B0:026C:011D|192:0040:02D8:0345:011D|193:0040:02C8:0343:011D|194:0040:02B8:0365:011D|195:0040:02D8:0344:012D|196:0040:02C8:0342:012D|197:0040:02B8:0364:012D|198:0040:02A8:0356:0128|199:0040:02B8:0363:013D
round4_castle,0xDC,3766,0x0002,0x0003,0x0000,0x01,0x0056,0x0000,0x0001,actor_2c8,7,0x10C488,0x01,0x94,0x01,0x00,0x01,0x00,0x00,0x013F,0x02D0,0x033E,0x00,0x40,0x04,210,10,210:0040:02A0:03A2:012F|211:0040:02B0:03A3:012F|212:0040:02D8:0345:012F|213:0040:02C8:0343:012F|214:0040:02B8:0365:012F|215:0040:02D8:0344:013F|216:0040:02C8:0342:013F|217:0040:02B8:0364:013F|218:0040:02A8:0356:013A|219:0040:02B8:0363:014F
round4_castle,0xDC,3766,0x0002,0x0003,0x0000,0x01,0x0056,0x0000,0x0001,actor_2c8,8,0x10C4C8,0x01,0x94,0x01,0x00,0x01,0x00,0x00,0x012B,0x02D0,0x033E,0x00,0x42,0x03,220,19,220:0042:02A0:0334:011B|221:0042:02B0:0335:011B|222:0042:02D8:0345:011B|223:0042:02C8:0343:011B|224:0042:02B8:0365:011B|225:0042:02D8:0344:012B|226:0042:02C8:0342:012B|227:0042:02B8:0364:012B|228:0042:02A8:0356:0126|229:0042:02B8:0363:013B
round4_castle,0xDC,3768,0x0002,0x0003,0x0000,0x01,0x0056,0x0000,0x0001,actor_2c8,7,0x10C488,0x01,0x94,0x01,0x00,0x01,0x00,0x00,0x0141,0x02D0,0x033E,0x00,0x40,0x04,210,10,210:0040:02A0:03A2:0131|211:0040:02B0:03A3:0131|212:0040:02D8:0345:0131|213:0040:02C8:0343:0131|214:0040:02B8:0365:0131|215:0040:02D8:0344:0141|216:0040:02C8:0342:0141|217:0040:02B8:0364:0141|218:0040:02A8:0356:013C|219:0040:02B8:0363:0151
round4_castle,0xDC,3768,0x0002,0x0003,0x0000,0x01,0x0056,0x0000,0x0001,actor_2c8,8,0x10C4C8,0x01,0x94,0x01,0x00,0x01,0x00,0x00,0x012D,0x02D0,0x033E,0x00,0x42,0x03,220,19,220:0042:02A0:0334:011D|221:0042:02B0:0335:011D|222:0042:02D8:0345:011D|223:0042:02C8:0343:011D|224:0042:02B8:0365:011D|225:0042:02D8:0344:012D|226:0042:02C8:0342:012D|227:0042:02B8:0364:012D|228:0042:02A8:0356:0128|229:0042:02B8:0363:013D
round4_castle,0xDC,3770,0x0002,0x0003,0x0000,0x01,0x0056,0x0000,0x0001,actor_2c8,7,0x10C488,0x01,0x94,0x01,0x00,0x01,0x00,0x00,0x0143,0x02D0,0x033E,0x00,0x40,0x04,210,10,210:0040:02A0:03A2:0133|211:0040:02B0:03A3:0133|212:0040:02D8:0345:0133|213:0040:02C8:0343:0133|214:0040:02B8:0365:0133|215:0040:02D8:0344:0143|216:0040:02C8:0342:0143|217:0040:02B8:0364:0143|218:0040:02A8:0356:013E|219:0040:02B8:0363:0153
round4_castle,0xDC,3772,0x0002,0x0003,0x0000,0x01,0x0056,0x0000,0x0001,actor_2c8,4,0x10C3C8,0x01,0x93,0x00,0x00,0x02,0x00,0x00,0x01F9,0x02D0,0x033E,0x00,0x40,0x03,180,10,180:4040:02A0:0334:01F8|181:4040:02B0:0335:01F8|182:4040:02D8:0341:01F8|183:4040:02C8:033F:01F8|184:4040:02B8:0365:01F8|185:4040:02D8:0340:01E8|186:4040:02C8:033E:01E8|187:4040:02B8:0364:01E8|188:4040:02A8:0356:01ED|189:4040:02B8:0363:01D8
round4_castle,0xDC,3772,0x0002,0x0003,0x0000,0x01,0x0056,0x0000,0x0001,actor_2c8,7,0x10C488,0x01,0x93,0x01,0x00,0x01,0x00,0x00,0x0145,0x02D0,0x033E,0x00,0x40,0x04,210,10,210:0040:02A0:03A2:0135|211:0040:02B0:03A3:0135|212:0040:02D8:0341:0135|213:0040:02C8:033F:0135|214:0040:02B8:0365:0135|215:0040:02D8:0340:0145|216:0040:02C8:033E:0145|217:0040:02B8:0364:0145|218:0040:02A8:0356:0140|219:0040:02B8:0363:0155
round4_castle,0xDC,3774,0x0002,0x0003,0x0000,0x01,0x0056,0x0000,0x0001,actor_2c8,4,0x10C3C8,0x01,0x93,0x00,0x00,0x02,0x00,0x00,0x01F7,0x02D0,0x033E,0x00,0x40,0x03,180,10,180:4040:02A0:0334:01F6|181:4040:02B0:0335:01F6|182:4040:02D8:0341:01F6|183:4040:02C8:033F:01F6|184:4040:02B8:0365:01F6|185:4040:02D8:0340:01E6|186:4040:02C8:033E:01E6|187:4040:02B8:0364:01E6|188:4040:02A8:0356:01EB|189:4040:02B8:0363:01D6
round4_castle,0xDC,3774,0x0002,0x0003,0x0000,0x01,0x0056,0x0000,0x0001,actor_2c8,7,0x10C488,0x01,0x93,0x01,0x00,0x01,0x00,0x00,0x0147,0x02D0,0x033E,0x00,0x40,0x04,210,10,210:0040:02A0:03A2:0137|211:0040:02B0:03A3:0137|212:0040:02D8:0341:0137|213:0040:02C8:033F:0137|214:0040:02B8:0365:0137|215:0040:02D8:0340:0147|216:0040:02C8:033E:0147|217:0040:02B8:0364:0147|218:0040:02A8:0356:0142|219:0040:02B8:0363:0157
round4_castle,0xDC,3774,0x0002,0x0003,0x0000,0x01,0x0056,0x0000,0x0001,actor_2c8,8,0x10C4C8,0x01,0x93,0x00,0x00,0x02,0x00,0x00,0x012B,0x02D0,0x033E,0x00,0x42,0x03,220,19,220:4042:02A0:0334:012C|221:4042:02B0:0335:012C|222:4042:02D8:0341:012C|223:4042:02C8:033F:012C|224:4042:02B8:0365:012C|225:4042:02D8:0340:011C|226:4042:02C8:033E:011C|227:4042:02B8:0364:011C|228:4042:02A8:0356:0121|229:4042:02B8:0363:010C
round4_castle,0xDC,3776,0x0002,0x0003,0x0000,0x01,0x0056,0x0000,0x0001,actor_2c8,8,0x10C4C8,0x01,0x93,0x00,0x00,0x02,0x00,0x00,0x0129,0x02D0,0x033E,0x00,0x42,0x03,220,19,220:4042:02A0:0334:012A|221:4042:02B0:0335:012A|222:4042:02D8:0341:012A|223:4042:02C8:033F:012A|224:4042:02B8:0365:012A|225:4042:02D8:0340:011A|226:4042:02C8:033E:011A|227:4042:02B8:0364:011A|228:4042:02A8:0356:011F|229:4042:02B8:0363:010A
round4_castle,0xDC,3778,0x0002,0x0003,0x0000,0x01,0x0056,0x0000,0x0001,actor_2c8,4,0x10C3C8,0x01,0x93,0x00,0x00,0x02,0x00,0x00,0x01F3,0x02D0,0x033E,0x00,0x40,0x03,180,10,180:4040:02A0:0334:01F4|181:4040:02B0:0335:01F4|182:4040:02D8:0341:01F4|183:4040:02C8:033F:01F4|184:4040:02B8:0365:01F4|185:4040:02D8:0340:01E4|186:4040:02C8:033E:01E4|187:4040:02B8:0364:01E4|188:4040:02A8:0356:01E9|189:4040:02B8:0363:01D4
round4_castle,0xDC,3778,0x0002,0x0003,0x0000,0x01,0x0056,0x0000,0x0001,actor_2c8,7,0x10C488,0x01,0x93,0x01,0x00,0x01,0x00,0x00,0x014B,0x02D0,0x033E,0x00,0x40,0x04,210,10,210:0040:02A0:03A2:0139|211:0040:02B0:03A3:0139|212:0040:02D8:0341:0139|213:0040:02C8:033F:0139|214:0040:02B8:0365:0139|215:0040:02D8:0340:0149|216:0040:02C8:033E:0149|217:0040:02B8:0364:0149|218:0040:02A8:0356:0144|219:0040:02B8:0363:0159
round4_castle,0xDC,3778,0x0002,0x0003,0x0000,0x01,0x0056,0x0000,0x0001,actor_2c8,8,0x10C4C8,0x01,0x93,0x00,0x00,0x02,0x00,0x00,0x0127,0x02D0,0x033E,0x00,0x42,0x03,220,19,220:4042:02A0:0334:0128|221:4042:02B0:0335:0128|222:4042:02D8:0341:0128|223:4042:02C8:033F:0128|224:4042:02B8:0365:0128|225:4042:02D8:0340:0118|226:4042:02C8:033E:0118|227:4042:02B8:0364:0118|228:4042:02A8:0356:011D|229:4042:02B8:0363:0108
round4_castle,0xDC,3780,0x0002,0x0003,0x0000,0x01,0x0056,0x0000,0x0001,actor_2c8,4,0x10C3C8,0x01,0x94,0x00,0x00,0x02,0x00,0x00,0x01F1,0x02D0,0x033E,0x00,0x40,0x03,180,10,180:4040:02A0:0334:01F2|181:4040:02B0:0335:01F2|182:4040:02D8:0345:01F2|183:4040:02C8:0343:01F2|184:4040:02B8:0365:01F2|185:4040:02D8:0344:01E2|186:4040:02C8:0342:01E2|187:4040:02B8:0364:01E2|188:4040:02A8:0356:01E7|189:4040:02B8:0363:01D2
round4_castle,0xDC,3780,0x0002,0x0003,0x0000,0x01,0x0056,0x0000,0x0001,actor_2c8,7,0x10C488,0x01,0x94,0x01,0x00,0x01,0x00,0x00,0x014D,0x02D0,0x033E,0x00,0x40,0x04,210,10,210:0040:02A0:03A2:013B|211:0040:02B0:03A3:013B|212:0040:02D8:0345:013B|213:0040:02C8:0343:013B|214:0040:02B8:0365:013B|215:0040:02D8:0344:014B|216:0040:02C8:0342:014B|217:0040:02B8:0364:014B|218:0040:02A8:0356:0146|219:0040:02B8:0363:015B
round4_castle,0xDC,3782,0x0002,0x0003,0x0000,0x01,0x0056,0x0000,0x0001,actor_2c8,4,0x10C3C8,0x01,0x94,0x00,0x00,0x02,0x00,0x00,0x01EF,0x02D0,0x033E,0x00,0x40,0x03,180,10,180:4040:02A0:0334:01F0|181:4040:02B0:0335:01F0|182:4040:02D8:0345:01F0|183:4040:02C8:0343:01F0|184:4040:02B8:0365:01F0|185:4040:02D8:0344:01E0|186:4040:02C8:0342:01E0|187:4040:02B8:0364:01E0|188:4040:02A8:0356:01E5|189:4040:02B8:0363:01D0
round4_castle,0xDC,3782,0x0002,0x0003,0x0000,0x01,0x0056,0x0000,0x0001,actor_2c8,5,0x10C408,0x01,0x94,0x01,0x00,0x01,0x00,0x00,0x013D,0x02D0,0x033E,0x00,0x40,0x00,190,10,190:0040:02A0:026B:012B|191:0040:02B0:026C:012B|192:0040:02D8:0345:012B|193:0040:02C8:0343:012B|194:0040:02B8:0365:012B|195:0040:02D8:0344:013B|196:0040:02C8:0342:013B|197:0040:02B8:0364:013B|198:0040:02A8:0356:0136|199:0040:02B8:0363:014B
round4_castle,0xDC,3782,0x0002,0x0003,0x0000,0x01,0x0056,0x0000,0x0001,actor_2c8,7,0x10C488,0x01,0x94,0x01,0x00,0x01,0x00,0x00,0x014F,0x02D0,0x033E,0x00,0x40,0x04,210,10,210:0040:02A0:03A2:013D|211:0040:02B0:03A3:013D|212:0040:02D8:0345:013D|213:0040:02C8:0343:013D|214:0040:02B8:0365:013D|215:0040:02D8:0344:014D|216:0040:02C8:0342:014D|217:0040:02B8:0364:014D|218:0040:02A8:0356:0148|219:0040:02B8:0363:015D
round4_castle,0xDC,3784,0x0002,0x0003,0x0000,0x01,0x0056,0x0000,0x0001,actor_2c8,4,0x10C3C8,0x01,0x94,0x00,0x00,0x02,0x00,0x00,0x01EF,0x02D0,0x033E,0x00,0x40,0x03,180,10,180:4040:02A0:0334:01EE|181:4040:02B0:0335:01EE|182:4040:02D8:0345:01EE|183:4040:02C8:0343:01EE|184:4040:02B8:0365:01EE|185:4040:02D8:0344:01DE|186:4040:02C8:0342:01DE|187:4040:02B8:0364:01DE|188:4040:02A8:0356:01E3|189:4040:02B8:0363:01CE
round4_castle,0xDC,3784,0x0002,0x0003,0x0000,0x01,0x0056,0x0000,0x0001,actor_2c8,7,0x10C488,0x01,0x94,0x01,0x00,0x01,0x00,0x00,0x014F,0x02D0,0x033E,0x00,0x40,0x04,210,10,210:0040:02A0:03A2:013F|211:0040:02B0:03A3:013F|212:0040:02D8:0345:013F|213:0040:02C8:0343:013F|214:0040:02B8:0365:013F|215:0040:02D8:0344:014F|216:0040:02C8:0342:014F|217:0040:02B8:0364:014F|218:0040:02A8:0356:014A|219:0040:02B8:0363:015F
round4_castle,0xDC,3786,0x0002,0x0003,0x0000,0x01,0x0056,0x0000,0x0001,actor_2c8,4,0x10C3C8,0x01,0x94,0x00,0x00,0x02,0x00,0x00,0x01ED,0x02D0,0x033E,0x00,0x40,0x03,180,10,180:4040:02A0:0334:01EC|181:4040:02B0:0335:01EC|182:4040:02D8:0345:01EC|183:4040:02C8:0343:01EC|184:4040:02B8:0365:01EC|185:4040:02D8:0344:01DC|186:4040:02C8:0342:01DC|187:4040:02B8:0364:01DC|188:4040:02A8:0356:01E1|189:4040:02B8:0363:01CC
round4_castle,0xDC,3786,0x0002,0x0003,0x0000,0x01,0x0056,0x0000,0x0001,actor_2c8,7,0x10C488,0x01,0x94,0x01,0x00,0x01,0x00,0x00,0x0151,0x02D0,0x033E,0x00,0x40,0x04,210,10,210:0040:02A0:03A2:0141|211:0040:02B0:03A3:0141|212:0040:02D8:0345:0141|213:0040:02C8:0343:0141|214:0040:02B8:0365:0141|215:0040:02D8:0344:0151|216:0040:02C8:0342:0151|217:0040:02B8:0364:0151|218:0040:02A8:0356:014C|219:0040:02B8:0363:0161
round4_castle,0xDC,3788,0x0002,0x0003,0x0000,0x01,0x0056,0x0000,0x0001,actor_2c8,4,0x10C3C8,0x01,0x95,0x00,0x00,0x02,0x00,0x00,0x01EB,0x02D0,0x033E,0x00,0x40,0x03,180,10,180:4040:02A0:0334:01EA|181:4040:02B0:0335:01EA|182:4040:02D8:0349:01EA|183:4040:02C8:0347:01EA|184:4040:02B8:0365:01EA|185:4040:02D8:0348:01DA|186:4040:02C8:0346:01DA|187:4040:02B8:0364:01DA|188:4040:02A8:0356:01DF|189:4040:02B8:0363:01CA
round4_castle,0xDC,3788,0x0002,0x0003,0x0000,0x01,0x0056,0x0000,0x0001,actor_2c8,5,0x10C408,0x01,0x95,0x01,0x00,0x01,0x00,0x00,0x0141,0x02D0,0x033E,0x00,0x40,0x00,190,10,190:0040:02A0:026B:0131|191:0040:02B0:026C:0131|192:0040:02D8:0349:0131|193:0040:02C8:0347:0131|194:0040:02B8:0365:0131|195:0040:02D8:0348:0141|196:0040:02C8:0346:0141|197:0040:02B8:0364:0141|198:0040:02A8:0356:013C|199:0040:02B8:0363:0151
round4_castle,0xDC,3788,0x0002,0x0003,0x0000,0x01,0x0056,0x0000,0x0001,actor_2c8,7,0x10C488,0x01,0x95,0x01,0x00,0x01,0x00,0x00,0x0153,0x02D0,0x033E,0x00,0x40,0x04,210,10,210:0040:02A0:03A2:0143|211:0040:02B0:03A3:0143|212:0040:02D8:0349:0143|213:0040:02C8:0347:0143|214:0040:02B8:0365:0143|215:0040:02D8:0348:0153|216:0040:02C8:0346:0153|217:0040:02B8:0364:0153|218:0040:02A8:0356:014E|219:0040:02B8:0363:0163
round4_castle,0xDC,3788,0x0002,0x0003,0x0000,0x01,0x0056,0x0000,0x0001,actor_2c8,8,0x10C4C8,0x01,0x95,0x00,0x00,0x02,0x00,0x00,0x011F,0x02D0,0x033E,0x00,0x42,0x03,220,19,220:4042:02A0:0334:011E|221:4042:02B0:0335:011E|222:4042:02D8:0349:011E|223:4042:02C8:0347:011E|224:4042:02B8:0365:011E|225:4042:02D8:0348:010E|226:4042:02C8:0346:010E|227:4042:02B8:0364:010E|228:4042:02A8:0356:0113|229:4042:02B8:0363:00FE
round4_castle,0xDC,3790,0x0002,0x0003,0x0000,0x01,0x0056,0x0000,0x0001,actor_2c8,4,0x10C3C8,0x01,0x95,0x00,0x00,0x02,0x00,0x00,0x01E9,0x02D0,0x033E,0x00,0x40,0x03,180,10,180:4040:02A0:0334:01E8|181:4040:02B0:0335:01E8|182:4040:02D8:0349:01E8|183:4040:02C8:0347:01E8|184:4040:02B8:0365:01E8|185:4040:02D8:0348:01D8|186:4040:02C8:0346:01D8|187:4040:02B8:0364:01D8|188:4040:02A8:0356:01DD|189:4040:02B8:0363:01C8
round4_castle,0xDC,3790,0x0002,0x0003,0x0000,0x01,0x0056,0x0000,0x0001,actor_2c8,5,0x10C408,0x01,0x95,0x01,0x00,0x01,0x00,0x00,0x0143,0x02D0,0x033E,0x00,0x40,0x00,190,10,190:0040:02A0:026B:0133|191:0040:02B0:026C:0133|192:0040:02D8:0349:0133|193:0040:02C8:0347:0133|194:0040:02B8:0365:0133|195:0040:02D8:0348:0143|196:0040:02C8:0346:0143|197:0040:02B8:0364:0143|198:0040:02A8:0356:013E|199:0040:02B8:0363:0153
round4_castle,0xDC,3790,0x0002,0x0003,0x0000,0x01,0x0056,0x0000,0x0001,actor_2c8,7,0x10C488,0x01,0x95,0x01,0x00,0x01,0x00,0x00,0x0155,0x02D0,0x033E,0x00,0x40,0x04,210,10,210:0040:02A0:03A2:0145|211:0040:02B0:03A3:0145|212:0040:02D8:0349:0145|213:0040:02C8:0347:0145|214:0040:02B8:0365:0145|215:0040:02D8:0348:0155|216:0040:02C8:0346:0155|217:0040:02B8:0364:0155|218:0040:02A8:0356:0150|219:0040:02B8:0363:0165
round4_castle,0xDC,3792,0x0002,0x0003,0x0000,0x01,0x0056,0x0000,0x0001,actor_2c8,7,0x10C488,0x01,0x95,0x01,0x00,0x01,0x00,0x00,0x0157,0x02D0,0x033E,0x00,0x40,0x04,210,10,210:0040:02A0:03A2:0147|211:0040:02B0:03A3:0147|212:0040:02D8:0349:0147|213:0040:02C8:0347:0147|214:0040:02B8:0365:0147|215:0040:02D8:0348:0157|216:0040:02C8:0346:0157|217:0040:02B8:0364:0157|218:0040:02A8:0356:0152|219:0040:02B8:0363:0167
round4_castle,0xDC,3796,0x0002,0x0003,0x0000,0x01,0x0056,0x0000,0x0001,actor_2c8,5,0x10C408,0x01,0x94,0x01,0x00,0x01,0x00,0x00,0x0149,0x02D0,0x033E,0x00,0x40,0x00,190,10,190:0040:02A0:026B:0137|191:0040:02B0:026C:0137|192:0040:02D8:0345:0137|193:0040:02C8:0343:0137|194:0040:02B8:0365:0137|195:0040:02D8:0344:0147|196:0040:02C8:0342:0147|197:0040:02B8:0364:0147|198:0040:02A8:0356:0142|199:0040:02B8:0363:0157
round4_castle,0xDC,3798,0x0002,0x0003,0x0000,0x01,0x0056,0x0000,0x0001,actor_2c8,5,0x10C408,0x01,0x94,0x01,0x00,0x01,0x00,0x00,0x014B,0x02D0,0x033E,0x00,0x40,0x00,190,10,190:0040:02A0:026B:0139|191:0040:02B0:026C:0139|192:0040:02D8:0345:0139|193:0040:02C8:0343:0139|194:0040:02B8:0365:0139|195:0040:02D8:0344:0149|196:0040:02C8:0342:0149|197:0040:02B8:0364:0149|198:0040:02A8:0356:0144|199:0040:02B8:0363:0159
round4_castle,0xDC,3804,0x0002,0x0003,0x0000,0x01,0x0056,0x0000,0x0001,actor_2c8,5,0x10C408,0x01,0x93,0x01,0x00,0x01,0x00,0x00,0x014F,0x02D0,0x033E,0x00,0x40,0x00,190,10,190:0040:02A0:026B:013F|191:0040:02B0:026C:013F|192:0040:02D8:0341:013F|193:0040:02C8:033F:013F|194:0040:02B8:0365:013F|195:0040:02D8:0340:014F|196:0040:02C8:033E:014F|197:0040:02B8:0364:014F|198:0040:02A8:0356:014A|199:0040:02B8:0363:015F
round4_castle,0xDC,3804,0x0002,0x0003,0x0000,0x01,0x0056,0x0000,0x0001,actor_2c8,8,0x10C4C8,0x01,0x93,0x00,0x00,0x02,0x00,0x00,0x0111,0x02D0,0x033E,0x00,0x42,0x03,220,19,220:4042:02A0:0334:0110|221:4042:02B0:0335:0110|222:4042:02D8:0341:0110|223:4042:02C8:033F:0110|224:4042:02B8:0365:0110|225:4042:02D8:0340:0100|226:4042:02C8:033E:0100|227:4042:02B8:0364:0100|228:4042:02A8:0356:0105|229:4042:02B8:0363:00F0
round4_castle,0xDC,3806,0x0002,0x0003,0x0000,0x01,0x0056,0x0000,0x0001,actor_2c8,5,0x10C408,0x01,0x93,0x01,0x00,0x01,0x00,0x00,0x0151,0x02D0,0x033E,0x00,0x40,0x00,190,10,190:0040:02A0:026B:0141|191:0040:02B0:026C:0141|192:0040:02D8:0341:0141|193:0040:02C8:033F:0141|194:0040:02B8:0365:0141|195:0040:02D8:0340:0151|196:0040:02C8:033E:0151|197:0040:02B8:0364:0151|198:0040:02A8:0356:014C|199:0040:02B8:0363:0161
round4_castle,0xDC,3812,0x0002,0x0003,0x0000,0x01,0x0056,0x0000,0x0001,actor_2c8,5,0x10C408,0x01,0x94,0x01,0x00,0x01,0x00,0x00,0x0157,0x02D0,0x033E,0x00,0x40,0x00,190,10,190:0040:02A0:026B:0147|191:0040:02B0:026C:0147|192:0040:02D8:0345:0147|193:0040:02C8:0343:0147|194:0040:02B8:0365:0147|195:0040:02D8:0344:0157|196:0040:02C8:0342:0157|197:0040:02B8:0364:0157|198:0040:02A8:0356:0152|199:0040:02B8:0363:0167
round4_castle,0xDC,3836,0x0002,0x0003,0x0000,0x01,0x0056,0x0000,0x0001,actor_2c8,8,0x10C4C8,0x01,0x93,0x01,0x00,0x01,0x00,0x00,0x0109,0x02D0,0x033E,0x00,0x42,0x03,220,19,220:0042:02A0:0334:00F9|221:0042:02B0:0335:00F9|222:0042:02D8:0341:00F9|223:0042:02C8:033F:00F9|224:0042:02B8:0365:00F9|225:0042:02D8:0340:0109|226:0042:02C8:033E:0109|227:0042:02B8:0364:0109|228:0042:02A8:0356:0104|229:0042:02B8:0363:0119
round4_castle,0xDC,3838,0x0002,0x0003,0x0000,0x01,0x0056,0x0000,0x0001,actor_2c8,8,0x10C4C8,0x01,0x93,0x01,0x00,0x01,0x00,0x00,0x010B,0x02D0,0x033E,0x00,0x42,0x03,220,19,220:0042:02A0:0334:00FB|221:0042:02B0:0335:00FB|222:0042:02D8:0341:00FB|223:0042:02C8:033F:00FB|224:0042:02B8:0365:00FB|225:0042:02D8:0340:010B|226:0042:02C8:033E:010B|227:0042:02B8:0364:010B|228:0042:02A8:0356:0106|229:0042:02B8:0363:011B
round4_castle,0xDC,3852,0x0002,0x0003,0x0000,0x01,0x0056,0x0000,0x0001,actor_2c8,8,0x10C4C8,0x01,0x95,0x01,0x00,0x01,0x00,0x00,0x0117,0x02D0,0x033E,0x00,0x42,0x03,220,19,220:0042:02A0:0334:0107|221:0042:02B0:0335:0107|222:0042:02D8:0349:0107|223:0042:02C8:0347:0107|224:0042:02B8:0365:0107|225:0042:02D8:0348:0117|226:0042:02C8:0346:0117|227:0042:02B8:0364:0117|228:0042:02A8:0356:0112|229:0042:02B8:0363:0127
round4_castle,0xDC,3854,0x0002,0x0003,0x0000,0x01,0x0056,0x0000,0x0001,actor_2c8,8,0x10C4C8,0x01,0x95,0x01,0x00,0x01,0x00,0x00,0x0119,0x02D0,0x033E,0x00,0x42,0x03,220,19,220:0042:02A0:0334:0109|221:0042:02B0:0335:0109|222:0042:02D8:0349:0109|223:0042:02C8:0347:0109|224:0042:02B8:0365:0109|225:0042:02D8:0348:0119|226:0042:02C8:0346:0119|227:0042:02B8:0364:0119|228:0042:02A8:0356:0114|229:0042:02B8:0363:0129
round4_castle,0xDC,3868,0x0002,0x0003,0x0000,0x01,0x0056,0x0000,0x0001,actor_2c8,8,0x10C4C8,0x01,0x93,0x01,0x00,0x01,0x00,0x00,0x0127,0x02D0,0x033E,0x00,0x42,0x03,220,19,220:0042:02A0:0334:0115|221:0042:02B0:0335:0115|222:0042:02D8:0341:0115|223:0042:02C8:033F:0115|224:0042:02B8:0365:0115|225:0042:02D8:0340:0125|226:0042:02C8:033E:0125|227:0042:02B8:0364:0125|228:0042:02A8:0356:0120|229:0042:02B8:0363:0135
round4_castle,0xDC,3870,0x0002,0x0003,0x0000,0x01,0x0056,0x0000,0x0001,actor_2c8,8,0x10C4C8,0x01,0x93,0x01,0x00,0x01,0x00,0x00,0x0127,0x02D0,0x033E,0x00,0x42,0x03,220,19,220:0042:02A0:0334:0117|221:0042:02B0:0335:0117|222:0042:02D8:0341:0117|223:0042:02C8:033F:0117|224:0042:02B8:0365:0117|225:0042:02D8:0340:0127|226:0042:02C8:033E:0127|227:0042:02B8:0364:0127|228:0042:02A8:0356:0122|229:0042:02B8:0363:0137
round4_castle,0xDC,3884,0x0002,0x0003,0x0000,0x01,0x0056,0x0000,0x0001,actor_2c8,8,0x10C4C8,0x01,0x95,0x01,0x00,0x01,0x00,0x00,0x0135,0x02D0,0x033E,0x00,0x42,0x03,220,19,220:0042:02A0:0334:0123|221:0042:02B0:0335:0123|222:0042:02D8:0349:0123|223:0042:02C8:0347:0123|224:0042:02B8:0365:0123|225:0042:02D8:0348:0133|226:0042:02C8:0346:0133|227:0042:02B8:0364:0133|228:0042:02A8:0356:012E|229:0042:02B8:0363:0143
round4_castle,0xDC,3886,0x0002,0x0003,0x0000,0x01,0x0056,0x0000,0x0001,actor_2c8,8,0x10C4C8,0x01,0x95,0x01,0x00,0x01,0x00,0x00,0x0137,0x02D0,0x033E,0x00,0x42,0x03,220,19,220:0042:02A0:0334:0125|221:0042:02B0:0335:0125|222:0042:02D8:0349:0125|223:0042:02C8:0347:0125|224:0042:02B8:0365:0125|225:0042:02D8:0348:0135|226:0042:02C8:0346:0135|227:0042:02B8:0364:0135|228:0042:02A8:0356:0130|229:0042:02B8:0363:0145
round4_castle,0xDC,3890,0x0002,0x0003,0x0000,0x01,0x0056,0x0000,0x0001,actor_2c8,8,0x10C4C8,0x01,0x95,0x00,0x00,0x02,0x00,0x00,0x0135,0x02D0,0x033E,0x00,0x42,0x03,220,19,220:4042:02A0:0334:0134|221:4042:02B0:0335:0134|222:4042:02D8:0349:0134|223:4042:02C8:0347:0134|224:4042:02B8:0365:0134|225:4042:02D8:0348:0124|226:4042:02C8:0346:0124|227:4042:02B8:0364:0124|228:4042:02A8:0356:0129|229:4042:02B8:0363:0114
round4_castle,0xDC,3906,0x0002,0x0003,0x0000,0x01,0x0056,0x0000,0x0001,actor_2c8,8,0x10C4C8,0x01,0x93,0x00,0x00,0x02,0x00,0x00,0x0127,0x02D0,0x033E,0x00,0x42,0x03,220,19,220:4042:02A0:0334:0126|221:4042:02B0:0335:0126|222:4042:02D8:0341:0126|223:4042:02C8:033F:0126|224:4042:02B8:0365:0126|225:4042:02D8:0340:0116|226:4042:02C8:033E:0116|227:4042:02B8:0364:0116|228:4042:02A8:0356:011B|229:4042:02B8:0363:0106
round4_castle,0xDC,3912,0x0002,0x0003,0x0000,0x01,0x0056,0x0000,0x0001,actor_2c8,6,0x10C448,0x01,0x94,0x00,0x00,0x02,0x00,0x00,0x0145,0x02D0,0x033E,0x00,0x40,0x03,200,10,200:4040:02A0:0334:0144|201:4040:02B0:0335:0144|202:4040:02D8:0345:0144|203:4040:02C8:0343:0144|204:4040:02B8:0365:0144|205:4040:02D8:0344:0134|206:4040:02C8:0342:0134|207:4040:02B8:0364:0134|208:4040:02A8:0356:0139|209:4040:02B8:0363:0124
round4_castle,0xDC,3916,0x0002,0x0003,0x0000,0x01,0x0056,0x0000,0x0001,actor_2c8,6,0x10C448,0x01,0x95,0x00,0x00,0x02,0x00,0x00,0x0141,0x02D0,0x033E,0x00,0x40,0x03,200,10,200:4040:02A0:0334:0140|201:4040:02B0:0335:0140|202:4040:02D8:0349:0140|203:4040:02C8:0347:0140|204:4040:02B8:0365:0140|205:4040:02D8:0348:0130|206:4040:02C8:0346:0130|207:4040:02B8:0364:0130|208:4040:02A8:0356:0135|209:4040:02B8:0363:0120
round4_castle,0xDC,3918,0x0002,0x0003,0x0000,0x01,0x0056,0x0000,0x0001,actor_2c8,6,0x10C448,0x01,0x95,0x00,0x00,0x02,0x00,0x00,0x013F,0x02D0,0x033E,0x00,0x40,0x03,200,10,200:4040:02A0:0334:013E|201:4040:02B0:0335:013E|202:4040:02D8:0349:013E|203:4040:02C8:0347:013E|204:4040:02B8:0365:013E|205:4040:02D8:0348:012E|206:4040:02C8:0346:012E|207:4040:02B8:0364:012E|208:4040:02A8:0356:0133|209:4040:02B8:0363:011E
round4_castle,0xDC,3922,0x0002,0x0003,0x0000,0x01,0x0056,0x0000,0x0001,actor_2c8,6,0x10C448,0x01,0x95,0x00,0x00,0x02,0x00,0x00,0x013B,0x02D0,0x033E,0x00,0x40,0x03,200,10,200:4040:02A0:0334:013C|201:4040:02B0:0335:013C|202:4040:02D8:0349:013C|203:4040:02C8:0347:013C|204:4040:02B8:0365:013C|205:4040:02D8:0348:012C|206:4040:02C8:0346:012C|207:4040:02B8:0364:012C|208:4040:02A8:0356:0131|209:4040:02B8:0363:011C
round4_castle,0xDC,3926,0x0002,0x0003,0x0000,0x01,0x0056,0x0000,0x0001,actor_2c8,6,0x10C448,0x01,0x94,0x00,0x00,0x02,0x00,0x00,0x0137,0x02D0,0x033E,0x00,0x40,0x03,200,10,200:4040:02A0:0334:0138|201:4040:02B0:0335:0138|202:4040:02D8:0345:0138|203:4040:02C8:0343:0138|204:4040:02B8:0365:0138|205:4040:02D8:0344:0128|206:4040:02C8:0342:0128|207:4040:02B8:0364:0128|208:4040:02A8:0356:012D|209:4040:02B8:0363:0118
round4_castle,0xDC,3928,0x0002,0x0003,0x0000,0x01,0x0056,0x0000,0x0001,actor_2c8,6,0x10C448,0x01,0x94,0x00,0x00,0x02,0x00,0x00,0x0137,0x02D0,0x033E,0x00,0x40,0x03,200,10,200:4040:02A0:0334:0136|201:4040:02B0:0335:0136|202:4040:02D8:0345:0136|203:4040:02C8:0343:0136|204:4040:02B8:0365:0136|205:4040:02D8:0344:0126|206:4040:02C8:0342:0126|207:4040:02B8:0364:0126|208:4040:02A8:0356:012B|209:4040:02B8:0363:0116
round4_castle,0xDC,3932,0x0002,0x0003,0x0000,0x01,0x0056,0x0000,0x0001,actor_2c8,6,0x10C448,0x01,0x93,0x00,0x00,0x02,0x00,0x00,0x0133,0x02D0,0x033E,0x00,0x40,0x03,200,10,200:4040:02A0:0334:0132|201:4040:02B0:0335:0132|202:4040:02D8:0341:0132|203:4040:02C8:033F:0132|204:4040:02B8:0365:0132|205:4040:02D8:0340:0122|206:4040:02C8:033E:0122|207:4040:02B8:0364:0122|208:4040:02A8:0356:0127|209:4040:02B8:0363:0112
round4_castle,0xDC,3936,0x0002,0x0003,0x0000,0x01,0x0056,0x0000,0x0001,actor_2c8,6,0x10C448,0x01,0x93,0x00,0x00,0x02,0x00,0x00,0x012F,0x02D0,0x033E,0x00,0x40,0x03,200,10,200:4040:02A0:0334:012E|201:4040:02B0:0335:012E|202:4040:02D8:0341:012E|203:4040:02C8:033F:012E|204:4040:02B8:0365:012E|205:4040:02D8:0340:011E|206:4040:02C8:033E:011E|207:4040:02B8:0364:011E|208:4040:02A8:0356:0123|209:4040:02B8:0363:010E
round4_castle,0xDC,3940,0x0002,0x0003,0x0000,0x01,0x0056,0x0000,0x0001,actor_2c8,6,0x10C448,0x01,0x94,0x00,0x00,0x02,0x00,0x00,0x012B,0x02D0,0x033E,0x00,0x40,0x03,200,10,200:4040:02A0:0334:012C|201:4040:02B0:0335:012C|202:4040:02D8:0345:012C|203:4040:02C8:0343:012C|204:4040:02B8:0365:012C|205:4040:02D8:0344:011C|206:4040:02C8:0342:011C|207:4040:02B8:0364:011C|208:4040:02A8:0356:0121|209:4040:02B8:0363:010C
round4_castle,0xDC,3942,0x0002,0x0003,0x0000,0x01,0x0056,0x0000,0x0001,actor_2c8,6,0x10C448,0x01,0x94,0x00,0x00,0x02,0x00,0x00,0x0129,0x02D0,0x033E,0x00,0x40,0x03,200,10,200:4040:02A0:0334:012A|201:4040:02B0:0335:012A|202:4040:02D8:0345:012A|203:4040:02C8:0343:012A|204:4040:02B8:0365:012A|205:4040:02D8:0344:011A|206:4040:02C8:0342:011A|207:4040:02B8:0364:011A|208:4040:02A8:0356:011F|209:4040:02B8:0363:010A
round4_castle,0xDC,3944,0x0002,0x0003,0x0000,0x01,0x0056,0x0000,0x0001,actor_2c8,6,0x10C448,0x01,0x94,0x00,0x00,0x02,0x00,0x00,0x0127,0x02D0,0x033E,0x00,0x40,0x03,200,10,200:4040:02A0:0334:0128|201:4040:02B0:0335:0128|202:4040:02D8:0345:0128|203:4040:02C8:0343:0128|204:4040:02B8:0365:0128|205:4040:02D8:0344:0118|206:4040:02C8:0342:0118|207:4040:02B8:0364:0118|208:4040:02A8:0356:011D|209:4040:02B8:0363:0108
round4_castle,0xDC,3948,0x0002,0x0003,0x0000,0x01,0x0056,0x0000,0x0001,actor_2c8,6,0x10C448,0x01,0x95,0x00,0x00,0x02,0x00,0x00,0x0125,0x02D0,0x033E,0x00,0x40,0x03,200,10,200:4040:02A0:0334:0124|201:4040:02B0:0335:0124|202:4040:02D8:0349:0124|203:4040:02C8:0347:0124|204:4040:02B8:0365:0124|205:4040:02D8:0348:0114|206:4040:02C8:0346:0114|207:4040:02B8:0364:0114|208:4040:02A8:0356:0119|209:4040:02B8:0363:0104
round4_castle,0xDC,3950,0x0002,0x0003,0x0000,0x01,0x0056,0x0000,0x0001,actor_2c8,6,0x10C448,0x01,0x95,0x00,0x00,0x02,0x00,0x00,0x0123,0x02D0,0x033E,0x00,0x40,0x03,200,10,200:4040:02A0:0334:0122|201:4040:02B0:0335:0122|202:4040:02D8:0349:0122|203:4040:02C8:0347:0122|204:4040:02B8:0365:0122|205:4040:02D8:0348:0112|206:4040:02C8:0346:0112|207:4040:02B8:0364:0112|208:4040:02A8:0356:0117|209:4040:02B8:0363:0102
round4_castle,0xDC,3952,0x0002,0x0003,0x0000,0x01,0x0056,0x0000,0x0001,actor_2c8,6,0x10C448,0x01,0x95,0x00,0x00,0x02,0x00,0x00,0x0121,0x02D0,0x033E,0x00,0x40,0x03,200,10,200:4040:02A0:0334:0120|201:4040:02B0:0335:0120|202:4040:02D8:0349:0120|203:4040:02C8:0347:0120|204:4040:02B8:0365:0120|205:4040:02D8:0348:0110|206:4040:02C8:0346:0110|207:4040:02B8:0364:0110|208:4040:02A8:0356:0115|209:4040:02B8:0363:0100
round4_castle,0xDC,3954,0x0002,0x0003,0x0000,0x01,0x0056,0x0000,0x0001,actor_2c8,6,0x10C448,0x01,0x95,0x00,0x00,0x02,0x00,0x00,0x011F,0x02D0,0x033E,0x00,0x40,0x03,200,10,200:4040:02A0:0334:011E|201:4040:02B0:0335:011E|202:4040:02D8:0349:011E|203:4040:02C8:0347:011E|204:4040:02B8:0365:011E|205:4040:02D8:0348:010E|206:4040:02C8:0346:010E|207:4040:02B8:0364:010E|208:4040:02A8:0356:0113|209:4040:02B8:0363:00FE
round4_castle,0xDC,3956,0x0002,0x0003,0x0000,0x01,0x0056,0x0000,0x0001,actor_2c8,6,0x10C448,0x01,0x94,0x00,0x00,0x02,0x00,0x00,0x011D,0x02D0,0x033E,0x00,0x40,0x03,200,10,200:4040:02A0:0334:011E|201:4040:02B0:0335:011E|202:4040:02D8:0345:011E|203:4040:02C8:0343:011E|204:4040:02B8:0365:011E|205:4040:02D8:0344:010E|206:4040:02C8:0342:010E|207:4040:02B8:0364:010E|208:4040:02A8:0356:0113|209:4040:02B8:0363:00FE
round4_castle,0xDC,3958,0x0002,0x0003,0x0000,0x01,0x0056,0x0000,0x0001,actor_2c8,6,0x10C448,0x01,0x94,0x00,0x00,0x02,0x00,0x00,0x011B,0x02D0,0x033E,0x00,0x40,0x03,200,10,200:4040:02A0:0334:011C|201:4040:02B0:0335:011C|202:4040:02D8:0345:011C|203:4040:02C8:0343:011C|204:4040:02B8:0365:011C|205:4040:02D8:0344:010C|206:4040:02C8:0342:010C|207:4040:02B8:0364:010C|208:4040:02A8:0356:0111|209:4040:02B8:0363:00FC
round4_castle,0xDC,3964,0x0002,0x0003,0x0000,0x01,0x0056,0x0000,0x0001,actor_2c8,6,0x10C448,0x01,0x93,0x00,0x00,0x02,0x00,0x00,0x0117,0x02D0,0x033E,0x00,0x40,0x03,200,10,200:4040:02A0:0334:0116|201:4040:02B0:0335:0116|202:4040:02D8:0341:0116|203:4040:02C8:033F:0116|204:4040:02B8:0365:0116|205:4040:02D8:0340:0106|206:4040:02C8:033E:0106|207:4040:02B8:0364:0106|208:4040:02A8:0356:010B|209:4040:02B8:0363:00F6
round4_castle,0xDC,3966,0x0002,0x0003,0x0000,0x01,0x0056,0x0000,0x0001,actor_2c8,6,0x10C448,0x01,0x93,0x00,0x00,0x02,0x00,0x00,0x0115,0x02D0,0x033E,0x00,0x40,0x03,200,10,200:4040:02A0:0334:0114|201:4040:02B0:0335:0114|202:4040:02D8:0341:0114|203:4040:02C8:033F:0114|204:4040:02B8:0365:0114|205:4040:02D8:0340:0104|206:4040:02C8:033E:0104|207:4040:02B8:0364:0104|208:4040:02A8:0356:0109|209:4040:02B8:0363:00F4
round4_castle,0xDC,3968,0x0002,0x0003,0x0000,0x01,0x0056,0x0000,0x0001,actor_2c8,6,0x10C448,0x01,0x93,0x00,0x00,0x02,0x00,0x00,0x0113,0x02D0,0x033E,0x00,0x40,0x03,200,10,200:4040:02A0:0334:0112|201:4040:02B0:0335:0112|202:4040:02D8:0341:0112|203:4040:02C8:033F:0112|204:4040:02B8:0365:0112|205:4040:02D8:0340:0102|206:4040:02C8:033E:0102|207:4040:02B8:0364:0102|208:4040:02A8:0356:0107|209:4040:02B8:0363:00F2
round4_castle,0xDC,3970,0x0002,0x0003,0x0000,0x01,0x0056,0x0000,0x0001,actor_2c8,6,0x10C448,0x01,0x93,0x00,0x00,0x02,0x00,0x00,0x0111,0x02D0,0x033E,0x00,0x40,0x03,200,10,200:4040:02A0:0334:0110|201:4040:02B0:0335:0110|202:4040:02D8:0341:0110|203:4040:02C8:033F:0110|204:4040:02B8:0365:0110|205:4040:02D8:0340:0100|206:4040:02C8:033E:0100|207:4040:02B8:0364:0100|208:4040:02A8:0356:0105|209:4040:02B8:0363:00F0
round4_castle,0xDC,3972,0x0002,0x0003,0x0000,0x01,0x0056,0x0000,0x0001,actor_2c8,6,0x10C448,0x01,0x94,0x00,0x00,0x02,0x00,0x00,0x010F,0x02D0,0x033E,0x00,0x40,0x03,200,10,200:4040:02A0:0334:010E|201:4040:02B0:0335:010E|202:4040:02D8:0345:010E|203:4040:02C8:0343:010E|204:4040:02B8:0365:010E|205:4040:02D8:0344:00FE|206:4040:02C8:0342:00FE|207:4040:02B8:0364:00FE|208:4040:02A8:0356:0103|209:4040:02B8:0363:00EE
round4_castle,0xDC,3980,0x0002,0x0003,0x0000,0x01,0x0056,0x0000,0x0001,actor_2c8,6,0x10C448,0x01,0x95,0x01,0x00,0x01,0x00,0x00,0x0117,0x02D0,0x033E,0x00,0x40,0x03,200,10,200:0040:02A0:0334:0105|201:0040:02B0:0335:0105|202:0040:02D8:0349:0105|203:0040:02C8:0347:0105|204:0040:02B8:0365:0105|205:0040:02D8:0348:0115|206:0040:02C8:0346:0115|207:0040:02B8:0364:0115|208:0040:02A8:0356:0110|209:0040:02B8:0363:0125
round4_castle,0xDC,3982,0x0002,0x0003,0x0000,0x01,0x0056,0x0000,0x0001,actor_2c8,6,0x10C448,0x01,0x95,0x01,0x00,0x01,0x00,0x00,0x0117,0x02D0,0x033E,0x00,0x40,0x03,200,10,200:0040:02A0:0334:0107|201:0040:02B0:0335:0107|202:0040:02D8:0349:0107|203:0040:02C8:0347:0107|204:0040:02B8:0365:0107|205:0040:02D8:0348:0117|206:0040:02C8:0346:0117|207:0040:02B8:0364:0117|208:0040:02A8:0356:0112|209:0040:02B8:0363:0127
round4_castle,0xDC,3984,0x0002,0x0003,0x0000,0x01,0x0056,0x0000,0x0001,actor_2c8,6,0x10C448,0x01,0x95,0x01,0x00,0x01,0x00,0x00,0x0119,0x02D0,0x033E,0x00,0x40,0x03,200,10,200:0040:02A0:0334:0109|201:0040:02B0:0335:0109|202:0040:02D8:0349:0109|203:0040:02C8:0347:0109|204:0040:02B8:0365:0109|205:0040:02D8:0348:0119|206:0040:02C8:0346:0119|207:0040:02B8:0364:0119|208:0040:02A8:0356:0114|209:0040:02B8:0363:0129
round4_castle,0xDC,3986,0x0002,0x0003,0x0000,0x01,0x0056,0x0000,0x0001,actor_2c8,6,0x10C448,0x01,0x95,0x01,0x00,0x01,0x00,0x00,0x011B,0x02D0,0x033E,0x00,0x40,0x03,200,10,200:0040:02A0:0334:010B|201:0040:02B0:0335:010B|202:0040:02D8:0349:010B|203:0040:02C8:0347:010B|204:0040:02B8:0365:010B|205:0040:02D8:0348:011B|206:0040:02C8:0346:011B|207:0040:02B8:0364:011B|208:0040:02A8:0356:0116|209:0040:02B8:0363:012B
round4_castle,0xDC,3988,0x0002,0x0003,0x0000,0x01,0x0056,0x0000,0x0001,actor_2c8,7,0x10C488,0x01,0x94,0x00,0x00,0x02,0x00,0x00,0x0143,0x02D0,0x033E,0x00,0x40,0x04,210,10,210:4040:02A0:03A2:0144|211:4040:02B0:03A3:0144|212:4040:02D8:0345:0144|213:4040:02C8:0343:0144|214:4040:02B8:0365:0144|215:4040:02D8:0344:0134|216:4040:02C8:0342:0134|217:4040:02B8:0364:0134|218:4040:02A8:0356:0139|219:4040:02B8:0363:0124
round4_castle,0xDC,3996,0x0002,0x0003,0x0000,0x01,0x0056,0x0000,0x0001,actor_2c8,6,0x10C448,0x01,0x93,0x01,0x00,0x01,0x00,0x00,0x0125,0x02D0,0x033E,0x00,0x40,0x03,200,10,200:0040:02A0:0334:0113|201:0040:02B0:0335:0113|202:0040:02D8:0341:0113|203:0040:02C8:033F:0113|204:0040:02B8:0365:0113|205:0040:02D8:0340:0123|206:0040:02C8:033E:0123|207:0040:02B8:0364:0123|208:0040:02A8:0356:011E|209:0040:02B8:0363:0133
round4_castle,0xDC,3996,0x0002,0x0003,0x0000,0x01,0x0056,0x0000,0x0001,actor_2c8,7,0x10C488,0x01,0x93,0x00,0x00,0x02,0x00,0x00,0x013D,0x02D0,0x033E,0x00,0x40,0x04,210,10,210:4040:02A0:03A2:013C|211:4040:02B0:03A3:013C|212:4040:02D8:0341:013C|213:4040:02C8:033F:013C|214:4040:02B8:0365:013C|215:4040:02D8:0340:012C|216:4040:02C8:033E:012C|217:4040:02B8:0364:012C|218:4040:02A8:0356:0131|219:4040:02B8:0363:011C
round4_castle,0xDC,3998,0x0002,0x0003,0x0000,0x01,0x0056,0x0000,0x0001,actor_2c8,6,0x10C448,0x01,0x93,0x01,0x00,0x01,0x00,0x00,0x0127,0x02D0,0x033E,0x00,0x40,0x03,200,10,200:0040:02A0:0334:0115|201:0040:02B0:0335:0115|202:0040:02D8:0341:0115|203:0040:02C8:033F:0115|204:0040:02B8:0365:0115|205:0040:02D8:0340:0125|206:0040:02C8:033E:0125|207:0040:02B8:0364:0125|208:0040:02A8:0356:0120|209:0040:02B8:0363:0135
round4_castle,0xDC,4000,0x0002,0x0003,0x0000,0x01,0x0056,0x0000,0x0001,actor_2c8,6,0x10C448,0x01,0x93,0x01,0x00,0x01,0x00,0x00,0x0127,0x02D0,0x033E,0x00,0x40,0x03,200,10,200:0040:02A0:0334:0117|201:0040:02B0:0335:0117|202:0040:02D8:0341:0117|203:0040:02C8:033F:0117|204:0040:02B8:0365:0117|205:0040:02D8:0340:0127|206:0040:02C8:033E:0127|207:0040:02B8:0364:0127|208:0040:02A8:0356:0122|209:0040:02B8:0363:0137
round4_castle,0xDC,4002,0x0002,0x0003,0x0000,0x01,0x0056,0x0000,0x0001,actor_2c8,6,0x10C448,0x01,0x93,0x01,0x00,0x01,0x00,0x00,0x0129,0x02D0,0x033E,0x00,0x40,0x03,200,10,200:0040:02A0:0334:0119|201:0040:02B0:0335:0119|202:0040:02D8:0341:0119|203:0040:02C8:033F:0119|204:0040:02B8:0365:0119|205:0040:02D8:0340:0129|206:0040:02C8:033E:0129|207:0040:02B8:0364:0129|208:0040:02A8:0356:0124|209:0040:02B8:0363:0139
round4_castle,0xDC,4004,0x0002,0x0003,0x0000,0x01,0x0056,0x0000,0x0001,actor_2c8,7,0x10C488,0x01,0x94,0x00,0x00,0x02,0x00,0x00,0x0135,0x02D0,0x033E,0x00,0x40,0x04,210,10,210:4040:02A0:03A2:0136|211:4040:02B0:03A3:0136|212:4040:02D8:0345:0136|213:4040:02C8:0343:0136|214:4040:02B8:0365:0136|215:4040:02D8:0344:0126|216:4040:02C8:0342:0126|217:4040:02B8:0364:0126|218:4040:02A8:0356:012B|219:4040:02B8:0363:0116
round4_castle,0xDC,4012,0x0002,0x0003,0x0000,0x01,0x0056,0x0000,0x0001,actor_2c8,6,0x10C448,0x01,0x95,0x01,0x00,0x01,0x00,0x00,0x0133,0x02D0,0x033E,0x00,0x40,0x03,200,10,200:0040:02A0:0334:0121|201:0040:02B0:0335:0121|202:0040:02D8:0349:0121|203:0040:02C8:0347:0121|204:0040:02B8:0365:0121|205:0040:02D8:0348:0131|206:0040:02C8:0346:0131|207:0040:02B8:0364:0131|208:0040:02A8:0356:012C|209:0040:02B8:0363:0141
round4_castle,0xDC,4012,0x0002,0x0003,0x0000,0x01,0x0056,0x0000,0x0001,actor_2c8,7,0x10C488,0x01,0x95,0x00,0x00,0x02,0x00,0x00,0x012F,0x02D0,0x033E,0x00,0x40,0x04,210,10,210:4040:02A0:03A2:012E|211:4040:02B0:03A3:012E|212:4040:02D8:0349:012E|213:4040:02C8:0347:012E|214:4040:02B8:0365:012E|215:4040:02D8:0348:011E|216:4040:02C8:0346:011E|217:4040:02B8:0364:011E|218:4040:02A8:0356:0123|219:4040:02B8:0363:010E
round4_castle,0xDC,4014,0x0002,0x0003,0x0000,0x01,0x0056,0x0000,0x0001,actor_2c8,6,0x10C448,0x01,0x95,0x01,0x00,0x01,0x00,0x00,0x0135,0x02D0,0x033E,0x00,0x40,0x03,200,10,200:0040:02A0:0334:0123|201:0040:02B0:0335:0123|202:0040:02D8:0349:0123|203:0040:02C8:0347:0123|204:0040:02B8:0365:0123|205:0040:02D8:0348:0133|206:0040:02C8:0346:0133|207:0040:02B8:0364:0133|208:0040:02A8:0356:012E|209:0040:02B8:0363:0143
round4_castle,0xDC,4016,0x0002,0x0003,0x0000,0x01,0x0056,0x0000,0x0001,actor_2c8,6,0x10C448,0x01,0x95,0x01,0x00,0x01,0x00,0x00,0x0137,0x02D0,0x033E,0x00,0x40,0x03,200,10,200:0040:02A0:0334:0125|201:0040:02B0:0335:0125|202:0040:02D8:0349:0125|203:0040:02C8:0347:0125|204:0040:02B8:0365:0125|205:0040:02D8:0348:0135|206:0040:02C8:0346:0135|207:0040:02B8:0364:0135|208:0040:02A8:0356:0130|209:0040:02B8:0363:0145
round4_castle,0xDC,4020,0x0002,0x0003,0x0000,0x01,0x0056,0x0000,0x0001,actor_2c8,7,0x10C488,0x01,0x94,0x00,0x00,0x02,0x00,0x00,0x0127,0x02D0,0x033E,0x00,0x40,0x04,210,10,210:4040:02A0:03A2:0126|211:4040:02B0:03A3:0126|212:4040:02D8:0345:0126|213:4040:02C8:0343:0126|214:4040:02B8:0365:0126|215:4040:02D8:0344:0116|216:4040:02C8:0342:0116|217:4040:02B8:0364:0116|218:4040:02A8:0356:011B|219:4040:02B8:0363:0106
round4_castle,0xDC,4028,0x0002,0x0003,0x0000,0x01,0x0056,0x0000,0x0001,actor_2c8,6,0x10C448,0x01,0x93,0x01,0x00,0x01,0x00,0x00,0x0141,0x02D0,0x033E,0x00,0x40,0x03,200,10,200:0040:02A0:0334:012F|201:0040:02B0:0335:012F|202:0040:02D8:0341:012F|203:0040:02C8:033F:012F|204:0040:02B8:0365:012F|205:0040:02D8:0340:013F|206:0040:02C8:033E:013F|207:0040:02B8:0364:013F|208:0040:02A8:0356:013A|209:0040:02B8:0363:014F
round4_castle,0xDC,4030,0x0002,0x0003,0x0000,0x01,0x0056,0x0000,0x0001,actor_2c8,6,0x10C448,0x01,0x93,0x01,0x00,0x01,0x00,0x00,0x0143,0x02D0,0x033E,0x00,0x40,0x03,200,10,200:0040:02A0:0334:0131|201:0040:02B0:0335:0131|202:0040:02D8:0341:0131|203:0040:02C8:033F:0131|204:0040:02B8:0365:0131|205:0040:02D8:0340:0141|206:0040:02C8:033E:0141|207:0040:02B8:0364:0141|208:0040:02A8:0356:013C|209:0040:02B8:0363:0151
round4_castle,0xDC,4032,0x0002,0x0003,0x0000,0x01,0x0056,0x0000,0x0001,actor_2c8,4,0x10C3C8,0x01,0x93,0x01,0x00,0x01,0x00,0x00,0x0201,0x0030,0x033E,0x00,0x40,0x03,180,10,180:0040:0000:0334:01F1|181:0040:0010:0335:01F1|182:0040:0038:0341:01F1|183:0040:0028:033F:01F1|184:0040:0018:0365:01F1|185:0040:0038:0340:0201|186:0040:0028:033E:0201|187:0040:0018:0364:0201|188:0040:0008:0356:01FC|189:0040:0018:0363:0211
round4_castle,0xDC,4032,0x0002,0x0003,0x0000,0x01,0x0056,0x0000,0x0001,actor_2c8,6,0x10C448,0x01,0x93,0x01,0x00,0x01,0x00,0x00,0x0145,0x02D0,0x033E,0x00,0x40,0x03,200,10,200:0040:02A0:0334:0133|201:0040:02B0:0335:0133|202:0040:02D8:0341:0133|203:0040:02C8:033F:0133|204:0040:02B8:0365:0133|205:0040:02D8:0340:0143|206:0040:02C8:033E:0143|207:0040:02B8:0364:0143|208:0040:02A8:0356:013E|209:0040:02B8:0363:0153
round4_castle,0xDC,4034,0x0002,0x0003,0x0000,0x01,0x0056,0x0000,0x0001,actor_2c8,4,0x10C3C8,0x01,0x93,0x01,0x00,0x01,0x00,0x00,0x0203,0x0030,0x033E,0x00,0x40,0x03,180,10,180:0040:0000:0334:01F3|181:0040:0010:0335:01F3|182:0040:0038:0341:01F3|183:0040:0028:033F:01F3|184:0040:0018:0365:01F3|185:0040:0038:0340:0203|186:0040:0028:033E:0203|187:0040:0018:0364:0203|188:0040:0008:0356:01FE|189:0040:0018:0363:0213
round4_castle,0xDC,4034,0x0002,0x0003,0x0000,0x01,0x0056,0x0000,0x0001,actor_2c8,6,0x10C448,0x01,0x93,0x01,0x00,0x01,0x00,0x00,0x0147,0x02D0,0x033E,0x00,0x40,0x03,200,10,200:0040:02A0:0334:0135|201:0040:02B0:0335:0135|202:0040:02D8:0341:0135|203:0040:02C8:033F:0135|204:0040:02B8:0365:0135|205:0040:02D8:0340:0145|206:0040:02C8:033E:0145|207:0040:02B8:0364:0145|208:0040:02A8:0356:0140|209:0040:02B8:0363:0155
round4_castle,0xDC,4036,0x0002,0x0003,0x0000,0x01,0x0056,0x0000,0x0001,actor_2c8,4,0x10C3C8,0x01,0x94,0x01,0x00,0x01,0x00,0x00,0x0205,0x0030,0x033E,0x00,0x40,0x03,180,10,180:0040:0000:0334:01F5|181:0040:0010:0335:01F5|182:0040:0038:0345:01F5|183:0040:0028:0343:01F5|184:0040:0018:0365:01F5|185:0040:0038:0344:0205|186:0040:0028:0342:0205|187:0040:0018:0364:0205|188:0040:0008:0356:0200|189:0040:0018:0363:0215
round4_castle,0xDC,4038,0x0002,0x0003,0x0000,0x01,0x0056,0x0000,0x0001,actor_2c8,4,0x10C3C8,0x01,0x94,0x01,0x00,0x01,0x00,0x00,0x0207,0x0030,0x033E,0x00,0x40,0x03,180,10,180:0040:0000:0334:01F7|181:0040:0010:0335:01F7|182:0040:0038:0345:01F7|183:0040:0028:0343:01F7|184:0040:0018:0365:01F7|185:0040:0038:0344:0207|186:0040:0028:0342:0207|187:0040:0018:0364:0207|188:0040:0008:0356:0202|189:0040:0018:0363:0217
round4_castle,0xDC,4042,0x0002,0x0003,0x0000,0x01,0x0056,0x0000,0x0001,actor_2c8,4,0x10C3C8,0x01,0x94,0x01,0x00,0x01,0x00,0x00,0x020B,0x0030,0x033E,0x00,0x40,0x03,180,10,180:0040:0000:0334:01F9|181:0040:0010:0335:01F9|182:0040:0038:0345:01F9|183:0040:0028:0343:01F9|184:0040:0018:0365:01F9|185:0040:0038:0344:0209|186:0040:0028:0342:0209|187:0040:0018:0364:0209|188:0040:0008:0356:0204|189:0040:0018:0363:0219
round4_castle,0xDC,4044,0x0002,0x0003,0x0000,0x01,0x0056,0x0000,0x0001,actor_2c8,4,0x10C3C8,0x01,0x95,0x01,0x00,0x01,0x00,0x00,0x020D,0x0030,0x033E,0x00,0x40,0x03,180,10,180:0040:0000:0334:01FB|181:0040:0010:0335:01FB|182:0040:0038:0349:01FB|183:0040:0028:0347:01FB|184:0040:0018:0365:01FB|185:0040:0038:0348:020B|186:0040:0028:0346:020B|187:0040:0018:0364:020B|188:0040:0008:0356:0206|189:0040:0018:0363:021B
round4_castle,0xDC,4044,0x0002,0x0003,0x0000,0x01,0x0056,0x0000,0x0001,actor_2c8,6,0x10C448,0x01,0x95,0x01,0x00,0x01,0x00,0x00,0x014F,0x02D0,0x033E,0x00,0x40,0x03,200,10,200:0040:02A0:0334:013F|201:0040:02B0:0335:013F|202:0040:02D8:0349:013F|203:0040:02C8:0347:013F|204:0040:02B8:0365:013F|205:0040:02D8:0348:014F|206:0040:02C8:0346:014F|207:0040:02B8:0364:014F|208:0040:02A8:0356:014A|209:0040:02B8:0363:015F
round4_castle,0xDC,4046,0x0002,0x0003,0x0000,0x01,0x0056,0x0000,0x0001,actor_2c8,4,0x10C3C8,0x01,0x95,0x01,0x00,0x01,0x00,0x00,0x020F,0x0030,0x033E,0x00,0x40,0x03,180,10,180:0040:0000:0334:01FD|181:0040:0010:0335:01FD|182:0040:0038:0349:01FD|183:0040:0028:0347:01FD|184:0040:0018:0365:01FD|185:0040:0038:0348:020D|186:0040:0028:0346:020D|187:0040:0018:0364:020D|188:0040:0008:0356:0208|189:0040:0018:0363:021D
round4_castle,0xDC,4048,0x0002,0x0003,0x0000,0x01,0x0056,0x0000,0x0001,actor_2c8,4,0x10C3C8,0x01,0x95,0x01,0x00,0x01,0x00,0x00,0x020F,0x0030,0x033E,0x00,0x40,0x03,180,10,180:0040:0000:0334:01FF|181:0040:0010:0335:01FF|182:0040:0038:0349:01FF|183:0040:0028:0347:01FF|184:0040:0018:0365:01FF|185:0040:0038:0348:020F|186:0040:0028:0346:020F|187:0040:0018:0364:020F|188:0040:0008:0356:020A|189:0040:0018:0363:021F
round4_castle,0xDC,4048,0x0002,0x0003,0x0000,0x01,0x0056,0x0000,0x0001,actor_2c8,6,0x10C448,0x01,0x95,0x01,0x00,0x01,0x00,0x00,0x0153,0x02D0,0x033E,0x00,0x40,0x03,200,10,200:0040:02A0:0334:0141|201:0040:02B0:0335:0141|202:0040:02D8:0349:0141|203:0040:02C8:0347:0141|204:0040:02B8:0365:0141|205:0040:02D8:0348:0151|206:0040:02C8:0346:0151|207:0040:02B8:0364:0151|208:0040:02A8:0356:014C|209:0040:02B8:0363:0161
round4_castle,0xDC,4050,0x0002,0x0003,0x0000,0x01,0x0056,0x0000,0x0001,actor_2c8,4,0x10C3C8,0x01,0x95,0x01,0x00,0x01,0x00,0x00,0x0211,0x0030,0x033E,0x00,0x40,0x03,180,10,180:0040:0000:0334:0201|181:0040:0010:0335:0201|182:0040:0038:0349:0201|183:0040:0028:0347:0201|184:0040:0018:0365:0201|185:0040:0038:0348:0211|186:0040:0028:0346:0211|187:0040:0018:0364:0211|188:0040:0008:0356:020C|189:0040:0018:0363:0221
round4_castle,0xDC,4050,0x0002,0x0003,0x0000,0x01,0x0056,0x0000,0x0001,actor_2c8,6,0x10C448,0x01,0x95,0x01,0x00,0x01,0x00,0x00,0x0155,0x02D0,0x033E,0x00,0x40,0x03,200,10,200:0040:02A0:0334:0143|201:0040:02B0:0335:0143|202:0040:02D8:0349:0143|203:0040:02C8:0347:0143|204:0040:02B8:0365:0143|205:0040:02D8:0348:0153|206:0040:02C8:0346:0153|207:0040:02B8:0364:0153|208:0040:02A8:0356:014E|209:0040:02B8:0363:0163
round4_castle,0xDC,4052,0x0002,0x0003,0x0000,0x01,0x0056,0x0000,0x0001,actor_2c8,4,0x10C3C8,0x01,0x94,0x01,0x00,0x01,0x00,0x00,0x0213,0x0030,0x033E,0x00,0x40,0x03,180,10,180:0040:0000:0334:0203|181:0040:0010:0335:0203|182:0040:0038:0345:0203|183:0040:0028:0343:0203|184:0040:0018:0365:0203|185:0040:0038:0344:0213|186:0040:0028:0342:0213|187:0040:0018:0364:0213|188:0040:0008:0356:020E|189:0040:0018:0363:0223
round4_castle,0xDC,4054,0x0002,0x0003,0x0000,0x01,0x0056,0x0000,0x0001,actor_2c8,4,0x10C3C8,0x01,0x94,0x01,0x00,0x01,0x00,0x00,0x0215,0x0030,0x033E,0x00,0x40,0x03,180,10,180:0040:0000:0334:0205|181:0040:0010:0335:0205|182:0040:0038:0345:0205|183:0040:0028:0343:0205|184:0040:0018:0365:0205|185:0040:0038:0344:0215|186:0040:0028:0342:0215|187:0040:0018:0364:0215|188:0040:0008:0356:0210|189:0040:0018:0363:0225
round4_castle,0xDC,4056,0x0002,0x0003,0x0000,0x01,0x0056,0x0000,0x0001,actor_2c8,4,0x10C3C8,0x01,0x94,0x01,0x00,0x01,0x00,0x00,0x0217,0x0030,0x033E,0x00,0x40,0x03,180,10,180:0040:0000:0334:0207|181:0040:0010:0335:0207|182:0040:0038:0345:0207|183:0040:0028:0343:0207|184:0040:0018:0365:0207|185:0040:0038:0344:0217|186:0040:0028:0342:0217|187:0040:0018:0364:0217|188:0040:0008:0356:0212|189:0040:0018:0363:0227
round4_castle,0xDC,4060,0x0002,0x0003,0x0000,0x01,0x0056,0x0000,0x0001,actor_2c8,4,0x10C3C8,0x01,0x93,0x01,0x00,0x01,0x00,0x00,0x021B,0x0030,0x033E,0x00,0x40,0x03,180,10,180:0040:0000:0334:0209|181:0040:0010:0335:0209|182:0040:0038:0341:0209|183:0040:0028:033F:0209|184:0040:0018:0365:0209|185:0040:0038:0340:0219|186:0040:0028:033E:0219|187:0040:0018:0364:0219|188:0040:0008:0356:0214|189:0040:0018:0363:0229
round4_castle,0xDC,4060,0x0002,0x0003,0x0000,0x01,0x0056,0x0000,0x0001,actor_2c8,5,0x10C408,0x01,0x93,0x00,0x00,0x02,0x00,0x00,0x013F,0x02D0,0x033E,0x00,0x40,0x00,190,10,190:4040:02A0:026B:0140|191:4040:02B0:026C:0140|192:4040:02D8:0341:0140|193:4040:02C8:033F:0140|194:4040:02B8:0365:0140|195:4040:02D8:0340:0130|196:4040:02C8:033E:0130|197:4040:02B8:0364:0130|198:4040:02A8:0356:0135|199:4040:02B8:0363:0120
round4_castle,0xDC,4060,0x0002,0x0003,0x0000,0x01,0x0056,0x0000,0x0001,actor_2c8,7,0x10C488,0x01,0x93,0x00,0x00,0x02,0x00,0x00,0x0123,0x02D0,0x033E,0x00,0x40,0x04,210,10,210:4040:02A0:03A2:0122|211:4040:02B0:03A3:0122|212:4040:02D8:0341:0122|213:4040:02C8:033F:0122|214:4040:02B8:0365:0122|215:4040:02D8:0340:0112|216:4040:02C8:033E:0112|217:4040:02B8:0364:0112|218:4040:02A8:0356:0117|219:4040:02B8:0363:0102
round4_castle,0xDC,4062,0x0002,0x0003,0x0000,0x01,0x0056,0x0000,0x0001,actor_2c8,4,0x10C3C8,0x01,0x93,0x01,0x00,0x01,0x00,0x00,0x021D,0x0030,0x033E,0x00,0x40,0x03,180,10,180:0040:0000:0334:020B|181:0040:0010:0335:020B|182:0040:0038:0341:020B|183:0040:0028:033F:020B|184:0040:0018:0365:020B|185:0040:0038:0340:021B|186:0040:0028:033E:021B|187:0040:0018:0364:021B|188:0040:0008:0356:0216|189:0040:0018:0363:022B
round4_castle,0xDC,4062,0x0002,0x0003,0x0000,0x01,0x0056,0x0000,0x0001,actor_2c8,5,0x10C408,0x01,0x93,0x00,0x00,0x02,0x00,0x00,0x013F,0x02D0,0x033E,0x00,0x40,0x00,190,10,190:4040:02A0:026B:013E|191:4040:02B0:026C:013E|192:4040:02D8:0341:013E|193:4040:02C8:033F:013E|194:4040:02B8:0365:013E|195:4040:02D8:0340:012E|196:4040:02C8:033E:012E|197:4040:02B8:0364:012E|198:4040:02A8:0356:0133|199:4040:02B8:0363:011E
round4_castle,0xDC,4062,0x0002,0x0003,0x0000,0x01,0x0056,0x0000,0x0001,actor_2c8,7,0x10C488,0x01,0x93,0x00,0x00,0x02,0x00,0x00,0x0121,0x02D0,0x033E,0x00,0x40,0x04,210,10,210:4040:02A0:03A2:0120|211:4040:02B0:03A3:0120|212:4040:02D8:0341:0120|213:4040:02C8:033F:0120|214:4040:02B8:0365:0120|215:4040:02D8:0340:0110|216:4040:02C8:033E:0110|217:4040:02B8:0364:0110|218:4040:02A8:0356:0115|219:4040:02B8:0363:0100
round4_castle,0xDC,4062,0x0002,0x0003,0x0000,0x01,0x0056,0x0000,0x0001,actor_2c8,8,0x10C4C8,0x01,0x93,0x01,0x00,0x01,0x00,0x00,0x0123,0x02D0,0x033E,0x00,0x42,0x03,220,19,220:0042:02A0:0334:0111|221:0042:02B0:0335:0111|222:0042:02D8:0341:0111|223:0042:02C8:033F:0111|224:0042:02B8:0365:0111|225:0042:02D8:0340:0121|226:0042:02C8:033E:0121|227:0042:02B8:0364:0121|228:0042:02A8:0356:011C|229:0042:02B8:0363:0131
round4_castle,0xDC,4064,0x0002,0x0003,0x0000,0x01,0x0056,0x0000,0x0001,actor_2c8,4,0x10C3C8,0x01,0x93,0x01,0x00,0x01,0x00,0x00,0x021F,0x0030,0x033E,0x00,0x40,0x03,180,10,180:0040:0000:0334:020D|181:0040:0010:0335:020D|182:0040:0038:0341:020D|183:0040:0028:033F:020D|184:0040:0018:0365:020D|185:0040:0038:0340:021D|186:0040:0028:033E:021D|187:0040:0018:0364:021D|188:0040:0008:0356:0218|189:0040:0018:0363:022D
round4_castle,0xDC,4064,0x0002,0x0003,0x0000,0x01,0x0056,0x0000,0x0001,actor_2c8,7,0x10C488,0x01,0x93,0x00,0x00,0x02,0x00,0x00,0x011F,0x02D0,0x033E,0x00,0x40,0x04,210,10,210:4040:02A0:03A2:011E|211:4040:02B0:03A3:011E|212:4040:02D8:0341:011E|213:4040:02C8:033F:011E|214:4040:02B8:0365:011E|215:4040:02D8:0340:010E|216:4040:02C8:033E:010E|217:4040:02B8:0364:010E|218:4040:02A8:0356:0113|219:4040:02B8:0363:00FE
round4_castle,0xDC,4064,0x0002,0x0003,0x0000,0x01,0x0056,0x0000,0x0001,actor_2c8,8,0x10C4C8,0x01,0x93,0x01,0x00,0x01,0x00,0x00,0x0125,0x02D0,0x033E,0x00,0x42,0x03,220,19,220:0042:02A0:0334:0113|221:0042:02B0:0335:0113|222:0042:02D8:0341:0113|223:0042:02C8:033F:0113|224:0042:02B8:0365:0113|225:0042:02D8:0340:0123|226:0042:02C8:033E:0123|227:0042:02B8:0364:0123|228:0042:02A8:0356:011E|229:0042:02B8:0363:0133
round4_castle,0xDC,4066,0x0002,0x0003,0x0000,0x01,0x0056,0x0000,0x0001,actor_2c8,4,0x10C3C8,0x01,0x93,0x01,0x00,0x01,0x00,0x00,0x021F,0x0030,0x033E,0x00,0x40,0x03,180,10,180:0040:0000:0334:020F|181:0040:0010:0335:020F|182:0040:0038:0341:020F|183:0040:0028:033F:020F|184:0040:0018:0365:020F|185:0040:0038:0340:021F|186:0040:0028:033E:021F|187:0040:0018:0364:021F|188:0040:0008:0356:021A|189:0040:0018:0363:022F
round4_castle,0xDC,4068,0x0002,0x0003,0x0000,0x01,0x0056,0x0000,0x0001,actor_2c8,4,0x10C3C8,0x01,0x94,0x01,0x00,0x01,0x00,0x00,0x0221,0x0030,0x033E,0x00,0x40,0x03,180,10,180:0040:0000:0334:0211|181:0040:0010:0335:0211|182:0040:0038:0345:0211|183:0040:0028:0343:0211|184:0040:0018:0365:0211|185:0040:0038:0344:0221|186:0040:0028:0342:0221|187:0040:0018:0364:0221|188:0040:0008:0356:021C|189:0040:0018:0363:0231
round4_castle,0xDC,4068,0x0002,0x0003,0x0000,0x01,0x0056,0x0000,0x0001,actor_2c8,5,0x10C408,0x01,0x94,0x00,0x00,0x02,0x00,0x00,0x0139,0x02D0,0x033E,0x00,0x40,0x00,190,10,190:4040:02A0:026B:0138|191:4040:02B0:026C:0138|192:4040:02D8:0345:0138|193:4040:02C8:0343:0138|194:4040:02B8:0365:0138|195:4040:02D8:0344:0128|196:4040:02C8:0342:0128|197:4040:02B8:0364:0128|198:4040:02A8:0356:012D|199:4040:02B8:0363:0118
round4_castle,0xDC,4068,0x0002,0x0003,0x0000,0x01,0x0056,0x0000,0x0001,actor_2c8,7,0x10C488,0x01,0x94,0x00,0x00,0x02,0x00,0x00,0x011B,0x02D0,0x033E,0x00,0x40,0x04,210,10,210:4040:02A0:03A2:011C|211:4040:02B0:03A3:011C|212:4040:02D8:0345:011C|213:4040:02C8:0343:011C|214:4040:02B8:0365:011C|215:4040:02D8:0344:010C|216:4040:02C8:0342:010C|217:4040:02B8:0364:010C|218:4040:02A8:0356:0111|219:4040:02B8:0363:00FC
round4_castle,0xDC,4070,0x0002,0x0003,0x0000,0x01,0x0056,0x0000,0x0001,actor_2c8,4,0x10C3C8,0x01,0x94,0x01,0x00,0x01,0x00,0x00,0x0223,0x0030,0x033E,0x00,0x40,0x03,180,10,180:0040:0000:0334:0213|181:0040:0010:0335:0213|182:0040:0038:0345:0213|183:0040:0028:0343:0213|184:0040:0018:0365:0213|185:0040:0038:0344:0223|186:0040:0028:0342:0223|187:0040:0018:0364:0223|188:0040:0008:0356:021E|189:0040:0018:0363:0233
round4_castle,0xDC,4072,0x0002,0x0003,0x0000,0x01,0x0056,0x0000,0x0001,actor_2c8,4,0x10C3C8,0x01,0x94,0x01,0x00,0x01,0x00,0x00,0x0225,0x0030,0x033E,0x00,0x40,0x03,180,10,180:0040:0000:0334:0215|181:0040:0010:0335:0215|182:0040:0038:0345:0215|183:0040:0028:0343:0215|184:0040:0018:0365:0215|185:0040:0038:0344:0225|186:0040:0028:0342:0225|187:0040:0018:0364:0225|188:0040:0008:0356:0220|189:0040:0018:0363:0235
round4_castle,0xDC,4072,0x0002,0x0003,0x0000,0x01,0x0056,0x0000,0x0001,actor_2c8,7,0x10C488,0x01,0x94,0x00,0x00,0x02,0x00,0x00,0x0117,0x02D0,0x033E,0x00,0x40,0x04,210,10,210:4040:02A0:03A2:0118|211:4040:02B0:03A3:0118|212:4040:02D8:0345:0118|213:4040:02C8:0343:0118|214:4040:02B8:0365:0118|215:4040:02D8:0344:0108|216:4040:02C8:0342:0108|217:4040:02B8:0364:0108|218:4040:02A8:0356:010D|219:4040:02B8:0363:00F8
round4_castle,0xDC,4074,0x0002,0x0003,0x0000,0x01,0x0056,0x0000,0x0001,actor_2c8,4,0x10C3C8,0x01,0x94,0x01,0x00,0x01,0x00,0x00,0x0227,0x0030,0x033E,0x00,0x40,0x03,180,10,180:0040:0000:0334:0217|181:0040:0010:0335:0217|182:0040:0038:0345:0217|183:0040:0028:0343:0217|184:0040:0018:0365:0217|185:0040:0038:0344:0227|186:0040:0028:0342:0227|187:0040:0018:0364:0227|188:0040:0008:0356:0222|189:0040:0018:0363:0237
round4_castle,0xDC,4076,0x0002,0x0003,0x0000,0x01,0x0056,0x0000,0x0001,actor_2c8,4,0x10C3C8,0x01,0x95,0x01,0x00,0x01,0x00,0x00,0x0229,0x0030,0x033E,0x00,0x40,0x03,180,10,180:0040:0000:0334:0217|181:0040:0010:0335:0217|182:0040:0038:0349:0217|183:0040:0028:0347:0217|184:0040:0018:0365:0217|185:0040:0038:0348:0227|186:0040:0028:0346:0227|187:0040:0018:0364:0227|188:0040:0008:0356:0222|189:0040:0018:0363:0237
round4_castle,0xDC,4076,0x0002,0x0003,0x0000,0x01,0x0056,0x0000,0x0001,actor_2c8,5,0x10C408,0x01,0x95,0x00,0x00,0x02,0x00,0x00,0x0131,0x02D0,0x033E,0x00,0x40,0x00,190,10,190:4040:02A0:026B:0132|191:4040:02B0:026C:0132|192:4040:02D8:0349:0132|193:4040:02C8:0347:0132|194:4040:02B8:0365:0132|195:4040:02D8:0348:0122|196:4040:02C8:0346:0122|197:4040:02B8:0364:0122|198:4040:02A8:0356:0127|199:4040:02B8:0363:0112
round4_castle,0xDC,4076,0x0002,0x0003,0x0000,0x01,0x0056,0x0000,0x0001,actor_2c8,7,0x10C488,0x01,0x95,0x00,0x00,0x02,0x00,0x00,0x0115,0x02D0,0x033E,0x00,0x40,0x04,210,10,210:4040:02A0:03A2:0114|211:4040:02B0:03A3:0114|212:4040:02D8:0349:0114|213:4040:02C8:0347:0114|214:4040:02B8:0365:0114|215:4040:02D8:0348:0104|216:4040:02C8:0346:0104|217:4040:02B8:0364:0104|218:4040:02A8:0356:0109|219:4040:02B8:0363:00F4
round4_castle,0xDC,4076,0x0002,0x0003,0x0000,0x01,0x0056,0x0000,0x0001,actor_2c8,8,0x10C4C8,0x01,0x95,0x01,0x00,0x01,0x00,0x00,0x012F,0x02D0,0x033E,0x00,0x42,0x03,220,19,220:0042:02A0:0334:011F|221:0042:02B0:0335:011F|222:0042:02D8:0349:011F|223:0042:02C8:0347:011F|224:0042:02B8:0365:011F|225:0042:02D8:0348:012F|226:0042:02C8:0346:012F|227:0042:02B8:0364:012F|228:0042:02A8:0356:012A|229:0042:02B8:0363:013F
round4_castle,0xDC,4078,0x0002,0x0003,0x0000,0x01,0x0056,0x0000,0x0001,actor_2c8,4,0x10C3C8,0x01,0x95,0x01,0x00,0x01,0x00,0x00,0x022B,0x0030,0x033E,0x00,0x40,0x03,180,10,180:0040:0000:0334:0219|181:0040:0010:0335:0219|182:0040:0038:0349:0219|183:0040:0028:0347:0219|184:0040:0018:0365:0219|185:0040:0038:0348:0229|186:0040:0028:0346:0229|187:0040:0018:0364:0229|188:0040:0008:0356:0224|189:0040:0018:0363:0239
round4_castle,0xDC,4078,0x0002,0x0003,0x0000,0x01,0x0056,0x0000,0x0001,actor_2c8,5,0x10C408,0x01,0x95,0x00,0x00,0x02,0x00,0x00,0x012F,0x02D0,0x033E,0x00,0x40,0x00,190,10,190:4040:02A0:026B:0130|191:4040:02B0:026C:0130|192:4040:02D8:0349:0130|193:4040:02C8:0347:0130|194:4040:02B8:0365:0130|195:4040:02D8:0348:0120|196:4040:02C8:0346:0120|197:4040:02B8:0364:0120|198:4040:02A8:0356:0125|199:4040:02B8:0363:0110
round4_castle,0xDC,4078,0x0002,0x0003,0x0000,0x01,0x0056,0x0000,0x0001,actor_2c8,7,0x10C488,0x01,0x95,0x00,0x00,0x02,0x00,0x00,0x0113,0x02D0,0x033E,0x00,0x40,0x04,210,10,210:4040:02A0:03A2:0112|211:4040:02B0:03A3:0112|212:4040:02D8:0349:0112|213:4040:02C8:0347:0112|214:4040:02B8:0365:0112|215:4040:02D8:0348:0102|216:4040:02C8:0346:0102|217:4040:02B8:0364:0102|218:4040:02A8:0356:0107|219:4040:02B8:0363:00F2
round4_castle,0xDC,4080,0x0002,0x0003,0x0000,0x01,0x0056,0x0000,0x0001,actor_2c8,4,0x10C3C8,0x01,0x95,0x01,0x00,0x01,0x00,0x00,0x022D,0x0030,0x033E,0x00,0x40,0x03,180,10,180:0040:0000:0334:021B|181:0040:0010:0335:021B|182:0040:0038:0349:021B|183:0040:0028:0347:021B|184:0040:0018:0365:021B|185:0040:0038:0348:022B|186:0040:0028:0346:022B|187:0040:0018:0364:022B|188:0040:0008:0356:0226|189:0040:0018:0363:023B
round4_castle,0xDC,4080,0x0002,0x0003,0x0000,0x01,0x0056,0x0000,0x0001,actor_2c8,7,0x10C488,0x01,0x95,0x00,0x00,0x02,0x00,0x00,0x0111,0x02D0,0x033E,0x00,0x40,0x04,210,10,210:4040:02A0:03A2:0110|211:4040:02B0:03A3:0110|212:4040:02D8:0349:0110|213:4040:02C8:0347:0110|214:4040:02B8:0365:0110|215:4040:02D8:0348:0100|216:4040:02C8:0346:0100|217:4040:02B8:0364:0100|218:4040:02A8:0356:0105|219:4040:02B8:0363:00F0
round4_castle,0xDC,4080,0x0002,0x0003,0x0000,0x01,0x0056,0x0000,0x0001,actor_2c8,8,0x10C4C8,0x01,0x95,0x01,0x00,0x01,0x00,0x00,0x0133,0x02D0,0x033E,0x00,0x42,0x03,220,19,220:0042:02A0:0334:0121|221:0042:02B0:0335:0121|222:0042:02D8:0349:0121|223:0042:02C8:0347:0121|224:0042:02B8:0365:0121|225:0042:02D8:0348:0131|226:0042:02C8:0346:0131|227:0042:02B8:0364:0131|228:0042:02A8:0356:012C|229:0042:02B8:0363:0141
round4_castle,0xDC,4082,0x0002,0x0003,0x0000,0x01,0x0056,0x0000,0x0001,actor_2c8,4,0x10C3C8,0x01,0x95,0x01,0x00,0x01,0x00,0x00,0x022F,0x0030,0x033E,0x00,0x40,0x03,180,10,180:0040:0000:0334:021D|181:0040:0010:0335:021D|182:0040:0038:0349:021D|183:0040:0028:0347:021D|184:0040:0018:0365:021D|185:0040:0038:0348:022D|186:0040:0028:0346:022D|187:0040:0018:0364:022D|188:0040:0008:0356:0228|189:0040:0018:0363:023D
round4_castle,0xDC,4082,0x0002,0x0003,0x0000,0x01,0x0056,0x0000,0x0001,actor_2c8,7,0x10C488,0x01,0x95,0x00,0x00,0x02,0x00,0x00,0x010F,0x02D0,0x033E,0x00,0x40,0x04,210,10,210:4040:02A0:03A2:010E|211:4040:02B0:03A3:010E|212:4040:02D8:0349:010E|213:4040:02C8:0347:010E|214:4040:02B8:0365:010E|215:4040:02D8:0348:00FE|216:4040:02C8:0346:00FE|217:4040:02B8:0364:00FE|218:4040:02A8:0356:0103|219:4040:02B8:0363:00EE
round4_castle,0xDC,4084,0x0002,0x0003,0x0000,0x01,0x0056,0x0000,0x0001,actor_2c8,4,0x10C3C8,0x01,0x94,0x01,0x00,0x01,0x00,0x00,0x022F,0x0030,0x033E,0x00,0x40,0x03,180,10,180:0040:0000:0334:021F|181:0040:0010:0335:021F|182:0040:0038:0345:021F|183:0040:0028:0343:021F|184:0040:0018:0365:021F|185:0040:0038:0344:022F|186:0040:0028:0342:022F|187:0040:0018:0364:022F|188:0040:0008:0356:022A|189:0040:0018:0363:023F
round4_castle,0xDC,4084,0x0002,0x0003,0x0000,0x01,0x0056,0x0000,0x0001,actor_2c8,5,0x10C408,0x01,0x94,0x00,0x00,0x02,0x00,0x00,0x012B,0x02D0,0x033E,0x00,0x40,0x00,190,10,190:4040:02A0:026B:012A|191:4040:02B0:026C:012A|192:4040:02D8:0345:012A|193:4040:02C8:0343:012A|194:4040:02B8:0365:012A|195:4040:02D8:0344:011A|196:4040:02C8:0342:011A|197:4040:02B8:0364:011A|198:4040:02A8:0356:011F|199:4040:02B8:0363:010A
round4_castle,0xDC,4086,0x0002,0x0003,0x0000,0x01,0x0056,0x0000,0x0001,actor_2c8,4,0x10C3C8,0x01,0x94,0x01,0x00,0x01,0x00,0x00,0x0231,0x0030,0x033E,0x00,0x40,0x03,180,10,180:0040:0000:0334:0221|181:0040:0010:0335:0221|182:0040:0038:0345:0221|183:0040:0028:0343:0221|184:0040:0018:0365:0221|185:0040:0038:0344:0231|186:0040:0028:0342:0231|187:0040:0018:0364:0231|188:0040:0008:0356:022C|189:0040:0018:0363:0241
round4_castle,0xDC,4086,0x0002,0x0003,0x0000,0x01,0x0056,0x0000,0x0001,actor_2c8,5,0x10C408,0x01,0x94,0x00,0x00,0x02,0x00,0x00,0x0129,0x02D0,0x033E,0x00,0x40,0x00,190,10,190:4040:02A0:026B:0128|191:4040:02B0:026C:0128|192:4040:02D8:0345:0128|193:4040:02C8:0343:0128|194:4040:02B8:0365:0128|195:4040:02D8:0344:0118|196:4040:02C8:0342:0118|197:4040:02B8:0364:0118|198:4040:02A8:0356:011D|199:4040:02B8:0363:0108
round4_castle,0xDC,4086,0x0002,0x0003,0x0000,0x01,0x0056,0x0000,0x0001,actor_2c8,7,0x10C488,0x01,0x94,0x00,0x00,0x02,0x00,0x00,0x010B,0x02D0,0x033E,0x00,0x40,0x04,210,10,210:4040:02A0:03A2:010C|211:4040:02B0:03A3:010C|212:4040:02D8:0345:010C|213:4040:02C8:0343:010C|214:4040:02B8:0365:010C|215:4040:02D8:0344:00FC|216:4040:02C8:0342:00FC|217:4040:02B8:0364:00FC|218:4040:02A8:0356:0101|219:4040:02B8:0363:00EC
round4_castle,0xDC,4088,0x0002,0x0003,0x0000,0x01,0x0056,0x0000,0x0001,actor_2c8,4,0x10C3C8,0x01,0x94,0x01,0x00,0x01,0x00,0x00,0x0233,0x0030,0x033E,0x00,0x40,0x03,180,10,180:0040:0000:0334:0223|181:0040:0010:0335:0223|182:0040:0038:0345:0223|183:0040:0028:0343:0223|184:0040:0018:0365:0223|185:0040:0038:0344:0233|186:0040:0028:0342:0233|187:0040:0018:0364:0233|188:0040:0008:0356:022E|189:0040:0018:0363:0243
round4_castle,0xDC,4088,0x0002,0x0003,0x0000,0x01,0x0056,0x0000,0x0001,actor_2c8,7,0x10C488,0x01,0x94,0x00,0x00,0x02,0x00,0x00,0x0109,0x02D0,0x033E,0x00,0x40,0x04,210,10,210:4040:02A0:03A2:010A|211:4040:02B0:03A3:010A|212:4040:02D8:0345:010A|213:4040:02C8:0343:010A|214:4040:02B8:0365:010A|215:4040:02D8:0344:00FA|216:4040:02C8:0342:00FA|217:4040:02B8:0364:00FA|218:4040:02A8:0356:00FF|219:4040:02B8:0363:00EA
round4_castle,0xDC,4090,0x0002,0x0003,0x0000,0x01,0x0056,0x0000,0x0001,actor_2c8,4,0x10C3C8,0x01,0x94,0x01,0x00,0x01,0x00,0x00,0x0235,0x0030,0x033E,0x00,0x40,0x03,180,10,180:0040:0000:0334:0225|181:0040:0010:0335:0225|182:0040:0038:0345:0225|183:0040:0028:0343:0225|184:0040:0018:0365:0225|185:0040:0038:0344:0235|186:0040:0028:0342:0235|187:0040:0018:0364:0235|188:0040:0008:0356:0230|189:0040:0018:0363:0245
round4_castle,0xDC,4090,0x0002,0x0003,0x0000,0x01,0x0056,0x0000,0x0001,actor_2c8,8,0x10C4C8,0x01,0x94,0x01,0x00,0x01,0x00,0x00,0x013B,0x02D0,0x033E,0x00,0x42,0x03,220,19,220:0042:02A0:0334:012B|221:0042:02B0:0335:012B|222:0042:02D8:0345:012B|223:0042:02C8:0343:012B|224:0042:02B8:0365:012B|225:0042:02D8:0344:013B|226:0042:02C8:0342:013B|227:0042:02B8:0364:013B|228:0042:02A8:0356:0136|229:0042:02B8:0363:014B
round4_castle,0xDC,4092,0x0002,0x0003,0x0000,0x01,0x0056,0x0000,0x0001,actor_2c8,4,0x10C3C8,0x01,0x93,0x01,0x00,0x01,0x00,0x00,0x0237,0x0030,0x033E,0x00,0x40,0x03,180,10,180:0040:0000:0334:0227|181:0040:0010:0335:0227|182:0040:0038:0341:0227|183:0040:0028:033F:0227|184:0040:0018:0365:0227|185:0040:0038:0340:0237|186:0040:0028:033E:0237|187:0040:0018:0364:0237|188:0040:0008:0356:0232|189:0040:0018:0363:0247
round4_castle,0xDC,4092,0x0002,0x0003,0x0000,0x01,0x0056,0x0000,0x0001,actor_2c8,5,0x10C408,0x01,0x93,0x00,0x00,0x02,0x00,0x00,0x0123,0x02D0,0x033E,0x00,0x40,0x00,190,10,190:4040:02A0:026B:0124|191:4040:02B0:026C:0124|192:4040:02D8:0341:0124|193:4040:02C8:033F:0124|194:4040:02B8:0365:0124|195:4040:02D8:0340:0114|196:4040:02C8:033E:0114|197:4040:02B8:0364:0114|198:4040:02A8:0356:0119|199:4040:02B8:0363:0104
round4_castle,0xDC,4092,0x0002,0x0003,0x0000,0x01,0x0056,0x0000,0x0001,actor_2c8,7,0x10C488,0x01,0x93,0x00,0x00,0x02,0x00,0x00,0x0107,0x02D0,0x033E,0x00,0x40,0x04,210,10,210:4040:02A0:03A2:0106|211:4040:02B0:03A3:0106|212:4040:02D8:0341:0106|213:4040:02C8:033F:0106|214:4040:02B8:0365:0106|215:4040:02D8:0340:00F6|216:4040:02C8:033E:00F6|217:4040:02B8:0364:00F6|218:4040:02A8:0356:00FB|219:4040:02B8:0363:00E6
round4_castle,0xDC,4092,0x0002,0x0003,0x0000,0x01,0x0056,0x0000,0x0001,actor_2c8,8,0x10C4C8,0x01,0x93,0x01,0x00,0x01,0x00,0x00,0x013D,0x02D0,0x033E,0x00,0x42,0x03,220,19,220:0042:02A0:0334:012D|221:0042:02B0:0335:012D|222:0042:02D8:0341:012D|223:0042:02C8:033F:012D|224:0042:02B8:0365:012D|225:0042:02D8:0340:013D|226:0042:02C8:033E:013D|227:0042:02B8:0364:013D|228:0042:02A8:0356:0138|229:0042:02B8:0363:014D
round4_castle,0xDC,4094,0x0002,0x0003,0x0000,0x01,0x0056,0x0000,0x0001,actor_2c8,5,0x10C408,0x01,0x93,0x00,0x00,0x02,0x00,0x00,0x0121,0x02D0,0x033E,0x00,0x40,0x00,190,10,190:4040:02A0:026B:0122|191:4040:02B0:026C:0122|192:4040:02D8:0341:0122|193:4040:02C8:033F:0122|194:4040:02B8:0365:0122|195:4040:02D8:0340:0112|196:4040:02C8:033E:0112|197:4040:02B8:0364:0112|198:4040:02A8:0356:0117|199:4040:02B8:0363:0102
round4_castle,0xDC,4094,0x0002,0x0003,0x0000,0x01,0x0056,0x0000,0x0001,actor_2c8,8,0x10C4C8,0x01,0x93,0x01,0x00,0x01,0x00,0x00,0x013F,0x02D0,0x033E,0x00,0x42,0x03,220,19,220:0042:02A0:0334:012F|221:0042:02B0:0335:012F|222:0042:02D8:0341:012F|223:0042:02C8:033F:012F|224:0042:02B8:0365:012F|225:0042:02D8:0340:013F|226:0042:02C8:033E:013F|227:0042:02B8:0364:013F|228:0042:02A8:0356:013A|229:0042:02B8:0363:014F
round4_castle,0xDC,4096,0x0002,0x0003,0x0000,0x01,0x0056,0x0000,0x0001,actor_2c8,4,0x10C3C8,0x01,0x93,0x01,0x00,0x01,0x00,0x00,0x023B,0x0030,0x033E,0x00,0x40,0x03,180,10,180:0040:0000:0334:0229|181:0040:0010:0335:0229|182:0040:0038:0341:0229|183:0040:0028:033F:0229|184:0040:0018:0365:0229|185:0040:0038:0340:0239|186:0040:0028:033E:0239|187:0040:0018:0364:0239|188:0040:0008:0356:0234|189:0040:0018:0363:0249
round4_castle,0xDC,4098,0x0002,0x0003,0x0000,0x01,0x0056,0x0000,0x0001,actor_2c8,4,0x10C3C8,0x01,0x93,0x01,0x00,0x01,0x00,0x00,0x023D,0x0030,0x033E,0x00,0x40,0x03,180,10,180:0040:0000:0334:022B|181:0040:0010:0335:022B|182:0040:0038:0341:022B|183:0040:0028:033F:022B|184:0040:0018:0365:022B|185:0040:0038:0340:023B|186:0040:0028:033E:023B|187:0040:0018:0364:023B|188:0040:0008:0356:0236|189:0040:0018:0363:024B
round4_castle,0xDC,4098,0x0002,0x0003,0x0000,0x01,0x0056,0x0000,0x0001,actor_2c8,8,0x10C4C8,0x01,0x93,0x01,0x00,0x01,0x00,0x00,0x0143,0x02D0,0x033E,0x00,0x42,0x03,220,19,220:0042:02A0:0334:0131|221:0042:02B0:0335:0131|222:0042:02D8:0341:0131|223:0042:02C8:033F:0131|224:0042:02B8:0365:0131|225:0042:02D8:0340:0141|226:0042:02C8:033E:0141|227:0042:02B8:0364:0141|228:0042:02A8:0356:013C|229:0042:02B8:0363:0151
round4_castle,0xDC,4100,0x0002,0x0003,0x0000,0x01,0x0056,0x0000,0x0001,actor_2c8,4,0x10C3C8,0x01,0x94,0x01,0x00,0x01,0x00,0x00,0x023F,0x0030,0x033E,0x00,0x40,0x03,180,10,180:0040:0000:0334:022D|181:0040:0010:0335:022D|182:0040:0038:0345:022D|183:0040:0028:0343:022D|184:0040:0018:0365:022D|185:0040:0038:0344:023D|186:0040:0028:0342:023D|187:0040:0018:0364:023D|188:0040:0008:0356:0238|189:0040:0018:0363:024D
round4_castle,0xDC,4100,0x0002,0x0003,0x0000,0x01,0x0056,0x0000,0x0001,actor_2c8,5,0x10C408,0x01,0x94,0x00,0x00,0x02,0x00,0x00,0x011D,0x02D0,0x033E,0x00,0x40,0x00,190,10,190:4040:02A0:026B:011C|191:4040:02B0:026C:011C|192:4040:02D8:0345:011C|193:4040:02C8:0343:011C|194:4040:02B8:0365:011C|195:4040:02D8:0344:010C|196:4040:02C8:0342:010C|197:4040:02B8:0364:010C|198:4040:02A8:0356:0111|199:4040:02B8:0363:00FC
round4_castle,0xDC,4102,0x0002,0x0003,0x0000,0x01,0x0056,0x0000,0x0001,actor_2c8,4,0x10C3C8,0x01,0x94,0x01,0x00,0x01,0x00,0x00,0x023F,0x0030,0x033E,0x00,0x40,0x03,180,10,180:0040:0000:0334:022F|181:0040:0010:0335:022F|182:0040:0038:0345:022F|183:0040:0028:0343:022F|184:0040:0018:0365:022F|185:0040:0038:0344:023F|186:0040:0028:0342:023F|187:0040:0018:0364:023F|188:0040:0008:0356:023A|189:0040:0018:0363:024F
round4_castle,0xDC,4102,0x0002,0x0003,0x0000,0x01,0x0056,0x0000,0x0001,actor_2c8,5,0x10C408,0x01,0x94,0x00,0x00,0x02,0x00,0x00,0x011B,0x02D0,0x033E,0x00,0x40,0x00,190,10,190:4040:02A0:026B:011A|191:4040:02B0:026C:011A|192:4040:02D8:0345:011A|193:4040:02C8:0343:011A|194:4040:02B8:0365:011A|195:4040:02D8:0344:010A|196:4040:02C8:0342:010A|197:4040:02B8:0364:010A|198:4040:02A8:0356:010F|199:4040:02B8:0363:00FA
round4_castle,0xDC,4102,0x0002,0x0003,0x0000,0x01,0x0056,0x0000,0x0001,actor_2c8,8,0x10C4C8,0x01,0x94,0x01,0x00,0x01,0x00,0x00,0x0147,0x02D0,0x033E,0x00,0x42,0x03,220,19,220:0042:02A0:0334:0135|221:0042:02B0:0335:0135|222:0042:02D8:0345:0135|223:0042:02C8:0343:0135|224:0042:02B8:0365:0135|225:0042:02D8:0344:0145|226:0042:02C8:0342:0145|227:0042:02B8:0364:0145|228:0042:02A8:0356:0140|229:0042:02B8:0363:0155
round4_castle,0xDC,4104,0x0002,0x0003,0x0000,0x01,0x0056,0x0000,0x0001,actor_2c8,4,0x10C3C8,0x01,0x93,0x01,0x00,0x1F,0x00,0x00,0x023F,0x0030,0x033E,0x00,0x40,0x03,180,10,180:0040:0000:0334:022F|181:0040:0010:0335:022F|182:0040:0038:0341:022F|183:0040:0028:033F:022F|184:0040:0018:0365:022F|185:0040:0038:0340:023F|186:0040:0028:033E:023F|187:0040:0018:0364:023F|188:0040:0008:0356:023A|189:0040:0018:0363:024F
round4_castle,0xDC,4104,0x0002,0x0003,0x0000,0x01,0x0056,0x0000,0x0001,actor_2c8,8,0x10C4C8,0x01,0x94,0x01,0x00,0x01,0x00,0x00,0x0147,0x02D0,0x033E,0x00,0x42,0x03,220,19,220:0042:02A0:0334:0137|221:0042:02B0:0335:0137|222:0042:02D8:0345:0137|223:0042:02C8:0343:0137|224:0042:02B8:0365:0137|225:0042:02D8:0344:0147|226:0042:02C8:0342:0147|227:0042:02B8:0364:0147|228:0042:02A8:0356:0142|229:0042:02B8:0363:0157
round4_castle,0xDC,4106,0x0002,0x0003,0x0000,0x01,0x0056,0x0000,0x0001,actor_2c8,4,0x10C3C8,0x01,0xA1,0x01,0x00,0x1F,0x00,0x00,0x023F,0x0030,0x033E,0x00,0x40,0x03,180,10,180:0040:0000:0334:022F|181:0040:0010:0335:022F|182:0040:0038:0341:022F|183:0040:0028:033F:022F|184:0040:0018:0365:022F|185:0040:0038:0340:023F|186:0040:0028:033E:023F|187:0040:0018:0364:023F|188:0040:0008:0356:023A|189:0040:0018:0363:024F
round4_castle,0xDC,4106,0x0002,0x0003,0x0000,0x01,0x0056,0x0000,0x0001,actor_2c8,8,0x10C4C8,0x01,0x94,0x01,0x00,0x01,0x00,0x00,0x0149,0x02D0,0x033E,0x00,0x42,0x03,220,19,220:0042:02A0:0334:0139|221:0042:02B0:0335:0139|222:0042:02D8:0345:0139|223:0042:02C8:0343:0139|224:0042:02B8:0365:0139|225:0042:02D8:0344:0149|226:0042:02C8:0342:0149|227:0042:02B8:0364:0149|228:0042:02A8:0356:0144|229:0042:02B8:0363:0159
round4_castle,0xDC,4108,0x0002,0x0003,0x0000,0x01,0x0056,0x0000,0x0001,actor_2c8,4,0x10C3C8,0x01,0xA1,0x01,0x00,0x1F,0x00,0x00,0x023F,0x0030,0x033E,0x00,0x40,0x03,180,10,180:0040:0000:0334:022F|181:0040:0010:0335:022F|182:0040:0018:0357:023F|183:0040:0008:0356:023A|184:0040:0018:0358:022F|185:0040:0038:0341:022F|186:0040:0028:033F:022F|187:0040:0038:0340:023F|188:0040:0028:033E:023F
round4_castle,0xDC,4108,0x0002,0x0003,0x0000,0x01,0x0056,0x0000,0x0001,actor_2c8,5,0x10C408,0x01,0x95,0x00,0x00,0x02,0x00,0x00,0x0115,0x02D0,0x033E,0x00,0x40,0x00,190,10,190:4040:02A0:026B:0116|191:4040:02B0:026C:0116|192:4040:02D8:0349:0116|193:4040:02C8:0347:0116|194:4040:02B8:0365:0116|195:4040:02D8:0348:0106|196:4040:02C8:0346:0106|197:4040:02B8:0364:0106|198:4040:02A8:0356:010B|199:4040:02B8:0363:00F6
round4_castle,0xDC,4108,0x0002,0x0003,0x0000,0x01,0x0056,0x0000,0x0001,actor_2c8,8,0x10C4C8,0x01,0x95,0x01,0x00,0x01,0x00,0x00,0x014B,0x02D0,0x033E,0x00,0x42,0x03,220,19,220:0042:02A0:0334:013B|221:0042:02B0:0335:013B|222:0042:02D8:0349:013B|223:0042:02C8:0347:013B|224:0042:02B8:0365:013B|225:0042:02D8:0348:014B|226:0042:02C8:0346:014B|227:0042:02B8:0364:014B|228:0042:02A8:0356:0146|229:0042:02B8:0363:015B
round4_castle,0xDC,4110,0x0002,0x0003,0x0000,0x01,0x0056,0x0000,0x0001,actor_2c8,4,0x10C3C8,0x01,0xA2,0x01,0x00,0x1F,0x00,0x00,0x023F,0x0030,0x033E,0x00,0x40,0x03,180,10,180:0040:0000:0336:0217|181:0040:0008:0337:021F|182:0040:0018:0338:0227|183:0040:0018:0359:023F|184:0040:0008:0356:023A|185:0040:0018:035A:022F|186:0040:0038:0341:022F|187:0040:0028:033F:022F|188:0040:0038:0340:023F|189:0040:0028:033E:023F
round4_castle,0xDC,4110,0x0002,0x0003,0x0000,0x01,0x0056,0x0000,0x0001,actor_2c8,5,0x10C408,0x01,0x95,0x00,0x00,0x02,0x00,0x00,0x0113,0x02D0,0x033E,0x00,0x40,0x00,190,10,190:4040:02A0:026B:0114|191:4040:02B0:026C:0114|192:4040:02D8:0349:0114|193:4040:02C8:0347:0114|194:4040:02B8:0365:0114|195:4040:02D8:0348:0104|196:4040:02C8:0346:0104|197:4040:02B8:0364:0104|198:4040:02A8:0356:0109|199:4040:02B8:0363:00F4
round4_castle,0xDC,4110,0x0002,0x0003,0x0000,0x01,0x0056,0x0000,0x0001,actor_2c8,8,0x10C4C8,0x01,0x95,0x01,0x00,0x01,0x00,0x00,0x014D,0x02D0,0x033E,0x00,0x42,0x03,220,19,220:0042:02A0:0334:013D|221:0042:02B0:0335:013D|222:0042:02D8:0349:013D|223:0042:02C8:0347:013D|224:0042:02B8:0365:013D|225:0042:02D8:0348:014D|226:0042:02C8:0346:014D|227:0042:02B8:0364:014D|228:0042:02A8:0356:0148|229:0042:02B8:0363:015D
round4_castle,0xDC,4112,0x0002,0x0003,0x0000,0x01,0x0056,0x0000,0x0001,actor_2c8,4,0x10C3C8,0x01,0xA3,0x01,0x00,0x1F,0x00,0x00,0x023F,0x0030,0x033E,0x00,0x40,0x03,180,10,180:0040:0000:0336:0217|181:0040:0008:0337:021F|182:0040:0018:0338:0227|183:0040:0018:0359:023F|184:0040:0008:0356:023A|185:0040:0018:035A:022F|186:0040:0038:0341:022F|187:0040:0028:033F:022F|188:0040:0038:0340:023F|189:0040:0028:033E:023F
round4_castle,0xDC,4112,0x0002,0x0003,0x0000,0x01,0x0056,0x0000,0x0001,actor_2c8,8,0x10C4C8,0x01,0x95,0x01,0x00,0x01,0x00,0x00,0x014F,0x02D0,0x033E,0x00,0x42,0x03,220,19,220:0042:02A0:0334:013F|221:0042:02B0:0335:013F|222:0042:02D8:0349:013F|223:0042:02C8:0347:013F|224:0042:02B8:0365:013F|225:0042:02D8:0348:014F|226:0042:02C8:0346:014F|227:0042:02B8:0364:014F|228:0042:02A8:0356:014A|229:0042:02B8:0363:015F
round4_castle,0xDC,4114,0x0002,0x0003,0x0000,0x01,0x0056,0x0000,0x0001,actor_2c8,4,0x10C3C8,0x01,0xA3,0x01,0x00,0x1F,0x00,0x00,0x023F,0x0030,0x033E,0x00,0x40,0x03,180,10,180:0040:0018:033A:0227|181:0040:0018:0339:0217|182:0040:0018:035B:023F|183:0040:0008:0356:023A|184:0040:0018:035C:022F|185:0040:0038:0341:022F|186:0040:0028:033F:022F|187:0040:0038:0340:023F|188:0040:0028:033E:023F
round4_castle,0xDC,4116,0x0002,0x0003,0x0000,0x01,0x0056,0x0000,0x0001,actor_2c8,4,0x10C3C8,0x01,0xA4,0x01,0x00,0x1F,0x00,0x00,0x023F,0x0030,0x033E,0x00,0x40,0x03,180,10,180:0040:0020:033B:022F|181:0040:0018:035D:023F|182:0040:0008:0356:023A|183:0040:0018:035E:022F|184:0040:0038:0341:022F|185:0040:0028:033F:022F|186:0040:0038:0340:023F|187:0040:0028:033E:023F
round4_castle,0xDC,4116,0x0002,0x0003,0x0000,0x01,0x0056,0x0000,0x0001,actor_2c8,5,0x10C408,0x01,0x94,0x00,0x00,0x02,0x00,0x00,0x010F,0x02D0,0x033E,0x00,0x40,0x00,190,10,190:4040:02A0:026B:010E|191:4040:02B0:026C:010E|192:4040:02D8:0345:010E|193:4040:02C8:0343:010E|194:4040:02B8:0365:010E|195:4040:02D8:0344:00FE|196:4040:02C8:0342:00FE|197:4040:02B8:0364:00FE|198:4040:02A8:0356:0103|199:4040:02B8:0363:00EE
round4_castle,0xDC,4116,0x0002,0x0003,0x0000,0x01,0x0056,0x0000,0x0001,actor_2c8,8,0x10C4C8,0x01,0x94,0x00,0x00,0x02,0x00,0x00,0x014B,0x02D0,0x033E,0x00,0x42,0x03,220,19,220:4042:02A0:0334:014C|221:4042:02B0:0335:014C|222:4042:02D8:0345:014C|223:4042:02C8:0343:014C|224:4042:02B8:0365:014C|225:4042:02D8:0344:013C|226:4042:02C8:0342:013C|227:4042:02B8:0364:013C|228:4042:02A8:0356:0141|229:4042:02B8:0363:012C
round4_castle,0xDC,4118,0x0002,0x0003,0x0000,0x01,0x0056,0x0000,0x0001,actor_2c8,4,0x10C3C8,0x01,0xA5,0x01,0x00,0x1F,0x00,0x00,0x023F,0x0030,0x033E,0x00,0x40,0x03,180,10,180:0040:0020:033B:022F|181:0040:0018:035D:023F|182:0040:0008:0356:023A|183:0040:0018:035E:022F|184:0040:0038:0341:022F|185:0040:0028:033F:022F|186:0040:0038:0340:023F|187:0040:0028:033E:023F
round4_castle,0xDC,4118,0x0002,0x0003,0x0000,0x01,0x0056,0x0000,0x0001,actor_2c8,5,0x10C408,0x01,0x94,0x00,0x00,0x02,0x00,0x00,0x010D,0x02D0,0x033E,0x00,0x40,0x00,190,10,190:4040:02A0:026B:010C|191:4040:02B0:026C:010C|192:4040:02D8:0345:010C|193:4040:02C8:0343:010C|194:4040:02B8:0365:010C|195:4040:02D8:0344:00FC|196:4040:02C8:0342:00FC|197:4040:02B8:0364:00FC|198:4040:02A8:0356:0101|199:4040:02B8:0363:00EC
round4_castle,0xDC,4118,0x0002,0x0003,0x0000,0x01,0x0056,0x0000,0x0001,actor_2c8,8,0x10C4C8,0x01,0x94,0x00,0x00,0x02,0x00,0x00,0x0149,0x02D0,0x033E,0x00,0x42,0x03,220,19,220:4042:02A0:0334:014A|221:4042:02B0:0335:014A|222:4042:02D8:0345:014A|223:4042:02C8:0343:014A|224:4042:02B8:0365:014A|225:4042:02D8:0344:013A|226:4042:02C8:0342:013A|227:4042:02B8:0364:013A|228:4042:02A8:0356:013F|229:4042:02B8:0363:012A
round4_castle,0xDC,4120,0x0002,0x0003,0x0000,0x01,0x0056,0x0000,0x0001,actor_2c8,4,0x10C3C8,0x01,0xA5,0x01,0x00,0x1F,0x00,0x00,0x023F,0x0030,0x033E,0x00,0x40,0x03,180,10,180:0040:0020:033C:0247|181:0040:0018:035F:023F|182:0040:0008:0356:023A|183:0040:0018:0360:022F|184:0040:0038:0341:022F|185:0040:0028:033F:022F|186:0040:0038:0340:023F|187:0040:0028:033E:023F
round4_castle,0xDC,4120,0x0002,0x0003,0x0000,0x01,0x0056,0x0000,0x0001,actor_2c8,8,0x10C4C8,0x01,0x94,0x00,0x00,0x02,0x00,0x00,0x0147,0x02D0,0x033E,0x00,0x42,0x03,220,19,220:4042:02A0:0334:0148|221:4042:02B0:0335:0148|222:4042:02D8:0345:0148|223:4042:02C8:0343:0148|224:4042:02B8:0365:0148|225:4042:02D8:0344:0138|226:4042:02C8:0342:0138|227:4042:02B8:0364:0138|228:4042:02A8:0356:013D|229:4042:02B8:0363:0128
round4_castle,0xDC,4122,0x0002,0x0003,0x0000,0x01,0x0056,0x0000,0x0001,actor_2c8,4,0x10C3C8,0x01,0xA6,0x01,0x00,0x1F,0x00,0x00,0x023F,0x0030,0x033E,0x00,0x40,0x03,180,10,180:0040:0018:03A1:0267|181:0040:0018:033D:0257|182:0040:0018:0361:0247|183:0040:0008:0356:023B|184:0040:0018:0362:0237|185:0040:0038:0341:022F|186:0040:0028:033F:022F|187:0040:0038:0340:023F|188:0040:0028:033E:023F
round4_castle,0xDC,4124,0x0002,0x0003,0x0000,0x01,0x0056,0x0000,0x0001,actor_2c8,5,0x10C408,0x01,0x93,0x00,0x00,0x02,0x00,0x00,0x0107,0x02D0,0x033E,0x00,0x40,0x00,190,10,190:4040:02A0:026B:0106|191:4040:02B0:026C:0106|192:4040:02D8:0341:0106|193:4040:02C8:033F:0106|194:4040:02B8:0365:0106|195:4040:02D8:0340:00F6|196:4040:02C8:033E:00F6|197:4040:02B8:0364:00F6|198:4040:02A8:0356:00FB|199:4040:02B8:0363:00E6
round4_castle,0xDC,4124,0x0002,0x0003,0x0000,0x01,0x0056,0x0000,0x0001,actor_2c8,8,0x10C4C8,0x01,0x93,0x00,0x00,0x02,0x00,0x00,0x0145,0x02D0,0x033E,0x00,0x42,0x03,220,19,220:4042:02A0:0334:0144|221:4042:02B0:0335:0144|222:4042:02D8:0341:0144|223:4042:02C8:033F:0144|224:4042:02B8:0365:0144|225:4042:02D8:0340:0134|226:4042:02C8:033E:0134|227:4042:02B8:0364:0134|228:4042:02A8:0356:0139|229:4042:02B8:0363:0124
round4_castle,0xDC,4126,0x0002,0x0003,0x0000,0x01,0x0056,0x0000,0x0001,actor_2c8,8,0x10C4C8,0x01,0x93,0x00,0x00,0x02,0x00,0x00,0x0143,0x02D0,0x033E,0x00,0x42,0x03,220,19,220:4042:02A0:0334:0142|221:4042:02B0:0335:0142|222:4042:02D8:0341:0142|223:4042:02C8:033F:0142|224:4042:02B8:0365:0142|225:4042:02D8:0340:0132|226:4042:02C8:033E:0132|227:4042:02B8:0364:0132|228:4042:02A8:0356:0137|229:4042:02B8:0363:0122
round4_castle,0xDC,4128,0x0002,0x0003,0x0000,0x01,0x0056,0x0000,0x0001,actor_2c8,8,0x10C4C8,0x01,0x93,0x00,0x00,0x02,0x00,0x00,0x0141,0x02D0,0x033E,0x00,0x42,0x03,220,19,220:4042:02A0:0334:0140|221:4042:02B0:0335:0140|222:4042:02D8:0341:0140|223:4042:02C8:033F:0140|224:4042:02B8:0365:0140|225:4042:02D8:0340:0130|226:4042:02C8:033E:0130|227:4042:02B8:0364:0130|228:4042:02A8:0356:0135|229:4042:02B8:0363:0120
round4_castle,0xDC,4130,0x0002,0x0003,0x0000,0x01,0x0056,0x0000,0x0001,actor_2c8,4,0x10C3C8,0x01,0xA4,0x01,0x00,0x1F,0x00,0x00,0x023F,0x0030,0x033E,0x00,0x40,0x03,180,10,180:0040:0020:033C:0247|181:0040:0018:035F:023F|182:0040:0008:0356:023A|183:0040:0018:0360:022F|184:0040:0038:0341:022F|185:0040:0028:033F:022F|186:0040:0038:0340:023F|187:0040:0028:033E:023F
round4_castle,0xDC,4132,0x0002,0x0003,0x0000,0x01,0x0056,0x0000,0x0001,actor_2c8,8,0x10C4C8,0x01,0x94,0x00,0x00,0x02,0x00,0x00,0x013D,0x02D0,0x033E,0x00,0x42,0x03,220,19,220:4042:02A0:0334:013E|221:4042:02B0:0335:013E|222:4042:02D8:0345:013E|223:4042:02C8:0343:013E|224:4042:02B8:0365:013E|225:4042:02D8:0344:012E|226:4042:02C8:0342:012E|227:4042:02B8:0364:012E|228:4042:02A8:0356:0133|229:4042:02B8:0363:011E
round4_castle,0xDC,4134,0x0002,0x0003,0x0000,0x01,0x0056,0x0000,0x0001,actor_2c8,5,0x10C408,0x01,0x94,0x00,0x00,0x02,0x00,0x00,0x00FF,0x02D0,0x033E,0x00,0x40,0x00,190,10,190:4040:02A0:026B:00FE|191:4040:02B0:026C:00FE|192:4040:02D8:0345:00FE|193:4040:02C8:0343:00FE|194:4040:02B8:0365:00FE|195:4040:02D8:0344:00EE|196:4040:02C8:0342:00EE|197:4040:02B8:0364:00EE|198:4040:02A8:0356:00F3|199:4040:02B8:0363:00DE
round4_castle,0xDC,4136,0x0002,0x0003,0x0000,0x01,0x0056,0x0000,0x0001,actor_2c8,4,0x10C3C8,0x01,0xA1,0x01,0x00,0x1F,0x00,0x00,0x023F,0x0030,0x033E,0x00,0x40,0x03,180,10,180:0040:0000:0336:0217|181:0040:0008:0337:021F|182:0040:0018:0338:0227|183:0040:0018:0359:023F|184:0040:0008:0356:023A|185:0040:0018:035A:022F|186:0040:0038:0341:022F|187:0040:0028:033F:022F|188:0040:0038:0340:023F|189:0040:0028:033E:023F
round4_castle,0xDC,4136,0x0002,0x0003,0x0000,0x01,0x0056,0x0000,0x0001,actor_2c8,5,0x10C408,0x01,0x94,0x01,0x00,0x01,0x00,0x00,0x0101,0x02D0,0x033E,0x00,0x40,0x00,190,10,190:0040:02A0:026B:00F1|191:0040:02B0:026C:00F1|192:0040:02D8:0345:00F1|193:0040:02C8:0343:00F1|194:0040:02B8:0365:00F1|195:0040:02D8:0344:0101|196:0040:02C8:0342:0101|197:0040:02B8:0364:0101|198:0040:02A8:0356:00FC|199:0040:02B8:0363:0111
round4_castle,0xDC,4138,0x0002,0x0003,0x0000,0x01,0x0056,0x0000,0x0001,actor_2c8,5,0x10C408,0x01,0x94,0x01,0x00,0x01,0x00,0x00,0x0103,0x02D0,0x033E,0x00,0x40,0x00,190,10,190:0040:02A0:026B:00F3|191:0040:02B0:026C:00F3|192:0040:02D8:0345:00F3|193:0040:02C8:0343:00F3|194:0040:02B8:0365:00F3|195:0040:02D8:0344:0103|196:0040:02C8:0342:0103|197:0040:02B8:0364:0103|198:0040:02A8:0356:00FE|199:0040:02B8:0363:0113
round4_castle,0xDC,4138,0x0002,0x0003,0x0000,0x01,0x0056,0x0000,0x0001,actor_2c8,8,0x10C4C8,0x01,0x94,0x00,0x00,0x02,0x00,0x00,0x0137,0x02D0,0x033E,0x00,0x42,0x03,220,19,220:4042:02A0:0334:0138|221:4042:02B0:0335:0138|222:4042:02D8:0345:0138|223:4042:02C8:0343:0138|224:4042:02B8:0365:0138|225:4042:02D8:0344:0128|226:4042:02C8:0342:0128|227:4042:02B8:0364:0128|228:4042:02A8:0356:012D|229:4042:02B8:0363:0118
round4_castle,0xDC,4140,0x0002,0x0003,0x0000,0x01,0x0056,0x0000,0x0001,actor_2c8,5,0x10C408,0x01,0x95,0x01,0x00,0x01,0x00,0x00,0x0105,0x02D0,0x033E,0x00,0x40,0x00,190,10,190:0040:02A0:026B:00F5|191:0040:02B0:026C:00F5|192:0040:02D8:0349:00F5|193:0040:02C8:0347:00F5|194:0040:02B8:0365:00F5|195:0040:02D8:0348:0105|196:0040:02C8:0346:0105|197:0040:02B8:0364:0105|198:0040:02A8:0356:0100|199:0040:02B8:0363:0115
round4_castle,0xDC,4140,0x0002,0x0003,0x0000,0x01,0x0056,0x0000,0x0001,actor_2c8,8,0x10C4C8,0x01,0x95,0x00,0x00,0x02,0x00,0x00,0x0137,0x02D0,0x033E,0x00,0x42,0x03,220,19,220:4042:02A0:0334:0136|221:4042:02B0:0335:0136|222:4042:02D8:0349:0136|223:4042:02C8:0347:0136|224:4042:02B8:0365:0136|225:4042:02D8:0348:0126|226:4042:02C8:0346:0126|227:4042:02B8:0364:0126|228:4042:02A8:0356:012B|229:4042:02B8:0363:0116
round4_castle,0xDC,4142,0x0002,0x0003,0x0000,0x01,0x0056,0x0000,0x0001,actor_2c8,4,0x10C3C8,0x01,0x93,0x01,0x00,0x1F,0x00,0x00,0x023F,0x0030,0x033E,0x00,0x40,0x03,180,10,180:0040:0000:0334:022F|181:0040:0010:0335:022F|182:0040:0018:0357:023F|183:0040:0008:0356:023A|184:0040:0018:0358:022F|185:0040:0038:0341:022F|186:0040:0028:033F:022F|187:0040:0038:0340:023F|188:0040:0028:033E:023F
round4_castle,0xDC,4142,0x0002,0x0003,0x0000,0x01,0x0056,0x0000,0x0001,actor_2c8,5,0x10C408,0x01,0x95,0x01,0x00,0x01,0x00,0x00,0x0107,0x02D0,0x033E,0x00,0x40,0x00,190,10,190:0040:02A0:026B:00F7|191:0040:02B0:026C:00F7|192:0040:02D8:0349:00F7|193:0040:02C8:0347:00F7|194:0040:02B8:0365:00F7|195:0040:02D8:0348:0107|196:0040:02C8:0346:0107|197:0040:02B8:0364:0107|198:0040:02A8:0356:0102|199:0040:02B8:0363:0117
round4_castle,0xDC,4144,0x0002,0x0003,0x0000,0x01,0x0056,0x0000,0x0001,actor_2c8,8,0x10C4C8,0x01,0x95,0x00,0x00,0x02,0x00,0x00,0x0133,0x02D0,0x033E,0x00,0x42,0x03,220,19,220:4042:02A0:0334:0132|221:4042:02B0:0335:0132|222:4042:02D8:0349:0132|223:4042:02C8:0347:0132|224:4042:02B8:0365:0132|225:4042:02D8:0348:0122|226:4042:02C8:0346:0122|227:4042:02B8:0364:0122|228:4042:02A8:0356:0127|229:4042:02B8:0363:0112
round4_castle,0xDC,4148,0x0002,0x0003,0x0000,0x01,0x0056,0x0000,0x0001,actor_2c8,4,0x10C3C8,0x01,0xA2,0x01,0x00,0x1F,0x00,0x00,0x023F,0x0030,0x033E,0x00,0x40,0x03,180,10,180:0040:0000:0334:022F|181:0040:0010:0335:022F|182:0040:0018:0357:023F|183:0040:0008:0356:023A|184:0040:0018:0358:022F|185:0040:0038:0341:022F|186:0040:0028:033F:022F|187:0040:0038:0340:023F|188:0040:0028:033E:023F
round4_castle,0xDC,4148,0x0002,0x0003,0x0000,0x01,0x0056,0x0000,0x0001,actor_2c8,5,0x10C408,0x01,0x94,0x01,0x00,0x01,0x00,0x00,0x010D,0x02D0,0x033E,0x00,0x40,0x00,190,10,190:0040:02A0:026B:00FB|191:0040:02B0:026C:00FB|192:0040:02D8:0345:00FB|193:0040:02C8:0343:00FB|194:0040:02B8:0365:00FB|195:0040:02D8:0344:010B|196:0040:02C8:0342:010B|197:0040:02B8:0364:010B|198:0040:02A8:0356:0106|199:0040:02B8:0363:011B
round4_castle,0xDC,4150,0x0002,0x0003,0x0000,0x01,0x0056,0x0000,0x0001,actor_2c8,5,0x10C408,0x01,0x94,0x01,0x00,0x01,0x00,0x00,0x010F,0x02D0,0x033E,0x00,0x40,0x00,190,10,190:0040:02A0:026B:00FD|191:0040:02B0:026C:00FD|192:0040:02D8:0345:00FD|193:0040:02C8:0343:00FD|194:0040:02B8:0365:00FD|195:0040:02D8:0344:010D|196:0040:02C8:0342:010D|197:0040:02B8:0364:010D|198:0040:02A8:0356:0108|199:0040:02B8:0363:011D
round4_castle,0xDC,4154,0x0002,0x0003,0x0000,0x01,0x0056,0x0000,0x0001,actor_2c8,4,0x10C3C8,0x01,0xA4,0x01,0x00,0x1F,0x00,0x00,0x023F,0x0030,0x033E,0x00,0x40,0x03,180,10,180:0040:0018:033A:0227|181:0040:0018:0339:0217|182:0040:0018:035B:023F|183:0040:0008:0356:023A|184:0040:0018:035C:022F|185:0040:0038:0341:022F|186:0040:0028:033F:022F|187:0040:0038:0340:023F|188:0040:0028:033E:023F
round4_castle,0xDC,4154,0x0002,0x0003,0x0000,0x01,0x0056,0x0000,0x0001,actor_2c8,8,0x10C4C8,0x01,0x94,0x00,0x00,0x02,0x00,0x00,0x0129,0x02D0,0x033E,0x00,0x42,0x03,220,19,220:4042:02A0:0334:012A|221:4042:02B0:0335:012A|222:4042:02D8:0345:012A|223:4042:02C8:0343:012A|224:4042:02B8:0365:012A|225:4042:02D8:0344:011A|226:4042:02C8:0342:011A|227:4042:02B8:0364:011A|228:4042:02A8:0356:011F|229:4042:02B8:0363:010A
round4_castle,0xDC,4156,0x0002,0x0003,0x0000,0x01,0x0056,0x0000,0x0001,actor_2c8,5,0x10C408,0x01,0x93,0x01,0x00,0x01,0x00,0x00,0x0113,0x02D0,0x033E,0x00,0x40,0x00,190,10,190:0040:02A0:026B:0103|191:0040:02B0:026C:0103|192:0040:02D8:0341:0103|193:0040:02C8:033F:0103|194:0040:02B8:0365:0103|195:0040:02D8:0340:0113|196:0040:02C8:033E:0113|197:0040:02B8:0364:0113|198:0040:02A8:0356:010E|199:0040:02B8:0363:0123
round4_castle,0xDC,4158,0x0002,0x0003,0x0000,0x01,0x0056,0x0000,0x0001,actor_2c8,5,0x10C408,0x01,0x93,0x01,0x00,0x01,0x00,0x00,0x0115,0x02D0,0x033E,0x00,0x40,0x00,190,10,190:0040:02A0:026B:0105|191:0040:02B0:026C:0105|192:0040:02D8:0341:0105|193:0040:02C8:033F:0105|194:0040:02B8:0365:0105|195:0040:02D8:0340:0115|196:0040:02C8:033E:0115|197:0040:02B8:0364:0115|198:0040:02A8:0356:0110|199:0040:02B8:0363:0125
round4_castle,0xDC,4160,0x0002,0x0003,0x0000,0x01,0x0056,0x0000,0x0001,actor_2c8,4,0x10C3C8,0x01,0xA6,0x01,0x00,0x1F,0x00,0x00,0x023F,0x0030,0x033E,0x00,0x40,0x03,180,10,180:0040:0020:033C:0247|181:0040:0018:035F:023F|182:0040:0008:0356:023A|183:0040:0018:0360:022F|184:0040:0038:0341:022F|185:0040:0028:033F:022F|186:0040:0038:0340:023F|187:0040:0028:033E:023F
round4_castle,0xDC,4160,0x0002,0x0003,0x0000,0x01,0x0056,0x0000,0x0001,actor_2c8,8,0x10C4C8,0x01,0x93,0x00,0x00,0x02,0x00,0x00,0x0125,0x02D0,0x033E,0x00,0x42,0x03,220,19,220:4042:02A0:0334:0124|221:4042:02B0:0335:0124|222:4042:02D8:0341:0124|223:4042:02C8:033F:0124|224:4042:02B8:0365:0124|225:4042:02D8:0340:0114|226:4042:02C8:033E:0114|227:4042:02B8:0364:0114|228:4042:02A8:0356:0119|229:4042:02B8:0363:0104
round4_castle,0xDC,4164,0x0002,0x0003,0x0000,0x01,0x0056,0x0000,0x0001,actor_2c8,5,0x10C408,0x01,0x94,0x01,0x00,0x01,0x00,0x00,0x011B,0x02D0,0x033E,0x00,0x40,0x00,190,10,190:0040:02A0:026B:0109|191:0040:02B0:026C:0109|192:0040:02D8:0345:0109|193:0040:02C8:0343:0109|194:0040:02B8:0365:0109|195:0040:02D8:0344:0119|196:0040:02C8:0342:0119|197:0040:02B8:0364:0119|198:0040:02A8:0356:0114|199:0040:02B8:0363:0129
round4_castle,0xDC,4166,0x0002,0x0003,0x0000,0x01,0x0056,0x0000,0x0001,actor_2c8,4,0x10C3C8,0x01,0xA5,0x01,0x00,0x1F,0x00,0x00,0x023F,0x0030,0x033E,0x00,0x40,0x03,180,10,180:0040:0018:03A1:0267|181:0040:0018:033D:0257|182:0040:0018:0361:0247|183:0040:0008:0356:023B|184:0040:0018:0362:0237|185:0040:0038:0341:022F|186:0040:0028:033F:022F|187:0040:0038:0340:023F|188:0040:0028:033E:023F
round4_castle,0xDC,4166,0x0002,0x0003,0x0000,0x01,0x0056,0x0000,0x0001,actor_2c8,5,0x10C408,0x01,0x94,0x01,0x00,0x01,0x00,0x00,0x011D,0x02D0,0x033E,0x00,0x40,0x00,190,10,190:0040:02A0:026B:010B|191:0040:02B0:026C:010B|192:0040:02D8:0345:010B|193:0040:02C8:0343:010B|194:0040:02B8:0365:010B|195:0040:02D8:0344:011B|196:0040:02C8:0342:011B|197:0040:02B8:0364:011B|198:0040:02A8:0356:0116|199:0040:02B8:0363:012B
round4_castle,0xDC,4172,0x0002,0x0003,0x0000,0x01,0x0056,0x0000,0x0001,actor_2c8,4,0x10C3C8,0x01,0xA2,0x01,0x00,0x1F,0x00,0x00,0x023F,0x0030,0x033E,0x00,0x40,0x03,180,10,180:0040:0020:033B:022F|181:0040:0018:035D:023F|182:0040:0008:0356:023A|183:0040:0018:035E:022F|184:0040:0038:0341:022F|185:0040:0028:033F:022F|186:0040:0038:0340:023F|187:0040:0028:033E:023F
round4_castle,0xDC,4172,0x0002,0x0003,0x0000,0x01,0x0056,0x0000,0x0001,actor_2c8,5,0x10C408,0x01,0x95,0x01,0x00,0x01,0x00,0x00,0x0121,0x02D0,0x033E,0x00,0x40,0x00,190,10,190:0040:02A0:026B:0111|191:0040:02B0:026C:0111|192:0040:02D8:0349:0111|193:0040:02C8:0347:0111|194:0040:02B8:0365:0111|195:0040:02D8:0348:0121|196:0040:02C8:0346:0121|197:0040:02B8:0364:0121|198:0040:02A8:0356:011C|199:0040:02B8:0363:0131
round4_castle,0xDC,4174,0x0002,0x0003,0x0000,0x01,0x0056,0x0000,0x0001,actor_2c8,5,0x10C408,0x01,0x95,0x01,0x00,0x01,0x00,0x00,0x0123,0x02D0,0x033E,0x00,0x40,0x00,190,10,190:0040:02A0:026B:0113|191:0040:02B0:026C:0113|192:0040:02D8:0349:0113|193:0040:02C8:0347:0113|194:0040:02B8:0365:0113|195:0040:02D8:0348:0123|196:0040:02C8:0346:0123|197:0040:02B8:0364:0123|198:0040:02A8:0356:011E|199:0040:02B8:0363:0133
round4_castle,0xDC,4182,0x0002,0x0003,0x0000,0x01,0x0056,0x0000,0x0001,actor_2c8,5,0x10C408,0x01,0x94,0x01,0x00,0x01,0x00,0x00,0x012B,0x02D0,0x033E,0x00,0x40,0x00,190,10,190:0040:02A0:026B:0119|191:0040:02B0:026C:0119|192:0040:02D8:0345:0119|193:0040:02C8:0343:0119|194:0040:02B8:0365:0119|195:0040:02D8:0344:0129|196:0040:02C8:0342:0129|197:0040:02B8:0364:0129|198:0040:02A8:0356:0124|199:0040:02B8:0363:0139
round4_castle,0xDC,4188,0x0002,0x0003,0x0000,0x01,0x0056,0x0000,0x0001,actor_2c8,5,0x10C408,0x01,0x93,0x01,0x00,0x01,0x00,0x00,0x012F,0x02D0,0x033E,0x00,0x40,0x00,190,10,190:0040:02A0:026B:011F|191:0040:02B0:026C:011F|192:0040:02D8:0341:011F|193:0040:02C8:033F:011F|194:0040:02B8:0365:011F|195:0040:02D8:0340:012F|196:0040:02C8:033E:012F|197:0040:02B8:0364:012F|198:0040:02A8:0356:012A|199:0040:02B8:0363:013F
round4_castle,0xDC,4190,0x0002,0x0003,0x0000,0x01,0x0056,0x0000,0x0001,actor_2c8,5,0x10C408,0x01,0x93,0x01,0x00,0x01,0x00,0x00,0x0131,0x02D0,0x033E,0x00,0x40,0x00,190,10,190:0040:02A0:026B:0121|191:0040:02B0:026C:0121|192:0040:02D8:0341:0121|193:0040:02C8:033F:0121|194:0040:02B8:0365:0121|195:0040:02D8:0340:0131|196:0040:02C8:033E:0131|197:0040:02B8:0364:0131|198:0040:02A8:0356:012C|199:0040:02B8:0363:0141
