entry_label,selector,frame,state0,state2,state4,round_byte,segment,sprite_ctrl,renderer_mode,block,actor_index,actor_address,active,actor_class,actor_flags2,actor_flags3,actor_state,record_selector,animation,world_x,world_y,base_code,flip,actor_attr,compositor_family,owned_record_start,owned_record_count,piece_records
round5_castle,0xDB,2972,0x0002,0x0003,0x0000,0x01,0x006D,0x0000,0x0001,actor_2c8,4,0x10C3C8,0x01,0x93,0x01,0x00,0x01,0x00,0x00,0x01F8,0x0075,0x033E,0x00,0x40,0x03,180,10,
round5_castle,0xDB,2972,0x0002,0x0003,0x0000,0x01,0x006D,0x0000,0x0001,actor_2c8,5,0x10C408,0x01,0xD0,0x01,0x00,0x01,0x00,0x00,0x01F8,0x0075,0x01CB,0x00,0x46,0x00,190,10,190:0046:0056:01CB:01E9|191:0046:0056:01CC:01F9|192:0046:0066:01CD:01E9|193:0046:0066:01CE:01F9|194:0046:0076:01F4:01E9|195:0046:0076:01F5:01F9
round5_castle,0xDB,2974,0x0002,0x0003,0x0000,0x01,0x006D,0x0000,0x0001,actor_2c8,4,0x10C3C8,0x01,0x93,0x01,0x00,0x01,0x00,0x00,0x01F8,0x0073,0x033E,0x00,0x40,0x03,180,10,180:0040:0044:0334:01E7|181:0040:0054:0335:01E7|182:0040:007C:0341:01E7|183:0040:006C:033F:01E7|184:0040:005C:0365:01E7|185:0040:007C:0340:01F7|186:0040:006C:033E:01F7|187:0040:005C:0364:01F7|188:0040:004C:0356:01F2|189:0040:005C:0363:0207
round5_castle,0xDB,2974,0x0002,0x0003,0x0000,0x01,0x006D,0x0000,0x0001,actor_2c8,5,0x10C408,0x01,0xD0,0x01,0x00,0x01,0x00,0x00,0x01F8,0x0073,0x01CB,0x00,0x46,0x00,190,10,190:0046:0054:01CB:01E9|191:0046:0054:01CC:01F9|192:0046:0064:01CD:01E9|193:0046:0064:01CE:01F9|194:0046:0074:01F4:01E9|195:0046:0074:01F5:01F9
round5_castle,0xDB,2976,0x0002,0x0003,0x0000,0x01,0x006D,0x0000,0x0001,actor_2c8,4,0x10C3C8,0x01,0x93,0x01,0x00,0x01,0x00,0x00,0x01F8,0x0071,0x033E,0x00,0x40,0x03,180,10,180:0040:0042:0334:01E7|181:0040:0052:0335:01E7|182:0040:007A:0341:01E7|183:0040:006A:033F:01E7|184:0040:005A:0365:01E7|185:0040:007A:0340:01F7|186:0040:006A:033E:01F7|187:0040:005A:0364:01F7|188:0040:004A:0356:01F2|189:0040:005A:0363:0207
round5_castle,0xDB,2976,0x0002,0x0003,0x0000,0x01,0x006D,0x0000,0x0001,actor_2c8,5,0x10C408,0x01,0xD0,0x01,0x00,0x01,0x00,0x00,0x01F8,0x0071,0x01CB,0x00,0x46,0x00,190,10,190:0046:0052:01CB:01E9|191:0046:0052:01CC:01F9|192:0046:0062:01CD:01E9|193:0046:0062:01CE:01F9|194:0046:0072:01F4:01E9|195:0046:0072:01F5:01F9
round5_castle,0xDB,2978,0x0002,0x0003,0x0000,0x01,0x006D,0x0000,0x0001,actor_2c8,4,0x10C3C8,0x01,0x93,0x01,0x00,0x01,0x00,0x00,0x01F8,0x006F,0x033E,0x00,0x40,0x03,180,10,180:0040:0040:0334:01E7|181:0040:0050:0335:01E7|182:0040:0078:0341:01E7|183:0040:0068:033F:01E7|184:0040:0058:0365:01E7|185:0040:0078:0340:01F7|186:0040:0068:033E:01F7|187:0040:0058:0364:01F7|188:0040:0048:0356:01F2|189:0040:0058:0363:0207
round5_castle,0xDB,2978,0x0002,0x0003,0x0000,0x01,0x006D,0x0000,0x0001,actor_2c8,5,0x10C408,0x01,0xD0,0x01,0x00,0x01,0x00,0x00,0x01F8,0x006F,0x01CB,0x00,0x46,0x00,190,10,190:0046:0050:01CB:01E9|191:0046:0050:01CC:01F9|192:0046:0060:01CD:01E9|193:0046:0060:01CE:01F9|194:0046:0070:01F4:01E9|195:0046:0070:01F5:01F9
round5_castle,0xDB,2980,0x0002,0x0003,0x0000,0x01,0x006D,0x0000,0x0001,actor_2c8,4,0x10C3C8,0x01,0x94,0x01,0x00,0x01,0x00,0x00,0x01F6,0x006D,0x033E,0x00,0x40,0x03,180,10,180:0040:003E:0334:01E7|181:0040:004E:0335:01E7|182:0040:0076:0345:01E7|183:0040:0066:0343:01E7|184:0040:0056:0365:01E7|185:0040:0076:0344:01F7|186:0040:0066:0342:01F7|187:0040:0056:0364:01F7|188:0040:0046:0356:01F2|189:0040:0056:0363:0207
round5_castle,0xDB,2980,0x0002,0x0003,0x0000,0x01,0x006D,0x0000,0x0001,actor_2c8,5,0x10C408,0x01,0xD1,0x01,0x00,0x01,0x00,0x00,0x01F8,0x006D,0x01CB,0x00,0x46,0x00,190,10,190:0046:004E:01CB:01E7|191:0046:004E:01CC:01F7|192:0046:005E:01CD:01E7|193:0046:005E:01CE:01F7|194:0046:006E:01EE:01E7|195:0046:006E:01EF:01F7
round5_castle,0xDB,2980,0x0002,0x0003,0x0000,0x01,0x006D,0x0000,0x0001,actor_2c8,6,0x10C448,0x01,0x94,0x00,0x00,0x02,0x00,0x00,0x014C,0x00ED,0x033E,0x00,0x40,0x04,200,10,
round5_castle,0xDB,2980,0x0002,0x0003,0x0000,0x01,0x006D,0x0000,0x0001,actor_2c8,7,0x10C488,0x01,0xD1,0x00,0x00,0x02,0x00,0x00,0x014C,0x00ED,0x01CB,0x00,0x46,0x00,210,10,210:4046:00CE:01CB:014C|211:4046:00CE:01CC:013C|212:4046:00DE:01CD:014C|213:4046:00DE:01CE:013C|214:4046:00EE:01EE:014C|215:4046:00EE:01EF:013C
round5_castle,0xDB,2980,0x0002,0x0003,0x0000,0x01,0x006D,0x0000,0x0001,actor_2c8,8,0x10C4C8,0x01,0x94,0x00,0x00,0x02,0x00,0x00,0x014C,0x00ED,0x033E,0x00,0x40,0x03,220,19,
round5_castle,0xDB,2982,0x0002,0x0003,0x0000,0x01,0x006D,0x0000,0x0001,actor_2c8,4,0x10C3C8,0x01,0x94,0x01,0x00,0x01,0x00,0x00,0x01F6,0x006B,0x033E,0x00,0x40,0x03,180,10,180:0040:003C:0334:01E7|181:0040:004C:0335:01E7|182:0040:0074:0345:01E7|183:0040:0064:0343:01E7|184:0040:0054:0365:01E7|185:0040:0074:0344:01F7|186:0040:0064:0342:01F7|187:0040:0054:0364:01F7|188:0040:0044:0356:01F2|189:0040:0054:0363:0207
round5_castle,0xDB,2982,0x0002,0x0003,0x0000,0x01,0x006D,0x0000,0x0001,actor_2c8,5,0x10C408,0x01,0xD1,0x01,0x00,0x01,0x00,0x00,0x01F8,0x006B,0x01CB,0x00,0x46,0x00,190,10,190:0046:004C:01CB:01E7|191:0046:004C:01CC:01F7|192:0046:005C:01CD:01E7|193:0046:005C:01CE:01F7|194:0046:006C:01EE:01E7|195:0046:006C:01EF:01F7
round5_castle,0xDB,2982,0x0002,0x0003,0x0000,0x01,0x006D,0x0000,0x0001,actor_2c8,6,0x10C448,0x01,0x94,0x00,0x00,0x02,0x00,0x00,0x0148,0x00EB,0x033E,0x00,0x40,0x04,200,10,200:4040:00BC:03A2:014A|201:4040:00CC:03A3:014A|202:4040:00F4:0345:014A|203:4040:00E4:0343:014A|204:4040:00D4:0365:014A|205:4040:00F4:0344:013A|206:4040:00E4:0342:013A|207:4040:00D4:0364:013A|208:4040:00C4:0356:013F|209:4040:00D4:0363:012A
round5_castle,0xDB,2982,0x0002,0x0003,0x0000,0x01,0x006D,0x0000,0x0001,actor_2c8,7,0x10C488,0x01,0xD1,0x00,0x00,0x02,0x00,0x00,0x0148,0x00EB,0x01CB,0x00,0x46,0x00,210,10,210:4046:00CC:01CB:0148|211:4046:00CC:01CC:0138|212:4046:00DC:01CD:0148|213:4046:00DC:01CE:0138|214:4046:00EC:01EE:0148|215:4046:00EC:01EF:0138
round5_castle,0xDB,2982,0x0002,0x0003,0x0000,0x01,0x006D,0x0000,0x0001,actor_2c8,8,0x10C4C8,0x01,0x94,0x00,0x00,0x02,0x00,0x00,0x0148,0x00EB,0x033E,0x00,0x40,0x03,220,19,220:4040:00BC:0334:014A|221:4040:00CC:0335:014A|222:4040:00F4:0345:014A|223:4040:00E4:0343:014A|224:4040:00D4:0365:014A|225:4040:00F4:0344:013A|226:4040:00E4:0342:013A|227:4040:00D4:0364:013A|228:4040:00C4:0356:013F|229:4040:00D4:0363:012A
round5_castle,0xDB,2984,0x0002,0x0003,0x0000,0x01,0x006D,0x0000,0x0001,actor_2c8,4,0x10C3C8,0x01,0x94,0x01,0x00,0x01,0x00,0x00,0x01F6,0x0069,0x033E,0x00,0x40,0x03,180,10,180:0040:003A:0334:01E7|181:0040:004A:0335:01E7|182:0040:0072:0345:01E7|183:0040:0062:0343:01E7|184:0040:0052:0365:01E7|185:0040:0072:0344:01F7|186:0040:0062:0342:01F7|187:0040:0052:0364:01F7|188:0040:0042:0356:01F2|189:0040:0052:0363:0207
round5_castle,0xDB,2984,0x0002,0x0003,0x0000,0x01,0x006D,0x0000,0x0001,actor_2c8,5,0x10C408,0x01,0xD1,0x01,0x00,0x01,0x00,0x00,0x01F8,0x0069,0x01CB,0x00,0x46,0x00,190,10,190:0046:004A:01CB:01E7|191:0046:004A:01CC:01F7|192:0046:005A:01CD:01E7|193:0046:005A:01CE:01F7|194:0046:006A:01EE:01E7|195:0046:006A:01EF:01F7
round5_castle,0xDB,2984,0x0002,0x0003,0x0000,0x01,0x006D,0x0000,0x0001,actor_2c8,6,0x10C448,0x01,0x94,0x00,0x00,0x02,0x00,0x00,0x0144,0x00E9,0x033E,0x00,0x40,0x04,200,10,200:4040:00BA:03A2:0146|201:4040:00CA:03A3:0146|202:4040:00F2:0345:0146|203:4040:00E2:0343:0146|204:4040:00D2:0365:0146|205:4040:00F2:0344:0136|206:4040:00E2:0342:0136|207:4040:00D2:0364:0136|208:4040:00C2:0356:013B|209:4040:00D2:0363:0126
round5_castle,0xDB,2984,0x0002,0x0003,0x0000,0x01,0x006D,0x0000,0x0001,actor_2c8,7,0x10C488,0x01,0xD1,0x00,0x00,0x02,0x00,0x00,0x0144,0x00E9,0x01CB,0x00,0x46,0x00,210,10,210:4046:00CA:01CB:0144|211:4046:00CA:01CC:0134|212:4046:00DA:01CD:0144|213:4046:00DA:01CE:0134|214:4046:00EA:01EE:0144|215:4046:00EA:01EF:0134
round5_castle,0xDB,2984,0x0002,0x0003,0x0000,0x01,0x006D,0x0000,0x0001,actor_2c8,8,0x10C4C8,0x01,0x94,0x00,0x00,0x02,0x00,0x00,0x0144,0x00E9,0x033E,0x00,0x40,0x03,220,19,220:4040:00BA:0334:0146|221:4040:00CA:0335:0146|222:4040:00F2:0345:0146|223:4040:00E2:0343:0146|224:4040:00D2:0365:0146|225:4040:00F2:0344:0136|226:4040:00E2:0342:0136|227:4040:00D2:0364:0136|228:4040:00C2:0356:013B|229:4040:00D2:0363:0126
round5_castle,0xDB,2986,0x0002,0x0003,0x0000,0x01,0x006D,0x0000,0x0001,actor_2c8,4,0x10C3C8,0x01,0x94,0x01,0x00,0x01,0x00,0x00,0x01F6,0x0067,0x033E,0x00,0x40,0x03,180,10,180:0040:0038:0334:01E7|181:0040:0048:0335:01E7|182:0040:0070:0345:01E7|183:0040:0060:0343:01E7|184:0040:0050:0365:01E7|185:0040:0070:0344:01F7|186:0040:0060:0342:01F7|187:0040:0050:0364:01F7|188:0040:0040:0356:01F2|189:0040:0050:0363:0207
round5_castle,0xDB,2986,0x0002,0x0003,0x0000,0x01,0x006D,0x0000,0x0001,actor_2c8,5,0x10C408,0x01,0xD1,0x01,0x00,0x01,0x00,0x00,0x01F8,0x0067,0x01CB,0x00,0x46,0x00,190,10,190:0046:0048:01CB:01E7|191:0046:0048:01CC:01F7|192:0046:0058:01CD:01E7|193:0046:0058:01CE:01F7|194:0046:0068:01EE:01E7|195:0046:0068:01EF:01F7
round5_castle,0xDB,2986,0x0002,0x0003,0x0000,0x01,0x006D,0x0000,0x0001,actor_2c8,6,0x10C448,0x01,0x94,0x00,0x00,0x02,0x00,0x00,0x0140,0x00E7,0x033E,0x00,0x40,0x04,200,10,200:4040:00B8:03A2:0142|201:4040:00C8:03A3:0142|202:4040:00F0:0345:0142|203:4040:00E0:0343:0142|204:4040:00D0:0365:0142|205:4040:00F0:0344:0132|206:4040:00E0:0342:0132|207:4040:00D0:0364:0132|208:4040:00C0:0356:0137|209:4040:00D0:0363:0122
round5_castle,0xDB,2986,0x0002,0x0003,0x0000,0x01,0x006D,0x0000,0x0001,actor_2c8,7,0x10C488,0x01,0xD1,0x00,0x00,0x02,0x00,0x00,0x0140,0x00E7,0x01CB,0x00,0x46,0x00,210,10,210:4046:00C8:01CB:0140|211:4046:00C8:01CC:0130|212:4046:00D8:01CD:0140|213:4046:00D8:01CE:0130|214:4046:00E8:01EE:0140|215:4046:00E8:01EF:0130
round5_castle,0xDB,2986,0x0002,0x0003,0x0000,0x01,0x006D,0x0000,0x0001,actor_2c8,8,0x10C4C8,0x01,0x94,0x00,0x00,0x02,0x00,0x00,0x0140,0x00E7,0x033E,0x00,0x40,0x03,220,19,220:4040:00B8:0334:0142|221:4040:00C8:0335:0142|222:4040:00F0:0345:0142|223:4040:00E0:0343:0142|224:4040:00D0:0365:0142|225:4040:00F0:0344:0132|226:4040:00E0:0342:0132|227:4040:00D0:0364:0132|228:4040:00C0:0356:0137|229:4040:00D0:0363:0122
round5_castle,0xDB,2988,0x0002,0x0003,0x0000,0x01,0x006D,0x0000,0x0001,actor_2c8,4,0x10C3C8,0x01,0x95,0x01,0x00,0x01,0x00,0x00,0x01F6,0x0065,0x033E,0x00,0x40,0x03,180,10,180:0040:0036:0334:01E7|181:0040:0046:0335:01E7|182:0040:006E:0349:01E7|183:0040:005E:0347:01E7|184:0040:004E:0365:01E7|185:0040:006E:0348:01F7|186:0040:005E:0346:01F7|187:0040:004E:0364:01F7|188:0040:003E:0356:01F2|189:0040:004E:0363:0207
round5_castle,0xDB,2988,0x0002,0x0003,0x0000,0x01,0x006D,0x0000,0x0001,actor_2c8,5,0x10C408,0x01,0xD2,0x01,0x00,0x01,0x00,0x00,0x01F6,0x0065,0x01CB,0x00,0x46,0x00,190,10,190:0046:0046:01CB:01E7|191:0046:0046:01CC:01F7|192:0046:0056:01CD:01E7|193:0046:0056:01CE:01F7|194:0046:0066:01F0:01E7|195:0046:0066:01F1:01F7
round5_castle,0xDB,2988,0x0002,0x0003,0x0000,0x01,0x006D,0x0000,0x0001,actor_2c8,6,0x10C448,0x01,0x95,0x00,0x00,0x02,0x00,0x00,0x013E,0x00E5,0x033E,0x00,0x40,0x04,200,10,200:4040:00B6:03A2:013E|201:4040:00C6:03A3:013E|202:4040:00EE:0349:013E|203:4040:00DE:0347:013E|204:4040:00CE:0365:013E|205:4040:00EE:0348:012E|206:4040:00DE:0346:012E|207:4040:00CE:0364:012E|208:4040:00BE:0356:0133|209:4040:00CE:0363:011E
round5_castle,0xDB,2988,0x0002,0x0003,0x0000,0x01,0x006D,0x0000,0x0001,actor_2c8,7,0x10C488,0x01,0xD2,0x01,0x00,0x01,0x00,0x00,0x0140,0x00E5,0x01CB,0x00,0x46,0x00,210,10,210:4046:00C6:01CB:013E|211:4046:00C6:01CC:012E|212:4046:00D6:01CD:013E|213:4046:00D6:01CE:012E|214:4046:00E6:01F0:013E|215:4046:00E6:01F1:012E
round5_castle,0xDB,2988,0x0002,0x0003,0x0000,0x01,0x006D,0x0000,0x0001,actor_2c8,8,0x10C4C8,0x01,0x95,0x00,0x00,0x02,0x00,0x00,0x013E,0x00E5,0x033E,0x00,0x40,0x03,220,19,220:4040:00B6:0334:013E|221:4040:00C6:0335:013E|222:4040:00EE:0349:013E|223:4040:00DE:0347:013E|224:4040:00CE:0365:013E|225:4040:00EE:0348:012E|226:4040:00DE:0346:012E|227:4040:00CE:0364:012E|228:4040:00BE:0356:0133|229:4040:00CE:0363:011E
round5_castle,0xDB,2990,0x0002,0x0003,0x0000,0x01,0x006D,0x0000,0x0001,actor_2c8,4,0x10C3C8,0x01,0x95,0x01,0x00,0x01,0x00,0x00,0x01F6,0x0063,0x033E,0x00,0x40,0x03,180,10,180:0040:0034:0334:01E5|181:0040:0044:0335:01E5|182:0040:006C:0349:01E5|183:0040:005C:0347:01E5|184:0040:004C:0365:01E5|185:0040:006C:0348:01F5|186:0040:005C:0346:01F5|187:0040:004C:0364:01F5|188:0040:003C:0356:01F0|189:0040:004C:0363:0205
round5_castle,0xDB,2990,0x0002,0x0003,0x0000,0x01,0x006D,0x0000,0x0001,actor_2c8,5,0x10C408,0x01,0xD2,0x01,0x00,0x01,0x00,0x00,0x01F6,0x0063,0x01CB,0x00,0x46,0x00,190,10,190:0046:0044:01CB:01E7|191:0046:0044:01CC:01F7|192:0046:0054:01CD:01E7|193:0046:0054:01CE:01F7|194:0046:0064:01F0:01E7|195:0046:0064:01F1:01F7
round5_castle,0xDB,2990,0x0002,0x0003,0x0000,0x01,0x006D,0x0000,0x0001,actor_2c8,6,0x10C448,0x01,0x95,0x01,0x00,0x01,0x00,0x00,0x013E,0x00E3,0x033E,0x00,0x40,0x04,200,10,200:0040:00B4:03A2:012F|201:0040:00C4:03A3:012F|202:0040:00EC:0349:012F|203:0040:00DC:0347:012F|204:0040:00CC:0365:012F|205:0040:00EC:0348:013F|206:0040:00DC:0346:013F|207:0040:00CC:0364:013F|208:0040:00BC:0356:013A|209:0040:00CC:0363:014F
round5_castle,0xDB,2990,0x0002,0x0003,0x0000,0x01,0x006D,0x0000,0x0001,actor_2c8,7,0x10C488,0x01,0xD2,0x01,0x00,0x01,0x00,0x00,0x0140,0x00E3,0x01CB,0x00,0x46,0x00,210,10,210:0046:00C4:01CB:012F|211:0046:00C4:01CC:013F|212:0046:00D4:01CD:012F|213:0046:00D4:01CE:013F|214:0046:00E4:01F0:012F|215:0046:00E4:01F1:013F
round5_castle,0xDB,2990,0x0002,0x0003,0x0000,0x01,0x006D,0x0000,0x0001,actor_2c8,8,0x10C4C8,0x01,0x95,0x01,0x00,0x01,0x00,0x00,0x013E,0x00E3,0x033E,0x00,0x40,0x03,220,19,220:0040:00B4:0334:012F|221:0040:00C4:0335:012F|222:0040:00EC:0349:012F|223:0040:00DC:0347:012F|224:0040:00CC:0365:012F|225:0040:00EC:0348:013F|226:0040:00DC:0346:013F|227:0040:00CC:0364:013F|228:0040:00BC:0356:013A|229:0040:00CC:0363:014F
round5_castle,0xDB,2992,0x0002,0x0003,0x0000,0x01,0x006D,0x0000,0x0001,actor_2c8,4,0x10C3C8,0x01,0x95,0x01,0x00,0x01,0x00,0x00,0x01F6,0x0061,0x033E,0x00,0x40,0x03,180,10,180:0040:0032:0334:01E5|181:0040:0042:0335:01E5|182:0040:006A:0349:01E5|183:0040:005A:0347:01E5|184:0040:004A:0365:01E5|185:0040:006A:0348:01F5|186:0040:005A:0346:01F5|187:0040:004A:0364:01F5|188:0040:003A:0356:01F0|189:0040:004A:0363:0205
round5_castle,0xDB,2992,0x0002,0x0003,0x0000,0x01,0x006D,0x0000,0x0001,actor_2c8,5,0x10C408,0x01,0xD2,0x01,0x00,0x01,0x00,0x00,0x01F6,0x0061,0x01CB,0x00,0x46,0x00,190,10,190:0046:0042:01CB:01E7|191:0046:0042:01CC:01F7|192:0046:0052:01CD:01E7|193:0046:0052:01CE:01F7|194:0046:0062:01F0:01E7|195:0046:0062:01F1:01F7
round5_castle,0xDB,2992,0x0002,0x0003,0x0000,0x01,0x006D,0x0000,0x0001,actor_2c8,6,0x10C448,0x01,0x95,0x01,0x00,0x01,0x00,0x00,0x013E,0x00E1,0x033E,0x00,0x40,0x04,200,10,200:0040:00B2:03A2:012F|201:0040:00C2:03A3:012F|202:0040:00EA:0349:012F|203:0040:00DA:0347:012F|204:0040:00CA:0365:012F|205:0040:00EA:0348:013F|206:0040:00DA:0346:013F|207:0040:00CA:0364:013F|208:0040:00BA:0356:013A|209:0040:00CA:0363:014F
round5_castle,0xDB,2992,0x0002,0x0003,0x0000,0x01,0x006D,0x0000,0x0001,actor_2c8,7,0x10C488,0x01,0xD2,0x01,0x00,0x01,0x00,0x00,0x0140,0x00E1,0x01CB,0x00,0x46,0x00,210,10,210:0046:00C2:01CB:012F|211:0046:00C2:01CC:013F|212:0046:00D2:01CD:012F|213:0046:00D2:01CE:013F|214:0046:00E2:01F0:012F|215:0046:00E2:01F1:013F
round5_castle,0xDB,2992,0x0002,0x0003,0x0000,0x01,0x006D,0x0000,0x0001,actor_2c8,8,0x10C4C8,0x01,0x95,0x01,0x00,0x01,0x00,0x00,0x013E,0x00E1,0x033E,0x00,0x40,0x03,220,19,220:0040:00B2:0334:012F|221:0040:00C2:0335:012F|222:0040:00EA:0349:012F|223:0040:00DA:0347:012F|224:0040:00CA:0365:012F|225:0040:00EA:0348:013F|226:0040:00DA:0346:013F|227:0040:00CA:0364:013F|228:0040:00BA:0356:013A|229:0040:00CA:0363:014F
round5_castle,0xDB,2994,0x0002,0x0003,0x0000,0x01,0x006D,0x0000,0x0001,actor_2c8,4,0x10C3C8,0x01,0x95,0x01,0x00,0x01,0x00,0x00,0x01F6,0x005F,0x033E,0x00,0x40,0x03,180,10,180:0040:0030:0334:01E5|181:0040:0040:0335:01E5|182:0040:0068:0349:01E5|183:0040:0058:0347:01E5|184:0040:0048:0365:01E5|185:0040:0068:0348:01F5|186:0040:0058:0346:01F5|187:0040:0048:0364:01F5|188:0040:0038:0356:01F0|189:0040:0048:0363:0205
round5_castle,0xDB,2994,0x0002,0x0003,0x0000,0x01,0x006D,0x0000,0x0001,actor_2c8,5,0x10C408,0x01,0xD2,0x01,0x00,0x01,0x00,0x00,0x01F6,0x005F,0x01CB,0x00,0x46,0x00,190,10,190:0046:0040:01CB:01E7|191:0046:0040:01CC:01F7|192:0046:0050:01CD:01E7|193:0046:0050:01CE:01F7|194:0046:0060:01F0:01E7|195:0046:0060:01F1:01F7
round5_castle,0xDB,2994,0x0002,0x0003,0x0000,0x01,0x006D,0x0000,0x0001,actor_2c8,6,0x10C448,0x01,0x95,0x01,0x00,0x01,0x00,0x00,0x013E,0x00DF,0x033E,0x00,0x40,0x04,200,10,200:0040:00B0:03A2:012F|201:0040:00C0:03A3:012F|202:0040:00E8:0349:012F|203:0040:00D8:0347:012F|204:0040:00C8:0365:012F|205:0040:00E8:0348:013F|206:0040:00D8:0346:013F|207:0040:00C8:0364:013F|208:0040:00B8:0356:013A|209:0040:00C8:0363:014F
round5_castle,0xDB,2994,0x0002,0x0003,0x0000,0x01,0x006D,0x0000,0x0001,actor_2c8,7,0x10C488,0x01,0xD2,0x01,0x00,0x01,0x00,0x00,0x0140,0x00DF,0x01CB,0x00,0x46,0x00,210,10,210:0046:00C0:01CB:012F|211:0046:00C0:01CC:013F|212:0046:00D0:01CD:012F|213:0046:00D0:01CE:013F|214:0046:00E0:01F0:012F|215:0046:00E0:01F1:013F
round5_castle,0xDB,2994,0x0002,0x0003,0x0000,0x01,0x006D,0x0000,0x0001,actor_2c8,8,0x10C4C8,0x01,0x95,0x01,0x00,0x01,0x00,0x00,0x013E,0x00DF,0x033E,0x00,0x40,0x03,220,19,220:0040:00B0:0334:012F|221:0040:00C0:0335:012F|222:0040:00E8:0349:012F|223:0040:00D8:0347:012F|224:0040:00C8:0365:012F|225:0040:00E8:0348:013F|226:0040:00D8:0346:013F|227:0040:00C8:0364:013F|228:0040:00B8:0356:013A|229:0040:00C8:0363:014F
round5_castle,0xDB,2996,0x0002,0x0003,0x0000,0x01,0x006D,0x0000,0x0001,actor_2c8,4,0x10C3C8,0x01,0x94,0x01,0x00,0x01,0x00,0x00,0x01F6,0x005D,0x033E,0x00,0x40,0x03,180,10,180:0040:002E:0334:01E5|181:0040:003E:0335:01E5|182:0040:0066:0345:01E5|183:0040:0056:0343:01E5|184:0040:0046:0365:01E5|185:0040:0066:0344:01F5|186:0040:0056:0342:01F5|187:0040:0046:0364:01F5|188:0040:0036:0356:01F0|189:0040:0046:0363:0205
round5_castle,0xDB,2996,0x0002,0x0003,0x0000,0x01,0x006D,0x0000,0x0001,actor_2c8,5,0x10C408,0x01,0xD3,0x01,0x00,0x01,0x00,0x00,0x01F6,0x005D,0x01CB,0x00,0x46,0x00,190,10,190:0046:003E:01CB:01E7|191:0046:003E:01CC:01F7|192:0046:004E:01CD:01E7|193:0046:004E:01CE:01F7|194:0046:005E:01F2:01E7|195:0046:005E:01F3:01F7
round5_castle,0xDB,2996,0x0002,0x0003,0x0000,0x01,0x006D,0x0000,0x0001,actor_2c8,6,0x10C448,0x01,0x94,0x01,0x00,0x01,0x00,0x00,0x013E,0x00DD,0x033E,0x00,0x40,0x04,200,10,200:0040:00AE:03A2:012F|201:0040:00BE:03A3:012F|202:0040:00E6:0345:012F|203:0040:00D6:0343:012F|204:0040:00C6:0365:012F|205:0040:00E6:0344:013F|206:0040:00D6:0342:013F|207:0040:00C6:0364:013F|208:0040:00B6:0356:013A|209:0040:00C6:0363:014F
round5_castle,0xDB,2996,0x0002,0x0003,0x0000,0x01,0x006D,0x0000,0x0001,actor_2c8,7,0x10C488,0x01,0xD3,0x01,0x00,0x01,0x00,0x00,0x013E,0x00DD,0x01CB,0x00,0x46,0x00,210,10,210:0046:00BE:01CB:012F|211:0046:00BE:01CC:013F|212:0046:00CE:01CD:012F|213:0046:00CE:01CE:013F|214:0046:00DE:01F2:012F|215:0046:00DE:01F3:013F
round5_castle,0xDB,2996,0x0002,0x0003,0x0000,0x01,0x006D,0x0000,0x0001,actor_2c8,8,0x10C4C8,0x01,0x94,0x01,0x00,0x01,0x00,0x00,0x013E,0x00DD,0x033E,0x00,0x40,0x03,220,19,220:0040:00AE:0334:012F|221:0040:00BE:0335:012F|222:0040:00E6:0345:012F|223:0040:00D6:0343:012F|224:0040:00C6:0365:012F|225:0040:00E6:0344:013F|226:0040:00D6:0342:013F|227:0040:00C6:0364:013F|228:0040:00B6:0356:013A|229:0040:00C6:0363:014F
round5_castle,0xDB,2998,0x0002,0x0003,0x0000,0x01,0x006D,0x0000,0x0001,actor_2c8,4,0x10C3C8,0x01,0x94,0x01,0x00,0x01,0x00,0x00,0x01F4,0x005B,0x033E,0x00,0x40,0x03,180,10,180:0040:002C:0334:01E5|181:0040:003C:0335:01E5|182:0040:0064:0345:01E5|183:0040:0054:0343:01E5|184:0040:0044:0365:01E5|185:0040:0064:0344:01F5|186:0040:0054:0342:01F5|187:0040:0044:0364:01F5|188:0040:0034:0356:01F0|189:0040:0044:0363:0205
round5_castle,0xDB,2998,0x0002,0x0003,0x0000,0x01,0x006D,0x0000,0x0001,actor_2c8,5,0x10C408,0x01,0xD3,0x01,0x00,0x01,0x00,0x00,0x01F6,0x005B,0x01CB,0x00,0x46,0x00,190,10,190:0046:003C:01CB:01E5|191:0046:003C:01CC:01F5|192:0046:004C:01CD:01E5|193:0046:004C:01CE:01F5|194:0046:005C:01F2:01E5|195:0046:005C:01F3:01F5
round5_castle,0xDB,2998,0x0002,0x0003,0x0000,0x01,0x006D,0x0000,0x0001,actor_2c8,6,0x10C448,0x01,0x94,0x01,0x00,0x01,0x00,0x00,0x013E,0x00DB,0x033E,0x00,0x40,0x04,200,10,200:0040:00AC:03A2:012D|201:0040:00BC:03A3:012D|202:0040:00E4:0345:012D|203:0040:00D4:0343:012D|204:0040:00C4:0365:012D|205:0040:00E4:0344:013D|206:0040:00D4:0342:013D|207:0040:00C4:0364:013D|208:0040:00B4:0356:0138|209:0040:00C4:0363:014D
round5_castle,0xDB,2998,0x0002,0x0003,0x0000,0x01,0x006D,0x0000,0x0001,actor_2c8,7,0x10C488,0x01,0xD3,0x01,0x00,0x01,0x00,0x00,0x013E,0x00DB,0x01CB,0x00,0x46,0x00,210,10,210:0046:00BC:01CB:012F|211:0046:00BC:01CC:013F|212:0046:00CC:01CD:012F|213:0046:00CC:01CE:013F|214:0046:00DC:01F2:012F|215:0046:00DC:01F3:013F
round5_castle,0xDB,2998,0x0002,0x0003,0x0000,0x01,0x006D,0x0000,0x0001,actor_2c8,8,0x10C4C8,0x01,0x94,0x01,0x00,0x01,0x00,0x00,0x013E,0x00DB,0x033E,0x00,0x40,0x03,220,19,220:0040:00AC:0334:012D|221:0040:00BC:0335:012D|222:0040:00E4:0345:012D|223:0040:00D4:0343:012D|224:0040:00C4:0365:012D|225:0040:00E4:0344:013D|226:0040:00D4:0342:013D|227:0040:00C4:0364:013D|228:0040:00B4:0356:0138|229:0040:00C4:0363:014D
round5_castle,0xDB,3000,0x0002,0x0003,0x0000,0x01,0x006D,0x0000,0x0001,actor_2c8,4,0x10C3C8,0x01,0x94,0x01,0x00,0x01,0x00,0x00,0x01F4,0x0059,0x033E,0x00,0x40,0x03,180,10,180:0040:002A:0334:01E5|181:0040:003A:0335:01E5|182:0040:0062:0345:01E5|183:0040:0052:0343:01E5|184:0040:0042:0365:01E5|185:0040:0062:0344:01F5|186:0040:0052:0342:01F5|187:0040:0042:0364:01F5|188:0040:0032:0356:01F0|189:0040:0042:0363:0205
round5_castle,0xDB,3000,0x0002,0x0003,0x0000,0x01,0x006D,0x0000,0x0001,actor_2c8,5,0x10C408,0x01,0xD3,0x01,0x00,0x01,0x00,0x00,0x01F6,0x0059,0x01CB,0x00,0x46,0x00,190,10,190:0046:003A:01CB:01E5|191:0046:003A:01CC:01F5|192:0046:004A:01CD:01E5|193:0046:004A:01CE:01F5|194:0046:005A:01F2:01E5|195:0046:005A:01F3:01F5
round5_castle,0xDB,3000,0x0002,0x0003,0x0000,0x01,0x006D,0x0000,0x0001,actor_2c8,6,0x10C448,0x01,0x94,0x01,0x00,0x01,0x00,0x00,0x013E,0x00D9,0x033E,0x00,0x40,0x04,200,10,200:0040:00AA:03A2:012D|201:0040:00BA:03A3:012D|202:0040:00E2:0345:012D|203:0040:00D2:0343:012D|204:0040:00C2:0365:012D|205:0040:00E2:0344:013D|206:0040:00D2:0342:013D|207:0040:00C2:0364:013D|208:0040:00B2:0356:0138|209:0040:00C2:0363:014D
round5_castle,0xDB,3000,0x0002,0x0003,0x0000,0x01,0x006D,0x0000,0x0001,actor_2c8,7,0x10C488,0x01,0xD3,0x01,0x00,0x01,0x00,0x00,0x013E,0x00D9,0x01CB,0x00,0x46,0x00,210,10,210:0046:00BA:01CB:012F|211:0046:00BA:01CC:013F|212:0046:00CA:01CD:012F|213:0046:00CA:01CE:013F|214:0046:00DA:01F2:012F|215:0046:00DA:01F3:013F
round5_castle,0xDB,3000,0x0002,0x0003,0x0000,0x01,0x006D,0x0000,0x0001,actor_2c8,8,0x10C4C8,0x01,0x94,0x01,0x00,0x01,0x00,0x00,0x013E,0x00D9,0x033E,0x00,0x40,0x03,220,19,220:0040:00AA:0334:012D|221:0040:00BA:0335:012D|222:0040:00E2:0345:012D|223:0040:00D2:0343:012D|224:0040:00C2:0365:012D|225:0040:00E2:0344:013D|226:0040:00D2:0342:013D|227:0040:00C2:0364:013D|228:0040:00B2:0356:0138|229:0040:00C2:0363:014D
round5_castle,0xDB,3002,0x0002,0x0003,0x0000,0x01,0x006D,0x0000,0x0001,actor_2c8,4,0x10C3C8,0x01,0x94,0x01,0x00,0x01,0x00,0x00,0x01F4,0x0057,0x033E,0x00,0x40,0x03,180,10,180:0040:0028:0334:01E5|181:0040:0038:0335:01E5|182:0040:0060:0345:01E5|183:0040:0050:0343:01E5|184:0040:0040:0365:01E5|185:0040:0060:0344:01F5|186:0040:0050:0342:01F5|187:0040:0040:0364:01F5|188:0040:0030:0356:01F0|189:0040:0040:0363:0205
round5_castle,0xDB,3002,0x0002,0x0003,0x0000,0x01,0x006D,0x0000,0x0001,actor_2c8,5,0x10C408,0x01,0xD3,0x01,0x00,0x01,0x00,0x00,0x01F6,0x0057,0x01CB,0x00,0x46,0x00,190,10,190:0046:0038:01CB:01E5|191:0046:0038:01CC:01F5|192:0046:0048:01CD:01E5|193:0046:0048:01CE:01F5|194:0046:0058:01F2:01E5|195:0046:0058:01F3:01F5
round5_castle,0xDB,3002,0x0002,0x0003,0x0000,0x01,0x006D,0x0000,0x0001,actor_2c8,6,0x10C448,0x01,0x94,0x01,0x00,0x01,0x00,0x00,0x013E,0x00D7,0x033E,0x00,0x40,0x04,200,10,200:0040:00A8:03A2:012D|201:0040:00B8:03A3:012D|202:0040:00E0:0345:012D|203:0040:00D0:0343:012D|204:0040:00C0:0365:012D|205:0040:00E0:0344:013D|206:0040:00D0:0342:013D|207:0040:00C0:0364:013D|208:0040:00B0:0356:0138|209:0040:00C0:0363:014D
round5_castle,0xDB,3002,0x0002,0x0003,0x0000,0x01,0x006D,0x0000,0x0001,actor_2c8,7,0x10C488,0x01,0xD3,0x01,0x00,0x01,0x00,0x00,0x013E,0x00D7,0x01CB,0x00,0x46,0x00,210,10,210:0046:00B8:01CB:012F|211:0046:00B8:01CC:013F|212:0046:00C8:01CD:012F|213:0046:00C8:01CE:013F|214:0046:00D8:01F2:012F|215:0046:00D8:01F3:013F
round5_castle,0xDB,3002,0x0002,0x0003,0x0000,0x01,0x006D,0x0000,0x0001,actor_2c8,8,0x10C4C8,0x01,0x94,0x01,0x00,0x01,0x00,0x00,0x013E,0x00D7,0x033E,0x00,0x40,0x03,220,19,220:0040:00A8:0334:012D|221:0040:00B8:0335:012D|222:0040:00E0:0345:012D|223:0040:00D0:0343:012D|224:0040:00C0:0365:012D|225:0040:00E0:0344:013D|226:0040:00D0:0342:013D|227:0040:00C0:0364:013D|228:0040:00B0:0356:0138|229:0040:00C0:0363:014D
round5_castle,0xDB,3004,0x0002,0x0003,0x0000,0x01,0x006D,0x0000,0x0001,actor_2c8,4,0x10C3C8,0x01,0x93,0x01,0x00,0x01,0x00,0x00,0x01F4,0x0055,0x033E,0x00,0x40,0x03,180,10,180:0040:0026:0334:01E5|181:0040:0036:0335:01E5|182:0040:005E:0341:01E5|183:0040:004E:033F:01E5|184:0040:003E:0365:01E5|185:0040:005E:0340:01F5|186:0040:004E:033E:01F5|187:0040:003E:0364:01F5|188:0040:002E:0356:01F0|189:0040:003E:0363:0205
round5_castle,0xDB,3004,0x0002,0x0003,0x0000,0x01,0x006D,0x0000,0x0001,actor_2c8,5,0x10C408,0x01,0xD0,0x01,0x00,0x01,0x00,0x00,0x01F6,0x0055,0x01CB,0x00,0x46,0x00,190,10,190:0046:0036:01CB:01E5|191:0046:0036:01CC:01F5|192:0046:0046:01CD:01E5|193:0046:0046:01CE:01F5|194:0046:0056:01F4:01E5|195:0046:0056:01F5:01F5
round5_castle,0xDB,3004,0x0002,0x0003,0x0000,0x01,0x006D,0x0000,0x0001,actor_2c8,6,0x10C448,0x01,0x93,0x01,0x00,0x01,0x00,0x00,0x013E,0x00D5,0x033E,0x00,0x40,0x04,200,10,200:0040:00A6:03A2:012D|201:0040:00B6:03A3:012D|202:0040:00DE:0341:012D|203:0040:00CE:033F:012D|204:0040:00BE:0365:012D|205:0040:00DE:0340:013D|206:0040:00CE:033E:013D|207:0040:00BE:0364:013D|208:0040:00AE:0356:0138|209:0040:00BE:0363:014D
round5_castle,0xDB,3004,0x0002,0x0003,0x0000,0x01,0x006D,0x0000,0x0001,actor_2c8,7,0x10C488,0x01,0xD0,0x01,0x00,0x01,0x00,0x00,0x013E,0x00D5,0x01CB,0x00,0x46,0x00,210,10,210:0046:00B6:01CB:012F|211:0046:00B6:01CC:013F|212:0046:00C6:01CD:012F|213:0046:00C6:01CE:013F|214:0046:00D6:01F4:012F|215:0046:00D6:01F5:013F
round5_castle,0xDB,3004,0x0002,0x0003,0x0000,0x01,0x006D,0x0000,0x0001,actor_2c8,8,0x10C4C8,0x01,0x93,0x01,0x00,0x01,0x00,0x00,0x013E,0x00D5,0x033E,0x00,0x40,0x03,220,19,220:0040:00A6:0334:012D|221:0040:00B6:0335:012D|222:0040:00DE:0341:012D|223:0040:00CE:033F:012D|224:0040:00BE:0365:012D|225:0040:00DE:0340:013D|226:0040:00CE:033E:013D|227:0040:00BE:0364:013D|228:0040:00AE:0356:0138|229:0040:00BE:0363:014D
round5_castle,0xDB,3006,0x0002,0x0003,0x0000,0x01,0x006D,0x0000,0x0001,actor_2c8,4,0x10C3C8,0x01,0x93,0x01,0x00,0x01,0x00,0x00,0x01F4,0x0053,0x033E,0x00,0x40,0x03,180,10,180:0040:0024:0334:01E5|181:0040:0034:0335:01E5|182:0040:005C:0341:01E5|183:0040:004C:033F:01E5|184:0040:003C:0365:01E5|185:0040:005C:0340:01F5|186:0040:004C:033E:01F5|187:0040:003C:0364:01F5|188:0040:002C:0356:01F0|189:0040:003C:0363:0205
round5_castle,0xDB,3006,0x0002,0x0003,0x0000,0x01,0x006D,0x0000,0x0001,actor_2c8,5,0x10C408,0x01,0xD0,0x01,0x00,0x01,0x00,0x00,0x01F4,0x0053,0x01CB,0x00,0x46,0x00,190,10,190:0046:0034:01CB:01E5|191:0046:0034:01CC:01F5|192:0046:0044:01CD:01E5|193:0046:0044:01CE:01F5|194:0046:0054:01F4:01E5|195:0046:0054:01F5:01F5
round5_castle,0xDB,3006,0x0002,0x0003,0x0000,0x01,0x006D,0x0000,0x0001,actor_2c8,6,0x10C448,0x01,0x93,0x01,0x00,0x01,0x00,0x00,0x013C,0x00D3,0x033E,0x00,0x40,0x04,200,10,200:0040:00A4:03A2:012D|201:0040:00B4:03A3:012D|202:0040:00DC:0341:012D|203:0040:00CC:033F:012D|204:0040:00BC:0365:012D|205:0040:00DC:0340:013D|206:0040:00CC:033E:013D|207:0040:00BC:0364:013D|208:0040:00AC:0356:0138|209:0040:00BC:0363:014D
round5_castle,0xDB,3006,0x0002,0x0003,0x0000,0x01,0x006D,0x0000,0x0001,actor_2c8,7,0x10C488,0x01,0xD0,0x01,0x00,0x01,0x00,0x00,0x013E,0x00D3,0x01CB,0x00,0x46,0x00,210,10,210:0046:00B4:01CB:012D|211:0046:00B4:01CC:013D|212:0046:00C4:01CD:012D|213:0046:00C4:01CE:013D|214:0046:00D4:01F4:012D|215:0046:00D4:01F5:013D
round5_castle,0xDB,3006,0x0002,0x0003,0x0000,0x01,0x006D,0x0000,0x0001,actor_2c8,8,0x10C4C8,0x01,0x93,0x01,0x00,0x01,0x00,0x00,0x013C,0x00D3,0x033E,0x00,0x40,0x03,220,19,220:0040:00A4:0334:012D|221:0040:00B4:0335:012D|222:0040:00DC:0341:012D|223:0040:00CC:033F:012D|224:0040:00BC:0365:012D|225:0040:00DC:0340:013D|226:0040:00CC:033E:013D|227:0040:00BC:0364:013D|228:0040:00AC:0356:0138|229:0040:00BC:0363:014D
round5_castle,0xDB,3008,0x0002,0x0003,0x0000,0x01,0x006D,0x0000,0x0001,actor_2c8,4,0x10C3C8,0x01,0x93,0x01,0x00,0x01,0x00,0x00,0x01F4,0x0051,0x033E,0x00,0x40,0x03,180,10,180:0040:0022:0334:01E3|181:0040:0032:0335:01E3|182:0040:005A:0341:01E3|183:0040:004A:033F:01E3|184:0040:003A:0365:01E3|185:0040:005A:0340:01F3|186:0040:004A:033E:01F3|187:0040:003A:0364:01F3|188:0040:002A:0356:01EE|189:0040:003A:0363:0203
round5_castle,0xDB,3008,0x0002,0x0003,0x0000,0x01,0x006D,0x0000,0x0001,actor_2c8,5,0x10C408,0x01,0xD0,0x01,0x00,0x01,0x00,0x00,0x01F4,0x0051,0x01CB,0x00,0x46,0x00,190,10,190:0046:0032:01CB:01E5|191:0046:0032:01CC:01F5|192:0046:0042:01CD:01E5|193:0046:0042:01CE:01F5|194:0046:0052:01F4:01E5|195:0046:0052:01F5:01F5
round5_castle,0xDB,3008,0x0002,0x0003,0x0000,0x01,0x006D,0x0000,0x0001,actor_2c8,6,0x10C448,0x01,0x93,0x01,0x00,0x01,0x00,0x00,0x013C,0x00D1,0x033E,0x00,0x40,0x04,200,10,200:0040:00A2:03A2:012D|201:0040:00B2:03A3:012D|202:0040:00DA:0341:012D|203:0040:00CA:033F:012D|204:0040:00BA:0365:012D|205:0040:00DA:0340:013D|206:0040:00CA:033E:013D|207:0040:00BA:0364:013D|208:0040:00AA:0356:0138|209:0040:00BA:0363:014D
round5_castle,0xDB,3008,0x0002,0x0003,0x0000,0x01,0x006D,0x0000,0x0001,actor_2c8,7,0x10C488,0x01,0xD0,0x01,0x00,0x01,0x00,0x00,0x013E,0x00D1,0x01CB,0x00,0x46,0x00,210,10,210:0046:00B2:01CB:012D|211:0046:00B2:01CC:013D|212:0046:00C2:01CD:012D|213:0046:00C2:01CE:013D|214:0046:00D2:01F4:012D|215:0046:00D2:01F5:013D
round5_castle,0xDB,3008,0x0002,0x0003,0x0000,0x01,0x006D,0x0000,0x0001,actor_2c8,8,0x10C4C8,0x01,0x93,0x01,0x00,0x01,0x00,0x00,0x013C,0x00D1,0x033E,0x00,0x40,0x03,220,19,220:0040:00A2:0334:012D|221:0040:00B2:0335:012D|222:0040:00DA:0341:012D|223:0040:00CA:033F:012D|224:0040:00BA:0365:012D|225:0040:00DA:0340:013D|226:0040:00CA:033E:013D|227:0040:00BA:0364:013D|228:0040:00AA:0356:0138|229:0040:00BA:0363:014D
round5_castle,0xDB,3010,0x0002,0x0003,0x0000,0x01,0x006D,0x0000,0x0001,actor_2c8,4,0x10C3C8,0x01,0x93,0x01,0x00,0x01,0x00,0x00,0x01F4,0x004F,0x033E,0x00,0x40,0x03,180,10,180:0040:0020:0334:01E3|181:0040:0030:0335:01E3|182:0040:0058:0341:01E3|183:0040:0048:033F:01E3|184:0040:0038:0365:01E3|185:0040:0058:0340:01F3|186:0040:0048:033E:01F3|187:0040:0038:0364:01F3|188:0040:0028:0356:01EE|189:0040:0038:0363:0203
round5_castle,0xDB,3010,0x0002,0x0003,0x0000,0x01,0x006D,0x0000,0x0001,actor_2c8,5,0x10C408,0x01,0xD0,0x01,0x00,0x01,0x00,0x00,0x01F4,0x004F,0x01CB,0x00,0x46,0x00,190,10,190:0046:0030:01CB:01E5|191:0046:0030:01CC:01F5|192:0046:0040:01CD:01E5|193:0046:0040:01CE:01F5|194:0046:0050:01F4:01E5|195:0046:0050:01F5:01F5
round5_castle,0xDB,3010,0x0002,0x0003,0x0000,0x01,0x006D,0x0000,0x0001,actor_2c8,6,0x10C448,0x01,0x93,0x01,0x00,0x01,0x00,0x00,0x013C,0x00CF,0x033E,0x00,0x40,0x04,200,10,200:0040:00A0:03A2:012D|201:0040:00B0:03A3:012D|202:0040:00D8:0341:012D|203:0040:00C8:033F:012D|204:0040:00B8:0365:012D|205:0040:00D8:0340:013D|206:0040:00C8:033E:013D|207:0040:00B8:0364:013D|208:0040:00A8:0356:0138|209:0040:00B8:0363:014D
round5_castle,0xDB,3010,0x0002,0x0003,0x0000,0x01,0x006D,0x0000,0x0001,actor_2c8,7,0x10C488,0x01,0xD0,0x01,0x00,0x01,0x00,0x00,0x013E,0x00CF,0x01CB,0x00,0x46,0x00,210,10,210:0046:00B0:01CB:012D|211:0046:00B0:01CC:013D|212:0046:00C0:01CD:012D|213:0046:00C0:01CE:013D|214:0046:00D0:01F4:012D|215:0046:00D0:01F5:013D
round5_castle,0xDB,3010,0x0002,0x0003,0x0000,0x01,0x006D,0x0000,0x0001,actor_2c8,8,0x10C4C8,0x01,0x93,0x01,0x00,0x01,0x00,0x00,0x013C,0x00CF,0x033E,0x00,0x40,0x03,220,19,220:0040:00A0:0334:012D|221:0040:00B0:0335:012D|222:0040:00D8:0341:012D|223:0040:00C8:033F:012D|224:0040:00B8:0365:012D|225:0040:00D8:0340:013D|226:0040:00C8:033E:013D|227:0040:00B8:0364:013D|228:0040:00A8:0356:0138|229:0040:00B8:0363:014D
round5_castle,0xDB,3012,0x0002,0x0003,0x0000,0x01,0x006D,0x0000,0x0001,actor_2c8,4,0x10C3C8,0x01,0x94,0x01,0x00,0x01,0x00,0x00,0x01F4,0x004D,0x033E,0x00,0x40,0x03,180,10,180:0040:001E:0334:01E3|181:0040:002E:0335:01E3|182:0040:0056:0345:01E3|183:0040:0046:0343:01E3|184:0040:0036:0365:01E3|185:0040:0056:0344:01F3|186:0040:0046:0342:01F3|187:0040:0036:0364:01F3|188:0040:0026:0356:01EE|189:0040:0036:0363:0203
round5_castle,0xDB,3012,0x0002,0x0003,0x0000,0x01,0x006D,0x0000,0x0001,actor_2c8,5,0x10C408,0x01,0xD1,0x01,0x00,0x01,0x00,0x00,0x01F4,0x004D,0x01CB,0x00,0x46,0x00,190,10,190:0046:002E:01CB:01E5|191:0046:002E:01CC:01F5|192:0046:003E:01CD:01E5|193:0046:003E:01CE:01F5|194:0046:004E:01EE:01E5|195:0046:004E:01EF:01F5
round5_castle,0xDB,3012,0x0002,0x0003,0x0000,0x01,0x006D,0x0000,0x0001,actor_2c8,6,0x10C448,0x01,0x94,0x01,0x00,0x01,0x00,0x00,0x013C,0x00CD,0x033E,0x00,0x40,0x04,200,10,200:0040:009E:03A2:012D|201:0040:00AE:03A3:012D|202:0040:00D6:0345:012D|203:0040:00C6:0343:012D|204:0040:00B6:0365:012D|205:0040:00D6:0344:013D|206:0040:00C6:0342:013D|207:0040:00B6:0364:013D|208:0040:00A6:0356:0138|209:0040:00B6:0363:014D
round5_castle,0xDB,3012,0x0002,0x0003,0x0000,0x01,0x006D,0x0000,0x0001,actor_2c8,7,0x10C488,0x01,0xD1,0x01,0x00,0x01,0x00,0x00,0x013E,0x00CD,0x01CB,0x00,0x46,0x00,210,10,210:0046:00AE:01CB:012D|211:0046:00AE:01CC:013D|212:0046:00BE:01CD:012D|213:0046:00BE:01CE:013D|214:0046:00CE:01EE:012D|215:0046:00CE:01EF:013D
round5_castle,0xDB,3012,0x0002,0x0003,0x0000,0x01,0x006D,0x0000,0x0001,actor_2c8,8,0x10C4C8,0x01,0x94,0x01,0x00,0x01,0x00,0x00,0x013C,0x00CD,0x033E,0x00,0x40,0x03,220,19,220:0040:009E:0334:012D|221:0040:00AE:0335:012D|222:0040:00D6:0345:012D|223:0040:00C6:0343:012D|224:0040:00B6:0365:012D|225:0040:00D6:0344:013D|226:0040:00C6:0342:013D|227:0040:00B6:0364:013D|228:0040:00A6:0356:0138|229:0040:00B6:0363:014D
round5_castle,0xDB,3014,0x0002,0x0003,0x0000,0x01,0x006D,0x0000,0x0001,actor_2c8,4,0x10C3C8,0x01,0x94,0x01,0x00,0x01,0x00,0x00,0x01F4,0x004B,0x033E,0x00,0x40,0x03,180,10,180:0040:001C:0334:01E3|181:0040:002C:0335:01E3|182:0040:0054:0345:01E3|183:0040:0044:0343:01E3|184:0040:0034:0365:01E3|185:0040:0054:0344:01F3|186:0040:0044:0342:01F3|187:0040:0034:0364:01F3|188:0040:0024:0356:01EE|189:0040:0034:0363:0203
round5_castle,0xDB,3014,0x0002,0x0003,0x0000,0x01,0x006D,0x0000,0x0001,actor_2c8,5,0x10C408,0x01,0xD1,0x01,0x00,0x01,0x00,0x00,0x01F4,0x004B,0x01CB,0x00,0x46,0x00,190,10,190:0046:002C:01CB:01E5|191:0046:002C:01CC:01F5|192:0046:003C:01CD:01E5|193:0046:003C:01CE:01F5|194:0046:004C:01EE:01E5|195:0046:004C:01EF:01F5
round5_castle,0xDB,3014,0x0002,0x0003,0x0000,0x01,0x006D,0x0000,0x0001,actor_2c8,6,0x10C448,0x01,0x94,0x01,0x00,0x01,0x00,0x00,0x013C,0x00CB,0x033E,0x00,0x40,0x04,200,10,200:0040:009C:03A2:012D|201:0040:00AC:03A3:012D|202:0040:00D4:0345:012D|203:0040:00C4:0343:012D|204:0040:00B4:0365:012D|205:0040:00D4:0344:013D|206:0040:00C4:0342:013D|207:0040:00B4:0364:013D|208:0040:00A4:0356:0138|209:0040:00B4:0363:014D
round5_castle,0xDB,3014,0x0002,0x0003,0x0000,0x01,0x006D,0x0000,0x0001,actor_2c8,7,0x10C488,0x01,0xD1,0x01,0x00,0x01,0x00,0x00,0x013C,0x00CB,0x01CB,0x00,0x46,0x00,210,10,210:0046:00AC:01CB:012D|211:0046:00AC:01CC:013D|212:0046:00BC:01CD:012D|213:0046:00BC:01CE:013D|214:0046:00CC:01EE:012D|215:0046:00CC:01EF:013D
round5_castle,0xDB,3014,0x0002,0x0003,0x0000,0x01,0x006D,0x0000,0x0001,actor_2c8,8,0x10C4C8,0x01,0x94,0x01,0x00,0x01,0x00,0x00,0x013C,0x00CB,0x033E,0x00,0x40,0x03,220,19,220:0040:009C:0334:012D|221:0040:00AC:0335:012D|222:0040:00D4:0345:012D|223:0040:00C4:0343:012D|224:0040:00B4:0365:012D|225:0040:00D4:0344:013D|226:0040:00C4:0342:013D|227:0040:00B4:0364:013D|228:0040:00A4:0356:0138|229:0040:00B4:0363:014D
round5_castle,0xDB,3016,0x0002,0x0003,0x0000,0x01,0x006D,0x0000,0x0001,actor_2c8,4,0x10C3C8,0x01,0x94,0x01,0x00,0x01,0x00,0x00,0x01F2,0x0049,0x033E,0x00,0x40,0x03,180,10,180:0040:001A:0334:01E3|181:0040:002A:0335:01E3|182:0040:0052:0345:01E3|183:0040:0042:0343:01E3|184:0040:0032:0365:01E3|185:0040:0052:0344:01F3|186:0040:0042:0342:01F3|187:0040:0032:0364:01F3|188:0040:0022:0356:01EE|189:0040:0032:0363:0203
round5_castle,0xDB,3016,0x0002,0x0003,0x0000,0x01,0x006D,0x0000,0x0001,actor_2c8,5,0x10C408,0x01,0xD1,0x01,0x00,0x01,0x00,0x00,0x01F4,0x0049,0x01CB,0x00,0x46,0x00,190,10,190:0046:002A:01CB:01E3|191:0046:002A:01CC:01F3|192:0046:003A:01CD:01E3|193:0046:003A:01CE:01F3|194:0046:004A:01EE:01E3|195:0046:004A:01EF:01F3
round5_castle,0xDB,3016,0x0002,0x0003,0x0000,0x01,0x006D,0x0000,0x0001,actor_2c8,6,0x10C448,0x01,0x94,0x01,0x00,0x01,0x00,0x00,0x013C,0x00C9,0x033E,0x00,0x40,0x04,200,10,200:0040:009A:03A2:012B|201:0040:00AA:03A3:012B|202:0040:00D2:0345:012B|203:0040:00C2:0343:012B|204:0040:00B2:0365:012B|205:0040:00D2:0344:013B|206:0040:00C2:0342:013B|207:0040:00B2:0364:013B|208:0040:00A2:0356:0136|209:0040:00B2:0363:014B
round5_castle,0xDB,3016,0x0002,0x0003,0x0000,0x01,0x006D,0x0000,0x0001,actor_2c8,7,0x10C488,0x01,0xD1,0x01,0x00,0x01,0x00,0x00,0x013C,0x00C9,0x01CB,0x00,0x46,0x00,210,10,210:0046:00AA:01CB:012D|211:0046:00AA:01CC:013D|212:0046:00BA:01CD:012D|213:0046:00BA:01CE:013D|214:0046:00CA:01EE:012D|215:0046:00CA:01EF:013D
round5_castle,0xDB,3016,0x0002,0x0003,0x0000,0x01,0x006D,0x0000,0x0001,actor_2c8,8,0x10C4C8,0x01,0x94,0x01,0x00,0x01,0x00,0x00,0x013C,0x00C9,0x033E,0x00,0x40,0x03,220,19,220:0040:009A:0334:012B|221:0040:00AA:0335:012B|222:0040:00D2:0345:012B|223:0040:00C2:0343:012B|224:0040:00B2:0365:012B|225:0040:00D2:0344:013B|226:0040:00C2:0342:013B|227:0040:00B2:0364:013B|228:0040:00A2:0356:0136|229:0040:00B2:0363:014B
round5_castle,0xDB,3018,0x0002,0x0003,0x0000,0x01,0x006D,0x0000,0x0001,actor_2c8,4,0x10C3C8,0x01,0x94,0x01,0x00,0x01,0x00,0x00,0x01F2,0x0047,0x033E,0x00,0x40,0x03,180,10,180:0040:0018:0334:01E3|181:0040:0028:0335:01E3|182:0040:0050:0345:01E3|183:0040:0040:0343:01E3|184:0040:0030:0365:01E3|185:0040:0050:0344:01F3|186:0040:0040:0342:01F3|187:0040:0030:0364:01F3|188:0040:0020:0356:01EE|189:0040:0030:0363:0203
round5_castle,0xDB,3018,0x0002,0x0003,0x0000,0x01,0x006D,0x0000,0x0001,actor_2c8,5,0x10C408,0x01,0xD1,0x01,0x00,0x01,0x00,0x00,0x01F4,0x0047,0x01CB,0x00,0x46,0x00,190,10,190:0046:0028:01CB:01E3|191:0046:0028:01CC:01F3|192:0046:0038:01CD:01E3|193:0046:0038:01CE:01F3|194:0046:0048:01EE:01E3|195:0046:0048:01EF:01F3
round5_castle,0xDB,3018,0x0002,0x0003,0x0000,0x01,0x006D,0x0000,0x0001,actor_2c8,6,0x10C448,0x01,0x94,0x01,0x00,0x01,0x00,0x00,0x013C,0x00C7,0x033E,0x00,0x40,0x04,200,10,200:0040:0098:03A2:012B|201:0040:00A8:03A3:012B|202:0040:00D0:0345:012B|203:0040:00C0:0343:012B|204:0040:00B0:0365:012B|205:0040:00D0:0344:013B|206:0040:00C0:0342:013B|207:0040:00B0:0364:013B|208:0040:00A0:0356:0136|209:0040:00B0:0363:014B
round5_castle,0xDB,3018,0x0002,0x0003,0x0000,0x01,0x006D,0x0000,0x0001,actor_2c8,7,0x10C488,0x01,0xD1,0x01,0x00,0x01,0x00,0x00,0x013C,0x00C7,0x01CB,0x00,0x46,0x00,210,10,210:0046:00A8:01CB:012D|211:0046:00A8:01CC:013D|212:0046:00B8:01CD:012D|213:0046:00B8:01CE:013D|214:0046:00C8:01EE:012D|215:0046:00C8:01EF:013D
round5_castle,0xDB,3018,0x0002,0x0003,0x0000,0x01,0x006D,0x0000,0x0001,actor_2c8,8,0x10C4C8,0x01,0x94,0x01,0x00,0x01,0x00,0x00,0x013C,0x00C7,0x033E,0x00,0x40,0x03,220,19,220:0040:0098:0334:012B|221:0040:00A8:0335:012B|222:0040:00D0:0345:012B|223:0040:00C0:0343:012B|224:0040:00B0:0365:012B|225:0040:00D0:0344:013B|226:0040:00C0:0342:013B|227:0040:00B0:0364:013B|228:0040:00A0:0356:0136|229:0040:00B0:0363:014B
round5_castle,0xDB,3020,0x0002,0x0003,0x0000,0x01,0x006D,0x0000,0x0001,actor_2c8,4,0x10C3C8,0x01,0x95,0x01,0x00,0x01,0x00,0x00,0x01F2,0x0045,0x033E,0x00,0x40,0x03,180,10,180:0040:0016:0334:01E3|181:0040:0026:0335:01E3|182:0040:004E:0349:01E3|183:0040:003E:0347:01E3|184:0040:002E:0365:01E3|185:0040:004E:0348:01F3|186:0040:003E:0346:01F3|187:0040:002E:0364:01F3|188:0040:001E:0356:01EE|189:0040:002E:0363:0203
round5_castle,0xDB,3020,0x0002,0x0003,0x0000,0x01,0x006D,0x0000,0x0001,actor_2c8,5,0x10C408,0x01,0xD2,0x01,0x00,0x01,0x00,0x00,0x01F4,0x0045,0x01CB,0x00,0x46,0x00,190,10,190:0046:0026:01CB:01E3|191:0046:0026:01CC:01F3|192:0046:0036:01CD:01E3|193:0046:0036:01CE:01F3|194:0046:0046:01F0:01E3|195:0046:0046:01F1:01F3
round5_castle,0xDB,3020,0x0002,0x0003,0x0000,0x01,0x006D,0x0000,0x0001,actor_2c8,6,0x10C448,0x01,0x95,0x01,0x00,0x01,0x00,0x00,0x013C,0x00C5,0x033E,0x00,0x40,0x04,200,10,200:0040:0096:03A2:012B|201:0040:00A6:03A3:012B|202:0040:00CE:0349:012B|203:0040:00BE:0347:012B|204:0040:00AE:0365:012B|205:0040:00CE:0348:013B|206:0040:00BE:0346:013B|207:0040:00AE:0364:013B|208:0040:009E:0356:0136|209:0040:00AE:0363:014B
round5_castle,0xDB,3020,0x0002,0x0003,0x0000,0x01,0x006D,0x0000,0x0001,actor_2c8,7,0x10C488,0x01,0xD2,0x01,0x00,0x01,0x00,0x00,0x013C,0x00C5,0x01CB,0x00,0x46,0x00,210,10,210:0046:00A6:01CB:012D|211:0046:00A6:01CC:013D|212:0046:00B6:01CD:012D|213:0046:00B6:01CE:013D|214:0046:00C6:01F0:012D|215:0046:00C6:01F1:013D
round5_castle,0xDB,3020,0x0002,0x0003,0x0000,0x01,0x006D,0x0000,0x0001,actor_2c8,8,0x10C4C8,0x01,0x95,0x01,0x00,0x01,0x00,0x00,0x013C,0x00C5,0x033E,0x00,0x40,0x03,220,19,220:0040:0096:0334:012B|221:0040:00A6:0335:012B|222:0040:00CE:0349:012B|223:0040:00BE:0347:012B|224:0040:00AE:0365:012B|225:0040:00CE:0348:013B|226:0040:00BE:0346:013B|227:0040:00AE:0364:013B|228:0040:009E:0356:0136|229:0040:00AE:0363:014B
round5_castle,0xDB,3022,0x0002,0x0003,0x0000,0x01,0x006D,0x0000,0x0001,actor_2c8,4,0x10C3C8,0x01,0x95,0x01,0x00,0x01,0x00,0x00,0x01F2,0x0043,0x033E,0x00,0x40,0x03,180,10,180:0040:0014:0334:01E3|181:0040:0024:0335:01E3|182:0040:004C:0349:01E3|183:0040:003C:0347:01E3|184:0040:002C:0365:01E3|185:0040:004C:0348:01F3|186:0040:003C:0346:01F3|187:0040:002C:0364:01F3|188:0040:001C:0356:01EE|189:0040:002C:0363:0203
round5_castle,0xDB,3022,0x0002,0x0003,0x0000,0x01,0x006D,0x0000,0x0001,actor_2c8,5,0x10C408,0x01,0xD2,0x01,0x00,0x01,0x00,0x00,0x01F4,0x0043,0x01CB,0x00,0x46,0x00,190,10,190:0046:0024:01CB:01E3|191:0046:0024:01CC:01F3|192:0046:0034:01CD:01E3|193:0046:0034:01CE:01F3|194:0046:0044:01F0:01E3|195:0046:0044:01F1:01F3
round5_castle,0xDB,3022,0x0002,0x0003,0x0000,0x01,0x006D,0x0000,0x0001,actor_2c8,6,0x10C448,0x01,0x95,0x01,0x00,0x01,0x00,0x00,0x013C,0x00C3,0x033E,0x00,0x40,0x04,200,10,200:0040:0094:03A2:012B|201:0040:00A4:03A3:012B|202:0040:00CC:0349:012B|203:0040:00BC:0347:012B|204:0040:00AC:0365:012B|205:0040:00CC:0348:013B|206:0040:00BC:0346:013B|207:0040:00AC:0364:013B|208:0040:009C:0356:0136|209:0040:00AC:0363:014B
round5_castle,0xDB,3022,0x0002,0x0003,0x0000,0x01,0x006D,0x0000,0x0001,actor_2c8,7,0x10C488,0x01,0xD2,0x01,0x00,0x01,0x00,0x00,0x013C,0x00C3,0x01CB,0x00,0x46,0x00,210,10,210:0046:00A4:01CB:012D|211:0046:00A4:01CC:013D|212:0046:00B4:01CD:012D|213:0046:00B4:01CE:013D|214:0046:00C4:01F0:012D|215:0046:00C4:01F1:013D
round5_castle,0xDB,3022,0x0002,0x0003,0x0000,0x01,0x006D,0x0000,0x0001,actor_2c8,8,0x10C4C8,0x01,0x95,0x01,0x00,0x01,0x00,0x00,0x013C,0x00C3,0x033E,0x00,0x40,0x03,220,19,220:0040:0094:0334:012B|221:0040:00A4:0335:012B|222:0040:00CC:0349:012B|223:0040:00BC:0347:012B|224:0040:00AC:0365:012B|225:0040:00CC:0348:013B|226:0040:00BC:0346:013B|227:0040:00AC:0364:013B|228:0040:009C:0356:0136|229:0040:00AC:0363:014B
round5_castle,0xDB,3024,0x0002,0x0003,0x0000,0x01,0x006D,0x0000,0x0001,actor_2c8,4,0x10C3C8,0x01,0x95,0x01,0x00,0x01,0x00,0x00,0x01F2,0x0041,0x033E,0x00,0x40,0x03,180,10,180:0040:0012:0334:01E3|181:0040:0022:0335:01E3|182:0040:004A:0349:01E3|183:0040:003A:0347:01E3|184:0040:002A:0365:01E3|185:0040:004A:0348:01F3|186:0040:003A:0346:01F3|187:0040:002A:0364:01F3|188:0040:001A:0356:01EE|189:0040:002A:0363:0203
round5_castle,0xDB,3024,0x0002,0x0003,0x0000,0x01,0x006D,0x0000,0x0001,actor_2c8,5,0x10C408,0x01,0xD2,0x01,0x00,0x01,0x00,0x00,0x01F2,0x0041,0x01CB,0x00,0x46,0x00,190,10,190:0046:0022:01CB:01E3|191:0046:0022:01CC:01F3|192:0046:0032:01CD:01E3|193:0046:0032:01CE:01F3|194:0046:0042:01F0:01E3|195:0046:0042:01F1:01F3
round5_castle,0xDB,3024,0x0002,0x0003,0x0000,0x01,0x006D,0x0000,0x0001,actor_2c8,6,0x10C448,0x01,0x95,0x01,0x00,0x01,0x00,0x00,0x013A,0x00C1,0x033E,0x00,0x40,0x04,200,10,200:0040:0092:03A2:012B|201:0040:00A2:03A3:012B|202:0040:00CA:0349:012B|203:0040:00BA:0347:012B|204:0040:00AA:0365:012B|205:0040:00CA:0348:013B|206:0040:00BA:0346:013B|207:0040:00AA:0364:013B|208:0040:009A:0356:0136|209:0040:00AA:0363:014B
round5_castle,0xDB,3024,0x0002,0x0003,0x0000,0x01,0x006D,0x0000,0x0001,actor_2c8,7,0x10C488,0x01,0xD2,0x01,0x00,0x01,0x00,0x00,0x013C,0x00C1,0x01CB,0x00,0x46,0x00,210,10,210:0046:00A2:01CB:012B|211:0046:00A2:01CC:013B|212:0046:00B2:01CD:012B|213:0046:00B2:01CE:013B|214:0046:00C2:01F0:012B|215:0046:00C2:01F1:013B
round5_castle,0xDB,3024,0x0002,0x0003,0x0000,0x01,0x006D,0x0000,0x0001,actor_2c8,8,0x10C4C8,0x01,0x95,0x01,0x00,0x01,0x00,0x00,0x013A,0x00C1,0x033E,0x00,0x40,0x03,220,19,220:0040:0092:0334:012B|221:0040:00A2:0335:012B|222:0040:00CA:0349:012B|223:0040:00BA:0347:012B|224:0040:00AA:0365:012B|225:0040:00CA:0348:013B|226:0040:00BA:0346:013B|227:0040:00AA:0364:013B|228:0040:009A:0356:0136|229:0040:00AA:0363:014B
round5_castle,0xDB,3026,0x0002,0x0003,0x0000,0x01,0x006D,0x0000,0x0001,actor_2c8,4,0x10C3C8,0x01,0x95,0x01,0x00,0x01,0x00,0x00,0x01F2,0x003F,0x033E,0x00,0x40,0x03,180,10,180:0040:0010:0334:01E1|181:0040:0020:0335:01E1|182:0040:0048:0349:01E1|183:0040:0038:0347:01E1|184:0040:0028:0365:01E1|185:0040:0048:0348:01F1|186:0040:0038:0346:01F1|187:0040:0028:0364:01F1|188:0040:0018:0356:01EC|189:0040:0028:0363:0201
round5_castle,0xDB,3026,0x0002,0x0003,0x0000,0x01,0x006D,0x0000,0x0001,actor_2c8,5,0x10C408,0x01,0xD2,0x01,0x00,0x01,0x00,0x00,0x01F2,0x003F,0x01CB,0x00,0x46,0x00,190,10,190:0046:0020:01CB:01E3|191:0046:0020:01CC:01F3|192:0046:0030:01CD:01E3|193:0046:0030:01CE:01F3|194:0046:0040:01F0:01E3|195:0046:0040:01F1:01F3
round5_castle,0xDB,3026,0x0002,0x0003,0x0000,0x01,0x006D,0x0000,0x0001,actor_2c8,6,0x10C448,0x01,0x95,0x01,0x00,0x01,0x00,0x00,0x013A,0x00BF,0x033E,0x00,0x40,0x04,200,10,200:0040:0090:03A2:012B|201:0040:00A0:03A3:012B|202:0040:00C8:0349:012B|203:0040:00B8:0347:012B|204:0040:00A8:0365:012B|205:0040:00C8:0348:013B|206:0040:00B8:0346:013B|207:0040:00A8:0364:013B|208:0040:0098:0356:0136|209:0040:00A8:0363:014B
round5_castle,0xDB,3026,0x0002,0x0003,0x0000,0x01,0x006D,0x0000,0x0001,actor_2c8,7,0x10C488,0x01,0xD2,0x01,0x00,0x01,0x00,0x00,0x013C,0x00BF,0x01CB,0x00,0x46,0x00,210,10,210:0046:00A0:01CB:012B|211:0046:00A0:01CC:013B|212:0046:00B0:01CD:012B|213:0046:00B0:01CE:013B|214:0046:00C0:01F0:012B|215:0046:00C0:01F1:013B
round5_castle,0xDB,3026,0x0002,0x0003,0x0000,0x01,0x006D,0x0000,0x0001,actor_2c8,8,0x10C4C8,0x01,0x95,0x01,0x00,0x01,0x00,0x00,0x013A,0x00BF,0x033E,0x00,0x40,0x03,220,19,220:0040:0090:0334:012B|221:0040:00A0:0335:012B|222:0040:00C8:0349:012B|223:0040:00B8:0347:012B|224:0040:00A8:0365:012B|225:0040:00C8:0348:013B|226:0040:00B8:0346:013B|227:0040:00A8:0364:013B|228:0040:0098:0356:0136|229:0040:00A8:0363:014B
round5_castle,0xDB,3028,0x0002,0x0003,0x0000,0x01,0x006D,0x0000,0x0001,actor_2c8,4,0x10C3C8,0x01,0x94,0x01,0x00,0x01,0x00,0x00,0x01F2,0x003D,0x033E,0x00,0x40,0x03,180,10,180:0040:000E:0334:01E1|181:0040:001E:0335:01E1|182:0040:0046:0345:01E1|183:0040:0036:0343:01E1|184:0040:0026:0365:01E1|185:0040:0046:0344:01F1|186:0040:0036:0342:01F1|187:0040:0026:0364:01F1|188:0040:0016:0356:01EC|189:0040:0026:0363:0201
round5_castle,0xDB,3028,0x0002,0x0003,0x0000,0x01,0x006D,0x0000,0x0001,actor_2c8,5,0x10C408,0x01,0xD3,0x01,0x00,0x01,0x00,0x00,0x01F2,0x003D,0x01CB,0x00,0x46,0x00,190,10,190:0046:001E:01CB:01E3|191:0046:001E:01CC:01F3|192:0046:002E:01CD:01E3|193:0046:002E:01CE:01F3|194:0046:003E:01F2:01E3|195:0046:003E:01F3:01F3
round5_castle,0xDB,3028,0x0002,0x0003,0x0000,0x01,0x006D,0x0000,0x0001,actor_2c8,6,0x10C448,0x01,0x94,0x01,0x00,0x01,0x00,0x00,0x013A,0x00BD,0x033E,0x00,0x40,0x04,200,10,200:0040:008E:03A2:012B|201:0040:009E:03A3:012B|202:0040:00C6:0345:012B|203:0040:00B6:0343:012B|204:0040:00A6:0365:012B|205:0040:00C6:0344:013B|206:0040:00B6:0342:013B|207:0040:00A6:0364:013B|208:0040:0096:0356:0136|209:0040:00A6:0363:014B
round5_castle,0xDB,3028,0x0002,0x0003,0x0000,0x01,0x006D,0x0000,0x0001,actor_2c8,7,0x10C488,0x01,0xD3,0x01,0x00,0x01,0x00,0x00,0x013C,0x00BD,0x01CB,0x00,0x46,0x00,210,10,210:0046:009E:01CB:012B|211:0046:009E:01CC:013B|212:0046:00AE:01CD:012B|213:0046:00AE:01CE:013B|214:0046:00BE:01F2:012B|215:0046:00BE:01F3:013B
round5_castle,0xDB,3028,0x0002,0x0003,0x0000,0x01,0x006D,0x0000,0x0001,actor_2c8,8,0x10C4C8,0x01,0x94,0x01,0x00,0x01,0x00,0x00,0x013A,0x00BD,0x033E,0x00,0x40,0x03,220,19,220:0040:008E:0334:012B|221:0040:009E:0335:012B|222:0040:00C6:0345:012B|223:0040:00B6:0343:012B|224:0040:00A6:0365:012B|225:0040:00C6:0344:013B|226:0040:00B6:0342:013B|227:0040:00A6:0364:013B|228:0040:0096:0356:0136|229:0040:00A6:0363:014B
round5_castle,0xDB,3030,0x0002,0x0003,0x0000,0x01,0x006D,0x0000,0x0001,actor_2c8,4,0x10C3C8,0x01,0x94,0x01,0x00,0x01,0x00,0x00,0x01F2,0x003B,0x033E,0x00,0x40,0x03,180,10,180:0040:000C:0334:01E1|181:0040:001C:0335:01E1|182:0040:0044:0345:01E1|183:0040:0034:0343:01E1|184:0040:0024:0365:01E1|185:0040:0044:0344:01F1|186:0040:0034:0342:01F1|187:0040:0024:0364:01F1|188:0040:0014:0356:01EC|189:0040:0024:0363:0201
round5_castle,0xDB,3030,0x0002,0x0003,0x0000,0x01,0x006D,0x0000,0x0001,actor_2c8,5,0x10C408,0x01,0xD3,0x01,0x00,0x01,0x00,0x00,0x01F2,0x003B,0x01CB,0x00,0x46,0x00,190,10,190:0046:001C:01CB:01E3|191:0046:001C:01CC:01F3|192:0046:002C:01CD:01E3|193:0046:002C:01CE:01F3|194:0046:003C:01F2:01E3|195:0046:003C:01F3:01F3
round5_castle,0xDB,3030,0x0002,0x0003,0x0000,0x01,0x006D,0x0000,0x0001,actor_2c8,6,0x10C448,0x01,0x94,0x01,0x00,0x01,0x00,0x00,0x013A,0x00BB,0x033E,0x00,0x40,0x04,200,10,200:0040:008C:03A2:012B|201:0040:009C:03A3:012B|202:0040:00C4:0345:012B|203:0040:00B4:0343:012B|204:0040:00A4:0365:012B|205:0040:00C4:0344:013B|206:0040:00B4:0342:013B|207:0040:00A4:0364:013B|208:0040:0094:0356:0136|209:0040:00A4:0363:014B
round5_castle,0xDB,3030,0x0002,0x0003,0x0000,0x01,0x006D,0x0000,0x0001,actor_2c8,7,0x10C488,0x01,0xD3,0x01,0x00,0x01,0x00,0x00,0x013C,0x00BB,0x01CB,0x00,0x46,0x00,210,10,210:0046:009C:01CB:012B|211:0046:009C:01CC:013B|212:0046:00AC:01CD:012B|213:0046:00AC:01CE:013B|214:0046:00BC:01F2:012B|215:0046:00BC:01F3:013B
round5_castle,0xDB,3030,0x0002,0x0003,0x0000,0x01,0x006D,0x0000,0x0001,actor_2c8,8,0x10C4C8,0x01,0x94,0x01,0x00,0x01,0x00,0x00,0x013A,0x00BB,0x033E,0x00,0x40,0x03,220,19,220:0040:008C:0334:012B|221:0040:009C:0335:012B|222:0040:00C4:0345:012B|223:0040:00B4:0343:012B|224:0040:00A4:0365:012B|225:0040:00C4:0344:013B|226:0040:00B4:0342:013B|227:0040:00A4:0364:013B|228:0040:0094:0356:0136|229:0040:00A4:0363:014B
round5_castle,0xDB,3032,0x0002,0x0003,0x0000,0x01,0x006D,0x0000,0x0001,actor_2c8,4,0x10C3C8,0x01,0x94,0x01,0x00,0x01,0x00,0x00,0x01F2,0x0039,0x033E,0x00,0x40,0x03,180,10,180:0040:000A:0334:01E1|181:0040:001A:0335:01E1|182:0040:0042:0345:01E1|183:0040:0032:0343:01E1|184:0040:0022:0365:01E1|185:0040:0042:0344:01F1|186:0040:0032:0342:01F1|187:0040:0022:0364:01F1|188:0040:0012:0356:01EC|189:0040:0022:0363:0201
round5_castle,0xDB,3032,0x0002,0x0003,0x0000,0x01,0x006D,0x0000,0x0001,actor_2c8,5,0x10C408,0x01,0xD3,0x01,0x00,0x01,0x00,0x00,0x01F2,0x0039,0x01CB,0x00,0x46,0x00,190,10,190:0046:001A:01CB:01E3|191:0046:001A:01CC:01F3|192:0046:002A:01CD:01E3|193:0046:002A:01CE:01F3|194:0046:003A:01F2:01E3|195:0046:003A:01F3:01F3
round5_castle,0xDB,3032,0x0002,0x0003,0x0000,0x01,0x006D,0x0000,0x0001,actor_2c8,6,0x10C448,0x01,0x94,0x01,0x00,0x01,0x00,0x00,0x013A,0x00B9,0x033E,0x00,0x40,0x04,200,10,200:0040:008A:03A2:012B|201:0040:009A:03A3:012B|202:0040:00C2:0345:012B|203:0040:00B2:0343:012B|204:0040:00A2:0365:012B|205:0040:00C2:0344:013B|206:0040:00B2:0342:013B|207:0040:00A2:0364:013B|208:0040:0092:0356:0136|209:0040:00A2:0363:014B
round5_castle,0xDB,3032,0x0002,0x0003,0x0000,0x01,0x006D,0x0000,0x0001,actor_2c8,7,0x10C488,0x01,0xD3,0x01,0x00,0x01,0x00,0x00,0x013A,0x00B9,0x01CB,0x00,0x46,0x00,210,10,210:0046:009A:01CB:012B|211:0046:009A:01CC:013B|212:0046:00AA:01CD:012B|213:0046:00AA:01CE:013B|214:0046:00BA:01F2:012B|215:0046:00BA:01F3:013B
round5_castle,0xDB,3032,0x0002,0x0003,0x0000,0x01,0x006D,0x0000,0x0001,actor_2c8,8,0x10C4C8,0x01,0x94,0x01,0x00,0x01,0x00,0x00,0x013A,0x00B9,0x033E,0x00,0x40,0x03,220,19,220:0040:008A:0334:012B|221:0040:009A:0335:012B|222:0040:00C2:0345:012B|223:0040:00B2:0343:012B|224:0040:00A2:0365:012B|225:0040:00C2:0344:013B|226:0040:00B2:0342:013B|227:0040:00A2:0364:013B|228:0040:0092:0356:0136|229:0040:00A2:0363:014B
round5_castle,0xDB,3034,0x0002,0x0003,0x0000,0x01,0x006D,0x0000,0x0001,actor_2c8,4,0x10C3C8,0x01,0x94,0x01,0x00,0x01,0x00,0x00,0x01F0,0x0037,0x033E,0x00,0x40,0x03,180,10,180:0040:0008:0334:01E1|181:0040:0018:0335:01E1|182:0040:0040:0345:01E1|183:0040:0030:0343:01E1|184:0040:0020:0365:01E1|185:0040:0040:0344:01F1|186:0040:0030:0342:01F1|187:0040:0020:0364:01F1|188:0040:0010:0356:01EC|189:0040:0020:0363:0201
round5_castle,0xDB,3034,0x0002,0x0003,0x0000,0x01,0x006D,0x0000,0x0001,actor_2c8,5,0x10C408,0x01,0xD3,0x01,0x00,0x01,0x00,0x00,0x01F2,0x0037,0x01CB,0x00,0x46,0x00,190,10,190:0046:0018:01CB:01E1|191:0046:0018:01CC:01F1|192:0046:0028:01CD:01E1|193:0046:0028:01CE:01F1|194:0046:0038:01F2:01E1|195:0046:0038:01F3:01F1
round5_castle,0xDB,3034,0x0002,0x0003,0x0000,0x01,0x006D,0x0000,0x0001,actor_2c8,6,0x10C448,0x01,0x94,0x01,0x00,0x01,0x00,0x00,0x013A,0x00B7,0x033E,0x00,0x40,0x04,200,10,200:0040:0088:03A2:0129|201:0040:0098:03A3:0129|202:0040:00C0:0345:0129|203:0040:00B0:0343:0129|204:0040:00A0:0365:0129|205:0040:00C0:0344:0139|206:0040:00B0:0342:0139|207:0040:00A0:0364:0139|208:0040:0090:0356:0134|209:0040:00A0:0363:0149
round5_castle,0xDB,3034,0x0002,0x0003,0x0000,0x01,0x006D,0x0000,0x0001,actor_2c8,7,0x10C488,0x01,0xD3,0x01,0x00,0x01,0x00,0x00,0x013A,0x00B7,0x01CB,0x00,0x46,0x00,210,10,210:0046:0098:01CB:012B|211:0046:0098:01CC:013B|212:0046:00A8:01CD:012B|213:0046:00A8:01CE:013B|214:0046:00B8:01F2:012B|215:0046:00B8:01F3:013B
round5_castle,0xDB,3034,0x0002,0x0003,0x0000,0x01,0x006D,0x0000,0x0001,actor_2c8,8,0x10C4C8,0x01,0x94,0x01,0x00,0x01,0x00,0x00,0x013A,0x00B7,0x033E,0x00,0x40,0x03,220,19,220:0040:0088:0334:0129|221:0040:0098:0335:0129|222:0040:00C0:0345:0129|223:0040:00B0:0343:0129|224:0040:00A0:0365:0129|225:0040:00C0:0344:0139|226:0040:00B0:0342:0139|227:0040:00A0:0364:0139|228:0040:0090:0356:0134|229:0040:00A0:0363:0149
round5_castle,0xDB,3036,0x0002,0x0003,0x0000,0x01,0x006D,0x0000,0x0001,actor_2c8,4,0x10C3C8,0x01,0x93,0x01,0x00,0x01,0x00,0x00,0x01F0,0x0037,0x033E,0x00,0x40,0x03,180,10,180:0040:0007:0334:01E1|181:0040:0017:0335:01E1|182:0040:003F:0341:01E1|183:0040:002F:033F:01E1|184:0040:001F:0365:01E1|185:0040:003F:0340:01F1|186:0040:002F:033E:01F1|187:0040:001F:0364:01F1|188:0040:000F:0356:01EC|189:0040:001F:0363:0201
round5_castle,0xDB,3036,0x0002,0x0003,0x0000,0x01,0x006D,0x0000,0x0001,actor_2c8,5,0x10C408,0x01,0xD0,0x01,0x00,0x01,0x00,0x00,0x01F2,0x0037,0x01CB,0x00,0x46,0x00,190,10,190:0046:0017:01CB:01E1|191:0046:0017:01CC:01F1|192:0046:0027:01CD:01E1|193:0046:0027:01CE:01F1|194:0046:0037:01F4:01E1|195:0046:0037:01F5:01F1
round5_castle,0xDB,3036,0x0002,0x0003,0x0000,0x01,0x006D,0x0000,0x0001,actor_2c8,6,0x10C448,0x01,0x93,0x01,0x00,0x01,0x00,0x00,0x013A,0x00B7,0x033E,0x00,0x40,0x04,200,10,200:0040:0087:03A2:0129|201:0040:0097:03A3:0129|202:0040:00BF:0341:0129|203:0040:00AF:033F:0129|204:0040:009F:0365:0129|205:0040:00BF:0340:0139|206:0040:00AF:033E:0139|207:0040:009F:0364:0139|208:0040:008F:0356:0134|209:0040:009F:0363:0149
round5_castle,0xDB,3036,0x0002,0x0003,0x0000,0x01,0x006D,0x0000,0x0001,actor_2c8,7,0x10C488,0x01,0xD0,0x01,0x00,0x01,0x00,0x00,0x013A,0x00B7,0x01CB,0x00,0x46,0x00,210,10,210:0046:0097:01CB:012B|211:0046:0097:01CC:013B|212:0046:00A7:01CD:012B|213:0046:00A7:01CE:013B|214:0046:00B7:01F4:012B|215:0046:00B7:01F5:013B
round5_castle,0xDB,3036,0x0002,0x0003,0x0000,0x01,0x006D,0x0000,0x0001,actor_2c8,8,0x10C4C8,0x01,0x93,0x01,0x00,0x01,0x00,0x00,0x013A,0x00B7,0x033E,0x00,0x40,0x03,220,19,220:0040:0087:0334:0129|221:0040:0097:0335:0129|222:0040:00BF:0341:0129|223:0040:00AF:033F:0129|224:0040:009F:0365:0129|225:0040:00BF:0340:0139|226:0040:00AF:033E:0139|227:0040:009F:0364:0139|228:0040:008F:0356:0134|229:0040:009F:0363:0149
round5_castle,0xDB,3042,0x0002,0x0003,0x0000,0x01,0x006D,0x0000,0x0001,actor_2c8,7,0x10C488,0x01,0xD0,0x01,0x00,0x01,0x00,0x00,0x013A,0x00B7,0x01CB,0x00,0x46,0x00,210,10,210:0046:0097:01CB:0129|211:0046:0097:01CC:0139|212:0046:00A7:01CD:0129|213:0046:00A7:01CE:0139|214:0046:00B7:01F4:0129|215:0046:00B7:01F5:0139
round5_castle,0xDB,3044,0x0002,0x0003,0x0000,0x01,0x006D,0x0000,0x0001,actor_2c8,4,0x10C3C8,0x01,0x94,0x01,0x00,0x01,0x00,0x00,0x01F0,0x0037,0x033E,0x00,0x40,0x03,180,10,180:0040:0007:0334:01DF|181:0040:0017:0335:01DF|182:0040:003F:0345:01DF|183:0040:002F:0343:01DF|184:0040:001F:0365:01DF|185:0040:003F:0344:01EF|186:0040:002F:0342:01EF|187:0040:001F:0364:01EF|188:0040:000F:0356:01EA|189:0040:001F:0363:01FF
round5_castle,0xDB,3044,0x0002,0x0003,0x0000,0x01,0x006D,0x0000,0x0001,actor_2c8,5,0x10C408,0x01,0xD1,0x01,0x00,0x01,0x00,0x00,0x01F0,0x0037,0x01CB,0x00,0x46,0x00,190,10,190:0046:0017:01CB:01E1|191:0046:0017:01CC:01F1|192:0046:0027:01CD:01E1|193:0046:0027:01CE:01F1|194:0046:0037:01EE:01E1|195:0046:0037:01EF:01F1
round5_castle,0xDB,3044,0x0002,0x0003,0x0000,0x01,0x006D,0x0000,0x0001,actor_2c8,6,0x10C448,0x01,0x94,0x01,0x00,0x01,0x00,0x00,0x0138,0x00B7,0x033E,0x00,0x40,0x04,200,10,200:0040:0087:03A2:0129|201:0040:0097:03A3:0129|202:0040:00BF:0345:0129|203:0040:00AF:0343:0129|204:0040:009F:0365:0129|205:0040:00BF:0344:0139|206:0040:00AF:0342:0139|207:0040:009F:0364:0139|208:0040:008F:0356:0134|209:0040:009F:0363:0149
round5_castle,0xDB,3044,0x0002,0x0003,0x0000,0x01,0x006D,0x0000,0x0001,actor_2c8,7,0x10C488,0x01,0xD1,0x01,0x00,0x01,0x00,0x00,0x013A,0x00B7,0x01CB,0x00,0x46,0x00,210,10,210:0046:0097:01CB:0129|211:0046:0097:01CC:0139|212:0046:00A7:01CD:0129|213:0046:00A7:01CE:0139|214:0046:00B7:01EE:0129|215:0046:00B7:01EF:0139
round5_castle,0xDB,3044,0x0002,0x0003,0x0000,0x01,0x006D,0x0000,0x0001,actor_2c8,8,0x10C4C8,0x01,0x94,0x01,0x00,0x01,0x00,0x00,0x0138,0x00B7,0x033E,0x00,0x40,0x03,220,19,220:0040:0087:0334:0129|221:0040:0097:0335:0129|222:0040:00BF:0345:0129|223:0040:00AF:0343:0129|224:0040:009F:0365:0129|225:0040:00BF:0344:0139|226:0040:00AF:0342:0139|227:0040:009F:0364:0139|228:0040:008F:0356:0134|229:0040:009F:0363:0149
round5_castle,0xDB,3052,0x0002,0x0003,0x0000,0x01,0x006D,0x0000,0x0001,actor_2c8,4,0x10C3C8,0x01,0x95,0x01,0x00,0x01,0x00,0x00,0x01EE,0x0037,0x033E,0x00,0x40,0x03,180,10,180:0040:0007:0334:01DF|181:0040:0017:0335:01DF|182:0040:003F:0349:01DF|183:0040:002F:0347:01DF|184:0040:001F:0365:01DF|185:0040:003F:0348:01EF|186:0040:002F:0346:01EF|187:0040:001F:0364:01EF|188:0040:000F:0356:01EA|189:0040:001F:0363:01FF
round5_castle,0xDB,3052,0x0002,0x0003,0x0000,0x01,0x006D,0x0000,0x0001,actor_2c8,5,0x10C408,0x01,0xD2,0x01,0x00,0x01,0x00,0x00,0x01F0,0x0037,0x01CB,0x00,0x46,0x00,190,10,190:0046:0017:01CB:01DF|191:0046:0017:01CC:01EF|192:0046:0027:01CD:01DF|193:0046:0027:01CE:01EF|194:0046:0037:01F0:01DF|195:0046:0037:01F1:01EF
round5_castle,0xDB,3052,0x0002,0x0003,0x0000,0x01,0x006D,0x0000,0x0001,actor_2c8,6,0x10C448,0x01,0x95,0x01,0x00,0x01,0x00,0x00,0x0138,0x00B7,0x033E,0x00,0x40,0x04,200,10,200:0040:0087:03A2:0127|201:0040:0097:03A3:0127|202:0040:00BF:0349:0127|203:0040:00AF:0347:0127|204:0040:009F:0365:0127|205:0040:00BF:0348:0137|206:0040:00AF:0346:0137|207:0040:009F:0364:0137|208:0040:008F:0356:0132|209:0040:009F:0363:0147
round5_castle,0xDB,3052,0x0002,0x0003,0x0000,0x01,0x006D,0x0000,0x0001,actor_2c8,7,0x10C488,0x01,0xD2,0x01,0x00,0x01,0x00,0x00,0x0138,0x00B7,0x01CB,0x00,0x46,0x00,210,10,210:0046:0097:01CB:0129|211:0046:0097:01CC:0139|212:0046:00A7:01CD:0129|213:0046:00A7:01CE:0139|214:0046:00B7:01F0:0129|215:0046:00B7:01F1:0139
round5_castle,0xDB,3052,0x0002,0x0003,0x0000,0x01,0x006D,0x0000,0x0001,actor_2c8,8,0x10C4C8,0x01,0x95,0x01,0x00,0x01,0x00,0x00,0x0138,0x00B7,0x033E,0x00,0x40,0x03,220,19,220:0040:0087:0334:0127|221:0040:0097:0335:0127|222:0040:00BF:0349:0127|223:0040:00AF:0347:0127|224:0040:009F:0365:0127|225:0040:00BF:0348:0137|226:0040:00AF:0346:0137|227:0040:009F:0364:0137|228:0040:008F:0356:0132|229:0040:009F:0363:0147
round5_castle,0xDB,3060,0x0002,0x0003,0x0000,0x01,0x006D,0x0000,0x0001,actor_2c8,5,0x10C408,0x01,0xD3,0x01,0x00,0x01,0x00,0x00,0x01EE,0x0037,0x01CB,0x00,0x46,0x00,190,10,190:0046:0017:01CB:01DF|191:0046:0017:01CC:01EF|192:0046:0027:01CD:01DF|193:0046:0027:01CE:01EF|194:0046:0037:01F2:01DF|195:0046:0037:01F3:01EF
round5_castle,0xDB,3060,0x0002,0x0003,0x0000,0x01,0x006D,0x0000,0x0001,actor_2c8,6,0x10C448,0x01,0x94,0x01,0x00,0x01,0x00,0x00,0x0136,0x00B7,0x033E,0x00,0x40,0x04,200,10,200:0040:0087:03A2:0127|201:0040:0097:03A3:0127|202:0040:00BF:0345:0127|203:0040:00AF:0343:0127|204:0040:009F:0365:0127|205:0040:00BF:0344:0137|206:0040:00AF:0342:0137|207:0040:009F:0364:0137|208:0040:008F:0356:0132|209:0040:009F:0363:0147
round5_castle,0xDB,3060,0x0002,0x0003,0x0000,0x01,0x006D,0x0000,0x0001,actor_2c8,7,0x10C488,0x01,0xD3,0x01,0x00,0x01,0x00,0x00,0x0138,0x00B7,0x01CB,0x00,0x46,0x00,210,10,210:0046:0097:01CB:0127|211:0046:0097:01CC:0137|212:0046:00A7:01CD:0127|213:0046:00A7:01CE:0137|214:0046:00B7:01F2:0127|215:0046:00B7:01F3:0137
round5_castle,0xDB,3060,0x0002,0x0003,0x0000,0x01,0x006D,0x0000,0x0001,actor_2c8,8,0x10C4C8,0x01,0x94,0x01,0x00,0x01,0x00,0x00,0x0136,0x00B7,0x033E,0x00,0x40,0x03,220,19,220:0040:0087:0334:0127|221:0040:0097:0335:0127|222:0040:00BF:0345:0127|223:0040:00AF:0343:0127|224:0040:009F:0365:0127|225:0040:00BF:0344:0137|226:0040:00AF:0342:0137|227:0040:009F:0364:0137|228:0040:008F:0356:0132|229:0040:009F:0363:0147
round5_castle,0xDB,3062,0x0002,0x0003,0x0000,0x01,0x006D,0x0000,0x0001,actor_2c8,4,0x10C3C8,0x01,0x94,0x01,0x00,0x01,0x00,0x00,0x01EE,0x0037,0x033E,0x00,0x40,0x03,180,10,180:0040:0007:0334:01DD|181:0040:0017:0335:01DD|182:0040:003F:0345:01DD|183:0040:002F:0343:01DD|184:0040:001F:0365:01DD|185:0040:003F:0344:01ED|186:0040:002F:0342:01ED|187:0040:001F:0364:01ED|188:0040:000F:0356:01E8|189:0040:001F:0363:01FD
round5_castle,0xDB,3068,0x0002,0x0003,0x0000,0x01,0x006D,0x0000,0x0001,actor_2c8,4,0x10C3C8,0x01,0x93,0x01,0x00,0x01,0x00,0x00,0x01EE,0x0037,0x033E,0x00,0x40,0x03,180,10,180:0040:0007:0334:01DD|181:0040:0017:0335:01DD|182:0040:003F:0341:01DD|183:0040:002F:033F:01DD|184:0040:001F:0365:01DD|185:0040:003F:0340:01ED|186:0040:002F:033E:01ED|187:0040:001F:0364:01ED|188:0040:000F:0356:01E8|189:0040:001F:0363:01FD
round5_castle,0xDB,3068,0x0002,0x0003,0x0000,0x01,0x006D,0x0000,0x0001,actor_2c8,5,0x10C408,0x01,0xD0,0x01,0x00,0x01,0x00,0x00,0x01EE,0x0037,0x01CB,0x00,0x46,0x00,190,10,190:0046:0017:01CB:01DF|191:0046:0017:01CC:01EF|192:0046:0027:01CD:01DF|193:0046:0027:01CE:01EF|194:0046:0037:01F4:01DF|195:0046:0037:01F5:01EF
round5_castle,0xDB,3068,0x0002,0x0003,0x0000,0x01,0x006D,0x0000,0x0001,actor_2c8,6,0x10C448,0x01,0x93,0x01,0x00,0x01,0x00,0x00,0x0136,0x00B7,0x033E,0x00,0x40,0x04,200,10,200:0040:0087:03A2:0127|201:0040:0097:03A3:0127|202:0040:00BF:0341:0127|203:0040:00AF:033F:0127|204:0040:009F:0365:0127|205:0040:00BF:0340:0137|206:0040:00AF:033E:0137|207:0040:009F:0364:0137|208:0040:008F:0356:0132|209:0040:009F:0363:0147
round5_castle,0xDB,3068,0x0002,0x0003,0x0000,0x01,0x006D,0x0000,0x0001,actor_2c8,7,0x10C488,0x01,0xD0,0x01,0x00,0x01,0x00,0x00,0x0136,0x00B7,0x01CB,0x00,0x46,0x00,210,10,210:0046:0097:01CB:0127|211:0046:0097:01CC:0137|212:0046:00A7:01CD:0127|213:0046:00A7:01CE:0137|214:0046:00B7:01F4:0127|215:0046:00B7:01F5:0137
round5_castle,0xDB,3068,0x0002,0x0003,0x0000,0x01,0x006D,0x0000,0x0001,actor_2c8,8,0x10C4C8,0x01,0x93,0x01,0x00,0x01,0x00,0x00,0x0136,0x00B7,0x033E,0x00,0x40,0x03,220,19,220:0040:0087:0334:0127|221:0040:0097:0335:0127|222:0040:00BF:0341:0127|223:0040:00AF:033F:0127|224:0040:009F:0365:0127|225:0040:00BF:0340:0137|226:0040:00AF:033E:0137|227:0040:009F:0364:0137|228:0040:008F:0356:0132|229:0040:009F:0363:0147
round5_castle,0xDB,3070,0x0002,0x0003,0x0000,0x01,0x006D,0x0000,0x0001,actor_2c8,5,0x10C408,0x01,0xD4,0x01,0x00,0x1F,0x00,0x00,0x01EC,0x0037,0x01CB,0x00,0x46,0x00,190,10,190:0046:0017:01CB:01DD|191:0046:0017:01CC:01ED|192:0046:0027:01CD:01DD|193:0046:0027:01CE:01ED|194:0046:0037:01F4:01DD|195:0046:0037:01F5:01ED
round5_castle,0xDB,3070,0x0002,0x0003,0x0000,0x01,0x006D,0x0000,0x0001,actor_2c8,6,0x10C448,0x01,0x93,0x01,0x00,0x01,0x00,0x00,0x0136,0x00B7,0x033E,0x00,0x40,0x04,200,10,200:0040:0087:03A2:0125|201:0040:0097:03A3:0125|202:0040:00BF:0341:0125|203:0040:00AF:033F:0125|204:0040:009F:0365:0125|205:0040:00BF:0340:0135|206:0040:00AF:033E:0135|207:0040:009F:0364:0135|208:0040:008F:0356:0130|209:0040:009F:0363:0145
round5_castle,0xDB,3070,0x0002,0x0003,0x0000,0x01,0x006D,0x0000,0x0001,actor_2c8,8,0x10C4C8,0x01,0x93,0x01,0x00,0x01,0x00,0x00,0x0136,0x00B7,0x033E,0x00,0x40,0x03,220,19,220:0040:0087:0334:0125|221:0040:0097:0335:0125|222:0040:00BF:0341:0125|223:0040:00AF:033F:0125|224:0040:009F:0365:0125|225:0040:00BF:0340:0135|226:0040:00AF:033E:0135|227:0040:009F:0364:0135|228:0040:008F:0356:0130|229:0040:009F:0363:0145
round5_castle,0xDB,3072,0x0002,0x0003,0x0000,0x01,0x006D,0x0000,0x0001,actor_2c8,4,0x10C3C8,0x01,0x93,0x01,0x00,0x10,0x00,0x00,0x01EA,0x0037,0x033E,0x00,0x40,0x03,180,10,180:0040:0007:0334:01DB|181:0040:0017:0335:01DB|182:0040:003F:0341:01DB|183:0040:002F:033F:01DB|184:0040:001F:0365:01DB|185:0040:003F:0340:01EB|186:0040:002F:033E:01EB|187:0040:001F:0364:01EB|188:0040:000F:0356:01E6|189:0040:001F:0363:01FB
round5_castle,0xDB,3072,0x0002,0x0003,0x0000,0x01,0x006D,0x0000,0x0001,actor_2c8,5,0x10C408,0x01,0xD4,0x01,0x00,0x1F,0x00,0x00,0x01EA,0x0037,0x01CB,0x00,0x46,0x00,190,10,190:0046:0017:01CB:01DB|191:0046:0017:01CC:01EB|192:0046:0027:01CF:01DB|193:0046:0027:01D0:01EB|194:0046:0037:01F4:01DB|195:0046:0037:01F5:01EB
round5_castle,0xDB,3074,0x0002,0x0003,0x0000,0x01,0x006D,0x0000,0x0001,actor_2c8,4,0x10C3C8,0x01,0x93,0x01,0x00,0x10,0x00,0x00,0x01E9,0x0037,0x033E,0x00,0x40,0x03,180,10,180:0040:0007:0334:01D9|181:0040:0017:0335:01D9|182:0040:003F:0341:01D9|183:0040:002F:033F:01D9|184:0040:001F:0365:01D9|185:0040:003F:0340:01E9|186:0040:002F:033E:01E9|187:0040:001F:0364:01E9|188:0040:000F:0356:01E4|189:0040:001F:0363:01F9
round5_castle,0xDB,3074,0x0002,0x0003,0x0000,0x01,0x006D,0x0000,0x0001,actor_2c8,5,0x10C408,0x01,0xD4,0x01,0x00,0x1F,0x00,0x00,0x01E9,0x0037,0x01CB,0x00,0x46,0x00,190,10,190:0046:0017:01CB:01D9|191:0046:0017:01CC:01E9|192:0046:0027:01CF:01D9|193:0046:0027:01D0:01E9|194:0046:0037:01F4:01D9|195:0046:0037:01F5:01E9
round5_castle,0xDB,3076,0x0002,0x0003,0x0000,0x01,0x006D,0x0000,0x0001,actor_2c8,4,0x10C3C8,0x01,0x93,0x01,0x00,0x10,0x00,0x00,0x01E8,0x0037,0x033E,0x00,0x40,0x03,180,10,180:0040:0007:0334:01D8|181:0040:0017:0335:01D8|182:0040:003F:0341:01D8|183:0040:002F:033F:01D8|184:0040:001F:0365:01D8|185:0040:003F:0340:01E8|186:0040:002F:033E:01E8|187:0040:001F:0364:01E8|188:0040:000F:0356:01E3|189:0040:001F:0363:01F8
round5_castle,0xDB,3076,0x0002,0x0003,0x0000,0x01,0x006D,0x0000,0x0001,actor_2c8,5,0x10C408,0x01,0xD5,0x01,0x00,0x1F,0x00,0x00,0x01E8,0x0037,0x01CB,0x00,0x46,0x00,190,10,190:0046:0017:01CB:01D8|191:0046:0017:01CC:01E8|192:0046:0027:01CF:01D8|193:0046:0027:01D0:01E8|194:0046:0037:01F4:01D8|195:0046:0037:01F5:01E8
round5_castle,0xDB,3076,0x0002,0x0003,0x0000,0x01,0x006D,0x0000,0x0001,actor_2c8,6,0x10C448,0x01,0x94,0x01,0x00,0x01,0x00,0x00,0x0138,0x00B7,0x033E,0x00,0x40,0x04,200,10,200:0040:0087:03A2:0126|201:0040:0097:03A3:0126|202:0040:00BF:0345:0126|203:0040:00AF:0343:0126|204:0040:009F:0365:0126|205:0040:00BF:0344:0136|206:0040:00AF:0342:0136|207:0040:009F:0364:0136|208:0040:008F:0356:0131|209:0040:009F:0363:0146
round5_castle,0xDB,3076,0x0002,0x0003,0x0000,0x01,0x006D,0x0000,0x0001,actor_2c8,7,0x10C488,0x01,0xD1,0x01,0x00,0x01,0x00,0x00,0x0138,0x00B7,0x01CB,0x00,0x46,0x00,210,10,210:0046:0097:01CB:0128|211:0046:0097:01CC:0138|212:0046:00A7:01CD:0128|213:0046:00A7:01CE:0138|214:0046:00B7:01EE:0128|215:0046:00B7:01EF:0138
round5_castle,0xDB,3076,0x0002,0x0003,0x0000,0x01,0x006D,0x0000,0x0001,actor_2c8,8,0x10C4C8,0x01,0x94,0x01,0x00,0x01,0x00,0x00,0x0138,0x00B7,0x033E,0x00,0x40,0x03,220,19,220:0040:0087:0334:0126|221:0040:0097:0335:0126|222:0040:00BF:0345:0126|223:0040:00AF:0343:0126|224:0040:009F:0365:0126|225:0040:00BF:0344:0136|226:0040:00AF:0342:0136|227:0040:009F:0364:0136|228:0040:008F:0356:0131|229:0040:009F:0363:0146
round5_castle,0xDB,3078,0x0002,0x0003,0x0000,0x01,0x006D,0x0000,0x0001,actor_2c8,7,0x10C488,0x01,0xD1,0x01,0x00,0x01,0x00,0x00,0x0139,0x00B7,0x01CB,0x00,0x46,0x00,210,10,210:0046:0097:01CB:0127|211:0046:0097:01CC:0137|212:0046:00A7:01CD:0127|213:0046:00A7:01CE:0137|214:0046:00B7:01EE:0127|215:0046:00B7:01EF:0137
round5_castle,0xDB,3080,0x0002,0x0003,0x0000,0x01,0x006D,0x0000,0x0001,actor_2c8,6,0x10C448,0x01,0x94,0x01,0x00,0x01,0x00,0x00,0x0138,0x00B7,0x033E,0x00,0x40,0x04,200,10,200:0040:0087:03A2:0128|201:0040:0097:03A3:0128|202:0040:00BF:0345:0128|203:0040:00AF:0343:0128|204:0040:009F:0365:0128|205:0040:00BF:0344:0138|206:0040:00AF:0342:0138|207:0040:009F:0364:0138|208:0040:008F:0356:0133|209:0040:009F:0363:0148
round5_castle,0xDB,3080,0x0002,0x0003,0x0000,0x01,0x006D,0x0000,0x0001,actor_2c8,8,0x10C4C8,0x01,0x94,0x01,0x00,0x01,0x00,0x00,0x0138,0x00B7,0x033E,0x00,0x40,0x03,220,19,220:0040:0087:0334:0128|221:0040:0097:0335:0128|222:0040:00BF:0345:0128|223:0040:00AF:0343:0128|224:0040:009F:0365:0128|225:0040:00BF:0344:0138|226:0040:00AF:0342:0138|227:0040:009F:0364:0138|228:0040:008F:0356:0133|229:0040:009F:0363:0148
round5_castle,0xDB,3084,0x0002,0x0003,0x0000,0x01,0x006D,0x0000,0x0001,actor_2c8,6,0x10C448,0x01,0x95,0x01,0x00,0x01,0x00,0x00,0x013A,0x00B7,0x033E,0x00,0x40,0x04,200,10,200:0040:0087:03A2:012A|201:0040:0097:03A3:012A|202:0040:00BF:0349:012A|203:0040:00AF:0347:012A|204:0040:009F:0365:012A|205:0040:00BF:0348:013A|206:0040:00AF:0346:013A|207:0040:009F:0364:013A|208:0040:008F:0356:0135|209:0040:009F:0363:014A
round5_castle,0xDB,3084,0x0002,0x0003,0x0000,0x01,0x006D,0x0000,0x0001,actor_2c8,7,0x10C488,0x01,0xD2,0x01,0x00,0x01,0x00,0x00,0x013C,0x00B7,0x01CB,0x00,0x46,0x00,210,10,210:0046:0097:01CB:012A|211:0046:0097:01CC:013A|212:0046:00A7:01CD:012A|213:0046:00A7:01CE:013A|214:0046:00B7:01F0:012A|215:0046:00B7:01F1:013A
round5_castle,0xDB,3084,0x0002,0x0003,0x0000,0x01,0x006D,0x0000,0x0001,actor_2c8,8,0x10C4C8,0x01,0x95,0x01,0x00,0x01,0x00,0x00,0x013A,0x00B7,0x033E,0x00,0x40,0x03,220,19,220:0040:0087:0334:012A|221:0040:0097:0335:012A|222:0040:00BF:0349:012A|223:0040:00AF:0347:012A|224:0040:009F:0365:012A|225:0040:00BF:0348:013A|226:0040:00AF:0346:013A|227:0040:009F:0364:013A|228:0040:008F:0356:0135|229:0040:009F:0363:014A
round5_castle,0xDB,3086,0x0002,0x0003,0x0000,0x01,0x006D,0x0000,0x0001,actor_2c8,6,0x10C448,0x01,0x95,0x01,0x00,0x01,0x00,0x00,0x013B,0x00B7,0x033E,0x00,0x40,0x04,200,10,200:0040:0087:03A2:012B|201:0040:0097:03A3:012B|202:0040:00BF:0349:012B|203:0040:00AF:0347:012B|204:0040:009F:0365:012B|205:0040:00BF:0348:013B|206:0040:00AF:0346:013B|207:0040:009F:0364:013B|208:0040:008F:0356:0136|209:0040:009F:0363:014B
round5_castle,0xDB,3086,0x0002,0x0003,0x0000,0x01,0x006D,0x0000,0x0001,actor_2c8,7,0x10C488,0x01,0xD2,0x01,0x00,0x01,0x00,0x00,0x013B,0x00B7,0x01CB,0x00,0x46,0x00,210,10,210:0046:0097:01CB:012B|211:0046:0097:01CC:013B|212:0046:00A7:01CD:012B|213:0046:00A7:01CE:013B|214:0046:00B7:01F0:012B|215:0046:00B7:01F1:013B
round5_castle,0xDB,3086,0x0002,0x0003,0x0000,0x01,0x006D,0x0000,0x0001,actor_2c8,8,0x10C4C8,0x01,0x95,0x01,0x00,0x01,0x00,0x00,0x013B,0x00B7,0x033E,0x00,0x40,0x03,220,19,220:0040:0087:0334:012B|221:0040:0097:0335:012B|222:0040:00BF:0349:012B|223:0040:00AF:0347:012B|224:0040:009F:0365:012B|225:0040:00BF:0348:013B|226:0040:00AF:0346:013B|227:0040:009F:0364:013B|228:0040:008F:0356:0136|229:0040:009F:0363:014B
round5_castle,0xDB,3088,0x0002,0x0003,0x0000,0x01,0x006D,0x0000,0x0001,actor_2c8,7,0x10C488,0x01,0xD2,0x00,0x00,0x02,0x00,0x00,0x0138,0x00B7,0x01CB,0x00,0x46,0x00,210,10,210:4046:0097:01CB:0137|211:4046:0097:01CC:0127|212:4046:00A7:01CD:0137|213:4046:00A7:01CE:0127|214:4046:00B7:01F0:0137|215:4046:00B7:01F1:0127
round5_castle,0xDB,3090,0x0002,0x0003,0x0000,0x01,0x006D,0x0000,0x0001,actor_2c8,6,0x10C448,0x01,0x95,0x00,0x00,0x02,0x00,0x00,0x0135,0x00B7,0x033E,0x00,0x40,0x04,200,10,200:4040:0087:03A2:0136|201:4040:0097:03A3:0136|202:4040:00BF:0349:0136|203:4040:00AF:0347:0136|204:4040:009F:0365:0136|205:4040:00BF:0348:0126|206:4040:00AF:0346:0126|207:4040:009F:0364:0126|208:4040:008F:0356:012B|209:4040:009F:0363:0116
round5_castle,0xDB,3090,0x0002,0x0003,0x0000,0x01,0x006D,0x0000,0x0001,actor_2c8,7,0x10C488,0x01,0xD2,0x00,0x00,0x02,0x00,0x00,0x0135,0x00B7,0x01CB,0x00,0x46,0x00,210,10,210:4046:0097:01CB:0134|211:4046:0097:01CC:0124|212:4046:00A7:01CD:0134|213:4046:00A7:01CE:0124|214:4046:00B7:01F0:0134|215:4046:00B7:01F1:0124
round5_castle,0xDB,3092,0x0002,0x0003,0x0000,0x01,0x006D,0x0000,0x0001,actor_2c8,6,0x10C448,0x01,0x94,0x00,0x00,0x02,0x00,0x00,0x0132,0x00B7,0x033E,0x00,0x40,0x04,200,10,200:4040:0087:03A2:0133|201:4040:0097:03A3:0133|202:4040:00BF:0345:0133|203:4040:00AF:0343:0133|204:4040:009F:0365:0133|205:4040:00BF:0344:0123|206:4040:00AF:0342:0123|207:4040:009F:0364:0123|208:4040:008F:0356:0128|209:4040:009F:0363:0113
round5_castle,0xDB,3092,0x0002,0x0003,0x0000,0x01,0x006D,0x0000,0x0001,actor_2c8,7,0x10C488,0x01,0xD3,0x00,0x00,0x02,0x00,0x00,0x0132,0x00B7,0x01CB,0x00,0x46,0x00,210,10,210:4046:0097:01CB:0131|211:4046:0097:01CC:0121|212:4046:00A7:01CD:0131|213:4046:00A7:01CE:0121|214:4046:00B7:01F2:0131|215:4046:00B7:01F3:0121
round5_castle,0xDB,3092,0x0002,0x0003,0x0000,0x01,0x006D,0x0000,0x0001,actor_2c8,8,0x10C4C8,0x01,0x94,0x01,0x00,0x01,0x00,0x00,0x013E,0x00B7,0x033E,0x00,0x40,0x03,220,19,220:0040:0087:0334:012C|221:0040:0097:0335:012C|222:0040:00BF:0345:012C|223:0040:00AF:0343:012C|224:0040:009F:0365:012C|225:0040:00BF:0344:013C|226:0040:00AF:0342:013C|227:0040:009F:0364:013C|228:0040:008F:0356:0137|229:0040:009F:0363:014C
round5_castle,0xDB,3094,0x0002,0x0003,0x0000,0x01,0x006D,0x0000,0x0001,actor_2c8,6,0x10C448,0x01,0x94,0x00,0x00,0x02,0x00,0x00,0x012F,0x00B7,0x033E,0x00,0x40,0x04,200,10,200:4040:0087:03A2:0130|201:4040:0097:03A3:0130|202:4040:00BF:0345:0130|203:4040:00AF:0343:0130|204:4040:009F:0365:0130|205:4040:00BF:0344:0120|206:4040:00AF:0342:0120|207:4040:009F:0364:0120|208:4040:008F:0356:0125|209:4040:009F:0363:0110
round5_castle,0xDB,3094,0x0002,0x0003,0x0000,0x01,0x006D,0x0000,0x0001,actor_2c8,7,0x10C488,0x01,0xD3,0x00,0x00,0x02,0x00,0x00,0x012F,0x00B7,0x01CB,0x00,0x46,0x00,210,10,210:4046:0097:01CB:012E|211:4046:0097:01CC:011E|212:4046:00A7:01CD:012E|213:4046:00A7:01CE:011E|214:4046:00B7:01F2:012E|215:4046:00B7:01F3:011E
round5_castle,0xDB,3094,0x0002,0x0003,0x0000,0x01,0x006D,0x0000,0x0001,actor_2c8,8,0x10C4C8,0x01,0x94,0x01,0x00,0x01,0x00,0x00,0x013F,0x00B7,0x033E,0x00,0x40,0x03,220,19,220:0040:0087:0334:012D|221:0040:0097:0335:012D|222:0040:00BF:0345:012D|223:0040:00AF:0343:012D|224:0040:009F:0365:012D|225:0040:00BF:0344:013D|226:0040:00AF:0342:013D|227:0040:009F:0364:013D|228:0040:008F:0356:0138|229:0040:009F:0363:014D
round5_castle,0xDB,3096,0x0002,0x0003,0x0000,0x01,0x006D,0x0000,0x0001,actor_2c8,6,0x10C448,0x01,0x94,0x00,0x00,0x02,0x00,0x00,0x012E,0x00B7,0x033E,0x00,0x40,0x04,200,10,200:4040:0087:03A2:012D|201:4040:0097:03A3:012D|202:4040:00BF:0345:012D|203:4040:00AF:0343:012D|204:4040:009F:0365:012D|205:4040:00BF:0344:011D|206:4040:00AF:0342:011D|207:4040:009F:0364:011D|208:4040:008F:0356:0122|209:4040:009F:0363:010D
round5_castle,0xDB,3096,0x0002,0x0003,0x0000,0x01,0x006D,0x0000,0x0001,actor_2c8,7,0x10C488,0x01,0xD3,0x00,0x00,0x02,0x00,0x00,0x012C,0x00B7,0x01CB,0x00,0x46,0x00,210,10,210:4046:0097:01CB:012D|211:4046:0097:01CC:011D|212:4046:00A7:01CD:012D|213:4046:00A7:01CE:011D|214:4046:00B7:01F2:012D|215:4046:00B7:01F3:011D
round5_castle,0xDB,3096,0x0002,0x0003,0x0000,0x01,0x006D,0x0000,0x0001,actor_2c8,8,0x10C4C8,0x01,0x94,0x01,0x00,0x01,0x00,0x00,0x013E,0x00B7,0x033E,0x00,0x40,0x03,220,19,220:0040:0087:0334:012E|221:0040:0097:0335:012E|222:0040:00BF:0345:012E|223:0040:00AF:0343:012E|224:0040:009F:0365:012E|225:0040:00BF:0344:013E|226:0040:00AF:0342:013E|227:0040:009F:0364:013E|228:0040:008F:0356:0139|229:0040:009F:0363:014E
round5_castle,0xDB,3098,0x0002,0x0003,0x0000,0x01,0x006D,0x0000,0x0001,actor_2c8,6,0x10C448,0x01,0x94,0x00,0x00,0x02,0x00,0x00,0x012B,0x00B7,0x033E,0x00,0x40,0x04,200,10,200:4040:0087:03A2:012A|201:4040:0097:03A3:012A|202:4040:00BF:0345:012A|203:4040:00AF:0343:012A|204:4040:009F:0365:012A|205:4040:00BF:0344:011A|206:4040:00AF:0342:011A|207:4040:009F:0364:011A|208:4040:008F:0356:011F|209:4040:009F:0363:010A
round5_castle,0xDB,3098,0x0002,0x0003,0x0000,0x01,0x006D,0x0000,0x0001,actor_2c8,7,0x10C488,0x01,0xD3,0x00,0x00,0x02,0x00,0x00,0x0129,0x00B7,0x01CB,0x00,0x46,0x00,210,10,210:4046:0097:01CB:012A|211:4046:0097:01CC:011A|212:4046:00A7:01CD:012A|213:4046:00A7:01CE:011A|214:4046:00B7:01F2:012A|215:4046:00B7:01F3:011A
round5_castle,0xDB,3098,0x0002,0x0003,0x0000,0x01,0x006D,0x0000,0x0001,actor_2c8,8,0x10C4C8,0x01,0x94,0x01,0x00,0x01,0x00,0x00,0x013F,0x00B7,0x033E,0x00,0x40,0x03,220,19,220:0040:0087:0334:012F|221:0040:0097:0335:012F|222:0040:00BF:0345:012F|223:0040:00AF:0343:012F|224:0040:009F:0365:012F|225:0040:00BF:0344:013F|226:0040:00AF:0342:013F|227:0040:009F:0364:013F|228:0040:008F:0356:013A|229:0040:009F:0363:014F
round5_castle,0xDB,3100,0x0002,0x0003,0x0000,0x01,0x006D,0x0000,0x0001,actor_2c8,6,0x10C448,0x01,0x93,0x00,0x00,0x02,0x00,0x00,0x0128,0x00B7,0x033E,0x00,0x40,0x04,200,10,200:4040:0087:03A2:0127|201:4040:0097:03A3:0127|202:4040:00BF:0341:0127|203:4040:00AF:033F:0127|204:4040:009F:0365:0127|205:4040:00BF:0340:0117|206:4040:00AF:033E:0117|207:4040:009F:0364:0117|208:4040:008F:0356:011C|209:4040:009F:0363:0107
round5_castle,0xDB,3100,0x0002,0x0003,0x0000,0x01,0x006D,0x0000,0x0001,actor_2c8,7,0x10C488,0x01,0xD0,0x00,0x00,0x02,0x00,0x00,0x0126,0x00B7,0x01CB,0x00,0x46,0x00,210,10,210:4046:0097:01CB:0127|211:4046:0097:01CC:0117|212:4046:00A7:01CD:0127|213:4046:00A7:01CE:0117|214:4046:00B7:01F4:0127|215:4046:00B7:01F5:0117
round5_castle,0xDB,3100,0x0002,0x0003,0x0000,0x01,0x006D,0x0000,0x0001,actor_2c8,8,0x10C4C8,0x01,0x93,0x01,0x00,0x01,0x00,0x00,0x0140,0x00B7,0x033E,0x00,0x40,0x03,220,19,220:0040:0087:0334:0130|221:0040:0097:0335:0130|222:0040:00BF:0341:0130|223:0040:00AF:033F:0130|224:0040:009F:0365:0130|225:0040:00BF:0340:0140|226:0040:00AF:033E:0140|227:0040:009F:0364:0140|228:0040:008F:0356:013B|229:0040:009F:0363:0150
round5_castle,0xDB,3102,0x0002,0x0003,0x0000,0x01,0x006D,0x0000,0x0001,actor_2c8,6,0x10C448,0x01,0x93,0x00,0x00,0x02,0x00,0x00,0x0125,0x00B7,0x033E,0x00,0x40,0x04,200,10,200:4040:0087:03A2:0124|201:4040:0097:03A3:0124|202:4040:00BF:0341:0124|203:4040:00AF:033F:0124|204:4040:009F:0365:0124|205:4040:00BF:0340:0114|206:4040:00AF:033E:0114|207:4040:009F:0364:0114|208:4040:008F:0356:0119|209:4040:009F:0363:0104
round5_castle,0xDB,3102,0x0002,0x0003,0x0000,0x01,0x006D,0x0000,0x0001,actor_2c8,7,0x10C488,0x01,0xD0,0x00,0x00,0x02,0x00,0x00,0x0123,0x00B7,0x01CB,0x00,0x46,0x00,210,10,210:4046:0097:01CB:0124|211:4046:0097:01CC:0114|212:4046:00A7:01CD:0124|213:4046:00A7:01CE:0114|214:4046:00B7:01F4:0124|215:4046:00B7:01F5:0114
round5_castle,0xDB,3102,0x0002,0x0003,0x0000,0x01,0x006D,0x0000,0x0001,actor_2c8,8,0x10C4C8,0x01,0x93,0x01,0x00,0x01,0x00,0x00,0x0141,0x00B7,0x033E,0x00,0x40,0x03,220,19,220:0040:0087:0334:0131|221:0040:0097:0335:0131|222:0040:00BF:0341:0131|223:0040:00AF:033F:0131|224:0040:009F:0365:0131|225:0040:00BF:0340:0141|226:0040:00AF:033E:0141|227:0040:009F:0364:0141|228:0040:008F:0356:013C|229:0040:009F:0363:0151
round5_castle,0xDB,3104,0x0002,0x0003,0x0000,0x01,0x006D,0x0000,0x0001,actor_2c8,6,0x10C448,0x01,0x93,0x00,0x00,0x02,0x00,0x00,0x0122,0x00B7,0x033E,0x00,0x40,0x04,200,10,200:4040:0087:03A2:0121|201:4040:0097:03A3:0121|202:4040:00BF:0341:0121|203:4040:00AF:033F:0121|204:4040:009F:0365:0121|205:4040:00BF:0340:0111|206:4040:00AF:033E:0111|207:4040:009F:0364:0111|208:4040:008F:0356:0116|209:4040:009F:0363:0101
round5_castle,0xDB,3104,0x0002,0x0003,0x0000,0x01,0x006D,0x0000,0x0001,actor_2c8,7,0x10C488,0x01,0xD0,0x00,0x00,0x02,0x00,0x00,0x0122,0x00B7,0x01CB,0x00,0x46,0x00,210,10,210:4046:0097:01CB:0121|211:4046:0097:01CC:0111|212:4046:00A7:01CD:0121|213:4046:00A7:01CE:0111|214:4046:00B7:01F4:0121|215:4046:00B7:01F5:0111
round5_castle,0xDB,3104,0x0002,0x0003,0x0000,0x01,0x006D,0x0000,0x0001,actor_2c8,8,0x10C4C8,0x01,0x93,0x01,0x00,0x01,0x00,0x00,0x0142,0x00B7,0x033E,0x00,0x40,0x03,220,19,220:0040:0087:0334:0132|221:0040:0097:0335:0132|222:0040:00BF:0341:0132|223:0040:00AF:033F:0132|224:0040:009F:0365:0132|225:0040:00BF:0340:0142|226:0040:00AF:033E:0142|227:0040:009F:0364:0142|228:0040:008F:0356:013D|229:0040:009F:0363:0152
round5_castle,0xDB,3106,0x0002,0x0003,0x0000,0x01,0x006D,0x0000,0x0001,actor_2c8,6,0x10C448,0x01,0x93,0x00,0x00,0x02,0x00,0x00,0x011F,0x00B7,0x033E,0x00,0x40,0x04,200,10,200:4040:0087:03A2:0120|201:4040:0097:03A3:0120|202:4040:00BF:0341:0120|203:4040:00AF:033F:0120|204:4040:009F:0365:0120|205:4040:00BF:0340:0110|206:4040:00AF:033E:0110|207:4040:009F:0364:0110|208:4040:008F:0356:0115|209:4040:009F:0363:0100
round5_castle,0xDB,3106,0x0002,0x0003,0x0000,0x01,0x006D,0x0000,0x0001,actor_2c8,7,0x10C488,0x01,0xD0,0x00,0x00,0x02,0x00,0x00,0x011F,0x00B7,0x01CB,0x00,0x46,0x00,210,10,210:4046:0097:01CB:011E|211:4046:0097:01CC:010E|212:4046:00A7:01CD:011E|213:4046:00A7:01CE:010E|214:4046:00B7:01F4:011E|215:4046:00B7:01F5:010E
round5_castle,0xDB,3108,0x0002,0x0003,0x0000,0x01,0x006D,0x0000,0x0001,actor_2c8,6,0x10C448,0x01,0x94,0x00,0x00,0x02,0x00,0x00,0x011C,0x00B7,0x033E,0x00,0x40,0x04,200,10,200:4040:0087:03A2:011D|201:4040:0097:03A3:011D|202:4040:00BF:0345:011D|203:4040:00AF:0343:011D|204:4040:009F:0365:011D|205:4040:00BF:0344:010D|206:4040:00AF:0342:010D|207:4040:009F:0364:010D|208:4040:008F:0356:0112|209:4040:009F:0363:00FD
round5_castle,0xDB,3108,0x0002,0x0003,0x0000,0x01,0x006D,0x0000,0x0001,actor_2c8,7,0x10C488,0x01,0xD1,0x00,0x00,0x02,0x00,0x00,0x011C,0x00B7,0x01CB,0x00,0x46,0x00,210,10,210:4046:0097:01CB:011B|211:4046:0097:01CC:010B|212:4046:00A7:01CD:011B|213:4046:00A7:01CE:010B|214:4046:00B7:01EE:011B|215:4046:00B7:01EF:010B
round5_castle,0xDB,3108,0x0002,0x0003,0x0000,0x01,0x006D,0x0000,0x0001,actor_2c8,8,0x10C4C8,0x01,0x94,0x01,0x00,0x01,0x00,0x00,0x0144,0x00B7,0x033E,0x00,0x40,0x03,220,19,220:0040:0087:0334:0132|221:0040:0097:0335:0132|222:0040:00BF:0345:0132|223:0040:00AF:0343:0132|224:0040:009F:0365:0132|225:0040:00BF:0344:0142|226:0040:00AF:0342:0142|227:0040:009F:0364:0142|228:0040:008F:0356:013D|229:0040:009F:0363:0152
round5_castle,0xDB,3110,0x0002,0x0003,0x0000,0x01,0x006D,0x0000,0x0001,actor_2c8,6,0x10C448,0x01,0x94,0x00,0x00,0x02,0x00,0x00,0x0118,0x00B7,0x033E,0x00,0x40,0x04,200,10,200:4040:0087:03A2:011A|201:4040:0097:03A3:011A|202:4040:00BF:0345:011A|203:4040:00AF:0343:011A|204:4040:009F:0365:011A|205:4040:00BF:0344:010A|206:4040:00AF:0342:010A|207:4040:009F:0364:010A|208:4040:008F:0356:010F|209:4040:009F:0363:00FA
round5_castle,0xDB,3110,0x0002,0x0003,0x0000,0x01,0x006D,0x0000,0x0001,actor_2c8,7,0x10C488,0x01,0xD1,0x00,0x00,0x02,0x00,0x00,0x0118,0x00B7,0x01CB,0x00,0x46,0x00,210,10,210:4046:0097:01CB:0118|211:4046:0097:01CC:0108|212:4046:00A7:01CD:0118|213:4046:00A7:01CE:0108|214:4046:00B7:01EE:0118|215:4046:00B7:01EF:0108
round5_castle,0xDB,3110,0x0002,0x0003,0x0000,0x01,0x006D,0x0000,0x0001,actor_2c8,8,0x10C4C8,0x01,0x94,0x01,0x00,0x01,0x00,0x00,0x0144,0x00B7,0x033E,0x00,0x40,0x03,220,19,220:0040:0087:0334:0133|221:0040:0097:0335:0133|222:0040:00BF:0345:0133|223:0040:00AF:0343:0133|224:0040:009F:0365:0133|225:0040:00BF:0344:0143|226:0040:00AF:0342:0143|227:0040:009F:0364:0143|228:0040:008F:0356:013E|229:0040:009F:0363:0153
round5_castle,0xDB,3112,0x0002,0x0003,0x0000,0x01,0x006D,0x0000,0x0001,actor_2c8,6,0x10C448,0x01,0x94,0x00,0x00,0x02,0x00,0x00,0x0114,0x00B7,0x033E,0x00,0x40,0x04,200,10,200:4040:0087:03A2:0116|201:4040:0097:03A3:0116|202:4040:00BF:0345:0116|203:4040:00AF:0343:0116|204:4040:009F:0365:0116|205:4040:00BF:0344:0106|206:4040:00AF:0342:0106|207:4040:009F:0364:0106|208:4040:008F:0356:010B|209:4040:009F:0363:00F6
round5_castle,0xDB,3112,0x0002,0x0003,0x0000,0x01,0x006D,0x0000,0x0001,actor_2c8,7,0x10C488,0x01,0xD1,0x00,0x00,0x02,0x00,0x00,0x0114,0x00B7,0x01CB,0x00,0x46,0x00,210,10,210:4046:0097:01CB:0114|211:4046:0097:01CC:0104|212:4046:00A7:01CD:0114|213:4046:00A7:01CE:0104|214:4046:00B7:01EE:0114|215:4046:00B7:01EF:0104
round5_castle,0xDB,3114,0x0002,0x0003,0x0000,0x01,0x006D,0x0000,0x0001,actor_2c8,6,0x10C448,0x01,0x94,0x00,0x00,0x02,0x00,0x00,0x0112,0x00B7,0x033E,0x00,0x40,0x04,200,10,200:4040:0087:03A2:0112|201:4040:0097:03A3:0112|202:4040:00BF:0345:0112|203:4040:00AF:0343:0112|204:4040:009F:0365:0112|205:4040:00BF:0344:0102|206:4040:00AF:0342:0102|207:4040:009F:0364:0102|208:4040:008F:0356:0107|209:4040:009F:0363:00F2
round5_castle,0xDB,3114,0x0002,0x0003,0x0000,0x01,0x006D,0x0000,0x0001,actor_2c8,7,0x10C488,0x01,0xD1,0x00,0x00,0x02,0x00,0x00,0x0110,0x00B7,0x01CB,0x00,0x46,0x00,210,10,210:4046:0097:01CB:0112|211:4046:0097:01CC:0102|212:4046:00A7:01CD:0112|213:4046:00A7:01CE:0102|214:4046:00B7:01EE:0112|215:4046:00B7:01EF:0102
round5_castle,0xDB,3116,0x0002,0x0003,0x0000,0x01,0x006D,0x0000,0x0001,actor_2c8,6,0x10C448,0x01,0x95,0x00,0x00,0x02,0x00,0x00,0x0110,0x00B7,0x033E,0x00,0x40,0x04,200,10,200:4040:0087:03A2:010F|201:4040:0097:03A3:010F|202:4040:00BF:0349:010F|203:4040:00AF:0347:010F|204:4040:009F:0365:010F|205:4040:00BF:0348:00FF|206:4040:00AF:0346:00FF|207:4040:009F:0364:00FF|208:4040:008F:0356:0104|209:4040:009F:0363:00EF
round5_castle,0xDB,3116,0x0002,0x0003,0x0000,0x01,0x006D,0x0000,0x0001,actor_2c8,7,0x10C488,0x01,0xD2,0x00,0x00,0x02,0x00,0x00,0x010E,0x00B7,0x01CB,0x00,0x46,0x00,210,10,210:4046:0097:01CB:010F|211:4046:0097:01CC:00FF|212:4046:00A7:01CD:010F|213:4046:00A7:01CE:00FF|214:4046:00B7:01F0:010F|215:4046:00B7:01F1:00FF
round5_castle,0xDB,3116,0x0002,0x0003,0x0000,0x01,0x006D,0x0000,0x0001,actor_2c8,8,0x10C4C8,0x01,0x95,0x01,0x00,0x01,0x00,0x00,0x0144,0x00B7,0x033E,0x00,0x40,0x03,220,19,220:0040:0087:0334:0134|221:0040:0097:0335:0134|222:0040:00BF:0349:0134|223:0040:00AF:0347:0134|224:0040:009F:0365:0134|225:0040:00BF:0348:0144|226:0040:00AF:0346:0144|227:0040:009F:0364:0144|228:0040:008F:0356:013F|229:0040:009F:0363:0154
round5_castle,0xDB,3118,0x0002,0x0003,0x0000,0x01,0x006D,0x0000,0x0001,actor_2c8,6,0x10C448,0x01,0x95,0x00,0x00,0x02,0x00,0x00,0x010E,0x00B7,0x033E,0x00,0x40,0x04,200,10,200:4040:0087:03A2:010D|201:4040:0097:03A3:010D|202:4040:00BF:0349:010D|203:4040:00AF:0347:010D|204:4040:009F:0365:010D|205:4040:00BF:0348:00FD|206:4040:00AF:0346:00FD|207:4040:009F:0364:00FD|208:4040:008F:0356:0102|209:4040:009F:0363:00ED
round5_castle,0xDB,3118,0x0002,0x0003,0x0000,0x01,0x006D,0x0000,0x0001,actor_2c8,7,0x10C488,0x01,0xD2,0x00,0x00,0x02,0x00,0x00,0x010C,0x00B7,0x01CB,0x00,0x46,0x00,210,10,210:4046:0097:01CB:010D|211:4046:0097:01CC:00FD|212:4046:00A7:01CD:010D|213:4046:00A7:01CE:00FD|214:4046:00B7:01F0:010D|215:4046:00B7:01F1:00FD
round5_castle,0xDB,3118,0x0002,0x0003,0x0000,0x01,0x006D,0x0000,0x0001,actor_2c8,8,0x10C4C8,0x01,0x95,0x01,0x00,0x01,0x00,0x00,0x0146,0x00B7,0x033E,0x00,0x40,0x03,220,19,220:0040:0087:0334:0136|221:0040:0097:0335:0136|222:0040:00BF:0349:0136|223:0040:00AF:0347:0136|224:0040:009F:0365:0136|225:0040:00BF:0348:0146|226:0040:00AF:0346:0146|227:0040:009F:0364:0146|228:0040:008F:0356:0141|229:0040:009F:0363:0156
round5_castle,0xDB,3120,0x0002,0x0003,0x0000,0x01,0x006D,0x0000,0x0001,actor_2c8,6,0x10C448,0x01,0x95,0x00,0x00,0x02,0x00,0x00,0x010C,0x00B7,0x033E,0x00,0x40,0x04,200,10,200:4040:0087:03A2:010B|201:4040:0097:03A3:010B|202:4040:00BF:0349:010B|203:4040:00AF:0347:010B|204:4040:009F:0365:010B|205:4040:00BF:0348:00FB|206:4040:00AF:0346:00FB|207:4040:009F:0364:00FB|208:4040:008F:0356:0100|209:4040:009F:0363:00EB
round5_castle,0xDB,3120,0x0002,0x0003,0x0000,0x01,0x006D,0x0000,0x0001,actor_2c8,7,0x10C488,0x01,0xD2,0x00,0x00,0x02,0x00,0x00,0x010A,0x00B7,0x01CB,0x00,0x46,0x00,210,10,210:4046:0097:01CB:010B|211:4046:0097:01CC:00FB|212:4046:00A7:01CD:010B|213:4046:00A7:01CE:00FB|214:4046:00B7:01F0:010B|215:4046:00B7:01F1:00FB
round5_castle,0xDB,3120,0x0002,0x0003,0x0000,0x01,0x006D,0x0000,0x0001,actor_2c8,8,0x10C4C8,0x01,0x95,0x01,0x00,0x01,0x00,0x00,0x0148,0x00B7,0x033E,0x00,0x40,0x03,220,19,220:0040:0087:0334:0138|221:0040:0097:0335:0138|222:0040:00BF:0349:0138|223:0040:00AF:0347:0138|224:0040:009F:0365:0138|225:0040:00BF:0348:0148|226:0040:00AF:0346:0148|227:0040:009F:0364:0148|228:0040:008F:0356:0143|229:0040:009F:0363:0158
round5_castle,0xDB,3122,0x0002,0x0003,0x0000,0x01,0x006D,0x0000,0x0001,actor_2c8,6,0x10C448,0x01,0x95,0x00,0x00,0x02,0x00,0x00,0x010A,0x00B7,0x033E,0x00,0x40,0x04,200,10,200:4040:0087:03A2:0109|201:4040:0097:03A3:0109|202:4040:00BF:0349:0109|203:4040:00AF:0347:0109|204:4040:009F:0365:0109|205:4040:00BF:0348:00F9|206:4040:00AF:0346:00F9|207:4040:009F:0364:00F9|208:4040:008F:0356:00FE|209:4040:009F:0363:00E9
round5_castle,0xDB,3122,0x0002,0x0003,0x0000,0x01,0x006D,0x0000,0x0001,actor_2c8,7,0x10C488,0x01,0xD2,0x00,0x00,0x02,0x00,0x00,0x010A,0x00B7,0x01CB,0x00,0x46,0x00,210,10,210:4046:0097:01CB:0109|211:4046:0097:01CC:00F9|212:4046:00A7:01CD:0109|213:4046:00A7:01CE:00F9|214:4046:00B7:01F0:0109|215:4046:00B7:01F1:00F9
round5_castle,0xDB,3122,0x0002,0x0003,0x0000,0x01,0x006D,0x0000,0x0001,actor_2c8,8,0x10C4C8,0x01,0x95,0x01,0x00,0x01,0x00,0x00,0x014A,0x00B7,0x033E,0x00,0x40,0x03,220,19,220:0040:0087:0334:013A|221:0040:0097:0335:013A|222:0040:00BF:0349:013A|223:0040:00AF:0347:013A|224:0040:009F:0365:013A|225:0040:00BF:0348:014A|226:0040:00AF:0346:014A|227:0040:009F:0364:014A|228:0040:008F:0356:0145|229:0040:009F:0363:015A
round5_castle,0xDB,3124,0x0002,0x0003,0x0000,0x01,0x006D,0x0000,0x0001,actor_2c8,6,0x10C448,0x01,0x94,0x01,0x00,0x01,0x00,0x00,0x010C,0x00B7,0x033E,0x00,0x40,0x04,200,10,200:4040:0087:03A2:0109|201:4040:0097:03A3:0109|202:4040:00BF:0345:0109|203:4040:00AF:0343:0109|204:4040:009F:0365:0109|205:4040:00BF:0344:00F9|206:4040:00AF:0342:00F9|207:4040:009F:0364:00F9|208:4040:008F:0356:00FE|209:4040:009F:0363:00E9
round5_castle,0xDB,3124,0x0002,0x0003,0x0000,0x01,0x006D,0x0000,0x0001,actor_2c8,7,0x10C488,0x01,0xD3,0x01,0x00,0x01,0x00,0x00,0x010C,0x00B7,0x01CB,0x00,0x46,0x00,210,10,210:0046:0097:01CB:00FC|211:0046:0097:01CC:010C|212:0046:00A7:01CD:00FC|213:0046:00A7:01CE:010C|214:0046:00B7:01F2:00FC|215:0046:00B7:01F3:010C
round5_castle,0xDB,3124,0x0002,0x0003,0x0000,0x01,0x006D,0x0000,0x0001,actor_2c8,8,0x10C4C8,0x01,0x94,0x01,0x00,0x01,0x00,0x00,0x014C,0x00B7,0x033E,0x00,0x40,0x03,220,19,220:0040:0087:0334:013A|221:0040:0097:0335:013A|222:0040:00BF:0345:013A|223:0040:00AF:0343:013A|224:0040:009F:0365:013A|225:0040:00BF:0344:014A|226:0040:00AF:0342:014A|227:0040:009F:0364:014A|228:0040:008F:0356:0145|229:0040:009F:0363:015A
round5_castle,0xDB,3126,0x0002,0x0003,0x0000,0x01,0x006D,0x0000,0x0001,actor_2c8,6,0x10C448,0x01,0x94,0x01,0x00,0x01,0x00,0x00,0x010E,0x00B7,0x033E,0x00,0x40,0x04,200,10,200:0040:0087:03A2:00FC|201:0040:0097:03A3:00FC|202:0040:00BF:0345:00FC|203:0040:00AF:0343:00FC|204:0040:009F:0365:00FC|205:0040:00BF:0344:010C|206:0040:00AF:0342:010C|207:0040:009F:0364:010C|208:0040:008F:0356:0107|209:0040:009F:0363:011C
round5_castle,0xDB,3126,0x0002,0x0003,0x0000,0x01,0x006D,0x0000,0x0001,actor_2c8,7,0x10C488,0x01,0xD3,0x01,0x00,0x01,0x00,0x00,0x010E,0x00B7,0x01CB,0x00,0x46,0x00,210,10,210:0046:0097:01CB:00FE|211:0046:0097:01CC:010E|212:0046:00A7:01CD:00FE|213:0046:00A7:01CE:010E|214:0046:00B7:01F2:00FE|215:0046:00B7:01F3:010E
round5_castle,0xDB,3126,0x0002,0x0003,0x0000,0x01,0x006D,0x0000,0x0001,actor_2c8,8,0x10C4C8,0x01,0x94,0x01,0x00,0x01,0x00,0x00,0x014E,0x00B7,0x033E,0x00,0x40,0x03,220,19,220:0040:0087:0334:013C|221:0040:0097:0335:013C|222:0040:00BF:0345:013C|223:0040:00AF:0343:013C|224:0040:009F:0365:013C|225:0040:00BF:0344:014C|226:0040:00AF:0342:014C|227:0040:009F:0364:014C|228:0040:008F:0356:0147|229:0040:009F:0363:015C
round5_castle,0xDB,3128,0x0002,0x0003,0x0000,0x01,0x006D,0x0000,0x0001,actor_2c8,6,0x10C448,0x01,0x94,0x01,0x00,0x01,0x00,0x00,0x0110,0x00B7,0x033E,0x00,0x40,0x04,200,10,200:0040:0087:03A2:00FE|201:0040:0097:03A3:00FE|202:0040:00BF:0345:00FE|203:0040:00AF:0343:00FE|204:0040:009F:0365:00FE|205:0040:00BF:0344:010E|206:0040:00AF:0342:010E|207:0040:009F:0364:010E|208:0040:008F:0356:0109|209:0040:009F:0363:011E
round5_castle,0xDB,3128,0x0002,0x0003,0x0000,0x01,0x006D,0x0000,0x0001,actor_2c8,7,0x10C488,0x01,0xD3,0x01,0x00,0x01,0x00,0x00,0x0110,0x00B7,0x01CB,0x00,0x46,0x00,210,10,210:0046:0097:01CB:0100|211:0046:0097:01CC:0110|212:0046:00A7:01CD:0100|213:0046:00A7:01CE:0110|214:0046:00B7:01F2:0100|215:0046:00B7:01F3:0110
round5_castle,0xDB,3128,0x0002,0x0003,0x0000,0x01,0x006D,0x0000,0x0001,actor_2c8,8,0x10C4C8,0x01,0x94,0x01,0x00,0x01,0x00,0x00,0x0150,0x00B7,0x033E,0x00,0x40,0x03,220,19,220:0040:0087:0334:013E|221:0040:0097:0335:013E|222:0040:00BF:0345:013E|223:0040:00AF:0343:013E|224:0040:009F:0365:013E|225:0040:00BF:0344:014E|226:0040:00AF:0342:014E|227:0040:009F:0364:014E|228:0040:008F:0356:0149|229:0040:009F:0363:015E
round5_castle,0xDB,3130,0x0002,0x0003,0x0000,0x01,0x006D,0x0000,0x0001,actor_2c8,6,0x10C448,0x01,0x94,0x01,0x00,0x01,0x00,0x00,0x0112,0x00B7,0x033E,0x00,0x40,0x04,200,10,200:0040:0087:03A2:0100|201:0040:0097:03A3:0100|202:0040:00BF:0345:0100|203:0040:00AF:0343:0100|204:0040:009F:0365:0100|205:0040:00BF:0344:0110|206:0040:00AF:0342:0110|207:0040:009F:0364:0110|208:0040:008F:0356:010B|209:0040:009F:0363:0120
round5_castle,0xDB,3130,0x0002,0x0003,0x0000,0x01,0x006D,0x0000,0x0001,actor_2c8,7,0x10C488,0x01,0xD3,0x01,0x00,0x01,0x00,0x00,0x0112,0x00B7,0x01CB,0x00,0x46,0x00,210,10,210:0046:0097:01CB:0102|211:0046:0097:01CC:0112|212:0046:00A7:01CD:0102|213:0046:00A7:01CE:0112|214:0046:00B7:01F2:0102|215:0046:00B7:01F3:0112
round5_castle,0xDB,3130,0x0002,0x0003,0x0000,0x01,0x006D,0x0000,0x0001,actor_2c8,8,0x10C4C8,0x01,0x94,0x01,0x00,0x01,0x00,0x00,0x0152,0x00B7,0x033E,0x00,0x40,0x03,220,19,220:0040:0087:0334:0140|221:0040:0097:0335:0140|222:0040:00BF:0345:0140|223:0040:00AF:0343:0140|224:0040:009F:0365:0140|225:0040:00BF:0344:0150|226:0040:00AF:0342:0150|227:0040:009F:0364:0150|228:0040:008F:0356:014B|229:0040:009F:0363:0160
round5_castle,0xDB,3132,0x0002,0x0003,0x0000,0x01,0x006D,0x0000,0x0001,actor_2c8,6,0x10C448,0x01,0x93,0x01,0x00,0x01,0x00,0x00,0x0112,0x00B7,0x033E,0x00,0x40,0x04,200,10,200:0040:0087:03A2:0102|201:0040:0097:03A3:0102|202:0040:00BF:0341:0102|203:0040:00AF:033F:0102|204:0040:009F:0365:0102|205:0040:00BF:0340:0112|206:0040:00AF:033E:0112|207:0040:009F:0364:0112|208:0040:008F:0356:010D|209:0040:009F:0363:0122
round5_castle,0xDB,3132,0x0002,0x0003,0x0000,0x01,0x006D,0x0000,0x0001,actor_2c8,7,0x10C488,0x01,0xD0,0x01,0x00,0x01,0x00,0x00,0x0114,0x00B7,0x01CB,0x00,0x46,0x00,210,10,210:0046:0097:01CB:0102|211:0046:0097:01CC:0112|212:0046:00A7:01CD:0102|213:0046:00A7:01CE:0112|214:0046:00B7:01F4:0102|215:0046:00B7:01F5:0112
round5_castle,0xDB,3132,0x0002,0x0003,0x0000,0x01,0x006D,0x0000,0x0001,actor_2c8,8,0x10C4C8,0x01,0x93,0x01,0x00,0x01,0x00,0x00,0x0152,0x00B7,0x033E,0x00,0x40,0x03,220,19,220:0040:0087:0334:0142|221:0040:0097:0335:0142|222:0040:00BF:0341:0142|223:0040:00AF:033F:0142|224:0040:009F:0365:0142|225:0040:00BF:0340:0152|226:0040:00AF:033E:0152|227:0040:009F:0364:0152|228:0040:008F:0356:014D|229:0040:009F:0363:0162
round5_castle,0xDB,3134,0x0002,0x0003,0x0000,0x01,0x006D,0x0000,0x0001,actor_2c8,6,0x10C448,0x01,0x93,0x01,0x00,0x01,0x00,0x00,0x0114,0x00B7,0x033E,0x00,0x40,0x04,200,10,200:0040:0087:03A2:0104|201:0040:0097:03A3:0104|202:0040:00BF:0341:0104|203:0040:00AF:033F:0104|204:0040:009F:0365:0104|205:0040:00BF:0340:0114|206:0040:00AF:033E:0114|207:0040:009F:0364:0114|208:0040:008F:0356:010F|209:0040:009F:0363:0124
round5_castle,0xDB,3134,0x0002,0x0003,0x0000,0x01,0x006D,0x0000,0x0001,actor_2c8,7,0x10C488,0x01,0xD0,0x01,0x00,0x01,0x00,0x00,0x0116,0x00B7,0x01CB,0x00,0x46,0x00,210,10,210:0046:0097:01CB:0104|211:0046:0097:01CC:0114|212:0046:00A7:01CD:0104|213:0046:00A7:01CE:0114|214:0046:00B7:01F4:0104|215:0046:00B7:01F5:0114
round5_castle,0xDB,3134,0x0002,0x0003,0x0000,0x01,0x006D,0x0000,0x0001,actor_2c8,8,0x10C4C8,0x01,0x93,0x01,0x00,0x01,0x00,0x00,0x0154,0x00B7,0x033E,0x00,0x40,0x03,220,19,220:0040:0087:0334:0144|221:0040:0097:0335:0144|222:0040:00BF:0341:0144|223:0040:00AF:033F:0144|224:0040:009F:0365:0144|225:0040:00BF:0340:0154|226:0040:00AF:033E:0154|227:0040:009F:0364:0154|228:0040:008F:0356:014F|229:0040:009F:0363:0164
round5_castle,0xDB,3136,0x0002,0x0003,0x0000,0x01,0x006D,0x0000,0x0001,actor_2c8,6,0x10C448,0x01,0x93,0x01,0x00,0x01,0x00,0x00,0x0116,0x00B7,0x033E,0x00,0x40,0x04,200,10,200:0040:0087:03A2:0106|201:0040:0097:03A3:0106|202:0040:00BF:0341:0106|203:0040:00AF:033F:0106|204:0040:009F:0365:0106|205:0040:00BF:0340:0116|206:0040:00AF:033E:0116|207:0040:009F:0364:0116|208:0040:008F:0356:0111|209:0040:009F:0363:0126
round5_castle,0xDB,3136,0x0002,0x0003,0x0000,0x01,0x006D,0x0000,0x0001,actor_2c8,7,0x10C488,0x01,0xD0,0x01,0x00,0x01,0x00,0x00,0x0118,0x00B7,0x01CB,0x00,0x46,0x00,210,10,210:0046:0097:01CB:0106|211:0046:0097:01CC:0116|212:0046:00A7:01CD:0106|213:0046:00A7:01CE:0116|214:0046:00B7:01F4:0106|215:0046:00B7:01F5:0116
round5_castle,0xDB,3136,0x0002,0x0003,0x0000,0x01,0x006D,0x0000,0x0001,actor_2c8,8,0x10C4C8,0x01,0x93,0x01,0x00,0x01,0x00,0x00,0x0156,0x00B7,0x033E,0x00,0x40,0x03,220,19,220:0040:0087:0334:0146|221:0040:0097:0335:0146|222:0040:00BF:0341:0146|223:0040:00AF:033F:0146|224:0040:009F:0365:0146|225:0040:00BF:0340:0156|226:0040:00AF:033E:0156|227:0040:009F:0364:0156|228:0040:008F:0356:0151|229:0040:009F:0363:0166
round5_castle,0xDB,3138,0x0002,0x0003,0x0000,0x01,0x006D,0x0000,0x0001,actor_2c8,6,0x10C448,0x01,0x93,0x01,0x00,0x01,0x00,0x00,0x0118,0x00B7,0x033E,0x00,0x40,0x04,200,10,200:0040:0087:03A2:0108|201:0040:0097:03A3:0108|202:0040:00BF:0341:0108|203:0040:00AF:033F:0108|204:0040:009F:0365:0108|205:0040:00BF:0340:0118|206:0040:00AF:033E:0118|207:0040:009F:0364:0118|208:0040:008F:0356:0113|209:0040:009F:0363:0128
round5_castle,0xDB,3138,0x0002,0x0003,0x0000,0x01,0x006D,0x0000,0x0001,actor_2c8,7,0x10C488,0x01,0xD0,0x01,0x00,0x01,0x00,0x00,0x011A,0x00B7,0x01CB,0x00,0x46,0x00,210,10,210:0046:0097:01CB:0108|211:0046:0097:01CC:0118|212:0046:00A7:01CD:0108|213:0046:00A7:01CE:0118|214:0046:00B7:01F4:0108|215:0046:00B7:01F5:0118
round5_castle,0xDB,3140,0x0002,0x0003,0x0000,0x01,0x006D,0x0000,0x0001,actor_2c8,6,0x10C448,0x01,0x94,0x01,0x00,0x01,0x00,0x00,0x011A,0x00B7,0x033E,0x00,0x40,0x04,200,10,200:0040:0087:03A2:010A|201:0040:0097:03A3:010A|202:0040:00BF:0345:010A|203:0040:00AF:0343:010A|204:0040:009F:0365:010A|205:0040:00BF:0344:011A|206:0040:00AF:0342:011A|207:0040:009F:0364:011A|208:0040:008F:0356:0115|209:0040:009F:0363:012A
round5_castle,0xDB,3140,0x0002,0x0003,0x0000,0x01,0x006D,0x0000,0x0001,actor_2c8,7,0x10C488,0x01,0xD1,0x01,0x00,0x01,0x00,0x00,0x011A,0x00B7,0x01CB,0x00,0x46,0x00,210,10,210:0046:0097:01CB:010A|211:0046:0097:01CC:011A|212:0046:00A7:01CD:010A|213:0046:00A7:01CE:011A|214:0046:00B7:01EE:010A|215:0046:00B7:01EF:011A
round5_castle,0xDB,3142,0x0002,0x0003,0x0000,0x01,0x006D,0x0000,0x0001,actor_2c8,7,0x10C488,0x01,0xD1,0x01,0x00,0x01,0x00,0x00,0x011C,0x00B7,0x01CB,0x00,0x46,0x00,210,10,210:0046:0097:01CB:010C|211:0046:0097:01CC:011C|212:0046:00A7:01CD:010C|213:0046:00A7:01CE:011C|214:0046:00B7:01EE:010C|215:0046:00B7:01EF:011C
round5_castle,0xDB,3144,0x0002,0x0003,0x0000,0x01,0x006D,0x0000,0x0001,actor_2c8,6,0x10C448,0x01,0x94,0x01,0x00,0x01,0x00,0x00,0x011E,0x00B7,0x033E,0x00,0x40,0x04,200,10,200:0040:0087:03A2:010C|201:0040:0097:03A3:010C|202:0040:00BF:0345:010C|203:0040:00AF:0343:010C|204:0040:009F:0365:010C|205:0040:00BF:0344:011C|206:0040:00AF:0342:011C|207:0040:009F:0364:011C|208:0040:008F:0356:0117|209:0040:009F:0363:012C
round5_castle,0xDB,3144,0x0002,0x0003,0x0000,0x01,0x006D,0x0000,0x0001,actor_2c8,7,0x10C488,0x01,0xD1,0x01,0x00,0x01,0x00,0x00,0x011E,0x00B7,0x01CB,0x00,0x46,0x00,210,10,210:0046:0097:01CB:010E|211:0046:0097:01CC:011E|212:0046:00A7:01CD:010E|213:0046:00A7:01CE:011E|214:0046:00B7:01EE:010E|215:0046:00B7:01EF:011E
round5_castle,0xDB,3146,0x0002,0x0003,0x0000,0x01,0x006D,0x0000,0x0001,actor_2c8,6,0x10C448,0x01,0x94,0x01,0x00,0x01,0x00,0x00,0x0120,0x00B7,0x033E,0x00,0x40,0x04,200,10,200:0040:0087:03A2:010E|201:0040:0097:03A3:010E|202:0040:00BF:0345:010E|203:0040:00AF:0343:010E|204:0040:009F:0365:010E|205:0040:00BF:0344:011E|206:0040:00AF:0342:011E|207:0040:009F:0364:011E|208:0040:008F:0356:0119|209:0040:009F:0363:012E
round5_castle,0xDB,3146,0x0002,0x0003,0x0000,0x01,0x006D,0x0000,0x0001,actor_2c8,7,0x10C488,0x01,0xD1,0x01,0x00,0x01,0x00,0x00,0x0120,0x00B7,0x01CB,0x00,0x46,0x00,210,10,210:0046:0097:01CB:0110|211:0046:0097:01CC:0120|212:0046:00A7:01CD:0110|213:0046:00A7:01CE:0120|214:0046:00B7:01EE:0110|215:0046:00B7:01EF:0120
round5_castle,0xDB,3148,0x0002,0x0003,0x0000,0x01,0x006D,0x0000,0x0001,actor_2c8,6,0x10C448,0x01,0x95,0x01,0x00,0x01,0x00,0x00,0x0122,0x00B7,0x033E,0x00,0x40,0x04,200,10,200:0040:0087:03A2:0110|201:0040:0097:03A3:0110|202:0040:00BF:0349:0110|203:0040:00AF:0347:0110|204:0040:009F:0365:0110|205:0040:00BF:0348:0120|206:0040:00AF:0346:0120|207:0040:009F:0364:0120|208:0040:008F:0356:011B|209:0040:009F:0363:0130
round5_castle,0xDB,3148,0x0002,0x0003,0x0000,0x01,0x006D,0x0000,0x0001,actor_2c8,7,0x10C488,0x01,0xD2,0x01,0x00,0x01,0x00,0x00,0x0122,0x00B7,0x01CB,0x00,0x46,0x00,210,10,210:0046:0097:01CB:0112|211:0046:0097:01CC:0122|212:0046:00A7:01CD:0112|213:0046:00A7:01CE:0122|214:0046:00B7:01F0:0112|215:0046:00B7:01F1:0122
round5_castle,0xDB,3150,0x0002,0x0003,0x0000,0x01,0x006D,0x0000,0x0001,actor_2c8,6,0x10C448,0x01,0x95,0x01,0x00,0x01,0x00,0x00,0x0122,0x00B7,0x033E,0x00,0x40,0x04,200,10,200:0040:0087:03A2:0112|201:0040:0097:03A3:0112|202:0040:00BF:0349:0112|203:0040:00AF:0347:0112|204:0040:009F:0365:0112|205:0040:00BF:0348:0122|206:0040:00AF:0346:0122|207:0040:009F:0364:0122|208:0040:008F:0356:011D|209:0040:009F:0363:0132
round5_castle,0xDB,3152,0x0002,0x0003,0x0000,0x01,0x006D,0x0000,0x0001,actor_2c8,6,0x10C448,0x01,0x95,0x01,0x00,0x01,0x00,0x00,0x0124,0x00B7,0x033E,0x00,0x40,0x04,200,10,200:0040:0087:03A2:0114|201:0040:0097:03A3:0114|202:0040:00BF:0349:0114|203:0040:00AF:0347:0114|204:0040:009F:0365:0114|205:0040:00BF:0348:0124|206:0040:00AF:0346:0124|207:0040:009F:0364:0124|208:0040:008F:0356:011F|209:0040:009F:0363:0134
round5_castle,0xDB,3152,0x0002,0x0003,0x0000,0x01,0x006D,0x0000,0x0001,actor_2c8,7,0x10C488,0x01,0xD2,0x01,0x00,0x01,0x00,0x00,0x0126,0x00B7,0x01CB,0x00,0x46,0x00,210,10,210:0046:0097:01CB:0114|211:0046:0097:01CC:0124|212:0046:00A7:01CD:0114|213:0046:00A7:01CE:0124|214:0046:00B7:01F0:0114|215:0046:00B7:01F1:0124
round5_castle,0xDB,3154,0x0002,0x0003,0x0000,0x01,0x006D,0x0000,0x0001,actor_2c8,6,0x10C448,0x01,0x95,0x01,0x00,0x01,0x00,0x00,0x0126,0x00B7,0x033E,0x00,0x40,0x04,200,10,200:0040:0087:03A2:0116|201:0040:0097:03A3:0116|202:0040:00BF:0349:0116|203:0040:00AF:0347:0116|204:0040:009F:0365:0116|205:0040:00BF:0348:0126|206:0040:00AF:0346:0126|207:0040:009F:0364:0126|208:0040:008F:0356:0121|209:0040:009F:0363:0136
round5_castle,0xDB,3154,0x0002,0x0003,0x0000,0x01,0x006D,0x0000,0x0001,actor_2c8,7,0x10C488,0x01,0xD2,0x01,0x00,0x01,0x00,0x00,0x0128,0x00B7,0x01CB,0x00,0x46,0x00,210,10,210:0046:0097:01CB:0116|211:0046:0097:01CC:0126|212:0046:00A7:01CD:0116|213:0046:00A7:01CE:0126|214:0046:00B7:01F0:0116|215:0046:00B7:01F1:0126
round5_castle,0xDB,3156,0x0002,0x0003,0x0000,0x01,0x006D,0x0000,0x0001,actor_2c8,6,0x10C448,0x01,0x94,0x01,0x00,0x01,0x00,0x00,0x0128,0x00B7,0x033E,0x00,0x40,0x04,200,10,200:0040:0087:03A2:0118|201:0040:0097:03A3:0118|202:0040:00BF:0345:0118|203:0040:00AF:0343:0118|204:0040:009F:0365:0118|205:0040:00BF:0344:0128|206:0040:00AF:0342:0128|207:0040:009F:0364:0128|208:0040:008F:0356:0123|209:0040:009F:0363:0138
round5_castle,0xDB,3156,0x0002,0x0003,0x0000,0x01,0x006D,0x0000,0x0001,actor_2c8,7,0x10C488,0x01,0xD3,0x01,0x00,0x01,0x00,0x00,0x012A,0x00B7,0x01CB,0x00,0x46,0x00,210,10,210:0046:0097:01CB:0118|211:0046:0097:01CC:0128|212:0046:00A7:01CD:0118|213:0046:00A7:01CE:0128|214:0046:00B7:01F2:0118|215:0046:00B7:01F3:0128
round5_castle,0xDB,3158,0x0002,0x0003,0x0000,0x01,0x006D,0x0000,0x0001,actor_2c8,6,0x10C448,0x01,0x94,0x01,0x00,0x01,0x00,0x00,0x012A,0x00B7,0x033E,0x00,0x40,0x04,200,10,200:0040:0087:03A2:011A|201:0040:0097:03A3:011A|202:0040:00BF:0345:011A|203:0040:00AF:0343:011A|204:0040:009F:0365:011A|205:0040:00BF:0344:012A|206:0040:00AF:0342:012A|207:0040:009F:0364:012A|208:0040:008F:0356:0125|209:0040:009F:0363:013A
round5_castle,0xDB,3158,0x0002,0x0003,0x0000,0x01,0x006D,0x0000,0x0001,actor_2c8,7,0x10C488,0x01,0xD3,0x01,0x00,0x01,0x00,0x00,0x012A,0x00B7,0x01CB,0x00,0x46,0x00,210,10,210:0046:0097:01CB:011A|211:0046:0097:01CC:012A|212:0046:00A7:01CD:011A|213:0046:00A7:01CE:012A|214:0046:00B7:01F2:011A|215:0046:00B7:01F3:012A
round5_castle,0xDB,3160,0x0002,0x0003,0x0000,0x01,0x006D,0x0000,0x0001,actor_2c8,7,0x10C488,0x01,0xD3,0x01,0x00,0x01,0x00,0x00,0x012C,0x00B7,0x01CB,0x00,0x46,0x00,210,10,210:0046:0097:01CB:011C|211:0046:0097:01CC:012C|212:0046:00A7:01CD:011C|213:0046:00A7:01CE:012C|214:0046:00B7:01F2:011C|215:0046:00B7:01F3:012C
round5_castle,0xDB,3162,0x0002,0x0003,0x0000,0x01,0x006D,0x0000,0x0001,actor_2c8,6,0x10C448,0x01,0x94,0x01,0x00,0x01,0x00,0x00,0x012E,0x00B7,0x033E,0x00,0x40,0x04,200,10,200:0040:0087:03A2:011C|201:0040:0097:03A3:011C|202:0040:00BF:0345:011C|203:0040:00AF:0343:011C|204:0040:009F:0365:011C|205:0040:00BF:0344:012C|206:0040:00AF:0342:012C|207:0040:009F:0364:012C|208:0040:008F:0356:0127|209:0040:009F:0363:013C
round5_castle,0xDB,3162,0x0002,0x0003,0x0000,0x01,0x006D,0x0000,0x0001,actor_2c8,7,0x10C488,0x01,0xD3,0x01,0x00,0x01,0x00,0x00,0x012E,0x00B7,0x01CB,0x00,0x46,0x00,210,10,210:0046:0097:01CB:011E|211:0046:0097:01CC:012E|212:0046:00A7:01CD:011E|213:0046:00A7:01CE:012E|214:0046:00B7:01F2:011E|215:0046:00B7:01F3:012E
round5_castle,0xDB,3164,0x0002,0x0003,0x0000,0x01,0x006D,0x0000,0x0001,actor_2c8,6,0x10C448,0x01,0x93,0x01,0x00,0x01,0x00,0x00,0x0130,0x00B7,0x033E,0x00,0x40,0x04,200,10,200:0040:0087:03A2:011E|201:0040:0097:03A3:011E|202:0040:00BF:0341:011E|203:0040:00AF:033F:011E|204:0040:009F:0365:011E|205:0040:00BF:0340:012E|206:0040:00AF:033E:012E|207:0040:009F:0364:012E|208:0040:008F:0356:0129|209:0040:009F:0363:013E
round5_castle,0xDB,3164,0x0002,0x0003,0x0000,0x01,0x006D,0x0000,0x0001,actor_2c8,7,0x10C488,0x01,0xD0,0x01,0x00,0x01,0x00,0x00,0x0130,0x00B7,0x01CB,0x00,0x46,0x00,210,10,210:0046:0097:01CB:0120|211:0046:0097:01CC:0130|212:0046:00A7:01CD:0120|213:0046:00A7:01CE:0130|214:0046:00B7:01F4:0120|215:0046:00B7:01F5:0130
round5_castle,0xDB,3166,0x0002,0x0003,0x0000,0x01,0x006D,0x0000,0x0001,actor_2c8,6,0x10C448,0x01,0x93,0x01,0x00,0x01,0x00,0x00,0x0132,0x00B7,0x033E,0x00,0x40,0x04,200,10,200:0040:0087:03A2:0120|201:0040:0097:03A3:0120|202:0040:00BF:0341:0120|203:0040:00AF:033F:0120|204:0040:009F:0365:0120|205:0040:00BF:0340:0130|206:0040:00AF:033E:0130|207:0040:009F:0364:0130|208:0040:008F:0356:012B|209:0040:009F:0363:0140
round5_castle,0xDB,3166,0x0002,0x0003,0x0000,0x01,0x006D,0x0000,0x0001,actor_2c8,7,0x10C488,0x01,0xD0,0x01,0x00,0x01,0x00,0x00,0x0132,0x00B7,0x01CB,0x00,0x46,0x00,210,10,210:0046:0097:01CB:0122|211:0046:0097:01CC:0132|212:0046:00A7:01CD:0122|213:0046:00A7:01CE:0132|214:0046:00B7:01F4:0122|215:0046:00B7:01F5:0132
round5_castle,0xDB,3168,0x0002,0x0003,0x0000,0x01,0x006D,0x0000,0x0001,actor_2c8,6,0x10C448,0x01,0x93,0x01,0x00,0x01,0x00,0x00,0x0132,0x00B7,0x033E,0x00,0x40,0x04,200,10,200:0040:0087:03A2:0122|201:0040:0097:03A3:0122|202:0040:00BF:0341:0122|203:0040:00AF:033F:0122|204:0040:009F:0365:0122|205:0040:00BF:0340:0132|206:0040:00AF:033E:0132|207:0040:009F:0364:0132|208:0040:008F:0356:012D|209:0040:009F:0363:0142
round5_castle,0xDB,3170,0x0002,0x0003,0x0000,0x01,0x006D,0x0000,0x0001,actor_2c8,6,0x10C448,0x01,0x93,0x01,0x00,0x01,0x00,0x00,0x0134,0x00B7,0x033E,0x00,0x40,0x04,200,10,200:0040:0087:03A2:0124|201:0040:0097:03A3:0124|202:0040:00BF:0341:0124|203:0040:00AF:033F:0124|204:0040:009F:0365:0124|205:0040:00BF:0340:0134|206:0040:00AF:033E:0134|207:0040:009F:0364:0134|208:0040:008F:0356:012F|209:0040:009F:0363:0144
round5_castle,0xDB,3170,0x0002,0x0003,0x0000,0x01,0x006D,0x0000,0x0001,actor_2c8,7,0x10C488,0x01,0xD0,0x01,0x00,0x01,0x00,0x00,0x0136,0x00B7,0x01CB,0x00,0x46,0x00,210,10,210:0046:0097:01CB:0124|211:0046:0097:01CC:0134|212:0046:00A7:01CD:0124|213:0046:00A7:01CE:0134|214:0046:00B7:01F4:0124|215:0046:00B7:01F5:0134
round5_castle,0xDB,3172,0x0002,0x0003,0x0000,0x01,0x006D,0x0000,0x0001,actor_2c8,7,0x10C488,0x01,0xD1,0x01,0x00,0x01,0x00,0x00,0x0138,0x00B7,0x01CB,0x00,0x46,0x00,210,10,210:0046:0097:01CB:0126|211:0046:0097:01CC:0136|212:0046:00A7:01CD:0126|213:0046:00A7:01CE:0136|214:0046:00B7:01EE:0126|215:0046:00B7:01EF:0136
round5_castle,0xDB,3176,0x0002,0x0003,0x0000,0x01,0x006D,0x0000,0x0001,actor_2c8,6,0x10C448,0x01,0x94,0x01,0x00,0x01,0x00,0x00,0x013A,0x00B7,0x033E,0x00,0x40,0x04,200,10,200:0040:0087:03A2:012A|201:0040:0097:03A3:012A|202:0040:00BF:0345:012A|203:0040:00AF:0343:012A|204:0040:009F:0365:012A|205:0040:00BF:0344:013A|206:0040:00AF:0342:013A|207:0040:009F:0364:013A|208:0040:008F:0356:0135|209:0040:009F:0363:014A
round5_castle,0xDB,3176,0x0002,0x0003,0x0000,0x01,0x006D,0x0000,0x0001,actor_2c8,7,0x10C488,0x01,0xD1,0x01,0x00,0x01,0x00,0x00,0x013A,0x00B7,0x01CB,0x00,0x46,0x00,210,10,210:0046:0097:01CB:012A|211:0046:0097:01CC:013A|212:0046:00A7:01CD:012A|213:0046:00A7:01CE:013A|214:0046:00B7:01EE:012A|215:0046:00B7:01EF:013A
round5_castle,0xDB,3178,0x0002,0x0003,0x0000,0x01,0x006D,0x0000,0x0001,actor_2c8,7,0x10C488,0x01,0xD1,0x00,0x00,0x02,0x00,0x00,0x0138,0x00B7,0x01CB,0x00,0x46,0x00,210,10,210:4046:0097:01CB:0137|211:4046:0097:01CC:0127|212:4046:00A7:01CD:0137|213:4046:00A7:01CE:0127|214:4046:00B7:01EE:0137|215:4046:00B7:01EF:0127
round5_castle,0xDB,3180,0x0002,0x0003,0x0000,0x01,0x006D,0x0000,0x0001,actor_2c8,6,0x10C448,0x01,0x95,0x00,0x00,0x02,0x00,0x00,0x0136,0x00B7,0x033E,0x00,0x40,0x04,200,10,200:4040:0087:03A2:0137|201:4040:0097:03A3:0137|202:4040:00BF:0349:0137|203:4040:00AF:0347:0137|204:4040:009F:0365:0137|205:4040:00BF:0348:0127|206:4040:00AF:0346:0127|207:4040:009F:0364:0127|208:4040:008F:0356:012C|209:4040:009F:0363:0117
round5_castle,0xDB,3180,0x0002,0x0003,0x0000,0x01,0x006D,0x0000,0x0001,actor_2c8,7,0x10C488,0x01,0xD2,0x00,0x00,0x02,0x00,0x00,0x0136,0x00B7,0x01CB,0x00,0x46,0x00,210,10,210:4046:0097:01CB:0135|211:4046:0097:01CC:0125|212:4046:00A7:01CD:0135|213:4046:00A7:01CE:0125|214:4046:00B7:01F0:0135|215:4046:00B7:01F1:0125
round5_castle,0xDB,3182,0x0002,0x0003,0x0000,0x01,0x006D,0x0000,0x0001,actor_2c8,6,0x10C448,0x01,0x95,0x00,0x00,0x02,0x00,0x00,0x0134,0x00B7,0x033E,0x00,0x40,0x04,200,10,200:4040:0087:03A2:0135|201:4040:0097:03A3:0135|202:4040:00BF:0349:0135|203:4040:00AF:0347:0135|204:4040:009F:0365:0135|205:4040:00BF:0348:0125|206:4040:00AF:0346:0125|207:4040:009F:0364:0125|208:4040:008F:0356:012A|209:4040:009F:0363:0115
round5_castle,0xDB,3182,0x0002,0x0003,0x0000,0x01,0x006D,0x0000,0x0001,actor_2c8,7,0x10C488,0x01,0xD2,0x00,0x00,0x02,0x00,0x00,0x0134,0x00B7,0x01CB,0x00,0x46,0x00,210,10,210:4046:0097:01CB:0133|211:4046:0097:01CC:0123|212:4046:00A7:01CD:0133|213:4046:00A7:01CE:0123|214:4046:00B7:01F0:0133|215:4046:00B7:01F1:0123
round5_castle,0xDB,3184,0x0002,0x0003,0x0000,0x01,0x006D,0x0000,0x0001,actor_2c8,6,0x10C448,0x01,0x95,0x00,0x00,0x02,0x00,0x00,0x0132,0x00B7,0x033E,0x00,0x40,0x04,200,10,200:4040:0087:03A2:0133|201:4040:0097:03A3:0133|202:4040:00BF:0349:0133|203:4040:00AF:0347:0133|204:4040:009F:0365:0133|205:4040:00BF:0348:0123|206:4040:00AF:0346:0123|207:4040:009F:0364:0123|208:4040:008F:0356:0128|209:4040:009F:0363:0113
round5_castle,0xDB,3184,0x0002,0x0003,0x0000,0x01,0x006D,0x0000,0x0001,actor_2c8,7,0x10C488,0x01,0xD2,0x00,0x00,0x02,0x00,0x00,0x0132,0x00B7,0x01CB,0x00,0x46,0x00,210,10,210:4046:0097:01CB:0131|211:4046:0097:01CC:0121|212:4046:00A7:01CD:0131|213:4046:00A7:01CE:0121|214:4046:00B7:01F0:0131|215:4046:00B7:01F1:0121
round5_castle,0xDB,3186,0x0002,0x0003,0x0000,0x01,0x006D,0x0000,0x0001,actor_2c8,6,0x10C448,0x01,0x95,0x00,0x00,0x02,0x00,0x00,0x0132,0x00B7,0x033E,0x00,0x40,0x04,200,10,200:4040:0087:03A2:0131|201:4040:0097:03A3:0131|202:4040:00BF:0349:0131|203:4040:00AF:0347:0131|204:4040:009F:0365:0131|205:4040:00BF:0348:0121|206:4040:00AF:0346:0121|207:4040:009F:0364:0121|208:4040:008F:0356:0126|209:4040:009F:0363:0111
round5_castle,0xDB,3188,0x0002,0x0003,0x0000,0x01,0x006D,0x0000,0x0001,actor_2c8,6,0x10C448,0x01,0x94,0x00,0x00,0x02,0x00,0x00,0x0130,0x00B7,0x033E,0x00,0x40,0x04,200,10,200:4040:0087:03A2:012F|201:4040:0097:03A3:012F|202:4040:00BF:0345:012F|203:4040:00AF:0343:012F|204:4040:009F:0365:012F|205:4040:00BF:0344:011F|206:4040:00AF:0342:011F|207:4040:009F:0364:011F|208:4040:008F:0356:0124|209:4040:009F:0363:010F
round5_castle,0xDB,3188,0x0002,0x0003,0x0000,0x01,0x006D,0x0000,0x0001,actor_2c8,7,0x10C488,0x01,0xD3,0x00,0x00,0x02,0x00,0x00,0x012E,0x00B7,0x01CB,0x00,0x46,0x00,210,10,210:4046:0097:01CB:012F|211:4046:0097:01CC:011F|212:4046:00A7:01CD:012F|213:4046:00A7:01CE:011F|214:4046:00B7:01F2:012F|215:4046:00B7:01F3:011F
round5_castle,0xDB,3192,0x0002,0x0004,0x0000,0x01,0x006D,0x0000,0x0001,actor_2c8,6,0x10C448,0x01,0x94,0x00,0x00,0x02,0x00,0x00,0x012C,0x00B7,0x033E,0x00,0x40,0x04,200,10,200:4040:0087:03A2:012B|201:4040:0097:03A3:012B|202:4040:00BF:0345:012B|203:4040:00AF:0343:012B|204:4040:009F:0365:012B|205:4040:00BF:0344:011B|206:4040:00AF:0342:011B|207:4040:009F:0364:011B|208:4040:008F:0356:0120|209:4040:009F:0363:010B
round5_castle,0xDB,3192,0x0002,0x0004,0x0000,0x01,0x006D,0x0000,0x0001,actor_2c8,7,0x10C488,0x01,0xD3,0x00,0x00,0x02,0x00,0x00,0x012A,0x00B7,0x01CB,0x00,0x46,0x00,210,10,210:4046:0097:01CB:012B|211:4046:0097:01CC:011B|212:4046:00A7:01CD:012B|213:4046:00A7:01CE:011B|214:4046:00B7:01F2:012B|215:4046:00B7:01F3:011B
round5_castle,0xDB,3194,0x0002,0x0000,0x0000,0x01,0x006D,0x0000,0x0001,actor_2c8,6,0x10C448,0x01,0x94,0x00,0x00,0x02,0x00,0x00,0x012C,0x00B7,0x033E,0x00,0x40,0x04,200,10,200:0000:0100:0000:0100|201:0000:0100:0000:0100|202:0000:0100:0000:0100|203:0000:0100:0000:0100|204:0000:0100:0000:0100|205:0000:0100:0000:0100|206:0000:0100:0000:0100|207:0000:0100:0000:0100|208:0000:0100:0000:0100|209:0000:0100:0000:0100
round5_castle,0xDB,3194,0x0002,0x0000,0x0000,0x01,0x006D,0x0000,0x0001,actor_2c8,7,0x10C488,0x01,0xD3,0x00,0x00,0x02,0x00,0x00,0x012A,0x00B7,0x01CB,0x00,0x46,0x00,210,10,210:0000:0100:0000:0100|211:0000:0100:0000:0100|212:0000:0100:0000:0100|213:0000:0100:0000:0100|214:0000:0100:0000:0100|215:0000:0100:0000:0100|216:0000:0100:0000:0100|217:0000:0100:0000:0100|218:0000:0100:0000:0100|219:0000:0100:0000:0100
round5_castle,0xDB,3616,0x0002,0x0003,0x0000,0x01,0x006D,0x0000,0x0001,actor_2c8,5,0x10C408,0x01,0xD0,0x01,0x00,0x01,0x00,0x00,0x01F9,0x0076,0x01CB,0x00,0x46,0x00,190,10,
round5_castle,0xDB,3618,0x0002,0x0003,0x0000,0x01,0x006D,0x0000,0x0001,actor_2c8,4,0x10C3C8,0x01,0x93,0x01,0x00,0x01,0x00,0x00,0x01F7,0x0074,0x033E,0x00,0x40,0x03,180,10,180:0040:0045:0334:01E8|181:0040:0055:0335:01E8|182:0040:007D:0341:01E8|183:0040:006D:033F:01E8|184:0040:005D:0365:01E8|185:0040:007D:0340:01F8|186:0040:006D:033E:01F8|187:0040:005D:0364:01F8|188:0040:004D:0356:01F3|189:0040:005D:0363:0208
round5_castle,0xDB,3618,0x0002,0x0003,0x0000,0x01,0x006D,0x0000,0x0001,actor_2c8,5,0x10C408,0x01,0xD0,0x01,0x00,0x01,0x00,0x00,0x01F9,0x0074,0x01CB,0x00,0x46,0x00,190,10,190:0046:0055:01CB:01E8|191:0046:0055:01CC:01F8|192:0046:0065:01CD:01E8|193:0046:0065:01CE:01F8|194:0046:0075:01F4:01E8|195:0046:0075:01F5:01F8
round5_castle,0xDB,3620,0x0002,0x0003,0x0000,0x01,0x006D,0x0000,0x0001,actor_2c8,4,0x10C3C8,0x01,0x93,0x01,0x00,0x01,0x00,0x00,0x01F7,0x0072,0x033E,0x00,0x40,0x03,180,10,180:0040:0043:0334:01E8|181:0040:0053:0335:01E8|182:0040:007B:0341:01E8|183:0040:006B:033F:01E8|184:0040:005B:0365:01E8|185:0040:007B:0340:01F8|186:0040:006B:033E:01F8|187:0040:005B:0364:01F8|188:0040:004B:0356:01F3|189:0040:005B:0363:0208
round5_castle,0xDB,3620,0x0002,0x0003,0x0000,0x01,0x006D,0x0000,0x0001,actor_2c8,5,0x10C408,0x01,0xD0,0x01,0x00,0x01,0x00,0x00,0x01F9,0x0072,0x01CB,0x00,0x46,0x00,190,10,190:0046:0053:01CB:01E8|191:0046:0053:01CC:01F8|192:0046:0063:01CD:01E8|193:0046:0063:01CE:01F8|194:0046:0073:01F4:01E8|195:0046:0073:01F5:01F8
round5_castle,0xDB,3622,0x0002,0x0003,0x0000,0x01,0x006D,0x0000,0x0001,actor_2c8,4,0x10C3C8,0x01,0x93,0x01,0x00,0x01,0x00,0x00,0x01F7,0x0070,0x033E,0x00,0x40,0x03,180,10,180:0040:0041:0334:01E8|181:0040:0051:0335:01E8|182:0040:0079:0341:01E8|183:0040:0069:033F:01E8|184:0040:0059:0365:01E8|185:0040:0079:0340:01F8|186:0040:0069:033E:01F8|187:0040:0059:0364:01F8|188:0040:0049:0356:01F3|189:0040:0059:0363:0208
round5_castle,0xDB,3622,0x0002,0x0003,0x0000,0x01,0x006D,0x0000,0x0001,actor_2c8,5,0x10C408,0x01,0xD0,0x01,0x00,0x01,0x00,0x00,0x01F9,0x0070,0x01CB,0x00,0x46,0x00,190,10,190:0046:0051:01CB:01E8|191:0046:0051:01CC:01F8|192:0046:0061:01CD:01E8|193:0046:0061:01CE:01F8|194:0046:0071:01F4:01E8|195:0046:0071:01F5:01F8
round5_castle,0xDB,3624,0x0002,0x0003,0x0000,0x01,0x006D,0x0000,0x0001,actor_2c8,4,0x10C3C8,0x01,0x94,0x01,0x00,0x01,0x00,0x00,0x01F7,0x006E,0x033E,0x00,0x40,0x03,180,10,180:0040:003F:0334:01E8|181:0040:004F:0335:01E8|182:0040:0077:0341:01E8|183:0040:0067:033F:01E8|184:0040:0057:0365:01E8|185:0040:0077:0340:01F8|186:0040:0067:033E:01F8|187:0040:0057:0364:01F8|188:0040:0047:0356:01F3|189:0040:0057:0363:0208
round5_castle,0xDB,3624,0x0002,0x0003,0x0000,0x01,0x006D,0x0000,0x0001,actor_2c8,5,0x10C408,0x01,0xD1,0x01,0x00,0x01,0x00,0x00,0x01F7,0x006E,0x01CB,0x00,0x46,0x00,190,10,190:0046:004F:01CB:01E8|191:0046:004F:01CC:01F8|192:0046:005F:01CD:01E8|193:0046:005F:01CE:01F8|194:0046:006F:01F4:01E8|195:0046:006F:01F5:01F8
round5_castle,0xDB,3624,0x0002,0x0003,0x0000,0x01,0x006D,0x0000,0x0001,actor_2c8,7,0x10C488,0x01,0xD1,0x00,0x00,0x02,0x00,0x00,0x014D,0x00EE,0x01CB,0x00,0x46,0x00,210,10,
round5_castle,0xDB,3626,0x0002,0x0003,0x0000,0x01,0x006D,0x0000,0x0001,actor_2c8,4,0x10C3C8,0x01,0x94,0x01,0x00,0x01,0x00,0x00,0x01F7,0x006C,0x033E,0x00,0x40,0x03,180,10,180:0040:003D:0334:01E6|181:0040:004D:0335:01E6|182:0040:0075:0345:01E6|183:0040:0065:0343:01E6|184:0040:0055:0365:01E6|185:0040:0075:0344:01F6|186:0040:0065:0342:01F6|187:0040:0055:0364:01F6|188:0040:0045:0356:01F1|189:0040:0055:0363:0206
round5_castle,0xDB,3626,0x0002,0x0003,0x0000,0x01,0x006D,0x0000,0x0001,actor_2c8,5,0x10C408,0x01,0xD1,0x01,0x00,0x01,0x00,0x00,0x01F7,0x006C,0x01CB,0x00,0x46,0x00,190,10,190:0046:004D:01CB:01E8|191:0046:004D:01CC:01F8|192:0046:005D:01CD:01E8|193:0046:005D:01CE:01F8|194:0046:006D:01EE:01E8|195:0046:006D:01EF:01F8
round5_castle,0xDB,3626,0x0002,0x0003,0x0000,0x01,0x006D,0x0000,0x0001,actor_2c8,6,0x10C448,0x01,0x94,0x00,0x00,0x02,0x00,0x00,0x014B,0x00EC,0x033E,0x00,0x40,0x04,200,10,200:4040:00BD:03A2:014B|201:4040:00CD:03A3:014B|202:4040:00F5:0345:014B|203:4040:00E5:0343:014B|204:4040:00D5:0365:014B|205:4040:00F5:0344:013B|206:4040:00E5:0342:013B|207:4040:00D5:0364:013B|208:4040:00C5:0356:0140|209:4040:00D5:0363:012B
round5_castle,0xDB,3626,0x0002,0x0003,0x0000,0x01,0x006D,0x0000,0x0001,actor_2c8,7,0x10C488,0x01,0xD1,0x00,0x00,0x02,0x00,0x00,0x0149,0x00EC,0x01CB,0x00,0x46,0x00,210,10,210:4046:00CD:01CB:014B|211:4046:00CD:01CC:013B|212:4046:00DD:01CD:014B|213:4046:00DD:01CE:013B|214:4046:00ED:01EE:014B|215:4046:00ED:01EF:013B
round5_castle,0xDB,3626,0x0002,0x0003,0x0000,0x01,0x006D,0x0000,0x0001,actor_2c8,8,0x10C4C8,0x01,0x94,0x00,0x00,0x02,0x00,0x00,0x014B,0x00EC,0x033E,0x00,0x40,0x03,220,19,220:4040:00BD:0334:014B|221:4040:00CD:0335:014B|222:4040:00F5:0345:014B|223:4040:00E5:0343:014B|224:4040:00D5:0365:014B|225:4040:00F5:0344:013B|226:4040:00E5:0342:013B|227:4040:00D5:0364:013B|228:4040:00C5:0356:0140|229:4040:00D5:0363:012B
round5_castle,0xDB,3628,0x0002,0x0003,0x0000,0x01,0x006D,0x0000,0x0001,actor_2c8,4,0x10C3C8,0x01,0x94,0x01,0x00,0x01,0x00,0x00,0x01F7,0x006A,0x033E,0x00,0x40,0x03,180,10,180:0040:003B:0334:01E6|181:0040:004B:0335:01E6|182:0040:0073:0345:01E6|183:0040:0063:0343:01E6|184:0040:0053:0365:01E6|185:0040:0073:0344:01F6|186:0040:0063:0342:01F6|187:0040:0053:0364:01F6|188:0040:0043:0356:01F1|189:0040:0053:0363:0206
round5_castle,0xDB,3628,0x0002,0x0003,0x0000,0x01,0x006D,0x0000,0x0001,actor_2c8,5,0x10C408,0x01,0xD1,0x01,0x00,0x01,0x00,0x00,0x01F7,0x006A,0x01CB,0x00,0x46,0x00,190,10,190:0046:004B:01CB:01E8|191:0046:004B:01CC:01F8|192:0046:005B:01CD:01E8|193:0046:005B:01CE:01F8|194:0046:006B:01EE:01E8|195:0046:006B:01EF:01F8
round5_castle,0xDB,3628,0x0002,0x0003,0x0000,0x01,0x006D,0x0000,0x0001,actor_2c8,6,0x10C448,0x01,0x94,0x00,0x00,0x02,0x00,0x00,0x0147,0x00EA,0x033E,0x00,0x40,0x04,200,10,200:4040:00BB:03A2:0147|201:4040:00CB:03A3:0147|202:4040:00F3:0345:0147|203:4040:00E3:0343:0147|204:4040:00D3:0365:0147|205:4040:00F3:0344:0137|206:4040:00E3:0342:0137|207:4040:00D3:0364:0137|208:4040:00C3:0356:013C|209:4040:00D3:0363:0127
round5_castle,0xDB,3628,0x0002,0x0003,0x0000,0x01,0x006D,0x0000,0x0001,actor_2c8,7,0x10C488,0x01,0xD1,0x00,0x00,0x02,0x00,0x00,0x0145,0x00EA,0x01CB,0x00,0x46,0x00,210,10,210:4046:00CB:01CB:0147|211:4046:00CB:01CC:0137|212:4046:00DB:01CD:0147|213:4046:00DB:01CE:0137|214:4046:00EB:01EE:0147|215:4046:00EB:01EF:0137
round5_castle,0xDB,3628,0x0002,0x0003,0x0000,0x01,0x006D,0x0000,0x0001,actor_2c8,8,0x10C4C8,0x01,0x94,0x00,0x00,0x02,0x00,0x00,0x0147,0x00EA,0x033E,0x00,0x40,0x03,220,19,220:4040:00BB:0334:0147|221:4040:00CB:0335:0147|222:4040:00F3:0345:0147|223:4040:00E3:0343:0147|224:4040:00D3:0365:0147|225:4040:00F3:0344:0137|226:4040:00E3:0342:0137|227:4040:00D3:0364:0137|228:4040:00C3:0356:013C|229:4040:00D3:0363:0127
round5_castle,0xDB,3630,0x0002,0x0003,0x0000,0x01,0x006D,0x0000,0x0001,actor_2c8,4,0x10C3C8,0x01,0x94,0x01,0x00,0x01,0x00,0x00,0x01F7,0x0068,0x033E,0x00,0x40,0x03,180,10,180:0040:0039:0334:01E6|181:0040:0049:0335:01E6|182:0040:0071:0345:01E6|183:0040:0061:0343:01E6|184:0040:0051:0365:01E6|185:0040:0071:0344:01F6|186:0040:0061:0342:01F6|187:0040:0051:0364:01F6|188:0040:0041:0356:01F1|189:0040:0051:0363:0206
round5_castle,0xDB,3630,0x0002,0x0003,0x0000,0x01,0x006D,0x0000,0x0001,actor_2c8,5,0x10C408,0x01,0xD1,0x01,0x00,0x01,0x00,0x00,0x01F7,0x0068,0x01CB,0x00,0x46,0x00,190,10,190:0046:0049:01CB:01E8|191:0046:0049:01CC:01F8|192:0046:0059:01CD:01E8|193:0046:0059:01CE:01F8|194:0046:0069:01EE:01E8|195:0046:0069:01EF:01F8
round5_castle,0xDB,3630,0x0002,0x0003,0x0000,0x01,0x006D,0x0000,0x0001,actor_2c8,6,0x10C448,0x01,0x94,0x00,0x00,0x02,0x00,0x00,0x0143,0x00E8,0x033E,0x00,0x40,0x04,200,10,200:4040:00B9:03A2:0143|201:4040:00C9:03A3:0143|202:4040:00F1:0345:0143|203:4040:00E1:0343:0143|204:4040:00D1:0365:0143|205:4040:00F1:0344:0133|206:4040:00E1:0342:0133|207:4040:00D1:0364:0133|208:4040:00C1:0356:0138|209:4040:00D1:0363:0123
round5_castle,0xDB,3630,0x0002,0x0003,0x0000,0x01,0x006D,0x0000,0x0001,actor_2c8,7,0x10C488,0x01,0xD1,0x00,0x00,0x02,0x00,0x00,0x0141,0x00E8,0x01CB,0x00,0x46,0x00,210,10,210:4046:00C9:01CB:0143|211:4046:00C9:01CC:0133|212:4046:00D9:01CD:0143|213:4046:00D9:01CE:0133|214:4046:00E9:01EE:0143|215:4046:00E9:01EF:0133
round5_castle,0xDB,3630,0x0002,0x0003,0x0000,0x01,0x006D,0x0000,0x0001,actor_2c8,8,0x10C4C8,0x01,0x94,0x00,0x00,0x02,0x00,0x00,0x0143,0x00E8,0x033E,0x00,0x40,0x03,220,19,220:4040:00B9:0334:0143|221:4040:00C9:0335:0143|222:4040:00F1:0345:0143|223:4040:00E1:0343:0143|224:4040:00D1:0365:0143|225:4040:00F1:0344:0133|226:4040:00E1:0342:0133|227:4040:00D1:0364:0133|228:4040:00C1:0356:0138|229:4040:00D1:0363:0123
round5_castle,0xDB,3632,0x0002,0x0003,0x0000,0x01,0x006D,0x0000,0x0001,actor_2c8,4,0x10C3C8,0x01,0x95,0x01,0x00,0x01,0x00,0x00,0x01F7,0x0066,0x033E,0x00,0x40,0x03,180,10,180:0040:0037:0334:01E6|181:0040:0047:0335:01E6|182:0040:006F:0345:01E6|183:0040:005F:0343:01E6|184:0040:004F:0365:01E6|185:0040:006F:0344:01F6|186:0040:005F:0342:01F6|187:0040:004F:0364:01F6|188:0040:003F:0356:01F1|189:0040:004F:0363:0206
round5_castle,0xDB,3632,0x0002,0x0003,0x0000,0x01,0x006D,0x0000,0x0001,actor_2c8,5,0x10C408,0x01,0xD2,0x01,0x00,0x01,0x00,0x00,0x01F7,0x0066,0x01CB,0x00,0x46,0x00,190,10,190:0046:0047:01CB:01E8|191:0046:0047:01CC:01F8|192:0046:0057:01CD:01E8|193:0046:0057:01CE:01F8|194:0046:0067:01EE:01E8|195:0046:0067:01EF:01F8
round5_castle,0xDB,3632,0x0002,0x0003,0x0000,0x01,0x006D,0x0000,0x0001,actor_2c8,6,0x10C448,0x01,0x95,0x00,0x00,0x02,0x00,0x00,0x013F,0x00E6,0x033E,0x00,0x40,0x04,200,10,200:4040:00B7:03A2:013F|201:4040:00C7:03A3:013F|202:4040:00EF:0345:013F|203:4040:00DF:0343:013F|204:4040:00CF:0365:013F|205:4040:00EF:0344:012F|206:4040:00DF:0342:012F|207:4040:00CF:0364:012F|208:4040:00BF:0356:0134|209:4040:00CF:0363:011F
round5_castle,0xDB,3632,0x0002,0x0003,0x0000,0x01,0x006D,0x0000,0x0001,actor_2c8,7,0x10C488,0x01,0xD2,0x00,0x00,0x02,0x00,0x00,0x013F,0x00E6,0x01CB,0x00,0x46,0x00,210,10,210:4046:00C7:01CB:013F|211:4046:00C7:01CC:012F|212:4046:00D7:01CD:013F|213:4046:00D7:01CE:012F|214:4046:00E7:01EE:013F|215:4046:00E7:01EF:012F
round5_castle,0xDB,3632,0x0002,0x0003,0x0000,0x01,0x006D,0x0000,0x0001,actor_2c8,8,0x10C4C8,0x01,0x95,0x00,0x00,0x02,0x00,0x00,0x013F,0x00E6,0x033E,0x00,0x40,0x03,220,19,220:4040:00B7:0334:013F|221:4040:00C7:0335:013F|222:4040:00EF:0345:013F|223:4040:00DF:0343:013F|224:4040:00CF:0365:013F|225:4040:00EF:0344:012F|226:4040:00DF:0342:012F|227:4040:00CF:0364:012F|228:4040:00BF:0356:0134|229:4040:00CF:0363:011F
round5_castle,0xDB,3634,0x0002,0x0003,0x0000,0x01,0x006D,0x0000,0x0001,actor_2c8,4,0x10C3C8,0x01,0x95,0x01,0x00,0x01,0x00,0x00,0x01F5,0x0064,0x033E,0x00,0x40,0x03,180,10,180:0040:0035:0334:01E6|181:0040:0045:0335:01E6|182:0040:006D:0349:01E6|183:0040:005D:0347:01E6|184:0040:004D:0365:01E6|185:0040:006D:0348:01F6|186:0040:005D:0346:01F6|187:0040:004D:0364:01F6|188:0040:003D:0356:01F1|189:0040:004D:0363:0206
round5_castle,0xDB,3634,0x0002,0x0003,0x0000,0x01,0x006D,0x0000,0x0001,actor_2c8,5,0x10C408,0x01,0xD2,0x01,0x00,0x01,0x00,0x00,0x01F7,0x0064,0x01CB,0x00,0x46,0x00,190,10,190:0046:0045:01CB:01E6|191:0046:0045:01CC:01F6|192:0046:0055:01CD:01E6|193:0046:0055:01CE:01F6|194:0046:0065:01F0:01E6|195:0046:0065:01F1:01F6
round5_castle,0xDB,3634,0x0002,0x0003,0x0000,0x01,0x006D,0x0000,0x0001,actor_2c8,6,0x10C448,0x01,0x95,0x01,0x00,0x01,0x00,0x00,0x013F,0x00E4,0x033E,0x00,0x40,0x04,200,10,200:4040:00B5:03A2:013D|201:4040:00C5:03A3:013D|202:4040:00ED:0349:013D|203:4040:00DD:0347:013D|204:4040:00CD:0365:013D|205:4040:00ED:0348:012D|206:4040:00DD:0346:012D|207:4040:00CD:0364:012D|208:4040:00BD:0356:0132|209:4040:00CD:0363:011D
round5_castle,0xDB,3634,0x0002,0x0003,0x0000,0x01,0x006D,0x0000,0x0001,actor_2c8,7,0x10C488,0x01,0xD2,0x01,0x00,0x01,0x00,0x00,0x013F,0x00E4,0x01CB,0x00,0x46,0x00,210,10,210:0046:00C5:01CB:0130|211:0046:00C5:01CC:0140|212:0046:00D5:01CD:0130|213:0046:00D5:01CE:0140|214:0046:00E5:01F0:0130|215:0046:00E5:01F1:0140
round5_castle,0xDB,3634,0x0002,0x0003,0x0000,0x01,0x006D,0x0000,0x0001,actor_2c8,8,0x10C4C8,0x01,0x95,0x01,0x00,0x01,0x00,0x00,0x013F,0x00E4,0x033E,0x00,0x40,0x03,220,19,220:4040:00B5:0334:013D|221:4040:00C5:0335:013D|222:4040:00ED:0349:013D|223:4040:00DD:0347:013D|224:4040:00CD:0365:013D|225:4040:00ED:0348:012D|226:4040:00DD:0346:012D|227:4040:00CD:0364:012D|228:4040:00BD:0356:0132|229:4040:00CD:0363:011D
round5_castle,0xDB,3636,0x0002,0x0003,0x0000,0x01,0x006D,0x0000,0x0001,actor_2c8,4,0x10C3C8,0x01,0x95,0x01,0x00,0x01,0x00,0x00,0x01F5,0x0062,0x033E,0x00,0x40,0x03,180,10,180:0040:0033:0334:01E6|181:0040:0043:0335:01E6|182:0040:006B:0349:01E6|183:0040:005B:0347:01E6|184:0040:004B:0365:01E6|185:0040:006B:0348:01F6|186:0040:005B:0346:01F6|187:0040:004B:0364:01F6|188:0040:003B:0356:01F1|189:0040:004B:0363:0206
round5_castle,0xDB,3636,0x0002,0x0003,0x0000,0x01,0x006D,0x0000,0x0001,actor_2c8,5,0x10C408,0x01,0xD2,0x01,0x00,0x01,0x00,0x00,0x01F7,0x0062,0x01CB,0x00,0x46,0x00,190,10,190:0046:0043:01CB:01E6|191:0046:0043:01CC:01F6|192:0046:0053:01CD:01E6|193:0046:0053:01CE:01F6|194:0046:0063:01F0:01E6|195:0046:0063:01F1:01F6
round5_castle,0xDB,3636,0x0002,0x0003,0x0000,0x01,0x006D,0x0000,0x0001,actor_2c8,6,0x10C448,0x01,0x95,0x01,0x00,0x01,0x00,0x00,0x013F,0x00E2,0x033E,0x00,0x40,0x04,200,10,200:0040:00B3:03A2:012E|201:0040:00C3:03A3:012E|202:0040:00EB:0349:012E|203:0040:00DB:0347:012E|204:0040:00CB:0365:012E|205:0040:00EB:0348:013E|206:0040:00DB:0346:013E|207:0040:00CB:0364:013E|208:0040:00BB:0356:0139|209:0040:00CB:0363:014E
round5_castle,0xDB,3636,0x0002,0x0003,0x0000,0x01,0x006D,0x0000,0x0001,actor_2c8,7,0x10C488,0x01,0xD2,0x01,0x00,0x01,0x00,0x00,0x013F,0x00E2,0x01CB,0x00,0x46,0x00,210,10,210:0046:00C3:01CB:0130|211:0046:00C3:01CC:0140|212:0046:00D3:01CD:0130|213:0046:00D3:01CE:0140|214:0046:00E3:01F0:0130|215:0046:00E3:01F1:0140
round5_castle,0xDB,3636,0x0002,0x0003,0x0000,0x01,0x006D,0x0000,0x0001,actor_2c8,8,0x10C4C8,0x01,0x95,0x01,0x00,0x01,0x00,0x00,0x013F,0x00E2,0x033E,0x00,0x40,0x03,220,19,220:0040:00B3:0334:012E|221:0040:00C3:0335:012E|222:0040:00EB:0349:012E|223:0040:00DB:0347:012E|224:0040:00CB:0365:012E|225:0040:00EB:0348:013E|226:0040:00DB:0346:013E|227:0040:00CB:0364:013E|228:0040:00BB:0356:0139|229:0040:00CB:0363:014E
round5_castle,0xDB,3638,0x0002,0x0003,0x0000,0x01,0x006D,0x0000,0x0001,actor_2c8,4,0x10C3C8,0x01,0x95,0x01,0x00,0x01,0x00,0x00,0x01F5,0x0060,0x033E,0x00,0x40,0x03,180,10,180:0040:0031:0334:01E6|181:0040:0041:0335:01E6|182:0040:0069:0349:01E6|183:0040:0059:0347:01E6|184:0040:0049:0365:01E6|185:0040:0069:0348:01F6|186:0040:0059:0346:01F6|187:0040:0049:0364:01F6|188:0040:0039:0356:01F1|189:0040:0049:0363:0206
round5_castle,0xDB,3638,0x0002,0x0003,0x0000,0x01,0x006D,0x0000,0x0001,actor_2c8,5,0x10C408,0x01,0xD2,0x01,0x00,0x01,0x00,0x00,0x01F7,0x0060,0x01CB,0x00,0x46,0x00,190,10,190:0046:0041:01CB:01E6|191:0046:0041:01CC:01F6|192:0046:0051:01CD:01E6|193:0046:0051:01CE:01F6|194:0046:0061:01F0:01E6|195:0046:0061:01F1:01F6
round5_castle,0xDB,3638,0x0002,0x0003,0x0000,0x01,0x006D,0x0000,0x0001,actor_2c8,6,0x10C448,0x01,0x95,0x01,0x00,0x01,0x00,0x00,0x013F,0x00E0,0x033E,0x00,0x40,0x04,200,10,200:0040:00B1:03A2:012E|201:0040:00C1:03A3:012E|202:0040:00E9:0349:012E|203:0040:00D9:0347:012E|204:0040:00C9:0365:012E|205:0040:00E9:0348:013E|206:0040:00D9:0346:013E|207:0040:00C9:0364:013E|208:0040:00B9:0356:0139|209:0040:00C9:0363:014E
round5_castle,0xDB,3638,0x0002,0x0003,0x0000,0x01,0x006D,0x0000,0x0001,actor_2c8,7,0x10C488,0x01,0xD2,0x01,0x00,0x01,0x00,0x00,0x013F,0x00E0,0x01CB,0x00,0x46,0x00,210,10,210:0046:00C1:01CB:0130|211:0046:00C1:01CC:0140|212:0046:00D1:01CD:0130|213:0046:00D1:01CE:0140|214:0046:00E1:01F0:0130|215:0046:00E1:01F1:0140
round5_castle,0xDB,3638,0x0002,0x0003,0x0000,0x01,0x006D,0x0000,0x0001,actor_2c8,8,0x10C4C8,0x01,0x95,0x01,0x00,0x01,0x00,0x00,0x013F,0x00E0,0x033E,0x00,0x40,0x03,220,19,220:0040:00B1:0334:012E|221:0040:00C1:0335:012E|222:0040:00E9:0349:012E|223:0040:00D9:0347:012E|224:0040:00C9:0365:012E|225:0040:00E9:0348:013E|226:0040:00D9:0346:013E|227:0040:00C9:0364:013E|228:0040:00B9:0356:0139|229:0040:00C9:0363:014E
round5_castle,0xDB,3640,0x0002,0x0003,0x0000,0x01,0x006D,0x0000,0x0001,actor_2c8,4,0x10C3C8,0x01,0x94,0x01,0x00,0x01,0x00,0x00,0x01F5,0x005E,0x033E,0x00,0x40,0x03,180,10,180:0040:002F:0334:01E6|181:0040:003F:0335:01E6|182:0040:0067:0349:01E6|183:0040:0057:0347:01E6|184:0040:0047:0365:01E6|185:0040:0067:0348:01F6|186:0040:0057:0346:01F6|187:0040:0047:0364:01F6|188:0040:0037:0356:01F1|189:0040:0047:0363:0206
round5_castle,0xDB,3640,0x0002,0x0003,0x0000,0x01,0x006D,0x0000,0x0001,actor_2c8,5,0x10C408,0x01,0xD3,0x01,0x00,0x01,0x00,0x00,0x01F7,0x005E,0x01CB,0x00,0x46,0x00,190,10,190:0046:003F:01CB:01E6|191:0046:003F:01CC:01F6|192:0046:004F:01CD:01E6|193:0046:004F:01CE:01F6|194:0046:005F:01F0:01E6|195:0046:005F:01F1:01F6
round5_castle,0xDB,3640,0x0002,0x0003,0x0000,0x01,0x006D,0x0000,0x0001,actor_2c8,6,0x10C448,0x01,0x94,0x01,0x00,0x01,0x00,0x00,0x013F,0x00DE,0x033E,0x00,0x40,0x04,200,10,200:0040:00AF:03A2:012E|201:0040:00BF:03A3:012E|202:0040:00E7:0349:012E|203:0040:00D7:0347:012E|204:0040:00C7:0365:012E|205:0040:00E7:0348:013E|206:0040:00D7:0346:013E|207:0040:00C7:0364:013E|208:0040:00B7:0356:0139|209:0040:00C7:0363:014E
round5_castle,0xDB,3640,0x0002,0x0003,0x0000,0x01,0x006D,0x0000,0x0001,actor_2c8,7,0x10C488,0x01,0xD3,0x01,0x00,0x01,0x00,0x00,0x013F,0x00DE,0x01CB,0x00,0x46,0x00,210,10,210:0046:00BF:01CB:0130|211:0046:00BF:01CC:0140|212:0046:00CF:01CD:0130|213:0046:00CF:01CE:0140|214:0046:00DF:01F0:0130|215:0046:00DF:01F1:0140
round5_castle,0xDB,3640,0x0002,0x0003,0x0000,0x01,0x006D,0x0000,0x0001,actor_2c8,8,0x10C4C8,0x01,0x94,0x01,0x00,0x01,0x00,0x00,0x013F,0x00DE,0x033E,0x00,0x40,0x03,220,19,220:0040:00AF:0334:012E|221:0040:00BF:0335:012E|222:0040:00E7:0349:012E|223:0040:00D7:0347:012E|224:0040:00C7:0365:012E|225:0040:00E7:0348:013E|226:0040:00D7:0346:013E|227:0040:00C7:0364:013E|228:0040:00B7:0356:0139|229:0040:00C7:0363:014E
round5_castle,0xDB,3642,0x0002,0x0003,0x0000,0x01,0x006D,0x0000,0x0001,actor_2c8,4,0x10C3C8,0x01,0x94,0x01,0x00,0x01,0x00,0x00,0x01F5,0x005C,0x033E,0x00,0x40,0x03,180,10,180:0040:002D:0334:01E6|181:0040:003D:0335:01E6|182:0040:0065:0345:01E6|183:0040:0055:0343:01E6|184:0040:0045:0365:01E6|185:0040:0065:0344:01F6|186:0040:0055:0342:01F6|187:0040:0045:0364:01F6|188:0040:0035:0356:01F1|189:0040:0045:0363:0206
round5_castle,0xDB,3642,0x0002,0x0003,0x0000,0x01,0x006D,0x0000,0x0001,actor_2c8,5,0x10C408,0x01,0xD3,0x01,0x00,0x01,0x00,0x00,0x01F5,0x005C,0x01CB,0x00,0x46,0x00,190,10,190:0046:003D:01CB:01E6|191:0046:003D:01CC:01F6|192:0046:004D:01CD:01E6|193:0046:004D:01CE:01F6|194:0046:005D:01F2:01E6|195:0046:005D:01F3:01F6
round5_castle,0xDB,3642,0x0002,0x0003,0x0000,0x01,0x006D,0x0000,0x0001,actor_2c8,6,0x10C448,0x01,0x94,0x01,0x00,0x01,0x00,0x00,0x013D,0x00DC,0x033E,0x00,0x40,0x04,200,10,200:0040:00AD:03A2:012E|201:0040:00BD:03A3:012E|202:0040:00E5:0345:012E|203:0040:00D5:0343:012E|204:0040:00C5:0365:012E|205:0040:00E5:0344:013E|206:0040:00D5:0342:013E|207:0040:00C5:0364:013E|208:0040:00B5:0356:0139|209:0040:00C5:0363:014E
round5_castle,0xDB,3642,0x0002,0x0003,0x0000,0x01,0x006D,0x0000,0x0001,actor_2c8,7,0x10C488,0x01,0xD3,0x01,0x00,0x01,0x00,0x00,0x013F,0x00DC,0x01CB,0x00,0x46,0x00,210,10,210:0046:00BD:01CB:012E|211:0046:00BD:01CC:013E|212:0046:00CD:01CD:012E|213:0046:00CD:01CE:013E|214:0046:00DD:01F2:012E|215:0046:00DD:01F3:013E
round5_castle,0xDB,3642,0x0002,0x0003,0x0000,0x01,0x006D,0x0000,0x0001,actor_2c8,8,0x10C4C8,0x01,0x94,0x01,0x00,0x01,0x00,0x00,0x013D,0x00DC,0x033E,0x00,0x40,0x03,220,19,220:0040:00AD:0334:012E|221:0040:00BD:0335:012E|222:0040:00E5:0345:012E|223:0040:00D5:0343:012E|224:0040:00C5:0365:012E|225:0040:00E5:0344:013E|226:0040:00D5:0342:013E|227:0040:00C5:0364:013E|228:0040:00B5:0356:0139|229:0040:00C5:0363:014E
round5_castle,0xDB,3644,0x0002,0x0003,0x0000,0x01,0x006D,0x0000,0x0001,actor_2c8,4,0x10C3C8,0x01,0x94,0x01,0x00,0x01,0x00,0x00,0x01F5,0x005A,0x033E,0x00,0x40,0x03,180,10,180:0040:002B:0334:01E4|181:0040:003B:0335:01E4|182:0040:0063:0345:01E4|183:0040:0053:0343:01E4|184:0040:0043:0365:01E4|185:0040:0063:0344:01F4|186:0040:0053:0342:01F4|187:0040:0043:0364:01F4|188:0040:0033:0356:01EF|189:0040:0043:0363:0204
round5_castle,0xDB,3644,0x0002,0x0003,0x0000,0x01,0x006D,0x0000,0x0001,actor_2c8,5,0x10C408,0x01,0xD3,0x01,0x00,0x01,0x00,0x00,0x01F5,0x005A,0x01CB,0x00,0x46,0x00,190,10,190:0046:003B:01CB:01E6|191:0046:003B:01CC:01F6|192:0046:004B:01CD:01E6|193:0046:004B:01CE:01F6|194:0046:005B:01F2:01E6|195:0046:005B:01F3:01F6
round5_castle,0xDB,3644,0x0002,0x0003,0x0000,0x01,0x006D,0x0000,0x0001,actor_2c8,6,0x10C448,0x01,0x94,0x01,0x00,0x01,0x00,0x00,0x013D,0x00DA,0x033E,0x00,0x40,0x04,200,10,200:0040:00AB:03A2:012E|201:0040:00BB:03A3:012E|202:0040:00E3:0345:012E|203:0040:00D3:0343:012E|204:0040:00C3:0365:012E|205:0040:00E3:0344:013E|206:0040:00D3:0342:013E|207:0040:00C3:0364:013E|208:0040:00B3:0356:0139|209:0040:00C3:0363:014E
round5_castle,0xDB,3644,0x0002,0x0003,0x0000,0x01,0x006D,0x0000,0x0001,actor_2c8,7,0x10C488,0x01,0xD3,0x01,0x00,0x01,0x00,0x00,0x013F,0x00DA,0x01CB,0x00,0x46,0x00,210,10,210:0046:00BB:01CB:012E|211:0046:00BB:01CC:013E|212:0046:00CB:01CD:012E|213:0046:00CB:01CE:013E|214:0046:00DB:01F2:012E|215:0046:00DB:01F3:013E
round5_castle,0xDB,3644,0x0002,0x0003,0x0000,0x01,0x006D,0x0000,0x0001,actor_2c8,8,0x10C4C8,0x01,0x94,0x01,0x00,0x01,0x00,0x00,0x013D,0x00DA,0x033E,0x00,0x40,0x03,220,19,220:0040:00AB:0334:012E|221:0040:00BB:0335:012E|222:0040:00E3:0345:012E|223:0040:00D3:0343:012E|224:0040:00C3:0365:012E|225:0040:00E3:0344:013E|226:0040:00D3:0342:013E|227:0040:00C3:0364:013E|228:0040:00B3:0356:0139|229:0040:00C3:0363:014E
round5_castle,0xDB,3646,0x0002,0x0003,0x0000,0x01,0x006D,0x0000,0x0001,actor_2c8,4,0x10C3C8,0x01,0x94,0x01,0x00,0x01,0x00,0x00,0x01F5,0x0058,0x033E,0x00,0x40,0x03,180,10,180:0040:0029:0334:01E4|181:0040:0039:0335:01E4|182:0040:0061:0345:01E4|183:0040:0051:0343:01E4|184:0040:0041:0365:01E4|185:0040:0061:0344:01F4|186:0040:0051:0342:01F4|187:0040:0041:0364:01F4|188:0040:0031:0356:01EF|189:0040:0041:0363:0204
round5_castle,0xDB,3646,0x0002,0x0003,0x0000,0x01,0x006D,0x0000,0x0001,actor_2c8,5,0x10C408,0x01,0xD3,0x01,0x00,0x01,0x00,0x00,0x01F5,0x0058,0x01CB,0x00,0x46,0x00,190,10,190:0046:0039:01CB:01E6|191:0046:0039:01CC:01F6|192:0046:0049:01CD:01E6|193:0046:0049:01CE:01F6|194:0046:0059:01F2:01E6|195:0046:0059:01F3:01F6
round5_castle,0xDB,3646,0x0002,0x0003,0x0000,0x01,0x006D,0x0000,0x0001,actor_2c8,6,0x10C448,0x01,0x94,0x01,0x00,0x01,0x00,0x00,0x013D,0x00D8,0x033E,0x00,0x40,0x04,200,10,200:0040:00A9:03A2:012E|201:0040:00B9:03A3:012E|202:0040:00E1:0345:012E|203:0040:00D1:0343:012E|204:0040:00C1:0365:012E|205:0040:00E1:0344:013E|206:0040:00D1:0342:013E|207:0040:00C1:0364:013E|208:0040:00B1:0356:0139|209:0040:00C1:0363:014E
round5_castle,0xDB,3646,0x0002,0x0003,0x0000,0x01,0x006D,0x0000,0x0001,actor_2c8,7,0x10C488,0x01,0xD3,0x01,0x00,0x01,0x00,0x00,0x013F,0x00D8,0x01CB,0x00,0x46,0x00,210,10,210:0046:00B9:01CB:012E|211:0046:00B9:01CC:013E|212:0046:00C9:01CD:012E|213:0046:00C9:01CE:013E|214:0046:00D9:01F2:012E|215:0046:00D9:01F3:013E
round5_castle,0xDB,3646,0x0002,0x0003,0x0000,0x01,0x006D,0x0000,0x0001,actor_2c8,8,0x10C4C8,0x01,0x94,0x01,0x00,0x01,0x00,0x00,0x013D,0x00D8,0x033E,0x00,0x40,0x03,220,19,220:0040:00A9:0334:012E|221:0040:00B9:0335:012E|222:0040:00E1:0345:012E|223:0040:00D1:0343:012E|224:0040:00C1:0365:012E|225:0040:00E1:0344:013E|226:0040:00D1:0342:013E|227:0040:00C1:0364:013E|228:0040:00B1:0356:0139|229:0040:00C1:0363:014E
round5_castle,0xDB,3648,0x0002,0x0003,0x0000,0x01,0x006D,0x0000,0x0001,actor_2c8,4,0x10C3C8,0x01,0x93,0x01,0x00,0x01,0x00,0x00,0x01F5,0x0056,0x033E,0x00,0x40,0x03,180,10,180:0040:0027:0334:01E4|181:0040:0037:0335:01E4|182:0040:005F:0345:01E4|183:0040:004F:0343:01E4|184:0040:003F:0365:01E4|185:0040:005F:0344:01F4|186:0040:004F:0342:01F4|187:0040:003F:0364:01F4|188:0040:002F:0356:01EF|189:0040:003F:0363:0204
round5_castle,0xDB,3648,0x0002,0x0003,0x0000,0x01,0x006D,0x0000,0x0001,actor_2c8,5,0x10C408,0x01,0xD0,0x01,0x00,0x01,0x00,0x00,0x01F5,0x0056,0x01CB,0x00,0x46,0x00,190,10,190:0046:0037:01CB:01E6|191:0046:0037:01CC:01F6|192:0046:0047:01CD:01E6|193:0046:0047:01CE:01F6|194:0046:0057:01F2:01E6|195:0046:0057:01F3:01F6
round5_castle,0xDB,3648,0x0002,0x0003,0x0000,0x01,0x006D,0x0000,0x0001,actor_2c8,6,0x10C448,0x01,0x93,0x01,0x00,0x01,0x00,0x00,0x013D,0x00D6,0x033E,0x00,0x40,0x04,200,10,200:0040:00A7:03A2:012E|201:0040:00B7:03A3:012E|202:0040:00DF:0345:012E|203:0040:00CF:0343:012E|204:0040:00BF:0365:012E|205:0040:00DF:0344:013E|206:0040:00CF:0342:013E|207:0040:00BF:0364:013E|208:0040:00AF:0356:0139|209:0040:00BF:0363:014E
round5_castle,0xDB,3648,0x0002,0x0003,0x0000,0x01,0x006D,0x0000,0x0001,actor_2c8,7,0x10C488,0x01,0xD0,0x01,0x00,0x01,0x00,0x00,0x013F,0x00D6,0x01CB,0x00,0x46,0x00,210,10,210:0046:00B7:01CB:012E|211:0046:00B7:01CC:013E|212:0046:00C7:01CD:012E|213:0046:00C7:01CE:013E|214:0046:00D7:01F2:012E|215:0046:00D7:01F3:013E
round5_castle,0xDB,3648,0x0002,0x0003,0x0000,0x01,0x006D,0x0000,0x0001,actor_2c8,8,0x10C4C8,0x01,0x93,0x01,0x00,0x01,0x00,0x00,0x013D,0x00D6,0x033E,0x00,0x40,0x03,220,19,220:0040:00A7:0334:012E|221:0040:00B7:0335:012E|222:0040:00DF:0345:012E|223:0040:00CF:0343:012E|224:0040:00BF:0365:012E|225:0040:00DF:0344:013E|226:0040:00CF:0342:013E|227:0040:00BF:0364:013E|228:0040:00AF:0356:0139|229:0040:00BF:0363:014E
round5_castle,0xDB,3650,0x0002,0x0003,0x0000,0x01,0x006D,0x0000,0x0001,actor_2c8,4,0x10C3C8,0x01,0x93,0x01,0x00,0x01,0x00,0x00,0x01F5,0x0054,0x033E,0x00,0x40,0x03,180,10,180:0040:0025:0334:01E4|181:0040:0035:0335:01E4|182:0040:005D:0341:01E4|183:0040:004D:033F:01E4|184:0040:003D:0365:01E4|185:0040:005D:0340:01F4|186:0040:004D:033E:01F4|187:0040:003D:0364:01F4|188:0040:002D:0356:01EF|189:0040:003D:0363:0204
round5_castle,0xDB,3650,0x0002,0x0003,0x0000,0x01,0x006D,0x0000,0x0001,actor_2c8,5,0x10C408,0x01,0xD0,0x01,0x00,0x01,0x00,0x00,0x01F5,0x0054,0x01CB,0x00,0x46,0x00,190,10,190:0046:0035:01CB:01E6|191:0046:0035:01CC:01F6|192:0046:0045:01CD:01E6|193:0046:0045:01CE:01F6|194:0046:0055:01F4:01E6|195:0046:0055:01F5:01F6
round5_castle,0xDB,3650,0x0002,0x0003,0x0000,0x01,0x006D,0x0000,0x0001,actor_2c8,6,0x10C448,0x01,0x93,0x01,0x00,0x01,0x00,0x00,0x013D,0x00D4,0x033E,0x00,0x40,0x04,200,10,200:0040:00A5:03A2:012E|201:0040:00B5:03A3:012E|202:0040:00DD:0341:012E|203:0040:00CD:033F:012E|204:0040:00BD:0365:012E|205:0040:00DD:0340:013E|206:0040:00CD:033E:013E|207:0040:00BD:0364:013E|208:0040:00AD:0356:0139|209:0040:00BD:0363:014E
round5_castle,0xDB,3650,0x0002,0x0003,0x0000,0x01,0x006D,0x0000,0x0001,actor_2c8,7,0x10C488,0x01,0xD0,0x01,0x00,0x01,0x00,0x00,0x013D,0x00D4,0x01CB,0x00,0x46,0x00,210,10,210:0046:00B5:01CB:012E|211:0046:00B5:01CC:013E|212:0046:00C5:01CD:012E|213:0046:00C5:01CE:013E|214:0046:00D5:01F4:012E|215:0046:00D5:01F5:013E
round5_castle,0xDB,3650,0x0002,0x0003,0x0000,0x01,0x006D,0x0000,0x0001,actor_2c8,8,0x10C4C8,0x01,0x93,0x01,0x00,0x01,0x00,0x00,0x013D,0x00D4,0x033E,0x00,0x40,0x03,220,19,220:0040:00A5:0334:012E|221:0040:00B5:0335:012E|222:0040:00DD:0341:012E|223:0040:00CD:033F:012E|224:0040:00BD:0365:012E|225:0040:00DD:0340:013E|226:0040:00CD:033E:013E|227:0040:00BD:0364:013E|228:0040:00AD:0356:0139|229:0040:00BD:0363:014E
round5_castle,0xDB,3652,0x0002,0x0003,0x0000,0x01,0x006D,0x0000,0x0001,actor_2c8,4,0x10C3C8,0x01,0x93,0x01,0x00,0x01,0x00,0x00,0x01F3,0x0052,0x033E,0x00,0x40,0x03,180,10,180:0040:0023:0334:01E4|181:0040:0033:0335:01E4|182:0040:005B:0341:01E4|183:0040:004B:033F:01E4|184:0040:003B:0365:01E4|185:0040:005B:0340:01F4|186:0040:004B:033E:01F4|187:0040:003B:0364:01F4|188:0040:002B:0356:01EF|189:0040:003B:0363:0204
round5_castle,0xDB,3652,0x0002,0x0003,0x0000,0x01,0x006D,0x0000,0x0001,actor_2c8,5,0x10C408,0x01,0xD0,0x01,0x00,0x01,0x00,0x00,0x01F5,0x0052,0x01CB,0x00,0x46,0x00,190,10,190:0046:0033:01CB:01E4|191:0046:0033:01CC:01F4|192:0046:0043:01CD:01E4|193:0046:0043:01CE:01F4|194:0046:0053:01F4:01E4|195:0046:0053:01F5:01F4
round5_castle,0xDB,3652,0x0002,0x0003,0x0000,0x01,0x006D,0x0000,0x0001,actor_2c8,6,0x10C448,0x01,0x93,0x01,0x00,0x01,0x00,0x00,0x013D,0x00D2,0x033E,0x00,0x40,0x04,200,10,200:0040:00A3:03A2:012C|201:0040:00B3:03A3:012C|202:0040:00DB:0341:012C|203:0040:00CB:033F:012C|204:0040:00BB:0365:012C|205:0040:00DB:0340:013C|206:0040:00CB:033E:013C|207:0040:00BB:0364:013C|208:0040:00AB:0356:0137|209:0040:00BB:0363:014C
round5_castle,0xDB,3652,0x0002,0x0003,0x0000,0x01,0x006D,0x0000,0x0001,actor_2c8,7,0x10C488,0x01,0xD0,0x01,0x00,0x01,0x00,0x00,0x013D,0x00D2,0x01CB,0x00,0x46,0x00,210,10,210:0046:00B3:01CB:012E|211:0046:00B3:01CC:013E|212:0046:00C3:01CD:012E|213:0046:00C3:01CE:013E|214:0046:00D3:01F4:012E|215:0046:00D3:01F5:013E
round5_castle,0xDB,3652,0x0002,0x0003,0x0000,0x01,0x006D,0x0000,0x0001,actor_2c8,8,0x10C4C8,0x01,0x93,0x01,0x00,0x01,0x00,0x00,0x013D,0x00D2,0x033E,0x00,0x40,0x03,220,19,220:0040:00A3:0334:012C|221:0040:00B3:0335:012C|222:0040:00DB:0341:012C|223:0040:00CB:033F:012C|224:0040:00BB:0365:012C|225:0040:00DB:0340:013C|226:0040:00CB:033E:013C|227:0040:00BB:0364:013C|228:0040:00AB:0356:0137|229:0040:00BB:0363:014C
round5_castle,0xDB,3654,0x0002,0x0003,0x0000,0x01,0x006D,0x0000,0x0001,actor_2c8,4,0x10C3C8,0x01,0x93,0x01,0x00,0x01,0x00,0x00,0x01F3,0x0050,0x033E,0x00,0x40,0x03,180,10,180:0040:0021:0334:01E4|181:0040:0031:0335:01E4|182:0040:0059:0341:01E4|183:0040:0049:033F:01E4|184:0040:0039:0365:01E4|185:0040:0059:0340:01F4|186:0040:0049:033E:01F4|187:0040:0039:0364:01F4|188:0040:0029:0356:01EF|189:0040:0039:0363:0204
round5_castle,0xDB,3654,0x0002,0x0003,0x0000,0x01,0x006D,0x0000,0x0001,actor_2c8,5,0x10C408,0x01,0xD0,0x01,0x00,0x01,0x00,0x00,0x01F5,0x0050,0x01CB,0x00,0x46,0x00,190,10,190:0046:0031:01CB:01E4|191:0046:0031:01CC:01F4|192:0046:0041:01CD:01E4|193:0046:0041:01CE:01F4|194:0046:0051:01F4:01E4|195:0046:0051:01F5:01F4
round5_castle,0xDB,3654,0x0002,0x0003,0x0000,0x01,0x006D,0x0000,0x0001,actor_2c8,6,0x10C448,0x01,0x93,0x01,0x00,0x01,0x00,0x00,0x013D,0x00D0,0x033E,0x00,0x40,0x04,200,10,200:0040:00A1:03A2:012C|201:0040:00B1:03A3:012C|202:0040:00D9:0341:012C|203:0040:00C9:033F:012C|204:0040:00B9:0365:012C|205:0040:00D9:0340:013C|206:0040:00C9:033E:013C|207:0040:00B9:0364:013C|208:0040:00A9:0356:0137|209:0040:00B9:0363:014C
round5_castle,0xDB,3654,0x0002,0x0003,0x0000,0x01,0x006D,0x0000,0x0001,actor_2c8,7,0x10C488,0x01,0xD0,0x01,0x00,0x01,0x00,0x00,0x013D,0x00D0,0x01CB,0x00,0x46,0x00,210,10,210:0046:00B1:01CB:012E|211:0046:00B1:01CC:013E|212:0046:00C1:01CD:012E|213:0046:00C1:01CE:013E|214:0046:00D1:01F4:012E|215:0046:00D1:01F5:013E
round5_castle,0xDB,3654,0x0002,0x0003,0x0000,0x01,0x006D,0x0000,0x0001,actor_2c8,8,0x10C4C8,0x01,0x93,0x01,0x00,0x01,0x00,0x00,0x013D,0x00D0,0x033E,0x00,0x40,0x03,220,19,220:0040:00A1:0334:012C|221:0040:00B1:0335:012C|222:0040:00D9:0341:012C|223:0040:00C9:033F:012C|224:0040:00B9:0365:012C|225:0040:00D9:0340:013C|226:0040:00C9:033E:013C|227:0040:00B9:0364:013C|228:0040:00A9:0356:0137|229:0040:00B9:0363:014C
round5_castle,0xDB,3656,0x0002,0x0003,0x0000,0x01,0x006D,0x0000,0x0001,actor_2c8,4,0x10C3C8,0x01,0x94,0x01,0x00,0x01,0x00,0x00,0x01F3,0x004E,0x033E,0x00,0x40,0x03,180,10,180:0040:001F:0334:01E4|181:0040:002F:0335:01E4|182:0040:0057:0341:01E4|183:0040:0047:033F:01E4|184:0040:0037:0365:01E4|185:0040:0057:0340:01F4|186:0040:0047:033E:01F4|187:0040:0037:0364:01F4|188:0040:0027:0356:01EF|189:0040:0037:0363:0204
round5_castle,0xDB,3656,0x0002,0x0003,0x0000,0x01,0x006D,0x0000,0x0001,actor_2c8,5,0x10C408,0x01,0xD1,0x01,0x00,0x01,0x00,0x00,0x01F5,0x004E,0x01CB,0x00,0x46,0x00,190,10,190:0046:002F:01CB:01E4|191:0046:002F:01CC:01F4|192:0046:003F:01CD:01E4|193:0046:003F:01CE:01F4|194:0046:004F:01F4:01E4|195:0046:004F:01F5:01F4
round5_castle,0xDB,3656,0x0002,0x0003,0x0000,0x01,0x006D,0x0000,0x0001,actor_2c8,6,0x10C448,0x01,0x94,0x01,0x00,0x01,0x00,0x00,0x013D,0x00CE,0x033E,0x00,0x40,0x04,200,10,200:0040:009F:03A2:012C|201:0040:00AF:03A3:012C|202:0040:00D7:0341:012C|203:0040:00C7:033F:012C|204:0040:00B7:0365:012C|205:0040:00D7:0340:013C|206:0040:00C7:033E:013C|207:0040:00B7:0364:013C|208:0040:00A7:0356:0137|209:0040:00B7:0363:014C
round5_castle,0xDB,3656,0x0002,0x0003,0x0000,0x01,0x006D,0x0000,0x0001,actor_2c8,7,0x10C488,0x01,0xD1,0x01,0x00,0x01,0x00,0x00,0x013D,0x00CE,0x01CB,0x00,0x46,0x00,210,10,210:0046:00AF:01CB:012E|211:0046:00AF:01CC:013E|212:0046:00BF:01CD:012E|213:0046:00BF:01CE:013E|214:0046:00CF:01F4:012E|215:0046:00CF:01F5:013E
round5_castle,0xDB,3656,0x0002,0x0003,0x0000,0x01,0x006D,0x0000,0x0001,actor_2c8,8,0x10C4C8,0x01,0x94,0x01,0x00,0x01,0x00,0x00,0x013D,0x00CE,0x033E,0x00,0x40,0x03,220,19,220:0040:009F:0334:012C|221:0040:00AF:0335:012C|222:0040:00D7:0341:012C|223:0040:00C7:033F:012C|224:0040:00B7:0365:012C|225:0040:00D7:0340:013C|226:0040:00C7:033E:013C|227:0040:00B7:0364:013C|228:0040:00A7:0356:0137|229:0040:00B7:0363:014C
round5_castle,0xDB,3658,0x0002,0x0003,0x0000,0x01,0x006D,0x0000,0x0001,actor_2c8,4,0x10C3C8,0x01,0x94,0x01,0x00,0x01,0x00,0x00,0x01F3,0x004C,0x033E,0x00,0x40,0x03,180,10,180:0040:001D:0334:01E4|181:0040:002D:0335:01E4|182:0040:0055:0345:01E4|183:0040:0045:0343:01E4|184:0040:0035:0365:01E4|185:0040:0055:0344:01F4|186:0040:0045:0342:01F4|187:0040:0035:0364:01F4|188:0040:0025:0356:01EF|189:0040:0035:0363:0204
round5_castle,0xDB,3658,0x0002,0x0003,0x0000,0x01,0x006D,0x0000,0x0001,actor_2c8,5,0x10C408,0x01,0xD1,0x01,0x00,0x01,0x00,0x00,0x01F5,0x004C,0x01CB,0x00,0x46,0x00,190,10,190:0046:002D:01CB:01E4|191:0046:002D:01CC:01F4|192:0046:003D:01CD:01E4|193:0046:003D:01CE:01F4|194:0046:004D:01EE:01E4|195:0046:004D:01EF:01F4
round5_castle,0xDB,3658,0x0002,0x0003,0x0000,0x01,0x006D,0x0000,0x0001,actor_2c8,6,0x10C448,0x01,0x94,0x01,0x00,0x01,0x00,0x00,0x013D,0x00CC,0x033E,0x00,0x40,0x04,200,10,200:0040:009D:03A2:012C|201:0040:00AD:03A3:012C|202:0040:00D5:0345:012C|203:0040:00C5:0343:012C|204:0040:00B5:0365:012C|205:0040:00D5:0344:013C|206:0040:00C5:0342:013C|207:0040:00B5:0364:013C|208:0040:00A5:0356:0137|209:0040:00B5:0363:014C
round5_castle,0xDB,3658,0x0002,0x0003,0x0000,0x01,0x006D,0x0000,0x0001,actor_2c8,7,0x10C488,0x01,0xD1,0x01,0x00,0x01,0x00,0x00,0x013D,0x00CC,0x01CB,0x00,0x46,0x00,210,10,210:0046:00AD:01CB:012E|211:0046:00AD:01CC:013E|212:0046:00BD:01CD:012E|213:0046:00BD:01CE:013E|214:0046:00CD:01EE:012E|215:0046:00CD:01EF:013E
round5_castle,0xDB,3658,0x0002,0x0003,0x0000,0x01,0x006D,0x0000,0x0001,actor_2c8,8,0x10C4C8,0x01,0x94,0x01,0x00,0x01,0x00,0x00,0x013D,0x00CC,0x033E,0x00,0x40,0x03,220,19,220:0040:009D:0334:012C|221:0040:00AD:0335:012C|222:0040:00D5:0345:012C|223:0040:00C5:0343:012C|224:0040:00B5:0365:012C|225:0040:00D5:0344:013C|226:0040:00C5:0342:013C|227:0040:00B5:0364:013C|228:0040:00A5:0356:0137|229:0040:00B5:0363:014C
round5_castle,0xDB,3660,0x0002,0x0003,0x0000,0x01,0x006D,0x0000,0x0001,actor_2c8,4,0x10C3C8,0x01,0x94,0x01,0x00,0x01,0x00,0x00,0x01F3,0x004A,0x033E,0x00,0x40,0x03,180,10,180:0040:001B:0334:01E4|181:0040:002B:0335:01E4|182:0040:0053:0345:01E4|183:0040:0043:0343:01E4|184:0040:0033:0365:01E4|185:0040:0053:0344:01F4|186:0040:0043:0342:01F4|187:0040:0033:0364:01F4|188:0040:0023:0356:01EF|189:0040:0033:0363:0204
round5_castle,0xDB,3660,0x0002,0x0003,0x0000,0x01,0x006D,0x0000,0x0001,actor_2c8,5,0x10C408,0x01,0xD1,0x01,0x00,0x01,0x00,0x00,0x01F3,0x004A,0x01CB,0x00,0x46,0x00,190,10,190:0046:002B:01CB:01E4|191:0046:002B:01CC:01F4|192:0046:003B:01CD:01E4|193:0046:003B:01CE:01F4|194:0046:004B:01EE:01E4|195:0046:004B:01EF:01F4
round5_castle,0xDB,3660,0x0002,0x0003,0x0000,0x01,0x006D,0x0000,0x0001,actor_2c8,6,0x10C448,0x01,0x94,0x01,0x00,0x01,0x00,0x00,0x013B,0x00CA,0x033E,0x00,0x40,0x04,200,10,200:0040:009B:03A2:012C|201:0040:00AB:03A3:012C|202:0040:00D3:0345:012C|203:0040:00C3:0343:012C|204:0040:00B3:0365:012C|205:0040:00D3:0344:013C|206:0040:00C3:0342:013C|207:0040:00B3:0364:013C|208:0040:00A3:0356:0137|209:0040:00B3:0363:014C
round5_castle,0xDB,3660,0x0002,0x0003,0x0000,0x01,0x006D,0x0000,0x0001,actor_2c8,7,0x10C488,0x01,0xD1,0x01,0x00,0x01,0x00,0x00,0x013D,0x00CA,0x01CB,0x00,0x46,0x00,210,10,210:0046:00AB:01CB:012C|211:0046:00AB:01CC:013C|212:0046:00BB:01CD:012C|213:0046:00BB:01CE:013C|214:0046:00CB:01EE:012C|215:0046:00CB:01EF:013C
round5_castle,0xDB,3660,0x0002,0x0003,0x0000,0x01,0x006D,0x0000,0x0001,actor_2c8,8,0x10C4C8,0x01,0x94,0x01,0x00,0x01,0x00,0x00,0x013B,0x00CA,0x033E,0x00,0x40,0x03,220,19,220:0040:009B:0334:012C|221:0040:00AB:0335:012C|222:0040:00D3:0345:012C|223:0040:00C3:0343:012C|224:0040:00B3:0365:012C|225:0040:00D3:0344:013C|226:0040:00C3:0342:013C|227:0040:00B3:0364:013C|228:0040:00A3:0356:0137|229:0040:00B3:0363:014C
round5_castle,0xDB,3662,0x0002,0x0003,0x0000,0x01,0x006D,0x0000,0x0001,actor_2c8,4,0x10C3C8,0x01,0x94,0x01,0x00,0x01,0x00,0x00,0x01F3,0x0048,0x033E,0x00,0x40,0x03,180,10,180:0040:0019:0334:01E2|181:0040:0029:0335:01E2|182:0040:0051:0345:01E2|183:0040:0041:0343:01E2|184:0040:0031:0365:01E2|185:0040:0051:0344:01F2|186:0040:0041:0342:01F2|187:0040:0031:0364:01F2|188:0040:0021:0356:01ED|189:0040:0031:0363:0202
round5_castle,0xDB,3662,0x0002,0x0003,0x0000,0x01,0x006D,0x0000,0x0001,actor_2c8,5,0x10C408,0x01,0xD1,0x01,0x00,0x01,0x00,0x00,0x01F3,0x0048,0x01CB,0x00,0x46,0x00,190,10,190:0046:0029:01CB:01E4|191:0046:0029:01CC:01F4|192:0046:0039:01CD:01E4|193:0046:0039:01CE:01F4|194:0046:0049:01EE:01E4|195:0046:0049:01EF:01F4
round5_castle,0xDB,3662,0x0002,0x0003,0x0000,0x01,0x006D,0x0000,0x0001,actor_2c8,6,0x10C448,0x01,0x94,0x01,0x00,0x01,0x00,0x00,0x013B,0x00C8,0x033E,0x00,0x40,0x04,200,10,200:0040:0099:03A2:012C|201:0040:00A9:03A3:012C|202:0040:00D1:0345:012C|203:0040:00C1:0343:012C|204:0040:00B1:0365:012C|205:0040:00D1:0344:013C|206:0040:00C1:0342:013C|207:0040:00B1:0364:013C|208:0040:00A1:0356:0137|209:0040:00B1:0363:014C
round5_castle,0xDB,3662,0x0002,0x0003,0x0000,0x01,0x006D,0x0000,0x0001,actor_2c8,7,0x10C488,0x01,0xD1,0x01,0x00,0x01,0x00,0x00,0x013D,0x00C8,0x01CB,0x00,0x46,0x00,210,10,210:0046:00A9:01CB:012C|211:0046:00A9:01CC:013C|212:0046:00B9:01CD:012C|213:0046:00B9:01CE:013C|214:0046:00C9:01EE:012C|215:0046:00C9:01EF:013C
round5_castle,0xDB,3662,0x0002,0x0003,0x0000,0x01,0x006D,0x0000,0x0001,actor_2c8,8,0x10C4C8,0x01,0x94,0x01,0x00,0x01,0x00,0x00,0x013B,0x00C8,0x033E,0x00,0x40,0x03,220,19,220:0040:0099:0334:012C|221:0040:00A9:0335:012C|222:0040:00D1:0345:012C|223:0040:00C1:0343:012C|224:0040:00B1:0365:012C|225:0040:00D1:0344:013C|226:0040:00C1:0342:013C|227:0040:00B1:0364:013C|228:0040:00A1:0356:0137|229:0040:00B1:0363:014C
round5_castle,0xDB,3664,0x0002,0x0003,0x0000,0x01,0x006D,0x0000,0x0001,actor_2c8,4,0x10C3C8,0x01,0x95,0x01,0x00,0x01,0x00,0x00,0x01F3,0x0046,0x033E,0x00,0x40,0x03,180,10,180:0040:0017:0334:01E2|181:0040:0027:0335:01E2|182:0040:004F:0345:01E2|183:0040:003F:0343:01E2|184:0040:002F:0365:01E2|185:0040:004F:0344:01F2|186:0040:003F:0342:01F2|187:0040:002F:0364:01F2|188:0040:001F:0356:01ED|189:0040:002F:0363:0202
round5_castle,0xDB,3664,0x0002,0x0003,0x0000,0x01,0x006D,0x0000,0x0001,actor_2c8,5,0x10C408,0x01,0xD2,0x01,0x00,0x01,0x00,0x00,0x01F3,0x0046,0x01CB,0x00,0x46,0x00,190,10,190:0046:0027:01CB:01E4|191:0046:0027:01CC:01F4|192:0046:0037:01CD:01E4|193:0046:0037:01CE:01F4|194:0046:0047:01EE:01E4|195:0046:0047:01EF:01F4
round5_castle,0xDB,3664,0x0002,0x0003,0x0000,0x01,0x006D,0x0000,0x0001,actor_2c8,6,0x10C448,0x01,0x95,0x01,0x00,0x01,0x00,0x00,0x013B,0x00C6,0x033E,0x00,0x40,0x04,200,10,200:0040:0097:03A2:012C|201:0040:00A7:03A3:012C|202:0040:00CF:0345:012C|203:0040:00BF:0343:012C|204:0040:00AF:0365:012C|205:0040:00CF:0344:013C|206:0040:00BF:0342:013C|207:0040:00AF:0364:013C|208:0040:009F:0356:0137|209:0040:00AF:0363:014C
round5_castle,0xDB,3664,0x0002,0x0003,0x0000,0x01,0x006D,0x0000,0x0001,actor_2c8,7,0x10C488,0x01,0xD2,0x01,0x00,0x01,0x00,0x00,0x013D,0x00C6,0x01CB,0x00,0x46,0x00,210,10,210:0046:00A7:01CB:012C|211:0046:00A7:01CC:013C|212:0046:00B7:01CD:012C|213:0046:00B7:01CE:013C|214:0046:00C7:01EE:012C|215:0046:00C7:01EF:013C
round5_castle,0xDB,3664,0x0002,0x0003,0x0000,0x01,0x006D,0x0000,0x0001,actor_2c8,8,0x10C4C8,0x01,0x95,0x01,0x00,0x01,0x00,0x00,0x013B,0x00C6,0x033E,0x00,0x40,0x03,220,19,220:0040:0097:0334:012C|221:0040:00A7:0335:012C|222:0040:00CF:0345:012C|223:0040:00BF:0343:012C|224:0040:00AF:0365:012C|225:0040:00CF:0344:013C|226:0040:00BF:0342:013C|227:0040:00AF:0364:013C|228:0040:009F:0356:0137|229:0040:00AF:0363:014C
round5_castle,0xDB,3666,0x0002,0x0003,0x0000,0x01,0x006D,0x0000,0x0001,actor_2c8,4,0x10C3C8,0x01,0x95,0x01,0x00,0x01,0x00,0x00,0x01F3,0x0044,0x033E,0x00,0x40,0x03,180,10,180:0040:0015:0334:01E2|181:0040:0025:0335:01E2|182:0040:004D:0349:01E2|183:0040:003D:0347:01E2|184:0040:002D:0365:01E2|185:0040:004D:0348:01F2|186:0040:003D:0346:01F2|187:0040:002D:0364:01F2|188:0040:001D:0356:01ED|189:0040:002D:0363:0202
round5_castle,0xDB,3666,0x0002,0x0003,0x0000,0x01,0x006D,0x0000,0x0001,actor_2c8,5,0x10C408,0x01,0xD2,0x01,0x00,0x01,0x00,0x00,0x01F3,0x0044,0x01CB,0x00,0x46,0x00,190,10,190:0046:0025:01CB:01E4|191:0046:0025:01CC:01F4|192:0046:0035:01CD:01E4|193:0046:0035:01CE:01F4|194:0046:0045:01F0:01E4|195:0046:0045:01F1:01F4
round5_castle,0xDB,3666,0x0002,0x0003,0x0000,0x01,0x006D,0x0000,0x0001,actor_2c8,6,0x10C448,0x01,0x95,0x01,0x00,0x01,0x00,0x00,0x013B,0x00C4,0x033E,0x00,0x40,0x04,200,10,200:0040:0095:03A2:012C|201:0040:00A5:03A3:012C|202:0040:00CD:0349:012C|203:0040:00BD:0347:012C|204:0040:00AD:0365:012C|205:0040:00CD:0348:013C|206:0040:00BD:0346:013C|207:0040:00AD:0364:013C|208:0040:009D:0356:0137|209:0040:00AD:0363:014C
round5_castle,0xDB,3666,0x0002,0x0003,0x0000,0x01,0x006D,0x0000,0x0001,actor_2c8,7,0x10C488,0x01,0xD2,0x01,0x00,0x01,0x00,0x00,0x013D,0x00C4,0x01CB,0x00,0x46,0x00,210,10,210:0046:00A5:01CB:012C|211:0046:00A5:01CC:013C|212:0046:00B5:01CD:012C|213:0046:00B5:01CE:013C|214:0046:00C5:01F0:012C|215:0046:00C5:01F1:013C
round5_castle,0xDB,3666,0x0002,0x0003,0x0000,0x01,0x006D,0x0000,0x0001,actor_2c8,8,0x10C4C8,0x01,0x95,0x01,0x00,0x01,0x00,0x00,0x013B,0x00C4,0x033E,0x00,0x40,0x03,220,19,220:0040:0095:0334:012C|221:0040:00A5:0335:012C|222:0040:00CD:0349:012C|223:0040:00BD:0347:012C|224:0040:00AD:0365:012C|225:0040:00CD:0348:013C|226:0040:00BD:0346:013C|227:0040:00AD:0364:013C|228:0040:009D:0356:0137|229:0040:00AD:0363:014C
round5_castle,0xDB,3668,0x0002,0x0003,0x0000,0x01,0x006D,0x0000,0x0001,actor_2c8,4,0x10C3C8,0x01,0x95,0x01,0x00,0x01,0x00,0x00,0x01F3,0x0042,0x033E,0x00,0x40,0x03,180,10,180:0040:0013:0334:01E2|181:0040:0023:0335:01E2|182:0040:004B:0349:01E2|183:0040:003B:0347:01E2|184:0040:002B:0365:01E2|185:0040:004B:0348:01F2|186:0040:003B:0346:01F2|187:0040:002B:0364:01F2|188:0040:001B:0356:01ED|189:0040:002B:0363:0202
round5_castle,0xDB,3668,0x0002,0x0003,0x0000,0x01,0x006D,0x0000,0x0001,actor_2c8,5,0x10C408,0x01,0xD2,0x01,0x00,0x01,0x00,0x00,0x01F3,0x0042,0x01CB,0x00,0x46,0x00,190,10,190:0046:0023:01CB:01E4|191:0046:0023:01CC:01F4|192:0046:0033:01CD:01E4|193:0046:0033:01CE:01F4|194:0046:0043:01F0:01E4|195:0046:0043:01F1:01F4
round5_castle,0xDB,3668,0x0002,0x0003,0x0000,0x01,0x006D,0x0000,0x0001,actor_2c8,6,0x10C448,0x01,0x95,0x01,0x00,0x01,0x00,0x00,0x013B,0x00C2,0x033E,0x00,0x40,0x04,200,10,200:0040:0093:03A2:012C|201:0040:00A3:03A3:012C|202:0040:00CB:0349:012C|203:0040:00BB:0347:012C|204:0040:00AB:0365:012C|205:0040:00CB:0348:013C|206:0040:00BB:0346:013C|207:0040:00AB:0364:013C|208:0040:009B:0356:0137|209:0040:00AB:0363:014C
round5_castle,0xDB,3668,0x0002,0x0003,0x0000,0x01,0x006D,0x0000,0x0001,actor_2c8,7,0x10C488,0x01,0xD2,0x01,0x00,0x01,0x00,0x00,0x013B,0x00C2,0x01CB,0x00,0x46,0x00,210,10,210:0046:00A3:01CB:012C|211:0046:00A3:01CC:013C|212:0046:00B3:01CD:012C|213:0046:00B3:01CE:013C|214:0046:00C3:01F0:012C|215:0046:00C3:01F1:013C
round5_castle,0xDB,3668,0x0002,0x0003,0x0000,0x01,0x006D,0x0000,0x0001,actor_2c8,8,0x10C4C8,0x01,0x95,0x01,0x00,0x01,0x00,0x00,0x013B,0x00C2,0x033E,0x00,0x40,0x03,220,19,220:0040:0093:0334:012C|221:0040:00A3:0335:012C|222:0040:00CB:0349:012C|223:0040:00BB:0347:012C|224:0040:00AB:0365:012C|225:0040:00CB:0348:013C|226:0040:00BB:0346:013C|227:0040:00AB:0364:013C|228:0040:009B:0356:0137|229:0040:00AB:0363:014C
round5_castle,0xDB,3670,0x0002,0x0003,0x0000,0x01,0x006D,0x0000,0x0001,actor_2c8,4,0x10C3C8,0x01,0x95,0x01,0x00,0x01,0x00,0x00,0x01F1,0x0040,0x033E,0x00,0x40,0x03,180,10,180:0040:0011:0334:01E2|181:0040:0021:0335:01E2|182:0040:0049:0349:01E2|183:0040:0039:0347:01E2|184:0040:0029:0365:01E2|185:0040:0049:0348:01F2|186:0040:0039:0346:01F2|187:0040:0029:0364:01F2|188:0040:0019:0356:01ED|189:0040:0029:0363:0202
round5_castle,0xDB,3670,0x0002,0x0003,0x0000,0x01,0x006D,0x0000,0x0001,actor_2c8,5,0x10C408,0x01,0xD2,0x01,0x00,0x01,0x00,0x00,0x01F3,0x0040,0x01CB,0x00,0x46,0x00,190,10,190:0046:0021:01CB:01E2|191:0046:0021:01CC:01F2|192:0046:0031:01CD:01E2|193:0046:0031:01CE:01F2|194:0046:0041:01F0:01E2|195:0046:0041:01F1:01F2
round5_castle,0xDB,3670,0x0002,0x0003,0x0000,0x01,0x006D,0x0000,0x0001,actor_2c8,6,0x10C448,0x01,0x95,0x01,0x00,0x01,0x00,0x00,0x013B,0x00C0,0x033E,0x00,0x40,0x04,200,10,200:0040:0091:03A2:012A|201:0040:00A1:03A3:012A|202:0040:00C9:0349:012A|203:0040:00B9:0347:012A|204:0040:00A9:0365:012A|205:0040:00C9:0348:013A|206:0040:00B9:0346:013A|207:0040:00A9:0364:013A|208:0040:0099:0356:0135|209:0040:00A9:0363:014A
round5_castle,0xDB,3670,0x0002,0x0003,0x0000,0x01,0x006D,0x0000,0x0001,actor_2c8,7,0x10C488,0x01,0xD2,0x01,0x00,0x01,0x00,0x00,0x013B,0x00C0,0x01CB,0x00,0x46,0x00,210,10,210:0046:00A1:01CB:012C|211:0046:00A1:01CC:013C|212:0046:00B1:01CD:012C|213:0046:00B1:01CE:013C|214:0046:00C1:01F0:012C|215:0046:00C1:01F1:013C
round5_castle,0xDB,3670,0x0002,0x0003,0x0000,0x01,0x006D,0x0000,0x0001,actor_2c8,8,0x10C4C8,0x01,0x95,0x01,0x00,0x01,0x00,0x00,0x013B,0x00C0,0x033E,0x00,0x40,0x03,220,19,220:0040:0091:0334:012A|221:0040:00A1:0335:012A|222:0040:00C9:0349:012A|223:0040:00B9:0347:012A|224:0040:00A9:0365:012A|225:0040:00C9:0348:013A|226:0040:00B9:0346:013A|227:0040:00A9:0364:013A|228:0040:0099:0356:0135|229:0040:00A9:0363:014A
round5_castle,0xDB,3672,0x0002,0x0003,0x0000,0x01,0x006D,0x0000,0x0001,actor_2c8,4,0x10C3C8,0x01,0x94,0x01,0x00,0x01,0x00,0x00,0x01F1,0x003E,0x033E,0x00,0x40,0x03,180,10,180:0040:000F:0334:01E2|181:0040:001F:0335:01E2|182:0040:0047:0349:01E2|183:0040:0037:0347:01E2|184:0040:0027:0365:01E2|185:0040:0047:0348:01F2|186:0040:0037:0346:01F2|187:0040:0027:0364:01F2|188:0040:0017:0356:01ED|189:0040:0027:0363:0202
round5_castle,0xDB,3672,0x0002,0x0003,0x0000,0x01,0x006D,0x0000,0x0001,actor_2c8,5,0x10C408,0x01,0xD3,0x01,0x00,0x01,0x00,0x00,0x01F3,0x003E,0x01CB,0x00,0x46,0x00,190,10,190:0046:001F:01CB:01E2|191:0046:001F:01CC:01F2|192:0046:002F:01CD:01E2|193:0046:002F:01CE:01F2|194:0046:003F:01F0:01E2|195:0046:003F:01F1:01F2
round5_castle,0xDB,3672,0x0002,0x0003,0x0000,0x01,0x006D,0x0000,0x0001,actor_2c8,6,0x10C448,0x01,0x94,0x01,0x00,0x01,0x00,0x00,0x013B,0x00BE,0x033E,0x00,0x40,0x04,200,10,200:0040:008F:03A2:012A|201:0040:009F:03A3:012A|202:0040:00C7:0349:012A|203:0040:00B7:0347:012A|204:0040:00A7:0365:012A|205:0040:00C7:0348:013A|206:0040:00B7:0346:013A|207:0040:00A7:0364:013A|208:0040:0097:0356:0135|209:0040:00A7:0363:014A
round5_castle,0xDB,3672,0x0002,0x0003,0x0000,0x01,0x006D,0x0000,0x0001,actor_2c8,7,0x10C488,0x01,0xD3,0x01,0x00,0x01,0x00,0x00,0x013B,0x00BE,0x01CB,0x00,0x46,0x00,210,10,210:0046:009F:01CB:012C|211:0046:009F:01CC:013C|212:0046:00AF:01CD:012C|213:0046:00AF:01CE:013C|214:0046:00BF:01F0:012C|215:0046:00BF:01F1:013C
round5_castle,0xDB,3672,0x0002,0x0003,0x0000,0x01,0x006D,0x0000,0x0001,actor_2c8,8,0x10C4C8,0x01,0x94,0x01,0x00,0x01,0x00,0x00,0x013B,0x00BE,0x033E,0x00,0x40,0x03,220,19,220:0040:008F:0334:012A|221:0040:009F:0335:012A|222:0040:00C7:0349:012A|223:0040:00B7:0347:012A|224:0040:00A7:0365:012A|225:0040:00C7:0348:013A|226:0040:00B7:0346:013A|227:0040:00A7:0364:013A|228:0040:0097:0356:0135|229:0040:00A7:0363:014A
round5_castle,0xDB,3674,0x0002,0x0003,0x0000,0x01,0x006D,0x0000,0x0001,actor_2c8,4,0x10C3C8,0x01,0x94,0x01,0x00,0x01,0x00,0x00,0x01F1,0x003C,0x033E,0x00,0x40,0x03,180,10,180:0040:000D:0334:01E2|181:0040:001D:0335:01E2|182:0040:0045:0345:01E2|183:0040:0035:0343:01E2|184:0040:0025:0365:01E2|185:0040:0045:0344:01F2|186:0040:0035:0342:01F2|187:0040:0025:0364:01F2|188:0040:0015:0356:01ED|189:0040:0025:0363:0202
round5_castle,0xDB,3674,0x0002,0x0003,0x0000,0x01,0x006D,0x0000,0x0001,actor_2c8,5,0x10C408,0x01,0xD3,0x01,0x00,0x01,0x00,0x00,0x01F3,0x003C,0x01CB,0x00,0x46,0x00,190,10,190:0046:001D:01CB:01E2|191:0046:001D:01CC:01F2|192:0046:002D:01CD:01E2|193:0046:002D:01CE:01F2|194:0046:003D:01F2:01E2|195:0046:003D:01F3:01F2
round5_castle,0xDB,3674,0x0002,0x0003,0x0000,0x01,0x006D,0x0000,0x0001,actor_2c8,6,0x10C448,0x01,0x94,0x01,0x00,0x01,0x00,0x00,0x013B,0x00BC,0x033E,0x00,0x40,0x04,200,10,200:0040:008D:03A2:012A|201:0040:009D:03A3:012A|202:0040:00C5:0345:012A|203:0040:00B5:0343:012A|204:0040:00A5:0365:012A|205:0040:00C5:0344:013A|206:0040:00B5:0342:013A|207:0040:00A5:0364:013A|208:0040:0095:0356:0135|209:0040:00A5:0363:014A
round5_castle,0xDB,3674,0x0002,0x0003,0x0000,0x01,0x006D,0x0000,0x0001,actor_2c8,7,0x10C488,0x01,0xD3,0x01,0x00,0x01,0x00,0x00,0x013B,0x00BC,0x01CB,0x00,0x46,0x00,210,10,210:0046:009D:01CB:012C|211:0046:009D:01CC:013C|212:0046:00AD:01CD:012C|213:0046:00AD:01CE:013C|214:0046:00BD:01F2:012C|215:0046:00BD:01F3:013C
round5_castle,0xDB,3674,0x0002,0x0003,0x0000,0x01,0x006D,0x0000,0x0001,actor_2c8,8,0x10C4C8,0x01,0x94,0x01,0x00,0x01,0x00,0x00,0x013B,0x00BC,0x033E,0x00,0x40,0x03,220,19,220:0040:008D:0334:012A|221:0040:009D:0335:012A|222:0040:00C5:0345:012A|223:0040:00B5:0343:012A|224:0040:00A5:0365:012A|225:0040:00C5:0344:013A|226:0040:00B5:0342:013A|227:0040:00A5:0364:013A|228:0040:0095:0356:0135|229:0040:00A5:0363:014A
round5_castle,0xDB,3676,0x0002,0x0003,0x0000,0x01,0x006D,0x0000,0x0001,actor_2c8,4,0x10C3C8,0x01,0x94,0x01,0x00,0x01,0x00,0x00,0x01F1,0x003A,0x033E,0x00,0x40,0x03,180,10,180:0040:000B:0334:01E2|181:0040:001B:0335:01E2|182:0040:0043:0345:01E2|183:0040:0033:0343:01E2|184:0040:0023:0365:01E2|185:0040:0043:0344:01F2|186:0040:0033:0342:01F2|187:0040:0023:0364:01F2|188:0040:0013:0356:01ED|189:0040:0023:0363:0202
round5_castle,0xDB,3676,0x0002,0x0003,0x0000,0x01,0x006D,0x0000,0x0001,actor_2c8,5,0x10C408,0x01,0xD3,0x01,0x00,0x01,0x00,0x00,0x01F3,0x003A,0x01CB,0x00,0x46,0x00,190,10,190:0046:001B:01CB:01E2|191:0046:001B:01CC:01F2|192:0046:002B:01CD:01E2|193:0046:002B:01CE:01F2|194:0046:003B:01F2:01E2|195:0046:003B:01F3:01F2
round5_castle,0xDB,3676,0x0002,0x0003,0x0000,0x01,0x006D,0x0000,0x0001,actor_2c8,6,0x10C448,0x01,0x94,0x01,0x00,0x01,0x00,0x00,0x013B,0x00BA,0x033E,0x00,0x40,0x04,200,10,200:0040:008B:03A2:012A|201:0040:009B:03A3:012A|202:0040:00C3:0345:012A|203:0040:00B3:0343:012A|204:0040:00A3:0365:012A|205:0040:00C3:0344:013A|206:0040:00B3:0342:013A|207:0040:00A3:0364:013A|208:0040:0093:0356:0135|209:0040:00A3:0363:014A
round5_castle,0xDB,3676,0x0002,0x0003,0x0000,0x01,0x006D,0x0000,0x0001,actor_2c8,7,0x10C488,0x01,0xD3,0x01,0x00,0x01,0x00,0x00,0x013B,0x00BA,0x01CB,0x00,0x46,0x00,210,10,210:0046:009B:01CB:012C|211:0046:009B:01CC:013C|212:0046:00AB:01CD:012C|213:0046:00AB:01CE:013C|214:0046:00BB:01F2:012C|215:0046:00BB:01F3:013C
round5_castle,0xDB,3676,0x0002,0x0003,0x0000,0x01,0x006D,0x0000,0x0001,actor_2c8,8,0x10C4C8,0x01,0x94,0x01,0x00,0x01,0x00,0x00,0x013B,0x00BA,0x033E,0x00,0x40,0x03,220,19,220:0040:008B:0334:012A|221:0040:009B:0335:012A|222:0040:00C3:0345:012A|223:0040:00B3:0343:012A|224:0040:00A3:0365:012A|225:0040:00C3:0344:013A|226:0040:00B3:0342:013A|227:0040:00A3:0364:013A|228:0040:0093:0356:0135|229:0040:00A3:0363:014A
round5_castle,0xDB,3678,0x0002,0x0003,0x0000,0x01,0x006D,0x0000,0x0001,actor_2c8,4,0x10C3C8,0x01,0x94,0x01,0x00,0x01,0x00,0x00,0x01F1,0x0038,0x033E,0x00,0x40,0x03,180,10,180:0040:0009:0334:01E2|181:0040:0019:0335:01E2|182:0040:0041:0345:01E2|183:0040:0031:0343:01E2|184:0040:0021:0365:01E2|185:0040:0041:0344:01F2|186:0040:0031:0342:01F2|187:0040:0021:0364:01F2|188:0040:0011:0356:01ED|189:0040:0021:0363:0202
round5_castle,0xDB,3678,0x0002,0x0003,0x0000,0x01,0x006D,0x0000,0x0001,actor_2c8,5,0x10C408,0x01,0xD3,0x01,0x00,0x01,0x00,0x00,0x01F1,0x0038,0x01CB,0x00,0x46,0x00,190,10,190:0046:0019:01CB:01E2|191:0046:0019:01CC:01F2|192:0046:0029:01CD:01E2|193:0046:0029:01CE:01F2|194:0046:0039:01F2:01E2|195:0046:0039:01F3:01F2
round5_castle,0xDB,3678,0x0002,0x0003,0x0000,0x01,0x006D,0x0000,0x0001,actor_2c8,6,0x10C448,0x01,0x94,0x01,0x00,0x01,0x00,0x00,0x0139,0x00B8,0x033E,0x00,0x40,0x04,200,10,200:0040:0089:03A2:012A|201:0040:0099:03A3:012A|202:0040:00C1:0345:012A|203:0040:00B1:0343:012A|204:0040:00A1:0365:012A|205:0040:00C1:0344:013A|206:0040:00B1:0342:013A|207:0040:00A1:0364:013A|208:0040:0091:0356:0135|209:0040:00A1:0363:014A
round5_castle,0xDB,3678,0x0002,0x0003,0x0000,0x01,0x006D,0x0000,0x0001,actor_2c8,7,0x10C488,0x01,0xD3,0x01,0x00,0x01,0x00,0x00,0x013B,0x00B8,0x01CB,0x00,0x46,0x00,210,10,210:0046:0099:01CB:012A|211:0046:0099:01CC:013A|212:0046:00A9:01CD:012A|213:0046:00A9:01CE:013A|214:0046:00B9:01F2:012A|215:0046:00B9:01F3:013A
round5_castle,0xDB,3678,0x0002,0x0003,0x0000,0x01,0x006D,0x0000,0x0001,actor_2c8,8,0x10C4C8,0x01,0x94,0x01,0x00,0x01,0x00,0x00,0x0139,0x00B8,0x033E,0x00,0x40,0x03,220,19,220:0040:0089:0334:012A|221:0040:0099:0335:012A|222:0040:00C1:0345:012A|223:0040:00B1:0343:012A|224:0040:00A1:0365:012A|225:0040:00C1:0344:013A|226:0040:00B1:0342:013A|227:0040:00A1:0364:013A|228:0040:0091:0356:0135|229:0040:00A1:0363:014A
round5_castle,0xDB,3680,0x0002,0x0003,0x0000,0x01,0x006D,0x0000,0x0001,actor_2c8,4,0x10C3C8,0x01,0x93,0x01,0x00,0x01,0x00,0x00,0x01F1,0x0037,0x033E,0x00,0x40,0x03,180,10,180:0040:0007:0334:01E0|181:0040:0017:0335:01E0|182:0040:003F:0345:01E0|183:0040:002F:0343:01E0|184:0040:001F:0365:01E0|185:0040:003F:0344:01F0|186:0040:002F:0342:01F0|187:0040:001F:0364:01F0|188:0040:000F:0356:01EB|189:0040:001F:0363:0200
round5_castle,0xDB,3680,0x0002,0x0003,0x0000,0x01,0x006D,0x0000,0x0001,actor_2c8,5,0x10C408,0x01,0xD0,0x01,0x00,0x01,0x00,0x00,0x01F1,0x0037,0x01CB,0x00,0x46,0x00,190,10,190:0046:0017:01CB:01E2|191:0046:0017:01CC:01F2|192:0046:0027:01CD:01E2|193:0046:0027:01CE:01F2|194:0046:0037:01F2:01E2|195:0046:0037:01F3:01F2
round5_castle,0xDB,3680,0x0002,0x0003,0x0000,0x01,0x006D,0x0000,0x0001,actor_2c8,6,0x10C448,0x01,0x93,0x01,0x00,0x01,0x00,0x00,0x0139,0x00B7,0x033E,0x00,0x40,0x04,200,10,200:0040:0087:03A2:012A|201:0040:0097:03A3:012A|202:0040:00BF:0345:012A|203:0040:00AF:0343:012A|204:0040:009F:0365:012A|205:0040:00BF:0344:013A|206:0040:00AF:0342:013A|207:0040:009F:0364:013A|208:0040:008F:0356:0135|209:0040:009F:0363:014A
round5_castle,0xDB,3680,0x0002,0x0003,0x0000,0x01,0x006D,0x0000,0x0001,actor_2c8,7,0x10C488,0x01,0xD0,0x01,0x00,0x01,0x00,0x00,0x013B,0x00B7,0x01CB,0x00,0x46,0x00,210,10,210:0046:0097:01CB:012A|211:0046:0097:01CC:013A|212:0046:00A7:01CD:012A|213:0046:00A7:01CE:013A|214:0046:00B7:01F2:012A|215:0046:00B7:01F3:013A
round5_castle,0xDB,3680,0x0002,0x0003,0x0000,0x01,0x006D,0x0000,0x0001,actor_2c8,8,0x10C4C8,0x01,0x93,0x01,0x00,0x01,0x00,0x00,0x0139,0x00B7,0x033E,0x00,0x40,0x03,220,19,220:0040:0087:0334:012A|221:0040:0097:0335:012A|222:0040:00BF:0345:012A|223:0040:00AF:0343:012A|224:0040:009F:0365:012A|225:0040:00BF:0344:013A|226:0040:00AF:0342:013A|227:0040:009F:0364:013A|228:0040:008F:0356:0135|229:0040:009F:0363:014A
round5_castle,0xDB,3682,0x0002,0x0003,0x0000,0x01,0x006D,0x0000,0x0001,actor_2c8,4,0x10C3C8,0x01,0x93,0x01,0x00,0x01,0x00,0x00,0x01F1,0x0037,0x033E,0x00,0x40,0x03,180,10,180:0040:0007:0334:01E0|181:0040:0017:0335:01E0|182:0040:003F:0341:01E0|183:0040:002F:033F:01E0|184:0040:001F:0365:01E0|185:0040:003F:0340:01F0|186:0040:002F:033E:01F0|187:0040:001F:0364:01F0|188:0040:000F:0356:01EB|189:0040:001F:0363:0200
round5_castle,0xDB,3682,0x0002,0x0003,0x0000,0x01,0x006D,0x0000,0x0001,actor_2c8,5,0x10C408,0x01,0xD0,0x01,0x00,0x01,0x00,0x00,0x01F1,0x0037,0x01CB,0x00,0x46,0x00,190,10,190:0046:0017:01CB:01E2|191:0046:0017:01CC:01F2|192:0046:0027:01CD:01E2|193:0046:0027:01CE:01F2|194:0046:0037:01F4:01E2|195:0046:0037:01F5:01F2
round5_castle,0xDB,3682,0x0002,0x0003,0x0000,0x01,0x006D,0x0000,0x0001,actor_2c8,6,0x10C448,0x01,0x93,0x01,0x00,0x01,0x00,0x00,0x0139,0x00B7,0x033E,0x00,0x40,0x04,200,10,200:0040:0087:03A2:012A|201:0040:0097:03A3:012A|202:0040:00BF:0341:012A|203:0040:00AF:033F:012A|204:0040:009F:0365:012A|205:0040:00BF:0340:013A|206:0040:00AF:033E:013A|207:0040:009F:0364:013A|208:0040:008F:0356:0135|209:0040:009F:0363:014A
round5_castle,0xDB,3682,0x0002,0x0003,0x0000,0x01,0x006D,0x0000,0x0001,actor_2c8,7,0x10C488,0x01,0xD0,0x01,0x00,0x01,0x00,0x00,0x013B,0x00B7,0x01CB,0x00,0x46,0x00,210,10,210:0046:0097:01CB:012A|211:0046:0097:01CC:013A|212:0046:00A7:01CD:012A|213:0046:00A7:01CE:013A|214:0046:00B7:01F4:012A|215:0046:00B7:01F5:013A
round5_castle,0xDB,3682,0x0002,0x0003,0x0000,0x01,0x006D,0x0000,0x0001,actor_2c8,8,0x10C4C8,0x01,0x93,0x01,0x00,0x01,0x00,0x00,0x0139,0x00B7,0x033E,0x00,0x40,0x03,220,19,220:0040:0087:0334:012A|221:0040:0097:0335:012A|222:0040:00BF:0341:012A|223:0040:00AF:033F:012A|224:0040:009F:0365:012A|225:0040:00BF:0340:013A|226:0040:00AF:033E:013A|227:0040:009F:0364:013A|228:0040:008F:0356:0135|229:0040:009F:0363:014A
round5_castle,0xDB,3688,0x0002,0x0003,0x0000,0x01,0x006D,0x0000,0x0001,actor_2c8,4,0x10C3C8,0x01,0x94,0x01,0x00,0x01,0x00,0x00,0x01EF,0x0037,0x033E,0x00,0x40,0x03,180,10,180:0040:0007:0334:01E0|181:0040:0017:0335:01E0|182:0040:003F:0341:01E0|183:0040:002F:033F:01E0|184:0040:001F:0365:01E0|185:0040:003F:0340:01F0|186:0040:002F:033E:01F0|187:0040:001F:0364:01F0|188:0040:000F:0356:01EB|189:0040:001F:0363:0200
round5_castle,0xDB,3688,0x0002,0x0003,0x0000,0x01,0x006D,0x0000,0x0001,actor_2c8,5,0x10C408,0x01,0xD1,0x01,0x00,0x01,0x00,0x00,0x01F1,0x0037,0x01CB,0x00,0x46,0x00,190,10,190:0046:0017:01CB:01E0|191:0046:0017:01CC:01F0|192:0046:0027:01CD:01E0|193:0046:0027:01CE:01F0|194:0046:0037:01F4:01E0|195:0046:0037:01F5:01F0
round5_castle,0xDB,3688,0x0002,0x0003,0x0000,0x01,0x006D,0x0000,0x0001,actor_2c8,6,0x10C448,0x01,0x94,0x01,0x00,0x01,0x00,0x00,0x0139,0x00B7,0x033E,0x00,0x40,0x04,200,10,200:0040:0087:03A2:0128|201:0040:0097:03A3:0128|202:0040:00BF:0341:0128|203:0040:00AF:033F:0128|204:0040:009F:0365:0128|205:0040:00BF:0340:0138|206:0040:00AF:033E:0138|207:0040:009F:0364:0138|208:0040:008F:0356:0133|209:0040:009F:0363:0148
round5_castle,0xDB,3688,0x0002,0x0003,0x0000,0x01,0x006D,0x0000,0x0001,actor_2c8,7,0x10C488,0x01,0xD1,0x01,0x00,0x01,0x00,0x00,0x0139,0x00B7,0x01CB,0x00,0x46,0x00,210,10,210:0046:0097:01CB:012A|211:0046:0097:01CC:013A|212:0046:00A7:01CD:012A|213:0046:00A7:01CE:013A|214:0046:00B7:01F4:012A|215:0046:00B7:01F5:013A
round5_castle,0xDB,3688,0x0002,0x0003,0x0000,0x01,0x006D,0x0000,0x0001,actor_2c8,8,0x10C4C8,0x01,0x94,0x01,0x00,0x01,0x00,0x00,0x0139,0x00B7,0x033E,0x00,0x40,0x03,220,19,220:0040:0087:0334:0128|221:0040:0097:0335:0128|222:0040:00BF:0341:0128|223:0040:00AF:033F:0128|224:0040:009F:0365:0128|225:0040:00BF:0340:0138|226:0040:00AF:033E:0138|227:0040:009F:0364:0138|228:0040:008F:0356:0133|229:0040:009F:0363:0148
round5_castle,0xDB,3690,0x0002,0x0003,0x0000,0x01,0x006D,0x0000,0x0001,actor_2c8,4,0x10C3C8,0x01,0x94,0x01,0x00,0x01,0x00,0x00,0x01EF,0x0037,0x033E,0x00,0x40,0x03,180,10,180:0040:0007:0334:01E0|181:0040:0017:0335:01E0|182:0040:003F:0345:01E0|183:0040:002F:0343:01E0|184:0040:001F:0365:01E0|185:0040:003F:0344:01F0|186:0040:002F:0342:01F0|187:0040:001F:0364:01F0|188:0040:000F:0356:01EB|189:0040:001F:0363:0200
round5_castle,0xDB,3690,0x0002,0x0003,0x0000,0x01,0x006D,0x0000,0x0001,actor_2c8,5,0x10C408,0x01,0xD1,0x01,0x00,0x01,0x00,0x00,0x01F1,0x0037,0x01CB,0x00,0x46,0x00,190,10,190:0046:0017:01CB:01E0|191:0046:0017:01CC:01F0|192:0046:0027:01CD:01E0|193:0046:0027:01CE:01F0|194:0046:0037:01EE:01E0|195:0046:0037:01EF:01F0
round5_castle,0xDB,3696,0x0002,0x0003,0x0000,0x01,0x006D,0x0000,0x0001,actor_2c8,4,0x10C3C8,0x01,0x95,0x01,0x00,0x01,0x00,0x00,0x01EF,0x0037,0x033E,0x00,0x40,0x03,180,10,180:0040:0007:0334:01E0|181:0040:0017:0335:01E0|182:0040:003F:0345:01E0|183:0040:002F:0343:01E0|184:0040:001F:0365:01E0|185:0040:003F:0344:01F0|186:0040:002F:0342:01F0|187:0040:001F:0364:01F0|188:0040:000F:0356:01EB|189:0040:001F:0363:0200
round5_castle,0xDB,3696,0x0002,0x0003,0x0000,0x01,0x006D,0x0000,0x0001,actor_2c8,5,0x10C408,0x01,0xD2,0x01,0x00,0x01,0x00,0x00,0x01EF,0x0037,0x01CB,0x00,0x46,0x00,190,10,190:0046:0017:01CB:01E0|191:0046:0017:01CC:01F0|192:0046:0027:01CD:01E0|193:0046:0027:01CE:01F0|194:0046:0037:01EE:01E0|195:0046:0037:01EF:01F0
round5_castle,0xDB,3696,0x0002,0x0003,0x0000,0x01,0x006D,0x0000,0x0001,actor_2c8,6,0x10C448,0x01,0x95,0x01,0x00,0x01,0x00,0x00,0x0137,0x00B7,0x033E,0x00,0x40,0x04,200,10,200:0040:0087:03A2:0128|201:0040:0097:03A3:0128|202:0040:00BF:0345:0128|203:0040:00AF:0343:0128|204:0040:009F:0365:0128|205:0040:00BF:0344:0138|206:0040:00AF:0342:0138|207:0040:009F:0364:0138|208:0040:008F:0356:0133|209:0040:009F:0363:0148
round5_castle,0xDB,3696,0x0002,0x0003,0x0000,0x01,0x006D,0x0000,0x0001,actor_2c8,7,0x10C488,0x01,0xD2,0x01,0x00,0x01,0x00,0x00,0x0139,0x00B7,0x01CB,0x00,0x46,0x00,210,10,210:0046:0097:01CB:0128|211:0046:0097:01CC:0138|212:0046:00A7:01CD:0128|213:0046:00A7:01CE:0138|214:0046:00B7:01EE:0128|215:0046:00B7:01EF:0138
round5_castle,0xDB,3696,0x0002,0x0003,0x0000,0x01,0x006D,0x0000,0x0001,actor_2c8,8,0x10C4C8,0x01,0x95,0x01,0x00,0x01,0x00,0x00,0x0137,0x00B7,0x033E,0x00,0x40,0x03,220,19,220:0040:0087:0334:0128|221:0040:0097:0335:0128|222:0040:00BF:0345:0128|223:0040:00AF:0343:0128|224:0040:009F:0365:0128|225:0040:00BF:0344:0138|226:0040:00AF:0342:0138|227:0040:009F:0364:0138|228:0040:008F:0356:0133|229:0040:009F:0363:0148
round5_castle,0xDB,3698,0x0002,0x0003,0x0000,0x01,0x006D,0x0000,0x0001,actor_2c8,4,0x10C3C8,0x01,0x95,0x01,0x00,0x01,0x00,0x00,0x01EF,0x0037,0x033E,0x00,0x40,0x03,180,10,180:0040:0007:0334:01DE|181:0040:0017:0335:01DE|182:0040:003F:0349:01DE|183:0040:002F:0347:01DE|184:0040:001F:0365:01DE|185:0040:003F:0348:01EE|186:0040:002F:0346:01EE|187:0040:001F:0364:01EE|188:0040:000F:0356:01E9|189:0040:001F:0363:01FE
round5_castle,0xDB,3698,0x0002,0x0003,0x0000,0x01,0x006D,0x0000,0x0001,actor_2c8,5,0x10C408,0x01,0xD2,0x01,0x00,0x01,0x00,0x00,0x01EF,0x0037,0x01CB,0x00,0x46,0x00,190,10,190:0046:0017:01CB:01E0|191:0046:0017:01CC:01F0|192:0046:0027:01CD:01E0|193:0046:0027:01CE:01F0|194:0046:0037:01F0:01E0|195:0046:0037:01F1:01F0
round5_castle,0xDB,3698,0x0002,0x0003,0x0000,0x01,0x006D,0x0000,0x0001,actor_2c8,6,0x10C448,0x01,0x95,0x01,0x00,0x01,0x00,0x00,0x0137,0x00B7,0x033E,0x00,0x40,0x04,200,10,200:0040:0087:03A2:0128|201:0040:0097:03A3:0128|202:0040:00BF:0349:0128|203:0040:00AF:0347:0128|204:0040:009F:0365:0128|205:0040:00BF:0348:0138|206:0040:00AF:0346:0138|207:0040:009F:0364:0138|208:0040:008F:0356:0133|209:0040:009F:0363:0148
round5_castle,0xDB,3698,0x0002,0x0003,0x0000,0x01,0x006D,0x0000,0x0001,actor_2c8,7,0x10C488,0x01,0xD2,0x01,0x00,0x01,0x00,0x00,0x0139,0x00B7,0x01CB,0x00,0x46,0x00,210,10,210:0046:0097:01CB:0128|211:0046:0097:01CC:0138|212:0046:00A7:01CD:0128|213:0046:00A7:01CE:0138|214:0046:00B7:01F0:0128|215:0046:00B7:01F1:0138
round5_castle,0xDB,3698,0x0002,0x0003,0x0000,0x01,0x006D,0x0000,0x0001,actor_2c8,8,0x10C4C8,0x01,0x95,0x01,0x00,0x01,0x00,0x00,0x0137,0x00B7,0x033E,0x00,0x40,0x03,220,19,220:0040:0087:0334:0128|221:0040:0097:0335:0128|222:0040:00BF:0349:0128|223:0040:00AF:0347:0128|224:0040:009F:0365:0128|225:0040:00BF:0348:0138|226:0040:00AF:0346:0138|227:0040:009F:0364:0138|228:0040:008F:0356:0133|229:0040:009F:0363:0148
round5_castle,0xDB,3704,0x0002,0x0003,0x0000,0x01,0x006D,0x0000,0x0001,actor_2c8,4,0x10C3C8,0x01,0x94,0x01,0x00,0x01,0x00,0x00,0x01EF,0x0037,0x033E,0x00,0x40,0x03,180,10,180:0040:0007:0334:01DE|181:0040:0017:0335:01DE|182:0040:003F:0349:01DE|183:0040:002F:0347:01DE|184:0040:001F:0365:01DE|185:0040:003F:0348:01EE|186:0040:002F:0346:01EE|187:0040:001F:0364:01EE|188:0040:000F:0356:01E9|189:0040:001F:0363:01FE
round5_castle,0xDB,3704,0x0002,0x0003,0x0000,0x01,0x006D,0x0000,0x0001,actor_2c8,5,0x10C408,0x01,0xD3,0x01,0x00,0x01,0x00,0x00,0x01EF,0x0037,0x01CB,0x00,0x46,0x00,190,10,190:0046:0017:01CB:01E0|191:0046:0017:01CC:01F0|192:0046:0027:01CD:01E0|193:0046:0027:01CE:01F0|194:0046:0037:01F0:01E0|195:0046:0037:01F1:01F0
round5_castle,0xDB,3704,0x0002,0x0003,0x0000,0x01,0x006D,0x0000,0x0001,actor_2c8,6,0x10C448,0x01,0x94,0x01,0x00,0x01,0x00,0x00,0x0137,0x00B7,0x033E,0x00,0x40,0x04,200,10,200:0040:0087:03A2:0128|201:0040:0097:03A3:0128|202:0040:00BF:0349:0128|203:0040:00AF:0347:0128|204:0040:009F:0365:0128|205:0040:00BF:0348:0138|206:0040:00AF:0346:0138|207:0040:009F:0364:0138|208:0040:008F:0356:0133|209:0040:009F:0363:0148
round5_castle,0xDB,3704,0x0002,0x0003,0x0000,0x01,0x006D,0x0000,0x0001,actor_2c8,7,0x10C488,0x01,0xD3,0x01,0x00,0x01,0x00,0x00,0x0137,0x00B7,0x01CB,0x00,0x46,0x00,210,10,210:0046:0097:01CB:0128|211:0046:0097:01CC:0138|212:0046:00A7:01CD:0128|213:0046:00A7:01CE:0138|214:0046:00B7:01F0:0128|215:0046:00B7:01F1:0138
round5_castle,0xDB,3704,0x0002,0x0003,0x0000,0x01,0x006D,0x0000,0x0001,actor_2c8,8,0x10C4C8,0x01,0x94,0x01,0x00,0x01,0x00,0x00,0x0137,0x00B7,0x033E,0x00,0x40,0x03,220,19,220:0040:0087:0334:0128|221:0040:0097:0335:0128|222:0040:00BF:0349:0128|223:0040:00AF:0347:0128|224:0040:009F:0365:0128|225:0040:00BF:0348:0138|226:0040:00AF:0346:0138|227:0040:009F:0364:0138|228:0040:008F:0356:0133|229:0040:009F:0363:0148
round5_castle,0xDB,3706,0x0002,0x0003,0x0000,0x01,0x006D,0x0000,0x0001,actor_2c8,4,0x10C3C8,0x01,0x94,0x01,0x00,0x01,0x00,0x00,0x01ED,0x0037,0x033E,0x00,0x40,0x03,180,10,180:0040:0007:0334:01DE|181:0040:0017:0335:01DE|182:0040:003F:0345:01DE|183:0040:002F:0343:01DE|184:0040:001F:0365:01DE|185:0040:003F:0344:01EE|186:0040:002F:0342:01EE|187:0040:001F:0364:01EE|188:0040:000F:0356:01E9|189:0040:001F:0363:01FE
round5_castle,0xDB,3706,0x0002,0x0003,0x0000,0x01,0x006D,0x0000,0x0001,actor_2c8,5,0x10C408,0x01,0xD3,0x01,0x00,0x01,0x00,0x00,0x01EF,0x0037,0x01CB,0x00,0x46,0x00,190,10,190:0046:0017:01CB:01DE|191:0046:0017:01CC:01EE|192:0046:0027:01CD:01DE|193:0046:0027:01CE:01EE|194:0046:0037:01F2:01DE|195:0046:0037:01F3:01EE
round5_castle,0xDB,3706,0x0002,0x0003,0x0000,0x01,0x006D,0x0000,0x0001,actor_2c8,7,0x10C488,0x01,0xD3,0x01,0x00,0x01,0x00,0x00,0x0137,0x00B7,0x01CB,0x00,0x46,0x00,210,10,210:0046:0097:01CB:0128|211:0046:0097:01CC:0138|212:0046:00A7:01CD:0128|213:0046:00A7:01CE:0138|214:0046:00B7:01F2:0128|215:0046:00B7:01F3:0138
round5_castle,0xDB,3712,0x0002,0x0003,0x0000,0x01,0x006D,0x0000,0x0001,actor_2c8,4,0x10C3C8,0x01,0x93,0x01,0x00,0x01,0x00,0x00,0x01ED,0x0037,0x033E,0x00,0x40,0x03,180,10,180:0040:0007:0334:01DE|181:0040:0017:0335:01DE|182:0040:003F:0345:01DE|183:0040:002F:0343:01DE|184:0040:001F:0365:01DE|185:0040:003F:0344:01EE|186:0040:002F:0342:01EE|187:0040:001F:0364:01EE|188:0040:000F:0356:01E9|189:0040:001F:0363:01FE
round5_castle,0xDB,3712,0x0002,0x0003,0x0000,0x01,0x006D,0x0000,0x0001,actor_2c8,5,0x10C408,0x01,0xD0,0x01,0x00,0x01,0x00,0x00,0x01EF,0x0037,0x01CB,0x00,0x46,0x00,190,10,190:0046:0017:01CB:01DE|191:0046:0017:01CC:01EE|192:0046:0027:01CD:01DE|193:0046:0027:01CE:01EE|194:0046:0037:01F2:01DE|195:0046:0037:01F3:01EE
round5_castle,0xDB,3712,0x0002,0x0003,0x0000,0x01,0x006D,0x0000,0x0001,actor_2c8,6,0x10C448,0x01,0x93,0x01,0x00,0x01,0x00,0x00,0x0137,0x00B7,0x033E,0x00,0x40,0x04,200,10,200:0040:0087:03A2:0126|201:0040:0097:03A3:0126|202:0040:00BF:0345:0126|203:0040:00AF:0343:0126|204:0040:009F:0365:0126|205:0040:00BF:0344:0136|206:0040:00AF:0342:0136|207:0040:009F:0364:0136|208:0040:008F:0356:0131|209:0040:009F:0363:0146
round5_castle,0xDB,3712,0x0002,0x0003,0x0000,0x01,0x006D,0x0000,0x0001,actor_2c8,7,0x10C488,0x01,0xD0,0x01,0x00,0x01,0x00,0x00,0x0137,0x00B7,0x01CB,0x00,0x46,0x00,210,10,210:0046:0097:01CB:0128|211:0046:0097:01CC:0138|212:0046:00A7:01CD:0128|213:0046:00A7:01CE:0138|214:0046:00B7:01F2:0128|215:0046:00B7:01F3:0138
round5_castle,0xDB,3712,0x0002,0x0003,0x0000,0x01,0x006D,0x0000,0x0001,actor_2c8,8,0x10C4C8,0x01,0x93,0x01,0x00,0x01,0x00,0x00,0x0137,0x00B7,0x033E,0x00,0x40,0x03,220,19,220:0040:0087:0334:0126|221:0040:0097:0335:0126|222:0040:00BF:0345:0126|223:0040:00AF:0343:0126|224:0040:009F:0365:0126|225:0040:00BF:0344:0136|226:0040:00AF:0342:0136|227:0040:009F:0364:0136|228:0040:008F:0356:0131|229:0040:009F:0363:0146
round5_castle,0xDB,3714,0x0002,0x0003,0x0000,0x01,0x006D,0x0000,0x0001,actor_2c8,4,0x10C3C8,0x01,0x93,0x01,0x00,0x01,0x00,0x00,0x01ED,0x0037,0x033E,0x00,0x40,0x03,180,10,180:0040:0007:0334:01DE|181:0040:0017:0335:01DE|182:0040:003F:0341:01DE|183:0040:002F:033F:01DE|184:0040:001F:0365:01DE|185:0040:003F:0340:01EE|186:0040:002F:033E:01EE|187:0040:001F:0364:01EE|188:0040:000F:0356:01E9|189:0040:001F:0363:01FE
round5_castle,0xDB,3714,0x0002,0x0003,0x0000,0x01,0x006D,0x0000,0x0001,actor_2c8,5,0x10C408,0x01,0xD0,0x01,0x00,0x01,0x00,0x00,0x01ED,0x0037,0x01CB,0x00,0x46,0x00,190,10,190:0046:0017:01CB:01DE|191:0046:0017:01CC:01EE|192:0046:0027:01CD:01DE|193:0046:0027:01CE:01EE|194:0046:0037:01F4:01DE|195:0046:0037:01F5:01EE
round5_castle,0xDB,3714,0x0002,0x0003,0x0000,0x01,0x006D,0x0000,0x0001,actor_2c8,6,0x10C448,0x01,0x93,0x01,0x00,0x01,0x00,0x00,0x0135,0x00B7,0x033E,0x00,0x40,0x04,200,10,200:0040:0087:03A2:0126|201:0040:0097:03A3:0126|202:0040:00BF:0341:0126|203:0040:00AF:033F:0126|204:0040:009F:0365:0126|205:0040:00BF:0340:0136|206:0040:00AF:033E:0136|207:0040:009F:0364:0136|208:0040:008F:0356:0131|209:0040:009F:0363:0146
round5_castle,0xDB,3714,0x0002,0x0003,0x0000,0x01,0x006D,0x0000,0x0001,actor_2c8,7,0x10C488,0x01,0xD0,0x01,0x00,0x01,0x00,0x00,0x0137,0x00B7,0x01CB,0x00,0x46,0x00,210,10,210:0046:0097:01CB:0126|211:0046:0097:01CC:0136|212:0046:00A7:01CD:0126|213:0046:00A7:01CE:0136|214:0046:00B7:01F4:0126|215:0046:00B7:01F5:0136
round5_castle,0xDB,3714,0x0002,0x0003,0x0000,0x01,0x006D,0x0000,0x0001,actor_2c8,8,0x10C4C8,0x01,0x93,0x01,0x00,0x01,0x00,0x00,0x0135,0x00B7,0x033E,0x00,0x40,0x03,220,19,220:0040:0087:0334:0126|221:0040:0097:0335:0126|222:0040:00BF:0341:0126|223:0040:00AF:033F:0126|224:0040:009F:0365:0126|225:0040:00BF:0340:0136|226:0040:00AF:033E:0136|227:0040:009F:0364:0136|228:0040:008F:0356:0131|229:0040:009F:0363:0146
round5_castle,0xDB,3716,0x0002,0x0003,0x0000,0x01,0x006D,0x0000,0x0001,actor_2c8,4,0x10C3C8,0x01,0x93,0x01,0x00,0x10,0x00,0x00,0x01EB,0x0037,0x033E,0x00,0x40,0x03,180,10,180:0040:0007:0334:01DC|181:0040:0017:0335:01DC|182:0040:003F:0341:01DC|183:0040:002F:033F:01DC|184:0040:001F:0365:01DC|185:0040:003F:0340:01EC|186:0040:002F:033E:01EC|187:0040:001F:0364:01EC|188:0040:000F:0356:01E7|189:0040:001F:0363:01FC
round5_castle,0xDB,3716,0x0002,0x0003,0x0000,0x01,0x006D,0x0000,0x0001,actor_2c8,5,0x10C408,0x01,0xD4,0x01,0x00,0x1F,0x00,0x00,0x01EB,0x0037,0x01CB,0x00,0x46,0x00,190,10,190:0046:0017:01CB:01DC|191:0046:0017:01CC:01EC|192:0046:0027:01CF:01DC|193:0046:0027:01D0:01EC|194:0046:0037:01F4:01DC|195:0046:0037:01F5:01EC
round5_castle,0xDB,3718,0x0002,0x0003,0x0000,0x01,0x006D,0x0000,0x0001,actor_2c8,4,0x10C3C8,0x01,0x93,0x01,0x00,0x10,0x00,0x00,0x01E9,0x0037,0x033E,0x00,0x40,0x03,180,10,180:0040:0007:0334:01DA|181:0040:0017:0335:01DA|182:0040:003F:0341:01DA|183:0040:002F:033F:01DA|184:0040:001F:0365:01DA|185:0040:003F:0340:01EA|186:0040:002F:033E:01EA|187:0040:001F:0364:01EA|188:0040:000F:0356:01E5|189:0040:001F:0363:01FA
round5_castle,0xDB,3718,0x0002,0x0003,0x0000,0x01,0x006D,0x0000,0x0001,actor_2c8,5,0x10C408,0x01,0xD4,0x01,0x00,0x1F,0x00,0x00,0x01E9,0x0037,0x01CB,0x00,0x46,0x00,190,10,190:0046:0017:01CB:01DA|191:0046:0017:01CC:01EA|192:0046:0027:01CF:01DA|193:0046:0027:01D0:01EA|194:0046:0037:01F4:01DA|195:0046:0037:01F5:01EA
round5_castle,0xDB,3720,0x0002,0x0003,0x0000,0x01,0x006D,0x0000,0x0001,actor_2c8,6,0x10C448,0x01,0x94,0x01,0x00,0x01,0x00,0x00,0x0136,0x00B7,0x033E,0x00,0x40,0x04,200,10,200:0040:0087:03A2:0127|201:0040:0097:03A3:0127|202:0040:00BF:0341:0127|203:0040:00AF:033F:0127|204:0040:009F:0365:0127|205:0040:00BF:0340:0137|206:0040:00AF:033E:0137|207:0040:009F:0364:0137|208:0040:008F:0356:0132|209:0040:009F:0363:0147
round5_castle,0xDB,3720,0x0002,0x0003,0x0000,0x01,0x006D,0x0000,0x0001,actor_2c8,7,0x10C488,0x01,0xD1,0x01,0x00,0x01,0x00,0x00,0x0138,0x00B7,0x01CB,0x00,0x46,0x00,210,10,210:0046:0097:01CB:0127|211:0046:0097:01CC:0137|212:0046:00A7:01CD:0127|213:0046:00A7:01CE:0137|214:0046:00B7:01F4:0127|215:0046:00B7:01F5:0137
round5_castle,0xDB,3720,0x0002,0x0003,0x0000,0x01,0x006D,0x0000,0x0001,actor_2c8,8,0x10C4C8,0x01,0x94,0x01,0x00,0x01,0x00,0x00,0x0136,0x00B7,0x033E,0x00,0x40,0x03,220,19,220:0040:0087:0334:0127|221:0040:0097:0335:0127|222:0040:00BF:0341:0127|223:0040:00AF:033F:0127|224:0040:009F:0365:0127|225:0040:00BF:0340:0137|226:0040:00AF:033E:0137|227:0040:009F:0364:0137|228:0040:008F:0356:0132|229:0040:009F:0363:0147
round5_castle,0xDB,3728,0x0002,0x0003,0x0000,0x01,0x006D,0x0000,0x0001,actor_2c8,6,0x10C448,0x01,0x95,0x01,0x00,0x01,0x00,0x00,0x013A,0x00B7,0x033E,0x00,0x40,0x04,200,10,200:0040:0087:03A2:0129|201:0040:0097:03A3:0129|202:0040:00BF:0345:0129|203:0040:00AF:0343:0129|204:0040:009F:0365:0129|205:0040:00BF:0344:0139|206:0040:00AF:0342:0139|207:0040:009F:0364:0139|208:0040:008F:0356:0134|209:0040:009F:0363:0149
round5_castle,0xDB,3728,0x0002,0x0003,0x0000,0x01,0x006D,0x0000,0x0001,actor_2c8,7,0x10C488,0x01,0xD2,0x01,0x00,0x01,0x00,0x00,0x013A,0x00B7,0x01CB,0x00,0x46,0x00,210,10,210:0046:0097:01CB:012B|211:0046:0097:01CC:013B|212:0046:00A7:01CD:012B|213:0046:00A7:01CE:013B|214:0046:00B7:01EE:012B|215:0046:00B7:01EF:013B
round5_castle,0xDB,3728,0x0002,0x0003,0x0000,0x01,0x006D,0x0000,0x0001,actor_2c8,8,0x10C4C8,0x01,0x95,0x01,0x00,0x01,0x00,0x00,0x013A,0x00B7,0x033E,0x00,0x40,0x03,220,19,220:0040:0087:0334:0129|221:0040:0097:0335:0129|222:0040:00BF:0345:0129|223:0040:00AF:0343:0129|224:0040:009F:0365:0129|225:0040:00BF:0344:0139|226:0040:00AF:0342:0139|227:0040:009F:0364:0139|228:0040:008F:0356:0134|229:0040:009F:0363:0149
round5_castle,0xDB,3730,0x0002,0x0003,0x0000,0x01,0x006D,0x0000,0x0001,actor_2c8,7,0x10C488,0x01,0xD2,0x01,0x00,0x01,0x00,0x00,0x013B,0x00B7,0x01CB,0x00,0x46,0x00,210,10,210:0046:0097:01CB:012C|211:0046:0097:01CC:013C|212:0046:00A7:01CD:012C|213:0046:00A7:01CE:013C|214:0046:00B7:01F0:012C|215:0046:00B7:01F1:013C
round5_castle,0xDB,3734,0x0002,0x0003,0x0000,0x01,0x006D,0x0000,0x0001,actor_2c8,8,0x10C4C8,0x01,0x95,0x01,0x00,0x01,0x00,0x00,0x013B,0x00B7,0x033E,0x00,0x40,0x03,220,19,220:0040:0087:0334:012C|221:0040:0097:0335:012C|222:0040:00BF:0349:012C|223:0040:00AF:0347:012C|224:0040:009F:0365:012C|225:0040:00BF:0348:013C|226:0040:00AF:0346:013C|227:0040:009F:0364:013C|228:0040:008F:0356:0137|229:0040:009F:0363:014C
round5_castle,0xDB,3736,0x0002,0x0003,0x0000,0x01,0x006D,0x0000,0x0001,actor_2c8,6,0x10C448,0x01,0x94,0x00,0x00,0x02,0x00,0x00,0x0134,0x00B7,0x033E,0x00,0x40,0x04,200,10,200:4040:0087:03A2:0134|201:4040:0097:03A3:0134|202:4040:00BF:0349:0134|203:4040:00AF:0347:0134|204:4040:009F:0365:0134|205:4040:00BF:0348:0124|206:4040:00AF:0346:0124|207:4040:009F:0364:0124|208:4040:008F:0356:0129|209:4040:009F:0363:0114
round5_castle,0xDB,3736,0x0002,0x0003,0x0000,0x01,0x006D,0x0000,0x0001,actor_2c8,7,0x10C488,0x01,0xD3,0x00,0x00,0x02,0x00,0x00,0x0132,0x00B7,0x01CB,0x00,0x46,0x00,210,10,210:4046:0097:01CB:0134|211:4046:0097:01CC:0124|212:4046:00A7:01CD:0134|213:4046:00A7:01CE:0124|214:4046:00B7:01F0:0134|215:4046:00B7:01F1:0124
round5_castle,0xDB,3736,0x0002,0x0003,0x0000,0x01,0x006D,0x0000,0x0001,actor_2c8,8,0x10C4C8,0x01,0x94,0x01,0x00,0x01,0x00,0x00,0x013C,0x00B7,0x033E,0x00,0x40,0x03,220,19,220:0040:0087:0334:012D|221:0040:0097:0335:012D|222:0040:00BF:0349:012D|223:0040:00AF:0347:012D|224:0040:009F:0365:012D|225:0040:00BF:0348:013D|226:0040:00AF:0346:013D|227:0040:009F:0364:013D|228:0040:008F:0356:0138|229:0040:009F:0363:014D
round5_castle,0xDB,3738,0x0002,0x0003,0x0000,0x01,0x006D,0x0000,0x0001,actor_2c8,6,0x10C448,0x01,0x94,0x00,0x00,0x02,0x00,0x00,0x0131,0x00B7,0x033E,0x00,0x40,0x04,200,10,200:4040:0087:03A2:0131|201:4040:0097:03A3:0131|202:4040:00BF:0345:0131|203:4040:00AF:0343:0131|204:4040:009F:0365:0131|205:4040:00BF:0344:0121|206:4040:00AF:0342:0121|207:4040:009F:0364:0121|208:4040:008F:0356:0126|209:4040:009F:0363:0111
round5_castle,0xDB,3740,0x0002,0x0003,0x0000,0x01,0x006D,0x0000,0x0001,actor_2c8,6,0x10C448,0x01,0x94,0x00,0x00,0x02,0x00,0x00,0x012E,0x00B7,0x033E,0x00,0x40,0x04,200,10,200:4040:0087:03A2:012E|201:4040:0097:03A3:012E|202:4040:00BF:0345:012E|203:4040:00AF:0343:012E|204:4040:009F:0365:012E|205:4040:00BF:0344:011E|206:4040:00AF:0342:011E|207:4040:009F:0364:011E|208:4040:008F:0356:0123|209:4040:009F:0363:010E
round5_castle,0xDB,3744,0x0002,0x0003,0x0000,0x01,0x006D,0x0000,0x0001,actor_2c8,6,0x10C448,0x01,0x93,0x00,0x00,0x02,0x00,0x00,0x0128,0x00B7,0x033E,0x00,0x40,0x04,200,10,200:4040:0087:03A2:012A|201:4040:0097:03A3:012A|202:4040:00BF:0345:012A|203:4040:00AF:0343:012A|204:4040:009F:0365:012A|205:4040:00BF:0344:011A|206:4040:00AF:0342:011A|207:4040:009F:0364:011A|208:4040:008F:0356:011F|209:4040:009F:0363:010A
round5_castle,0xDB,3744,0x0002,0x0003,0x0000,0x01,0x006D,0x0000,0x0001,actor_2c8,7,0x10C488,0x01,0xD0,0x00,0x00,0x02,0x00,0x00,0x0128,0x00B7,0x01CB,0x00,0x46,0x00,210,10,210:4046:0097:01CB:0128|211:4046:0097:01CC:0118|212:4046:00A7:01CD:0128|213:4046:00A7:01CE:0118|214:4046:00B7:01F2:0128|215:4046:00B7:01F3:0118
round5_castle,0xDB,3744,0x0002,0x0003,0x0000,0x01,0x006D,0x0000,0x0001,actor_2c8,8,0x10C4C8,0x01,0x93,0x01,0x00,0x01,0x00,0x00,0x0140,0x00B7,0x033E,0x00,0x40,0x03,220,19,220:0040:0087:0334:012F|221:0040:0097:0335:012F|222:0040:00BF:0345:012F|223:0040:00AF:0343:012F|224:0040:009F:0365:012F|225:0040:00BF:0344:013F|226:0040:00AF:0342:013F|227:0040:009F:0364:013F|228:0040:008F:0356:013A|229:0040:009F:0363:014F
round5_castle,0xDB,3746,0x0002,0x0003,0x0000,0x01,0x006D,0x0000,0x0001,actor_2c8,7,0x10C488,0x01,0xD0,0x00,0x00,0x02,0x00,0x00,0x0125,0x00B7,0x01CB,0x00,0x46,0x00,210,10,210:4046:0097:01CB:0125|211:4046:0097:01CC:0115|212:4046:00A7:01CD:0125|213:4046:00A7:01CE:0115|214:4046:00B7:01F4:0125|215:4046:00B7:01F5:0115
round5_castle,0xDB,3748,0x0002,0x0003,0x0000,0x01,0x006D,0x0000,0x0001,actor_2c8,7,0x10C488,0x01,0xD0,0x00,0x00,0x02,0x00,0x00,0x0122,0x00B7,0x01CB,0x00,0x46,0x00,210,10,210:4046:0097:01CB:0122|211:4046:0097:01CC:0112|212:4046:00A7:01CD:0122|213:4046:00A7:01CE:0112|214:4046:00B7:01F4:0122|215:4046:00B7:01F5:0112
round5_castle,0xDB,3752,0x0002,0x0003,0x0000,0x01,0x006D,0x0000,0x0001,actor_2c8,6,0x10C448,0x01,0x94,0x00,0x00,0x02,0x00,0x00,0x011E,0x00B7,0x033E,0x00,0x40,0x04,200,10,200:4040:0087:03A2:011E|201:4040:0097:03A3:011E|202:4040:00BF:0341:011E|203:4040:00AF:033F:011E|204:4040:009F:0365:011E|205:4040:00BF:0340:010E|206:4040:00AF:033E:010E|207:4040:009F:0364:010E|208:4040:008F:0356:0113|209:4040:009F:0363:00FE
round5_castle,0xDB,3752,0x0002,0x0003,0x0000,0x01,0x006D,0x0000,0x0001,actor_2c8,7,0x10C488,0x01,0xD1,0x00,0x00,0x02,0x00,0x00,0x011C,0x00B7,0x01CB,0x00,0x46,0x00,210,10,210:4046:0097:01CB:011E|211:4046:0097:01CC:010E|212:4046:00A7:01CD:011E|213:4046:00A7:01CE:010E|214:4046:00B7:01F4:011E|215:4046:00B7:01F5:010E
round5_castle,0xDB,3752,0x0002,0x0003,0x0000,0x01,0x006D,0x0000,0x0001,actor_2c8,8,0x10C4C8,0x01,0x94,0x01,0x00,0x01,0x00,0x00,0x0142,0x00B7,0x033E,0x00,0x40,0x03,220,19,220:0040:0087:0334:0133|221:0040:0097:0335:0133|222:0040:00BF:0341:0133|223:0040:00AF:033F:0133|224:0040:009F:0365:0133|225:0040:00BF:0340:0143|226:0040:00AF:033E:0143|227:0040:009F:0364:0143|228:0040:008F:0356:013E|229:0040:009F:0363:0153
round5_castle,0xDB,3754,0x0002,0x0003,0x0000,0x01,0x006D,0x0000,0x0001,actor_2c8,6,0x10C448,0x01,0x94,0x00,0x00,0x02,0x00,0x00,0x011B,0x00B7,0x033E,0x00,0x40,0x04,200,10,200:4040:0087:03A2:011B|201:4040:0097:03A3:011B|202:4040:00BF:0345:011B|203:4040:00AF:0343:011B|204:4040:009F:0365:011B|205:4040:00BF:0344:010B|206:4040:00AF:0342:010B|207:4040:009F:0364:010B|208:4040:008F:0356:0110|209:4040:009F:0363:00FB
round5_castle,0xDB,3754,0x0002,0x0003,0x0000,0x01,0x006D,0x0000,0x0001,actor_2c8,8,0x10C4C8,0x01,0x94,0x01,0x00,0x01,0x00,0x00,0x0143,0x00B7,0x033E,0x00,0x40,0x03,220,19,220:0040:0087:0334:0134|221:0040:0097:0335:0134|222:0040:00BF:0345:0134|223:0040:00AF:0343:0134|224:0040:009F:0365:0134|225:0040:00BF:0344:0144|226:0040:00AF:0342:0144|227:0040:009F:0364:0144|228:0040:008F:0356:013F|229:0040:009F:0363:0154
round5_castle,0xDB,3756,0x0002,0x0003,0x0000,0x01,0x006D,0x0000,0x0001,actor_2c8,6,0x10C448,0x01,0x94,0x00,0x00,0x02,0x00,0x00,0x0117,0x00B7,0x033E,0x00,0x40,0x04,200,10,200:4040:0087:03A2:0117|201:4040:0097:03A3:0117|202:4040:00BF:0345:0117|203:4040:00AF:0343:0117|204:4040:009F:0365:0117|205:4040:00BF:0344:0107|206:4040:00AF:0342:0107|207:4040:009F:0364:0107|208:4040:008F:0356:010C|209:4040:009F:0363:00F7
round5_castle,0xDB,3756,0x0002,0x0003,0x0000,0x01,0x006D,0x0000,0x0001,actor_2c8,7,0x10C488,0x01,0xD1,0x00,0x00,0x02,0x00,0x00,0x0115,0x00B7,0x01CB,0x00,0x46,0x00,210,10,210:4046:0097:01CB:0117|211:4046:0097:01CC:0107|212:4046:00A7:01CD:0117|213:4046:00A7:01CE:0107|214:4046:00B7:01EE:0117|215:4046:00B7:01EF:0107
round5_castle,0xDB,3758,0x0002,0x0003,0x0000,0x01,0x006D,0x0000,0x0001,actor_2c8,6,0x10C448,0x01,0x94,0x00,0x00,0x02,0x00,0x00,0x0113,0x00B7,0x033E,0x00,0x40,0x04,200,10,200:4040:0087:03A2:0113|201:4040:0097:03A3:0113|202:4040:00BF:0345:0113|203:4040:00AF:0343:0113|204:4040:009F:0365:0113|205:4040:00BF:0344:0103|206:4040:00AF:0342:0103|207:4040:009F:0364:0103|208:4040:008F:0356:0108|209:4040:009F:0363:00F3
round5_castle,0xDB,3758,0x0002,0x0003,0x0000,0x01,0x006D,0x0000,0x0001,actor_2c8,7,0x10C488,0x01,0xD1,0x00,0x00,0x02,0x00,0x00,0x0113,0x00B7,0x01CB,0x00,0x46,0x00,210,10,210:4046:0097:01CB:0113|211:4046:0097:01CC:0103|212:4046:00A7:01CD:0113|213:4046:00A7:01CE:0103|214:4046:00B7:01EE:0113|215:4046:00B7:01EF:0103
round5_castle,0xDB,3760,0x0002,0x0003,0x0000,0x01,0x006D,0x0000,0x0001,actor_2c8,6,0x10C448,0x01,0x95,0x00,0x00,0x02,0x00,0x00,0x0110,0x00B7,0x033E,0x00,0x40,0x04,200,10,200:4040:0087:03A2:0111|201:4040:0097:03A3:0111|202:4040:00BF:0345:0111|203:4040:00AF:0343:0111|204:4040:009F:0365:0111|205:4040:00BF:0344:0101|206:4040:00AF:0342:0101|207:4040:009F:0364:0101|208:4040:008F:0356:0106|209:4040:009F:0363:00F1
round5_castle,0xDB,3760,0x0002,0x0003,0x0000,0x01,0x006D,0x0000,0x0001,actor_2c8,7,0x10C488,0x01,0xD2,0x00,0x00,0x02,0x00,0x00,0x0110,0x00B7,0x01CB,0x00,0x46,0x00,210,10,210:4046:0097:01CB:010F|211:4046:0097:01CC:00FF|212:4046:00A7:01CD:010F|213:4046:00A7:01CE:00FF|214:4046:00B7:01EE:010F|215:4046:00B7:01EF:00FF
round5_castle,0xDB,3760,0x0002,0x0003,0x0000,0x01,0x006D,0x0000,0x0001,actor_2c8,8,0x10C4C8,0x01,0x95,0x01,0x00,0x01,0x00,0x00,0x0144,0x00B7,0x033E,0x00,0x40,0x03,220,19,220:0040:0087:0334:0132|221:0040:0097:0335:0132|222:0040:00BF:0345:0132|223:0040:00AF:0343:0132|224:0040:009F:0365:0132|225:0040:00BF:0344:0142|226:0040:00AF:0342:0142|227:0040:009F:0364:0142|228:0040:008F:0356:013D|229:0040:009F:0363:0152
round5_castle,0xDB,3768,0x0002,0x0003,0x0000,0x01,0x006D,0x0000,0x0001,actor_2c8,6,0x10C448,0x01,0x94,0x00,0x00,0x02,0x00,0x00,0x010A,0x00B7,0x033E,0x00,0x40,0x04,200,10,200:4040:0087:03A2:0109|201:4040:0097:03A3:0109|202:4040:00BF:0349:0109|203:4040:00AF:0347:0109|204:4040:009F:0365:0109|205:4040:00BF:0348:00F9|206:4040:00AF:0346:00F9|207:4040:009F:0364:00F9|208:4040:008F:0356:00FE|209:4040:009F:0363:00E9
round5_castle,0xDB,3768,0x0002,0x0003,0x0000,0x01,0x006D,0x0000,0x0001,actor_2c8,7,0x10C488,0x01,0xD3,0x01,0x00,0x01,0x00,0x00,0x010C,0x00B7,0x01CB,0x00,0x46,0x00,210,10,210:4046:0097:01CB:0109|211:4046:0097:01CC:00F9|212:4046:00A7:01CD:0109|213:4046:00A7:01CE:00F9|214:4046:00B7:01F0:0109|215:4046:00B7:01F1:00F9
round5_castle,0xDB,3768,0x0002,0x0003,0x0000,0x01,0x006D,0x0000,0x0001,actor_2c8,8,0x10C4C8,0x01,0x94,0x01,0x00,0x01,0x00,0x00,0x014A,0x00B7,0x033E,0x00,0x40,0x03,220,19,220:0040:0087:0334:013A|221:0040:0097:0335:013A|222:0040:00BF:0349:013A|223:0040:00AF:0347:013A|224:0040:009F:0365:013A|225:0040:00BF:0348:014A|226:0040:00AF:0346:014A|227:0040:009F:0364:014A|228:0040:008F:0356:0145|229:0040:009F:0363:015A
round5_castle,0xDB,3776,0x0002,0x0003,0x0000,0x01,0x006D,0x0000,0x0001,actor_2c8,6,0x10C448,0x01,0x93,0x01,0x00,0x01,0x00,0x00,0x0112,0x00B7,0x033E,0x00,0x40,0x04,200,10,200:0040:0087:03A2:0102|201:0040:0097:03A3:0102|202:0040:00BF:0345:0102|203:0040:00AF:0343:0102|204:0040:009F:0365:0102|205:0040:00BF:0344:0112|206:0040:00AF:0342:0112|207:0040:009F:0364:0112|208:0040:008F:0356:010D|209:0040:009F:0363:0122
round5_castle,0xDB,3776,0x0002,0x0003,0x0000,0x01,0x006D,0x0000,0x0001,actor_2c8,7,0x10C488,0x01,0xD0,0x01,0x00,0x01,0x00,0x00,0x0112,0x00B7,0x01CB,0x00,0x46,0x00,210,10,210:0046:0097:01CB:0102|211:0046:0097:01CC:0112|212:0046:00A7:01CD:0102|213:0046:00A7:01CE:0112|214:0046:00B7:01F2:0102|215:0046:00B7:01F3:0112
round5_castle,0xDB,3776,0x0002,0x0003,0x0000,0x01,0x006D,0x0000,0x0001,actor_2c8,8,0x10C4C8,0x01,0x93,0x01,0x00,0x01,0x00,0x00,0x0152,0x00B7,0x033E,0x00,0x40,0x03,220,19,220:0040:0087:0334:0142|221:0040:0097:0335:0142|222:0040:00BF:0345:0142|223:0040:00AF:0343:0142|224:0040:009F:0365:0142|225:0040:00BF:0344:0152|226:0040:00AF:0342:0152|227:0040:009F:0364:0152|228:0040:008F:0356:014D|229:0040:009F:0363:0162
round5_castle,0xDB,3784,0x0002,0x0003,0x0000,0x01,0x006D,0x0000,0x0001,actor_2c8,6,0x10C448,0x01,0x94,0x01,0x00,0x01,0x00,0x00,0x011A,0x00B7,0x033E,0x00,0x40,0x04,200,10,200:0040:0087:03A2:0108|201:0040:0097:03A3:0108|202:0040:00BF:0341:0108|203:0040:00AF:033F:0108|204:0040:009F:0365:0108|205:0040:00BF:0340:0118|206:0040:00AF:033E:0118|207:0040:009F:0364:0118|208:0040:008F:0356:0113|209:0040:009F:0363:0128
round5_castle,0xDB,3784,0x0002,0x0003,0x0000,0x01,0x006D,0x0000,0x0001,actor_2c8,7,0x10C488,0x01,0xD1,0x01,0x00,0x01,0x00,0x00,0x011A,0x00B7,0x01CB,0x00,0x46,0x00,210,10,210:0046:0097:01CB:010A|211:0046:0097:01CC:011A|212:0046:00A7:01CD:010A|213:0046:00A7:01CE:011A|214:0046:00B7:01F4:010A|215:0046:00B7:01F5:011A
round5_castle,0xDB,3792,0x0002,0x0003,0x0000,0x01,0x006D,0x0000,0x0001,actor_2c8,6,0x10C448,0x01,0x95,0x01,0x00,0x01,0x00,0x00,0x0120,0x00B7,0x033E,0x00,0x40,0x04,200,10,200:0040:0087:03A2:0110|201:0040:0097:03A3:0110|202:0040:00BF:0345:0110|203:0040:00AF:0343:0110|204:0040:009F:0365:0110|205:0040:00BF:0344:0120|206:0040:00AF:0342:0120|207:0040:009F:0364:0120|208:0040:008F:0356:011B|209:0040:009F:0363:0130
round5_castle,0xDB,3792,0x0002,0x0003,0x0000,0x01,0x006D,0x0000,0x0001,actor_2c8,7,0x10C488,0x01,0xD2,0x01,0x00,0x01,0x00,0x00,0x0122,0x00B7,0x01CB,0x00,0x46,0x00,210,10,210:0046:0097:01CB:0110|211:0046:0097:01CC:0120|212:0046:00A7:01CD:0110|213:0046:00A7:01CE:0120|214:0046:00B7:01EE:0110|215:0046:00B7:01EF:0120
round5_castle,0xDB,3800,0x0002,0x0003,0x0000,0x01,0x006D,0x0000,0x0001,actor_2c8,6,0x10C448,0x01,0x94,0x01,0x00,0x01,0x00,0x00,0x0128,0x00B7,0x033E,0x00,0x40,0x04,200,10,200:0040:0087:03A2:0116|201:0040:0097:03A3:0116|202:0040:00BF:0349:0116|203:0040:00AF:0347:0116|204:0040:009F:0365:0116|205:0040:00BF:0348:0126|206:0040:00AF:0346:0126|207:0040:009F:0364:0126|208:0040:008F:0356:0121|209:0040:009F:0363:0136
round5_castle,0xDB,3800,0x0002,0x0003,0x0000,0x01,0x006D,0x0000,0x0001,actor_2c8,7,0x10C488,0x01,0xD3,0x01,0x00,0x01,0x00,0x00,0x0128,0x00B7,0x01CB,0x00,0x46,0x00,210,10,210:0046:0097:01CB:0118|211:0046:0097:01CC:0128|212:0046:00A7:01CD:0118|213:0046:00A7:01CE:0128|214:0046:00B7:01F0:0118|215:0046:00B7:01F1:0128
round5_castle,0xDB,3808,0x0002,0x0003,0x0000,0x01,0x006D,0x0000,0x0001,actor_2c8,6,0x10C448,0x01,0x93,0x01,0x00,0x01,0x00,0x00,0x012E,0x00B7,0x033E,0x00,0x40,0x04,200,10,200:0040:0087:03A2:011E|201:0040:0097:03A3:011E|202:0040:00BF:0345:011E|203:0040:00AF:0343:011E|204:0040:009F:0365:011E|205:0040:00BF:0344:012E|206:0040:00AF:0342:012E|207:0040:009F:0364:012E|208:0040:008F:0356:0129|209:0040:009F:0363:013E
round5_castle,0xDB,3808,0x0002,0x0003,0x0000,0x01,0x006D,0x0000,0x0001,actor_2c8,7,0x10C488,0x01,0xD0,0x01,0x00,0x01,0x00,0x00,0x0130,0x00B7,0x01CB,0x00,0x46,0x00,210,10,210:0046:0097:01CB:011E|211:0046:0097:01CC:012E|212:0046:00A7:01CD:011E|213:0046:00A7:01CE:012E|214:0046:00B7:01F2:011E|215:0046:00B7:01F3:012E
round5_castle,0xDB,3816,0x0002,0x0003,0x0000,0x01,0x006D,0x0000,0x0001,actor_2c8,6,0x10C448,0x01,0x94,0x01,0x00,0x01,0x00,0x00,0x0136,0x00B7,0x033E,0x00,0x40,0x04,200,10,200:0040:0087:03A2:0124|201:0040:0097:03A3:0124|202:0040:00BF:0341:0124|203:0040:00AF:033F:0124|204:0040:009F:0365:0124|205:0040:00BF:0340:0134|206:0040:00AF:033E:0134|207:0040:009F:0364:0134|208:0040:008F:0356:012F|209:0040:009F:0363:0144
round5_castle,0xDB,3816,0x0002,0x0003,0x0000,0x01,0x006D,0x0000,0x0001,actor_2c8,7,0x10C488,0x01,0xD1,0x01,0x00,0x01,0x00,0x00,0x0136,0x00B7,0x01CB,0x00,0x46,0x00,210,10,210:0046:0097:01CB:0126|211:0046:0097:01CC:0136|212:0046:00A7:01CD:0126|213:0046:00A7:01CE:0136|214:0046:00B7:01F4:0126|215:0046:00B7:01F5:0136
round5_castle,0xDB,3824,0x0002,0x0003,0x0000,0x01,0x006D,0x0000,0x0001,actor_2c8,6,0x10C448,0x01,0x95,0x00,0x00,0x02,0x00,0x00,0x0138,0x00B7,0x033E,0x00,0x40,0x04,200,10,200:4040:0087:03A2:0137|201:4040:0097:03A3:0137|202:4040:00BF:0345:0137|203:4040:00AF:0343:0137|204:4040:009F:0365:0137|205:4040:00BF:0344:0127|206:4040:00AF:0342:0127|207:4040:009F:0364:0127|208:4040:008F:0356:012C|209:4040:009F:0363:0117
round5_castle,0xDB,3824,0x0002,0x0003,0x0000,0x01,0x006D,0x0000,0x0001,actor_2c8,7,0x10C488,0x01,0xD2,0x00,0x00,0x02,0x00,0x00,0x0136,0x00B7,0x01CB,0x00,0x46,0x00,210,10,210:4046:0097:01CB:0137|211:4046:0097:01CC:0127|212:4046:00A7:01CD:0137|213:4046:00A7:01CE:0127|214:4046:00B7:01EE:0137|215:4046:00B7:01EF:0127
round5_castle,0xDB,3832,0x0002,0x0003,0x0000,0x01,0x006D,0x0000,0x0001,actor_2c8,6,0x10C448,0x01,0x94,0x00,0x00,0x02,0x00,0x00,0x0130,0x00B7,0x033E,0x00,0x40,0x04,200,10,200:4040:0087:03A2:0131|201:4040:0097:03A3:0131|202:4040:00BF:0349:0131|203:4040:00AF:0347:0131|204:4040:009F:0365:0131|205:4040:00BF:0348:0121|206:4040:00AF:0346:0121|207:4040:009F:0364:0121|208:4040:008F:0356:0126|209:4040:009F:0363:0111
round5_castle,0xDB,3832,0x0002,0x0003,0x0000,0x01,0x006D,0x0000,0x0001,actor_2c8,7,0x10C488,0x01,0xD3,0x00,0x00,0x02,0x00,0x00,0x0130,0x00B7,0x01CB,0x00,0x46,0x00,210,10,210:4046:0097:01CB:012F|211:4046:0097:01CC:011F|212:4046:00A7:01CD:012F|213:4046:00A7:01CE:011F|214:4046:00B7:01F0:012F|215:4046:00B7:01F1:011F
