arcade_pc	bytes	mnemonic	operands	function	refs_from
0x000000	0010DE00	ori.b	#0x0, (A0)	vector_2e_target_000000	
0x000004	0003A000	ori.b	#0x0, D3b	vector_2e_target_000000	
0x000008	001100CC	ori.b	#-0x34, (A1)	vector_2e_target_000000	
0x00000C	001100E8	ori.b	#-0x18, (A1)	vector_2e_target_000000	
0x000010	00110108	ori.b	#0x8, (A1)	vector_2e_target_000000	
0x000014	00110130	ori.b	#0x30, (A1)	vector_2e_target_000000	
0x000018	00110150	ori.b	#0x50, (A1)	vector_2e_target_000000	
0x00001C	00110174	ori.b	#0x74, (A1)	vector_2e_target_000000	
0x000020	0011019A	ori.b	#-0x66, (A1)	vector_2e_target_000000	
0x000024	001101C4	ori.b	#-0x3c, (A1)	vector_2e_target_000000	
0x000028	001101DE	ori.b	#-0x22, (A1)	vector_2e_target_000000	
0x00002C	00110202	ori.b	#0x2, (A1)	vector_2e_target_000000	
0x000100	61000068	bsr.w	0x0000016a	FUN_00000100	UNCONDITIONAL_CALL:0000016a
0x000104	6100015E	bsr.w	0x00000264	FUN_00000100	UNCONDITIONAL_CALL:00000264
0x000108	61000076	bsr.w	0x00000180	FUN_00000100	UNCONDITIONAL_CALL:00000180
0x00010C	426D000A	clr.w	(0xa,A5)	FUN_00000100	
0x000110	6100006E	bsr.w	0x00000180	FUN_00000100	UNCONDITIONAL_CALL:00000180
0x000114	61000414	bsr.w	0x0000052a	FUN_00000100	UNCONDITIONAL_CALL:0000052a
0x000118	610001B0	bsr.w	0x000002ca	FUN_00000100	UNCONDITIONAL_CALL:000002ca
0x00011C	382D0002	move.w	(0x2,A5), D4w	FUN_00000100	
0x000120	4A44	tst.w	D4w	FUN_00000100	
0x000122	660E	bne.b	0x00000132	FUN_00000100	CONDITIONAL_JUMP:00000132
0x000124	0839000300390007	btst.b	#0x3, (0x00390007).l	FUN_00000100	READ:00390007
0x00012C	6636	bne.b	0x00000164	FUN_00000100	CONDITIONAL_JUMP:00000164
0x00012E	526D0002	addq.w	0x1, (0x2,A5)	FUN_00000100	
0x000132	0C440002	cmpi.w	#0x2, D4w	FUN_00000100	
0x000136	6C1E	bge.b	0x00000156	FUN_00000100	CONDITIONAL_JUMP:00000156
0x000138	610003C8	bsr.w	0x00000502	FUN_00000100	UNCONDITIONAL_CALL:00000502
0x00013C	61000250	bsr.w	0x0000038e	FUN_00000100	UNCONDITIONAL_CALL:0000038e
0x000140	0C6DFFFF000A	cmpi.w	#-0x1, (0xa,A5)	FUN_00000100	
0x000146	67000548	beq.w	0x00000690	FUN_00000100	CONDITIONAL_JUMP:00000690
0x00014A	103C00EF	move.b	#-0x11, D0b	FUN_00000100	
0x00014E	61000092	bsr.w	0x000001e2	FUN_00000100	UNCONDITIONAL_CALL:000001e2
0x000152	526D0002	addq.w	0x1, (0x2,A5)	FUN_00000100	
0x000156	6100024C	bsr.w	0x000003a4	FUN_00000100	UNCONDITIONAL_CALL:000003a4
0x00015A	61000470	bsr.w	0x000005cc	FUN_00000100	UNCONDITIONAL_CALL:000005cc
0x00015E	610000F2	bsr.w	0x00000252	FUN_00000100	UNCONDITIONAL_CALL:00000252
0x000162	60F2	bra.b	0x00000156	FUN_00000100	UNCONDITIONAL_JUMP:00000156
0x000164	610000EC	bsr.w	0x00000252	FUN_00000100	UNCONDITIONAL_CALL:00000252
0x000168	60B2	bra.b	0x0000011c	FUN_00000100	UNCONDITIONAL_JUMP:0000011c
0x00016A	41F900C20002	lea	(0xc20002).l, A0	FUN_0000016a	DATA:00c20002
0x000170	43F900C40002	lea	(0xc40002).l, A1	FUN_0000016a	DATA:00c40002
0x000176	30FC0000	move.w	#0x0, (A0)+	FUN_0000016a	WRITE:00c20002
0x00017A	32FC0000	move.w	#0x0, (A1)+	FUN_0000016a	WRITE:00c40002
0x00017E	4E75	rts		FUN_0000016a	
0x000180	4DF90010C00C	lea	(0x10c00c).l, A6	FUN_00000180	DATA:0010c00c
0x000186	47F90000023A	lea	(0x23a).l, A3	FUN_00000180	
0x00018C	303C00F0	move.w	#0xf0, D0w	FUN_00000180	
0x000190	61000050	bsr.w	0x000001e2	FUN_00000180	UNCONDITIONAL_CALL:000001e2
0x000194	6100002C	bsr.w	0x000001c2	FUN_00000180	UNCONDITIONAL_CALL:000001c2
0x000198	0C53FFFF	cmpi.w	#-0x1, (A3)	FUN_00000180	READ:0000023a
0x00019C	6702	beq.b	0x000001a0	FUN_00000180	CONDITIONAL_JUMP:000001a0
0x00019E	60F4	bra.b	0x00000194	FUN_00000180	UNCONDITIONAL_JUMP:00000194
0x0001A0	41F90000023C	lea	(0x23c).l, A0	FUN_00000180	
0x0001A6	43F90010C010	lea	(0x10c010).l, A1	FUN_00000180	DATA:0010c010
0x0001AC	0C5000F0	cmpi.w	#0xf0, (A0)	FUN_00000180	READ:0000023c;READ:0000023e
0x0001B0	670E	beq.b	0x000001c0	FUN_00000180	CONDITIONAL_JUMP:000001c0
0x0001B2	3418	move.w	(A0)+, D2w	FUN_00000180	READ:0000023c;READ:0000023e
0x0001B4	3619	move.w	(A1)+, D3w	FUN_00000180	READ:0010c010;READ:0010c012
0x0001B6	B443	cmp.w	D3w, D2w	FUN_00000180	
0x0001B8	67F2	beq.b	0x000001ac	FUN_00000180	CONDITIONAL_JUMP:000001ac
0x0001BA	3B7CFFFF000A	move.w	#-0x1, (0xa,A5)	FUN_00000180	
0x0001C0	4E75	rts		FUN_00000180	
0x0001C2	301B	move.w	(A3)+, D0w	FUN_000001c2	
0x0001C4	61000012	bsr.w	0x000001d8	FUN_000001c2	UNCONDITIONAL_CALL:000001d8
0x0001C8	0243000F	andi.w	#0xf, D3w	FUN_000001c2	
0x0001CC	0244000F	andi.w	#0xf, D4w	FUN_000001c2	
0x0001D0	E94C	lsl.w	#0x4, D4w	FUN_000001c2	
0x0001D2	D843	add.w	D3w, D4w	FUN_000001c2	
0x0001D4	3CC4	move.w	D4w, (A6)+	FUN_000001c2	
0x0001D6	4E75	rts		FUN_000001c2	
0x0001D8	61000008	bsr.w	0x000001e2	FUN_000001d8	UNCONDITIONAL_CALL:000001e2
0x0001DC	61000032	bsr.w	0x00000210	FUN_000001d8	UNCONDITIONAL_CALL:00000210
0x0001E0	4E75	rts		FUN_000001d8	
0x0001E2	3000	move.w	D0w, D0w	FUN_000001e2	
0x0001E4	13FC0000003E0001	move.b	#0x0, (0x003e0001).l	FUN_000001e2	WRITE:003e0001
0x0001EC	13C0003E0003	move.b	D0b, (0x003e0003).l	FUN_000001e2	WRITE:003e0003
0x0001F2	E808	lsr.b	#0x4, D0b	FUN_000001e2	
0x0001F4	13C0003E0003	move.b	D0b, (0x003e0003).l	FUN_000001e2	WRITE:003e0003
0x0001FA	610004AE	bsr.w	0x000006aa	FUN_000001e2	UNCONDITIONAL_CALL:000006aa
0x0001FE	08050000	btst.l	#0x0, D5	FUN_000001e2	
0x000202	67DE	beq.b	0x000001e2	FUN_000001e2	CONDITIONAL_JUMP:000001e2
0x000204	610004A4	bsr.w	0x000006aa	FUN_000001e2	UNCONDITIONAL_CALL:000006aa
0x000208	08050000	btst.l	#0x0, D5	FUN_000001e2	
0x00020C	66F6	bne.b	0x00000204	FUN_000001e2	CONDITIONAL_JUMP:00000204
0x00020E	4E75	rts		FUN_000001e2	
0x000210	61000498	bsr.w	0x000006aa	FUN_00000210	UNCONDITIONAL_CALL:000006aa
0x000214	08050002	btst.l	#0x2, D5	FUN_00000210	
0x000218	67F6	beq.b	0x00000210	FUN_00000210	CONDITIONAL_JUMP:00000210
0x00021A	13FC0000003E0001	move.b	#0x0, (0x003e0001).l	FUN_00000210	WRITE:003e0001
0x000222	1639003E0003	move.b	(0x003e0003).l, D3b	FUN_00000210	READ:003e0003
0x000228	1839003E0003	move.b	(0x003e0003).l, D4b	FUN_00000210	READ:003e0003
0x00022E	6100047A	bsr.w	0x000006aa	FUN_00000210	UNCONDITIONAL_CALL:000006aa
0x000232	08050002	btst.l	#0x2, D5	FUN_00000210	
0x000236	66F6	bne.b	0x0000022e	FUN_00000210	CONDITIONAL_JUMP:0000022e
0x000238	4E75	rts		FUN_00000210	
0x000252	303C0050	move.w	#0x50, D0w	FUN_00000252	
0x000256	33FC0000003C0000	move.w	#0x0, (0x003c0000).l	FUN_00000252	WRITE:003c0000
0x00025E	5340	subq.w	0x1, D0w	FUN_00000252	
0x000260	66F4	bne.b	0x00000256	FUN_00000252	CONDITIONAL_JUMP:00000256
0x000262	4E75	rts		FUN_00000252	
0x000264	41F900200000	lea	(0x200000).l, A0	FUN_00000264	DATA:00200000
0x00026A	43F9000002A6	lea	(0x2a6).l, A1	FUN_00000264	
0x000270	3219	move.w	(A1)+, D1w	FUN_00000264	READ:000002a6;READ:000002a8
0x000272	0C41FFFF	cmpi.w	#-0x1, D1w	FUN_00000264	
0x000276	672C	beq.b	0x000002a4	FUN_00000264	CONDITIONAL_JUMP:000002a4
0x000278	303C000F	move.w	#0xf, D0w	FUN_00000264	
0x00027C	30FC0000	move.w	#0x0, (A0)+	FUN_00000264	WRITE:00200000;WRITE:00200006
0x000280	3401	move.w	D1w, D2w	FUN_00000264	
0x000282	02420F00	andi.w	#0xf00, D2w	FUN_00000264	
0x000286	E74A	lsl.w	#0x3, D2w	FUN_00000264	
0x000288	3082	move.w	D2w, (A0)	FUN_00000264	WRITE:00200002;DATA:00007800;WRITE:00200004;WRITE:00200008
0x00028A	3401	move.w	D1w, D2w	FUN_00000264	
0x00028C	024200F0	andi.w	#0xf0, D2w	FUN_00000264	
0x000290	E54A	lsl.w	#0x2, D2w	FUN_00000264	
0x000292	D550	add.w	D2w, (A0)	FUN_00000264	READ_WRITE:00200002;DATA:00007bc0;READ_WRITE:00200004;READ_WRITE:00200008
0x000294	3401	move.w	D1w, D2w	FUN_00000264	
0x000296	0242000F	andi.w	#0xf, D2w	FUN_00000264	
0x00029A	E34A	lsl.w	#0x1, D2w	FUN_00000264	
0x00029C	D558	add.w	D2w, (A0)+	FUN_00000264	READ_WRITE:00200002;DATA:00007bde;READ_WRITE:00200004;READ_WRITE:00200008
0x00029E	5340	subq.w	0x1, D0w	FUN_00000264	
0x0002A0	66DE	bne.b	0x00000280	FUN_00000264	CONDITIONAL_JUMP:00000280
0x0002A2	60CC	bra.b	0x00000270	FUN_00000264	UNCONDITIONAL_JUMP:00000270
0x0002A4	4E75	rts		FUN_00000264	
0x0002CA	41F900C08218	lea	(0xc08218).l, A0	FUN_000002ca	DATA:00c08218
0x0002D0	43F900C08318	lea	(0xc08318).l, A1	FUN_000002ca	DATA:00c08318
0x0002D6	303C0021	move.w	#0x21, D0w	FUN_000002ca	
0x0002DA	343C000E	move.w	#0xe, D2w	FUN_000002ca	
0x0002DE	2448	movea.l	A0, A2	FUN_000002ca	
0x0002E0	2649	movea.l	A1, A3	FUN_000002ca	
0x0002E2	323C0010	move.w	#0x10, D1w	FUN_000002ca	
0x0002E6	34FC0000	move.w	#0x0, (A2)+	FUN_000002ca	WRITE:00c08218;WRITE:00c08220;WRITE:00c08418
0x0002EA	34C0	move.w	D0w, (A2)+	FUN_000002ca	WRITE:00c0821a;WRITE:00c08222;WRITE:00c0841a
0x0002EC	34FC4000	move.w	#0x4000, (A2)+	FUN_000002ca	WRITE:00c0821c;DATA:00004000;WRITE:00c08224;WRITE:00c0841c
0x0002F0	34C0	move.w	D0w, (A2)+	FUN_000002ca	WRITE:00c0821e;WRITE:00c08226;WRITE:00c0841e
0x0002F2	36FC8000	move.w	#-0x8000, (A3)+	FUN_000002ca	WRITE:00c08318;DATA:00008000;WRITE:00c08320;WRITE:00c08518
0x0002F6	36C0	move.w	D0w, (A3)+	FUN_000002ca	WRITE:00c0831a;WRITE:00c08322;WRITE:00c0851a
0x0002F8	36FCC000	move.w	#-0x4000, (A3)+	FUN_000002ca	WRITE:00c0831c;DATA:0000c000;WRITE:00c08324;WRITE:00c0851c
0x0002FC	36C0	move.w	D0w, (A3)+	FUN_000002ca	WRITE:00c0831e;WRITE:00c08326;WRITE:00c0851e
0x0002FE	5341	subq.w	0x1, D1w	FUN_000002ca	
0x000300	66E4	bne.b	0x000002e6	FUN_000002ca	CONDITIONAL_JUMP:000002e6
0x000302	D0FC0200	adda.w	#0x200, A0	FUN_000002ca	
0x000306	D2FC0200	adda.w	#0x200, A1	FUN_000002ca	
0x00030A	5342	subq.w	0x1, D2w	FUN_000002ca	
0x00030C	66D0	bne.b	0x000002de	FUN_000002ca	CONDITIONAL_JUMP:000002de
0x00030E	41F900C08838	lea	(0xc08838).l, A0	FUN_000002ca	DATA:00c08838
0x000314	43F900C08938	lea	(0xc08938).l, A1	FUN_000002ca	DATA:00c08938
0x00031A	45F900C08A38	lea	(0xc08a38).l, A2	FUN_000002ca	DATA:00c08a38
0x000320	47F900C08B38	lea	(0xc08b38).l, A3	FUN_000002ca	DATA:00c08b38
0x000326	343C0004	move.w	#0x4, D2w	FUN_000002ca	
0x00032A	7001	moveq	0x1, D0	FUN_000002ca	
0x00032C	4283	clr.l	D3	FUN_000002ca	
0x00032E	61000020	bsr.w	0x00000350	FUN_000002ca	UNCONDITIONAL_CALL:00000350
0x000332	D1FC00000400	adda.l	#0x400, A0	FUN_000002ca	
0x000338	D3FC00000400	adda.l	#0x400, A1	FUN_000002ca	
0x00033E	D5FC00000400	adda.l	#0x400, A2	FUN_000002ca	
0x000344	D7FC00000400	adda.l	#0x400, A3	FUN_000002ca	
0x00034A	5342	subq.w	0x1, D2w	FUN_000002ca	
0x00034C	66DE	bne.b	0x0000032c	FUN_000002ca	CONDITIONAL_JUMP:0000032c
0x00034E	4E75	rts		FUN_000002ca	
0x000350	323C0004	move.w	#0x4, D1w	FUN_00000350	
0x000354	31803800	move.w	D0w, (0x0,A0,D3*0x1)	FUN_00000350	
0x000358	31BC00193802	move.w	#0x19, (0x2,A0,D3*0x1)	FUN_00000350	
0x00035E	33803800	move.w	D0w, (0x0,A1,D3*0x1)	FUN_00000350	
0x000362	33BC00193802	move.w	#0x19, (0x2,A1,D3*0x1)	FUN_00000350	
0x000368	35803800	move.w	D0w, (0x0,A2,D3*0x1)	FUN_00000350	
0x00036C	35BC00193802	move.w	#0x19, (0x2,A2,D3*0x1)	FUN_00000350	
0x000372	37803800	move.w	D0w, (0x0,A3,D3*0x1)	FUN_00000350	
0x000376	37BC00193802	move.w	#0x19, (0x2,A3,D3*0x1)	FUN_00000350	
0x00037C	5883	addq.l	0x4, D3	FUN_00000350	
0x00037E	5341	subq.w	0x1, D1w	FUN_00000350	
0x000380	66D2	bne.b	0x00000354	FUN_00000350	CONDITIONAL_JUMP:00000354
0x000382	5240	addq.w	0x1, D0w	FUN_00000350	
0x000384	0C8300000040	cmpi.l	#0x40, D3	FUN_00000350	
0x00038A	65C4	bcs.b	0x00000350	FUN_00000350	CONDITIONAL_JUMP:00000350
0x00038C	4E75	rts		FUN_00000350	
0x00038E	7224	moveq	0x24, D1	FUN_0000038e	
0x000390	2001	move.l	D1, D0	FUN_0000038e	
0x000392	4EB90003BB48	jsr	0x0003bb48.l	FUN_0000038e	UNCONDITIONAL_CALL:0003bb48
0x000398	5281	addq.l	0x1, D1	FUN_0000038e	
0x00039A	0C8100000034	cmpi.l	#0x34, D1	FUN_0000038e	
0x0003A0	66EE	bne.b	0x00000390	FUN_0000038e	CONDITIONAL_JUMP:00000390
0x0003A2	4E75	rts		FUN_0000038e	
0x0003A4	4240	clr.w	D0w	FUN_000003a4	
0x0003A6	1C3900390007	move.b	(0x00390007).l, D6b	FUN_000003a4	READ:00390007
0x0003AC	45F900C08748	lea	(0xc08748).l, A2	FUN_000003a4	DATA:00c08748
0x0003B2	610000FE	bsr.w	0x000004b2	FUN_000003a4	UNCONDITIONAL_CALL:000004b2
0x0003B6	45F900C08770	lea	(0xc08770).l, A2	FUN_000003a4	DATA:00c08770
0x0003BC	610000F4	bsr.w	0x000004b2	FUN_000003a4	UNCONDITIONAL_CALL:000004b2
0x0003C0	45F900C08770	lea	(0xc08770).l, A2	FUN_000003a4	DATA:00c08770
0x0003C6	610000EA	bsr.w	0x000004b2	FUN_000003a4	UNCONDITIONAL_CALL:000004b2
0x0003CA	45F900C08948	lea	(0xc08948).l, A2	FUN_000003a4	DATA:00c08948
0x0003D0	610000E0	bsr.w	0x000004b2	FUN_000003a4	UNCONDITIONAL_CALL:000004b2
0x0003D4	45F900C08984	lea	(0xc08984).l, A2	FUN_000003a4	DATA:00c08984
0x0003DA	610000D6	bsr.w	0x000004b2	FUN_000003a4	UNCONDITIONAL_CALL:000004b2
0x0003DE	4406	neg.b	D6b	FUN_000003a4	
0x0003E0	45F900C08540	lea	(0xc08540).l, A2	FUN_000003a4	DATA:00c08540
0x0003E6	610000CA	bsr.w	0x000004b2	FUN_000003a4	UNCONDITIONAL_CALL:000004b2
0x0003EA	45F900C08574	lea	(0xc08574).l, A2	FUN_000003a4	DATA:00c08574
0x0003F0	610000C0	bsr.w	0x000004b2	FUN_000003a4	UNCONDITIONAL_CALL:000004b2
0x0003F4	1C3900390001	move.b	(0x00390001).l, D6b	FUN_000003a4	READ:00390001
0x0003FA	4240	clr.w	D0w	FUN_000003a4	
0x0003FC	45F900C08E40	lea	(0xc08e40).l, A2	FUN_000003a4	DATA:00c08e40
0x000402	610000AE	bsr.w	0x000004b2	FUN_000003a4	UNCONDITIONAL_CALL:000004b2
0x000406	45F900C08F40	lea	(0xc08f40).l, A2	FUN_000003a4	DATA:00c08f40
0x00040C	610000A4	bsr.w	0x000004b2	FUN_000003a4	UNCONDITIONAL_CALL:000004b2
0x000410	45F900C09040	lea	(0xc09040).l, A2	FUN_000003a4	DATA:00c09040
0x000416	6100009A	bsr.w	0x000004b2	FUN_000003a4	UNCONDITIONAL_CALL:000004b2
0x00041A	45F900C09140	lea	(0xc09140).l, A2	FUN_000003a4	DATA:00c09140
0x000420	61000090	bsr.w	0x000004b2	FUN_000003a4	UNCONDITIONAL_CALL:000004b2
0x000424	45F900C08B40	lea	(0xc08b40).l, A2	FUN_000003a4	DATA:00c08b40
0x00042A	61000086	bsr.w	0x000004b2	FUN_000003a4	UNCONDITIONAL_CALL:000004b2
0x00042E	45F900C08C40	lea	(0xc08c40).l, A2	FUN_000003a4	DATA:00c08c40
0x000434	6100007C	bsr.w	0x000004b2	FUN_000003a4	UNCONDITIONAL_CALL:000004b2
0x000438	1C3900390003	move.b	(0x00390003).l, D6b	FUN_000003a4	READ:00390003
0x00043E	4240	clr.w	D0w	FUN_000003a4	
0x000440	45F900C08E7C	lea	(0xc08e7c).l, A2	FUN_000003a4	DATA:00c08e7c
0x000446	6100006A	bsr.w	0x000004b2	FUN_000003a4	UNCONDITIONAL_CALL:000004b2
0x00044A	45F900C08F7C	lea	(0xc08f7c).l, A2	FUN_000003a4	DATA:00c08f7c
0x000450	61000060	bsr.w	0x000004b2	FUN_000003a4	UNCONDITIONAL_CALL:000004b2
0x000454	45F900C0907C	lea	(0xc0907c).l, A2	FUN_000003a4	DATA:00c0907c
0x00045A	61000056	bsr.w	0x000004b2	FUN_000003a4	UNCONDITIONAL_CALL:000004b2
0x00045E	45F900C0917C	lea	(0xc0917c).l, A2	FUN_000003a4	DATA:00c0917c
0x000464	6100004C	bsr.w	0x000004b2	FUN_000003a4	UNCONDITIONAL_CALL:000004b2
0x000468	45F900C08B7C	lea	(0xc08b7c).l, A2	FUN_000003a4	DATA:00c08b7c
0x00046E	61000042	bsr.w	0x000004b2	FUN_000003a4	UNCONDITIONAL_CALL:000004b2
0x000472	45F900C08C7C	lea	(0xc08c7c).l, A2	FUN_000003a4	DATA:00c08c7c
0x000478	61000038	bsr.w	0x000004b2	FUN_000003a4	UNCONDITIONAL_CALL:000004b2
0x00047C	1C3900390009	move.b	(0x00390009).l, D6b	FUN_000003a4	READ:00390009
0x000482	4280	clr.l	D0	FUN_000003a4	
0x000484	45F900C09450	lea	(0xc09450).l, A2	FUN_000003a4	DATA:00c09450
0x00048A	6100003C	bsr.w	0x000004c8	FUN_000003a4	UNCONDITIONAL_CALL:000004c8
0x00048E	1C390039000B	move.b	(0x0039000b).l, D6b	FUN_000003a4	READ:0039000b
0x000494	4280	clr.l	D0	FUN_000003a4	
0x000496	45F900C09550	lea	(0xc09550).l, A2	FUN_000003a4	DATA:00c09550
0x00049C	6100002A	bsr.w	0x000004c8	FUN_000003a4	UNCONDITIONAL_CALL:000004c8
0x0004A0	4E75	rts		FUN_000003a4	
0x0004A2	3419	move.w	(A1)+, D2w	FUN_000004a2	
0x0004A4	1619	move.b	(A1)+, D3b	FUN_000004a2	
0x0004A6	6708	beq.b	0x000004b0	FUN_000004a2	CONDITIONAL_JUMP:000004b0
0x0004A8	4883	ext.w	D3w	FUN_000004a2	
0x0004AA	34C2	move.w	D2w, (A2)+	FUN_000004a2	
0x0004AC	34C3	move.w	D3w, (A2)+	FUN_000004a2	
0x0004AE	60F4	bra.b	0x000004a4	FUN_000004a2	UNCONDITIONAL_JUMP:000004a4
0x0004B0	4E75	rts		FUN_000004a2	
0x0004B2	43F9000004E2	lea	(0x4e2).l, A1	FUN_000004b2	
0x0004B8	0106	btst.l	D0, D6	FUN_000004b2	
0x0004BA	6706	beq.b	0x000004c2	FUN_000004b2	CONDITIONAL_JUMP:000004c2
0x0004BC	43F9000004E8	lea	(0x4e8).l, A1	FUN_000004b2	
0x0004C2	61DE	bsr.b	0x000004a2	FUN_000004b2	UNCONDITIONAL_CALL:000004a2
0x0004C4	5240	addq.w	0x1, D0w	FUN_000004b2	
0x0004C6	4E75	rts		FUN_000004b2	
0x0004C8	7007	moveq	0x7, D0	FUN_000004c8	
0x0004CA	43F9000004EE	lea	(0x4ee).l, A1	FUN_000004c8	
0x0004D0	0106	btst.l	D0, D6	FUN_000004c8	
0x0004D2	6706	beq.b	0x000004da	FUN_000004c8	CONDITIONAL_JUMP:000004da
0x0004D4	43F9000004F2	lea	(0x4f2).l, A1	FUN_000004c8	
0x0004DA	61C6	bsr.b	0x000004a2	FUN_000004c8	UNCONDITIONAL_CALL:000004a2
0x0004DC	51C8FFEC	dbf	D0w, 0x000004ca	FUN_000004c8	CONDITIONAL_JUMP:000004ca
0x0004E0	4E75	rts		FUN_000004c8	
0x000502	41F900C08000	lea	(0xc08000).l, A0	FUN_00000502	DATA:00c08000
0x000508	45F900C0C000	lea	(0xc0c000).l, A2	FUN_00000502	DATA:00c0c000
0x00050E	303C0028	move.w	#0x28, D0w	FUN_00000502	
0x000512	2248	movea.l	A0, A1	FUN_00000502	
0x000514	32FC0000	move.w	#0x0, (A1)+	FUN_00000502	WRITE:00c08000;WRITE:00c08004;WRITE:00c08100
0x000518	32FC0020	move.w	#0x20, (A1)+	FUN_00000502	WRITE:00c08002;WRITE:00c08006;WRITE:00c08102
0x00051C	5340	subq.w	0x1, D0w	FUN_00000502	
0x00051E	66F4	bne.b	0x00000514	FUN_00000502	CONDITIONAL_JUMP:00000514
0x000520	D0FC0100	adda.w	#0x100, A0	FUN_00000502	
0x000524	B1CA	cmpa.l	A2, A0	FUN_00000502	
0x000526	65E6	bcs.b	0x0000050e	FUN_00000502	CONDITIONAL_JUMP:0000050e
0x000528	4E75	rts		FUN_00000502	
0x00052A	41F90010C000	lea	(0x10c000).l, A0	FUN_0000052a	DATA:0010c000
0x000530	43F90010D600	lea	(0x10d600).l, A1	FUN_0000052a	DATA:0010d600
0x000536	61000044	bsr.w	0x0000057c	FUN_0000052a	UNCONDITIONAL_CALL:0000057c
0x00053A	41F900200000	lea	(0x200000).l, A0	FUN_0000052a	DATA:00200000
0x000540	43F900201000	lea	(0x201000).l, A1	FUN_0000052a	
0x000546	61000034	bsr.w	0x0000057c	FUN_0000052a	UNCONDITIONAL_CALL:0000057c
0x00054A	41F900C00000	lea	(0xc00000).l, A0	FUN_0000052a	DATA:00c00000
0x000550	43F900C04000	lea	(0xc04000).l, A1	FUN_0000052a	DATA:00c04000
0x000556	61000024	bsr.w	0x0000057c	FUN_0000052a	UNCONDITIONAL_CALL:0000057c
0x00055A	41F900C08000	lea	(0xc08000).l, A0	FUN_0000052a	DATA:00c08000
0x000560	43F900C0C000	lea	(0xc0c000).l, A1	FUN_0000052a	DATA:00c0c000
0x000566	61000014	bsr.w	0x0000057c	FUN_0000052a	UNCONDITIONAL_CALL:0000057c
0x00056A	41F900D00000	lea	(0xd00000).l, A0	FUN_0000052a	DATA:00d00000
0x000570	43F900D01000	lea	(0xd01000).l, A1	FUN_0000052a	DATA:00d01000
0x000576	61000004	bsr.w	0x0000057c	FUN_0000052a	UNCONDITIONAL_CALL:0000057c
0x00057A	4E75	rts		FUN_0000052a	
0x00057C	3010	move.w	(A0), D0w	FUN_0000057c	
0x00057E	30BC0000	move.w	#0x0, (A0)	FUN_0000057c	
0x000582	4A50	tst.w	(A0)	FUN_0000057c	
0x000584	6612	bne.b	0x00000598	FUN_0000057c	CONDITIONAL_JUMP:00000598
0x000586	30BCFFFF	move.w	#-0x1, (A0)	FUN_0000057c	
0x00058A	0C50FFFF	cmpi.w	#-0x1, (A0)	FUN_0000057c	
0x00058E	6608	bne.b	0x00000598	FUN_0000057c	CONDITIONAL_JUMP:00000598
0x000590	30C0	move.w	D0w, (A0)+	FUN_0000057c	
0x000592	B1C9	cmpa.l	A1, A0	FUN_0000057c	
0x000594	65E6	bcs.b	0x0000057c	FUN_0000057c	CONDITIONAL_JUMP:0000057c
0x000596	4E75	rts		FUN_0000057c	
0x000598	3080	move.w	D0w, (A0)	FUN_0000057c	
0x00059A	B3FC0010D600	cmpa.l	#0x10d600, A1	FUN_0000057c	
0x0005A0	6604	bne.b	0x000005a6	FUN_0000057c	CONDITIONAL_JUMP:000005a6
0x0005A2	7036	moveq	0x36, D0	FUN_0000057c	
0x0005A4	601A	bra.b	0x000005c0	FUN_0000057c	UNCONDITIONAL_JUMP:000005c0
0x0005A6	B3FC00201000	cmpa.l	#0x201000, A1	FUN_0000057c	
0x0005AC	6604	bne.b	0x000005b2	FUN_0000057c	CONDITIONAL_JUMP:000005b2
0x0005AE	7039	moveq	0x39, D0	FUN_0000057c	
0x0005B0	600E	bra.b	0x000005c0	FUN_0000057c	UNCONDITIONAL_JUMP:000005c0
0x0005B2	B3FC00D01000	cmpa.l	#0xd01000, A1	FUN_0000057c	
0x0005B8	6604	bne.b	0x000005be	FUN_0000057c	CONDITIONAL_JUMP:000005be
0x0005BA	7035	moveq	0x35, D0	FUN_0000057c	
0x0005BC	6002	bra.b	0x000005c0	FUN_0000057c	UNCONDITIONAL_JUMP:000005c0
0x0005BE	7034	moveq	0x34, D0	FUN_0000057c	
0x0005C0	4EB90003BB48	jsr	0x0003bb48.l	FUN_0000057c	UNCONDITIONAL_CALL:0003bb48
0x0005C6	6100FC8A	bsr.w	0x00000252	FUN_0000057c	UNCONDITIONAL_CALL:00000252
0x0005CA	60FA	bra.b	0x000005c6	FUN_0000057c	UNCONDITIONAL_JUMP:000005c6
0x0005CC	0839000300390007	btst.b	#0x3, (0x00390007).l	FUN_000005cc	READ:00390007
0x0005D4	6704	beq.b	0x000005da	FUN_000005cc	CONDITIONAL_JUMP:000005da
0x0005D6	426D0008	clr.w	(0x8,A5)	FUN_000005cc	
0x0005DA	4A6D0008	tst.w	(0x8,A5)	FUN_000005cc	
0x0005DE	66000082	bne.w	0x00000662	FUN_000005cc	CONDITIONAL_JUMP:00000662
0x0005E2	33FC0000003C0000	move.w	#0x0, (0x003c0000).l	FUN_000005cc	WRITE:003c0000
0x0005EA	526D0006	addq.w	0x1, (0x6,A5)	FUN_000005cc	
0x0005EE	0C6D00500006	cmpi.w	#0x50, (0x6,A5)	FUN_000005cc	
0x0005F4	664E	bne.b	0x00000644	FUN_000005cc	CONDITIONAL_JUMP:00000644
0x0005F6	0839000000390001	btst.b	#0x0, (0x00390001).l	FUN_000005cc	READ:00390001
0x0005FE	6612	bne.b	0x00000612	FUN_000005cc	CONDITIONAL_JUMP:00000612
0x000600	526D0004	addq.w	0x1, (0x4,A5)	FUN_000005cc	
0x000604	0C6D00300004	cmpi.w	#0x30, (0x4,A5)	FUN_000005cc	
0x00060A	6D000006	blt.w	0x00000612	FUN_000005cc	CONDITIONAL_JUMP:00000612
0x00060E	426D0004	clr.w	(0x4,A5)	FUN_000005cc	
0x000612	0839000100390001	btst.b	#0x1, (0x00390001).l	FUN_000005cc	READ:00390001
0x00061A	6614	bne.b	0x00000630	FUN_000005cc	CONDITIONAL_JUMP:00000630
0x00061C	536D0004	subq.w	0x1, (0x4,A5)	FUN_000005cc	
0x000620	0C6D00000004	cmpi.w	#0x0, (0x4,A5)	FUN_000005cc	
0x000626	6C000008	bge.w	0x00000630	FUN_000005cc	CONDITIONAL_JUMP:00000630
0x00062A	3B7C002F0004	move.w	#0x2f, (0x4,A5)	FUN_000005cc	
0x000630	41F900C0975C	lea	(0xc0975c).l, A0	FUN_000005cc	DATA:00c0975c
0x000636	322D0004	move.w	(0x4,A5), D1w	FUN_000005cc	
0x00063A	3001	move.w	D1w, D0w	FUN_000005cc	
0x00063C	61000026	bsr.w	0x00000664	FUN_000005cc	UNCONDITIONAL_CALL:00000664
0x000640	426D0006	clr.w	(0x6,A5)	FUN_000005cc	
0x000644	0839000300390007	btst.b	#0x3, (0x00390007).l	FUN_000005cc	READ:00390007
0x00064C	6614	bne.b	0x00000662	FUN_000005cc	CONDITIONAL_JUMP:00000662
0x00064E	303C0000	move.w	#0x0, D0w	FUN_000005cc	
0x000652	6100FB8E	bsr.w	0x000001e2	FUN_000005cc	UNCONDITIONAL_CALL:000001e2
0x000656	302D0004	move.w	(0x4,A5), D0w	FUN_000005cc	
0x00065A	6100FB86	bsr.w	0x000001e2	FUN_000005cc	UNCONDITIONAL_CALL:000001e2
0x00065E	526D0008	addq.w	0x1, (0x8,A5)	FUN_000005cc	
0x000662	4E75	rts		FUN_000005cc	
0x000664	3401	move.w	D1w, D2w	FUN_00000664	
0x000666	0242000F	andi.w	#0xf, D2w	FUN_00000664	
0x00066A	024100F0	andi.w	#0xf0, D1w	FUN_00000664	
0x00066E	E849	lsr.w	#0x4, D1w	FUN_00000664	
0x000670	6100000A	bsr.w	0x0000067c	FUN_00000664	UNCONDITIONAL_CALL:0000067c
0x000674	3202	move.w	D2w, D1w	FUN_00000664	
0x000676	61000004	bsr.w	0x0000067c	FUN_00000664	UNCONDITIONAL_CALL:0000067c
0x00067A	4E75	rts		FUN_00000664	
0x00067C	0C41000A	cmpi.w	#0xa, D1w	FUN_0000067c	
0x000680	6D000004	blt.w	0x00000686	FUN_0000067c	CONDITIONAL_JUMP:00000686
0x000684	5E41	addq.w	0x7, D1w	FUN_0000067c	
0x000686	06410030	addi.w	#0x30, D1w	FUN_0000067c	
0x00068A	4258	clr.w	(A0)+	FUN_0000067c	
0x00068C	30C1	move.w	D1w, (A0)+	FUN_0000067c	
0x00068E	4E75	rts		FUN_0000067c	
0x000690	6100FD12	bsr.w	0x000003a4	FUN_00000100	UNCONDITIONAL_CALL:000003a4
0x000694	43F9000004F6	lea	(0x4f6).l, A1	FUN_00000100	
0x00069A	45F900C09748	lea	(0xc09748).l, A2	FUN_00000100	DATA:00c09748
0x0006A0	6100FE00	bsr.w	0x000004a2	FUN_00000100	UNCONDITIONAL_CALL:000004a2
0x0006A4	6100FBAC	bsr.w	0x00000252	FUN_00000100	UNCONDITIONAL_CALL:00000252
0x0006A8	60E6	bra.b	0x00000690	FUN_00000100	UNCONDITIONAL_JUMP:00000690
0x0006AA	13FC0004003E0001	move.b	#0x4, (0x003e0001).l	FUN_000006aa	WRITE:003e0001
0x0006B2	1A39003E0003	move.b	(0x003e0003).l, D5b	FUN_000006aa	READ:003e0003
0x0006B8	4E75	rts		FUN_000006aa	
0x00F808	069606970698	addi.l	#0x6970698, (A6)		
0x00F80E	069906C006C1	addi.l	#0x6c006c1, (A1)+		
0x00F814	0698069906C0	addi.l	#0x69906c0, (A0)+		
0x00F81A	06C1	rtm	D1		
0x039F80	4A6D002C	tst.w	(0x2c,A5)	warm_restart_watchdog_gate	
0x039F84	6706	beq.b	0x00039f8c	warm_restart_watchdog_gate	CONDITIONAL_JUMP:00039f8c
0x039F86	536D002C	subq.w	0x1, (0x2c,A5)	warm_restart_watchdog_gate	
0x039F8A	4E75	rts		warm_restart_watchdog_gate	
0x039F8C	223C000A0000	move.l	#0xa0000, D1	warm_restart_watchdog_gate	
0x039F92	20380000	move.l	(0x00000000).w, D0	warm_restart_watchdog_gate	READ:00000000
0x039F96	048100000001	subi.l	#0x1, D1	warm_restart_watchdog_gate	
0x039F9C	66F4	bne.b	0x00039f92	warm_restart_watchdog_gate	CONDITIONAL_JUMP:00039f92
0x039F9E	2E780000	movea.l	(0x00000000).w, SP	warm_restart_watchdog_gate	READ:00000000
0x039FA2	20780004	movea.l	(0x00000004).w, A0	warm_restart_watchdog_gate	READ:00000004
0x039FA6	4ED0	jmp	(A0)	warm_restart_watchdog_gate	
0x039FA8	6502	bcs.b	0x00039fac	FUN_00039fa8	CONDITIONAL_JUMP:00039fac
0x039FAA	60E0	bra.b	0x00039f8c	FUN_00039fa8	UNCONDITIONAL_JUMP:00039f8c
0x039FAC	4E75	rts		FUN_00039fa8	
0x03A000	60000E84	bra.w	0x0003ae86	vector_01_target_03a000	UNCONDITIONAL_JUMP:0003ae86
0x03A004	6000007A	bra.w	0x0003a080	vector_1e_target_03a004	UNCONDITIONAL_JUMP:0003a080
0x03A008	007C0F00	ori	#0xf00, SR	vector_1d_target_03a008	
0x03A00C	427900350008	clr.w	(0x00350008).l	vector_1d_target_03a008	WRITE:00350008
0x03A012	33C0003C0000	move.w	D0w, (0x003c0000).l	vector_1d_target_03a008	WRITE:003c0000
0x03A018	302D0002	move.w	(0x2,A5), D0w	vector_1d_target_03a008	
0x03A01C	0C400002	cmpi.w	#0x2, D0w	vector_1d_target_03a008	
0x03A020	651C	bcs.b	0x0003a03e	vector_1d_target_03a008	CONDITIONAL_JUMP:0003a03e
0x03A022	0C400004	cmpi.w	#0x4, D0w	vector_1d_target_03a008	
0x03A026	6416	bcc.b	0x0003a03e	vector_1d_target_03a008	CONDITIONAL_JUMP:0003a03e
0x03A028	610000FC	bsr.w	0x0003a126	vector_1d_target_03a008	UNCONDITIONAL_CALL:0003a126
0x03A02C	4A6D0000	tst.w	(0x0,A5)	vector_1d_target_03a008	
0x03A030	670C	beq.b	0x0003a03e	vector_1d_target_03a008	CONDITIONAL_JUMP:0003a03e
0x03A032	0C6D00011394	cmpi.w	#0x1, (0x1394,A5)	vector_1d_target_03a008	DATA:00001394
0x03A038	6704	beq.b	0x0003a03e	vector_1d_target_03a008	CONDITIONAL_JUMP:0003a03e
0x03A03A	61007EF4	bsr.w	0x00041f30	vector_1d_target_03a008	UNCONDITIONAL_CALL:00041f30
0x03A03E	61000B3C	bsr.w	0x0003ab7c	vector_1d_target_03a008	UNCONDITIONAL_CALL:0003ab7c
0x03A042	61000B9E	bsr.w	0x0003abe2	vector_1d_target_03a008	UNCONDITIONAL_CALL:0003abe2
0x03A046	61000060	bsr.w	0x0003a0a8	vector_1d_target_03a008	UNCONDITIONAL_CALL:0003a0a8
0x03A04A	61004EAE	bsr.w	0x0003eefa	vector_1d_target_03a008	UNCONDITIONAL_CALL:0003eefa
0x03A04E	61004F0C	bsr.w	0x0003ef5c	vector_1d_target_03a008	UNCONDITIONAL_CALL:0003ef5c
0x03A052	487A0020	pea	(0x20,PC)	vector_1d_target_03a008	DATA:0003a074
0x03A056	302D0000	move.w	(0x0,A5), D0w	vector_1d_target_03a008	
0x03A05A	D040	add.w	D0w, D0w	vector_1d_target_03a008	
0x03A05C	41FA000E	lea	(0xe,PC), A0	vector_1d_target_03a008	DATA:0003a06c
0x03A060	D0C0	adda.w	D0w, A0	vector_1d_target_03a008	
0x03A062	3010	move.w	(A0), D0w	vector_1d_target_03a008	DATA:0003a06c
0x03A064	41FA0006	lea	(0x6,PC), A0	vector_1d_target_03a008	DATA:0003a06c
0x03A068	D0C0	adda.w	D0w, A0	vector_1d_target_03a008	
0x03A06A	4ED0	jmp	(A0)	vector_1d_target_03a008	
0x03A074	4EB900055CA2	jsr	0x00055ca2.l		UNCONDITIONAL_CALL:00055ca2
0x03A07A	027CF0FF	andi	#-0xf01, SR		
0x03A07E	4E73	rte			
0x03A080	303C0002	move.w	#0x2, D0w	FUN_0003a080	
0x03A084	4EB9000510C6	jsr	0x000510c6.l	FUN_0003a080	UNCONDITIONAL_CALL:000510c6
0x03A08A	60FE	bra.b	0x0003a08a	FUN_0003a080	UNCONDITIONAL_JUMP:0003a08a
0x03A08C	4A6D02BE	tst.w	(0x2be,A5)	FUN_0003a08c	
0x03A090	6606	bne.b	0x0003a098	FUN_0003a08c	CONDITIONAL_JUMP:0003a098
0x03A092	3B7C000102BE	move.w	#0x1, (0x2be,A5)	FUN_0003a08c	
0x03A098	4E75	rts		FUN_0003a08c	
0x03A09A	4A6D02C2	tst.w	(0x2c2,A5)	FUN_0003a09a	
0x03A09E	66F8	bne.b	0x0003a098	FUN_0003a09a	CONDITIONAL_JUMP:0003a098
0x03A0A0	3B7C000102C2	move.w	#0x1, (0x2c2,A5)	FUN_0003a09a	
0x03A0A6	4E75	rts		FUN_0003a09a	
0x03A0A8	0839000600390005	btst.b	#0x6, (0x00390005).l	FUN_0003a0a8	READ:00390005
0x03A0B0	671C	beq.b	0x0003a0ce	FUN_0003a0a8	CONDITIONAL_JUMP:0003a0ce
0x03A0B2	0839000400390005	btst.b	#0x4, (0x00390005).l	FUN_0003a0a8	READ:00390005
0x03A0BA	6714	beq.b	0x0003a0d0	FUN_0003a0a8	CONDITIONAL_JUMP:0003a0d0
0x03A0BC	61000D7E	bsr.w	0x0003ae3c	FUN_0003a0a8	UNCONDITIONAL_CALL:0003ae3c
0x03A0C0	0839000500390005	btst.b	#0x5, (0x00390005).l	FUN_0003a0a8	READ:00390005
0x03A0C8	6714	beq.b	0x0003a0de	FUN_0003a0a8	CONDITIONAL_JUMP:0003a0de
0x03A0CA	61000D7A	bsr.w	0x0003ae46	FUN_0003a0a8	UNCONDITIONAL_CALL:0003ae46
0x03A0CE	4E75	rts		FUN_0003a0a8	
0x03A0D0	0C6D00090012	cmpi.w	#0x9, (0x12,A5)	FUN_0003a0a8	
0x03A0D6	64E4	bcc.b	0x0003a0bc	FUN_0003a0a8	CONDITIONAL_JUMP:0003a0bc
0x03A0D8	61000D4E	bsr.w	0x0003ae28	FUN_0003a0a8	UNCONDITIONAL_CALL:0003ae28
0x03A0DC	60E2	bra.b	0x0003a0c0	FUN_0003a0a8	UNCONDITIONAL_JUMP:0003a0c0
0x03A0DE	0C6D00090012	cmpi.w	#0x9, (0x12,A5)	FUN_0003a0a8	
0x03A0E4	64E4	bcc.b	0x0003a0ca	FUN_0003a0a8	CONDITIONAL_JUMP:0003a0ca
0x03A0E6	61000D40	bsr.w	0x0003ae28	FUN_0003a0a8	UNCONDITIONAL_CALL:0003ae28
0x03A0EA	60E2	bra.b	0x0003a0ce	FUN_0003a0a8	UNCONDITIONAL_JUMP:0003a0ce
0x03A0EC	4A6D0034	tst.w	(0x34,A5)	FUN_0003a0ec	
0x03A0F0	6722	beq.b	0x0003a114	FUN_0003a0ec	CONDITIONAL_JUMP:0003a114
0x03A0F2	0C000023	cmpi.b	#0x23, D0b	FUN_0003a0ec	
0x03A0F6	671C	beq.b	0x0003a114	FUN_0003a0ec	CONDITIONAL_JUMP:0003a114
0x03A0F8	48E74002	movem.l	{  A6 D1}, -(SP)	FUN_0003a0ec	
0x03A0FC	4DED0292	lea	(0x292,A5), A6	FUN_0003a0ec	
0x03A100	7206	moveq	0x6, D1	FUN_0003a0ec	
0x03A102	4A16	tst.b	(A6)	FUN_0003a0ec	
0x03A104	6604	bne.b	0x0003a10a	FUN_0003a0ec	CONDITIONAL_JUMP:0003a10a
0x03A106	1C80	move.b	D0b, (A6)	FUN_0003a0ec	
0x03A108	6006	bra.b	0x0003a110	FUN_0003a0ec	UNCONDITIONAL_JUMP:0003a110
0x03A10A	524E	addq.w	0x1, A6	FUN_0003a0ec	
0x03A10C	5341	subq.w	0x1, D1w	FUN_0003a0ec	
0x03A10E	66F2	bne.b	0x0003a102	FUN_0003a0ec	CONDITIONAL_JUMP:0003a102
0x03A110	4CDF4002	movem.l	(SP)+, {  D1 A6}	FUN_0003a0ec	READ:Stack[-0x8]
0x03A114	4E75	rts		FUN_0003a0ec	
0x03A116	4A6D0034	tst.w	(0x34,A5)	FUN_0003a116	
0x03A11A	6708	beq.b	0x0003a124	FUN_0003a116	CONDITIONAL_JUMP:0003a124
0x03A11C	1B400292	move.b	D0b, (0x292,A5)	FUN_0003a116	
0x03A120	42AD0294	clr.l	(0x294,A5)	FUN_0003a116	
0x03A124	4E75	rts		FUN_0003a116	
0x03A126	4A6D0034	tst.w	(0x34,A5)	FUN_0003a126	
0x03A12A	6608	bne.b	0x0003a134	FUN_0003a126	CONDITIONAL_JUMP:0003a134
0x03A12C	0C6D00011394	cmpi.w	#0x1, (0x1394,A5)	FUN_0003a126	DATA:00001394
0x03A132	6624	bne.b	0x0003a158	FUN_0003a126	CONDITIONAL_JUMP:0003a158
0x03A134	4DED0292	lea	(0x292,A5), A6	FUN_0003a126	
0x03A138	7206	moveq	0x6, D1	FUN_0003a126	
0x03A13A	4A16	tst.b	(A6)	FUN_0003a126	
0x03A13C	6714	beq.b	0x0003a152	FUN_0003a126	CONDITIONAL_JUMP:0003a152
0x03A13E	61004F5C	bsr.w	0x0003f09c	FUN_0003a126	UNCONDITIONAL_CALL:0003f09c
0x03A142	08000000	btst.l	#0x0, D0	FUN_0003a126	
0x03A146	66F6	bne.b	0x0003a13e	FUN_0003a126	CONDITIONAL_JUMP:0003a13e
0x03A148	1016	move.b	(A6), D0b	FUN_0003a126	
0x03A14A	61004F38	bsr.w	0x0003f084	FUN_0003a126	UNCONDITIONAL_CALL:0003f084
0x03A14E	4216	clr.b	(A6)	FUN_0003a126	
0x03A150	4E75	rts		FUN_0003a126	
0x03A152	524E	addq.w	0x1, A6	FUN_0003a126	
0x03A154	5341	subq.w	0x1, D1w	FUN_0003a126	
0x03A156	66E2	bne.b	0x0003a13a	FUN_0003a126	CONDITIONAL_JUMP:0003a13a
0x03A158	4E75	rts		FUN_0003a126	
0x03A196	302D0004	move.w	(0x4,A5), D0w	frontend_state_dispatch_3a196	
0x03A19A	D040	add.w	D0w, D0w	frontend_state_dispatch_3a196	
0x03A19C	41FA000E	lea	(0xe,PC), A0	frontend_state_dispatch_3a196	DATA:0003a1ac
0x03A1A0	D0C0	adda.w	D0w, A0	frontend_state_dispatch_3a196	
0x03A1A2	3010	move.w	(A0), D0w	frontend_state_dispatch_3a196	DATA:0003a1ac
0x03A1A4	41FA0006	lea	(0x6,PC), A0	frontend_state_dispatch_3a196	DATA:0003a1ac
0x03A1A8	D0C0	adda.w	D0w, A0	frontend_state_dispatch_3a196	
0x03A1AA	4ED0	jmp	(A0)	frontend_state_dispatch_3a196	
0x03A1AC	00180054	ori.b	#0x54, (A0)+		
0x03A1B0	012C0158	btst.b	D0, (0x158,A4)		
0x03A1B4	01EE0274	bset.b	D0, (0x274,A6)		
0x03A1B8	02A402C802CC	andi.l	#0x2c802cc, -(A4)		
0x03A1BE	00146000	ori.b	#0x0, (A4)		
0x03A1C2	0F58	bchg.b	D7, (A0)+		
0x03A1C4	103C0025	move.b	#0x25, D0b	frontend_state0_init_3a1c4	
0x03A1C8	61004EBA	bsr.w	0x0003f084	frontend_state0_init_3a1c4	UNCONDITIONAL_CALL:0003f084
0x03A1CC	7060	moveq	0x60, D0	frontend_state0_init_3a1c4	
0x03A1CE	026D000F0014	andi.w	#0xf, (0x14,A5)	frontend_state0_init_3a1c4	
0x03A1D4	806D0014	or.w	(0x14,A5), D0w	frontend_state0_init_3a1c4	
0x03A1D8	33C000380000	move.w	D0w, (0x00380000).l	frontend_state0_init_3a1c4	WRITE:00380000
0x03A1DE	3B400014	move.w	D0w, (0x14,A5)	frontend_state0_init_3a1c4	
0x03A1E2	426D0046	clr.w	(0x46,A5)	frontend_state0_init_3a1c4	
0x03A1E6	426D0292	clr.w	(0x292,A5)	frontend_state0_init_3a1c4	
0x03A1EA	426D0294	clr.w	(0x294,A5)	frontend_state0_init_3a1c4	
0x03A1EE	426D0296	clr.w	(0x296,A5)	frontend_state0_init_3a1c4	
0x03A1F2	1B7C00010104	move.b	#0x1, (0x104,A5)	frontend_state0_init_3a1c4	
0x03A1F8	3B7C00010004	move.w	#0x1, (0x4,A5)	frontend_state0_init_3a1c4	
0x03A1FE	4E75	rts		frontend_state0_init_3a1c4	
0x03A200	536D0100	subq.w	0x1, (0x100,A5)	frontend_state1_update_3a200	
0x03A204	6638	bne.b	0x0003a23e	frontend_state1_update_3a200	CONDITIONAL_JUMP:0003a23e
0x03A206	3B7C00020004	move.w	#0x2, (0x4,A5)	frontend_state1_update_3a200	
0x03A20C	7201	moveq	0x1, D1	frontend_state1_update_3a200	
0x03A20E	610016F2	bsr.w	0x0003b902	frontend_state1_update_3a200	UNCONDITIONAL_CALL:0003b902
0x03A212	4A6D0034	tst.w	(0x34,A5)	frontend_state1_update_3a200	
0x03A216	6724	beq.b	0x0003a23c	frontend_state1_update_3a200	CONDITIONAL_JUMP:0003a23c
0x03A218	303C000E	move.w	#0xe, D0w	frontend_state1_update_3a200	
0x03A21C	4A6D0028	tst.w	(0x28,A5)	frontend_state1_update_3a200	
0x03A220	670A	beq.b	0x0003a22c	frontend_state1_update_3a200	CONDITIONAL_JUMP:0003a22c
0x03A222	4A6D002A	tst.w	(0x2a,A5)	frontend_state1_update_3a200	
0x03A226	6704	beq.b	0x0003a22c	frontend_state1_update_3a200	CONDITIONAL_JUMP:0003a22c
0x03A228	303C000F	move.w	#0xf, D0w	frontend_state1_update_3a200	
0x03A22C	3B40004A	move.w	D0w, (0x4a,A5)	frontend_state1_update_3a200	
0x03A230	6100014A	bsr.w	0x0003a37c	frontend_state1_update_3a200	UNCONDITIONAL_CALL:0003a37c
0x03A234	103C001E	move.b	#0x1e, D0b	frontend_state1_update_3a200	
0x03A238	61004E4A	bsr.w	0x0003f084	frontend_state1_update_3a200	UNCONDITIONAL_CALL:0003f084
0x03A23C	4E75	rts		frontend_state1_update_3a200	
0x03A23E	61000C1A	bsr.w	0x0003ae5a	frontend_state1_update_3a200	UNCONDITIONAL_CALL:0003ae5a
0x03A242	61000B08	bsr.w	0x0003ad4c	frontend_state1_update_3a200	UNCONDITIONAL_CALL:0003ad4c
0x03A246	61000B90	bsr.w	0x0003add8	frontend_state1_update_3a200	UNCONDITIONAL_CALL:0003add8
0x03A24A	4A6D0028	tst.w	(0x28,A5)	frontend_state1_update_3a200	
0x03A24E	660A	bne.b	0x0003a25a	frontend_state1_update_3a200	CONDITIONAL_JUMP:0003a25a
0x03A250	426D0002	clr.w	(0x2,A5)	frontend_state1_update_3a200	
0x03A254	426D0004	clr.w	(0x4,A5)	frontend_state1_update_3a200	
0x03A258	4E75	rts		frontend_state1_update_3a200	
0x03A25A	103C0000	move.b	#0x0, D0b	frontend_state1_update_3a200	
0x03A25E	61004E24	bsr.w	0x0003f084	frontend_state1_update_3a200	UNCONDITIONAL_CALL:0003f084
0x03A262	7201	moveq	0x1, D1	frontend_state1_update_3a200	
0x03A264	6100169C	bsr.w	0x0003b902	frontend_state1_update_3a200	UNCONDITIONAL_CALL:0003b902
0x03A268	4A6D002A	tst.w	(0x2a,A5)	frontend_state1_update_3a200	
0x03A26C	6614	bne.b	0x0003a282	frontend_state1_update_3a200	CONDITIONAL_JUMP:0003a282
0x03A26E	082D0001003B	btst.b	#0x1, (0x3b,A5)	frontend_state1_update_3a200	
0x03A274	66DA	bne.b	0x0003a250	frontend_state1_update_3a200	CONDITIONAL_JUMP:0003a250
0x03A276	6100001C	bsr.w	0x0003a294	frontend_state1_update_3a200	UNCONDITIONAL_CALL:0003a294
0x03A27A	3B7C0001002A	move.w	#0x1, (0x2a,A5)	frontend_state1_update_3a200	
0x03A280	60CE	bra.b	0x0003a250	frontend_state1_update_3a200	UNCONDITIONAL_JUMP:0003a250
0x03A282	082D0000003B	btst.b	#0x0, (0x3b,A5)	frontend_state1_update_3a200	
0x03A288	66C6	bne.b	0x0003a250	frontend_state1_update_3a200	CONDITIONAL_JUMP:0003a250
0x03A28A	61000026	bsr.w	0x0003a2b2	frontend_state1_update_3a200	UNCONDITIONAL_CALL:0003a2b2
0x03A28E	426D002A	clr.w	(0x2a,A5)	frontend_state1_update_3a200	
0x03A292	60BC	bra.b	0x0003a250	frontend_state1_update_3a200	UNCONDITIONAL_JUMP:0003a250
0x03A294	41ED0100	lea	(0x100,A5), A0	FUN_0003a294	
0x03A298	43ED0080	lea	(0x80,A5), A1	FUN_0003a294	
0x03A29C	7020	moveq	0x20, D0	FUN_0003a294	
0x03A29E	61000030	bsr.w	0x0003a2d0	FUN_0003a294	UNCONDITIONAL_CALL:0003a2d0
0x03A2A2	41ED00C0	lea	(0xc0,A5), A0	FUN_0003a294	
0x03A2A6	43ED0100	lea	(0x100,A5), A1	FUN_0003a294	
0x03A2AA	7020	moveq	0x20, D0	FUN_0003a294	
0x03A2AC	61000022	bsr.w	0x0003a2d0	FUN_0003a294	UNCONDITIONAL_CALL:0003a2d0
0x03A2B0	4E75	rts		FUN_0003a294	
0x03A2B2	41ED0100	lea	(0x100,A5), A0	FUN_0003a2b2	
0x03A2B6	43ED00C0	lea	(0xc0,A5), A1	FUN_0003a2b2	
0x03A2BA	7020	moveq	0x20, D0	FUN_0003a2b2	
0x03A2BC	61000012	bsr.w	0x0003a2d0	FUN_0003a2b2	UNCONDITIONAL_CALL:0003a2d0
0x03A2C0	41ED0080	lea	(0x80,A5), A0	FUN_0003a2b2	
0x03A2C4	43ED0100	lea	(0x100,A5), A1	FUN_0003a2b2	
0x03A2C8	7020	moveq	0x20, D0	FUN_0003a2b2	
0x03A2CA	61000004	bsr.w	0x0003a2d0	FUN_0003a2b2	UNCONDITIONAL_CALL:0003a2d0
0x03A2CE	4E75	rts		FUN_0003a2b2	
0x03A2D0	32D8	move.w	(A0)+, (A1)+	FUN_0003a2d0	
0x03A2D2	5340	subq.w	0x1, D0w	FUN_0003a2d0	
0x03A2D4	66FA	bne.b	0x0003a2d0	FUN_0003a2d0	CONDITIONAL_JUMP:0003a2d0
0x03A2D6	4E75	rts		FUN_0003a2d0	
0x03A2D8	61000B80	bsr.w	0x0003ae5a	frontend_state2_update_3a2d8	UNCONDITIONAL_CALL:0003ae5a
0x03A2DC	61000A6E	bsr.w	0x0003ad4c	frontend_state2_update_3a2d8	UNCONDITIONAL_CALL:0003ad4c
0x03A2E0	61000AF6	bsr.w	0x0003add8	frontend_state2_update_3a2d8	UNCONDITIONAL_CALL:0003add8
0x03A2E4	4A6D0034	tst.w	(0x34,A5)	frontend_state2_update_3a2d8	
0x03A2E8	660E	bne.b	0x0003a2f8	frontend_state2_update_3a2d8	CONDITIONAL_JUMP:0003a2f8
0x03A2EA	426D0000	clr.w	(0x0,A5)	frontend_state2_update_3a2d8	
0x03A2EE	426D0002	clr.w	(0x2,A5)	frontend_state2_update_3a2d8	
0x03A2F2	426D0004	clr.w	(0x4,A5)	frontend_state2_update_3a2d8	
0x03A2F6	4E75	rts		frontend_state2_update_3a2d8	
0x03A2F8	426D0042	clr.w	(0x42,A5)	frontend_state2_update_3a2d8	
0x03A2FC	3B7C00090004	move.w	#0x9, (0x4,A5)	frontend_state2_update_3a2d8	
0x03A302	4E75	rts		frontend_state2_update_3a2d8	
0x03A304	082D0006001D	btst.b	#0x6, (0x1d,A5)	frontend_state3_update_3a304	
0x03A30A	6608	bne.b	0x0003a314	frontend_state3_update_3a304	CONDITIONAL_JUMP:0003a314
0x03A30C	0C2D00060118	cmpi.b	#0x6, (0x118,A5)	frontend_state3_update_3a304	
0x03A312	6508	bcs.b	0x0003a31c	frontend_state3_update_3a304	CONDITIONAL_JUMP:0003a31c
0x03A314	3B7C00040004	move.w	#0x4, (0x4,A5)	frontend_state3_update_3a304	
0x03A31A	4E75	rts		frontend_state3_update_3a304	
0x03A31C	33FC03FF002005C2	move.w	#0x3ff, (0x002005c2).l	frontend_state3_update_3a304	WRITE:002005c2
0x03A324	33FC001F002005E2	move.w	#0x1f, (0x002005e2).l	frontend_state3_update_3a304	WRITE:002005e2
0x03A32C	4EB90005A3AC	jsr	0x0005a3ac.l	frontend_state3_update_3a304	UNCONDITIONAL_CALL:0005a3ac
0x03A332	7016	moveq	0x16, D0	frontend_state3_update_3a304	
0x03A334	61001812	bsr.w	0x0003bb48	frontend_state3_update_3a304	UNCONDITIONAL_CALL:0003bb48
0x03A338	7017	moveq	0x17, D0	frontend_state3_update_3a304	
0x03A33A	6100180C	bsr.w	0x0003bb48	frontend_state3_update_3a304	UNCONDITIONAL_CALL:0003bb48
0x03A33E	7018	moveq	0x18, D0	frontend_state3_update_3a304	
0x03A340	61001806	bsr.w	0x0003bb48	frontend_state3_update_3a304	UNCONDITIONAL_CALL:0003bb48
0x03A344	7019	moveq	0x19, D0	frontend_state3_update_3a304	
0x03A346	61001800	bsr.w	0x0003bb48	frontend_state3_update_3a304	UNCONDITIONAL_CALL:0003bb48
0x03A34A	4A6D002A	tst.w	(0x2a,A5)	frontend_state3_update_3a304	
0x03A34E	6708	beq.b	0x0003a358	frontend_state3_update_3a304	CONDITIONAL_JUMP:0003a358
0x03A350	33FC003200C08A52	move.w	#0x32, (0x00c08a52).l	frontend_state3_update_3a304	WRITE:00c08a52
0x03A358	4A6D0012	tst.w	(0x12,A5)	frontend_state3_update_3a304	
0x03A35C	6606	bne.b	0x0003a364	frontend_state3_update_3a304	CONDITIONAL_JUMP:0003a364
0x03A35E	701A	moveq	0x1a, D0	frontend_state3_update_3a304	
0x03A360	610017E6	bsr.w	0x0003bb48	frontend_state3_update_3a304	UNCONDITIONAL_CALL:0003bb48
0x03A364	426D0202	clr.w	(0x202,A5)	frontend_state3_update_3a304	
0x03A368	4240	clr.w	D0w	frontend_state3_update_3a304	
0x03A36A	61002CD8	bsr.w	0x0003d044	frontend_state3_update_3a304	UNCONDITIONAL_CALL:0003d044
0x03A36E	3B7C00600204	move.w	#0x60, (0x204,A5)	frontend_state3_update_3a304	
0x03A374	3B7C00080004	move.w	#0x8, (0x4,A5)	frontend_state3_update_3a304	
0x03A37A	4E75	rts		frontend_state3_update_3a304	
0x03A37C	1B6D011E004C	move.b	(0x11e,A5), (0x4c,A5)	FUN_0003a37c	
0x03A382	1B6D011D004D	move.b	(0x11d,A5), (0x4d,A5)	FUN_0003a37c	
0x03A388	1B6D011C004E	move.b	(0x11c,A5), (0x4e,A5)	FUN_0003a37c	
0x03A38E	422D004F	clr.b	(0x4f,A5)	FUN_0003a37c	
0x03A392	1B6D013F0050	move.b	(0x13f,A5), (0x50,A5)	FUN_0003a37c	
0x03A398	4E75	rts		FUN_0003a37c	
0x03A39A	4A6D0028	tst.w	(0x28,A5)	frontend_state4_update_3a39a	
0x03A39E	67000080	beq.w	0x0003a420	frontend_state4_update_3a39a	CONDITIONAL_JUMP:0003a420
0x03A3A2	4EB90005A442	jsr	0x0005a442.l	frontend_state4_update_3a39a	UNCONDITIONAL_CALL:0005a442
0x03A3A8	4A6D002A	tst.w	(0x2a,A5)	frontend_state4_update_3a39a	
0x03A3AC	6614	bne.b	0x0003a3c2	frontend_state4_update_3a39a	CONDITIONAL_JUMP:0003a3c2
0x03A3AE	703A	moveq	0x3a, D0	frontend_state4_update_3a39a	
0x03A3B0	61001796	bsr.w	0x0003bb48	frontend_state4_update_3a39a	UNCONDITIONAL_CALL:0003bb48
0x03A3B4	7008	moveq	0x8, D0	frontend_state4_update_3a39a	
0x03A3B6	61001790	bsr.w	0x0003bb48	frontend_state4_update_3a39a	UNCONDITIONAL_CALL:0003bb48
0x03A3BA	006D0001003A	ori.w	#0x1, (0x3a,A5)	frontend_state4_update_3a39a	
0x03A3C0	6012	bra.b	0x0003a3d4	frontend_state4_update_3a39a	UNCONDITIONAL_JUMP:0003a3d4
0x03A3C2	703B	moveq	0x3b, D0	frontend_state4_update_3a39a	
0x03A3C4	61001782	bsr.w	0x0003bb48	frontend_state4_update_3a39a	UNCONDITIONAL_CALL:0003bb48
0x03A3C8	7008	moveq	0x8, D0	frontend_state4_update_3a39a	
0x03A3CA	6100177C	bsr.w	0x0003bb48	frontend_state4_update_3a39a	UNCONDITIONAL_CALL:0003bb48
0x03A3CE	006D0002003A	ori.w	#0x2, (0x3a,A5)	frontend_state4_update_3a39a	
0x03A3D4	3B7C00A0002C	move.w	#0xa0, (0x2c,A5)	frontend_state4_update_3a39a	
0x03A3DA	0C6D0003003A	cmpi.w	#0x3, (0x3a,A5)	frontend_state4_update_3a39a	
0x03A3E0	6608	bne.b	0x0003a3ea	frontend_state4_update_3a39a	CONDITIONAL_JUMP:0003a3ea
0x03A3E2	3B7C00050004	move.w	#0x5, (0x4,A5)	frontend_state4_update_3a39a	
0x03A3E8	4E75	rts		frontend_state4_update_3a39a	
0x03A3EA	4A6D002A	tst.w	(0x2a,A5)	frontend_state4_update_3a39a	
0x03A3EE	6616	bne.b	0x0003a406	frontend_state4_update_3a39a	CONDITIONAL_JUMP:0003a406
0x03A3F0	082D0001003B	btst.b	#0x1, (0x3b,A5)	frontend_state4_update_3a39a	
0x03A3F6	6600FE58	bne.w	0x0003a250	frontend_state4_update_3a39a	CONDITIONAL_JUMP:0003a250
0x03A3FA	6100FE98	bsr.w	0x0003a294	frontend_state4_update_3a39a	UNCONDITIONAL_CALL:0003a294
0x03A3FE	3B7C0001002A	move.w	#0x1, (0x2a,A5)	frontend_state4_update_3a39a	
0x03A404	6012	bra.b	0x0003a418	frontend_state4_update_3a39a	UNCONDITIONAL_JUMP:0003a418
0x03A406	082D0000003B	btst.b	#0x0, (0x3b,A5)	frontend_state4_update_3a39a	
0x03A40C	6600FE42	bne.w	0x0003a250	frontend_state4_update_3a39a	CONDITIONAL_JUMP:0003a250
0x03A410	6100FEA0	bsr.w	0x0003a2b2	frontend_state4_update_3a39a	UNCONDITIONAL_CALL:0003a2b2
0x03A414	426D002A	clr.w	(0x2a,A5)	frontend_state4_update_3a39a	
0x03A418	3B7C00070004	move.w	#0x7, (0x4,A5)	frontend_state4_update_3a39a	
0x03A41E	4E75	rts		frontend_state4_update_3a39a	
0x03A420	4EB90005A442	jsr	0x0005a442.l	frontend_state5_update_3a420	UNCONDITIONAL_CALL:0005a442
0x03A426	203C000000BA	move.l	#0xba, D0	frontend_state5_update_3a420	
0x03A42C	6100171A	bsr.w	0x0003bb48	frontend_state5_update_3a420	UNCONDITIONAL_CALL:0003bb48
0x03A430	7008	moveq	0x8, D0	frontend_state5_update_3a420	
0x03A432	61001714	bsr.w	0x0003bb48	frontend_state5_update_3a420	UNCONDITIONAL_CALL:0003bb48
0x03A436	426D002A	clr.w	(0x2a,A5)	frontend_state5_update_3a420	
0x03A43A	6100099C	bsr.w	0x0003add8	frontend_state5_update_3a420	UNCONDITIONAL_CALL:0003add8
0x03A43E	3B7C00A0002C	move.w	#0xa0, (0x2c,A5)	frontend_state5_update_3a420	
0x03A444	426D003A	clr.w	(0x3a,A5)	frontend_state5_update_3a420	
0x03A448	3B7C00060004	move.w	#0x6, (0x4,A5)	frontend_state5_update_3a420	
0x03A44E	4E75	rts		frontend_state5_update_3a420	
0x03A450	426D0000	clr.w	(0x0,A5)	frontend_state6_update_3a450	
0x03A454	4A6D0012	tst.w	(0x12,A5)	frontend_state6_update_3a450	
0x03A458	6706	beq.b	0x0003a460	frontend_state6_update_3a450	CONDITIONAL_JUMP:0003a460
0x03A45A	3B7C00010000	move.w	#0x1, (0x0,A5)	frontend_state6_update_3a450	
0x03A460	426D0034	clr.w	(0x34,A5)	frontend_state6_update_3a450	
0x03A464	426D0028	clr.w	(0x28,A5)	frontend_state6_update_3a450	
0x03A468	426D002A	clr.w	(0x2a,A5)	frontend_state6_update_3a450	
0x03A46C	6100096A	bsr.w	0x0003add8	frontend_state6_update_3a450	UNCONDITIONAL_CALL:0003add8
0x03A470	6000FDDE	bra.w	0x0003a250	frontend_state6_update_3a450	UNCONDITIONAL_JUMP:0003a250
0x03A474	6000FDDA	bra.w	0x0003a250	frontend_state7_update_3a474	UNCONDITIONAL_JUMP:0003a250
0x03A478	4A6D0012	tst.w	(0x12,A5)	frontend_state8_update_3a478	
0x03A47C	6712	beq.b	0x0003a490	frontend_state8_update_3a478	CONDITIONAL_JUMP:0003a490
0x03A47E	0C79004900C0883A	cmpi.w	#0x49, (0x00c0883a).l	frontend_state8_update_3a478	READ:00c0883a
0x03A486	6608	bne.b	0x0003a490	frontend_state8_update_3a478	CONDITIONAL_JUMP:0003a490
0x03A488	303C009A	move.w	#0x9a, D0w	frontend_state8_update_3a478	
0x03A48C	610016BA	bsr.w	0x0003bb48	frontend_state8_update_3a478	UNCONDITIONAL_CALL:0003bb48
0x03A490	103900390007	move.b	(0x00390007).l, D0b	frontend_state8_update_3a478	READ:00390007
0x03A496	02000018	andi.b	#0x18, D0b	frontend_state8_update_3a478	
0x03A49A	0C000018	cmpi.b	#0x18, D0b	frontend_state8_update_3a478	
0x03A49E	66000064	bne.w	0x0003a504	frontend_state8_update_3a478	CONDITIONAL_JUMP:0003a504
0x03A4A2	103900390001	move.b	(0x00390001).l, D0b	frontend_state8_update_3a478	READ:00390001
0x03A4A8	123900390003	move.b	(0x00390003).l, D1b	frontend_state8_update_3a478	READ:00390003
0x03A4AE	082D0000001F	btst.b	#0x0, (0x1f,A5)	frontend_state8_update_3a478	
0x03A4B4	6702	beq.b	0x0003a4b8	frontend_state8_update_3a478	CONDITIONAL_JUMP:0003a4b8
0x03A4B6	C141	exg	D0, D1	frontend_state8_update_3a478	
0x03A4B8	4A6D0032	tst.w	(0x32,A5)	frontend_state8_update_3a478	
0x03A4BC	6702	beq.b	0x0003a4c0	frontend_state8_update_3a478	CONDITIONAL_JUMP:0003a4c0
0x03A4BE	C141	exg	D0, D1	frontend_state8_update_3a478	
0x03A4C0	02400030	andi.w	#0x30, D0w	frontend_state8_update_3a478	
0x03A4C4	0C400030	cmpi.w	#0x30, D0w	frontend_state8_update_3a478	
0x03A4C8	6628	bne.b	0x0003a4f2	frontend_state8_update_3a478	CONDITIONAL_JUMP:0003a4f2
0x03A4CA	046D00010204	subi.w	#0x1, (0x204,A5)	frontend_state8_update_3a478	
0x03A4D0	6702	beq.b	0x0003a4d4	frontend_state8_update_3a478	CONDITIONAL_JUMP:0003a4d4
0x03A4D2	4E75	rts		frontend_state8_update_3a478	
0x03A4D4	3B7C00600204	move.w	#0x60, (0x204,A5)	frontend_state8_update_3a478	
0x03A4DA	0C6D00090202	cmpi.w	#0x9, (0x202,A5)	frontend_state8_update_3a478	
0x03A4E0	6410	bcc.b	0x0003a4f2	frontend_state8_update_3a478	CONDITIONAL_JUMP:0003a4f2
0x03A4E2	066D00010202	addi.w	#0x1, (0x202,A5)	frontend_state8_update_3a478	
0x03A4E8	302D0202	move.w	(0x202,A5), D0w	frontend_state8_update_3a478	
0x03A4EC	61002B56	bsr.w	0x0003d044	frontend_state8_update_3a478	UNCONDITIONAL_CALL:0003d044
0x03A4F0	4E75	rts		frontend_state8_update_3a478	
0x03A4F2	4A6D0202	tst.w	(0x202,A5)	frontend_state8_update_3a478	
0x03A4F6	670A	beq.b	0x0003a502	frontend_state8_update_3a478	CONDITIONAL_JUMP:0003a502
0x03A4F8	61000960	bsr.w	0x0003ae5a	frontend_state8_update_3a478	UNCONDITIONAL_CALL:0003ae5a
0x03A4FC	3B7C00040004	move.w	#0x4, (0x4,A5)	frontend_state8_update_3a478	
0x03A502	4E75	rts		frontend_state8_update_3a478	
0x03A504	4A6D0012	tst.w	(0x12,A5)	frontend_state8_update_3a478	
0x03A508	67C0	beq.b	0x0003a4ca	frontend_state8_update_3a478	CONDITIONAL_JUMP:0003a4ca
0x03A50A	303C0012	move.w	#0x12, D0w	frontend_state8_update_3a478	
0x03A50E	4A6D0028	tst.w	(0x28,A5)	frontend_state8_update_3a478	
0x03A512	670A	beq.b	0x0003a51e	frontend_state8_update_3a478	CONDITIONAL_JUMP:0003a51e
0x03A514	4A6D002A	tst.w	(0x2a,A5)	frontend_state8_update_3a478	
0x03A518	6704	beq.b	0x0003a51e	frontend_state8_update_3a478	CONDITIONAL_JUMP:0003a51e
0x03A51A	303C0013	move.w	#0x13, D0w	frontend_state8_update_3a478	
0x03A51E	3B40004A	move.w	D0w, (0x4a,A5)	frontend_state8_update_3a478	
0x03A522	3B6D00360100	move.w	(0x36,A5), (0x100,A5)	frontend_state8_update_3a478	
0x03A528	7001	moveq	0x1, D0	frontend_state8_update_3a478	
0x03A52A	322D0012	move.w	(0x12,A5), D1w	frontend_state8_update_3a478	
0x03A52E	44FC0000	move	#0x0	frontend_state8_update_3a478	
0x03A532	8300	sbcd	D0b, D1b	frontend_state8_update_3a478	
0x03A534	3B410012	move.w	D1w, (0x12,A5)	frontend_state8_update_3a478	
0x03A538	0C8100000009	cmpi.l	#0x9, D1	frontend_state8_update_3a478	
0x03A53E	6404	bcc.b	0x0003a544	frontend_state8_update_3a478	CONDITIONAL_JUMP:0003a544
0x03A540	610008E6	bsr.w	0x0003ae28	frontend_state8_update_3a478	UNCONDITIONAL_CALL:0003ae28
0x03A544	7003	moveq	0x3, D0	frontend_state8_update_3a478	
0x03A546	61001D9A	bsr.w	0x0003c2e2	frontend_state8_update_3a478	UNCONDITIONAL_CALL:0003c2e2
0x03A54A	61000006	bsr.w	0x0003a552	frontend_state8_update_3a478	UNCONDITIONAL_CALL:0003a552
0x03A54E	6000FCFA	bra.w	0x0003a24a	frontend_state8_update_3a478	UNCONDITIONAL_JUMP:0003a24a
0x03A552	0C39003000C09EA3	cmpi.b	#0x30, (0x00c09ea3).l	FUN_0003a552	READ:00c09ea3
0x03A55A	6608	bne.b	0x0003a564	FUN_0003a552	CONDITIONAL_JUMP:0003a564
0x03A55C	13FC002000C09EA3	move.b	#0x20, (0x00c09ea3).l	FUN_0003a552	WRITE:00c09ea3
0x03A564	4E75	rts		FUN_0003a552	
0x03A7BC	00390007660C426D	ori.b	#0x7, (0x660c426d).l		READ_WRITE:660c426d
0x03A7C4	00043B7C	ori.b	#0x7c, D4b		
0x03A7C8	00040002	ori.b	#0x2, D4b		
0x03A7CC	4E75	rts			
0x03A7E0	3B7C00010046	move.w	#0x1, (0x46,A5)		
0x03A7E6	3B7C00020004	move.w	#0x2, (0x4,A5)		
0x03A7EC	1B7C00010104	move.b	#0x1, (0x104,A5)		
0x03A7F2	3B7C00020002	move.w	#0x2, (0x2,A5)		
0x03A7F8	4E75	rts			
0x03A804	426D02C8	clr.w	(0x2c8,A5)		
0x03A808	41ED02C8	lea	(0x2c8,A5), A0		
0x03A80C	43ED02CA	lea	(0x2ca,A5), A1		
0x03A810	303C03FF	move.w	#0x3ff, D0w		
0x03A814	6100FABA	bsr.w	0x0003a2d0		UNCONDITIONAL_CALL:0003a2d0
0x03A818	4EB900045DFA	jsr	0x00045dfa.l		UNCONDITIONAL_CALL:00045dfa
0x03A81E	7201	moveq	0x1, D1		
0x03A820	610010E0	bsr.w	0x0003b902		UNCONDITIONAL_CALL:0003b902
0x03A824	3B7C000813AC	move.w	#0x8, (0x13ac,A5)		DATA:000013ac
0x03A82A	3B7C00010004	move.w	#0x1, (0x4,A5)		
0x03A830	4E75	rts			
0x03A844	00020046	ori.b	#0x46, D2b		
0x03A848	3B7C00011394	move.w	#0x1, (0x1394,A5)		DATA:00001394
0x03A84E	3B7C000913AA	move.w	#0x9, (0x13aa,A5)		DATA:000013aa
0x03A854	61007708	bsr.w	0x00041f5e		UNCONDITIONAL_CALL:00041f5e
0x03A858	3B7C00020004	move.w	#0x2, (0x4,A5)		
0x03A85E	4E75	rts			
0x03AB7C	4A6D1C10	tst.w	(0x1c10,A5)	warm_restart_gate_caller_a	DATA:00001c10
0x03AB80	6002	bra.b	0x0003ab84	warm_restart_gate_caller_a	UNCONDITIONAL_JUMP:0003ab84
0x03AB84	0C6D01000012	cmpi.w	#0x100, (0x12,A5)	warm_restart_gate_caller_a	
0x03AB8A	6100F41C	bsr.w	0x00039fa8	warm_restart_gate_caller_a	UNCONDITIONAL_CALL:00039fa8
0x03AB8E	0C6D00030000	cmpi.w	#0x3, (0x0,A5)	warm_restart_gate_caller_a	
0x03AB94	674A	beq.b	0x0003abe0	warm_restart_gate_caller_a	CONDITIONAL_JUMP:0003abe0
0x03AB96	0839000200390007	btst.b	#0x2, (0x00390007).l	warm_restart_gate_caller_a	READ:00390007
0x03AB9E	6640	bne.b	0x0003abe0	warm_restart_gate_caller_a	CONDITIONAL_JUMP:0003abe0
0x03ABA0	103C0000	move.b	#0x0, D0b	warm_restart_gate_caller_a	
0x03ABA4	610044DE	bsr.w	0x0003f084	warm_restart_gate_caller_a	UNCONDITIONAL_CALL:0003f084
0x03ABA8	3B7C001F004A	move.w	#0x1f, (0x4a,A5)	warm_restart_gate_caller_a	
0x03ABAE	61000228	bsr.w	0x0003add8	warm_restart_gate_caller_a	UNCONDITIONAL_CALL:0003add8
0x03ABB2	6100029C	bsr.w	0x0003ae50	warm_restart_gate_caller_a	UNCONDITIONAL_CALL:0003ae50
0x03ABB6	610001BA	bsr.w	0x0003ad72	warm_restart_gate_caller_a	UNCONDITIONAL_CALL:0003ad72
0x03ABBA	42B900C20000	clr.l	(0x00c20000).l	warm_restart_gate_caller_a	WRITE:00c20000
0x03ABC0	42B900C40000	clr.l	(0x00c40000).l	warm_restart_gate_caller_a	WRITE:00c40000
0x03ABC6	6100029C	bsr.w	0x0003ae64	warm_restart_gate_caller_a	UNCONDITIONAL_CALL:0003ae64
0x03ABCA	700E	moveq	0xe, D0	warm_restart_gate_caller_a	
0x03ABCC	61000F7A	bsr.w	0x0003bb48	warm_restart_gate_caller_a	UNCONDITIONAL_CALL:0003bb48
0x03ABD0	3B7C0010002C	move.w	#0x10, (0x2c,A5)	warm_restart_gate_caller_a	
0x03ABD6	3B7C00030000	move.w	#0x3, (0x0,A5)	warm_restart_gate_caller_a	
0x03ABDC	426D0002	clr.w	(0x2,A5)	warm_restart_gate_caller_a	
0x03ABE0	4E75	rts		warm_restart_gate_caller_a	
0x03ABE2	61000020	bsr.w	0x0003ac04	FUN_0003abe2	UNCONDITIONAL_CALL:0003ac04
0x03ABE6	610000A2	bsr.w	0x0003ac8a	FUN_0003abe2	UNCONDITIONAL_CALL:0003ac8a
0x03ABEA	4A6D0026	tst.w	(0x26,A5)	FUN_0003abe2	
0x03ABEE	6704	beq.b	0x0003abf4	FUN_0003abe2	CONDITIONAL_JUMP:0003abf4
0x03ABF0	61000102	bsr.w	0x0003acf4	FUN_0003abe2	UNCONDITIONAL_CALL:0003acf4
0x03ABF4	4E75	rts		FUN_0003abe2	
0x03ABF6	426D0020	clr.w	(0x20,A5)	FUN_0003ac8a	
0x03ABFA	426D0022	clr.w	(0x22,A5)	FUN_0003ac8a	
0x03ABFE	426D0024	clr.w	(0x24,A5)	FUN_0003ac8a	
0x03AC02	4E75	rts		FUN_0003ac8a	
0x03AC04	0839000000390007	btst.b	#0x0, (0x00390007).l	FUN_0003ac04	READ:00390007
0x03AC0C	6608	bne.b	0x0003ac16	FUN_0003ac04	CONDITIONAL_JUMP:0003ac16
0x03AC0E	3B7C00010020	move.w	#0x1, (0x20,A5)	FUN_0003ac04	
0x03AC14	4E75	rts		FUN_0003ac04	
0x03AC16	4A6D0020	tst.w	(0x20,A5)	FUN_0003ac04	
0x03AC1A	67F8	beq.b	0x0003ac14	FUN_0003ac04	CONDITIONAL_JUMP:0003ac14
0x03AC1C	426D0020	clr.w	(0x20,A5)	FUN_0003ac04	
0x03AC20	302D0012	move.w	(0x12,A5), D0w	FUN_0003ac04	
0x03AC24	48C0	ext.l	D0	FUN_0003ac04	
0x03AC26	3200	move.w	D0w, D1w	FUN_0003ac04	
0x03AC28	5240	addq.w	0x1, D0w	FUN_0003ac04	
0x03AC2A	0C400099	cmpi.w	#0x99, D0w	FUN_0003ac04	
0x03AC2E	6506	bcs.b	0x0003ac36	FUN_0003ac04	CONDITIONAL_JUMP:0003ac36
0x03AC30	303C0099	move.w	#0x99, D0w	FUN_0003ac04	
0x03AC34	6010	bra.b	0x0003ac46	FUN_0003ac04	UNCONDITIONAL_JUMP:0003ac46
0x03AC36	3400	move.w	D0w, D2w	FUN_0003ac04	
0x03AC38	0242000F	andi.w	#0xf, D2w	FUN_0003ac04	
0x03AC3C	0C42000A	cmpi.w	#0xa, D2w	FUN_0003ac04	
0x03AC40	6504	bcs.b	0x0003ac46	FUN_0003ac04	CONDITIONAL_JUMP:0003ac46
0x03AC42	06400006	addi.w	#0x6, D0w	FUN_0003ac04	
0x03AC46	3B400012	move.w	D0w, (0x12,A5)	FUN_0003ac04	
0x03AC4A	0C400009	cmpi.w	#0x9, D0w	FUN_0003ac04	
0x03AC4E	6504	bcs.b	0x0003ac54	FUN_0003ac04	CONDITIONAL_JUMP:0003ac54
0x03AC50	610001FE	bsr.w	0x0003ae50	FUN_0003ac04	UNCONDITIONAL_CALL:0003ae50
0x03AC54	0C39004300C09E87	cmpi.b	#0x43, (0x00c09e87).l	FUN_0003ac04	READ:00c09e87
0x03AC5C	660A	bne.b	0x0003ac68	FUN_0003ac04	CONDITIONAL_JUMP:0003ac68
0x03AC5E	7003	moveq	0x3, D0	FUN_0003ac04	
0x03AC60	61001680	bsr.w	0x0003c2e2	FUN_0003ac04	UNCONDITIONAL_CALL:0003c2e2
0x03AC64	6100F8EC	bsr.w	0x0003a552	FUN_0003ac04	UNCONDITIONAL_CALL:0003a552
0x03AC68	103C0004	move.b	#0x4, D0b	FUN_0003ac04	
0x03AC6C	61004416	bsr.w	0x0003f084	FUN_0003ac04	UNCONDITIONAL_CALL:0003f084
0x03AC70	4A6D0034	tst.w	(0x34,A5)	FUN_0003ac04	
0x03AC74	669E	bne.b	0x0003ac14	FUN_0003ac04	CONDITIONAL_JUMP:0003ac14
0x03AC76	426D002C	clr.w	(0x2c,A5)	FUN_0003ac04	
0x03AC7A	3B7C00010000	move.w	#0x1, (0x0,A5)	FUN_0003ac04	
0x03AC80	426D0002	clr.w	(0x2,A5)	FUN_0003ac04	
0x03AC84	426D0004	clr.w	(0x4,A5)	FUN_0003ac04	
0x03AC88	4E75	rts		FUN_0003ac04	
0x03AC8A	0C6D00990012	cmpi.w	#0x99, (0x12,A5)	FUN_0003ac8a	
0x03AC90	6400FF64	bcc.w	0x0003abf6	FUN_0003ac8a	CONDITIONAL_JUMP:0003abf6
0x03AC94	0839000500390007	btst.b	#0x5, (0x00390007).l	FUN_0003ac8a	READ:00390007
0x03AC9C	6708	beq.b	0x0003aca6	FUN_0003ac8a	CONDITIONAL_JUMP:0003aca6
0x03AC9E	3B7C00010022	move.w	#0x1, (0x22,A5)	FUN_0003ac8a	
0x03ACA4	4E75	rts		FUN_0003ac8a	
0x03ACA6	4A6D0022	tst.w	(0x22,A5)	FUN_0003ac8a	
0x03ACAA	6700FF68	beq.w	0x0003ac14	FUN_0003ac8a	CONDITIONAL_JUMP:0003ac14
0x03ACAE	426D0022	clr.w	(0x22,A5)	title_fg_glyph_producer_3acae	
0x03ACB2	0839000600390005	btst.b	#0x6, (0x00390005).l	title_fg_glyph_producer_3acae	READ:00390005
0x03ACBA	670C	beq.b	0x0003acc8	title_fg_glyph_producer_3acae	CONDITIONAL_JUMP:0003acc8
0x03ACBC	0839000400390005	btst.b	#0x4, (0x00390005).l	title_fg_glyph_producer_3acae	READ:00390005
0x03ACC4	6702	beq.b	0x0003acc8	title_fg_glyph_producer_3acae	CONDITIONAL_JUMP:0003acc8
0x03ACC6	4E75	rts		title_fg_glyph_producer_3acae	
0x03ACC8	6100F3C2	bsr.w	0x0003a08c	title_fg_glyph_producer_3acae	UNCONDITIONAL_CALL:0003a08c
0x03ACCC	41ED0006	lea	(0x6,A5), A0	title_fg_glyph_producer_3acae	
0x03ACD0	3010	move.w	(A0), D0w	title_fg_glyph_producer_3acae	
0x03ACD2	06400001	addi.w	#0x1, D0w	title_fg_glyph_producer_3acae	
0x03ACD6	B0680002	cmp.w	(0x2,A0), D0w	title_fg_glyph_producer_3acae	
0x03ACDA	6404	bcc.b	0x0003ace0	title_fg_glyph_producer_3acae	CONDITIONAL_JUMP:0003ace0
0x03ACDC	3080	move.w	D0w, (A0)	title_fg_glyph_producer_3acae	
0x03ACDE	4E75	rts		title_fg_glyph_producer_3acae	
0x03ACE0	90680002	sub.w	(0x2,A0), D0w	title_fg_glyph_producer_3acae	
0x03ACE4	3080	move.w	D0w, (A0)	title_fg_glyph_producer_3acae	
0x03ACE6	302D0012	move.w	(0x12,A5), D0w	title_fg_glyph_producer_3acae	
0x03ACEA	3200	move.w	D0w, D1w	title_fg_glyph_producer_3acae	
0x03ACEC	D0680004	add.w	(0x4,A0), D0w	title_fg_glyph_producer_3acae	
0x03ACF0	6000FF38	bra.w	0x0003ac2a	title_fg_glyph_producer_3acae	UNCONDITIONAL_JUMP:0003ac2a
0x03ACF4	0C6D00990012	cmpi.w	#0x99, (0x12,A5)	FUN_0003acf4	
0x03ACFA	6400FEFA	bcc.w	0x0003abf6	FUN_0003acf4	CONDITIONAL_JUMP:0003abf6
0x03ACFE	0839000600390007	btst.b	#0x6, (0x00390007).l	FUN_0003acf4	READ:00390007
0x03AD06	6708	beq.b	0x0003ad10	FUN_0003acf4	CONDITIONAL_JUMP:0003ad10
0x03AD08	3B7C00010024	move.w	#0x1, (0x24,A5)	FUN_0003acf4	
0x03AD0E	4E75	rts		FUN_0003acf4	
0x03AD10	4A6D0024	tst.w	(0x24,A5)	FUN_0003acf4	
0x03AD14	6700FEFE	beq.w	0x0003ac14	FUN_0003acf4	CONDITIONAL_JUMP:0003ac14
0x03AD18	426D0024	clr.w	(0x24,A5)	FUN_0003acf4	
0x03AD1C	0839000600390005	btst.b	#0x6, (0x00390005).l	FUN_0003acf4	READ:00390005
0x03AD24	670C	beq.b	0x0003ad32	FUN_0003acf4	CONDITIONAL_JUMP:0003ad32
0x03AD26	0839000500390005	btst.b	#0x5, (0x00390005).l	FUN_0003acf4	READ:00390005
0x03AD2E	6702	beq.b	0x0003ad32	FUN_0003acf4	CONDITIONAL_JUMP:0003ad32
0x03AD30	4E75	rts		FUN_0003acf4	
0x03AD32	6100F366	bsr.w	0x0003a09a	FUN_0003acf4	UNCONDITIONAL_CALL:0003a09a
0x03AD36	41ED000C	lea	(0xc,A5), A0	FUN_0003acf4	
0x03AD3A	6094	bra.b	0x0003acd0	FUN_0003acf4	UNCONDITIONAL_JUMP:0003acd0
0x03AD3C	30C0	move.w	D0w, (A0)+	FUN_0003ad3c	
0x03AD3E	5341	subq.w	0x1, D1w	FUN_0003ad3c	
0x03AD40	66FA	bne.b	0x0003ad3c	FUN_0003ad3c	CONDITIONAL_JUMP:0003ad3c
0x03AD42	4E75	rts		FUN_0003ad3c	
0x03AD44	20C0	move.l	D0, (A0)+	FUN_0003ad44	
0x03AD46	5341	subq.w	0x1, D1w	FUN_0003ad44	
0x03AD48	66FA	bne.b	0x0003ad44	FUN_0003ad44	CONDITIONAL_JUMP:0003ad44
0x03AD4A	4E75	rts		FUN_0003ad44	
0x03AD4C	323C0008	move.w	#0x8, D1w	FUN_0003ad4c	
0x03AD50	41F900D00000	lea	(0xd00000).l, A0	FUN_0003ad4c	DATA:00d00000
0x03AD56	203C00000100	move.l	#0x100, D0	FUN_0003ad4c	
0x03AD5C	61E6	bsr.b	0x0003ad44	FUN_0003ad4c	UNCONDITIONAL_CALL:0003ad44
0x03AD5E	323C0182	move.w	#0x182, D1w	FUN_0003ad4c	
0x03AD62	41F900D00170	lea	(0xd00170).l, A0	FUN_0003ad4c	DATA:00d00170
0x03AD68	203C00000100	move.l	#0x100, D0	FUN_0003ad4c	
0x03AD6E	61D4	bsr.b	0x0003ad44	FUN_0003ad4c	UNCONDITIONAL_CALL:0003ad44
0x03AD70	4E75	rts		FUN_0003ad4c	
0x03AD72	323C01E0	move.w	#0x1e0, D1w	FUN_0003ad72	
0x03AD76	41F900D00000	lea	(0xd00000).l, A0	FUN_0003ad72	DATA:00d00000
0x03AD7C	203C00000100	move.l	#0x100, D0	FUN_0003ad72	
0x03AD82	61C0	bsr.b	0x0003ad44	FUN_0003ad72	UNCONDITIONAL_CALL:0003ad44
0x03AD84	720E	moveq	0xe, D1	FUN_0003ad72	
0x03AD86	41F900D00778	lea	(0xd00778).l, A0	FUN_0003ad72	DATA:00d00778
0x03AD8C	203C00000008	move.l	#0x8, D0	FUN_0003ad72	
0x03AD92	2E3C00000160	move.l	#0x160, D7	FUN_0003ad72	
0x03AD98	4EB90005B512	jsr	0x0005b512.l	FUN_0003ad72	UNCONDITIONAL_CALL:0005b512
0x03AD9E	6100000A	bsr.w	0x0003adaa	FUN_0003ad72	UNCONDITIONAL_CALL:0003adaa
0x03ADA2	7203	moveq	0x3, D1	FUN_0003ad72	
0x03ADA4	203C000000C8	move.l	#0xc8, D0	FUN_0003ad72	
0x03ADAA	2080	move.l	D0, (A0)	FUN_0003adaa	
0x03ADAC	21470004	move.l	D7, (0x4,A0)	FUN_0003adaa	
0x03ADB0	5088	addq.l	0x8, A0	FUN_0003adaa	
0x03ADB2	06400010	addi.w	#0x10, D0w	FUN_0003adaa	
0x03ADB6	5341	subq.w	0x1, D1w	FUN_0003adaa	
0x03ADB8	66F0	bne.b	0x0003adaa	FUN_0003adaa	CONDITIONAL_JUMP:0003adaa
0x03ADBA	4E75	rts		FUN_0003adaa	
0x03ADD8	4A6D0032	tst.w	(0x32,A5)	FUN_0003add8	
0x03ADDC	6608	bne.b	0x0003ade6	FUN_0003add8	CONDITIONAL_JUMP:0003ade6
0x03ADDE	4A6D0030	tst.w	(0x30,A5)	FUN_0003add8	
0x03ADE2	6710	beq.b	0x0003adf4	FUN_0003add8	CONDITIONAL_JUMP:0003adf4
0x03ADE4	6014	bra.b	0x0003adfa	FUN_0003add8	UNCONDITIONAL_JUMP:0003adfa
0x03ADE6	4A6D0030	tst.w	(0x30,A5)	FUN_0003add8	
0x03ADEA	6624	bne.b	0x0003ae10	FUN_0003add8	CONDITIONAL_JUMP:0003ae10
0x03ADEC	4A6D002A	tst.w	(0x2a,A5)	FUN_0003add8	
0x03ADF0	6608	bne.b	0x0003adfa	FUN_0003add8	CONDITIONAL_JUMP:0003adfa
0x03ADF2	601C	bra.b	0x0003ae10	FUN_0003add8	UNCONDITIONAL_JUMP:0003ae10
0x03ADF4	4A6D002A	tst.w	(0x2a,A5)	FUN_0003add8	
0x03ADF8	6616	bne.b	0x0003ae10	FUN_0003add8	CONDITIONAL_JUMP:0003ae10
0x03ADFA	426D001E	clr.w	(0x1e,A5)	FUN_0003add8	
0x03ADFE	33FC000000C50000	move.w	#0x0, (0x00c50000).l	FUN_0003add8	WRITE:00c50000
0x03AE06	33FC000100D01BFE	move.w	#0x1, (0x00d01bfe).l	FUN_0003add8	WRITE:00d01bfe
0x03AE0E	4E75	rts		FUN_0003add8	
0x03AE10	3B7C0001001E	move.w	#0x1, (0x1e,A5)	FUN_0003add8	
0x03AE16	33FC000100C50000	move.w	#0x1, (0x00c50000).l	FUN_0003add8	WRITE:00c50000
0x03AE1E	33FC000000D01BFE	move.w	#0x0, (0x00d01bfe).l	FUN_0003add8	WRITE:00d01bfe
0x03AE26	4E75	rts		FUN_0003add8	
0x03AE28	302D0014	move.w	(0x14,A5), D0w	FUN_0003ae28	
0x03AE2C	00400003	ori.w	#0x3, D0w	FUN_0003ae28	
0x03AE30	3B400014	move.w	D0w, (0x14,A5)	FUN_0003ae28	
0x03AE34	33C000380000	move.w	D0w, (0x00380000).l	FUN_0003ae28	WRITE:00380000
0x03AE3A	4E75	rts		FUN_0003ae28	
0x03AE3C	302D0014	move.w	(0x14,A5), D0w	FUN_0003ae3c	
0x03AE40	0240FFFD	andi.w	#-0x3, D0w	FUN_0003ae3c	
0x03AE44	60EA	bra.b	0x0003ae30	FUN_0003ae3c	UNCONDITIONAL_JUMP:0003ae30
0x03AE46	302D0014	move.w	(0x14,A5), D0w	FUN_0003ae46	
0x03AE4A	0240FFFE	andi.w	#-0x2, D0w	FUN_0003ae46	
0x03AE4E	60E0	bra.b	0x0003ae30	FUN_0003ae46	UNCONDITIONAL_JUMP:0003ae30
0x03AE50	302D0014	move.w	(0x14,A5), D0w	FUN_0003ae50	
0x03AE54	0240FFFC	andi.w	#-0x4, D0w	FUN_0003ae50	
0x03AE58	60D6	bra.b	0x0003ae30	FUN_0003ae50	UNCONDITIONAL_JUMP:0003ae30
0x03AE5A	61000008	bsr.w	0x0003ae64	FUN_0003ae5a	UNCONDITIONAL_CALL:0003ae64
0x03AE5E	61000238	bsr.w	0x0003b098	FUN_0003ae5a	UNCONDITIONAL_CALL:0003b098
0x03AE62	4E75	rts		FUN_0003ae5a	
0x03AE64	41F900C00100	lea	(0xc00100).l, A0	FUN_0003ae64	DATA:00c00100
0x03AE6A	323C076C	move.w	#0x76c, D1w	FUN_0003ae64	
0x03AE6E	7020	moveq	0x20, D0	FUN_0003ae64	
0x03AE70	6100FED2	bsr.w	0x0003ad44	FUN_0003ae64	UNCONDITIONAL_CALL:0003ad44
0x03AE74	41F900C08100	lea	(0xc08100).l, A0	FUN_0003ae64	DATA:00c08100
0x03AE7A	323C076C	move.w	#0x76c, D1w	FUN_0003ae64	
0x03AE7E	7020	moveq	0x20, D0	FUN_0003ae64	
0x03AE80	6100FEC2	bsr.w	0x0003ad44	FUN_0003ae64	UNCONDITIONAL_CALL:0003ad44
0x03AE84	4E75	rts		FUN_0003ae64	
0x03AE86	33FC000000C50000	move.w	#0x0, (0x00c50000).l	startup_common_body	WRITE:00c50000
0x03AE8E	33FC000000D01BFE	move.w	#0x0, (0x00d01bfe).l	startup_common_body	WRITE:00d01bfe
0x03AE96	427900350008	clr.w	(0x00350008).l	startup_common_body	WRITE:00350008
0x03AE9C	427900380000	clr.w	(0x00380000).l	startup_common_body	WRITE:00380000
0x03AEA2	13FC0004003E0001	move.b	#0x4, (0x003e0001).l	startup_common_body	WRITE:003e0001
0x03AEAA	13FC0001003E0003	move.b	#0x1, (0x003e0003).l	startup_common_body	WRITE:003e0003
0x03AEB2	303C1FFF	move.w	#0x1fff, D0w	startup_common_body	
0x03AEB6	323900200000	move.w	(0x00200000).l, D1w	startup_common_body	READ:00200000
0x03AEBC	33C100200000	move.w	D1w, (0x00200000).l	startup_common_body	WRITE:00200000
0x03AEC2	5340	subq.w	0x1, D0w	startup_common_body	
0x03AEC4	66F0	bne.b	0x0003aeb6	startup_common_body	CONDITIONAL_JUMP:0003aeb6
0x03AEC6	13FC0004003E0001	move.b	#0x4, (0x003e0001).l	startup_common_body	WRITE:003e0001
0x03AECE	13FC0000003E0003	move.b	#0x0, (0x003e0003).l	startup_common_body	WRITE:003e0003
0x03AED6	303C1FFF	move.w	#0x1fff, D0w	startup_common_body	
0x03AEDA	323900200000	move.w	(0x00200000).l, D1w	startup_common_body	READ:00200000
0x03AEE0	33C100200000	move.w	D1w, (0x00200000).l	startup_common_body	WRITE:00200000
0x03AEE6	5340	subq.w	0x1, D0w	startup_common_body	
0x03AEE8	66F0	bne.b	0x0003aeda	startup_common_body	CONDITIONAL_JUMP:0003aeda
0x03AEEA	41F90010C000	lea	(0x10c000).l, A0	startup_common_body	DATA:0010c000
0x03AEF0	43F90010C002	lea	(0x10c002).l, A1	startup_common_body	DATA:0010c002
0x03AEF6	30BC0000	move.w	#0x0, (A0)	startup_common_body	WRITE:0010c000
0x03AEFA	303C1FFF	move.w	#0x1fff, D0w	startup_common_body	
0x03AEFE	32D8	move.w	(A0)+, (A1)+	startup_common_body	READ:0010c000;READ_WRITE:0010c002;WRITE:0010c004
0x03AF00	5340	subq.w	0x1, D0w	startup_common_body	
0x03AF02	66FA	bne.b	0x0003aefe	startup_common_body	CONDITIONAL_JUMP:0003aefe
0x03AF04	4BF90010C000	lea	(0x10c000).l, A5	startup_common_body	DATA:0010c000
0x03AF0A	33C0003C0000	move.w	D0w, (0x003c0000).l	startup_common_body	WRITE:003c0000
0x03AF10	61000AE6	bsr.w	0x0003b9f8	startup_common_body	UNCONDITIONAL_CALL:0003b9f8
0x03AF14	33C0003C0000	move.w	D0w, (0x003c0000).l	startup_common_body	WRITE:003c0000
0x03AF1A	303C0060	move.w	#0x60, D0w	startup_common_body	
0x03AF1E	33C000380000	move.w	D0w, (0x00380000).l	startup_common_body	WRITE:00380000
0x03AF24	3B400014	move.w	D0w, (0x14,A5)	startup_common_body	WRITE:0010c014
0x03AF28	6100FE48	bsr.w	0x0003ad72	startup_common_body	UNCONDITIONAL_CALL:0003ad72
0x03AF2C	41F900C00000	lea	(0xc00000).l, A0	startup_common_body	DATA:00c00000
0x03AF32	323C1000	move.w	#0x1000, D1w	startup_common_body	
0x03AF36	7020	moveq	0x20, D0	startup_common_body	
0x03AF38	6100FE0A	bsr.w	0x0003ad44	startup_common_body	UNCONDITIONAL_CALL:0003ad44
0x03AF3C	41F900C08000	lea	(0xc08000).l, A0	startup_common_body	DATA:00c08000
0x03AF42	323C1000	move.w	#0x1000, D1w	startup_common_body	
0x03AF46	7020	moveq	0x20, D0	startup_common_body	
0x03AF48	6100FDFA	bsr.w	0x0003ad44	startup_common_body	UNCONDITIONAL_CALL:0003ad44
0x03AF4C	33C0003C0000	move.w	D0w, (0x003c0000).l	startup_common_body	WRITE:003c0000
0x03AF52	41F900C04000	lea	(0xc04000).l, A0	startup_common_body	DATA:00c04000
0x03AF58	323C2000	move.w	#0x2000, D1w	startup_common_body	
0x03AF5C	4280	clr.l	D0	startup_common_body	
0x03AF5E	6100FDDC	bsr.w	0x0003ad3c	startup_common_body	UNCONDITIONAL_CALL:0003ad3c
0x03AF62	41F900C0C000	lea	(0xc0c000).l, A0	startup_common_body	DATA:00c0c000
0x03AF68	323C2000	move.w	#0x2000, D1w	startup_common_body	
0x03AF6C	4280	clr.l	D0	startup_common_body	
0x03AF6E	6100FDCC	bsr.w	0x0003ad3c	startup_common_body	UNCONDITIONAL_CALL:0003ad3c
0x03AF72	33C0003C0000	move.w	D0w, (0x003c0000).l	startup_common_body	WRITE:003c0000
0x03AF78	4240	clr.w	D0w	startup_common_body	
0x03AF7A	103900390009	move.b	(0x00390009).l, D0b	startup_common_body	READ:00390009
0x03AF80	4600	not.b	D0b	startup_common_body	
0x03AF82	3B400018	move.w	D0w, (0x18,A5)	startup_common_body	WRITE:0010c018
0x03AF86	10390039000B	move.b	(0x0039000b).l, D0b	startup_common_body	READ:0039000b
0x03AF8C	4600	not.b	D0b	startup_common_body	
0x03AF8E	3B40001C	move.w	D0w, (0x1c,A5)	startup_common_body	WRITE:0010c01c
0x03AF92	302D001C	move.w	(0x1c,A5), D0w	startup_common_body	READ:0010c01c
0x03AF96	0200000C	andi.b	#0xc, D0b	startup_common_body	
0x03AF9A	E208	lsr.b	#0x1, D0b	startup_common_body	
0x03AF9C	41FA0072	lea	(0x72,PC), A0	startup_common_body	DATA:0003b010
0x03AFA0	D0C0	adda.w	D0w, A0	startup_common_body	
0x03AFA2	3B500038	move.w	(A0), (0x38,A5)	startup_common_body	DATA:0003b010;WRITE:0010c038
0x03AFA6	302D001C	move.w	(0x1c,A5), D0w	startup_common_body	READ:0010c01c
0x03AFAA	02000030	andi.b	#0x30, D0b	startup_common_body	
0x03AFAE	E608	lsr.b	#0x3, D0b	startup_common_body	
0x03AFB0	41FA0066	lea	(0x66,PC), A0	startup_common_body	DATA:0003b018
0x03AFB4	D0C0	adda.w	D0w, A0	startup_common_body	
0x03AFB6	3B500036	move.w	(A0), (0x36,A5)	startup_common_body	DATA:0003b018;WRITE:0010c036
0x03AFBA	302D0018	move.w	(0x18,A5), D0w	startup_common_body	READ:0010c018
0x03AFBE	02000001	andi.b	#0x1, D0b	startup_common_body	
0x03AFC2	3B400030	move.w	D0w, (0x30,A5)	startup_common_body	WRITE:0010c030
0x03AFC6	302D0018	move.w	(0x18,A5), D0w	startup_common_body	READ:0010c018
0x03AFCA	02000002	andi.b	#0x2, D0b	startup_common_body	
0x03AFCE	3B400032	move.w	D0w, (0x32,A5)	startup_common_body	WRITE:0010c032
0x03AFD2	302D001C	move.w	(0x1c,A5), D0w	startup_common_body	READ:0010c01c
0x03AFD6	02400003	andi.w	#0x3, D0w	startup_common_body	
0x03AFDA	4A40	tst.w	D0w	startup_common_body	
0x03AFDC	6604	bne.b	0x0003afe2	startup_common_body	CONDITIONAL_JUMP:0003afe2
0x03AFDE	7001	moveq	0x1, D0	startup_common_body	
0x03AFE0	6008	bra.b	0x0003afea	startup_common_body	UNCONDITIONAL_JUMP:0003afea
0x03AFE2	0C400001	cmpi.w	#0x1, D0w	startup_common_body	
0x03AFE6	6602	bne.b	0x0003afea	startup_common_body	CONDITIONAL_JUMP:0003afea
0x03AFE8	4240	clr.w	D0w	startup_common_body	
0x03AFEA	3B40002E	move.w	D0w, (0x2e,A5)	startup_common_body	WRITE:0010c02e
0x03AFEE	30390005FF9E	move.w	(0x0005ff9e).l, D0w	startup_common_body	READ:0005ff9e
0x03AFF4	4640	not.w	D0w	startup_common_body	
0x03AFF6	02000040	andi.b	#0x40, D0b	startup_common_body	
0x03AFFA	3B400040	move.w	D0w, (0x40,A5)	startup_common_body	WRITE:0010c040
0x03AFFE	30390005FF9E	move.w	(0x0005ff9e).l, D0w	startup_common_body	READ:0005ff9e
0x03B004	4640	not.w	D0w	startup_common_body	
0x03B006	02000080	andi.b	#-0x80, D0b	startup_common_body	
0x03B00A	3B400044	move.w	D0w, (0x44,A5)	startup_common_body	WRITE:0010c044
0x03B00E	6010	bra.b	0x0003b020	startup_common_body	UNCONDITIONAL_JUMP:0003b020
0x03B020	3B7C00010026	move.w	#0x1, (0x26,A5)	startup_common_body	WRITE:0010c026
0x03B026	41ED0008	lea	(0x8,A5), A0	startup_common_body	DATA:0010c008
0x03B02A	302D0018	move.w	(0x18,A5), D0w	startup_common_body	READ:0010c018
0x03B02E	02400030	andi.w	#0x30, D0w	startup_common_body	
0x03B032	4EB90005FFA2	jsr	0x0005ffa2.l	startup_common_body	UNCONDITIONAL_CALL:0005ffa2
0x03B038	41ED000E	lea	(0xe,A5), A0	startup_common_body	DATA:0010c00e
0x03B03C	302D0018	move.w	(0x18,A5), D0w	startup_common_body	READ:0010c018
0x03B040	024000C0	andi.w	#0xc0, D0w	startup_common_body	
0x03B044	4EB90005FFB2	jsr	0x0005ffb2.l	startup_common_body	UNCONDITIONAL_CALL:0005ffb2
0x03B04A	61000076	bsr.w	0x0003b0c2	startup_common_body	UNCONDITIONAL_CALL:0003b0c2
0x03B04E	082D00020019	btst.b	#0x2, (0x19,A5)	startup_common_body	READ:0010c019
0x03B054	6706	beq.b	0x0003b05c	startup_common_body	CONDITIONAL_JUMP:0003b05c
0x03B056	4EF900000100	jmp	0x00000100.l	startup_common_body	UNCONDITIONAL_CALL:00000100
0x03B05C	303C00EF	move.w	#0xef, D0w	startup_common_body	
0x03B060	61004022	bsr.w	0x0003f084	startup_common_body	UNCONDITIONAL_CALL:0003f084
0x03B064	3B7C00AA004A	move.w	#0xaa, (0x4a,A5)	startup_common_body	WRITE:0010c04a
0x03B06A	61000844	bsr.w	0x0003b8b0	startup_common_body	UNCONDITIONAL_CALL:0003b8b0
0x03B06E	61000028	bsr.w	0x0003b098	startup_common_body	UNCONDITIONAL_CALL:0003b098
0x03B072	6100FD64	bsr.w	0x0003add8	startup_common_body	UNCONDITIONAL_CALL:0003add8
0x03B076	6100FDB0	bsr.w	0x0003ae28	startup_common_body	UNCONDITIONAL_CALL:0003ae28
0x03B07A	027CF0FF	andi	#-0xf01, SR	startup_common_body	
0x03B07E	33C0003C0000	move.w	D0w, (0x003c0000).l	startup_common_body	WRITE:003c0000
0x03B084	4A6D1C10	tst.w	(0x1c10,A5)	warm_restart_gate_caller_b	DATA:00001c10
0x03B088	6002	bra.b	0x0003b08c	warm_restart_gate_caller_b	UNCONDITIONAL_JUMP:0003b08c
0x03B08C	0C6D01000012	cmpi.w	#0x100, (0x12,A5)	warm_restart_gate_caller_b	
0x03B092	6100EF14	bsr.w	0x00039fa8	warm_restart_gate_caller_b	UNCONDITIONAL_CALL:00039fa8
0x03B096	60E6	bra.b	0x0003b07e	warm_restart_gate_caller_b	UNCONDITIONAL_JUMP:0003b07e
0x03B098	42B900C20000	clr.l	(0x00c20000).l	FUN_0003b098	WRITE:00c20000
0x03B09E	42B900C40000	clr.l	(0x00c40000).l	FUN_0003b098	WRITE:00c40000
0x03B0A4	7002	moveq	0x2, D0	FUN_0003b098	
0x03B0A6	61000AA0	bsr.w	0x0003bb48	FUN_0003b098	UNCONDITIONAL_CALL:0003bb48
0x03B0AA	7003	moveq	0x3, D0	FUN_0003b098	
0x03B0AC	61001234	bsr.w	0x0003c2e2	FUN_0003b098	UNCONDITIONAL_CALL:0003c2e2
0x03B0B0	6100F4A0	bsr.w	0x0003a552	FUN_0003b098	UNCONDITIONAL_CALL:0003a552
0x03B0B4	4A6D0040	tst.w	(0x40,A5)	FUN_0003b098	
0x03B0B8	6706	beq.b	0x0003b0c0	FUN_0003b098	CONDITIONAL_JUMP:0003b0c0
0x03B0BA	701D	moveq	0x1d, D0	FUN_0003b098	
0x03B0BC	61000A8A	bsr.w	0x0003bb48	FUN_0003b098	UNCONDITIONAL_CALL:0003bb48
0x03B0C0	4E75	rts		FUN_0003b098	
0x03B0C2	41FA0010	lea	(0x10,PC), A0	FUN_0003b0c2	DATA:0003b0d4
0x03B0C6	43ED0140	lea	(0x140,A5), A1	FUN_0003b0c2	
0x03B0CA	7026	moveq	0x26, D0	FUN_0003b0c2	
0x03B0CC	12D8	move.b	(A0)+, (A1)+	FUN_0003b0c2	READ:0003b0d4;READ:0003b0d5
0x03B0CE	5340	subq.w	0x1, D0w	FUN_0003b0c2	
0x03B0D0	66FA	bne.b	0x0003b0cc	FUN_0003b0c2	CONDITIONAL_JUMP:0003b0cc
0x03B0D2	4E75	rts		FUN_0003b0c2	
0x03B710	48E78100	movem.l	{  D7 D0}, -(SP)	FUN_0003b710	
0x03B714	61000BCC	bsr.w	0x0003c2e2	FUN_0003b710	UNCONDITIONAL_CALL:0003c2e2
0x03B718	4CDF0081	movem.l	(SP)+, { D0 D7}	FUN_0003b710	READ:Stack[-0x8]
0x03B71C	5280	addq.l	0x1, D0	FUN_0003b710	
0x03B71E	5387	subq.l	0x1, D7	FUN_0003b710	
0x03B720	66EE	bne.b	0x0003b710	FUN_0003b710	CONDITIONAL_JUMP:0003b710
0x03B722	4E75	rts		FUN_0003b710	
0x03B724	4E75	rts		FUN_0003b726	
0x03B726	4A6D0034	tst.w	(0x34,A5)	FUN_0003b726	
0x03B72A	67F8	beq.b	0x0003b724	FUN_0003b726	CONDITIONAL_JUMP:0003b724
0x03B72C	48E700C0	movem.l	{  A1 A0}, -(SP)	FUN_0003b726	
0x03B730	1B400119	move.b	D0b, (0x119,A5)	FUN_0003b726	
0x03B734	E048	lsr.w	#0x8, D0w	FUN_0003b726	
0x03B736	1B40011A	move.b	D0b, (0x11a,A5)	FUN_0003b726	
0x03B73A	43ED011A	lea	(0x11a,A5), A1	FUN_0003b726	
0x03B73E	41ED011D	lea	(0x11d,A5), A0	FUN_0003b726	
0x03B742	7002	moveq	0x2, D0	FUN_0003b726	
0x03B744	44FC0000	move	#0x0	FUN_0003b726	
0x03B748	C109	abcd	-(A1), -(A0)	FUN_0003b726	
0x03B74A	5488	addq.l	0x2, A0	FUN_0003b726	
0x03B74C	5489	addq.l	0x2, A1	FUN_0003b726	
0x03B74E	54C1	scc	D1b	FUN_0003b726	
0x03B750	51C8FFF6	dbf	D0w, 0x0003b748	FUN_0003b726	CONDITIONAL_JUMP:0003b748
0x03B754	4A01	tst.b	D1b	FUN_0003b726	
0x03B756	6612	bne.b	0x0003b76a	FUN_0003b726	CONDITIONAL_JUMP:0003b76a
0x03B758	223C00000099	move.l	#0x99, D1	FUN_0003b726	
0x03B75E	43ED011C	lea	(0x11c,A5), A1	FUN_0003b726	
0x03B762	12C1	move.b	D1b, (A1)+	FUN_0003b726	
0x03B764	12C1	move.b	D1b, (A1)+	FUN_0003b726	
0x03B766	1281	move.b	D1b, (A1)	FUN_0003b726	
0x03B768	603C	bra.b	0x0003b7a6	FUN_0003b726	UNCONDITIONAL_JUMP:0003b7a6
0x03B76A	122D0133	move.b	(0x133,A5), D1b	FUN_0003b726	
0x03B76E	B22D011E	cmp.b	(0x11e,A5), D1b	FUN_0003b726	
0x03B772	6232	bhi.b	0x0003b7a6	FUN_0003b726	CONDITIONAL_JUMP:0003b7a6
0x03B774	650A	bcs.b	0x0003b780	FUN_0003b726	CONDITIONAL_JUMP:0003b780
0x03B776	122D011D	move.b	(0x11d,A5), D1b	FUN_0003b726	
0x03B77A	B22D0132	cmp.b	(0x132,A5), D1b	FUN_0003b726	
0x03B77E	6526	bcs.b	0x0003b7a6	FUN_0003b726	CONDITIONAL_JUMP:0003b7a6
0x03B780	0C6D99990132	cmpi.w	#-0x6667, (0x132,A5)	FUN_0003b726	
0x03B786	671E	beq.b	0x0003b7a6	FUN_0003b726	CONDITIONAL_JUMP:0003b7a6
0x03B788	4EB900059EE0	jsr	0x00059ee0.l	FUN_0003b726	UNCONDITIONAL_CALL:00059ee0
0x03B78E	103C0005	move.b	#0x5, D0b	FUN_0003b726	
0x03B792	4EB90003A0EC	jsr	0x0003a0ec.l	FUN_0003b726	UNCONDITIONAL_CALL:0003a0ec
0x03B798	526D0100	addq.w	0x1, (0x100,A5)	FUN_0003b726	
0x03B79C	526D0102	addq.w	0x1, (0x102,A5)	FUN_0003b726	
0x03B7A0	7004	moveq	0x4, D0	FUN_0003b726	
0x03B7A2	6100005E	bsr.w	0x0003b802	FUN_0003b726	UNCONDITIONAL_CALL:0003b802
0x03B7A6	4240	clr.w	D0w	FUN_0003b726	
0x03B7A8	4A6D002A	tst.w	(0x2a,A5)	FUN_0003b726	
0x03B7AC	6702	beq.b	0x0003b7b0	FUN_0003b726	CONDITIONAL_JUMP:0003b7b0
0x03B7AE	7001	moveq	0x1, D0	FUN_0003b726	
0x03B7B0	61000050	bsr.w	0x0003b802	FUN_0003b726	UNCONDITIONAL_CALL:0003b802
0x03B7B4	6100000A	bsr.w	0x0003b7c0	FUN_0003b726	UNCONDITIONAL_CALL:0003b7c0
0x03B7B8	4CDF0300	movem.l	(SP)+, {  A0 A1}	FUN_0003b726	READ:Stack[-0x8]
0x03B7BC	4E75	rts		FUN_0003b726	
0x03B7BE	4E75	rts		FUN_0003b7c0	
0x03B7C0	41ED0142	lea	(0x142,A5), A0	FUN_0003b7c0	
0x03B7C4	43ED011E	lea	(0x11e,A5), A1	FUN_0003b7c0	
0x03B7C8	6100001C	bsr.w	0x0003b7e6	FUN_0003b7c0	UNCONDITIONAL_CALL:0003b7e6
0x03B7CC	4A40	tst.w	D0w	FUN_0003b7c0	
0x03B7CE	67EE	beq.b	0x0003b7be	FUN_0003b7c0	CONDITIONAL_JUMP:0003b7be
0x03B7D0	41ED011C	lea	(0x11c,A5), A0	FUN_0003b7c0	
0x03B7D4	43ED0140	lea	(0x140,A5), A1	FUN_0003b7c0	
0x03B7D8	12D8	move.b	(A0)+, (A1)+	FUN_0003b7c0	
0x03B7DA	12D8	move.b	(A0)+, (A1)+	FUN_0003b7c0	
0x03B7DC	1290	move.b	(A0), (A1)	FUN_0003b7c0	
0x03B7DE	7002	moveq	0x2, D0	FUN_0003b7c0	
0x03B7E0	61000020	bsr.w	0x0003b802	FUN_0003b7c0	UNCONDITIONAL_CALL:0003b802
0x03B7E4	4E75	rts		FUN_0003b7c0	
0x03B7E6	4240	clr.w	D0w	FUN_0003b7e6	
0x03B7E8	1211	move.b	(A1), D1b	FUN_0003b7e6	
0x03B7EA	B210	cmp.b	(A0), D1b	FUN_0003b7e6	
0x03B7EC	6512	bcs.b	0x0003b800	FUN_0003b7e6	CONDITIONAL_JUMP:0003b800
0x03B7EE	660E	bne.b	0x0003b7fe	FUN_0003b7e6	CONDITIONAL_JUMP:0003b7fe
0x03B7F0	1221	move.b	-(A1), D1b	FUN_0003b7e6	
0x03B7F2	B220	cmp.b	-(A0), D1b	FUN_0003b7e6	
0x03B7F4	650A	bcs.b	0x0003b800	FUN_0003b7e6	CONDITIONAL_JUMP:0003b800
0x03B7F6	6606	bne.b	0x0003b7fe	FUN_0003b7e6	CONDITIONAL_JUMP:0003b7fe
0x03B7F8	1221	move.b	-(A1), D1b	FUN_0003b7e6	
0x03B7FA	B220	cmp.b	-(A0), D1b	FUN_0003b7e6	
0x03B7FC	6502	bcs.b	0x0003b800	FUN_0003b7e6	CONDITIONAL_JUMP:0003b800
0x03B7FE	7001	moveq	0x1, D0	FUN_0003b7e6	
0x03B800	4E75	rts		FUN_0003b7e6	
0x03B802	4285	clr.l	D5	pc090oj_sprite_producer_3b802	
0x03B804	C0FC000A	mulu.w	#0xa, D0	pc090oj_sprite_producer_3b802	
0x03B808	41FA0074	lea	(0x74,PC), A0	pc090oj_sprite_producer_3b802	DATA:0003b87e
0x03B80C	D0C0	adda.w	D0w, A0	pc090oj_sprite_producer_3b802	
0x03B80E	4240	clr.w	D0w	pc090oj_sprite_producer_3b802	
0x03B810	1010	move.b	(A0), D0b	pc090oj_sprite_producer_3b802	DATA:0003b87e
0x03B812	0C000001	cmpi.b	#0x1, D0b	pc090oj_sprite_producer_3b802	
0x03B816	6602	bne.b	0x0003b81a	pc090oj_sprite_producer_3b802	CONDITIONAL_JUMP:0003b81a
0x03B818	5245	addq.w	0x1, D5w	pc090oj_sprite_producer_3b802	
0x03B81A	1C280001	move.b	(0x1,A0), D6b	pc090oj_sprite_producer_3b802	DATA:0003b87f
0x03B81E	22680002	movea.l	(0x2,A0), A1	pc090oj_sprite_producer_3b802	DATA:0003b880
0x03B822	24680006	movea.l	(0x6,A0), A2	pc090oj_sprite_producer_3b802	DATA:0003b884
0x03B826	08000000	btst.l	#0x0, D0	pc090oj_sprite_producer_3b802	
0x03B82A	671A	beq.b	0x0003b846	pc090oj_sprite_producer_3b802	CONDITIONAL_JUMP:0003b846
0x03B82C	1212	move.b	(A2), D1b	pc090oj_sprite_producer_3b802	
0x03B82E	0241000F	andi.w	#0xf, D1w	pc090oj_sprite_producer_3b802	
0x03B832	61000032	bsr.w	0x0003b866	pc090oj_sprite_producer_3b802	UNCONDITIONAL_CALL:0003b866
0x03B836	13460003	move.b	D6b, (0x3,A1)	pc090oj_sprite_producer_3b802	
0x03B83A	0641002A	addi.w	#0x2a, D1w	pc090oj_sprite_producer_3b802	
0x03B83E	33410004	move.w	D1w, (0x4,A1)	pc090oj_sprite_producer_3b802	
0x03B842	538A	subq.l	0x1, A2	pc090oj_sprite_producer_3b802	
0x03B844	6018	bra.b	0x0003b85e	pc090oj_sprite_producer_3b802	UNCONDITIONAL_JUMP:0003b85e
0x03B846	1212	move.b	(A2), D1b	pc090oj_sprite_producer_3b802	
0x03B848	E809	lsr.b	#0x4, D1b	pc090oj_sprite_producer_3b802	
0x03B84A	0241000F	andi.w	#0xf, D1w	pc090oj_sprite_producer_3b802	
0x03B84E	61000016	bsr.w	0x0003b866	pc090oj_sprite_producer_3b802	UNCONDITIONAL_CALL:0003b866
0x03B852	13460003	move.b	D6b, (0x3,A1)	pc090oj_sprite_producer_3b802	
0x03B856	0641002A	addi.w	#0x2a, D1w	pc090oj_sprite_producer_3b802	
0x03B85A	33410004	move.w	D1w, (0x4,A1)	pc090oj_sprite_producer_3b802	
0x03B85E	5189	subq.l	0x8, A1	pc090oj_sprite_producer_3b802	
0x03B860	5340	subq.w	0x1, D0w	pc090oj_sprite_producer_3b802	
0x03B862	66C2	bne.b	0x0003b826	pc090oj_sprite_producer_3b802	CONDITIONAL_JUMP:0003b826
0x03B864	4E75	rts		pc090oj_sprite_producer_3b802	
0x03B866	4A45	tst.w	D5w	FUN_0003b866	
0x03B868	660C	bne.b	0x0003b876	FUN_0003b866	CONDITIONAL_JUMP:0003b876
0x03B86A	4A41	tst.w	D1w	FUN_0003b866	
0x03B86C	6608	bne.b	0x0003b876	FUN_0003b866	CONDITIONAL_JUMP:0003b876
0x03B86E	137C00010002	move.b	#0x1, (0x2,A1)	FUN_0003b866	
0x03B874	4E75	rts		FUN_0003b866	
0x03B876	7A01	moveq	0x1, D5	FUN_0003b866	
0x03B878	42290002	clr.b	(0x2,A1)	FUN_0003b866	
0x03B87C	4E75	rts		FUN_0003b866	
0x03B8B0	41FA009E	lea	(0x9e,PC), A0	FUN_0003b8b0	DATA:0003b950
0x03B8B4	43F900D00020	lea	(0xd00020).l, A1	FUN_0003b8b0	DATA:00d00020
0x03B8BA	7218	moveq	0x18, D1	FUN_0003b8b0	
0x03B8BC	61000072	bsr.w	0x0003b930	FUN_0003b8b0	UNCONDITIONAL_CALL:0003b930
0x03B8C0	7002	moveq	0x2, D0	FUN_0003b8b0	
0x03B8C2	6100FF3E	bsr.w	0x0003b802	FUN_0003b8b0	UNCONDITIONAL_CALL:0003b802
0x03B8C6	7209	moveq	0x9, D1	FUN_0003b8b0	
0x03B8C8	41FA00E6	lea	(0xe6,PC), A0	FUN_0003b8b0	DATA:0003b9b0
0x03B8CC	43F900D000E0	lea	(0xd000e0).l, A1	FUN_0003b8b0	DATA:00d000e0
0x03B8D2	6100005C	bsr.w	0x0003b930	FUN_0003b8b0	UNCONDITIONAL_CALL:0003b930
0x03B8D6	7209	moveq	0x9, D1	FUN_0003b8b0	
0x03B8D8	41FA00FA	lea	(0xfa,PC), A0	FUN_0003b8b0	DATA:0003b9d4
0x03B8DC	43F900D00128	lea	(0xd00128).l, A1	FUN_0003b8b0	DATA:00d00128
0x03B8E2	6100004C	bsr.w	0x0003b930	FUN_0003b8b0	UNCONDITIONAL_CALL:0003b930
0x03B8E6	7201	moveq	0x1, D1	FUN_0003b8b0	
0x03B8E8	61000018	bsr.w	0x0003b902	FUN_0003b8b0	UNCONDITIONAL_CALL:0003b902
0x03B8EC	4E75	rts		FUN_0003b8b0	
0x03B902	43F900D00088	lea	(0xd00088).l, A1	FUN_0003b902	DATA:00d00088
0x03B908	4A41	tst.w	D1w	FUN_0003b902	
0x03B90A	660C	bne.b	0x0003b918	FUN_0003b902	CONDITIONAL_JUMP:0003b918
0x03B90C	41FA0076	lea	(0x76,PC), A0	FUN_0003b902	DATA:0003b984
0x03B910	7205	moveq	0x5, D1	FUN_0003b902	
0x03B912	6100001C	bsr.w	0x0003b930	FUN_0003b902	UNCONDITIONAL_CALL:0003b930
0x03B916	4E75	rts		FUN_0003b902	
0x03B918	7005	moveq	0x5, D0	FUN_0003b902	
0x03B91A	13410002	move.b	D1b, (0x2,A1)	FUN_0003b902	WRITE:00d0008a;WRITE:00d00092
0x03B91E	5089	addq.l	0x8, A1	FUN_0003b902	
0x03B920	5380	subq.l	0x1, D0	FUN_0003b902	
0x03B922	66F6	bne.b	0x0003b91a	FUN_0003b902	CONDITIONAL_JUMP:0003b91a
0x03B924	4E75	rts		FUN_0003b902	
0x03B930	4242	clr.w	D2w	pc090oj_sprite_producer_3b930	
0x03B932	32C2	move.w	D2w, (A1)+	pc090oj_sprite_producer_3b930	
0x03B934	4240	clr.w	D0w	pc090oj_sprite_producer_3b930	
0x03B936	1018	move.b	(A0)+, D0b	pc090oj_sprite_producer_3b930	
0x03B938	32C0	move.w	D0w, (A1)+	pc090oj_sprite_producer_3b930	
0x03B93A	4240	clr.w	D0w	pc090oj_sprite_producer_3b930	
0x03B93C	1018	move.b	(A0)+, D0b	pc090oj_sprite_producer_3b930	
0x03B93E	32C0	move.w	D0w, (A1)+	pc090oj_sprite_producer_3b930	
0x03B940	3E18	move.w	(A0)+, D7w	pc090oj_sprite_producer_3b930	
0x03B942	4EB90005B512	jsr	0x0005b512.l	pc090oj_sprite_producer_3b930	UNCONDITIONAL_CALL:0005b512
0x03B948	32C7	move.w	D7w, (A1)+	pc090oj_sprite_producer_3b930	
0x03B94A	5381	subq.l	0x1, D1	pc090oj_sprite_producer_3b930	
0x03B94C	66E4	bne.b	0x0003b932	pc090oj_sprite_producer_3b930	CONDITIONAL_JUMP:0003b932
0x03B94E	4E75	rts		pc090oj_sprite_producer_3b930	
0x03B9F8	263C00000300	move.l	#0x300, D3	FUN_0003b9f8	
0x03B9FE	41F900200000	lea	(0x200000).l, A0	FUN_0003b9f8	DATA:00200000
0x03BA04	47F90004EAF6	lea	(0x4eaf6).l, A3	FUN_0003b9f8	DATA:0004eaf6
0x03BA0A	61000058	bsr.w	0x0003ba64	FUN_0003b9f8	UNCONDITIONAL_CALL:0003ba64
0x03BA0E	263C00000010	move.l	#0x10, D3	FUN_0003b9f8	
0x03BA14	47F90004FE62	lea	(0x4fe62).l, A3	FUN_0003b9f8	DATA:0004fe62
0x03BA1A	61000048	bsr.w	0x0003ba64	FUN_0003b9f8	UNCONDITIONAL_CALL:0003ba64
0x03BA1E	4E75	rts		FUN_0003b9f8	
0x03BA20	47F90004FD02	lea	(0x4fd02).l, A3	FUN_0003ba20	DATA:0004fd02
0x03BA26	43FA0060	lea	(0x60,PC), A1	FUN_0003ba20	DATA:0003ba88
0x03BA2A	41ED1600	lea	(0x1600,A5), A0	FUN_0003ba20	
0x03BA2E	4240	clr.w	D0w	FUN_0003ba20	
0x03BA30	102D0118	move.b	(0x118,A5), D0b	FUN_0003ba20	
0x03BA34	5340	subq.w	0x1, D0w	FUN_0003ba20	
0x03BA36	C0FC0020	mulu.w	#0x20, D0	FUN_0003ba20	
0x03BA3A	D2C0	adda.w	D0w, A1	FUN_0003ba20	
0x03BA3C	426D021A	clr.w	(0x21a,A5)	FUN_0003ba20	
0x03BA40	4240	clr.w	D0w	FUN_0003ba20	
0x03BA42	1019	move.b	(A1)+, D0b	FUN_0003ba20	DATA:0003ba88
0x03BA44	61000010	bsr.w	0x0003ba56	FUN_0003ba20	UNCONDITIONAL_CALL:0003ba56
0x03BA48	526D021A	addq.w	0x1, (0x21a,A5)	FUN_0003ba20	
0x03BA4C	0C6D0020021A	cmpi.w	#0x20, (0x21a,A5)	FUN_0003ba20	
0x03BA52	66EC	bne.b	0x0003ba40	FUN_0003ba20	CONDITIONAL_JUMP:0003ba40
0x03BA54	4E75	rts		FUN_0003ba20	
0x03BA56	47F90004FD02	lea	(0x4fd02).l, A3	FUN_0003ba56	DATA:0004fd02
0x03BA5C	C0FC0020	mulu.w	#0x20, D0	FUN_0003ba56	
0x03BA60	D6C0	adda.w	D0w, A3	FUN_0003ba56	
0x03BA62	7610	moveq	0x10, D3	FUN_0003ba56	
0x03BA64	301B	move.w	(A3)+, D0w	FUN_0003ba64	
0x03BA66	3400	move.w	D0w, D2w	FUN_0003ba64	
0x03BA68	02400F00	andi.w	#0xf00, D0w	FUN_0003ba64	
0x03BA6C	EE48	lsr.w	#0x7, D0w	FUN_0003ba64	
0x03BA6E	3202	move.w	D2w, D1w	FUN_0003ba64	
0x03BA70	024100F0	andi.w	#0xf0, D1w	FUN_0003ba64	
0x03BA74	E549	lsl.w	#0x2, D1w	FUN_0003ba64	
0x03BA76	0242000F	andi.w	#0xf, D2w	FUN_0003ba64	
0x03BA7A	EA5A	ror.w	#0x5, D2w	FUN_0003ba64	
0x03BA7C	8041	or.w	D1w, D0w	FUN_0003ba64	
0x03BA7E	8042	or.w	D2w, D0w	FUN_0003ba64	
0x03BA80	30C0	move.w	D0w, (A0)+	FUN_0003ba64	
0x03BA82	5383	subq.l	0x1, D3	FUN_0003ba64	
0x03BA84	66DE	bne.b	0x0003ba64	FUN_0003ba64	CONDITIONAL_JUMP:0003ba64
0x03BA86	4E75	rts		FUN_0003ba64	
0x03BB48	3200	move.w	D0w, D1w	FUN_0003bb48	
0x03BB4A	0240007F	andi.w	#0x7f, D0w	FUN_0003bb48	
0x03BB4E	E548	lsl.w	#0x2, D0w	FUN_0003bb48	
0x03BB50	41FA002A	lea	(0x2a,PC), A0	FUN_0003bb48	DATA:0003bb7c
0x03BB54	D0C0	adda.w	D0w, A0	FUN_0003bb48	
0x03BB56	2050	movea.l	(A0), A0	FUN_0003bb48	DATA:0003bb7c
0x03BB58	2258	movea.l	(A0)+, A1	FUN_0003bb48	
0x03BB5A	3418	move.w	(A0)+, D2w	FUN_0003bb48	
0x03BB5C	4A01	tst.b	D1b	FUN_0003bb48	
0x03BB5E	6B0C	bmi.b	0x0003bb6c	FUN_0003bb48	CONDITIONAL_JUMP:0003bb6c
0x03BB60	1018	move.b	(A0)+, D0b	FUN_0003bb48	
0x03BB62	6716	beq.b	0x0003bb7a	FUN_0003bb48	CONDITIONAL_JUMP:0003bb7a
0x03BB64	4880	ext.w	D0w	FUN_0003bb48	
0x03BB66	32C2	move.w	D2w, (A1)+	FUN_0003bb48	
0x03BB68	32C0	move.w	D0w, (A1)+	FUN_0003bb48	
0x03BB6A	60F4	bra.b	0x0003bb60	FUN_0003bb48	UNCONDITIONAL_JUMP:0003bb60
0x03BB6C	323C0020	move.w	#0x20, D1w	FUN_0003bb48	
0x03BB70	1018	move.b	(A0)+, D0b	FUN_0003bb48	
0x03BB72	6706	beq.b	0x0003bb7a	FUN_0003bb48	CONDITIONAL_JUMP:0003bb7a
0x03BB74	32C2	move.w	D2w, (A1)+	FUN_0003bb48	
0x03BB76	32C1	move.w	D1w, (A1)+	FUN_0003bb48	
0x03BB78	60F6	bra.b	0x0003bb70	FUN_0003bb48	UNCONDITIONAL_JUMP:0003bb70
0x03BB7A	4E75	rts		FUN_0003bb48	
0x03C2E2	3E3C0000	move.w	#0x0, D7w	FUN_0003c2e2	
0x03C2E6	C0FC000A	mulu.w	#0xa, D0	FUN_0003c2e2	
0x03C2EA	41FA0090	lea	(0x90,PC), A0	FUN_0003c2e2	DATA:0003c37c
0x03C2EE	D0C0	adda.w	D0w, A0	FUN_0003c2e2	
0x03C2F0	3010	move.w	(A0), D0w	FUN_0003c2e2	DATA:0003c37c
0x03C2F2	22680002	movea.l	(0x2,A0), A1	FUN_0003c2e2	DATA:0003c37e
0x03C2F6	24680006	movea.l	(0x6,A0), A2	FUN_0003c2e2	DATA:0003c382
0x03C2FA	0C40FFFF	cmpi.w	#-0x1, D0w	FUN_0003c2e2	
0x03C2FE	67000052	beq.w	0x0003c352	FUN_0003c2e2	CONDITIONAL_JUMP:0003c352
0x03C302	08000000	btst.l	#0x0, D0	FUN_0003c2e2	
0x03C306	6712	beq.b	0x0003c31a	FUN_0003c2e2	CONDITIONAL_JUMP:0003c31a
0x03C308	1212	move.b	(A2), D1b	FUN_0003c2e2	
0x03C30A	0241000F	andi.w	#0xf, D1w	FUN_0003c2e2	
0x03C30E	00410030	ori.w	#0x30, D1w	FUN_0003c2e2	
0x03C312	32C7	move.w	D7w, (A1)+	FUN_0003c2e2	
0x03C314	32C1	move.w	D1w, (A1)+	FUN_0003c2e2	
0x03C316	538A	subq.l	0x1, A2	FUN_0003c2e2	
0x03C318	6010	bra.b	0x0003c32a	FUN_0003c2e2	UNCONDITIONAL_JUMP:0003c32a
0x03C31A	1212	move.b	(A2), D1b	FUN_0003c2e2	
0x03C31C	E809	lsr.b	#0x4, D1b	FUN_0003c2e2	
0x03C31E	0241000F	andi.w	#0xf, D1w	FUN_0003c2e2	
0x03C322	00410030	ori.w	#0x30, D1w	FUN_0003c2e2	
0x03C326	32C7	move.w	D7w, (A1)+	FUN_0003c2e2	
0x03C328	32C1	move.w	D1w, (A1)+	FUN_0003c2e2	
0x03C32A	5340	subq.w	0x1, D0w	FUN_0003c2e2	
0x03C32C	66D4	bne.b	0x0003c302	FUN_0003c2e2	CONDITIONAL_JUMP:0003c302
0x03C32E	0C500006	cmpi.w	#0x6, (A0)	FUN_0003c2e2	DATA:0003c37c
0x03C332	661C	bne.b	0x0003c350	FUN_0003c2e2	CONDITIONAL_JUMP:0003c350
0x03C334	3010	move.w	(A0), D0w	FUN_0003c2e2	DATA:0003c37c
0x03C336	22680002	movea.l	(0x2,A0), A1	FUN_0003c2e2	DATA:0003c37e
0x03C33A	32290002	move.w	(0x2,A1), D1w	FUN_0003c2e2	
0x03C33E	0C410030	cmpi.w	#0x30, D1w	FUN_0003c2e2	
0x03C342	660C	bne.b	0x0003c350	FUN_0003c2e2	CONDITIONAL_JUMP:0003c350
0x03C344	337C00200002	move.w	#0x20, (0x2,A1)	FUN_0003c2e2	
0x03C34A	5889	addq.l	0x4, A1	FUN_0003c2e2	
0x03C34C	5340	subq.w	0x1, D0w	FUN_0003c2e2	
0x03C34E	66EA	bne.b	0x0003c33a	FUN_0003c2e2	CONDITIONAL_JUMP:0003c33a
0x03C350	4E75	rts		FUN_0003c2e2	
0x03C352	1212	move.b	(A2), D1b	FUN_0003c2e2	
0x03C354	0241000F	andi.w	#0xf, D1w	FUN_0003c2e2	
0x03C358	0C010007	cmpi.b	#0x7, D1b	FUN_0003c2e2	
0x03C35C	661A	bne.b	0x0003c378	FUN_0003c2e2	CONDITIONAL_JUMP:0003c378
0x03C35E	93FC00000008	suba.l	#0x8, A1	FUN_0003c2e2	
0x03C364	32C7	move.w	D7w, (A1)+	FUN_0003c2e2	
0x03C366	32FC0041	move.w	#0x41, (A1)+	FUN_0003c2e2	
0x03C36A	32C7	move.w	D7w, (A1)+	FUN_0003c2e2	
0x03C36C	32FC004C	move.w	#0x4c, (A1)+	FUN_0003c2e2	
0x03C370	32C7	move.w	D7w, (A1)+	FUN_0003c2e2	
0x03C372	32BC004C	move.w	#0x4c, (A1)	FUN_0003c2e2	
0x03C376	4E75	rts		FUN_0003c2e2	
0x03C378	7001	moveq	0x1, D0	FUN_0003c2e2	
0x03C37A	6086	bra.b	0x0003c302	FUN_0003c2e2	UNCONDITIONAL_JUMP:0003c302
0x03C4D2	2449	movea.l	A1, A2	actor_four_record_expand_3c902	
0x03C4D4	D4FC0050	adda.w	#0x50, A2	actor_four_record_expand_3c902	
0x03C4D8	20680002	movea.l	(0x2,A0), A0	actor_four_record_expand_3c902	
0x03C4DC	102C000B	move.b	(0xb,A4), D0b	actor_four_record_expand_3c902	
0x03C4E0	4880	ext.w	D0w	actor_four_record_expand_3c902	
0x03C4E2	0C400020	cmpi.w	#0x20, D0w	actor_four_record_expand_3c902	
0x03C4E6	6610	bne.b	0x0003c4f8	actor_four_record_expand_3c902	CONDITIONAL_JUMP:0003c4f8
0x03C4E8	780A	moveq	0xa, D4	actor_four_record_expand_3c902	
0x03C4EA	337C01800002	move.w	#0x180, (0x2,A1)	actor_four_record_expand_3c902	
0x03C4F0	5089	addq.l	0x8, A1	actor_four_record_expand_3c902	
0x03C4F2	5344	subq.w	0x1, D4w	actor_four_record_expand_3c902	
0x03C4F4	66F4	bne.b	0x0003c4ea	actor_four_record_expand_3c902	CONDITIONAL_JUMP:0003c4ea
0x03C4F6	601A	bra.b	0x0003c512	actor_four_record_expand_3c902	UNCONDITIONAL_JUMP:0003c512
0x03C4F8	C0FC0005	mulu.w	#0x5, D0	actor_four_record_expand_3c902	
0x03C4FC	D0C0	adda.w	D0w, A0	actor_four_record_expand_3c902	
0x03C4FE	7805	moveq	0x5, D4	actor_four_record_expand_3c902	
0x03C500	4242	clr.w	D2w	actor_four_record_expand_3c902	
0x03C502	61000012	bsr.w	0x0003c516	actor_four_record_expand_3c902	UNCONDITIONAL_CALL:0003c516
0x03C506	5B88	subq.l	0x5, A0	actor_four_record_expand_3c902	
0x03C508	7805	moveq	0x5, D4	actor_four_record_expand_3c902	
0x03C50A	343CFFF0	move.w	#-0x10, D2w	actor_four_record_expand_3c902	
0x03C50E	61000006	bsr.w	0x0003c516	actor_four_record_expand_3c902	UNCONDITIONAL_CALL:0003c516
0x03C512	224A	movea.l	A2, A1	actor_four_record_expand_3c902	
0x03C514	4E75	rts		actor_four_record_expand_3c902	
0x03C516	1018	move.b	(A0)+, D0b	FUN_0003c516	
0x03C518	4880	ext.w	D0w	FUN_0003c516	
0x03C51A	0C030050	cmpi.b	#0x50, D3b	FUN_0003c516	
0x03C51E	6608	bne.b	0x0003c528	FUN_0003c516	CONDITIONAL_JUMP:0003c528
0x03C520	0C440001	cmpi.w	#0x1, D4w	FUN_0003c516	
0x03C524	6602	bne.b	0x0003c528	FUN_0003c516	CONDITIONAL_JUMP:0003c528
0x03C526	4E75	rts		FUN_0003c516	
0x03C528	D06C001A	add.w	(0x1a,A4), D0w	FUN_0003c516	
0x03C52C	D06C0018	add.w	(0x18,A4), D0w	FUN_0003c516	
0x03C530	33400002	move.w	D0w, (0x2,A1)	FUN_0003c516	
0x03C534	3E2C0016	move.w	(0x16,A4), D7w	FUN_0003c516	
0x03C538	DE42	add.w	D2w, D7w	FUN_0003c516	
0x03C53A	024701FF	andi.w	#0x1ff, D7w	FUN_0003c516	
0x03C53E	4EB90005B512	jsr	0x0005b512.l	FUN_0003c516	UNCONDITIONAL_CALL:0005b512
0x03C544	33470006	move.w	D7w, (0x6,A1)	FUN_0003c516	
0x03C548	5089	addq.l	0x8, A1	FUN_0003c516	
0x03C54A	5344	subq.w	0x1, D4w	FUN_0003c516	
0x03C54C	66C8	bne.b	0x0003c516	FUN_0003c516	CONDITIONAL_JUMP:0003c516
0x03C54E	4E75	rts		FUN_0003c516	
0x03C550	20680002	movea.l	(0x2,A0), A0	actor_four_record_expand_3c902	
0x03C554	102C000B	move.b	(0xb,A4), D0b	actor_four_record_expand_3c902	
0x03C558	4880	ext.w	D0w	actor_four_record_expand_3c902	
0x03C55A	D0C0	adda.w	D0w, A0	actor_four_record_expand_3c902	
0x03C55C	4244	clr.w	D4w	actor_four_record_expand_3c902	
0x03C55E	7604	moveq	0x4, D3	actor_four_record_expand_3c902	
0x03C560	1210	move.b	(A0), D1b	actor_four_record_expand_3c902	
0x03C562	4881	ext.w	D1w	actor_four_record_expand_3c902	
0x03C564	3001	move.w	D1w, D0w	actor_four_record_expand_3c902	
0x03C566	D06C0016	add.w	(0x16,A4), D0w	actor_four_record_expand_3c902	
0x03C56A	D044	add.w	D4w, D0w	actor_four_record_expand_3c902	
0x03C56C	33400006	move.w	D0w, (0x6,A1)	actor_four_record_expand_3c902	
0x03C570	336C001A0002	move.w	(0x1a,A4), (0x2,A1)	actor_four_record_expand_3c902	
0x03C576	5089	addq.l	0x8, A1	actor_four_record_expand_3c902	
0x03C578	06440010	addi.w	#0x10, D4w	actor_four_record_expand_3c902	
0x03C57C	5343	subq.w	0x1, D3w	actor_four_record_expand_3c902	
0x03C57E	66E4	bne.b	0x0003c564	actor_four_record_expand_3c902	CONDITIONAL_JUMP:0003c564
0x03C580	D2FC0030	adda.w	#0x30, A1	actor_four_record_expand_3c902	
0x03C584	4E75	rts		actor_four_record_expand_3c902	
0x03C586	20680002	movea.l	(0x2,A0), A0	actor_four_record_expand_3c902	
0x03C58A	102C000B	move.b	(0xb,A4), D0b	actor_four_record_expand_3c902	
0x03C58E	4880	ext.w	D0w	actor_four_record_expand_3c902	
0x03C590	C0FC0003	mulu.w	#0x3, D0	actor_four_record_expand_3c902	
0x03C594	D0C0	adda.w	D0w, A0	actor_four_record_expand_3c902	
0x03C596	0C2C00060001	cmpi.b	#0x6, (0x1,A4)	actor_four_record_expand_3c902	
0x03C59C	6732	beq.b	0x0003c5d0	actor_four_record_expand_3c902	CONDITIONAL_JUMP:0003c5d0
0x03C59E	7603	moveq	0x3, D3	actor_four_record_expand_3c902	
0x03C5A0	4242	clr.w	D2w	actor_four_record_expand_3c902	
0x03C5A2	61000062	bsr.w	0x0003c606	actor_four_record_expand_3c902	UNCONDITIONAL_CALL:0003c606
0x03C5A6	4247	clr.w	D7w	actor_four_record_expand_3c902	
0x03C5A8	4246	clr.w	D6w	actor_four_record_expand_3c902	
0x03C5AA	61000196	bsr.w	0x0003c742	actor_four_record_expand_3c902	UNCONDITIONAL_CALL:0003c742
0x03C5AE	D2FC0008	adda.w	#0x8, A1	actor_four_record_expand_3c902	
0x03C5B2	90FC0003	suba.w	#0x3, A0	actor_four_record_expand_3c902	
0x03C5B6	7603	moveq	0x3, D3	actor_four_record_expand_3c902	
0x03C5B8	343CFFF0	move.w	#-0x10, D2w	actor_four_record_expand_3c902	
0x03C5BC	61000048	bsr.w	0x0003c606	actor_four_record_expand_3c902	UNCONDITIONAL_CALL:0003c606
0x03C5C0	4247	clr.w	D7w	actor_four_record_expand_3c902	
0x03C5C2	3C3CFFF0	move.w	#-0x10, D6w	actor_four_record_expand_3c902	
0x03C5C6	6100017A	bsr.w	0x0003c742	actor_four_record_expand_3c902	UNCONDITIONAL_CALL:0003c742
0x03C5CA	D2FC0018	adda.w	#0x18, A1	actor_four_record_expand_3c902	
0x03C5CE	4E75	rts		actor_four_record_expand_3c902	
0x03C5D0	4247	clr.w	D7w	actor_four_record_expand_3c902	
0x03C5D2	4246	clr.w	D6w	actor_four_record_expand_3c902	
0x03C5D4	6100016C	bsr.w	0x0003c742	actor_four_record_expand_3c902	UNCONDITIONAL_CALL:0003c742
0x03C5D8	D2FC0008	adda.w	#0x8, A1	actor_four_record_expand_3c902	
0x03C5DC	7603	moveq	0x3, D3	actor_four_record_expand_3c902	
0x03C5DE	4242	clr.w	D2w	actor_four_record_expand_3c902	
0x03C5E0	61000024	bsr.w	0x0003c606	actor_four_record_expand_3c902	UNCONDITIONAL_CALL:0003c606
0x03C5E4	90FC0003	suba.w	#0x3, A0	actor_four_record_expand_3c902	
0x03C5E8	4247	clr.w	D7w	actor_four_record_expand_3c902	
0x03C5EA	3C3CFFF0	move.w	#-0x10, D6w	actor_four_record_expand_3c902	
0x03C5EE	61000152	bsr.w	0x0003c742	actor_four_record_expand_3c902	UNCONDITIONAL_CALL:0003c742
0x03C5F2	D2FC0008	adda.w	#0x8, A1	actor_four_record_expand_3c902	
0x03C5F6	7603	moveq	0x3, D3	actor_four_record_expand_3c902	
0x03C5F8	343CFFF0	move.w	#-0x10, D2w	actor_four_record_expand_3c902	
0x03C5FC	61000008	bsr.w	0x0003c606	actor_four_record_expand_3c902	UNCONDITIONAL_CALL:0003c606
0x03C600	D2FC0010	adda.w	#0x10, A1	actor_four_record_expand_3c902	
0x03C604	4E75	rts		actor_four_record_expand_3c902	
0x03C606	1018	move.b	(A0)+, D0b	FUN_0003c606	
0x03C608	4880	ext.w	D0w	FUN_0003c606	
0x03C60A	0C0000FF	cmpi.b	#-0x1, D0b	FUN_0003c606	
0x03C60E	6608	bne.b	0x0003c618	FUN_0003c606	CONDITIONAL_JUMP:0003c618
0x03C610	337C01800002	move.w	#0x180, (0x2,A1)	FUN_0003c606	
0x03C616	6016	bra.b	0x0003c62e	FUN_0003c606	UNCONDITIONAL_JUMP:0003c62e
0x03C618	D06C0016	add.w	(0x16,A4), D0w	FUN_0003c606	
0x03C61C	33400006	move.w	D0w, (0x6,A1)	FUN_0003c606	
0x03C620	3E2C001A	move.w	(0x1a,A4), D7w	FUN_0003c606	
0x03C624	DE42	add.w	D2w, D7w	FUN_0003c606	
0x03C626	024701FF	andi.w	#0x1ff, D7w	FUN_0003c606	
0x03C62A	33470002	move.w	D7w, (0x2,A1)	FUN_0003c606	
0x03C62E	5089	addq.l	0x8, A1	FUN_0003c606	
0x03C630	5343	subq.w	0x1, D3w	FUN_0003c606	
0x03C632	66D2	bne.b	0x0003c606	FUN_0003c606	CONDITIONAL_JUMP:0003c606
0x03C634	4E75	rts		FUN_0003c606	
0x03C636	20680002	movea.l	(0x2,A0), A0	actor_four_record_expand_3c902	
0x03C63A	102C000B	move.b	(0xb,A4), D0b	actor_four_record_expand_3c902	
0x03C63E	4880	ext.w	D0w	actor_four_record_expand_3c902	
0x03C640	E548	lsl.w	#0x2, D0w	actor_four_record_expand_3c902	
0x03C642	D0C0	adda.w	D0w, A0	actor_four_record_expand_3c902	
0x03C644	0C2D00020118	cmpi.b	#0x2, (0x118,A5)	actor_four_record_expand_3c902	
0x03C64A	6712	beq.b	0x0003c65e	actor_four_record_expand_3c902	CONDITIONAL_JUMP:0003c65e
0x03C64C	0C6D0062013E	cmpi.w	#0x62, (0x13e,A5)	actor_four_record_expand_3c902	
0x03C652	6520	bcs.b	0x0003c674	actor_four_record_expand_3c902	CONDITIONAL_JUMP:0003c674
0x03C654	0C6D0064013E	cmpi.w	#0x64, (0x13e,A5)	actor_four_record_expand_3c902	
0x03C65A	6502	bcs.b	0x0003c65e	actor_four_record_expand_3c902	CONDITIONAL_JUMP:0003c65e
0x03C65C	6016	bra.b	0x0003c674	actor_four_record_expand_3c902	UNCONDITIONAL_JUMP:0003c674
0x03C65E	4246	clr.w	D6w	actor_four_record_expand_3c902	
0x03C660	4247	clr.w	D7w	actor_four_record_expand_3c902	
0x03C662	610000DE	bsr.w	0x0003c742	actor_four_record_expand_3c902	UNCONDITIONAL_CALL:0003c742
0x03C666	5089	addq.l	0x8, A1	actor_four_record_expand_3c902	
0x03C668	4246	clr.w	D6w	actor_four_record_expand_3c902	
0x03C66A	3E3CFFF0	move.w	#-0x10, D7w	actor_four_record_expand_3c902	
0x03C66E	610000D2	bsr.w	0x0003c742	actor_four_record_expand_3c902	UNCONDITIONAL_CALL:0003c742
0x03C672	5089	addq.l	0x8, A1	actor_four_record_expand_3c902	
0x03C674	7602	moveq	0x2, D3	actor_four_record_expand_3c902	
0x03C676	4242	clr.w	D2w	actor_four_record_expand_3c902	
0x03C678	61000032	bsr.w	0x0003c6ac	actor_four_record_expand_3c902	UNCONDITIONAL_CALL:0003c6ac
0x03C67C	7602	moveq	0x2, D3	actor_four_record_expand_3c902	
0x03C67E	343CFFF0	move.w	#-0x10, D2w	actor_four_record_expand_3c902	
0x03C682	61000028	bsr.w	0x0003c6ac	actor_four_record_expand_3c902	UNCONDITIONAL_CALL:0003c6ac
0x03C686	0C2D00020118	cmpi.b	#0x2, (0x118,A5)	actor_four_record_expand_3c902	
0x03C68C	6712	beq.b	0x0003c6a0	actor_four_record_expand_3c902	CONDITIONAL_JUMP:0003c6a0
0x03C68E	0C6D0062013E	cmpi.w	#0x62, (0x13e,A5)	actor_four_record_expand_3c902	
0x03C694	6510	bcs.b	0x0003c6a6	actor_four_record_expand_3c902	CONDITIONAL_JUMP:0003c6a6
0x03C696	0C6D0064013E	cmpi.w	#0x64, (0x13e,A5)	actor_four_record_expand_3c902	
0x03C69C	6502	bcs.b	0x0003c6a0	actor_four_record_expand_3c902	CONDITIONAL_JUMP:0003c6a0
0x03C69E	6006	bra.b	0x0003c6a6	actor_four_record_expand_3c902	UNCONDITIONAL_JUMP:0003c6a6
0x03C6A0	D2FC0020	adda.w	#0x20, A1	actor_four_record_expand_3c902	
0x03C6A4	4E75	rts		actor_four_record_expand_3c902	
0x03C6A6	D2FC0030	adda.w	#0x30, A1	actor_four_record_expand_3c902	
0x03C6AA	4E75	rts		actor_four_record_expand_3c902	
0x03C6AC	1018	move.b	(A0)+, D0b	FUN_0003c6ac	
0x03C6AE	4880	ext.w	D0w	FUN_0003c6ac	
0x03C6B0	0C0000FF	cmpi.b	#-0x1, D0b	FUN_0003c6ac	
0x03C6B4	6608	bne.b	0x0003c6be	FUN_0003c6ac	CONDITIONAL_JUMP:0003c6be
0x03C6B6	337C01800002	move.w	#0x180, (0x2,A1)	FUN_0003c6ac	
0x03C6BC	6008	bra.b	0x0003c6c6	FUN_0003c6ac	UNCONDITIONAL_JUMP:0003c6c6
0x03C6BE	D06C001A	add.w	(0x1a,A4), D0w	FUN_0003c6ac	
0x03C6C2	33400002	move.w	D0w, (0x2,A1)	FUN_0003c6ac	
0x03C6C6	3E2C0016	move.w	(0x16,A4), D7w	FUN_0003c6ac	
0x03C6CA	DE42	add.w	D2w, D7w	FUN_0003c6ac	
0x03C6CC	024701FF	andi.w	#0x1ff, D7w	FUN_0003c6ac	
0x03C6D0	33470006	move.w	D7w, (0x6,A1)	FUN_0003c6ac	
0x03C6D4	5089	addq.l	0x8, A1	FUN_0003c6ac	
0x03C6D6	5343	subq.w	0x1, D3w	FUN_0003c6ac	
0x03C6D8	66D2	bne.b	0x0003c6ac	FUN_0003c6ac	CONDITIONAL_JUMP:0003c6ac
0x03C6DA	4E75	rts		FUN_0003c6ac	
0x03C6DC	20680002	movea.l	(0x2,A0), A0	actor_four_record_expand_3c902	
0x03C6E0	102C000B	move.b	(0xb,A4), D0b	actor_four_record_expand_3c902	
0x03C6E4	4880	ext.w	D0w	actor_four_record_expand_3c902	
0x03C6E6	C0FC0009	mulu.w	#0x9, D0	actor_four_record_expand_3c902	
0x03C6EA	D0C0	adda.w	D0w, A0	actor_four_record_expand_3c902	
0x03C6EC	323CFFD0	move.w	#-0x30, D1w	actor_four_record_expand_3c902	
0x03C6F0	383C0010	move.w	#0x10, D4w	actor_four_record_expand_3c902	
0x03C6F4	7606	moveq	0x6, D3	actor_four_record_expand_3c902	
0x03C6F6	61000012	bsr.w	0x0003c70a	actor_four_record_expand_3c902	UNCONDITIONAL_CALL:0003c70a
0x03C6FA	323CFFD0	move.w	#-0x30, D1w	actor_four_record_expand_3c902	
0x03C6FE	4244	clr.w	D4w	actor_four_record_expand_3c902	
0x03C700	7603	moveq	0x3, D3	actor_four_record_expand_3c902	
0x03C702	61000006	bsr.w	0x0003c70a	actor_four_record_expand_3c902	UNCONDITIONAL_CALL:0003c70a
0x03C706	5089	addq.l	0x8, A1	actor_four_record_expand_3c902	
0x03C708	4E75	rts		actor_four_record_expand_3c902	
0x03C70A	1418	move.b	(A0)+, D2b	FUN_0003c70a	
0x03C70C	4882	ext.w	D2w	FUN_0003c70a	
0x03C70E	4A42	tst.w	D2w	FUN_0003c70a	
0x03C710	6608	bne.b	0x0003c71a	FUN_0003c70a	CONDITIONAL_JUMP:0003c71a
0x03C712	337C01800002	move.w	#0x180, (0x2,A1)	FUN_0003c70a	
0x03C718	6020	bra.b	0x0003c73a	FUN_0003c70a	UNCONDITIONAL_JUMP:0003c73a
0x03C71A	3001	move.w	D1w, D0w	FUN_0003c70a	
0x03C71C	D06C001A	add.w	(0x1a,A4), D0w	FUN_0003c70a	
0x03C720	33400002	move.w	D0w, (0x2,A1)	FUN_0003c70a	
0x03C724	3E2C0016	move.w	(0x16,A4), D7w	FUN_0003c70a	
0x03C728	DE42	add.w	D2w, D7w	FUN_0003c70a	
0x03C72A	024701FF	andi.w	#0x1ff, D7w	FUN_0003c70a	
0x03C72E	4EB90005B512	jsr	0x0005b512.l	FUN_0003c70a	UNCONDITIONAL_CALL:0005b512
0x03C734	33470006	move.w	D7w, (0x6,A1)	FUN_0003c70a	
0x03C738	D244	add.w	D4w, D1w	FUN_0003c70a	
0x03C73A	5089	addq.l	0x8, A1	FUN_0003c70a	
0x03C73C	5343	subq.w	0x1, D3w	FUN_0003c70a	
0x03C73E	66CA	bne.b	0x0003c70a	FUN_0003c70a	CONDITIONAL_JUMP:0003c70a
0x03C740	4E75	rts		FUN_0003c70a	
0x03C742	DC6C001A	add.w	(0x1a,A4), D6w	FUN_0003c742	
0x03C746	024601FF	andi.w	#0x1ff, D6w	FUN_0003c742	
0x03C74A	33460002	move.w	D6w, (0x2,A1)	FUN_0003c742	
0x03C74E	DE6C0016	add.w	(0x16,A4), D7w	FUN_0003c742	
0x03C752	024701FF	andi.w	#0x1ff, D7w	FUN_0003c742	
0x03C756	33470006	move.w	D7w, (0x6,A1)	FUN_0003c742	
0x03C75A	4E75	rts		FUN_0003c742	
0x03C75C	20680002	movea.l	(0x2,A0), A0	actor_four_record_expand_3c902	
0x03C760	102C000B	move.b	(0xb,A4), D0b	actor_four_record_expand_3c902	
0x03C764	4880	ext.w	D0w	actor_four_record_expand_3c902	
0x03C766	C0FC0007	mulu.w	#0x7, D0	actor_four_record_expand_3c902	
0x03C76A	D0C0	adda.w	D0w, A0	actor_four_record_expand_3c902	
0x03C76C	3C3CFFF0	move.w	#-0x10, D6w	actor_four_record_expand_3c902	
0x03C770	3E3CFFF8	move.w	#-0x8, D7w	actor_four_record_expand_3c902	
0x03C774	61CC	bsr.b	0x0003c742	actor_four_record_expand_3c902	UNCONDITIONAL_CALL:0003c742
0x03C776	5089	addq.l	0x8, A1	actor_four_record_expand_3c902	
0x03C778	7601	moveq	0x1, D3	actor_four_record_expand_3c902	
0x03C77A	343CFFF8	move.w	#-0x8, D2w	actor_four_record_expand_3c902	
0x03C77E	61000052	bsr.w	0x0003c7d2	actor_four_record_expand_3c902	UNCONDITIONAL_CALL:0003c7d2
0x03C782	7601	moveq	0x1, D3	actor_four_record_expand_3c902	
0x03C784	4242	clr.w	D2w	actor_four_record_expand_3c902	
0x03C786	6100004A	bsr.w	0x0003c7d2	actor_four_record_expand_3c902	UNCONDITIONAL_CALL:0003c7d2
0x03C78A	7601	moveq	0x1, D3	actor_four_record_expand_3c902	
0x03C78C	343CFFF0	move.w	#-0x10, D2w	actor_four_record_expand_3c902	
0x03C790	61000040	bsr.w	0x0003c7d2	actor_four_record_expand_3c902	UNCONDITIONAL_CALL:0003c7d2
0x03C794	7604	moveq	0x4, D3	actor_four_record_expand_3c902	
0x03C796	343CFFF8	move.w	#-0x8, D2w	actor_four_record_expand_3c902	
0x03C79A	61000036	bsr.w	0x0003c7d2	actor_four_record_expand_3c902	UNCONDITIONAL_CALL:0003c7d2
0x03C79E	D2FC0010	adda.w	#0x10, A1	actor_four_record_expand_3c902	
0x03C7A2	4E75	rts		actor_four_record_expand_3c902	
0x03C7A4	20680002	movea.l	(0x2,A0), A0	actor_four_record_expand_3c902	
0x03C7A8	102C000B	move.b	(0xb,A4), D0b	actor_four_record_expand_3c902	
0x03C7AC	4880	ext.w	D0w	actor_four_record_expand_3c902	
0x03C7AE	C0FC0006	mulu.w	#0x6, D0	actor_four_record_expand_3c902	
0x03C7B2	D0C0	adda.w	D0w, A0	actor_four_record_expand_3c902	
0x03C7B4	7602	moveq	0x2, D3	actor_four_record_expand_3c902	
0x03C7B6	4242	clr.w	D2w	actor_four_record_expand_3c902	
0x03C7B8	6100004A	bsr.w	0x0003c804	actor_four_record_expand_3c902	UNCONDITIONAL_CALL:0003c804
0x03C7BC	7602	moveq	0x2, D3	actor_four_record_expand_3c902	
0x03C7BE	343CFFF0	move.w	#-0x10, D2w	actor_four_record_expand_3c902	
0x03C7C2	61000040	bsr.w	0x0003c804	actor_four_record_expand_3c902	UNCONDITIONAL_CALL:0003c804
0x03C7C6	7606	moveq	0x6, D3	actor_four_record_expand_3c902	
0x03C7C8	343CFFF8	move.w	#-0x8, D2w	actor_four_record_expand_3c902	
0x03C7CC	61000004	bsr.w	0x0003c7d2	actor_four_record_expand_3c902	UNCONDITIONAL_CALL:0003c7d2
0x03C7D0	4E75	rts		actor_four_record_expand_3c902	
0x03C7D2	4240	clr.w	D0w	FUN_0003c7d2	
0x03C7D4	1018	move.b	(A0)+, D0b	FUN_0003c7d2	
0x03C7D6	4880	ext.w	D0w	FUN_0003c7d2	
0x03C7D8	0C0000FF	cmpi.b	#-0x1, D0b	FUN_0003c7d2	
0x03C7DC	6608	bne.b	0x0003c7e6	FUN_0003c7d2	CONDITIONAL_JUMP:0003c7e6
0x03C7DE	337C01800002	move.w	#0x180, (0x2,A1)	FUN_0003c7d2	
0x03C7E4	6008	bra.b	0x0003c7ee	FUN_0003c7d2	UNCONDITIONAL_JUMP:0003c7ee
0x03C7E6	D06C001A	add.w	(0x1a,A4), D0w	FUN_0003c7d2	
0x03C7EA	33400002	move.w	D0w, (0x2,A1)	FUN_0003c7d2	
0x03C7EE	3E2C0016	move.w	(0x16,A4), D7w	FUN_0003c7d2	
0x03C7F2	DE42	add.w	D2w, D7w	FUN_0003c7d2	
0x03C7F4	024701FF	andi.w	#0x1ff, D7w	FUN_0003c7d2	
0x03C7F8	33470006	move.w	D7w, (0x6,A1)	FUN_0003c7d2	
0x03C7FC	5089	addq.l	0x8, A1	FUN_0003c7d2	
0x03C7FE	5343	subq.w	0x1, D3w	FUN_0003c7d2	
0x03C800	66D0	bne.b	0x0003c7d2	FUN_0003c7d2	CONDITIONAL_JUMP:0003c7d2
0x03C802	4E75	rts		FUN_0003c7d2	
0x03C804	303CFFE0	move.w	#-0x20, D0w	FUN_0003c804	
0x03C808	0C430002	cmpi.w	#0x2, D3w	FUN_0003c804	
0x03C80C	6704	beq.b	0x0003c812	FUN_0003c804	CONDITIONAL_JUMP:0003c812
0x03C80E	303CFFD0	move.w	#-0x30, D0w	FUN_0003c804	
0x03C812	D06C001A	add.w	(0x1a,A4), D0w	FUN_0003c804	
0x03C816	33400002	move.w	D0w, (0x2,A1)	FUN_0003c804	
0x03C81A	3E2C0016	move.w	(0x16,A4), D7w	FUN_0003c804	
0x03C81E	DE42	add.w	D2w, D7w	FUN_0003c804	
0x03C820	024701FF	andi.w	#0x1ff, D7w	FUN_0003c804	
0x03C824	33470006	move.w	D7w, (0x6,A1)	FUN_0003c804	
0x03C828	5089	addq.l	0x8, A1	FUN_0003c804	
0x03C82A	5343	subq.w	0x1, D3w	FUN_0003c804	
0x03C82C	66D6	bne.b	0x0003c804	FUN_0003c804	CONDITIONAL_JUMP:0003c804
0x03C82E	4E75	rts		FUN_0003c804	
0x03C830	20680002	movea.l	(0x2,A0), A0	actor_four_record_expand_3c902	
0x03C834	102C000B	move.b	(0xb,A4), D0b	actor_four_record_expand_3c902	
0x03C838	4880	ext.w	D0w	actor_four_record_expand_3c902	
0x03C83A	E548	lsl.w	#0x2, D0w	actor_four_record_expand_3c902	
0x03C83C	D0C0	adda.w	D0w, A0	actor_four_record_expand_3c902	
0x03C83E	4A2C0038	tst.b	(0x38,A4)	actor_four_record_expand_3c902	
0x03C842	6600007A	bne.w	0x0003c8be	actor_four_record_expand_3c902	CONDITIONAL_JUMP:0003c8be
0x03C846	7605	moveq	0x5, D3	actor_four_record_expand_3c902	
0x03C848	343CFFF8	move.w	#-0x8, D2w	actor_four_record_expand_3c902	
0x03C84C	61000010	bsr.w	0x0003c85e	actor_four_record_expand_3c902	UNCONDITIONAL_CALL:0003c85e
0x03C850	5988	subq.l	0x4, A0	actor_four_record_expand_3c902	
0x03C852	7605	moveq	0x5, D3	actor_four_record_expand_3c902	
0x03C854	343CFFE8	move.w	#-0x18, D2w	actor_four_record_expand_3c902	
0x03C858	61000004	bsr.w	0x0003c85e	actor_four_record_expand_3c902	UNCONDITIONAL_CALL:0003c85e
0x03C85C	4E75	rts		actor_four_record_expand_3c902	
0x03C85E	4240	clr.w	D0w	FUN_0003c85e	
0x03C860	0C430005	cmpi.w	#0x5, D3w	FUN_0003c85e	
0x03C864	6606	bne.b	0x0003c86c	FUN_0003c85e	CONDITIONAL_JUMP:0003c86c
0x03C866	61000032	bsr.w	0x0003c89a	FUN_0003c85e	UNCONDITIONAL_CALL:0003c89a
0x03C86A	6010	bra.b	0x0003c87c	FUN_0003c85e	UNCONDITIONAL_JUMP:0003c87c
0x03C86C	1018	move.b	(A0)+, D0b	FUN_0003c85e	
0x03C86E	4880	ext.w	D0w	FUN_0003c85e	
0x03C870	4A40	tst.w	D0w	FUN_0003c85e	
0x03C872	6608	bne.b	0x0003c87c	FUN_0003c85e	CONDITIONAL_JUMP:0003c87c
0x03C874	337C01800002	move.w	#0x180, (0x2,A1)	FUN_0003c85e	
0x03C87A	6008	bra.b	0x0003c884	FUN_0003c85e	UNCONDITIONAL_JUMP:0003c884
0x03C87C	D06C001A	add.w	(0x1a,A4), D0w	FUN_0003c85e	
0x03C880	33400002	move.w	D0w, (0x2,A1)	FUN_0003c85e	
0x03C884	3E2C0016	move.w	(0x16,A4), D7w	FUN_0003c85e	
0x03C888	DE42	add.w	D2w, D7w	FUN_0003c85e	
0x03C88A	024701FF	andi.w	#0x1ff, D7w	FUN_0003c85e	
0x03C88E	33470006	move.w	D7w, (0x6,A1)	FUN_0003c85e	
0x03C892	5089	addq.l	0x8, A1	FUN_0003c85e	
0x03C894	5343	subq.w	0x1, D3w	FUN_0003c85e	
0x03C896	66C6	bne.b	0x0003c85e	FUN_0003c85e	CONDITIONAL_JUMP:0003c85e
0x03C898	4E75	rts		FUN_0003c85e	
0x03C89A	0C2D00030118	cmpi.b	#0x3, (0x118,A5)	FUN_0003c89a	
0x03C8A0	661A	bne.b	0x0003c8bc	FUN_0003c89a	CONDITIONAL_JUMP:0003c8bc
0x03C8A2	3E3C0A0D	move.w	#0xa0d, D7w	FUN_0003c89a	
0x03C8A6	0C0200F8	cmpi.b	#-0x8, D2b	FUN_0003c89a	
0x03C8AA	6602	bne.b	0x0003c8ae	FUN_0003c89a	CONDITIONAL_JUMP:0003c8ae
0x03C8AC	5247	addq.w	0x1, D7w	FUN_0003c89a	
0x03C8AE	0C6D003F013E	cmpi.w	#0x3f, (0x13e,A5)	FUN_0003c89a	
0x03C8B4	6502	bcs.b	0x0003c8b8	FUN_0003c89a	CONDITIONAL_JUMP:0003c8b8
0x03C8B6	5E47	addq.w	0x7, D7w	FUN_0003c89a	
0x03C8B8	33470004	move.w	D7w, (0x4,A1)	FUN_0003c89a	DATA:00000a15;DATA:00000a0e;DATA:00000a14
0x03C8BC	4E75	rts		FUN_0003c89a	
0x03C8BE	4246	clr.w	D6w	actor_four_record_expand_3c902	
0x03C8C0	4247	clr.w	D7w	actor_four_record_expand_3c902	
0x03C8C2	6100FE7E	bsr.w	0x0003c742	actor_four_record_expand_3c902	UNCONDITIONAL_CALL:0003c742
0x03C8C6	5089	addq.l	0x8, A1	actor_four_record_expand_3c902	
0x03C8C8	4246	clr.w	D6w	actor_four_record_expand_3c902	
0x03C8CA	3E3CFFF0	move.w	#-0x10, D7w	actor_four_record_expand_3c902	
0x03C8CE	6100FE72	bsr.w	0x0003c742	actor_four_record_expand_3c902	UNCONDITIONAL_CALL:0003c742
0x03C8D2	5089	addq.l	0x8, A1	actor_four_record_expand_3c902	
0x03C8D4	7602	moveq	0x2, D3	actor_four_record_expand_3c902	
0x03C8D6	343CFFF8	move.w	#-0x8, D2w	actor_four_record_expand_3c902	
0x03C8DA	6182	bsr.b	0x0003c85e	actor_four_record_expand_3c902	UNCONDITIONAL_CALL:0003c85e
0x03C8DC	7602	moveq	0x2, D3	actor_four_record_expand_3c902	
0x03C8DE	343CFFF0	move.w	#-0x10, D2w	actor_four_record_expand_3c902	
0x03C8E2	6100FF7A	bsr.w	0x0003c85e	actor_four_record_expand_3c902	UNCONDITIONAL_CALL:0003c85e
0x03C8E6	5588	subq.l	0x2, A0	actor_four_record_expand_3c902	
0x03C8E8	7602	moveq	0x2, D3	actor_four_record_expand_3c902	
0x03C8EA	4242	clr.w	D2w	actor_four_record_expand_3c902	
0x03C8EC	6100FF70	bsr.w	0x0003c85e	actor_four_record_expand_3c902	UNCONDITIONAL_CALL:0003c85e
0x03C8F0	D2FC0010	adda.w	#0x10, A1	actor_four_record_expand_3c902	
0x03C8F4	4E75	rts		actor_four_record_expand_3c902	
0x03C8F6	0C030070	cmpi.b	#0x70, D3b	FUN_0003c8f6	
0x03C8FA	6604	bne.b	0x0003c900	FUN_0003c8f6	CONDITIONAL_JUMP:0003c900
0x03C8FC	D26C0018	add.w	(0x18,A4), D1w	FUN_0003c8f6	
0x03C900	4E75	rts		FUN_0003c8f6	
0x03C902	1610	move.b	(A0), D3b	actor_four_record_expand_3c902	
0x03C904	020300F0	andi.b	#-0x10, D3b	actor_four_record_expand_3c902	
0x03C908	0C030010	cmpi.b	#0x10, D3b	actor_four_record_expand_3c902	
0x03C90C	6700FF22	beq.w	0x0003c830	actor_four_record_expand_3c902	CONDITIONAL_JUMP:0003c830
0x03C910	0C030020	cmpi.b	#0x20, D3b	actor_four_record_expand_3c902	
0x03C914	6700FE8E	beq.w	0x0003c7a4	actor_four_record_expand_3c902	CONDITIONAL_JUMP:0003c7a4
0x03C918	0C030030	cmpi.b	#0x30, D3b	actor_four_record_expand_3c902	
0x03C91C	6700FDBE	beq.w	0x0003c6dc	actor_four_record_expand_3c902	CONDITIONAL_JUMP:0003c6dc
0x03C920	0C030050	cmpi.b	#0x50, D3b	actor_four_record_expand_3c902	
0x03C924	6700FBAC	beq.w	0x0003c4d2	actor_four_record_expand_3c902	CONDITIONAL_JUMP:0003c4d2
0x03C928	0C030060	cmpi.b	#0x60, D3b	actor_four_record_expand_3c902	
0x03C92C	6700FBA4	beq.w	0x0003c4d2	actor_four_record_expand_3c902	CONDITIONAL_JUMP:0003c4d2
0x03C930	0C030090	cmpi.b	#-0x70, D3b	actor_four_record_expand_3c902	
0x03C934	6700FE26	beq.w	0x0003c75c	actor_four_record_expand_3c902	CONDITIONAL_JUMP:0003c75c
0x03C938	0C0300A0	cmpi.b	#-0x60, D3b	actor_four_record_expand_3c902	
0x03C93C	6700FC12	beq.w	0x0003c550	actor_four_record_expand_3c902	CONDITIONAL_JUMP:0003c550
0x03C940	0C0300B0	cmpi.b	#-0x50, D3b	actor_four_record_expand_3c902	
0x03C944	6700FCF0	beq.w	0x0003c636	actor_four_record_expand_3c902	CONDITIONAL_JUMP:0003c636
0x03C948	0C0300C0	cmpi.b	#-0x40, D3b	actor_four_record_expand_3c902	
0x03C94C	6700FC38	beq.w	0x0003c586	actor_four_record_expand_3c902	CONDITIONAL_JUMP:0003c586
0x03C950	4240	clr.w	D0w	actor_four_record_expand_3c902	
0x03C952	4245	clr.w	D5w	actor_four_record_expand_3c902	
0x03C954	08060000	btst.l	#0x0, D6	actor_four_record_expand_3c902	
0x03C958	660000CC	bne.w	0x0003ca26	actor_four_record_expand_3c902	CONDITIONAL_JUMP:0003ca26
0x03C95C	4A07	tst.b	D7b	actor_four_record_expand_3c902	
0x03C95E	6746	beq.b	0x0003c9a6	actor_four_record_expand_3c902	CONDITIONAL_JUMP:0003c9a6
0x03C960	6100009E	bsr.w	0x0003ca00	actor_four_record_expand_3c902	UNCONDITIONAL_CALL:0003ca00
0x03C964	4A45	tst.w	D5w	actor_four_record_expand_3c902	
0x03C966	6600008E	bne.w	0x0003c9f6	actor_four_record_expand_3c902	CONDITIONAL_JUMP:0003c9f6
0x03C96A	4247	clr.w	D7w	actor_four_record_expand_3c902	
0x03C96C	0C030040	cmpi.b	#0x40, D3b	actor_four_record_expand_3c902	
0x03C970	6602	bne.b	0x0003c974	actor_four_record_expand_3c902	CONDITIONAL_JUMP:0003c974
0x03C972	5247	addq.w	0x1, D7w	actor_four_record_expand_3c902	
0x03C974	0C030080	cmpi.b	#-0x80, D3b	actor_four_record_expand_3c902	
0x03C978	6604	bne.b	0x0003c97e	actor_four_record_expand_3c902	CONDITIONAL_JUMP:0003c97e
0x03C97A	00404000	ori.w	#0x4000, D0w	actor_four_record_expand_3c902	
0x03C97E	61000068	bsr.w	0x0003c9e8	actor_four_record_expand_3c902	UNCONDITIONAL_CALL:0003c9e8
0x03C982	32C0	move.w	D0w, (A1)+	actor_four_record_expand_3c902	
0x03C984	1218	move.b	(A0)+, D1b	actor_four_record_expand_3c902	
0x03C986	4881	ext.w	D1w	actor_four_record_expand_3c902	
0x03C988	D26C001A	add.w	(0x1a,A4), D1w	actor_four_record_expand_3c902	
0x03C98C	6100FF68	bsr.w	0x0003c8f6	actor_four_record_expand_3c902	UNCONDITIONAL_CALL:0003c8f6
0x03C990	32C1	move.w	D1w, (A1)+	actor_four_record_expand_3c902	
0x03C992	6100007E	bsr.w	0x0003ca12	actor_four_record_expand_3c902	UNCONDITIONAL_CALL:0003ca12
0x03C996	1E18	move.b	(A0)+, D7b	actor_four_record_expand_3c902	
0x03C998	4887	ext.w	D7w	actor_four_record_expand_3c902	
0x03C99A	DE6C0016	add.w	(0x16,A4), D7w	actor_four_record_expand_3c902	
0x03C99E	32C7	move.w	D7w, (A1)+	actor_four_record_expand_3c902	
0x03C9A0	5382	subq.l	0x1, D2	actor_four_record_expand_3c902	
0x03C9A2	66BC	bne.b	0x0003c960	actor_four_record_expand_3c902	CONDITIONAL_JUMP:0003c960
0x03C9A4	4E75	rts		actor_four_record_expand_3c902	
0x03C9A6	61000058	bsr.w	0x0003ca00	FUN_0003c9a6	UNCONDITIONAL_CALL:0003ca00
0x03C9AA	4A45	tst.w	D5w	FUN_0003c9a6	
0x03C9AC	66000048	bne.w	0x0003c9f6	FUN_0003c9a6	CONDITIONAL_JUMP:0003c9f6
0x03C9B0	4247	clr.w	D7w	FUN_0003c9a6	
0x03C9B2	0C030040	cmpi.b	#0x40, D3b	FUN_0003c9a6	
0x03C9B6	6602	bne.b	0x0003c9ba	FUN_0003c9a6	CONDITIONAL_JUMP:0003c9ba
0x03C9B8	5247	addq.w	0x1, D7w	FUN_0003c9a6	
0x03C9BA	00404000	ori.w	#0x4000, D0w	FUN_0003c9a6	
0x03C9BE	61000028	bsr.w	0x0003c9e8	FUN_0003c9a6	UNCONDITIONAL_CALL:0003c9e8
0x03C9C2	32C0	move.w	D0w, (A1)+	FUN_0003c9a6	
0x03C9C4	1218	move.b	(A0)+, D1b	FUN_0003c9a6	
0x03C9C6	4881	ext.w	D1w	FUN_0003c9a6	
0x03C9C8	D26C001A	add.w	(0x1a,A4), D1w	FUN_0003c9a6	
0x03C9CC	32C1	move.w	D1w, (A1)+	FUN_0003c9a6	
0x03C9CE	61000042	bsr.w	0x0003ca12	FUN_0003c9a6	UNCONDITIONAL_CALL:0003ca12
0x03C9D2	1E18	move.b	(A0)+, D7b	FUN_0003c9a6	
0x03C9D4	4887	ext.w	D7w	FUN_0003c9a6	
0x03C9D6	4447	neg.w	D7w	FUN_0003c9a6	
0x03C9D8	9E780010	sub.w	(0x00000010).w, D7w	FUN_0003c9a6	READ:00000010
0x03C9DC	DE6C0016	add.w	(0x16,A4), D7w	FUN_0003c9a6	
0x03C9E0	32C7	move.w	D7w, (A1)+	FUN_0003c9a6	
0x03C9E2	5382	subq.l	0x1, D2	FUN_0003c9a6	
0x03C9E4	66C0	bne.b	0x0003c9a6	FUN_0003c9a6	CONDITIONAL_JUMP:0003c9a6
0x03C9E6	4E75	rts		FUN_0003c9a6	
0x03C9E8	082C00060027	btst.b	#0x6, (0x27,A4)	FUN_0003c9e8	
0x03C9EE	6704	beq.b	0x0003c9f4	FUN_0003c9e8	CONDITIONAL_JUMP:0003c9f4
0x03C9F0	102C0027	move.b	(0x27,A4), D0b	FUN_0003c9e8	
0x03C9F4	4E75	rts		FUN_0003c9e8	
0x03C9F6	337C01800002	move.w	#0x180, (0x2,A1)	FUN_0003c9a6	
0x03C9FC	5089	addq.l	0x8, A1	FUN_0003c9a6	
0x03C9FE	60A0	bra.b	0x0003c9a0	FUN_0003c9a6	UNCONDITIONAL_JUMP:0003c9a0
0x03CA00	1018	move.b	(A0)+, D0b	FUN_0003ca00	
0x03CA02	1600	move.b	D0b, D3b	FUN_0003ca00	
0x03CA04	020300F0	andi.b	#-0x10, D3b	FUN_0003ca00	
0x03CA08	0C0000FF	cmpi.b	#-0x1, D0b	FUN_0003ca00	
0x03CA0C	6602	bne.b	0x0003ca10	FUN_0003ca00	CONDITIONAL_JUMP:0003ca10
0x03CA0E	7A01	moveq	0x1, D5	FUN_0003ca00	
0x03CA10	4E75	rts		FUN_0003ca00	
0x03CA12	4240	clr.w	D0w	FUN_0003ca12	
0x03CA14	1018	move.b	(A0)+, D0b	FUN_0003ca12	
0x03CA16	4A47	tst.w	D7w	FUN_0003ca12	
0x03CA18	6702	beq.b	0x0003ca1c	FUN_0003ca12	CONDITIONAL_JUMP:0003ca1c
0x03CA1A	4440	neg.w	D0w	FUN_0003ca12	
0x03CA1C	D06C001E	add.w	(0x1e,A4), D0w	FUN_0003ca12	
0x03CA20	32C0	move.w	D0w, (A1)+	FUN_0003ca12	
0x03CA22	4240	clr.w	D0w	FUN_0003ca12	
0x03CA24	4E75	rts		FUN_0003ca12	
0x03CA26	4A2C0003	tst.b	(0x3,A4)	actor_four_record_expand_3c902	
0x03CA2A	6600FF34	bne.w	0x0003c960	actor_four_record_expand_3c902	CONDITIONAL_JUMP:0003c960
0x03CA2E	4A07	tst.b	D7b	actor_four_record_expand_3c902	
0x03CA30	6700FF2E	beq.w	0x0003c960	actor_four_record_expand_3c902	CONDITIONAL_JUMP:0003c960
0x03CA34	6000FF70	bra.w	0x0003c9a6	actor_four_record_expand_3c902	UNCONDITIONAL_CALL:0003c9a6
0x03CF40	4A00	tst.b	D0b	FUN_0003cf40	
0x03CF42	6604	bne.b	0x0003cf48	FUN_0003cf40	CONDITIONAL_JUMP:0003cf48
0x03CF44	7038	moveq	0x38, D0	FUN_0003cf40	
0x03CF46	4E75	rts		FUN_0003cf40	
0x03CF48	0C000039	cmpi.b	#0x39, D0b	FUN_0003cf40	
0x03CF4C	6602	bne.b	0x0003cf50	FUN_0003cf40	CONDITIONAL_JUMP:0003cf50
0x03CF4E	7001	moveq	0x1, D0	FUN_0003cf40	
0x03CF50	4E75	rts		FUN_0003cf40	
0x03CF52	5340	subq.w	0x1, D0w	FUN_0003cf52	
0x03CF54	D080	add.l	D0, D0	FUN_0003cf52	
0x03CF56	41FA007C	lea	(0x7c,PC), A0	FUN_0003cf52	DATA:0003cfd4
0x03CF5A	D0C0	adda.w	D0w, A0	FUN_0003cf52	
0x03CF5C	4241	clr.w	D1w	FUN_0003cf52	
0x03CF5E	1218	move.b	(A0)+, D1b	FUN_0003cf52	DATA:0003cfd4
0x03CF60	4881	ext.w	D1w	FUN_0003cf52	
0x03CF62	39410014	move.w	D1w, (0x14,A4)	FUN_0003cf52	
0x03CF66	4241	clr.w	D1w	FUN_0003cf52	
0x03CF68	1210	move.b	(A0), D1b	FUN_0003cf52	DATA:0003cfd5
0x03CF6A	4881	ext.w	D1w	FUN_0003cf52	
0x03CF6C	39410018	move.w	D1w, (0x18,A4)	FUN_0003cf52	
0x03CF70	082C00000013	btst.b	#0x0, (0x13,A4)	FUN_0003cf52	
0x03CF76	6706	beq.b	0x0003cf7e	FUN_0003cf52	CONDITIONAL_JUMP:0003cf7e
0x03CF78	426C0018	clr.w	(0x18,A4)	FUN_0003cf52	
0x03CF7C	6030	bra.b	0x0003cfae	FUN_0003cf52	UNCONDITIONAL_JUMP:0003cfae
0x03CF7E	082C00010013	btst.b	#0x1, (0x13,A4)	FUN_0003cf52	
0x03CF84	6706	beq.b	0x0003cf8c	FUN_0003cf52	CONDITIONAL_JUMP:0003cf8c
0x03CF86	426C0014	clr.w	(0x14,A4)	FUN_0003cf52	
0x03CF8A	6022	bra.b	0x0003cfae	FUN_0003cf52	UNCONDITIONAL_JUMP:0003cfae
0x03CF8C	082C00020013	btst.b	#0x2, (0x13,A4)	FUN_0003cf52	
0x03CF92	670C	beq.b	0x0003cfa0	FUN_0003cf52	CONDITIONAL_JUMP:0003cfa0
0x03CF94	6100001A	bsr.w	0x0003cfb0	FUN_0003cf52	UNCONDITIONAL_CALL:0003cfb0
0x03CF98	4A40	tst.w	D0w	FUN_0003cf52	
0x03CF9A	6712	beq.b	0x0003cfae	FUN_0003cf52	CONDITIONAL_JUMP:0003cfae
0x03CF9C	426C0014	clr.w	(0x14,A4)	FUN_0003cf52	
0x03CFA0	082C00030013	btst.b	#0x3, (0x13,A4)	FUN_0003cf52	
0x03CFA6	6706	beq.b	0x0003cfae	FUN_0003cf52	CONDITIONAL_JUMP:0003cfae
0x03CFA8	396C00140018	move.w	(0x14,A4), (0x18,A4)	FUN_0003cf52	
0x03CFAE	4E75	rts		FUN_0003cf52	
0x03CFB0	122C000D	move.b	(0xd,A4), D1b	FUN_0003cfb0	
0x03CFB4	0C010004	cmpi.b	#0x4, D1b	FUN_0003cfb0	
0x03CFB8	6512	bcs.b	0x0003cfcc	FUN_0003cfb0	CONDITIONAL_JUMP:0003cfcc
0x03CFBA	0C01001A	cmpi.b	#0x1a, D1b	FUN_0003cfb0	
0x03CFBE	6510	bcs.b	0x0003cfd0	FUN_0003cfb0	CONDITIONAL_JUMP:0003cfd0
0x03CFC0	0C010020	cmpi.b	#0x20, D1b	FUN_0003cfb0	
0x03CFC4	6506	bcs.b	0x0003cfcc	FUN_0003cfb0	CONDITIONAL_JUMP:0003cfcc
0x03CFC6	0C010036	cmpi.b	#0x36, D1b	FUN_0003cfb0	
0x03CFCA	6504	bcs.b	0x0003cfd0	FUN_0003cfb0	CONDITIONAL_JUMP:0003cfd0
0x03CFCC	7001	moveq	0x1, D0	FUN_0003cfb0	
0x03CFCE	4E75	rts		FUN_0003cfb0	
0x03CFD0	4240	clr.w	D0w	FUN_0003cfb0	
0x03CFD2	4E75	rts		FUN_0003cfb0	
0x03D044	7209	moveq	0x9, D1	FUN_0003d044	
0x03D046	9240	sub.w	D0w, D1w	FUN_0003d044	
0x03D048	06410030	addi.w	#0x30, D1w	FUN_0003d044	
0x03D04C	33C100C08C66	move.w	D1w, (0x00c08c66).l	FUN_0003d044	WRITE:00c08c66
0x03D052	4E75	rts		FUN_0003d044	
0x03D054	024000FF	andi.w	#0xff, D0w	actor_family0_render_3d054	
0x03D058	D040	add.w	D0w, D0w	actor_family0_render_3d054	
0x03D05A	122C0038	move.b	(0x38,A4), D1b	actor_family0_render_3d054	
0x03D05E	0C010001	cmpi.b	#0x1, D1b	actor_family0_render_3d054	
0x03D062	6606	bne.b	0x0003d06a	actor_family0_render_3d054	CONDITIONAL_JUMP:0003d06a
0x03D064	4EF90004770E	jmp	0x0004770e.l	actor_family0_render_3d054	UNCONDITIONAL_CALL:0004770e
0x03D06A	0C010002	cmpi.b	#0x2, D1b	actor_family0_render_3d054	
0x03D06E	6606	bne.b	0x0003d076	actor_family0_render_3d054	CONDITIONAL_JUMP:0003d076
0x03D070	4EF90003F0BC	jmp	0x0003f0bc.l	actor_family0_render_3d054	UNCONDITIONAL_CALL:0003f0bc
0x03D076	0C010003	cmpi.b	#0x3, D1b	actor_family0_render_3d054	
0x03D07A	6606	bne.b	0x0003d082	actor_family0_render_3d054	CONDITIONAL_JUMP:0003d082
0x03D07C	4EF90003FFDC	jmp	0x0003ffdc.l	actor_family0_render_3d054	UNCONDITIONAL_CALL:0003ffdc
0x03D082	0C010004	cmpi.b	#0x4, D1b	actor_family0_render_3d054	
0x03D086	6606	bne.b	0x0003d08e	actor_family0_render_3d054	CONDITIONAL_JUMP:0003d08e
0x03D088	4EF90003FFF0	jmp	0x0003fff0.l	actor_family0_render_3d054	UNCONDITIONAL_CALL:0003fff0
0x03D08E	303B000E	move.w	(0x3d09e,PC,D0w*0x1), D0w	actor_family0_render_3d054	DATA:0003d09e
0x03D092	41FA000A	lea	(0xa,PC), A0	actor_family0_render_3d054	DATA:0003d09e
0x03D096	D0C0	adda.w	D0w, A0	actor_family0_render_3d054	
0x03D098	4EF90003C902	jmp	0x0003c902.l	actor_family0_render_3d054	UNCONDITIONAL_CALL:0003c902
0x03EEFA	4A6D02BC	tst.w	(0x2bc,A5)	FUN_0003eefa	
0x03EEFE	6706	beq.b	0x0003ef06	FUN_0003eefa	CONDITIONAL_JUMP:0003ef06
0x03EF00	536D02BC	subq.w	0x1, (0x2bc,A5)	FUN_0003eefa	
0x03EF04	4E75	rts		FUN_0003eefa	
0x03EF06	302D02BE	move.w	(0x2be,A5), D0w	FUN_0003eefa	
0x03EF0A	4A40	tst.w	D0w	FUN_0003eefa	
0x03EF0C	670C	beq.b	0x0003ef1a	FUN_0003eefa	CONDITIONAL_JUMP:0003ef1a
0x03EF0E	5340	subq.w	0x1, D0w	FUN_0003eefa	
0x03EF10	670A	beq.b	0x0003ef1c	FUN_0003eefa	CONDITIONAL_JUMP:0003ef1c
0x03EF12	5340	subq.w	0x1, D0w	FUN_0003eefa	
0x03EF14	6726	beq.b	0x0003ef3c	FUN_0003eefa	CONDITIONAL_JUMP:0003ef3c
0x03EF16	426D02BE	clr.w	(0x2be,A5)	FUN_0003eefa	
0x03EF1A	4E75	rts		FUN_0003eefa	
0x03EF1C	302D0014	move.w	(0x14,A5), D0w	FUN_0003eefa	
0x03EF20	00400008	ori.w	#0x8, D0w	FUN_0003eefa	
0x03EF24	3B400014	move.w	D0w, (0x14,A5)	FUN_0003eefa	
0x03EF28	33C000380000	move.w	D0w, (0x00380000).l	FUN_0003eefa	WRITE:00380000
0x03EF2E	3B7C000302BC	move.w	#0x3, (0x2bc,A5)	FUN_0003eefa	
0x03EF34	3B7C000202BE	move.w	#0x2, (0x2be,A5)	FUN_0003eefa	
0x03EF3A	4E75	rts		FUN_0003eefa	
0x03EF3C	302D0014	move.w	(0x14,A5), D0w	FUN_0003eefa	
0x03EF40	0240FFF7	andi.w	#-0x9, D0w	FUN_0003eefa	
0x03EF44	3B400014	move.w	D0w, (0x14,A5)	FUN_0003eefa	
0x03EF48	33C000380000	move.w	D0w, (0x00380000).l	FUN_0003eefa	WRITE:00380000
0x03EF4E	3B7C000302BC	move.w	#0x3, (0x2bc,A5)	FUN_0003eefa	
0x03EF54	3B7C000302BE	move.w	#0x3, (0x2be,A5)	FUN_0003eefa	
0x03EF5A	4E75	rts		FUN_0003eefa	
0x03EF5C	4A6D02C0	tst.w	(0x2c0,A5)	FUN_0003ef5c	
0x03EF60	6706	beq.b	0x0003ef68	FUN_0003ef5c	CONDITIONAL_JUMP:0003ef68
0x03EF62	536D02C0	subq.w	0x1, (0x2c0,A5)	FUN_0003ef5c	
0x03EF66	4E75	rts		FUN_0003ef5c	
0x03EF68	302D02C2	move.w	(0x2c2,A5), D0w	FUN_0003ef5c	
0x03EF6C	4A40	tst.w	D0w	FUN_0003ef5c	
0x03EF6E	670C	beq.b	0x0003ef7c	FUN_0003ef5c	CONDITIONAL_JUMP:0003ef7c
0x03EF70	5340	subq.w	0x1, D0w	FUN_0003ef5c	
0x03EF72	670A	beq.b	0x0003ef7e	FUN_0003ef5c	CONDITIONAL_JUMP:0003ef7e
0x03EF74	5340	subq.w	0x1, D0w	FUN_0003ef5c	
0x03EF76	6726	beq.b	0x0003ef9e	FUN_0003ef5c	CONDITIONAL_JUMP:0003ef9e
0x03EF78	426D02C2	clr.w	(0x2c2,A5)	FUN_0003ef5c	
0x03EF7C	4E75	rts		FUN_0003ef5c	
0x03EF7E	302D0014	move.w	(0x14,A5), D0w	FUN_0003ef5c	
0x03EF82	00400004	ori.w	#0x4, D0w	FUN_0003ef5c	
0x03EF86	3B400014	move.w	D0w, (0x14,A5)	FUN_0003ef5c	
0x03EF8A	33C000380000	move.w	D0w, (0x00380000).l	FUN_0003ef5c	WRITE:00380000
0x03EF90	3B7C000302C0	move.w	#0x3, (0x2c0,A5)	FUN_0003ef5c	
0x03EF96	3B7C000202C2	move.w	#0x2, (0x2c2,A5)	FUN_0003ef5c	
0x03EF9C	4E75	rts		FUN_0003ef5c	
0x03EF9E	302D0014	move.w	(0x14,A5), D0w	FUN_0003ef5c	
0x03EFA2	0240FFFB	andi.w	#-0x5, D0w	FUN_0003ef5c	
0x03EFA6	3B400014	move.w	D0w, (0x14,A5)	FUN_0003ef5c	
0x03EFAA	33C000380000	move.w	D0w, (0x00380000).l	FUN_0003ef5c	WRITE:00380000
0x03EFB0	3B7C000302C0	move.w	#0x3, (0x2c0,A5)	FUN_0003ef5c	
0x03EFB6	3B7C000302C2	move.w	#0x3, (0x2c2,A5)	FUN_0003ef5c	
0x03EFBC	4E75	rts		FUN_0003ef5c	
0x03EFBE	102C0005	move.b	(0x5,A4), D0b	FUN_00041ede	
0x03EFC2	0C000017	cmpi.b	#0x17, D0b	FUN_00041ede	
0x03EFC6	661E	bne.b	0x0003efe6	FUN_00041ede	CONDITIONAL_JUMP:0003efe6
0x03EFC8	082C00070034	btst.b	#0x7, (0x34,A4)	FUN_00041ede	
0x03EFCE	66002E78	bne.w	0x00041e48	FUN_00041ede	CONDITIONAL_JUMP:00041e48
0x03EFD2	302C0016	move.w	(0x16,A4), D0w	FUN_00041ede	
0x03EFD6	024001FF	andi.w	#0x1ff, D0w	FUN_00041ede	
0x03EFDA	0C400180	cmpi.w	#0x180, D0w	FUN_00041ede	
0x03EFDE	65002E68	bcs.w	0x00041e48	FUN_00041ede	CONDITIONAL_JUMP:00041e48
0x03EFE2	60002EFA	bra.w	0x00041ede	FUN_00041ede	UNCONDITIONAL_JUMP:00041ede
0x03EFE6	0C00001A	cmpi.b	#0x1a, D0b	FUN_00041ede	
0x03EFEA	662A	bne.b	0x0003f016	FUN_00041ede	CONDITIONAL_JUMP:0003f016
0x03EFEC	0C6D0087013E	cmpi.w	#0x87, (0x13e,A5)	FUN_00041ede	
0x03EFF2	650E	bcs.b	0x0003f002	FUN_00041ede	CONDITIONAL_JUMP:0003f002
0x03EFF4	0C6CFE080034	cmpi.w	#-0x1f8, (0x34,A4)	FUN_00041ede	
0x03EFFA	65002EE2	bcs.w	0x00041ede	FUN_00041ede	CONDITIONAL_JUMP:00041ede
0x03EFFE	60002E48	bra.w	0x00041e48	FUN_00041ede	UNCONDITIONAL_JUMP:00041e48
0x03F002	4A2C0032	tst.b	(0x32,A4)	FUN_00041ede	
0x03F006	67C0	beq.b	0x0003efc8	FUN_00041ede	CONDITIONAL_JUMP:0003efc8
0x03F008	082C00070742	btst.b	#0x7, (0x742,A4)	FUN_00041ede	
0x03F00E	66002ECE	bne.w	0x00041ede	FUN_00041ede	CONDITIONAL_JUMP:00041ede
0x03F012	60002E34	bra.w	0x00041e48	FUN_00041ede	UNCONDITIONAL_JUMP:00041e48
0x03F016	0C000020	cmpi.b	#0x20, D0b	FUN_00041ede	
0x03F01A	6602	bne.b	0x0003f01e	FUN_00041ede	CONDITIONAL_JUMP:0003f01e
0x03F01C	60AA	bra.b	0x0003efc8	FUN_00041ede	UNCONDITIONAL_JUMP:0003efc8
0x03F01E	0C000013	cmpi.b	#0x13, D0b	FUN_00041ede	
0x03F022	6618	bne.b	0x0003f03c	FUN_00041ede	CONDITIONAL_JUMP:0003f03c
0x03F024	082C00000001	btst.b	#0x0, (0x1,A4)	FUN_00041ede	
0x03F02A	66002E1C	bne.w	0x00041e48	FUN_00041ede	CONDITIONAL_JUMP:00041e48
0x03F02E	082C00070034	btst.b	#0x7, (0x34,A4)	FUN_00041ede	
0x03F034	66002E12	bne.w	0x00041e48	FUN_00041ede	CONDITIONAL_JUMP:00041e48
0x03F038	60002EA4	bra.w	0x00041ede	FUN_00041ede	UNCONDITIONAL_JUMP:00041ede
0x03F03C	0C000022	cmpi.b	#0x22, D0b	FUN_00041ede	
0x03F040	6622	bne.b	0x0003f064	FUN_00041ede	CONDITIONAL_JUMP:0003f064
0x03F042	0C2C0079000D	cmpi.b	#0x79, (0xd,A4)	FUN_00041ede	
0x03F048	66002DFE	bne.w	0x00041e48	FUN_00041ede	CONDITIONAL_JUMP:00041e48
0x03F04C	0C6C00500034	cmpi.w	#0x50, (0x34,A4)	FUN_00041ede	
0x03F052	65002DF4	bcs.w	0x00041e48	FUN_00041ede	CONDITIONAL_JUMP:00041e48
0x03F056	0C6CFE600034	cmpi.w	#-0x1a0, (0x34,A4)	FUN_00041ede	
0x03F05C	64002DEA	bcc.w	0x00041e48	FUN_00041ede	CONDITIONAL_JUMP:00041e48
0x03F060	60002E7C	bra.w	0x00041ede	FUN_00041ede	UNCONDITIONAL_JUMP:00041ede
0x03F064	0C000015	cmpi.b	#0x15, D0b	FUN_00041ede	
0x03F068	66002DDE	bne.w	0x00041e48	FUN_00041ede	CONDITIONAL_JUMP:00041e48
0x03F06C	0C6D0071013E	cmpi.w	#0x71, (0x13e,A5)	FUN_00041ede	
0x03F072	66002DD4	bne.w	0x00041e48	FUN_00041ede	CONDITIONAL_JUMP:00041e48
0x03F076	082C00070016	btst.b	#0x7, (0x16,A4)	FUN_00041ede	
0x03F07C	67002DCA	beq.w	0x00041e48	FUN_00041ede	CONDITIONAL_JUMP:00041e48
0x03F080	60002E5C	bra.w	0x00041ede	FUN_00041ede	UNCONDITIONAL_JUMP:00041ede
0x03F084	13FC0000003E0001	move.b	#0x0, (0x003e0001).l	FUN_0003f084	WRITE:003e0001
0x03F08C	13C0003E0003	move.b	D0b, (0x003e0003).l	FUN_0003f084	WRITE:003e0003
0x03F092	E808	lsr.b	#0x4, D0b	FUN_0003f084	
0x03F094	13C0003E0003	move.b	D0b, (0x003e0003).l	FUN_0003f084	WRITE:003e0003
0x03F09A	4E75	rts		FUN_0003f084	
0x03F09C	13FC0004003E0001	move.b	#0x4, (0x003e0001).l	FUN_0003f09c	WRITE:003e0001
0x03F0A4	1039003E0003	move.b	(0x003e0003).l, D0b	FUN_0003f09c	READ:003e0003
0x03F0AA	4E75	rts		FUN_0003f09c	
0x03F0BC	41FA0010	lea	(0x10,PC), A0	FUN_0003f0bc	DATA:0003f0ce
0x03F0C0	D0C0	adda.w	D0w, A0	FUN_0003f0bc	
0x03F0C2	3010	move.w	(A0), D0w	FUN_0003f0bc	DATA:0003f0ce
0x03F0C4	41FA0008	lea	(0x8,PC), A0	FUN_0003f0bc	DATA:0003f0ce
0x03F0C8	D0C0	adda.w	D0w, A0	FUN_0003f0bc	
0x03F0CA	6000D836	bra.w	0x0003c902	FUN_0003f0bc	UNCONDITIONAL_CALL:0003c902
0x03FFDC	41FA0026	lea	(0x26,PC), A0	FUN_0003ffdc	DATA:00040004
0x03FFE0	D0C0	adda.w	D0w, A0	FUN_0003ffdc	
0x03FFE2	3010	move.w	(A0), D0w	FUN_0003ffdc	DATA:00040004
0x03FFE4	41FA001E	lea	(0x1e,PC), A0	FUN_0003ffdc	DATA:00040004
0x03FFE8	D0C0	adda.w	D0w, A0	FUN_0003ffdc	
0x03FFEA	4EF90003C902	jmp	0x0003c902.l	FUN_0003ffdc	UNCONDITIONAL_CALL:0003c902
0x03FFF0	41FA003A	lea	(0x3a,PC), A0	FUN_0003fff0	DATA:0004002c
0x03FFF4	D0C0	adda.w	D0w, A0	FUN_0003fff0	
0x03FFF6	3010	move.w	(A0), D0w	FUN_0003fff0	DATA:0004002c
0x03FFF8	41FA0032	lea	(0x32,PC), A0	FUN_0003fff0	DATA:0004002c
0x03FFFC	D0C0	adda.w	D0w, A0	FUN_0003fff0	
0x03FFFE	4EF90003C902	jmp	0x0003c902.l	FUN_0003fff0	UNCONDITIONAL_CALL:0003c902
0x0406A4	302D10D8	move.w	(0x10d8,A5), D0w	FUN_000406a4	DATA:000010d8
0x0406A8	0C420002	cmpi.w	#0x2, D2w	FUN_000406a4	
0x0406AC	670A	beq.b	0x000406b8	FUN_000406a4	CONDITIONAL_JUMP:000406b8
0x0406AE	4440	neg.w	D0w	FUN_000406a4	
0x0406B0	0C420003	cmpi.w	#0x3, D2w	FUN_000406a4	
0x0406B4	6702	beq.b	0x000406b8	FUN_000406a4	CONDITIONAL_JUMP:000406b8
0x0406B6	4240	clr.w	D0w	FUN_000406a4	
0x0406B8	322D10DA	move.w	(0x10da,A5), D1w	FUN_000406a4	DATA:000010da
0x0406BC	0C420000	cmpi.w	#0x0, D2w	FUN_000406a4	
0x0406C0	670A	beq.b	0x000406cc	FUN_000406a4	CONDITIONAL_JUMP:000406cc
0x0406C2	4441	neg.w	D1w	FUN_000406a4	
0x0406C4	0C420001	cmpi.w	#0x1, D2w	FUN_000406a4	
0x0406C8	6702	beq.b	0x000406cc	FUN_000406a4	CONDITIONAL_JUMP:000406cc
0x0406CA	4241	clr.w	D1w	FUN_000406a4	
0x0406CC	49ED02C8	lea	(0x2c8,A5), A4	FUN_000406a4	
0x0406D0	426D0214	clr.w	(0x214,A5)	FUN_000406a4	
0x0406D4	4A2C0000	tst.b	(0x0,A4)	FUN_000406a4	
0x0406D8	6720	beq.b	0x000406fa	FUN_000406a4	CONDITIONAL_JUMP:000406fa
0x0406DA	4A2C0005	tst.b	(0x5,A4)	FUN_000406a4	
0x0406DE	671A	beq.b	0x000406fa	FUN_000406a4	CONDITIONAL_JUMP:000406fa
0x0406E0	D16C0016	add.w	D0w, (0x16,A4)	FUN_000406a4	
0x0406E4	D36C001A	add.w	D1w, (0x1a,A4)	FUN_000406a4	
0x0406E8	4A2C0003	tst.b	(0x3,A4)	FUN_000406a4	
0x0406EC	670C	beq.b	0x000406fa	FUN_000406a4	CONDITIONAL_JUMP:000406fa
0x0406EE	D16C0034	add.w	D0w, (0x34,A4)	FUN_000406a4	
0x0406F2	D16C0742	add.w	D0w, (0x742,A4)	FUN_000406a4	DATA:00000a0a;DATA:00000a4a
0x0406F6	D36C0744	add.w	D1w, (0x744,A4)	FUN_000406a4	DATA:00000a0c;DATA:00000a4c
0x0406FA	D9FC00000040	adda.l	#0x40, A4	FUN_000406a4	
0x040700	526D0214	addq.w	0x1, (0x214,A5)	FUN_000406a4	
0x040704	0C6D00090214	cmpi.w	#0x9, (0x214,A5)	FUN_000406a4	
0x04070A	66C8	bne.b	0x000406d4	FUN_000406a4	CONDITIONAL_JUMP:000406d4
0x04070C	49ED0508	lea	(0x508,A5), A4	FUN_000406a4	
0x040710	426D0214	clr.w	(0x214,A5)	FUN_000406a4	
0x040714	4A2C0000	tst.b	(0x0,A4)	FUN_000406a4	
0x040718	672A	beq.b	0x00040744	FUN_000406a4	CONDITIONAL_JUMP:00040744
0x04071A	0C2C00030005	cmpi.b	#0x3, (0x5,A4)	FUN_000406a4	
0x040720	6722	beq.b	0x00040744	FUN_000406a4	CONDITIONAL_JUMP:00040744
0x040722	4A2C0024	tst.b	(0x24,A4)	FUN_000406a4	
0x040726	661C	bne.b	0x00040744	FUN_000406a4	CONDITIONAL_JUMP:00040744
0x040728	D16C0034	add.w	D0w, (0x34,A4)	FUN_000406a4	DATA:0000057c
0x04072C	D16C0016	add.w	D0w, (0x16,A4)	FUN_000406a4	
0x040730	D36C001A	add.w	D1w, (0x1a,A4)	FUN_000406a4	
0x040734	082C00070027	btst.b	#0x7, (0x27,A4)	FUN_000406a4	
0x04073A	6708	beq.b	0x00040744	FUN_000406a4	CONDITIONAL_JUMP:00040744
0x04073C	D16C0032	add.w	D0w, (0x32,A4)	FUN_000406a4	
0x040740	D36C0030	add.w	D1w, (0x30,A4)	FUN_000406a4	
0x040744	D9FC00000040	adda.l	#0x40, A4	FUN_000406a4	
0x04074A	526D0214	addq.w	0x1, (0x214,A5)	FUN_000406a4	
0x04074E	0C6D00090214	cmpi.w	#0x9, (0x214,A5)	FUN_000406a4	
0x040754	66BE	bne.b	0x00040714	FUN_000406a4	CONDITIONAL_JUMP:00040714
0x040756	49ED0748	lea	(0x748,A5), A4	FUN_000406a4	
0x04075A	426D0214	clr.w	(0x214,A5)	FUN_000406a4	
0x04075E	4A2C0000	tst.b	(0x0,A4)	FUN_000406a4	DATA:00000748;DATA:00000788
0x040762	6728	beq.b	0x0004078c	FUN_000406a4	CONDITIONAL_JUMP:0004078c
0x040764	4A2C0005	tst.b	(0x5,A4)	FUN_000406a4	DATA:0000074d;DATA:0000078d
0x040768	6722	beq.b	0x0004078c	FUN_000406a4	CONDITIONAL_JUMP:0004078c
0x04076A	4A2C0024	tst.b	(0x24,A4)	FUN_000406a4	DATA:0000076c;DATA:000007ac
0x04076E	661C	bne.b	0x0004078c	FUN_000406a4	CONDITIONAL_JUMP:0004078c
0x040770	D16C0034	add.w	D0w, (0x34,A4)	FUN_000406a4	DATA:0000077c;DATA:000007bc
0x040774	D16C0016	add.w	D0w, (0x16,A4)	FUN_000406a4	DATA:0000075e;DATA:0000079e
0x040778	D36C001A	add.w	D1w, (0x1a,A4)	FUN_000406a4	DATA:00000762;DATA:000007a2
0x04077C	082C00070027	btst.b	#0x7, (0x27,A4)	FUN_000406a4	DATA:0000076f;DATA:000007af
0x040782	6708	beq.b	0x0004078c	FUN_000406a4	CONDITIONAL_JUMP:0004078c
0x040784	D16C0032	add.w	D0w, (0x32,A4)	FUN_000406a4	DATA:0000077a;DATA:000007ba
0x040788	D36C0030	add.w	D1w, (0x30,A4)	FUN_000406a4	DATA:00000778;DATA:000007b8
0x04078C	D9FC00000040	adda.l	#0x40, A4	FUN_000406a4	
0x040792	526D0214	addq.w	0x1, (0x214,A5)	FUN_000406a4	
0x040796	0C6D000B0214	cmpi.w	#0xb, (0x214,A5)	FUN_000406a4	
0x04079C	66C0	bne.b	0x0004075e	FUN_000406a4	CONDITIONAL_JUMP:0004075e
0x04079E	4440	neg.w	D0w	FUN_000406a4	
0x0407A0	D16D024E	add.w	D0w, (0x24e,A5)	FUN_000406a4	
0x0407A4	4E75	rts		FUN_000406a4	
0x04092E	204C	movea.l	A4, A0	FUN_0004092e	
0x040930	224C	movea.l	A4, A1	FUN_0004092e	
0x040932	5489	addq.l	0x2, A1	FUN_0004092e	
0x040934	4250	clr.w	(A0)	FUN_0004092e	
0x040936	701F	moveq	0x1f, D0	FUN_0004092e	
0x040938	4EB90003A2D0	jsr	0x0003a2d0.l	FUN_0004092e	UNCONDITIONAL_CALL:0003a2d0
0x04093E	323C0702	move.w	#0x702, D1w	FUN_0004092e	
0x040942	B1FC0010C508	cmpa.l	#0x10c508, A0	FUN_0004092e	
0x040948	6510	bcs.b	0x0004095a	FUN_0004092e	CONDITIONAL_JUMP:0004095a
0x04094A	323C04E2	move.w	#0x4e2, D1w	FUN_0004092e	
0x04094E	B1FC0010C748	cmpa.l	#0x10c748, A0	FUN_0004092e	
0x040954	6504	bcs.b	0x0004095a	FUN_0004092e	CONDITIONAL_JUMP:0004095a
0x040956	323C04E2	move.w	#0x4e2, D1w	FUN_0004092e	
0x04095A	D0C1	adda.w	D1w, A0	FUN_0004092e	
0x04095C	2248	movea.l	A0, A1	FUN_0004092e	
0x04095E	5489	addq.l	0x2, A1	FUN_0004092e	
0x040960	4250	clr.w	(A0)	FUN_0004092e	DATA:000004e2;DATA:00000702
0x040962	700F	moveq	0xf, D0	FUN_0004092e	
0x040964	4EB90003A2D0	jsr	0x0003a2d0.l	FUN_0004092e	UNCONDITIONAL_CALL:0003a2d0
0x04096A	4E75	rts		FUN_0004092e	
0x040A06	61000058	bsr.w	0x00040a60	FUN_00040a06	UNCONDITIONAL_CALL:00040a60
0x040A0A	0C0200FF	cmpi.b	#-0x1, D2b	FUN_00040a06	
0x040A0E	670C	beq.b	0x00040a1c	FUN_00040a06	CONDITIONAL_JUMP:00040a1c
0x040A10	610000D4	bsr.w	0x00040ae6	FUN_00040a06	UNCONDITIONAL_CALL:00040ae6
0x040A14	61000100	bsr.w	0x00040b16	FUN_00040a06	UNCONDITIONAL_CALL:00040b16
0x040A18	19420005	move.b	D2b, (0x5,A4)	FUN_00040a06	
0x040A1C	4E75	rts		FUN_00040a06	
0x040A1E	1B6C0026022B	move.b	(0x26,A4), (0x22b,A5)	FUN_00040a1e	
0x040A24	1B6C003802B7	move.b	(0x38,A4), (0x2b7,A5)	FUN_00040a1e	
0x040A2A	1B6C07530C5F	move.b	(0x753,A4), (0xc5f,A5)	FUN_00040a1e	DATA:00000753;DATA:00000c5f
0x040A30	6100FEFC	bsr.w	0x0004092e	FUN_00040a1e	UNCONDITIONAL_CALL:0004092e
0x040A34	196D022B0026	move.b	(0x22b,A5), (0x26,A4)	FUN_00040a1e	
0x040A3A	196D02B70038	move.b	(0x2b7,A5), (0x38,A4)	FUN_00040a1e	
0x040A40	196D0C5F0753	move.b	(0xc5f,A5), (0x753,A4)	FUN_00040a1e	DATA:00000c5f;DATA:00000753
0x040A46	4EB90004A0D8	jsr	0x0004a0d8.l	FUN_00040a1e	UNCONDITIONAL_CALL:0004a0d8
0x040A4C	302D0200	move.w	(0x200,A5), D0w	FUN_00040a1e	
0x040A50	D06D0214	add.w	(0x214,A5), D0w	FUN_00040a1e	
0x040A54	19400021	move.b	D0b, (0x21,A4)	FUN_00040a1e	
0x040A58	396C0034001C	move.w	(0x34,A4), (0x1c,A4)	FUN_00040a1e	
0x040A5E	4E75	rts		FUN_00040a1e	
0x040A60	41FA0024	lea	(0x24,PC), A0	FUN_00040a60	DATA:00040a86
0x040A64	122C0005	move.b	(0x5,A4), D1b	FUN_00040a60	
0x040A68	B210	cmp.b	(A0), D1b	FUN_00040a60	READ:00040a86;READ:00040a8a
0x040A6A	660C	bne.b	0x00040a78	FUN_00040a60	CONDITIONAL_JUMP:00040a78
0x040A6C	B0280001	cmp.b	(0x1,A0), D0b	FUN_00040a60	READ:00040a87;READ:00040a8b
0x040A70	6606	bne.b	0x00040a78	FUN_00040a60	CONDITIONAL_JUMP:00040a78
0x040A72	14280002	move.b	(0x2,A0), D2b	FUN_00040a60	READ:00040a88;READ:00040a8c
0x040A76	4E75	rts		FUN_00040a60	
0x040A78	74FF	moveq	-0x1, D2	FUN_00040a60	
0x040A7A	0C2800FF0003	cmpi.b	#-0x1, (0x3,A0)	FUN_00040a60	READ:00040a89;READ:00040a8d
0x040A80	67F4	beq.b	0x00040a76	FUN_00040a60	CONDITIONAL_JUMP:00040a76
0x040A82	5888	addq.l	0x4, A0	FUN_00040a60	
0x040A84	60E2	bra.b	0x00040a68	FUN_00040a60	UNCONDITIONAL_JUMP:00040a68
0x040AE6	0C2C0002003E	cmpi.b	#0x2, (0x3e,A4)	FUN_00040ae6	
0x040AEC	670C	beq.b	0x00040afa	FUN_00040ae6	CONDITIONAL_JUMP:00040afa
0x040AEE	0C02000D	cmpi.b	#0xd, D2b	FUN_00040ae6	
0x040AF2	6708	beq.b	0x00040afc	FUN_00040ae6	CONDITIONAL_JUMP:00040afc
0x040AF4	0C02000E	cmpi.b	#0xe, D2b	FUN_00040ae6	
0x040AF8	6702	beq.b	0x00040afc	FUN_00040ae6	CONDITIONAL_JUMP:00040afc
0x040AFA	4E75	rts		FUN_00040ae6	
0x040AFC	0C2C00010005	cmpi.b	#0x1, (0x5,A4)	FUN_00040ae6	
0x040B02	670A	beq.b	0x00040b0e	FUN_00040ae6	CONDITIONAL_JUMP:00040b0e
0x040B04	0C2C00020005	cmpi.b	#0x2, (0x5,A4)	FUN_00040ae6	
0x040B0A	6706	beq.b	0x00040b12	FUN_00040ae6	CONDITIONAL_JUMP:00040b12
0x040B0C	4E75	rts		FUN_00040ae6	
0x040B0E	7402	moveq	0x2, D2	FUN_00040ae6	
0x040B10	4E75	rts		FUN_00040ae6	
0x040B12	7401	moveq	0x1, D2	FUN_00040ae6	
0x040B14	4E75	rts		FUN_00040ae6	
0x040B16	0C020003	cmpi.b	#0x3, D2b	FUN_00040b16	
0x040B1A	6506	bcs.b	0x00040b22	FUN_00040b16	CONDITIONAL_JUMP:00040b22
0x040B1C	0C02000D	cmpi.b	#0xd, D2b	FUN_00040b16	
0x040B20	6502	bcs.b	0x00040b24	FUN_00040b16	CONDITIONAL_JUMP:00040b24
0x040B22	4E75	rts		FUN_00040b16	
0x040B24	4A2C0755	tst.b	(0x755,A4)	FUN_00040b16	DATA:00000755
0x040B28	67F8	beq.b	0x00040b22	FUN_00040b16	CONDITIONAL_JUMP:00040b22
0x040B2A	60D0	bra.b	0x00040afc	FUN_00040b16	UNCONDITIONAL_JUMP:00040afc
0x040BAA	4240	clr.w	D0w	FUN_00040baa	
0x040BAC	102C0005	move.b	(0x5,A4), D0b	FUN_00040baa	
0x040BB0	D040	add.w	D0w, D0w	FUN_00040baa	
0x040BB2	41FA000E	lea	(0xe,PC), A0	FUN_00040baa	DATA:00040bc2
0x040BB6	D0C0	adda.w	D0w, A0	FUN_00040baa	
0x040BB8	3010	move.w	(A0), D0w	FUN_00040baa	DATA:00040bc2
0x040BBA	41FA0006	lea	(0x6,PC), A0	FUN_00040baa	DATA:00040bc2
0x040BBE	D0C0	adda.w	D0w, A0	FUN_00040baa	
0x040BC0	4ED0	jmp	(A0)	FUN_00040baa	
0x041048	0003197C	ori.b	#0x7c, D3b		
0x04104C	00010004	ori.b	#0x4, D1b		
0x041050	397C0001001C	move.w	#0x1, (0x1c,A4)		
0x041056	197C00010020	move.b	#0x1, (0x20,A4)		
0x04105C	397C0180001A	move.w	#0x180, (0x1a,A4)		
0x041062	4E75	rts			
0x041064	4A2C0003	tst.b	(0x3,A4)	actor_surface_marker_find_41064	
0x041068	67000064	beq.w	0x000410ce	actor_surface_marker_find_41064	CONDITIONAL_JUMP:000410ce
0x04106C	4A2C0030	tst.b	(0x30,A4)	actor_surface_marker_find_41064	
0x041070	6700005C	beq.w	0x000410ce	actor_surface_marker_find_41064	CONDITIONAL_JUMP:000410ce
0x041074	426D0224	clr.w	(0x224,A5)	actor_surface_marker_find_41064	
0x041078	3B7C00000216	move.w	#0x0, (0x216,A5)	actor_surface_marker_find_41064	
0x04107E	7008	moveq	0x8, D0	actor_surface_marker_find_41064	
0x041080	0C2C00020030	cmpi.b	#0x2, (0x30,A4)	actor_surface_marker_find_41064	
0x041086	6604	bne.b	0x0004108c	actor_surface_marker_find_41064	CONDITIONAL_JUMP:0004108c
0x041088	303C0100	move.w	#0x100, D0w	actor_surface_marker_find_41064	
0x04108C	3B400218	move.w	D0w, (0x218,A5)	actor_surface_marker_find_41064	
0x041090	3B7C0010021A	move.w	#0x10, (0x21a,A5)	actor_surface_marker_find_41064	
0x041096	322D0216	move.w	(0x216,A5), D1w	actor_surface_marker_find_41064	
0x04109A	342D0218	move.w	(0x218,A5), D2w	actor_surface_marker_find_41064	
0x04109E	4EB900053A2E	jsr	0x00053a2e.l	actor_surface_marker_find_41064	UNCONDITIONAL_CALL:00053a2e
0x0410A4	2E08	move.l	A0, D7	actor_surface_marker_find_41064	
0x0410A6	00870000007F	ori.l	#0x7f, D7	actor_surface_marker_find_41064	
0x0410AC	1C2C000D	move.b	(0xd,A4), D6b	actor_surface_marker_find_41064	
0x0410B0	3010	move.w	(A0), D0w	actor_surface_marker_find_41064	
0x0410B2	E048	lsr.w	#0x8, D0w	actor_surface_marker_find_41064	
0x0410B4	B006	cmp.b	D6b, D0b	actor_surface_marker_find_41064	
0x0410B6	671A	beq.b	0x000410d2	actor_surface_marker_find_41064	CONDITIONAL_JUMP:000410d2
0x0410B8	066D00200216	addi.w	#0x20, (0x216,A5)	actor_surface_marker_find_41064	
0x0410BE	5088	addq.l	0x8, A0	actor_surface_marker_find_41064	
0x0410C0	B1C7	cmpa.l	D7, A0	actor_surface_marker_find_41064	
0x0410C2	6504	bcs.b	0x000410c8	actor_surface_marker_find_41064	CONDITIONAL_JUMP:000410c8
0x0410C4	90FC0080	suba.w	#0x80, A0	actor_surface_marker_find_41064	
0x0410C8	536D021A	subq.w	0x1, (0x21a,A5)	actor_surface_marker_find_41064	
0x0410CC	66E2	bne.b	0x000410b0	actor_surface_marker_find_41064	CONDITIONAL_JUMP:000410b0
0x0410CE	4241	clr.w	D1w	actor_surface_marker_find_41064	
0x0410D0	4E75	rts		actor_surface_marker_find_41064	
0x0410D2	322D0224	move.w	(0x224,A5), D1w	actor_surface_marker_find_41064	
0x0410D6	B22C002F	cmp.b	(0x2f,A4), D1b	actor_surface_marker_find_41064	
0x0410DA	6706	beq.b	0x000410e2	actor_surface_marker_find_41064	CONDITIONAL_JUMP:000410e2
0x0410DC	526D0224	addq.w	0x1, (0x224,A5)	actor_surface_marker_find_41064	
0x0410E0	60D6	bra.b	0x000410b8	actor_surface_marker_find_41064	UNCONDITIONAL_JUMP:000410b8
0x0410E2	3B400222	move.w	D0w, (0x222,A5)	actor_surface_marker_find_41064	
0x0410E6	2B480226	move.l	A0, (0x226,A5)	actor_surface_marker_find_41064	
0x0410EA	322D0216	move.w	(0x216,A5), D1w	actor_surface_marker_find_41064	
0x0410EE	5041	addq.w	0x8, D1w	actor_surface_marker_find_41064	
0x0410F0	342D0218	move.w	(0x218,A5), D2w	actor_surface_marker_find_41064	
0x0410F4	4EB900053A2E	jsr	0x00053a2e.l	actor_surface_marker_find_41064	UNCONDITIONAL_CALL:00053a2e
0x0410FA	3010	move.w	(A0), D0w	actor_surface_marker_find_41064	
0x0410FC	E048	lsr.w	#0x8, D0w	actor_surface_marker_find_41064	
0x0410FE	B06D0222	cmp.w	(0x222,A5), D0w	actor_surface_marker_find_41064	
0x041102	660A	bne.b	0x0004110e	actor_surface_marker_find_41064	CONDITIONAL_JUMP:0004110e
0x041104	2B480226	move.l	A0, (0x226,A5)	actor_surface_marker_find_41064	
0x041108	506D0216	addq.w	0x8, (0x216,A5)	actor_surface_marker_find_41064	
0x04110C	60DC	bra.b	0x000410ea	actor_surface_marker_find_41064	UNCONDITIONAL_JUMP:000410ea
0x04110E	302D0216	move.w	(0x216,A5), D0w	actor_surface_marker_find_41064	
0x041112	322D10AE	move.w	(0x10ae,A5), D1w	actor_surface_marker_find_41064	DATA:000010ae
0x041116	02410007	andi.w	#0x7, D1w	actor_surface_marker_find_41064	
0x04111A	4A41	tst.w	D1w	actor_surface_marker_find_41064	
0x04111C	6708	beq.b	0x00041126	actor_surface_marker_find_41064	CONDITIONAL_JUMP:00041126
0x04111E	5140	subq.w	0x8, D0w	actor_surface_marker_find_41064	
0x041120	D041	add.w	D1w, D0w	actor_surface_marker_find_41064	
0x041122	3B400216	move.w	D0w, (0x216,A5)	actor_surface_marker_find_41064	
0x041126	302D0218	move.w	(0x218,A5), D0w	actor_surface_marker_find_41064	
0x04112A	322D10B0	move.w	(0x10b0,A5), D1w	actor_surface_marker_find_41064	DATA:000010b0
0x04112E	02410007	andi.w	#0x7, D1w	actor_surface_marker_find_41064	
0x041132	4A41	tst.w	D1w	actor_surface_marker_find_41064	
0x041134	6708	beq.b	0x0004113e	actor_surface_marker_find_41064	CONDITIONAL_JUMP:0004113e
0x041136	5140	subq.w	0x8, D0w	actor_surface_marker_find_41064	
0x041138	D041	add.w	D1w, D0w	actor_surface_marker_find_41064	
0x04113A	3B400218	move.w	D0w, (0x218,A5)	actor_surface_marker_find_41064	
0x04113E	206D0226	movea.l	(0x226,A5), A0	actor_surface_marker_find_41064	
0x041142	302D0222	move.w	(0x222,A5), D0w	actor_surface_marker_find_41064	
0x041146	7201	moveq	0x1, D1	actor_surface_marker_find_41064	
0x041148	4E75	rts		actor_surface_marker_find_41064	
0x04114A	302D10B8	move.w	(0x10b8,A5), D0w	actor_spawn_x_bound_select_4114a	DATA:000010b8
0x04114E	0C400006	cmpi.w	#0x6, D0w	actor_spawn_x_bound_select_4114a	
0x041152	6518	bcs.b	0x0004116c	actor_spawn_x_bound_select_4114a	CONDITIONAL_JUMP:0004116c
0x041154	0C4000A0	cmpi.w	#0xa0, D0w	actor_spawn_x_bound_select_4114a	
0x041158	6412	bcc.b	0x0004116c	actor_spawn_x_bound_select_4114a	CONDITIONAL_JUMP:0004116c
0x04115A	323C01F0	move.w	#0x1f0, D1w	actor_spawn_x_bound_select_4114a	
0x04115E	082C00000004	btst.b	#0x0, (0x4,A4)	actor_spawn_x_bound_select_4114a	
0x041164	6704	beq.b	0x0004116a	actor_spawn_x_bound_select_4114a	CONDITIONAL_JUMP:0004116a
0x041166	323C0148	move.w	#0x148, D1w	actor_spawn_x_bound_select_4114a	
0x04116A	4E75	rts		actor_spawn_x_bound_select_4114a	
0x04116C	323C01F8	move.w	#0x1f8, D1w	actor_spawn_x_bound_select_4114a	
0x041170	082C00000004	btst.b	#0x0, (0x4,A4)	actor_spawn_x_bound_select_4114a	
0x041176	67F2	beq.b	0x0004116a	actor_spawn_x_bound_select_4114a	CONDITIONAL_JUMP:0004116a
0x041178	323C0140	move.w	#0x140, D1w	actor_spawn_x_bound_select_4114a	
0x04117C	4E75	rts		actor_spawn_x_bound_select_4114a	
0x04117E	4E75	rts			
0x041180	536C001C	subq.w	0x1, (0x1c,A4)	actor_spawn_ground_and_activate_41180	
0x041184	66F8	bne.b	0x0004117e	actor_spawn_ground_and_activate_41180	CONDITIONAL_JUMP:0004117e
0x041186	397C0002001C	move.w	#0x2, (0x1c,A4)	actor_spawn_ground_and_activate_41180	
0x04118C	6100FED6	bsr.w	0x00041064	actor_spawn_ground_and_activate_41180	UNCONDITIONAL_CALL:00041064
0x041190	4A41	tst.w	D1w	actor_spawn_ground_and_activate_41180	
0x041192	660001CE	bne.w	0x00041362	actor_spawn_ground_and_activate_41180	CONDITIONAL_JUMP:00041362
0x041196	4A2C0030	tst.b	(0x30,A4)	actor_spawn_ground_and_activate_41180	
0x04119A	66E2	bne.b	0x0004117e	actor_spawn_ground_and_activate_41180	CONDITIONAL_JUMP:0004117e
0x04119C	61AC	bsr.b	0x0004114a	actor_spawn_ground_and_activate_41180	UNCONDITIONAL_CALL:0004114a
0x04119E	4A2C0003	tst.b	(0x3,A4)	actor_spawn_ground_and_activate_41180	
0x0411A2	6610	bne.b	0x000411b4	actor_spawn_ground_and_activate_41180	CONDITIONAL_JUMP:000411b4
0x0411A4	0C6D0085013E	cmpi.w	#0x85, (0x13e,A5)	actor_spawn_ground_and_activate_41180	
0x0411AA	6608	bne.b	0x000411b4	actor_spawn_ground_and_activate_41180	CONDITIONAL_JUMP:000411b4
0x0411AC	0C6D000110CC	cmpi.w	#0x1, (0x10cc,A5)	actor_spawn_ground_and_activate_41180	DATA:000010cc
0x0411B2	64CA	bcc.b	0x0004117e	actor_spawn_ground_and_activate_41180	CONDITIONAL_JUMP:0004117e
0x0411B4	0C6D006E013E	cmpi.w	#0x6e, (0x13e,A5)	actor_spawn_ground_and_activate_41180	
0x0411BA	6608	bne.b	0x000411c4	actor_spawn_ground_and_activate_41180	CONDITIONAL_JUMP:000411c4
0x0411BC	0C6D000D10CC	cmpi.w	#0xd, (0x10cc,A5)	actor_spawn_ground_and_activate_41180	DATA:000010cc
0x0411C2	64BA	bcc.b	0x0004117e	actor_spawn_ground_and_activate_41180	CONDITIONAL_JUMP:0004117e
0x0411C4	302D10AE	move.w	(0x10ae,A5), D0w	actor_spawn_ground_and_activate_41180	DATA:000010ae
0x0411C8	02400007	andi.w	#0x7, D0w	actor_spawn_ground_and_activate_41180	
0x0411CC	D240	add.w	D0w, D1w	actor_spawn_ground_and_activate_41180	
0x0411CE	3B410216	move.w	D1w, (0x216,A5)	actor_spawn_ground_and_activate_41180	
0x0411D2	426D0218	clr.w	(0x218,A5)	actor_spawn_ground_and_activate_41180	
0x0411D6	4A2C0003	tst.b	(0x3,A4)	actor_spawn_ground_and_activate_41180	
0x0411DA	660E	bne.b	0x000411ea	actor_spawn_ground_and_activate_41180	CONDITIONAL_JUMP:000411ea
0x0411DC	0C6D00B010C0	cmpi.w	#0xb0, (0x10c0,A5)	actor_spawn_ground_and_activate_41180	DATA:000010c0
0x0411E2	6506	bcs.b	0x000411ea	actor_spawn_ground_and_activate_41180	CONDITIONAL_JUMP:000411ea
0x0411E4	3B7C03000218	move.w	#0x300, (0x218,A5)	actor_spawn_ground_and_activate_41180	
0x0411EA	7226	moveq	0x26, D1	actor_spawn_ground_and_activate_41180	
0x0411EC	4A2C0003	tst.b	(0x3,A4)	actor_spawn_ground_and_activate_41180	
0x0411F0	67000088	beq.w	0x0004127a	actor_spawn_ground_and_activate_41180	CONDITIONAL_JUMP:0004127a
0x0411F4	342D013E	move.w	(0x13e,A5), D2w	actor_spawn_ground_and_activate_41180	
0x0411F8	0C420031	cmpi.w	#0x31, D2w	actor_spawn_ground_and_activate_41180	
0x0411FC	677A	beq.b	0x00041278	actor_spawn_ground_and_activate_41180	CONDITIONAL_JUMP:00041278
0x0411FE	0C42003F	cmpi.w	#0x3f, D2w	actor_spawn_ground_and_activate_41180	
0x041202	6774	beq.b	0x00041278	actor_spawn_ground_and_activate_41180	CONDITIONAL_JUMP:00041278
0x041204	0C420047	cmpi.w	#0x47, D2w	actor_spawn_ground_and_activate_41180	
0x041208	676E	beq.b	0x00041278	actor_spawn_ground_and_activate_41180	CONDITIONAL_JUMP:00041278
0x04120A	0C420053	cmpi.w	#0x53, D2w	actor_spawn_ground_and_activate_41180	
0x04120E	6768	beq.b	0x00041278	actor_spawn_ground_and_activate_41180	CONDITIONAL_JUMP:00041278
0x041210	0C420054	cmpi.w	#0x54, D2w	actor_spawn_ground_and_activate_41180	
0x041214	6762	beq.b	0x00041278	actor_spawn_ground_and_activate_41180	CONDITIONAL_JUMP:00041278
0x041216	0C420058	cmpi.w	#0x58, D2w	actor_spawn_ground_and_activate_41180	
0x04121A	675C	beq.b	0x00041278	actor_spawn_ground_and_activate_41180	CONDITIONAL_JUMP:00041278
0x04121C	0C420059	cmpi.w	#0x59, D2w	actor_spawn_ground_and_activate_41180	
0x041220	6756	beq.b	0x00041278	actor_spawn_ground_and_activate_41180	CONDITIONAL_JUMP:00041278
0x041222	0C420061	cmpi.w	#0x61, D2w	actor_spawn_ground_and_activate_41180	
0x041226	6750	beq.b	0x00041278	actor_spawn_ground_and_activate_41180	CONDITIONAL_JUMP:00041278
0x041228	0C420066	cmpi.w	#0x66, D2w	actor_spawn_ground_and_activate_41180	
0x04122C	674A	beq.b	0x00041278	actor_spawn_ground_and_activate_41180	CONDITIONAL_JUMP:00041278
0x04122E	0C420067	cmpi.w	#0x67, D2w	actor_spawn_ground_and_activate_41180	
0x041232	6744	beq.b	0x00041278	actor_spawn_ground_and_activate_41180	CONDITIONAL_JUMP:00041278
0x041234	0C420069	cmpi.w	#0x69, D2w	actor_spawn_ground_and_activate_41180	
0x041238	673E	beq.b	0x00041278	actor_spawn_ground_and_activate_41180	CONDITIONAL_JUMP:00041278
0x04123A	0C42006A	cmpi.w	#0x6a, D2w	actor_spawn_ground_and_activate_41180	
0x04123E	6738	beq.b	0x00041278	actor_spawn_ground_and_activate_41180	CONDITIONAL_JUMP:00041278
0x041240	0C420078	cmpi.w	#0x78, D2w	actor_spawn_ground_and_activate_41180	
0x041244	6732	beq.b	0x00041278	actor_spawn_ground_and_activate_41180	CONDITIONAL_JUMP:00041278
0x041246	0C42007B	cmpi.w	#0x7b, D2w	actor_spawn_ground_and_activate_41180	
0x04124A	672C	beq.b	0x00041278	actor_spawn_ground_and_activate_41180	CONDITIONAL_JUMP:00041278
0x04124C	0C420080	cmpi.w	#0x80, D2w	actor_spawn_ground_and_activate_41180	
0x041250	6726	beq.b	0x00041278	actor_spawn_ground_and_activate_41180	CONDITIONAL_JUMP:00041278
0x041252	0C420084	cmpi.w	#0x84, D2w	actor_spawn_ground_and_activate_41180	
0x041256	6720	beq.b	0x00041278	actor_spawn_ground_and_activate_41180	CONDITIONAL_JUMP:00041278
0x041258	0C420087	cmpi.w	#0x87, D2w	actor_spawn_ground_and_activate_41180	
0x04125C	671A	beq.b	0x00041278	actor_spawn_ground_and_activate_41180	CONDITIONAL_JUMP:00041278
0x04125E	0C420029	cmpi.w	#0x29, D2w	actor_spawn_ground_and_activate_41180	
0x041262	6516	bcs.b	0x0004127a	actor_spawn_ground_and_activate_41180	CONDITIONAL_JUMP:0004127a
0x041264	0C42002C	cmpi.w	#0x2c, D2w	actor_spawn_ground_and_activate_41180	
0x041268	650E	bcs.b	0x00041278	actor_spawn_ground_and_activate_41180	CONDITIONAL_JUMP:00041278
0x04126A	0C420035	cmpi.w	#0x35, D2w	actor_spawn_ground_and_activate_41180	
0x04126E	650A	bcs.b	0x0004127a	actor_spawn_ground_and_activate_41180	CONDITIONAL_JUMP:0004127a
0x041270	0C420039	cmpi.w	#0x39, D2w	actor_spawn_ground_and_activate_41180	
0x041274	6502	bcs.b	0x00041278	actor_spawn_ground_and_activate_41180	CONDITIONAL_JUMP:00041278
0x041276	6002	bra.b	0x0004127a	actor_spawn_ground_and_activate_41180	UNCONDITIONAL_JUMP:0004127a
0x041278	7240	moveq	0x40, D1	actor_spawn_ground_and_activate_41180	
0x04127A	3B41021A	move.w	D1w, (0x21a,A5)	actor_spawn_ground_and_activate_41180	
0x04127E	322D0216	move.w	(0x216,A5), D1w	actor_spawn_ground_and_activate_41180	
0x041282	342D0218	move.w	(0x218,A5), D2w	actor_spawn_ground_and_activate_41180	
0x041286	024201FF	andi.w	#0x1ff, D2w	actor_spawn_ground_and_activate_41180	
0x04128A	4EB900053A2E	jsr	0x00053a2e.l	actor_spawn_ground_and_activate_41180	UNCONDITIONAL_CALL:00053a2e
0x041290	1C2C000D	move.b	(0xd,A4), D6b	actor_spawn_ground_and_activate_41180	
0x041294	3010	move.w	(A0), D0w	actor_spawn_ground_and_activate_41180	
0x041296	E048	lsr.w	#0x8, D0w	actor_spawn_ground_and_activate_41180	
0x041298	0C000034	cmpi.b	#0x34, D0b	actor_spawn_ground_and_activate_41180	
0x04129C	6718	beq.b	0x000412b6	actor_spawn_ground_and_activate_41180	CONDITIONAL_JUMP:000412b6
0x04129E	0C000031	cmpi.b	#0x31, D0b	actor_spawn_ground_and_activate_41180	
0x0412A2	6512	bcs.b	0x000412b6	actor_spawn_ground_and_activate_41180	CONDITIONAL_JUMP:000412b6
0x0412A4	4A2C0003	tst.b	(0x3,A4)	actor_spawn_ground_and_activate_41180	
0x0412A8	6706	beq.b	0x000412b0	actor_spawn_ground_and_activate_41180	CONDITIONAL_JUMP:000412b0
0x0412AA	B006	cmp.b	D6b, D0b	actor_spawn_ground_and_activate_41180	
0x0412AC	674E	beq.b	0x000412fc	actor_spawn_ground_and_activate_41180	CONDITIONAL_JUMP:000412fc
0x0412AE	6006	bra.b	0x000412b6	actor_spawn_ground_and_activate_41180	UNCONDITIONAL_JUMP:000412b6
0x0412B0	0C00003D	cmpi.b	#0x3d, D0b	actor_spawn_ground_and_activate_41180	
0x0412B4	6546	bcs.b	0x000412fc	actor_spawn_ground_and_activate_41180	CONDITIONAL_JUMP:000412fc
0x0412B6	4A2C0003	tst.b	(0x3,A4)	actor_spawn_ground_and_activate_41180	
0x0412BA	6608	bne.b	0x000412c4	actor_spawn_ground_and_activate_41180	CONDITIONAL_JUMP:000412c4
0x0412BC	0C6D00B010C0	cmpi.w	#0xb0, (0x10c0,A5)	actor_spawn_ground_and_activate_41180	DATA:000010c0
0x0412C2	641C	bcc.b	0x000412e0	actor_spawn_ground_and_activate_41180	CONDITIONAL_JUMP:000412e0
0x0412C4	506D0218	addq.w	0x8, (0x218,A5)	actor_spawn_ground_and_activate_41180	
0x0412C8	D0FC0080	adda.w	#0x80, A0	actor_spawn_ground_and_activate_41180	
0x0412CC	B1FC0010FE00	cmpa.l	#0x10fe00, A0	actor_spawn_ground_and_activate_41180	
0x0412D2	6504	bcs.b	0x000412d8	actor_spawn_ground_and_activate_41180	CONDITIONAL_JUMP:000412d8
0x0412D4	90FC2000	suba.w	#0x2000, A0	actor_spawn_ground_and_activate_41180	
0x0412D8	536D021A	subq.w	0x1, (0x21a,A5)	actor_spawn_ground_and_activate_41180	
0x0412DC	66B6	bne.b	0x00041294	actor_spawn_ground_and_activate_41180	CONDITIONAL_JUMP:00041294
0x0412DE	4E75	rts		actor_spawn_ground_and_activate_41180	
0x0412E0	516D0218	subq.w	0x8, (0x218,A5)	actor_spawn_ground_and_activate_41180	
0x0412E4	90FC0080	suba.w	#0x80, A0	actor_spawn_ground_and_activate_41180	
0x0412E8	B1FC0010DE00	cmpa.l	#0x10de00, A0	actor_spawn_ground_and_activate_41180	
0x0412EE	6404	bcc.b	0x000412f4	actor_spawn_ground_and_activate_41180	CONDITIONAL_JUMP:000412f4
0x0412F0	D0FC2000	adda.w	#0x2000, A0	actor_spawn_ground_and_activate_41180	
0x0412F4	536D021A	subq.w	0x1, (0x21a,A5)	actor_spawn_ground_and_activate_41180	
0x0412F8	669A	bne.b	0x00041294	actor_spawn_ground_and_activate_41180	CONDITIONAL_JUMP:00041294
0x0412FA	4E75	rts		actor_spawn_ground_and_activate_41180	
0x0412FC	342D0218	move.w	(0x218,A5), D2w	actor_spawn_ground_and_activate_41180	
0x041300	322D10B0	move.w	(0x10b0,A5), D1w	actor_spawn_ground_and_activate_41180	DATA:000010b0
0x041304	02410007	andi.w	#0x7, D1w	actor_spawn_ground_and_activate_41180	
0x041308	4A41	tst.w	D1w	actor_spawn_ground_and_activate_41180	
0x04130A	6708	beq.b	0x00041314	actor_spawn_ground_and_activate_41180	CONDITIONAL_JUMP:00041314
0x04130C	5142	subq.w	0x8, D2w	actor_spawn_ground_and_activate_41180	
0x04130E	D441	add.w	D1w, D2w	actor_spawn_ground_and_activate_41180	
0x041310	3B420218	move.w	D2w, (0x218,A5)	actor_spawn_ground_and_activate_41180	
0x041314	4A2C0003	tst.b	(0x3,A4)	actor_spawn_ground_and_activate_41180	
0x041318	6648	bne.b	0x00041362	actor_spawn_ground_and_activate_41180	CONDITIONAL_JUMP:00041362
0x04131A	122C0004	move.b	(0x4,A4), D1b	actor_spawn_ground_and_activate_41180	
0x04131E	5201	addq.b	0x1, D1b	actor_spawn_ground_and_activate_41180	
0x041320	19410005	move.b	D1b, (0x5,A4)	actor_spawn_ground_and_activate_41180	
0x041324	61000010	bsr.w	0x00041336	actor_spawn_ground_and_activate_41180	UNCONDITIONAL_CALL:00041336
0x041328	396D0218001A	move.w	(0x218,A5), (0x1a,A4)	actor_spawn_ground_and_activate_41180	
0x04132E	6100F6D6	bsr.w	0x00040a06	actor_spawn_ground_and_activate_41180	UNCONDITIONAL_CALL:00040a06
0x041332	6000F876	bra.w	0x00040baa	actor_spawn_ground_and_activate_41180	UNCONDITIONAL_CALL:00040baa
0x041336	4243	clr.w	D3w	FUN_00041336	
0x041338	0C00003A	cmpi.b	#0x3a, D0b	FUN_00041336	
0x04133C	671A	beq.b	0x00041358	FUN_00041336	CONDITIONAL_JUMP:00041358
0x04133E	14280002	move.b	(0x2,A0), D2b	FUN_00041336	
0x041342	363C0008	move.w	#0x8, D3w	FUN_00041336	
0x041346	4A2C0004	tst.b	(0x4,A4)	FUN_00041336	
0x04134A	6606	bne.b	0x00041352	FUN_00041336	CONDITIONAL_JUMP:00041352
0x04134C	1428FFFE	move.b	(-0x2,A0), D2b	FUN_00041336	
0x041350	4443	neg.w	D3w	FUN_00041336	
0x041352	B002	cmp.b	D2b, D0b	FUN_00041336	
0x041354	6702	beq.b	0x00041358	FUN_00041336	CONDITIONAL_JUMP:00041358
0x041356	4243	clr.w	D3w	FUN_00041336	
0x041358	D66D0216	add.w	(0x216,A5), D3w	FUN_00041336	
0x04135C	39430016	move.w	D3w, (0x16,A4)	FUN_00041336	
0x041360	4E75	rts		FUN_00041336	
0x041362	2948000E	move.l	A0, (0xe,A4)	actor_spawn_ground_and_activate_41180	
0x041366	197C00010007	move.b	#0x1, (0x7,A4)	actor_spawn_ground_and_activate_41180	
0x04136C	197C00010009	move.b	#0x1, (0x9,A4)	actor_spawn_ground_and_activate_41180	
0x041372	0C00004F	cmpi.b	#0x4f, D0b	actor_spawn_ground_and_activate_41180	
0x041376	6500009C	bcs.w	0x00041414	actor_spawn_ground_and_activate_41180	CONDITIONAL_JUMP:00041414
0x04137A	0C000052	cmpi.b	#0x52, D0b	actor_spawn_ground_and_activate_41180	
0x04137E	6500084A	bcs.w	0x00041bca	actor_spawn_ground_and_activate_41180	CONDITIONAL_JUMP:00041bca
0x041382	0C000057	cmpi.b	#0x57, D0b	actor_spawn_ground_and_activate_41180	
0x041386	6500056C	bcs.w	0x000418f4	actor_spawn_ground_and_activate_41180	CONDITIONAL_JUMP:000418f4
0x04138A	0C000059	cmpi.b	#0x59, D0b	actor_spawn_ground_and_activate_41180	
0x04138E	65000512	bcs.w	0x000418a2	actor_spawn_ground_and_activate_41180	CONDITIONAL_JUMP:000418a2
0x041392	0C00005E	cmpi.b	#0x5e, D0b	actor_spawn_ground_and_activate_41180	
0x041396	6500043A	bcs.w	0x000417d2	actor_spawn_ground_and_activate_41180	CONDITIONAL_JUMP:000417d2
0x04139A	0C000061	cmpi.b	#0x61, D0b	actor_spawn_ground_and_activate_41180	
0x04139E	650003F2	bcs.w	0x00041792	actor_spawn_ground_and_activate_41180	CONDITIONAL_JUMP:00041792
0x0413A2	0C000064	cmpi.b	#0x64, D0b	actor_spawn_ground_and_activate_41180	
0x0413A6	6500030A	bcs.w	0x000416b2	actor_spawn_ground_and_activate_41180	CONDITIONAL_JUMP:000416b2
0x0413AA	0C000065	cmpi.b	#0x65, D0b	actor_spawn_ground_and_activate_41180	
0x0413AE	650002CE	bcs.w	0x0004167e	actor_spawn_ground_and_activate_41180	CONDITIONAL_JUMP:0004167e
0x0413B2	0C000067	cmpi.b	#0x67, D0b	actor_spawn_ground_and_activate_41180	
0x0413B6	6500025C	bcs.w	0x00041614	actor_spawn_ground_and_activate_41180	CONDITIONAL_JUMP:00041614
0x0413BA	0C00006A	cmpi.b	#0x6a, D0b	actor_spawn_ground_and_activate_41180	
0x0413BE	650001D6	bcs.w	0x00041596	actor_spawn_ground_and_activate_41180	CONDITIONAL_JUMP:00041596
0x0413C2	0C00006C	cmpi.b	#0x6c, D0b	actor_spawn_ground_and_activate_41180	
0x0413C6	6500046C	bcs.w	0x00041834	actor_spawn_ground_and_activate_41180	CONDITIONAL_JUMP:00041834
0x0413CA	0C00006E	cmpi.b	#0x6e, D0b	actor_spawn_ground_and_activate_41180	
0x0413CE	65000678	bcs.w	0x00041a48	actor_spawn_ground_and_activate_41180	CONDITIONAL_JUMP:00041a48
0x0413D2	0C000071	cmpi.b	#0x71, D0b	actor_spawn_ground_and_activate_41180	
0x0413D6	650002DA	bcs.w	0x000416b2	actor_spawn_ground_and_activate_41180	CONDITIONAL_JUMP:000416b2
0x0413DA	0C000073	cmpi.b	#0x73, D0b	actor_spawn_ground_and_activate_41180	
0x0413DE	650000F4	bcs.w	0x000414d4	actor_spawn_ground_and_activate_41180	CONDITIONAL_JUMP:000414d4
0x0413E2	0C000076	cmpi.b	#0x76, D0b	actor_spawn_ground_and_activate_41180	
0x0413E6	65000072	bcs.w	0x0004145a	actor_spawn_ground_and_activate_41180	CONDITIONAL_JUMP:0004145a
0x0413EA	0C000078	cmpi.b	#0x78, D0b	actor_spawn_ground_and_activate_41180	
0x0413EE	650001A6	bcs.w	0x00041596	actor_spawn_ground_and_activate_41180	CONDITIONAL_JUMP:00041596
0x0413F2	0C000079	cmpi.b	#0x79, D0b	actor_spawn_ground_and_activate_41180	
0x0413F6	650000DC	bcs.w	0x000414d4	actor_spawn_ground_and_activate_41180	CONDITIONAL_JUMP:000414d4
0x0413FA	0C00007A	cmpi.b	#0x7a, D0b	actor_spawn_ground_and_activate_41180	
0x0413FE	6500005A	bcs.w	0x0004145a	actor_spawn_ground_and_activate_41180	CONDITIONAL_JUMP:0004145a
0x041402	0C00007B	cmpi.b	#0x7b, D0b	actor_spawn_ground_and_activate_41180	
0x041406	650002AA	bcs.w	0x000416b2	actor_spawn_ground_and_activate_41180	CONDITIONAL_JUMP:000416b2
0x04140A	0C00007C	cmpi.b	#0x7c, D0b	actor_spawn_ground_and_activate_41180	
0x04140E	650000C4	bcs.w	0x000414d4	actor_spawn_ground_and_activate_41180	CONDITIONAL_JUMP:000414d4
0x041412	4E75	rts		actor_spawn_ground_and_activate_41180	
0x041414	0C00004C	cmpi.b	#0x4c, D0b	actor_spawn_ground_and_activate_41180	
0x041418	670004DA	beq.w	0x000418f4	actor_spawn_ground_and_activate_41180	CONDITIONAL_JUMP:000418f4
0x04141C	0C000045	cmpi.b	#0x45, D0b	actor_spawn_ground_and_activate_41180	
0x041420	67000412	beq.w	0x00041834	actor_spawn_ground_and_activate_41180	CONDITIONAL_JUMP:00041834
0x041424	65000622	bcs.w	0x00041a48	actor_spawn_ground_and_activate_41180	CONDITIONAL_JUMP:00041a48
0x041428	0C00004B	cmpi.b	#0x4b, D0b	actor_spawn_ground_and_activate_41180	
0x04142C	67000474	beq.w	0x000418a2	actor_spawn_ground_and_activate_41180	CONDITIONAL_JUMP:000418a2
0x041430	0C000048	cmpi.b	#0x48, D0b	actor_spawn_ground_and_activate_41180	
0x041434	67000736	beq.w	0x00041b6c	actor_spawn_ground_and_activate_41180	CONDITIONAL_JUMP:00041b6c
0x041438	0C000049	cmpi.b	#0x49, D0b	actor_spawn_ground_and_activate_41180	
0x04143C	670006F4	beq.w	0x00041b32	actor_spawn_ground_and_activate_41180	CONDITIONAL_JUMP:00041b32
0x041440	0C000046	cmpi.b	#0x46, D0b	actor_spawn_ground_and_activate_41180	
0x041444	67000602	beq.w	0x00041a48	actor_spawn_ground_and_activate_41180	CONDITIONAL_JUMP:00041a48
0x041448	0C000047	cmpi.b	#0x47, D0b	actor_spawn_ground_and_activate_41180	
0x04144C	670005C6	beq.w	0x00041a14	actor_spawn_ground_and_activate_41180	CONDITIONAL_JUMP:00041a14
0x041450	0C00004D	cmpi.b	#0x4d, D0b	actor_spawn_ground_and_activate_41180	
0x041454	6700058A	beq.w	0x000419e0	actor_spawn_ground_and_activate_41180	CONDITIONAL_JUMP:000419e0
0x041458	4E75	rts		actor_spawn_ground_and_activate_41180	
0x04145A	B02C000D	cmp.b	(0xd,A4), D0b	actor_spawn_ground_and_activate_41180	
0x04145E	66F8	bne.b	0x00041458	actor_spawn_ground_and_activate_41180	CONDITIONAL_JUMP:00041458
0x041460	61000030	bsr.w	0x00041492	actor_spawn_ground_and_activate_41180	UNCONDITIONAL_CALL:00041492
0x041464	4241	clr.w	D1w	actor_spawn_ground_and_activate_41180	
0x041466	4A2C0030	tst.b	(0x30,A4)	actor_spawn_ground_and_activate_41180	
0x04146A	670E	beq.b	0x0004147a	actor_spawn_ground_and_activate_41180	CONDITIONAL_JUMP:0004147a
0x04146C	323CFFE8	move.w	#-0x18, D1w	actor_spawn_ground_and_activate_41180	
0x041470	4A2C0020	tst.b	(0x20,A4)	actor_spawn_ground_and_activate_41180	
0x041474	6604	bne.b	0x0004147a	actor_spawn_ground_and_activate_41180	CONDITIONAL_JUMP:0004147a
0x041476	323CFFE0	move.w	#-0x20, D1w	actor_spawn_ground_and_activate_41180	
0x04147A	D36C0016	add.w	D1w, (0x16,A4)	actor_spawn_ground_and_activate_41180	
0x04147E	197C00220005	move.b	#0x22, (0x5,A4)	actor_spawn_ground_and_activate_41180	
0x041484	197C00290001	move.b	#0x29, (0x1,A4)	actor_spawn_ground_and_activate_41180	
0x04148A	61003F8C	bsr.w	0x00045418	actor_spawn_ground_and_activate_41180	UNCONDITIONAL_CALL:00045418
0x04148E	6000FEA2	bra.w	0x00041332	actor_spawn_ground_and_activate_41180	UNCONDITIONAL_JUMP:00041332
0x041492	223C00040024	move.l	#0x40024, D1	FUN_00041492	
0x041498	0C000074	cmpi.b	#0x74, D0b	FUN_00041492	
0x04149C	671E	beq.b	0x000414bc	FUN_00041492	CONDITIONAL_JUMP:000414bc
0x04149E	323C0044	move.w	#0x44, D1w	FUN_00041492	
0x0414A2	0C000073	cmpi.b	#0x73, D0b	FUN_00041492	
0x0414A6	6714	beq.b	0x000414bc	FUN_00041492	CONDITIONAL_JUMP:000414bc
0x0414A8	323C0004	move.w	#0x4, D1w	FUN_00041492	
0x0414AC	0C000079	cmpi.b	#0x79, D0b	FUN_00041492	
0x0414B0	660A	bne.b	0x000414bc	FUN_00041492	CONDITIONAL_JUMP:000414bc
0x0414B2	4A2C0030	tst.b	(0x30,A4)	FUN_00041492	
0x0414B6	6604	bne.b	0x000414bc	FUN_00041492	CONDITIONAL_JUMP:000414bc
0x0414B8	323CFFFC	move.w	#-0x4, D1w	FUN_00041492	
0x0414BC	302D0216	move.w	(0x216,A5), D0w	FUN_00041492	
0x0414C0	D041	add.w	D1w, D0w	FUN_00041492	
0x0414C2	39400016	move.w	D0w, (0x16,A4)	FUN_00041492	
0x0414C6	4841	swap	D1	FUN_00041492	
0x0414C8	302D0218	move.w	(0x218,A5), D0w	FUN_00041492	
0x0414CC	D041	add.w	D1w, D0w	FUN_00041492	
0x0414CE	3940001A	move.w	D0w, (0x1a,A4)	FUN_00041492	
0x0414D2	4E75	rts		FUN_00041492	
0x0414D4	B02C000D	cmp.b	(0xd,A4), D0b	actor_spawn_ground_and_activate_41180	
0x0414D8	6600FF7E	bne.w	0x00041458	actor_spawn_ground_and_activate_41180	CONDITIONAL_JUMP:00041458
0x0414DC	197C00210005	move.b	#0x21, (0x5,A4)	actor_spawn_ground_and_activate_41180	
0x0414E2	302D0216	move.w	(0x216,A5), D0w	actor_spawn_ground_and_activate_41180	
0x0414E6	06400010	addi.w	#0x10, D0w	actor_spawn_ground_and_activate_41180	
0x0414EA	39400016	move.w	D0w, (0x16,A4)	actor_spawn_ground_and_activate_41180	
0x0414EE	302D0218	move.w	(0x218,A5), D0w	actor_spawn_ground_and_activate_41180	
0x0414F2	04400010	subi.w	#0x10, D0w	actor_spawn_ground_and_activate_41180	
0x0414F6	3940001A	move.w	D0w, (0x1a,A4)	actor_spawn_ground_and_activate_41180	
0x0414FA	197C00270001	move.b	#0x27, (0x1,A4)	actor_spawn_ground_and_activate_41180	
0x041500	61003F16	bsr.w	0x00045418	actor_spawn_ground_and_activate_41180	UNCONDITIONAL_CALL:00045418
0x041504	0C6D004B013E	cmpi.w	#0x4b, (0x13e,A5)	actor_spawn_ground_and_activate_41180	
0x04150A	662A	bne.b	0x00041536	actor_spawn_ground_and_activate_41180	CONDITIONAL_JUMP:00041536
0x04150C	0C2C0071000D	cmpi.b	#0x71, (0xd,A4)	actor_spawn_ground_and_activate_41180	
0x041512	661E	bne.b	0x00041532	actor_spawn_ground_and_activate_41180	CONDITIONAL_JUMP:00041532
0x041514	2E0C	move.l	A4, D7	actor_spawn_ground_and_activate_41180	
0x041516	3B7C00020286	move.w	#0x2, (0x286,A5)	actor_spawn_ground_and_activate_41180	
0x04151C	49ED0408	lea	(0x408,A5), A4	actor_spawn_ground_and_activate_41180	
0x041520	61002A30	bsr.w	0x00043f52	actor_spawn_ground_and_activate_41180	UNCONDITIONAL_CALL:00043f52
0x041524	2847	movea.l	D7, A4	actor_spawn_ground_and_activate_41180	
0x041526	3B7C000102A4	move.w	#0x1, (0x2a4,A5)	actor_spawn_ground_and_activate_41180	
0x04152C	3B7C00010288	move.w	#0x1, (0x288,A5)	actor_spawn_ground_and_activate_41180	
0x041532	6000FDFE	bra.w	0x00041332	actor_spawn_ground_and_activate_41180	UNCONDITIONAL_JUMP:00041332
0x041536	0C6D004F013E	cmpi.w	#0x4f, (0x13e,A5)	actor_spawn_ground_and_activate_41180	
0x04153C	6628	bne.b	0x00041566	actor_spawn_ground_and_activate_41180	CONDITIONAL_JUMP:00041566
0x04153E	0C2C0071000D	cmpi.b	#0x71, (0xd,A4)	actor_spawn_ground_and_activate_41180	
0x041544	66EC	bne.b	0x00041532	actor_spawn_ground_and_activate_41180	CONDITIONAL_JUMP:00041532
0x041546	2E0C	move.l	A4, D7	actor_spawn_ground_and_activate_41180	
0x041548	3B7C00040286	move.w	#0x4, (0x286,A5)	actor_spawn_ground_and_activate_41180	
0x04154E	49ED0388	lea	(0x388,A5), A4	actor_spawn_ground_and_activate_41180	
0x041552	610029FE	bsr.w	0x00043f52	actor_spawn_ground_and_activate_41180	UNCONDITIONAL_CALL:00043f52
0x041556	2847	movea.l	D7, A4	actor_spawn_ground_and_activate_41180	
0x041558	3B7C000102A4	move.w	#0x1, (0x2a4,A5)	actor_spawn_ground_and_activate_41180	
0x04155E	3B7C0001028A	move.w	#0x1, (0x28a,A5)	actor_spawn_ground_and_activate_41180	
0x041564	60CC	bra.b	0x00041532	actor_spawn_ground_and_activate_41180	UNCONDITIONAL_JUMP:00041532
0x041566	0C6D0053013E	cmpi.w	#0x53, (0x13e,A5)	actor_spawn_ground_and_activate_41180	
0x04156C	66C4	bne.b	0x00041532	actor_spawn_ground_and_activate_41180	CONDITIONAL_JUMP:00041532
0x04156E	0C2C0071000D	cmpi.b	#0x71, (0xd,A4)	actor_spawn_ground_and_activate_41180	
0x041574	66BC	bne.b	0x00041532	actor_spawn_ground_and_activate_41180	CONDITIONAL_JUMP:00041532
0x041576	2E0C	move.l	A4, D7	actor_spawn_ground_and_activate_41180	
0x041578	3B7C00040286	move.w	#0x4, (0x286,A5)	actor_spawn_ground_and_activate_41180	
0x04157E	49ED0348	lea	(0x348,A5), A4	actor_spawn_ground_and_activate_41180	
0x041582	610029CE	bsr.w	0x00043f52	actor_spawn_ground_and_activate_41180	UNCONDITIONAL_CALL:00043f52
0x041586	2847	movea.l	D7, A4	actor_spawn_ground_and_activate_41180	
0x041588	3B7C000102A4	move.w	#0x1, (0x2a4,A5)	actor_spawn_ground_and_activate_41180	
0x04158E	3B7C000102C4	move.w	#0x1, (0x2c4,A5)	actor_spawn_ground_and_activate_41180	
0x041594	609C	bra.b	0x00041532	actor_spawn_ground_and_activate_41180	UNCONDITIONAL_JUMP:00041532
0x041596	B02C000D	cmp.b	(0xd,A4), D0b	actor_spawn_ground_and_activate_41180	
0x04159A	6600FEBC	bne.w	0x00041458	actor_spawn_ground_and_activate_41180	CONDITIONAL_JUMP:00041458
0x04159E	0C000067	cmpi.b	#0x67, D0b	actor_spawn_ground_and_activate_41180	
0x0415A2	6634	bne.b	0x000415d8	actor_spawn_ground_and_activate_41180	CONDITIONAL_JUMP:000415d8
0x0415A4	3B7C000812EE	move.w	#0x8, (0x12ee,A5)	actor_spawn_ground_and_activate_41180	DATA:000012ee
0x0415AA	103C0013	move.b	#0x13, D0b	actor_spawn_ground_and_activate_41180	
0x0415AE	61008B3C	bsr.w	0x0003a0ec	actor_spawn_ground_and_activate_41180	UNCONDITIONAL_CALL:0003a0ec
0x0415B2	0C6D0047013E	cmpi.w	#0x47, (0x13e,A5)	actor_spawn_ground_and_activate_41180	
0x0415B8	661E	bne.b	0x000415d8	actor_spawn_ground_and_activate_41180	CONDITIONAL_JUMP:000415d8
0x0415BA	2E0C	move.l	A4, D7	actor_spawn_ground_and_activate_41180	
0x0415BC	3B7C00040286	move.w	#0x4, (0x286,A5)	actor_spawn_ground_and_activate_41180	
0x0415C2	49ED0388	lea	(0x388,A5), A4	actor_spawn_ground_and_activate_41180	
0x0415C6	6100298A	bsr.w	0x00043f52	actor_spawn_ground_and_activate_41180	UNCONDITIONAL_CALL:00043f52
0x0415CA	2847	movea.l	D7, A4	actor_spawn_ground_and_activate_41180	
0x0415CC	3B7C000102A4	move.w	#0x1, (0x2a4,A5)	actor_spawn_ground_and_activate_41180	
0x0415D2	3B7C0001021C	move.w	#0x1, (0x21c,A5)	actor_spawn_ground_and_activate_41180	
0x0415D8	302D0216	move.w	(0x216,A5), D0w	actor_spawn_ground_and_activate_41180	
0x0415DC	323C0010	move.w	#0x10, D1w	actor_spawn_ground_and_activate_41180	
0x0415E0	4A2C0030	tst.b	(0x30,A4)	actor_spawn_ground_and_activate_41180	
0x0415E4	6704	beq.b	0x000415ea	actor_spawn_ground_and_activate_41180	CONDITIONAL_JUMP:000415ea
0x0415E6	323CFFF8	move.w	#-0x8, D1w	actor_spawn_ground_and_activate_41180	
0x0415EA	D041	add.w	D1w, D0w	actor_spawn_ground_and_activate_41180	
0x0415EC	39400016	move.w	D0w, (0x16,A4)	actor_spawn_ground_and_activate_41180	
0x0415F0	302D0218	move.w	(0x218,A5), D0w	actor_spawn_ground_and_activate_41180	
0x0415F4	04400020	subi.w	#0x20, D0w	actor_spawn_ground_and_activate_41180	
0x0415F8	3940001A	move.w	D0w, (0x1a,A4)	actor_spawn_ground_and_activate_41180	
0x0415FC	197C001A0005	move.b	#0x1a, (0x5,A4)	actor_spawn_ground_and_activate_41180	
0x041602	197C00070001	move.b	#0x7, (0x1,A4)	actor_spawn_ground_and_activate_41180	
0x041608	61003E0E	bsr.w	0x00045418	actor_spawn_ground_and_activate_41180	UNCONDITIONAL_CALL:00045418
0x04160C	61001F40	bsr.w	0x0004354e	actor_spawn_ground_and_activate_41180	UNCONDITIONAL_CALL:0004354e
0x041610	6000FD20	bra.w	0x00041332	actor_spawn_ground_and_activate_41180	UNCONDITIONAL_JUMP:00041332
0x041614	B02C000D	cmp.b	(0xd,A4), D0b	actor_spawn_ground_and_activate_41180	
0x041618	6600FE3E	bne.w	0x00041458	actor_spawn_ground_and_activate_41180	CONDITIONAL_JUMP:00041458
0x04161C	302D0216	move.w	(0x216,A5), D0w	actor_spawn_ground_and_activate_41180	
0x041620	39400016	move.w	D0w, (0x16,A4)	actor_spawn_ground_and_activate_41180	
0x041624	302D0218	move.w	(0x218,A5), D0w	actor_spawn_ground_and_activate_41180	
0x041628	06400020	addi.w	#0x20, D0w	actor_spawn_ground_and_activate_41180	
0x04162C	3940001A	move.w	D0w, (0x1a,A4)	actor_spawn_ground_and_activate_41180	
0x041630	197C00130005	move.b	#0x13, (0x5,A4)	actor_spawn_ground_and_activate_41180	
0x041636	103C0003	move.b	#0x3, D0b	actor_spawn_ground_and_activate_41180	
0x04163A	0C6D0035013E	cmpi.w	#0x35, (0x13e,A5)	actor_spawn_ground_and_activate_41180	
0x041640	6630	bne.b	0x00041672	actor_spawn_ground_and_activate_41180	CONDITIONAL_JUMP:00041672
0x041642	0C2C0066000D	cmpi.b	#0x66, (0xd,A4)	actor_spawn_ground_and_activate_41180	
0x041648	661E	bne.b	0x00041668	actor_spawn_ground_and_activate_41180	CONDITIONAL_JUMP:00041668
0x04164A	2E0C	move.l	A4, D7	actor_spawn_ground_and_activate_41180	
0x04164C	3B7C00020286	move.w	#0x2, (0x286,A5)	actor_spawn_ground_and_activate_41180	
0x041652	49ED03C8	lea	(0x3c8,A5), A4	actor_spawn_ground_and_activate_41180	
0x041656	610028FA	bsr.w	0x00043f52	actor_spawn_ground_and_activate_41180	UNCONDITIONAL_CALL:00043f52
0x04165A	2847	movea.l	D7, A4	actor_spawn_ground_and_activate_41180	
0x04165C	3B7C000102A4	move.w	#0x1, (0x2a4,A5)	actor_spawn_ground_and_activate_41180	
0x041662	3B7C0001021C	move.w	#0x1, (0x21c,A5)	actor_spawn_ground_and_activate_41180	
0x041668	103C0005	move.b	#0x5, D0b	actor_spawn_ground_and_activate_41180	
0x04166C	066C00200016	addi.w	#0x20, (0x16,A4)	actor_spawn_ground_and_activate_41180	
0x041672	19400001	move.b	D0b, (0x1,A4)	actor_spawn_ground_and_activate_41180	
0x041676	61003DA0	bsr.w	0x00045418	actor_spawn_ground_and_activate_41180	UNCONDITIONAL_CALL:00045418
0x04167A	6000FCB6	bra.w	0x00041332	actor_spawn_ground_and_activate_41180	UNCONDITIONAL_JUMP:00041332
0x04167E	B02C000D	cmp.b	(0xd,A4), D0b	actor_spawn_ground_and_activate_41180	
0x041682	6600FDD4	bne.w	0x00041458	actor_spawn_ground_and_activate_41180	CONDITIONAL_JUMP:00041458
0x041686	302D0216	move.w	(0x216,A5), D0w	actor_spawn_ground_and_activate_41180	
0x04168A	06400000	addi.w	#0x0, D0w	actor_spawn_ground_and_activate_41180	
0x04168E	39400016	move.w	D0w, (0x16,A4)	actor_spawn_ground_and_activate_41180	
0x041692	302D0218	move.w	(0x218,A5), D0w	actor_spawn_ground_and_activate_41180	
0x041696	04400000	subi.w	#0x0, D0w	actor_spawn_ground_and_activate_41180	
0x04169A	3940001A	move.w	D0w, (0x1a,A4)	actor_spawn_ground_and_activate_41180	
0x04169E	197C00140005	move.b	#0x14, (0x5,A4)	actor_spawn_ground_and_activate_41180	
0x0416A4	197C00010001	move.b	#0x1, (0x1,A4)	actor_spawn_ground_and_activate_41180	
0x0416AA	61003D6C	bsr.w	0x00045418	actor_spawn_ground_and_activate_41180	UNCONDITIONAL_CALL:00045418
0x0416AE	6000FC82	bra.w	0x00041332	actor_spawn_ground_and_activate_41180	UNCONDITIONAL_JUMP:00041332
0x0416B2	B02C000D	cmp.b	(0xd,A4), D0b	actor_spawn_ground_and_activate_41180	
0x0416B6	6600FDA0	bne.w	0x00041458	actor_spawn_ground_and_activate_41180	CONDITIONAL_JUMP:00041458
0x0416BA	197C00150005	move.b	#0x15, (0x5,A4)	actor_spawn_ground_and_activate_41180	
0x0416C0	302D0216	move.w	(0x216,A5), D0w	actor_spawn_ground_and_activate_41180	
0x0416C4	06400008	addi.w	#0x8, D0w	actor_spawn_ground_and_activate_41180	
0x0416C8	39400016	move.w	D0w, (0x16,A4)	actor_spawn_ground_and_activate_41180	
0x0416CC	0C6D0078013E	cmpi.w	#0x78, (0x13e,A5)	actor_spawn_ground_and_activate_41180	
0x0416D2	6612	bne.b	0x000416e6	actor_spawn_ground_and_activate_41180	CONDITIONAL_JUMP:000416e6
0x0416D4	7010	moveq	0x10, D0	actor_spawn_ground_and_activate_41180	
0x0416D6	0C2C0070000D	cmpi.b	#0x70, (0xd,A4)	actor_spawn_ground_and_activate_41180	
0x0416DC	6402	bcc.b	0x000416e0	actor_spawn_ground_and_activate_41180	CONDITIONAL_JUMP:000416e0
0x0416DE	7038	moveq	0x38, D0	actor_spawn_ground_and_activate_41180	
0x0416E0	D16C0016	add.w	D0w, (0x16,A4)	actor_spawn_ground_and_activate_41180	
0x0416E4	602E	bra.b	0x00041714	actor_spawn_ground_and_activate_41180	UNCONDITIONAL_JUMP:00041714
0x0416E6	0C6D0085013E	cmpi.w	#0x85, (0x13e,A5)	actor_spawn_ground_and_activate_41180	
0x0416EC	6420	bcc.b	0x0004170e	actor_spawn_ground_and_activate_41180	CONDITIONAL_JUMP:0004170e
0x0416EE	0C6D0070013E	cmpi.w	#0x70, (0x13e,A5)	actor_spawn_ground_and_activate_41180	
0x0416F4	6608	bne.b	0x000416fe	actor_spawn_ground_and_activate_41180	CONDITIONAL_JUMP:000416fe
0x0416F6	046C00300016	subi.w	#0x30, (0x16,A4)	actor_spawn_ground_and_activate_41180	
0x0416FC	6016	bra.b	0x00041714	actor_spawn_ground_and_activate_41180	UNCONDITIONAL_JUMP:00041714
0x0416FE	0C6D0064013E	cmpi.w	#0x64, (0x13e,A5)	actor_spawn_ground_and_activate_41180	
0x041704	660E	bne.b	0x00041714	actor_spawn_ground_and_activate_41180	CONDITIONAL_JUMP:00041714
0x041706	0C2C006E000D	cmpi.b	#0x6e, (0xd,A4)	actor_spawn_ground_and_activate_41180	
0x04170C	6706	beq.b	0x00041714	actor_spawn_ground_and_activate_41180	CONDITIONAL_JUMP:00041714
0x04170E	066C00200016	addi.w	#0x20, (0x16,A4)	actor_spawn_ground_and_activate_41180	
0x041714	302D0218	move.w	(0x218,A5), D0w	actor_spawn_ground_and_activate_41180	
0x041718	123C00F5	move.b	#-0xb, D1b	actor_spawn_ground_and_activate_41180	
0x04171C	04400020	subi.w	#0x20, D0w	actor_spawn_ground_and_activate_41180	
0x041720	0C2D00020118	cmpi.b	#0x2, (0x118,A5)	actor_spawn_ground_and_activate_41180	
0x041726	671A	beq.b	0x00041742	actor_spawn_ground_and_activate_41180	CONDITIONAL_JUMP:00041742
0x041728	0C6D0062013E	cmpi.w	#0x62, (0x13e,A5)	actor_spawn_ground_and_activate_41180	
0x04172E	6712	beq.b	0x00041742	actor_spawn_ground_and_activate_41180	CONDITIONAL_JUMP:00041742
0x041730	48E7C000	movem.l	{  D1 D0}, -(SP)	actor_spawn_ground_and_activate_41180	
0x041734	6100001C	bsr.w	0x00041752	actor_spawn_ground_and_activate_41180	UNCONDITIONAL_CALL:00041752
0x041738	4CDF0003	movem.l	(SP)+, { D0 D1}	actor_spawn_ground_and_activate_41180	READ:Stack[-0x8]
0x04173C	5401	addq.b	0x2, D1b	actor_spawn_ground_and_activate_41180	
0x04173E	06400040	addi.w	#0x40, D0w	actor_spawn_ground_and_activate_41180	
0x041742	024001FF	andi.w	#0x1ff, D0w	actor_spawn_ground_and_activate_41180	
0x041746	3940001A	move.w	D0w, (0x1a,A4)	actor_spawn_ground_and_activate_41180	
0x04174A	19410001	move.b	D1b, (0x1,A4)	actor_spawn_ground_and_activate_41180	
0x04174E	6000FBE2	bra.w	0x00041332	actor_spawn_ground_and_activate_41180	UNCONDITIONAL_JUMP:00041332
0x041752	0C6D0038013E	cmpi.w	#0x38, (0x13e,A5)	FUN_00041752	
0x041758	6626	bne.b	0x00041780	FUN_00041752	CONDITIONAL_JUMP:00041780
0x04175A	0C2C006E000D	cmpi.b	#0x6e, (0xd,A4)	FUN_00041752	
0x041760	6620	bne.b	0x00041782	FUN_00041752	CONDITIONAL_JUMP:00041782
0x041762	2E0C	move.l	A4, D7	FUN_00041752	
0x041764	3B7C00040286	move.w	#0x4, (0x286,A5)	FUN_00041752	
0x04176A	49ED0348	lea	(0x348,A5), A4	FUN_00041752	
0x04176E	610027E2	bsr.w	0x00043f52	FUN_00041752	UNCONDITIONAL_CALL:00043f52
0x041772	2847	movea.l	D7, A4	FUN_00041752	
0x041774	3B7C00010288	move.w	#0x1, (0x288,A5)	FUN_00041752	
0x04177A	3B7C000102A4	move.w	#0x1, (0x2a4,A5)	FUN_00041752	
0x041780	4E75	rts		FUN_00041752	
0x041782	0C2C0070000D	cmpi.b	#0x70, (0xd,A4)	FUN_00041752	
0x041788	66F6	bne.b	0x00041780	FUN_00041752	CONDITIONAL_JUMP:00041780
0x04178A	066C00200016	addi.w	#0x20, (0x16,A4)	FUN_00041752	
0x041790	4E75	rts		FUN_00041752	
0x041792	B02C000D	cmp.b	(0xd,A4), D0b	actor_spawn_ground_and_activate_41180	
0x041796	6600FCC0	bne.w	0x00041458	actor_spawn_ground_and_activate_41180	CONDITIONAL_JUMP:00041458
0x04179A	197C00160005	move.b	#0x16, (0x5,A4)	actor_spawn_ground_and_activate_41180	
0x0417A0	302D0216	move.w	(0x216,A5), D0w	actor_spawn_ground_and_activate_41180	
0x0417A4	06400008	addi.w	#0x8, D0w	actor_spawn_ground_and_activate_41180	
0x0417A8	39400016	move.w	D0w, (0x16,A4)	actor_spawn_ground_and_activate_41180	
0x0417AC	302D0218	move.w	(0x218,A5), D0w	actor_spawn_ground_and_activate_41180	
0x0417B0	06400018	addi.w	#0x18, D0w	actor_spawn_ground_and_activate_41180	
0x0417B4	0C6D0069013E	cmpi.w	#0x69, (0x13e,A5)	actor_spawn_ground_and_activate_41180	
0x0417BA	6604	bne.b	0x000417c0	actor_spawn_ground_and_activate_41180	CONDITIONAL_JUMP:000417c0
0x0417BC	06400008	addi.w	#0x8, D0w	actor_spawn_ground_and_activate_41180	
0x0417C0	3940001A	move.w	D0w, (0x1a,A4)	actor_spawn_ground_and_activate_41180	
0x0417C4	197C00F10001	move.b	#-0xf, (0x1,A4)	actor_spawn_ground_and_activate_41180	
0x0417CA	61003C4C	bsr.w	0x00045418	actor_spawn_ground_and_activate_41180	UNCONDITIONAL_CALL:00045418
0x0417CE	6000FB62	bra.w	0x00041332	actor_spawn_ground_and_activate_41180	UNCONDITIONAL_JUMP:00041332
0x0417D2	B02C000D	cmp.b	(0xd,A4), D0b	actor_spawn_ground_and_activate_41180	
0x0417D6	6600FC80	bne.w	0x00041458	actor_spawn_ground_and_activate_41180	CONDITIONAL_JUMP:00041458
0x0417DA	197C00170005	move.b	#0x17, (0x5,A4)	actor_spawn_ground_and_activate_41180	
0x0417E0	302D0216	move.w	(0x216,A5), D0w	actor_spawn_ground_and_activate_41180	
0x0417E4	39400016	move.w	D0w, (0x16,A4)	actor_spawn_ground_and_activate_41180	
0x0417E8	302D0218	move.w	(0x218,A5), D0w	actor_spawn_ground_and_activate_41180	
0x0417EC	04400008	subi.w	#0x8, D0w	actor_spawn_ground_and_activate_41180	
0x0417F0	0C6D0066013E	cmpi.w	#0x66, (0x13e,A5)	actor_spawn_ground_and_activate_41180	
0x0417F6	6504	bcs.b	0x000417fc	actor_spawn_ground_and_activate_41180	CONDITIONAL_JUMP:000417fc
0x0417F8	04400020	subi.w	#0x20, D0w	actor_spawn_ground_and_activate_41180	
0x0417FC	3940001A	move.w	D0w, (0x1a,A4)	actor_spawn_ground_and_activate_41180	
0x041800	197C00EF0001	move.b	#-0x11, (0x1,A4)	actor_spawn_ground_and_activate_41180	
0x041806	0C6D0020013E	cmpi.w	#0x20, (0x13e,A5)	actor_spawn_ground_and_activate_41180	
0x04180C	6422	bcc.b	0x00041830	actor_spawn_ground_and_activate_41180	CONDITIONAL_JUMP:00041830
0x04180E	0C2C0059000D	cmpi.b	#0x59, (0xd,A4)	actor_spawn_ground_and_activate_41180	
0x041814	661A	bne.b	0x00041830	actor_spawn_ground_and_activate_41180	CONDITIONAL_JUMP:00041830
0x041816	2E0C	move.l	A4, D7	actor_spawn_ground_and_activate_41180	
0x041818	3B7C00030286	move.w	#0x3, (0x286,A5)	actor_spawn_ground_and_activate_41180	
0x04181E	6100272E	bsr.w	0x00043f4e	actor_spawn_ground_and_activate_41180	UNCONDITIONAL_CALL:00043f4e
0x041822	2847	movea.l	D7, A4	actor_spawn_ground_and_activate_41180	
0x041824	3B7C0001021C	move.w	#0x1, (0x21c,A5)	actor_spawn_ground_and_activate_41180	
0x04182A	3B7C000102A4	move.w	#0x1, (0x2a4,A5)	actor_spawn_ground_and_activate_41180	
0x041830	6000FB00	bra.w	0x00041332	actor_spawn_ground_and_activate_41180	UNCONDITIONAL_JUMP:00041332
0x041834	B02C000D	cmp.b	(0xd,A4), D0b	actor_spawn_ground_and_activate_41180	
0x041838	6600FC1E	bne.w	0x00041458	actor_spawn_ground_and_activate_41180	CONDITIONAL_JUMP:00041458
0x04183C	197C00180005	move.b	#0x18, (0x5,A4)	actor_spawn_ground_and_activate_41180	
0x041842	61000010	bsr.w	0x00041854	actor_spawn_ground_and_activate_41180	UNCONDITIONAL_CALL:00041854
0x041846	197C00910001	move.b	#-0x6f, (0x1,A4)	actor_spawn_ground_and_activate_41180	
0x04184C	61003BCA	bsr.w	0x00045418	actor_spawn_ground_and_activate_41180	UNCONDITIONAL_CALL:00045418
0x041850	6000FAE0	bra.w	0x00041332	actor_spawn_ground_and_activate_41180	UNCONDITIONAL_JUMP:00041332
0x041854	223C0008FFB0	move.l	#0x8ffb0, D1	FUN_00041854	
0x04185A	0C2D00030118	cmpi.b	#0x3, (0x118,A5)	FUN_00041854	
0x041860	6624	bne.b	0x00041886	FUN_00041854	CONDITIONAL_JUMP:00041886
0x041862	2E0C	move.l	A4, D7	FUN_00041854	
0x041864	3B7C00040286	move.w	#0x4, (0x286,A5)	FUN_00041854	
0x04186A	49ED0308	lea	(0x308,A5), A4	FUN_00041854	
0x04186E	610026E2	bsr.w	0x00043f52	FUN_00041854	UNCONDITIONAL_CALL:00043f52
0x041872	2847	movea.l	D7, A4	FUN_00041854	
0x041874	3B7C000102A4	move.w	#0x1, (0x2a4,A5)	FUN_00041854	
0x04187A	3B7C0001028A	move.w	#0x1, (0x28a,A5)	FUN_00041854	
0x041880	223C00100010	move.l	#0x100010, D1	FUN_00041854	
0x041886	302D0218	move.w	(0x218,A5), D0w	FUN_00041854	
0x04188A	D041	add.w	D1w, D0w	FUN_00041854	
0x04188C	024001FF	andi.w	#0x1ff, D0w	FUN_00041854	
0x041890	3940001A	move.w	D0w, (0x1a,A4)	FUN_00041854	
0x041894	4841	swap	D1	FUN_00041854	
0x041896	302D0216	move.w	(0x216,A5), D0w	FUN_00041854	
0x04189A	D041	add.w	D1w, D0w	FUN_00041854	
0x04189C	39400016	move.w	D0w, (0x16,A4)	FUN_00041854	
0x0418A0	4E75	rts		FUN_00041854	
0x0418A2	B02C000D	cmp.b	(0xd,A4), D0b	actor_spawn_ground_and_activate_41180	
0x0418A6	6600FBB0	bne.w	0x00041458	actor_spawn_ground_and_activate_41180	CONDITIONAL_JUMP:00041458
0x0418AA	197C00190005	move.b	#0x19, (0x5,A4)	actor_spawn_ground_and_activate_41180	
0x0418B0	302D0216	move.w	(0x216,A5), D0w	actor_spawn_ground_and_activate_41180	
0x0418B4	06400008	addi.w	#0x8, D0w	actor_spawn_ground_and_activate_41180	
0x0418B8	39400016	move.w	D0w, (0x16,A4)	actor_spawn_ground_and_activate_41180	
0x0418BC	302D0218	move.w	(0x218,A5), D0w	actor_spawn_ground_and_activate_41180	
0x0418C0	323CFFE8	move.w	#-0x18, D1w	actor_spawn_ground_and_activate_41180	
0x0418C4	D041	add.w	D1w, D0w	actor_spawn_ground_and_activate_41180	
0x0418C6	024001FF	andi.w	#0x1ff, D0w	actor_spawn_ground_and_activate_41180	
0x0418CA	3940001A	move.w	D0w, (0x1a,A4)	actor_spawn_ground_and_activate_41180	
0x0418CE	197C00870001	move.b	#-0x79, (0x1,A4)	actor_spawn_ground_and_activate_41180	
0x0418D4	397C0007001C	move.w	#0x7, (0x1c,A4)	actor_spawn_ground_and_activate_41180	
0x0418DA	61003B3C	bsr.w	0x00045418	actor_spawn_ground_and_activate_41180	UNCONDITIONAL_CALL:00045418
0x0418DE	6000FA52	bra.w	0x00041332	actor_spawn_ground_and_activate_41180	UNCONDITIONAL_JUMP:00041332
0x0418E2	4A2C0030	tst.b	(0x30,A4)	FUN_000418e2	
0x0418E6	670A	beq.b	0x000418f2	FUN_000418e2	CONDITIONAL_JUMP:000418f2
0x0418E8	59AC000E	subq.l	0x4, (0xe,A4)	FUN_000418e2	
0x0418EC	046D00100216	subi.w	#0x10, (0x216,A5)	FUN_000418e2	
0x0418F2	4E75	rts		FUN_000418e2	
0x0418F4	B02C000D	cmp.b	(0xd,A4), D0b	actor_spawn_ground_and_activate_41180	
0x0418F8	6600FB5E	bne.w	0x00041458	actor_spawn_ground_and_activate_41180	CONDITIONAL_JUMP:00041458
0x0418FC	61E4	bsr.b	0x000418e2	actor_spawn_ground_and_activate_41180	UNCONDITIONAL_CALL:000418e2
0x0418FE	0C00004C	cmpi.b	#0x4c, D0b	actor_spawn_ground_and_activate_41180	
0x041902	6708	beq.b	0x0004190c	actor_spawn_ground_and_activate_41180	CONDITIONAL_JUMP:0004190c
0x041904	0C000055	cmpi.b	#0x55, D0b	actor_spawn_ground_and_activate_41180	
0x041908	6702	beq.b	0x0004190c	actor_spawn_ground_and_activate_41180	CONDITIONAL_JUMP:0004190c
0x04190A	600E	bra.b	0x0004191a	actor_spawn_ground_and_activate_41180	UNCONDITIONAL_JUMP:0004191a
0x04190C	3B7C000812EE	move.w	#0x8, (0x12ee,A5)	actor_spawn_ground_and_activate_41180	DATA:000012ee
0x041912	103C0013	move.b	#0x13, D0b	actor_spawn_ground_and_activate_41180	
0x041916	610087D4	bsr.w	0x0003a0ec	actor_spawn_ground_and_activate_41180	UNCONDITIONAL_CALL:0003a0ec
0x04191A	197C001A0005	move.b	#0x1a, (0x5,A4)	actor_spawn_ground_and_activate_41180	
0x041920	302D0216	move.w	(0x216,A5), D0w	actor_spawn_ground_and_activate_41180	
0x041924	6100008C	bsr.w	0x000419b2	actor_spawn_ground_and_activate_41180	UNCONDITIONAL_CALL:000419b2
0x041928	024001FF	andi.w	#0x1ff, D0w	actor_spawn_ground_and_activate_41180	
0x04192C	39400016	move.w	D0w, (0x16,A4)	actor_spawn_ground_and_activate_41180	
0x041930	302D0218	move.w	(0x218,A5), D0w	actor_spawn_ground_and_activate_41180	
0x041934	61000082	bsr.w	0x000419b8	actor_spawn_ground_and_activate_41180	UNCONDITIONAL_CALL:000419b8
0x041938	024001FF	andi.w	#0x1ff, D0w	actor_spawn_ground_and_activate_41180	
0x04193C	3940001A	move.w	D0w, (0x1a,A4)	actor_spawn_ground_and_activate_41180	
0x041940	197C007B0001	move.b	#0x7b, (0x1,A4)	actor_spawn_ground_and_activate_41180	
0x041946	61003AD0	bsr.w	0x00045418	actor_spawn_ground_and_activate_41180	UNCONDITIONAL_CALL:00045418
0x04194A	102D0118	move.b	(0x118,A5), D0b	actor_spawn_ground_and_activate_41180	
0x04194E	0C000002	cmpi.b	#0x2, D0b	actor_spawn_ground_and_activate_41180	
0x041952	6552	bcs.b	0x000419a6	actor_spawn_ground_and_activate_41180	CONDITIONAL_JUMP:000419a6
0x041954	674C	beq.b	0x000419a2	actor_spawn_ground_and_activate_41180	CONDITIONAL_JUMP:000419a2
0x041956	122C000D	move.b	(0xd,A4), D1b	actor_spawn_ground_and_activate_41180	
0x04195A	0C000003	cmpi.b	#0x3, D0b	actor_spawn_ground_and_activate_41180	
0x04195E	6614	bne.b	0x00041974	actor_spawn_ground_and_activate_41180	CONDITIONAL_JUMP:00041974
0x041960	0C01004C	cmpi.b	#0x4c, D1b	actor_spawn_ground_and_activate_41180	
0x041964	6740	beq.b	0x000419a6	actor_spawn_ground_and_activate_41180	CONDITIONAL_JUMP:000419a6
0x041966	0C010052	cmpi.b	#0x52, D1b	actor_spawn_ground_and_activate_41180	
0x04196A	673A	beq.b	0x000419a6	actor_spawn_ground_and_activate_41180	CONDITIONAL_JUMP:000419a6
0x04196C	0C010055	cmpi.b	#0x55, D1b	actor_spawn_ground_and_activate_41180	
0x041970	6734	beq.b	0x000419a6	actor_spawn_ground_and_activate_41180	CONDITIONAL_JUMP:000419a6
0x041972	602E	bra.b	0x000419a2	actor_spawn_ground_and_activate_41180	UNCONDITIONAL_JUMP:000419a2
0x041974	0C6D0064013E	cmpi.w	#0x64, (0x13e,A5)	actor_spawn_ground_and_activate_41180	
0x04197A	672A	beq.b	0x000419a6	actor_spawn_ground_and_activate_41180	CONDITIONAL_JUMP:000419a6
0x04197C	0C6D0070013E	cmpi.w	#0x70, (0x13e,A5)	actor_spawn_ground_and_activate_41180	
0x041982	6722	beq.b	0x000419a6	actor_spawn_ground_and_activate_41180	CONDITIONAL_JUMP:000419a6
0x041984	0C6D0078013E	cmpi.w	#0x78, (0x13e,A5)	actor_spawn_ground_and_activate_41180	
0x04198A	671E	beq.b	0x000419aa	actor_spawn_ground_and_activate_41180	CONDITIONAL_JUMP:000419aa
0x04198C	0C6D0085013E	cmpi.w	#0x85, (0x13e,A5)	actor_spawn_ground_and_activate_41180	
0x041992	6412	bcc.b	0x000419a6	actor_spawn_ground_and_activate_41180	CONDITIONAL_JUMP:000419a6
0x041994	0C01004C	cmpi.b	#0x4c, D1b	actor_spawn_ground_and_activate_41180	
0x041998	6708	beq.b	0x000419a2	actor_spawn_ground_and_activate_41180	CONDITIONAL_JUMP:000419a2
0x04199A	0C6D0059013E	cmpi.w	#0x59, (0x13e,A5)	actor_spawn_ground_and_activate_41180	
0x0419A0	6504	bcs.b	0x000419a6	actor_spawn_ground_and_activate_41180	CONDITIONAL_JUMP:000419a6
0x0419A2	61001BAA	bsr.w	0x0004354e	actor_spawn_ground_and_activate_41180	UNCONDITIONAL_CALL:0004354e
0x0419A6	6000F98A	bra.w	0x00041332	actor_spawn_ground_and_activate_41180	UNCONDITIONAL_JUMP:00041332
0x0419AA	0C010052	cmpi.b	#0x52, D1b	actor_spawn_ground_and_activate_41180	
0x0419AE	67F2	beq.b	0x000419a2	actor_spawn_ground_and_activate_41180	CONDITIONAL_JUMP:000419a2
0x0419B0	60F4	bra.b	0x000419a6	actor_spawn_ground_and_activate_41180	UNCONDITIONAL_JUMP:000419a6
0x0419B2	7208	moveq	0x8, D1	FUN_000419b2	
0x0419B4	D041	add.w	D1w, D0w	FUN_000419b2	
0x0419B6	4E75	rts		FUN_000419b2	
0x0419B8	322D013E	move.w	(0x13e,A5), D1w	FUN_000419b8	
0x0419BC	0C410029	cmpi.w	#0x29, D1w	FUN_000419b8	
0x0419C0	6606	bne.b	0x000419c8	FUN_000419b8	CONDITIONAL_JUMP:000419c8
0x0419C2	06400020	addi.w	#0x20, D0w	FUN_000419b8	
0x0419C6	4E75	rts		FUN_000419b8	
0x0419C8	0C41002A	cmpi.w	#0x2a, D1w	FUN_000419b8	
0x0419CC	6606	bne.b	0x000419d4	FUN_000419b8	CONDITIONAL_JUMP:000419d4
0x0419CE	04400010	subi.w	#0x10, D0w	FUN_000419b8	
0x0419D2	4E75	rts		FUN_000419b8	
0x0419D4	0C410036	cmpi.w	#0x36, D1w	FUN_000419b8	
0x0419D8	6504	bcs.b	0x000419de	FUN_000419b8	CONDITIONAL_JUMP:000419de
0x0419DA	04400020	subi.w	#0x20, D0w	FUN_000419b8	
0x0419DE	4E75	rts		FUN_000419b8	
0x0419E0	B02C000D	cmp.b	(0xd,A4), D0b	actor_spawn_ground_and_activate_41180	
0x0419E4	6600FA72	bne.w	0x00041458	actor_spawn_ground_and_activate_41180	CONDITIONAL_JUMP:00041458
0x0419E8	197C001B0005	move.b	#0x1b, (0x5,A4)	actor_spawn_ground_and_activate_41180	
0x0419EE	302D0216	move.w	(0x216,A5), D0w	actor_spawn_ground_and_activate_41180	
0x0419F2	06400008	addi.w	#0x8, D0w	actor_spawn_ground_and_activate_41180	
0x0419F6	39400016	move.w	D0w, (0x16,A4)	actor_spawn_ground_and_activate_41180	
0x0419FA	302D0218	move.w	(0x218,A5), D0w	actor_spawn_ground_and_activate_41180	
0x0419FE	04400040	subi.w	#0x40, D0w	actor_spawn_ground_and_activate_41180	
0x041A02	024001FF	andi.w	#0x1ff, D0w	actor_spawn_ground_and_activate_41180	
0x041A06	3940001A	move.w	D0w, (0x1a,A4)	actor_spawn_ground_and_activate_41180	
0x041A0A	197C00790001	move.b	#0x79, (0x1,A4)	actor_spawn_ground_and_activate_41180	
0x041A10	6000F920	bra.w	0x00041332	actor_spawn_ground_and_activate_41180	UNCONDITIONAL_JUMP:00041332
0x041A14	B02C000D	cmp.b	(0xd,A4), D0b	actor_spawn_ground_and_activate_41180	
0x041A18	6600FA3E	bne.w	0x00041458	actor_spawn_ground_and_activate_41180	CONDITIONAL_JUMP:00041458
0x041A1C	197C001C0005	move.b	#0x1c, (0x5,A4)	actor_spawn_ground_and_activate_41180	
0x041A22	302D0216	move.w	(0x216,A5), D0w	actor_spawn_ground_and_activate_41180	
0x041A26	04400008	subi.w	#0x8, D0w	actor_spawn_ground_and_activate_41180	
0x041A2A	39400016	move.w	D0w, (0x16,A4)	actor_spawn_ground_and_activate_41180	
0x041A2E	302D0218	move.w	(0x218,A5), D0w	actor_spawn_ground_and_activate_41180	
0x041A32	04400062	subi.w	#0x62, D0w	actor_spawn_ground_and_activate_41180	
0x041A36	024001FF	andi.w	#0x1ff, D0w	actor_spawn_ground_and_activate_41180	
0x041A3A	3940001A	move.w	D0w, (0x1a,A4)	actor_spawn_ground_and_activate_41180	
0x041A3E	197C00770001	move.b	#0x77, (0x1,A4)	actor_spawn_ground_and_activate_41180	
0x041A44	6000F8EC	bra.w	0x00041332	actor_spawn_ground_and_activate_41180	UNCONDITIONAL_JUMP:00041332
0x041A48	B02C000D	cmp.b	(0xd,A4), D0b	actor_spawn_ground_and_activate_41180	
0x041A4C	6600FA0A	bne.w	0x00041458	actor_spawn_ground_and_activate_41180	CONDITIONAL_JUMP:00041458
0x041A50	197C001D0005	move.b	#0x1d, (0x5,A4)	actor_spawn_ground_and_activate_41180	
0x041A56	61000082	bsr.w	0x00041ada	actor_spawn_ground_and_activate_41180	UNCONDITIONAL_CALL:00041ada
0x041A5A	4A2C0030	tst.b	(0x30,A4)	actor_spawn_ground_and_activate_41180	
0x041A5E	6706	beq.b	0x00041a66	actor_spawn_ground_and_activate_41180	CONDITIONAL_JUMP:00041a66
0x041A60	046C00180016	subi.w	#0x18, (0x16,A4)	actor_spawn_ground_and_activate_41180	
0x041A66	197C00750001	move.b	#0x75, (0x1,A4)	actor_spawn_ground_and_activate_41180	
0x041A6C	610039AA	bsr.w	0x00045418	actor_spawn_ground_and_activate_41180	UNCONDITIONAL_CALL:00045418
0x041A70	0C6D0057013E	cmpi.w	#0x57, (0x13e,A5)	actor_spawn_ground_and_activate_41180	
0x041A76	6628	bne.b	0x00041aa0	actor_spawn_ground_and_activate_41180	CONDITIONAL_JUMP:00041aa0
0x041A78	0C2C0046000D	cmpi.b	#0x46, (0xd,A4)	actor_spawn_ground_and_activate_41180	
0x041A7E	6620	bne.b	0x00041aa0	actor_spawn_ground_and_activate_41180	CONDITIONAL_JUMP:00041aa0
0x041A80	2E0C	move.l	A4, D7	actor_spawn_ground_and_activate_41180	
0x041A82	3B7C00030286	move.w	#0x3, (0x286,A5)	actor_spawn_ground_and_activate_41180	
0x041A88	49ED03C8	lea	(0x3c8,A5), A4	actor_spawn_ground_and_activate_41180	
0x041A8C	610024C4	bsr.w	0x00043f52	actor_spawn_ground_and_activate_41180	UNCONDITIONAL_CALL:00043f52
0x041A90	2847	movea.l	D7, A4	actor_spawn_ground_and_activate_41180	
0x041A92	3B7C000102A4	move.w	#0x1, (0x2a4,A5)	actor_spawn_ground_and_activate_41180	
0x041A98	3B7C000102C6	move.w	#0x1, (0x2c6,A5)	actor_spawn_ground_and_activate_41180	
0x041A9E	6036	bra.b	0x00041ad6	actor_spawn_ground_and_activate_41180	UNCONDITIONAL_JUMP:00041ad6
0x041AA0	0C6D005A013E	cmpi.w	#0x5a, (0x13e,A5)	actor_spawn_ground_and_activate_41180	
0x041AA6	662E	bne.b	0x00041ad6	actor_spawn_ground_and_activate_41180	CONDITIONAL_JUMP:00041ad6
0x041AA8	0C2C0046000D	cmpi.b	#0x46, (0xd,A4)	actor_spawn_ground_and_activate_41180	
0x041AAE	6626	bne.b	0x00041ad6	actor_spawn_ground_and_activate_41180	CONDITIONAL_JUMP:00041ad6
0x041AB0	0C2C0001002F	cmpi.b	#0x1, (0x2f,A4)	actor_spawn_ground_and_activate_41180	
0x041AB6	661E	bne.b	0x00041ad6	actor_spawn_ground_and_activate_41180	CONDITIONAL_JUMP:00041ad6
0x041AB8	2E0C	move.l	A4, D7	actor_spawn_ground_and_activate_41180	
0x041ABA	3B7C00020286	move.w	#0x2, (0x286,A5)	actor_spawn_ground_and_activate_41180	
0x041AC0	49ED0408	lea	(0x408,A5), A4	actor_spawn_ground_and_activate_41180	
0x041AC4	6100248C	bsr.w	0x00043f52	actor_spawn_ground_and_activate_41180	UNCONDITIONAL_CALL:00043f52
0x041AC8	2847	movea.l	D7, A4	actor_spawn_ground_and_activate_41180	
0x041ACA	3B7C000102A4	move.w	#0x1, (0x2a4,A5)	actor_spawn_ground_and_activate_41180	
0x041AD0	3B7C00010220	move.w	#0x1, (0x220,A5)	actor_spawn_ground_and_activate_41180	
0x041AD6	6000F85A	bra.w	0x00041332	actor_spawn_ground_and_activate_41180	UNCONDITIONAL_JUMP:00041332
0x041ADA	0C6D0018013E	cmpi.w	#0x18, (0x13e,A5)	FUN_00041ada	
0x041AE0	6424	bcc.b	0x00041b06	FUN_00041ada	CONDITIONAL_JUMP:00041b06
0x041AE2	302D0216	move.w	(0x216,A5), D0w	FUN_00041ada	
0x041AE6	4A2C0030	tst.b	(0x30,A4)	FUN_00041ada	
0x041AEA	671A	beq.b	0x00041b06	FUN_00041ada	CONDITIONAL_JUMP:00041b06
0x041AEC	04400018	subi.w	#0x18, D0w	FUN_00041ada	
0x041AF0	39400016	move.w	D0w, (0x16,A4)	FUN_00041ada	
0x041AF4	302D0218	move.w	(0x218,A5), D0w	FUN_00041ada	
0x041AF8	06400050	addi.w	#0x50, D0w	FUN_00041ada	
0x041AFC	024001FF	andi.w	#0x1ff, D0w	FUN_00041ada	
0x041B00	3940001A	move.w	D0w, (0x1a,A4)	FUN_00041ada	
0x041B04	4E75	rts		FUN_00041ada	
0x041B06	323C0010	move.w	#0x10, D1w	FUN_00041ada	
0x041B0A	0C6D0037013E	cmpi.w	#0x37, (0x13e,A5)	FUN_00041ada	
0x041B10	6704	beq.b	0x00041b16	FUN_00041ada	CONDITIONAL_JUMP:00041b16
0x041B12	323C0018	move.w	#0x18, D1w	FUN_00041ada	
0x041B16	302D0216	move.w	(0x216,A5), D0w	FUN_00041ada	
0x041B1A	D041	add.w	D1w, D0w	FUN_00041ada	
0x041B1C	39400016	move.w	D0w, (0x16,A4)	FUN_00041ada	
0x041B20	302D0218	move.w	(0x218,A5), D0w	FUN_00041ada	
0x041B24	0640FFF0	addi.w	#-0x10, D0w	FUN_00041ada	
0x041B28	024001FF	andi.w	#0x1ff, D0w	FUN_00041ada	
0x041B2C	3940001A	move.w	D0w, (0x1a,A4)	FUN_00041ada	
0x041B30	4E75	rts		FUN_00041ada	
0x041B32	B02C000D	cmp.b	(0xd,A4), D0b	actor_spawn_ground_and_activate_41180	
0x041B36	6600F920	bne.w	0x00041458	actor_spawn_ground_and_activate_41180	CONDITIONAL_JUMP:00041458
0x041B3A	197C00010006	move.b	#0x1, (0x6,A4)	actor_spawn_ground_and_activate_41180	
0x041B40	302D0216	move.w	(0x216,A5), D0w	actor_spawn_ground_and_activate_41180	
0x041B44	06400008	addi.w	#0x8, D0w	actor_spawn_ground_and_activate_41180	
0x041B48	39400016	move.w	D0w, (0x16,A4)	actor_spawn_ground_and_activate_41180	
0x041B4C	302D0218	move.w	(0x218,A5), D0w	actor_spawn_ground_and_activate_41180	
0x041B50	0440001F	subi.w	#0x1f, D0w	actor_spawn_ground_and_activate_41180	
0x041B54	3940001A	move.w	D0w, (0x1a,A4)	actor_spawn_ground_and_activate_41180	
0x041B58	204C	movea.l	A4, A0	actor_spawn_ground_and_activate_41180	
0x041B5A	43ED0588	lea	(0x588,A5), A1	actor_spawn_ground_and_activate_41180	
0x041B5E	7020	moveq	0x20, D0	actor_spawn_ground_and_activate_41180	
0x041B60	4EB90003A2D0	jsr	0x0003a2d0.l	actor_spawn_ground_and_activate_41180	UNCONDITIONAL_CALL:0003a2d0
0x041B66	6100EDC6	bsr.w	0x0004092e	actor_spawn_ground_and_activate_41180	UNCONDITIONAL_CALL:0004092e
0x041B6A	4E75	rts		actor_spawn_ground_and_activate_41180	
0x041B6C	B02C000D	cmp.b	(0xd,A4), D0b	actor_spawn_ground_and_activate_41180	
0x041B70	6600F8E6	bne.w	0x00041458	actor_spawn_ground_and_activate_41180	CONDITIONAL_JUMP:00041458
0x041B74	197C001E0005	move.b	#0x1e, (0x5,A4)	actor_spawn_ground_and_activate_41180	
0x041B7A	302D0216	move.w	(0x216,A5), D0w	actor_spawn_ground_and_activate_41180	
0x041B7E	322D0218	move.w	(0x218,A5), D1w	actor_spawn_ground_and_activate_41180	
0x041B82	6100000C	bsr.w	0x00041b90	actor_spawn_ground_and_activate_41180	UNCONDITIONAL_CALL:00041b90
0x041B86	197C00700001	move.b	#0x70, (0x1,A4)	actor_spawn_ground_and_activate_41180	
0x041B8C	6000F7A4	bra.w	0x00041332	actor_spawn_ground_and_activate_41180	UNCONDITIONAL_JUMP:00041332
0x041B90	343C0008	move.w	#0x8, D2w	FUN_00041b90	
0x041B94	363CFFE0	move.w	#-0x20, D3w	FUN_00041b90	
0x041B98	0C2D00010118	cmpi.b	#0x1, (0x118,A5)	FUN_00041b90	
0x041B9E	671C	beq.b	0x00041bbc	FUN_00041b90	CONDITIONAL_JUMP:00041bbc
0x041BA0	0C2D00040118	cmpi.b	#0x4, (0x118,A5)	FUN_00041b90	
0x041BA6	6714	beq.b	0x00041bbc	FUN_00041b90	CONDITIONAL_JUMP:00041bbc
0x041BA8	343C0010	move.w	#0x10, D2w	FUN_00041b90	
0x041BAC	363CFFFE	move.w	#-0x2, D3w	FUN_00041b90	
0x041BB0	0C2D00060118	cmpi.b	#0x6, (0x118,A5)	FUN_00041b90	
0x041BB6	6604	bne.b	0x00041bbc	FUN_00041b90	CONDITIONAL_JUMP:00041bbc
0x041BB8	363CFFE2	move.w	#-0x1e, D3w	FUN_00041b90	
0x041BBC	D042	add.w	D2w, D0w	FUN_00041b90	
0x041BBE	D243	add.w	D3w, D1w	FUN_00041b90	
0x041BC0	39400016	move.w	D0w, (0x16,A4)	FUN_00041b90	
0x041BC4	3941001A	move.w	D1w, (0x1a,A4)	FUN_00041b90	
0x041BC8	4E75	rts		FUN_00041b90	
0x041BCA	B02C000D	cmp.b	(0xd,A4), D0b	actor_spawn_ground_and_activate_41180	
0x041BCE	6600F888	bne.w	0x00041458	actor_spawn_ground_and_activate_41180	CONDITIONAL_JUMP:00041458
0x041BD2	6100004A	bsr.w	0x00041c1e	actor_spawn_ground_and_activate_41180	UNCONDITIONAL_CALL:00041c1e
0x041BD6	61000088	bsr.w	0x00041c60	actor_spawn_ground_and_activate_41180	UNCONDITIONAL_CALL:00041c60
0x041BDA	197C00FF0008	move.b	#-0x1, (0x8,A4)	actor_spawn_ground_and_activate_41180	
0x041BE0	197C00200005	move.b	#0x20, (0x5,A4)	actor_spawn_ground_and_activate_41180	
0x041BE6	61000006	bsr.w	0x00041bee	actor_spawn_ground_and_activate_41180	UNCONDITIONAL_CALL:00041bee
0x041BEA	6000F746	bra.w	0x00041332	actor_spawn_ground_and_activate_41180	UNCONDITIONAL_JUMP:00041332
0x041BEE	3B7C00011280	move.w	#0x1, (0x1280,A5)	FUN_00041bee	DATA:00001280
0x041BF4	302D0214	move.w	(0x214,A5), D0w	FUN_00041bee	
0x041BF8	7250	moveq	0x50, D1	FUN_00041bee	
0x041BFA	C0C1	mulu.w	D1w, D0	FUN_00041bee	
0x041BFC	41F900D00460	lea	(0xd00460).l, A0	FUN_00041bee	DATA:00d00460
0x041C02	D1C0	adda.l	D0, A0	FUN_00041bee	
0x041C04	43ED1282	lea	(0x1282,A5), A1	FUN_00041bee	
0x041C08	4240	clr.w	D0w	FUN_00041bee	
0x041C0A	102C002F	move.b	(0x2f,A4), D0b	FUN_00041bee	
0x041C0E	C0FC0006	mulu.w	#0x6, D0	FUN_00041bee	
0x041C12	D2C0	adda.w	D0w, A1	FUN_00041bee	
0x041C14	32BC0001	move.w	#0x1, (A1)	FUN_00041bee	
0x041C18	23480002	move.l	A0, (0x2,A1)	FUN_00041bee	
0x041C1C	4E75	rts		FUN_00041bee	
0x041C1E	7218	moveq	0x18, D1	FUN_00041c1e	
0x041C20	0C00004F	cmpi.b	#0x4f, D0b	FUN_00041c1e	
0x041C24	670A	beq.b	0x00041c30	FUN_00041c1e	CONDITIONAL_JUMP:00041c30
0x041C26	E249	lsr.w	#0x1, D1w	FUN_00041c1e	
0x041C28	0C000050	cmpi.b	#0x50, D0b	FUN_00041c1e	
0x041C2C	6702	beq.b	0x00041c30	FUN_00041c1e	CONDITIONAL_JUMP:00041c30
0x041C2E	4241	clr.w	D1w	FUN_00041c1e	
0x041C30	D26D0216	add.w	(0x216,A5), D1w	FUN_00041c1e	
0x041C34	39410016	move.w	D1w, (0x16,A4)	FUN_00041c1e	
0x041C38	0C6D0053013E	cmpi.w	#0x53, (0x13e,A5)	FUN_00041c1e	
0x041C3E	6710	beq.b	0x00041c50	FUN_00041c1e	CONDITIONAL_JUMP:00041c50
0x041C40	0C6D0058013E	cmpi.w	#0x58, (0x13e,A5)	FUN_00041c1e	
0x041C46	6710	beq.b	0x00041c58	FUN_00041c1e	CONDITIONAL_JUMP:00041c58
0x041C48	0C6D0075013E	cmpi.w	#0x75, (0x13e,A5)	FUN_00041c1e	
0x041C4E	6606	bne.b	0x00041c56	FUN_00041c1e	CONDITIONAL_JUMP:00041c56
0x041C50	046C00100016	subi.w	#0x10, (0x16,A4)	FUN_00041c1e	
0x041C56	4E75	rts		FUN_00041c1e	
0x041C58	066C00100016	addi.w	#0x10, (0x16,A4)	FUN_00041c1e	
0x041C5E	4E75	rts		FUN_00041c1e	
0x041C60	302D0218	move.w	(0x218,A5), D0w	FUN_00041c60	
0x041C64	322D013E	move.w	(0x13e,A5), D1w	FUN_00041c60	
0x041C68	0C410018	cmpi.w	#0x18, D1w	FUN_00041c60	
0x041C6C	6564	bcs.b	0x00041cd2	FUN_00041c60	CONDITIONAL_JUMP:00041cd2
0x041C6E	0C410025	cmpi.w	#0x25, D1w	FUN_00041c60	
0x041C72	6520	bcs.b	0x00041c94	FUN_00041c60	CONDITIONAL_JUMP:00041c94
0x041C74	0C41004D	cmpi.w	#0x4d, D1w	FUN_00041c60	
0x041C78	6558	bcs.b	0x00041cd2	FUN_00041c60	CONDITIONAL_JUMP:00041cd2
0x041C7A	0C410053	cmpi.w	#0x53, D1w	FUN_00041c60	
0x041C7E	6558	bcs.b	0x00041cd8	FUN_00041c60	CONDITIONAL_JUMP:00041cd8
0x041C80	0C410058	cmpi.w	#0x58, D1w	FUN_00041c60	
0x041C84	654C	bcs.b	0x00041cd2	FUN_00041c60	CONDITIONAL_JUMP:00041cd2
0x041C86	0C410070	cmpi.w	#0x70, D1w	FUN_00041c60	
0x041C8A	6752	beq.b	0x00041cde	FUN_00041c60	CONDITIONAL_JUMP:00041cde
0x041C8C	0C410075	cmpi.w	#0x75, D1w	FUN_00041c60	
0x041C90	6752	beq.b	0x00041ce4	FUN_00041c60	CONDITIONAL_JUMP:00041ce4
0x041C92	602A	bra.b	0x00041cbe	FUN_00041c60	UNCONDITIONAL_JUMP:00041cbe
0x041C94	0C6D0022013E	cmpi.w	#0x22, (0x13e,A5)	FUN_00041c60	
0x041C9A	6622	bne.b	0x00041cbe	FUN_00041c60	CONDITIONAL_JUMP:00041cbe
0x041C9C	2E0C	move.l	A4, D7	FUN_00041c60	
0x041C9E	3B7C00020286	move.w	#0x2, (0x286,A5)	FUN_00041c60	
0x041CA4	49ED0408	lea	(0x408,A5), A4	FUN_00041c60	
0x041CA8	610022A8	bsr.w	0x00043f52	FUN_00041c60	UNCONDITIONAL_CALL:00043f52
0x041CAC	2847	movea.l	D7, A4	FUN_00041c60	
0x041CAE	3B7C00010288	move.w	#0x1, (0x288,A5)	FUN_00041c60	
0x041CB4	3B7C000102A4	move.w	#0x1, (0x2a4,A5)	FUN_00041c60	
0x041CBA	302D0218	move.w	(0x218,A5), D0w	FUN_00041c60	
0x041CBE	04400088	subi.w	#0x88, D0w	FUN_00041c60	
0x041CC2	3940001A	move.w	D0w, (0x1a,A4)	FUN_00041c60	
0x041CC6	4E75	rts		FUN_00041c60	
0x041CCC	3940001A	move.w	D0w, (0x1a,A4)	FUN_00041c60	
0x041CD0	4E75	rts		FUN_00041c60	
0x041CD2	04400060	subi.w	#0x60, D0w	FUN_00041c60	
0x041CD6	60F4	bra.b	0x00041ccc	FUN_00041c60	UNCONDITIONAL_JUMP:00041ccc
0x041CD8	04400040	subi.w	#0x40, D0w	FUN_00041c60	
0x041CDC	60EE	bra.b	0x00041ccc	FUN_00041c60	UNCONDITIONAL_JUMP:00041ccc
0x041CDE	04400020	subi.w	#0x20, D0w	FUN_00041c60	
0x041CE2	60E8	bra.b	0x00041ccc	FUN_00041c60	UNCONDITIONAL_JUMP:00041ccc
0x041CE4	04400078	subi.w	#0x78, D0w	FUN_00041c60	
0x041CE8	60E2	bra.b	0x00041ccc	FUN_00041c60	UNCONDITIONAL_JUMP:00041ccc
0x041D08	19580008	move.b	(A0)+, (0x8,A4)	FUN_00041d08	
0x041D0C	1958000D	move.b	(A0)+, (0xd,A4)	FUN_00041d08	
0x041D10	1958000E	move.b	(A0)+, (0xe,A4)	FUN_00041d08	
0x041D14	1958000F	move.b	(A0)+, (0xf,A4)	FUN_00041d08	
0x041D18	19580010	move.b	(A0)+, (0x10,A4)	FUN_00041d08	
0x041D1C	19580011	move.b	(A0)+, (0x11,A4)	FUN_00041d08	
0x041D20	19500013	move.b	(A0), (0x13,A4)	FUN_00041d08	
0x041D24	4E75	rts		FUN_00041d08	
0x041DAE	49ED0508	lea	(0x508,A5), A4	FUN_00041dae	
0x041DB2	43F900D001C8	lea	(0xd001c8).l, A1	FUN_00041dae	DATA:00d001c8
0x041DB8	426D0214	clr.w	(0x214,A5)	FUN_00041dae	
0x041DBC	4A2C0000	tst.b	(0x0,A4)	FUN_00041dae	
0x041DC0	670000F4	beq.w	0x00041eb6	FUN_00041dae	CONDITIONAL_JUMP:00041eb6
0x041DC4	102C0001	move.b	(0x1,A4), D0b	FUN_00041dae	
0x041DC8	1C2C0020	move.b	(0x20,A4), D6b	FUN_00041dae	
0x041DCC	1E2C0002	move.b	(0x2,A4), D7b	FUN_00041dae	
0x041DD0	740D	moveq	0xd, D2	FUN_00041dae	
0x041DD2	6100B280	bsr.w	0x0003d054	FUN_00041dae	UNCONDITIONAL_CALL:0003d054
0x041DD6	D9FC00000040	adda.l	#0x40, A4	FUN_00041dae	
0x041DDC	526D0214	addq.w	0x1, (0x214,A5)	FUN_00041dae	
0x041DE0	0C6D00020214	cmpi.w	#0x2, (0x214,A5)	FUN_00041dae	
0x041DE6	66D4	bne.b	0x00041dbc	FUN_00041dae	CONDITIONAL_JUMP:00041dbc
0x041DE8	49ED05C8	lea	(0x5c8,A5), A4	FUN_00041dae	
0x041DEC	43F900D00300	lea	(0xd00300).l, A1	FUN_00041dae	DATA:00d00300
0x041DF2	426D0214	clr.w	(0x214,A5)	FUN_00041dae	
0x041DF6	4A2C0000	tst.b	(0x0,A4)	FUN_00041dae	
0x041DFA	670000CE	beq.w	0x00041eca	FUN_00041dae	CONDITIONAL_JUMP:00041eca
0x041DFE	102C0001	move.b	(0x1,A4), D0b	FUN_00041dae	
0x041E02	1C2C0020	move.b	(0x20,A4), D6b	FUN_00041dae	
0x041E06	1E2C0002	move.b	(0x2,A4), D7b	FUN_00041dae	
0x041E0A	7404	moveq	0x4, D2	FUN_00041dae	
0x041E0C	6100B246	bsr.w	0x0003d054	FUN_00041dae	UNCONDITIONAL_CALL:0003d054
0x041E10	D9FC00000040	adda.l	#0x40, A4	FUN_00041dae	
0x041E16	526D0214	addq.w	0x1, (0x214,A5)	FUN_00041dae	
0x041E1A	0C6D00060214	cmpi.w	#0x6, (0x214,A5)	FUN_00041dae	
0x041E20	66D4	bne.b	0x00041df6	FUN_00041dae	CONDITIONAL_JUMP:00041df6
0x041E22	49ED02C8	lea	(0x2c8,A5), A4	FUN_00041dae	
0x041E26	426D0214	clr.w	(0x214,A5)	FUN_00041dae	
0x041E2A	43F900D00460	lea	(0xd00460).l, A1	FUN_00041dae	DATA:00d00460
0x041E30	4A2C0000	tst.b	(0x0,A4)	FUN_00041dae	
0x041E34	670000A8	beq.w	0x00041ede	FUN_00041dae	CONDITIONAL_JUMP:00041ede
0x041E38	4A2C0005	tst.b	(0x5,A4)	FUN_00041dae	
0x041E3C	670000A0	beq.w	0x00041ede	FUN_00041dae	CONDITIONAL_JUMP:00041ede
0x041E40	4A2C0003	tst.b	(0x3,A4)	FUN_00041dae	
0x041E44	6600D178	bne.w	0x0003efbe	FUN_00041dae	CONDITIONAL_JUMP:0003efbe
0x041E48	102C0001	move.b	(0x1,A4), D0b	FUN_00041dae	
0x041E4C	1C2C0020	move.b	(0x20,A4), D6b	FUN_00041dae	
0x041E50	1E2C0002	move.b	(0x2,A4), D7b	FUN_00041dae	
0x041E54	740A	moveq	0xa, D2	FUN_00041dae	
0x041E56	0C6D00080214	cmpi.w	#0x8, (0x214,A5)	FUN_00041dae	
0x041E5C	6602	bne.b	0x00041e60	FUN_00041dae	CONDITIONAL_JUMP:00041e60
0x041E5E	7413	moveq	0x13, D2	FUN_00041dae	
0x041E60	6100B1F2	bsr.w	0x0003d054	FUN_00041dae	UNCONDITIONAL_CALL:0003d054
0x041E64	D9FC00000040	adda.l	#0x40, A4	FUN_00041dae	
0x041E6A	526D0214	addq.w	0x1, (0x214,A5)	FUN_00041dae	
0x041E6E	0C6D00090214	cmpi.w	#0x9, (0x214,A5)	FUN_00041dae	
0x041E74	66BA	bne.b	0x00041e30	FUN_00041dae	CONDITIONAL_JUMP:00041e30
0x041E76	49ED0748	lea	(0x748,A5), A4	FUN_00041dae	
0x041E7A	43F900D00170	lea	(0xd00170).l, A1	FUN_00041dae	DATA:00d00170
0x041E80	426D0214	clr.w	(0x214,A5)	FUN_00041dae	
0x041E84	4A2C0000	tst.b	(0x0,A4)	FUN_00041dae	DATA:00000748;DATA:00000788
0x041E88	6772	beq.b	0x00041efc	FUN_00041dae	CONDITIONAL_JUMP:00041efc
0x041E8A	4A2C0036	tst.b	(0x36,A4)	FUN_00041dae	DATA:0000077e;DATA:000007be
0x041E8E	666C	bne.b	0x00041efc	FUN_00041dae	CONDITIONAL_JUMP:00041efc
0x041E90	102C0001	move.b	(0x1,A4), D0b	FUN_00041dae	DATA:00000749;DATA:00000789
0x041E94	1C2C0020	move.b	(0x20,A4), D6b	FUN_00041dae	DATA:00000768;DATA:000007a8
0x041E98	1E2C0002	move.b	(0x2,A4), D7b	FUN_00041dae	DATA:0000074a;DATA:0000078a
0x041E9C	7401	moveq	0x1, D2	FUN_00041dae	
0x041E9E	6100B1B4	bsr.w	0x0003d054	FUN_00041dae	UNCONDITIONAL_CALL:0003d054
0x041EA2	D9FC00000040	adda.l	#0x40, A4	FUN_00041dae	
0x041EA8	526D0214	addq.w	0x1, (0x214,A5)	FUN_00041dae	
0x041EAC	0C6D000B0214	cmpi.w	#0xb, (0x214,A5)	FUN_00041dae	
0x041EB2	66D0	bne.b	0x00041e84	FUN_00041dae	CONDITIONAL_JUMP:00041e84
0x041EB4	4E75	rts		FUN_00041dae	
0x041EB6	303C0180	move.w	#0x180, D0w	FUN_00041dae	
0x041EBA	740D	moveq	0xd, D2	FUN_00041dae	
0x041EBC	33400002	move.w	D0w, (0x2,A1)	FUN_00041dae	
0x041EC0	5089	addq.l	0x8, A1	FUN_00041dae	
0x041EC2	5342	subq.w	0x1, D2w	FUN_00041dae	
0x041EC4	66F6	bne.b	0x00041ebc	FUN_00041dae	CONDITIONAL_JUMP:00041ebc
0x041EC6	6000FF0E	bra.w	0x00041dd6	FUN_00041dae	UNCONDITIONAL_JUMP:00041dd6
0x041ECA	303C0180	move.w	#0x180, D0w	FUN_00041dae	
0x041ECE	7404	moveq	0x4, D2	FUN_00041dae	
0x041ED0	33400002	move.w	D0w, (0x2,A1)	FUN_00041dae	
0x041ED4	5089	addq.l	0x8, A1	FUN_00041dae	
0x041ED6	5342	subq.w	0x1, D2w	FUN_00041dae	
0x041ED8	66F6	bne.b	0x00041ed0	FUN_00041dae	CONDITIONAL_JUMP:00041ed0
0x041EDA	6000FF34	bra.w	0x00041e10	FUN_00041dae	UNCONDITIONAL_JUMP:00041e10
0x041EDE	303C0180	move.w	#0x180, D0w	FUN_00041ede	
0x041EE2	740A	moveq	0xa, D2	FUN_00041ede	
0x041EE4	0C6D00080214	cmpi.w	#0x8, (0x214,A5)	FUN_00041ede	
0x041EEA	6602	bne.b	0x00041eee	FUN_00041ede	CONDITIONAL_JUMP:00041eee
0x041EEC	7413	moveq	0x13, D2	FUN_00041ede	
0x041EEE	33400002	move.w	D0w, (0x2,A1)	FUN_00041ede	
0x041EF2	5089	addq.l	0x8, A1	FUN_00041ede	
0x041EF4	5342	subq.w	0x1, D2w	FUN_00041ede	
0x041EF6	66F6	bne.b	0x00041eee	FUN_00041ede	CONDITIONAL_JUMP:00041eee
0x041EF8	6000FF6A	bra.w	0x00041e64	FUN_00041ede	UNCONDITIONAL_JUMP:00041e64
0x041EFC	303C0180	move.w	#0x180, D0w	FUN_00041ede	
0x041F00	7401	moveq	0x1, D2	FUN_00041ede	
0x041F02	33400002	move.w	D0w, (0x2,A1)	FUN_00041ede	
0x041F06	5089	addq.l	0x8, A1	FUN_00041ede	
0x041F08	5342	subq.w	0x1, D2w	FUN_00041ede	
0x041F0A	66F6	bne.b	0x00041f02	FUN_00041ede	CONDITIONAL_JUMP:00041f02
0x041F0C	6094	bra.b	0x00041ea2	FUN_00041ede	UNCONDITIONAL_JUMP:00041ea2
0x041F30	4EB900055AB4	jsr	0x00055ab4.l	FUN_00041f30	UNCONDITIONAL_CALL:00055ab4
0x041F36	61003E3A	bsr.w	0x00045d72	FUN_00041f30	UNCONDITIONAL_CALL:00045d72
0x041F3A	4EB90005988C	jsr	0x0005988c.l	FUN_00041f30	UNCONDITIONAL_CALL:0005988c
0x041F40	4EB900059882	jsr	0x00059882.l	FUN_00041f30	UNCONDITIONAL_CALL:00059882
0x041F46	610050BC	bsr.w	0x00047004	FUN_00041f30	UNCONDITIONAL_CALL:00047004
0x041F4A	61000012	bsr.w	0x00041f5e	FUN_00041f30	UNCONDITIONAL_CALL:00041f5e
0x041F4E	0C6D000202A2	cmpi.w	#0x2, (0x2a2,A5)	FUN_00041f30	
0x041F54	67003EA4	beq.w	0x00045dfa	FUN_00041f30	CONDITIONAL_JUMP:00045dfa
0x041F58	6100FE54	bsr.w	0x00041dae	FUN_00041f30	UNCONDITIONAL_CALL:00041dae
0x041F5C	4E75	rts		FUN_00041f30	
0x041F5E	41ED11B2	lea	(0x11b2,A5), A0	FUN_00041f5e	
0x041F62	7012	moveq	0x12, D0	FUN_00041f5e	
0x041F64	43F900D003C0	lea	(0xd003c0).l, A1	FUN_00041f5e	DATA:00d003c0
0x041F6A	6100000E	bsr.w	0x00041f7a	FUN_00041f5e	UNCONDITIONAL_CALL:00041f7a
0x041F6E	41ED0170	lea	(0x170,A5), A0	FUN_00041f5e	
0x041F72	7004	moveq	0x4, D0	FUN_00041f5e	
0x041F74	43F900D002E0	lea	(0xd002e0).l, A1	FUN_00041f5e	DATA:00d002e0
0x041F7A	4A50	tst.w	(A0)	FUN_00041f7a	
0x041F7C	670E	beq.b	0x00041f8c	FUN_00041f7a	CONDITIONAL_JUMP:00041f8c
0x041F7E	32D8	move.w	(A0)+, (A1)+	FUN_00041f7a	
0x041F80	32D8	move.w	(A0)+, (A1)+	FUN_00041f7a	
0x041F82	32D8	move.w	(A0)+, (A1)+	FUN_00041f7a	
0x041F84	32D8	move.w	(A0)+, (A1)+	FUN_00041f7a	
0x041F86	5340	subq.w	0x1, D0w	FUN_00041f7a	
0x041F88	66F0	bne.b	0x00041f7a	FUN_00041f7a	CONDITIONAL_JUMP:00041f7a
0x041F8A	4E75	rts		FUN_00041f7a	
0x041F8C	337C01800002	move.w	#0x180, (0x2,A1)	FUN_00041f7a	
0x041F92	5089	addq.l	0x8, A1	FUN_00041f7a	
0x041F94	60F0	bra.b	0x00041f86	FUN_00041f7a	UNCONDITIONAL_JUMP:00041f86
0x041F96	103C0003	move.b	#0x3, D0b	FUN_00041f96	
0x041F9A	4E75	rts		FUN_00041f96	
0x04243C	6708	beq.b	0x00042446		CONDITIONAL_JUMP:00042446
0x04243E	196C05300010	move.b	(0x530,A4), (0x10,A4)		
0x042444	6010	bra.b	0x00042456		UNCONDITIONAL_JUMP:00042456
0x042446	082C00000531	btst.b	#0x0, (0x531,A4)		
0x04244C	6708	beq.b	0x00042456		CONDITIONAL_JUMP:00042456
0x04244E	303C000D	move.w	#0xd, D0w		
0x042452	610008CC	bsr.w	0x00042d20		UNCONDITIONAL_CALL:00042d20
0x042456	610009E0	bsr.w	0x00042e38		UNCONDITIONAL_CALL:00042e38
0x04245A	4A2C0007	tst.b	(0x7,A4)		
0x04245E	6624	bne.b	0x00042484		CONDITIONAL_JUMP:00042484
0x042460	522C052F	addq.b	0x1, (0x52f,A4)		
0x042464	0C2C0003052F	cmpi.b	#0x3, (0x52f,A4)		
0x04246A	6618	bne.b	0x00042484		CONDITIONAL_JUMP:00042484
0x04246C	422C052F	clr.b	(0x52f,A4)		
0x042470	522C0531	addq.b	0x1, (0x531,A4)		
0x042474	102C0531	move.b	(0x531,A4), D0b		
0x042478	02000001	andi.b	#0x1, D0b		
0x04247C	0A000001	eori.b	#0x1, D0b		
0x042480	19400002	move.b	D0b, (0x2,A4)		
0x042484	302C0034	move.w	(0x34,A4), D0w		
0x042488	0C40FE64	cmpi.w	#-0x19c, D0w		
0x04248C	640C	bcc.b	0x0004249a		CONDITIONAL_JUMP:0004249a
0x04248E	0C400300	cmpi.w	#0x300, D0w		
0x042492	6506	bcs.b	0x0004249a		CONDITIONAL_JUMP:0004249a
0x042494	6100E498	bsr.w	0x0004092e		UNCONDITIONAL_CALL:0004092e
0x042498	4E75	rts			
0x04249A	102C052F	move.b	(0x52f,A4), D0b		
0x04249E	0C000001	cmpi.b	#0x1, D0b		
0x0424A2	670C	beq.b	0x000424b0		CONDITIONAL_JUMP:000424b0
0x0424A4	E308	lsl.b	#0x1, D0b		
0x0424A6	060000BA	addi.b	#-0x46, D0b		
0x0424AA	19400001	move.b	D0b, (0x1,A4)		
0x0424AE	4E75	rts			
0x0424B0	122C000E	move.b	(0xe,A4), D1b		
0x0424B4	7001	moveq	0x1, D0		
0x0424B6	0C010011	cmpi.b	#0x11, D1b		
0x0424BA	640A	bcc.b	0x000424c6		CONDITIONAL_JUMP:000424c6
0x0424BC	5200	addq.b	0x1, D0b		
0x0424BE	0C010008	cmpi.b	#0x8, D1b		
0x0424C2	6402	bcc.b	0x000424c6		CONDITIONAL_JUMP:000424c6
0x0424C4	5200	addq.b	0x1, D0b		
0x0424C6	60DE	bra.b	0x000424a6		UNCONDITIONAL_JUMP:000424a6
0x042808	670E	beq.b	0x00042818		CONDITIONAL_JUMP:00042818
0x04280A	4200	clr.b	D0b		
0x04280C	4A6D0236	tst.w	(0x236,A5)		
0x042810	6702	beq.b	0x00042814		CONDITIONAL_JUMP:00042814
0x042812	5200	addq.b	0x1, D0b		
0x042814	19400002	move.b	D0b, (0x2,A4)		
0x042818	4E75	rts			
0x042A88	19400001	move.b	D0b, (0x1,A4)		
0x042A8C	4E75	rts			
0x042B10	0C2C00080006	cmpi.b	#0x8, (0x6,A4)		
0x042B16	660A	bne.b	0x00042b22		CONDITIONAL_JUMP:00042b22
0x042B18	103C0025	move.b	#0x25, D0b		
0x042B1C	4EB90003A0EC	jsr	0x0003a0ec.l		UNCONDITIONAL_CALL:0003a0ec
0x042B22	6100DE0A	bsr.w	0x0004092e		UNCONDITIONAL_CALL:0004092e
0x042B26	4E75	rts			
0x042BC8	102C0006	move.b	(0x6,A4), D0b		
0x042BCC	0C000002	cmpi.b	#0x2, D0b		
0x042BD0	6626	bne.b	0x00042bf8		CONDITIONAL_JUMP:00042bf8
0x042BD2	532C0009	subq.b	0x1, (0x9,A4)		
0x042BD6	6620	bne.b	0x00042bf8		CONDITIONAL_JUMP:00042bf8
0x042BD8	197C00040009	move.b	#0x4, (0x9,A4)		
0x042BDE	522C0008	addq.b	0x1, (0x8,A4)		
0x042BE2	0C2C00030008	cmpi.b	#0x3, (0x8,A4)		
0x042BE8	6400FF26	bcc.w	0x00042b10		CONDITIONAL_JUMP:00042b10
0x042BEC	102C0008	move.b	(0x8,A4), D0b		
0x042BF0	060000A7	addi.b	#-0x59, D0b		
0x042BF4	19400001	move.b	D0b, (0x1,A4)		
0x042BF8	4E75	rts			
0x042C08	0C2C00070023	cmpi.b	#0x7, (0x23,A4)		
0x042C0E	6520	bcs.b	0x00042c30		CONDITIONAL_JUMP:00042c30
0x042C10	197C00010011	move.b	#0x1, (0x11,A4)		
0x042C16	442C000F	neg.b	(0xf,A4)		
0x042C1A	197C0008000E	move.b	#0x8, (0xe,A4)		
0x042C20	7024	moveq	0x24, D0		
0x042C22	4A2C0002	tst.b	(0x2,A4)		
0x042C26	6702	beq.b	0x00042c2a		CONDITIONAL_JUMP:00042c2a
0x042C28	7015	moveq	0x15, D0		
0x042C2A	1940000D	move.b	D0b, (0xd,A4)		
0x042C2E	4E75	rts			
0x042C30	197C00FF0011	move.b	#-0x1, (0x11,A4)		
0x042C36	702B	moveq	0x2b, D0		
0x042C38	4A2C0002	tst.b	(0x2,A4)		
0x042C3C	67EC	beq.b	0x00042c2a		CONDITIONAL_JUMP:00042c2a
0x042C3E	700E	moveq	0xe, D0		
0x042C40	60E8	bra.b	0x00042c2a		UNCONDITIONAL_JUMP:00042c2a
0x042C48	422C0013	clr.b	(0x13,A4)		
0x042C4C	60E2	bra.b	0x00042c30		UNCONDITIONAL_JUMP:00042c30
0x042C88	00064A00	ori.b	#0x0, D6b		
0x042C8C	662A	bne.b	0x00042cb8		CONDITIONAL_JUMP:00042cb8
0x042C8E	4240	clr.w	D0w		
0x042C90	0C2C000E000E	cmpi.b	#0xe, (0xe,A4)		
0x042C96	640C	bcc.b	0x00042ca4		CONDITIONAL_JUMP:00042ca4
0x042C98	7002	moveq	0x2, D0		
0x042C9A	0C2C000C000E	cmpi.b	#0xc, (0xe,A4)		
0x042CA0	6402	bcc.b	0x00042ca4		CONDITIONAL_JUMP:00042ca4
0x042CA2	7004	moveq	0x4, D0		
0x042CA4	082D00020201	btst.b	#0x2, (0x201,A5)		
0x042CAA	6702	beq.b	0x00042cae		CONDITIONAL_JUMP:00042cae
0x042CAC	5240	addq.w	0x1, D0w		
0x042CAE	0600002A	addi.b	#0x2a, D0b		
0x042CB2	19400001	move.b	D0b, (0x1,A4)		
0x042CB6	4E75	rts			
0x042CB8	0C000003	cmpi.b	#0x3, D0b		
0x042CBC	6620	bne.b	0x00042cde		CONDITIONAL_JUMP:00042cde
0x042CBE	102D0201	move.b	(0x201,A5), D0b		
0x042CC2	0200000E	andi.b	#0xe, D0b		
0x042CC6	E208	lsr.b	#0x1, D0b		
0x042CC8	4A2C0002	tst.b	(0x2,A4)		
0x042CCC	6606	bne.b	0x00042cd4		CONDITIONAL_JUMP:00042cd4
0x042CCE	7207	moveq	0x7, D1		
0x042CD0	9200	sub.b	D0b, D1b		
0x042CD2	C141	exg	D0, D1		
0x042CD4	060000AA	addi.b	#-0x56, D0b		
0x042CD8	19400001	move.b	D0b, (0x1,A4)		
0x042CDC	4E75	rts			
0x042CDE	0C000004	cmpi.b	#0x4, D0b		
0x042CE2	661E	bne.b	0x00042d02		CONDITIONAL_JUMP:00042d02
0x042CE4	143C00DA	move.b	#-0x26, D2b		
0x042CE8	302D0200	move.w	(0x200,A5), D0w		
0x042CEC	0240000C	andi.w	#0xc, D0w		
0x042CF0	E448	lsr.w	#0x2, D0w		
0x042CF2	0C400003	cmpi.w	#0x3, D0w		
0x042CF6	6602	bne.b	0x00042cfa		CONDITIONAL_JUMP:00042cfa
0x042CF8	7001	moveq	0x1, D0		
0x042CFA	D002	add.b	D2b, D0b		
0x042CFC	19400001	move.b	D0b, (0x1,A4)		
0x042D00	4E75	rts			
0x042D02	0C6C00E9001A	cmpi.w	#0xe9, (0x1a,A4)		
0x042D08	6510	bcs.b	0x00042d1a		CONDITIONAL_JUMP:00042d1a
0x042D0A	397C00E6001A	move.w	#0xe6, (0x1a,A4)		
0x042D10	61001ADE	bsr.w	0x000447f0		UNCONDITIONAL_CALL:000447f0
0x042D14	197C00FF003D	move.b	#-0x1, (0x3d,A4)		
0x042D1A	143C00BF	move.b	#-0x41, D2b		
0x042D1E	60C8	bra.b	0x00042ce8		UNCONDITIONAL_JUMP:00042ce8
0x042D20	41FA0068	lea	(0x68,PC), A0	FUN_00042d20	DATA:00042d8a
0x042D24	6006	bra.b	0x00042d2c	FUN_00042d20	UNCONDITIONAL_JUMP:00042d2c
0x042D2C	E748	lsl.w	#0x3, D0w	FUN_00042d20	
0x042D2E	D0C0	adda.w	D0w, A0	FUN_00042d20	
0x042D30	0C2C00030005	cmpi.b	#0x3, (0x5,A4)	FUN_00042d20	
0x042D36	6406	bcc.b	0x00042d3e	FUN_00042d20	CONDITIONAL_JUMP:00042d3e
0x042D38	196800070002	move.b	(0x7,A0), (0x2,A4)	FUN_00042d20	DATA:00042d91
0x042D3E	6000EFC8	bra.w	0x00041d08	FUN_00042d20	UNCONDITIONAL_CALL:00041d08
0x042E38	4A2C0007	tst.b	(0x7,A4)	actor_velocity_and_map_collision_42e38	
0x042E3C	660E	bne.b	0x00042e4c	actor_velocity_and_map_collision_42e38	CONDITIONAL_JUMP:00042e4c
0x042E3E	196C00080009	move.b	(0x8,A4), (0x9,A4)	actor_velocity_and_map_collision_42e38	
0x042E44	197C00010007	move.b	#0x1, (0x7,A4)	actor_velocity_and_map_collision_42e38	
0x042E4A	6034	bra.b	0x00042e80	actor_velocity_and_map_collision_42e38	UNCONDITIONAL_JUMP:00042e80
0x042E4C	042C00010009	subi.b	#0x1, (0x9,A4)	actor_velocity_and_map_collision_42e38	
0x042E52	661A	bne.b	0x00042e6e	actor_velocity_and_map_collision_42e38	CONDITIONAL_JUMP:00042e6e
0x042E54	196C00080009	move.b	(0x8,A4), (0x9,A4)	actor_velocity_and_map_collision_42e38	
0x042E5A	042C00010012	subi.b	#0x1, (0x12,A4)	actor_velocity_and_map_collision_42e38	
0x042E60	6654	bne.b	0x00042eb6	actor_velocity_and_map_collision_42e38	CONDITIONAL_JUMP:00042eb6
0x042E62	042C0001000E	subi.b	#0x1, (0xe,A4)	actor_velocity_and_map_collision_42e38	
0x042E68	6606	bne.b	0x00042e70	actor_velocity_and_map_collision_42e38	CONDITIONAL_JUMP:00042e70
0x042E6A	422C0007	clr.b	(0x7,A4)	actor_velocity_and_map_collision_42e38	
0x042E6E	4E75	rts		actor_velocity_and_map_collision_42e38	
0x042E70	102C000F	move.b	(0xf,A4), D0b	actor_velocity_and_map_collision_42e38	
0x042E74	D02C000D	add.b	(0xd,A4), D0b	actor_velocity_and_map_collision_42e38	
0x042E78	6100A0C6	bsr.w	0x0003cf40	actor_velocity_and_map_collision_42e38	UNCONDITIONAL_CALL:0003cf40
0x042E7C	1940000D	move.b	D0b, (0xd,A4)	actor_velocity_and_map_collision_42e38	
0x042E80	4240	clr.w	D0w	actor_velocity_and_map_collision_42e38	
0x042E82	102C000D	move.b	(0xd,A4), D0b	actor_velocity_and_map_collision_42e38	
0x042E86	6100A0CA	bsr.w	0x0003cf52	actor_velocity_and_map_collision_42e38	UNCONDITIONAL_CALL:0003cf52
0x042E8A	102C000D	move.b	(0xd,A4), D0b	actor_velocity_and_map_collision_42e38	
0x042E8E	04000008	subi.b	#0x8, D0b	actor_velocity_and_map_collision_42e38	
0x042E92	6512	bcs.b	0x00042ea6	actor_velocity_and_map_collision_42e38	CONDITIONAL_JUMP:00042ea6
0x042E94	0400000E	subi.b	#0xe, D0b	actor_velocity_and_map_collision_42e38	
0x042E98	6516	bcs.b	0x00042eb0	actor_velocity_and_map_collision_42e38	CONDITIONAL_JUMP:00042eb0
0x042E9A	0400000E	subi.b	#0xe, D0b	actor_velocity_and_map_collision_42e38	
0x042E9E	6506	bcs.b	0x00042ea6	actor_velocity_and_map_collision_42e38	CONDITIONAL_JUMP:00042ea6
0x042EA0	0400000E	subi.b	#0xe, D0b	actor_velocity_and_map_collision_42e38	
0x042EA4	650A	bcs.b	0x00042eb0	actor_velocity_and_map_collision_42e38	CONDITIONAL_JUMP:00042eb0
0x042EA6	102C0010	move.b	(0x10,A4), D0b	actor_velocity_and_map_collision_42e38	
0x042EAA	19400012	move.b	D0b, (0x12,A4)	actor_velocity_and_map_collision_42e38	
0x042EAE	6006	bra.b	0x00042eb6	actor_velocity_and_map_collision_42e38	UNCONDITIONAL_JUMP:00042eb6
0x042EB0	102C0011	move.b	(0x11,A4), D0b	actor_velocity_and_map_collision_42e38	
0x042EB4	60F4	bra.b	0x00042eaa	actor_velocity_and_map_collision_42e38	UNCONDITIONAL_JUMP:00042eaa
0x042EB6	4A2C0026	tst.b	(0x26,A4)	actor_velocity_and_map_collision_42e38	
0x042EBA	663A	bne.b	0x00042ef6	actor_velocity_and_map_collision_42e38	CONDITIONAL_JUMP:00042ef6
0x042EBC	302C0014	move.w	(0x14,A4), D0w	actor_velocity_and_map_collision_42e38	
0x042EC0	D16C0016	add.w	D0w, (0x16,A4)	actor_velocity_and_map_collision_42e38	
0x042EC4	302C0018	move.w	(0x18,A4), D0w	actor_velocity_and_map_collision_42e38	
0x042EC8	D16C001A	add.w	D0w, (0x1a,A4)	actor_velocity_and_map_collision_42e38	
0x042ECC	0C2C00050006	cmpi.b	#0x5, (0x6,A4)	actor_velocity_and_map_collision_42e38	
0x042ED2	6422	bcc.b	0x00042ef6	actor_velocity_and_map_collision_42e38	CONDITIONAL_JUMP:00042ef6
0x042ED4	322C0016	move.w	(0x16,A4), D1w	actor_velocity_and_map_collision_42e38	
0x042ED8	024101FF	andi.w	#0x1ff, D1w	actor_velocity_and_map_collision_42e38	
0x042EDC	342C001A	move.w	(0x1a,A4), D2w	actor_velocity_and_map_collision_42e38	
0x042EE0	024201FF	andi.w	#0x1ff, D2w	actor_velocity_and_map_collision_42e38	
0x042EE4	4EB900053A2E	jsr	0x00053a2e.l	actor_velocity_and_map_collision_42e38	UNCONDITIONAL_CALL:00053a2e
0x042EEA	082800000001	btst.b	#0x0, (0x1,A0)	actor_velocity_and_map_collision_42e38	
0x042EF0	6704	beq.b	0x00042ef6	actor_velocity_and_map_collision_42e38	CONDITIONAL_JUMP:00042ef6
0x042EF2	610018FC	bsr.w	0x000447f0	actor_velocity_and_map_collision_42e38	UNCONDITIONAL_CALL:000447f0
0x042EF6	4E75	rts		actor_velocity_and_map_collision_42e38	
0x042F58	197C00030009	move.b	#0x3, (0x9,A4)		
0x042F5E	102C0008	move.b	(0x8,A4), D0b		
0x042F62	B001	cmp.b	D1b, D0b		
0x042F64	651A	bcs.b	0x00042f80		CONDITIONAL_JUMP:00042f80
0x042F66	197C00FF0008	move.b	#-0x1, (0x8,A4)		
0x042F6C	532C000A	subq.b	0x1, (0xa,A4)		
0x042F70	660C	bne.b	0x00042f7e		CONDITIONAL_JUMP:00042f7e
0x042F72	422C0007	clr.b	(0x7,A4)		
0x042F76	422C0022	clr.b	(0x22,A4)		
0x042F7A	422C0037	clr.b	(0x37,A4)		
0x042F7E	4E75	rts			
0x042F80	4240	clr.w	D0w		
0x042F82	102C0008	move.b	(0x8,A4), D0b		
0x042F86	D0C0	adda.w	D0w, A0		
0x042F88	D2C0	adda.w	D0w, A1		
0x042F8A	1010	move.b	(A0), D0b		DATA:00043368;DATA:0004338a;DATA:00043316;DATA:00043270;DATA:000432ca
0x042F8C	D002	add.b	D2b, D0b		
0x042F8E	19400001	move.b	D0b, (0x1,A4)		
0x042F92	19510022	move.b	(A1), (0x22,A4)		DATA:00043370;DATA:0004338f;DATA:00043330;DATA:0004327a;DATA:000432d4
0x042F96	4A2C0022	tst.b	(0x22,A4)		
0x042F9A	6712	beq.b	0x00042fae		CONDITIONAL_JUMP:00042fae
0x042F9C	7070	moveq	0x70, D0		
0x042F9E	0C2C00030038	cmpi.b	#0x3, (0x38,A4)		
0x042FA4	6508	bcs.b	0x00042fae		CONDITIONAL_JUMP:00042fae
0x042FA6	6702	beq.b	0x00042faa		CONDITIONAL_JUMP:00042faa
0x042FA8	7074	moveq	0x74, D0		
0x042FAA	D12C0022	add.b	D0b, (0x22,A4)		
0x042FAE	4E75	rts			
0x04323C	6646	bne.b	0x00043284		CONDITIONAL_JUMP:00043284
0x04323E	102C0008	move.b	(0x8,A4), D0b		
0x043242	0C000002	cmpi.b	#0x2, D0b		
0x043246	6606	bne.b	0x0004324e		CONDITIONAL_JUMP:0004324e
0x043248	3B7C00010280	move.w	#0x1, (0x280,A5)		
0x04324E	0C000009	cmpi.b	#0x9, D0b		
0x043252	6604	bne.b	0x00043258		CONDITIONAL_JUMP:00043258
0x043254	426D0280	clr.w	(0x280,A5)		
0x043258	41FA0016	lea	(0x16,PC), A0		DATA:00043270
0x04325C	43FA001C	lea	(0x1c,PC), A1		DATA:0004327a
0x043260	720A	moveq	0xa, D1		
0x043262	143C005F	move.b	#0x5f, D2b		
0x043266	197C00080009	move.b	#0x8, (0x9,A4)		
0x04326C	6000FCF0	bra.w	0x00042f5e		UNCONDITIONAL_JUMP:00042f5e
0x043284	0C000008	cmpi.b	#0x8, D0b		
0x043288	66000054	bne.w	0x000432de		CONDITIONAL_JUMP:000432de
0x04328C	720A	moveq	0xa, D1		
0x04328E	143C004D	move.b	#0x4d, D2b		
0x043292	41FA0022	lea	(0x22,PC), A0		DATA:000432b6
0x043296	43FA0028	lea	(0x28,PC), A1		DATA:000432c0
0x04329A	082C00020021	btst.b	#0x2, (0x21,A4)		
0x0432A0	6700FCB6	beq.w	0x00042f58		CONDITIONAL_JUMP:00042f58
0x0432A4	41FA0024	lea	(0x24,PC), A0		DATA:000432ca
0x0432A8	43FA002A	lea	(0x2a,PC), A1		DATA:000432d4
0x0432AC	197C00610037	move.b	#0x61, (0x37,A4)		
0x0432B2	6000FCA4	bra.w	0x00042f58		UNCONDITIONAL_JUMP:00042f58
0x0432DE	0C000009	cmpi.b	#0x9, D0b		
0x0432E2	6666	bne.b	0x0004334a		CONDITIONAL_JUMP:0004334a
0x0432E4	102C0008	move.b	(0x8,A4), D0b		
0x0432E8	0C000003	cmpi.b	#0x3, D0b		
0x0432EC	6606	bne.b	0x000432f4		CONDITIONAL_JUMP:000432f4
0x0432EE	3B7C00010280	move.w	#0x1, (0x280,A5)		
0x0432F4	0C000016	cmpi.b	#0x16, D0b		
0x0432F8	6604	bne.b	0x000432fe		CONDITIONAL_JUMP:000432fe
0x0432FA	426D0280	clr.w	(0x280,A5)		
0x0432FE	41FA0016	lea	(0x16,PC), A0		DATA:00043316
0x043302	43FA002C	lea	(0x2c,PC), A1		DATA:00043330
0x043306	721A	moveq	0x1a, D1		
0x043308	143C006E	move.b	#0x6e, D2b		
0x04330C	197C00080009	move.b	#0x8, (0x9,A4)		
0x043312	6000FC4A	bra.w	0x00042f5e		UNCONDITIONAL_JUMP:00042f5e
0x04334A	0C00000A	cmpi.b	#0xa, D0b		
0x04334E	6628	bne.b	0x00043378		CONDITIONAL_JUMP:00043378
0x043350	41FA0016	lea	(0x16,PC), A0		DATA:00043368
0x043354	43FA001A	lea	(0x1a,PC), A1		DATA:00043370
0x043358	7208	moveq	0x8, D1		
0x04335A	143C002D	move.b	#0x2d, D2b		
0x04335E	197C00060009	move.b	#0x6, (0x9,A4)		
0x043364	6000FBF8	bra.w	0x00042f5e		UNCONDITIONAL_JUMP:00042f5e
0x043378	41FA0010	lea	(0x10,PC), A0		DATA:0004338a
0x04337C	43FA0011	lea	(0x11,PC), A1		DATA:0004338f
0x043380	7205	moveq	0x5, D1		
0x043382	143C00B5	move.b	#-0x4b, D2b		
0x043386	6000FBD0	bra.w	0x00042f58		UNCONDITIONAL_JUMP:00042f58
0x043394	4A2E0000	tst.b	(0x0,A6)	FUN_00043394	
0x043398	6604	bne.b	0x0004339e	FUN_00043394	CONDITIONAL_JUMP:0004339e
0x04339A	4240	clr.w	D0w	FUN_00043394	
0x04339C	4E75	rts		FUN_00043394	
0x04339E	DDFC00000040	adda.l	#0x40, A6	FUN_00043394	
0x0433A4	5340	subq.w	0x1, D0w	FUN_00043394	
0x0433A6	66EC	bne.b	0x00043394	FUN_00043394	CONDITIONAL_JUMP:00043394
0x0433A8	7001	moveq	0x1, D0	FUN_00043394	
0x0433AA	4E75	rts		FUN_00043394	
0x0433AC	4DED0748	lea	(0x748,A5), A6	FUN_000433ac	
0x0433B0	700B	moveq	0xb, D0	FUN_000433ac	
0x0433B2	61E0	bsr.b	0x00043394	FUN_000433ac	UNCONDITIONAL_CALL:00043394
0x0433B4	4A40	tst.w	D0w	FUN_000433ac	
0x0433B6	667A	bne.b	0x00043432	FUN_000433ac	CONDITIONAL_JUMP:00043432
0x0433B8	1D7C00010000	move.b	#0x1, (0x0,A6)	FUN_000433ac	DATA:00000748
0x0433BE	422E0005	clr.b	(0x5,A6)	FUN_000433ac	DATA:0000074d
0x0433C2	3D7C0275001E	move.w	#0x275, (0x1e,A6)	FUN_000433ac	DATA:00000766
0x0433C8	1D7C00A70001	move.b	#-0x59, (0x1,A6)	FUN_000433ac	DATA:00000749
0x0433CE	1D7C00010020	move.b	#0x1, (0x20,A6)	FUN_000433ac	DATA:00000768
0x0433D4	1D7C00FF0008	move.b	#-0x1, (0x8,A6)	FUN_000433ac	DATA:00000750
0x0433DA	1D7C00010009	move.b	#0x1, (0x9,A6)	FUN_000433ac	DATA:00000751
0x0433E0	1D7C00020006	move.b	#0x2, (0x6,A6)	FUN_000433ac	DATA:0000074e
0x0433E6	7001	moveq	0x1, D0	FUN_000433ac	
0x0433E8	122C0006	move.b	(0x6,A4), D1b	FUN_000433ac	
0x0433EC	0C010008	cmpi.b	#0x8, D1b	FUN_000433ac	
0x0433F0	673C	beq.b	0x0004342e	FUN_000433ac	CONDITIONAL_JUMP:0004342e
0x0433F2	7009	moveq	0x9, D0	FUN_000433ac	
0x0433F4	0C010009	cmpi.b	#0x9, D1b	FUN_000433ac	
0x0433F8	6734	beq.b	0x0004342e	FUN_000433ac	CONDITIONAL_JUMP:0004342e
0x0433FA	0C01000E	cmpi.b	#0xe, D1b	FUN_000433ac	
0x0433FE	6734	beq.b	0x00043434	FUN_000433ac	CONDITIONAL_JUMP:00043434
0x043400	0C010015	cmpi.b	#0x15, D1b	FUN_000433ac	
0x043404	673C	beq.b	0x00043442	FUN_000433ac	CONDITIONAL_JUMP:00043442
0x043406	4240	clr.w	D0w	FUN_000433ac	
0x043408	0C2C0002003E	cmpi.b	#0x2, (0x3e,A4)	FUN_000433ac	
0x04340E	6712	beq.b	0x00043422	FUN_000433ac	CONDITIONAL_JUMP:00043422
0x043410	0C2C0006003E	cmpi.b	#0x6, (0x3e,A4)	FUN_000433ac	
0x043416	670A	beq.b	0x00043422	FUN_000433ac	CONDITIONAL_JUMP:00043422
0x043418	0C2C0008003E	cmpi.b	#0x8, (0x3e,A4)	FUN_000433ac	
0x04341E	6702	beq.b	0x00043422	FUN_000433ac	CONDITIONAL_JUMP:00043422
0x043420	600C	bra.b	0x0004342e	FUN_000433ac	UNCONDITIONAL_JUMP:0004342e
0x043422	7002	moveq	0x2, D0	FUN_000433ac	
0x043424	0C2C00610037	cmpi.b	#0x61, (0x37,A4)	FUN_000433ac	
0x04342A	6602	bne.b	0x0004342e	FUN_000433ac	CONDITIONAL_JUMP:0004342e
0x04342C	700C	moveq	0xc, D0	FUN_000433ac	
0x04342E	61000020	bsr.w	0x00043450	FUN_000433ac	UNCONDITIONAL_CALL:00043450
0x043432	4E75	rts		FUN_000433ac	
0x043434	700A	moveq	0xa, D0	FUN_000433ac	
0x043436	0C2C005B0022	cmpi.b	#0x5b, (0x22,A4)	FUN_000433ac	
0x04343C	64F0	bcc.b	0x0004342e	FUN_000433ac	CONDITIONAL_JUMP:0004342e
0x04343E	700B	moveq	0xb, D0	FUN_000433ac	
0x043440	60EC	bra.b	0x0004342e	FUN_000433ac	UNCONDITIONAL_JUMP:0004342e
0x043442	701A	moveq	0x1a, D0	FUN_000433ac	
0x043444	0C2C00980022	cmpi.b	#-0x68, (0x22,A4)	FUN_000433ac	
0x04344A	64E2	bcc.b	0x0004342e	FUN_000433ac	CONDITIONAL_JUMP:0004342e
0x04344C	7002	moveq	0x2, D0	FUN_000433ac	
0x04344E	60DE	bra.b	0x0004342e	FUN_000433ac	UNCONDITIONAL_JUMP:0004342e
0x043450	422E0038	clr.b	(0x38,A6)	FUN_00043450	
0x043454	1D400023	move.b	D0b, (0x23,A6)	FUN_00043450	
0x043458	D040	add.w	D0w, D0w	FUN_00043450	
0x04345A	41FA0028	lea	(0x28,PC), A0	FUN_00043450	DATA:00043484
0x04345E	D0C0	adda.w	D0w, A0	FUN_00043450	
0x043460	1210	move.b	(A0), D1b	FUN_00043450	DATA:00043484
0x043462	4881	ext.w	D1w	FUN_00043450	
0x043464	5288	addq.l	0x1, A0	FUN_00043450	
0x043466	1410	move.b	(A0), D2b	FUN_00043450	DATA:00043485
0x043468	4882	ext.w	D2w	FUN_00043450	
0x04346A	4A2C0002	tst.b	(0x2,A4)	FUN_00043450	
0x04346E	6602	bne.b	0x00043472	FUN_00043450	CONDITIONAL_JUMP:00043472
0x043470	4441	neg.w	D1w	FUN_00043450	
0x043472	D26C0016	add.w	(0x16,A4), D1w	FUN_00043450	
0x043476	3D410016	move.w	D1w, (0x16,A6)	FUN_00043450	
0x04347A	D46C001A	add.w	(0x1a,A4), D2w	FUN_00043450	
0x04347E	3D42001A	move.w	D2w, (0x1a,A6)	FUN_00043450	
0x043482	4E75	rts		FUN_00043450	
0x04354E	4DED0748	lea	(0x748,A5), A6	FUN_0004354e	
0x043552	700B	moveq	0xb, D0	FUN_0004354e	
0x043554	6100FE3E	bsr.w	0x00043394	FUN_0004354e	UNCONDITIONAL_CALL:00043394
0x043558	4A40	tst.w	D0w	FUN_0004354e	
0x04355A	664E	bne.b	0x000435aa	FUN_0004354e	CONDITIONAL_JUMP:000435aa
0x04355C	3D7C0D5C001E	move.w	#0xd5c, (0x1e,A6)	FUN_0004354e	DATA:00000766;DATA:00000d5c
0x043562	6100EA32	bsr.w	0x00041f96	FUN_0004354e	UNCONDITIONAL_CALL:00041f96
0x043566	1D400029	move.b	D0b, (0x29,A6)	FUN_0004354e	DATA:00000771
0x04356A	1D7C00F00001	move.b	#-0x10, (0x1,A6)	FUN_0004354e	DATA:00000749
0x043570	1D7C00070006	move.b	#0x7, (0x6,A6)	FUN_0004354e	DATA:0000074e
0x043576	1D7C000C0005	move.b	#0xc, (0x5,A6)	FUN_0004354e	DATA:0000074d
0x04357C	1D7C00010038	move.b	#0x1, (0x38,A6)	FUN_0004354e	DATA:00000780
0x043582	3D6C00160016	move.w	(0x16,A4), (0x16,A6)	FUN_0004354e	DATA:0000075e
0x043588	3D6C001A001A	move.w	(0x1a,A4), (0x1a,A6)	FUN_0004354e	DATA:00000762
0x04358E	2D4C0528	move.l	A4, (0x528,A6)	FUN_0004354e	DATA:00000c70
0x043592	1D6C000D0527	move.b	(0xd,A4), (0x527,A6)	FUN_0004354e	DATA:00000c6f
0x043598	1D6C000D0021	move.b	(0xd,A4), (0x21,A6)	FUN_0004354e	DATA:00000769
0x04359E	1D7C00010000	move.b	#0x1, (0x0,A6)	FUN_0004354e	DATA:00000748
0x0435A4	1D7C00010020	move.b	#0x1, (0x20,A6)	FUN_0004354e	DATA:00000768
0x0435AA	4E75	rts		FUN_0004354e	
0x043F4E	49ED03C8	lea	(0x3c8,A5), A4	FUN_00043f4e	
0x043F52	426D0232	clr.w	(0x232,A5)	FUN_00043f52	
0x043F56	4A2C0000	tst.b	(0x0,A4)	FUN_00043f52	
0x043F5A	6716	beq.b	0x00043f72	FUN_00043f52	CONDITIONAL_JUMP:00043f72
0x043F5C	4A2C0005	tst.b	(0x5,A4)	FUN_00043f52	
0x043F60	6606	bne.b	0x00043f68	FUN_00043f52	CONDITIONAL_JUMP:00043f68
0x043F62	6100C9CA	bsr.w	0x0004092e	FUN_00043f52	UNCONDITIONAL_CALL:0004092e
0x043F66	600A	bra.b	0x00043f72	FUN_00043f52	UNCONDITIONAL_JUMP:00043f72
0x043F68	197C00010039	move.b	#0x1, (0x39,A4)	FUN_00043f52	
0x043F6E	61000880	bsr.w	0x000447f0	FUN_00043f52	UNCONDITIONAL_CALL:000447f0
0x043F72	D9FC00000040	adda.l	#0x40, A4	FUN_00043f52	
0x043F78	526D0232	addq.w	0x1, (0x232,A5)	FUN_00043f52	
0x043F7C	302D0286	move.w	(0x286,A5), D0w	FUN_00043f52	
0x043F80	B06D0232	cmp.w	(0x232,A5), D0w	FUN_00043f52	
0x043F84	66D0	bne.b	0x00043f56	FUN_00043f52	CONDITIONAL_JUMP:00043f56
0x043F86	4E75	rts		FUN_00043f52	
0x0444F8	102C0005	move.b	(0x5,A4), D0b	player_actor_collision_scan_449b4	
0x0444FC	0C000015	cmpi.b	#0x15, D0b	player_actor_collision_scan_449b4	
0x044500	671C	beq.b	0x0004451e	player_actor_collision_scan_449b4	CONDITIONAL_JUMP:0004451e
0x044502	0C000017	cmpi.b	#0x17, D0b	player_actor_collision_scan_449b4	
0x044506	6716	beq.b	0x0004451e	player_actor_collision_scan_449b4	CONDITIONAL_JUMP:0004451e
0x044508	0C00001B	cmpi.b	#0x1b, D0b	player_actor_collision_scan_449b4	
0x04450C	6710	beq.b	0x0004451e	player_actor_collision_scan_449b4	CONDITIONAL_JUMP:0004451e
0x04450E	0C00001C	cmpi.b	#0x1c, D0b	player_actor_collision_scan_449b4	
0x044512	670A	beq.b	0x0004451e	player_actor_collision_scan_449b4	CONDITIONAL_JUMP:0004451e
0x044514	0C00001E	cmpi.b	#0x1e, D0b	player_actor_collision_scan_449b4	
0x044518	6704	beq.b	0x0004451e	player_actor_collision_scan_449b4	CONDITIONAL_JUMP:0004451e
0x04451A	6000050A	bra.w	0x00044a26	player_actor_collision_scan_449b4	UNCONDITIONAL_JUMP:00044a26
0x04451E	34BC0001	move.w	#0x1, (A2)	player_actor_collision_scan_449b4	
0x044522	356D02AC0008	move.w	(0x2ac,A5), (0x8,A2)	player_actor_collision_scan_449b4	
0x044528	356D02AE000A	move.w	(0x2ae,A5), (0xa,A2)	player_actor_collision_scan_449b4	
0x04452E	356C00160004	move.w	(0x16,A4), (0x4,A2)	player_actor_collision_scan_449b4	
0x044534	356C001A0006	move.w	(0x1a,A4), (0x6,A2)	player_actor_collision_scan_449b4	
0x04453A	4240	clr.w	D0w	player_actor_collision_scan_449b4	
0x04453C	102C0005	move.b	(0x5,A4), D0b	player_actor_collision_scan_449b4	
0x044540	35400002	move.w	D0w, (0x2,A2)	player_actor_collision_scan_449b4	
0x044544	60000516	bra.w	0x00044a5c	player_actor_collision_scan_449b4	UNCONDITIONAL_JUMP:00044a5c
0x044548	4240	clr.w	D0w	player_actor_collision_scan_449b4	
0x04454A	102C000D	move.b	(0xd,A4), D0b	player_actor_collision_scan_449b4	
0x04454E	04000043	subi.b	#0x43, D0b	player_actor_collision_scan_449b4	
0x044552	103B002E	move.b	(0x44582,PC,D0w*0x1), D0b	player_actor_collision_scan_449b4	DATA:00044582
0x044556	0C2C00020038	cmpi.b	#0x2, (0x38,A4)	player_actor_collision_scan_449b4	
0x04455C	6706	beq.b	0x00044564	player_actor_collision_scan_449b4	CONDITIONAL_JUMP:00044564
0x04455E	4A00	tst.b	D0b	player_actor_collision_scan_449b4	
0x044560	670004FA	beq.w	0x00044a5c	player_actor_collision_scan_449b4	CONDITIONAL_JUMP:00044a5c
0x044564	0C000004	cmpi.b	#0x4, D0b	player_actor_collision_scan_449b4	
0x044568	66000052	bne.w	0x000445bc	player_actor_collision_scan_449b4	CONDITIONAL_JUMP:000445bc
0x04456C	4243	clr.w	D3w	player_actor_collision_scan_449b4	
0x04456E	162C000B	move.b	(0xb,A4), D3b	player_actor_collision_scan_449b4	
0x044572	E24B	lsr.w	#0x1, D3w	player_actor_collision_scan_449b4	
0x044574	4A43	tst.w	D3w	player_actor_collision_scan_449b4	
0x044576	670004E4	beq.w	0x00044a5c	player_actor_collision_scan_449b4	CONDITIONAL_JUMP:00044a5c
0x04457A	D640	add.w	D0w, D3w	player_actor_collision_scan_449b4	
0x04457C	5343	subq.w	0x1, D3w	player_actor_collision_scan_449b4	
0x04457E	60000486	bra.w	0x00044a06	player_actor_collision_scan_449b4	UNCONDITIONAL_JUMP:00044a06
0x0445BC	0C000013	cmpi.b	#0x13, D0b	player_actor_collision_scan_449b4	
0x0445C0	660C	bne.b	0x000445ce	player_actor_collision_scan_449b4	CONDITIONAL_JUMP:000445ce
0x0445C2	4243	clr.w	D3w	player_actor_collision_scan_449b4	
0x0445C4	162C000B	move.b	(0xb,A4), D3b	player_actor_collision_scan_449b4	
0x0445C8	E24B	lsr.w	#0x1, D3w	player_actor_collision_scan_449b4	
0x0445CA	D640	add.w	D0w, D3w	player_actor_collision_scan_449b4	
0x0445CC	604E	bra.b	0x0004461c	player_actor_collision_scan_449b4	UNCONDITIONAL_JUMP:0004461c
0x0445CE	0C000027	cmpi.b	#0x27, D0b	player_actor_collision_scan_449b4	
0x0445D2	660E	bne.b	0x000445e2	player_actor_collision_scan_449b4	CONDITIONAL_JUMP:000445e2
0x0445D4	4243	clr.w	D3w	player_actor_collision_scan_449b4	
0x0445D6	162C000B	move.b	(0xb,A4), D3b	player_actor_collision_scan_449b4	
0x0445DA	E24B	lsr.w	#0x1, D3w	player_actor_collision_scan_449b4	
0x0445DC	D640	add.w	D0w, D3w	player_actor_collision_scan_449b4	
0x0445DE	60000426	bra.w	0x00044a06	player_actor_collision_scan_449b4	UNCONDITIONAL_JUMP:00044a06
0x0445E2	0C000037	cmpi.b	#0x37, D0b	player_actor_collision_scan_449b4	
0x0445E6	661C	bne.b	0x00044604	player_actor_collision_scan_449b4	CONDITIONAL_JUMP:00044604
0x0445E8	0C2C00020008	cmpi.b	#0x2, (0x8,A4)	player_actor_collision_scan_449b4	
0x0445EE	6600046C	bne.w	0x00044a5c	player_actor_collision_scan_449b4	CONDITIONAL_JUMP:00044a5c
0x0445F2	3600	move.w	D0w, D3w	player_actor_collision_scan_449b4	
0x0445F4	382C0016	move.w	(0x16,A4), D4w	player_actor_collision_scan_449b4	
0x0445F8	3A2C0018	move.w	(0x18,A4), D5w	player_actor_collision_scan_449b4	
0x0445FC	DA6C001A	add.w	(0x1a,A4), D5w	player_actor_collision_scan_449b4	
0x044600	6000040C	bra.w	0x00044a0e	player_actor_collision_scan_449b4	UNCONDITIONAL_JUMP:00044a0e
0x044604	0C000043	cmpi.b	#0x43, D0b	player_actor_collision_scan_449b4	
0x044608	6630	bne.b	0x0004463a	player_actor_collision_scan_449b4	CONDITIONAL_JUMP:0004463a
0x04460A	4243	clr.w	D3w	player_actor_collision_scan_449b4	
0x04460C	162C000B	move.b	(0xb,A4), D3b	player_actor_collision_scan_449b4	
0x044610	E24B	lsr.w	#0x1, D3w	player_actor_collision_scan_449b4	
0x044612	4A43	tst.w	D3w	player_actor_collision_scan_449b4	
0x044614	67000446	beq.w	0x00044a5c	player_actor_collision_scan_449b4	CONDITIONAL_JUMP:00044a5c
0x044618	D640	add.w	D0w, D3w	player_actor_collision_scan_449b4	
0x04461A	5343	subq.w	0x1, D3w	player_actor_collision_scan_449b4	
0x04461C	3003	move.w	D3w, D0w	player_actor_collision_scan_449b4	
0x04461E	024000FF	andi.w	#0xff, D0w	player_actor_collision_scan_449b4	
0x044622	C0FC0004	mulu.w	#0x4, D0	player_actor_collision_scan_449b4	
0x044626	4DFA06B8	lea	(0x6b8,PC), A6	player_actor_collision_scan_449b4	DATA:00044ce0
0x04462A	DCC0	adda.w	D0w, A6	player_actor_collision_scan_449b4	
0x04462C	3B5602AC	move.w	(A6), (0x2ac,A5)	player_actor_collision_scan_449b4	DATA:00044ce0
0x044630	3B6E000202AE	move.w	(0x2,A6), (0x2ae,A5)	player_actor_collision_scan_449b4	DATA:00044ce2
0x044636	600003CE	bra.w	0x00044a06	player_actor_collision_scan_449b4	UNCONDITIONAL_JUMP:00044a06
0x04463A	0C000052	cmpi.b	#0x52, D0b	player_actor_collision_scan_449b4	
0x04463E	6606	bne.b	0x00044646	player_actor_collision_scan_449b4	CONDITIONAL_JUMP:00044646
0x044640	4243	clr.w	D3w	player_actor_collision_scan_449b4	
0x044642	1600	move.b	D0b, D3b	player_actor_collision_scan_449b4	
0x044644	60D6	bra.b	0x0004461c	player_actor_collision_scan_449b4	UNCONDITIONAL_JUMP:0004461c
0x044646	0C00006A	cmpi.b	#0x6a, D0b	player_actor_collision_scan_449b4	
0x04464A	660A	bne.b	0x00044656	player_actor_collision_scan_449b4	CONDITIONAL_JUMP:00044656
0x04464C	4243	clr.w	D3w	player_actor_collision_scan_449b4	
0x04464E	162C000B	move.b	(0xb,A4), D3b	player_actor_collision_scan_449b4	
0x044652	D640	add.w	D0w, D3w	player_actor_collision_scan_449b4	
0x044654	60C6	bra.b	0x0004461c	player_actor_collision_scan_449b4	UNCONDITIONAL_JUMP:0004461c
0x044656	0C00000B	cmpi.b	#0xb, D0b	player_actor_collision_scan_449b4	
0x04465A	6604	bne.b	0x00044660	player_actor_collision_scan_449b4	CONDITIONAL_JUMP:00044660
0x04465C	6000FF0E	bra.w	0x0004456c	player_actor_collision_scan_449b4	UNCONDITIONAL_JUMP:0004456c
0x044660	0C000000	cmpi.b	#0x0, D0b	player_actor_collision_scan_449b4	
0x044664	6604	bne.b	0x0004466a	player_actor_collision_scan_449b4	CONDITIONAL_JUMP:0004466a
0x044666	6000FF04	bra.w	0x0004456c	player_actor_collision_scan_449b4	UNCONDITIONAL_JUMP:0004456c
0x04466A	0C000083	cmpi.b	#-0x7d, D0b	player_actor_collision_scan_449b4	
0x04466E	660C	bne.b	0x0004467c	player_actor_collision_scan_449b4	CONDITIONAL_JUMP:0004467c
0x044670	0C2C0010000B	cmpi.b	#0x10, (0xb,A4)	player_actor_collision_scan_449b4	
0x044676	670003E4	beq.w	0x00044a5c	player_actor_collision_scan_449b4	CONDITIONAL_JUMP:00044a5c
0x04467A	60D0	bra.b	0x0004464c	player_actor_collision_scan_449b4	UNCONDITIONAL_JUMP:0004464c
0x04467C	0C000082	cmpi.b	#-0x7e, D0b	player_actor_collision_scan_449b4	
0x044680	6608	bne.b	0x0004468a	player_actor_collision_scan_449b4	CONDITIONAL_JUMP:0004468a
0x044682	4243	clr.w	D3w	player_actor_collision_scan_449b4	
0x044684	1600	move.b	D0b, D3b	player_actor_collision_scan_449b4	
0x044686	6000037E	bra.w	0x00044a06	player_actor_collision_scan_449b4	UNCONDITIONAL_JUMP:00044a06
0x04468A	0C000017	cmpi.b	#0x17, D0b	player_actor_collision_scan_449b4	
0x04468E	6708	beq.b	0x00044698	player_actor_collision_scan_449b4	CONDITIONAL_JUMP:00044698
0x044690	0C000018	cmpi.b	#0x18, D0b	player_actor_collision_scan_449b4	
0x044694	6702	beq.b	0x00044698	player_actor_collision_scan_449b4	CONDITIONAL_JUMP:00044698
0x044696	600C	bra.b	0x000446a4	player_actor_collision_scan_449b4	UNCONDITIONAL_JUMP:000446a4
0x044698	0C2C0006000B	cmpi.b	#0x6, (0xb,A4)	player_actor_collision_scan_449b4	
0x04469E	660003BC	bne.w	0x00044a5c	player_actor_collision_scan_449b4	CONDITIONAL_JUMP:00044a5c
0x0446A2	60DE	bra.b	0x00044682	player_actor_collision_scan_449b4	UNCONDITIONAL_JUMP:00044682
0x0446A4	0C00003D	cmpi.b	#0x3d, D0b	player_actor_collision_scan_449b4	
0x0446A8	660003B2	bne.w	0x00044a5c	player_actor_collision_scan_449b4	CONDITIONAL_JUMP:00044a5c
0x0446AC	6000FEBE	bra.w	0x0004456c	player_actor_collision_scan_449b4	UNCONDITIONAL_JUMP:0004456c
0x0446B0	4243	clr.w	D3w	actor_hurtbox_base_selector_446b0	
0x0446B2	41FA00C4	lea	(0xc4,PC), A0	actor_hurtbox_base_selector_446b0	DATA:00044778
0x0446B6	D0C0	adda.w	D0w, A0	actor_hurtbox_base_selector_446b0	
0x0446B8	1610	move.b	(A0), D3b	actor_hurtbox_base_selector_446b0	DATA:00044778
0x0446BA	4E75	rts		actor_hurtbox_base_selector_446b0	
0x0446BC	0C6D00090214	cmpi.w	#0x9, (0x214,A5)	actor_hurtbox_selector_446bc	
0x0446C2	6500008E	bcs.w	0x00044752	actor_hurtbox_selector_446bc	CONDITIONAL_JUMP:00044752
0x0446C6	4240	clr.w	D0w	actor_hurtbox_selector_446bc	
0x0446C8	102C0006	move.b	(0x6,A4), D0b	actor_hurtbox_selector_446bc	
0x0446CC	0C00000C	cmpi.b	#0xc, D0b	actor_hurtbox_selector_446bc	
0x0446D0	641C	bcc.b	0x000446ee	actor_hurtbox_selector_446bc	CONDITIONAL_JUMP:000446ee
0x0446D2	61DC	bsr.b	0x000446b0	actor_hurtbox_selector_446bc	UNCONDITIONAL_CALL:000446b0
0x0446D4	0C2C00080006	cmpi.b	#0x8, (0x6,A4)	actor_hurtbox_selector_446bc	
0x0446DA	6708	beq.b	0x000446e4	actor_hurtbox_selector_446bc	CONDITIONAL_JUMP:000446e4
0x0446DC	0C2C00090006	cmpi.b	#0x9, (0x6,A4)	actor_hurtbox_selector_446bc	
0x0446E2	6608	bne.b	0x000446ec	actor_hurtbox_selector_446bc	CONDITIONAL_JUMP:000446ec
0x0446E4	4A2C003F	tst.b	(0x3f,A4)	actor_hurtbox_selector_446bc	
0x0446E8	6602	bne.b	0x000446ec	actor_hurtbox_selector_446bc	CONDITIONAL_JUMP:000446ec
0x0446EA	7602	moveq	0x2, D3	actor_hurtbox_selector_446bc	
0x0446EC	4E75	rts		actor_hurtbox_selector_446bc	
0x0446EE	4A2C0026	tst.b	(0x26,A4)	actor_hurtbox_selector_446bc	
0x0446F2	6706	beq.b	0x000446fa	actor_hurtbox_selector_446bc	CONDITIONAL_JUMP:000446fa
0x0446F4	363C0053	move.w	#0x53, D3w	actor_hurtbox_selector_446bc	
0x0446F8	4E75	rts		actor_hurtbox_selector_446bc	
0x0446FA	0C000016	cmpi.b	#0x16, D0b	actor_hurtbox_selector_446bc	
0x0446FE	660C	bne.b	0x0004470c	actor_hurtbox_selector_446bc	CONDITIONAL_JUMP:0004470c
0x044700	4A2C0037	tst.b	(0x37,A4)	actor_hurtbox_selector_446bc	
0x044704	67CC	beq.b	0x000446d2	actor_hurtbox_selector_446bc	CONDITIONAL_JUMP:000446d2
0x044706	162C0037	move.b	(0x37,A4), D3b	actor_hurtbox_selector_446bc	
0x04470A	4E75	rts		actor_hurtbox_selector_446bc	
0x04470C	0C000011	cmpi.b	#0x11, D0b	actor_hurtbox_selector_446bc	
0x044710	6616	bne.b	0x00044728	actor_hurtbox_selector_446bc	CONDITIONAL_JUMP:00044728
0x044712	619C	bsr.b	0x000446b0	actor_hurtbox_selector_446bc	UNCONDITIONAL_CALL:000446b0
0x044714	4240	clr.w	D0w	actor_hurtbox_selector_446bc	
0x044716	102C0030	move.b	(0x30,A4), D0b	actor_hurtbox_selector_446bc	
0x04471A	E348	lsl.w	#0x1, D0w	actor_hurtbox_selector_446bc	
0x04471C	D640	add.w	D0w, D3w	actor_hurtbox_selector_446bc	
0x04471E	4A2C0002	tst.b	(0x2,A4)	actor_hurtbox_selector_446bc	
0x044722	6602	bne.b	0x00044726	actor_hurtbox_selector_446bc	CONDITIONAL_JUMP:00044726
0x044724	5243	addq.w	0x1, D3w	actor_hurtbox_selector_446bc	
0x044726	4E75	rts		actor_hurtbox_selector_446bc	
0x044728	0C000018	cmpi.b	#0x18, D0b	actor_hurtbox_selector_446bc	
0x04472C	671E	beq.b	0x0004474c	actor_hurtbox_selector_446bc	CONDITIONAL_JUMP:0004474c
0x04472E	0C000019	cmpi.b	#0x19, D0b	actor_hurtbox_selector_446bc	
0x044732	6718	beq.b	0x0004474c	actor_hurtbox_selector_446bc	CONDITIONAL_JUMP:0004474c
0x044734	0C000017	cmpi.b	#0x17, D0b	actor_hurtbox_selector_446bc	
0x044738	6702	beq.b	0x0004473c	actor_hurtbox_selector_446bc	CONDITIONAL_JUMP:0004473c
0x04473A	6096	bra.b	0x000446d2	actor_hurtbox_selector_446bc	UNCONDITIONAL_JUMP:000446d2
0x04473C	6100FF72	bsr.w	0x000446b0	actor_hurtbox_selector_446bc	UNCONDITIONAL_CALL:000446b0
0x044740	4240	clr.w	D0w	actor_hurtbox_selector_446bc	
0x044742	102C0030	move.b	(0x30,A4), D0b	actor_hurtbox_selector_446bc	
0x044746	E348	lsl.w	#0x1, D0w	actor_hurtbox_selector_446bc	
0x044748	D640	add.w	D0w, D3w	actor_hurtbox_selector_446bc	
0x04474A	60D2	bra.b	0x0004471e	actor_hurtbox_selector_446bc	UNCONDITIONAL_JUMP:0004471e
0x04474C	6100FF62	bsr.w	0x000446b0	actor_hurtbox_selector_446bc	UNCONDITIONAL_CALL:000446b0
0x044750	60CC	bra.b	0x0004471e	actor_hurtbox_selector_446bc	UNCONDITIONAL_JUMP:0004471e
0x044752	4A2C0003	tst.b	(0x3,A4)	actor_hurtbox_selector_446bc	
0x044756	6704	beq.b	0x0004475c	actor_hurtbox_selector_446bc	CONDITIONAL_JUMP:0004475c
0x044758	7652	moveq	0x52, D3	actor_hurtbox_selector_446bc	
0x04475A	4E75	rts		actor_hurtbox_selector_446bc	
0x04475C	4240	clr.w	D0w	actor_hurtbox_selector_446bc	
0x04475E	102C003E	move.b	(0x3e,A4), D0b	actor_hurtbox_selector_446bc	
0x044762	4243	clr.w	D3w	actor_hurtbox_selector_446bc	
0x044764	41FA0030	lea	(0x30,PC), A0	actor_hurtbox_selector_446bc	DATA:00044796
0x044768	D0C0	adda.w	D0w, A0	actor_hurtbox_selector_446bc	
0x04476A	1610	move.b	(A0), D3b	actor_hurtbox_selector_446bc	DATA:00044796
0x04476C	4A2C0037	tst.b	(0x37,A4)	actor_hurtbox_selector_446bc	
0x044770	6704	beq.b	0x00044776	actor_hurtbox_selector_446bc	CONDITIONAL_JUMP:00044776
0x044772	162C0037	move.b	(0x37,A4), D3b	actor_hurtbox_selector_446bc	
0x044776	4E75	rts		actor_hurtbox_selector_446bc	
0x0447A6	4243	clr.w	D3w	FUN_000447a6	
0x0447A8	162C0022	move.b	(0x22,A4), D3b	FUN_000447a6	
0x0447AC	4A2C0002	tst.b	(0x2,A4)	FUN_000447a6	
0x0447B0	6602	bne.b	0x000447b4	FUN_000447a6	CONDITIONAL_JUMP:000447b4
0x0447B2	5243	addq.w	0x1, D3w	FUN_000447a6	
0x0447B4	4E75	rts		FUN_000447a6	
0x0447B6	396D10BE0032	move.w	(0x10be,A5), (0x32,A4)	FUN_000447ce	DATA:000010be
0x0447BC	396D10C00030	move.w	(0x10c0,A5), (0x30,A4)	FUN_000447ce	DATA:000010c0
0x0447C2	197C00FF000C	move.b	#-0x1, (0xc,A4)	FUN_000447ce	
0x0447C8	422C0007	clr.b	(0x7,A4)	FUN_000447ce	
0x0447CC	4E75	rts		FUN_000447ce	
0x0447CE	102C0006	move.b	(0x6,A4), D0b	FUN_000447ce	
0x0447D2	0C00000A	cmpi.b	#0xa, D0b	FUN_000447ce	
0x0447D6	67DE	beq.b	0x000447b6	FUN_000447ce	CONDITIONAL_JUMP:000447b6
0x0447D8	0C00000B	cmpi.b	#0xb, D0b	FUN_000447ce	
0x0447DC	67D8	beq.b	0x000447b6	FUN_000447ce	CONDITIONAL_JUMP:000447b6
0x0447DE	0C000012	cmpi.b	#0x12, D0b	FUN_000447ce	
0x0447E2	67D2	beq.b	0x000447b6	FUN_000447ce	CONDITIONAL_JUMP:000447b6
0x0447E4	0C6D00120214	cmpi.w	#0x12, (0x214,A5)	FUN_000447ce	
0x0447EA	6516	bcs.b	0x00044802	FUN_000447ce	CONDITIONAL_JUMP:00044802
0x0447EC	422B0002	clr.b	(0x2,A3)	FUN_000447ce	
0x0447F0	197C0001003D	move.b	#0x1, (0x3d,A4)	FUN_000447f0	
0x0447F6	0C2C00070006	cmpi.b	#0x7, (0x6,A4)	FUN_000447f0	
0x0447FC	6704	beq.b	0x00044802	FUN_000447f0	CONDITIONAL_JUMP:00044802
0x0447FE	610000B2	bsr.w	0x000448b2	FUN_000447f0	UNCONDITIONAL_CALL:000448b2
0x044802	4E75	rts		FUN_000447f0	
0x044804	197C0010003D	move.b	#0x10, (0x3d,A4)	FUN_00044804	
0x04480A	7001	moveq	0x1, D0	FUN_00044804	
0x04480C	0C6D00021310	cmpi.w	#0x2, (0x1310,A5)	FUN_00044804	DATA:00001310
0x044812	670C	beq.b	0x00044820	FUN_00044804	CONDITIONAL_JUMP:00044820
0x044814	5200	addq.b	0x1, D0b	FUN_00044804	
0x044816	0C6D00041310	cmpi.w	#0x4, (0x1310,A5)	FUN_00044804	DATA:00001310
0x04481C	6702	beq.b	0x00044820	FUN_00044804	CONDITIONAL_JUMP:00044820
0x04481E	5200	addq.b	0x1, D0b	FUN_00044804	
0x044820	D12C003C	add.b	D0b, (0x3c,A4)	FUN_00044804	
0x044824	102C003C	move.b	(0x3c,A4), D0b	FUN_00044804	
0x044828	B02C003A	cmp.b	(0x3a,A4), D0b	FUN_00044804	
0x04482C	6424	bcc.b	0x00044852	FUN_00044804	CONDITIONAL_JUMP:00044852
0x04482E	103C0007	move.b	#0x7, D0b	FUN_00044804	
0x044832	0C2C0002003E	cmpi.b	#0x2, (0x3e,A4)	FUN_00044804	
0x044838	6702	beq.b	0x0004483c	FUN_00044804	CONDITIONAL_JUMP:0004483c
0x04483A	5200	addq.b	0x1, D0b	FUN_00044804	
0x04483C	4EB90003A0EC	jsr	0x0003a0ec.l	FUN_00044804	UNCONDITIONAL_CALL:0003a0ec
0x044842	0C6D00090214	cmpi.w	#0x9, (0x214,A5)	FUN_00044804	
0x044848	6406	bcc.b	0x00044850	FUN_00044804	CONDITIONAL_JUMP:00044850
0x04484A	197C00010747	move.b	#0x1, (0x747,A4)	FUN_00044804	DATA:00000747
0x044850	4E75	rts		FUN_00044804	
0x044852	6100005E	bsr.w	0x000448b2	FUN_00044804	UNCONDITIONAL_CALL:000448b2
0x044856	0C6D00120214	cmpi.w	#0x12, (0x214,A5)	FUN_00044804	
0x04485C	642E	bcc.b	0x0004488c	FUN_00044804	CONDITIONAL_JUMP:0004488c
0x04485E	302C002C	move.w	(0x2c,A4), D0w	FUN_00044804	
0x044862	4EB90003B726	jsr	0x0003b726.l	FUN_00044804	UNCONDITIONAL_CALL:0003b726
0x044868	0C6D0001140C	cmpi.w	#0x1, (0x140c,A5)	FUN_00044804	DATA:0000140c
0x04486E	660A	bne.b	0x0004487a	FUN_00044804	CONDITIONAL_JUMP:0004487a
0x044870	302C002C	move.w	(0x2c,A4), D0w	FUN_00044804	
0x044874	4EB90003B726	jsr	0x0003b726.l	FUN_00044804	UNCONDITIONAL_CALL:0003b726
0x04487A	0C2C00080006	cmpi.b	#0x8, (0x6,A4)	FUN_00044804	
0x044880	6714	beq.b	0x00044896	FUN_00044804	CONDITIONAL_JUMP:00044896
0x044882	0C2C00090006	cmpi.b	#0x9, (0x6,A4)	FUN_00044804	
0x044888	670C	beq.b	0x00044896	FUN_00044804	CONDITIONAL_JUMP:00044896
0x04488A	4E75	rts		FUN_00044804	
0x04488C	0C2C000B0006	cmpi.b	#0xb, (0x6,A4)	FUN_00044804	
0x044892	66F6	bne.b	0x0004488a	FUN_00044804	CONDITIONAL_JUMP:0004488a
0x044894	60C8	bra.b	0x0004485e	FUN_00044804	UNCONDITIONAL_JUMP:0004485e
0x044896	2E0C	move.l	A4, D7	FUN_00044804	
0x044898	49F90010C508	lea	(0x10c508).l, A4	FUN_00044804	DATA:0010c508
0x04489E	197C0001003D	move.b	#0x1, (0x3d,A4)	FUN_00044804	WRITE:0010c545
0x0448A4	6100000C	bsr.w	0x000448b2	FUN_00044804	UNCONDITIONAL_CALL:000448b2
0x0448A8	2847	movea.l	D7, A4	FUN_00044804	
0x0448AA	046C0010001A	subi.w	#0x10, (0x1a,A4)	FUN_00044804	
0x0448B0	4E75	rts		FUN_00044804	
0x0448B2	422C0007	clr.b	(0x7,A4)	FUN_000448b2	
0x0448B6	197C00FF0008	move.b	#-0x1, (0x8,A4)	FUN_000448b2	
0x0448BC	422C003C	clr.b	(0x3c,A4)	FUN_000448b2	
0x0448C0	197C000F0005	move.b	#0xf, (0x5,A4)	FUN_000448b2	
0x0448C6	197C00010009	move.b	#0x1, (0x9,A4)	FUN_000448b2	
0x0448CC	103C0010	move.b	#0x10, D0b	FUN_000448b2	
0x0448D0	4EB90003A0EC	jsr	0x0003a0ec.l	FUN_000448b2	UNCONDITIONAL_CALL:0003a0ec
0x0448D6	4E75	rts		FUN_000448b2	
0x0448D8	0C2C000C003E	cmpi.b	#0xc, (0x3e,A4)	FUN_000448d8	
0x0448DE	6610	bne.b	0x000448f0	FUN_000448d8	CONDITIONAL_JUMP:000448f0
0x0448E0	302C002C	move.w	(0x2c,A4), D0w	FUN_000448d8	
0x0448E4	4EB90003B726	jsr	0x0003b726.l	FUN_000448d8	UNCONDITIONAL_CALL:0003b726
0x0448EA	4EB900040A1E	jsr	0x00040a1e.l	FUN_000448d8	UNCONDITIONAL_CALL:00040a1e
0x0448F0	4E75	rts		FUN_000448d8	
0x0448F2	102D1248	move.b	(0x1248,A5), D0b	FUN_000448f2	DATA:00001248
0x0448F6	5000	addq.b	0x8, D0b	FUN_000448f2	
0x0448F8	1B40022C	move.b	D0b, (0x22c,A5)	FUN_000448f2	
0x0448FC	102D1249	move.b	(0x1249,A5), D0b	FUN_000448f2	DATA:00001249
0x044900	5100	subq.b	0x8, D0b	FUN_000448f2	
0x044902	1B40022D	move.b	D0b, (0x22d,A5)	FUN_000448f2	
0x044906	302D124A	move.w	(0x124a,A5), D0w	FUN_000448f2	DATA:0000124a
0x04490A	3B40022E	move.w	D0w, (0x22e,A5)	FUN_000448f2	
0x04490E	4E75	rts		FUN_000448f2	
0x044910	0C6D000113B4	cmpi.w	#0x1, (0x13b4,A5)	FUN_00044910	DATA:000013b4
0x044916	6616	bne.b	0x0004492e	FUN_00044910	CONDITIONAL_JUMP:0004492e
0x044918	302D1248	move.w	(0x1248,A5), D0w	FUN_00044910	DATA:00001248
0x04491C	3B4002B0	move.w	D0w, (0x2b0,A5)	FUN_00044910	
0x044920	302D124A	move.w	(0x124a,A5), D0w	FUN_00044910	DATA:0000124a
0x044924	3B4002B2	move.w	D0w, (0x2b2,A5)	FUN_00044910	
0x044928	062D001002B3	addi.b	#0x10, (0x2b3,A5)	FUN_00044910	
0x04492E	4E75	rts		FUN_00044910	
0x044930	0C6D000113B4	cmpi.w	#0x1, (0x13b4,A5)	FUN_00044930	DATA:000013b4
0x044936	660E	bne.b	0x00044946	FUN_00044930	CONDITIONAL_JUMP:00044946
0x044938	0C2C00150005	cmpi.b	#0x15, (0x5,A4)	FUN_00044930	
0x04493E	6606	bne.b	0x00044946	FUN_00044930	CONDITIONAL_JUMP:00044946
0x044940	61000324	bsr.w	0x00044c66	FUN_00044930	UNCONDITIONAL_CALL:00044c66
0x044944	4E75	rts		FUN_00044930	
0x044946	0C6D00120214	cmpi.w	#0x12, (0x214,A5)	FUN_00044930	
0x04494C	6406	bcc.b	0x00044954	FUN_00044930	CONDITIONAL_JUMP:00044954
0x04494E	6100031C	bsr.w	0x00044c6c	FUN_00044930	UNCONDITIONAL_CALL:00044c6c
0x044952	4E75	rts		FUN_00044930	
0x044954	6100031C	bsr.w	0x00044c72	FUN_00044930	UNCONDITIONAL_CALL:00044c72
0x044958	4E75	rts		FUN_00044930	
0x04495A	4240	clr.w	D0w	FUN_0004495a	
0x04495C	0C2C000C0006	cmpi.b	#0xc, (0x6,A4)	FUN_0004495a	
0x044962	6614	bne.b	0x00044978	FUN_0004495a	CONDITIONAL_JUMP:00044978
0x044964	5240	addq.w	0x1, D0w	FUN_0004495a	
0x044966	4A2C0025	tst.b	(0x25,A4)	FUN_0004495a	
0x04496A	670C	beq.b	0x00044978	FUN_0004495a	CONDITIONAL_JUMP:00044978
0x04496C	5240	addq.w	0x1, D0w	FUN_0004495a	
0x04496E	0C2C00030025	cmpi.b	#0x3, (0x25,A4)	FUN_0004495a	
0x044974	6702	beq.b	0x00044978	FUN_0004495a	CONDITIONAL_JUMP:00044978
0x044976	5240	addq.w	0x1, D0w	FUN_0004495a	
0x044978	37400002	move.w	D0w, (0x2,A3)	FUN_0004495a	
0x04497C	4E75	rts		FUN_0004495a	
0x04497E	0C2C0048000D	cmpi.b	#0x48, (0xd,A4)	player_actor_collision_scan_449b4	
0x044984	66000192	bne.w	0x00044b18	player_actor_collision_scan_449b4	CONDITIONAL_JUMP:00044b18
0x044988	6000014C	bra.w	0x00044ad6	player_actor_collision_scan_449b4	UNCONDITIONAL_JUMP:00044ad6
0x04498C	102C0005	move.b	(0x5,A4), D0b	FUN_0004498c	
0x044990	0C000018	cmpi.b	#0x18, D0b	FUN_0004498c	
0x044994	670E	beq.b	0x000449a4	FUN_0004498c	CONDITIONAL_JUMP:000449a4
0x044996	0C00001D	cmpi.b	#0x1d, D0b	FUN_0004498c	
0x04499A	6708	beq.b	0x000449a4	FUN_0004498c	CONDITIONAL_JUMP:000449a4
0x04499C	0C000021	cmpi.b	#0x21, D0b	FUN_0004498c	
0x0449A0	6702	beq.b	0x000449a4	FUN_0004498c	CONDITIONAL_JUMP:000449a4
0x0449A2	4E75	rts		FUN_0004498c	
0x0449A4	0C2C00020008	cmpi.b	#0x2, (0x8,A4)	FUN_0004498c	
0x0449AA	66F6	bne.b	0x000449a2	FUN_0004498c	CONDITIONAL_JUMP:000449a2
0x0449AC	177C00030003	move.b	#0x3, (0x3,A3)	FUN_0004498c	
0x0449B2	4E75	rts		FUN_0004498c	
0x0449B4	45ED0242	lea	(0x242,A5), A2	player_actor_collision_scan_449b4	
0x0449B8	4252	clr.w	(A2)	player_actor_collision_scan_449b4	
0x0449BA	41ED12A8	lea	(0x12a8,A5), A0	player_actor_collision_scan_449b4	
0x0449BE	43ED12C8	lea	(0x12c8,A5), A1	player_actor_collision_scan_449b4	
0x0449C2	7004	moveq	0x4, D0	player_actor_collision_scan_449b4	
0x0449C4	4250	clr.w	(A0)	player_actor_collision_scan_449b4	DATA:000012a8;DATA:000012b0
0x0449C6	4251	clr.w	(A1)	player_actor_collision_scan_449b4	DATA:000012c8;DATA:000012d0
0x0449C8	5088	addq.l	0x8, A0	player_actor_collision_scan_449b4	
0x0449CA	5089	addq.l	0x8, A1	player_actor_collision_scan_449b4	
0x0449CC	5340	subq.w	0x1, D0w	player_actor_collision_scan_449b4	
0x0449CE	66F4	bne.b	0x000449c4	player_actor_collision_scan_449b4	CONDITIONAL_JUMP:000449c4
0x0449D0	6100FF20	bsr.w	0x000448f2	player_actor_collision_scan_449b4	UNCONDITIONAL_CALL:000448f2
0x0449D4	6100FF3A	bsr.w	0x00044910	player_actor_collision_scan_449b4	UNCONDITIONAL_CALL:00044910
0x0449D8	426D021E	clr.w	(0x21e,A5)	player_actor_collision_scan_449b4	
0x0449DC	47ED12A8	lea	(0x12a8,A5), A3	player_actor_collision_scan_449b4	
0x0449E0	49ED02C8	lea	(0x2c8,A5), A4	player_actor_collision_scan_449b4	
0x0449E4	426D0214	clr.w	(0x214,A5)	player_actor_collision_scan_449b4	
0x0449E8	4A2C0000	tst.b	(0x0,A4)	player_actor_collision_scan_449b4	
0x0449EC	676E	beq.b	0x00044a5c	player_actor_collision_scan_449b4	CONDITIONAL_JUMP:00044a5c
0x0449EE	4A2C0005	tst.b	(0x5,A4)	player_actor_collision_scan_449b4	
0x0449F2	6768	beq.b	0x00044a5c	player_actor_collision_scan_449b4	CONDITIONAL_JUMP:00044a5c
0x0449F4	4A2C003D	tst.b	(0x3d,A4)	player_actor_collision_scan_449b4	
0x0449F8	6662	bne.b	0x00044a5c	player_actor_collision_scan_449b4	CONDITIONAL_JUMP:00044a5c
0x0449FA	4A2C0003	tst.b	(0x3,A4)	player_actor_collision_scan_449b4	
0x0449FE	6600FB48	bne.w	0x00044548	player_actor_collision_scan_449b4	CONDITIONAL_JUMP:00044548
0x044A02	6100FCB8	bsr.w	0x000446bc	player_actor_collision_scan_449b4	UNCONDITIONAL_CALL:000446bc
0x044A06	382C0016	move.w	(0x16,A4), D4w	player_actor_collision_scan_449b4	
0x044A0A	3A2C001A	move.w	(0x1a,A4), D5w	player_actor_collision_scan_449b4	
0x044A0E	322D10BE	move.w	(0x10be,A5), D1w	player_actor_collision_scan_449b4	DATA:000010be
0x044A12	342D10C0	move.w	(0x10c0,A5), D2w	player_actor_collision_scan_449b4	DATA:000010c0
0x044A16	6100FF18	bsr.w	0x00044930	player_actor_collision_scan_449b4	UNCONDITIONAL_CALL:00044930
0x044A1A	4A40	tst.w	D0w	player_actor_collision_scan_449b4	
0x044A1C	673E	beq.b	0x00044a5c	player_actor_collision_scan_449b4	CONDITIONAL_JUMP:00044a5c
0x044A1E	4A2C0003	tst.b	(0x3,A4)	player_actor_collision_scan_449b4	
0x044A22	6600FAD4	bne.w	0x000444f8	player_actor_collision_scan_449b4	CONDITIONAL_JUMP:000444f8
0x044A26	0C6D0004021E	cmpi.w	#0x4, (0x21e,A5)	player_actor_collision_scan_449b4	
0x044A2C	642E	bcc.b	0x00044a5c	player_actor_collision_scan_449b4	CONDITIONAL_JUMP:00044a5c
0x044A2E	36BC0001	move.w	#0x1, (A3)	player_actor_collision_scan_449b4	DATA:000012a8
0x044A32	376C00160004	move.w	(0x16,A4), (0x4,A3)	player_actor_collision_scan_449b4	DATA:000012ac
0x044A38	376C001A0006	move.w	(0x1a,A4), (0x6,A3)	player_actor_collision_scan_449b4	DATA:000012ae
0x044A3E	177C00010002	move.b	#0x1, (0x2,A3)	player_actor_collision_scan_449b4	DATA:000012aa
0x044A44	176C00290003	move.b	(0x29,A4), (0x3,A3)	player_actor_collision_scan_449b4	DATA:000012ab
0x044A4A	6100FF40	bsr.w	0x0004498c	player_actor_collision_scan_449b4	UNCONDITIONAL_CALL:0004498c
0x044A4E	6100FE88	bsr.w	0x000448d8	player_actor_collision_scan_449b4	UNCONDITIONAL_CALL:000448d8
0x044A52	6100FD7A	bsr.w	0x000447ce	player_actor_collision_scan_449b4	UNCONDITIONAL_CALL:000447ce
0x044A56	526D021E	addq.w	0x1, (0x21e,A5)	player_actor_collision_scan_449b4	
0x044A5A	508B	addq.l	0x8, A3	player_actor_collision_scan_449b4	
0x044A5C	D9FC00000040	adda.l	#0x40, A4	player_actor_collision_scan_449b4	
0x044A62	526D0214	addq.w	0x1, (0x214,A5)	player_actor_collision_scan_449b4	
0x044A66	0C6D001D0214	cmpi.w	#0x1d, (0x214,A5)	player_actor_collision_scan_449b4	
0x044A6C	6600FF7A	bne.w	0x000449e8	player_actor_collision_scan_449b4	CONDITIONAL_JUMP:000449e8
0x044A70	0C6D000412FA	cmpi.w	#0x4, (0x12fa,A5)	player_actor_collision_scan_449b4	DATA:000012fa
0x044A76	6700012E	beq.w	0x00044ba6	player_actor_collision_scan_449b4	CONDITIONAL_JUMP:00044ba6
0x044A7A	0C6D000112F8	cmpi.w	#0x1, (0x12f8,A5)	player_actor_collision_scan_449b4	DATA:000012f8
0x044A80	660000AA	bne.w	0x00044b2c	player_actor_collision_scan_449b4	CONDITIONAL_JUMP:00044b2c
0x044A84	426D021E	clr.w	(0x21e,A5)	player_actor_collision_scan_449b4	
0x044A88	47ED12C8	lea	(0x12c8,A5), A3	player_actor_collision_scan_449b4	
0x044A8C	49ED02C8	lea	(0x2c8,A5), A4	player_actor_collision_scan_449b4	
0x044A90	426D0214	clr.w	(0x214,A5)	player_actor_collision_scan_449b4	
0x044A94	4A2C0000	tst.b	(0x0,A4)	player_actor_collision_scan_449b4	
0x044A98	677E	beq.b	0x00044b18	player_actor_collision_scan_449b4	CONDITIONAL_JUMP:00044b18
0x044A9A	4A2C0005	tst.b	(0x5,A4)	player_actor_collision_scan_449b4	
0x044A9E	6778	beq.b	0x00044b18	player_actor_collision_scan_449b4	CONDITIONAL_JUMP:00044b18
0x044AA0	4A2C003D	tst.b	(0x3d,A4)	player_actor_collision_scan_449b4	
0x044AA4	6672	bne.b	0x00044b18	player_actor_collision_scan_449b4	CONDITIONAL_JUMP:00044b18
0x044AA6	0C6D00090214	cmpi.w	#0x9, (0x214,A5)	player_actor_collision_scan_449b4	
0x044AAC	676A	beq.b	0x00044b18	player_actor_collision_scan_449b4	CONDITIONAL_JUMP:00044b18
0x044AAE	651E	bcs.b	0x00044ace	player_actor_collision_scan_449b4	CONDITIONAL_JUMP:00044ace
0x044AB0	102C0006	move.b	(0x6,A4), D0b	player_actor_collision_scan_449b4	
0x044AB4	0C000003	cmpi.b	#0x3, D0b	player_actor_collision_scan_449b4	
0x044AB8	671C	beq.b	0x00044ad6	player_actor_collision_scan_449b4	CONDITIONAL_JUMP:00044ad6
0x044ABA	0C000008	cmpi.b	#0x8, D0b	player_actor_collision_scan_449b4	
0x044ABE	6558	bcs.b	0x00044b18	player_actor_collision_scan_449b4	CONDITIONAL_JUMP:00044b18
0x044AC0	0C00000F	cmpi.b	#0xf, D0b	player_actor_collision_scan_449b4	
0x044AC4	6752	beq.b	0x00044b18	player_actor_collision_scan_449b4	CONDITIONAL_JUMP:00044b18
0x044AC6	0C000016	cmpi.b	#0x16, D0b	player_actor_collision_scan_449b4	
0x044ACA	674C	beq.b	0x00044b18	player_actor_collision_scan_449b4	CONDITIONAL_JUMP:00044b18
0x044ACC	6008	bra.b	0x00044ad6	player_actor_collision_scan_449b4	UNCONDITIONAL_JUMP:00044ad6
0x044ACE	4A2C0003	tst.b	(0x3,A4)	player_actor_collision_scan_449b4	
0x044AD2	6600FEAA	bne.w	0x0004497e	player_actor_collision_scan_449b4	CONDITIONAL_JUMP:0004497e
0x044AD6	6100FBE4	bsr.w	0x000446bc	player_actor_collision_scan_449b4	UNCONDITIONAL_CALL:000446bc
0x044ADA	322D10BE	move.w	(0x10be,A5), D1w	player_actor_collision_scan_449b4	DATA:000010be
0x044ADE	342D10C0	move.w	(0x10c0,A5), D2w	player_actor_collision_scan_449b4	DATA:000010c0
0x044AE2	382C0016	move.w	(0x16,A4), D4w	player_actor_collision_scan_449b4	
0x044AE6	3A2C001A	move.w	(0x1a,A4), D5w	player_actor_collision_scan_449b4	
0x044AEA	6100016E	bsr.w	0x00044c5a	player_actor_collision_scan_449b4	UNCONDITIONAL_CALL:00044c5a
0x044AEE	4A40	tst.w	D0w	player_actor_collision_scan_449b4	
0x044AF0	6726	beq.b	0x00044b18	player_actor_collision_scan_449b4	CONDITIONAL_JUMP:00044b18
0x044AF2	0C6D0004021E	cmpi.w	#0x4, (0x21e,A5)	player_actor_collision_scan_449b4	
0x044AF8	641E	bcc.b	0x00044b18	player_actor_collision_scan_449b4	CONDITIONAL_JUMP:00044b18
0x044AFA	36BC0001	move.w	#0x1, (A3)	player_actor_collision_scan_449b4	DATA:000012c8
0x044AFE	6100FE5A	bsr.w	0x0004495a	player_actor_collision_scan_449b4	UNCONDITIONAL_CALL:0004495a
0x044B02	376C00160004	move.w	(0x16,A4), (0x4,A3)	player_actor_collision_scan_449b4	DATA:000012cc
0x044B08	376C001A0006	move.w	(0x1a,A4), (0x6,A3)	player_actor_collision_scan_449b4	DATA:000012ce
0x044B0E	526D021E	addq.w	0x1, (0x21e,A5)	player_actor_collision_scan_449b4	
0x044B12	508B	addq.l	0x8, A3	player_actor_collision_scan_449b4	
0x044B14	6100FCEE	bsr.w	0x00044804	player_actor_collision_scan_449b4	UNCONDITIONAL_CALL:00044804
0x044B18	D9FC00000040	adda.l	#0x40, A4	player_actor_collision_scan_449b4	
0x044B1E	526D0214	addq.w	0x1, (0x214,A5)	player_actor_collision_scan_449b4	
0x044B22	0C6D001D0214	cmpi.w	#0x1d, (0x214,A5)	player_actor_collision_scan_449b4	
0x044B28	6600FF6A	bne.w	0x00044a94	player_actor_collision_scan_449b4	CONDITIONAL_JUMP:00044a94
0x044B2C	47ED12A8	lea	(0x12a8,A5), A3	player_actor_collision_scan_449b4	
0x044B30	49ED02C8	lea	(0x2c8,A5), A4	player_actor_collision_scan_449b4	
0x044B34	426D0214	clr.w	(0x214,A5)	player_actor_collision_scan_449b4	
0x044B38	4A2C0000	tst.b	(0x0,A4)	player_actor_collision_scan_449b4	
0x044B3C	6754	beq.b	0x00044b92	player_actor_collision_scan_449b4	CONDITIONAL_JUMP:00044b92
0x044B3E	4A2C0022	tst.b	(0x22,A4)	player_actor_collision_scan_449b4	
0x044B42	674E	beq.b	0x00044b92	player_actor_collision_scan_449b4	CONDITIONAL_JUMP:00044b92
0x044B44	4A2C003D	tst.b	(0x3d,A4)	player_actor_collision_scan_449b4	
0x044B48	6648	bne.b	0x00044b92	player_actor_collision_scan_449b4	CONDITIONAL_JUMP:00044b92
0x044B4A	6100FC5A	bsr.w	0x000447a6	player_actor_collision_scan_449b4	UNCONDITIONAL_CALL:000447a6
0x044B4E	382C0016	move.w	(0x16,A4), D4w	player_actor_collision_scan_449b4	
0x044B52	3A2C001A	move.w	(0x1a,A4), D5w	player_actor_collision_scan_449b4	
0x044B56	322D10BE	move.w	(0x10be,A5), D1w	player_actor_collision_scan_449b4	DATA:000010be
0x044B5A	342D10C0	move.w	(0x10c0,A5), D2w	player_actor_collision_scan_449b4	DATA:000010c0
0x044B5E	6100010C	bsr.w	0x00044c6c	player_actor_collision_scan_449b4	UNCONDITIONAL_CALL:00044c6c
0x044B62	4A40	tst.w	D0w	player_actor_collision_scan_449b4	
0x044B64	672C	beq.b	0x00044b92	player_actor_collision_scan_449b4	CONDITIONAL_JUMP:00044b92
0x044B66	36BC0001	move.w	#0x1, (A3)	player_actor_collision_scan_449b4	DATA:000012a8
0x044B6A	422B0002	clr.b	(0x2,A3)	player_actor_collision_scan_449b4	DATA:000012aa
0x044B6E	176C00280003	move.b	(0x28,A4), (0x3,A3)	player_actor_collision_scan_449b4	DATA:000012ab
0x044B74	376C00160004	move.w	(0x16,A4), (0x4,A3)	player_actor_collision_scan_449b4	DATA:000012ac
0x044B7A	376C001A0006	move.w	(0x1a,A4), (0x6,A3)	player_actor_collision_scan_449b4	DATA:000012ae
0x044B80	0C2D00050118	cmpi.b	#0x5, (0x118,A5)	player_actor_collision_scan_449b4	
0x044B86	6404	bcc.b	0x00044b8c	player_actor_collision_scan_449b4	CONDITIONAL_JUMP:00044b8c
0x044B88	6100E822	bsr.w	0x000433ac	player_actor_collision_scan_449b4	UNCONDITIONAL_CALL:000433ac
0x044B8C	422C0022	clr.b	(0x22,A4)	player_actor_collision_scan_449b4	
0x044B90	6012	bra.b	0x00044ba4	player_actor_collision_scan_449b4	UNCONDITIONAL_JUMP:00044ba4
0x044B92	D9FC00000040	adda.l	#0x40, A4	player_actor_collision_scan_449b4	
0x044B98	526D0214	addq.w	0x1, (0x214,A5)	player_actor_collision_scan_449b4	
0x044B9C	0C6D00120214	cmpi.w	#0x12, (0x214,A5)	player_actor_collision_scan_449b4	
0x044BA2	6694	bne.b	0x00044b38	player_actor_collision_scan_449b4	CONDITIONAL_JUMP:00044b38
0x044BA4	4E75	rts		player_actor_collision_scan_449b4	
0x044BA6	303C0010	move.w	#0x10, D0w	player_actor_collision_scan_449b4	
0x044BAA	3B40028C	move.w	D0w, (0x28c,A5)	player_actor_collision_scan_449b4	
0x044BAE	303CF808	move.w	#-0x7f8, D0w	player_actor_collision_scan_449b4	
0x044BB2	3B40028E	move.w	D0w, (0x28e,A5)	player_actor_collision_scan_449b4	DATA:0000f808
0x044BB6	47ED1338	lea	(0x1338,A5), A3	player_actor_collision_scan_449b4	
0x044BBA	426D021E	clr.w	(0x21e,A5)	player_actor_collision_scan_449b4	
0x044BBE	426D0290	clr.w	(0x290,A5)	player_actor_collision_scan_449b4	
0x044BC2	0C5300FF	cmpi.w	#0xff, (A3)	player_actor_collision_scan_449b4	DATA:00001338;DATA:00001340
0x044BC6	67000074	beq.w	0x00044c3c	player_actor_collision_scan_449b4	CONDITIONAL_JUMP:00044c3c
0x044BCA	526D0290	addq.w	0x1, (0x290,A5)	player_actor_collision_scan_449b4	
0x044BCE	49ED02C8	lea	(0x2c8,A5), A4	player_actor_collision_scan_449b4	
0x044BD2	426D0214	clr.w	(0x214,A5)	player_actor_collision_scan_449b4	
0x044BD6	4A2C0000	tst.b	(0x0,A4)	player_actor_collision_scan_449b4	
0x044BDA	674E	beq.b	0x00044c2a	player_actor_collision_scan_449b4	CONDITIONAL_JUMP:00044c2a
0x044BDC	4A2C0005	tst.b	(0x5,A4)	player_actor_collision_scan_449b4	
0x044BE0	6748	beq.b	0x00044c2a	player_actor_collision_scan_449b4	CONDITIONAL_JUMP:00044c2a
0x044BE2	4A2C003D	tst.b	(0x3d,A4)	player_actor_collision_scan_449b4	
0x044BE6	6642	bne.b	0x00044c2a	player_actor_collision_scan_449b4	CONDITIONAL_JUMP:00044c2a
0x044BE8	0C6D00090214	cmpi.w	#0x9, (0x214,A5)	player_actor_collision_scan_449b4	
0x044BEE	673A	beq.b	0x00044c2a	player_actor_collision_scan_449b4	CONDITIONAL_JUMP:00044c2a
0x044BF0	4A2C0003	tst.b	(0x3,A4)	player_actor_collision_scan_449b4	
0x044BF4	6634	bne.b	0x00044c2a	player_actor_collision_scan_449b4	CONDITIONAL_JUMP:00044c2a
0x044BF6	0C2C000C003E	cmpi.b	#0xc, (0x3e,A4)	player_actor_collision_scan_449b4	
0x044BFC	672C	beq.b	0x00044c2a	player_actor_collision_scan_449b4	CONDITIONAL_JUMP:00044c2a
0x044BFE	0C2C000C0006	cmpi.b	#0xc, (0x6,A4)	player_actor_collision_scan_449b4	
0x044C04	6724	beq.b	0x00044c2a	player_actor_collision_scan_449b4	CONDITIONAL_JUMP:00044c2a
0x044C06	6100FAB4	bsr.w	0x000446bc	player_actor_collision_scan_449b4	UNCONDITIONAL_CALL:000446bc
0x044C0A	322B0002	move.w	(0x2,A3), D1w	player_actor_collision_scan_449b4	DATA:0000133a
0x044C0E	342B0004	move.w	(0x4,A3), D2w	player_actor_collision_scan_449b4	DATA:0000133c
0x044C12	382C0016	move.w	(0x16,A4), D4w	player_actor_collision_scan_449b4	
0x044C16	3A2C001A	move.w	(0x1a,A4), D5w	player_actor_collision_scan_449b4	
0x044C1A	61000044	bsr.w	0x00044c60	player_actor_collision_scan_449b4	UNCONDITIONAL_CALL:00044c60
0x044C1E	4A40	tst.w	D0w	player_actor_collision_scan_449b4	
0x044C20	6708	beq.b	0x00044c2a	player_actor_collision_scan_449b4	CONDITIONAL_JUMP:00044c2a
0x044C22	36BC00FF	move.w	#0xff, (A3)	player_actor_collision_scan_449b4	DATA:00001338
0x044C26	6100FBDC	bsr.w	0x00044804	player_actor_collision_scan_449b4	UNCONDITIONAL_CALL:00044804
0x044C2A	D9FC00000040	adda.l	#0x40, A4	player_actor_collision_scan_449b4	
0x044C30	526D0214	addq.w	0x1, (0x214,A5)	player_actor_collision_scan_449b4	
0x044C34	0C6D001D0214	cmpi.w	#0x1d, (0x214,A5)	player_actor_collision_scan_449b4	
0x044C3A	669A	bne.b	0x00044bd6	player_actor_collision_scan_449b4	CONDITIONAL_JUMP:00044bd6
0x044C3C	D7FC00000008	adda.l	#0x8, A3	player_actor_collision_scan_449b4	
0x044C42	526D021E	addq.w	0x1, (0x21e,A5)	player_actor_collision_scan_449b4	
0x044C46	0C6D0003021E	cmpi.w	#0x3, (0x21e,A5)	player_actor_collision_scan_449b4	
0x044C4C	6600FF74	bne.w	0x00044bc2	player_actor_collision_scan_449b4	CONDITIONAL_JUMP:00044bc2
0x044C50	4A6D0290	tst.w	(0x290,A5)	player_actor_collision_scan_449b4	
0x044C54	6700FE24	beq.w	0x00044a7a	player_actor_collision_scan_449b4	CONDITIONAL_JUMP:00044a7a
0x044C58	4E75	rts		player_actor_collision_scan_449b4	
0x044C5A	41ED1254	lea	(0x1254,A5), A0	player_attack_overlap_entry_44c5a	
0x044C5E	6016	bra.b	0x00044c76	player_attack_overlap_entry_44c5a	UNCONDITIONAL_JUMP:00044c76
0x044C60	41ED028C	lea	(0x28c,A5), A0	FUN_00044c60	
0x044C64	6010	bra.b	0x00044c76	FUN_00044c60	UNCONDITIONAL_JUMP:00044c76
0x044C66	41ED02B0	lea	(0x2b0,A5), A0	FUN_00044c66	
0x044C6A	600A	bra.b	0x00044c76	FUN_00044c66	UNCONDITIONAL_JUMP:00044c76
0x044C6C	41ED1248	lea	(0x1248,A5), A0	FUN_00044c6c	
0x044C70	6004	bra.b	0x00044c76	FUN_00044c6c	UNCONDITIONAL_JUMP:00044c76
0x044C72	41ED022C	lea	(0x22c,A5), A0	FUN_00044c72	
0x044C76	D643	add.w	D3w, D3w	FUN_00044c72	
0x044C78	D643	add.w	D3w, D3w	FUN_00044c72	
0x044C7A	43FA0064	lea	(0x64,PC), A1	FUN_00044c72	DATA:00044ce0
0x044C7E	0C2C00020038	cmpi.b	#0x2, (0x38,A4)	FUN_00044c72	
0x044C84	6604	bne.b	0x00044c8a	FUN_00044c72	CONDITIONAL_JUMP:00044c8a
0x044C86	43FA0320	lea	(0x320,PC), A1	FUN_00044c72	DATA:00044fa8
0x044C8A	D2C3	adda.w	D3w, A1	FUN_00044c72	
0x044C8C	3C3C0080	move.w	#0x80, D6w	FUN_00044c72	
0x044C90	D246	add.w	D6w, D1w	FUN_00044c72	
0x044C92	024101FF	andi.w	#0x1ff, D1w	FUN_00044c72	
0x044C96	D446	add.w	D6w, D2w	FUN_00044c72	
0x044C98	024201FF	andi.w	#0x1ff, D2w	FUN_00044c72	
0x044C9C	D846	add.w	D6w, D4w	FUN_00044c72	
0x044C9E	024401FF	andi.w	#0x1ff, D4w	FUN_00044c72	
0x044CA2	DA46	add.w	D6w, D5w	FUN_00044c72	
0x044CA4	024501FF	andi.w	#0x1ff, D5w	FUN_00044c72	
0x044CA8	61000010	bsr.w	0x00044cba	FUN_00044c72	UNCONDITIONAL_CALL:00044cba
0x044CAC	4A40	tst.w	D0w	FUN_00044c72	
0x044CAE	6708	beq.b	0x00044cb8	FUN_00044c72	CONDITIONAL_JUMP:00044cb8
0x044CB0	3202	move.w	D2w, D1w	FUN_00044c72	
0x044CB2	3805	move.w	D5w, D4w	FUN_00044c72	
0x044CB4	61000004	bsr.w	0x00044cba	FUN_00044c72	UNCONDITIONAL_CALL:00044cba
0x044CB8	4E75	rts		FUN_00044c72	
0x044CBA	1C18	move.b	(A0)+, D6b	signed_interval_overlap_44cba	
0x044CBC	4886	ext.w	D6w	signed_interval_overlap_44cba	
0x044CBE	DC41	add.w	D1w, D6w	signed_interval_overlap_44cba	
0x044CC0	1E18	move.b	(A0)+, D7b	signed_interval_overlap_44cba	
0x044CC2	4887	ext.w	D7w	signed_interval_overlap_44cba	
0x044CC4	DE41	add.w	D1w, D7w	signed_interval_overlap_44cba	
0x044CC6	1619	move.b	(A1)+, D3b	signed_interval_overlap_44cba	
0x044CC8	4883	ext.w	D3w	signed_interval_overlap_44cba	
0x044CCA	D644	add.w	D4w, D3w	signed_interval_overlap_44cba	
0x044CCC	1019	move.b	(A1)+, D0b	signed_interval_overlap_44cba	
0x044CCE	4880	ext.w	D0w	signed_interval_overlap_44cba	
0x044CD0	D840	add.w	D0w, D4w	signed_interval_overlap_44cba	
0x044CD2	4280	clr.l	D0	signed_interval_overlap_44cba	
0x044CD4	BE43	cmp.w	D3w, D7w	signed_interval_overlap_44cba	
0x044CD6	6506	bcs.b	0x00044cde	signed_interval_overlap_44cba	CONDITIONAL_JUMP:00044cde
0x044CD8	B846	cmp.w	D6w, D4w	signed_interval_overlap_44cba	
0x044CDA	6502	bcs.b	0x00044cde	signed_interval_overlap_44cba	CONDITIONAL_JUMP:00044cde
0x044CDC	7001	moveq	0x1, D0	signed_interval_overlap_44cba	
0x044CDE	4E75	rts		signed_interval_overlap_44cba	
0x045248	197C00010000	move.b	#0x1, (0x0,A4)	FUN_00045248	
0x04524E	197C00010003	move.b	#0x1, (0x3,A4)	FUN_00045248	
0x045254	1940002F	move.b	D0b, (0x2f,A4)	FUN_00045248	
0x045258	197C00010004	move.b	#0x1, (0x4,A4)	FUN_00045248	
0x04525E	397C0001001C	move.w	#0x1, (0x1c,A4)	FUN_00045248	
0x045264	197C00010020	move.b	#0x1, (0x20,A4)	FUN_00045248	
0x04526A	19410021	move.b	D1b, (0x21,A4)	FUN_00045248	
0x04526E	1942000D	move.b	D2b, (0xd,A4)	FUN_00045248	
0x045272	3943001E	move.w	D3w, (0x1e,A4)	FUN_00045248	
0x045276	397C0180001A	move.w	#0x180, (0x1a,A4)	FUN_00045248	
0x04527C	4E75	rts		FUN_00045248	
0x045340	4E75	rts		paired_actor_init_45342	
0x045342	4A2D0548	tst.b	(0x548,A5)	paired_actor_init_45342	
0x045346	66F8	bne.b	0x00045340	paired_actor_init_45342	CONDITIONAL_JUMP:00045340
0x045348	49ED0508	lea	(0x508,A5), A4	paired_actor_init_45342	
0x04534C	47ED0548	lea	(0x548,A5), A3	paired_actor_init_45342	
0x045350	4A6D0C5A	tst.w	(0xc5a,A5)	paired_actor_init_45342	DATA:00000c5a
0x045354	660E	bne.b	0x00045364	paired_actor_init_45342	CONDITIONAL_JUMP:00045364
0x045356	197C00080006	move.b	#0x8, (0x6,A4)	paired_actor_init_45342	
0x04535C	177C00080006	move.b	#0x8, (0x6,A3)	paired_actor_init_45342	
0x045362	600C	bra.b	0x00045370	paired_actor_init_45342	UNCONDITIONAL_JUMP:00045370
0x045364	197C00090006	move.b	#0x9, (0x6,A4)	paired_actor_init_45342	
0x04536A	177C00090006	move.b	#0x9, (0x6,A3)	paired_actor_init_45342	
0x045370	197C0001003F	move.b	#0x1, (0x3f,A4)	paired_actor_init_45342	
0x045376	08EC00070027	bset.b	#0x7, (0x27,A4)	paired_actor_init_45342	
0x04537C	61000024	bsr.w	0x000453a2	paired_actor_init_45342	UNCONDITIONAL_CALL:000453a2
0x045380	6100003E	bsr.w	0x000453c0	paired_actor_init_45342	UNCONDITIONAL_CALL:000453c0
0x045384	49ED0548	lea	(0x548,A5), A4	paired_actor_init_45342	
0x045388	08EC00070027	bset.b	#0x7, (0x27,A4)	paired_actor_init_45342	
0x04538E	61000012	bsr.w	0x000453a2	paired_actor_init_45342	UNCONDITIONAL_CALL:000453a2
0x045392	6100002C	bsr.w	0x000453c0	paired_actor_init_45342	UNCONDITIONAL_CALL:000453c0
0x045396	103C0014	move.b	#0x14, D0b	paired_actor_init_45342	
0x04539A	4EB90003A0EC	jsr	0x0003a0ec.l	paired_actor_init_45342	UNCONDITIONAL_CALL:0003a0ec
0x0453A0	4E75	rts		paired_actor_init_45342	
0x0453A2	397C0001001C	move.w	#0x1, (0x1c,A4)	paired_actor_activate_453a2	
0x0453A8	197C00010000	move.b	#0x1, (0x0,A4)	paired_actor_activate_453a2	
0x0453AE	197C00030005	move.b	#0x3, (0x5,A4)	paired_actor_activate_453a2	
0x0453B4	397C0180001A	move.w	#0x180, (0x1a,A4)	paired_actor_activate_453a2	
0x0453BA	61000082	bsr.w	0x0004543e	paired_actor_activate_453a2	UNCONDITIONAL_CALL:0004543e
0x0453BE	4E75	rts		paired_actor_activate_453a2	
0x0453C0	0C2D00050118	cmpi.b	#0x5, (0x118,A5)	FUN_000453c0	
0x0453C6	650C	bcs.b	0x000453d4	FUN_000453c0	CONDITIONAL_JUMP:000453d4
0x0453C8	197C00040028	move.b	#0x4, (0x28,A4)	FUN_000453c0	
0x0453CE	397C0007002C	move.w	#0x7, (0x2c,A4)	FUN_000453c0	
0x0453D4	4E75	rts		FUN_000453c0	
0x0453D6	0C2C000C0006	cmpi.b	#0xc, (0x6,A4)	FUN_000453d6	
0x0453DC	6718	beq.b	0x000453f6	FUN_000453d6	CONDITIONAL_JUMP:000453f6
0x0453DE	102D002F	move.b	(0x2f,A5), D0b	FUN_000453d6	
0x0453E2	4A00	tst.b	D0b	FUN_000453d6	
0x0453E4	6718	beq.b	0x000453fe	FUN_000453d6	CONDITIONAL_JUMP:000453fe
0x0453E6	5300	subq.b	0x1, D0b	FUN_000453d6	
0x0453E8	670C	beq.b	0x000453f6	FUN_000453d6	CONDITIONAL_JUMP:000453f6
0x0453EA	5300	subq.b	0x1, D0b	FUN_000453d6	
0x0453EC	670A	beq.b	0x000453f8	FUN_000453d6	CONDITIONAL_JUMP:000453f8
0x0453EE	522C0028	addq.b	0x1, (0x28,A4)	FUN_000453d6	
0x0453F2	522C0029	addq.b	0x1, (0x29,A4)	FUN_000453d6	
0x0453F6	4E75	rts		FUN_000453d6	
0x0453F8	522C0029	addq.b	0x1, (0x29,A4)	FUN_000453d6	
0x0453FC	4E75	rts		FUN_000453d6	
0x0453FE	0C2C00020028	cmpi.b	#0x2, (0x28,A4)	FUN_000453d6	
0x045404	6504	bcs.b	0x0004540a	FUN_000453d6	CONDITIONAL_JUMP:0004540a
0x045406	532C0028	subq.b	0x1, (0x28,A4)	FUN_000453d6	
0x04540A	0C2C00020029	cmpi.b	#0x2, (0x29,A4)	FUN_000453d6	
0x045410	65E4	bcs.b	0x000453f6	FUN_000453d6	CONDITIONAL_JUMP:000453f6
0x045412	532C0029	subq.b	0x1, (0x29,A4)	FUN_000453d6	
0x045416	4E75	rts		FUN_000453d6	
0x045418	41FA0014	lea	(0x14,PC), A0	FUN_00045418	DATA:0004542e
0x04541C	4240	clr.w	D0w	FUN_00045418	
0x04541E	102C0005	move.b	(0x5,A4), D0b	FUN_00045418	
0x045422	04400013	subi.w	#0x13, D0w	FUN_00045418	
0x045426	D0C0	adda.w	D0w, A0	FUN_00045418	
0x045428	19500029	move.b	(A0), (0x29,A4)	FUN_00045418	DATA:0004542e
0x04542C	4E75	rts		FUN_00045418	
0x04543E	41FA0152	lea	(0x152,PC), A0	actor_record_loader_4543e	DATA:00045592
0x045442	4240	clr.w	D0w	actor_record_loader_4543e	
0x045444	102C0006	move.b	(0x6,A4), D0b	actor_record_loader_4543e	
0x045448	04400008	subi.w	#0x8, D0w	actor_record_loader_4543e	
0x04544C	601C	bra.b	0x0004546a	actor_record_loader_4543e	UNCONDITIONAL_JUMP:0004546a
0x04544E	0C2C0002003E	cmpi.b	#0x2, (0x3e,A4)	FUN_0004544e	
0x045454	673E	beq.b	0x00045494	FUN_0004544e	CONDITIONAL_JUMP:00045494
0x045456	41FA00AA	lea	(0xaa,PC), A0	FUN_0004544e	DATA:00045502
0x04545A	4A2C0752	tst.b	(0x752,A4)	FUN_0004544e	DATA:00000752
0x04545E	6704	beq.b	0x00045464	FUN_0004544e	CONDITIONAL_JUMP:00045464
0x045460	41FA0100	lea	(0x100,PC), A0	FUN_0004544e	DATA:00045562
0x045464	4240	clr.w	D0w	FUN_0004544e	
0x045466	102C003E	move.b	(0x3e,A4), D0b	FUN_0004544e	
0x04546A	E748	lsl.w	#0x3, D0w	FUN_0004544e	
0x04546C	D0C0	adda.w	D0w, A0	FUN_0004544e	
0x04546E	3950001E	move.w	(A0), (0x1e,A4)	FUN_0004544e	DATA:00045562;DATA:00045502;DATA:000454ea
0x045472	10280002	move.b	(0x2,A0), D0b	FUN_0004544e	DATA:00045564;DATA:00045504;DATA:000454ec
0x045476	1940003A	move.b	D0b, (0x3a,A4)	FUN_0004544e	
0x04547A	10280003	move.b	(0x3,A0), D0b	FUN_0004544e	DATA:00045565;DATA:00045505;DATA:000454ed
0x04547E	19400001	move.b	D0b, (0x1,A4)	FUN_0004544e	
0x045482	396800040028	move.w	(0x4,A0), (0x28,A4)	FUN_0004544e	DATA:00045566;DATA:00045506;DATA:000454ee
0x045488	39680006002C	move.w	(0x6,A0), (0x2c,A4)	FUN_0004544e	DATA:00045568;DATA:00045508;DATA:000454f0
0x04548E	6100FF46	bsr.w	0x000453d6	FUN_0004544e	UNCONDITIONAL_CALL:000453d6
0x045492	4E75	rts		FUN_0004544e	
0x045494	102C0038	move.b	(0x38,A4), D0b	FUN_0004544e	
0x045498	41FA0020	lea	(0x20,PC), A0	FUN_0004544e	DATA:000454ba
0x04549C	4A00	tst.b	D0b	FUN_0004544e	
0x04549E	670E	beq.b	0x000454ae	FUN_0004544e	CONDITIONAL_JUMP:000454ae
0x0454A0	41FA0030	lea	(0x30,PC), A0	FUN_0004544e	DATA:000454d2
0x0454A4	0C000003	cmpi.b	#0x3, D0b	FUN_0004544e	
0x0454A8	6704	beq.b	0x000454ae	FUN_0004544e	CONDITIONAL_JUMP:000454ae
0x0454AA	41FA003E	lea	(0x3e,PC), A0	FUN_0004544e	DATA:000454ea
0x0454AE	4240	clr.w	D0w	FUN_0004544e	
0x0454B0	102C0752	move.b	(0x752,A4), D0b	FUN_0004544e	DATA:00000752
0x0454B4	E748	lsl.w	#0x3, D0w	FUN_0004544e	
0x0454B6	D0C0	adda.w	D0w, A0	FUN_0004544e	
0x0454B8	60B4	bra.b	0x0004546e	FUN_0004544e	UNCONDITIONAL_JUMP:0004546e
0x045684	0C2C0002003E	cmpi.b	#0x2, (0x3e,A4)	FUN_00045684	
0x04568A	6730	beq.b	0x000456bc	FUN_00045684	CONDITIONAL_JUMP:000456bc
0x04568C	41FA0094	lea	(0x94,PC), A0	FUN_00045684	DATA:00045722
0x045690	4A6D02A2	tst.w	(0x2a2,A5)	FUN_00045684	
0x045694	6704	beq.b	0x0004569a	FUN_00045684	CONDITIONAL_JUMP:0004569a
0x045696	41FA00D2	lea	(0xd2,PC), A0	FUN_00045684	DATA:0004576a
0x04569A	4241	clr.w	D1w	FUN_00045684	
0x04569C	122D0118	move.b	(0x118,A5), D1b	FUN_00045684	
0x0456A0	5341	subq.w	0x1, D1w	FUN_00045684	
0x0456A2	C2FC000C	mulu.w	#0xc, D1	FUN_00045684	
0x0456A6	D0C1	adda.w	D1w, A0	FUN_00045684	
0x0456A8	4241	clr.w	D1w	FUN_00045684	
0x0456AA	122C003E	move.b	(0x3e,A4), D1b	FUN_00045684	
0x0456AE	D0C1	adda.w	D1w, A0	FUN_00045684	
0x0456B0	1210	move.b	(A0), D1b	FUN_00045684	
0x0456B2	08C10006	bset.l	#0x6, D1	FUN_00045684	
0x0456B6	832C0027	or.b	D1b, (0x27,A4)	FUN_00045684	
0x0456BA	4E75	rts		FUN_00045684	
0x0456BC	41FA002E	lea	(0x2e,PC), A0	FUN_00045684	DATA:000456ec
0x0456C0	4240	clr.w	D0w	FUN_00045684	
0x0456C2	102C0752	move.b	(0x752,A4), D0b	FUN_00045684	DATA:00000752
0x0456C6	C0FC0012	mulu.w	#0x12, D0	FUN_00045684	
0x0456CA	D0C0	adda.w	D0w, A0	FUN_00045684	
0x0456CC	4241	clr.w	D1w	FUN_00045684	
0x0456CE	122D0118	move.b	(0x118,A5), D1b	FUN_00045684	
0x0456D2	5341	subq.w	0x1, D1w	FUN_00045684	
0x0456D4	C2FC0003	mulu.w	#0x3, D1	FUN_00045684	
0x0456D8	D0C1	adda.w	D1w, A0	FUN_00045684	
0x0456DA	4240	clr.w	D0w	FUN_00045684	
0x0456DC	102C0038	move.b	(0x38,A4), D0b	FUN_00045684	
0x0456E0	0C000003	cmpi.b	#0x3, D0b	FUN_00045684	
0x0456E4	6502	bcs.b	0x000456e8	FUN_00045684	CONDITIONAL_JUMP:000456e8
0x0456E6	5500	subq.b	0x2, D0b	FUN_00045684	
0x0456E8	D0C0	adda.w	D0w, A0	FUN_00045684	
0x0456EA	60C4	bra.b	0x000456b0	FUN_00045684	UNCONDITIONAL_JUMP:000456b0
0x045AA0	397C01F0001A	move.w	#0x1f0, (0x1a,A4)	FUN_00045aa0	
0x045AA6	197C000D0006	move.b	#0xd, (0x6,A4)	FUN_00045aa0	
0x045AAC	6100F990	bsr.w	0x0004543e	FUN_00045aa0	UNCONDITIONAL_CALL:0004543e
0x045AB0	6100024A	bsr.w	0x00045cfc	FUN_00045aa0	UNCONDITIONAL_CALL:00045cfc
0x045AB4	4E75	rts		FUN_00045aa0	
0x045B18	3940001A	move.w	D0w, (0x1a,A4)	FUN_00045b18	DATA:00000722
0x045B1C	610001C2	bsr.w	0x00045ce0	FUN_00045b18	UNCONDITIONAL_CALL:00045ce0
0x045B20	0C6D0058013E	cmpi.w	#0x58, (0x13e,A5)	FUN_00045b18	
0x045B26	6602	bne.b	0x00045b2a	FUN_00045b18	CONDITIONAL_JUMP:00045b2a
0x045B28	4E75	rts		FUN_00045b18	
0x045B2A	49ED06C8	lea	(0x6c8,A5), A4	FUN_00045b18	
0x045B2E	6100ADFE	bsr.w	0x0004092e	FUN_00045b18	UNCONDITIONAL_CALL:0004092e
0x045B32	302D0200	move.w	(0x200,A5), D0w	FUN_00045b18	
0x045B36	19400021	move.b	D0b, (0x21,A4)	FUN_00045b18	DATA:000006e9
0x045B3A	303C0112	move.w	#0x112, D0w	FUN_00045b18	
0x045B3E	0C2D00020118	cmpi.b	#0x2, (0x118,A5)	FUN_00045b18	
0x045B44	6704	beq.b	0x00045b4a	FUN_00045b18	CONDITIONAL_JUMP:00045b4a
0x045B46	303C000A	move.w	#0xa, D0w	FUN_00045b18	
0x045B4A	19400006	move.b	D0b, (0x6,A4)	FUN_00045b18	DATA:000006ce
0x045B4E	E048	lsr.w	#0x8, D0w	FUN_00045b18	
0x045B50	19400038	move.b	D0b, (0x38,A4)	FUN_00045b18	DATA:00000700
0x045B54	6100F8E8	bsr.w	0x0004543e	FUN_00045b18	UNCONDITIONAL_CALL:0004543e
0x045B58	610001A2	bsr.w	0x00045cfc	FUN_00045b18	UNCONDITIONAL_CALL:00045cfc
0x045B5C	6100008A	bsr.w	0x00045be8	FUN_00045b18	UNCONDITIONAL_CALL:00045be8
0x045B60	49ED09C8	lea	(0x9c8,A5), A4	FUN_00045b18	
0x045B64	6100ADC8	bsr.w	0x0004092e	FUN_00045b18	UNCONDITIONAL_CALL:0004092e
0x045B68	302D0200	move.w	(0x200,A5), D0w	FUN_00045b18	
0x045B6C	5200	addq.b	0x1, D0b	FUN_00045b18	
0x045B6E	19400021	move.b	D0b, (0x21,A4)	FUN_00045b18	DATA:000009e9
0x045B72	197C000B0006	move.b	#0xb, (0x6,A4)	FUN_00045b18	DATA:000009ce
0x045B78	6100F8C4	bsr.w	0x0004543e	FUN_00045b18	UNCONDITIONAL_CALL:0004543e
0x045B7C	6100017E	bsr.w	0x00045cfc	FUN_00045b18	UNCONDITIONAL_CALL:00045cfc
0x045B80	61000066	bsr.w	0x00045be8	FUN_00045b18	UNCONDITIONAL_CALL:00045be8
0x045B84	0C2D00040118	cmpi.b	#0x4, (0x118,A5)	FUN_00045b18	
0x045B8A	6550	bcs.b	0x00045bdc	FUN_00045b18	CONDITIONAL_JUMP:00045bdc
0x045B8C	49ED0988	lea	(0x988,A5), A4	FUN_00045b18	
0x045B90	6100AD9C	bsr.w	0x0004092e	FUN_00045b18	UNCONDITIONAL_CALL:0004092e
0x045B94	302D0200	move.w	(0x200,A5), D0w	FUN_00045b18	
0x045B98	5400	addq.b	0x2, D0b	FUN_00045b18	
0x045B9A	19400021	move.b	D0b, (0x21,A4)	FUN_00045b18	DATA:000009a9
0x045B9E	197C000B0006	move.b	#0xb, (0x6,A4)	FUN_00045b18	DATA:0000098e
0x045BA4	6100F898	bsr.w	0x0004543e	FUN_00045b18	UNCONDITIONAL_CALL:0004543e
0x045BA8	61000152	bsr.w	0x00045cfc	FUN_00045b18	UNCONDITIONAL_CALL:00045cfc
0x045BAC	6100003A	bsr.w	0x00045be8	FUN_00045b18	UNCONDITIONAL_CALL:00045be8
0x045BB0	0C2D00060118	cmpi.b	#0x6, (0x118,A5)	FUN_00045b18	
0x045BB6	6524	bcs.b	0x00045bdc	FUN_00045b18	CONDITIONAL_JUMP:00045bdc
0x045BB8	49ED0948	lea	(0x948,A5), A4	FUN_00045b18	
0x045BBC	6100AD70	bsr.w	0x0004092e	FUN_00045b18	UNCONDITIONAL_CALL:0004092e
0x045BC0	302D0200	move.w	(0x200,A5), D0w	FUN_00045b18	
0x045BC4	5600	addq.b	0x3, D0b	FUN_00045b18	
0x045BC6	19400021	move.b	D0b, (0x21,A4)	FUN_00045b18	DATA:00000969
0x045BCA	197C000B0006	move.b	#0xb, (0x6,A4)	FUN_00045b18	DATA:0000094e
0x045BD0	6100F86C	bsr.w	0x0004543e	FUN_00045b18	UNCONDITIONAL_CALL:0004543e
0x045BD4	61000126	bsr.w	0x00045cfc	FUN_00045b18	UNCONDITIONAL_CALL:00045cfc
0x045BD8	6100000E	bsr.w	0x00045be8	FUN_00045b18	UNCONDITIONAL_CALL:00045be8
0x045BDC	103C0015	move.b	#0x15, D0b	FUN_00045b18	
0x045BE0	4EB90003A0EC	jsr	0x0003a0ec.l	FUN_00045b18	UNCONDITIONAL_CALL:0003a0ec
0x045BE6	4E75	rts		FUN_00045b18	
0x045BE8	302D071E	move.w	(0x71e,A5), D0w	FUN_00045be8	DATA:0000071e
0x045BEC	39400016	move.w	D0w, (0x16,A4)	FUN_00045be8	
0x045BF0	39400032	move.w	D0w, (0x32,A4)	FUN_00045be8	
0x045BF4	302D0722	move.w	(0x722,A5), D0w	FUN_00045be8	DATA:00000722
0x045BF8	06400014	addi.w	#0x14, D0w	FUN_00045be8	
0x045BFC	3940001A	move.w	D0w, (0x1a,A4)	FUN_00045be8	
0x045C00	39400030	move.w	D0w, (0x30,A4)	FUN_00045be8	
0x045C04	08EC00070027	bset.b	#0x7, (0x27,A4)	FUN_00045be8	
0x045C0A	4E75	rts		FUN_00045be8	
0x045CE0	197C000C0006	move.b	#0xc, (0x6,A4)	FUN_00045ce0	
0x045CE6	6100F756	bsr.w	0x0004543e	FUN_00045ce0	UNCONDITIONAL_CALL:0004543e
0x045CEA	302D0254	move.w	(0x254,A5), D0w	FUN_00045ce0	
0x045CEE	19400025	move.b	D0b, (0x25,A4)	FUN_00045ce0	
0x045CF2	D12C0001	add.b	D0b, (0x1,A4)	FUN_00045ce0	
0x045CF6	197C00010026	move.b	#0x1, (0x26,A4)	FUN_00045ce0	
0x045CFC	197C00010000	move.b	#0x1, (0x0,A4)	FUN_00045cfc	
0x045D02	197C00030005	move.b	#0x3, (0x5,A4)	FUN_00045cfc	
0x045D08	397C0001001C	move.w	#0x1, (0x1c,A4)	FUN_00045cfc	
0x045D0E	4E75	rts		FUN_00045cfc	
0x045D10	3B7C0040021A	move.w	#0x40, (0x21a,A5)	actor_map_collision_variant_45d10	
0x045D16	323C0144	move.w	#0x144, D1w	actor_map_collision_variant_45d10	
0x045D1A	3B410216	move.w	D1w, (0x216,A5)	actor_map_collision_variant_45d10	
0x045D1E	342D10B0	move.w	(0x10b0,A5), D2w	actor_map_collision_variant_45d10	DATA:000010b0
0x045D22	04420004	subi.w	#0x4, D2w	actor_map_collision_variant_45d10	
0x045D26	024201FF	andi.w	#0x1ff, D2w	actor_map_collision_variant_45d10	
0x045D2A	3B420218	move.w	D2w, (0x218,A5)	actor_map_collision_variant_45d10	
0x045D2E	4EB900053A2E	jsr	0x00053a2e.l	actor_map_collision_variant_45d10	UNCONDITIONAL_CALL:00053a2e
0x045D34	322D0256	move.w	(0x256,A5), D1w	actor_map_collision_variant_45d10	
0x045D38	0C410030	cmpi.w	#0x30, D1w	actor_map_collision_variant_45d10	
0x045D3C	652A	bcs.b	0x00045d68	actor_map_collision_variant_45d10	CONDITIONAL_JUMP:00045d68
0x045D3E	3010	move.w	(A0), D0w	actor_map_collision_variant_45d10	DATA:00001f80
0x045D40	E048	lsr.w	#0x8, D0w	actor_map_collision_variant_45d10	
0x045D42	B041	cmp.w	D1w, D0w	actor_map_collision_variant_45d10	
0x045D44	6604	bne.b	0x00045d4a	actor_map_collision_variant_45d10	CONDITIONAL_JUMP:00045d4a
0x045D46	7001	moveq	0x1, D0	actor_map_collision_variant_45d10	
0x045D48	4E75	rts		actor_map_collision_variant_45d10	
0x045D4A	516D0218	subq.w	0x8, (0x218,A5)	actor_map_collision_variant_45d10	
0x045D4E	90FC0080	suba.w	#0x80, A0	actor_map_collision_variant_45d10	
0x045D52	B1FC0010DE00	cmpa.l	#0x10de00, A0	actor_map_collision_variant_45d10	
0x045D58	6404	bcc.b	0x00045d5e	actor_map_collision_variant_45d10	CONDITIONAL_JUMP:00045d5e
0x045D5A	D0FC2000	adda.w	#0x2000, A0	actor_map_collision_variant_45d10	
0x045D5E	536D021A	subq.w	0x1, (0x21a,A5)	actor_map_collision_variant_45d10	
0x045D62	66D4	bne.b	0x00045d38	actor_map_collision_variant_45d10	CONDITIONAL_JUMP:00045d38
0x045D64	4240	clr.w	D0w	actor_map_collision_variant_45d10	
0x045D66	4E75	rts		actor_map_collision_variant_45d10	
0x045D68	3010	move.w	(A0), D0w	actor_map_collision_variant_45d10	DATA:00001f80
0x045D6A	B001	cmp.b	D1b, D0b	actor_map_collision_variant_45d10	
0x045D6C	66DC	bne.b	0x00045d4a	actor_map_collision_variant_45d10	CONDITIONAL_JUMP:00045d4a
0x045D6E	7001	moveq	0x1, D0	actor_map_collision_variant_45d10	
0x045D70	4E75	rts		actor_map_collision_variant_45d10	
0x045D72	61000008	bsr.w	0x00045d7c	FUN_00045d72	UNCONDITIONAL_CALL:00045d7c
0x045D76	6100004C	bsr.w	0x00045dc4	FUN_00045d72	UNCONDITIONAL_CALL:00045dc4
0x045D7A	4E75	rts		FUN_00045d72	
0x045D7C	302D0238	move.w	(0x238,A5), D0w	FUN_00045d7c	
0x045D80	4A40	tst.w	D0w	FUN_00045d7c	
0x045D82	673E	beq.b	0x00045dc2	FUN_00045d7c	CONDITIONAL_JUMP:00045dc2
0x045D84	5340	subq.w	0x1, D0w	FUN_00045d7c	
0x045D86	0C400008	cmpi.w	#0x8, D0w	FUN_00045d7c	
0x045D8A	6518	bcs.b	0x00045da4	FUN_00045d7c	CONDITIONAL_JUMP:00045da4
0x045D8C	426D0238	clr.w	(0x238,A5)	FUN_00045d7c	
0x045D90	3B7C000113B0	move.w	#0x1, (0x13b0,A5)	FUN_00045d7c	DATA:000013b0
0x045D96	4EB90003BA20	jsr	0x0003ba20.l	FUN_00045d7c	UNCONDITIONAL_CALL:0003ba20
0x045D9C	3B7C00010C50	move.w	#0x1, (0xc50,A5)	FUN_00045d7c	DATA:00000c50
0x045DA2	4E75	rts		FUN_00045d7c	
0x045DA4	C0FC0080	mulu.w	#0x80, D0	FUN_00045d7c	
0x045DA8	41ED1600	lea	(0x1600,A5), A0	FUN_00045d7c	
0x045DAC	D0C0	adda.w	D0w, A0	FUN_00045d7c	
0x045DAE	43F900200000	lea	(0x200000).l, A1	FUN_00045d7c	DATA:00200000
0x045DB4	D2C0	adda.w	D0w, A1	FUN_00045d7c	
0x045DB6	7040	moveq	0x40, D0	FUN_00045d7c	
0x045DB8	4EB90003A2D0	jsr	0x0003a2d0.l	FUN_00045d7c	UNCONDITIONAL_CALL:0003a2d0
0x045DBE	526D0238	addq.w	0x1, (0x238,A5)	FUN_00045d7c	
0x045DC2	4E75	rts		FUN_00045d7c	
0x045DC4	302D0C50	move.w	(0xc50,A5), D0w	FUN_00045dc4	DATA:00000c50
0x045DC8	4A40	tst.w	D0w	FUN_00045dc4	
0x045DCA	67F6	beq.b	0x00045dc2	FUN_00045dc4	CONDITIONAL_JUMP:00045dc2
0x045DCC	5340	subq.w	0x1, D0w	FUN_00045dc4	
0x045DCE	0C400008	cmpi.w	#0x8, D0w	FUN_00045dc4	
0x045DD2	6506	bcs.b	0x00045dda	FUN_00045dc4	CONDITIONAL_JUMP:00045dda
0x045DD4	426D0C50	clr.w	(0xc50,A5)	FUN_00045dc4	DATA:00000c50
0x045DD8	4E75	rts		FUN_00045dc4	
0x045DDA	C0FC0080	mulu.w	#0x80, D0	FUN_00045dc4	
0x045DDE	41ED1600	lea	(0x1600,A5), A0	FUN_00045dc4	
0x045DE2	D0C0	adda.w	D0w, A0	FUN_00045dc4	
0x045DE4	43F900200600	lea	(0x200600).l, A1	FUN_00045dc4	DATA:00200600
0x045DEA	D2C0	adda.w	D0w, A1	FUN_00045dc4	
0x045DEC	7040	moveq	0x40, D0	FUN_00045dc4	
0x045DEE	4EB90003A2D0	jsr	0x0003a2d0.l	FUN_00045dc4	UNCONDITIONAL_CALL:0003a2d0
0x045DF4	526D0C50	addq.w	0x1, (0xc50,A5)	FUN_00045dc4	DATA:00000c50
0x045DF8	4E75	rts		FUN_00045dc4	
0x045DFA	49ED05C8	lea	(0x5c8,A5), A4	FUN_00045dfa	
0x045DFE	43F900D00460	lea	(0xd00460).l, A1	FUN_00045dfa	DATA:00d00460
0x045E04	426D0214	clr.w	(0x214,A5)	FUN_00045dfa	
0x045E08	4A2C0000	tst.b	(0x0,A4)	FUN_00045dfa	
0x045E0C	670000AA	beq.w	0x00045eb8	FUN_00045dfa	CONDITIONAL_JUMP:00045eb8
0x045E10	102C0001	move.b	(0x1,A4), D0b	FUN_00045dfa	
0x045E14	1C2C0020	move.b	(0x20,A4), D6b	FUN_00045dfa	
0x045E18	1E2C0002	move.b	(0x2,A4), D7b	FUN_00045dfa	
0x045E1C	740A	moveq	0xa, D2	FUN_00045dfa	
0x045E1E	0C6D00030214	cmpi.w	#0x3, (0x214,A5)	FUN_00045dfa	
0x045E24	6502	bcs.b	0x00045e28	FUN_00045dfa	CONDITIONAL_JUMP:00045e28
0x045E26	7414	moveq	0x14, D2	FUN_00045dfa	
0x045E28	4EB90003D054	jsr	0x0003d054.l	FUN_00045dfa	UNCONDITIONAL_CALL:0003d054
0x045E2E	D9FC00000040	adda.l	#0x40, A4	FUN_00045dfa	
0x045E34	526D0214	addq.w	0x1, (0x214,A5)	FUN_00045dfa	
0x045E38	0C6D00060214	cmpi.w	#0x6, (0x214,A5)	FUN_00045dfa	
0x045E3E	66C8	bne.b	0x00045e08	FUN_00045dfa	CONDITIONAL_JUMP:00045e08
0x045E40	49ED0748	lea	(0x748,A5), A4	FUN_00045dfa	
0x045E44	43F900D00170	lea	(0xd00170).l, A1	FUN_00045dfa	DATA:00d00170
0x045E4A	426D0214	clr.w	(0x214,A5)	FUN_00045dfa	
0x045E4E	4A2C0000	tst.b	(0x0,A4)	FUN_00045dfa	DATA:00000748;DATA:00000788
0x045E52	67000082	beq.w	0x00045ed6	FUN_00045dfa	CONDITIONAL_JUMP:00045ed6
0x045E56	102C0001	move.b	(0x1,A4), D0b	FUN_00045dfa	DATA:00000749;DATA:00000789
0x045E5A	1C2C0020	move.b	(0x20,A4), D6b	FUN_00045dfa	DATA:00000768;DATA:000007a8
0x045E5E	1E2C0002	move.b	(0x2,A4), D7b	FUN_00045dfa	DATA:0000074a;DATA:0000078a
0x045E62	7406	moveq	0x6, D2	FUN_00045dfa	
0x045E64	4EB90003D054	jsr	0x0003d054.l	FUN_00045dfa	UNCONDITIONAL_CALL:0003d054
0x045E6A	D9FC00000040	adda.l	#0x40, A4	FUN_00045dfa	
0x045E70	526D0214	addq.w	0x1, (0x214,A5)	FUN_00045dfa	
0x045E74	0C6D00060214	cmpi.w	#0x6, (0x214,A5)	FUN_00045dfa	
0x045E7A	66D2	bne.b	0x00045e4e	FUN_00045dfa	CONDITIONAL_JUMP:00045e4e
0x045E7C	49ED08C8	lea	(0x8c8,A5), A4	FUN_00045dfa	
0x045E80	43F900D00300	lea	(0xd00300).l, A1	FUN_00045dfa	DATA:00d00300
0x045E86	426D0214	clr.w	(0x214,A5)	FUN_00045dfa	
0x045E8A	4A2C0000	tst.b	(0x0,A4)	FUN_00045dfa	DATA:000008c8;DATA:00000908
0x045E8E	6758	beq.b	0x00045ee8	FUN_00045dfa	CONDITIONAL_JUMP:00045ee8
0x045E90	102C0001	move.b	(0x1,A4), D0b	FUN_00045dfa	DATA:000008c9;DATA:00000909
0x045E94	1C2C0020	move.b	(0x20,A4), D6b	FUN_00045dfa	DATA:000008e8;DATA:00000928
0x045E98	1E2C0002	move.b	(0x2,A4), D7b	FUN_00045dfa	DATA:000008ca;DATA:0000090a
0x045E9C	7404	moveq	0x4, D2	FUN_00045dfa	
0x045E9E	4EB90003D054	jsr	0x0003d054.l	FUN_00045dfa	UNCONDITIONAL_CALL:0003d054
0x045EA4	D9FC00000040	adda.l	#0x40, A4	FUN_00045dfa	
0x045EAA	526D0214	addq.w	0x1, (0x214,A5)	FUN_00045dfa	
0x045EAE	0C6D00050214	cmpi.w	#0x5, (0x214,A5)	FUN_00045dfa	
0x045EB4	66D4	bne.b	0x00045e8a	FUN_00045dfa	CONDITIONAL_JUMP:00045e8a
0x045EB6	4E75	rts		FUN_00045dfa	
0x045EB8	303C0180	move.w	#0x180, D0w	FUN_00045dfa	
0x045EBC	740A	moveq	0xa, D2	FUN_00045dfa	
0x045EBE	0C6D00030214	cmpi.w	#0x3, (0x214,A5)	FUN_00045dfa	
0x045EC4	6502	bcs.b	0x00045ec8	FUN_00045dfa	CONDITIONAL_JUMP:00045ec8
0x045EC6	7414	moveq	0x14, D2	FUN_00045dfa	
0x045EC8	33400002	move.w	D0w, (0x2,A1)	FUN_00045dfa	
0x045ECC	5089	addq.l	0x8, A1	FUN_00045dfa	
0x045ECE	5342	subq.w	0x1, D2w	FUN_00045dfa	
0x045ED0	66F6	bne.b	0x00045ec8	FUN_00045dfa	CONDITIONAL_JUMP:00045ec8
0x045ED2	6000FF5A	bra.w	0x00045e2e	FUN_00045dfa	UNCONDITIONAL_JUMP:00045e2e
0x045ED6	303C0180	move.w	#0x180, D0w	FUN_00045dfa	
0x045EDA	7406	moveq	0x6, D2	FUN_00045dfa	
0x045EDC	33400002	move.w	D0w, (0x2,A1)	FUN_00045dfa	
0x045EE0	5089	addq.l	0x8, A1	FUN_00045dfa	
0x045EE2	5342	subq.w	0x1, D2w	FUN_00045dfa	
0x045EE4	66F6	bne.b	0x00045edc	FUN_00045dfa	CONDITIONAL_JUMP:00045edc
0x045EE6	6082	bra.b	0x00045e6a	FUN_00045dfa	UNCONDITIONAL_JUMP:00045e6a
0x045EE8	303C0180	move.w	#0x180, D0w	FUN_00045dfa	
0x045EEC	7404	moveq	0x4, D2	FUN_00045dfa	
0x045EEE	33400002	move.w	D0w, (0x2,A1)	FUN_00045dfa	
0x045EF2	5089	addq.l	0x8, A1	FUN_00045dfa	
0x045EF4	5342	subq.w	0x1, D2w	FUN_00045dfa	
0x045EF6	66F6	bne.b	0x00045eee	FUN_00045dfa	CONDITIONAL_JUMP:00045eee
0x045EF8	60AA	bra.b	0x00045ea4	FUN_00045dfa	UNCONDITIONAL_JUMP:00045ea4
0x045F88	003005304EF9	ori.b	#0x30, (-0x7,A0,D4*0x8)		
0x045F8E	0004BBCA	ori.b	#-0x36, D4b		
0x045F92	4E75	rts			
0x045FAC	4EB900045342	jsr	0x00045342.l		UNCONDITIONAL_CALL:00045342
0x045FB2	49ED06C8	lea	(0x6c8,A5), A4		
0x045FB6	4EB90004092E	jsr	0x0004092e.l		UNCONDITIONAL_CALL:0004092e
0x045FBC	197C00200530	move.b	#0x20, (0x530,A4)		DATA:00000bf8
0x045FC2	4EF90004BBCA	jmp	0x0004bbca.l		UNCONDITIONAL_CALL:0004bbca
0x045FC8	4E75	rts			
0x045FD0	66F6	bne.b	0x00045fc8		CONDITIONAL_JUMP:00045fc8
0x045FD2	4A6D025C	tst.w	(0x25c,A5)		
0x045FD6	66F0	bne.b	0x00045fc8		CONDITIONAL_JUMP:00045fc8
0x045FD8	3B7C0001025C	move.w	#0x1, (0x25c,A5)		
0x045FDE	3B7C00010C5A	move.w	#0x1, (0xc5a,A5)		DATA:00000c5a
0x045FE4	4EB900045342	jsr	0x00045342.l		UNCONDITIONAL_CALL:00045342
0x045FEA	49ED0688	lea	(0x688,A5), A4		
0x045FEE	4EB90004092E	jsr	0x0004092e.l		UNCONDITIONAL_CALL:0004092e
0x045FF4	197C00200530	move.b	#0x20, (0x530,A4)		DATA:00000bb8
0x045FFA	4EF90004BBCA	jmp	0x0004bbca.l		UNCONDITIONAL_CALL:0004bbca
0x046018	025A662C	andi.w	#0x662c, (A2)+		
0x04601C	3B7C0001025A	move.w	#0x1, (0x25a,A5)		
0x046022	3B7C00030254	move.w	#0x3, (0x254,A5)		
0x046028	49ED0708	lea	(0x708,A5), A4		
0x04602C	4EB90004092E	jsr	0x0004092e.l		UNCONDITIONAL_CALL:0004092e
0x046032	396D02160016	move.w	(0x216,A5), (0x16,A4)		DATA:0000071e
0x046038	302D0218	move.w	(0x218,A5), D0w		
0x04603C	044000B0	subi.w	#0xb0, D0w		
0x046040	024001FF	andi.w	#0x1ff, D0w		
0x046044	6000FAD2	bra.w	0x00045b18		UNCONDITIONAL_CALL:00045b18
0x046060	00060254	ori.b	#0x54, D6b		
0x046064	49ED0708	lea	(0x708,A5), A4		
0x046068	4EB90004092E	jsr	0x0004092e.l		UNCONDITIONAL_CALL:0004092e
0x04606E	322D041E	move.w	(0x41e,A5), D1w		
0x046072	302D0422	move.w	(0x422,A5), D0w		
0x046076	04400090	subi.w	#0x90, D0w		
0x04607A	39410016	move.w	D1w, (0x16,A4)		DATA:0000071e
0x04607E	6000FA98	bra.w	0x00045b18		UNCONDITIONAL_CALL:00045b18
0x0460F0	0003002A	ori.b	#0x2a, D3b		
0x0460F4	197C0003052E	move.b	#0x3, (0x52e,A4)		
0x0460FA	397C01400016	move.w	#0x140, (0x16,A4)		
0x046100	6100F99E	bsr.w	0x00045aa0		UNCONDITIONAL_CALL:00045aa0
0x046104	4E75	rts			
0x046114	4A6D0260	tst.w	(0x260,A5)		
0x046118	6610	bne.b	0x0004612a		CONDITIONAL_JUMP:0004612a
0x04611A	3B7C00010260	move.w	#0x1, (0x260,A5)		
0x046120	426D0C5A	clr.w	(0xc5a,A5)		DATA:00000c5a
0x046124	4EB900045342	jsr	0x00045342.l		UNCONDITIONAL_CALL:00045342
0x04612A	4E75	rts			
0x04612C	4E75	rts			
0x046138	025266F0	andi.w	#0x66f0, (A2)		
0x04613C	3B7C003D0256	move.w	#0x3d, (0x256,A5)		
0x046142	6100FBCC	bsr.w	0x00045d10		UNCONDITIONAL_CALL:00045d10
0x046146	4A40	tst.w	D0w		
0x046148	67E2	beq.b	0x0004612c		CONDITIONAL_JUMP:0004612c
0x04614A	3B7C00010252	move.w	#0x1, (0x252,A5)		
0x046150	3B7C00000254	move.w	#0x0, (0x254,A5)		
0x046156	49ED0708	lea	(0x708,A5), A4		
0x04615A	4EB90004092E	jsr	0x0004092e.l		UNCONDITIONAL_CALL:0004092e
0x046160	396D02160016	move.w	(0x216,A5), (0x16,A4)		DATA:0000071e
0x046166	302D0218	move.w	(0x218,A5), D0w		
0x04616A	044000B0	subi.w	#0xb0, D0w		
0x04616E	024001FF	andi.w	#0x1ff, D0w		
0x046172	6000F9A4	bra.w	0x00045b18		UNCONDITIONAL_CALL:00045b18
0x046176	4E75	rts			
0x046180	4A6D0250	tst.w	(0x250,A5)		
0x046184	66F0	bne.b	0x00046176		CONDITIONAL_JUMP:00046176
0x046186	3B7C00010250	move.w	#0x1, (0x250,A5)		
0x04618C	3B7C00030254	move.w	#0x3, (0x254,A5)		
0x046192	49ED0708	lea	(0x708,A5), A4		
0x046196	4EB90004092E	jsr	0x0004092e.l		UNCONDITIONAL_CALL:0004092e
0x04619C	322D049E	move.w	(0x49e,A5), D1w		
0x0461A0	302D04A2	move.w	(0x4a2,A5), D0w		DATA:000004a2
0x0461A4	06410010	addi.w	#0x10, D1w		
0x0461A8	04400080	subi.w	#0x80, D0w		
0x0461AC	39410016	move.w	D1w, (0x16,A4)		DATA:0000071e
0x0461B0	6000F966	bra.w	0x00045b18		UNCONDITIONAL_CALL:00045b18
0x04638C	02246100	andi.b	#0x0, -(A4)		
0x046390	040049ED	subi.b	#-0x13, D0b		
0x046394	03487452	movep.l	(0x7452, A0), D1		DATA:00007452;DATA:00007454;DATA:00007456;DATA:00007458
0x046398	363C0224	move.w	#0x224, D3w		
0x04639C	610003F2	bsr.w	0x00046790		UNCONDITIONAL_CALL:00046790
0x0463A0	426D02A4	clr.w	(0x2a4,A5)		
0x0463A4	526D028A	addq.w	0x1, (0x28a,A5)		
0x0463A8	4E75	rts			
0x0463F8	6504	bcs.b	0x000463fe		CONDITIONAL_JUMP:000463fe
0x0463FA	526D0288	addq.w	0x1, (0x288,A5)		
0x0463FE	4E75	rts			
0x046790	4200	clr.b	D0b	FUN_00046790	
0x046792	4201	clr.b	D1b	FUN_00046790	
0x046794	6100EAB2	bsr.w	0x00045248	FUN_00046790	UNCONDITIONAL_CALL:00045248
0x046798	4E75	rts		FUN_00046790	
0x046AB4	322D10BE	move.w	(0x10be,A5), D1w	FUN_00046ab4	DATA:000010be
0x046AB8	7002	moveq	0x2, D0	FUN_00046ab4	
0x046ABA	0C410048	cmpi.w	#0x48, D1w	FUN_00046ab4	
0x046ABE	650A	bcs.b	0x00046aca	FUN_00046ab4	CONDITIONAL_JUMP:00046aca
0x046AC0	7001	moveq	0x1, D0	FUN_00046ab4	
0x046AC2	0C4100F8	cmpi.w	#0xf8, D1w	FUN_00046ab4	
0x046AC6	6502	bcs.b	0x00046aca	FUN_00046ab4	CONDITIONAL_JUMP:00046aca
0x046AC8	4240	clr.w	D0w	FUN_00046ab4	
0x046ACA	C0FC001E	mulu.w	#0x1e, D0	FUN_00046ab4	
0x046ACE	41FA0060	lea	(0x60,PC), A0	FUN_00046ab4	DATA:00046b30
0x046AD2	D0C0	adda.w	D0w, A0	FUN_00046ab4	
0x046AD4	4240	clr.w	D0w	FUN_00046ab4	
0x046AD6	4DED0748	lea	(0x748,A5), A6	FUN_00046ab4	
0x046ADA	0C2E00030005	cmpi.b	#0x3, (0x5,A6)	FUN_00046ab4	DATA:0000074d;DATA:0000078d
0x046AE0	673C	beq.b	0x00046b1e	FUN_00046ab4	CONDITIONAL_JUMP:00046b1e
0x046AE2	0C2E000B0005	cmpi.b	#0xb, (0x5,A6)	FUN_00046ab4	DATA:0000074d;DATA:0000078d
0x046AE8	6734	beq.b	0x00046b1e	FUN_00046ab4	CONDITIONAL_JUMP:00046b1e
0x046AEA	0C2E000F0005	cmpi.b	#0xf, (0x5,A6)	FUN_00046ab4	DATA:0000074d;DATA:0000078d
0x046AF0	672C	beq.b	0x00046b1e	FUN_00046ab4	CONDITIONAL_JUMP:00046b1e
0x046AF2	4A2E0007	tst.b	(0x7,A6)	FUN_00046ab4	DATA:0000074f;DATA:0000078f
0x046AF6	6726	beq.b	0x00046b1e	FUN_00046ab4	CONDITIONAL_JUMP:00046b1e
0x046AF8	3D500014	move.w	(A0), (0x14,A6)	FUN_00046ab4	READ:00046b30;DATA:0000075c;READ:00046b36;DATA:0000079c;READ:00046b4e;READ:00046b6c;DATA:0000fffe
0x046AFC	3D6800020018	move.w	(0x2,A0), (0x18,A6)	FUN_00046ab4	READ:00046b32;DATA:00000760;READ:00046b38;DATA:000007a0;READ:00046b50;READ:00046b6e
0x046B02	1D6800050001	move.b	(0x5,A0), (0x1,A6)	FUN_00046ab4	READ:00046b35;DATA:00000749;READ:00046b3b;DATA:00000789;READ:00046b53;READ:00046b71
0x046B08	1D7C000B0005	move.b	#0xb, (0x5,A6)	FUN_00046ab4	DATA:0000074d;DATA:0000078d
0x046B0E	1D7C00010007	move.b	#0x1, (0x7,A6)	FUN_00046ab4	DATA:0000074f;DATA:0000078f
0x046B14	1D7C00010009	move.b	#0x1, (0x9,A6)	FUN_00046ab4	DATA:00000751;DATA:00000791
0x046B1A	422E0012	clr.b	(0x12,A6)	FUN_00046ab4	DATA:0000075a;DATA:0000079a
0x046B1E	DCFC0040	adda.w	#0x40, A6	FUN_00046ab4	
0x046B22	D0FC0006	adda.w	#0x6, A0	FUN_00046ab4	
0x046B26	5240	addq.w	0x1, D0w	FUN_00046ab4	
0x046B28	0C400005	cmpi.w	#0x5, D0w	FUN_00046ab4	
0x046B2C	66AC	bne.b	0x00046ada	FUN_00046ab4	CONDITIONAL_JUMP:00046ada
0x046B2E	4E75	rts		FUN_00046ab4	
0x046BC4	4240	clr.w	D0w	FUN_00046bc4	
0x046BC6	0C6D00A010C0	cmpi.w	#0xa0, (0x10c0,A5)	FUN_00046bc4	DATA:000010c0
0x046BCC	6502	bcs.b	0x00046bd0	FUN_00046bc4	CONDITIONAL_JUMP:00046bd0
0x046BCE	5240	addq.w	0x1, D0w	FUN_00046bc4	
0x046BD0	0C6C00A0001A	cmpi.w	#0xa0, (0x1a,A4)	FUN_00046bc4	
0x046BD6	6502	bcs.b	0x00046bda	FUN_00046bc4	CONDITIONAL_JUMP:00046bda
0x046BD8	5440	addq.w	0x2, D0w	FUN_00046bc4	
0x046BDA	3B400274	move.w	D0w, (0x274,A5)	FUN_00046bc4	
0x046BDE	4E75	rts		FUN_00046bc4	
0x046C7C	0C2C00040001	cmpi.b	#0x4, (0x1,A4)		
0x046C82	6502	bcs.b	0x00046c86		CONDITIONAL_JUMP:00046c86
0x046C84	7057	moveq	0x57, D0		
0x046C86	19400022	move.b	D0b, (0x22,A4)		
0x046C8A	4E75	rts			
0x046CBC	653E	bcs.b	0x00046cfc		CONDITIONAL_JUMP:00046cfc
0x046CBE	422C000B	clr.b	(0xb,A4)		
0x046CC2	4240	clr.w	D0w		
0x046CC4	102C000A	move.b	(0xa,A4), D0b		
0x046CC8	0C6D00050272	cmpi.w	#0x5, (0x272,A5)		
0x046CCE	6638	bne.b	0x00046d08		CONDITIONAL_JUMP:00046d08
0x046CD0	41FA002C	lea	(0x2c,PC), A0		DATA:00046cfe
0x046CD4	D0C0	adda.w	D0w, A0		
0x046CD6	1010	move.b	(A0), D0b		DATA:00046cfe
0x046CD8	06000000	addi.b	#0x0, D0b		
0x046CDC	19400001	move.b	D0b, (0x1,A4)		
0x046CE0	10280006	move.b	(0x6,A0), D0b		DATA:00046d04
0x046CE4	19400022	move.b	D0b, (0x22,A4)		
0x046CE8	522C000A	addq.b	0x1, (0xa,A4)		
0x046CEC	0C2C0005000A	cmpi.b	#0x5, (0xa,A4)		
0x046CF2	6508	bcs.b	0x00046cfc		CONDITIONAL_JUMP:00046cfc
0x046CF4	422C000A	clr.b	(0xa,A4)		
0x046CF8	422C0007	clr.b	(0x7,A4)		
0x046CFC	4E75	rts			
0x046D08	0C6D00060272	cmpi.w	#0x6, (0x272,A5)		
0x046D0E	6638	bne.b	0x00046d48		CONDITIONAL_JUMP:00046d48
0x046D10	41FA0024	lea	(0x24,PC), A0		DATA:00046d36
0x046D14	D0C0	adda.w	D0w, A0		
0x046D16	1010	move.b	(A0), D0b		DATA:00046d36
0x046D18	06000000	addi.b	#0x0, D0b		
0x046D1C	19400001	move.b	D0b, (0x1,A4)		
0x046D20	10280008	move.b	(0x8,A0), D0b		DATA:00046d3e
0x046D24	19400022	move.b	D0b, (0x22,A4)		
0x046D28	522C000A	addq.b	0x1, (0xa,A4)		
0x046D2C	0C2C0009000A	cmpi.b	#0x9, (0xa,A4)		
0x046D32	65C8	bcs.b	0x00046cfc		CONDITIONAL_JUMP:00046cfc
0x046D34	60BE	bra.b	0x00046cf4		UNCONDITIONAL_JUMP:00046cf4
0x046D48	41FA002E	lea	(0x2e,PC), A0		DATA:00046d78
0x046D4C	D0C0	adda.w	D0w, A0		
0x046D4E	1010	move.b	(A0), D0b		DATA:00046d78
0x046D50	06000000	addi.b	#0x0, D0b		
0x046D54	19400001	move.b	D0b, (0x1,A4)		
0x046D58	422C0022	clr.b	(0x22,A4)		
0x046D5C	522C000A	addq.b	0x1, (0xa,A4)		
0x046D60	0C2C0007000A	cmpi.b	#0x7, (0xa,A4)		
0x046D66	6604	bne.b	0x00046d6c		CONDITIONAL_JUMP:00046d6c
0x046D68	6100FD4A	bsr.w	0x00046ab4		UNCONDITIONAL_CALL:00046ab4
0x046D6C	0C2C000E000A	cmpi.b	#0xe, (0xa,A4)		
0x046D72	6588	bcs.b	0x00046cfc		CONDITIONAL_JUMP:00046cfc
0x046D74	6000FF7E	bra.w	0x00046cf4		UNCONDITIONAL_JUMP:00046cf4
0x047004	4A6D026E	tst.w	(0x26e,A5)	FUN_00047004	
0x047008	6730	beq.b	0x0004703a	FUN_00047004	CONDITIONAL_JUMP:0004703a
0x04700A	302D0270	move.w	(0x270,A5), D0w	FUN_00047004	
0x04700E	0C400007	cmpi.w	#0x7, D0w	FUN_00047004	
0x047012	6504	bcs.b	0x00047018	FUN_00047004	CONDITIONAL_JUMP:00047018
0x047014	426D026E	clr.w	(0x26e,A5)	FUN_00047004	
0x047018	47FA0072	lea	(0x72,PC), A3	FUN_00047004	DATA:0004708c
0x04701C	4240	clr.w	D0w	FUN_00047004	
0x04701E	102D0118	move.b	(0x118,A5), D0b	FUN_00047004	
0x047022	5340	subq.w	0x1, D0w	FUN_00047004	
0x047024	C0FC001E	mulu.w	#0x1e, D0	FUN_00047004	
0x047028	D6C0	adda.w	D0w, A3	FUN_00047004	
0x04702A	263C0000000F	move.l	#0xf, D3	FUN_00047004	
0x047030	41F9002009E2	lea	(0x2009e2).l, A0	FUN_00047004	DATA:002009e2
0x047036	61000004	bsr.w	0x0004703c	FUN_00047004	UNCONDITIONAL_CALL:0004703c
0x04703A	4E75	rts		FUN_00047004	
0x04703C	321B	move.w	(A3)+, D1w	FUN_0004703c	
0x04703E	3401	move.w	D1w, D2w	FUN_0004703c	
0x047040	0242000F	andi.w	#0xf, D2w	FUN_0004703c	
0x047044	61000030	bsr.w	0x00047076	FUN_0004703c	UNCONDITIONAL_CALL:00047076
0x047048	EA5A	ror.w	#0x5, D2w	FUN_0004703c	
0x04704A	3C02	move.w	D2w, D6w	FUN_0004703c	
0x04704C	3401	move.w	D1w, D2w	FUN_0004703c	
0x04704E	024200F0	andi.w	#0xf0, D2w	FUN_0004703c	
0x047052	E84A	lsr.w	#0x4, D2w	FUN_0004703c	
0x047054	61000020	bsr.w	0x00047076	FUN_0004703c	UNCONDITIONAL_CALL:00047076
0x047058	ED5A	rol.w	#0x6, D2w	FUN_0004703c	
0x04705A	3E02	move.w	D2w, D7w	FUN_0004703c	
0x04705C	3401	move.w	D1w, D2w	FUN_0004703c	
0x04705E	02420F00	andi.w	#0xf00, D2w	FUN_0004703c	
0x047062	E04A	lsr.w	#0x8, D2w	FUN_0004703c	
0x047064	61000010	bsr.w	0x00047076	FUN_0004703c	UNCONDITIONAL_CALL:00047076
0x047068	E35A	rol.w	#0x1, D2w	FUN_0004703c	
0x04706A	8446	or.w	D6w, D2w	FUN_0004703c	
0x04706C	8447	or.w	D7w, D2w	FUN_0004703c	
0x04706E	30C2	move.w	D2w, (A0)+	FUN_0004703c	
0x047070	5383	subq.l	0x1, D3	FUN_0004703c	
0x047072	66C8	bne.b	0x0004703c	FUN_0004703c	CONDITIONAL_JUMP:0004703c
0x047074	4E75	rts		FUN_0004703c	
0x047076	4DFAFF0C	lea	(-0xf4,PC), A6	FUN_00047076	DATA:00046f84
0x04707A	C4FC0008	mulu.w	#0x8, D2	FUN_00047076	
0x04707E	DCC2	adda.w	D2w, A6	FUN_00047076	
0x047080	302D0270	move.w	(0x270,A5), D0w	FUN_00047076	
0x047084	DCC0	adda.w	D0w, A6	FUN_00047076	
0x047086	4242	clr.w	D2w	FUN_00047076	
0x047088	1416	move.b	(A6), D2b	FUN_00047076	
0x04708A	4E75	rts		FUN_00047076	
0x04736A	4A2C0007	tst.b	(0x7,A4)	actor_map_collision_variant_4736a	
0x04736E	6646	bne.b	0x000473b6	actor_map_collision_variant_4736a	CONDITIONAL_JUMP:000473b6
0x047370	0C2C000D0005	cmpi.b	#0xd, (0x5,A4)	actor_map_collision_variant_4736a	
0x047376	643E	bcc.b	0x000473b6	actor_map_collision_variant_4736a	CONDITIONAL_JUMP:000473b6
0x047378	322C0016	move.w	(0x16,A4), D1w	actor_map_collision_variant_4736a	
0x04737C	024101FF	andi.w	#0x1ff, D1w	actor_map_collision_variant_4736a	
0x047380	342C001A	move.w	(0x1a,A4), D2w	actor_map_collision_variant_4736a	
0x047384	024201FF	andi.w	#0x1ff, D2w	actor_map_collision_variant_4736a	
0x047388	5842	addq.w	0x4, D2w	actor_map_collision_variant_4736a	
0x04738A	4EB900053A2E	jsr	0x00053a2e.l	actor_map_collision_variant_4736a	UNCONDITIONAL_CALL:00053a2e
0x047390	3010	move.w	(A0), D0w	actor_map_collision_variant_4736a	
0x047392	E048	lsr.w	#0x8, D0w	actor_map_collision_variant_4736a	
0x047394	4A00	tst.b	D0b	actor_map_collision_variant_4736a	
0x047396	6606	bne.b	0x0004739e	actor_map_collision_variant_4736a	CONDITIONAL_JUMP:0004739e
0x047398	522C074F	addq.b	0x1, (0x74f,A4)	actor_map_collision_variant_4736a	DATA:0000074f
0x04739C	6004	bra.b	0x000473a2	actor_map_collision_variant_4736a	UNCONDITIONAL_JUMP:000473a2
0x04739E	422C074F	clr.b	(0x74f,A4)	actor_map_collision_variant_4736a	DATA:0000074f
0x0473A2	0C2C0003074F	cmpi.b	#0x3, (0x74f,A4)	actor_map_collision_variant_4736a	DATA:0000074f
0x0473A8	650C	bcs.b	0x000473b6	actor_map_collision_variant_4736a	CONDITIONAL_JUMP:000473b6
0x0473AA	197C00010039	move.b	#0x1, (0x39,A4)	actor_map_collision_variant_4736a	
0x0473B0	4EB9000447F0	jsr	0x000447f0.l	actor_map_collision_variant_4736a	UNCONDITIONAL_CALL:000447f0
0x0473B6	4E75	rts		actor_map_collision_variant_4736a	
0x047484	002B422C0747	ori.b	#0x2c, (0x747,A3)		DATA:00000747
0x04748A	603A	bra.b	0x000474c6		UNCONDITIONAL_JUMP:000474c6
0x0474C6	6100FEA2	bsr.w	0x0004736a		UNCONDITIONAL_CALL:0004736a
0x0474CA	102C003E	move.b	(0x3e,A4), D0b		
0x0474CE	4A00	tst.b	D0b		
0x0474D0	6620	bne.b	0x000474f2		CONDITIONAL_JUMP:000474f2
0x0474D2	322D0200	move.w	(0x200,A5), D1w		
0x0474D6	02410018	andi.w	#0x18, D1w		
0x0474DA	E649	lsr.w	#0x3, D1w		
0x0474DC	41FA0010	lea	(0x10,PC), A0		DATA:000474ee
0x0474E0	D0C1	adda.w	D1w, A0		
0x0474E2	1010	move.b	(A0), D0b		DATA:000474ee
0x0474E4	06000017	addi.b	#0x17, D0b		
0x0474E8	19400001	move.b	D0b, (0x1,A4)		
0x0474EC	4E75	rts			
0x0474F2	0C000001	cmpi.b	#0x1, D0b		
0x0474F6	663E	bne.b	0x00047536		CONDITIONAL_JUMP:00047536
0x0474F8	522C000A	addq.b	0x1, (0xa,A4)		
0x0474FC	0C2C0008000A	cmpi.b	#0x8, (0xa,A4)		
0x047502	652A	bcs.b	0x0004752e		CONDITIONAL_JUMP:0004752e
0x047504	422C000A	clr.b	(0xa,A4)		
0x047508	522C000B	addq.b	0x1, (0xb,A4)		
0x04750C	0C2C0006000B	cmpi.b	#0x6, (0xb,A4)		
0x047512	6504	bcs.b	0x00047518		CONDITIONAL_JUMP:00047518
0x047514	422C000B	clr.b	(0xb,A4)		
0x047518	122C000B	move.b	(0xb,A4), D1b		
0x04751C	4881	ext.w	D1w		
0x04751E	41FA0010	lea	(0x10,PC), A0		DATA:00047530
0x047522	D0C1	adda.w	D1w, A0		
0x047524	1010	move.b	(A0), D0b		DATA:00047530;DATA:00047531
0x047526	06000023	addi.b	#0x23, D0b		
0x04752A	19400001	move.b	D0b, (0x1,A4)		
0x04752E	4E75	rts			
0x047536	0C000002	cmpi.b	#0x2, D0b		
0x04753A	6646	bne.b	0x00047582		CONDITIONAL_JUMP:00047582
0x04753C	322D0200	move.w	(0x200,A5), D1w		
0x047540	0C2C000D0005	cmpi.b	#0xd, (0x5,A4)		
0x047546	651E	bcs.b	0x00047566		CONDITIONAL_JUMP:00047566
0x047548	0241000C	andi.w	#0xc, D1w		
0x04754C	E449	lsr.w	#0x2, D1w		
0x04754E	143C0020	move.b	#0x20, D2b		
0x047552	41FA000E	lea	(0xe,PC), A0		DATA:00047562
0x047556	D0C1	adda.w	D1w, A0		
0x047558	1010	move.b	(A0), D0b		DATA:00047562
0x04755A	D002	add.b	D2b, D0b		
0x04755C	19400001	move.b	D0b, (0x1,A4)		
0x047560	4E75	rts			
0x047566	02410018	andi.w	#0x18, D1w		
0x04756A	E649	lsr.w	#0x3, D1w		
0x04756C	41FA0010	lea	(0x10,PC), A0		DATA:0004757e
0x047570	D0C1	adda.w	D1w, A0		
0x047572	1010	move.b	(A0), D0b		DATA:0004757e
0x047574	06000093	addi.b	#-0x6d, D0b		
0x047578	19400001	move.b	D0b, (0x1,A4)		
0x04757C	4E75	rts			
0x047582	0C000003	cmpi.b	#0x3, D0b		
0x047586	662C	bne.b	0x000475b4		CONDITIONAL_JUMP:000475b4
0x047588	322D0200	move.w	(0x200,A5), D1w		
0x04758C	02410018	andi.w	#0x18, D1w		
0x047590	E649	lsr.w	#0x3, D1w		
0x047592	142C000B	move.b	(0xb,A4), D2b		
0x047596	E30A	lsl.b	#0x1, D2b		
0x047598	D202	add.b	D2b, D1b		
0x04759A	41FA0010	lea	(0x10,PC), A0		DATA:000475ac
0x04759E	D0C1	adda.w	D1w, A0		
0x0475A0	1010	move.b	(A0), D0b		DATA:000475ac
0x0475A2	0600005F	addi.b	#0x5f, D0b		
0x0475A6	19400001	move.b	D0b, (0x1,A4)		
0x0475AA	4E75	rts			
0x0475B4	0C000004	cmpi.b	#0x4, D0b		
0x0475B8	6616	bne.b	0x000475d0		CONDITIONAL_JUMP:000475d0
0x0475BA	123C00C9	move.b	#-0x37, D1b		
0x0475BE	302D0200	move.w	(0x200,A5), D0w		
0x0475C2	02400018	andi.w	#0x18, D0w		
0x0475C6	E648	lsr.w	#0x3, D0w		
0x0475C8	D001	add.b	D1b, D0b		
0x0475CA	19400001	move.b	D0b, (0x1,A4)		
0x0475CE	4E75	rts			
0x0475D0	0C000005	cmpi.b	#0x5, D0b		
0x0475D4	6606	bne.b	0x000475dc		CONDITIONAL_JUMP:000475dc
0x0475D6	123C00D0	move.b	#-0x30, D1b		
0x0475DA	60E2	bra.b	0x000475be		UNCONDITIONAL_JUMP:000475be
0x0475DC	0C000006	cmpi.b	#0x6, D0b		
0x0475E0	6606	bne.b	0x000475e8		CONDITIONAL_JUMP:000475e8
0x0475E2	123C00DD	move.b	#-0x23, D1b		
0x0475E6	60D6	bra.b	0x000475be		UNCONDITIONAL_JUMP:000475be
0x0475E8	0C000007	cmpi.b	#0x7, D0b		
0x0475EC	6606	bne.b	0x000475f4		CONDITIONAL_JUMP:000475f4
0x0475EE	123C005F	move.b	#0x5f, D1b		
0x0475F2	600A	bra.b	0x000475fe		UNCONDITIONAL_JUMP:000475fe
0x0475F4	0C000008	cmpi.b	#0x8, D0b		
0x0475F8	6610	bne.b	0x0004760a		CONDITIONAL_JUMP:0004760a
0x0475FA	123C004D	move.b	#0x4d, D1b		
0x0475FE	302D0200	move.w	(0x200,A5), D0w		
0x047602	0240000C	andi.w	#0xc, D0w		
0x047606	E448	lsr.w	#0x2, D0w		
0x047608	60BE	bra.b	0x000475c8		UNCONDITIONAL_JUMP:000475c8
0x04760A	0C000009	cmpi.b	#0x9, D0b		
0x04760E	661E	bne.b	0x0004762e		CONDITIONAL_JUMP:0004762e
0x047610	123C006E	move.b	#0x6e, D1b		
0x047614	302D0200	move.w	(0x200,A5), D0w		
0x047618	0240000C	andi.w	#0xc, D0w		
0x04761C	E448	lsr.w	#0x2, D0w		
0x04761E	0C000003	cmpi.b	#0x3, D0b		
0x047622	6602	bne.b	0x00047626		CONDITIONAL_JUMP:00047626
0x047624	7001	moveq	0x1, D0		
0x047626	D001	add.b	D1b, D0b		
0x047628	19400001	move.b	D0b, (0x1,A4)		
0x04762C	4E75	rts			
0x04762E	0C00000A	cmpi.b	#0xa, D0b		
0x047632	6628	bne.b	0x0004765c		CONDITIONAL_JUMP:0004765c
0x047634	4A2C002E	tst.b	(0x2e,A4)		
0x047638	6614	bne.b	0x0004764e		CONDITIONAL_JUMP:0004764e
0x04763A	302D0200	move.w	(0x200,A5), D0w		
0x04763E	02400070	andi.w	#0x70, D0w		
0x047642	E848	lsr.w	#0x4, D0w		
0x047644	0600002D	addi.b	#0x2d, D0b		
0x047648	19400001	move.b	D0b, (0x1,A4)		
0x04764C	4E75	rts			
0x04764E	302D0200	move.w	(0x200,A5), D0w		
0x047652	02400038	andi.w	#0x38, D0w		
0x047656	E648	lsr.w	#0x3, D0w		
0x047658	5040	addq.w	0x8, D0w		
0x04765A	60E8	bra.b	0x00047644		UNCONDITIONAL_JUMP:00047644
0x04765C	123C00B5	move.b	#-0x4b, D1b		
0x047660	302D0200	move.w	(0x200,A5), D0w		
0x047664	0240000C	andi.w	#0xc, D0w		
0x047668	E448	lsr.w	#0x2, D0w		
0x04766A	60B2	bra.b	0x0004761e		UNCONDITIONAL_JUMP:0004761e
0x047684	0001002E	ori.b	#0x2e, D1b		
0x047688	422C0007	clr.b	(0x7,A4)		
0x04768C	4E75	rts			
0x0476C4	002E670441FA	ori.b	#0x4, (0x41fa,A6)		DATA:000041fa
0x0476CA	001E0240	ori.b	#0x40, (A6)+		
0x0476CE	001CE448	ori.b	#0x48, (A4)+		
0x0476D2	D0C0	adda.w	D0w, A0		
0x0476D4	1010	move.b	(A0), D0b		
0x0476D6	0600002D	addi.b	#0x2d, D0b		
0x0476DA	19400001	move.b	D0b, (0x1,A4)		
0x0476DE	4E75	rts			
0x047704	6706	beq.b	0x0004770c		CONDITIONAL_JUMP:0004770c
0x047706	08EC00000020	bset.b	#0x0, (0x20,A4)		
0x04770C	4E75	rts			
0x04770E	303B000C	move.w	(0x4771c,PC,D0w*0x1), D0w	FUN_0004770e	DATA:0004771c
0x047712	41FB0008	lea	(0x4771c,PC,D0w*0x1), A0	FUN_0004770e	
0x047716	4EF90003C902	jmp	0x0003c902.l	FUN_0004770e	UNCONDITIONAL_CALL:0003c902
0x04A086	19580004	move.b	(A0)+, (0x4,A4)	FUN_0004a086	
0x04A08A	1958003E	move.b	(A0)+, (0x3e,A4)	FUN_0004a086	
0x04A08E	1E18	move.b	(A0)+, D7b	FUN_0004a086	
0x04A090	1C07	move.b	D7b, D6b	FUN_0004a086	
0x04A092	0207000F	andi.b	#0xf, D7b	FUN_0004a086	
0x04A096	19470038	move.b	D7b, (0x38,A4)	FUN_0004a086	
0x04A09A	E80E	lsr.b	#0x4, D6b	FUN_0004a086	
0x04A09C	19460752	move.b	D6b, (0x752,A4)	FUN_0004a086	DATA:00000752
0x04A0A0	19580036	move.b	(A0)+, (0x36,A4)	FUN_0004a086	
0x04A0A4	3E18	move.w	(A0)+, D7w	FUN_0004a086	
0x04A0A6	08870000	bclr.l	#0x0, D7	FUN_0004a086	
0x04A0AA	6706	beq.b	0x0004a0b2	FUN_0004a086	CONDITIONAL_JUMP:0004a0b2
0x04A0AC	197C0001002A	move.b	#0x1, (0x2a,A4)	FUN_0004a086	
0x04A0B2	3947001C	move.w	D7w, (0x1c,A4)	FUN_0004a086	
0x04A0B6	39580034	move.w	(A0)+, (0x34,A4)	FUN_0004a086	
0x04A0BA	197C00010000	move.b	#0x1, (0x0,A4)	FUN_0004a086	
0x04A0C0	397C0180001A	move.w	#0x180, (0x1a,A4)	FUN_0004a086	
0x04A0C6	2E08	move.l	A0, D7	FUN_0004a086	
0x04A0C8	4EB90004544E	jsr	0x0004544e.l	FUN_0004a086	UNCONDITIONAL_CALL:0004544e
0x04A0CE	4EB900045684	jsr	0x00045684.l	FUN_0004a086	UNCONDITIONAL_CALL:00045684
0x04A0D4	2047	movea.l	D7, A0	FUN_0004a086	
0x04A0D6	4E75	rts		FUN_0004a086	
0x04A0D8	41FA002A	lea	(0x2a,PC), A0	FUN_0004a0d8	DATA:0004a104
0x04A0DC	302D013E	move.w	(0x13e,A5), D0w	FUN_0004a0d8	
0x04A0E0	5340	subq.w	0x1, D0w	FUN_0004a0d8	
0x04A0E2	4241	clr.w	D1w	FUN_0004a0d8	
0x04A0E4	122D0118	move.b	(0x118,A5), D1b	FUN_0004a0d8	
0x04A0E8	5341	subq.w	0x1, D1w	FUN_0004a0d8	
0x04A0EA	9041	sub.w	D1w, D0w	FUN_0004a0d8	
0x04A0EC	E248	lsr.w	#0x1, D0w	FUN_0004a0d8	
0x04A0EE	E748	lsl.w	#0x3, D0w	FUN_0004a0d8	
0x04A0F0	C0FC0005	mulu.w	#0x5, D0	FUN_0004a0d8	
0x04A0F4	D0C0	adda.w	D0w, A0	FUN_0004a0d8	
0x04A0F6	4240	clr.w	D0w	FUN_0004a0d8	
0x04A0F8	102C0026	move.b	(0x26,A4), D0b	FUN_0004a0d8	
0x04A0FC	E748	lsl.w	#0x3, D0w	FUN_0004a0d8	
0x04A0FE	D0C0	adda.w	D0w, A0	FUN_0004a0d8	
0x04A100	6184	bsr.b	0x0004a086	FUN_0004a0d8	UNCONDITIONAL_CALL:0004a086
0x04A102	4E75	rts		FUN_0004a0d8	
0x04AEF8	03487474	movep.l	(0x7474, A0), D1		DATA:00007474;DATA:00007476;DATA:00007478;DATA:0000747a
0x04AEFC	6100000C	bsr.w	0x0004af0a		UNCONDITIONAL_CALL:0004af0a
0x04AF00	426D02A4	clr.w	(0x2a4,A5)		
0x04AF04	526D028A	addq.w	0x1, (0x28a,A5)		
0x04AF08	4E75	rts			
0x04AF0A	363C0D06	move.w	#0xd06, D3w	FUN_0004af0a	
0x04AF0E	6100B880	bsr.w	0x00046790	FUN_0004af0a	UNCONDITIONAL_CALL:00046790
0x04AF12	197C00020038	move.b	#0x2, (0x38,A4)	FUN_0004af0a	
0x04AF18	4E75	rts		FUN_0004af0a	
0x04AF38	4E75	rts			
0x04BBCA	397C01400016	move.w	#0x140, (0x16,A4)	FUN_0004bbca	DATA:000006de
0x04BBD0	197C00010531	move.b	#0x1, (0x531,A4)	FUN_0004bbca	DATA:00000bf9;DATA:00000bb9
0x04BBD6	397C0120001A	move.w	#0x120, (0x1a,A4)	FUN_0004bbca	DATA:000006e2
0x04BBDC	197C001C0006	move.b	#0x1c, (0x6,A4)	FUN_0004bbca	DATA:000006ce
0x04BBE2	197C00010038	move.b	#0x1, (0x38,A4)	FUN_0004bbca	DATA:00000700;DATA:000006c0
0x04BBE8	61009854	bsr.w	0x0004543e	FUN_0004bbca	UNCONDITIONAL_CALL:0004543e
0x04BBEC	6100A10E	bsr.w	0x00045cfc	FUN_0004bbca	UNCONDITIONAL_CALL:00045cfc
0x04BBF0	4E75	rts		FUN_0004bbca	
0x04C9DC	00043F52	ori.b	#0x52, D4b		
0x04C9E0	2847	movea.l	D7, A4		
0x04C9E2	3B7C000102A4	move.w	#0x1, (0x2a4,A5)		
0x04C9E8	6060	bra.b	0x0004ca4a		UNCONDITIONAL_JUMP:0004ca4a
0x04CA1C	03087479	movep.w	(0x7479, A0), D1w		DATA:00007479;DATA:0000747b
0x04CA20	363C0D06	move.w	#0xd06, D3w		
0x04CA24	4EB900046790	jsr	0x00046790.l		UNCONDITIONAL_CALL:00046790
0x04CA2A	197C00020038	move.b	#0x2, (0x38,A4)		
0x04CA30	422C0020	clr.b	(0x20,A4)		
0x04CA34	49ED02C8	lea	(0x2c8,A5), A4		
0x04CA38	7474	moveq	0x74, D2		
0x04CA3A	363C0D06	move.w	#0xd06, D3w		
0x04CA3E	4EB900046790	jsr	0x00046790.l		UNCONDITIONAL_CALL:00046790
0x04CA44	197C00020038	move.b	#0x2, (0x38,A4)		
0x04CA4A	526D0288	addq.w	0x1, (0x288,A5)		
0x04CA4E	4E75	rts			
0x04CFDC	00780234651A	ori.w	#0x234, (0x0000651a).w		READ_WRITE:0000651a
0x04CFE2	4EB900046BC4	jsr	0x00046bc4.l		UNCONDITIONAL_CALL:00046bc4
0x04CFE8	4A40	tst.w	D0w		
0x04CFEA	6710	beq.b	0x0004cffc		CONDITIONAL_JUMP:0004cffc
0x04CFEC	7203	moveq	0x3, D1		
0x04CFEE	0C400002	cmpi.w	#0x2, D0w		
0x04CFF2	6712	beq.b	0x0004d006		CONDITIONAL_JUMP:0004d006
0x04CFF4	7204	moveq	0x4, D1		
0x04CFF6	0C400001	cmpi.w	#0x1, D0w		
0x04CFFA	670A	beq.b	0x0004d006		CONDITIONAL_JUMP:0004d006
0x04CFFC	7202	moveq	0x2, D1		
0x04CFFE	4A6D0236	tst.w	(0x236,A5)		
0x04D002	6702	beq.b	0x0004d006		CONDITIONAL_JUMP:0004d006
0x04D004	7201	moveq	0x1, D1		
0x04D006	3B410272	move.w	D1w, (0x272,A5)		
0x04D00A	4E75	rts			
0x05033E	00027F1C	ori.b	#0x1c, D2b		
0x050342	D081	add.l	D1, D0		
0x050344	2B401020	move.l	D0, (0x1020,A5)		DATA:00001020
0x050348	203C0002A1DC	move.l	#0x2a1dc, D0		
0x05034E	D081	add.l	D1, D0		
0x050350	2B401024	move.l	D0, (0x1024,A5)		DATA:00001024
0x050354	203C0002C49C	move.l	#0x2c49c, D0		
0x05035A	D081	add.l	D1, D0		
0x05035C	2B401028	move.l	D0, (0x1028,A5)		DATA:00001028
0x050360	203C0002E75C	move.l	#0x2e75c, D0		
0x050366	D081	add.l	D1, D0		
0x050368	2B40102C	move.l	D0, (0x102c,A5)		DATA:0000102c
0x05036C	203C00030A1C	move.l	#0x30a1c, D0		
0x050372	D081	add.l	D1, D0		
0x050374	2B401030	move.l	D0, (0x1030,A5)		DATA:00001030
0x050378	203C00032CDC	move.l	#0x32cdc, D0		
0x05037E	D081	add.l	D1, D0		
0x050380	2B401034	move.l	D0, (0x1034,A5)		DATA:00001034
0x050384	203C00034F9C	move.l	#0x34f9c, D0		
0x05038A	D081	add.l	D1, D0		
0x05038C	2B401038	move.l	D0, (0x1038,A5)		DATA:00001038
0x050390	203C0003725C	move.l	#0x3725c, D0		
0x050396	D081	add.l	D1, D0		
0x050398	2B40103C	move.l	D0, (0x103c,A5)		DATA:0000103c
0x05039C	4280	clr.l	D0		
0x05039E	4281	clr.l	D1		
0x0503A0	322D1386	move.w	(0x1386,A5), D1w		DATA:00001386
0x0503A4	303C0006	move.w	#0x6, D0w		
0x0503A8	E348	lsl.w	#0x1, D0w		
0x0503AA	C2C0	mulu.w	D0w, D1		
0x0503AC	203C0003951C	move.l	#0x3951c, D0		
0x0503B2	D081	add.l	D1, D0		
0x0503B4	2B4010FC	move.l	D0, (0x10fc,A5)		DATA:000010fc
0x0503B8	4280	clr.l	D0		
0x0503BA	4281	clr.l	D1		
0x0503BC	227C00050EE0	movea.l	#0x50ee0, A1		
0x0503C2	322D013E	move.w	(0x13e,A5), D1w		
0x0503C6	43F11000	lea	(0x0,A1,D1w*0x1), A1		
0x0503CA	4241	clr.w	D1w		
0x0503CC	1211	move.b	(A1), D1b		DATA:00050ee0
0x0503CE	203C00050F6B	move.l	#0x50f6b, D0		
0x0503D4	D081	add.l	D1, D0		
0x0503D6	2B4010C6	move.l	D0, (0x10c6,A5)		DATA:000010c6
0x0503DA	4E75	rts			
0x051090	4EB900052732	jsr	0x00052732.l	player_main_update_51090	UNCONDITIONAL_CALL:00052732
0x051096	4EB900055650	jsr	0x00055650.l	player_main_update_51090	UNCONDITIONAL_CALL:00055650
0x05109C	4EB900055AD6	jsr	0x00055ad6.l	player_main_update_51090	UNCONDITIONAL_CALL:00055ad6
0x0510A2	4EB900059DE8	jsr	0x00059de8.l	player_main_update_51090	UNCONDITIONAL_CALL:00059de8
0x0510A8	6100021E	bsr.w	0x000512c8	player_main_update_51090	UNCONDITIONAL_CALL:000512c8
0x0510AC	4EB90005A29C	jsr	0x0005a29c.l	player_main_update_51090	UNCONDITIONAL_CALL:0005a29c
0x0510B2	4EB9000596F4	jsr	0x000596f4.l	player_main_update_51090	UNCONDITIONAL_CALL:000596f4
0x0510B8	6100009C	bsr.w	0x00051156	player_main_update_51090	UNCONDITIONAL_CALL:00051156
0x0510BC	6100016C	bsr.w	0x0005122a	player_main_update_51090	UNCONDITIONAL_CALL:0005122a
0x0510C0	526D1308	addq.w	0x1, (0x1308,A5)	player_main_update_51090	DATA:00001308
0x0510C4	4E75	rts		player_main_update_51090	
0x0510C6	4E75	rts		FUN_000510c6	
0x05113A	0C6D0074013E	cmpi.w	#0x74, (0x13e,A5)	FUN_0005113a	
0x051140	6512	bcs.b	0x00051154	FUN_0005113a	CONDITIONAL_JUMP:00051154
0x051142	0C6D0083013E	cmpi.w	#0x83, (0x13e,A5)	FUN_0005113a	
0x051148	620A	bhi.b	0x00051154	FUN_0005113a	CONDITIONAL_JUMP:00051154
0x05114A	3B7C00011414	move.w	#0x1, (0x1414,A5)	FUN_0005113a	DATA:00001414
0x051150	426D1416	clr.w	(0x1416,A5)	FUN_0005113a	DATA:00001416
0x051154	4E75	rts		FUN_0005113a	
0x051156	0C6D00011414	cmpi.w	#0x1, (0x1414,A5)	FUN_00051156	DATA:00001414
0x05115C	662E	bne.b	0x0005118c	FUN_00051156	CONDITIONAL_JUMP:0005118c
0x05115E	4EB900051190	jsr	0x00051190.l	FUN_00051156	UNCONDITIONAL_CALL:00051190
0x051164	526D1416	addq.w	0x1, (0x1416,A5)	FUN_00051156	DATA:00001416
0x051168	0C6D00701416	cmpi.w	#0x70, (0x1416,A5)	FUN_00051156	DATA:00001416
0x05116E	6714	beq.b	0x00051184	FUN_00051156	CONDITIONAL_JUMP:00051184
0x051170	0C6D03001416	cmpi.w	#0x300, (0x1416,A5)	FUN_00051156	DATA:00001416
0x051176	6616	bne.b	0x0005118e	FUN_00051156	CONDITIONAL_JUMP:0005118e
0x051178	426D1416	clr.w	(0x1416,A5)	FUN_00051156	DATA:00001416
0x05117C	3B7C00FF1414	move.w	#0xff, (0x1414,A5)	FUN_00051156	DATA:00001414
0x051182	600A	bra.b	0x0005118e	FUN_00051156	UNCONDITIONAL_JUMP:0005118e
0x051184	3B7C000113B0	move.w	#0x1, (0x13b0,A5)	FUN_00051156	DATA:000013b0
0x05118A	6002	bra.b	0x0005118e	FUN_00051156	UNCONDITIONAL_JUMP:0005118e
0x05118C	61AC	bsr.b	0x0005113a	FUN_00051156	UNCONDITIONAL_CALL:0005113a
0x05118E	4E75	rts		FUN_00051156	
0x051190	0C6D00011416	cmpi.w	#0x1, (0x1416,A5)	FUN_00051190	DATA:00001416
0x051196	660C	bne.b	0x000511a4	FUN_00051190	CONDITIONAL_JUMP:000511a4
0x051198	303C0021	move.w	#0x21, D0w	FUN_00051190	
0x05119C	4EB90003A0EC	jsr	0x0003a0ec.l	FUN_00051190	UNCONDITIONAL_CALL:0003a0ec
0x0511A2	6034	bra.b	0x000511d8	FUN_00051190	UNCONDITIONAL_JUMP:000511d8
0x0511A4	302D1416	move.w	(0x1416,A5), D0w	FUN_00051190	DATA:00001416
0x0511A8	0C400050	cmpi.w	#0x50, D0w	FUN_00051190	
0x0511AC	662A	bne.b	0x000511d8	FUN_00051190	CONDITIONAL_JUMP:000511d8
0x0511AE	41F9000511DA	lea	(0x511da).l, A0	FUN_00051190	DATA:000511da
0x0511B4	303C0004	move.w	#0x4, D0w	FUN_00051190	
0x0511B8	323C0000	move.w	#0x0, D1w	FUN_00051190	
0x0511BC	4EB900059AD4	jsr	0x00059ad4.l	FUN_00051190	UNCONDITIONAL_CALL:00059ad4
0x0511C2	41F9000511DA	lea	(0x511da).l, A0	FUN_00051190	DATA:000511da
0x0511C8	303C0003	move.w	#0x3, D0w	FUN_00051190	
0x0511CC	323C0001	move.w	#0x1, D1w	FUN_00051190	
0x0511D0	4EB900059AD4	jsr	0x00059ad4.l	FUN_00051190	UNCONDITIONAL_CALL:00059ad4
0x0511D6	4E71	nop		FUN_00051190	
0x0511D8	4E75	rts		FUN_00051190	
0x05122A	0C6D00011360	cmpi.w	#0x1, (0x1360,A5)	FUN_0005122a	DATA:00001360
0x051230	663A	bne.b	0x0005126c	FUN_0005122a	CONDITIONAL_JUMP:0005126c
0x051232	0C6D000813AC	cmpi.w	#0x8, (0x13ac,A5)	FUN_0005122a	DATA:000013ac
0x051238	6632	bne.b	0x0005126c	FUN_0005122a	CONDITIONAL_JUMP:0005126c
0x05123A	0C6D008013BA	cmpi.w	#0x80, (0x13ba,A5)	FUN_0005122a	DATA:000013ba
0x051240	670E	beq.b	0x00051250	FUN_0005122a	CONDITIONAL_JUMP:00051250
0x051242	0C6D000012F4	cmpi.w	#0x0, (0x12f4,A5)	FUN_0005122a	DATA:000012f4
0x051248	6622	bne.b	0x0005126c	FUN_0005122a	CONDITIONAL_JUMP:0005126c
0x05124A	526D13BA	addq.w	0x1, (0x13ba,A5)	FUN_0005122a	DATA:000013ba
0x05124E	601C	bra.b	0x0005126c	FUN_0005122a	UNCONDITIONAL_JUMP:0005126c
0x051250	3B7C001010E8	move.w	#0x10, (0x10e8,A5)	FUN_0005122a	DATA:000010e8
0x051256	303C0029	move.w	#0x29, D0w	FUN_0005122a	
0x05125A	4EB90003A116	jsr	0x0003a116.l	FUN_0005122a	UNCONDITIONAL_CALL:0003a116
0x051260	4EB900054052	jsr	0x00054052.l	FUN_0005122a	UNCONDITIONAL_CALL:00054052
0x051266	4EB900059F5E	jsr	0x00059f5e.l	FUN_0005122a	UNCONDITIONAL_CALL:00059f5e
0x05126C	4E75	rts		FUN_0005122a	
0x0512C8	342D10D0	move.w	(0x10d0,A5), D2w	FUN_000512c8	DATA:000010d0
0x0512CC	08020004	btst.l	#0x4, D2	FUN_000512c8	
0x0512D0	670C	beq.b	0x000512de	FUN_000512c8	CONDITIONAL_JUMP:000512de
0x0512D2	3C390010D0DA	move.w	(0x0010d0da).l, D6w	FUN_000512c8	READ:0010d0da
0x0512D8	4EB900053934	jsr	0x00053934.l	FUN_000512c8	UNCONDITIONAL_CALL:00053934
0x0512DE	342D10D0	move.w	(0x10d0,A5), D2w	FUN_000512c8	DATA:000010d0
0x0512E2	08020005	btst.l	#0x5, D2	FUN_000512c8	
0x0512E6	670C	beq.b	0x000512f4	FUN_000512c8	CONDITIONAL_JUMP:000512f4
0x0512E8	3C390010D0DA	move.w	(0x0010d0da).l, D6w	FUN_000512c8	READ:0010d0da
0x0512EE	4EB9000538C8	jsr	0x000538c8.l	FUN_000512c8	UNCONDITIONAL_CALL:000538c8
0x0512F4	342D10D0	move.w	(0x10d0,A5), D2w	FUN_000512c8	DATA:000010d0
0x0512F8	08020006	btst.l	#0x6, D2	FUN_000512c8	
0x0512FC	670C	beq.b	0x0005130a	FUN_000512c8	CONDITIONAL_JUMP:0005130a
0x0512FE	3C390010D0D8	move.w	(0x0010d0d8).l, D6w	FUN_000512c8	READ:0010d0d8
0x051304	4EB9000539A0	jsr	0x000539a0.l	FUN_000512c8	UNCONDITIONAL_CALL:000539a0
0x05130A	342D10D0	move.w	(0x10d0,A5), D2w	FUN_000512c8	DATA:000010d0
0x05130E	08020007	btst.l	#0x7, D2	FUN_000512c8	
0x051312	6714	beq.b	0x00051328	FUN_000512c8	CONDITIONAL_JUMP:00051328
0x051314	0C6D002010BE	cmpi.w	#0x20, (0x10be,A5)	FUN_000512c8	DATA:000010be
0x05131A	630C	bls.b	0x00051328	FUN_000512c8	CONDITIONAL_JUMP:00051328
0x05131C	3C390010D0D8	move.w	(0x0010d0d8).l, D6w	FUN_000512c8	READ:0010d0d8
0x051322	4EB900053A0C	jsr	0x00053a0c.l	FUN_000512c8	UNCONDITIONAL_CALL:00053a0c
0x051328	4E75	rts		FUN_000512c8	
0x051970	0003A116	ori.b	#0x16, D3b		
0x051974	6032	bra.b	0x000519a8		UNCONDITIONAL_JUMP:000519a8
0x0519A8	526D12F4	addq.w	0x1, (0x12f4,A5)		DATA:000012f4
0x0519AC	046D0100013A	subi.w	#0x100, (0x13a,A5)		
0x0519B2	3B7C000112FC	move.w	#0x1, (0x12fc,A5)		DATA:000012fc
0x0519B8	426D10D0	clr.w	(0x10d0,A5)		DATA:000010d0
0x0519BC	426D1262	clr.w	(0x1262,A5)		DATA:00001262
0x0519C0	426D1264	clr.w	(0x1264,A5)		DATA:00001264
0x0519C4	426D1266	clr.w	(0x1266,A5)		DATA:00001266
0x0519C8	426D1268	clr.w	(0x1268,A5)		DATA:00001268
0x0519CC	426D126A	clr.w	(0x126a,A5)		DATA:0000126a
0x0519D0	426D126C	clr.w	(0x126c,A5)		DATA:0000126c
0x0519D4	426D126E	clr.w	(0x126e,A5)		DATA:0000126e
0x0519D8	426D1270	clr.w	(0x1270,A5)		DATA:00001270
0x0519DC	4E75	rts			
0x0519F0	08000009	btst.l	#0x9, D0		
0x0519F4	6708	beq.b	0x000519fe		CONDITIONAL_JUMP:000519fe
0x0519F6	3B7C0002138C	move.w	#0x2, (0x138c,A5)		DATA:0000138c
0x0519FC	4E71	nop			
0x0519FE	4E75	rts			
0x051A30	672A	beq.b	0x00051a5c		CONDITIONAL_JUMP:00051a5c
0x051A32	0C6D000910E8	cmpi.w	#0x9, (0x10e8,A5)		DATA:000010e8
0x051A38	6722	beq.b	0x00051a5c		CONDITIONAL_JUMP:00051a5c
0x051A3A	0C6D000610E8	cmpi.w	#0x6, (0x10e8,A5)		DATA:000010e8
0x051A40	671A	beq.b	0x00051a5c		CONDITIONAL_JUMP:00051a5c
0x051A42	0C6D000410E8	cmpi.w	#0x4, (0x10e8,A5)		DATA:000010e8
0x051A48	6712	beq.b	0x00051a5c		CONDITIONAL_JUMP:00051a5c
0x051A4A	0C6D000212F6	cmpi.w	#0x2, (0x12f6,A5)		DATA:000012f6
0x051A50	6706	beq.b	0x00051a58		CONDITIONAL_JUMP:00051a58
0x051A52	526D1266	addq.w	0x1, (0x1266,A5)		DATA:00001266
0x051A56	6004	bra.b	0x00051a5c		UNCONDITIONAL_JUMP:00051a5c
0x051A58	526D1268	addq.w	0x1, (0x1268,A5)		DATA:00001268
0x051A5C	4E75	rts			
0x051BB0	3210	move.w	(A0), D1w		
0x051BB2	06400018	addi.w	#0x18, D0w		
0x051BB6	5040	addq.w	0x8, D0w		
0x051BB8	5041	addq.w	0x8, D1w		
0x051BBA	3B4010C0	move.w	D0w, (0x10c0,A5)		DATA:000010c0
0x051BBE	3B4110BE	move.w	D1w, (0x10be,A5)		DATA:000010be
0x051BC2	4E75	rts			
0x051CA0	30390010D37A	move.w	(0x0010d37a).l, D0w	player_attack_initialize_51ca0	READ:0010d37a
0x051CA6	08000002	btst.l	#0x2, D0	player_attack_initialize_51ca0	
0x051CAA	6748	beq.b	0x00051cf4	player_attack_initialize_51ca0	CONDITIONAL_JUMP:00051cf4
0x051CAC	08000003	btst.l	#0x3, D0	player_attack_initialize_51ca0	
0x051CB0	6750	beq.b	0x00051d02	player_attack_initialize_51ca0	CONDITIONAL_JUMP:00051d02
0x051CB2	0C6D000410E8	cmpi.w	#0x4, (0x10e8,A5)	player_attack_initialize_51ca0	DATA:000010e8
0x051CB8	6732	beq.b	0x00051cec	player_attack_initialize_51ca0	CONDITIONAL_JUMP:00051cec
0x051CBA	0C6D000610E8	cmpi.w	#0x6, (0x10e8,A5)	player_attack_initialize_51ca0	DATA:000010e8
0x051CC0	672A	beq.b	0x00051cec	player_attack_initialize_51ca0	CONDITIONAL_JUMP:00051cec
0x051CC2	0C6D000910E8	cmpi.w	#0x9, (0x10e8,A5)	player_attack_initialize_51ca0	DATA:000010e8
0x051CC8	6722	beq.b	0x00051cec	player_attack_initialize_51ca0	CONDITIONAL_JUMP:00051cec
0x051CCA	08000000	btst.l	#0x0, D0	player_attack_initialize_51ca0	
0x051CCE	6740	beq.b	0x00051d10	player_attack_initialize_51ca0	CONDITIONAL_JUMP:00051d10
0x051CD0	0C6D000210E8	cmpi.w	#0x2, (0x10e8,A5)	player_attack_initialize_51ca0	DATA:000010e8
0x051CD6	6708	beq.b	0x00051ce0	player_attack_initialize_51ca0	CONDITIONAL_JUMP:00051ce0
0x051CD8	0C6D000310E8	cmpi.w	#0x3, (0x10e8,A5)	player_attack_initialize_51ca0	DATA:000010e8
0x051CDE	660C	bne.b	0x00051cec	player_attack_initialize_51ca0	CONDITIONAL_JUMP:00051cec
0x051CE0	30390010D37A	move.w	(0x0010d37a).l, D0w	player_attack_initialize_51ca0	READ:0010d37a
0x051CE6	08000001	btst.l	#0x1, D0	player_attack_initialize_51ca0	
0x051CEA	672C	beq.b	0x00051d18	player_attack_initialize_51ca0	CONDITIONAL_JUMP:00051d18
0x051CEC	3B7C00041116	move.w	#0x4, (0x1116,A5)	player_attack_initialize_51ca0	DATA:00001116
0x051CF2	602C	bra.b	0x00051d20	player_attack_initialize_51ca0	UNCONDITIONAL_JUMP:00051d20
0x051CF4	3B7C00041116	move.w	#0x4, (0x1116,A5)	player_attack_initialize_51ca0	DATA:00001116
0x051CFA	3B7C00021114	move.w	#0x2, (0x1114,A5)	player_attack_initialize_51ca0	DATA:00001114
0x051D00	601E	bra.b	0x00051d20	player_attack_initialize_51ca0	UNCONDITIONAL_JUMP:00051d20
0x051D02	3B7C00041116	move.w	#0x4, (0x1116,A5)	player_attack_initialize_51ca0	DATA:00001116
0x051D08	3B7C00031114	move.w	#0x3, (0x1114,A5)	player_attack_initialize_51ca0	DATA:00001114
0x051D0E	6010	bra.b	0x00051d20	player_attack_initialize_51ca0	UNCONDITIONAL_JUMP:00051d20
0x051D10	3B7C00001116	move.w	#0x0, (0x1116,A5)	player_attack_initialize_51ca0	DATA:00001116
0x051D16	6008	bra.b	0x00051d20	player_attack_initialize_51ca0	UNCONDITIONAL_JUMP:00051d20
0x051D18	3B7C00011116	move.w	#0x1, (0x1116,A5)	player_attack_initialize_51ca0	DATA:00001116
0x051D1E	4E71	nop		player_attack_initialize_51ca0	
0x051D20	3B7C0001110C	move.w	#0x1, (0x110c,A5)	player_attack_initialize_51ca0	DATA:0000110c
0x051D26	426D110A	clr.w	(0x110a,A5)	player_attack_initialize_51ca0	DATA:0000110a
0x051D2A	3B7C00011108	move.w	#0x1, (0x1108,A5)	player_attack_initialize_51ca0	DATA:00001108
0x051D30	4E75	rts		player_attack_initialize_51ca0	
0x051D32	0C6D000910E8	cmpi.w	#0x9, (0x10e8,A5)	player_attack_advance_51d32	DATA:000010e8
0x051D38	6722	beq.b	0x00051d5c	player_attack_advance_51d32	CONDITIONAL_JUMP:00051d5c
0x051D3A	0C6D000410E8	cmpi.w	#0x4, (0x10e8,A5)	player_attack_advance_51d32	DATA:000010e8
0x051D40	671A	beq.b	0x00051d5c	player_attack_advance_51d32	CONDITIONAL_JUMP:00051d5c
0x051D42	0C6D000610E8	cmpi.w	#0x6, (0x10e8,A5)	player_attack_advance_51d32	DATA:000010e8
0x051D48	6712	beq.b	0x00051d5c	player_attack_advance_51d32	CONDITIONAL_JUMP:00051d5c
0x051D4A	0C6D000510E8	cmpi.w	#0x5, (0x10e8,A5)	player_attack_advance_51d32	DATA:000010e8
0x051D50	6702	beq.b	0x00051d54	player_attack_advance_51d32	CONDITIONAL_JUMP:00051d54
0x051D52	6012	bra.b	0x00051d66	player_attack_advance_51d32	UNCONDITIONAL_JUMP:00051d66
0x051D54	3B7C00041116	move.w	#0x4, (0x1116,A5)	player_attack_advance_51d32	DATA:00001116
0x051D5A	600A	bra.b	0x00051d66	player_attack_advance_51d32	UNCONDITIONAL_JUMP:00051d66
0x051D5C	0C6D00041116	cmpi.w	#0x4, (0x1116,A5)	player_attack_advance_51d32	DATA:00001116
0x051D62	66000034	bne.w	0x00051d98	player_attack_advance_51d32	CONDITIONAL_JUMP:00051d98
0x051D66	302D110A	move.w	(0x110a,A5), D0w	player_attack_advance_51d32	DATA:0000110a
0x051D6A	0C40000B	cmpi.w	#0xb, D0w	player_attack_advance_51d32	
0x051D6E	660C	bne.b	0x00051d7c	player_attack_advance_51d32	CONDITIONAL_JUMP:00051d7c
0x051D70	3B7C000112A0	move.w	#0x1, (0x12a0,A5)	player_attack_advance_51d32	DATA:000012a0
0x051D76	61000036	bsr.w	0x00051dae	player_attack_advance_51d32	UNCONDITIONAL_CALL:00051dae
0x051D7A	6006	bra.b	0x00051d82	player_attack_advance_51d32	UNCONDITIONAL_JUMP:00051d82
0x051D7C	3B7C00FF12A0	move.w	#0xff, (0x12a0,A5)	player_attack_advance_51d32	DATA:000012a0
0x051D82	5240	addq.w	0x1, D0w	player_attack_advance_51d32	
0x051D84	3B40110A	move.w	D0w, (0x110a,A5)	player_attack_advance_51d32	DATA:0000110a
0x051D88	322D1390	move.w	(0x1390,A5), D1w	player_attack_advance_51d32	DATA:00001390
0x051D8C	B041	cmp.w	D1w, D0w	player_attack_advance_51d32	
0x051D8E	661C	bne.b	0x00051dac	player_attack_advance_51d32	CONDITIONAL_JUMP:00051dac
0x051D90	0C6D00011116	cmpi.w	#0x1, (0x1116,A5)	player_attack_advance_51d32	DATA:00001116
0x051D96	6708	beq.b	0x00051da0	player_attack_advance_51d32	CONDITIONAL_JUMP:00051da0
0x051D98	3B7C00FF1108	move.w	#0xff, (0x1108,A5)	player_attack_advance_51d32	DATA:00001108
0x051D9E	600C	bra.b	0x00051dac	player_attack_advance_51d32	UNCONDITIONAL_JUMP:00051dac
0x051DA0	0C6D000310E8	cmpi.w	#0x3, (0x10e8,A5)	player_attack_advance_51d32	DATA:000010e8
0x051DA6	66F0	bne.b	0x00051d98	player_attack_advance_51d32	CONDITIONAL_JUMP:00051d98
0x051DA8	536D110A	subq.w	0x1, (0x110a,A5)	player_attack_advance_51d32	DATA:0000110a
0x051DAC	4E75	rts		player_attack_advance_51d32	
0x051DAE	0C6D000412FA	cmpi.w	#0x4, (0x12fa,A5)	FUN_00051dae	DATA:000012fa
0x051DB4	666C	bne.b	0x00051e22	FUN_00051dae	CONDITIONAL_JUMP:00051e22
0x051DB6	207C0010D338	movea.l	#0x10d338, A0	FUN_00051dae	
0x051DBC	343C0003	move.w	#0x3, D2w	FUN_00051dae	
0x051DC0	32280000	move.w	(0x0,A0), D1w	FUN_00051dae	READ:0010d338;READ:0010d340
0x051DC4	0C4100FF	cmpi.w	#0xff, D1w	FUN_00051dae	
0x051DC8	6650	bne.b	0x00051e1a	FUN_00051dae	CONDITIONAL_JUMP:00051e1a
0x051DCA	0C6D00011116	cmpi.w	#0x1, (0x1116,A5)	FUN_00051dae	DATA:00001116
0x051DD0	6608	bne.b	0x00051dda	FUN_00051dae	CONDITIONAL_JUMP:00051dda
0x051DD2	317C00010000	move.w	#0x1, (0x0,A0)	FUN_00051dae	WRITE:0010d338;WRITE:0010d340
0x051DD8	6026	bra.b	0x00051e00	FUN_00051dae	UNCONDITIONAL_JUMP:00051e00
0x051DDA	0C6D00001116	cmpi.w	#0x0, (0x1116,A5)	FUN_00051dae	DATA:00001116
0x051DE0	6608	bne.b	0x00051dea	FUN_00051dae	CONDITIONAL_JUMP:00051dea
0x051DE2	317C00000000	move.w	#0x0, (0x0,A0)	FUN_00051dae	WRITE:0010d338
0x051DE8	6016	bra.b	0x00051e00	FUN_00051dae	UNCONDITIONAL_JUMP:00051e00
0x051DEA	0C6D00021114	cmpi.w	#0x2, (0x1114,A5)	FUN_00051dae	DATA:00001114
0x051DF0	6608	bne.b	0x00051dfa	FUN_00051dae	CONDITIONAL_JUMP:00051dfa
0x051DF2	317C00020000	move.w	#0x2, (0x0,A0)	FUN_00051dae	WRITE:0010d338
0x051DF8	6006	bra.b	0x00051e00	FUN_00051dae	UNCONDITIONAL_JUMP:00051e00
0x051DFA	317C00030000	move.w	#0x3, (0x0,A0)	FUN_00051dae	WRITE:0010d338
0x051E00	227C0010D1B2	movea.l	#0x10d1b2, A1	FUN_00051dae	
0x051E06	5489	addq.l	0x2, A1	FUN_00051dae	
0x051E08	31510004	move.w	(A1), (0x4,A0)	FUN_00051dae	READ:0010d1b4;WRITE:0010d33c
0x051E0C	5889	addq.l	0x4, A1	FUN_00051dae	
0x051E0E	31510002	move.w	(A1), (0x2,A0)	FUN_00051dae	READ:0010d1b8;WRITE:0010d33a
0x051E12	317C00000006	move.w	#0x0, (0x6,A0)	FUN_00051dae	WRITE:0010d33e
0x051E18	6008	bra.b	0x00051e22	FUN_00051dae	UNCONDITIONAL_JUMP:00051e22
0x051E1A	5342	subq.w	0x1, D2w	FUN_00051dae	
0x051E1C	6704	beq.b	0x00051e22	FUN_00051dae	CONDITIONAL_JUMP:00051e22
0x051E1E	5088	addq.l	0x8, A0	FUN_00051dae	
0x051E20	609E	bra.b	0x00051dc0	FUN_00051dae	UNCONDITIONAL_JUMP:00051dc0
0x051E22	4E75	rts		FUN_00051dae	
0x051E24	426D10EA	clr.w	(0x10ea,A5)	player_crouch_enter_51e24	DATA:000010ea
0x051E28	3B7C000510E8	move.w	#0x5, (0x10e8,A5)	player_crouch_enter_51e24	DATA:000010e8
0x051E2E	30390010D37A	move.w	(0x0010d37a).l, D0w	player_crouch_enter_51e24	READ:0010d37a
0x051E34	08000002	btst.l	#0x2, D0	player_crouch_enter_51e24	
0x051E38	6708	beq.b	0x00051e42	player_crouch_enter_51e24	CONDITIONAL_JUMP:00051e42
0x051E3A	08000003	btst.l	#0x3, D0	player_crouch_enter_51e24	
0x051E3E	670A	beq.b	0x00051e4a	player_crouch_enter_51e24	CONDITIONAL_JUMP:00051e4a
0x051E40	6010	bra.b	0x00051e52	player_crouch_enter_51e24	UNCONDITIONAL_JUMP:00051e52
0x051E42	3B7C00021114	move.w	#0x2, (0x1114,A5)	player_crouch_enter_51e24	DATA:00001114
0x051E48	6008	bra.b	0x00051e52	player_crouch_enter_51e24	UNCONDITIONAL_JUMP:00051e52
0x051E4A	3B7C00031114	move.w	#0x3, (0x1114,A5)	player_crouch_enter_51e24	DATA:00001114
0x051E50	4E71	nop		player_crouch_enter_51e24	
0x051E52	4E75	rts		player_crouch_enter_51e24	
0x052048	0C400004	cmpi.w	#0x4, D0w		
0x05204C	6708	beq.b	0x00052056		CONDITIONAL_JUMP:00052056
0x05204E	3B7C00011120	move.w	#0x1, (0x1120,A5)		DATA:00001120
0x052054	6016	bra.b	0x0005206c		UNCONDITIONAL_JUMP:0005206c
0x052056	3B7C00FF1120	move.w	#0xff, (0x1120,A5)		DATA:00001120
0x05205C	600E	bra.b	0x0005206c		UNCONDITIONAL_JUMP:0005206c
0x05206C	4E75	rts			
0x0520FC	000210E8	ori.b	#-0x18, D2b		
0x052100	61000364	bsr.w	0x00052466		UNCONDITIONAL_CALL:00052466
0x052104	6000006C	bra.w	0x00052172		UNCONDITIONAL_JUMP:00052172
0x052172	4E75	rts			
0x052466	526D1336	addq.w	0x1, (0x1336,A5)	FUN_00052466	DATA:00001336
0x05246A	206D1332	movea.l	(0x1332,A5), A0	FUN_00052466	DATA:00001332
0x05246E	302D1336	move.w	(0x1336,A5), D0w	FUN_00052466	DATA:00001336
0x052472	E348	lsl.w	#0x1, D0w	FUN_00052466	
0x052474	D0C0	adda.w	D0w, A0	FUN_00052466	
0x052476	4240	clr.w	D0w	FUN_00052466	
0x052478	1010	move.b	(A0), D0b	FUN_00052466	
0x05247A	0C4000FF	cmpi.w	#0xff, D0w	FUN_00052466	
0x05247E	6602	bne.b	0x00052482	FUN_00052466	CONDITIONAL_JUMP:00052482
0x052480	6010	bra.b	0x00052492	FUN_00052466	UNCONDITIONAL_JUMP:00052492
0x052482	D16D1268	add.w	D0w, (0x1268,A5)	FUN_00052466	DATA:00001268
0x052486	5288	addq.l	0x1, A0	FUN_00052466	
0x052488	4240	clr.w	D0w	FUN_00052466	
0x05248A	1010	move.b	(A0), D0b	FUN_00052466	
0x05248C	D16D1262	add.w	D0w, (0x1262,A5)	FUN_00052466	DATA:00001262
0x052490	6006	bra.b	0x00052498	FUN_00052466	UNCONDITIONAL_JUMP:00052498
0x052492	3B7C000310E8	move.w	#0x3, (0x10e8,A5)	FUN_00052466	DATA:000010e8
0x052498	4E75	rts		FUN_00052466	
0x052732	426D10D0	clr.w	(0x10d0,A5)	FUN_00052732	DATA:000010d0
0x052736	0C6D00011296	cmpi.w	#0x1, (0x1296,A5)	FUN_00052732	DATA:00001296
0x05273C	660A	bne.b	0x00052748	FUN_00052732	CONDITIONAL_JUMP:00052748
0x05273E	610003B6	bsr.w	0x00052af6	FUN_00052732	UNCONDITIONAL_CALL:00052af6
0x052742	4EB900052A64	jsr	0x00052a64.l	FUN_00052732	UNCONDITIONAL_CALL:00052a64
0x052748	610002D0	bsr.w	0x00052a1a	FUN_00052732	UNCONDITIONAL_CALL:00052a1a
0x05274C	0C6D000410A8	cmpi.w	#0x4, (0x10a8,A5)	FUN_00052732	DATA:000010a8
0x052752	6778	beq.b	0x000527cc	FUN_00052732	CONDITIONAL_JUMP:000527cc
0x052754	0C6D000510A8	cmpi.w	#0x5, (0x10a8,A5)	FUN_00052732	DATA:000010a8
0x05275A	6770	beq.b	0x000527cc	FUN_00052732	CONDITIONAL_JUMP:000527cc
0x05275C	0C6D000610A8	cmpi.w	#0x6, (0x10a8,A5)	FUN_00052732	DATA:000010a8
0x052762	6768	beq.b	0x000527cc	FUN_00052732	CONDITIONAL_JUMP:000527cc
0x052764	0C6D00011352	cmpi.w	#0x1, (0x1352,A5)	FUN_00052732	DATA:00001352
0x05276A	660E	bne.b	0x0005277a	FUN_00052732	CONDITIONAL_JUMP:0005277a
0x05276C	61000206	bsr.w	0x00052974	FUN_00052732	UNCONDITIONAL_CALL:00052974
0x052770	3B7C00FF1352	move.w	#0xff, (0x1352,A5)	FUN_00052732	DATA:00001352
0x052776	60000052	bra.w	0x000527ca	FUN_00052732	UNCONDITIONAL_JUMP:000527ca
0x05277A	30390010C016	move.w	(0x0010c016).l, D0w	FUN_00052732	READ:0010c016
0x052780	08000005	btst.l	#0x5, D0	FUN_00052732	
0x052784	6608	bne.b	0x0005278e	FUN_00052732	CONDITIONAL_JUMP:0005278e
0x052786	6100004C	bsr.w	0x000527d4	FUN_00052732	UNCONDITIONAL_CALL:000527d4
0x05278A	60000006	bra.w	0x00052792	FUN_00052732	UNCONDITIONAL_JUMP:00052792
0x05278E	6100013A	bsr.w	0x000528ca	FUN_00052732	UNCONDITIONAL_CALL:000528ca
0x052792	610000F8	bsr.w	0x0005288c	FUN_00052732	UNCONDITIONAL_CALL:0005288c
0x052796	6100007E	bsr.w	0x00052816	FUN_00052732	UNCONDITIONAL_CALL:00052816
0x05279A	3B7C00FF12F8	move.w	#0xff, (0x12f8,A5)	FUN_00052732	DATA:000012f8
0x0527A0	0C6D001113CA	cmpi.w	#0x11, (0x13ca,A5)	FUN_00052732	DATA:000013ca
0x0527A6	6604	bne.b	0x000527ac	FUN_00052732	CONDITIONAL_JUMP:000527ac
0x0527A8	61000222	bsr.w	0x000529cc	FUN_00052732	UNCONDITIONAL_CALL:000529cc
0x0527AC	0C6D0000013A	cmpi.w	#0x0, (0x13a,A5)	FUN_00052732	
0x0527B2	620A	bhi.b	0x000527be	FUN_00052732	CONDITIONAL_JUMP:000527be
0x0527B4	3B7C00040002	move.w	#0x4, (0x2,A5)	FUN_00052732	
0x0527BA	426D0004	clr.w	(0x4,A5)	FUN_00052732	
0x0527BE	046D0002013A	subi.w	#0x2, (0x13a,A5)	FUN_00052732	
0x0527C4	3B7C000112FC	move.w	#0x1, (0x12fc,A5)	FUN_00052732	DATA:000012fc
0x0527CA	4E75	rts		FUN_00052732	
0x0527CC	3B7C000710E8	move.w	#0x7, (0x10e8,A5)	FUN_00052732	DATA:000010e8
0x0527D2	6090	bra.b	0x00052764	FUN_00052732	UNCONDITIONAL_JUMP:00052764
0x0527D4	30390010C016	move.w	(0x0010c016).l, D0w	FUN_000527d4	READ:0010c016
0x0527DA	08000001	btst.l	#0x1, D0	FUN_000527d4	
0x0527DE	6604	bne.b	0x000527e4	FUN_000527d4	CONDITIONAL_JUMP:000527e4
0x0527E0	61000130	bsr.w	0x00052912	FUN_000527d4	UNCONDITIONAL_CALL:00052912
0x0527E4	30390010C016	move.w	(0x0010c016).l, D0w	FUN_000527d4	READ:0010c016
0x0527EA	08000000	btst.l	#0x0, D0	FUN_000527d4	
0x0527EE	6604	bne.b	0x000527f4	FUN_000527d4	CONDITIONAL_JUMP:000527f4
0x0527F0	6100011A	bsr.w	0x0005290c	FUN_000527d4	UNCONDITIONAL_CALL:0005290c
0x0527F4	30390010C016	move.w	(0x0010c016).l, D0w	FUN_000527d4	READ:0010c016
0x0527FA	08000002	btst.l	#0x2, D0	FUN_000527d4	
0x0527FE	6604	bne.b	0x00052804	FUN_000527d4	CONDITIONAL_JUMP:00052804
0x052800	6100011C	bsr.w	0x0005291e	FUN_000527d4	UNCONDITIONAL_CALL:0005291e
0x052804	30390010C016	move.w	(0x0010c016).l, D0w	FUN_000527d4	READ:0010c016
0x05280A	08000003	btst.l	#0x3, D0	FUN_000527d4	
0x05280E	6604	bne.b	0x00052814	FUN_000527d4	CONDITIONAL_JUMP:00052814
0x052810	61000106	bsr.w	0x00052918	FUN_000527d4	UNCONDITIONAL_CALL:00052918
0x052814	4E75	rts		FUN_000527d4	
0x052816	322D1354	move.w	(0x1354,A5), D1w	FUN_00052816	DATA:00001354
0x05281A	342D1356	move.w	(0x1356,A5), D2w	FUN_00052816	DATA:00001356
0x05281E	3B4110BE	move.w	D1w, (0x10be,A5)	FUN_00052816	DATA:000010be
0x052822	3B4210C0	move.w	D2w, (0x10c0,A5)	FUN_00052816	DATA:000010c0
0x052826	61000016	bsr.w	0x0005283e	FUN_00052816	UNCONDITIONAL_CALL:0005283e
0x05282A	2B48135C	move.l	A0, (0x135c,A5)	FUN_00052816	DATA:0000135c
0x05282E	5488	addq.l	0x2, A0	FUN_00052816	
0x052830	3010	move.w	(A0), D0w	FUN_00052816	
0x052832	3B401358	move.w	D0w, (0x1358,A5)	FUN_00052816	DATA:00001358
0x052836	3011	move.w	(A1), D0w	FUN_00052816	
0x052838	3B40135A	move.w	D0w, (0x135a,A5)	FUN_00052816	DATA:0000135a
0x05283C	4E75	rts		FUN_00052816	
0x05283E	302D10AE	move.w	(0x10ae,A5), D0w	FUN_0005283e	DATA:000010ae
0x052842	0A4001FF	eori.w	#0x1ff, D0w	FUN_0005283e	
0x052846	5240	addq.w	0x1, D0w	FUN_0005283e	
0x052848	024001FF	andi.w	#0x1ff, D0w	FUN_0005283e	
0x05284C	D041	add.w	D1w, D0w	FUN_0005283e	
0x05284E	E248	lsr.w	#0x1, D0w	FUN_0005283e	
0x052850	06400008	addi.w	#0x8, D0w	FUN_0005283e	
0x052854	024000FC	andi.w	#0xfc, D0w	FUN_0005283e	
0x052858	207C00C08000	movea.l	#0xc08000, A0	FUN_0005283e	
0x05285E	D0C0	adda.w	D0w, A0	FUN_0005283e	
0x052860	302D10B0	move.w	(0x10b0,A5), D0w	FUN_0005283e	DATA:000010b0
0x052864	0A4001FF	eori.w	#0x1ff, D0w	FUN_0005283e	
0x052868	5240	addq.w	0x1, D0w	FUN_0005283e	
0x05286A	024001FF	andi.w	#0x1ff, D0w	FUN_0005283e	
0x05286E	D042	add.w	D2w, D0w	FUN_0005283e	
0x052870	EB48	lsl.w	#0x5, D0w	FUN_0005283e	
0x052872	02403F00	andi.w	#0x3f00, D0w	FUN_0005283e	
0x052876	D0C0	adda.w	D0w, A0	FUN_0005283e	
0x052878	2008	move.l	A0, D0	FUN_0005283e	
0x05287A	048000C08000	subi.l	#0xc08000, D0	FUN_0005283e	
0x052880	E288	lsr.l	#0x1, D0	FUN_0005283e	
0x052882	06800010DE00	addi.l	#0x10de00, D0	FUN_0005283e	
0x052888	2240	movea.l	D0, A1	FUN_0005283e	
0x05288A	4E75	rts		FUN_0005283e	
0x05288C	207C0010D1B2	movea.l	#0x10d1b2, A0	FUN_0005288c	
0x052892	0C6D00011296	cmpi.w	#0x1, (0x1296,A5)	FUN_0005288c	DATA:00001296
0x052898	6606	bne.b	0x000528a0	FUN_0005288c	CONDITIONAL_JUMP:000528a0
0x05289A	30FC0005	move.w	#0x5, (A0)+	FUN_0005288c	WRITE:0010d1b2
0x05289E	6004	bra.b	0x000528a4	FUN_0005288c	UNCONDITIONAL_JUMP:000528a4
0x0528A0	30FC0001	move.w	#0x1, (A0)+	FUN_0005288c	WRITE:0010d1b2
0x0528A4	302D1356	move.w	(0x1356,A5), D0w	FUN_0005288c	DATA:00001356
0x0528A8	5140	subq.w	0x8, D0w	FUN_0005288c	
0x0528AA	30C0	move.w	D0w, (A0)+	FUN_0005288c	WRITE:0010d1b4
0x0528AC	302D1308	move.w	(0x1308,A5), D0w	FUN_0005288c	DATA:00001308
0x0528B0	08000003	btst.l	#0x3, D0	FUN_0005288c	
0x0528B4	6706	beq.b	0x000528bc	FUN_0005288c	CONDITIONAL_JUMP:000528bc
0x0528B6	30FC06E1	move.w	#0x6e1, (A0)+	FUN_0005288c	WRITE:0010d1b6;DATA:000006e1
0x0528BA	6004	bra.b	0x000528c0	FUN_0005288c	UNCONDITIONAL_JUMP:000528c0
0x0528BC	30FC0000	move.w	#0x0, (A0)+	FUN_0005288c	WRITE:0010d1b6
0x0528C0	302D1354	move.w	(0x1354,A5), D0w	FUN_0005288c	DATA:00001354
0x0528C4	5140	subq.w	0x8, D0w	FUN_0005288c	
0x0528C6	3080	move.w	D0w, (A0)	FUN_0005288c	WRITE:0010d1b8
0x0528C8	4E75	rts		FUN_0005288c	
0x0528CA	30390010C016	move.w	(0x0010c016).l, D0w	FUN_000528ca	READ:0010c016
0x0528D0	08000001	btst.l	#0x1, D0	FUN_000528ca	
0x0528D4	6604	bne.b	0x000528da	FUN_000528ca	CONDITIONAL_JUMP:000528da
0x0528D6	61000060	bsr.w	0x00052938	FUN_000528ca	UNCONDITIONAL_CALL:00052938
0x0528DA	30390010C016	move.w	(0x0010c016).l, D0w	FUN_000528ca	READ:0010c016
0x0528E0	08000000	btst.l	#0x0, D0	FUN_000528ca	
0x0528E4	6604	bne.b	0x000528ea	FUN_000528ca	CONDITIONAL_JUMP:000528ea
0x0528E6	6100003C	bsr.w	0x00052924	FUN_000528ca	UNCONDITIONAL_CALL:00052924
0x0528EA	30390010C016	move.w	(0x0010c016).l, D0w	FUN_000528ca	READ:0010c016
0x0528F0	08000002	btst.l	#0x2, D0	FUN_000528ca	
0x0528F4	6604	bne.b	0x000528fa	FUN_000528ca	CONDITIONAL_JUMP:000528fa
0x0528F6	61000068	bsr.w	0x00052960	FUN_000528ca	UNCONDITIONAL_CALL:00052960
0x0528FA	30390010C016	move.w	(0x0010c016).l, D0w	FUN_000528ca	READ:0010c016
0x052900	08000003	btst.l	#0x3, D0	FUN_000528ca	
0x052904	6604	bne.b	0x0005290a	FUN_000528ca	CONDITIONAL_JUMP:0005290a
0x052906	61000044	bsr.w	0x0005294c	FUN_000528ca	UNCONDITIONAL_CALL:0005294c
0x05290A	4E75	rts		FUN_000528ca	
0x05290C	556D1356	subq.w	0x2, (0x1356,A5)	FUN_0005290c	DATA:00001356
0x052910	4E75	rts		FUN_0005290c	
0x052912	546D1356	addq.w	0x2, (0x1356,A5)	FUN_00052912	DATA:00001356
0x052916	4E75	rts		FUN_00052912	
0x052918	546D1354	addq.w	0x2, (0x1354,A5)	FUN_00052918	DATA:00001354
0x05291C	4E75	rts		FUN_00052918	
0x05291E	556D1354	subq.w	0x2, (0x1354,A5)	FUN_0005291e	DATA:00001354
0x052922	4E75	rts		FUN_0005291e	
0x052924	302D10D0	move.w	(0x10d0,A5), D0w	FUN_00052924	DATA:000010d0
0x052928	08C00000	bset.l	#0x0, D0	FUN_00052924	
0x05292C	3B4010D0	move.w	D0w, (0x10d0,A5)	FUN_00052924	DATA:000010d0
0x052930	3B7C000410DA	move.w	#0x4, (0x10da,A5)	FUN_00052924	DATA:000010da
0x052936	4E75	rts		FUN_00052924	
0x052938	302D10D0	move.w	(0x10d0,A5), D0w	FUN_00052938	DATA:000010d0
0x05293C	08C00001	bset.l	#0x1, D0	FUN_00052938	
0x052940	3B4010D0	move.w	D0w, (0x10d0,A5)	FUN_00052938	DATA:000010d0
0x052944	3B7C000410DA	move.w	#0x4, (0x10da,A5)	FUN_00052938	DATA:000010da
0x05294A	4E75	rts		FUN_00052938	
0x05294C	302D10D0	move.w	(0x10d0,A5), D0w	FUN_0005294c	DATA:000010d0
0x052950	08C00003	bset.l	#0x3, D0	FUN_0005294c	
0x052954	3B4010D0	move.w	D0w, (0x10d0,A5)	FUN_0005294c	DATA:000010d0
0x052958	3B7C000410D8	move.w	#0x4, (0x10d8,A5)	FUN_0005294c	DATA:000010d8
0x05295E	4E75	rts		FUN_0005294c	
0x052960	302D10D0	move.w	(0x10d0,A5), D0w	FUN_00052960	DATA:000010d0
0x052964	08C00002	bset.l	#0x2, D0	FUN_00052960	
0x052968	3B4010D0	move.w	D0w, (0x10d0,A5)	FUN_00052960	DATA:000010d0
0x05296C	3B7C000410D8	move.w	#0x4, (0x10d8,A5)	FUN_00052960	DATA:000010d8
0x052972	4E75	rts		FUN_00052960	
0x052974	207C00C08000	movea.l	#0xc08000, A0	FUN_00052974	
0x05297A	247C0010D420	movea.l	#0x10d420, A2	FUN_00052974	
0x052980	343C1000	move.w	#0x1000, D2w	FUN_00052974	
0x052984	5488	addq.l	0x2, A0	FUN_00052974	
0x052986	3018	move.w	(A0)+, D0w	FUN_00052974	READ:00c08002;READ:00c08006
0x052988	227C000529AA	movea.l	#0x529aa, A1	FUN_00052974	
0x05298E	3219	move.w	(A1)+, D1w	FUN_00052974	READ:000529aa;READ:000529ac
0x052990	0C41FFFF	cmpi.w	#-0x1, D1w	FUN_00052974	
0x052994	670C	beq.b	0x000529a2	FUN_00052974	CONDITIONAL_JUMP:000529a2
0x052996	B240	cmp.w	D0w, D1w	FUN_00052974	
0x052998	6702	beq.b	0x0005299c	FUN_00052974	CONDITIONAL_JUMP:0005299c
0x05299A	60F2	bra.b	0x0005298e	FUN_00052974	UNCONDITIONAL_JUMP:0005298e
0x05299C	48C1	ext.l	D1	FUN_00052974	
0x05299E	24C1	move.l	D1, (A2)+	FUN_00052974	WRITE:0010d420;DATA:00000b20
0x0529A0	24C8	move.l	A0, (A2)+	FUN_00052974	WRITE:0010d424;DATA:00c08004
0x0529A2	5342	subq.w	0x1, D2w	FUN_00052974	
0x0529A4	6702	beq.b	0x000529a8	FUN_00052974	CONDITIONAL_JUMP:000529a8
0x0529A6	60DC	bra.b	0x00052984	FUN_00052974	UNCONDITIONAL_JUMP:00052984
0x0529A8	4E75	rts		FUN_00052974	
0x0529C8	0B2CFFFF	btst.b	D5, (-0x1,A4)		
0x0529CC	0C6D00FF1296	cmpi.w	#0xff, (0x1296,A5)	FUN_000529cc	DATA:00001296
0x0529D2	660A	bne.b	0x000529de	FUN_000529cc	CONDITIONAL_JUMP:000529de
0x0529D4	3B7C00011296	move.w	#0x1, (0x1296,A5)	FUN_000529cc	DATA:00001296
0x0529DA	426D1298	clr.w	(0x1298,A5)	FUN_000529cc	DATA:00001298
0x0529DE	303C0026	move.w	#0x26, D0w	FUN_000529cc	
0x0529E2	4EB90003A0EC	jsr	0x0003a0ec.l	FUN_000529cc	UNCONDITIONAL_CALL:0003a0ec
0x0529E8	046D0040013A	subi.w	#0x40, (0x13a,A5)	FUN_000529cc	
0x0529EE	3B7C000112FC	move.w	#0x1, (0x12fc,A5)	FUN_000529cc	DATA:000012fc
0x0529F4	1B7C00041254	move.b	#0x4, (0x1254,A5)	FUN_000529cc	DATA:00001254
0x0529FA	1B7C00041255	move.b	#0x4, (0x1255,A5)	FUN_000529cc	DATA:00001255
0x052A00	1B7C00041256	move.b	#0x4, (0x1256,A5)	FUN_000529cc	DATA:00001256
0x052A06	1B7C00041257	move.b	#0x4, (0x1257,A5)	FUN_000529cc	DATA:00001257
0x052A0C	3B7C000112F8	move.w	#0x1, (0x12f8,A5)	FUN_000529cc	DATA:000012f8
0x052A12	3B7C00081310	move.w	#0x8, (0x1310,A5)	FUN_000529cc	DATA:00001310
0x052A18	4E75	rts		FUN_000529cc	
0x052A1A	30390010D37A	move.w	(0x0010d37a).l, D0w	FUN_00052a1a	READ:0010d37a
0x052A20	08000004	btst.l	#0x4, D0	FUN_00052a1a	
0x052A24	66000020	bne.w	0x00052a46	FUN_00052a1a	CONDITIONAL_JUMP:00052a46
0x052A28	0C6D00FF13C8	cmpi.w	#0xff, (0x13c8,A5)	FUN_00052a1a	DATA:000013c8
0x052A2E	6708	beq.b	0x00052a38	FUN_00052a1a	CONDITIONAL_JUMP:00052a38
0x052A30	3B7C000113CA	move.w	#0x1, (0x13ca,A5)	FUN_00052a1a	DATA:000013ca
0x052A36	6006	bra.b	0x00052a3e	FUN_00052a1a	UNCONDITIONAL_JUMP:00052a3e
0x052A38	3B7C001113CA	move.w	#0x11, (0x13ca,A5)	FUN_00052a1a	DATA:000013ca
0x052A3E	3B7C000113C8	move.w	#0x1, (0x13c8,A5)	FUN_00052a1a	DATA:000013c8
0x052A44	601C	bra.b	0x00052a62	FUN_00052a1a	UNCONDITIONAL_JUMP:00052a62
0x052A46	0C6D000113C8	cmpi.w	#0x1, (0x13c8,A5)	FUN_00052a1a	DATA:000013c8
0x052A4C	6708	beq.b	0x00052a56	FUN_00052a1a	CONDITIONAL_JUMP:00052a56
0x052A4E	3B7C00FF13CA	move.w	#0xff, (0x13ca,A5)	FUN_00052a1a	DATA:000013ca
0x052A54	6006	bra.b	0x00052a5c	FUN_00052a1a	UNCONDITIONAL_JUMP:00052a5c
0x052A56	3B7C00FE13CA	move.w	#0xfe, (0x13ca,A5)	FUN_00052a1a	DATA:000013ca
0x052A5C	3B7C00FF13C8	move.w	#0xff, (0x13c8,A5)	FUN_00052a1a	DATA:000013c8
0x052A62	4E75	rts		FUN_00052a1a	
0x052A64	0C6D00011298	cmpi.w	#0x1, (0x1298,A5)	FUN_00052a64	DATA:00001298
0x052A6A	6612	bne.b	0x00052a7e	FUN_00052a64	CONDITIONAL_JUMP:00052a7e
0x052A6C	207C0010D1B2	movea.l	#0x10d1b2, A0	FUN_00052a64	
0x052A72	5488	addq.l	0x2, A0	FUN_00052a64	
0x052A74	3B50129C	move.w	(A0), (0x129c,A5)	FUN_00052a64	READ:0010d1b4;DATA:0000129c
0x052A78	5888	addq.l	0x4, A0	FUN_00052a64	
0x052A7A	3B50129A	move.w	(A0), (0x129a,A5)	FUN_00052a64	READ:0010d1b8;DATA:0000129a
0x052A7E	0C6D0001129E	cmpi.w	#0x1, (0x129e,A5)	FUN_00052a64	DATA:0000129e
0x052A84	660E	bne.b	0x00052a94	FUN_00052a64	CONDITIONAL_JUMP:00052a94
0x052A86	302D1298	move.w	(0x1298,A5), D0w	FUN_00052a64	DATA:00001298
0x052A8A	E448	lsr.w	#0x2, D0w	FUN_00052a64	
0x052A8C	61000014	bsr.w	0x00052aa2	FUN_00052a64	UNCONDITIONAL_CALL:00052aa2
0x052A90	6000000E	bra.w	0x00052aa0	FUN_00052a64	UNCONDITIONAL_JUMP:00052aa0
0x052A94	302D1298	move.w	(0x1298,A5), D0w	FUN_00052a64	DATA:00001298
0x052A98	E448	lsr.w	#0x2, D0w	FUN_00052a64	
0x052A9A	5840	addq.w	0x4, D0w	FUN_00052a64	
0x052A9C	61000004	bsr.w	0x00052aa2	FUN_00052a64	UNCONDITIONAL_CALL:00052aa2
0x052AA0	4E75	rts		FUN_00052a64	
0x052AA2	227C00D00000	movea.l	#0xd00000, A1	FUN_00052aa2	
0x052AA8	207C0005DA5E	movea.l	#0x5da5e, A0	FUN_00052aa2	
0x052AAE	C0FC0018	mulu.w	#0x18, D0	FUN_00052aa2	
0x052AB2	41F00000	lea	(0x0,A0,D0w*0x1), A0	FUN_00052aa2	
0x052AB6	343C0004	move.w	#0x4, D2w	FUN_00052aa2	
0x052ABA	30280004	move.w	(0x4,A0), D0w	FUN_00052aa2	DATA:0005da62;DATA:0005da68
0x052ABE	32C0	move.w	D0w, (A1)+	FUN_00052aa2	WRITE:00d00000;WRITE:00d00008
0x052AC0	10280003	move.b	(0x3,A0), D0b	FUN_00052aa2	DATA:0005da61;DATA:0005da67
0x052AC4	4880	ext.w	D0w	FUN_00052aa2	
0x052AC6	D06D129C	add.w	(0x129c,A5), D0w	FUN_00052aa2	DATA:0000129c
0x052ACA	5240	addq.w	0x1, D0w	FUN_00052aa2	
0x052ACC	024001FF	andi.w	#0x1ff, D0w	FUN_00052aa2	
0x052AD0	32C0	move.w	D0w, (A1)+	FUN_00052aa2	WRITE:00d00002;WRITE:00d0000a
0x052AD2	3010	move.w	(A0), D0w	FUN_00052aa2	DATA:0005da5e;DATA:0005da64
0x052AD4	32E80000	move.w	(0x0,A0), (A1)+	FUN_00052aa2	DATA:0005da5e;WRITE:00d00004;DATA:0005da64;WRITE:00d0000c
0x052AD8	10280002	move.b	(0x2,A0), D0b	FUN_00052aa2	DATA:0005da60;DATA:0005da66
0x052ADC	4880	ext.w	D0w	FUN_00052aa2	
0x052ADE	D06D129A	add.w	(0x129a,A5), D0w	FUN_00052aa2	DATA:0000129a
0x052AE2	024001FF	andi.w	#0x1ff, D0w	FUN_00052aa2	
0x052AE6	3E00	move.w	D0w, D7w	FUN_00052aa2	
0x052AE8	3007	move.w	D7w, D0w	FUN_00052aa2	
0x052AEA	32C0	move.w	D0w, (A1)+	FUN_00052aa2	WRITE:00d00006;WRITE:00d0000e
0x052AEC	D0FC0006	adda.w	#0x6, A0	FUN_00052aa2	
0x052AF0	5342	subq.w	0x1, D2w	FUN_00052aa2	
0x052AF2	66C6	bne.b	0x00052aba	FUN_00052aa2	CONDITIONAL_JUMP:00052aba
0x052AF4	4E75	rts		FUN_00052aa2	
0x052AF6	0C6D0001129E	cmpi.w	#0x1, (0x129e,A5)	FUN_00052af6	DATA:0000129e
0x052AFC	661C	bne.b	0x00052b1a	FUN_00052af6	CONDITIONAL_JUMP:00052b1a
0x052AFE	0C6D000C1298	cmpi.w	#0xc, (0x1298,A5)	FUN_00052af6	DATA:00001298
0x052B04	6708	beq.b	0x00052b0e	FUN_00052af6	CONDITIONAL_JUMP:00052b0e
0x052B06	526D1298	addq.w	0x1, (0x1298,A5)	FUN_00052af6	DATA:00001298
0x052B0A	6000002A	bra.w	0x00052b36	FUN_00052af6	UNCONDITIONAL_JUMP:00052b36
0x052B0E	33FC00FF0010D296	move.w	#0xff, (0x0010d296).l	FUN_00052af6	WRITE:0010d296
0x052B16	6000001E	bra.w	0x00052b36	FUN_00052af6	UNCONDITIONAL_JUMP:00052b36
0x052B1A	0C6D00141298	cmpi.w	#0x14, (0x1298,A5)	FUN_00052af6	DATA:00001298
0x052B20	6708	beq.b	0x00052b2a	FUN_00052af6	CONDITIONAL_JUMP:00052b2a
0x052B22	526D1298	addq.w	0x1, (0x1298,A5)	FUN_00052af6	DATA:00001298
0x052B26	6000000E	bra.w	0x00052b36	FUN_00052af6	UNCONDITIONAL_JUMP:00052b36
0x052B2A	33FC00FF0010D296	move.w	#0xff, (0x0010d296).l	FUN_00052af6	WRITE:0010d296
0x052B32	60000002	bra.w	0x00052b36	FUN_00052af6	UNCONDITIONAL_JUMP:00052b36
0x052B36	4E75	rts		FUN_00052af6	
0x053854	4A46	tst.w	D6w		
0x053856	67000090	beq.w	0x000538e8		CONDITIONAL_JUMP:000538e8
0x05385A	0C6D000610E8	cmpi.w	#0x6, (0x10e8,A5)		DATA:000010e8
0x053860	6734	beq.b	0x00053896		CONDITIONAL_JUMP:00053896
0x053862	6100020A	bsr.w	0x00053a6e		UNCONDITIONAL_CALL:00053a6e
0x053866	610002CC	bsr.w	0x00053b34		UNCONDITIONAL_CALL:00053b34
0x05386A	0C6D000210E8	cmpi.w	#0x2, (0x10e8,A5)		DATA:000010e8
0x053870	6716	beq.b	0x00053888		CONDITIONAL_JUMP:00053888
0x053872	0C6D000113B4	cmpi.w	#0x1, (0x13b4,A5)		DATA:000013b4
0x053878	670E	beq.b	0x00053888		CONDITIONAL_JUMP:00053888
0x05387A	302D10CE	move.w	(0x10ce,A5), D0w		DATA:000010ce
0x05387E	08000005	btst.l	#0x5, D0		
0x053882	6612	bne.b	0x00053896		CONDITIONAL_JUMP:00053896
0x053884	5346	subq.w	0x1, D6w		
0x053886	60CC	bra.b	0x00053854		UNCONDITIONAL_JUMP:00053854
0x053888	302D10CE	move.w	(0x10ce,A5), D0w		DATA:000010ce
0x05388C	08000001	btst.l	#0x1, D0		
0x053890	6704	beq.b	0x00053896		CONDITIONAL_JUMP:00053896
0x053892	5346	subq.w	0x1, D6w		
0x053894	60BE	bra.b	0x00053854		UNCONDITIONAL_JUMP:00053854
0x053896	322D10C0	move.w	(0x10c0,A5), D1w		DATA:000010c0
0x05389A	0C410040	cmpi.w	#0x40, D1w		
0x05389E	6208	bhi.b	0x000538a8		CONDITIONAL_JUMP:000538a8
0x0538A0	3206	move.w	D6w, D1w		
0x0538A2	61000032	bsr.w	0x000538d6		UNCONDITIONAL_CALL:000538d6
0x0538A6	6040	bra.b	0x000538e8		UNCONDITIONAL_JUMP:000538e8
0x0538A8	D246	add.w	D6w, D1w		
0x0538AA	0C410040	cmpi.w	#0x40, D1w		
0x0538AE	63000074	bls.w	0x00053924		CONDITIONAL_JUMP:00053924
0x0538B2	61000014	bsr.w	0x000538c8		UNCONDITIONAL_CALL:000538c8
0x0538B6	6030	bra.b	0x000538e8		UNCONDITIONAL_JUMP:000538e8
0x0538C8	0C6D000810C0	cmpi.w	#0x8, (0x10c0,A5)	FUN_000538c8	DATA:000010c0
0x0538CE	6304	bls.b	0x000538d4	FUN_000538c8	CONDITIONAL_JUMP:000538d4
0x0538D0	9D6D10C0	sub.w	D6w, (0x10c0,A5)	FUN_000538c8	DATA:000010c0
0x0538D4	4E75	rts		FUN_000538c8	
0x0538D6	302D10D0	move.w	(0x10d0,A5), D0w	FUN_000538d6	DATA:000010d0
0x0538DA	08C00000	bset.l	#0x0, D0	FUN_000538d6	
0x0538DE	3B4010D0	move.w	D0w, (0x10d0,A5)	FUN_000538d6	DATA:000010d0
0x0538E2	3B4110DA	move.w	D1w, (0x10da,A5)	FUN_000538d6	DATA:000010da
0x0538E6	4E75	rts		FUN_000538d6	
0x0538E8	4E75	rts			
0x053908	0C410070	cmpi.w	#0x70, D1w		
0x05390C	6508	bcs.b	0x00053916		CONDITIONAL_JUMP:00053916
0x05390E	3206	move.w	D6w, D1w		
0x053910	61000030	bsr.w	0x00053942		UNCONDITIONAL_CALL:00053942
0x053914	603E	bra.b	0x00053954		UNCONDITIONAL_JUMP:00053954
0x053916	D246	add.w	D6w, D1w		
0x053918	0C410070	cmpi.w	#0x70, D1w		
0x05391C	6406	bcc.b	0x00053924		CONDITIONAL_JUMP:00053924
0x05391E	61000014	bsr.w	0x00053934		UNCONDITIONAL_CALL:00053934
0x053922	6030	bra.b	0x00053954		UNCONDITIONAL_JUMP:00053954
0x053924	04410070	subi.w	#0x70, D1w		
0x053928	61000018	bsr.w	0x00053942		UNCONDITIONAL_CALL:00053942
0x05392C	9C41	sub.w	D1w, D6w		
0x05392E	61000004	bsr.w	0x00053934		UNCONDITIONAL_CALL:00053934
0x053932	6020	bra.b	0x00053954		UNCONDITIONAL_JUMP:00053954
0x053934	0C6D010010C0	cmpi.w	#0x100, (0x10c0,A5)	FUN_00053934	DATA:000010c0
0x05393A	6404	bcc.b	0x00053940	FUN_00053934	CONDITIONAL_JUMP:00053940
0x05393C	DD6D10C0	add.w	D6w, (0x10c0,A5)	FUN_00053934	DATA:000010c0
0x053940	4E75	rts		FUN_00053934	
0x053942	302D10D0	move.w	(0x10d0,A5), D0w	FUN_00053942	DATA:000010d0
0x053946	08C00001	bset.l	#0x1, D0	FUN_00053942	
0x05394A	3B4010D0	move.w	D0w, (0x10d0,A5)	FUN_00053942	DATA:000010d0
0x05394E	3B4110DA	move.w	D1w, (0x10da,A5)	FUN_00053942	DATA:000010da
0x053952	4E75	rts		FUN_00053942	
0x053954	4E75	rts			
0x0539A0	0C6D013010BE	cmpi.w	#0x130, (0x10be,A5)	FUN_000539a0	DATA:000010be
0x0539A6	6404	bcc.b	0x000539ac	FUN_000539a0	CONDITIONAL_JUMP:000539ac
0x0539A8	DD6D10BE	add.w	D6w, (0x10be,A5)	FUN_000539a0	DATA:000010be
0x0539AC	4E75	rts		FUN_000539a0	
0x053A0C	0C6D002010BE	cmpi.w	#0x20, (0x10be,A5)	FUN_00053a0c	DATA:000010be
0x053A12	6304	bls.b	0x00053a18	FUN_00053a0c	CONDITIONAL_JUMP:00053a18
0x053A14	9D6D10BE	sub.w	D6w, (0x10be,A5)	FUN_00053a0c	DATA:000010be
0x053A18	4E75	rts		FUN_00053a0c	
0x053A2E	4280	clr.l	D0	collision_map_lookup_53a2e	
0x053A30	302D10AE	move.w	(0x10ae,A5), D0w	collision_map_lookup_53a2e	DATA:000010ae
0x053A34	0A4001FF	eori.w	#0x1ff, D0w	collision_map_lookup_53a2e	
0x053A38	5240	addq.w	0x1, D0w	collision_map_lookup_53a2e	
0x053A3A	024001FF	andi.w	#0x1ff, D0w	collision_map_lookup_53a2e	
0x053A3E	D041	add.w	D1w, D0w	collision_map_lookup_53a2e	
0x053A40	E248	lsr.w	#0x1, D0w	collision_map_lookup_53a2e	
0x053A42	06400008	addi.w	#0x8, D0w	collision_map_lookup_53a2e	
0x053A46	024000FC	andi.w	#0xfc, D0w	collision_map_lookup_53a2e	
0x053A4A	322D10B0	move.w	(0x10b0,A5), D1w	collision_map_lookup_53a2e	DATA:000010b0
0x053A4E	0A4101FF	eori.w	#0x1ff, D1w	collision_map_lookup_53a2e	
0x053A52	5241	addq.w	0x1, D1w	collision_map_lookup_53a2e	
0x053A54	024101FF	andi.w	#0x1ff, D1w	collision_map_lookup_53a2e	
0x053A58	D242	add.w	D2w, D1w	collision_map_lookup_53a2e	
0x053A5A	EB49	lsl.w	#0x5, D1w	collision_map_lookup_53a2e	
0x053A5C	02413F00	andi.w	#0x3f00, D1w	collision_map_lookup_53a2e	
0x053A60	D041	add.w	D1w, D0w	collision_map_lookup_53a2e	
0x053A62	E288	lsr.l	#0x1, D0	collision_map_lookup_53a2e	
0x053A64	207C0010DE00	movea.l	#0x10de00, A0	collision_map_lookup_53a2e	
0x053A6A	D1C0	adda.l	D0, A0	collision_map_lookup_53a2e	
0x053A6C	4E75	rts		collision_map_lookup_53a2e	
0x053A6E	302D10CE	move.w	(0x10ce,A5), D0w	player_collision_probe_family_53a6e	DATA:000010ce
0x053A72	08800001	bclr.l	#0x1, D0	player_collision_probe_family_53a6e	
0x053A76	08800005	bclr.l	#0x5, D0	player_collision_probe_family_53a6e	
0x053A7A	3B4010CE	move.w	D0w, (0x10ce,A5)	player_collision_probe_family_53a6e	DATA:000010ce
0x053A7E	322D10BE	move.w	(0x10be,A5), D1w	player_collision_probe_family_53a6e	DATA:000010be
0x053A82	342D10C0	move.w	(0x10c0,A5), D2w	player_collision_probe_family_53a6e	DATA:000010c0
0x053A86	302D1130	move.w	(0x1130,A5), D0w	player_collision_probe_family_53a6e	DATA:00001130
0x053A8A	9440	sub.w	D0w, D2w	player_collision_probe_family_53a6e	
0x053A8C	9446	sub.w	D6w, D2w	player_collision_probe_family_53a6e	
0x053A8E	619E	bsr.b	0x00053a2e	player_collision_probe_family_53a6e	UNCONDITIONAL_CALL:00053a2e
0x053A90	3010	move.w	(A0), D0w	player_collision_probe_family_53a6e	
0x053A92	0240007F	andi.w	#0x7f, D0w	player_collision_probe_family_53a6e	
0x053A96	0C400002	cmpi.w	#0x2, D0w	player_collision_probe_family_53a6e	
0x053A9A	67000086	beq.w	0x00053b22	player_collision_probe_family_53a6e	CONDITIONAL_JUMP:00053b22
0x053A9E	0C400001	cmpi.w	#0x1, D0w	player_collision_probe_family_53a6e	
0x053AA2	6700006E	beq.w	0x00053b12	player_collision_probe_family_53a6e	CONDITIONAL_JUMP:00053b12
0x053AA6	322D10BE	move.w	(0x10be,A5), D1w	player_collision_probe_family_53a6e	DATA:000010be
0x053AAA	302D112E	move.w	(0x112e,A5), D0w	player_collision_probe_family_53a6e	DATA:0000112e
0x053AAE	9240	sub.w	D0w, D1w	player_collision_probe_family_53a6e	
0x053AB0	06410003	addi.w	#0x3, D1w	player_collision_probe_family_53a6e	
0x053AB4	342D10C0	move.w	(0x10c0,A5), D2w	player_collision_probe_family_53a6e	DATA:000010c0
0x053AB8	302D1130	move.w	(0x1130,A5), D0w	player_collision_probe_family_53a6e	DATA:00001130
0x053ABC	9440	sub.w	D0w, D2w	player_collision_probe_family_53a6e	
0x053ABE	9446	sub.w	D6w, D2w	player_collision_probe_family_53a6e	
0x053AC0	6100FF6C	bsr.w	0x00053a2e	player_collision_probe_family_53a6e	UNCONDITIONAL_CALL:00053a2e
0x053AC4	3010	move.w	(A0), D0w	player_collision_probe_family_53a6e	
0x053AC6	0240007F	andi.w	#0x7f, D0w	player_collision_probe_family_53a6e	
0x053ACA	0C400002	cmpi.w	#0x2, D0w	player_collision_probe_family_53a6e	
0x053ACE	67000052	beq.w	0x00053b22	player_collision_probe_family_53a6e	CONDITIONAL_JUMP:00053b22
0x053AD2	0C400001	cmpi.w	#0x1, D0w	player_collision_probe_family_53a6e	
0x053AD6	6700003A	beq.w	0x00053b12	player_collision_probe_family_53a6e	CONDITIONAL_JUMP:00053b12
0x053ADA	322D10BE	move.w	(0x10be,A5), D1w	player_collision_probe_family_53a6e	DATA:000010be
0x053ADE	302D112E	move.w	(0x112e,A5), D0w	player_collision_probe_family_53a6e	DATA:0000112e
0x053AE2	D240	add.w	D0w, D1w	player_collision_probe_family_53a6e	
0x053AE4	04410003	subi.w	#0x3, D1w	player_collision_probe_family_53a6e	
0x053AE8	342D10C0	move.w	(0x10c0,A5), D2w	player_collision_probe_family_53a6e	DATA:000010c0
0x053AEC	302D1130	move.w	(0x1130,A5), D0w	player_collision_probe_family_53a6e	DATA:00001130
0x053AF0	9440	sub.w	D0w, D2w	player_collision_probe_family_53a6e	
0x053AF2	9446	sub.w	D6w, D2w	player_collision_probe_family_53a6e	
0x053AF4	6100FF38	bsr.w	0x00053a2e	player_collision_probe_family_53a6e	UNCONDITIONAL_CALL:00053a2e
0x053AF8	3010	move.w	(A0), D0w	player_collision_probe_family_53a6e	
0x053AFA	0240007F	andi.w	#0x7f, D0w	player_collision_probe_family_53a6e	
0x053AFE	0C400002	cmpi.w	#0x2, D0w	player_collision_probe_family_53a6e	
0x053B02	6700001E	beq.w	0x00053b22	player_collision_probe_family_53a6e	CONDITIONAL_JUMP:00053b22
0x053B06	0C400001	cmpi.w	#0x1, D0w	player_collision_probe_family_53a6e	
0x053B0A	67000006	beq.w	0x00053b12	player_collision_probe_family_53a6e	CONDITIONAL_JUMP:00053b12
0x053B0E	60000022	bra.w	0x00053b32	player_collision_probe_family_53a6e	UNCONDITIONAL_JUMP:00053b32
0x053B12	302D10CE	move.w	(0x10ce,A5), D0w	player_collision_probe_family_53a6e	DATA:000010ce
0x053B16	08C00001	bset.l	#0x1, D0	player_collision_probe_family_53a6e	
0x053B1A	3B4010CE	move.w	D0w, (0x10ce,A5)	player_collision_probe_family_53a6e	DATA:000010ce
0x053B1E	60000012	bra.w	0x00053b32	player_collision_probe_family_53a6e	UNCONDITIONAL_JUMP:00053b32
0x053B22	302D10CE	move.w	(0x10ce,A5), D0w	player_collision_probe_family_53a6e	DATA:000010ce
0x053B26	08C00005	bset.l	#0x5, D0	player_collision_probe_family_53a6e	
0x053B2A	3B4010CE	move.w	D0w, (0x10ce,A5)	player_collision_probe_family_53a6e	DATA:000010ce
0x053B2E	2B48111C	move.l	A0, (0x111c,A5)	player_collision_probe_family_53a6e	DATA:0000111c
0x053B32	4E75	rts		player_collision_probe_family_53a6e	
0x053B34	3B7C00FF13D4	move.w	#0xff, (0x13d4,A5)	player_ground_contact_probe_family_53b34	DATA:000013d4
0x053B3A	302D10CE	move.w	(0x10ce,A5), D0w	player_ground_contact_probe_family_53b34	DATA:000010ce
0x053B3E	08800002	bclr.l	#0x2, D0	player_ground_contact_probe_family_53b34	
0x053B42	08800007	bclr.l	#0x7, D0	player_ground_contact_probe_family_53b34	
0x053B46	08800006	bclr.l	#0x6, D0	player_ground_contact_probe_family_53b34	
0x053B4A	08800008	bclr.l	#0x8, D0	player_ground_contact_probe_family_53b34	
0x053B4E	08800009	bclr.l	#0x9, D0	player_ground_contact_probe_family_53b34	
0x053B52	3B4010CE	move.w	D0w, (0x10ce,A5)	player_ground_contact_probe_family_53b34	DATA:000010ce
0x053B56	426D1132	clr.w	(0x1132,A5)	player_ground_contact_probe_family_53b34	DATA:00001132
0x053B5A	322D10BE	move.w	(0x10be,A5), D1w	player_ground_contact_probe_family_53b34	DATA:000010be
0x053B5E	342D10C0	move.w	(0x10c0,A5), D2w	player_ground_contact_probe_family_53b34	DATA:000010c0
0x053B62	302D1130	move.w	(0x1130,A5), D0w	player_ground_contact_probe_family_53b34	DATA:00001130
0x053B66	D440	add.w	D0w, D2w	player_ground_contact_probe_family_53b34	
0x053B68	D446	add.w	D6w, D2w	player_ground_contact_probe_family_53b34	
0x053B6A	6100FEC2	bsr.w	0x00053a2e	player_ground_contact_probe_family_53b34	UNCONDITIONAL_CALL:00053a2e
0x053B6E	3010	move.w	(A0), D0w	player_ground_contact_probe_family_53b34	
0x053B70	0240007F	andi.w	#0x7f, D0w	player_ground_contact_probe_family_53b34	
0x053B74	0C400001	cmpi.w	#0x1, D0w	player_ground_contact_probe_family_53b34	
0x053B78	66000012	bne.w	0x00053b8c	player_ground_contact_probe_family_53b34	CONDITIONAL_JUMP:00053b8c
0x053B7C	6100024A	bsr.w	0x00053dc8	player_ground_contact_probe_family_53b34	UNCONDITIONAL_CALL:00053dc8
0x053B80	302D1132	move.w	(0x1132,A5), D0w	player_ground_contact_probe_family_53b34	DATA:00001132
0x053B84	08C00004	bset.l	#0x4, D0	player_ground_contact_probe_family_53b34	
0x053B88	3B401132	move.w	D0w, (0x1132,A5)	player_ground_contact_probe_family_53b34	DATA:00001132
0x053B8C	3010	move.w	(A0), D0w	player_ground_contact_probe_family_53b34	
0x053B8E	0240007F	andi.w	#0x7f, D0w	player_ground_contact_probe_family_53b34	
0x053B92	0C400003	cmpi.w	#0x3, D0w	player_ground_contact_probe_family_53b34	
0x053B96	66000018	bne.w	0x00053bb0	player_ground_contact_probe_family_53b34	CONDITIONAL_JUMP:00053bb0
0x053B9A	6100022C	bsr.w	0x00053dc8	player_ground_contact_probe_family_53b34	UNCONDITIONAL_CALL:00053dc8
0x053B9E	3B7C000113D4	move.w	#0x1, (0x13d4,A5)	player_ground_contact_probe_family_53b34	DATA:000013d4
0x053BA4	302D1132	move.w	(0x1132,A5), D0w	player_ground_contact_probe_family_53b34	DATA:00001132
0x053BA8	08C00004	bset.l	#0x4, D0	player_ground_contact_probe_family_53b34	
0x053BAC	3B401132	move.w	D0w, (0x1132,A5)	player_ground_contact_probe_family_53b34	DATA:00001132
0x053BB0	3010	move.w	(A0), D0w	player_ground_contact_probe_family_53b34	
0x053BB2	0240007F	andi.w	#0x7f, D0w	player_ground_contact_probe_family_53b34	
0x053BB6	0C400004	cmpi.w	#0x4, D0w	player_ground_contact_probe_family_53b34	
0x053BBA	66000012	bne.w	0x00053bce	player_ground_contact_probe_family_53b34	CONDITIONAL_JUMP:00053bce
0x053BBE	61000216	bsr.w	0x00053dd6	player_ground_contact_probe_family_53b34	UNCONDITIONAL_CALL:00053dd6
0x053BC2	302D1132	move.w	(0x1132,A5), D0w	player_ground_contact_probe_family_53b34	DATA:00001132
0x053BC6	08C00004	bset.l	#0x4, D0	player_ground_contact_probe_family_53b34	
0x053BCA	3B401132	move.w	D0w, (0x1132,A5)	player_ground_contact_probe_family_53b34	DATA:00001132
0x053BCE	3010	move.w	(A0), D0w	player_ground_contact_probe_family_53b34	
0x053BD0	0240007F	andi.w	#0x7f, D0w	player_ground_contact_probe_family_53b34	
0x053BD4	0C400007	cmpi.w	#0x7, D0w	player_ground_contact_probe_family_53b34	
0x053BD8	66000016	bne.w	0x00053bf0	player_ground_contact_probe_family_53b34	CONDITIONAL_JUMP:00053bf0
0x053BDC	61000206	bsr.w	0x00053de4	player_ground_contact_probe_family_53b34	UNCONDITIONAL_CALL:00053de4
0x053BE0	610001E6	bsr.w	0x00053dc8	player_ground_contact_probe_family_53b34	UNCONDITIONAL_CALL:00053dc8
0x053BE4	302D1132	move.w	(0x1132,A5), D0w	player_ground_contact_probe_family_53b34	DATA:00001132
0x053BE8	08C00004	bset.l	#0x4, D0	player_ground_contact_probe_family_53b34	
0x053BEC	3B401132	move.w	D0w, (0x1132,A5)	player_ground_contact_probe_family_53b34	DATA:00001132
0x053BF0	3010	move.w	(A0), D0w	player_ground_contact_probe_family_53b34	
0x053BF2	0240007F	andi.w	#0x7f, D0w	player_ground_contact_probe_family_53b34	
0x053BF6	0C400006	cmpi.w	#0x6, D0w	player_ground_contact_probe_family_53b34	
0x053BFA	66000006	bne.w	0x00053c02	player_ground_contact_probe_family_53b34	CONDITIONAL_JUMP:00053c02
0x053BFE	610001F2	bsr.w	0x00053df2	player_ground_contact_probe_family_53b34	UNCONDITIONAL_CALL:00053df2
0x053C02	3010	move.w	(A0), D0w	player_ground_contact_probe_family_53b34	
0x053C04	0240007F	andi.w	#0x7f, D0w	player_ground_contact_probe_family_53b34	
0x053C08	0C400008	cmpi.w	#0x8, D0w	player_ground_contact_probe_family_53b34	
0x053C0C	66000006	bne.w	0x00053c14	player_ground_contact_probe_family_53b34	CONDITIONAL_JUMP:00053c14
0x053C10	600001EE	bra.w	0x00053e00	player_ground_contact_probe_family_53b34	UNCONDITIONAL_CALL:00053e00
0x053C14	3010	move.w	(A0), D0w	player_ground_contact_probe_family_53b34	
0x053C16	0240007F	andi.w	#0x7f, D0w	player_ground_contact_probe_family_53b34	
0x053C1A	0C40007E	cmpi.w	#0x7e, D0w	player_ground_contact_probe_family_53b34	
0x053C1E	670001F4	beq.w	0x00053e14	player_ground_contact_probe_family_53b34	CONDITIONAL_JUMP:00053e14
0x053C22	322D10BE	move.w	(0x10be,A5), D1w	player_ground_contact_probe_family_53b34	DATA:000010be
0x053C26	302D112E	move.w	(0x112e,A5), D0w	player_ground_contact_probe_family_53b34	DATA:0000112e
0x053C2A	9240	sub.w	D0w, D1w	player_ground_contact_probe_family_53b34	
0x053C2C	06410003	addi.w	#0x3, D1w	player_ground_contact_probe_family_53b34	
0x053C30	342D10C0	move.w	(0x10c0,A5), D2w	player_ground_contact_probe_family_53b34	DATA:000010c0
0x053C34	302D1130	move.w	(0x1130,A5), D0w	player_ground_contact_probe_family_53b34	DATA:00001130
0x053C38	D440	add.w	D0w, D2w	player_ground_contact_probe_family_53b34	
0x053C3A	D446	add.w	D6w, D2w	player_ground_contact_probe_family_53b34	
0x053C3C	6100FDF0	bsr.w	0x00053a2e	player_ground_contact_probe_family_53b34	UNCONDITIONAL_CALL:00053a2e
0x053C40	3010	move.w	(A0), D0w	player_ground_contact_probe_family_53b34	
0x053C42	0240007F	andi.w	#0x7f, D0w	player_ground_contact_probe_family_53b34	
0x053C46	0C400001	cmpi.w	#0x1, D0w	player_ground_contact_probe_family_53b34	
0x053C4A	66000012	bne.w	0x00053c5e	player_ground_contact_probe_family_53b34	CONDITIONAL_JUMP:00053c5e
0x053C4E	61000178	bsr.w	0x00053dc8	player_ground_contact_probe_family_53b34	UNCONDITIONAL_CALL:00053dc8
0x053C52	302D1132	move.w	(0x1132,A5), D0w	player_ground_contact_probe_family_53b34	DATA:00001132
0x053C56	08C00002	bset.l	#0x2, D0	player_ground_contact_probe_family_53b34	
0x053C5A	3B401132	move.w	D0w, (0x1132,A5)	player_ground_contact_probe_family_53b34	DATA:00001132
0x053C5E	3010	move.w	(A0), D0w	player_ground_contact_probe_family_53b34	
0x053C60	0240007F	andi.w	#0x7f, D0w	player_ground_contact_probe_family_53b34	
0x053C64	0C400003	cmpi.w	#0x3, D0w	player_ground_contact_probe_family_53b34	
0x053C68	66000018	bne.w	0x00053c82	player_ground_contact_probe_family_53b34	CONDITIONAL_JUMP:00053c82
0x053C6C	6100015A	bsr.w	0x00053dc8	player_ground_contact_probe_family_53b34	UNCONDITIONAL_CALL:00053dc8
0x053C70	3B7C000113D4	move.w	#0x1, (0x13d4,A5)	player_ground_contact_probe_family_53b34	DATA:000013d4
0x053C76	302D1132	move.w	(0x1132,A5), D0w	player_ground_contact_probe_family_53b34	DATA:00001132
0x053C7A	08C00002	bset.l	#0x2, D0	player_ground_contact_probe_family_53b34	
0x053C7E	3B401132	move.w	D0w, (0x1132,A5)	player_ground_contact_probe_family_53b34	DATA:00001132
0x053C82	3010	move.w	(A0), D0w	player_ground_contact_probe_family_53b34	
0x053C84	0240007F	andi.w	#0x7f, D0w	player_ground_contact_probe_family_53b34	
0x053C88	0C400004	cmpi.w	#0x4, D0w	player_ground_contact_probe_family_53b34	
0x053C8C	66000012	bne.w	0x00053ca0	player_ground_contact_probe_family_53b34	CONDITIONAL_JUMP:00053ca0
0x053C90	61000144	bsr.w	0x00053dd6	player_ground_contact_probe_family_53b34	UNCONDITIONAL_CALL:00053dd6
0x053C94	302D1132	move.w	(0x1132,A5), D0w	player_ground_contact_probe_family_53b34	DATA:00001132
0x053C98	08C00002	bset.l	#0x2, D0	player_ground_contact_probe_family_53b34	
0x053C9C	3B401132	move.w	D0w, (0x1132,A5)	player_ground_contact_probe_family_53b34	DATA:00001132
0x053CA0	3010	move.w	(A0), D0w	player_ground_contact_probe_family_53b34	
0x053CA2	0240007F	andi.w	#0x7f, D0w	player_ground_contact_probe_family_53b34	
0x053CA6	0C400007	cmpi.w	#0x7, D0w	player_ground_contact_probe_family_53b34	
0x053CAA	66000016	bne.w	0x00053cc2	player_ground_contact_probe_family_53b34	CONDITIONAL_JUMP:00053cc2
0x053CAE	61000134	bsr.w	0x00053de4	player_ground_contact_probe_family_53b34	UNCONDITIONAL_CALL:00053de4
0x053CB2	61000114	bsr.w	0x00053dc8	player_ground_contact_probe_family_53b34	UNCONDITIONAL_CALL:00053dc8
0x053CB6	302D1132	move.w	(0x1132,A5), D0w	player_ground_contact_probe_family_53b34	DATA:00001132
0x053CBA	08C00002	bset.l	#0x2, D0	player_ground_contact_probe_family_53b34	
0x053CBE	3B401132	move.w	D0w, (0x1132,A5)	player_ground_contact_probe_family_53b34	DATA:00001132
0x053CC2	3010	move.w	(A0), D0w	player_ground_contact_probe_family_53b34	
0x053CC4	0240007F	andi.w	#0x7f, D0w	player_ground_contact_probe_family_53b34	
0x053CC8	0C400006	cmpi.w	#0x6, D0w	player_ground_contact_probe_family_53b34	
0x053CCC	66000006	bne.w	0x00053cd4	player_ground_contact_probe_family_53b34	CONDITIONAL_JUMP:00053cd4
0x053CD0	61000120	bsr.w	0x00053df2	player_ground_contact_probe_family_53b34	UNCONDITIONAL_CALL:00053df2
0x053CD4	3010	move.w	(A0), D0w	player_ground_contact_probe_family_53b34	
0x053CD6	0240007F	andi.w	#0x7f, D0w	player_ground_contact_probe_family_53b34	
0x053CDA	0C400008	cmpi.w	#0x8, D0w	player_ground_contact_probe_family_53b34	
0x053CDE	66000006	bne.w	0x00053ce6	player_ground_contact_probe_family_53b34	CONDITIONAL_JUMP:00053ce6
0x053CE2	6000011C	bra.w	0x00053e00	player_ground_contact_probe_family_53b34	UNCONDITIONAL_CALL:00053e00
0x053CE6	3010	move.w	(A0), D0w	player_ground_contact_probe_family_53b34	
0x053CE8	0240007F	andi.w	#0x7f, D0w	player_ground_contact_probe_family_53b34	
0x053CEC	0C40007E	cmpi.w	#0x7e, D0w	player_ground_contact_probe_family_53b34	
0x053CF0	67000122	beq.w	0x00053e14	player_ground_contact_probe_family_53b34	CONDITIONAL_JUMP:00053e14
0x053CF4	322D10BE	move.w	(0x10be,A5), D1w	player_ground_contact_probe_family_53b34	DATA:000010be
0x053CF8	302D112E	move.w	(0x112e,A5), D0w	player_ground_contact_probe_family_53b34	DATA:0000112e
0x053CFC	D240	add.w	D0w, D1w	player_ground_contact_probe_family_53b34	
0x053CFE	04410003	subi.w	#0x3, D1w	player_ground_contact_probe_family_53b34	
0x053D02	342D10C0	move.w	(0x10c0,A5), D2w	player_ground_contact_probe_family_53b34	DATA:000010c0
0x053D06	302D1130	move.w	(0x1130,A5), D0w	player_ground_contact_probe_family_53b34	DATA:00001130
0x053D0A	D440	add.w	D0w, D2w	player_ground_contact_probe_family_53b34	
0x053D0C	D446	add.w	D6w, D2w	player_ground_contact_probe_family_53b34	
0x053D0E	6100FD1E	bsr.w	0x00053a2e	player_ground_contact_probe_family_53b34	UNCONDITIONAL_CALL:00053a2e
0x053D12	3010	move.w	(A0), D0w	player_ground_contact_probe_family_53b34	
0x053D14	0240007F	andi.w	#0x7f, D0w	player_ground_contact_probe_family_53b34	
0x053D18	0C400001	cmpi.w	#0x1, D0w	player_ground_contact_probe_family_53b34	
0x053D1C	66000012	bne.w	0x00053d30	player_ground_contact_probe_family_53b34	CONDITIONAL_JUMP:00053d30
0x053D20	610000A6	bsr.w	0x00053dc8	player_ground_contact_probe_family_53b34	UNCONDITIONAL_CALL:00053dc8
0x053D24	302D1132	move.w	(0x1132,A5), D0w	player_ground_contact_probe_family_53b34	DATA:00001132
0x053D28	08C00003	bset.l	#0x3, D0	player_ground_contact_probe_family_53b34	
0x053D2C	3B401132	move.w	D0w, (0x1132,A5)	player_ground_contact_probe_family_53b34	DATA:00001132
0x053D30	3010	move.w	(A0), D0w	player_ground_contact_probe_family_53b34	
0x053D32	0240007F	andi.w	#0x7f, D0w	player_ground_contact_probe_family_53b34	
0x053D36	0C400003	cmpi.w	#0x3, D0w	player_ground_contact_probe_family_53b34	
0x053D3A	66000018	bne.w	0x00053d54	player_ground_contact_probe_family_53b34	CONDITIONAL_JUMP:00053d54
0x053D3E	61000088	bsr.w	0x00053dc8	player_ground_contact_probe_family_53b34	UNCONDITIONAL_CALL:00053dc8
0x053D42	3B7C000113D4	move.w	#0x1, (0x13d4,A5)	player_ground_contact_probe_family_53b34	DATA:000013d4
0x053D48	302D1132	move.w	(0x1132,A5), D0w	player_ground_contact_probe_family_53b34	DATA:00001132
0x053D4C	08C00003	bset.l	#0x3, D0	player_ground_contact_probe_family_53b34	
0x053D50	3B401132	move.w	D0w, (0x1132,A5)	player_ground_contact_probe_family_53b34	DATA:00001132
0x053D54	3010	move.w	(A0), D0w	player_ground_contact_probe_family_53b34	
0x053D56	0240007F	andi.w	#0x7f, D0w	player_ground_contact_probe_family_53b34	
0x053D5A	0C400004	cmpi.w	#0x4, D0w	player_ground_contact_probe_family_53b34	
0x053D5E	66000012	bne.w	0x00053d72	player_ground_contact_probe_family_53b34	CONDITIONAL_JUMP:00053d72
0x053D62	61000072	bsr.w	0x00053dd6	player_ground_contact_probe_family_53b34	UNCONDITIONAL_CALL:00053dd6
0x053D66	302D1132	move.w	(0x1132,A5), D0w	player_ground_contact_probe_family_53b34	DATA:00001132
0x053D6A	08C00003	bset.l	#0x3, D0	player_ground_contact_probe_family_53b34	
0x053D6E	3B401132	move.w	D0w, (0x1132,A5)	player_ground_contact_probe_family_53b34	DATA:00001132
0x053D72	3010	move.w	(A0), D0w	player_ground_contact_probe_family_53b34	
0x053D74	0240007F	andi.w	#0x7f, D0w	player_ground_contact_probe_family_53b34	
0x053D78	0C400007	cmpi.w	#0x7, D0w	player_ground_contact_probe_family_53b34	
0x053D7C	66000016	bne.w	0x00053d94	player_ground_contact_probe_family_53b34	CONDITIONAL_JUMP:00053d94
0x053D80	61000062	bsr.w	0x00053de4	player_ground_contact_probe_family_53b34	UNCONDITIONAL_CALL:00053de4
0x053D84	61000042	bsr.w	0x00053dc8	player_ground_contact_probe_family_53b34	UNCONDITIONAL_CALL:00053dc8
0x053D88	302D1132	move.w	(0x1132,A5), D0w	player_ground_contact_probe_family_53b34	DATA:00001132
0x053D8C	08C00003	bset.l	#0x3, D0	player_ground_contact_probe_family_53b34	
0x053D90	3B401132	move.w	D0w, (0x1132,A5)	player_ground_contact_probe_family_53b34	DATA:00001132
0x053D94	3010	move.w	(A0), D0w	player_ground_contact_probe_family_53b34	
0x053D96	0240007F	andi.w	#0x7f, D0w	player_ground_contact_probe_family_53b34	
0x053D9A	0C400006	cmpi.w	#0x6, D0w	player_ground_contact_probe_family_53b34	
0x053D9E	66000006	bne.w	0x00053da6	player_ground_contact_probe_family_53b34	CONDITIONAL_JUMP:00053da6
0x053DA2	6100004E	bsr.w	0x00053df2	player_ground_contact_probe_family_53b34	UNCONDITIONAL_CALL:00053df2
0x053DA6	3010	move.w	(A0), D0w	player_ground_contact_probe_family_53b34	
0x053DA8	0240007F	andi.w	#0x7f, D0w	player_ground_contact_probe_family_53b34	
0x053DAC	0C400008	cmpi.w	#0x8, D0w	player_ground_contact_probe_family_53b34	
0x053DB0	66000006	bne.w	0x00053db8	player_ground_contact_probe_family_53b34	CONDITIONAL_JUMP:00053db8
0x053DB4	6000004A	bra.w	0x00053e00	player_ground_contact_probe_family_53b34	UNCONDITIONAL_CALL:00053e00
0x053DB8	3010	move.w	(A0), D0w	player_ground_contact_probe_family_53b34	
0x053DBA	0240007F	andi.w	#0x7f, D0w	player_ground_contact_probe_family_53b34	
0x053DBE	0C40007E	cmpi.w	#0x7e, D0w	player_ground_contact_probe_family_53b34	
0x053DC2	67000050	beq.w	0x00053e14	player_ground_contact_probe_family_53b34	CONDITIONAL_JUMP:00053e14
0x053DC6	6058	bra.b	0x00053e20	player_ground_contact_probe_family_53b34	UNCONDITIONAL_JUMP:00053e20
0x053DC8	302D10CE	move.w	(0x10ce,A5), D0w	FUN_00053dc8	DATA:000010ce
0x053DCC	08C00002	bset.l	#0x2, D0	FUN_00053dc8	
0x053DD0	3B4010CE	move.w	D0w, (0x10ce,A5)	FUN_00053dc8	DATA:000010ce
0x053DD4	4E75	rts		FUN_00053dc8	
0x053DD6	302D10CE	move.w	(0x10ce,A5), D0w	FUN_00053dd6	DATA:000010ce
0x053DDA	08C00006	bset.l	#0x6, D0	FUN_00053dd6	
0x053DDE	3B4010CE	move.w	D0w, (0x10ce,A5)	FUN_00053dd6	DATA:000010ce
0x053DE2	4E75	rts		FUN_00053dd6	
0x053DE4	302D10CE	move.w	(0x10ce,A5), D0w	FUN_00053de4	DATA:000010ce
0x053DE8	08C00008	bset.l	#0x8, D0	FUN_00053de4	
0x053DEC	3B4010CE	move.w	D0w, (0x10ce,A5)	FUN_00053de4	DATA:000010ce
0x053DF0	4E75	rts		FUN_00053de4	
0x053DF2	302D10CE	move.w	(0x10ce,A5), D0w	FUN_00053df2	DATA:000010ce
0x053DF6	08C00009	bset.l	#0x9, D0	FUN_00053df2	
0x053DFA	3B4010CE	move.w	D0w, (0x10ce,A5)	FUN_00053df2	DATA:000010ce
0x053DFE	4E75	rts		FUN_00053df2	
0x053E00	302D10CE	move.w	(0x10ce,A5), D0w	FUN_00053e00	DATA:000010ce
0x053E04	08C00009	bset.l	#0x9, D0	FUN_00053e00	
0x053E08	3B4010CE	move.w	D0w, (0x10ce,A5)	FUN_00053e00	DATA:000010ce
0x053E0C	3B7C000810E8	move.w	#0x8, (0x10e8,A5)	FUN_00053e00	DATA:000010e8
0x053E12	600C	bra.b	0x00053e20	FUN_00053e00	UNCONDITIONAL_JUMP:00053e20
0x053E14	302D10CE	move.w	(0x10ce,A5), D0w		DATA:000010ce
0x053E18	08C00007	bset.l	#0x7, D0		
0x053E1C	3B4010CE	move.w	D0w, (0x10ce,A5)		DATA:000010ce
0x053E20	4E75	rts		FUN_00053e00	
0x054052	227C0010D1D2	movea.l	#0x10d1d2, A1	player_sprite_slot_init_54052	
0x054058	343C0006	move.w	#0x6, D2w	player_sprite_slot_init_54052	
0x05405C	32FC0003	move.w	#0x3, (A1)+	player_sprite_slot_init_54052	WRITE:0010d1d2;WRITE:0010d1da
0x054060	32FC0000	move.w	#0x0, (A1)+	player_sprite_slot_init_54052	WRITE:0010d1d4;WRITE:0010d1dc
0x054064	32FC0000	move.w	#0x0, (A1)+	player_sprite_slot_init_54052	WRITE:0010d1d6;WRITE:0010d1de
0x054068	32FC0000	move.w	#0x0, (A1)+	player_sprite_slot_init_54052	WRITE:0010d1d8;WRITE:0010d1e0
0x05406C	5342	subq.w	0x1, D2w	player_sprite_slot_init_54052	
0x05406E	66EC	bne.b	0x0005405c	player_sprite_slot_init_54052	CONDITIONAL_JUMP:0005405c
0x054070	343C0004	move.w	#0x4, D2w	player_sprite_slot_init_54052	
0x054074	227C0010D1B2	movea.l	#0x10d1b2, A1	player_sprite_slot_init_54052	
0x05407A	32FC0003	move.w	#0x3, (A1)+	player_sprite_slot_init_54052	WRITE:0010d1b2;WRITE:0010d1ba
0x05407E	32FC0000	move.w	#0x0, (A1)+	player_sprite_slot_init_54052	WRITE:0010d1b4;WRITE:0010d1bc
0x054082	32FC0000	move.w	#0x0, (A1)+	player_sprite_slot_init_54052	WRITE:0010d1b6;WRITE:0010d1be
0x054086	32FC0000	move.w	#0x0, (A1)+	player_sprite_slot_init_54052	WRITE:0010d1b8;WRITE:0010d1c0
0x05408A	5342	subq.w	0x1, D2w	player_sprite_slot_init_54052	
0x05408C	66EC	bne.b	0x0005407a	player_sprite_slot_init_54052	CONDITIONAL_JUMP:0005407a
0x05408E	227C0010D1F2	movea.l	#0x10d1f2, A1	player_sprite_slot_init_54052	
0x054094	343C0006	move.w	#0x6, D2w	player_sprite_slot_init_54052	
0x054098	32FC0003	move.w	#0x3, (A1)+	player_sprite_slot_init_54052	WRITE:0010d1f2;WRITE:0010d1fa
0x05409C	32FC0000	move.w	#0x0, (A1)+	player_sprite_slot_init_54052	WRITE:0010d1f4;WRITE:0010d1fc
0x0540A0	32FC0000	move.w	#0x0, (A1)+	player_sprite_slot_init_54052	WRITE:0010d1f6;WRITE:0010d1fe
0x0540A4	32FC0000	move.w	#0x0, (A1)+	player_sprite_slot_init_54052	WRITE:0010d1f8;WRITE:0010d200
0x0540A8	5342	subq.w	0x1, D2w	player_sprite_slot_init_54052	
0x0540AA	66EC	bne.b	0x00054098	player_sprite_slot_init_54052	CONDITIONAL_JUMP:00054098
0x0540AC	227C00D00000	movea.l	#0xd00000, A1	FUN_000540ac	
0x0540B2	343C0004	move.w	#0x4, D2w	FUN_000540ac	
0x0540B6	32FC0003	move.w	#0x3, (A1)+	FUN_000540ac	WRITE:00d00000;WRITE:00d00008
0x0540BA	32FC0000	move.w	#0x0, (A1)+	FUN_000540ac	WRITE:00d00002;WRITE:00d0000a
0x0540BE	32FC0000	move.w	#0x0, (A1)+	FUN_000540ac	WRITE:00d00004;WRITE:00d0000c
0x0540C2	32FC0000	move.w	#0x0, (A1)+	FUN_000540ac	WRITE:00d00006;WRITE:00d0000e
0x0540C6	5342	subq.w	0x1, D2w	FUN_000540ac	
0x0540C8	66EC	bne.b	0x000540b6	FUN_000540ac	CONDITIONAL_JUMP:000540b6
0x0540CA	4E75	rts		FUN_000540ac	
0x0540CC	302D10E8	move.w	(0x10e8,A5), D0w	player_body_constructor_540cc	DATA:000010e8
0x0540D0	0C400007	cmpi.w	#0x7, D0w	player_body_constructor_540cc	
0x0540D4	67000212	beq.w	0x000542e8	player_body_constructor_540cc	CONDITIONAL_JUMP:000542e8
0x0540D8	0C400008	cmpi.w	#0x8, D0w	player_body_constructor_540cc	
0x0540DC	6658	bne.b	0x00054136	player_body_constructor_540cc	CONDITIONAL_JUMP:00054136
0x0540DE	0C6D0002138C	cmpi.w	#0x2, (0x138c,A5)	player_body_constructor_540cc	DATA:0000138c
0x0540E4	6610	bne.b	0x000540f6	player_body_constructor_540cc	CONDITIONAL_JUMP:000540f6
0x0540E6	267C0005BBC0	movea.l	#0x5bbc0, A3	player_body_constructor_540cc	
0x0540EC	287C0005BC00	movea.l	#0x5bc00, A4	player_body_constructor_540cc	
0x0540F2	6000022C	bra.w	0x00054320	player_body_constructor_540cc	UNCONDITIONAL_JUMP:00054320
0x0540F6	0C6D0003138C	cmpi.w	#0x3, (0x138c,A5)	player_body_constructor_540cc	DATA:0000138c
0x0540FC	6610	bne.b	0x0005410e	player_body_constructor_540cc	CONDITIONAL_JUMP:0005410e
0x0540FE	267C0005BC40	movea.l	#0x5bc40, A3	player_body_constructor_540cc	
0x054104	287C0005BC80	movea.l	#0x5bc80, A4	player_body_constructor_540cc	
0x05410A	60000214	bra.w	0x00054320	player_body_constructor_540cc	UNCONDITIONAL_JUMP:00054320
0x05410E	0C6D0001138C	cmpi.w	#0x1, (0x138c,A5)	player_body_constructor_540cc	DATA:0000138c
0x054114	6610	bne.b	0x00054126	player_body_constructor_540cc	CONDITIONAL_JUMP:00054126
0x054116	267C0005BCC0	movea.l	#0x5bcc0, A3	player_body_constructor_540cc	
0x05411C	287C0005BD00	movea.l	#0x5bd00, A4	player_body_constructor_540cc	
0x054122	600001FC	bra.w	0x00054320	player_body_constructor_540cc	UNCONDITIONAL_JUMP:00054320
0x054126	267C0005BB40	movea.l	#0x5bb40, A3	player_body_constructor_540cc	
0x05412C	287C0005BB80	movea.l	#0x5bb80, A4	player_body_constructor_540cc	
0x054132	600001EC	bra.w	0x00054320	player_body_constructor_540cc	UNCONDITIONAL_JUMP:00054320
0x054136	0C400001	cmpi.w	#0x1, D0w	player_body_constructor_540cc	
0x05413A	664C	bne.b	0x00054188	player_body_constructor_540cc	CONDITIONAL_JUMP:00054188
0x05413C	0C6D000112F0	cmpi.w	#0x1, (0x12f0,A5)	player_body_constructor_540cc	DATA:000012f0
0x054142	6700001E	beq.w	0x00054162	player_body_constructor_540cc	CONDITIONAL_JUMP:00054162
0x054146	0C6D0002111A	cmpi.w	#0x2, (0x111a,A5)	player_body_constructor_540cc	DATA:0000111a
0x05414C	6724	beq.b	0x00054172	player_body_constructor_540cc	CONDITIONAL_JUMP:00054172
0x05414E	247C0005B6A0	movea.l	#0x5b6a0, A2	player_body_constructor_540cc	
0x054154	267C0005B640	movea.l	#0x5b640, A3	player_body_constructor_540cc	
0x05415A	287C0005B660	movea.l	#0x5b660, A4	player_body_constructor_540cc	
0x054160	6022	bra.b	0x00054184	player_body_constructor_540cc	UNCONDITIONAL_JUMP:00054184
0x054162	267C0005B6D0	movea.l	#0x5b6d0, A3	player_body_constructor_540cc	
0x054168	287C0005B6F8	movea.l	#0x5b6f8, A4	player_body_constructor_540cc	
0x05416E	600001B0	bra.w	0x00054320	player_body_constructor_540cc	UNCONDITIONAL_JUMP:00054320
0x054172	247C0005B6A0	movea.l	#0x5b6a0, A2	player_body_constructor_540cc	
0x054178	267C0005B640	movea.l	#0x5b640, A3	player_body_constructor_540cc	
0x05417E	287C0005B680	movea.l	#0x5b680, A4	player_body_constructor_540cc	
0x054184	6000019A	bra.w	0x00054320	player_body_constructor_540cc	UNCONDITIONAL_JUMP:00054320
0x054188	0C400002	cmpi.w	#0x2, D0w	player_body_constructor_540cc	
0x05418C	6630	bne.b	0x000541be	player_body_constructor_540cc	CONDITIONAL_JUMP:000541be
0x05418E	0C6D000112F0	cmpi.w	#0x1, (0x12f0,A5)	player_body_constructor_540cc	DATA:000012f0
0x054194	67000018	beq.w	0x000541ae	player_body_constructor_540cc	CONDITIONAL_JUMP:000541ae
0x054198	247C0005B6A0	movea.l	#0x5b6a0, A2	player_body_constructor_540cc	
0x05419E	267C0005B720	movea.l	#0x5b720, A3	player_body_constructor_540cc	
0x0541A4	287C0005B740	movea.l	#0x5b740, A4	player_body_constructor_540cc	
0x0541AA	60000174	bra.w	0x00054320	player_body_constructor_540cc	UNCONDITIONAL_JUMP:00054320
0x0541AE	267C0005B778	movea.l	#0x5b778, A3	player_body_constructor_540cc	
0x0541B4	287C0005B7A0	movea.l	#0x5b7a0, A4	player_body_constructor_540cc	
0x0541BA	60000164	bra.w	0x00054320	player_body_constructor_540cc	UNCONDITIONAL_JUMP:00054320
0x0541BE	0C400003	cmpi.w	#0x3, D0w	player_body_constructor_540cc	
0x0541C2	6630	bne.b	0x000541f4	player_body_constructor_540cc	CONDITIONAL_JUMP:000541f4
0x0541C4	0C6D000112F0	cmpi.w	#0x1, (0x12f0,A5)	player_body_constructor_540cc	DATA:000012f0
0x0541CA	67000018	beq.w	0x000541e4	player_body_constructor_540cc	CONDITIONAL_JUMP:000541e4
0x0541CE	247C0005B6A0	movea.l	#0x5b6a0, A2	player_body_constructor_540cc	
0x0541D4	267C0005B7C8	movea.l	#0x5b7c8, A3	player_body_constructor_540cc	
0x0541DA	287C0005B7E8	movea.l	#0x5b7e8, A4	player_body_constructor_540cc	
0x0541E0	6000013E	bra.w	0x00054320	player_body_constructor_540cc	UNCONDITIONAL_JUMP:00054320
0x0541E4	267C0005B818	movea.l	#0x5b818, A3	player_body_constructor_540cc	
0x0541EA	287C0005B840	movea.l	#0x5b840, A4	player_body_constructor_540cc	
0x0541F0	6000012E	bra.w	0x00054320	player_body_constructor_540cc	UNCONDITIONAL_JUMP:00054320
0x0541F4	0C400004	cmpi.w	#0x4, D0w	player_body_constructor_540cc	
0x0541F8	6630	bne.b	0x0005422a	player_body_constructor_540cc	CONDITIONAL_JUMP:0005422a
0x0541FA	0C6D000112F0	cmpi.w	#0x1, (0x12f0,A5)	player_body_constructor_540cc	DATA:000012f0
0x054200	67000018	beq.w	0x0005421a	player_body_constructor_540cc	CONDITIONAL_JUMP:0005421a
0x054204	247C0005B8A8	movea.l	#0x5b8a8, A2	player_body_constructor_540cc	
0x05420A	267C0005B868	movea.l	#0x5b868, A3	player_body_constructor_540cc	
0x054210	287C0005B888	movea.l	#0x5b888, A4	player_body_constructor_540cc	
0x054216	60000108	bra.w	0x00054320	player_body_constructor_540cc	UNCONDITIONAL_JUMP:00054320
0x05421A	267C0005B8D8	movea.l	#0x5b8d8, A3	player_body_constructor_540cc	
0x054220	287C0005B900	movea.l	#0x5b900, A4	player_body_constructor_540cc	
0x054226	600000F8	bra.w	0x00054320	player_body_constructor_540cc	UNCONDITIONAL_JUMP:00054320
0x05422A	0C400005	cmpi.w	#0x5, D0w	player_body_constructor_540cc	
0x05422E	6630	bne.b	0x00054260	player_body_constructor_540cc	CONDITIONAL_JUMP:00054260
0x054230	0C6D000112F0	cmpi.w	#0x1, (0x12f0,A5)	player_body_constructor_540cc	DATA:000012f0
0x054236	67000018	beq.w	0x00054250	player_body_constructor_540cc	CONDITIONAL_JUMP:00054250
0x05423A	247C0005B978	movea.l	#0x5b978, A2	player_body_constructor_540cc	
0x054240	267C0005B928	movea.l	#0x5b928, A3	player_body_constructor_540cc	
0x054246	287C0005B948	movea.l	#0x5b948, A4	player_body_constructor_540cc	
0x05424C	600000D2	bra.w	0x00054320	player_body_constructor_540cc	UNCONDITIONAL_JUMP:00054320
0x054250	267C0005B9A8	movea.l	#0x5b9a8, A3	player_body_constructor_540cc	
0x054256	287C0005B9D0	movea.l	#0x5b9d0, A4	player_body_constructor_540cc	
0x05425C	600000C2	bra.w	0x00054320	player_body_constructor_540cc	UNCONDITIONAL_JUMP:00054320
0x054260	0C400006	cmpi.w	#0x6, D0w	player_body_constructor_540cc	
0x054264	6630	bne.b	0x00054296	player_body_constructor_540cc	CONDITIONAL_JUMP:00054296
0x054266	0C6D000112F0	cmpi.w	#0x1, (0x12f0,A5)	player_body_constructor_540cc	DATA:000012f0
0x05426C	67000018	beq.w	0x00054286	player_body_constructor_540cc	CONDITIONAL_JUMP:00054286
0x054270	247C0005B8A8	movea.l	#0x5b8a8, A2	player_body_constructor_540cc	
0x054276	267C0005B868	movea.l	#0x5b868, A3	player_body_constructor_540cc	
0x05427C	287C0005B888	movea.l	#0x5b888, A4	player_body_constructor_540cc	
0x054282	6000009C	bra.w	0x00054320	player_body_constructor_540cc	UNCONDITIONAL_JUMP:00054320
0x054286	267C0005B8D8	movea.l	#0x5b8d8, A3	player_body_constructor_540cc	
0x05428C	287C0005B900	movea.l	#0x5b900, A4	player_body_constructor_540cc	
0x054292	6000008C	bra.w	0x00054320	player_body_constructor_540cc	UNCONDITIONAL_JUMP:00054320
0x054296	0C400009	cmpi.w	#0x9, D0w	player_body_constructor_540cc	
0x05429A	6616	bne.b	0x000542b2	player_body_constructor_540cc	CONDITIONAL_JUMP:000542b2
0x05429C	247C0005BA38	movea.l	#0x5ba38, A2	player_body_constructor_540cc	
0x0542A2	267C0005B9F8	movea.l	#0x5b9f8, A3	player_body_constructor_540cc	
0x0542A8	287C0005BA00	movea.l	#0x5ba00, A4	player_body_constructor_540cc	
0x0542AE	60000070	bra.w	0x00054320	player_body_constructor_540cc	UNCONDITIONAL_JUMP:00054320
0x0542B2	0C400000	cmpi.w	#0x0, D0w	player_body_constructor_540cc	
0x0542B6	6668	bne.b	0x00054320	player_body_constructor_540cc	CONDITIONAL_JUMP:00054320
0x0542B8	0C6D000112F0	cmpi.w	#0x1, (0x12f0,A5)	player_body_constructor_540cc	DATA:000012f0
0x0542BE	67000018	beq.w	0x000542d8	player_body_constructor_540cc	CONDITIONAL_JUMP:000542d8
0x0542C2	247C0005B6A0	movea.l	#0x5b6a0, A2	player_body_constructor_540cc	
0x0542C8	267C0005BA70	movea.l	#0x5ba70, A3	player_body_constructor_540cc	
0x0542CE	287C0005BA78	movea.l	#0x5ba78, A4	player_body_constructor_540cc	
0x0542D4	6000004A	bra.w	0x00054320	player_body_constructor_540cc	UNCONDITIONAL_JUMP:00054320
0x0542D8	267C0005BAB0	movea.l	#0x5bab0, A3	player_body_constructor_540cc	
0x0542DE	287C0005BAC8	movea.l	#0x5bac8, A4	player_body_constructor_540cc	
0x0542E4	6000003A	bra.w	0x00054320	player_body_constructor_540cc	UNCONDITIONAL_JUMP:00054320
0x0542E8	227C0010D1D2	movea.l	#0x10d1d2, A1	player_body_constructor_540cc	
0x0542EE	343C0018	move.w	#0x18, D2w	player_body_constructor_540cc	
0x0542F2	32FC0000	move.w	#0x0, (A1)+	player_body_constructor_540cc	WRITE:0010d1d2;WRITE:0010d1d4
0x0542F6	5342	subq.w	0x1, D2w	player_body_constructor_540cc	
0x0542F8	66F8	bne.b	0x000542f2	player_body_constructor_540cc	CONDITIONAL_JUMP:000542f2
0x0542FA	227C0010D1F2	movea.l	#0x10d1f2, A1	player_body_constructor_540cc	
0x054300	343C0018	move.w	#0x18, D2w	player_body_constructor_540cc	
0x054304	32FC0000	move.w	#0x0, (A1)+	player_body_constructor_540cc	WRITE:0010d1f2;WRITE:0010d1f4
0x054308	5342	subq.w	0x1, D2w	player_body_constructor_540cc	
0x05430A	66F8	bne.b	0x00054304	player_body_constructor_540cc	CONDITIONAL_JUMP:00054304
0x05430C	227C0010D1B2	movea.l	#0x10d1b2, A1	player_body_constructor_540cc	
0x054312	343C0010	move.w	#0x10, D2w	player_body_constructor_540cc	
0x054316	32FC0000	move.w	#0x0, (A1)+	player_body_constructor_540cc	WRITE:0010d1b2;WRITE:0010d1b4
0x05431A	5342	subq.w	0x1, D2w	player_body_constructor_540cc	
0x05431C	66F8	bne.b	0x00054316	player_body_constructor_540cc	CONDITIONAL_JUMP:00054316
0x05431E	6004	bra.b	0x00054324	player_body_constructor_540cc	UNCONDITIONAL_JUMP:00054324
0x054320	61000004	bsr.w	0x00054326	player_body_constructor_540cc	UNCONDITIONAL_CALL:00054326
0x054324	4E75	rts		player_body_constructor_540cc	
0x054326	0C6D000810E8	cmpi.w	#0x8, (0x10e8,A5)	FUN_00054326	DATA:000010e8
0x05432C	6748	beq.b	0x00054376	FUN_00054326	CONDITIONAL_JUMP:00054376
0x05432E	0C6D000910E8	cmpi.w	#0x9, (0x10e8,A5)	FUN_00054326	DATA:000010e8
0x054334	6708	beq.b	0x0005433e	FUN_00054326	CONDITIONAL_JUMP:0005433e
0x054336	0C6D000112F0	cmpi.w	#0x1, (0x12f0,A5)	FUN_00054326	DATA:000012f0
0x05433C	6720	beq.b	0x0005435e	FUN_00054326	CONDITIONAL_JUMP:0005435e
0x05433E	0C6D00011108	cmpi.w	#0x1, (0x1108,A5)	FUN_00054326	DATA:00001108
0x054344	6748	beq.b	0x0005438e	FUN_00054326	CONDITIONAL_JUMP:0005438e
0x054346	302D10EA	move.w	(0x10ea,A5), D0w	FUN_00054326	DATA:000010ea
0x05434A	41F30000	lea	(0x0,A3,D0w*0x1), A0	FUN_00054326	
0x05434E	4240	clr.w	D0w	FUN_00054326	
0x054350	1010	move.b	(A0), D0b	FUN_00054326	
0x054352	3B401244	move.w	D0w, (0x1244,A5)	FUN_00054326	DATA:00001244
0x054356	6100013A	bsr.w	0x00054492	FUN_00054326	UNCONDITIONAL_CALL:00054492
0x05435A	6000006E	bra.w	0x000543ca	FUN_00054326	UNCONDITIONAL_JUMP:000543ca
0x05435E	302D12F2	move.w	(0x12f2,A5), D0w	FUN_00054326	DATA:000012f2
0x054362	41F30000	lea	(0x0,A3,D0w*0x1), A0	FUN_00054326	
0x054366	4240	clr.w	D0w	FUN_00054326	
0x054368	1010	move.b	(A0), D0b	FUN_00054326	
0x05436A	3B401244	move.w	D0w, (0x1244,A5)	FUN_00054326	DATA:00001244
0x05436E	61000122	bsr.w	0x00054492	FUN_00054326	UNCONDITIONAL_CALL:00054492
0x054372	60000056	bra.w	0x000543ca	FUN_00054326	UNCONDITIONAL_JUMP:000543ca
0x054376	302D12F4	move.w	(0x12f4,A5), D0w	FUN_00054326	DATA:000012f4
0x05437A	41F30000	lea	(0x0,A3,D0w*0x1), A0	FUN_00054326	
0x05437E	4240	clr.w	D0w	FUN_00054326	
0x054380	1010	move.b	(A0), D0b	FUN_00054326	
0x054382	3B401244	move.w	D0w, (0x1244,A5)	FUN_00054326	DATA:00001244
0x054386	6100010A	bsr.w	0x00054492	FUN_00054326	UNCONDITIONAL_CALL:00054492
0x05438A	6000003E	bra.w	0x000543ca	FUN_00054326	UNCONDITIONAL_JUMP:000543ca
0x05438E	0C6D00041116	cmpi.w	#0x4, (0x1116,A5)	FUN_00054326	DATA:00001116
0x054394	671E	beq.b	0x000543b4	FUN_00054326	CONDITIONAL_JUMP:000543b4
0x054396	0C6D000510E8	cmpi.w	#0x5, (0x10e8,A5)	FUN_00054326	DATA:000010e8
0x05439C	67A8	beq.b	0x00054346	FUN_00054326	CONDITIONAL_JUMP:00054346
0x05439E	0C6D00001116	cmpi.w	#0x0, (0x1116,A5)	FUN_00054326	DATA:00001116
0x0543A4	6608	bne.b	0x000543ae	FUN_00054326	CONDITIONAL_JUMP:000543ae
0x0543A6	247C0005BAE0	movea.l	#0x5bae0, A2	FUN_00054326	
0x0543AC	6006	bra.b	0x000543b4	FUN_00054326	UNCONDITIONAL_JUMP:000543b4
0x0543AE	247C0005BB10	movea.l	#0x5bb10, A2	FUN_00054326	
0x0543B4	302D110A	move.w	(0x110a,A5), D0w	FUN_00054326	DATA:0000110a
0x0543B8	E348	lsl.w	#0x1, D0w	FUN_00054326	
0x0543BA	41F20000	lea	(0x0,A2,D0w*0x1), A0	FUN_00054326	
0x0543BE	4240	clr.w	D0w	FUN_00054326	
0x0543C0	1010	move.b	(A0), D0b	FUN_00054326	DATA:0005bae0;DATA:0005bb10
0x0543C2	3B401244	move.w	D0w, (0x1244,A5)	FUN_00054326	DATA:00001244
0x0543C6	610000CA	bsr.w	0x00054492	FUN_00054326	UNCONDITIONAL_CALL:00054492
0x0543CA	0C6D000810E8	cmpi.w	#0x8, (0x10e8,A5)	FUN_00054326	DATA:000010e8
0x0543D0	6700008C	beq.w	0x0005445e	FUN_00054326	CONDITIONAL_JUMP:0005445e
0x0543D4	0C6D000910E8	cmpi.w	#0x9, (0x10e8,A5)	FUN_00054326	DATA:000010e8
0x0543DA	670A	beq.b	0x000543e6	FUN_00054326	CONDITIONAL_JUMP:000543e6
0x0543DC	0C6D000112F0	cmpi.w	#0x1, (0x12f0,A5)	FUN_00054326	DATA:000012f0
0x0543E2	67000060	beq.w	0x00054444	FUN_00054326	CONDITIONAL_JUMP:00054444
0x0543E6	0C6D000510E8	cmpi.w	#0x5, (0x10e8,A5)	FUN_00054326	DATA:000010e8
0x0543EC	6610	bne.b	0x000543fe	FUN_00054326	CONDITIONAL_JUMP:000543fe
0x0543EE	0C6D00011116	cmpi.w	#0x1, (0x1116,A5)	FUN_00054326	DATA:00001116
0x0543F4	6708	beq.b	0x000543fe	FUN_00054326	CONDITIONAL_JUMP:000543fe
0x0543F6	0C6D00011108	cmpi.w	#0x1, (0x1108,A5)	FUN_00054326	DATA:00001108
0x0543FC	677A	beq.b	0x00054478	FUN_00054326	CONDITIONAL_JUMP:00054478
0x0543FE	0C6D000210E8	cmpi.w	#0x2, (0x10e8,A5)	FUN_00054326	DATA:000010e8
0x054404	6714	beq.b	0x0005441a	FUN_00054326	CONDITIONAL_JUMP:0005441a
0x054406	0C6D000310E8	cmpi.w	#0x3, (0x10e8,A5)	FUN_00054326	DATA:000010e8
0x05440C	670C	beq.b	0x0005441a	FUN_00054326	CONDITIONAL_JUMP:0005441a
0x05440E	0C6D000010E8	cmpi.w	#0x0, (0x10e8,A5)	FUN_00054326	DATA:000010e8
0x054414	6704	beq.b	0x0005441a	FUN_00054326	CONDITIONAL_JUMP:0005441a
0x054416	6702	beq.b	0x0005441a	FUN_00054326	CONDITIONAL_JUMP:0005441a
0x054418	6010	bra.b	0x0005442a	FUN_00054326	UNCONDITIONAL_JUMP:0005442a
0x05441A	0C6D00011108	cmpi.w	#0x1, (0x1108,A5)	FUN_00054326	DATA:00001108
0x054420	6608	bne.b	0x0005442a	FUN_00054326	CONDITIONAL_JUMP:0005442a
0x054422	0C6D00011116	cmpi.w	#0x1, (0x1116,A5)	FUN_00054326	DATA:00001116
0x054428	674E	beq.b	0x00054478	FUN_00054326	CONDITIONAL_JUMP:00054478
0x05442A	302D10EA	move.w	(0x10ea,A5), D0w	FUN_00054326	DATA:000010ea
0x05442E	41F40000	lea	(0x0,A4,D0w*0x1), A0	FUN_00054326	
0x054432	4240	clr.w	D0w	FUN_00054326	
0x054434	10280000	move.b	(0x0,A0), D0b	FUN_00054326	
0x054438	3B401246	move.w	D0w, (0x1246,A5)	FUN_00054326	DATA:00001246
0x05443C	6100026A	bsr.w	0x000546a8	FUN_00054326	UNCONDITIONAL_CALL:000546a8
0x054440	6000004E	bra.w	0x00054490	FUN_00054326	UNCONDITIONAL_JUMP:00054490
0x054444	302D12F2	move.w	(0x12f2,A5), D0w	FUN_00054326	DATA:000012f2
0x054448	41F40000	lea	(0x0,A4,D0w*0x1), A0	FUN_00054326	
0x05444C	4240	clr.w	D0w	FUN_00054326	
0x05444E	10280000	move.b	(0x0,A0), D0b	FUN_00054326	
0x054452	3B401246	move.w	D0w, (0x1246,A5)	FUN_00054326	DATA:00001246
0x054456	61000250	bsr.w	0x000546a8	FUN_00054326	UNCONDITIONAL_CALL:000546a8
0x05445A	60000034	bra.w	0x00054490	FUN_00054326	UNCONDITIONAL_JUMP:00054490
0x05445E	302D12F4	move.w	(0x12f4,A5), D0w	FUN_00054326	DATA:000012f4
0x054462	41F40000	lea	(0x0,A4,D0w*0x1), A0	FUN_00054326	
0x054466	4240	clr.w	D0w	FUN_00054326	
0x054468	10280000	move.b	(0x0,A0), D0b	FUN_00054326	
0x05446C	3B401246	move.w	D0w, (0x1246,A5)	FUN_00054326	DATA:00001246
0x054470	61000236	bsr.w	0x000546a8	FUN_00054326	UNCONDITIONAL_CALL:000546a8
0x054474	6000001A	bra.w	0x00054490	FUN_00054326	UNCONDITIONAL_JUMP:00054490
0x054478	302D110A	move.w	(0x110a,A5), D0w	FUN_00054326	DATA:0000110a
0x05447C	E348	lsl.w	#0x1, D0w	FUN_00054326	
0x05447E	41F40000	lea	(0x0,A4,D0w*0x1), A0	FUN_00054326	
0x054482	4240	clr.w	D0w	FUN_00054326	
0x054484	10280000	move.b	(0x0,A0), D0b	FUN_00054326	
0x054488	3B401246	move.w	D0w, (0x1246,A5)	FUN_00054326	DATA:00001246
0x05448C	6100021A	bsr.w	0x000546a8	FUN_00054326	UNCONDITIONAL_CALL:000546a8
0x054490	4E75	rts		FUN_00054326	
0x054492	227C0010D1D2	movea.l	#0x10d1d2, A1	FUN_00054492	
0x054498	207C0005BD40	movea.l	#0x5bd40, A0	FUN_00054492	
0x05449E	302D1244	move.w	(0x1244,A5), D0w	FUN_00054492	DATA:00001244
0x0544A2	0C6D000910E8	cmpi.w	#0x9, (0x10e8,A5)	FUN_00054492	DATA:000010e8
0x0544A8	660A	bne.b	0x000544b4	FUN_00054492	CONDITIONAL_JUMP:000544b4
0x0544AA	0C6D00031114	cmpi.w	#0x3, (0x1114,A5)	FUN_00054492	DATA:00001114
0x0544B0	6602	bne.b	0x000544b4	FUN_00054492	CONDITIONAL_JUMP:000544b4
0x0544B2	5340	subq.w	0x1, D0w	FUN_00054492	
0x0544B4	E348	lsl.w	#0x1, D0w	FUN_00054492	
0x0544B6	41F00000	lea	(0x0,A0,D0w*0x1), A0	FUN_00054492	
0x0544BA	3010	move.w	(A0), D0w	FUN_00054492	DATA:0005bd40
0x0544BC	207C0005BD40	movea.l	#0x5bd40, A0	FUN_00054492	
0x0544C2	D0C0	adda.w	D0w, A0	FUN_00054492	
0x0544C4	343C0004	move.w	#0x4, D2w	FUN_00054492	
0x0544C8	3010	move.w	(A0), D0w	FUN_00054492	DATA:0005bd40
0x0544CA	0C400000	cmpi.w	#0x0, D0w	FUN_00054492	
0x0544CE	6612	bne.b	0x000544e2	FUN_00054492	CONDITIONAL_JUMP:000544e2
0x0544D0	32FC0003	move.w	#0x3, (A1)+	FUN_00054492	WRITE:0010d1d2;WRITE:0010d1da
0x0544D4	32FC0000	move.w	#0x0, (A1)+	FUN_00054492	WRITE:0010d1d4;WRITE:0010d1dc
0x0544D8	32FC0000	move.w	#0x0, (A1)+	FUN_00054492	WRITE:0010d1d6;WRITE:0010d1de
0x0544DC	32FC0000	move.w	#0x0, (A1)+	FUN_00054492	WRITE:0010d1d8;WRITE:0010d1e0
0x0544E0	6050	bra.b	0x00054532	FUN_00054492	UNCONDITIONAL_JUMP:00054532
0x0544E2	30280004	move.w	(0x4,A0), D0w	FUN_00054492	DATA:0005bd44
0x0544E6	0C6D00021114	cmpi.w	#0x2, (0x1114,A5)	FUN_00054492	DATA:00001114
0x0544EC	6704	beq.b	0x000544f2	FUN_00054492	CONDITIONAL_JUMP:000544f2
0x0544EE	00404000	ori.w	#0x4000, D0w	FUN_00054492	
0x0544F2	32C0	move.w	D0w, (A1)+	FUN_00054492	WRITE:0010d1da
0x0544F4	10280003	move.b	(0x3,A0), D0b	FUN_00054492	DATA:0005bd43
0x0544F8	4880	ext.w	D0w	FUN_00054492	
0x0544FA	D06D10C0	add.w	(0x10c0,A5), D0w	FUN_00054492	DATA:000010c0
0x0544FE	5240	addq.w	0x1, D0w	FUN_00054492	
0x054500	024001FF	andi.w	#0x1ff, D0w	FUN_00054492	
0x054504	32C0	move.w	D0w, (A1)+	FUN_00054492	WRITE:0010d1dc
0x054506	3010	move.w	(A0), D0w	FUN_00054492	DATA:0005bd40
0x054508	32E80000	move.w	(0x0,A0), (A1)+	FUN_00054492	DATA:0005bd40;WRITE:0010d1de
0x05450C	10280002	move.b	(0x2,A0), D0b	FUN_00054492	DATA:0005bd42
0x054510	4880	ext.w	D0w	FUN_00054492	
0x054512	0C6D00021114	cmpi.w	#0x2, (0x1114,A5)	FUN_00054492	DATA:00001114
0x054518	670A	beq.b	0x00054524	FUN_00054492	CONDITIONAL_JUMP:00054524
0x05451A	0A40FFFF	eori.w	#-0x1, D0w	FUN_00054492	
0x05451E	5240	addq.w	0x1, D0w	FUN_00054492	
0x054520	04400010	subi.w	#0x10, D0w	FUN_00054492	
0x054524	D06D10BE	add.w	(0x10be,A5), D0w	FUN_00054492	DATA:000010be
0x054528	024001FF	andi.w	#0x1ff, D0w	FUN_00054492	
0x05452C	32C0	move.w	D0w, (A1)+	FUN_00054492	WRITE:0010d1e0
0x05452E	D0FC0006	adda.w	#0x6, A0	FUN_00054492	
0x054532	5342	subq.w	0x1, D2w	FUN_00054492	
0x054534	6692	bne.b	0x000544c8	FUN_00054492	CONDITIONAL_JUMP:000544c8
0x054536	0C6D000112FA	cmpi.w	#0x1, (0x12fa,A5)	FUN_00054492	DATA:000012fa
0x05453C	6608	bne.b	0x00054546	FUN_00054492	CONDITIONAL_JUMP:00054546
0x05453E	207C0005CD8A	movea.l	#0x5cd8a, A0	FUN_00054492	
0x054544	6052	bra.b	0x00054598	FUN_00054492	UNCONDITIONAL_JUMP:00054598
0x054546	0C6D000412FA	cmpi.w	#0x4, (0x12fa,A5)	FUN_00054492	DATA:000012fa
0x05454C	6608	bne.b	0x00054556	FUN_00054492	CONDITIONAL_JUMP:00054556
0x05454E	207C0005D068	movea.l	#0x5d068, A0	FUN_00054492	
0x054554	6042	bra.b	0x00054598	FUN_00054492	UNCONDITIONAL_JUMP:00054598
0x054556	0C6D000212FA	cmpi.w	#0x2, (0x12fa,A5)	FUN_00054492	DATA:000012fa
0x05455C	6608	bne.b	0x00054566	FUN_00054492	CONDITIONAL_JUMP:00054566
0x05455E	207C0005D346	movea.l	#0x5d346, A0	FUN_00054492	
0x054564	6032	bra.b	0x00054598	FUN_00054492	UNCONDITIONAL_JUMP:00054598
0x054566	0C6D000312FA	cmpi.w	#0x3, (0x12fa,A5)	FUN_00054492	DATA:000012fa
0x05456C	6608	bne.b	0x00054576	FUN_00054492	CONDITIONAL_JUMP:00054576
0x05456E	207C0005D666	movea.l	#0x5d666, A0	FUN_00054492	
0x054574	6022	bra.b	0x00054598	FUN_00054492	UNCONDITIONAL_JUMP:00054598
0x054576	343C0004	move.w	#0x4, D2w	FUN_00054492	
0x05457A	227C0010D1B2	movea.l	#0x10d1b2, A1	FUN_00054492	
0x054580	32FC0003	move.w	#0x3, (A1)+	FUN_00054492	WRITE:0010d1b2;WRITE:0010d1ba
0x054584	32FC0000	move.w	#0x0, (A1)+	FUN_00054492	WRITE:0010d1b4;WRITE:0010d1bc
0x054588	32FC0000	move.w	#0x0, (A1)+	FUN_00054492	WRITE:0010d1b6;WRITE:0010d1be
0x05458C	32FC0000	move.w	#0x0, (A1)+	FUN_00054492	WRITE:0010d1b8;WRITE:0010d1c0
0x054590	5342	subq.w	0x1, D2w	FUN_00054492	
0x054592	66EC	bne.b	0x00054580	FUN_00054492	CONDITIONAL_JUMP:00054580
0x054594	600000C0	bra.w	0x00054656	FUN_00054492	UNCONDITIONAL_JUMP:00054656
0x054598	2248	movea.l	A0, A1	FUN_00054492	
0x05459A	302D1244	move.w	(0x1244,A5), D0w	FUN_00054492	DATA:00001244
0x05459E	0C6D000910E8	cmpi.w	#0x9, (0x10e8,A5)	FUN_00054492	DATA:000010e8
0x0545A4	660A	bne.b	0x000545b0	FUN_00054492	CONDITIONAL_JUMP:000545b0
0x0545A6	0C6D00031114	cmpi.w	#0x3, (0x1114,A5)	FUN_00054492	DATA:00001114
0x0545AC	6602	bne.b	0x000545b0	FUN_00054492	CONDITIONAL_JUMP:000545b0
0x0545AE	5340	subq.w	0x1, D0w	FUN_00054492	
0x0545B0	E348	lsl.w	#0x1, D0w	FUN_00054492	
0x0545B2	43F10000	lea	(0x0,A1,D0w*0x1), A1	FUN_00054492	
0x0545B6	3011	move.w	(A1), D0w	FUN_00054492	DATA:0005cd8a;DATA:0005d068;DATA:0005d346;DATA:0005d666
0x0545B8	D0C0	adda.w	D0w, A0	FUN_00054492	
0x0545BA	227C0010D1B2	movea.l	#0x10d1b2, A1	FUN_00054492	
0x0545C0	343C0004	move.w	#0x4, D2w	FUN_00054492	
0x0545C4	3010	move.w	(A0), D0w	FUN_00054492	DATA:0005cd8a;DATA:0005d068;DATA:0005d346;DATA:0005d666
0x0545C6	0C400000	cmpi.w	#0x0, D0w	FUN_00054492	
0x0545CA	6612	bne.b	0x000545de	FUN_00054492	CONDITIONAL_JUMP:000545de
0x0545CC	32FC0003	move.w	#0x3, (A1)+	FUN_00054492	WRITE:0010d1b2;WRITE:0010d1ba
0x0545D0	32FC0000	move.w	#0x0, (A1)+	FUN_00054492	WRITE:0010d1b4;WRITE:0010d1bc
0x0545D4	32FC0000	move.w	#0x0, (A1)+	FUN_00054492	WRITE:0010d1b6;WRITE:0010d1be
0x0545D8	32FC0000	move.w	#0x0, (A1)+	FUN_00054492	WRITE:0010d1b8;WRITE:0010d1c0
0x0545DC	6072	bra.b	0x00054650	FUN_00054492	UNCONDITIONAL_JUMP:00054650
0x0545DE	30280004	move.w	(0x4,A0), D0w	FUN_00054492	DATA:0005cd8e
0x0545E2	0C6D00021114	cmpi.w	#0x2, (0x1114,A5)	FUN_00054492	DATA:00001114
0x0545E8	6704	beq.b	0x000545ee	FUN_00054492	CONDITIONAL_JUMP:000545ee
0x0545EA	00404000	ori.w	#0x4000, D0w	FUN_00054492	
0x0545EE	32C0	move.w	D0w, (A1)+	FUN_00054492	WRITE:0010d1ba
0x0545F0	10280003	move.b	(0x3,A0), D0b	FUN_00054492	DATA:0005cd8d
0x0545F4	4880	ext.w	D0w	FUN_00054492	
0x0545F6	D06D10C0	add.w	(0x10c0,A5), D0w	FUN_00054492	DATA:000010c0
0x0545FA	5240	addq.w	0x1, D0w	FUN_00054492	
0x0545FC	024001FF	andi.w	#0x1ff, D0w	FUN_00054492	
0x054600	32C0	move.w	D0w, (A1)+	FUN_00054492	WRITE:0010d1bc
0x054602	322D1308	move.w	(0x1308,A5), D1w	FUN_00054492	DATA:00001308
0x054606	E249	lsr.w	#0x1, D1w	FUN_00054492	
0x054608	02410003	andi.w	#0x3, D1w	FUN_00054492	
0x05460C	E349	lsl.w	#0x1, D1w	FUN_00054492	
0x05460E	3010	move.w	(A0), D0w	FUN_00054492	DATA:0005cd8a
0x054610	0C40046E	cmpi.w	#0x46e, D0w	FUN_00054492	
0x054614	6742	beq.b	0x00054658	FUN_00054492	CONDITIONAL_JUMP:00054658
0x054616	0C40046F	cmpi.w	#0x46f, D0w	FUN_00054492	
0x05461A	6748	beq.b	0x00054664	FUN_00054492	CONDITIONAL_JUMP:00054664
0x05461C	0C40047B	cmpi.w	#0x47b, D0w	FUN_00054492	
0x054620	674E	beq.b	0x00054670	FUN_00054492	CONDITIONAL_JUMP:00054670
0x054622	0C40047C	cmpi.w	#0x47c, D0w	FUN_00054492	
0x054626	6754	beq.b	0x0005467c	FUN_00054492	CONDITIONAL_JUMP:0005467c
0x054628	32C0	move.w	D0w, (A1)+	FUN_00054492	WRITE:0010d1be
0x05462A	10280002	move.b	(0x2,A0), D0b	FUN_00054492	DATA:0005cd8c
0x05462E	4880	ext.w	D0w	FUN_00054492	
0x054630	0C6D00021114	cmpi.w	#0x2, (0x1114,A5)	FUN_00054492	DATA:00001114
0x054636	670A	beq.b	0x00054642	FUN_00054492	CONDITIONAL_JUMP:00054642
0x054638	0A40FFFF	eori.w	#-0x1, D0w	FUN_00054492	
0x05463C	5240	addq.w	0x1, D0w	FUN_00054492	
0x05463E	04400010	subi.w	#0x10, D0w	FUN_00054492	
0x054642	D06D10BE	add.w	(0x10be,A5), D0w	FUN_00054492	DATA:000010be
0x054646	024001FF	andi.w	#0x1ff, D0w	FUN_00054492	
0x05464A	32C0	move.w	D0w, (A1)+	FUN_00054492	WRITE:0010d1c0
0x05464C	D0FC0006	adda.w	#0x6, A0	FUN_00054492	
0x054650	5342	subq.w	0x1, D2w	FUN_00054492	
0x054652	6600FF70	bne.w	0x000545c4	FUN_00054492	CONDITIONAL_JUMP:000545c4
0x054656	4E75	rts		FUN_00054492	
0x054658	247C00054688	movea.l	#0x54688, A2	FUN_00054492	
0x05465E	D4C1	adda.w	D1w, A2	FUN_00054492	
0x054660	3012	move.w	(A2), D0w	FUN_00054492	DATA:00054688
0x054662	60C4	bra.b	0x00054628	FUN_00054492	UNCONDITIONAL_JUMP:00054628
0x054664	247C00054690	movea.l	#0x54690, A2	FUN_00054492	
0x05466A	D4C1	adda.w	D1w, A2	FUN_00054492	
0x05466C	3012	move.w	(A2), D0w	FUN_00054492	DATA:00054690
0x05466E	60B8	bra.b	0x00054628	FUN_00054492	UNCONDITIONAL_JUMP:00054628
0x054670	247C00054698	movea.l	#0x54698, A2	FUN_00054492	
0x054676	D4C1	adda.w	D1w, A2	FUN_00054492	
0x054678	3012	move.w	(A2), D0w	FUN_00054492	DATA:00054698
0x05467A	60AC	bra.b	0x00054628	FUN_00054492	UNCONDITIONAL_JUMP:00054628
0x05467C	247C000546A0	movea.l	#0x546a0, A2	FUN_00054492	
0x054682	D4C1	adda.w	D1w, A2	FUN_00054492	
0x054684	3012	move.w	(A2), D0w	FUN_00054492	DATA:000546a0
0x054686	60A0	bra.b	0x00054628	FUN_00054492	UNCONDITIONAL_JUMP:00054628
0x0546A8	227C0010D1F2	movea.l	#0x10d1f2, A1	FUN_000546a8	
0x0546AE	207C0005C466	movea.l	#0x5c466, A0	FUN_000546a8	
0x0546B4	302D1246	move.w	(0x1246,A5), D0w	FUN_000546a8	DATA:00001246
0x0546B8	0C6D000910E8	cmpi.w	#0x9, (0x10e8,A5)	FUN_000546a8	DATA:000010e8
0x0546BE	660A	bne.b	0x000546ca	FUN_000546a8	CONDITIONAL_JUMP:000546ca
0x0546C0	0C6D00031114	cmpi.w	#0x3, (0x1114,A5)	FUN_000546a8	DATA:00001114
0x0546C6	6602	bne.b	0x000546ca	FUN_000546a8	CONDITIONAL_JUMP:000546ca
0x0546C8	5340	subq.w	0x1, D0w	FUN_000546a8	
0x0546CA	E348	lsl.w	#0x1, D0w	FUN_000546a8	
0x0546CC	41F00000	lea	(0x0,A0,D0w*0x1), A0	FUN_000546a8	
0x0546D0	3010	move.w	(A0), D0w	FUN_000546a8	DATA:0005c466
0x0546D2	207C0005C466	movea.l	#0x5c466, A0	FUN_000546a8	
0x0546D8	D0C0	adda.w	D0w, A0	FUN_000546a8	
0x0546DA	343C0004	move.w	#0x4, D2w	FUN_000546a8	
0x0546DE	3010	move.w	(A0), D0w	FUN_000546a8	DATA:0005c466
0x0546E0	0C400000	cmpi.w	#0x0, D0w	FUN_000546a8	
0x0546E4	6612	bne.b	0x000546f8	FUN_000546a8	CONDITIONAL_JUMP:000546f8
0x0546E6	32FC0003	move.w	#0x3, (A1)+	FUN_000546a8	WRITE:0010d1f2;WRITE:0010d1fa
0x0546EA	32FC0000	move.w	#0x0, (A1)+	FUN_000546a8	WRITE:0010d1f4;WRITE:0010d1fc
0x0546EE	32FC0000	move.w	#0x0, (A1)+	FUN_000546a8	WRITE:0010d1f6;WRITE:0010d1fe
0x0546F2	32FC0000	move.w	#0x0, (A1)+	FUN_000546a8	WRITE:0010d1f8;WRITE:0010d200
0x0546F6	6050	bra.b	0x00054748	FUN_000546a8	UNCONDITIONAL_JUMP:00054748
0x0546F8	30280004	move.w	(0x4,A0), D0w	FUN_000546a8	DATA:0005c46a
0x0546FC	0C6D00021114	cmpi.w	#0x2, (0x1114,A5)	FUN_000546a8	DATA:00001114
0x054702	6704	beq.b	0x00054708	FUN_000546a8	CONDITIONAL_JUMP:00054708
0x054704	00404000	ori.w	#0x4000, D0w	FUN_000546a8	
0x054708	32C0	move.w	D0w, (A1)+	FUN_000546a8	WRITE:0010d1fa
0x05470A	10280003	move.b	(0x3,A0), D0b	FUN_000546a8	DATA:0005c469
0x05470E	4880	ext.w	D0w	FUN_000546a8	
0x054710	D06D10C0	add.w	(0x10c0,A5), D0w	FUN_000546a8	DATA:000010c0
0x054714	5240	addq.w	0x1, D0w	FUN_000546a8	
0x054716	024001FF	andi.w	#0x1ff, D0w	FUN_000546a8	
0x05471A	32C0	move.w	D0w, (A1)+	FUN_000546a8	WRITE:0010d1fc
0x05471C	3010	move.w	(A0), D0w	FUN_000546a8	DATA:0005c466
0x05471E	32E80000	move.w	(0x0,A0), (A1)+	FUN_000546a8	DATA:0005c466;WRITE:0010d1fe
0x054722	10280002	move.b	(0x2,A0), D0b	FUN_000546a8	DATA:0005c468
0x054726	4880	ext.w	D0w	FUN_000546a8	
0x054728	0C6D00021114	cmpi.w	#0x2, (0x1114,A5)	FUN_000546a8	DATA:00001114
0x05472E	670A	beq.b	0x0005473a	FUN_000546a8	CONDITIONAL_JUMP:0005473a
0x054730	0A40FFFF	eori.w	#-0x1, D0w	FUN_000546a8	
0x054734	5240	addq.w	0x1, D0w	FUN_000546a8	
0x054736	04400010	subi.w	#0x10, D0w	FUN_000546a8	
0x05473A	D06D10BE	add.w	(0x10be,A5), D0w	FUN_000546a8	DATA:000010be
0x05473E	024001FF	andi.w	#0x1ff, D0w	FUN_000546a8	
0x054742	32C0	move.w	D0w, (A1)+	FUN_000546a8	WRITE:0010d200
0x054744	D0FC0006	adda.w	#0x6, A0	FUN_000546a8	
0x054748	5342	subq.w	0x1, D2w	FUN_000546a8	
0x05474A	6692	bne.b	0x000546de	FUN_000546a8	CONDITIONAL_JUMP:000546de
0x05474C	4E75	rts		FUN_000546a8	
0x0547C0	0C6D00011298	cmpi.w	#0x1, (0x1298,A5)	player_aux_update_547c0	DATA:00001298
0x0547C6	6612	bne.b	0x000547da	player_aux_update_547c0	CONDITIONAL_JUMP:000547da
0x0547C8	207C0010D1B2	movea.l	#0x10d1b2, A0	player_aux_update_547c0	
0x0547CE	5488	addq.l	0x2, A0	player_aux_update_547c0	
0x0547D0	3B50129C	move.w	(A0), (0x129c,A5)	player_aux_update_547c0	READ:0010d1b4;DATA:0000129c
0x0547D4	5888	addq.l	0x4, A0	player_aux_update_547c0	
0x0547D6	3B50129A	move.w	(A0), (0x129a,A5)	player_aux_update_547c0	READ:0010d1b8;DATA:0000129a
0x0547DA	0C6D0001129E	cmpi.w	#0x1, (0x129e,A5)	player_aux_update_547c0	DATA:0000129e
0x0547E0	6614	bne.b	0x000547f6	player_aux_update_547c0	CONDITIONAL_JUMP:000547f6
0x0547E2	302D1298	move.w	(0x1298,A5), D0w	player_aux_update_547c0	DATA:00001298
0x0547E6	0C40000C	cmpi.w	#0xc, D0w	player_aux_update_547c0	
0x0547EA	671E	beq.b	0x0005480a	player_aux_update_547c0	CONDITIONAL_JUMP:0005480a
0x0547EC	E448	lsr.w	#0x2, D0w	player_aux_update_547c0	
0x0547EE	61000020	bsr.w	0x00054810	player_aux_update_547c0	UNCONDITIONAL_CALL:00054810
0x0547F2	60000014	bra.w	0x00054808	player_aux_update_547c0	UNCONDITIONAL_JUMP:00054808
0x0547F6	302D1298	move.w	(0x1298,A5), D0w	player_aux_update_547c0	DATA:00001298
0x0547FA	0C400014	cmpi.w	#0x14, D0w	player_aux_update_547c0	
0x0547FE	670A	beq.b	0x0005480a	player_aux_update_547c0	CONDITIONAL_JUMP:0005480a
0x054800	E448	lsr.w	#0x2, D0w	player_aux_update_547c0	
0x054802	5840	addq.w	0x4, D0w	player_aux_update_547c0	
0x054804	6100000A	bsr.w	0x00054810	player_aux_update_547c0	UNCONDITIONAL_CALL:00054810
0x054808	4E75	rts		player_aux_update_547c0	
0x05480A	6100F8A0	bsr.w	0x000540ac	player_aux_update_547c0	UNCONDITIONAL_CALL:000540ac
0x05480E	60F8	bra.b	0x00054808	player_aux_update_547c0	UNCONDITIONAL_JUMP:00054808
0x054810	227C00D00000	movea.l	#0xd00000, A1	player_aux_sprite_constructor_54810	
0x054816	207C0005DA5E	movea.l	#0x5da5e, A0	player_aux_sprite_constructor_54810	
0x05481C	C0FC0018	mulu.w	#0x18, D0	player_aux_sprite_constructor_54810	
0x054820	41F00000	lea	(0x0,A0,D0w*0x1), A0	player_aux_sprite_constructor_54810	
0x054824	343C0004	move.w	#0x4, D2w	player_aux_sprite_constructor_54810	
0x054828	30280004	move.w	(0x4,A0), D0w	player_aux_sprite_constructor_54810	DATA:0005da62;DATA:0005da68
0x05482C	32C0	move.w	D0w, (A1)+	player_aux_sprite_constructor_54810	WRITE:00d00000;WRITE:00d00008
0x05482E	10280003	move.b	(0x3,A0), D0b	player_aux_sprite_constructor_54810	DATA:0005da61;DATA:0005da67
0x054832	4880	ext.w	D0w	player_aux_sprite_constructor_54810	
0x054834	D06D129C	add.w	(0x129c,A5), D0w	player_aux_sprite_constructor_54810	DATA:0000129c
0x054838	5240	addq.w	0x1, D0w	player_aux_sprite_constructor_54810	
0x05483A	024001FF	andi.w	#0x1ff, D0w	player_aux_sprite_constructor_54810	
0x05483E	32C0	move.w	D0w, (A1)+	player_aux_sprite_constructor_54810	WRITE:00d00002;WRITE:00d0000a
0x054840	3010	move.w	(A0), D0w	player_aux_sprite_constructor_54810	DATA:0005da5e;DATA:0005da64
0x054842	32E80000	move.w	(0x0,A0), (A1)+	player_aux_sprite_constructor_54810	DATA:0005da5e;WRITE:00d00004;DATA:0005da64;WRITE:00d0000c
0x054846	10280002	move.b	(0x2,A0), D0b	player_aux_sprite_constructor_54810	DATA:0005da60;DATA:0005da66
0x05484A	4880	ext.w	D0w	player_aux_sprite_constructor_54810	
0x05484C	D06D129A	add.w	(0x129a,A5), D0w	player_aux_sprite_constructor_54810	DATA:0000129a
0x054850	024001FF	andi.w	#0x1ff, D0w	player_aux_sprite_constructor_54810	
0x054854	3E00	move.w	D0w, D7w	player_aux_sprite_constructor_54810	
0x054856	3007	move.w	D7w, D0w	player_aux_sprite_constructor_54810	
0x054858	32C0	move.w	D0w, (A1)+	player_aux_sprite_constructor_54810	WRITE:00d00006;WRITE:00d0000e
0x05485A	D0FC0006	adda.w	#0x6, A0	player_aux_sprite_constructor_54810	
0x05485E	5342	subq.w	0x1, D2w	player_aux_sprite_constructor_54810	
0x054860	66C6	bne.b	0x00054828	player_aux_sprite_constructor_54810	CONDITIONAL_JUMP:00054828
0x054862	4E75	rts		player_aux_sprite_constructor_54810	
0x054864	6100011C	bsr.w	0x00054982	player_collision_boxes_update_54864	UNCONDITIONAL_CALL:00054982
0x054868	207C0005C90E	movea.l	#0x5c90e, A0	player_collision_boxes_update_54864	
0x05486E	302D1244	move.w	(0x1244,A5), D0w	player_collision_boxes_update_54864	DATA:00001244
0x054872	C0FC0004	mulu.w	#0x4, D0	player_collision_boxes_update_54864	
0x054876	41F00000	lea	(0x0,A0,D0w*0x1), A0	player_collision_boxes_update_54864	
0x05487A	0C6D00021114	cmpi.w	#0x2, (0x1114,A5)	player_collision_boxes_update_54864	DATA:00001114
0x054880	6600001C	bne.w	0x0005489e	player_collision_boxes_update_54864	CONDITIONAL_JUMP:0005489e
0x054884	10280000	move.b	(0x0,A0), D0b	player_collision_boxes_update_54864	DATA:0005c90e
0x054888	1B401248	move.b	D0b, (0x1248,A5)	player_collision_boxes_update_54864	DATA:00001248
0x05488C	10280001	move.b	(0x1,A0), D0b	player_collision_boxes_update_54864	DATA:0005c90f
0x054890	1B401249	move.b	D0b, (0x1249,A5)	player_collision_boxes_update_54864	DATA:00001249
0x054894	10280002	move.b	(0x2,A0), D0b	player_collision_boxes_update_54864	DATA:0005c910
0x054898	1B40124A	move.b	D0b, (0x124a,A5)	player_collision_boxes_update_54864	DATA:0000124a
0x05489C	6024	bra.b	0x000548c2	player_collision_boxes_update_54864	UNCONDITIONAL_JUMP:000548c2
0x05489E	10280001	move.b	(0x1,A0), D0b	player_collision_boxes_update_54864	DATA:0005c90f
0x0548A2	0A0000FF	eori.b	#-0x1, D0b	player_collision_boxes_update_54864	
0x0548A6	5200	addq.b	0x1, D0b	player_collision_boxes_update_54864	
0x0548A8	1B401248	move.b	D0b, (0x1248,A5)	player_collision_boxes_update_54864	DATA:00001248
0x0548AC	10280000	move.b	(0x0,A0), D0b	player_collision_boxes_update_54864	DATA:0005c90e
0x0548B0	0A0000FF	eori.b	#-0x1, D0b	player_collision_boxes_update_54864	
0x0548B4	5200	addq.b	0x1, D0b	player_collision_boxes_update_54864	
0x0548B6	1B401249	move.b	D0b, (0x1249,A5)	player_collision_boxes_update_54864	DATA:00001249
0x0548BA	10280002	move.b	(0x2,A0), D0b	player_collision_boxes_update_54864	DATA:0005c910
0x0548BE	1B40124A	move.b	D0b, (0x124a,A5)	player_collision_boxes_update_54864	DATA:0000124a
0x0548C2	302D1246	move.w	(0x1246,A5), D0w	player_collision_boxes_update_54864	DATA:00001246
0x0548C6	207C0005CD5A	movea.l	#0x5cd5a, A0	player_collision_boxes_update_54864	
0x0548CC	41F00000	lea	(0x0,A0,D0w*0x1), A0	player_collision_boxes_update_54864	
0x0548D0	10280000	move.b	(0x0,A0), D0b	player_collision_boxes_update_54864	DATA:0005cd5a
0x0548D4	1B40124B	move.b	D0b, (0x124b,A5)	player_collision_boxes_update_54864	DATA:0000124b
0x0548D8	0C6D000112FA	cmpi.w	#0x1, (0x12fa,A5)	player_collision_boxes_update_54864	DATA:000012fa
0x0548DE	6608	bne.b	0x000548e8	player_collision_boxes_update_54864	CONDITIONAL_JUMP:000548e8
0x0548E0	207C0005C9EA	movea.l	#0x5c9ea, A0	player_collision_boxes_update_54864	
0x0548E6	6032	bra.b	0x0005491a	player_collision_boxes_update_54864	UNCONDITIONAL_JUMP:0005491a
0x0548E8	0C6D000212FA	cmpi.w	#0x2, (0x12fa,A5)	player_collision_boxes_update_54864	DATA:000012fa
0x0548EE	6608	bne.b	0x000548f8	player_collision_boxes_update_54864	CONDITIONAL_JUMP:000548f8
0x0548F0	207C0005CAC6	movea.l	#0x5cac6, A0	player_collision_boxes_update_54864	
0x0548F6	6022	bra.b	0x0005491a	player_collision_boxes_update_54864	UNCONDITIONAL_JUMP:0005491a
0x0548F8	0C6D000312FA	cmpi.w	#0x3, (0x12fa,A5)	player_collision_boxes_update_54864	DATA:000012fa
0x0548FE	6608	bne.b	0x00054908	player_collision_boxes_update_54864	CONDITIONAL_JUMP:00054908
0x054900	207C0005CBA2	movea.l	#0x5cba2, A0	player_collision_boxes_update_54864	
0x054906	6012	bra.b	0x0005491a	player_collision_boxes_update_54864	UNCONDITIONAL_JUMP:0005491a
0x054908	0C6D000412FA	cmpi.w	#0x4, (0x12fa,A5)	player_collision_boxes_update_54864	DATA:000012fa
0x05490E	66000070	bne.w	0x00054980	player_collision_boxes_update_54864	CONDITIONAL_JUMP:00054980
0x054912	207C0005CC7E	movea.l	#0x5cc7e, A0	player_collision_boxes_update_54864	
0x054918	4E71	nop		player_collision_boxes_update_54864	
0x05491A	302D1244	move.w	(0x1244,A5), D0w	player_collision_boxes_update_54864	DATA:00001244
0x05491E	C0FC0004	mulu.w	#0x4, D0	player_collision_boxes_update_54864	
0x054922	41F00000	lea	(0x0,A0,D0w*0x1), A0	player_collision_boxes_update_54864	
0x054926	0C6D00021114	cmpi.w	#0x2, (0x1114,A5)	player_collision_boxes_update_54864	DATA:00001114
0x05492C	66000026	bne.w	0x00054954	player_collision_boxes_update_54864	CONDITIONAL_JUMP:00054954
0x054930	10280000	move.b	(0x0,A0), D0b	player_collision_boxes_update_54864	DATA:0005c9ea;DATA:0005cac6;DATA:0005cba2;DATA:0005cc7e
0x054934	1B401254	move.b	D0b, (0x1254,A5)	player_collision_boxes_update_54864	DATA:00001254
0x054938	10280001	move.b	(0x1,A0), D0b	player_collision_boxes_update_54864	DATA:0005c9eb;DATA:0005cac7;DATA:0005cba3;DATA:0005cc7f
0x05493C	1B401255	move.b	D0b, (0x1255,A5)	player_collision_boxes_update_54864	DATA:00001255
0x054940	10280002	move.b	(0x2,A0), D0b	player_collision_boxes_update_54864	DATA:0005c9ec;DATA:0005cac8;DATA:0005cba4;DATA:0005cc80
0x054944	1B401256	move.b	D0b, (0x1256,A5)	player_collision_boxes_update_54864	DATA:00001256
0x054948	10280003	move.b	(0x3,A0), D0b	player_collision_boxes_update_54864	DATA:0005c9ed;DATA:0005cac9;DATA:0005cba5;DATA:0005cc81
0x05494C	1B401257	move.b	D0b, (0x1257,A5)	player_collision_boxes_update_54864	DATA:00001257
0x054950	6000002E	bra.w	0x00054980	player_collision_boxes_update_54864	UNCONDITIONAL_JUMP:00054980
0x054954	10280001	move.b	(0x1,A0), D0b	player_collision_boxes_update_54864	DATA:0005c9eb
0x054958	0A0000FF	eori.b	#-0x1, D0b	player_collision_boxes_update_54864	
0x05495C	5200	addq.b	0x1, D0b	player_collision_boxes_update_54864	
0x05495E	1B401254	move.b	D0b, (0x1254,A5)	player_collision_boxes_update_54864	DATA:00001254
0x054962	10280000	move.b	(0x0,A0), D0b	player_collision_boxes_update_54864	DATA:0005c9ea
0x054966	0A0000FF	eori.b	#-0x1, D0b	player_collision_boxes_update_54864	
0x05496A	5200	addq.b	0x1, D0b	player_collision_boxes_update_54864	
0x05496C	1B401255	move.b	D0b, (0x1255,A5)	player_collision_boxes_update_54864	DATA:00001255
0x054970	10280002	move.b	(0x2,A0), D0b	player_collision_boxes_update_54864	DATA:0005c9ec
0x054974	1B401256	move.b	D0b, (0x1256,A5)	player_collision_boxes_update_54864	DATA:00001256
0x054978	10280003	move.b	(0x3,A0), D0b	player_collision_boxes_update_54864	DATA:0005c9ed
0x05497C	1B401257	move.b	D0b, (0x1257,A5)	player_collision_boxes_update_54864	DATA:00001257
0x054980	4E75	rts		player_collision_boxes_update_54864	
0x054982	0C6D000112F0	cmpi.w	#0x1, (0x12f0,A5)	player_attack_box_enable_update_54982	DATA:000012f0
0x054988	674A	beq.b	0x000549d4	player_attack_box_enable_update_54982	CONDITIONAL_JUMP:000549d4
0x05498A	0C6D00011108	cmpi.w	#0x1, (0x1108,A5)	player_attack_box_enable_update_54982	DATA:00001108
0x054990	6632	bne.b	0x000549c4	player_attack_box_enable_update_54982	CONDITIONAL_JUMP:000549c4
0x054992	0C6D000412FA	cmpi.w	#0x4, (0x12fa,A5)	player_attack_box_enable_update_54982	DATA:000012fa
0x054998	6732	beq.b	0x000549cc	player_attack_box_enable_update_54982	CONDITIONAL_JUMP:000549cc
0x05499A	0C6D00011116	cmpi.w	#0x1, (0x1116,A5)	player_attack_box_enable_update_54982	DATA:00001116
0x0549A0	672A	beq.b	0x000549cc	player_attack_box_enable_update_54982	CONDITIONAL_JUMP:000549cc
0x0549A2	0C6D000410E8	cmpi.w	#0x4, (0x10e8,A5)	player_attack_box_enable_update_54982	DATA:000010e8
0x0549A8	6722	beq.b	0x000549cc	player_attack_box_enable_update_54982	CONDITIONAL_JUMP:000549cc
0x0549AA	0C6D000610E8	cmpi.w	#0x6, (0x10e8,A5)	player_attack_box_enable_update_54982	DATA:000010e8
0x0549B0	671A	beq.b	0x000549cc	player_attack_box_enable_update_54982	CONDITIONAL_JUMP:000549cc
0x0549B2	0C6D0003110A	cmpi.w	#0x3, (0x110a,A5)	player_attack_box_enable_update_54982	DATA:0000110a
0x0549B8	651A	bcs.b	0x000549d4	player_attack_box_enable_update_54982	CONDITIONAL_JUMP:000549d4
0x0549BA	0C6D000D110A	cmpi.w	#0xd, (0x110a,A5)	player_attack_box_enable_update_54982	DATA:0000110a
0x0549C0	6212	bhi.b	0x000549d4	player_attack_box_enable_update_54982	CONDITIONAL_JUMP:000549d4
0x0549C2	6008	bra.b	0x000549cc	player_attack_box_enable_update_54982	UNCONDITIONAL_JUMP:000549cc
0x0549C4	0C6D000210E8	cmpi.w	#0x2, (0x10e8,A5)	player_attack_box_enable_update_54982	DATA:000010e8
0x0549CA	6608	bne.b	0x000549d4	player_attack_box_enable_update_54982	CONDITIONAL_JUMP:000549d4
0x0549CC	3B7C000112F8	move.w	#0x1, (0x12f8,A5)	player_attack_box_enable_update_54982	DATA:000012f8
0x0549D2	6008	bra.b	0x000549dc	player_attack_box_enable_update_54982	UNCONDITIONAL_JUMP:000549dc
0x0549D4	3B7C00FF12F8	move.w	#0xff, (0x12f8,A5)	player_attack_box_enable_update_54982	DATA:000012f8
0x0549DA	4E71	nop		player_attack_box_enable_update_54982	
0x0549DC	4E75	rts		player_attack_box_enable_update_54982	
0x0550A8	000551CC	ori.b	#-0x34, D5b		
0x0550AC	0005520E	ori.b	#0xe, D5b		
0x0550B0	00055250	ori.b	#0x50, D5b		
0x0550B4	00055292	ori.b	#-0x6e, D5b		
0x0550B8	000552D4	ori.b	#-0x2c, D5b		
0x0550BC	00055316	ori.b	#0x16, D5b		
0x0550C0	000551B0	ori.b	#-0x50, D5b		
0x0550C4	00055346	ori.b	#0x46, D5b		
0x0550C8	000551B0	ori.b	#-0x50, D5b		
0x0550CC	00055376	ori.b	#0x76, D5b		
0x0550D0	000551B0	ori.b	#-0x50, D5b		
0x0550D4	000553A6	ori.b	#-0x5a, D5b		
0x0550D8	000551B0	ori.b	#-0x50, D5b		
0x0550DC	000551B0	ori.b	#-0x50, D5b		
0x0550E0	000551B0	ori.b	#-0x50, D5b		
0x0550E4	000551B0	ori.b	#-0x50, D5b		
0x0550E8	000551B0	ori.b	#-0x50, D5b		
0x0550EC	000551B0	ori.b	#-0x50, D5b		
0x0550F0	000551B0	ori.b	#-0x50, D5b		
0x0550F4	000551B0	ori.b	#-0x50, D5b		
0x0550F8	000551B0	ori.b	#-0x50, D5b		
0x0550FC	000551B0	ori.b	#-0x50, D5b		
0x055100	000551B0	ori.b	#-0x50, D5b		
0x055104	000553D6	ori.b	#-0x2a, D5b		
0x055108	000551B0	ori.b	#-0x50, D5b		
0x05510C	00054F08	ori.b	#0x8, D5b		
0x055110	000551B0	ori.b	#-0x50, D5b		
0x055114	00054F1E	ori.b	#0x1e, D5b		
0x055118	000551B0	ori.b	#-0x50, D5b		
0x05511C	00054F34	ori.b	#0x34, D5b		
0x055120	000551B0	ori.b	#-0x50, D5b		
0x055124	00054F4A	ori.b	#0x4a, D5b		
0x055128	000551B0	ori.b	#-0x50, D5b		
0x05512C	00054F60	ori.b	#0x60, D5b		
0x055130	000551B0	ori.b	#-0x50, D5b		
0x055134	00054FA4	ori.b	#-0x5c, D5b		
0x055138	000551B0	ori.b	#-0x50, D5b		
0x05513C	00054FBC	ori.b	#-0x44, D5b		
0x055140	000551B0	ori.b	#-0x50, D5b		
0x055144	00054FD4	ori.b	#-0x2c, D5b		
0x055148	000551B0	ori.b	#-0x50, D5b		
0x05514C	00054FEC	ori.b	#-0x14, D5b		
0x055150	000551B0	ori.b	#-0x50, D5b		
0x055154	00055004	ori.b	#0x4, D5b		
0x055158	000551B0	ori.b	#-0x50, D5b		
0x05515C	0005501C	ori.b	#0x1c, D5b		
0x055160	000551B0	ori.b	#-0x50, D5b		
0x055164	0005501C	ori.b	#0x1c, D5b		
0x055168	000551B0	ori.b	#-0x50, D5b		
0x05516C	0005501C	ori.b	#0x1c, D5b		
0x055170	000551B0	ori.b	#-0x50, D5b		
0x055174	00055028	ori.b	#0x28, D5b		
0x055178	000551B0	ori.b	#-0x50, D5b		
0x05517C	0005503E	ori.b	#0x3e, D5b		
0x055180	000551B0	ori.b	#-0x50, D5b		
0x055184	00055054	ori.b	#0x54, D5b		
0x055188	000551B0	ori.b	#-0x50, D5b		
0x05518C	00055060	ori.b	#0x60, D5b		
0x055190	000551B0	ori.b	#-0x50, D5b		
0x055194	000553EE	ori.b	#-0x12, D5b		
0x055198	000551B0	ori.b	#-0x50, D5b		
0x05519C	000551B0	ori.b	#-0x50, D5b		
0x0551A0	000551B0	ori.b	#-0x50, D5b		
0x0551A4	000551B0	ori.b	#-0x50, D5b		
0x0551A8	000551B0	ori.b	#-0x50, D5b		
0x0551AC	000551B0	ori.b	#-0x50, D5b		
0x0551B0	4E75	rts			
0x055650	3B7C00FF13D0	move.w	#0xff, (0x13d0,A5)	FUN_00055650	DATA:000013d0
0x055656	3B7C00FF1330	move.w	#0xff, (0x1330,A5)	FUN_00055650	DATA:00001330
0x05565C	302D10D0	move.w	(0x10d0,A5), D0w	FUN_00055650	DATA:000010d0
0x055660	08000000	btst.l	#0x0, D0	FUN_00055650	
0x055664	6704	beq.b	0x0005566a	FUN_00055650	CONDITIONAL_JUMP:0005566a
0x055666	6100002E	bsr.w	0x00055696	FUN_00055650	UNCONDITIONAL_CALL:00055696
0x05566A	302D10D0	move.w	(0x10d0,A5), D0w	FUN_00055650	DATA:000010d0
0x05566E	08000001	btst.l	#0x1, D0	FUN_00055650	
0x055672	6704	beq.b	0x00055678	FUN_00055650	CONDITIONAL_JUMP:00055678
0x055674	610000B8	bsr.w	0x0005572e	FUN_00055650	UNCONDITIONAL_CALL:0005572e
0x055678	302D10D0	move.w	(0x10d0,A5), D0w	FUN_00055650	DATA:000010d0
0x05567C	08000003	btst.l	#0x3, D0	FUN_00055650	
0x055680	6704	beq.b	0x00055686	FUN_00055650	CONDITIONAL_JUMP:00055686
0x055682	61000136	bsr.w	0x000557ba	FUN_00055650	UNCONDITIONAL_CALL:000557ba
0x055686	302D10D0	move.w	(0x10d0,A5), D0w	FUN_00055650	DATA:000010d0
0x05568A	08000002	btst.l	#0x2, D0	FUN_00055650	
0x05568E	6704	beq.b	0x00055694	FUN_00055650	CONDITIONAL_JUMP:00055694
0x055690	610001C2	bsr.w	0x00055854	FUN_00055650	UNCONDITIONAL_CALL:00055854
0x055694	4E75	rts		FUN_00055650	
0x055696	3B7C00011330	move.w	#0x1, (0x1330,A5)	FUN_00055696	DATA:00001330
0x05569C	322D10BA	move.w	(0x10ba,A5), D1w	FUN_00055696	DATA:000010ba
0x0556A0	0C410100	cmpi.w	#0x100, D1w	FUN_00055696	
0x0556A4	6D5E	blt.b	0x00055704	FUN_00055696	CONDITIONAL_JUMP:00055704
0x0556A6	0C6D000110A8	cmpi.w	#0x1, (0x10a8,A5)	FUN_00055696	DATA:000010a8
0x0556AC	6710	beq.b	0x000556be	FUN_00055696	CONDITIONAL_JUMP:000556be
0x0556AE	322D10D0	move.w	(0x10d0,A5), D1w	FUN_00055696	DATA:000010d0
0x0556B2	08C10005	bset.l	#0x5, D1	FUN_00055696	
0x0556B6	3B4110D0	move.w	D1w, (0x10d0,A5)	FUN_00055696	DATA:000010d0
0x0556BA	60000070	bra.w	0x0005572c	FUN_00055696	UNCONDITIONAL_JUMP:0005572c
0x0556BE	322D10B4	move.w	(0x10b4,A5), D1w	FUN_00055696	DATA:000010b4
0x0556C2	D26D10DA	add.w	(0x10da,A5), D1w	FUN_00055696	DATA:000010da
0x0556C6	3B4110B4	move.w	D1w, (0x10b4,A5)	FUN_00055696	DATA:000010b4
0x0556CA	08010003	btst.l	#0x3, D1	FUN_00055696	
0x0556CE	673C	beq.b	0x0005570c	FUN_00055696	CONDITIONAL_JUMP:0005570c
0x0556D0	08810003	bclr.l	#0x3, D1	FUN_00055696	
0x0556D4	3B4110B4	move.w	D1w, (0x10b4,A5)	FUN_00055696	DATA:000010b4
0x0556D8	4280	clr.l	D0	FUN_00055696	
0x0556DA	4281	clr.l	D1	FUN_00055696	
0x0556DC	302D10CC	move.w	(0x10cc,A5), D0w	FUN_00055696	DATA:000010cc
0x0556E0	E148	lsl.w	#0x8, D0w	FUN_00055696	
0x0556E2	E548	lsl.w	#0x2, D0w	FUN_00055696	
0x0556E4	322D10CA	move.w	(0x10ca,A5), D1w	FUN_00055696	DATA:000010ca
0x0556E8	E149	lsl.w	#0x8, D1w	FUN_00055696	
0x0556EA	D041	add.w	D1w, D0w	FUN_00055696	
0x0556EC	323C3F00	move.w	#0x3f00, D1w	FUN_00055696	
0x0556F0	9240	sub.w	D0w, D1w	FUN_00055696	
0x0556F2	068100C08000	addi.l	#0xc08000, D1	FUN_00055696	
0x0556F8	2B4110A4	move.l	D1, (0x10a4,A5)	FUN_00055696	DATA:000010a4
0x0556FC	6100024A	bsr.w	0x00055948	FUN_00055696	UNCONDITIONAL_CALL:00055948
0x055700	6000000A	bra.w	0x0005570c	FUN_00055696	UNCONDITIONAL_JUMP:0005570c
0x055704	322D10DA	move.w	(0x10da,A5), D1w	FUN_00055696	DATA:000010da
0x055708	D36D10BA	add.w	D1w, (0x10ba,A5)	FUN_00055696	DATA:000010ba
0x05570C	322D10B0	move.w	(0x10b0,A5), D1w	FUN_00055696	DATA:000010b0
0x055710	D26D10DA	add.w	(0x10da,A5), D1w	FUN_00055696	DATA:000010da
0x055714	024101FF	andi.w	#0x1ff, D1w	FUN_00055696	
0x055718	3B4110B0	move.w	D1w, (0x10b0,A5)	FUN_00055696	DATA:000010b0
0x05571C	3B7C000013D0	move.w	#0x0, (0x13d0,A5)	FUN_00055696	DATA:000013d0
0x055722	343C0000	move.w	#0x0, D2w	FUN_00055696	
0x055726	4EB9000406A4	jsr	0x000406a4.l	FUN_00055696	UNCONDITIONAL_CALL:000406a4
0x05572C	4E75	rts		FUN_00055696	
0x05572E	322D10BA	move.w	(0x10ba,A5), D1w	FUN_0005572e	DATA:000010ba
0x055732	0C410008	cmpi.w	#0x8, D1w	FUN_0005572e	
0x055736	6C58	bge.b	0x00055790	FUN_0005572e	CONDITIONAL_JUMP:00055790
0x055738	0C6D000210A8	cmpi.w	#0x2, (0x10a8,A5)	FUN_0005572e	DATA:000010a8
0x05573E	6710	beq.b	0x00055750	FUN_0005572e	CONDITIONAL_JUMP:00055750
0x055740	322D10D0	move.w	(0x10d0,A5), D1w	FUN_0005572e	DATA:000010d0
0x055744	08C10004	bset.l	#0x4, D1	FUN_0005572e	
0x055748	3B4110D0	move.w	D1w, (0x10d0,A5)	FUN_0005572e	DATA:000010d0
0x05574C	6000006A	bra.w	0x000557b8	FUN_0005572e	UNCONDITIONAL_JUMP:000557b8
0x055750	322D10B6	move.w	(0x10b6,A5), D1w	FUN_0005572e	DATA:000010b6
0x055754	D26D10DA	add.w	(0x10da,A5), D1w	FUN_0005572e	DATA:000010da
0x055758	3B4110B6	move.w	D1w, (0x10b6,A5)	FUN_0005572e	DATA:000010b6
0x05575C	08010003	btst.l	#0x3, D1	FUN_0005572e	
0x055760	6736	beq.b	0x00055798	FUN_0005572e	CONDITIONAL_JUMP:00055798
0x055762	08810003	bclr.l	#0x3, D1	FUN_0005572e	
0x055766	3B4110B6	move.w	D1w, (0x10b6,A5)	FUN_0005572e	DATA:000010b6
0x05576A	4280	clr.l	D0	FUN_0005572e	
0x05576C	4281	clr.l	D1	FUN_0005572e	
0x05576E	302D10CC	move.w	(0x10cc,A5), D0w	FUN_0005572e	DATA:000010cc
0x055772	E148	lsl.w	#0x8, D0w	FUN_0005572e	
0x055774	E548	lsl.w	#0x2, D0w	FUN_0005572e	
0x055776	322D10CA	move.w	(0x10ca,A5), D1w	FUN_0005572e	DATA:000010ca
0x05577A	E149	lsl.w	#0x8, D1w	FUN_0005572e	
0x05577C	D041	add.w	D1w, D0w	FUN_0005572e	
0x05577E	068000C08000	addi.l	#0xc08000, D0	FUN_0005572e	
0x055784	2B4010A4	move.l	D0, (0x10a4,A5)	FUN_0005572e	DATA:000010a4
0x055788	610001BE	bsr.w	0x00055948	FUN_0005572e	UNCONDITIONAL_CALL:00055948
0x05578C	6000000A	bra.w	0x00055798	FUN_0005572e	UNCONDITIONAL_JUMP:00055798
0x055790	322D10DA	move.w	(0x10da,A5), D1w	FUN_0005572e	DATA:000010da
0x055794	936D10BA	sub.w	D1w, (0x10ba,A5)	FUN_0005572e	DATA:000010ba
0x055798	322D10B0	move.w	(0x10b0,A5), D1w	FUN_0005572e	DATA:000010b0
0x05579C	926D10DA	sub.w	(0x10da,A5), D1w	FUN_0005572e	DATA:000010da
0x0557A0	024101FF	andi.w	#0x1ff, D1w	FUN_0005572e	
0x0557A4	3B4110B0	move.w	D1w, (0x10b0,A5)	FUN_0005572e	DATA:000010b0
0x0557A8	3B7C000113D0	move.w	#0x1, (0x13d0,A5)	FUN_0005572e	DATA:000013d0
0x0557AE	343C0001	move.w	#0x1, D2w	FUN_0005572e	
0x0557B2	4EB9000406A4	jsr	0x000406a4.l	FUN_0005572e	UNCONDITIONAL_CALL:000406a4
0x0557B8	4E75	rts		FUN_0005572e	
0x0557BA	322D10B8	move.w	(0x10b8,A5), D1w	FUN_000557ba	DATA:000010b8
0x0557BE	0C4100A0	cmpi.w	#0xa0, D1w	FUN_000557ba	
0x0557C2	6D66	blt.b	0x0005582a	FUN_000557ba	CONDITIONAL_JUMP:0005582a
0x0557C4	0C6D000010A8	cmpi.w	#0x0, (0x10a8,A5)	FUN_000557ba	DATA:000010a8
0x0557CA	6710	beq.b	0x000557dc	FUN_000557ba	CONDITIONAL_JUMP:000557dc
0x0557CC	322D10D0	move.w	(0x10d0,A5), D1w	FUN_000557ba	DATA:000010d0
0x0557D0	08C10006	bset.l	#0x6, D1	FUN_000557ba	
0x0557D4	3B4110D0	move.w	D1w, (0x10d0,A5)	FUN_000557ba	DATA:000010d0
0x0557D8	60000078	bra.w	0x00055852	FUN_000557ba	UNCONDITIONAL_JUMP:00055852
0x0557DC	0C6D0000132C	cmpi.w	#0x0, (0x132c,A5)	FUN_000557ba	DATA:0000132c
0x0557E2	6708	beq.b	0x000557ec	FUN_000557ba	CONDITIONAL_JUMP:000557ec
0x0557E4	0C6D000010CA	cmpi.w	#0x0, (0x10ca,A5)	FUN_000557ba	DATA:000010ca
0x0557EA	4E71	nop		FUN_000557ba	
0x0557EC	322D10B2	move.w	(0x10b2,A5), D1w	FUN_000557ba	DATA:000010b2
0x0557F0	D26D10D8	add.w	(0x10d8,A5), D1w	FUN_000557ba	DATA:000010d8
0x0557F4	3B4110B2	move.w	D1w, (0x10b2,A5)	FUN_000557ba	DATA:000010b2
0x0557F8	08010003	btst.l	#0x3, D1	FUN_000557ba	
0x0557FC	6734	beq.b	0x00055832	FUN_000557ba	CONDITIONAL_JUMP:00055832
0x0557FE	08810003	bclr.l	#0x3, D1	FUN_000557ba	
0x055802	3B4110B2	move.w	D1w, (0x10b2,A5)	FUN_000557ba	DATA:000010b2
0x055806	4280	clr.l	D0	FUN_000557ba	
0x055808	4281	clr.l	D1	FUN_000557ba	
0x05580A	302D10CC	move.w	(0x10cc,A5), D0w	FUN_000557ba	DATA:000010cc
0x05580E	E948	lsl.w	#0x4, D0w	FUN_000557ba	
0x055810	322D10CA	move.w	(0x10ca,A5), D1w	FUN_000557ba	DATA:000010ca
0x055814	E549	lsl.w	#0x2, D1w	FUN_000557ba	
0x055816	D041	add.w	D1w, D0w	FUN_000557ba	
0x055818	068000C08000	addi.l	#0xc08000, D0	FUN_000557ba	
0x05581E	2B4010A0	move.l	D0, (0x10a0,A5)	FUN_000557ba	DATA:000010a0
0x055822	61000124	bsr.w	0x00055948	FUN_000557ba	UNCONDITIONAL_CALL:00055948
0x055826	6000000A	bra.w	0x00055832	FUN_000557ba	UNCONDITIONAL_JUMP:00055832
0x05582A	322D10D8	move.w	(0x10d8,A5), D1w	FUN_000557ba	DATA:000010d8
0x05582E	D36D10B8	add.w	D1w, (0x10b8,A5)	FUN_000557ba	DATA:000010b8
0x055832	322D10AE	move.w	(0x10ae,A5), D1w	FUN_000557ba	DATA:000010ae
0x055836	926D10D8	sub.w	(0x10d8,A5), D1w	FUN_000557ba	DATA:000010d8
0x05583A	024101FF	andi.w	#0x1ff, D1w	FUN_000557ba	
0x05583E	3B4110AE	move.w	D1w, (0x10ae,A5)	FUN_000557ba	DATA:000010ae
0x055842	3B7C000313D0	move.w	#0x3, (0x13d0,A5)	FUN_000557ba	DATA:000013d0
0x055848	343C0003	move.w	#0x3, D2w	FUN_000557ba	
0x05584C	4EB9000406A4	jsr	0x000406a4.l	FUN_000557ba	UNCONDITIONAL_CALL:000406a4
0x055852	4E75	rts		FUN_000557ba	
0x055854	0C6D0001020C	cmpi.w	#0x1, (0x20c,A5)	FUN_00055854	
0x05585A	670C	beq.b	0x00055868	FUN_00055854	CONDITIONAL_JUMP:00055868
0x05585C	302D10B8	move.w	(0x10b8,A5), D0w	FUN_00055854	DATA:000010b8
0x055860	0C400000	cmpi.w	#0x0, D0w	FUN_00055854	
0x055864	6C000012	bge.w	0x00055878	FUN_00055854	CONDITIONAL_JUMP:00055878
0x055868	322D10D0	move.w	(0x10d0,A5), D1w	FUN_00055854	DATA:000010d0
0x05586C	08C10007	bset.l	#0x7, D1	FUN_00055854	
0x055870	3B4110D0	move.w	D1w, (0x10d0,A5)	FUN_00055854	DATA:000010d0
0x055874	6000002A	bra.w	0x000558a0	FUN_00055854	UNCONDITIONAL_JUMP:000558a0
0x055878	322D10D8	move.w	(0x10d8,A5), D1w	FUN_00055854	DATA:000010d8
0x05587C	936D10B8	sub.w	D1w, (0x10b8,A5)	FUN_00055854	DATA:000010b8
0x055880	322D10AE	move.w	(0x10ae,A5), D1w	FUN_00055854	DATA:000010ae
0x055884	D26D10D8	add.w	(0x10d8,A5), D1w	FUN_00055854	DATA:000010d8
0x055888	024101FF	andi.w	#0x1ff, D1w	FUN_00055854	
0x05588C	3B4110AE	move.w	D1w, (0x10ae,A5)	FUN_00055854	DATA:000010ae
0x055890	3B7C000213D0	move.w	#0x2, (0x13d0,A5)	FUN_00055854	DATA:000013d0
0x055896	343C0002	move.w	#0x2, D2w	FUN_00055854	
0x05589A	4EB9000406A4	jsr	0x000406a4.l	FUN_00055854	UNCONDITIONAL_CALL:000406a4
0x0558A0	4E75	rts		FUN_00055854	
0x0558A2	0C6D000410CA	cmpi.w	#0x4, (0x10ca,A5)	FUN_000558a2	DATA:000010ca
0x0558A8	661A	bne.b	0x000558c4	FUN_000558a2	CONDITIONAL_JUMP:000558c4
0x0558AA	6100001A	bsr.w	0x000558c6	FUN_000558a2	UNCONDITIONAL_CALL:000558c6
0x0558AE	61000054	bsr.w	0x00055904	FUN_000558a2	UNCONDITIONAL_CALL:00055904
0x0558B2	526D10CC	addq.w	0x1, (0x10cc,A5)	FUN_000558a2	DATA:000010cc
0x0558B6	0C6D001010CC	cmpi.w	#0x10, (0x10cc,A5)	FUN_000558a2	DATA:000010cc
0x0558BC	66000006	bne.w	0x000558c4	FUN_000558a2	CONDITIONAL_JUMP:000558c4
0x0558C0	6100001E	bsr.w	0x000558e0	FUN_000558a2	UNCONDITIONAL_CALL:000558e0
0x0558C4	4E75	rts		FUN_000558a2	
0x0558C6	7010	moveq	0x10, D0	FUN_000558c6	
0x0558C8	207C0010D000	movea.l	#0x10d000, A0	FUN_000558c6	
0x0558CE	5890	addq.l	0x4, (A0)	FUN_000558c6	READ_WRITE:0010d000;READ_WRITE:0010d004
0x0558D0	D1FC00000004	adda.l	#0x4, A0	FUN_000558c6	
0x0558D6	5340	subq.w	0x1, D0w	FUN_000558c6	
0x0558D8	66F4	bne.b	0x000558ce	FUN_000558c6	CONDITIONAL_JUMP:000558ce
0x0558DA	426D10CA	clr.w	(0x10ca,A5)	FUN_000558c6	DATA:000010ca
0x0558DE	4E75	rts		FUN_000558c6	
0x0558E0	426D10CC	clr.w	(0x10cc,A5)	FUN_000558e0	DATA:000010cc
0x0558E4	52AD10C6	addq.l	0x1, (0x10c6,A5)	FUN_000558e0	DATA:000010c6
0x0558E8	302D10A8	move.w	(0x10a8,A5), D0w	FUN_000558e0	DATA:000010a8
0x0558EC	3B40132C	move.w	D0w, (0x132c,A5)	FUN_000558e0	DATA:0000132c
0x0558F0	286D10C6	movea.l	(0x10c6,A5), A4	FUN_000558e0	DATA:000010c6
0x0558F4	4240	clr.w	D0w	FUN_000558e0	
0x0558F6	1014	move.b	(A4), D0b	FUN_000558e0	
0x0558F8	33C00010D0A8	move.w	D0w, (0x0010d0a8).l	FUN_000558e0	WRITE:0010d0a8
0x0558FE	526D013E	addq.w	0x1, (0x13e,A5)	FUN_000558e0	
0x055902	4E75	rts		FUN_000558e0	
0x055904	207C0010D000	movea.l	#0x10d000, A0	FUN_00055904	
0x05590A	227C0010D040	movea.l	#0x10d040, A1	FUN_00055904	
0x055910	247C0010D080	movea.l	#0x10d080, A2	FUN_00055904	
0x055916	7010	moveq	0x10, D0	FUN_00055904	
0x055918	2850	movea.l	(A0), A4	FUN_00055904	READ:0010d000;READ:0010d004
0x05591A	34D4	move.w	(A4), (A2)+	FUN_00055904	WRITE:0010d080;WRITE:0010d082
0x05591C	4281	clr.l	D1	FUN_00055904	
0x05591E	322C0002	move.w	(0x2,A4), D1w	FUN_00055904	
0x055922	287C00000000	movea.l	#0x0, A4	FUN_00055904	
0x055928	49F41800	lea	(0x0,A4,D1*0x1), A4	FUN_00055904	
0x05592C	22CC	move.l	A4, (A1)+	FUN_00055904	WRITE:0010d040;WRITE:0010d044
0x05592E	D1FC00000004	adda.l	#0x4, A0	FUN_00055904	
0x055934	5340	subq.w	0x1, D0w	FUN_00055904	
0x055936	66E0	bne.b	0x00055918	FUN_00055904	CONDITIONAL_JUMP:00055918
0x055938	286D10C6	movea.l	(0x10c6,A5), A4	FUN_00055904	DATA:000010c6
0x05593C	4240	clr.w	D0w	FUN_00055904	
0x05593E	1014	move.b	(A4), D0b	FUN_00055904	
0x055940	33C00010D0A8	move.w	D0w, (0x0010d0a8).l	FUN_00055904	WRITE:0010d0a8
0x055946	4E75	rts		FUN_00055904	
0x055948	0C6D000010A8	cmpi.w	#0x0, (0x10a8,A5)	FUN_00055948	DATA:000010a8
0x05594E	660A	bne.b	0x0005595a	FUN_00055948	CONDITIONAL_JUMP:0005595a
0x055950	61000016	bsr.w	0x00055968	FUN_00055948	UNCONDITIONAL_CALL:00055968
0x055954	526D10CA	addq.w	0x1, (0x10ca,A5)	FUN_00055948	DATA:000010ca
0x055958	6008	bra.b	0x00055962	FUN_00055948	UNCONDITIONAL_JUMP:00055962
0x05595A	61000034	bsr.w	0x00055990	FUN_00055948	UNCONDITIONAL_CALL:00055990
0x05595E	526D10CA	addq.w	0x1, (0x10ca,A5)	FUN_00055948	DATA:000010ca
0x055962	6100FF3E	bsr.w	0x000558a2	FUN_00055948	UNCONDITIONAL_CALL:000558a2
0x055966	4E75	rts		FUN_00055948	
0x055968	206D10A0	movea.l	(0x10a0,A5), A0	FUN_00055968	DATA:000010a0
0x05596C	323C0010	move.w	#0x10, D1w	FUN_00055968	
0x055970	227C0010D080	movea.l	#0x10d080, A1	FUN_00055968	
0x055976	267C0010D040	movea.l	#0x10d040, A3	FUN_00055968	
0x05597C	2453	movea.l	(A3), A2	FUN_00055968	READ:0010d040;READ:0010d044
0x05597E	61000032	bsr.w	0x000559b2	FUN_00055968	UNCONDITIONAL_CALL:000559b2
0x055982	2B4810A0	move.l	A0, (0x10a0,A5)	FUN_00055968	DATA:000010a0
0x055986	588B	addq.l	0x4, A3	FUN_00055968	
0x055988	5489	addq.l	0x2, A1	FUN_00055968	
0x05598A	5341	subq.w	0x1, D1w	FUN_00055968	
0x05598C	66EE	bne.b	0x0005597c	FUN_00055968	CONDITIONAL_JUMP:0005597c
0x05598E	4E75	rts		FUN_00055968	
0x055990	206D10A4	movea.l	(0x10a4,A5), A0	FUN_00055990	DATA:000010a4
0x055994	7210	moveq	0x10, D1	FUN_00055990	
0x055996	227C0010D080	movea.l	#0x10d080, A1	FUN_00055990	
0x05599C	267C0010D040	movea.l	#0x10d040, A3	FUN_00055990	
0x0559A2	2453	movea.l	(A3), A2	FUN_00055990	READ:0010d040;READ:0010d044
0x0559A4	6100006E	bsr.w	0x00055a14	FUN_00055990	UNCONDITIONAL_CALL:00055a14
0x0559A8	588B	addq.l	0x4, A3	FUN_00055990	
0x0559AA	5489	addq.l	0x2, A1	FUN_00055990	
0x0559AC	5341	subq.w	0x1, D1w	FUN_00055990	
0x0559AE	66F2	bne.b	0x000559a2	FUN_00055990	CONDITIONAL_JUMP:000559a2
0x0559B0	4E75	rts		FUN_00055990	
0x0559B2	4242	clr.w	D2w	FUN_000559b2	
0x0559B4	3091	move.w	(A1), (A0)	FUN_000559b2	
0x0559B6	4DEA0020	lea	(0x20,A2), A6	FUN_000559b2	
0x0559BA	3016	move.w	(A6), D0w	FUN_000559b2	
0x0559BC	0C4000FF	cmpi.w	#0xff, D0w	FUN_000559b2	
0x0559C0	6712	beq.b	0x000559d4	FUN_000559b2	CONDITIONAL_JUMP:000559d4
0x0559C2	3E2D10CA	move.w	(0x10ca,A5), D7w	FUN_000559b2	DATA:000010ca
0x0559C6	E34F	lsl.w	#0x1, D7w	FUN_000559b2	
0x0559C8	3002	move.w	D2w, D0w	FUN_000559b2	
0x0559CA	E748	lsl.w	#0x3, D0w	FUN_000559b2	
0x0559CC	DE40	add.w	D0w, D7w	FUN_000559b2	
0x0559CE	4DF27020	lea	(0x20,A2,D7w*0x1), A6	FUN_000559b2	
0x0559D2	6004	bra.b	0x000559d8	FUN_000559b2	UNCONDITIONAL_JUMP:000559d8
0x0559D4	4DEA0022	lea	(0x22,A2), A6	FUN_000559b2	
0x0559D8	3016	move.w	(A6), D0w	FUN_000559b2	
0x0559DA	2E08	move.l	A0, D7	FUN_000559b2	
0x0559DC	048700C08000	subi.l	#0xc08000, D7	FUN_000559b2	
0x0559E2	E28F	lsr.l	#0x1, D7	FUN_000559b2	
0x0559E4	06870010DE00	addi.l	#0x10de00, D7	FUN_000559b2	
0x0559EA	2C47	movea.l	D7, A6	FUN_000559b2	
0x0559EC	3C80	move.w	D0w, (A6)	FUN_000559b2	DATA:0010de00
0x0559EE	5488	addq.l	0x2, A0	FUN_000559b2	
0x0559F0	3E02	move.w	D2w, D7w	FUN_000559b2	
0x0559F2	E74F	lsl.w	#0x3, D7w	FUN_000559b2	
0x0559F4	302D10CA	move.w	(0x10ca,A5), D0w	FUN_000559b2	DATA:000010ca
0x0559F8	E348	lsl.w	#0x1, D0w	FUN_000559b2	
0x0559FA	DE40	add.w	D0w, D7w	FUN_000559b2	
0x0559FC	4DF27000	lea	(0x0,A2,D7w*0x1), A6	FUN_000559b2	
0x055A00	3016	move.w	(A6), D0w	FUN_000559b2	
0x055A02	3080	move.w	D0w, (A0)	FUN_000559b2	
0x055A04	D1FC000000FE	adda.l	#0xfe, A0	FUN_000559b2	
0x055A0A	5242	addq.w	0x1, D2w	FUN_000559b2	
0x055A0C	0C420004	cmpi.w	#0x4, D2w	FUN_000559b2	
0x055A10	66A2	bne.b	0x000559b4	FUN_000559b2	CONDITIONAL_JUMP:000559b4
0x055A12	4E75	rts		FUN_000559b2	
0x055A14	3B7C00011330	move.w	#0x1, (0x1330,A5)	FUN_00055a14	DATA:00001330
0x055A1A	4242	clr.w	D2w	FUN_00055a14	
0x055A1C	3091	move.w	(A1), (A0)	FUN_00055a14	
0x055A1E	4DEA0020	lea	(0x20,A2), A6	FUN_00055a14	
0x055A22	3016	move.w	(A6), D0w	FUN_00055a14	
0x055A24	0C4000FF	cmpi.w	#0xff, D0w	FUN_00055a14	
0x055A28	6720	beq.b	0x00055a4a	FUN_00055a14	CONDITIONAL_JUMP:00055a4a
0x055A2A	3E2D10CA	move.w	(0x10ca,A5), D7w	FUN_00055a14	DATA:000010ca
0x055A2E	0C6D000210A8	cmpi.w	#0x2, (0x10a8,A5)	FUN_00055a14	DATA:000010a8
0x055A34	6706	beq.b	0x00055a3c	FUN_00055a14	CONDITIONAL_JUMP:00055a3c
0x055A36	4647	not.w	D7w	FUN_00055a14	
0x055A38	02470003	andi.w	#0x3, D7w	FUN_00055a14	
0x055A3C	E74F	lsl.w	#0x3, D7w	FUN_00055a14	
0x055A3E	3002	move.w	D2w, D0w	FUN_00055a14	
0x055A40	E348	lsl.w	#0x1, D0w	FUN_00055a14	
0x055A42	DE40	add.w	D0w, D7w	FUN_00055a14	
0x055A44	4DF27020	lea	(0x20,A2,D7w*0x1), A6	FUN_00055a14	
0x055A48	6004	bra.b	0x00055a4e	FUN_00055a14	UNCONDITIONAL_JUMP:00055a4e
0x055A4A	4DEA0022	lea	(0x22,A2), A6	FUN_00055a14	
0x055A4E	3016	move.w	(A6), D0w	FUN_00055a14	
0x055A50	2E08	move.l	A0, D7	FUN_00055a14	
0x055A52	048700C08000	subi.l	#0xc08000, D7	FUN_00055a14	
0x055A58	E28F	lsr.l	#0x1, D7	FUN_00055a14	
0x055A5A	06870010DE00	addi.l	#0x10de00, D7	FUN_00055a14	
0x055A60	2C47	movea.l	D7, A6	FUN_00055a14	
0x055A62	3C80	move.w	D0w, (A6)	FUN_00055a14	DATA:0010de00
0x055A64	303C0001	move.w	#0x1, D0w	FUN_00055a14	
0x055A68	2E08	move.l	A0, D7	FUN_00055a14	
0x055A6A	048700C08000	subi.l	#0xc08000, D7	FUN_00055a14	
0x055A70	04470100	subi.w	#0x100, D7w	FUN_00055a14	
0x055A74	02473FFF	andi.w	#0x3fff, D7w	FUN_00055a14	
0x055A78	E28F	lsr.l	#0x1, D7	FUN_00055a14	
0x055A7A	06870010DE00	addi.l	#0x10de00, D7	FUN_00055a14	
0x055A80	2C47	movea.l	D7, A6	FUN_00055a14	
0x055A82	5488	addq.l	0x2, A0	FUN_00055a14	
0x055A84	3E2D10CA	move.w	(0x10ca,A5), D7w	FUN_00055a14	DATA:000010ca
0x055A88	0C6D000210A8	cmpi.w	#0x2, (0x10a8,A5)	FUN_00055a14	DATA:000010a8
0x055A8E	6706	beq.b	0x00055a96	FUN_00055a14	CONDITIONAL_JUMP:00055a96
0x055A90	4647	not.w	D7w	FUN_00055a14	
0x055A92	02470003	andi.w	#0x3, D7w	FUN_00055a14	
0x055A96	3002	move.w	D2w, D0w	FUN_00055a14	
0x055A98	E348	lsl.w	#0x1, D0w	FUN_00055a14	
0x055A9A	E74F	lsl.w	#0x3, D7w	FUN_00055a14	
0x055A9C	DE40	add.w	D0w, D7w	FUN_00055a14	
0x055A9E	4DF27000	lea	(0x0,A2,D7w*0x1), A6	FUN_00055a14	
0x055AA2	3016	move.w	(A6), D0w	FUN_00055a14	
0x055AA4	3080	move.w	D0w, (A0)	FUN_00055a14	
0x055AA6	5488	addq.l	0x2, A0	FUN_00055a14	
0x055AA8	5242	addq.w	0x1, D2w	FUN_00055a14	
0x055AAA	0C420004	cmpi.w	#0x4, D2w	FUN_00055a14	
0x055AAE	6600FF6C	bne.w	0x00055a1c	FUN_00055a14	CONDITIONAL_JUMP:00055a1c
0x055AB2	4E75	rts		FUN_00055a14	
0x055AB4	33ED10EE00C20000	move.w	(0x10ee,A5), (0x00c20000).l	FUN_00055ab4	WRITE:00c20000;DATA:000010ee
0x055ABC	33ED10EC00C40000	move.w	(0x10ec,A5), (0x00c40000).l	FUN_00055ab4	WRITE:00c40000;DATA:000010ec
0x055AC4	33ED10B000C20002	move.w	(0x10b0,A5), (0x00c20002).l	FUN_00055ab4	WRITE:00c20002;DATA:000010b0
0x055ACC	33ED10AE00C40002	move.w	(0x10ae,A5), (0x00c40002).l	FUN_00055ab4	WRITE:00c40002;DATA:000010ae
0x055AD4	4E75	rts		FUN_00055ab4	
0x055AD6	302D10D0	move.w	(0x10d0,A5), D0w	FUN_00055ad6	DATA:000010d0
0x055ADA	08000000	btst.l	#0x0, D0	FUN_00055ad6	
0x055ADE	670A	beq.b	0x00055aea	FUN_00055ad6	CONDITIONAL_JUMP:00055aea
0x055AE0	08000005	btst.l	#0x5, D0	FUN_00055ad6	
0x055AE4	6604	bne.b	0x00055aea	FUN_00055ad6	CONDITIONAL_JUMP:00055aea
0x055AE6	61000040	bsr.w	0x00055b28	FUN_00055ad6	UNCONDITIONAL_CALL:00055b28
0x055AEA	302D10D0	move.w	(0x10d0,A5), D0w	FUN_00055ad6	DATA:000010d0
0x055AEE	08000001	btst.l	#0x1, D0	FUN_00055ad6	
0x055AF2	670A	beq.b	0x00055afe	FUN_00055ad6	CONDITIONAL_JUMP:00055afe
0x055AF4	08000004	btst.l	#0x4, D0	FUN_00055ad6	
0x055AF8	6604	bne.b	0x00055afe	FUN_00055ad6	CONDITIONAL_JUMP:00055afe
0x055AFA	61000036	bsr.w	0x00055b32	FUN_00055ad6	UNCONDITIONAL_CALL:00055b32
0x055AFE	302D10D0	move.w	(0x10d0,A5), D0w	FUN_00055ad6	DATA:000010d0
0x055B02	08000003	btst.l	#0x3, D0	FUN_00055ad6	
0x055B06	670A	beq.b	0x00055b12	FUN_00055ad6	CONDITIONAL_JUMP:00055b12
0x055B08	08000006	btst.l	#0x6, D0	FUN_00055ad6	
0x055B0C	6604	bne.b	0x00055b12	FUN_00055ad6	CONDITIONAL_JUMP:00055b12
0x055B0E	6100002C	bsr.w	0x00055b3c	FUN_00055ad6	UNCONDITIONAL_CALL:00055b3c
0x055B12	302D10D0	move.w	(0x10d0,A5), D0w	FUN_00055ad6	DATA:000010d0
0x055B16	08000002	btst.l	#0x2, D0	FUN_00055ad6	
0x055B1A	670A	beq.b	0x00055b26	FUN_00055ad6	CONDITIONAL_JUMP:00055b26
0x055B1C	08000007	btst.l	#0x7, D0	FUN_00055ad6	
0x055B20	6604	bne.b	0x00055b26	FUN_00055ad6	CONDITIONAL_JUMP:00055b26
0x055B22	61000092	bsr.w	0x00055bb6	FUN_00055ad6	UNCONDITIONAL_CALL:00055bb6
0x055B26	4E75	rts		FUN_00055ad6	
0x055B28	322D10B0	move.w	(0x10b0,A5), D1w	FUN_00055b28	DATA:000010b0
0x055B2C	3B4110EE	move.w	D1w, (0x10ee,A5)	FUN_00055b28	DATA:000010ee
0x055B30	4E75	rts		FUN_00055b28	
0x055B32	322D10B0	move.w	(0x10b0,A5), D1w	FUN_00055b32	DATA:000010b0
0x055B36	3B4110EE	move.w	D1w, (0x10ee,A5)	FUN_00055b32	DATA:000010ee
0x055B3A	4E75	rts		FUN_00055b32	
0x055B3C	322D10B8	move.w	(0x10b8,A5), D1w	FUN_00055b3c	DATA:000010b8
0x055B40	0C4100A0	cmpi.w	#0xa0, D1w	FUN_00055b3c	
0x055B44	6D4C	blt.b	0x00055b92	FUN_00055b3c	CONDITIONAL_JUMP:00055b92
0x055B46	0C6D000010A8	cmpi.w	#0x0, (0x10a8,A5)	FUN_00055b3c	DATA:000010a8
0x055B4C	66000066	bne.w	0x00055bb4	FUN_00055b3c	CONDITIONAL_JUMP:00055bb4
0x055B50	322D10F2	move.w	(0x10f2,A5), D1w	FUN_00055b3c	DATA:000010f2
0x055B54	302D10D8	move.w	(0x10d8,A5), D0w	FUN_00055b3c	DATA:000010d8
0x055B58	D06D10F0	add.w	(0x10f0,A5), D0w	FUN_00055b3c	DATA:000010f0
0x055B5C	E248	lsr.w	#0x1, D0w	FUN_00055b3c	
0x055B5E	D240	add.w	D0w, D1w	FUN_00055b3c	
0x055B60	3B4110F2	move.w	D1w, (0x10f2,A5)	FUN_00055b3c	DATA:000010f2
0x055B64	08010003	btst.l	#0x3, D1	FUN_00055b3c	
0x055B68	6728	beq.b	0x00055b92	FUN_00055b3c	CONDITIONAL_JUMP:00055b92
0x055B6A	08810003	bclr.l	#0x3, D1	FUN_00055b3c	
0x055B6E	3B4110F2	move.w	D1w, (0x10f2,A5)	FUN_00055b3c	DATA:000010f2
0x055B72	4280	clr.l	D0	FUN_00055b3c	
0x055B74	4281	clr.l	D1	FUN_00055b3c	
0x055B76	302D10F4	move.w	(0x10f4,A5), D0w	FUN_00055b3c	DATA:000010f4
0x055B7A	ED48	lsl.w	#0x6, D0w	FUN_00055b3c	
0x055B7C	322D10F6	move.w	(0x10f6,A5), D1w	FUN_00055b3c	DATA:000010f6
0x055B80	E549	lsl.w	#0x2, D1w	FUN_00055b3c	
0x055B82	D041	add.w	D1w, D0w	FUN_00055b3c	
0x055B84	068000C00000	addi.l	#0xc00000, D0	FUN_00055b3c	
0x055B8A	2B4010F8	move.l	D0, (0x10f8,A5)	FUN_00055b3c	DATA:000010f8
0x055B8E	610000BA	bsr.w	0x00055c4a	FUN_00055b3c	UNCONDITIONAL_CALL:00055c4a
0x055B92	322D10EC	move.w	(0x10ec,A5), D1w	FUN_00055b3c	DATA:000010ec
0x055B96	302D10D8	move.w	(0x10d8,A5), D0w	FUN_00055b3c	DATA:000010d8
0x055B9A	D06D10F0	add.w	(0x10f0,A5), D0w	FUN_00055b3c	DATA:000010f0
0x055B9E	3400	move.w	D0w, D2w	FUN_00055b3c	
0x055BA0	E248	lsr.w	#0x1, D0w	FUN_00055b3c	
0x055BA2	02420001	andi.w	#0x1, D2w	FUN_00055b3c	
0x055BA6	3B4210F0	move.w	D2w, (0x10f0,A5)	FUN_00055b3c	DATA:000010f0
0x055BAA	9240	sub.w	D0w, D1w	FUN_00055b3c	
0x055BAC	024101FF	andi.w	#0x1ff, D1w	FUN_00055b3c	
0x055BB0	3B4110EC	move.w	D1w, (0x10ec,A5)	FUN_00055b3c	DATA:000010ec
0x055BB4	4E75	rts		FUN_00055b3c	
0x055BB6	302D10B8	move.w	(0x10b8,A5), D0w	FUN_00055bb6	DATA:000010b8
0x055BBA	0C400000	cmpi.w	#0x0, D0w	FUN_00055bb6	
0x055BBE	6D00002A	blt.w	0x00055bea	FUN_00055bb6	CONDITIONAL_JUMP:00055bea
0x055BC2	322D10EC	move.w	(0x10ec,A5), D1w	FUN_00055bb6	DATA:000010ec
0x055BC6	302D10D8	move.w	(0x10d8,A5), D0w	FUN_00055bb6	DATA:000010d8
0x055BCA	906D10F0	sub.w	(0x10f0,A5), D0w	FUN_00055bb6	DATA:000010f0
0x055BCE	3400	move.w	D0w, D2w	FUN_00055bb6	
0x055BD0	E248	lsr.w	#0x1, D0w	FUN_00055bb6	
0x055BD2	02420001	andi.w	#0x1, D2w	FUN_00055bb6	
0x055BD6	0A42FFFF	eori.w	#-0x1, D2w	FUN_00055bb6	
0x055BDA	5242	addq.w	0x1, D2w	FUN_00055bb6	
0x055BDC	3B4210F0	move.w	D2w, (0x10f0,A5)	FUN_00055bb6	DATA:000010f0
0x055BE0	D240	add.w	D0w, D1w	FUN_00055bb6	
0x055BE2	024101FF	andi.w	#0x1ff, D1w	FUN_00055bb6	
0x055BE6	3B4110EC	move.w	D1w, (0x10ec,A5)	FUN_00055bb6	DATA:000010ec
0x055BEA	4E75	rts		FUN_00055bb6	
0x055BEC	0C6D001010F6	cmpi.w	#0x10, (0x10f6,A5)	FUN_00055bec	DATA:000010f6
0x055BF2	661E	bne.b	0x00055c12	FUN_00055bec	CONDITIONAL_JUMP:00055c12
0x055BF4	6100001E	bsr.w	0x00055c14	FUN_00055bec	UNCONDITIONAL_CALL:00055c14
0x055BF8	61000034	bsr.w	0x00055c2e	FUN_00055bec	UNCONDITIONAL_CALL:00055c2e
0x055BFC	302D10F4	move.w	(0x10f4,A5), D0w	FUN_00055bec	DATA:000010f4
0x055C00	5240	addq.w	0x1, D0w	FUN_00055bec	
0x055C02	3B4010F4	move.w	D0w, (0x10f4,A5)	FUN_00055bec	DATA:000010f4
0x055C06	0C400004	cmpi.w	#0x4, D0w	FUN_00055bec	
0x055C0A	66000006	bne.w	0x00055c12	FUN_00055bec	CONDITIONAL_JUMP:00055c12
0x055C0E	61000012	bsr.w	0x00055c22	FUN_00055bec	UNCONDITIONAL_CALL:00055c22
0x055C12	4E75	rts		FUN_00055bec	
0x055C14	207C0010D0FC	movea.l	#0x10d0fc, A0	FUN_00055c14	
0x055C1A	5C90	addq.l	0x6, (A0)	FUN_00055c14	READ_WRITE:0010d0fc
0x055C1C	426D10F6	clr.w	(0x10f6,A5)	FUN_00055c14	DATA:000010f6
0x055C20	4E75	rts		FUN_00055c14	
0x055C22	426D10F4	clr.w	(0x10f4,A5)	FUN_00055c22	DATA:000010f4
0x055C26	3B7C000113B0	move.w	#0x1, (0x13b0,A5)	FUN_00055c22	DATA:000013b0
0x055C2C	4E75	rts		FUN_00055c22	
0x055C2E	207C0010D0FC	movea.l	#0x10d0fc, A0	FUN_00055c2e	
0x055C34	227C0010D100	movea.l	#0x10d100, A1	FUN_00055c2e	
0x055C3A	247C0010D104	movea.l	#0x10d104, A2	FUN_00055c2e	
0x055C40	2850	movea.l	(A0), A4	FUN_00055c2e	READ:0010d0fc
0x055C42	34D4	move.w	(A4), (A2)+	FUN_00055c2e	WRITE:0010d104
0x055C44	22EC0002	move.l	(0x2,A4), (A1)+	FUN_00055c2e	WRITE:0010d100
0x055C48	4E75	rts		FUN_00055c2e	
0x055C4A	202D10FC	move.l	(0x10fc,A5), D0	FUN_00055c4a	DATA:000010fc
0x055C4E	2B401126	move.l	D0, (0x1126,A5)	FUN_00055c4a	DATA:00001126
0x055C52	6100000A	bsr.w	0x00055c5e	FUN_00055c4a	UNCONDITIONAL_CALL:00055c5e
0x055C56	526D10F6	addq.w	0x1, (0x10f6,A5)	FUN_00055c4a	DATA:000010f6
0x055C5A	6190	bsr.b	0x00055bec	FUN_00055c4a	UNCONDITIONAL_CALL:00055bec
0x055C5C	4E75	rts		FUN_00055c4a	
0x055C5E	206D10F8	movea.l	(0x10f8,A5), A0	FUN_00055c5e	DATA:000010f8
0x055C62	227C0010D104	movea.l	#0x10d104, A1	FUN_00055c5e	
0x055C68	267C0010D100	movea.l	#0x10d100, A3	FUN_00055c5e	
0x055C6E	2453	movea.l	(A3), A2	FUN_00055c5e	READ:0010d100
0x055C70	61000008	bsr.w	0x00055c7a	FUN_00055c5e	UNCONDITIONAL_CALL:00055c7a
0x055C74	2B4810F8	move.l	A0, (0x10f8,A5)	FUN_00055c5e	DATA:000010f8
0x055C78	4E75	rts		FUN_00055c5e	
0x055C7A	4242	clr.w	D2w	FUN_00055c7a	
0x055C7C	30D1	move.w	(A1), (A0)+	FUN_00055c7a	
0x055C7E	3E02	move.w	D2w, D7w	FUN_00055c7a	
0x055C80	EB4F	lsl.w	#0x5, D7w	FUN_00055c7a	
0x055C82	302D10F6	move.w	(0x10f6,A5), D0w	FUN_00055c7a	DATA:000010f6
0x055C86	E348	lsl.w	#0x1, D0w	FUN_00055c7a	
0x055C88	DE40	add.w	D0w, D7w	FUN_00055c7a	
0x055C8A	4DF27000	lea	(0x0,A2,D7w*0x1), A6	FUN_00055c7a	
0x055C8E	3016	move.w	(A6), D0w	FUN_00055c7a	
0x055C90	3080	move.w	D0w, (A0)	FUN_00055c7a	
0x055C92	D1FC000000FE	adda.l	#0xfe, A0	FUN_00055c7a	
0x055C98	5242	addq.w	0x1, D2w	FUN_00055c7a	
0x055C9A	0C420040	cmpi.w	#0x40, D2w	FUN_00055c7a	
0x055C9E	66DC	bne.b	0x00055c7c	FUN_00055c7a	CONDITIONAL_JUMP:00055c7c
0x055CA0	4E75	rts		FUN_00055c7a	
0x055CA2	0C6D0000004A	cmpi.w	#0x0, (0x4a,A5)	FUN_00055ca2	
0x055CA8	6700012C	beq.w	0x00055dd6	FUN_00055ca2	CONDITIONAL_JUMP:00055dd6
0x055CAC	0C6D00AA004A	cmpi.w	#0xaa, (0x4a,A5)	FUN_00055ca2	
0x055CB2	6622	bne.b	0x00055cd6	FUN_00055ca2	CONDITIONAL_JUMP:00055cd6
0x055CB4	0C6D003C13CC	cmpi.w	#0x3c, (0x13cc,A5)	FUN_00055ca2	DATA:000013cc
0x055CBA	6612	bne.b	0x00055cce	FUN_00055ca2	CONDITIONAL_JUMP:00055cce
0x055CBC	13FC00AA0010FFFF	move.b	#-0x56, (0x0010ffff).l	FUN_00055ca2	WRITE:0010ffff
0x055CC4	3B7C0000004A	move.w	#0x0, (0x4a,A5)	FUN_00055ca2	
0x055CCA	6000010A	bra.w	0x00055dd6	FUN_00055ca2	UNCONDITIONAL_JUMP:00055dd6
0x055CCE	526D13CC	addq.w	0x1, (0x13cc,A5)	FUN_00055ca2	DATA:000013cc
0x055CD2	60000106	bra.w	0x00055dda	FUN_00055ca2	UNCONDITIONAL_JUMP:00055dda
0x055CD6	0C6D0001004A	cmpi.w	#0x1, (0x4a,A5)	FUN_00055ca2	
0x055CDC	6612	bne.b	0x00055cf0	FUN_00055ca2	CONDITIONAL_JUMP:00055cf0
0x055CDE	13FC00010010FFFF	move.b	#0x1, (0x0010ffff).l	FUN_00055ca2	WRITE:0010ffff
0x055CE6	3B7C0000004A	move.w	#0x0, (0x4a,A5)	FUN_00055ca2	
0x055CEC	600000E8	bra.w	0x00055dd6	FUN_00055ca2	UNCONDITIONAL_JUMP:00055dd6
0x055CF0	0C6D0002004A	cmpi.w	#0x2, (0x4a,A5)	FUN_00055ca2	
0x055CF6	6612	bne.b	0x00055d0a	FUN_00055ca2	CONDITIONAL_JUMP:00055d0a
0x055CF8	13FC00020010FFFF	move.b	#0x2, (0x0010ffff).l	FUN_00055ca2	WRITE:0010ffff
0x055D00	3B7C0000004A	move.w	#0x0, (0x4a,A5)	FUN_00055ca2	
0x055D06	600000CE	bra.w	0x00055dd6	FUN_00055ca2	UNCONDITIONAL_JUMP:00055dd6
0x055D0A	0C6D0003004A	cmpi.w	#0x3, (0x4a,A5)	FUN_00055ca2	
0x055D10	6612	bne.b	0x00055d24	FUN_00055ca2	CONDITIONAL_JUMP:00055d24
0x055D12	13FC00030010FFFF	move.b	#0x3, (0x0010ffff).l	FUN_00055ca2	WRITE:0010ffff
0x055D1A	3B7C0000004A	move.w	#0x0, (0x4a,A5)	FUN_00055ca2	
0x055D20	600000B4	bra.w	0x00055dd6	FUN_00055ca2	UNCONDITIONAL_JUMP:00055dd6
0x055D24	0C6D000E004A	cmpi.w	#0xe, (0x4a,A5)	FUN_00055ca2	
0x055D2A	6612	bne.b	0x00055d3e	FUN_00055ca2	CONDITIONAL_JUMP:00055d3e
0x055D2C	13FC000E0010FFFF	move.b	#0xe, (0x0010ffff).l	FUN_00055ca2	WRITE:0010ffff
0x055D34	3B7C0020004A	move.w	#0x20, (0x4a,A5)	FUN_00055ca2	
0x055D3A	6000009E	bra.w	0x00055dda	FUN_00055ca2	UNCONDITIONAL_JUMP:00055dda
0x055D3E	0C6D000F004A	cmpi.w	#0xf, (0x4a,A5)	FUN_00055ca2	
0x055D44	6612	bne.b	0x00055d58	FUN_00055ca2	CONDITIONAL_JUMP:00055d58
0x055D46	13FC000F0010FFFF	move.b	#0xf, (0x0010ffff).l	FUN_00055ca2	WRITE:0010ffff
0x055D4E	3B7C0020004A	move.w	#0x20, (0x4a,A5)	FUN_00055ca2	
0x055D54	60000084	bra.w	0x00055dda	FUN_00055ca2	UNCONDITIONAL_JUMP:00055dda
0x055D58	0C6D0012004A	cmpi.w	#0x12, (0x4a,A5)	FUN_00055ca2	
0x055D5E	6612	bne.b	0x00055d72	FUN_00055ca2	CONDITIONAL_JUMP:00055d72
0x055D60	13FC00120010FFFF	move.b	#0x12, (0x0010ffff).l	FUN_00055ca2	WRITE:0010ffff
0x055D68	3B7C0000004A	move.w	#0x0, (0x4a,A5)	FUN_00055ca2	
0x055D6E	60000066	bra.w	0x00055dd6	FUN_00055ca2	UNCONDITIONAL_JUMP:00055dd6
0x055D72	0C6D0013004A	cmpi.w	#0x13, (0x4a,A5)	FUN_00055ca2	
0x055D78	6612	bne.b	0x00055d8c	FUN_00055ca2	CONDITIONAL_JUMP:00055d8c
0x055D7A	13FC00130010FFFF	move.b	#0x13, (0x0010ffff).l	FUN_00055ca2	WRITE:0010ffff
0x055D82	3B7C0000004A	move.w	#0x0, (0x4a,A5)	FUN_00055ca2	
0x055D88	6000004C	bra.w	0x00055dd6	FUN_00055ca2	UNCONDITIONAL_JUMP:00055dd6
0x055D8C	0C6D001F004A	cmpi.w	#0x1f, (0x4a,A5)	FUN_00055ca2	
0x055D92	6610	bne.b	0x00055da4	FUN_00055ca2	CONDITIONAL_JUMP:00055da4
0x055D94	13FC001F0010FFFF	move.b	#0x1f, (0x0010ffff).l	FUN_00055ca2	WRITE:0010ffff
0x055D9C	3B7C0000004A	move.w	#0x0, (0x4a,A5)	FUN_00055ca2	
0x055DA2	6032	bra.b	0x00055dd6	FUN_00055ca2	UNCONDITIONAL_JUMP:00055dd6
0x055DA4	0C6D0020004A	cmpi.w	#0x20, (0x4a,A5)	FUN_00055ca2	
0x055DAA	662A	bne.b	0x00055dd6	FUN_00055ca2	CONDITIONAL_JUMP:00055dd6
0x055DAC	0C6D000513CC	cmpi.w	#0x5, (0x13cc,A5)	FUN_00055ca2	DATA:000013cc
0x055DB2	671A	beq.b	0x00055dce	FUN_00055ca2	CONDITIONAL_JUMP:00055dce
0x055DB4	41F90010C04C	lea	(0x10c04c).l, A0	FUN_00055ca2	DATA:0010c04c
0x055DBA	302D13CC	move.w	(0x13cc,A5), D0w	FUN_00055ca2	DATA:000013cc
0x055DBE	12300000	move.b	(0x0,A0,D0w*0x1), D1b	FUN_00055ca2	DATA:0010c04c
0x055DC2	13C10010FFFF	move.b	D1b, (0x0010ffff).l	FUN_00055ca2	WRITE:0010ffff
0x055DC8	526D13CC	addq.w	0x1, (0x13cc,A5)	FUN_00055ca2	DATA:000013cc
0x055DCC	600C	bra.b	0x00055dda	FUN_00055ca2	UNCONDITIONAL_JUMP:00055dda
0x055DCE	3B7C0000004A	move.w	#0x0, (0x4a,A5)	FUN_00055ca2	
0x055DD4	4E71	nop		FUN_00055ca2	
0x055DD6	426D13CC	clr.w	(0x13cc,A5)	FUN_00055ca2	DATA:000013cc
0x055DDA	4E75	rts		FUN_00055ca2	
0x0565A6	4420	neg.b	-(A0)	shared_pc080sn_text_writer_565a6	
0x0565A8	5355	subq.w	0x1, (A5)	shared_pc080sn_text_writer_565a6	
0x057284	610001C8	bsr.w	0x0005744e		UNCONDITIONAL_CALL:0005744e
0x057288	6100021A	bsr.w	0x000574a4		UNCONDITIONAL_CALL:000574a4
0x05728C	303C0020	move.w	#0x20, D0w		
0x057290	4EB90003A0EC	jsr	0x0003a0ec.l		UNCONDITIONAL_CALL:0003a0ec
0x057296	3B7C000313DA	move.w	#0x3, (0x13da,A5)		DATA:000013da
0x05729C	426D13DC	clr.w	(0x13dc,A5)		DATA:000013dc
0x0572A0	60000198	bra.w	0x0005743a		UNCONDITIONAL_JUMP:0005743a
0x0572C4	13E6426D13DC	move.b	-(A6), (0x426d13dc).l		WRITE:426d13dc
0x0572CA	3B7C000413DA	move.w	#0x4, (0x13da,A5)		DATA:000013da
0x0572D0	60000168	bra.w	0x0005743a		UNCONDITIONAL_JUMP:0005743a
0x05743A	4E75	rts			
0x05743C	206A0000	movea.l	(0x0,A2), A0	FUN_0005743c	
0x057440	226A0004	movea.l	(0x4,A2), A1	FUN_0005743c	
0x057444	302A0008	move.w	(0x8,A2), D0w	FUN_0005743c	
0x057448	322A000A	move.w	(0xa,A2), D1w	FUN_0005743c	
0x05744C	4E75	rts		FUN_0005743c	
0x05744E	3B7C016010EC	move.w	#0x160, (0x10ec,A5)	FUN_0005744e	DATA:000010ec
0x057454	4EB900055AB4	jsr	0x00055ab4.l	FUN_0005744e	UNCONDITIONAL_CALL:00055ab4
0x05745A	247C0005816A	movea.l	#0x5816a, A2	FUN_0005744e	
0x057460	61DA	bsr.b	0x0005743c	FUN_0005744e	UNCONDITIONAL_CALL:0005743c
0x057462	343C0004	move.w	#0x4, D2w	FUN_0005744e	
0x057466	4EB90005A4DE	jsr	0x0005a4de.l	FUN_0005744e	UNCONDITIONAL_CALL:0005a4de
0x05746C	247C00058176	movea.l	#0x58176, A2	FUN_0005744e	
0x057472	61C8	bsr.b	0x0005743c	FUN_0005744e	UNCONDITIONAL_CALL:0005743c
0x057474	343C0004	move.w	#0x4, D2w	FUN_0005744e	
0x057478	4EB90005A4DE	jsr	0x0005a4de.l	FUN_0005744e	UNCONDITIONAL_CALL:0005a4de
0x05747E	247C00058182	movea.l	#0x58182, A2	FUN_0005744e	
0x057484	61B6	bsr.b	0x0005743c	FUN_0005744e	UNCONDITIONAL_CALL:0005743c
0x057486	343C0005	move.w	#0x5, D2w	FUN_0005744e	
0x05748A	4EB90005A4DE	jsr	0x0005a4de.l	FUN_0005744e	UNCONDITIONAL_CALL:0005a4de
0x057490	247C0005818E	movea.l	#0x5818e, A2	FUN_0005744e	
0x057496	61A4	bsr.b	0x0005743c	FUN_0005744e	UNCONDITIONAL_CALL:0005743c
0x057498	343C0005	move.w	#0x5, D2w	FUN_0005744e	
0x05749C	4EB90005A4DE	jsr	0x0005a4de.l	FUN_0005744e	UNCONDITIONAL_CALL:0005a4de
0x0574A2	4E75	rts		FUN_0005744e	
0x0574A4	247C0005819A	movea.l	#0x5819a, A2	FUN_000574a4	
0x0574AA	6190	bsr.b	0x0005743c	FUN_000574a4	UNCONDITIONAL_CALL:0005743c
0x0574AC	343C0006	move.w	#0x6, D2w	FUN_000574a4	
0x0574B0	4EB90005A4DE	jsr	0x0005a4de.l	FUN_000574a4	UNCONDITIONAL_CALL:0005a4de
0x0574B6	4E75	rts		FUN_000574a4	
0x0596F4	0C6D00011360	cmpi.w	#0x1, (0x1360,A5)	FUN_000596f4	DATA:00001360
0x0596FA	6670	bne.b	0x0005976c	FUN_000596f4	CONDITIONAL_JUMP:0005976c
0x0596FC	207C0005976E	movea.l	#0x5976e, A0	FUN_000596f4	
0x059702	4240	clr.w	D0w	FUN_000596f4	
0x059704	10390010C118	move.b	(0x0010c118).l, D0b	FUN_000596f4	READ:0010c118
0x05970A	5340	subq.w	0x1, D0w	FUN_000596f4	
0x05970C	C0FC0006	mulu.w	#0x6, D0	FUN_000596f4	
0x059710	41F00000	lea	(0x0,A0,D0w*0x1), A0	FUN_000596f4	
0x059714	3C280004	move.w	(0x4,A0), D6w	FUN_000596f4	DATA:00059772
0x059718	2050	movea.l	(A0), A0	FUN_000596f4	DATA:0005976e
0x05971A	38280000	move.w	(0x0,A0), D4w	FUN_000596f4	
0x05971E	0C440000	cmpi.w	#0x0, D4w	FUN_000596f4	
0x059722	6748	beq.b	0x0005976c	FUN_000596f4	CONDITIONAL_JUMP:0005976c
0x059724	34280002	move.w	(0x2,A0), D2w	FUN_000596f4	
0x059728	5888	addq.l	0x4, A0	FUN_000596f4	
0x05972A	3A2D1362	move.w	(0x1362,A5), D5w	FUN_000596f4	DATA:00001362
0x05972E	E44D	lsr.w	#0x2, D5w	FUN_000596f4	
0x059730	E34D	lsl.w	#0x1, D5w	FUN_000596f4	
0x059732	06450008	addi.w	#0x8, D5w	FUN_000596f4	
0x059736	3604	move.w	D4w, D3w	FUN_000596f4	
0x059738	22680000	movea.l	(0x0,A0), A1	FUN_000596f4	
0x05973C	32C6	move.w	D6w, (A1)+	FUN_000596f4	
0x05973E	45F05000	lea	(0x0,A0,D5w*0x1), A2	FUN_000596f4	
0x059742	3012	move.w	(A2), D0w	FUN_000596f4	
0x059744	3280	move.w	D0w, (A1)	FUN_000596f4	
0x059746	22680004	movea.l	(0x4,A0), A1	FUN_000596f4	
0x05974A	32C6	move.w	D6w, (A1)+	FUN_000596f4	
0x05974C	3280	move.w	D0w, (A1)	FUN_000596f4	
0x05974E	5342	subq.w	0x1, D2w	FUN_000596f4	
0x059750	6708	beq.b	0x0005975a	FUN_000596f4	CONDITIONAL_JUMP:0005975a
0x059752	5843	addq.w	0x4, D3w	FUN_000596f4	
0x059754	E34B	lsl.w	#0x1, D3w	FUN_000596f4	
0x059756	D0C3	adda.w	D3w, A0	FUN_000596f4	
0x059758	60DC	bra.b	0x00059736	FUN_000596f4	UNCONDITIONAL_JUMP:00059736
0x05975A	526D1362	addq.w	0x1, (0x1362,A5)	FUN_000596f4	DATA:00001362
0x05975E	3A2D1362	move.w	(0x1362,A5), D5w	FUN_000596f4	DATA:00001362
0x059762	E44D	lsr.w	#0x2, D5w	FUN_000596f4	
0x059764	B845	cmp.w	D5w, D4w	FUN_000596f4	
0x059766	6604	bne.b	0x0005976c	FUN_000596f4	CONDITIONAL_JUMP:0005976c
0x059768	426D1362	clr.w	(0x1362,A5)	FUN_000596f4	DATA:00001362
0x05976C	4E75	rts		FUN_000596f4	
0x059882	610000DE	bsr.w	0x00059962	FUN_00059882	UNCONDITIONAL_CALL:00059962
0x059886	6100012A	bsr.w	0x000599b2	FUN_00059882	UNCONDITIONAL_CALL:000599b2
0x05988A	4E75	rts		FUN_00059882	
0x05988C	0C6D0000136A	cmpi.w	#0x0, (0x136a,A5)	FUN_0005988c	DATA:0000136a
0x059892	673C	beq.b	0x000598d0	FUN_0005988c	CONDITIONAL_JUMP:000598d0
0x059894	0C6D00011366	cmpi.w	#0x1, (0x1366,A5)	FUN_0005988c	DATA:00001366
0x05989A	6672	bne.b	0x0005990e	FUN_0005988c	CONDITIONAL_JUMP:0005990e
0x05989C	0C6D00001368	cmpi.w	#0x0, (0x1368,A5)	FUN_0005988c	DATA:00001368
0x0598A2	6624	bne.b	0x000598c8	FUN_0005988c	CONDITIONAL_JUMP:000598c8
0x0598A4	41F900059910	lea	(0x59910).l, A0	FUN_0005988c	DATA:00059910
0x0598AA	302D02A2	move.w	(0x2a2,A5), D0w	FUN_0005988c	
0x0598AE	02400003	andi.w	#0x3, D0w	FUN_0005988c	
0x0598B2	E348	lsl.w	#0x1, D0w	FUN_0005988c	
0x0598B4	267C00059950	movea.l	#0x59950, A3	FUN_0005988c	
0x0598BA	47F30000	lea	(0x0,A3,D0w*0x1), A3	FUN_0005988c	
0x0598BE	3013	move.w	(A3), D0w	FUN_0005988c	DATA:00059950
0x0598C0	4241	clr.w	D1w	FUN_0005988c	
0x0598C2	61000210	bsr.w	0x00059ad4	FUN_0005988c	UNCONDITIONAL_CALL:00059ad4
0x0598C6	602E	bra.b	0x000598f6	FUN_0005988c	UNCONDITIONAL_JUMP:000598f6
0x0598C8	0C6D00101368	cmpi.w	#0x10, (0x1368,A5)	FUN_0005988c	DATA:00001368
0x0598CE	6626	bne.b	0x000598f6	FUN_0005988c	CONDITIONAL_JUMP:000598f6
0x0598D0	41F900059910	lea	(0x59910).l, A0	FUN_0005988c	DATA:00059910
0x0598D6	302D02A2	move.w	(0x2a2,A5), D0w	FUN_0005988c	
0x0598DA	02400003	andi.w	#0x3, D0w	FUN_0005988c	
0x0598DE	E348	lsl.w	#0x1, D0w	FUN_0005988c	
0x0598E0	267C00059950	movea.l	#0x59950, A3	FUN_0005988c	
0x0598E6	47F30000	lea	(0x0,A3,D0w*0x1), A3	FUN_0005988c	
0x0598EA	3013	move.w	(A3), D0w	FUN_0005988c	DATA:00059950
0x0598EC	323C0001	move.w	#0x1, D1w	FUN_0005988c	
0x0598F0	610001E2	bsr.w	0x00059ad4	FUN_0005988c	UNCONDITIONAL_CALL:00059ad4
0x0598F4	4E71	nop		FUN_0005988c	
0x0598F6	0C6D00501368	cmpi.w	#0x50, (0x1368,A5)	FUN_0005988c	DATA:00001368
0x0598FC	660C	bne.b	0x0005990a	FUN_0005988c	CONDITIONAL_JUMP:0005990a
0x0598FE	426D1368	clr.w	(0x1368,A5)	FUN_0005988c	DATA:00001368
0x059902	3B7C00FF1366	move.w	#0xff, (0x1366,A5)	FUN_0005988c	DATA:00001366
0x059908	6004	bra.b	0x0005990e	FUN_0005988c	UNCONDITIONAL_JUMP:0005990e
0x05990A	526D1368	addq.w	0x1, (0x1368,A5)	FUN_0005988c	DATA:00001368
0x05990E	4E75	rts		FUN_0005988c	
0x059962	0C6D000812EE	cmpi.w	#0x8, (0x12ee,A5)	FUN_00059962	DATA:000012ee
0x059968	6646	bne.b	0x000599b0	FUN_00059962	CONDITIONAL_JUMP:000599b0
0x05996A	41F900059B1A	lea	(0x59b1a).l, A0	FUN_00059962	DATA:00059b1a
0x059970	4240	clr.w	D0w	FUN_00059962	
0x059972	102D0118	move.b	(0x118,A5), D0b	FUN_00059962	
0x059976	5340	subq.w	0x1, D0w	FUN_00059962	
0x059978	E348	lsl.w	#0x1, D0w	FUN_00059962	
0x05997A	267C00059A98	movea.l	#0x59a98, A3	FUN_00059962	
0x059980	47F30000	lea	(0x0,A3,D0w*0x1), A3	FUN_00059962	
0x059984	3013	move.w	(A3), D0w	FUN_00059962	DATA:00059a98
0x059986	322D12E8	move.w	(0x12e8,A5), D1w	FUN_00059962	DATA:000012e8
0x05998A	02410007	andi.w	#0x7, D1w	FUN_00059962	
0x05998E	0C410000	cmpi.w	#0x0, D1w	FUN_00059962	
0x059992	660A	bne.b	0x0005999e	FUN_00059962	CONDITIONAL_JUMP:0005999e
0x059994	322D12E8	move.w	(0x12e8,A5), D1w	FUN_00059962	DATA:000012e8
0x059998	E649	lsr.w	#0x3, D1w	FUN_00059962	
0x05999A	61000138	bsr.w	0x00059ad4	FUN_00059962	UNCONDITIONAL_CALL:00059ad4
0x05999E	0C6D001712E8	cmpi.w	#0x17, (0x12e8,A5)	FUN_00059962	DATA:000012e8
0x0599A4	6606	bne.b	0x000599ac	FUN_00059962	CONDITIONAL_JUMP:000599ac
0x0599A6	426D12E8	clr.w	(0x12e8,A5)	FUN_00059962	DATA:000012e8
0x0599AA	6004	bra.b	0x000599b0	FUN_00059962	UNCONDITIONAL_JUMP:000599b0
0x0599AC	526D12E8	addq.w	0x1, (0x12e8,A5)	FUN_00059962	DATA:000012e8
0x0599B0	4E75	rts		FUN_00059962	
0x0599B2	0C6D000912EE	cmpi.w	#0x9, (0x12ee,A5)	FUN_000599b2	DATA:000012ee
0x0599B8	660000DC	bne.w	0x00059a96	FUN_000599b2	CONDITIONAL_JUMP:00059a96
0x0599BC	322D12EA	move.w	(0x12ea,A5), D1w	FUN_000599b2	DATA:000012ea
0x0599C0	02410007	andi.w	#0x7, D1w	FUN_000599b2	
0x0599C4	0C410000	cmpi.w	#0x0, D1w	FUN_000599b2	
0x0599C8	660000BA	bne.w	0x00059a84	FUN_000599b2	CONDITIONAL_JUMP:00059a84
0x0599CC	41F900059B7A	lea	(0x59b7a).l, A0	FUN_000599b2	DATA:00059b7a
0x0599D2	4240	clr.w	D0w	FUN_000599b2	
0x0599D4	102D0118	move.b	(0x118,A5), D0b	FUN_000599b2	
0x0599D8	5340	subq.w	0x1, D0w	FUN_000599b2	
0x0599DA	C0FC0008	mulu.w	#0x8, D0	FUN_000599b2	
0x0599DE	267C00059AA4	movea.l	#0x59aa4, A3	FUN_000599b2	
0x0599E4	47F30000	lea	(0x0,A3,D0w*0x1), A3	FUN_000599b2	
0x0599E8	3013	move.w	(A3), D0w	FUN_000599b2	DATA:00059aa4
0x0599EA	322D12EA	move.w	(0x12ea,A5), D1w	FUN_000599b2	DATA:000012ea
0x0599EE	E649	lsr.w	#0x3, D1w	FUN_000599b2	
0x0599F0	610000E2	bsr.w	0x00059ad4	FUN_000599b2	UNCONDITIONAL_CALL:00059ad4
0x0599F4	41F900059B7A	lea	(0x59b7a).l, A0	FUN_000599b2	DATA:00059b7a
0x0599FA	4240	clr.w	D0w	FUN_000599b2	
0x0599FC	102D0118	move.b	(0x118,A5), D0b	FUN_000599b2	
0x059A00	5340	subq.w	0x1, D0w	FUN_000599b2	
0x059A02	C0FC0008	mulu.w	#0x8, D0	FUN_000599b2	
0x059A06	5440	addq.w	0x2, D0w	FUN_000599b2	
0x059A08	267C00059AA4	movea.l	#0x59aa4, A3	FUN_000599b2	
0x059A0E	47F30000	lea	(0x0,A3,D0w*0x1), A3	FUN_000599b2	
0x059A12	3013	move.w	(A3), D0w	FUN_000599b2	DATA:00059aa4
0x059A14	322D12EA	move.w	(0x12ea,A5), D1w	FUN_000599b2	DATA:000012ea
0x059A18	E649	lsr.w	#0x3, D1w	FUN_000599b2	
0x059A1A	5641	addq.w	0x3, D1w	FUN_000599b2	
0x059A1C	02410003	andi.w	#0x3, D1w	FUN_000599b2	
0x059A20	610000B2	bsr.w	0x00059ad4	FUN_000599b2	UNCONDITIONAL_CALL:00059ad4
0x059A24	41F900059B7A	lea	(0x59b7a).l, A0	FUN_000599b2	DATA:00059b7a
0x059A2A	4240	clr.w	D0w	FUN_000599b2	
0x059A2C	102D0118	move.b	(0x118,A5), D0b	FUN_000599b2	
0x059A30	5340	subq.w	0x1, D0w	FUN_000599b2	
0x059A32	C0FC0008	mulu.w	#0x8, D0	FUN_000599b2	
0x059A36	5840	addq.w	0x4, D0w	FUN_000599b2	
0x059A38	267C00059AA4	movea.l	#0x59aa4, A3	FUN_000599b2	
0x059A3E	47F30000	lea	(0x0,A3,D0w*0x1), A3	FUN_000599b2	
0x059A42	3013	move.w	(A3), D0w	FUN_000599b2	DATA:00059aa4
0x059A44	322D12EA	move.w	(0x12ea,A5), D1w	FUN_000599b2	DATA:000012ea
0x059A48	E649	lsr.w	#0x3, D1w	FUN_000599b2	
0x059A4A	5441	addq.w	0x2, D1w	FUN_000599b2	
0x059A4C	02410003	andi.w	#0x3, D1w	FUN_000599b2	
0x059A50	61000082	bsr.w	0x00059ad4	FUN_000599b2	UNCONDITIONAL_CALL:00059ad4
0x059A54	41F900059B7A	lea	(0x59b7a).l, A0	FUN_000599b2	DATA:00059b7a
0x059A5A	4240	clr.w	D0w	FUN_000599b2	
0x059A5C	102D0118	move.b	(0x118,A5), D0b	FUN_000599b2	
0x059A60	5340	subq.w	0x1, D0w	FUN_000599b2	
0x059A62	C0FC0008	mulu.w	#0x8, D0	FUN_000599b2	
0x059A66	5C40	addq.w	0x6, D0w	FUN_000599b2	
0x059A68	267C00059AA4	movea.l	#0x59aa4, A3	FUN_000599b2	
0x059A6E	47F30000	lea	(0x0,A3,D0w*0x1), A3	FUN_000599b2	
0x059A72	3013	move.w	(A3), D0w	FUN_000599b2	DATA:00059aa4
0x059A74	322D12EA	move.w	(0x12ea,A5), D1w	FUN_000599b2	DATA:000012ea
0x059A78	E649	lsr.w	#0x3, D1w	FUN_000599b2	
0x059A7A	5241	addq.w	0x1, D1w	FUN_000599b2	
0x059A7C	02410003	andi.w	#0x3, D1w	FUN_000599b2	
0x059A80	61000052	bsr.w	0x00059ad4	FUN_000599b2	UNCONDITIONAL_CALL:00059ad4
0x059A84	0C6D001F12EA	cmpi.w	#0x1f, (0x12ea,A5)	FUN_000599b2	DATA:000012ea
0x059A8A	6606	bne.b	0x00059a92	FUN_000599b2	CONDITIONAL_JUMP:00059a92
0x059A8C	426D12EA	clr.w	(0x12ea,A5)	FUN_000599b2	DATA:000012ea
0x059A90	6004	bra.b	0x00059a96	FUN_000599b2	UNCONDITIONAL_JUMP:00059a96
0x059A92	526D12EA	addq.w	0x1, (0x12ea,A5)	FUN_000599b2	DATA:000012ea
0x059A96	4E75	rts		FUN_000599b2	
0x059AD4	C2FC0020	mulu.w	#0x20, D1	FUN_00059ad4	
0x059AD8	D0C1	adda.w	D1w, A0	FUN_00059ad4	
0x059ADA	EB48	lsl.w	#0x5, D0w	FUN_00059ad4	
0x059ADC	4246	clr.w	D6w	FUN_00059ad4	
0x059ADE	227C00200000	movea.l	#0x200000, A1	FUN_00059ad4	
0x059AE4	D2C0	adda.w	D0w, A1	FUN_00059ad4	
0x059AE6	3218	move.w	(A0)+, D1w	FUN_00059ad4	
0x059AE8	0C41FFFF	cmpi.w	#-0x1, D1w	FUN_00059ad4	
0x059AEC	671E	beq.b	0x00059b0c	FUN_00059ad4	CONDITIONAL_JUMP:00059b0c
0x059AEE	3401	move.w	D1w, D2w	FUN_00059ad4	
0x059AF0	3601	move.w	D1w, D3w	FUN_00059ad4	
0x059AF2	02410F00	andi.w	#0xf00, D1w	FUN_00059ad4	
0x059AF6	EE49	lsr.w	#0x7, D1w	FUN_00059ad4	
0x059AF8	024200F0	andi.w	#0xf0, D2w	FUN_00059ad4	
0x059AFC	E54A	lsl.w	#0x2, D2w	FUN_00059ad4	
0x059AFE	0243000F	andi.w	#0xf, D3w	FUN_00059ad4	
0x059B02	E14B	lsl.w	#0x8, D3w	FUN_00059ad4	
0x059B04	E74B	lsl.w	#0x3, D3w	FUN_00059ad4	
0x059B06	D641	add.w	D1w, D3w	FUN_00059ad4	
0x059B08	D642	add.w	D2w, D3w	FUN_00059ad4	
0x059B0A	3283	move.w	D3w, (A1)	FUN_00059ad4	DATA:00200000;DATA:00200002
0x059B0C	0C46000F	cmpi.w	#0xf, D6w	FUN_00059ad4	
0x059B10	6706	beq.b	0x00059b18	FUN_00059ad4	CONDITIONAL_JUMP:00059b18
0x059B12	5246	addq.w	0x1, D6w	FUN_00059ad4	
0x059B14	5489	addq.l	0x2, A1	FUN_00059ad4	
0x059B16	60CE	bra.b	0x00059ae6	FUN_00059ad4	UNCONDITIONAL_JUMP:00059ae6
0x059B18	4E75	rts		FUN_00059ad4	
0x059DE8	0C6D000113B0	cmpi.w	#0x1, (0x13b0,A5)	FUN_00059de8	DATA:000013b0
0x059DEE	6626	bne.b	0x00059e16	FUN_00059de8	CONDITIONAL_JUMP:00059e16
0x059DF0	6100002C	bsr.w	0x00059e1e	FUN_00059de8	UNCONDITIONAL_CALL:00059e1e
0x059DF4	61000040	bsr.w	0x00059e36	FUN_00059de8	UNCONDITIONAL_CALL:00059e36
0x059DF8	4245	clr.w	D5w	FUN_00059de8	
0x059DFA	61000070	bsr.w	0x00059e6c	FUN_00059de8	UNCONDITIONAL_CALL:00059e6c
0x059DFE	61000050	bsr.w	0x00059e50	FUN_00059de8	UNCONDITIONAL_CALL:00059e50
0x059E02	322D13AE	move.w	(0x13ae,A5), D1w	FUN_00059de8	DATA:000013ae
0x059E06	4EB900059AD4	jsr	0x00059ad4.l	FUN_00059de8	UNCONDITIONAL_CALL:00059ad4
0x059E0C	5245	addq.w	0x1, D5w	FUN_00059de8	
0x059E0E	302D13D6	move.w	(0x13d6,A5), D0w	FUN_00059de8	DATA:000013d6
0x059E12	BA40	cmp.w	D0w, D5w	FUN_00059de8	
0x059E14	66E4	bne.b	0x00059dfa	FUN_00059de8	CONDITIONAL_JUMP:00059dfa
0x059E16	3B7C00FF13B0	move.w	#0xff, (0x13b0,A5)	FUN_00059de8	DATA:000013b0
0x059E1C	4E75	rts		FUN_00059de8	
0x059E1E	227C0005E24E	movea.l	#0x5e24e, A1	FUN_00059e1e	
0x059E24	322D013E	move.w	(0x13e,A5), D1w	FUN_00059e1e	
0x059E28	43F11000	lea	(0x0,A1,D1w*0x1), A1	FUN_00059e1e	
0x059E2C	4241	clr.w	D1w	FUN_00059e1e	
0x059E2E	1211	move.b	(A1), D1b	FUN_00059e1e	DATA:0005e24e
0x059E30	3B4113AE	move.w	D1w, (0x13ae,A5)	FUN_00059e1e	DATA:000013ae
0x059E34	4E75	rts		FUN_00059e1e	
0x059E36	4240	clr.w	D0w	FUN_00059e36	
0x059E38	102D0118	move.b	(0x118,A5), D0b	FUN_00059e36	
0x059E3C	5340	subq.w	0x1, D0w	FUN_00059e36	
0x059E3E	E348	lsl.w	#0x1, D0w	FUN_00059e36	
0x059E40	207C00059EBC	movea.l	#0x59ebc, A0	FUN_00059e36	
0x059E46	30300000	move.w	(0x0,A0,D0w*0x1), D0w	FUN_00059e36	DATA:00059ebc
0x059E4A	3B4013D6	move.w	D0w, (0x13d6,A5)	FUN_00059e36	DATA:000013d6
0x059E4E	4E75	rts		FUN_00059e36	
0x059E50	4240	clr.w	D0w	FUN_00059e50	
0x059E52	102D0118	move.b	(0x118,A5), D0b	FUN_00059e50	
0x059E56	5340	subq.w	0x1, D0w	FUN_00059e50	
0x059E58	227C00059E8C	movea.l	#0x59e8c, A1	FUN_00059e50	
0x059E5E	E748	lsl.w	#0x3, D0w	FUN_00059e50	
0x059E60	3605	move.w	D5w, D3w	FUN_00059e50	
0x059E62	E34B	lsl.w	#0x1, D3w	FUN_00059e50	
0x059E64	D043	add.w	D3w, D0w	FUN_00059e50	
0x059E66	30310000	move.w	(0x0,A1,D0w*0x1), D0w	FUN_00059e50	DATA:00059e8c
0x059E6A	4E75	rts		FUN_00059e50	
0x059E6C	4240	clr.w	D0w	FUN_00059e6c	
0x059E6E	102D0118	move.b	(0x118,A5), D0b	FUN_00059e6c	
0x059E72	5340	subq.w	0x1, D0w	FUN_00059e6c	
0x059E74	207C00059EC8	movea.l	#0x59ec8, A0	FUN_00059e6c	
0x059E7A	E548	lsl.w	#0x2, D0w	FUN_00059e6c	
0x059E7C	20700000	movea.l	(0x0,A0,D0w*0x1), A0	FUN_00059e6c	DATA:00059ec8
0x059E80	3605	move.w	D5w, D3w	FUN_00059e6c	
0x059E82	E74B	lsl.w	#0x3, D3w	FUN_00059e6c	
0x059E84	C6FC0020	mulu.w	#0x20, D3	FUN_00059e6c	
0x059E88	D0C3	adda.w	D3w, A0	FUN_00059e6c	
0x059E8A	4E75	rts		FUN_00059e6c	
0x059EE0	4240	clr.w	D0w	FUN_00059ee0	
0x059EE2	102D001D	move.b	(0x1d,A5), D0b	FUN_00059ee0	
0x059EE6	0200000C	andi.b	#0xc, D0b	FUN_00059ee0	
0x059EEA	207C00059F1E	movea.l	#0x59f1e, A0	FUN_00059ee0	
0x059EF0	20700000	movea.l	(0x0,A0,D0w*0x1), A0	FUN_00059ee0	DATA:00059f1e
0x059EF4	52790010C10C	addq.w	0x1, (0x0010c10c).l	FUN_00059ee0	READ_WRITE:0010c10c
0x059EFA	30390010C10C	move.w	(0x0010c10c).l, D0w	FUN_00059ee0	READ:0010c10c
0x059F00	E348	lsl.w	#0x1, D0w	FUN_00059ee0	
0x059F02	32300000	move.w	(0x0,A0,D0w*0x1), D1w	FUN_00059ee0	
0x059F06	3401	move.w	D1w, D2w	FUN_00059ee0	
0x059F08	0241FF00	andi.w	#-0x100, D1w	FUN_00059ee0	
0x059F0C	024200FF	andi.w	#0xff, D2w	FUN_00059ee0	
0x059F10	E14A	lsl.w	#0x8, D2w	FUN_00059ee0	
0x059F12	E049	lsr.w	#0x8, D1w	FUN_00059ee0	
0x059F14	D242	add.w	D2w, D1w	FUN_00059ee0	
0x059F16	33C10010C132	move.w	D1w, (0x0010c132).l	FUN_00059ee0	WRITE:0010c132
0x059F1C	4E75	rts		FUN_00059ee0	
0x059F5E	323C0008	move.w	#0x8, D1w	FUN_00059f5e	
0x059F62	207C00D00048	movea.l	#0xd00048, A0	FUN_00059f5e	
0x059F68	4280	clr.l	D0	FUN_00059f5e	
0x059F6A	20C0	move.l	D0, (A0)+	FUN_00059f5e	WRITE:00d00048;WRITE:00d00050
0x059F6C	20C0	move.l	D0, (A0)+	FUN_00059f5e	WRITE:00d0004c;WRITE:00d00054
0x059F6E	5341	subq.w	0x1, D1w	FUN_00059f5e	
0x059F70	66F8	bne.b	0x00059f6a	FUN_00059f5e	CONDITIONAL_JUMP:00059f6a
0x059F72	323C0004	move.w	#0x4, D1w	FUN_00059f5e	
0x059F76	207C0010C170	movea.l	#0x10c170, A0	FUN_00059f5e	
0x059F7C	30FC0080	move.w	#0x80, (A0)+	FUN_00059f5e	WRITE:0010c170;WRITE:0010c178
0x059F80	30FC0000	move.w	#0x0, (A0)+	FUN_00059f5e	WRITE:0010c172;WRITE:0010c17a
0x059F84	30FC0000	move.w	#0x0, (A0)+	FUN_00059f5e	WRITE:0010c174;WRITE:0010c17c
0x059F88	30FC0000	move.w	#0x0, (A0)+	FUN_00059f5e	WRITE:0010c176;WRITE:0010c17e
0x059F8C	5341	subq.w	0x1, D1w	FUN_00059f5e	
0x059F8E	66EC	bne.b	0x00059f7c	FUN_00059f5e	CONDITIONAL_JUMP:00059f7c
0x059F90	4E75	rts		FUN_00059f5e	
0x05A29C	0C6D00011330	cmpi.w	#0x1, (0x1330,A5)	collision_map_surface_postprocess_5a29c	DATA:00001330
0x05A2A2	66000048	bne.w	0x0005a2ec	collision_map_surface_postprocess_5a29c	CONDITIONAL_JUMP:0005a2ec
0x05A2A6	0C6D000110A8	cmpi.w	#0x1, (0x10a8,A5)	collision_map_surface_postprocess_5a29c	DATA:000010a8
0x05A2AC	6600003E	bne.w	0x0005a2ec	collision_map_surface_postprocess_5a29c	CONDITIONAL_JUMP:0005a2ec
0x05A2B0	4280	clr.l	D0	collision_map_surface_postprocess_5a29c	
0x05A2B2	343C00F8	move.w	#0xf8, D2w	collision_map_surface_postprocess_5a29c	
0x05A2B6	302D10B0	move.w	(0x10b0,A5), D0w	collision_map_surface_postprocess_5a29c	DATA:000010b0
0x05A2BA	0A4001FF	eori.w	#0x1ff, D0w	collision_map_surface_postprocess_5a29c	
0x05A2BE	5240	addq.w	0x1, D0w	collision_map_surface_postprocess_5a29c	
0x05A2C0	024001F8	andi.w	#0x1f8, D0w	collision_map_surface_postprocess_5a29c	
0x05A2C4	D042	add.w	D2w, D0w	collision_map_surface_postprocess_5a29c	
0x05A2C6	EB48	lsl.w	#0x5, D0w	collision_map_surface_postprocess_5a29c	
0x05A2C8	02403F00	andi.w	#0x3f00, D0w	collision_map_surface_postprocess_5a29c	
0x05A2CC	E248	lsr.w	#0x1, D0w	collision_map_surface_postprocess_5a29c	
0x05A2CE	06800010DE00	addi.l	#0x10de00, D0	collision_map_surface_postprocess_5a29c	
0x05A2D4	2040	movea.l	D0, A0	collision_map_surface_postprocess_5a29c	
0x05A2D6	323C0010	move.w	#0x10, D1w	collision_map_surface_postprocess_5a29c	
0x05A2DA	3010	move.w	(A0), D0w	collision_map_surface_postprocess_5a29c	DATA:0010de00
0x05A2DC	08000007	btst.l	#0x7, D0	collision_map_surface_postprocess_5a29c	
0x05A2E0	6704	beq.b	0x0005a2e6	collision_map_surface_postprocess_5a29c	CONDITIONAL_JUMP:0005a2e6
0x05A2E2	6100000A	bsr.w	0x0005a2ee	collision_map_surface_postprocess_5a29c	UNCONDITIONAL_CALL:0005a2ee
0x05A2E6	5088	addq.l	0x8, A0	collision_map_surface_postprocess_5a29c	
0x05A2E8	5341	subq.w	0x1, D1w	collision_map_surface_postprocess_5a29c	
0x05A2EA	66EE	bne.b	0x0005a2da	collision_map_surface_postprocess_5a29c	CONDITIONAL_JUMP:0005a2da
0x05A2EC	4E75	rts		collision_map_surface_postprocess_5a29c	
0x05A2EE	2248	movea.l	A0, A1	collision_map_surface_mark_5a2ee	
0x05A2F0	2448	movea.l	A0, A2	collision_map_surface_mark_5a2ee	
0x05A2F2	303C0001	move.w	#0x1, D0w	collision_map_surface_mark_5a2ee	
0x05A2F6	32C0	move.w	D0w, (A1)+	collision_map_surface_mark_5a2ee	
0x05A2F8	32C0	move.w	D0w, (A1)+	collision_map_surface_mark_5a2ee	
0x05A2FA	32C0	move.w	D0w, (A1)+	collision_map_surface_mark_5a2ee	
0x05A2FC	32C0	move.w	D0w, (A1)+	collision_map_surface_mark_5a2ee	
0x05A2FE	95FC00000280	suba.l	#0x280, A2	collision_map_surface_mark_5a2ee	
0x05A304	3012	move.w	(A2), D0w	collision_map_surface_mark_5a2ee	
0x05A306	024000FF	andi.w	#0xff, D0w	collision_map_surface_mark_5a2ee	
0x05A30A	00403400	ori.w	#0x3400, D0w	collision_map_surface_mark_5a2ee	
0x05A30E	34C0	move.w	D0w, (A2)+	collision_map_surface_mark_5a2ee	
0x05A310	3012	move.w	(A2), D0w	collision_map_surface_mark_5a2ee	
0x05A312	024000FF	andi.w	#0xff, D0w	collision_map_surface_mark_5a2ee	
0x05A316	00403400	ori.w	#0x3400, D0w	collision_map_surface_mark_5a2ee	
0x05A31A	34C0	move.w	D0w, (A2)+	collision_map_surface_mark_5a2ee	
0x05A31C	3012	move.w	(A2), D0w	collision_map_surface_mark_5a2ee	
0x05A31E	024000FF	andi.w	#0xff, D0w	collision_map_surface_mark_5a2ee	
0x05A322	00403400	ori.w	#0x3400, D0w	collision_map_surface_mark_5a2ee	
0x05A326	34C0	move.w	D0w, (A2)+	collision_map_surface_mark_5a2ee	
0x05A328	3012	move.w	(A2), D0w	collision_map_surface_mark_5a2ee	
0x05A32A	024000FF	andi.w	#0xff, D0w	collision_map_surface_mark_5a2ee	
0x05A32E	00403400	ori.w	#0x3400, D0w	collision_map_surface_mark_5a2ee	
0x05A332	34C0	move.w	D0w, (A2)+	collision_map_surface_mark_5a2ee	
0x05A334	2008	move.l	A0, D0	collision_map_surface_mark_5a2ee	
0x05A336	04800010DE00	subi.l	#0x10de00, D0	collision_map_surface_mark_5a2ee	
0x05A33C	E388	lsl.l	#0x1, D0	collision_map_surface_mark_5a2ee	
0x05A33E	068000C08000	addi.l	#0xc08000, D0	collision_map_surface_mark_5a2ee	
0x05A344	2240	movea.l	D0, A1	collision_map_surface_mark_5a2ee	
0x05A346	203C000025C7	move.l	#0x25c7, D0	collision_map_surface_mark_5a2ee	DATA:000025c7
0x05A34C	22C0	move.l	D0, (A1)+	collision_map_surface_mark_5a2ee	DATA:00c08000;DATA:000025c7
0x05A34E	22C0	move.l	D0, (A1)+	collision_map_surface_mark_5a2ee	DATA:00c08004;DATA:000025c7
0x05A350	22C0	move.l	D0, (A1)+	collision_map_surface_mark_5a2ee	DATA:00c08008;DATA:000025c7
0x05A352	22C0	move.l	D0, (A1)+	collision_map_surface_mark_5a2ee	DATA:00c0800c;DATA:000025c7
0x05A354	4E75	rts		collision_map_surface_mark_5a2ee	
0x05A3AC	41F90005A73A	lea	(0x5a73a).l, A0	FUN_0005a3ac	DATA:0005a73a
0x05A3B2	303C0001	move.w	#0x1, D0w	FUN_0005a3ac	
0x05A3B6	323C0000	move.w	#0x0, D1w	FUN_0005a3ac	
0x05A3BA	4EB900059AD4	jsr	0x00059ad4.l	FUN_0005a3ac	UNCONDITIONAL_CALL:00059ad4
0x05A3C0	227C00C01240	movea.l	#0xc01240, A1	FUN_0005a3ac	
0x05A3C6	41F90005AC72	lea	(0x5ac72).l, A0	FUN_0005a3ac	DATA:0005ac72
0x05A3CC	303C000C	move.w	#0xc, D0w	FUN_0005a3ac	
0x05A3D0	323C000A	move.w	#0xa, D1w	FUN_0005a3ac	
0x05A3D4	343C0001	move.w	#0x1, D2w	FUN_0005a3ac	
0x05A3D8	61000104	bsr.w	0x0005a4de	FUN_0005a3ac	UNCONDITIONAL_CALL:0005a4de
0x05A3DC	4E75	rts		FUN_0005a3ac	
0x05A442	41F90005A71A	lea	(0x5a71a).l, A0	FUN_0005a442	DATA:0005a71a
0x05A448	303C0001	move.w	#0x1, D0w	FUN_0005a442	
0x05A44C	323C0000	move.w	#0x0, D1w	FUN_0005a442	
0x05A450	4EB900059AD4	jsr	0x00059ad4.l	FUN_0005a442	UNCONDITIONAL_CALL:00059ad4
0x05A456	227C00C00C38	movea.l	#0xc00c38, A1	FUN_0005a442	
0x05A45C	41F90005AD62	lea	(0x5ad62).l, A0	FUN_0005a442	DATA:0005ad62
0x05A462	303C0010	move.w	#0x10, D0w	FUN_0005a442	
0x05A466	323C0010	move.w	#0x10, D1w	FUN_0005a442	
0x05A46A	343C0001	move.w	#0x1, D2w	FUN_0005a442	
0x05A46E	6100006E	bsr.w	0x0005a4de	FUN_0005a442	UNCONDITIONAL_CALL:0005a4de
0x05A472	4E75	rts		FUN_0005a442	
0x05A4DE	3800	move.w	D0w, D4w	FUN_0005a4de	
0x05A4E0	2449	movea.l	A1, A2	FUN_0005a4de	
0x05A4E2	32C2	move.w	D2w, (A1)+	FUN_0005a4de	
0x05A4E4	32D8	move.w	(A0)+, (A1)+	FUN_0005a4de	
0x05A4E6	5340	subq.w	0x1, D0w	FUN_0005a4de	
0x05A4E8	0C400000	cmpi.w	#0x0, D0w	FUN_0005a4de	
0x05A4EC	66F4	bne.b	0x0005a4e2	FUN_0005a4de	CONDITIONAL_JUMP:0005a4e2
0x05A4EE	D5FC00000100	adda.l	#0x100, A2	FUN_0005a4de	
0x05A4F4	224A	movea.l	A2, A1	FUN_0005a4de	
0x05A4F6	3004	move.w	D4w, D0w	FUN_0005a4de	
0x05A4F8	5341	subq.w	0x1, D1w	FUN_0005a4de	
0x05A4FA	0C410000	cmpi.w	#0x0, D1w	FUN_0005a4de	
0x05A4FE	66E2	bne.b	0x0005a4e2	FUN_0005a4de	CONDITIONAL_JUMP:0005a4e2
0x05A500	4E75	rts		FUN_0005a4de	
0x05B512	4E75	rts		FUN_0005b512	
0x05FFA2	E408	lsr.b	#0x2, D0b	FUN_0005ffa2	
0x05FFA4	4A790005FFFE	tst.w	(0x0005fffe).l	FUN_0005ffa2	READ:0005fffe
0x05FFAA	6716	beq.b	0x0005ffc2	FUN_0005ffa2	CONDITIONAL_JUMP:0005ffc2
0x05FFAC	43FA0030	lea	(0x30,PC), A1	FUN_0005ffa2	DATA:0005ffde
0x05FFB0	6014	bra.b	0x0005ffc6	FUN_0005ffa2	UNCONDITIONAL_JUMP:0005ffc6
0x05FFB2	E808	lsr.b	#0x4, D0b	FUN_0005ffb2	
0x05FFB4	4A790005FFFE	tst.w	(0x0005fffe).l	FUN_0005ffb2	READ:0005fffe
0x05FFBA	6706	beq.b	0x0005ffc2	FUN_0005ffb2	CONDITIONAL_JUMP:0005ffc2
0x05FFBC	43FA0030	lea	(0x30,PC), A1	FUN_0005ffb2	DATA:0005ffee
0x05FFC0	6004	bra.b	0x0005ffc6	FUN_0005ffb2	UNCONDITIONAL_JUMP:0005ffc6
0x05FFC2	43FA000A	lea	(0xa,PC), A1	FUN_0005ffb2	DATA:0005ffce
0x05FFC6	D2C0	adda.w	D0w, A1	FUN_0005ffb2	
0x05FFC8	30D9	move.w	(A1)+, (A0)+	FUN_0005ffb2	DATA:0005ffee;DATA:0005ffce
0x05FFCA	3091	move.w	(A1), (A0)	FUN_0005ffb2	DATA:0005fff0;DATA:0005ffd0
0x05FFCC	4E75	rts		FUN_0005ffb2	
