usage_id,context_id,tile_code_hex,pattern_id,physical_sha256,palette_bank_hex,palette_id,flip,priority_bits,map_cell_count
usage:pb:b172ba3b4409:b0x002:f0,context:gameplay.r01.p01,0x04A6,pattern:pc080sn:b172ba3b4409fb09,b172ba3b4409fb0905c1315022df565254ce81fb3ae143d205cb8f7dbb5d6c73,0x002,palette:arcade.r01p01.plane.bank_0x002.epoch_00,0,,48
usage:pb:7208167295cb:b0x002:f0,context:gameplay.r01.p01,0x04A7,pattern:pc080sn:7208167295cb57f8,7208167295cb57f817d90ea6f0b49394b75899b4b00cf163318fcd11dfb78953,0x002,palette:arcade.r01p01.plane.bank_0x002.epoch_00,0,,48
usage:pb:4d12332c7f14:b0x002:f0,context:gameplay.r01.p01,0x04A8,pattern:pc080sn:4d12332c7f14cdaa,4d12332c7f14cdaafa2b617b50feec749250000a8d75662c72c8931374176fca,0x002,palette:arcade.r01p01.plane.bank_0x002.epoch_00,0,,240
usage:pb:125c8543863a:b0x002:f0,context:gameplay.r01.p01,0x04A9,pattern:pc080sn:125c8543863a4a57,125c8543863a4a5790a89e7a6c4261346920697717e23bf59c8adf9ba1fe4766,0x002,palette:arcade.r01p01.plane.bank_0x002.epoch_00,0,,48
usage:pb:247b5cf37585:b0x002:f0,context:gameplay.r01.p01,0x04AA,pattern:pc080sn:247b5cf37585670e,247b5cf37585670e764b5f5f8d91e1c2f28259a675e79ff03ed9b61e4b8796a2,0x002,palette:arcade.r01p01.plane.bank_0x002.epoch_00,0,,48
usage:pb:744b8bc95432:b0x002:f0,context:gameplay.r01.p01,0x04AB,pattern:pc080sn:744b8bc95432f065,744b8bc95432f065a6ac86ec1a8adfa08fc0868071f5ece67e301b8715c8d722,0x002,palette:arcade.r01p01.plane.bank_0x002.epoch_00,0,,48
usage:pb:c19ffd589e8b:b0x002:f0,context:gameplay.r01.p01,0x04AC,pattern:pc080sn:c19ffd589e8b83a0,c19ffd589e8b83a0868011ed9ab738492f786c7eb3beb3cf4efc0812dc299079,0x002,palette:arcade.r01p01.plane.bank_0x002.epoch_00,0,,48
usage:pb:7543ed0e6ca1:b0x002:f0,context:gameplay.r01.p01,0x04AD,pattern:pc080sn:7543ed0e6ca19e08,7543ed0e6ca19e082c4598e9c0cfdce19051f9daced7f52002d61a48fcd0c7a6,0x002,palette:arcade.r01p01.plane.bank_0x002.epoch_00,0,,48
usage:pb:c2ba2a5d83a0:b0x002:f0,context:gameplay.r01.p01,0x04AE,pattern:pc080sn:c2ba2a5d83a08bd0,c2ba2a5d83a08bd05791da5ec0fbdde1d84fb19b7ee56b5159d21433ed7db7ba,0x002,palette:arcade.r01p01.plane.bank_0x002.epoch_00,0,,48
usage:pb:9f43f3bc005d:b0x002:f0,context:gameplay.r01.p01,0x04AF,pattern:pc080sn:9f43f3bc005dee18,9f43f3bc005dee18e5e9eb8be34ce53e87f50b2837406ffe4b4d988f87fbfa0b,0x002,palette:arcade.r01p01.plane.bank_0x002.epoch_00,0,,48
usage:pb:4458a618c9db:b0x002:f0,context:gameplay.r01.p01,0x04B0,pattern:pc080sn:4458a618c9db3dac,4458a618c9db3dac43c778abfc158e63c1b82e7dc91491563abe180aeaa0e15a,0x002,palette:arcade.r01p01.plane.bank_0x002.epoch_00,0,,48
usage:pb:0b5a1f022c1e:b0x002:f0,context:gameplay.r01.p01,0x04B1,pattern:pc080sn:0b5a1f022c1ec3ef,0b5a1f022c1ec3ef949d11e530c77f34f126f232e89b46fe12d91d2ca7a903a6,0x002,palette:arcade.r01p01.plane.bank_0x002.epoch_00,0,,48
usage:pb:5d10abdf1dc4:b0x002:f0,context:gameplay.r01.p01,0x04B2,pattern:pc080sn:5d10abdf1dc4d8cf,5d10abdf1dc4d8cfe79a905495cf06a5537e3012b434b3a5d88cfb47e4834941,0x002,palette:arcade.r01p01.plane.bank_0x002.epoch_00,0,,48
usage:pb:d44767115892:b0x002:f0,context:gameplay.r01.p01,0x04B3,pattern:pc080sn:d44767115892b5fd,d44767115892b5fdb9a179a14e18a38790636caccb9cc0abe58cb997a6e95ffc,0x002,palette:arcade.r01p01.plane.bank_0x002.epoch_00,0,,48
usage:pb:10cdf57d7751:b0x002:f0,context:gameplay.r01.p01,0x04B4,pattern:pc080sn:10cdf57d77511e91,10cdf57d77511e9160e806378b16b436fceabedfb9683509d3967723b3997636,0x002,palette:arcade.r01p01.plane.bank_0x002.epoch_00,0,,48
usage:pb:0a8c29433095:b0x002:f0,context:gameplay.r01.p01,0x04B5,pattern:pc080sn:0a8c2943309527b3,0a8c2943309527b326fc345cc855220315101e13f2926dc5677f9c1ed34c0bf6,0x002,palette:arcade.r01p01.plane.bank_0x002.epoch_00,0,,48
usage:pb:2b21655a3cc7:b0x002:f0,context:gameplay.r01.p01,0x04B6,pattern:pc080sn:2b21655a3cc74eae,2b21655a3cc74eae3393321cb25d587cdf69a87771d6b04d84bc31314ecbf594,0x002,palette:arcade.r01p01.plane.bank_0x002.epoch_00,0,,48
usage:pb:867b4451e28e:b0x002:f0,context:gameplay.r01.p01,0x04B7,pattern:pc080sn:867b4451e28e7fc0,867b4451e28e7fc05445d00dce2085298d82f06d7c13dbebb238c39755b32e2a,0x002,palette:arcade.r01p01.plane.bank_0x002.epoch_00,0,,48
usage:pb:0b1bbafead7b:b0x002:f0,context:gameplay.r01.p01,0x04B8,pattern:pc080sn:0b1bbafead7b445c,0b1bbafead7b445cae09697d201bafe617274b21ab92485c11732c16a1c32e51,0x002,palette:arcade.r01p01.plane.bank_0x002.epoch_00,0,,48
usage:pb:72ffcfda1eae:b0x002:f0,context:gameplay.r01.p01,0x04B9,pattern:pc080sn:72ffcfda1eaee3c9,72ffcfda1eaee3c97cc08040670a7bb9cd50506fbeeb2a3be87c358db55a1bbe,0x002,palette:arcade.r01p01.plane.bank_0x002.epoch_00,0,,48
usage:pb:a957e133d49c:b0x002:f0,context:gameplay.r01.p01,0x04BA,pattern:pc080sn:a957e133d49c7d27,a957e133d49c7d271c2b6dbb1d4b74e9e6c3223b4253d6c36d65fd9fb884b49d,0x002,palette:arcade.r01p01.plane.bank_0x002.epoch_00,0,,48
usage:pb:3cc6792ceb22:b0x002:f0,context:gameplay.r01.p01,0x04BB,pattern:pc080sn:3cc6792ceb2287a0,3cc6792ceb2287a0e353165fb8eeed96d55c4fca0268ebccd443beab688fe233,0x002,palette:arcade.r01p01.plane.bank_0x002.epoch_00,0,,48
usage:pb:93216f63064c:b0x002:f0,context:gameplay.r01.p01,0x04BC,pattern:pc080sn:93216f63064ce6c3,93216f63064ce6c3dad0b59534f73723c097e771ac6db82d1e87aa241db6f612,0x002,palette:arcade.r01p01.plane.bank_0x002.epoch_00,0,,48
usage:pb:8438589d9541:b0x002:f0,context:gameplay.r01.p01,0x04BD,pattern:pc080sn:8438589d954183ff,8438589d954183ffddc036d65cfa35806440dc23e242f744289b2e080787ccad,0x002,palette:arcade.r01p01.plane.bank_0x002.epoch_00,0,,48
usage:pb:b42892288944:b0x002:f0,context:gameplay.r01.p01,0x04BE,pattern:pc080sn:b428922889443c5d,b428922889443c5db3f278ccdf47c6616f5b6e14ee79d27a29ce574eef53dcb0,0x002,palette:arcade.r01p01.plane.bank_0x002.epoch_00,0,,48
usage:pb:939e4dc290cc:b0x002:f0,context:gameplay.r01.p01,0x04BF,pattern:pc080sn:939e4dc290ccaaba,939e4dc290ccaaba080a5af69254e887d7da26dca2155ebb8d9a744a38efac50,0x002,palette:arcade.r01p01.plane.bank_0x002.epoch_00,0,,48
usage:pb:079ee17f4e31:b0x002:f0,context:gameplay.r01.p01,0x04C0,pattern:pc080sn:079ee17f4e31e22e,079ee17f4e31e22ea261ad9750cd65c420cbcdd716a3de950b2101c1caded650,0x002,palette:arcade.r01p01.plane.bank_0x002.epoch_00,0,,48
usage:pb:3dc97f96952e:b0x002:f0,context:gameplay.r01.p01,0x04C1,pattern:pc080sn:3dc97f96952ed50d,3dc97f96952ed50d46891bc1e528c837e6f27e067f7ad671c965b2cd1fc5aaeb,0x002,palette:arcade.r01p01.plane.bank_0x002.epoch_00,0,,48
usage:pb:51e7f9f4e6d9:b0x002:f0,context:gameplay.r01.p01,0x04C2,pattern:pc080sn:51e7f9f4e6d97558,51e7f9f4e6d975584d77b33a0a4cc3ac6606a2908865a73f0614f05ecec36daf,0x002,palette:arcade.r01p01.plane.bank_0x002.epoch_00,0,,48
usage:pb:2b6d15c4da59:b0x002:f0,context:gameplay.r01.p01,0x04C3,pattern:pc080sn:2b6d15c4da59c3c2,2b6d15c4da59c3c27f68a9e7b05cb66aa46daa741cad05b7a8490c771a936aa0,0x002,palette:arcade.r01p01.plane.bank_0x002.epoch_00,0,,48
usage:pb:d71a718bd759:b0x002:f0,context:gameplay.r01.p01,0x04C4,pattern:pc080sn:d71a718bd759d930,d71a718bd759d930d80215ddba9e8e3b376316a410e0c1c56bfea5f65b5658cb,0x002,palette:arcade.r01p01.plane.bank_0x002.epoch_00,0,,48
usage:pb:611bc63dca61:b0x002:f0,context:gameplay.r01.p01,0x04C5,pattern:pc080sn:611bc63dca619d94,611bc63dca619d94742f6d780fb245272cfab9c862207177bfb32404dce42e84,0x002,palette:arcade.r01p01.plane.bank_0x002.epoch_00,0,,48
usage:pb:a92e10fbeb8a:b0x002:f0,context:gameplay.r01.p01,0x04C6,pattern:pc080sn:a92e10fbeb8a6957,a92e10fbeb8a695744a000e6a4f0bcf1c79ecf54e187853f6cb9f4ce39a0570e,0x002,palette:arcade.r01p01.plane.bank_0x002.epoch_00,0,,48
usage:pb:42109b7ece0e:b0x002:f0,context:gameplay.r01.p01,0x04C7,pattern:pc080sn:42109b7ece0ec568,42109b7ece0ec5685d1b2a2e6da832addc5e18bb6e1fe6d2c468e63bc085ac7c,0x002,palette:arcade.r01p01.plane.bank_0x002.epoch_00,0,,48
usage:pb:17227fc15919:b0x002:f0,context:gameplay.r01.p01,0x04C8,pattern:pc080sn:17227fc15919439a,17227fc15919439a061f175433d6042a12f6a2696fd08f3cfb7bb36843ba2ffc,0x002,palette:arcade.r01p01.plane.bank_0x002.epoch_00,0,,48
usage:pb:8cd156ff5880:b0x002:f0,context:gameplay.r01.p01,0x04C9,pattern:pc080sn:8cd156ff58801712,8cd156ff58801712a5334e517a8002278743bd99ada225220c871099b292a173,0x002,palette:arcade.r01p01.plane.bank_0x002.epoch_00,0,,48
usage:pb:c7eec2d55ea4:b0x002:f0,context:gameplay.r01.p01,0x04CA,pattern:pc080sn:c7eec2d55ea4029b,c7eec2d55ea4029bfae019e04c5fe5a61d21f0ddaaefffa4409307587e55469b,0x002,palette:arcade.r01p01.plane.bank_0x002.epoch_00,0,,48
usage:pb:cb2fbbd5430c:b0x002:f0,context:gameplay.r01.p01,0x04CB,pattern:pc080sn:cb2fbbd5430c3296,cb2fbbd5430c3296ab45c0c37f78a71b15dfb16eff461e7f7239db37f6ce57e7,0x002,palette:arcade.r01p01.plane.bank_0x002.epoch_00,0,,48
usage:pb:3ed0d0aeac6d:b0x002:f0,context:gameplay.r01.p01,0x04CC,pattern:pc080sn:3ed0d0aeac6dbe29,3ed0d0aeac6dbe298d044f2afb0e8153a0d8a9dfe51794dc23381b2b8936f75d,0x002,palette:arcade.r01p01.plane.bank_0x002.epoch_00,0,,48
usage:pb:32654f092937:b0x002:f0,context:gameplay.r01.p01,0x04CD,pattern:pc080sn:32654f0929376ad4,32654f0929376ad4ac075df411a823a33ecf9a2490fc3cc4e1e5f16dc662ce92,0x002,palette:arcade.r01p01.plane.bank_0x002.epoch_00,0,,48
usage:pb:18724e2f9fcb:b0x002:f0,context:gameplay.r01.p01,0x04CE,pattern:pc080sn:18724e2f9fcb2557,18724e2f9fcb255711e7005da8b94565c30178a91a2af1807b3d1ba14e431bdb,0x002,palette:arcade.r01p01.plane.bank_0x002.epoch_00,0,,48
usage:pb:fa95952906de:b0x002:f0,context:gameplay.r01.p01,0x04CF,pattern:pc080sn:fa95952906dedb3e,fa95952906dedb3e07966e1abb751fe0e21507a6cc3d2d5fd98150404235eb74,0x002,palette:arcade.r01p01.plane.bank_0x002.epoch_00,0,,48
usage:pb:6e87b8933441:b0x002:f0,context:gameplay.r01.p01,0x04D0,pattern:pc080sn:6e87b89334411348,6e87b893344113482e846982298271d95afc96f5f06788a3cb60a04f7ceae0dd,0x002,palette:arcade.r01p01.plane.bank_0x002.epoch_00,0,,48
usage:pb:22c4d2ac6605:b0x002:f0,context:gameplay.r01.p01,0x04D1,pattern:pc080sn:22c4d2ac6605e255,22c4d2ac6605e2552eaa115e8c0ddad4392e46042c417a2384dd1642a7fa977e,0x002,palette:arcade.r01p01.plane.bank_0x002.epoch_00,0,,48
usage:pb:2b26816b9278:b0x002:f0,context:gameplay.r01.p01,0x04D2,pattern:pc080sn:2b26816b92787709,2b26816b927877095c29b14358af3c137109084ba54aa6aa6e19734940d7ae98,0x002,palette:arcade.r01p01.plane.bank_0x002.epoch_00,0,,336
usage:pb:1642fc288c24:b0x002:f0,context:gameplay.r01.p01,0x04D3,pattern:pc080sn:1642fc288c241108,1642fc288c241108c1de80c724f916a44cd665d57f49b8dd1dc7cad54dbeea7a,0x002,palette:arcade.r01p01.plane.bank_0x002.epoch_00,0,,48
usage:pb:cd1d10da7bfe:b0x002:f0,context:gameplay.r01.p01,0x04D4,pattern:pc080sn:cd1d10da7bfe4437,cd1d10da7bfe4437fc03126039d94510dfebf4da8c75cbf0a2e9a211e7480c0a,0x002,palette:arcade.r01p01.plane.bank_0x002.epoch_00,0,,48
usage:pb:814065d53cd9:b0x002:f0,context:gameplay.r01.p01,0x04D5,pattern:pc080sn:814065d53cd9ec13,814065d53cd9ec13b10f20d2647b062d46399260693c14395fad846162100642,0x002,palette:arcade.r01p01.plane.bank_0x002.epoch_00,0,,48
usage:pb:7e511219c9b2:b0x002:f0,context:gameplay.r01.p01,0x04D6,pattern:pc080sn:7e511219c9b220d7,7e511219c9b220d72fa9d17afa202ba9835b09013886077de19e45b170822aea,0x002,palette:arcade.r01p01.plane.bank_0x002.epoch_00,0,,48
usage:pb:29189a302dd4:b0x002:f0,context:gameplay.r01.p01,0x04D7,pattern:pc080sn:29189a302dd4d9a8,29189a302dd4d9a8a6df12c3b560b1be397014e7f45ffef9bfe892545ebb03ea,0x002,palette:arcade.r01p01.plane.bank_0x002.epoch_00,0,,48
usage:pb:5e0dd34d3fb8:b0x002:f0,context:gameplay.r01.p01,0x04D8,pattern:pc080sn:5e0dd34d3fb80fa1,5e0dd34d3fb80fa1478a4b7e55ba3c1b1e1d6de3e9dec02cce52e7be85632aaa,0x002,palette:arcade.r01p01.plane.bank_0x002.epoch_00,0,,48
usage:pb:c6b5fba748ae:b0x002:f0,context:gameplay.r01.p01,0x04D9,pattern:pc080sn:c6b5fba748ae5cb8,c6b5fba748ae5cb8d8f1354f45054d80083885a0e2cffbe1a94062a5e0c3e4c2,0x002,palette:arcade.r01p01.plane.bank_0x002.epoch_00,0,,48
usage:pb:a18579b1179f:b0x002:f0,context:gameplay.r01.p01,0x04DA,pattern:pc080sn:a18579b1179fbd01,a18579b1179fbd01e55de48b17bdd199f2abe40fb57bf0073cca5251c01456fd,0x002,palette:arcade.r01p01.plane.bank_0x002.epoch_00,0,,48
usage:pb:0b22b9e73112:b0x002:f0,context:gameplay.r01.p01,0x04DB,pattern:pc080sn:0b22b9e73112dae8,0b22b9e73112dae817f6a2aa28f70a278f8194e8cc9b192d36b960ba140f72fa,0x002,palette:arcade.r01p01.plane.bank_0x002.epoch_00,0,,48
usage:pb:a3bf2c382380:b0x002:f0,context:gameplay.r01.p01,0x04DC,pattern:pc080sn:a3bf2c382380a082,a3bf2c382380a0826c02f49bb00de2f17726fec1226959f51a4365d8f330e570,0x002,palette:arcade.r01p01.plane.bank_0x002.epoch_00,0,,48
usage:pb:90cc67b84bfd:b0x002:f0,context:gameplay.r01.p01,0x04DD,pattern:pc080sn:90cc67b84bfdacd1,90cc67b84bfdacd1b3bc3906625d519b30065ce46754dcc31afaa37ad288a5c8,0x002,palette:arcade.r01p01.plane.bank_0x002.epoch_00,0,,48
usage:pb:7f2080161fa9:b0x002:f0,context:gameplay.r01.p01,0x04DE,pattern:pc080sn:7f2080161fa9ebea,7f2080161fa9ebea7d4a54b71e7246e7b8a7a41c2cfa3b5f69e8ddfede03e3a2,0x002,palette:arcade.r01p01.plane.bank_0x002.epoch_00,0,,48
usage:pb:92e520f51748:b0x002:f0,context:gameplay.r01.p01,0x04DF,pattern:pc080sn:92e520f5174835cc,92e520f5174835cc4f5d9231b8208495e23b9d63273d670af72fe9cc5716c59f,0x002,palette:arcade.r01p01.plane.bank_0x002.epoch_00,0,,48
usage:pb:73f64437eece:b0x002:f0,context:gameplay.r01.p01,0x04E0,pattern:pc080sn:73f64437eecebf8e,73f64437eecebf8e4887a1ddc27e7ea270108c2773c7485a3539e07cce86a76b,0x002,palette:arcade.r01p01.plane.bank_0x002.epoch_00,0,,48
usage:pb:5cf83ccf6b4c:b0x002:f0,context:gameplay.r01.p01,0x04E1,pattern:pc080sn:5cf83ccf6b4cf598,5cf83ccf6b4cf598d191ed409a35a19cac0ffb89c34e16c9a670a668d3a50145,0x002,palette:arcade.r01p01.plane.bank_0x002.epoch_00,0,,48
usage:pb:2e53a4b81e5e:b0x002:f0,context:gameplay.r01.p01,0x04E2,pattern:pc080sn:2e53a4b81e5e82d0,2e53a4b81e5e82d00d6b0f71b41d8808b5e8a7e476755a01c0177ce68b867431,0x002,palette:arcade.r01p01.plane.bank_0x002.epoch_00,0,,48
usage:pb:1852d5ea2532:b0x002:f0,context:gameplay.r01.p01,0x04E3,pattern:pc080sn:1852d5ea2532fb80,1852d5ea2532fb8014ec2d42572f95ca2ab230d06de83dae3d5c31d8ab6fd04c,0x002,palette:arcade.r01p01.plane.bank_0x002.epoch_00,0,,48
usage:pb:81368e51431b:b0x002:f0,context:gameplay.r01.p01,0x04E4,pattern:pc080sn:81368e51431be16f,81368e51431be16f7203805b59878c48223dd80566bac281a7da84bfdd6d52d6,0x002,palette:arcade.r01p01.plane.bank_0x002.epoch_00,0,,48
usage:pb:014f853fcde1:b0x002:f0,context:gameplay.r01.p01,0x04E5,pattern:pc080sn:014f853fcde1b3cc,014f853fcde1b3cc2531b5d9a3ba81a38b355d8e375dbfe79d56762bd346b55b,0x002,palette:arcade.r01p01.plane.bank_0x002.epoch_00,0,,48
usage:pb:90f644505fa9:b0x002:f0,context:gameplay.r01.p01,0x04E6,pattern:pc080sn:90f644505fa964d1,90f644505fa964d18646abf67a48b54ccb71e18001ff8f9b4c8c302555966d5c,0x002,palette:arcade.r01p01.plane.bank_0x002.epoch_00,0,,48
usage:pb:87ccffdbe94e:b0x002:f0,context:gameplay.r01.p01,0x04E7,pattern:pc080sn:87ccffdbe94e8567,87ccffdbe94e8567bf35ccf6a182269d1b047d5d34df165fbeb9ed7cf4fea0e2,0x002,palette:arcade.r01p01.plane.bank_0x002.epoch_00,0,,48
usage:pb:7207c4cff6db:b0x002:f0,context:gameplay.r01.p01,0x04E8,pattern:pc080sn:7207c4cff6dbb01a,7207c4cff6dbb01adca75ed5241b64fa2fc714985feabe8033b2dc82e4d1e8b7,0x002,palette:arcade.r01p01.plane.bank_0x002.epoch_00,0,,48
usage:pb:3ef7b249c5ad:b0x002:f0,context:gameplay.r01.p01,0x04E9,pattern:pc080sn:3ef7b249c5ad4e34,3ef7b249c5ad4e34331755d9cc1b606ba8f22027f09bbdcfad324a2e8c1220f0,0x002,palette:arcade.r01p01.plane.bank_0x002.epoch_00,0,,48
usage:pb:ef460997cbc7:b0x002:f0,context:gameplay.r01.p01,0x04EA,pattern:pc080sn:ef460997cbc79bd2,ef460997cbc79bd2df3b582643bb02639985786f42b50465f2b3b63176ffd8e2,0x002,palette:arcade.r01p01.plane.bank_0x002.epoch_00,0,,48
usage:pb:da5c6b83b366:b0x002:f0,context:gameplay.r01.p01,0x04EB,pattern:pc080sn:da5c6b83b366130f,da5c6b83b366130fbbf3316b79c2853ea09150e034d95b7f22ec03d495abf950,0x002,palette:arcade.r01p01.plane.bank_0x002.epoch_00,0,,48
usage:pb:d23175d39ace:b0x002:f0,context:gameplay.r01.p01,0x04EC,pattern:pc080sn:d23175d39ace1d6a,d23175d39ace1d6adfac15c24321ccddbad40f8fba927e896c85964b66d0db8f,0x002,palette:arcade.r01p01.plane.bank_0x002.epoch_00,0,,48
usage:pb:5d490c6c6dfe:b0x002:f0,context:gameplay.r01.p01,0x04ED,pattern:pc080sn:5d490c6c6dfe48b6,5d490c6c6dfe48b666b4afd78ca8448273be601af3618270556180f0da0d369c,0x002,palette:arcade.r01p01.plane.bank_0x002.epoch_00,0,,48
usage:pb:f592e74d7d9d:b0x002:f0,context:gameplay.r01.p01,0x04EE,pattern:pc080sn:f592e74d7d9d423a,f592e74d7d9d423a9c1a3a0c692d19b3f2b4dd210dccf2394ce89bd5621a0510,0x002,palette:arcade.r01p01.plane.bank_0x002.epoch_00,0,,48
usage:pb:a23534653c12:b0x002:f0,context:gameplay.r01.p01,0x04EF,pattern:pc080sn:a23534653c12a109,a23534653c12a109e52f0b532faf0240650bedaa4904d854b9ea4b04ad642fc3,0x002,palette:arcade.r01p01.plane.bank_0x002.epoch_00,0,,48
usage:pb:61cf8962fac2:b0x002:f0,context:gameplay.r01.p01,0x04F0,pattern:pc080sn:61cf8962fac2b9e1,61cf8962fac2b9e1e4455dcf682945d48c1823e27d9ef37839a7062b602679be,0x002,palette:arcade.r01p01.plane.bank_0x002.epoch_00,0,,48
usage:pb:c5324c373484:b0x002:f0,context:gameplay.r01.p01,0x04F1,pattern:pc080sn:c5324c373484ed96,c5324c373484ed964ff43db0611341428155152cc5d8dac5cae4d794221b2f3b,0x002,palette:arcade.r01p01.plane.bank_0x002.epoch_00,0,,48
usage:pb:b788ec40b463:b0x002:f0,context:gameplay.r01.p01,0x04F2,pattern:pc080sn:b788ec40b463c959,b788ec40b463c959b3b6c0e5e74741c99f0114e4bb4803a7731452f650748639,0x002,palette:arcade.r01p01.plane.bank_0x002.epoch_00,0,,48
usage:pb:6a11fb824785:b0x002:f0,context:gameplay.r01.p01,0x04F3,pattern:pc080sn:6a11fb824785eb4a,6a11fb824785eb4ad6d66f46c6fc4406023b406b156ee50120e8e73719d0d099,0x002,palette:arcade.r01p01.plane.bank_0x002.epoch_00,0,,48
usage:pb:f441cdddbb96:b0x002:f0,context:gameplay.r01.p01,0x04F4,pattern:pc080sn:f441cdddbb96db08,f441cdddbb96db084f6431bcdd964b3a840ba7abcad040aace2b960dc4dfb4d2,0x002,palette:arcade.r01p01.plane.bank_0x002.epoch_00,0,,48
usage:pb:9d25a1482ce6:b0x002:f0,context:gameplay.r01.p01,0x04F5,pattern:pc080sn:9d25a1482ce6ccef,9d25a1482ce6ccefbe2363dd40ca700f2b1d773146526a174655823c075e9550,0x002,palette:arcade.r01p01.plane.bank_0x002.epoch_00,0,,48
usage:pb:132954a58f6b:b0x002:f0,context:gameplay.r01.p01,0x04F6,pattern:pc080sn:132954a58f6b46a4,132954a58f6b46a4c8d57b4eea970e2b33c6e67fc92c4f48291cb741de43ca93,0x002,palette:arcade.r01p01.plane.bank_0x002.epoch_00,0,,48
usage:pb:bea9dd6db7ce:b0x002:f0,context:gameplay.r01.p01,0x04F7,pattern:pc080sn:bea9dd6db7ce7bec,bea9dd6db7ce7bec7c73dfafb2bcc064b8a8bde9a25d8565d2d7a7bc2f4b7e39,0x002,palette:arcade.r01p01.plane.bank_0x002.epoch_00,0,,48
usage:pb:b1fcb7d46ca4:b0x002:f0,context:gameplay.r01.p01,0x04F8,pattern:pc080sn:b1fcb7d46ca4f3cd,b1fcb7d46ca4f3cd789dc917b4f4104b4b1c27066367b387ad393d7d184778a0,0x002,palette:arcade.r01p01.plane.bank_0x002.epoch_00,0,,48
usage:pb:a470deaf1ee7:b0x002:f0,context:gameplay.r01.p01,0x04F9,pattern:pc080sn:a470deaf1ee77b25,a470deaf1ee77b25be2cb7f2976275b8158238b1e2d1b51f3097f8da43b3d987,0x002,palette:arcade.r01p01.plane.bank_0x002.epoch_00,0,,48
usage:pb:564e529cdb2d:b0x002:f0,context:gameplay.r01.p01,0x04FA,pattern:pc080sn:564e529cdb2d7aa9,564e529cdb2d7aa9c814dcc2720cf04c2f77a6acf77f58a579c9428363ceb3eb,0x002,palette:arcade.r01p01.plane.bank_0x002.epoch_00,0,,48
usage:pb:05a70e16977f:b0x002:f0,context:gameplay.r01.p01,0x04FB,pattern:pc080sn:05a70e16977f2c61,05a70e16977f2c6161b165f02d8f7a3fd3e889d132b2525cde7a53b6eb5e81bf,0x002,palette:arcade.r01p01.plane.bank_0x002.epoch_00,0,,48
usage:pb:fe4d5946173e:b0x002:f0,context:gameplay.r01.p01,0x04FC,pattern:pc080sn:fe4d5946173e9113,fe4d5946173e91130392356e5a578d6fe552119baf4c87cf0d3de592d04d807b,0x002,palette:arcade.r01p01.plane.bank_0x002.epoch_00,0,,48
usage:pb:f5ffd43adf91:b0x002:f0,context:gameplay.r01.p01,0x04FD,pattern:pc080sn:f5ffd43adf91087f,f5ffd43adf91087fa603f5107947287a71c0df672899015d01aaab89b648f862,0x002,palette:arcade.r01p01.plane.bank_0x002.epoch_00,0,,48
usage:pb:a8dadedb74db:b0x002:f0,context:gameplay.r01.p01,0x04FE,pattern:pc080sn:a8dadedb74db8a20,a8dadedb74db8a20b809dbd73ae80ce3d299bfabfd707c4d9a8e45fa38ba34df,0x002,palette:arcade.r01p01.plane.bank_0x002.epoch_00,0,,48
usage:pb:f166500d8894:b0x002:f0,context:gameplay.r01.p01,0x04FF,pattern:pc080sn:f166500d88944e81,f166500d88944e81f2bb4667007d445fc7ee7da78ba241f4abf402cc660d2700,0x002,palette:arcade.r01p01.plane.bank_0x002.epoch_00,0,,48
usage:pb:3dd8d0160078:b0x002:f0,context:gameplay.r01.p01,0x0500,pattern:pc080sn:3dd8d0160078ca79,3dd8d0160078ca798f81855d9392ee37b16b3019b0fad8e6e6ba8e802da9c7f9,0x002,palette:arcade.r01p01.plane.bank_0x002.epoch_00,0,,48
usage:pb:31581ec227b6:b0x002:f0,context:gameplay.r01.p01,0x0501,pattern:pc080sn:31581ec227b66767,31581ec227b66767fa547a3ede130001d6760665039fb1a2155b28b722bbcf5d,0x002,palette:arcade.r01p01.plane.bank_0x002.epoch_00,0,,48
usage:pb:56dd6a331f7f:b0x002:f0,context:gameplay.r01.p01,0x0502,pattern:pc080sn:56dd6a331f7f484f,56dd6a331f7f484f274dafe2fe888984b7dce4c7fd9f598acf782d977c6320d4,0x002,palette:arcade.r01p01.plane.bank_0x002.epoch_00,0,,48
usage:pb:bd9eda9b0b71:b0x002:f0,context:gameplay.r01.p01,0x0503,pattern:pc080sn:bd9eda9b0b71cae6,bd9eda9b0b71cae640f6f09544134118ed7ea3f8d1dfeeecb88c37af451b217e,0x002,palette:arcade.r01p01.plane.bank_0x002.epoch_00,0,,48
usage:pb:c0b058775f6c:b0x002:f0,context:gameplay.r01.p01,0x0504,pattern:pc080sn:c0b058775f6c857f,c0b058775f6c857f1a68eb9b43ae21fe04a998006f8df596f4883423f8c4fe5d,0x002,palette:arcade.r01p01.plane.bank_0x002.epoch_00,0,,48
usage:pb:a3e7a9c49613:b0x002:f0,context:gameplay.r01.p01,0x0505,pattern:pc080sn:a3e7a9c4961312c0,a3e7a9c4961312c0e6d1efc39be2aa07f803047e746ffe6e801aba1699e35fa0,0x002,palette:arcade.r01p01.plane.bank_0x002.epoch_00,0,,48
usage:pb:e189594d0901:b0x002:f0,context:gameplay.r01.p01,0x0506,pattern:pc080sn:e189594d0901d12b,e189594d0901d12bf8887b042199abe681d36da5ada139e0c5bfd5dedfa4414d,0x002,palette:arcade.r01p01.plane.bank_0x002.epoch_00,0,,48
usage:pb:07b681212a9c:b0x002:f0,context:gameplay.r01.p01,0x0507,pattern:pc080sn:07b681212a9c3477,07b681212a9c3477b702d831634b730ae39486f04cce3dc6814cb474176ffcfd,0x002,palette:arcade.r01p01.plane.bank_0x002.epoch_00,0,,48
usage:pb:adbbdaf078e8:b0x002:f0,context:gameplay.r01.p01,0x0508,pattern:pc080sn:adbbdaf078e8e411,adbbdaf078e8e4119c407ffe826edf765f5559c897ba29516bd2fbe5b00b8cb7,0x002,palette:arcade.r01p01.plane.bank_0x002.epoch_00,0,,48
usage:pb:f4cf18aaf2cf:b0x002:f0,context:gameplay.r01.p01,0x0509,pattern:pc080sn:f4cf18aaf2cf75b3,f4cf18aaf2cf75b3d5ec9e392d2504e295d265a3bd8dea45065e8c9eddce598e,0x002,palette:arcade.r01p01.plane.bank_0x002.epoch_00,0,,48
usage:pb:1aa3e162b2c1:b0x002:f0,context:gameplay.r01.p01,0x050A,pattern:pc080sn:1aa3e162b2c132a2,1aa3e162b2c132a2c47e43f17352f6751e0ebf10702c9a7d0c6aee4ab83da155,0x002,palette:arcade.r01p01.plane.bank_0x002.epoch_00,0,,48
usage:pb:eb3a57a30197:b0x002:f0,context:gameplay.r01.p01,0x050B,pattern:pc080sn:eb3a57a3019710c3,eb3a57a3019710c350892ace7e4ddae02ac128917e5414da8dffea5c81257927,0x002,palette:arcade.r01p01.plane.bank_0x002.epoch_00,0,,48
usage:pb:79ff0127787d:b0x002:f0,context:gameplay.r01.p01,0x050C,pattern:pc080sn:79ff0127787da1d9,79ff0127787da1d97adc09bb6adeef9253fb83e8be4b6e0a0a76707bc798e697,0x002,palette:arcade.r01p01.plane.bank_0x002.epoch_00,0,,48
usage:pb:9c1ba5f40de2:b0x002:f0,context:gameplay.r01.p01,0x050D,pattern:pc080sn:9c1ba5f40de2928a,9c1ba5f40de2928af65b0a68e21626adce4a1cbe8b3bcaf4f79b8f52ef5bdf22,0x002,palette:arcade.r01p01.plane.bank_0x002.epoch_00,0,,48
usage:pb:32ef2a0c1ae7:b0x002:f0,context:gameplay.r01.p01,0x050E,pattern:pc080sn:32ef2a0c1ae79c80,32ef2a0c1ae79c8075c281c6c5c3c32a2c22df3648d2071b2816611a8457ac9f,0x002,palette:arcade.r01p01.plane.bank_0x002.epoch_00,0,,48
usage:pb:8b79eeacd7ba:b0x002:f0,context:gameplay.r01.p01,0x050F,pattern:pc080sn:8b79eeacd7ba0abd,8b79eeacd7ba0abdfb84327be5618d367f1f05e8224f4b588e0a45df08448f4a,0x002,palette:arcade.r01p01.plane.bank_0x002.epoch_00,0,,48
usage:pb:15af1fb0f913:b0x002:f0,context:gameplay.r01.p01,0x0510,pattern:pc080sn:15af1fb0f913bf4a,15af1fb0f913bf4a2bf2798f99960ec82e71af01357aeb7b893db6bc921db4f9,0x002,palette:arcade.r01p01.plane.bank_0x002.epoch_00,0,,48
usage:pb:3c6e25ad7c80:b0x002:f0,context:gameplay.r01.p01,0x0511,pattern:pc080sn:3c6e25ad7c80d459,3c6e25ad7c80d459b975f54b878769e84b7b5692c10cf7582fd37fe0f26d947c,0x002,palette:arcade.r01p01.plane.bank_0x002.epoch_00,0,,48
usage:pb:daa2f1be8649:b0x002:f0,context:gameplay.r01.p01,0x0512,pattern:pc080sn:daa2f1be8649aa0a,daa2f1be8649aa0ad81995e52bb304647eace5999593a9e5e45a46ea5e5c9c8f,0x002,palette:arcade.r01p01.plane.bank_0x002.epoch_00,0,,48
usage:pb:9e2bb4fa124a:b0x002:f0,context:gameplay.r01.p01,0x0513,pattern:pc080sn:9e2bb4fa124aeb99,9e2bb4fa124aeb99acadfcaa7aa6454cd97962b3b6929a7c91626fb40d91b023,0x002,palette:arcade.r01p01.plane.bank_0x002.epoch_00,0,,48
usage:pb:b8a5a97e0f08:b0x002:f0,context:gameplay.r01.p01,0x0514,pattern:pc080sn:b8a5a97e0f083a5d,b8a5a97e0f083a5d19268b6fbb599c2d42f4324ecc618f7fdbf76217fcdb99f1,0x002,palette:arcade.r01p01.plane.bank_0x002.epoch_00,0,,48
usage:pb:e359d4503962:b0x002:f0,context:gameplay.r01.p01,0x0515,pattern:pc080sn:e359d4503962d523,e359d4503962d5230a81dfb72a4fc7d36b2d3c9e8c9c452d701c03222062b4cf,0x002,palette:arcade.r01p01.plane.bank_0x002.epoch_00,0,,48
usage:pb:14dcb6d440a8:b0x002:f0,context:gameplay.r01.p01,0x0516,pattern:pc080sn:14dcb6d440a8f261,14dcb6d440a8f2612f3095034a706fef355f720b2856918a0eb02707a65348ce,0x002,palette:arcade.r01p01.plane.bank_0x002.epoch_00,0,,48
usage:pb:390924edc711:b0x002:f0,context:gameplay.r01.p01,0x0517,pattern:pc080sn:390924edc7111cfd,390924edc7111cfdcd5cb524edaed2d7b3d2b25e2a7d655d2c56233b0adc2e92,0x002,palette:arcade.r01p01.plane.bank_0x002.epoch_00,0,,48
usage:pb:40e678e5d758:b0x002:f0,context:gameplay.r01.p01,0x0518,pattern:pc080sn:40e678e5d758608f,40e678e5d758608f3ecc8caa879d3c7a7ce97433c7929da653cc0d241252b123,0x002,palette:arcade.r01p01.plane.bank_0x002.epoch_00,0,,48
usage:pb:cfb3fae9f3ab:b0x002:f0,context:gameplay.r01.p01,0x0519,pattern:pc080sn:cfb3fae9f3abf9f7,cfb3fae9f3abf9f739435e874ba790a1083df79495420062d4d27d5b5a4ec70c,0x002,palette:arcade.r01p01.plane.bank_0x002.epoch_00,0,,48
usage:pb:c401fe97d0ac:b0x002:f0,context:gameplay.r01.p01,0x051A,pattern:pc080sn:c401fe97d0acef65,c401fe97d0acef65ec376aa1bd8bcdb85d337d65164a6ee960fb1282fe87246e,0x002,palette:arcade.r01p01.plane.bank_0x002.epoch_00,0,,48
usage:pb:4dc16b08e14d:b0x002:f0,context:gameplay.r01.p01,0x051B,pattern:pc080sn:4dc16b08e14d33e6,4dc16b08e14d33e638710b6328d5271ec29af84c6af21b3bd5e61134fe98825d,0x002,palette:arcade.r01p01.plane.bank_0x002.epoch_00,0,,48
usage:pb:af9613760f72:b0x002:f0,context:gameplay.r01.p01,0x051C,pattern:pc080sn:af9613760f72635f,af9613760f72635fbdb44a5a0a63c39f12af30f950a6ee5c971be188e89c4051,0x002,palette:arcade.r01p01.plane.bank_0x002.epoch_00,0,,288
usage:pb:af7cd5ca27d1:b0x002:f0,context:gameplay.r01.p01,0x051D,pattern:pc080sn:af7cd5ca27d14c8c,af7cd5ca27d14c8c6df30105abec1da96ea329a093c915f6bebdaefd059b1884,0x002,palette:arcade.r01p01.plane.bank_0x002.epoch_00,0,,48
usage:pb:f7ef1dcbe2b1:b0x002:f0,context:gameplay.r01.p01,0x051E,pattern:pc080sn:f7ef1dcbe2b18725,f7ef1dcbe2b1872579df44b00e10d7a34d16b9c951b0424ee9ec11cf15eb5cbd,0x002,palette:arcade.r01p01.plane.bank_0x002.epoch_00,0,,48
usage:pb:74704f4318a1:b0x002:f0,context:gameplay.r01.p01,0x051F,pattern:pc080sn:74704f4318a1ceff,74704f4318a1ceff3fa2c8c130dc465484ceeb61ccc41df7dee9775220682b95,0x002,palette:arcade.r01p01.plane.bank_0x002.epoch_00,0,,48
usage:pb:e881a65c07c1:b0x002:f0,context:gameplay.r01.p01,0x0520,pattern:pc080sn:e881a65c07c15ea2,e881a65c07c15ea26dca9fcba866c0eecdcbc85f72ae77605398abe74341ae69,0x002,palette:arcade.r01p01.plane.bank_0x002.epoch_00,0,,48
usage:pb:036b8f8c456f:b0x002:f0,context:gameplay.r01.p01,0x0521,pattern:pc080sn:036b8f8c456f6c8c,036b8f8c456f6c8c2849ef7d90ecdbcccb0d650b6d8509e4080c15587bab2601,0x002,palette:arcade.r01p01.plane.bank_0x002.epoch_00,0,,48
usage:pb:e7b5ba22d401:b0x002:f0,context:gameplay.r01.p01,0x0522,pattern:pc080sn:e7b5ba22d4014d65,e7b5ba22d4014d65baa770e27de6bcfa82fdce126ca4adc23a3881e540c00af1,0x002,palette:arcade.r01p01.plane.bank_0x002.epoch_00,0,,48
usage:pb:5a1aae5d4fdc:b0x002:f0,context:gameplay.r01.p01,0x0523,pattern:pc080sn:5a1aae5d4fdc8882,5a1aae5d4fdc8882f30cb3815b9bed8063bf7473a02ac72177b1a59d3f55d78e,0x002,palette:arcade.r01p01.plane.bank_0x002.epoch_00,0,,48
usage:pb:7f4cc07ad4ab:b0x002:f0,context:gameplay.r01.p01,0x0524,pattern:pc080sn:7f4cc07ad4abf059,7f4cc07ad4abf0590a28033d0ee8b5aeadf31ba7ebd3cd58823dddd08c918ee3,0x002,palette:arcade.r01p01.plane.bank_0x002.epoch_00,0,,48
usage:pb:2e989a680b9d:b0x002:f0,context:gameplay.r01.p01,0x0525,pattern:pc080sn:2e989a680b9dc466,2e989a680b9dc466d8e22ac81ec8b0012b7bcda8d033e8210336560787ccb31b,0x002,palette:arcade.r01p01.plane.bank_0x002.epoch_00,0,,48
usage:pb:5e50cbc996b9:b0x002:f0,context:gameplay.r01.p01,0x0526,pattern:pc080sn:5e50cbc996b9b30b,5e50cbc996b9b30bb69e2650ec2dfab31093d713fdd54e645c162f2508356f83,0x002,palette:arcade.r01p01.plane.bank_0x002.epoch_00,0,,48
usage:pb:f2ee33373375:b0x002:f0,context:gameplay.r01.p01,0x0527,pattern:pc080sn:f2ee333733753564,f2ee333733753564c87285713f3992565bf11a09ab4fd1160e821735d2d77e40,0x002,palette:arcade.r01p01.plane.bank_0x002.epoch_00,0,,48
usage:pb:c026502a3f68:b0x002:f0,context:gameplay.r01.p01,0x0528,pattern:pc080sn:c026502a3f685093,c026502a3f685093b7ba6f487cf6c0ba4cf12e94dcb1f80dab367fb563b970f3,0x002,palette:arcade.r01p01.plane.bank_0x002.epoch_00,0,,48
usage:pb:157618581e9a:b0x002:f0,context:gameplay.r01.p01,0x0529,pattern:pc080sn:157618581e9a6765,157618581e9a676582d0ad678c9683c86458c40bc4716ce1b7876308ffa05717,0x002,palette:arcade.r01p01.plane.bank_0x002.epoch_00,0,,48
usage:pb:78a13f8f7ff0:b0x002:f0,context:gameplay.r01.p01,0x052A,pattern:pc080sn:78a13f8f7ff026fb,78a13f8f7ff026fbc9dcf3afcefa7cd313bb3a5b6036b1b27f9552dfc95cccb0,0x002,palette:arcade.r01p01.plane.bank_0x002.epoch_00,0,,48
usage:pb:82316980fe46:b0x002:f0,context:gameplay.r01.p01,0x052B,pattern:pc080sn:82316980fe46995a,82316980fe46995a9ad0a3b0722bdf1d05ad56b75f03da74e66ef0c4aaccb634,0x002,palette:arcade.r01p01.plane.bank_0x002.epoch_00,0,,48
usage:pb:f0c8a5063680:b0x002:f0,context:gameplay.r01.p01,0x052C,pattern:pc080sn:f0c8a50636802f2e,f0c8a50636802f2e2fcd80301fc7fc4cd14f3199ac6586672e157aad03b52611,0x002,palette:arcade.r01p01.plane.bank_0x002.epoch_00,0,,48
usage:pb:f44405e2e329:b0x002:f0,context:gameplay.r01.p01,0x052D,pattern:pc080sn:f44405e2e329ed8d,f44405e2e329ed8d6f1cee77bd1bf002b90cb5eb57ae9bf552c59f44969da946,0x002,palette:arcade.r01p01.plane.bank_0x002.epoch_00,0,,48
usage:pb:83b72c5ec0c2:b0x002:f0,context:gameplay.r01.p01,0x052E,pattern:pc080sn:83b72c5ec0c219e4,83b72c5ec0c219e4657491d1eb9127d6cd4c74e9e6d0fd5425cc103884fd5537,0x002,palette:arcade.r01p01.plane.bank_0x002.epoch_00,0,,48
usage:pb:4a287e99ccbb:b0x002:f0,context:gameplay.r01.p01,0x052F,pattern:pc080sn:4a287e99ccbb0ed1,4a287e99ccbb0ed16456cab45c6e53f98034cd50ea05c5139ca18fec0a2a4142,0x002,palette:arcade.r01p01.plane.bank_0x002.epoch_00,0,,48
usage:pb:40e1677043b0:b0x002:f0,context:gameplay.r01.p01,0x0530,pattern:pc080sn:40e1677043b023a3,40e1677043b023a33c5b27043dd4dd542648067fd2f2ca164ce8edc02fcac61d,0x002,palette:arcade.r01p01.plane.bank_0x002.epoch_00,0,,48
usage:pb:786b473c7f09:b0x002:f0,context:gameplay.r01.p01,0x0531,pattern:pc080sn:786b473c7f095b41,786b473c7f095b418d0363779d6d032b3d7d9fe79f09577a2df7512148f6da5b,0x002,palette:arcade.r01p01.plane.bank_0x002.epoch_00,0,,48
usage:pb:863d79392d8e:b0x002:f0,context:gameplay.r01.p01,0x0532,pattern:pc080sn:863d79392d8eb233,863d79392d8eb233b88ea148a2b61c3acd9c8e8e3053ca510a74888f3b63f7ef,0x002,palette:arcade.r01p01.plane.bank_0x002.epoch_00,0,,48
usage:pb:b79699d823d1:b0x002:f0,context:gameplay.r01.p01,0x0533,pattern:pc080sn:b79699d823d107d5,b79699d823d107d5d65ec9b377ff36a3672f8fcdc972ed26d3a1e9f9dc0ae2c0,0x002,palette:arcade.r01p01.plane.bank_0x002.epoch_00,0,,48
usage:pb:8221fcadf8cc:b0x002:f0,context:gameplay.r01.p01,0x0534,pattern:pc080sn:8221fcadf8cc1369,8221fcadf8cc136995890bc0ab40a903f788b3eb2cb8aec2346aa92cefffc627,0x002,palette:arcade.r01p01.plane.bank_0x002.epoch_00,0,,48
usage:pb:e283ea1b6579:b0x002:f0,context:gameplay.r01.p01,0x0535,pattern:pc080sn:e283ea1b65797152,e283ea1b65797152f46da0c1219c6c4e71b10c497eaa5c9b60cd6842797e14a2,0x002,palette:arcade.r01p01.plane.bank_0x002.epoch_00,0,,48
usage:pb:8e685023ba10:b0x002:f0,context:gameplay.r01.p01,0x0536,pattern:pc080sn:8e685023ba100615,8e685023ba100615874edb63d329b969ed387365df6dbc936bde5830c883a676,0x002,palette:arcade.r01p01.plane.bank_0x002.epoch_00,0,,48
usage:pb:5cbfdf46c46f:b0x002:f0,context:gameplay.r01.p01,0x0537,pattern:pc080sn:5cbfdf46c46fa5ab,5cbfdf46c46fa5ab3e39bcc28561e38514d6bafa8071cfbda4583ffd9333c2f7,0x002,palette:arcade.r01p01.plane.bank_0x002.epoch_00,0,,48
usage:pb:e5a39af158c2:b0x002:f0,context:gameplay.r01.p01,0x0538,pattern:pc080sn:e5a39af158c2a51a,e5a39af158c2a51ac905d557075fb7b59427524f3a6c54283759ab84e7d13adb,0x002,palette:arcade.r01p01.plane.bank_0x002.epoch_00,0,,48
usage:pb:c2f480d4dda9:b0x002:f0,context:gameplay.r01.p01,0x0539,pattern:pc080sn:c2f480d4dda9f452,c2f480d4dda9f4522b9f6d590011636d904accfe59f12f9d66a0221c2558e3a2,0x002,palette:arcade.r01p01.plane.bank_0x002.epoch_00,0,,138
usage:pb:be7c1de9cea4:b0x002:f0,context:gameplay.r01.p01,0x053A,pattern:pc080sn:be7c1de9cea435b8,be7c1de9cea435b84b7d64bf1782eb9d5e870f9b46205e5be81311168493b255,0x002,palette:arcade.r01p01.plane.bank_0x002.epoch_00,0,,48
usage:pb:581f06f15bd5:b0x002:f0,context:gameplay.r01.p01,0x053B,pattern:pc080sn:581f06f15bd5975a,581f06f15bd5975abff9f5f3399039e6106649ae577dffbbf08069fca7bccb76,0x002,palette:arcade.r01p01.plane.bank_0x002.epoch_00,0,,48
usage:pb:7e87d958627a:b0x002:f0,context:gameplay.r01.p01,0x053C,pattern:pc080sn:7e87d958627a7e66,7e87d958627a7e66ff74e67ffeafbf95ee5f38a353a15f3a764587c45db2b38f,0x002,palette:arcade.r01p01.plane.bank_0x002.epoch_00,0,,48
usage:pb:6e73674c0888:b0x002:f0,context:gameplay.r01.p01,0x053D,pattern:pc080sn:6e73674c088896cd,6e73674c088896cd9f1eb04653108f9dd5e37ac6dcff073785fb58965484d98d,0x002,palette:arcade.r01p01.plane.bank_0x002.epoch_00,0,,48
usage:pb:7c7671af4d6f:b0x002:f0,context:gameplay.r01.p01,0x053E,pattern:pc080sn:7c7671af4d6f55a6,7c7671af4d6f55a6ff5de2b4f184fa1bea650906cccffffe5aab1b6064e89509,0x002,palette:arcade.r01p01.plane.bank_0x002.epoch_00,0,,48
usage:pb:964b7e4e6cba:b0x002:f0,context:gameplay.r01.p01,0x053F,pattern:pc080sn:964b7e4e6cba6be1,964b7e4e6cba6be105b793138d6662f9c803cb868c63f8c7a4c9c86b58150f56,0x002,palette:arcade.r01p01.plane.bank_0x002.epoch_00,0,,48
usage:pb:cf3fd81bbe58:b0x002:f0,context:gameplay.r01.p01,0x0540,pattern:pc080sn:cf3fd81bbe58db29,cf3fd81bbe58db2933731b036823c70a0f54a24f08a2f636c87623f33fca4995,0x002,palette:arcade.r01p01.plane.bank_0x002.epoch_00,0,,48
usage:pb:af09cb9e9763:b0x002:f0,context:gameplay.r01.p01,0x0541,pattern:pc080sn:af09cb9e9763c171,af09cb9e9763c1719e33186c61e183e6260879a2879a2f3509bd2604fcc7052a,0x002,palette:arcade.r01p01.plane.bank_0x002.epoch_00,0,,48
usage:pb:d0224e4efada:b0x002:f0,context:gameplay.r01.p01,0x0542,pattern:pc080sn:d0224e4efadab705,d0224e4efadab705bae68561e5b476d138fb4db6818a4ae95e82807a8da17596,0x002,palette:arcade.r01p01.plane.bank_0x002.epoch_00,0,,48
usage:pb:f854d4f4f4e1:b0x002:f0,context:gameplay.r01.p01,0x0543,pattern:pc080sn:f854d4f4f4e161b2,f854d4f4f4e161b233215481a3ba48f480610fac6f67c4c37e66a5de16469807,0x002,palette:arcade.r01p01.plane.bank_0x002.epoch_00,0,,48
usage:pb:c2972b43170c:b0x002:f0,context:gameplay.r01.p01,0x0544,pattern:pc080sn:c2972b43170c2efa,c2972b43170c2efa45b9cc0013a4225342440e21d7d000500cc8474c220cd92e,0x002,palette:arcade.r01p01.plane.bank_0x002.epoch_00,0,,48
usage:pb:d903cdacfed0:b0x002:f0,context:gameplay.r01.p01,0x0545,pattern:pc080sn:d903cdacfed07799,d903cdacfed07799d34ab0b31dadb21cd6cebae498f7d9f0d70815382a942473,0x002,palette:arcade.r01p01.plane.bank_0x002.epoch_00,0,,48
usage:pb:b864d00f1710:b0x002:f0,context:gameplay.r01.p01,0x0546,pattern:pc080sn:b864d00f17100ee9,b864d00f17100ee9d185521c32d5f22c1951de4f5163920d4550db40ff013002,0x002,palette:arcade.r01p01.plane.bank_0x002.epoch_00,0,,48
usage:pb:2367ad201496:b0x002:f0,context:gameplay.r01.p01,0x0547,pattern:pc080sn:2367ad201496ad7c,2367ad201496ad7cd5a43a9422700526424567b6a4b94e42ae71d8debc868ae1,0x002,palette:arcade.r01p01.plane.bank_0x002.epoch_00,0,,48
usage:pb:8e28d38e1e94:b0x002:f0,context:gameplay.r01.p01,0x0548,pattern:pc080sn:8e28d38e1e949a81,8e28d38e1e949a81e86f81c91d940cc6193ff0b5249256399c4f32ef12839588,0x002,palette:arcade.r01p01.plane.bank_0x002.epoch_00,0,,48
usage:pb:79f8c04c00f7:b0x002:f0,context:gameplay.r01.p01,0x0549,pattern:pc080sn:79f8c04c00f74d5a,79f8c04c00f74d5a4806d22aee4789d860cd741ce60df9cb91188beed2ba5f75,0x002,palette:arcade.r01p01.plane.bank_0x002.epoch_00,0,,48
usage:pb:9dd4789525d8:b0x002:f0,context:gameplay.r01.p01,0x054A,pattern:pc080sn:9dd4789525d8d0af,9dd4789525d8d0af0cac709029bfa7f55ba79fc4cbe5d1d37e68379c37643c8f,0x002,palette:arcade.r01p01.plane.bank_0x002.epoch_00,0,,48
usage:pb:9cd5c7d24a21:b0x002:f0,context:gameplay.r01.p01,0x054B,pattern:pc080sn:9cd5c7d24a217d92,9cd5c7d24a217d92402d56da9a0d504eb43e00b163e4d759257c33c95c760290,0x002,palette:arcade.r01p01.plane.bank_0x002.epoch_00,0,,48
usage:pb:d638324ac5f9:b0x002:f0,context:gameplay.r01.p01,0x054C,pattern:pc080sn:d638324ac5f9d81b,d638324ac5f9d81bb5c26a5e85e99e237ffaaefa66e932a1937de5c9bac6a65d,0x002,palette:arcade.r01p01.plane.bank_0x002.epoch_00,0,,48
usage:pb:23d74b5bf002:b0x002:f0,context:gameplay.r01.p01,0x054D,pattern:pc080sn:23d74b5bf0023a1d,23d74b5bf0023a1ded5a3da6d7d4e619040ed2f53c5fb37c3dc37c24b883ec14,0x002,palette:arcade.r01p01.plane.bank_0x002.epoch_00,0,,48
usage:pb:fc3ff8680353:b0x002:f0,context:gameplay.r01.p01,0x054E,pattern:pc080sn:fc3ff8680353f596,fc3ff8680353f596e8d3347efeaa103d8c35dd00db45a325a6531b90ec04e8df,0x002,palette:arcade.r01p01.plane.bank_0x002.epoch_00,0,,48
usage:pb:11b847cb1f1a:b0x002:f0,context:gameplay.r01.p01,0x054F,pattern:pc080sn:11b847cb1f1a6aae,11b847cb1f1a6aae1007d83a49d2a4e654790d47dd7423f9c18ae3eac77b7800,0x002,palette:arcade.r01p01.plane.bank_0x002.epoch_00,0,,48
usage:pb:bf9080fff873:b0x002:f0,context:gameplay.r01.p01,0x0550,pattern:pc080sn:bf9080fff87348cf,bf9080fff87348cf57c50e95884d3aa08ca0fcc0e0f58f140f4313c1c9ee7359,0x002,palette:arcade.r01p01.plane.bank_0x002.epoch_00,0,,48
usage:pb:e761ac94cd73:b0x002:f0,context:gameplay.r01.p01,0x0551,pattern:pc080sn:e761ac94cd73036a,e761ac94cd73036a5b94b967e6f931d9d7b672a920ca3b8e157bc1138df8bcee,0x002,palette:arcade.r01p01.plane.bank_0x002.epoch_00,0,,48
usage:pb:0b93b66049de:b0x002:f0,context:gameplay.r01.p01,0x0552,pattern:pc080sn:0b93b66049de429a,0b93b66049de429a5c933b39f06e11756d77eb898f16f509474d5b9800d13edf,0x002,palette:arcade.r01p01.plane.bank_0x002.epoch_00,0,,48
usage:pb:1a72068c4373:b0x002:f0,context:gameplay.r01.p01,0x0553,pattern:pc080sn:1a72068c437321e5,1a72068c437321e5f0719cd5d825642d6269b14847795ad62e9e3f3627f34e2d,0x002,palette:arcade.r01p01.plane.bank_0x002.epoch_00,0,,48
usage:pb:0be119dc823d:b0x002:f0,context:gameplay.r01.p01,0x0554,pattern:pc080sn:0be119dc823dec2a,0be119dc823dec2ab1e2c812cfc7d3d8e7e665ce8d2e7eb07fce61af6f0fb3f5,0x002,palette:arcade.r01p01.plane.bank_0x002.epoch_00,0,,48
usage:pb:89e877c02761:b0x002:f0,context:gameplay.r01.p01,0x0555,pattern:pc080sn:89e877c027610039,89e877c0276100399d38bb4969629b0631902d1876c3602820ff7ca9376e26f9,0x002,palette:arcade.r01p01.plane.bank_0x002.epoch_00,0,,48
usage:pb:ba3c3d8cc71d:b0x002:f0,context:gameplay.r01.p01,0x0556,pattern:pc080sn:ba3c3d8cc71dae75,ba3c3d8cc71dae7531a506d76eae70fd43338c5b9f69005ceb3f69aad5e364d5,0x002,palette:arcade.r01p01.plane.bank_0x002.epoch_00,0,,48
usage:pb:a6b5b884d341:b0x002:f0,context:gameplay.r01.p01,0x0557,pattern:pc080sn:a6b5b884d341360f,a6b5b884d341360fee445700bea9fd6af6bf4550cda7ecdb27ee5ad834198b0b,0x002,palette:arcade.r01p01.plane.bank_0x002.epoch_00,0,,48
usage:pb:46ed8a904dc6:b0x002:f0,context:gameplay.r01.p01,0x0558,pattern:pc080sn:46ed8a904dc64eb2,46ed8a904dc64eb212231dfa2f393f48389dd10ba954bf77c83dcbce4a32e8fd,0x002,palette:arcade.r01p01.plane.bank_0x002.epoch_00,0,,48
usage:pb:01a0af4803cf:b0x002:f0,context:gameplay.r01.p01,0x0559,pattern:pc080sn:01a0af4803cf7f27,01a0af4803cf7f27532adfea7b11a47e33dade23be17aa97b279c6ddb5e88878,0x002,palette:arcade.r01p01.plane.bank_0x002.epoch_00,0,,48
usage:pb:5f781f9140e0:b0x002:f0,context:gameplay.r01.p01,0x055A,pattern:pc080sn:5f781f9140e03751,5f781f9140e0375177ba9af5cf62ec18407ff57fb6213bdff8da8eec23e63e4a,0x002,palette:arcade.r01p01.plane.bank_0x002.epoch_00,0,,48
usage:pb:ff8f649e0024:b0x002:f0,context:gameplay.r01.p01,0x055B,pattern:pc080sn:ff8f649e0024fd0b,ff8f649e0024fd0b8b3901183f185e8523c8b3ae75ca7ae7ab4e7705c4f9a905,0x002,palette:arcade.r01p01.plane.bank_0x002.epoch_00,0,,48
usage:pb:bd367c73882e:b0x002:f0,context:gameplay.r01.p01,0x055C,pattern:pc080sn:bd367c73882e9211,bd367c73882e9211799418c0d039e1ff9b5cefb738dba40d810d0e2b8665cbc9,0x002,palette:arcade.r01p01.plane.bank_0x002.epoch_00,0,,48
usage:pb:91e7fd75ebdc:b0x002:f0,context:gameplay.r01.p01,0x055D,pattern:pc080sn:91e7fd75ebdc09f0,91e7fd75ebdc09f0e527cfdc9637e643afa5d3cbaeb3db6330b6c8c6aa06fb8e,0x002,palette:arcade.r01p01.plane.bank_0x002.epoch_00,0,,48
usage:pb:ac90790ac9d1:b0x002:f0,context:gameplay.r01.p01,0x055E,pattern:pc080sn:ac90790ac9d162c6,ac90790ac9d162c6866c0df734806a71b8820d47aaafb12e844d705a9ebd59cc,0x002,palette:arcade.r01p01.plane.bank_0x002.epoch_00,0,,48
usage:pb:71c38b9f8d47:b0x002:f0,context:gameplay.r01.p01,0x055F,pattern:pc080sn:71c38b9f8d476f08,71c38b9f8d476f0825d200e4a74a765f38f78b0d3503eeea54b913d03f536976,0x002,palette:arcade.r01p01.plane.bank_0x002.epoch_00,0,,48
usage:pb:b503fa76215c:b0x002:f0,context:gameplay.r01.p01,0x0560,pattern:pc080sn:b503fa76215c5ead,b503fa76215c5ead4149e45eb3f88d0cf61003b99ec05c908bf5f485ab4d4d4e,0x002,palette:arcade.r01p01.plane.bank_0x002.epoch_00,0,,48
usage:pb:64764d222a6a:b0x002:f0,context:gameplay.r01.p01,0x0561,pattern:pc080sn:64764d222a6abe34,64764d222a6abe349d53428caa0110cbe9019ed30be727beb82c34373f85cb1d,0x002,palette:arcade.r01p01.plane.bank_0x002.epoch_00,0,,48
usage:pb:2fde13832cc1:b0x002:f0,context:gameplay.r01.p01,0x0562,pattern:pc080sn:2fde13832cc138a1,2fde13832cc138a1c6bc6daea56e0dd3369bfbb64748b65bbfe9cb9d6f717d2c,0x002,palette:arcade.r01p01.plane.bank_0x002.epoch_00,0,,48
usage:pb:0ead438024d9:b0x002:f0,context:gameplay.r01.p01,0x0563,pattern:pc080sn:0ead438024d90732,0ead438024d90732a1d954a6e4f499d7d28684a8b5b1cc6aa3a0a587b662eaa5,0x002,palette:arcade.r01p01.plane.bank_0x002.epoch_00,0,,48
usage:pb:f07cf07d62f9:b0x002:f0,context:gameplay.r01.p01,0x0564,pattern:pc080sn:f07cf07d62f9a9c0,f07cf07d62f9a9c02692f4ebb69c7385e5f92a779a02877525c45ebad5466152,0x002,palette:arcade.r01p01.plane.bank_0x002.epoch_00,0,,48
usage:pb:f0982401d27e:b0x002:f0,context:gameplay.r01.p01,0x0565,pattern:pc080sn:f0982401d27e1f05,f0982401d27e1f053b8d2d3d928c9d261ae22eb9389ecf35bebeb50b4f4a7d61,0x002,palette:arcade.r01p01.plane.bank_0x002.epoch_00,0,,48
usage:pb:9073d1a09b3e:b0x002:f0,context:gameplay.r01.p01,0x0566,pattern:pc080sn:9073d1a09b3edc9a,9073d1a09b3edc9a2684117a0483e2d7053ff9d0d37d88968b03062206765799,0x002,palette:arcade.r01p01.plane.bank_0x002.epoch_00,0,,48
usage:pb:0bb80b607543:b0x002:f0,context:gameplay.r01.p01,0x0567,pattern:pc080sn:0bb80b607543c8a0,0bb80b607543c8a05c5b9e5e00efaf145a53db3d01e20b5f64ccab0d014e1faf,0x002,palette:arcade.r01p01.plane.bank_0x002.epoch_00,0,,48
usage:pb:70b0c22018dd:b0x002:f0,context:gameplay.r01.p01,0x0568,pattern:pc080sn:70b0c22018dda2ce,70b0c22018dda2ce0a4ca350b2783d4489c2a4ac87fe8770780f7b0982b3176c,0x002,palette:arcade.r01p01.plane.bank_0x002.epoch_00,0,,48
usage:pb:f1341df957c0:b0x002:f0,context:gameplay.r01.p01,0x0569,pattern:pc080sn:f1341df957c0a9af,f1341df957c0a9af44a4fe6000012726c8ce65267739e564ba19dd17654feb34,0x002,palette:arcade.r01p01.plane.bank_0x002.epoch_00,0,,48
usage:pb:bdc1e49d05aa:b0x002:f0,context:gameplay.r01.p01,0x056A,pattern:pc080sn:bdc1e49d05aa223d,bdc1e49d05aa223dc7c114ff24f6857472ec26c6ec21677c11e4e385f85ec24d,0x002,palette:arcade.r01p01.plane.bank_0x002.epoch_00,0,,48
usage:pb:8f40a3e43f51:b0x002:f0,context:gameplay.r01.p01,0x056B,pattern:pc080sn:8f40a3e43f517ee5,8f40a3e43f517ee5e9abd16521a7d18edd340a85bfe1d16944bdf97e95d13770,0x002,palette:arcade.r01p01.plane.bank_0x002.epoch_00,0,,48
usage:pb:44e493d6e13a:b0x002:f0,context:gameplay.r01.p01,0x056C,pattern:pc080sn:44e493d6e13aaa96,44e493d6e13aaa964181154f194b89a0acf8100b31349f200ac82ed5ff1ca52b,0x002,palette:arcade.r01p01.plane.bank_0x002.epoch_00,0,,48
usage:pb:150bf5910895:b0x002:f0,context:gameplay.r01.p01,0x056D,pattern:pc080sn:150bf5910895c064,150bf5910895c064cb59763fbf006e41c8aa3a910fbd21c19980a0180636bd82,0x002,palette:arcade.r01p01.plane.bank_0x002.epoch_00,0,,48
usage:pb:6eb29d824c1b:b0x002:f0,context:gameplay.r01.p01,0x056E,pattern:pc080sn:6eb29d824c1b4751,6eb29d824c1b4751a7239afe2f050dda127d5e2ba94af6e2b5825b224b91ae36,0x002,palette:arcade.r01p01.plane.bank_0x002.epoch_00,0,,48
usage:pb:3a4bc81e39d9:b0x002:f0,context:gameplay.r01.p01,0x056F,pattern:pc080sn:3a4bc81e39d9a5f0,3a4bc81e39d9a5f0a75ba4945cd9136431f41baa7d308d6ea00e11f6b1c98088,0x002,palette:arcade.r01p01.plane.bank_0x002.epoch_00,0,,48
usage:pb:9a23d69197e3:b0x002:f0,context:gameplay.r01.p01,0x0570,pattern:pc080sn:9a23d69197e39d48,9a23d69197e39d48a9043c88fa98553ebe4e850833dda298e86c72dc3d7e61ff,0x002,palette:arcade.r01p01.plane.bank_0x002.epoch_00,0,,48
usage:pb:280f8e44f9d0:b0x002:f0,context:gameplay.r01.p01,0x0571,pattern:pc080sn:280f8e44f9d083ee,280f8e44f9d083ee5b144c814f289bb366beaf8c311fcf4671d9fe9cfb70bcdd,0x002,palette:arcade.r01p01.plane.bank_0x002.epoch_00,0,,48
usage:pb:6f723813d419:b0x002:f0,context:gameplay.r01.p01,0x0572,pattern:pc080sn:6f723813d41952f1,6f723813d41952f1d6abadf4fd910a3e8d543127b0ca9659d851f10bb5bfb685,0x002,palette:arcade.r01p01.plane.bank_0x002.epoch_00,0,,48
usage:pb:a77b4ab77198:b0x002:f0,context:gameplay.r01.p01,0x0573,pattern:pc080sn:a77b4ab77198f8f1,a77b4ab77198f8f111d63468029c398d89f58c1c27646cf9b701fc4191922732,0x002,palette:arcade.r01p01.plane.bank_0x002.epoch_00,0,,48
usage:pb:53c8df38ff2c:b0x002:f0,context:gameplay.r01.p01,0x0574,pattern:pc080sn:53c8df38ff2c62a3,53c8df38ff2c62a3f1709cfeb7c15f2028b61103be0ad0a5e5990a06fe4d3b6c,0x002,palette:arcade.r01p01.plane.bank_0x002.epoch_00,0,,48
usage:pb:47ff20336dd6:b0x002:f0,context:gameplay.r01.p01,0x0575,pattern:pc080sn:47ff20336dd6e374,47ff20336dd6e3743e7048279b457680f1937db049ff79d71079c510a084e044,0x002,palette:arcade.r01p01.plane.bank_0x002.epoch_00,0,,48
usage:pb:e332dd5b8e4d:b0x002:f0,context:gameplay.r01.p01,0x0576,pattern:pc080sn:e332dd5b8e4d4731,e332dd5b8e4d4731f15b1e71872ea979348ec8faa2d0fd0b28e55cef900c95be,0x002,palette:arcade.r01p01.plane.bank_0x002.epoch_00,0,,48
usage:pb:aede2155229e:b0x002:f0,context:gameplay.r01.p01,0x0577,pattern:pc080sn:aede2155229e81a5,aede2155229e81a52aabc926c1f352e4f0baac238df45c220bdf135c4a49feb4,0x002,palette:arcade.r01p01.plane.bank_0x002.epoch_00,0,,48
usage:pb:c24d1ba97d72:b0x002:f0,context:gameplay.r01.p01,0x0578,pattern:pc080sn:c24d1ba97d7280c5,c24d1ba97d7280c513738dfe074bcd20010817e140a2187e33275d7e77d09ffe,0x002,palette:arcade.r01p01.plane.bank_0x002.epoch_00,0,,48
usage:pb:4a2bcd6cdeb5:b0x002:f0,context:gameplay.r01.p01,0x0579,pattern:pc080sn:4a2bcd6cdeb5a297,4a2bcd6cdeb5a29732d0db9ffc0f364bc9ca43d28c06d52501519c6f6afbea7c,0x002,palette:arcade.r01p01.plane.bank_0x002.epoch_00,0,,48
usage:pb:45503a5479d2:b0x002:f0,context:gameplay.r01.p01,0x057A,pattern:pc080sn:45503a5479d250fa,45503a5479d250faa337997e972c6e46a632788f21a8434112527b7ef5bb7835,0x002,palette:arcade.r01p01.plane.bank_0x002.epoch_00,0,,48
usage:pb:f7d48de213b9:b0x002:f0,context:gameplay.r01.p01,0x057B,pattern:pc080sn:f7d48de213b9fa2f,f7d48de213b9fa2f6fc88e20b6e94db317f237cdfa8ae00be2f86b2686d8d725,0x002,palette:arcade.r01p01.plane.bank_0x002.epoch_00,0,,48
usage:pb:e12c61b39025:b0x002:f0,context:gameplay.r01.p01,0x057C,pattern:pc080sn:e12c61b39025f7c8,e12c61b39025f7c85abe13e890f159e3d102ca6ace9c3c7ceae231748710c618,0x002,palette:arcade.r01p01.plane.bank_0x002.epoch_00,0,,48
usage:pb:a6adcfd11ff8:b0x002:f0,context:gameplay.r01.p01,0x057D,pattern:pc080sn:a6adcfd11ff883ce,a6adcfd11ff883ce4664a4f1627d8f00c7735553f2fd01bce024a24ce4e11d3c,0x002,palette:arcade.r01p01.plane.bank_0x002.epoch_00,0,,48
usage:pb:b5810f097296:b0x002:f0,context:gameplay.r01.p01,0x057E,pattern:pc080sn:b5810f097296675b,b5810f097296675b88d0b9e0abf0c96ab9dcefc6ed435ddbe85db17591b7f367,0x002,palette:arcade.r01p01.plane.bank_0x002.epoch_00,0,,48
usage:pb:c35fa5b93808:b0x002:f0,context:gameplay.r01.p01,0x057F,pattern:pc080sn:c35fa5b938083b6d,c35fa5b938083b6dd1f0d0e96cd2ed85c4fb2cc81904737ebe7e64ae977642f2,0x002,palette:arcade.r01p01.plane.bank_0x002.epoch_00,0,,48
usage:pb:a49f24e98b72:b0x002:f0,context:gameplay.r01.p01,0x0580,pattern:pc080sn:a49f24e98b721ee1,a49f24e98b721ee1a24e12d2d2aad9d5d8642ade131591ce59f67a62434e27ab,0x002,palette:arcade.r01p01.plane.bank_0x002.epoch_00,0,,48
usage:pb:c59709f485a3:b0x002:f0,context:gameplay.r01.p01,0x0581,pattern:pc080sn:c59709f485a3ec18,c59709f485a3ec18daff8ae5de1ebee80ebdd50a960e7e9f356b1a823e51a50d,0x002,palette:arcade.r01p01.plane.bank_0x002.epoch_00,0,,48
usage:pb:769535d692ac:b0x002:f0,context:gameplay.r01.p01,0x0582,pattern:pc080sn:769535d692ac48a5,769535d692ac48a527fdf48ea5d9b0f2d025c22fc4908b2e1cb35f46bce9094f,0x002,palette:arcade.r01p01.plane.bank_0x002.epoch_00,0,,48
usage:pb:969ccfa58712:b0x002:f0,context:gameplay.r01.p01,0x0583,pattern:pc080sn:969ccfa5871232da,969ccfa5871232da030f7c8b9722cd400bc1d4d712be8334c436d47a8892ef5b,0x002,palette:arcade.r01p01.plane.bank_0x002.epoch_00,0,,48
usage:pb:ab0c7b6ff53d:b0x002:f0,context:gameplay.r01.p01,0x0584,pattern:pc080sn:ab0c7b6ff53d20e7,ab0c7b6ff53d20e7722af966c77ae17c63f88db4c4009ff865f33a2ec15d9662,0x002,palette:arcade.r01p01.plane.bank_0x002.epoch_00,0,,48
usage:pb:954c2573a181:b0x002:f0,context:gameplay.r01.p01,0x0585,pattern:pc080sn:954c2573a1813ae3,954c2573a1813ae36b54506272dd4a506ae3706436a984ea26aeefebef45c48c,0x002,palette:arcade.r01p01.plane.bank_0x002.epoch_00,0,,48
usage:pb:123875866ca1:b0x002:f0,context:gameplay.r01.p01,0x0586,pattern:pc080sn:123875866ca1255e,123875866ca1255e3aae7f395d015e6eb5a39b174d8965e2f82284826cb1c58a,0x002,palette:arcade.r01p01.plane.bank_0x002.epoch_00,0,,48
usage:pb:bfbfab1c51f0:b0x002:f0,context:gameplay.r01.p01,0x0587,pattern:pc080sn:bfbfab1c51f0d346,bfbfab1c51f0d346223e3b91871dc0a6eec786174daf5cef81012f0851451a4d,0x002,palette:arcade.r01p01.plane.bank_0x002.epoch_00,0,,48
usage:pb:0ca30c862e6b:b0x002:f0,context:gameplay.r01.p01,0x0588,pattern:pc080sn:0ca30c862e6bd508,0ca30c862e6bd508f50f5b26bf91fc233eceec41eec3334babcc69bcf88a4b2f,0x002,palette:arcade.r01p01.plane.bank_0x002.epoch_00,0,,48
usage:pb:194e1c96de16:b0x002:f0,context:gameplay.r01.p01,0x0589,pattern:pc080sn:194e1c96de16514f,194e1c96de16514f27f1f18db0244052c8aa59ac729137526dad267e5a87d6f4,0x002,palette:arcade.r01p01.plane.bank_0x002.epoch_00,0,,48
usage:pb:3b99336276a3:b0x002:f0,context:gameplay.r01.p01,0x058A,pattern:pc080sn:3b99336276a3ea6d,3b99336276a3ea6de5450ae4759bb8d48e3b69357fa75efd50e324effcec0080,0x002,palette:arcade.r01p01.plane.bank_0x002.epoch_00,0,,48
usage:pb:a7774b64560c:b0x002:f0,context:gameplay.r01.p01,0x058B,pattern:pc080sn:a7774b64560cae2f,a7774b64560cae2f7e9ebabb8b6e0a18c5d75ec98fa400f7a8460df4245150a6,0x002,palette:arcade.r01p01.plane.bank_0x002.epoch_00,0,,48
usage:pb:8f85e40d28f3:b0x002:f0,context:gameplay.r01.p01,0x058C,pattern:pc080sn:8f85e40d28f35586,8f85e40d28f35586da7c4c9d480702aaff9039e9517805d47074acfacc127635,0x002,palette:arcade.r01p01.plane.bank_0x002.epoch_00,0,,48
usage:pb:56e9d1178faa:b0x002:f0,context:gameplay.r01.p01,0x058D,pattern:pc080sn:56e9d1178faa8759,56e9d1178faa8759e8a812af6e10ceb4bcb0184e4a61f3e3dc718c48913cbe86,0x002,palette:arcade.r01p01.plane.bank_0x002.epoch_00,0,,48
usage:pb:507a6b59a569:b0x002:f0,context:gameplay.r01.p01,0x058E,pattern:pc080sn:507a6b59a5691dfb,507a6b59a5691dfbd9933812e5b2f1d1397679a42d1590a71ea0ec064aedea88,0x002,palette:arcade.r01p01.plane.bank_0x002.epoch_00,0,,48
usage:pb:72536166dec7:b0x002:f0,context:gameplay.r01.p01,0x058F,pattern:pc080sn:72536166dec771f8,72536166dec771f8437032d664d018cc5e2cf29d3497cd14b33dd155eaa235cb,0x002,palette:arcade.r01p01.plane.bank_0x002.epoch_00,0,,48
usage:pb:cc404fedfa45:b0x002:f0,context:gameplay.r01.p01,0x0590,pattern:pc080sn:cc404fedfa450dd9,cc404fedfa450dd942e60c44bafc86815533e2eae23d1269a1a7b40eb8ea659b,0x002,palette:arcade.r01p01.plane.bank_0x002.epoch_00,0,,48
usage:pb:78780077d672:b0x002:f0,context:gameplay.r01.p01,0x0591,pattern:pc080sn:78780077d672e676,78780077d672e676f851e289908cebce411f3eae76660a48ab704c69412e45fd,0x002,palette:arcade.r01p01.plane.bank_0x002.epoch_00,0,,48
usage:pb:4c54b5350b36:b0x002:f0,context:gameplay.r01.p01,0x0592,pattern:pc080sn:4c54b5350b36ca3c,4c54b5350b36ca3ca255f552020f78ffbdcb8137b147a3dc9fe2b6b2e6acb039,0x002,palette:arcade.r01p01.plane.bank_0x002.epoch_00,0,,48
usage:pb:9c3ebd70e512:b0x002:f0,context:gameplay.r01.p01,0x0593,pattern:pc080sn:9c3ebd70e512d098,9c3ebd70e512d09883d369820e672ba47950f5e87bb52c32b2a1ede2337dd32e,0x002,palette:arcade.r01p01.plane.bank_0x002.epoch_00,0,,48
usage:pb:a5c0be4cec3b:b0x002:f0,context:gameplay.r01.p01,0x0594,pattern:pc080sn:a5c0be4cec3bb02a,a5c0be4cec3bb02a5e605414db4db5e6af4b5e0a1cd3ac2c89e1849abacb5992,0x002,palette:arcade.r01p01.plane.bank_0x002.epoch_00,0,,48
usage:pb:e72b6e8ac7aa:b0x002:f0,context:gameplay.r01.p01,0x0595,pattern:pc080sn:e72b6e8ac7aa8481,e72b6e8ac7aa848115fbe525cf95c688f0576eaccc35b9b3fe208dcfbdfef76f,0x002,palette:arcade.r01p01.plane.bank_0x002.epoch_00,0,,48
usage:pb:670bc13528c8:b0x002:f0,context:gameplay.r01.p01,0x0596,pattern:pc080sn:670bc13528c85fc9,670bc13528c85fc9f3aaa532c4785451ebf4acbc152021bc62f7089c93fc9d8c,0x002,palette:arcade.r01p01.plane.bank_0x002.epoch_00,0,,48
usage:pb:7970154b08cc:b0x002:f0,context:gameplay.r01.p01,0x0597,pattern:pc080sn:7970154b08cc983c,7970154b08cc983c9f8a788244a401bc6edbb32d4d6c6c69aae8057f70890d9c,0x002,palette:arcade.r01p01.plane.bank_0x002.epoch_00,0,,48
usage:pb:921a90c8041a:b0x002:f0,context:gameplay.r01.p01,0x0598,pattern:pc080sn:921a90c8041a0f0e,921a90c8041a0f0e925355dbca26dd902b7d7b3a7919b46c3093bc66c5b21957,0x002,palette:arcade.r01p01.plane.bank_0x002.epoch_00,0,,48
usage:pb:2785c9e409a0:b0x002:f0,context:gameplay.r01.p01,0x0599,pattern:pc080sn:2785c9e409a05bc8,2785c9e409a05bc82b49259a79155ae140136db191c106b77657bc9b80822db8,0x002,palette:arcade.r01p01.plane.bank_0x002.epoch_00,0,,48
usage:pb:efb73444544f:b0x002:f0,context:gameplay.r01.p01,0x059A,pattern:pc080sn:efb73444544ff7ee,efb73444544ff7eeed434ccb2a1abee3d2dace7f2c687b85b399ef262d4a96d2,0x002,palette:arcade.r01p01.plane.bank_0x002.epoch_00,0,,48
usage:pb:28de34b3982b:b0x002:f0,context:gameplay.r01.p01,0x059B,pattern:pc080sn:28de34b3982b76dd,28de34b3982b76ddb1fac94e636f3906571d9388a84d9ac2b63b93e466d55047,0x002,palette:arcade.r01p01.plane.bank_0x002.epoch_00,0,,48
usage:pb:c4b3ab3a7252:b0x002:f0,context:gameplay.r01.p01,0x059C,pattern:pc080sn:c4b3ab3a72524907,c4b3ab3a72524907271665994a0b100159bf7229d03cee6c4bbb42e01521b5d7,0x002,palette:arcade.r01p01.plane.bank_0x002.epoch_00,0,,48
usage:pb:277a9cba1a3c:b0x002:f0,context:gameplay.r01.p01,0x059D,pattern:pc080sn:277a9cba1a3cf667,277a9cba1a3cf667ee162fb52449e7ea200311ed7d759f001c48b6c9ea09ca6b,0x002,palette:arcade.r01p01.plane.bank_0x002.epoch_00,0,,48
usage:pb:d8577b46a91d:b0x002:f0,context:gameplay.r01.p01,0x059E,pattern:pc080sn:d8577b46a91dca38,d8577b46a91dca38e93845186c8b2a1a90e27d4331c196dfcb28ed268caef0f8,0x002,palette:arcade.r01p01.plane.bank_0x002.epoch_00,0,,48
usage:pb:73812b12938d:b0x002:f0,context:gameplay.r01.p01,0x059F,pattern:pc080sn:73812b12938da610,73812b12938da6104943badf9727c9d775e49d20c0a3c7e66fb58c9b2ec9534e,0x002,palette:arcade.r01p01.plane.bank_0x002.epoch_00,0,,48
usage:pb:ed5f6f6daabe:b0x002:f0,context:gameplay.r01.p01,0x05A0,pattern:pc080sn:ed5f6f6daabe2177,ed5f6f6daabe2177f4895992ad6018f9cc27cec536cab8cb0ca64cc3330f7de5,0x002,palette:arcade.r01p01.plane.bank_0x002.epoch_00,0,,48
usage:pb:ba9913740902:b0x002:f0,context:gameplay.r01.p01,0x05A1,pattern:pc080sn:ba9913740902eb4e,ba9913740902eb4e3558eadd2ff690d49ff058571cb0dd34a865c43a0e3a2c21,0x002,palette:arcade.r01p01.plane.bank_0x002.epoch_00,0,,48
usage:pb:76bdb024a960:b0x002:f0,context:gameplay.r01.p01,0x05A2,pattern:pc080sn:76bdb024a9606140,76bdb024a9606140cb01de8616f132646995a418d122c146c35ee21895b4a8e2,0x002,palette:arcade.r01p01.plane.bank_0x002.epoch_00,0,,48
usage:pb:06b161232cef:b0x002:f0,context:gameplay.r01.p01,0x05A3,pattern:pc080sn:06b161232cef647c,06b161232cef647c4137ada0e816abd9ae2750865bb9c063314b0cd01032a507,0x002,palette:arcade.r01p01.plane.bank_0x002.epoch_00,0,,48
usage:pb:30df176090f5:b0x002:f0,context:gameplay.r01.p01,0x05A4,pattern:pc080sn:30df176090f5413c,30df176090f5413c01ab68574de1bb5037117e3c3e82e47a75626f35867f4774,0x002,palette:arcade.r01p01.plane.bank_0x002.epoch_00,0,,48
usage:pb:8fe473162c85:b0x002:f0,context:gameplay.r01.p01,0x05A5,pattern:pc080sn:8fe473162c85b1d3,8fe473162c85b1d3c6f7a588311694dbe134f1a45686e2186715dabe61f7fea3,0x002,palette:arcade.r01p01.plane.bank_0x002.epoch_00,0,,48
usage:pb:96425f4a5061:b0x002:f0,context:gameplay.r01.p01,0x05A6,pattern:pc080sn:96425f4a50612fd0,96425f4a50612fd0c8d1ed9eff655575e3af052ca8bc920a98ffffefe7c5eb9f,0x002,palette:arcade.r01p01.plane.bank_0x002.epoch_00,0,,48
usage:pb:349df6f1a14c:b0x002:f0,context:gameplay.r01.p01,0x05A7,pattern:pc080sn:349df6f1a14c0535,349df6f1a14c0535d4a702647831e3410dbb45598b7687f88534923de6f8cfcd,0x002,palette:arcade.r01p01.plane.bank_0x002.epoch_00,0,,48
usage:pb:db7bfd85598f:b0x002:f0,context:gameplay.r01.p01,0x05A8,pattern:pc080sn:db7bfd85598fffd3,db7bfd85598fffd35227c4ebe30eb9d948d7947ef750e1d2d31ad52822974e3f,0x002,palette:arcade.r01p01.plane.bank_0x002.epoch_00,0,,48
usage:pb:9c67ac24201e:b0x002:f0,context:gameplay.r01.p01,0x05A9,pattern:pc080sn:9c67ac24201ec993,9c67ac24201ec993cc27f739e8f1dd26595c0806508cd187cac2de9b372d6ff5,0x002,palette:arcade.r01p01.plane.bank_0x002.epoch_00,0,,48
usage:pb:ccdaf3d58199:b0x002:f0,context:gameplay.r01.p01,0x05AA,pattern:pc080sn:ccdaf3d581997771,ccdaf3d581997771718931725b1c8b8194b3da50c4419e0617a3536f6dd44798,0x002,palette:arcade.r01p01.plane.bank_0x002.epoch_00,0,,48
usage:pb:66fea14c13af:b0x002:f0,context:gameplay.r01.p01,0x05AB,pattern:pc080sn:66fea14c13af6ad1,66fea14c13af6ad12f13f9980e48fe9eb920757f3d9a6cbd6673fffc60187b9a,0x002,palette:arcade.r01p01.plane.bank_0x002.epoch_00,0,,48
usage:pb:5acb995c2499:b0x002:f0,context:gameplay.r01.p01,0x05AC,pattern:pc080sn:5acb995c2499b53d,5acb995c2499b53d96ecaca19fcbcac9e6c7f80818c92c960570fb2c31525173,0x002,palette:arcade.r01p01.plane.bank_0x002.epoch_00,0,,48
usage:pb:c55dfae53cd2:b0x002:f0,context:gameplay.r01.p01,0x05AD,pattern:pc080sn:c55dfae53cd221c4,c55dfae53cd221c48bee0537ce67658a763e5658e637accd38c7354e8b842ea5,0x002,palette:arcade.r01p01.plane.bank_0x002.epoch_00,0,,48
usage:pb:d2fa778ccdf6:b0x002:f0,context:gameplay.r01.p01,0x05AE,pattern:pc080sn:d2fa778ccdf675e4,d2fa778ccdf675e4175c0541536d94e66ccc36905bca750e1c46f98cdb34d7e5,0x002,palette:arcade.r01p01.plane.bank_0x002.epoch_00,0,,48
usage:pb:4e92ab4c0c67:b0x002:f0,context:gameplay.r01.p01,0x05AF,pattern:pc080sn:4e92ab4c0c6787d8,4e92ab4c0c6787d83654d76783e61776edb2bc081da14c68fe757cd814d20ea2,0x002,palette:arcade.r01p01.plane.bank_0x002.epoch_00,0,,48
usage:pb:f19dd5f44097:b0x002:f0,context:gameplay.r01.p01,0x05B0,pattern:pc080sn:f19dd5f4409720fa,f19dd5f4409720fae30505cc5a838f4d046ec78583949c68ef04cb108b77541f,0x002,palette:arcade.r01p01.plane.bank_0x002.epoch_00,0,,48
usage:pb:090c80edbf21:b0x002:f0,context:gameplay.r01.p01,0x05B1,pattern:pc080sn:090c80edbf21dc5e,090c80edbf21dc5e27405bdc34bde417f9a42db93df12a34fbf15921a59885a1,0x002,palette:arcade.r01p01.plane.bank_0x002.epoch_00,0,,48
usage:pb:fba23a0c49f7:b0x002:f0,context:gameplay.r01.p01,0x05B2,pattern:pc080sn:fba23a0c49f7828a,fba23a0c49f7828a47a8200dbd481e1788c41f35250ad61cd27b0c8dfc0989b5,0x002,palette:arcade.r01p01.plane.bank_0x002.epoch_00,0,,48
usage:pb:d75c8be91252:b0x002:f0,context:gameplay.r01.p01,0x05B3,pattern:pc080sn:d75c8be912526f19,d75c8be912526f19a7d1facfe353a26ffc2ad5eb003accf063976ae0cba95acd,0x002,palette:arcade.r01p01.plane.bank_0x002.epoch_00,0,,48
usage:pb:e2fbf860d35b:b0x002:f0,context:gameplay.r01.p01,0x05B4,pattern:pc080sn:e2fbf860d35b5afb,e2fbf860d35b5afb9038761c500f70ea481c67b1f3136a144ae30be72d97840c,0x002,palette:arcade.r01p01.plane.bank_0x002.epoch_00,0,,48
usage:pb:79d85bf4ac5d:b0x002:f0,context:gameplay.r01.p01,0x05B5,pattern:pc080sn:79d85bf4ac5d893b,79d85bf4ac5d893bdae3ca613422c497fd428cf7268ec782a944b50319ce6718,0x002,palette:arcade.r01p01.plane.bank_0x002.epoch_00,0,,48
usage:pb:15d972d5674f:b0x002:f0,context:gameplay.r01.p01,0x05B6,pattern:pc080sn:15d972d5674ff82c,15d972d5674ff82c0c9c8edf489dd2cfb0c439a261e0754ef26da85a25f3000a,0x002,palette:arcade.r01p01.plane.bank_0x002.epoch_00,0,,48
usage:pb:6ece10e98f33:b0x002:f0,context:gameplay.r01.p01,0x05B7,pattern:pc080sn:6ece10e98f33aeb5,6ece10e98f33aeb55e9216ca10d0de059191a035e9002885f25844f56dc043fe,0x002,palette:arcade.r01p01.plane.bank_0x002.epoch_00,0,,48
usage:pb:af22b6be7ff2:b0x002:f0,context:gameplay.r01.p01,0x05B8,pattern:pc080sn:af22b6be7ff2ce37,af22b6be7ff2ce37bcf55888df3e799d49de7a3b9f37798de77680d839284257,0x002,palette:arcade.r01p01.plane.bank_0x002.epoch_00,0,,48
usage:pb:18dce57df959:b0x002:f0,context:gameplay.r01.p01,0x05B9,pattern:pc080sn:18dce57df959776f,18dce57df959776fcd308cff788db88860e3024a6e4c91f0cea70f24d639e315,0x002,palette:arcade.r01p01.plane.bank_0x002.epoch_00,0,,48
usage:pb:3385925b7004:b0x002:f0,context:gameplay.r01.p01,0x05BA,pattern:pc080sn:3385925b70041e1f,3385925b70041e1f7aae1ffb59e21d016988b68d7e61e70b93087fad012cf2b6,0x002,palette:arcade.r01p01.plane.bank_0x002.epoch_00,0,,48
usage:pb:aca71637587a:b0x002:f0,context:gameplay.r01.p01,0x05BB,pattern:pc080sn:aca71637587ae9ea,aca71637587ae9eafc6f7d21abe05822972e6aff55de3a29cce3daba2345bddd,0x002,palette:arcade.r01p01.plane.bank_0x002.epoch_00,0,,48
usage:pb:6bd38a3d3475:b0x002:f0,context:gameplay.r01.p01,0x05BC,pattern:pc080sn:6bd38a3d3475b2f8,6bd38a3d3475b2f808d7d26c57bc5eb9e7e660e037a78721cee0c191466fb9e6,0x002,palette:arcade.r01p01.plane.bank_0x002.epoch_00,0,,48
usage:pb:9d2b83ae76ea:b0x002:f0,context:gameplay.r01.p01,0x05BD,pattern:pc080sn:9d2b83ae76ea4645,9d2b83ae76ea4645e9bff481a11b38021e2e861a3ed91616f5e1c7c1b18f644e,0x002,palette:arcade.r01p01.plane.bank_0x002.epoch_00,0,,48
usage:pb:6e54954a7a23:b0x002:f0,context:gameplay.r01.p01,0x05BE,pattern:pc080sn:6e54954a7a23c2db,6e54954a7a23c2db60a1aa60c63fd9d1a8c22f4b675b52dcd691a445bb388add,0x002,palette:arcade.r01p01.plane.bank_0x002.epoch_00,0,,48
usage:pb:93f9606553c6:b0x002:f0,context:gameplay.r01.p01,0x05BF,pattern:pc080sn:93f9606553c609fc,93f9606553c609fc00a8ca1369f2f7c495893f6c02c1727885e0fe23b89e03c1,0x002,palette:arcade.r01p01.plane.bank_0x002.epoch_00,0,,48
usage:pb:eb01066aabe4:b0x002:f0,context:gameplay.r01.p01,0x05C0,pattern:pc080sn:eb01066aabe40f73,eb01066aabe40f73716ee2d6fede986c6df86ebc216a157556da2e246238596a,0x002,palette:arcade.r01p01.plane.bank_0x002.epoch_00,0,,48
usage:pb:527ed062f612:b0x002:f0,context:gameplay.r01.p01,0x05C1,pattern:pc080sn:527ed062f61238cc,527ed062f61238cc9533857b777221fb23341e65695bc8733c5135799d6bc555,0x002,palette:arcade.r01p01.plane.bank_0x002.epoch_00,0,,48
usage:pb:63cba5e10af8:b0x002:f0,context:gameplay.r01.p01,0x05C2,pattern:pc080sn:63cba5e10af8941e,63cba5e10af8941eecce904a09da6a61f99a6a663f7ca98cdaad229ce4155fb9,0x002,palette:arcade.r01p01.plane.bank_0x002.epoch_00,0,,48
usage:pb:6160e8ffb1e8:b0x002:f0,context:gameplay.r01.p01,0x05C3,pattern:pc080sn:6160e8ffb1e8e9e4,6160e8ffb1e8e9e40d5bb049e49cc33fa087642a1409f14579cc6e2c0c68a641,0x002,palette:arcade.r01p01.plane.bank_0x002.epoch_00,0,,48
usage:pb:b4e5590e95fd:b0x002:f0,context:gameplay.r01.p01,0x05C4,pattern:pc080sn:b4e5590e95fd650f,b4e5590e95fd650fce397262530f0288ba379b34a72bc802f09d0a89e4317bb2,0x002,palette:arcade.r01p01.plane.bank_0x002.epoch_00,0,,48
usage:pb:961431a65bfd:b0x002:f0,context:gameplay.r01.p01,0x05C5,pattern:pc080sn:961431a65bfd33c5,961431a65bfd33c536885d4ea881e67044a23fc45bae9868b0094eb6c17734a7,0x002,palette:arcade.r01p01.plane.bank_0x002.epoch_00,0,,48
usage:pb:3e4d51750a41:b0x002:f0,context:gameplay.r01.p01,0x05C6,pattern:pc080sn:3e4d51750a41b900,3e4d51750a41b90006853608811f14226a0cbce3e68c586295241718da2e1cad,0x002,palette:arcade.r01p01.plane.bank_0x002.epoch_00,0,,48
usage:pb:00494b919df3:b0x002:f0,context:gameplay.r01.p01,0x05C7,pattern:pc080sn:00494b919df30bf8,00494b919df30bf8a704f9764a37bf9efcaca832ba877733c5509079f4842de1,0x002,palette:arcade.r01p01.plane.bank_0x002.epoch_00,0,,48
usage:pb:abb8845f5d73:b0x002:f0,context:gameplay.r01.p01,0x05C8,pattern:pc080sn:abb8845f5d73f3ac,abb8845f5d73f3ac0465bc26c3659b92d6cae83824faf731666b44edd0ab52d5,0x002,palette:arcade.r01p01.plane.bank_0x002.epoch_00,0,,48
usage:pb:aa8fac231583:b0x002:f0,context:gameplay.r01.p01,0x05C9,pattern:pc080sn:aa8fac231583c170,aa8fac231583c170c60844c60458863edc15ad2e4ea55f5bf96a46c84ade1b95,0x002,palette:arcade.r01p01.plane.bank_0x002.epoch_00,0,,48
usage:pb:1c5dfb2d0e88:b0x002:f0,context:gameplay.r01.p01,0x05CA,pattern:pc080sn:1c5dfb2d0e888508,1c5dfb2d0e88850868ca2c29d34a05763ec621aaf351aa3e3930fb24cbf5cd79,0x002,palette:arcade.r01p01.plane.bank_0x002.epoch_00,0,,48
usage:pb:d135ec9901a1:b0x002:f0,context:gameplay.r01.p01,0x05CB,pattern:pc080sn:d135ec9901a11568,d135ec9901a11568f823aab921886e1e816d4468025d298db6febefc139bfc75,0x002,palette:arcade.r01p01.plane.bank_0x002.epoch_00,0,,48
usage:pb:be09ab570d7b:b0x002:f0,context:gameplay.r01.p01,0x05CC,pattern:pc080sn:be09ab570d7b7414,be09ab570d7b741473786c53fbdea9c2620a48f619c617cec2676271a062932a,0x002,palette:arcade.r01p01.plane.bank_0x002.epoch_00,0,,48
usage:pb:0c82ddaf60e7:b0x002:f0,context:gameplay.r01.p01,0x05CD,pattern:pc080sn:0c82ddaf60e70096,0c82ddaf60e700960416cce7746f39dfc2340a90af40d8c66cda0b7288755b72,0x002,palette:arcade.r01p01.plane.bank_0x002.epoch_00,0,,48
usage:pb:e9a684fc9a3d:b0x002:f0,context:gameplay.r01.p01,0x05CE,pattern:pc080sn:e9a684fc9a3d9950,e9a684fc9a3d9950deeb11d48845e20433ddc7c3a1afe5ae64153543e3030391,0x002,palette:arcade.r01p01.plane.bank_0x002.epoch_00,0,,48
usage:pb:a024146bd59a:b0x002:f0,context:gameplay.r01.p01,0x05CF,pattern:pc080sn:a024146bd59a2c99,a024146bd59a2c99ce7a59f79d0636c277d35c616abb019489e1e5843175dc45,0x002,palette:arcade.r01p01.plane.bank_0x002.epoch_00,0,,48
usage:pb:45654340358f:b0x002:f0,context:gameplay.r01.p01,0x05D0,pattern:pc080sn:45654340358fedb0,45654340358fedb0396cbecca8112735c6b0aee6fc2aea9213117c8f1b9ed906,0x002,palette:arcade.r01p01.plane.bank_0x002.epoch_00,0,,48
usage:pb:c337c8cd1843:b0x002:f0,context:gameplay.r01.p01,0x05D1,pattern:pc080sn:c337c8cd18431830,c337c8cd18431830a27b1be58d7c3443549a354eff4fd29564a2a721a0c5c48a,0x002,palette:arcade.r01p01.plane.bank_0x002.epoch_00,0,,48
usage:pb:02541dc5e75d:b0x002:f0,context:gameplay.r01.p01,0x05D2,pattern:pc080sn:02541dc5e75d3de7,02541dc5e75d3de753a4ee13c835d77f279b32460e3c555b18907a32b766d86a,0x002,palette:arcade.r01p01.plane.bank_0x002.epoch_00,0,,48
usage:pb:c5d46779e20a:b0x002:f0,context:gameplay.r01.p01,0x05D3,pattern:pc080sn:c5d46779e20a52c9,c5d46779e20a52c9ddd370bb9a6db86e404569b1c5e9acb9387b55a479561304,0x002,palette:arcade.r01p01.plane.bank_0x002.epoch_00,0,,48
usage:pb:27fb5d4db57a:b0x002:f0,context:gameplay.r01.p01,0x05D4,pattern:pc080sn:27fb5d4db57a2f28,27fb5d4db57a2f2812dadd31bc9bc33413ba136f905064112e0b68d758020271,0x002,palette:arcade.r01p01.plane.bank_0x002.epoch_00,0,,48
usage:pb:12a30d10b546:b0x002:f0,context:gameplay.r01.p01,0x05D5,pattern:pc080sn:12a30d10b54647ef,12a30d10b54647eff67398bd6dc38e4c899f9cdb86164abc11b7d08cb21e36d0,0x002,palette:arcade.r01p01.plane.bank_0x002.epoch_00,0,,48
usage:pb:fe4bcd1f1487:b0x002:f0,context:gameplay.r01.p01,0x05D6,pattern:pc080sn:fe4bcd1f148754d6,fe4bcd1f148754d6c6cb0c87ab5269fd5b1aa0220f2d662c5dcc903a7c6b3d93,0x002,palette:arcade.r01p01.plane.bank_0x002.epoch_00,0,,48
usage:pb:d9540ae1d384:b0x002:f0,context:gameplay.r01.p01,0x05D7,pattern:pc080sn:d9540ae1d384ed4e,d9540ae1d384ed4e43365e42396041b3c1364f31bbbbe7bd67af0279c9056921,0x002,palette:arcade.r01p01.plane.bank_0x002.epoch_00,0,,96
usage:pb:2a13bddc441d:b0x002:f0,context:gameplay.r01.p01,0x05D8,pattern:pc080sn:2a13bddc441d5bff,2a13bddc441d5bfffd42d263d19e90be1d83722356adc25f16ca085759f492d8,0x002,palette:arcade.r01p01.plane.bank_0x002.epoch_00,0,,96
usage:pb:03798ed28894:b0x002:f0,context:gameplay.r01.p01,0x05D9,pattern:pc080sn:03798ed28894fcce,03798ed28894fcce660b30508057ab51b9ed953490c5e32896e0f6685c0e7990,0x002,palette:arcade.r01p01.plane.bank_0x002.epoch_00,0,,96
usage:pb:e428925fa7b6:b0x002:f0,context:gameplay.r01.p01,0x05DA,pattern:pc080sn:e428925fa7b6fcfe,e428925fa7b6fcfe34b453f501ebcc9c564f92abae5e243a3db91778be341afc,0x002,palette:arcade.r01p01.plane.bank_0x002.epoch_00,0,,96
usage:pb:4c13b4aa9bcd:b0x002:f0,context:gameplay.r01.p01,0x05DB,pattern:pc080sn:4c13b4aa9bcd9c4d,4c13b4aa9bcd9c4d34014b28289a21248ddb04a26acb9a78705dea02134b4caa,0x002,palette:arcade.r01p01.plane.bank_0x002.epoch_00,0,,96
usage:pb:e734fbebf221:b0x002:f0,context:gameplay.r01.p01,0x05DC,pattern:pc080sn:e734fbebf2214525,e734fbebf22145256aad98629108fa4c553075a2ca6671fd98fe1823dfaee304,0x002,palette:arcade.r01p01.plane.bank_0x002.epoch_00,0,,96
usage:pb:85161cef45df:b0x002:f0,context:gameplay.r01.p01,0x05DD,pattern:pc080sn:85161cef45dfcee4,85161cef45dfcee452a96d5c0b722ec123b5d8cd974dadd13db3bbf68ff2c0e4,0x002,palette:arcade.r01p01.plane.bank_0x002.epoch_00,0,,89
usage:pb:84f39ae42cfb:b0x002:f0,context:gameplay.r01.p01,0x05DE,pattern:pc080sn:84f39ae42cfbbe25,84f39ae42cfbbe252180a29e46b20162dc5212b7053a73ec0060982ecfe43a7d,0x002,palette:arcade.r01p01.plane.bank_0x002.epoch_00,0,,89
usage:pb:5ba12dda9b3a:b0x002:f0,context:gameplay.r01.p01,0x05DF,pattern:pc080sn:5ba12dda9b3aa31a,5ba12dda9b3aa31a3c9640536b14436d707a4cf5ba6963bf33ed2f04319f15a6,0x002,palette:arcade.r01p01.plane.bank_0x002.epoch_00,0,,89
usage:pb:f1ac9770542f:b0x002:f0,context:gameplay.r01.p01,0x05E0,pattern:pc080sn:f1ac9770542f8a21,f1ac9770542f8a2102f56c2bf9147c799e3b1481a445bdd54e2a202e58a7c281,0x002,palette:arcade.r01p01.plane.bank_0x002.epoch_00,0,,89
usage:pb:429e997484aa:b0x002:f0,context:gameplay.r01.p01,0x05E1,pattern:pc080sn:429e997484aa3c49,429e997484aa3c49c21f56ef5c4b8645d4c7759e7d9fa299a1998d6a2d0f1568,0x002,palette:arcade.r01p01.plane.bank_0x002.epoch_00,0,,82
usage:pb:37c07922660f:b0x002:f0,context:gameplay.r01.p01,0x05E2,pattern:pc080sn:37c07922660f9c03,37c07922660f9c03b24cad646ccf23a472aee323c15492bea6cf96d44d9bd168,0x002,palette:arcade.r01p01.plane.bank_0x002.epoch_00,0,,82
usage:pb:8286c98c3a7c:b0x002:f0,context:gameplay.r01.p01,0x05E3,pattern:pc080sn:8286c98c3a7cbb30,8286c98c3a7cbb300cdf2dbd510bc9c55ddce6577b55dc53eeccef3e93e90f05,0x002,palette:arcade.r01p01.plane.bank_0x002.epoch_00,0,,96
usage:pb:6d4828fb80ec:b0x002:f0,context:gameplay.r01.p01,0x05E4,pattern:pc080sn:6d4828fb80ec8dcb,6d4828fb80ec8dcb3dad148bca83625cd967d44d98335d152c40714d7a52030e,0x002,palette:arcade.r01p01.plane.bank_0x002.epoch_00,0,,96
usage:pb:606f2418a2d6:b0x002:f0,context:gameplay.r01.p01,0x05E5,pattern:pc080sn:606f2418a2d6ae01,606f2418a2d6ae01fed412acb9eacaa282cb7179421206191883af49c8ac6837,0x002,palette:arcade.r01p01.plane.bank_0x002.epoch_00,0,,96
usage:pb:b520ed9e6837:b0x002:f0,context:gameplay.r01.p01,0x05E6,pattern:pc080sn:b520ed9e68370dec,b520ed9e68370dec76a3fe02a042f4d5e033983d3353cbd716778558d74ecdff,0x002,palette:arcade.r01p01.plane.bank_0x002.epoch_00,0,,96
usage:pb:c9c37bfc1375:b0x002:f0,context:gameplay.r01.p01,0x05E7,pattern:pc080sn:c9c37bfc137527e1,c9c37bfc137527e1deaeaa8b1a5e3ac9a414d6ba0eeaa60f9b2f4735b4286cf4,0x002,palette:arcade.r01p01.plane.bank_0x002.epoch_00,0,,96
usage:pb:b03da3b05ea6:b0x002:f0,context:gameplay.r01.p01,0x05E8,pattern:pc080sn:b03da3b05ea6841f,b03da3b05ea6841f5760944ccf6f2da5e991a08de1de88d281f69e1411991ea1,0x002,palette:arcade.r01p01.plane.bank_0x002.epoch_00,0,,96
usage:pb:b46ca06643cb:b0x002:f0,context:gameplay.r01.p01,0x05E9,pattern:pc080sn:b46ca06643cb2e5a,b46ca06643cb2e5a43b7d4d8653bf211b1800937b159dfaee4da225f8296433d,0x002,palette:arcade.r01p01.plane.bank_0x002.epoch_00,0,,96
usage:pb:f58f8271146a:b0x002:f0,context:gameplay.r01.p01,0x05EA,pattern:pc080sn:f58f8271146a4724,f58f8271146a4724dc0315b17b9114f39d2305c3c9b2197c51c497311d7d84c6,0x002,palette:arcade.r01p01.plane.bank_0x002.epoch_00,0,,76
usage:pb:eabc4da42841:b0x002:f0,context:gameplay.r01.p01,0x05EB,pattern:pc080sn:eabc4da4284181b1,eabc4da4284181b1f4e2b90f92a0806d2090ac8f6bad8cd6b68beb576535487b,0x002,palette:arcade.r01p01.plane.bank_0x002.epoch_00,0,,76
usage:pb:e5e84bf20cb2:b0x002:f0,context:gameplay.r01.p01,0x05EC,pattern:pc080sn:e5e84bf20cb2c767,e5e84bf20cb2c767dd1d9d0618013b6ec73126104236da82d5b2acd211b99e6c,0x002,palette:arcade.r01p01.plane.bank_0x002.epoch_00,0,,89
usage:pb:5e05e9eacbd8:b0x002:f0,context:gameplay.r01.p01,0x05ED,pattern:pc080sn:5e05e9eacbd8aacb,5e05e9eacbd8aacbdfe5c36c0b5144c32bb936602a63c33d8fdf81d213d182e8,0x002,palette:arcade.r01p01.plane.bank_0x002.epoch_00,0,,89
usage:pb:26242aa35c93:b0x002:f0,context:gameplay.r01.p01,0x05EE,pattern:pc080sn:26242aa35c931a15,26242aa35c931a15fe3d65877c229da53b9a38f01b63ec54b1fe13ff4694c959,0x002,palette:arcade.r01p01.plane.bank_0x002.epoch_00,0,,89
usage:pb:75098afd8a1a:b0x002:f0,context:gameplay.r01.p01,0x05EF,pattern:pc080sn:75098afd8a1a5dd4,75098afd8a1a5dd44163516e2002cc1500def4fddf95b828fa66e871f5c016f4,0x002,palette:arcade.r01p01.plane.bank_0x002.epoch_00,0,,89
usage:pb:4e9d10a6b311:b0x002:f0,context:gameplay.r01.p01,0x05F0,pattern:pc080sn:4e9d10a6b31167c5,4e9d10a6b31167c5a8119452b4c87956d3f0e7b967c4a1940f1d3f0f27c8ebe5,0x002,palette:arcade.r01p01.plane.bank_0x002.epoch_00,0,,89
usage:pb:1a66ffccc05e:b0x002:f0,context:gameplay.r01.p01,0x05F1,pattern:pc080sn:1a66ffccc05e449e,1a66ffccc05e449ed96c0a0154dd472081258e581774729d176607f83bd70edf,0x002,palette:arcade.r01p01.plane.bank_0x002.epoch_00,0,,82
usage:pb:b062423eb866:b0x002:f0,context:gameplay.r01.p01,0x05F2,pattern:pc080sn:b062423eb86641bf,b062423eb86641bfc890742b88c7c935d497b5edefb72d830ae0d7f1b0e038f5,0x002,palette:arcade.r01p01.plane.bank_0x002.epoch_00,0,,82
usage:pb:c09c5cedbd35:b0x002:f0,context:gameplay.r01.p01,0x05F3,pattern:pc080sn:c09c5cedbd35d22c,c09c5cedbd35d22ce51134b4f17086c89fe143a4fe57379427ccd70596aed401,0x002,palette:arcade.r01p01.plane.bank_0x002.epoch_00,0,,96
usage:pb:6c4066a337a1:b0x002:f0,context:gameplay.r01.p01,0x05F4,pattern:pc080sn:6c4066a337a1a10e,6c4066a337a1a10e445451703a68fa8a31d3e94b1ea6f5197f861a4ba0bb8771,0x002,palette:arcade.r01p01.plane.bank_0x002.epoch_00,0,,96
usage:pb:99e9aaa4a8f7:b0x002:f0,context:gameplay.r01.p01,0x05F5,pattern:pc080sn:99e9aaa4a8f7b1e7,99e9aaa4a8f7b1e721bd3d1575f7ee45dbe3f0b5d6fae6e04015ef8b317fd325,0x002,palette:arcade.r01p01.plane.bank_0x002.epoch_00,0,,96
usage:pb:5fd67f5d7891:b0x002:f0,context:gameplay.r01.p01,0x05F6,pattern:pc080sn:5fd67f5d78914058,5fd67f5d789140585c6023c1daa8a8e2685cc49e9ab7c5db3edd197df42b9033,0x002,palette:arcade.r01p01.plane.bank_0x002.epoch_00,0,,96
usage:pb:8da91c9148da:b0x002:f0,context:gameplay.r01.p01,0x05F7,pattern:pc080sn:8da91c9148da53cf,8da91c9148da53cf241403d569c70738deeffe92b6b2d55fbd9bf31362735c5f,0x002,palette:arcade.r01p01.plane.bank_0x002.epoch_00,0,,96
usage:pb:43fb379a95f3:b0x002:f0,context:gameplay.r01.p01,0x05F8,pattern:pc080sn:43fb379a95f32377,43fb379a95f32377a164afeeaf80c45c36b8eb499280a94a3f6e750ab590369c,0x002,palette:arcade.r01p01.plane.bank_0x002.epoch_00,0,,62
usage:pb:f85ae9d06261:b0x002:f0,context:gameplay.r01.p01,0x05F9,pattern:pc080sn:f85ae9d06261bdd3,f85ae9d06261bdd3bac8a3653aa444125ba26f9dfccb1b7b6baa7f580bd2796a,0x002,palette:arcade.r01p01.plane.bank_0x002.epoch_00,0,,41
usage:pb:1fe7e2e93cc2:b0x002:f0,context:gameplay.r01.p01,0x05FA,pattern:pc080sn:1fe7e2e93cc2b148,1fe7e2e93cc2b1486b8f860f1cf601162cf214e7a845b0abc571eb6e6bdb9a39,0x002,palette:arcade.r01p01.plane.bank_0x002.epoch_00,0,,158
usage:pb:b5f35ef0139e:b0x002:f0,context:gameplay.r01.p01,0x05FB,pattern:pc080sn:b5f35ef0139e6974,b5f35ef0139e697488bab49b162101752c385888710bdd484613e0a458632fbc,0x002,palette:arcade.r01p01.plane.bank_0x002.epoch_00,0,,165
usage:pb:3e3f1eebd60d:b0x002:f0,context:gameplay.r01.p01,0x05FC,pattern:pc080sn:3e3f1eebd60d2c46,3e3f1eebd60d2c46634e3e5418a0d693feda91e6523952e88c85543178100180,0x002,palette:arcade.r01p01.plane.bank_0x002.epoch_00,0,,185
usage:pb:ceca0141bfdf:b0x002:f0,context:gameplay.r01.p01,0x05FD,pattern:pc080sn:ceca0141bfdf57f1,ceca0141bfdf57f15e10e2db72eb07f823e76a2c64d3f32a88f42b860745253f,0x002,palette:arcade.r01p01.plane.bank_0x002.epoch_00,0,,178
usage:pb:d99c36221a84:b0x002:f0,context:gameplay.r01.p01,0x05FE,pattern:pc080sn:d99c36221a842ab5,d99c36221a842ab584cc362252a8d0a44423a9fa4d86fca536dda554a528db2b,0x002,palette:arcade.r01p01.plane.bank_0x002.epoch_00,0,,178
usage:pb:850128c8540a:b0x002:f0,context:gameplay.r01.p01,0x05FF,pattern:pc080sn:850128c8540add73,850128c8540add731ae934f52835b02ff795e2d87ff828530ddfbd1318b83e13,0x002,palette:arcade.r01p01.plane.bank_0x002.epoch_00,0,,89
usage:pb:f0bbaac442a1:b0x002:f0,context:gameplay.r01.p01,0x0600,pattern:pc080sn:f0bbaac442a134bf,f0bbaac442a134bf071f46b6618bad377f8cef5a9c7a7ab00699e6f304afc565,0x002,palette:arcade.r01p01.plane.bank_0x002.epoch_00,0,,89
usage:pb:874aa7536eab:b0x002:f0,context:gameplay.r01.p01,0x0601,pattern:pc080sn:874aa7536eabc2cd,874aa7536eabc2cd98a3f4125a6ad77c6b1d34552af53841e8f363a73ef99607,0x002,palette:arcade.r01p01.plane.bank_0x002.epoch_00,0,,109
usage:pb:12863d248b2c:b0x002:f0,context:gameplay.r01.p01,0x0602,pattern:pc080sn:12863d248b2c4590,12863d248b2c45905d18eb6bdd33c61d67daf7810aabc53bbf3db41c53ced13b,0x002,palette:arcade.r01p01.plane.bank_0x002.epoch_00,0,,55
usage:pb:1edb82fbe75c:b0x002:f0,context:gameplay.r01.p01,0x0603,pattern:pc080sn:1edb82fbe75c7dd2,1edb82fbe75c7dd222e4f14fcfe5bbc2b31417ff293e8fe757736b992254d0fd,0x002,palette:arcade.r01p01.plane.bank_0x002.epoch_00,0,,41
usage:pb:4e2f09f9d4e8:b0x002:f0,context:gameplay.r01.p01,0x0604,pattern:pc080sn:4e2f09f9d4e8812e,4e2f09f9d4e8812e91ffb321b90fb69ab467fd4a66ee3b763efd0fc6bdb25ee9,0x002,palette:arcade.r01p01.plane.bank_0x002.epoch_00,0,,41
usage:pb:46ce21658e88:b0x002:f0,context:gameplay.r01.p01,0x0605,pattern:pc080sn:46ce21658e888547,46ce21658e888547c2eb473066c55512b6d02382decb5cd4ef180d12a231a81b,0x002,palette:arcade.r01p01.plane.bank_0x002.epoch_00,0,,55
usage:pb:8e67c2b88dac:b0x002:f0,context:gameplay.r01.p01,0x0606,pattern:pc080sn:8e67c2b88dac9513,8e67c2b88dac9513f411739c99a9292377983046175a3c8aa5a70afd98b5fcd5,0x002,palette:arcade.r01p01.plane.bank_0x002.epoch_00,0,,48
usage:pb:6dea970d332a:b0x002:f0,context:gameplay.r01.p01,0x0607,pattern:pc080sn:6dea970d332a8b6c,6dea970d332a8b6c3ab5d6da9e9a96d198c8ad2c28b5f085ccafc2bf820eb92c,0x002,palette:arcade.r01p01.plane.bank_0x002.epoch_00,0,,48
usage:pb:da9aa6b1fedf:b0x002:f0,context:gameplay.r01.p01,0x0608,pattern:pc080sn:da9aa6b1fedf61bd,da9aa6b1fedf61bd29b5410ef33ff5741af46a1cba05ba80e8bb7035da13b916,0x002,palette:arcade.r01p01.plane.bank_0x002.epoch_00,0,,41
usage:pb:304317a490a9:b0x002:f0,context:gameplay.r01.p01,0x0609,pattern:pc080sn:304317a490a9767d,304317a490a9767d2064fbdace4990a6c54605771fe6bb60a0560876ea69548e,0x002,palette:arcade.r01p01.plane.bank_0x002.epoch_00,0,,41
usage:pb:d64ed30fe6e5:b0x002:f0,context:gameplay.r01.p01,0x060A,pattern:pc080sn:d64ed30fe6e53b80,d64ed30fe6e53b807903dd48d49194db092faffd181456d8de7b605425648f0d,0x002,palette:arcade.r01p01.plane.bank_0x002.epoch_00,0,,82
usage:pb:0ba555d266d3:b0x002:f0,context:gameplay.r01.p01,0x060B,pattern:pc080sn:0ba555d266d3c385,0ba555d266d3c385cda42fd43cfc985b66ab229e1c4edadb9005541e0e3240e1,0x002,palette:arcade.r01p01.plane.bank_0x002.epoch_00,0,,89
usage:pb:2e30f454e2b2:b0x002:f0,context:gameplay.r01.p01,0x060C,pattern:pc080sn:2e30f454e2b2e337,2e30f454e2b2e337c7c8bd981c0c17141c2bc70958a90fbb02e993c8b1c07c9e,0x002,palette:arcade.r01p01.plane.bank_0x002.epoch_00,0,,82
usage:pb:6f6d9c2520a6:b0x002:f0,context:gameplay.r01.p01,0x060D,pattern:pc080sn:6f6d9c2520a644a0,6f6d9c2520a644a0790368b9c257ec9332fddb641ed235d870f6ad1c2696b1d4,0x002,palette:arcade.r01p01.plane.bank_0x002.epoch_00,0,,82
usage:pb:ceb4a2e72b2d:b0x002:f0,context:gameplay.r01.p01,0x060E,pattern:pc080sn:ceb4a2e72b2dde19,ceb4a2e72b2dde193431b146664ecf631758e24f5e1aec8163339973b9f39084,0x002,palette:arcade.r01p01.plane.bank_0x002.epoch_00,0,,48
usage:pb:9cc4a7affab1:b0x002:f0,context:gameplay.r01.p01,0x060F,pattern:pc080sn:9cc4a7affab1e68e,9cc4a7affab1e68ecfcf2ed26241630ed04513461a2bcebad3ac6e781500ee68,0x002,palette:arcade.r01p01.plane.bank_0x002.epoch_00,0,,48
usage:pb:2d4dd6326806:b0x002:f0,context:gameplay.r01.p01,0x0610,pattern:pc080sn:2d4dd6326806c7d3,2d4dd6326806c7d3013689dec4c85dd53be28ef02c969b00f4be61148c94ef4c,0x002,palette:arcade.r01p01.plane.bank_0x002.epoch_00,0,,48
usage:pb:303443302018:b0x002:f0,context:gameplay.r01.p01,0x0611,pattern:pc080sn:30344330201821fa,30344330201821fa5066b7d5eb84a3048dc07f0354e3bb5ef61028c31a67cef7,0x002,palette:arcade.r01p01.plane.bank_0x002.epoch_00,0,,48
usage:pb:e27f5daa535b:b0x002:f0,context:gameplay.r01.p01,0x0612,pattern:pc080sn:e27f5daa535bef37,e27f5daa535bef37fbe84f2d005f9f56b23d8a342d501dab1b0e621d03fce4c8,0x002,palette:arcade.r01p01.plane.bank_0x002.epoch_00,0,,20
usage:pb:ee1c856162d4:b0x002:f0,context:gameplay.r01.p01,0x0613,pattern:pc080sn:ee1c856162d49d2e,ee1c856162d49d2e7c0541bbc03c47825f757c5a6ea96e2c069a5d89fd9ae1e1,0x002,palette:arcade.r01p01.plane.bank_0x002.epoch_00,0,,20
usage:pb:12300906a425:b0x002:f0,context:gameplay.r01.p01,0x0614,pattern:pc080sn:12300906a4254a36,12300906a4254a3616a4625c21ef343f041835685a0c04efe4ba8a26366324a6,0x002,palette:arcade.r01p01.plane.bank_0x002.epoch_00,0,,20
usage:pb:b2629f443b09:b0x002:f0,context:gameplay.r01.p01,0x0615,pattern:pc080sn:b2629f443b09df9d,b2629f443b09df9dca57ccf3ebb9ca517721ca547e3799b141e833fed0b39297,0x002,palette:arcade.r01p01.plane.bank_0x002.epoch_00,0,,20
usage:pb:b460a98d7079:b0x002:f0,context:gameplay.r01.p01,0x0616,pattern:pc080sn:b460a98d7079c356,b460a98d7079c356b8758beed5eecc45f892c3ba6116e2b325908d82355bcea0,0x002,palette:arcade.r01p01.plane.bank_0x002.epoch_00,0,,20
usage:pb:0df3f33edcc6:b0x002:f0,context:gameplay.r01.p01,0x0617,pattern:pc080sn:0df3f33edcc658bb,0df3f33edcc658bbca8d217624d57ab2f07f8e09c634aa052cde195177b15451,0x002,palette:arcade.r01p01.plane.bank_0x002.epoch_00,0,,41
usage:pb:47ccd554548e:b0x002:f0,context:gameplay.r01.p01,0x0618,pattern:pc080sn:47ccd554548ea34e,47ccd554548ea34e46c988f2a9fe5692040da654127aa2485e53ced2c62e1471,0x002,palette:arcade.r01p01.plane.bank_0x002.epoch_00,0,,20
usage:pb:9e25d437d2b1:b0x002:f0,context:gameplay.r01.p01,0x0619,pattern:pc080sn:9e25d437d2b11383,9e25d437d2b11383a93e11b6823d32339bfa24d018e989d0007cab88dc63cadf,0x002,palette:arcade.r01p01.plane.bank_0x002.epoch_00,0,,20
usage:pb:e12a81e7a9ee:b0x002:f0,context:gameplay.r01.p01,0x061A,pattern:pc080sn:e12a81e7a9ee3a79,e12a81e7a9ee3a798d192e88001deab9af97459d47eb68b42d647fc0be24aeb2,0x002,palette:arcade.r01p01.plane.bank_0x002.epoch_00,0,,20
usage:pb:186dd899c46a:b0x002:f0,context:gameplay.r01.p01,0x061B,pattern:pc080sn:186dd899c46a7659,186dd899c46a7659e85dfe17da819ee0f4bfbfe2ebd85a08cbc27bffd12169bc,0x002,palette:arcade.r01p01.plane.bank_0x002.epoch_00,0,,20
usage:pb:87def5ed8ad1:b0x002:f0,context:gameplay.r01.p01,0x061C,pattern:pc080sn:87def5ed8ad1527f,87def5ed8ad1527f3fa2408b782c86fdddcc91f0db843e3e2fa7499ca2fe8ae4,0x002,palette:arcade.r01p01.plane.bank_0x002.epoch_00,0,,20
usage:pb:fd74bc3ca0b6:b0x002:f0,context:gameplay.r01.p01,0x061D,pattern:pc080sn:fd74bc3ca0b65ec2,fd74bc3ca0b65ec2907d6fcd610b450254993ae5f5ca59b617131efc2a7c8652,0x002,palette:arcade.r01p01.plane.bank_0x002.epoch_00,0,,89
usage:pb:3dbfc64aff72:b0x002:f0,context:gameplay.r01.p01,0x061E,pattern:pc080sn:3dbfc64aff726fca,3dbfc64aff726fcadf1b15d006a966ae6528d8244eab0323ad09c04a1b5d8b66,0x002,palette:arcade.r01p01.plane.bank_0x002.epoch_00,0,,89
usage:pb:4feac533da4b:b0x002:f0,context:gameplay.r01.p01,0x061F,pattern:pc080sn:4feac533da4bb44b,4feac533da4bb44b2fd7013ece824d14980e45c6d0c33d4ef7e6cc8d0bfadb54,0x002,palette:arcade.r01p01.plane.bank_0x002.epoch_00,0,,69
usage:pb:87b126ce5cff:b0x002:f0,context:gameplay.r01.p01,0x0620,pattern:pc080sn:87b126ce5cff05c0,87b126ce5cff05c0abf70037698e46f13de99eb4a3f069d0972cd4d1712c0cac,0x002,palette:arcade.r01p01.plane.bank_0x002.epoch_00,0,,48
usage:pb:bb8a66747b64:b0x002:f0,context:gameplay.r01.p01,0x0621,pattern:pc080sn:bb8a66747b6461a2,bb8a66747b6461a20d625b56f6bf09e7e83eb5c5034ce178dc0468e9f608d923,0x002,palette:arcade.r01p01.plane.bank_0x002.epoch_00,0,,48
usage:pb:a04185acf536:b0x002:f0,context:gameplay.r01.p01,0x0622,pattern:pc080sn:a04185acf536a0ec,a04185acf536a0ec5a9e4e3befb9269bff088dbf4b7b858e409cc9795dc5cd59,0x002,palette:arcade.r01p01.plane.bank_0x002.epoch_00,0,,20
usage:pb:25fdc8c9c43c:b0x002:f0,context:gameplay.r01.p01,0x0623,pattern:pc080sn:25fdc8c9c43cd612,25fdc8c9c43cd612fa4898d2fc45f9d1016d1e0d53588e71e4d9311503951904,0x002,palette:arcade.r01p01.plane.bank_0x002.epoch_00,0,,20
usage:pb:83b3697cb20c:b0x002:f0,context:gameplay.r01.p01,0x0624,pattern:pc080sn:83b3697cb20c5eb5,83b3697cb20c5eb5b83edea987089815731ab24f0c7567521b2d1c980a50a591,0x002,palette:arcade.r01p01.plane.bank_0x002.epoch_00,0,,20
usage:pb:260238a7bccc:b0x002:f0,context:gameplay.r01.p01,0x0625,pattern:pc080sn:260238a7bcccc10a,260238a7bcccc10adc6efaaed190fe4bb8f25d3f604c8c2524671878974a3766,0x002,palette:arcade.r01p01.plane.bank_0x002.epoch_00,0,,20
usage:pb:a1b51f5c7e72:b0x002:f0,context:gameplay.r01.p01,0x0626,pattern:pc080sn:a1b51f5c7e72bbe4,a1b51f5c7e72bbe43395af98a7747adc36081f0d65b93f9eee11728605e194dd,0x002,palette:arcade.r01p01.plane.bank_0x002.epoch_00,0,,20
usage:pb:d4e17ce45744:b0x002:f0,context:gameplay.r01.p01,0x0627,pattern:pc080sn:d4e17ce45744d02f,d4e17ce45744d02fc2d0753052f33227f30def8423024c980b1373bd1755b75a,0x002,palette:arcade.r01p01.plane.bank_0x002.epoch_00,0,,41
usage:pb:28ae7c7e258e:b0x002:f0,context:gameplay.r01.p01,0x0628,pattern:pc080sn:28ae7c7e258e931b,28ae7c7e258e931b6141b2295e351750f1d0383dca60c1dd647142847720dfdf,0x002,palette:arcade.r01p01.plane.bank_0x002.epoch_00,0,,41
usage:pb:7bf7a56c15c2:b0x002:f0,context:gameplay.r01.p01,0x0629,pattern:pc080sn:7bf7a56c15c2adad,7bf7a56c15c2adadea49990f159fa20178872f9ef32ddbcca6dd776799b30a01,0x002,palette:arcade.r01p01.plane.bank_0x002.epoch_00,0,,41
usage:pb:4e94792b4792:b0x002:f0,context:gameplay.r01.p01,0x062A,pattern:pc080sn:4e94792b479242c2,4e94792b479242c2dbd85a6f477124d53add0dea59543a3110b5ffde1093cbc1,0x002,palette:arcade.r01p01.plane.bank_0x002.epoch_00,0,,41
usage:pb:39405e1e5f1d:b0x002:f0,context:gameplay.r01.p01,0x062B,pattern:pc080sn:39405e1e5f1d2393,39405e1e5f1d2393997927a5032cd62afa34031a13b46609245277387ce177fa,0x002,palette:arcade.r01p01.plane.bank_0x002.epoch_00,0,,41
usage:pb:6850067253ce:b0x002:f0,context:gameplay.r01.p01,0x062C,pattern:pc080sn:6850067253ce9549,6850067253ce95494f9e577e2bd1410d281d9644e1ea6f7d6ecc22b4df478a7d,0x002,palette:arcade.r01p01.plane.bank_0x002.epoch_00,0,,48
usage:pb:305e5417fa53:b0x002:f0,context:gameplay.r01.p01,0x062D,pattern:pc080sn:305e5417fa53be5d,305e5417fa53be5dc9ea50e8fa380a24d34f674c6a84898f25191fe106de3841,0x002,palette:arcade.r01p01.plane.bank_0x002.epoch_00,0,,48
usage:pb:a2d55f15cc71:b0x002:f0,context:gameplay.r01.p01,0x062E,pattern:pc080sn:a2d55f15cc71a54c,a2d55f15cc71a54ce9a6685f07a64d6608fce32e3ec032215afb995fbc99bd6b,0x002,palette:arcade.r01p01.plane.bank_0x002.epoch_00,0,,48
usage:pb:a0291dc71e14:b0x002:f0,context:gameplay.r01.p01,0x062F,pattern:pc080sn:a0291dc71e1428f7,a0291dc71e1428f77d5e1db6a1bd6a1ed08b57dda5a9343e771cefbe77daee38,0x002,palette:arcade.r01p01.plane.bank_0x002.epoch_00,0,,48
usage:pb:4440b8373523:b0x002:f0,context:gameplay.r01.p01,0x0630,pattern:pc080sn:4440b8373523a050,4440b8373523a050ad1d7c64e6b0905d4d9cd97f2dc1bfb377122d2f98b50e3e,0x002,palette:arcade.r01p01.plane.bank_0x002.epoch_00,0,,48
usage:pb:eca8b95b36ba:b0x002:f0,context:gameplay.r01.p01,0x0631,pattern:pc080sn:eca8b95b36ba5d0b,eca8b95b36ba5d0b02757b92be6e52de18c5ee9a43525e497546572840d26ad7,0x002,palette:arcade.r01p01.plane.bank_0x002.epoch_00,0,,20
usage:pb:e795b1c67ca2:b0x002:f0,context:gameplay.r01.p01,0x0632,pattern:pc080sn:e795b1c67ca29e32,e795b1c67ca29e320b78693857b6a06897dff23c20d3f26a21b56d0467c50d15,0x002,palette:arcade.r01p01.plane.bank_0x002.epoch_00,0,,20
usage:pb:d8fb96437df0:b0x002:f0,context:gameplay.r01.p01,0x0633,pattern:pc080sn:d8fb96437df02724,d8fb96437df02724083351ff77048c02fc8d19af0f47d6466b8d216833c52aca,0x002,palette:arcade.r01p01.plane.bank_0x002.epoch_00,0,,20
usage:pb:1a057ef6543a:b0x002:f0,context:gameplay.r01.p01,0x0634,pattern:pc080sn:1a057ef6543a69f6,1a057ef6543a69f6c74a25655d4102a8df07eb7e54df3e024ca5e0e83d31eef0,0x002,palette:arcade.r01p01.plane.bank_0x002.epoch_00,0,,20
usage:pb:7858f207e0cd:b0x002:f0,context:gameplay.r01.p01,0x0635,pattern:pc080sn:7858f207e0cd4ce5,7858f207e0cd4ce510f0de5e3888d80b6f1f44a21c72747c03e61b91d9a59dcf,0x002,palette:arcade.r01p01.plane.bank_0x002.epoch_00,0,,20
usage:pb:c2758eac56dd:b0x002:f0,context:gameplay.r01.p01,0x0636,pattern:pc080sn:c2758eac56dda2a3,c2758eac56dda2a3231b55a694b885ef1591653e1456a3316ccc9c7c413ca549,0x002,palette:arcade.r01p01.plane.bank_0x002.epoch_00,0,,20
usage:pb:f1206e955d32:b0x002:f0,context:gameplay.r01.p01,0x0637,pattern:pc080sn:f1206e955d328de3,f1206e955d328de3a60d4dec4c42b6d777c8475ed2a69fa4514ab67fa789e86a,0x002,palette:arcade.r01p01.plane.bank_0x002.epoch_00,0,,20
usage:pb:fad9b36c6523:b0x002:f0,context:gameplay.r01.p01,0x0638,pattern:pc080sn:fad9b36c6523c8d0,fad9b36c6523c8d0388bfe7cf522ac46ed4bc88713319852e30edf5683d07ba0,0x002,palette:arcade.r01p01.plane.bank_0x002.epoch_00,0,,41
usage:pb:86c7a8357897:b0x002:f0,context:gameplay.r01.p01,0x0639,pattern:pc080sn:86c7a8357897e40d,86c7a8357897e40d4afbe4da30397d68149d55057a3ffa68d219af5ec316ab4f,0x002,palette:arcade.r01p01.plane.bank_0x002.epoch_00,0,,41
usage:pb:7547c32207a6:b0x002:f0,context:gameplay.r01.p01,0x063A,pattern:pc080sn:7547c32207a60fbe,7547c32207a60fbe071a4d24c015c8b1c2c88d4fc7ac6c79238a501cdefd4ba3,0x002,palette:arcade.r01p01.plane.bank_0x002.epoch_00,0,,41
usage:pb:065e7a325949:b0x002:f0,context:gameplay.r01.p01,0x063B,pattern:pc080sn:065e7a325949dda0,065e7a325949dda0021499e1b7b637a54a7bc9853d9b8da7cd4c7f5f75e8e0ad,0x002,palette:arcade.r01p01.plane.bank_0x002.epoch_00,0,,41
usage:pb:7230afc7a7a6:b0x002:f0,context:gameplay.r01.p01,0x063C,pattern:pc080sn:7230afc7a7a60143,7230afc7a7a60143290ac2e282c0e9eaa724eefb60ff20b33f109691e0b950f6,0x002,palette:arcade.r01p01.plane.bank_0x002.epoch_00,0,,41
usage:pb:0ea454a05bb5:b0x002:f0,context:gameplay.r01.p01,0x063D,pattern:pc080sn:0ea454a05bb50b22,0ea454a05bb50b2225f6c2aff3126cd75f9885c188ceda0fd553c762bafb23e4,0x002,palette:arcade.r01p01.plane.bank_0x002.epoch_00,0,,48
usage:pb:ff007131296f:b0x002:f0,context:gameplay.r01.p01,0x063E,pattern:pc080sn:ff007131296f48a7,ff007131296f48a7426f08e897cf12df33c60a0e0c2f859483c8ebfa40bcd6fa,0x002,palette:arcade.r01p01.plane.bank_0x002.epoch_00,0,,48
usage:pb:66952f29bcf6:b0x002:f0,context:gameplay.r01.p01,0x063F,pattern:pc080sn:66952f29bcf6298b,66952f29bcf6298bc4e32c00e5b2f77dc034eae6a14aa8f846bd6805d3e7d38e,0x002,palette:arcade.r01p01.plane.bank_0x002.epoch_00,0,,48
usage:pb:3605de86240d:b0x002:f0,context:gameplay.r01.p01,0x0640,pattern:pc080sn:3605de86240df07c,3605de86240df07c082aab876e10cfcbbc40efe08e3cdaacd7abfc5d804735d7,0x002,palette:arcade.r01p01.plane.bank_0x002.epoch_00,0,,48
usage:pb:ba054ad4732c:b0x002:f0,context:gameplay.r01.p01,0x0641,pattern:pc080sn:ba054ad4732c25ca,ba054ad4732c25ca2874e65066570c1be5bee8949a387a78271da6ca2c76641d,0x002,palette:arcade.r01p01.plane.bank_0x002.epoch_00,0,,20
usage:pb:4be21be35092:b0x002:f0,context:gameplay.r01.p01,0x0642,pattern:pc080sn:4be21be350925a83,4be21be350925a83936770f1e5ccc9fab6ef341029168171666815b0cfdbd0dd,0x002,palette:arcade.r01p01.plane.bank_0x002.epoch_00,0,,20
usage:pb:f65ab83ccb31:b0x002:f0,context:gameplay.r01.p01,0x0643,pattern:pc080sn:f65ab83ccb311861,f65ab83ccb311861dc8460dff9795f2972dd3962ef7a59692c137ab6878faa2d,0x002,palette:arcade.r01p01.plane.bank_0x002.epoch_00,0,,20
usage:pb:6ce00f3b4d33:b0x002:f0,context:gameplay.r01.p01,0x0644,pattern:pc080sn:6ce00f3b4d3313c1,6ce00f3b4d3313c1e8dd11e8f41b8031af01e4951f293666dc7d161bd01e63f4,0x002,palette:arcade.r01p01.plane.bank_0x002.epoch_00,0,,20
usage:pb:b4018e5f6398:b0x002:f0,context:gameplay.r01.p01,0x0645,pattern:pc080sn:b4018e5f6398ad38,b4018e5f6398ad383abcfdf8514cb1d698207f0244cace7a3210eacfb8f00e2e,0x002,palette:arcade.r01p01.plane.bank_0x002.epoch_00,0,,20
usage:pb:a5ac0bae55a0:b0x002:f0,context:gameplay.r01.p01,0x0646,pattern:pc080sn:a5ac0bae55a0ba0d,a5ac0bae55a0ba0dc97cb50b5222236a1e50e3de642a913e00a389a837972f88,0x002,palette:arcade.r01p01.plane.bank_0x002.epoch_00,0,,20
usage:pb:a1ededd63347:b0x002:f0,context:gameplay.r01.p01,0x0647,pattern:pc080sn:a1ededd633473ec9,a1ededd633473ec98ad04f04149ab93aa5bb120095d1eb19637ff012472b2b4b,0x002,palette:arcade.r01p01.plane.bank_0x002.epoch_00,0,,20
usage:pb:119ef1420d9f:b0x002:f0,context:gameplay.r01.p01,0x0648,pattern:pc080sn:119ef1420d9f6158,119ef1420d9f615879557b5f82a233b38cf3a5cc4172ce347848a11c32536066,0x002,palette:arcade.r01p01.plane.bank_0x002.epoch_00,0,,41
usage:pb:2a8ea9b27f37:b0x002:f0,context:gameplay.r01.p01,0x0649,pattern:pc080sn:2a8ea9b27f375245,2a8ea9b27f375245c0ac3288d3f43ed23a521c25ffc85bc153a0ce773e6f85fa,0x002,palette:arcade.r01p01.plane.bank_0x002.epoch_00,0,,41
usage:pb:ab9d495f6a8f:b0x002:f0,context:gameplay.r01.p01,0x064A,pattern:pc080sn:ab9d495f6a8f681c,ab9d495f6a8f681c653579c12917edd3d5843e93e4c30a8799e6c3179fce29b0,0x002,palette:arcade.r01p01.plane.bank_0x002.epoch_00,0,,41
usage:pb:ea93e68b7a1c:b0x002:f0,context:gameplay.r01.p01,0x064B,pattern:pc080sn:ea93e68b7a1c2cb4,ea93e68b7a1c2cb4ce9385089002e2ad2f14b1501b01be98c698ee5da71b1875,0x002,palette:arcade.r01p01.plane.bank_0x002.epoch_00,0,,41
usage:pb:e52e691db018:b0x002:f0,context:gameplay.r01.p01,0x064C,pattern:pc080sn:e52e691db0183b06,e52e691db0183b06e51274890a395d7396258eb0ab7c1fc8a3ece54534dd740b,0x002,palette:arcade.r01p01.plane.bank_0x002.epoch_00,0,,41
usage:pb:a8824d8b10d9:b0x002:f0,context:gameplay.r01.p01,0x064D,pattern:pc080sn:a8824d8b10d94840,a8824d8b10d948408bc05e79b0134c761178c8cf4ac10070bbf08ec9a0700dde,0x002,palette:arcade.r01p01.plane.bank_0x002.epoch_00,0,,41
usage:pb:0af2ef1ad940:b0x002:f0,context:gameplay.r01.p01,0x064E,pattern:pc080sn:0af2ef1ad940d8e5,0af2ef1ad940d8e53b8ccee3f670c4e962e8d290feeee61a824a78404a65130f,0x002,palette:arcade.r01p01.plane.bank_0x002.epoch_00,0,,48
usage:pb:0d3483ad5c86:b0x002:f0,context:gameplay.r01.p01,0x064F,pattern:pc080sn:0d3483ad5c8661aa,0d3483ad5c8661aa9a5f89179f858750ecdfdf5b56d334032ad2d9d96901e83b,0x002,palette:arcade.r01p01.plane.bank_0x002.epoch_00,0,,48
usage:pb:101355acd3b6:b0x002:f0,context:gameplay.r01.p01,0x0650,pattern:pc080sn:101355acd3b6e851,101355acd3b6e851ad986107aa7c624abceb0e08bb30a9e2c9327e8c3e3f8a17,0x002,palette:arcade.r01p01.plane.bank_0x002.epoch_00,0,,48
usage:pb:3eefd837e801:b0x002:f0,context:gameplay.r01.p01,0x0651,pattern:pc080sn:3eefd837e801c2ca,3eefd837e801c2ca11f6f65e21d27fc2d53c1be54bbae318953b55207786da85,0x002,palette:arcade.r01p01.plane.bank_0x002.epoch_00,0,,20
usage:pb:d005849f0a47:b0x002:f0,context:gameplay.r01.p01,0x0652,pattern:pc080sn:d005849f0a477349,d005849f0a477349e77058da350d5cf67499b80b8a02eaa094e7fbdadd7b3e5c,0x002,palette:arcade.r01p01.plane.bank_0x002.epoch_00,0,,20
usage:pb:419f4a41d65f:b0x002:f0,context:gameplay.r01.p01,0x0653,pattern:pc080sn:419f4a41d65fa925,419f4a41d65fa925a4dc573d6fea9fdf55211356c7379ae0e1258563a9717c5c,0x002,palette:arcade.r01p01.plane.bank_0x002.epoch_00,0,,20
usage:pb:f4f786ff0e52:b0x002:f0,context:gameplay.r01.p01,0x0654,pattern:pc080sn:f4f786ff0e52f0fd,f4f786ff0e52f0fd75c6909b218127278d5c1e7708121e85796eee71374cc635,0x002,palette:arcade.r01p01.plane.bank_0x002.epoch_00,0,,20
usage:pb:e00c8b45fb28:b0x002:f0,context:gameplay.r01.p01,0x0655,pattern:pc080sn:e00c8b45fb286d7b,e00c8b45fb286d7b610edac86af6ae6792decbe74cb40c50391a4a2d02f87e4a,0x002,palette:arcade.r01p01.plane.bank_0x002.epoch_00,0,,20
usage:pb:2cbf949c3bcc:b0x002:f0,context:gameplay.r01.p01,0x0656,pattern:pc080sn:2cbf949c3bcca2c1,2cbf949c3bcca2c15d0410be7881f91b01b33b43862af5d82431a03d7914b864,0x002,palette:arcade.r01p01.plane.bank_0x002.epoch_00,0,,20
usage:pb:e2c83b69b5fb:b0x002:f0,context:gameplay.r01.p01,0x0657,pattern:pc080sn:e2c83b69b5fb3721,e2c83b69b5fb372174b0fd7b9f108609d95379838932c6940f3b282de8b5cb73,0x002,palette:arcade.r01p01.plane.bank_0x002.epoch_00,0,,20
usage:pb:01a578bb41af:b0x002:f0,context:gameplay.r01.p01,0x0658,pattern:pc080sn:01a578bb41afb402,01a578bb41afb40250db21f8728e23050472b690ce5371805a0996839fe4746f,0x002,palette:arcade.r01p01.plane.bank_0x002.epoch_00,0,,41
usage:pb:b0f87be27451:b0x002:f0,context:gameplay.r01.p01,0x0659,pattern:pc080sn:b0f87be27451e6dc,b0f87be27451e6dcb523acd90c3cc06e5ee121e0bbfef7171547848d7593fe71,0x002,palette:arcade.r01p01.plane.bank_0x002.epoch_00,0,,41
usage:pb:c1619ebb9831:b0x002:f0,context:gameplay.r01.p01,0x065A,pattern:pc080sn:c1619ebb98314378,c1619ebb98314378df0ff6c6fb8693557114473e785ae408432f8b7e160fd96f,0x002,palette:arcade.r01p01.plane.bank_0x002.epoch_00,0,,41
usage:pb:b76aab3fe11a:b0x002:f0,context:gameplay.r01.p01,0x065B,pattern:pc080sn:b76aab3fe11a54c0,b76aab3fe11a54c073b81b262206b40918879feba444d642d71a06e935d16987,0x002,palette:arcade.r01p01.plane.bank_0x002.epoch_00,0,,41
usage:pb:cd16c0e12d51:b0x002:f0,context:gameplay.r01.p01,0x065C,pattern:pc080sn:cd16c0e12d5159aa,cd16c0e12d5159aaf84ee0659e0dd449b954612cacfa5aa725e81e8e05a05984,0x002,palette:arcade.r01p01.plane.bank_0x002.epoch_00,0,,41
usage:pb:f3a7f4d18a46:b0x002:f0,context:gameplay.r01.p01,0x065D,pattern:pc080sn:f3a7f4d18a461146,f3a7f4d18a461146f62d1d0c20b55f18cff6cb263eb8460632f8769c6b84cfb6,0x002,palette:arcade.r01p01.plane.bank_0x002.epoch_00,0,,41
usage:pb:dd4993853ca1:b0x002:f0,context:gameplay.r01.p01,0x065E,pattern:pc080sn:dd4993853ca16e9e,dd4993853ca16e9eb62f5ac97b7803531788a33754dbecc3128208f3b2d07330,0x002,palette:arcade.r01p01.plane.bank_0x002.epoch_00,0,,48
usage:pb:4fc46fab0a83:b0x002:f0,context:gameplay.r01.p01,0x065F,pattern:pc080sn:4fc46fab0a830d45,4fc46fab0a830d45ae8c9fd64a16428f32c5267c283cf2508cbb208d2201bec6,0x002,palette:arcade.r01p01.plane.bank_0x002.epoch_00,0,,48
usage:pb:3bf4ba7dd95e:b0x002:f0,context:gameplay.r01.p01,0x0660,pattern:pc080sn:3bf4ba7dd95e02d9,3bf4ba7dd95e02d92312211a2a0125af909fad715bc1d3b76d10ac1a7baad85f,0x002,palette:arcade.r01p01.plane.bank_0x002.epoch_00,0,,20
usage:pb:d2cda697cc6e:b0x002:f0,context:gameplay.r01.p01,0x0661,pattern:pc080sn:d2cda697cc6e1ccd,d2cda697cc6e1ccdddff5429b0237f093f41e714e4efd16d56775cf030e0ee05,0x002,palette:arcade.r01p01.plane.bank_0x002.epoch_00,0,,20
usage:pb:51e8d2bd734d:b0x002:f0,context:gameplay.r01.p01,0x0662,pattern:pc080sn:51e8d2bd734d1ed9,51e8d2bd734d1ed937939b2c35a58685dd48560d34ed0e988a91b6c7863e1306,0x002,palette:arcade.r01p01.plane.bank_0x002.epoch_00,0,,56
usage:pb:23f841f11ef2:b0x002:f0,context:gameplay.r01.p01,0x0663,pattern:pc080sn:23f841f11ef2dc32,23f841f11ef2dc32fc5c302ef21a32daf24e5c0cabb2ee04773ebde93ffc157f,0x002,palette:arcade.r01p01.plane.bank_0x002.epoch_00,0,,109
usage:pb:578d1b5e9828:b0x002:f0,context:gameplay.r01.p01,0x0664,pattern:pc080sn:578d1b5e982879c0,578d1b5e982879c0fd6f183d409eff4d97eafd143b15a0dcb0fce3568b4938c7,0x002,palette:arcade.r01p01.plane.bank_0x002.epoch_00,0,,20
usage:pb:c6386b37ef93:b0x002:f0,context:gameplay.r01.p01,0x0665,pattern:pc080sn:c6386b37ef93eff7,c6386b37ef93eff77fbe04ed61b9f2703eba2c41486ae9695e78ce3bf9947de1,0x002,palette:arcade.r01p01.plane.bank_0x002.epoch_00,0,,759
usage:pb:86ccc96017ac:b0x002:f0,context:gameplay.r01.p01,0x0666,pattern:pc080sn:86ccc96017acb3a6,86ccc96017acb3a6ea8edabebe62c81f3d4556f86a004520520c5432b072eb0c,0x002,palette:arcade.r01p01.plane.bank_0x002.epoch_00,0,,20
usage:pb:170b3e84c45c:b0x002:f0,context:gameplay.r01.p01,0x0667,pattern:pc080sn:170b3e84c45ce223,170b3e84c45ce2235febf63526d846dfaa14f21e188ad1d1797a69853d39dabd,0x002,palette:arcade.r01p01.plane.bank_0x002.epoch_00,0,,656
usage:pb:fdcbe31d31b2:b0x002:f0,context:gameplay.r01.p01,0x0668,pattern:pc080sn:fdcbe31d31b29c16,fdcbe31d31b29c1631546683158dfdd44d30fb9ca260895753ae0fea5e7ae45b,0x002,palette:arcade.r01p01.plane.bank_0x002.epoch_00,0,,466
usage:pb:805545460c55:b0x002:f0,context:gameplay.r01.p01,0x0669,pattern:pc080sn:805545460c556c27,805545460c556c272eafa9ca0c8bec8e605c408cdda476f3056cd5175331e6a3,0x002,palette:arcade.r01p01.plane.bank_0x002.epoch_00,0,,41
usage:pb:21c4543f3d2c:b0x002:f0,context:gameplay.r01.p01,0x066A,pattern:pc080sn:21c4543f3d2cbd1d,21c4543f3d2cbd1d470701ca17c688486a4d8a650d648a63a66aa8d3057c821f,0x002,palette:arcade.r01p01.plane.bank_0x002.epoch_00,0,,41
usage:pb:7ddfcb138466:b0x002:f0,context:gameplay.r01.p01,0x066B,pattern:pc080sn:7ddfcb138466eaaf,7ddfcb138466eaaf2ce632ef4be908511271758b181d27915655c21f4c1eea19,0x002,palette:arcade.r01p01.plane.bank_0x002.epoch_00,0,,41
usage:pb:59e681a9913a:b0x002:f0,context:gameplay.r01.p01,0x066C,pattern:pc080sn:59e681a9913af935,59e681a9913af9358f6dfb133e30768035cdd7165d5b61e17eeb8ffc684f1f9d,0x002,palette:arcade.r01p01.plane.bank_0x002.epoch_00,0,,34
usage:pb:6210749633d8:b0x002:f0,context:gameplay.r01.p01,0x066D,pattern:pc080sn:6210749633d8ef13,6210749633d8ef13f65c4b307e9cca4c37885a21a3757f93292cda5c6711d7a7,0x002,palette:arcade.r01p01.plane.bank_0x002.epoch_00,0,,34
usage:pb:bb7c056e703a:b0x002:f0,context:gameplay.r01.p01,0x066E,pattern:pc080sn:bb7c056e703ac88c,bb7c056e703ac88c4d557a11f0a1d278de468217640c57410ff36830c0e7f3aa,0x002,palette:arcade.r01p01.plane.bank_0x002.epoch_00,0,,27
usage:pb:07d2e5928091:b0x002:f0,context:gameplay.r01.p01,0x066F,pattern:pc080sn:07d2e59280913f72,07d2e59280913f7209e6303479603a073c2b3534eca6738610881b4b53517fbb,0x002,palette:arcade.r01p01.plane.bank_0x002.epoch_00,0,,48
usage:pb:5c98cc8a04eb:b0x002:f0,context:gameplay.r01.p01,0x0670,pattern:pc080sn:5c98cc8a04eb849b,5c98cc8a04eb849be856215b5b39ea4b4d29e6ddcaa8f2925e3fa09448b2450c,0x002,palette:arcade.r01p01.plane.bank_0x002.epoch_00,0,,20
usage:pb:356ba1d2e056:b0x002:f0,context:gameplay.r01.p01,0x0671,pattern:pc080sn:356ba1d2e0563dce,356ba1d2e0563dce06799a40a2277ec64b1651f6c2bb93f913d743eb6b2e6a1b,0x002,palette:arcade.r01p01.plane.bank_0x002.epoch_00,0,,20
usage:pb:f2ff90b09bd1:b0x002:f0,context:gameplay.r01.p01,0x0672,pattern:pc080sn:f2ff90b09bd15013,f2ff90b09bd15013bda3399b7b5f971542c54df77fbe91286329b75241b10372,0x002,palette:arcade.r01p01.plane.bank_0x002.epoch_00,0,,56
usage:pb:ea3fed25bb66:b0x002:f0,context:gameplay.r01.p01,0x0673,pattern:pc080sn:ea3fed25bb662752,ea3fed25bb662752a9f3b46b757968f595a1093eacbd56fece65e2f32a490d56,0x002,palette:arcade.r01p01.plane.bank_0x002.epoch_00,0,,109
usage:pb:7885a0926b5d:b0x002:f0,context:gameplay.r01.p01,0x0674,pattern:pc080sn:7885a0926b5d27de,7885a0926b5d27de0362e74b6e77716c8fd73c29453cec076a525cb70952fe59,0x002,palette:arcade.r01p01.plane.bank_0x002.epoch_00,0,,20
usage:pb:f860981fd353:b0x002:f0,context:gameplay.r01.p01,0x0675,pattern:pc080sn:f860981fd353b07a,f860981fd353b07ab42040704e37526a4fc7e19a6b3a7a49d4a4fdd8977ed751,0x002,palette:arcade.r01p01.plane.bank_0x002.epoch_00,0,,759
usage:pb:6301dde044f1:b0x002:f0,context:gameplay.r01.p01,0x0676,pattern:pc080sn:6301dde044f10034,6301dde044f10034900154b5aac4367df3399276de69282bfd8341d543a7a402,0x002,palette:arcade.r01p01.plane.bank_0x002.epoch_00,0,,718
usage:pb:6b9ceb84b6e8:b0x002:f0,context:gameplay.r01.p01,0x0677,pattern:pc080sn:6b9ceb84b6e81696,6b9ceb84b6e8169698e0de9653919e51e13bc1c2555d2eaca6d1a7abe28f4795,0x002,palette:arcade.r01p01.plane.bank_0x002.epoch_00,0,,718
usage:pb:3a943eb2ebe4:b0x002:f0,context:gameplay.r01.p01,0x0678,pattern:pc080sn:3a943eb2ebe4421c,3a943eb2ebe4421c6b7a626179bb428d48d5538e10eb0b7f5acd7046d55437af,0x002,palette:arcade.r01p01.plane.bank_0x002.epoch_00,0,,466
usage:pb:3d8bb60ade8c:b0x002:f0,context:gameplay.r01.p01,0x0679,pattern:pc080sn:3d8bb60ade8c84f5,3d8bb60ade8c84f5c2de703b969ed9cddc2dddd80f193cd55e30e130339b280b,0x002,palette:arcade.r01p01.plane.bank_0x002.epoch_00,0,,41
usage:pb:a3f1c97ab950:b0x002:f0,context:gameplay.r01.p01,0x067A,pattern:pc080sn:a3f1c97ab950dde1,a3f1c97ab950dde1c5ce9e41ef4c0f9e72690434f0fc7a3db6f657c9763aee5c,0x002,palette:arcade.r01p01.plane.bank_0x002.epoch_00,0,,41
usage:pb:4c978c1976b5:b0x002:f0,context:gameplay.r01.p01,0x067B,pattern:pc080sn:4c978c1976b59961,4c978c1976b5996122d99e1660f79402ad5c6fda0848705f405fa7ec53642ad7,0x002,palette:arcade.r01p01.plane.bank_0x002.epoch_00,0,,41
usage:pb:48f22cd23368:b0x002:f0,context:gameplay.r01.p01,0x067C,pattern:pc080sn:48f22cd2336805d1,48f22cd2336805d1a54994cc1c5220227bf0a580281a09ec4f4ef1898c7ed554,0x002,palette:arcade.r01p01.plane.bank_0x002.epoch_00,0,,34
usage:pb:7274029dacf3:b0x002:f0,context:gameplay.r01.p01,0x067D,pattern:pc080sn:7274029dacf36d48,7274029dacf36d484e15f2d9fe7dd1c277d7922dc6bacfbb3fc338648b87f5e8,0x002,palette:arcade.r01p01.plane.bank_0x002.epoch_00,0,,34
usage:pb:2ac02ba0d94b:b0x002:f0,context:gameplay.r01.p01,0x067E,pattern:pc080sn:2ac02ba0d94bae1e,2ac02ba0d94bae1eef5dacce95603eeb5c0e30d5d29a2181da9829f1fddf1a5b,0x002,palette:arcade.r01p01.plane.bank_0x002.epoch_00,0,,27
usage:pb:97b0250d4b53:b0x002:f0,context:gameplay.r01.p01,0x067F,pattern:pc080sn:97b0250d4b53a571,97b0250d4b53a571ac7e816a0038da9c125d47cb4cd49bc868a458734a6412d5,0x002,palette:arcade.r01p01.plane.bank_0x002.epoch_00,0,,27
usage:pb:30fcb90c61cf:b0x002:f0,context:gameplay.r01.p01,0x0680,pattern:pc080sn:30fcb90c61cf41b8,30fcb90c61cf41b8d29ef7845968ba62c59d7e00c5803ac872f16b24cd46e3b3,0x002,palette:arcade.r01p01.plane.bank_0x002.epoch_00,0,,20
usage:pb:8c4528f471b5:b0x002:f0,context:gameplay.r01.p01,0x0681,pattern:pc080sn:8c4528f471b50fe1,8c4528f471b50fe1433cae79b9b51f2ab46564f3b74e73d983988fa5dd0fe2c0,0x002,palette:arcade.r01p01.plane.bank_0x002.epoch_00,0,,20
usage:pb:b0b7f3041cca:b0x002:f0,context:gameplay.r01.p01,0x0682,pattern:pc080sn:b0b7f3041cca67d7,b0b7f3041cca67d7c270748598cbfe759fe41a1cfba798b7c1e859c8ce83bbf4,0x002,palette:arcade.r01p01.plane.bank_0x002.epoch_00,0,,68
usage:pb:7e883ba2bbbd:b0x002:f0,context:gameplay.r01.p01,0x0683,pattern:pc080sn:7e883ba2bbbda55c,7e883ba2bbbda55c5915ac90f4c41cf787dc3a2dff990fe17fa2ace25ed6a6af,0x002,palette:arcade.r01p01.plane.bank_0x002.epoch_00,0,,109
usage:pb:058d7c57a9fc:b0x002:f0,context:gameplay.r01.p01,0x0684,pattern:pc080sn:058d7c57a9fcf948,058d7c57a9fcf9481a583c2bbb575711cf1e23c854e25f8b919e35dc6ccafc06,0x002,palette:arcade.r01p01.plane.bank_0x002.epoch_00,0,,20
usage:pb:eff3f2cdd064:b0x002:f0,context:gameplay.r01.p01,0x0685,pattern:pc080sn:eff3f2cdd0648054,eff3f2cdd06480548c53f695a7540dae2eaeec6ae9c688c40ba2ca79a7eaf4d7,0x002,palette:arcade.r01p01.plane.bank_0x002.epoch_00,0,,20
usage:pb:8c21ba584fc7:b0x002:f0,context:gameplay.r01.p01,0x0686,pattern:pc080sn:8c21ba584fc70641,8c21ba584fc70641fd10ab284f51be9d254e83fc8e8b3c5591b7bafafaf010d5,0x002,palette:arcade.r01p01.plane.bank_0x002.epoch_00,0,,718
usage:pb:543afa62a95c:b0x002:f0,context:gameplay.r01.p01,0x0687,pattern:pc080sn:543afa62a95c525f,543afa62a95c525f975b6a512ffbebb534664d0fa801315f68c9656d5821ac4e,0x002,palette:arcade.r01p01.plane.bank_0x002.epoch_00,0,,718
usage:pb:14e8ee6b24fa:b0x002:f0,context:gameplay.r01.p01,0x0688,pattern:pc080sn:14e8ee6b24fa0421,14e8ee6b24fa04210f2593b6ef3bc28a501badf1348f75cc83507eaa8bc1703f,0x002,palette:arcade.r01p01.plane.bank_0x002.epoch_00,0,,466
usage:pb:2ef664f191e0:b0x002:f0,context:gameplay.r01.p01,0x0689,pattern:pc080sn:2ef664f191e0ac5b,2ef664f191e0ac5b55beb04053aab60a1c734e5bd28e60fe3d4e5f7a9fb0832b,0x002,palette:arcade.r01p01.plane.bank_0x002.epoch_00,0,,466
usage:pb:cb1b2a4c5bc4:b0x002:f0,context:gameplay.r01.p01,0x068A,pattern:pc080sn:cb1b2a4c5bc4427b,cb1b2a4c5bc4427b223002ec3f302592297de790992905b99e0ee1affd5e57ae,0x002,palette:arcade.r01p01.plane.bank_0x002.epoch_00,0,,41
usage:pb:720cf7d5c3b9:b0x002:f0,context:gameplay.r01.p01,0x068B,pattern:pc080sn:720cf7d5c3b99452,720cf7d5c3b99452b77510da6e0b8216f91571971c625231a521bbcac242a6f5,0x002,palette:arcade.r01p01.plane.bank_0x002.epoch_00,0,,41
usage:pb:04e9bc333b0c:b0x002:f0,context:gameplay.r01.p01,0x068C,pattern:pc080sn:04e9bc333b0cd8ca,04e9bc333b0cd8ca9ecbeb4bca950fa1f1f0c0c51edc36fbeecfb1a11fd1929d,0x002,palette:arcade.r01p01.plane.bank_0x002.epoch_00,0,,34
usage:pb:82e3b647514b:b0x002:f0,context:gameplay.r01.p01,0x068D,pattern:pc080sn:82e3b647514ba449,82e3b647514ba4490ac1a2196df3124cd23f2620aebeef1458df6c8d4921c7e1,0x002,palette:arcade.r01p01.plane.bank_0x002.epoch_00,0,,34
usage:pb:d7a5207e66f2:b0x002:f0,context:gameplay.r01.p01,0x068E,pattern:pc080sn:d7a5207e66f23bd6,d7a5207e66f23bd6cf3e0890b231be9bb1e5479b7bf877edcf22363dc843ccd1,0x002,palette:arcade.r01p01.plane.bank_0x002.epoch_00,0,,41
usage:pb:80d096f6de50:b0x002:f0,context:gameplay.r01.p01,0x068F,pattern:pc080sn:80d096f6de50355a,80d096f6de50355ad388c890d16cc52042ebc7e2a505d3b7f45d658662671fc2,0x002,palette:arcade.r01p01.plane.bank_0x002.epoch_00,0,,27
usage:pb:80b50ac51b03:b0x002:f0,context:gameplay.r01.p01,0x0690,pattern:pc080sn:80b50ac51b030570,80b50ac51b030570269f720d4fe7e73d5f6366c8665f352a24930c95b415e5df,0x002,palette:arcade.r01p01.plane.bank_0x002.epoch_00,0,,20
usage:pb:9202a937f164:b0x002:f0,context:gameplay.r01.p01,0x0691,pattern:pc080sn:9202a937f164d0df,9202a937f164d0dfe8c92c65db9b76bb891fd7ca3720000619f91ce81afb0bd1,0x002,palette:arcade.r01p01.plane.bank_0x002.epoch_00,0,,20
usage:pb:ea66cf3bca81:b0x002:f0,context:gameplay.r01.p01,0x0692,pattern:pc080sn:ea66cf3bca81a61c,ea66cf3bca81a61c4afbf22a700bd7b789756969ce6f8389ed891515c40e7a7e,0x002,palette:arcade.r01p01.plane.bank_0x002.epoch_00,0,,68
usage:pb:ffa02b132cd1:b0x002:f0,context:gameplay.r01.p01,0x0693,pattern:pc080sn:ffa02b132cd1b892,ffa02b132cd1b892a9fc63eb376ca9a43b8fab180af4165acce791fb647a9af1,0x002,palette:arcade.r01p01.plane.bank_0x002.epoch_00,0,,109
usage:pb:93a00a57879a:b0x002:f0,context:gameplay.r01.p01,0x0694,pattern:pc080sn:93a00a57879a1c40,93a00a57879a1c4005fb0514083606c02ef303569f3edc3018b31b784136de49,0x002,palette:arcade.r01p01.plane.bank_0x002.epoch_00,0,,759
usage:pb:3fcac443ad59:b0x002:f0,context:gameplay.r01.p01,0x0695,pattern:pc080sn:3fcac443ad595aee,3fcac443ad595aee5e95c0e70e5eed2fd0e3b8f5fa56dadb8456dc91c5b19347,0x002,palette:arcade.r01p01.plane.bank_0x002.epoch_00,0,,20
usage:pb:2b3e00618d33:b0x002:f0,context:gameplay.r01.p01,0x0696,pattern:pc080sn:2b3e00618d33e2d5,2b3e00618d33e2d5e35e6589c59973c052cd27ab76308b21c49516945f6a3ad0,0x002,palette:arcade.r01p01.plane.bank_0x002.epoch_00,0,,718
usage:pb:cacc0902e3e9:b0x002:f0,context:gameplay.r01.p01,0x0697,pattern:pc080sn:cacc0902e3e94c79,cacc0902e3e94c79e08cfa874b40a2e2231da602c7df0ee683ecc9c8d64c83ab,0x002,palette:arcade.r01p01.plane.bank_0x002.epoch_00,0,,718
usage:pb:de794a295e76:b0x002:f0,context:gameplay.r01.p01,0x0698,pattern:pc080sn:de794a295e76758a,de794a295e76758aed8b57472124f99d4397b255d25632d060126d4dca4ad7d1,0x002,palette:arcade.r01p01.plane.bank_0x002.epoch_00,0,,466
usage:pb:b77d424e97b1:b0x002:f0,context:gameplay.r01.p01,0x0699,pattern:pc080sn:b77d424e97b151a5,b77d424e97b151a52b76d3f57c7754d5c8826518aa5aa06e2543fb1c846b52fc,0x002,palette:arcade.r01p01.plane.bank_0x002.epoch_00,0,,466
usage:pb:32214fc0fca1:b0x002:f0,context:gameplay.r01.p01,0x069A,pattern:pc080sn:32214fc0fca1558d,32214fc0fca1558d3127d33ff0241176426148ca836e3fc462f6b0fce4ddef9d,0x002,palette:arcade.r01p01.plane.bank_0x002.epoch_00,0,,41
usage:pb:fc722b694796:b0x002:f0,context:gameplay.r01.p01,0x069B,pattern:pc080sn:fc722b6947965243,fc722b6947965243ded20878df1d604b5dcf2383c0252befd05c87e065094da2,0x002,palette:arcade.r01p01.plane.bank_0x002.epoch_00,0,,41
usage:pb:1fc29db57458:b0x002:f0,context:gameplay.r01.p01,0x069C,pattern:pc080sn:1fc29db5745880b5,1fc29db5745880b5f2e233d3aef22f9b9d73c017d0ebcbcec1d22d7336993202,0x002,palette:arcade.r01p01.plane.bank_0x002.epoch_00,0,,34
usage:pb:64935b0d67b9:b0x002:f0,context:gameplay.r01.p01,0x069D,pattern:pc080sn:64935b0d67b933e0,64935b0d67b933e0177d1c43f3bb9de0a4f687d42a02e1f949f841741c5a813c,0x002,palette:arcade.r01p01.plane.bank_0x002.epoch_00,0,,34
usage:pb:718add59010a:b0x002:f0,context:gameplay.r01.p01,0x069E,pattern:pc080sn:718add59010a9d64,718add59010a9d64db3c8e2646f0eae9263950474c08be9ef004d477936d48a1,0x002,palette:arcade.r01p01.plane.bank_0x002.epoch_00,0,,41
usage:pb:877589cf81bf:b0x002:f0,context:gameplay.r01.p01,0x069F,pattern:pc080sn:877589cf81bf993a,877589cf81bf993ad441294bc56b5b15324e43f67b0f35422a2c4a607b83fc4f,0x002,palette:arcade.r01p01.plane.bank_0x002.epoch_00,0,,27
usage:pb:1646dc0b537e:b0x002:f0,context:gameplay.r01.p01,0x06A0,pattern:pc080sn:1646dc0b537e1c5d,1646dc0b537e1c5d8a12672c8d15780563c3cfcd5afaa805224951c68cf827ce,0x002,palette:arcade.r01p01.plane.bank_0x002.epoch_00,0,,62
usage:pb:aaa2d3b9fa9b:b0x002:f0,context:gameplay.r01.p01,0x06A1,pattern:pc080sn:aaa2d3b9fa9be0ba,aaa2d3b9fa9be0baf1489c55f2bae4d9e4e9272662f5100e4c312caebf995d27,0x002,palette:arcade.r01p01.plane.bank_0x002.epoch_00,0,,50
usage:pb:9bd3581159da:b0x002:f0,context:gameplay.r01.p01,0x06A2,pattern:pc080sn:9bd3581159daeb06,9bd3581159daeb06a3f91a81e15ec07f8f90b6c4517356598a817e486e077031,0x002,palette:arcade.r01p01.plane.bank_0x002.epoch_00,0,,57
usage:pb:971ae4c5d7f4:b0x002:f0,context:gameplay.r01.p01,0x06A3,pattern:pc080sn:971ae4c5d7f49ae5,971ae4c5d7f49ae5c38faf39fd363248aef9c012e267b2fa5c80f7d3f88e7b06,0x002,palette:arcade.r01p01.plane.bank_0x002.epoch_00,0,,69
usage:pb:ec4821683920:b0x002:f0,context:gameplay.r01.p01,0x06A4,pattern:pc080sn:ec4821683920a7a8,ec4821683920a7a8600851d40df41307e15d9658fbd6c72d743861c53fd8f4a2,0x002,palette:arcade.r01p01.plane.bank_0x002.epoch_00,0,,739
usage:pb:0b0892507f1b:b0x002:f0,context:gameplay.r01.p01,0x06A5,pattern:pc080sn:0b0892507f1bca51,0b0892507f1bca51e9be1a7a814c547167e5fc49433b385c4559e05567f09910,0x002,palette:arcade.r01p01.plane.bank_0x002.epoch_00,0,,636
usage:pb:23bb5f093b96:b0x002:f0,context:gameplay.r01.p01,0x06A6,pattern:pc080sn:23bb5f093b96bab8,23bb5f093b96bab8851e2de86257573c52def8a3da23c50d754bd3d3d5166987,0x002,palette:arcade.r01p01.plane.bank_0x002.epoch_00,0,,62
usage:pb:f99674e937b3:b0x002:f0,context:gameplay.r01.p01,0x06A7,pattern:pc080sn:f99674e937b34278,f99674e937b34278fd3edaeb0c51c86ff27aef5de8a0d94a41c4f270aae789d4,0x002,palette:arcade.r01p01.plane.bank_0x002.epoch_00,0,,62
usage:pb:ecf7ec138420:b0x002:f0,context:gameplay.r01.p01,0x06A8,pattern:pc080sn:ecf7ec1384201f1f,ecf7ec1384201f1fe8f7fa82e6b9201f32c99ca5e73848515f1a8e8ec89811a8,0x002,palette:arcade.r01p01.plane.bank_0x002.epoch_00,0,,411
usage:pb:4887c0524fe8:b0x002:f0,context:gameplay.r01.p01,0x06A9,pattern:pc080sn:4887c0524fe8d4c8,4887c0524fe8d4c86ffa0459c3a6d792fe33411e8e2d52aa25034a9f71742fbd,0x002,palette:arcade.r01p01.plane.bank_0x002.epoch_00,0,,411
usage:pb:c7fc5498a704:b0x002:f0,context:gameplay.r01.p01,0x06AA,pattern:pc080sn:c7fc5498a704dd28,c7fc5498a704dd283421fee769e0f0e928d353f752bc58d26673d8bcfee49a4b,0x002,palette:arcade.r01p01.plane.bank_0x002.epoch_00,0,,411
usage:pb:ec0276a04c42:b0x002:f0,context:gameplay.r01.p01,0x06AB,pattern:pc080sn:ec0276a04c424512,ec0276a04c4245124a1865bc33d8542658c6b123dbf0d737b67466d01f4fef24,0x002,palette:arcade.r01p01.plane.bank_0x002.epoch_00,0,,62
usage:pb:d7e609e8a482:b0x002:f0,context:gameplay.r01.p01,0x06AC,pattern:pc080sn:d7e609e8a482cc40,d7e609e8a482cc40299c7fa32eb8ba9a7cd99b994d21ab392224b18e6e992d2d,0x002,palette:arcade.r01p01.plane.bank_0x002.epoch_00,0,,50
usage:pb:e9d1ed592ed6:b0x002:f0,context:gameplay.r01.p01,0x06AD,pattern:pc080sn:e9d1ed592ed6837c,e9d1ed592ed6837c27b36126f1bb68eaeb2dce34ba421593a192245f7eed8772,0x002,palette:arcade.r01p01.plane.bank_0x002.epoch_00,0,,69
usage:pb:fac03a56d37f:b0x002:f0,context:gameplay.r01.p01,0x06AE,pattern:pc080sn:fac03a56d37f1fe5,fac03a56d37f1fe50ea8baefbfd5bc0c88c301465e0fa25f19b6253e24782e29,0x002,palette:arcade.r01p01.plane.bank_0x002.epoch_00,0,,69
usage:pb:43c77b345512:b0x002:f0,context:gameplay.r01.p01,0x06AF,pattern:pc080sn:43c77b34551276ab,43c77b34551276ab262e9848aeda8ba0a4bd197a48b990f9d4e5121d41301efe,0x002,palette:arcade.r01p01.plane.bank_0x002.epoch_00,0,,739
usage:pb:7cc74c4e0e36:b0x002:f0,context:gameplay.r01.p01,0x06B0,pattern:pc080sn:7cc74c4e0e36e01f,7cc74c4e0e36e01f8fff0227fcb121f76a3fc733f7d4570704c550b5c2cfef73,0x002,palette:arcade.r01p01.plane.bank_0x002.epoch_00,0,,411
usage:pb:a760831b0967:b0x002:f0,context:gameplay.r01.p01,0x06B1,pattern:pc080sn:a760831b096752bf,a760831b096752bfef35b5f45a47eaa4dd8205caaae14789fc59b3f90b23d57b,0x002,palette:arcade.r01p01.plane.bank_0x002.epoch_00,0,,411
usage:pb:b2e2a6f9a97d:b0x002:f0,context:gameplay.r01.p01,0x06B2,pattern:pc080sn:b2e2a6f9a97d5d51,b2e2a6f9a97d5d518ee17e5c6ab4dd8ed5fab658c6f473aaf8d009aa76031b59,0x002,palette:arcade.r01p01.plane.bank_0x002.epoch_00,0,,411
usage:pb:e30720ce6f31:b0x002:f0,context:gameplay.r01.p01,0x06B3,pattern:pc080sn:e30720ce6f313988,e30720ce6f313988980ae93be26e7c6843cf4e0fd17d906d8db2753c11fe7e93,0x002,palette:arcade.r01p01.plane.bank_0x002.epoch_00,0,,50
usage:pb:7893e69e1285:b0x002:f0,context:gameplay.r01.p01,0x06B4,pattern:pc080sn:7893e69e12854ff4,7893e69e12854ff401635cb5a3394c682bc37b8942d49c426e02f46ed3966a82,0x002,palette:arcade.r01p01.plane.bank_0x002.epoch_00,0,,50
usage:pb:304875deb5c5:b0x002:f0,context:gameplay.r01.p01,0x06B5,pattern:pc080sn:304875deb5c531a6,304875deb5c531a661ca96ad7ea2b30c51f4b66efc3dfec9325061e0f944811d,0x002,palette:arcade.r01p01.plane.bank_0x002.epoch_00,0,,62
usage:pb:577c01953da3:b0x002:f0,context:gameplay.r01.p01,0x06B6,pattern:pc080sn:577c01953da38542,577c01953da3854209ee02e96c7874a49f90c506cd2f68328561275e30462603,0x002,palette:arcade.r01p01.plane.bank_0x002.epoch_00,0,,69
usage:pb:4c27afd70f37:b0x002:f0,context:gameplay.r01.p01,0x06B7,pattern:pc080sn:4c27afd70f37a355,4c27afd70f37a3550d7fc9d88bb52049d223f29cb28d530fed9491175c427bd0,0x002,palette:arcade.r01p01.plane.bank_0x002.epoch_00,0,,739
usage:pb:bd58f411ce9b:b0x002:f0,context:gameplay.r01.p01,0x06B8,pattern:pc080sn:bd58f411ce9b3030,bd58f411ce9b3030067369db3c0fb2cf269289138ff0802c885ca5e24cc4fb6b,0x002,palette:arcade.r01p01.plane.bank_0x002.epoch_00,0,,739
usage:pb:e314b4d5cb58:b0x002:f0,context:gameplay.r01.p01,0x06B9,pattern:pc080sn:e314b4d5cb58913b,e314b4d5cb58913b0fee07219d74ba3b38fd16cbb308d4ee519c27265dad07a4,0x002,palette:arcade.r01p01.plane.bank_0x002.epoch_00,0,,411
usage:pb:3d90e385f91b:b0x002:f0,context:gameplay.r01.p01,0x06BA,pattern:pc080sn:3d90e385f91bc623,3d90e385f91bc623729c6c78c37b7b03589b4a7193108effc23b35644087779b,0x002,palette:arcade.r01p01.plane.bank_0x002.epoch_00,0,,411
usage:pb:420f57e2e4e8:b0x002:f0,context:gameplay.r01.p01,0x06BB,pattern:pc080sn:420f57e2e4e822db,420f57e2e4e822db9e73b77893c0300389ec7d19c28e8d08a335755a97e48f31,0x002,palette:arcade.r01p01.plane.bank_0x002.epoch_00,0,,50
usage:pb:1f834c4a3ea8:b0x002:f0,context:gameplay.r01.p01,0x06BC,pattern:pc080sn:1f834c4a3ea8467a,1f834c4a3ea8467ab753c54aea382a59b2f2f89a334fbdc59bb06e6f79e3a9d8,0x002,palette:arcade.r01p01.plane.bank_0x002.epoch_00,0,,38
usage:pb:193b6b90b40a:b0x002:f0,context:gameplay.r01.p01,0x06BD,pattern:pc080sn:193b6b90b40a0163,193b6b90b40a0163fdbf129321cc13914b9ed703550bdfbeaf1640d014c4047a,0x002,palette:arcade.r01p01.plane.bank_0x002.epoch_00,0,,50
usage:pb:111858c43bca:b0x002:f0,context:gameplay.r01.p01,0x06BE,pattern:pc080sn:111858c43bca0925,111858c43bca0925ac096a08b47a5ee9b7e57794f0ff1cab382ab44f010cdc75,0x002,palette:arcade.r01p01.plane.bank_0x002.epoch_00,0,,62
usage:pb:9d20d20fe459:b0x002:f0,context:gameplay.r01.p01,0x06BF,pattern:pc080sn:9d20d20fe459a338,9d20d20fe459a33825f56e759bec329b4330e980767a31a269a17e52281a266a,0x002,palette:arcade.r01p01.plane.bank_0x002.epoch_00,0,,739
usage:pb:324def8c7f6a:b0x002:f0,context:gameplay.r01.p01,0x06C0,pattern:pc080sn:324def8c7f6a3c3e,324def8c7f6a3c3e451f53fad4c08e2c22829f3a207657b960a2cae18872e1e5,0x002,palette:arcade.r01p01.plane.bank_0x002.epoch_00,0,,411
usage:pb:76bae42248fb:b0x002:f0,context:gameplay.r01.p01,0x06C1,pattern:pc080sn:76bae42248fb7d7d,76bae42248fb7d7d802157a375303407a9f20e9c6316be001187783423abee5f,0x002,palette:arcade.r01p01.plane.bank_0x002.epoch_00,0,,411
usage:pb:eb1f021157b7:b0x002:f0,context:gameplay.r01.p01,0x06C2,pattern:pc080sn:eb1f021157b79278,eb1f021157b7927825df938019ba0340815beaf2bd6d45fba36e51f614b432ab,0x002,palette:arcade.r01p01.plane.bank_0x002.epoch_00,0,,91
usage:pb:be93b6b35510:b0x002:f0,context:gameplay.r01.p01,0x06C3,pattern:pc080sn:be93b6b35510724c,be93b6b35510724c2c8520868c219b9d76e6b782517a8e5b559075984378a4c7,0x002,palette:arcade.r01p01.plane.bank_0x002.epoch_00,0,,50
usage:pb:36d408c3a570:b0x002:f0,context:gameplay.r01.p01,0x06C4,pattern:pc080sn:36d408c3a5700555,36d408c3a57005552c9e7f55e80a4e286c58073fe6cb78d1234bce7ef1476e08,0x002,palette:arcade.r01p01.plane.bank_0x002.epoch_00,0,,103
usage:pb:c583f9242e23:b0x002:f0,context:gameplay.r01.p01,0x06C5,pattern:pc080sn:c583f9242e23c625,c583f9242e23c62559fa687c59d34b403f4dee223f62e1e11846a4ee364a4ad0,0x002,palette:arcade.r01p01.plane.bank_0x002.epoch_00,0,,62
usage:pb:c5cfecc25318:b0x002:f0,context:gameplay.r01.p01,0x06C6,pattern:pc080sn:c5cfecc25318f913,c5cfecc25318f9134131dde531487e0b9ac54ee7a1d87569c58829da81eb4184,0x002,palette:arcade.r01p01.plane.bank_0x002.epoch_00,0,,103
usage:pb:c9d3c172ccf2:b0x002:f0,context:gameplay.r01.p01,0x06C7,pattern:pc080sn:c9d3c172ccf2e19b,c9d3c172ccf2e19b6de5701cf04da666248278003be5d5f02ce9fbd2e07824ae,0x002,palette:arcade.r01p01.plane.bank_0x002.epoch_00,0,,62
usage:pb:7fe59750848a:b0x002:f0,context:gameplay.r01.p01,0x06C8,pattern:pc080sn:7fe59750848a72fa,7fe59750848a72fa0a0cfc8f61f3f34a7018b2bff35020a0b01037649d132265,0x002,palette:arcade.r01p01.plane.bank_0x002.epoch_00,0,,103
usage:pb:7cd5c0d37ffc:b0x002:f0,context:gameplay.r01.p01,0x06C9,pattern:pc080sn:7cd5c0d37ffcba87,7cd5c0d37ffcba87c7395124cb071617061be982dda0dbad4d7078b7d57e88ec,0x002,palette:arcade.r01p01.plane.bank_0x002.epoch_00,0,,62
usage:pb:6e5782b8fab4:b0x002:f0,context:gameplay.r01.p01,0x06CA,pattern:pc080sn:6e5782b8fab4b222,6e5782b8fab4b222907f80afcc83bba38708760fd35ada01ede354d3cc99a3d8,0x002,palette:arcade.r01p01.plane.bank_0x002.epoch_00,0,,21
usage:pb:c527db229a57:b0x002:f0,context:gameplay.r01.p01,0x06CB,pattern:pc080sn:c527db229a574a36,c527db229a574a3655f2276073752ed20e4f1286dbc088e05e3c7ae69822e807,0x002,palette:arcade.r01p01.plane.bank_0x002.epoch_00,0,,21
usage:pb:fc08065949e5:b0x002:f0,context:gameplay.r01.p01,0x06CC,pattern:pc080sn:fc08065949e56c79,fc08065949e56c798e5c2f2322f0c2fc17142c54c25c54a2d6b8e4d59976ca90,0x002,palette:arcade.r01p01.plane.bank_0x002.epoch_00,0,,21
usage:pb:d302371036d6:b0x002:f0,context:gameplay.r01.p01,0x06CD,pattern:pc080sn:d302371036d65f64,d302371036d65f64156ebb1df416cb36ab312157a1df79187084891c23a2b4d8,0x002,palette:arcade.r01p01.plane.bank_0x002.epoch_00,0,,21
usage:pb:e82dcb9fbfbf:b0x002:f0,context:gameplay.r01.p01,0x06CE,pattern:pc080sn:e82dcb9fbfbf9bb5,e82dcb9fbfbf9bb59fd463d57323a2c817ac5bd19df7d9b9c3b4db573aa7ec7b,0x002,palette:arcade.r01p01.plane.bank_0x002.epoch_00,0,,28
usage:pb:5b3e3169ee76:b0x002:f0,context:gameplay.r01.p01,0x06CF,pattern:pc080sn:5b3e3169ee763b3c,5b3e3169ee763b3c3aef0d469296e1f6f8087c7d1901a388e66b8ab2e28bce88,0x002,palette:arcade.r01p01.plane.bank_0x002.epoch_00,0,,28
usage:pb:eb1048de4a81:b0x002:f0,context:gameplay.r01.p01,0x06D0,pattern:pc080sn:eb1048de4a81348b,eb1048de4a81348bfb5b7e79ceb017a937f69a207fec4337bf8f1609f0230132,0x002,palette:arcade.r01p01.plane.bank_0x002.epoch_00,0,,21
usage:pb:116e3487da22:b0x002:f0,context:gameplay.r01.p01,0x06D1,pattern:pc080sn:116e3487da22c5db,116e3487da22c5db398823d3788c8640c6725f853680e7cd6f98ec75a0b0f7a9,0x002,palette:arcade.r01p01.plane.bank_0x002.epoch_00,0,,21
usage:pb:53c25960a44c:b0x002:f0,context:gameplay.r01.p01,0x06D2,pattern:pc080sn:53c25960a44c0492,53c25960a44c0492c9c28d561c3a3cec7b44186a0e43a38fe052422af8cab73e,0x002,palette:arcade.r01p01.plane.bank_0x002.epoch_00,0,,21
usage:pb:e041bd1e4b06:b0x002:f0,context:gameplay.r01.p01,0x06D3,pattern:pc080sn:e041bd1e4b06bb94,e041bd1e4b06bb9440055095f3637591f93e5efbda274c8e93448157239c587a,0x002,palette:arcade.r01p01.plane.bank_0x002.epoch_00,0,,28
usage:pb:1238c8a61c90:b0x002:f0,context:gameplay.r01.p01,0x06D4,pattern:pc080sn:1238c8a61c904c33,1238c8a61c904c331f273732baebb17fd05473c625eec243e786831bcbeb81bc,0x002,palette:arcade.r01p01.plane.bank_0x002.epoch_00,0,,28
usage:pb:23bc7ebbbc80:b0x002:f0,context:gameplay.r01.p01,0x06D5,pattern:pc080sn:23bc7ebbbc8086dd,23bc7ebbbc8086dd267bdaa2c93cf24d2f259454ab85892dcf1a3847691ca543,0x002,palette:arcade.r01p01.plane.bank_0x002.epoch_00,0,,28
usage:pb:4b5cc539a503:b0x002:f0,context:gameplay.r01.p01,0x06D6,pattern:pc080sn:4b5cc539a50335f5,4b5cc539a50335f5d8219c48dc30ebbd12d4d3ec95c67f21f59efb0d10a1e232,0x002,palette:arcade.r01p01.plane.bank_0x002.epoch_00,0,,21
usage:pb:2a9b7d1725a2:b0x002:f0,context:gameplay.r01.p01,0x06D7,pattern:pc080sn:2a9b7d1725a2bd96,2a9b7d1725a2bd965fa16b6dcd412e8d736bf47b9a31837aa4d60bee8a739a52,0x002,palette:arcade.r01p01.plane.bank_0x002.epoch_00,0,,21
usage:pb:dfeb60605ed6:b0x002:f0,context:gameplay.r01.p01,0x06D8,pattern:pc080sn:dfeb60605ed6bee6,dfeb60605ed6bee645d7023224caec410b860ddd6da911c88727035031d05a99,0x002,palette:arcade.r01p01.plane.bank_0x002.epoch_00,0,,21
usage:pb:a1dba2dc75f2:b0x002:f0,context:gameplay.r01.p01,0x06D9,pattern:pc080sn:a1dba2dc75f24670,a1dba2dc75f24670933e601fd410f8030e3c118a992ef845bb837f195b78221b,0x002,palette:arcade.r01p01.plane.bank_0x002.epoch_00,0,,21
usage:pb:d7c65d5c1128:b0x002:f0,context:gameplay.r01.p01,0x06DA,pattern:pc080sn:d7c65d5c11280bb5,d7c65d5c11280bb53d847b3550121d09419d20895c14ea6140d2152b9fd8a3a0,0x002,palette:arcade.r01p01.plane.bank_0x002.epoch_00,0,,21
usage:pb:67a9c4797e75:b0x002:f0,context:gameplay.r01.p01,0x06DB,pattern:pc080sn:67a9c4797e75ae78,67a9c4797e75ae78bcfebc07f2f76379fbeca0be8750cb4614fdf439e1ff6446,0x002,palette:arcade.r01p01.plane.bank_0x002.epoch_00,0,,21
usage:pb:fbcaa57c9184:b0x002:f0,context:gameplay.r01.p01,0x06DC,pattern:pc080sn:fbcaa57c9184fd4a,fbcaa57c9184fd4a1a704060be33bd37c9eea34ddb9c0cb55553b915f5aa9136,0x002,palette:arcade.r01p01.plane.bank_0x002.epoch_00,0,,28
usage:pb:14cec7bbc5fb:b0x002:f0,context:gameplay.r01.p01,0x06DD,pattern:pc080sn:14cec7bbc5fbfa0e,14cec7bbc5fbfa0e82b131da403f8b3a46fc3711595143904e621b2ab63ecff3,0x002,palette:arcade.r01p01.plane.bank_0x002.epoch_00,0,,21
usage:pb:c0735674f609:b0x002:f0,context:gameplay.r01.p01,0x06DE,pattern:pc080sn:c0735674f6092928,c0735674f6092928c8c89cdfbac5e9e516224e9a5b4e125b2d6b11566bb6d184,0x002,palette:arcade.r01p01.plane.bank_0x002.epoch_00,0,,21
usage:pb:6c382bce8ecd:b0x002:f0,context:gameplay.r01.p01,0x06DF,pattern:pc080sn:6c382bce8ecd0547,6c382bce8ecd054785170ac54a6e53c226f72df3c302ab224d9c90d7898b2241,0x002,palette:arcade.r01p01.plane.bank_0x002.epoch_00,0,,21
usage:pb:3123ac87690c:b0x002:f0,context:gameplay.r01.p01,0x06E0,pattern:pc080sn:3123ac87690c3886,3123ac87690c3886a39f60005d6e2a63f1fd24d51fd82575dc60b45e55b636f2,0x002,palette:arcade.r01p01.plane.bank_0x002.epoch_00,0,,21
usage:pb:4c74e033ea2b:b0x002:f0,context:gameplay.r01.p01,0x06E1,pattern:pc080sn:4c74e033ea2b79a6,4c74e033ea2b79a6fb19be803b23612ec91a79fff89c3397c98b92dd7182107b,0x002,palette:arcade.r01p01.plane.bank_0x002.epoch_00,0,,21
usage:pb:1e0a1c644591:b0x002:f0,context:gameplay.r01.p01,0x06E2,pattern:pc080sn:1e0a1c644591ee5b,1e0a1c644591ee5b39ffa31cf6d19afdd3d31440371547bbddf7c51a98a549a0,0x002,palette:arcade.r01p01.plane.bank_0x002.epoch_00,0,,21
usage:pb:490e9ddc7133:b0x002:f0,context:gameplay.r01.p01,0x06E3,pattern:pc080sn:490e9ddc7133fb0f,490e9ddc7133fb0ff22ed52cb467287d0122aad332761142be2fb65d8972948b,0x002,palette:arcade.r01p01.plane.bank_0x002.epoch_00,0,,21
usage:pb:9e027aedce92:b0x002:f0,context:gameplay.r01.p01,0x06E4,pattern:pc080sn:9e027aedce928f5d,9e027aedce928f5d83b045ea8d98922446619f9b86dd2d4f75035a928b03b1d6,0x002,palette:arcade.r01p01.plane.bank_0x002.epoch_00,0,,21
usage:pb:f93ee23489fe:b0x002:f0,context:gameplay.r01.p01,0x06E5,pattern:pc080sn:f93ee23489fe9f3c,f93ee23489fe9f3c9aebaa7ea1402ff64ab4438eaeb60a876127cdd65ed63a78,0x002,palette:arcade.r01p01.plane.bank_0x002.epoch_00,0,,21
usage:pb:7a89720b1b9b:b0x002:f0,context:gameplay.r01.p01,0x06E6,pattern:pc080sn:7a89720b1b9bbd4f,7a89720b1b9bbd4f35961db02ab27e84e5f9fbadca92e9961283c488118c4add,0x002,palette:arcade.r01p01.plane.bank_0x002.epoch_00,0,,21
usage:pb:2d77cfc899c3:b0x002:f0,context:gameplay.r01.p01,0x06E7,pattern:pc080sn:2d77cfc899c3aef1,2d77cfc899c3aef112eb8a19b5cdfa6bcc58b04bdb1641fb56987b2c475ab17d,0x002,palette:arcade.r01p01.plane.bank_0x002.epoch_00,0,,28
usage:pb:576e022dd86a:b0x002:f0,context:gameplay.r01.p01,0x06E8,pattern:pc080sn:576e022dd86a7df6,576e022dd86a7df63d162bf7623d7f677620d80f27dd1936a0c0df23a5a57e8a,0x002,palette:arcade.r01p01.plane.bank_0x002.epoch_00,0,,21
usage:pb:d2ff358fdfdc:b0x002:f0,context:gameplay.r01.p01,0x06E9,pattern:pc080sn:d2ff358fdfdc8808,d2ff358fdfdc880856a550e4e241612286f85e3635d4a266bcbe1eb52bafd95c,0x002,palette:arcade.r01p01.plane.bank_0x002.epoch_00,0,,21
usage:pb:7affd0a971b4:b0x002:f0,context:gameplay.r01.p01,0x06EA,pattern:pc080sn:7affd0a971b4ec4b,7affd0a971b4ec4b97ddfd4ad55c17c9485f20d73b38fbe4342f94a9881cd7c6,0x002,palette:arcade.r01p01.plane.bank_0x002.epoch_00,0,,28
usage:pb:662d19c2524a:b0x002:f0,context:gameplay.r01.p01,0x06EB,pattern:pc080sn:662d19c2524a31ce,662d19c2524a31ce882ed533663594a058a45012112e8c43c1a7b295992eafb0,0x002,palette:arcade.r01p01.plane.bank_0x002.epoch_00,0,,21
usage:pb:8d619e82e1e8:b0x002:f0,context:gameplay.r01.p01,0x06EC,pattern:pc080sn:8d619e82e1e81c4b,8d619e82e1e81c4be1c4a6cb7644a4539819ae8c204760e334376383b4b8c2de,0x002,palette:arcade.r01p01.plane.bank_0x002.epoch_00,0,,21
usage:pb:dacfa9f919f9:b0x002:f0,context:gameplay.r01.p01,0x06ED,pattern:pc080sn:dacfa9f919f965db,dacfa9f919f965dbd5256b9de32b1dbabbde560353891327cf02404b8914f18a,0x002,palette:arcade.r01p01.plane.bank_0x002.epoch_00,0,,21
usage:pb:47b9df6e8b86:b0x002:f0,context:gameplay.r01.p01,0x06EE,pattern:pc080sn:47b9df6e8b86776b,47b9df6e8b86776b0222e46106e2d062a5eaf7db91cb389e5c086847c2605fb0,0x002,palette:arcade.r01p01.plane.bank_0x002.epoch_00,0,,21
usage:pb:4a0e70d9064a:b0x002:f0,context:gameplay.r01.p01,0x06EF,pattern:pc080sn:4a0e70d9064a00ba,4a0e70d9064a00ba75c74c1e0b5fdb0585357edf2b4b748bc38d54eaff87d3ff,0x002,palette:arcade.r01p01.plane.bank_0x002.epoch_00,0,,21
usage:pb:b1557a73277a:b0x002:f0,context:gameplay.r01.p01,0x06F0,pattern:pc080sn:b1557a73277a55d1,b1557a73277a55d1fbfba3079031daa97d2e6d2c01854e5b30d0686e00abe999,0x002,palette:arcade.r01p01.plane.bank_0x002.epoch_00,0,,21
usage:pb:dc846b62f607:b0x002:f0,context:gameplay.r01.p01,0x06F1,pattern:pc080sn:dc846b62f607f7a9,dc846b62f607f7a95316ea96e99684210f3cee4f47e35233e36a18d9e0e89ad8,0x002,palette:arcade.r01p01.plane.bank_0x002.epoch_00,0,,21
usage:pb:5d3387bdbb58:b0x002:f0,context:gameplay.r01.p01,0x06F2,pattern:pc080sn:5d3387bdbb583144,5d3387bdbb583144a3519c853c32b044760d0c63a3e79bf1c567cebe6c4ab182,0x002,palette:arcade.r01p01.plane.bank_0x002.epoch_00,0,,21
usage:pb:9787353164d0:b0x002:f0,context:gameplay.r01.p01,0x06F3,pattern:pc080sn:9787353164d0ef88,9787353164d0ef88036d1626615ca4966d90c3bb2729df7309ed80f0e61d6eae,0x002,palette:arcade.r01p01.plane.bank_0x002.epoch_00,0,,21
usage:pb:39511bc8dc8d:b0x002:f0,context:gameplay.r01.p01,0x06F4,pattern:pc080sn:39511bc8dc8d6e26,39511bc8dc8d6e263adb8554a4f62621c5aca3c874e466803685da418acc19e1,0x002,palette:arcade.r01p01.plane.bank_0x002.epoch_00,0,,21
usage:pb:95f9da2aa109:b0x002:f0,context:gameplay.r01.p01,0x06F5,pattern:pc080sn:95f9da2aa109b3b6,95f9da2aa109b3b664983c19c3cc90546e7357fa4fe5e4a9796e2c10b454a589,0x002,palette:arcade.r01p01.plane.bank_0x002.epoch_00,0,,21
usage:pb:fd2d20a395e0:b0x002:f0,context:gameplay.r01.p01,0x06F6,pattern:pc080sn:fd2d20a395e0f141,fd2d20a395e0f141a77f1a64311e5793df9d4de89feeb123528d71fa6f7abb0f,0x002,palette:arcade.r01p01.plane.bank_0x002.epoch_00,0,,21
usage:pb:35664e56404d:b0x002:f0,context:gameplay.r01.p01,0x06F7,pattern:pc080sn:35664e56404db81c,35664e56404db81ce48a98ff18f3570a1e2a8b4d9e06d21d0c9a27cc4f3a1815,0x002,palette:arcade.r01p01.plane.bank_0x002.epoch_00,0,,21
usage:pb:e73a1380bf3c:b0x002:f0,context:gameplay.r01.p01,0x06F8,pattern:pc080sn:e73a1380bf3c9ea5,e73a1380bf3c9ea5f13fda5e368adebc92211cc5190cd035899f4076d2dd4a2f,0x002,palette:arcade.r01p01.plane.bank_0x002.epoch_00,0,,21
usage:pb:b79b53471dda:b0x002:f0,context:gameplay.r01.p01,0x06F9,pattern:pc080sn:b79b53471ddaf717,b79b53471ddaf7179eacb5d87f13f7b69426bbe8f5a1317b160c96a78d6c75c8,0x002,palette:arcade.r01p01.plane.bank_0x002.epoch_00,0,,21
usage:pb:0ff922fc80ca:b0x002:f0,context:gameplay.r01.p01,0x06FA,pattern:pc080sn:0ff922fc80ca0ff3,0ff922fc80ca0ff378fe5b3f83ff048e057e99937ac7d859fb08100ba10ad23f,0x002,palette:arcade.r01p01.plane.bank_0x002.epoch_00,0,,21
usage:pb:82bb81de120e:b0x002:f0,context:gameplay.r01.p01,0x06FB,pattern:pc080sn:82bb81de120e244a,82bb81de120e244a36ff9a0399fc092894a1f367b2fa23782440b8409157fcdc,0x002,palette:arcade.r01p01.plane.bank_0x002.epoch_00,0,,21
usage:pb:2109b640dec7:b0x002:f0,context:gameplay.r01.p01,0x06FC,pattern:pc080sn:2109b640dec7c1c7,2109b640dec7c1c7276c0c7e60891e037dace6ee04fb4f3e939176917eafcbdc,0x002,palette:arcade.r01p01.plane.bank_0x002.epoch_00,0,,21
usage:pb:5f26e3fb985c:b0x002:f0,context:gameplay.r01.p01,0x06FD,pattern:pc080sn:5f26e3fb985cf6e3,5f26e3fb985cf6e3e122924699f6444b2690d5a73cc41f8c6699f1e945096430,0x002,palette:arcade.r01p01.plane.bank_0x002.epoch_00,0,,21
usage:pb:3ac54126fe23:b0x002:f0,context:gameplay.r01.p01,0x06FE,pattern:pc080sn:3ac54126fe239256,3ac54126fe23925640d386fb8a60bcaf4ee4b35a7593c4f1ea88137bf800e20b,0x002,palette:arcade.r01p01.plane.bank_0x002.epoch_00,0,,21
usage:pb:0150ff089b14:b0x002:f0,context:gameplay.r01.p01,0x06FF,pattern:pc080sn:0150ff089b141a7c,0150ff089b141a7c18020f350c81677ebfb955f05135bdd4895576192465f530,0x002,palette:arcade.r01p01.plane.bank_0x002.epoch_00,0,,21
usage:pb:a8d8adab70cb:b0x002:f0,context:gameplay.r01.p01,0x0700,pattern:pc080sn:a8d8adab70cbc70d,a8d8adab70cbc70d1894cc37c1602908d7d59db6bdbc86f039533a9f231d49e7,0x002,palette:arcade.r01p01.plane.bank_0x002.epoch_00,0,,21
usage:pb:5836d894d7c4:b0x002:f0,context:gameplay.r01.p01,0x0701,pattern:pc080sn:5836d894d7c43a43,5836d894d7c43a4309819608743b83e24f95409bf5dd6bb4127fabf3544c12b0,0x002,palette:arcade.r01p01.plane.bank_0x002.epoch_00,0,,21
usage:pb:9362392968a0:b0x002:f0,context:gameplay.r01.p01,0x0702,pattern:pc080sn:9362392968a0e804,9362392968a0e804a1ff8c39efa1a431421e372d3c4b52f841032f2fc655de5d,0x002,palette:arcade.r01p01.plane.bank_0x002.epoch_00,0,,21
usage:pb:22946696b19d:b0x002:f0,context:gameplay.r01.p01,0x0703,pattern:pc080sn:22946696b19d969f,22946696b19d969f91c57cdf884dc2b3198481f53c347747c6813e23f8e64449,0x002,palette:arcade.r01p01.plane.bank_0x002.epoch_00,0,,21
usage:pb:e1e7aacd3a1f:b0x002:f0,context:gameplay.r01.p01,0x0704,pattern:pc080sn:e1e7aacd3a1f24eb,e1e7aacd3a1f24eb5a3245963ebb14a617c983a2068c7f097169f01c4f4836eb,0x002,palette:arcade.r01p01.plane.bank_0x002.epoch_00,0,,21
usage:pb:6ef3f059f0a5:b0x002:f0,context:gameplay.r01.p01,0x0705,pattern:pc080sn:6ef3f059f0a5c1af,6ef3f059f0a5c1af3aa74b19ad4d5d94cf94447c5f03c5b942c44f28b42abd28,0x002,palette:arcade.r01p01.plane.bank_0x002.epoch_00,0,,21
usage:pb:65a0aa16bdf1:b0x002:f0,context:gameplay.r01.p01,0x0706,pattern:pc080sn:65a0aa16bdf11ff3,65a0aa16bdf11ff36ce0839536a35dcfcc0ce0e58fffc1d08ee490103d29f8d8,0x002,palette:arcade.r01p01.plane.bank_0x002.epoch_00,0,,21
usage:pb:a866a4ca8d43:b0x002:f0,context:gameplay.r01.p01,0x0707,pattern:pc080sn:a866a4ca8d439021,a866a4ca8d439021faeebe288acb9222cacfb231e5aa157cf7d2c7743629027e,0x002,palette:arcade.r01p01.plane.bank_0x002.epoch_00,0,,42
usage:pb:9e16a7f17789:b0x002:f0,context:gameplay.r01.p01,0x0708,pattern:pc080sn:9e16a7f17789e61e,9e16a7f17789e61e982e56ba14fd885babc0396eca6b6d2d41cdf30957854033,0x002,palette:arcade.r01p01.plane.bank_0x002.epoch_00,0,,42
usage:pb:fedce43e1429:b0x002:f0,context:gameplay.r01.p01,0x0709,pattern:pc080sn:fedce43e1429f096,fedce43e1429f0961310d226dfc4785f0bd84609ca4801d4c8c32cb85642da45,0x002,palette:arcade.r01p01.plane.bank_0x002.epoch_00,0,,42
usage:pb:618c43282e36:b0x002:f0,context:gameplay.r01.p01,0x070A,pattern:pc080sn:618c43282e362482,618c43282e3624827705eb1fcc05d206976b52d05b44de3540b720d2cd749365,0x002,palette:arcade.r01p01.plane.bank_0x002.epoch_00,0,,30
usage:pb:f914578cb433:b0x002:f0,context:gameplay.r01.p01,0x070B,pattern:pc080sn:f914578cb433336c,f914578cb433336c133037c891be4d084562d5ad0745ff080df0c00523d68ccc,0x002,palette:arcade.r01p01.plane.bank_0x002.epoch_00,0,,42
usage:pb:5716aa55837d:b0x002:f0,context:gameplay.r01.p01,0x070C,pattern:pc080sn:5716aa55837dd22f,5716aa55837dd22f0108c9cedc43c2eb4f41363630a782ac0bcd8d0a9b6f1b58,0x002,palette:arcade.r01p01.plane.bank_0x002.epoch_00,0,,42
usage:pb:3e781dbcf4f0:b0x002:f0,context:gameplay.r01.p01,0x070D,pattern:pc080sn:3e781dbcf4f0fe32,3e781dbcf4f0fe326e179ef72789304e32648d41209a5383e980b93894ae2840,0x002,palette:arcade.r01p01.plane.bank_0x002.epoch_00,0,,42
usage:pb:166a198c0920:b0x002:f0,context:gameplay.r01.p01,0x070E,pattern:pc080sn:166a198c0920d7f4,166a198c0920d7f488e6a2c1b97568e8c29596d8d762a158b05723b90bf93a9e,0x002,palette:arcade.r01p01.plane.bank_0x002.epoch_00,0,,30
usage:pb:383b71b102bb:b0x002:f0,context:gameplay.r01.p01,0x070F,pattern:pc080sn:383b71b102bbf20b,383b71b102bbf20b5002993c2f538748c63eb960c74a94ad662814bde16dd466,0x002,palette:arcade.r01p01.plane.bank_0x002.epoch_00,0,,42
usage:pb:bd21d3963b19:b0x002:f0,context:gameplay.r01.p01,0x0710,pattern:pc080sn:bd21d3963b1976ac,bd21d3963b1976ac9d2665700c14407090965ed79e074970f4c9a4d330d0b046,0x002,palette:arcade.r01p01.plane.bank_0x002.epoch_00,0,,42
usage:pb:5672c3f342cf:b0x002:f0,context:gameplay.r01.p01,0x0711,pattern:pc080sn:5672c3f342cfc393,5672c3f342cfc393bcbb620d929772c1371804a6e908edd6246b302aa0f83026,0x002,palette:arcade.r01p01.plane.bank_0x002.epoch_00,0,,42
usage:pb:63d5c0521511:b0x002:f0,context:gameplay.r01.p01,0x0712,pattern:pc080sn:63d5c0521511805a,63d5c0521511805ac968be012f8bfe1079b360f07bec7ca4a717bdb68016b094,0x002,palette:arcade.r01p01.plane.bank_0x002.epoch_00,0,,12
usage:pb:66139bd6fb6c:b0x002:f0,context:gameplay.r01.p01,0x0713,pattern:pc080sn:66139bd6fb6c0188,66139bd6fb6c0188225b1171c50e69469ee6e2535f3341eb5d235f99cbce28f1,0x002,palette:arcade.r01p01.plane.bank_0x002.epoch_00,0,,12
usage:pb:88eea337f275:b0x002:f0,context:gameplay.r01.p01,0x0714,pattern:pc080sn:88eea337f275e87b,88eea337f275e87b4552e952342c48cb0de41ed80170ceff07d584e04101e990,0x002,palette:arcade.r01p01.plane.bank_0x002.epoch_00,0,,12
usage:pb:4acc3d2cc9d0:b0x002:f0,context:gameplay.r01.p01,0x0715,pattern:pc080sn:4acc3d2cc9d09ede,4acc3d2cc9d09ede7d396db8ddd86327ef42d78926196d841d6aebe0c5f497c7,0x002,palette:arcade.r01p01.plane.bank_0x002.epoch_00,0,,42
usage:pb:1989565d117c:b0x002:f0,context:gameplay.r01.p01,0x0716,pattern:pc080sn:1989565d117cb59d,1989565d117cb59d5a3611aaea071f11f206b2bc8475762e53caf303d16009ad,0x002,palette:arcade.r01p01.plane.bank_0x002.epoch_00,0,,42
usage:pb:28fb60e06821:b0x002:f0,context:gameplay.r01.p01,0x0717,pattern:pc080sn:28fb60e06821ff9f,28fb60e06821ff9f4e1510479c6eb674f6bbbfc6c60fa6aacf6964d37be29229,0x002,palette:arcade.r01p01.plane.bank_0x002.epoch_00,0,,12
usage:pb:412a9e39c326:b0x002:f0,context:gameplay.r01.p01,0x0718,pattern:pc080sn:412a9e39c326a8ce,412a9e39c326a8ceb88786b44d04e9f6546f1b697ddc9eea77872ceca78c30b3,0x002,palette:arcade.r01p01.plane.bank_0x002.epoch_00,0,,12
usage:pb:e9319aba355f:b0x002:f0,context:gameplay.r01.p01,0x0719,pattern:pc080sn:e9319aba355f431c,e9319aba355f431c076b50156625b403433771bd5e8c8b9407841234099dc05f,0x002,palette:arcade.r01p01.plane.bank_0x002.epoch_00,0,,12
usage:pb:01c1aeb04d4a:b0x002:f0,context:gameplay.r01.p01,0x071A,pattern:pc080sn:01c1aeb04d4ac5f5,01c1aeb04d4ac5f5db36e45f04784cf512a0e4e470fe3145d8a5c657c9e23d69,0x002,palette:arcade.r01p01.plane.bank_0x002.epoch_00,0,,12
usage:pb:75b076dcdbcd:b0x002:f0,context:gameplay.r01.p01,0x071B,pattern:pc080sn:75b076dcdbcd15bc,75b076dcdbcd15bc084496ceeb1cfffd392d2102b5faaa764ff3cb8dec40e708,0x002,palette:arcade.r01p01.plane.bank_0x002.epoch_00,0,,12
usage:pb:335481d419f3:b0x002:f0,context:gameplay.r01.p01,0x071C,pattern:pc080sn:335481d419f381af,335481d419f381afdc5cd60bde8b84059674adc7b7eb47481af975af97a23570,0x002,palette:arcade.r01p01.plane.bank_0x002.epoch_00,0,,12
usage:pb:c481b1250f31:b0x002:f0,context:gameplay.r01.p01,0x071D,pattern:pc080sn:c481b1250f31e9b3,c481b1250f31e9b38f55603b401823a976603c4f516e76f8743ca7d47c932bf1,0x002,palette:arcade.r01p01.plane.bank_0x002.epoch_00,0,,12
usage:pb:9f5cf1a6ef8d:b0x002:f0,context:gameplay.r01.p01,0x071E,pattern:pc080sn:9f5cf1a6ef8dcfe1,9f5cf1a6ef8dcfe196578391171fb6adacab410fbb73ce0e99e2b46cf05b5742,0x002,palette:arcade.r01p01.plane.bank_0x002.epoch_00,0,,12
usage:pb:045462819832:b0x002:f0,context:gameplay.r01.p01,0x071F,pattern:pc080sn:045462819832bc05,045462819832bc054f8331663ba6e0a7682d728f4fdb7aa2c878fcae71a68e27,0x002,palette:arcade.r01p01.plane.bank_0x002.epoch_00,0,,12
usage:pb:058b4d82e781:b0x002:f0,context:gameplay.r01.p01,0x0720,pattern:pc080sn:058b4d82e781a72a,058b4d82e781a72ae20107db8790a85ba606fa15d5081d39c975f31bf83dbad5,0x002,palette:arcade.r01p01.plane.bank_0x002.epoch_00,0,,12
usage:pb:ea57f25d06ca:b0x002:f0,context:gameplay.r01.p01,0x0721,pattern:pc080sn:ea57f25d06caab59,ea57f25d06caab5973b12b1ce1d8f14c8d2f208b76dee7a0aa9623b30cc7709d,0x002,palette:arcade.r01p01.plane.bank_0x002.epoch_00,0,,12
usage:pb:dfc9efc69dc1:b0x002:f0,context:gameplay.r01.p01,0x0722,pattern:pc080sn:dfc9efc69dc1ec74,dfc9efc69dc1ec7487c25939e7c075665edae9ecbf3ee3fbc2a91c1b96c324fe,0x002,palette:arcade.r01p01.plane.bank_0x002.epoch_00,0,,12
usage:pb:8300a8f8bb78:b0x002:f0,context:gameplay.r01.p01,0x0723,pattern:pc080sn:8300a8f8bb78b137,8300a8f8bb78b13714752c5ebcf20556ab41465ef99b0a116d0cb9fadddd5302,0x002,palette:arcade.r01p01.plane.bank_0x002.epoch_00,0,,12
usage:pb:1870a5999059:b0x002:f0,context:gameplay.r01.p01,0x0724,pattern:pc080sn:1870a5999059b006,1870a5999059b0060e637c78b384f8f3438ac3d58208bcb024cd61456df7a98e,0x002,palette:arcade.r01p01.plane.bank_0x002.epoch_00,0,,12
usage:pb:5bd0ee9130ca:b0x002:f0,context:gameplay.r01.p01,0x0725,pattern:pc080sn:5bd0ee9130cad6f1,5bd0ee9130cad6f1083ca5946e39cea82eed62e7c4d9e82abba1cf2ca30806b7,0x002,palette:arcade.r01p01.plane.bank_0x002.epoch_00,0,,12
usage:pb:f1d98ecd3c6f:b0x002:f0,context:gameplay.r01.p01,0x0726,pattern:pc080sn:f1d98ecd3c6f4396,f1d98ecd3c6f4396c71ee3ecc10c39cd887cd0c94added32602cf7eea62399d6,0x002,palette:arcade.r01p01.plane.bank_0x002.epoch_00,0,,12
usage:pb:7a9f5582d92f:b0x002:f0,context:gameplay.r01.p01,0x0727,pattern:pc080sn:7a9f5582d92fb36a,7a9f5582d92fb36a0962c342dc4fad8b5088a5e078c37284c4e77d364c35998a,0x002,palette:arcade.r01p01.plane.bank_0x002.epoch_00,0,,12
usage:pb:f273d054419e:b0x002:f0,context:gameplay.r01.p01,0x0728,pattern:pc080sn:f273d054419ea573,f273d054419ea573531d94aa88a7e60174893d8762272a8a1cf7454c357af19c,0x002,palette:arcade.r01p01.plane.bank_0x002.epoch_00,0,,12
usage:pb:632034d178ad:b0x002:f0,context:gameplay.r01.p01,0x0729,pattern:pc080sn:632034d178ad4a07,632034d178ad4a07dc07e484bdd59438c8826ddd75fa66a449cfa75abbe76401,0x002,palette:arcade.r01p01.plane.bank_0x002.epoch_00,0,,14
usage:pb:4c957b41a64a:b0x002:f0,context:gameplay.r01.p01,0x072A,pattern:pc080sn:4c957b41a64abb79,4c957b41a64abb79c3d3d384b015854817e34acc29a1e136cf1d8f7e1d830524,0x002,palette:arcade.r01p01.plane.bank_0x002.epoch_00,0,,14
usage:pb:410bff0042e3:b0x002:f0,context:gameplay.r01.p01,0x072B,pattern:pc080sn:410bff0042e30737,410bff0042e307374e7a1c2db1f86fd18c41e823168cf52698293fbd1584889f,0x002,palette:arcade.r01p01.plane.bank_0x002.epoch_00,0,,14
usage:pb:9e1f4a3af756:b0x002:f0,context:gameplay.r01.p01,0x072C,pattern:pc080sn:9e1f4a3af7569e61,9e1f4a3af7569e6191fb41a76cfbe9bff6432e6937cc14eed3d8817f72443c07,0x002,palette:arcade.r01p01.plane.bank_0x002.epoch_00,0,,14
usage:pb:49c317d4bca8:b0x002:f0,context:gameplay.r01.p01,0x072D,pattern:pc080sn:49c317d4bca86972,49c317d4bca86972a3ac869e84c91cb4f765969ccc78eda0506b25bf0e347972,0x002,palette:arcade.r01p01.plane.bank_0x002.epoch_00,0,,14
usage:pb:593557f985d9:b0x002:f0,context:gameplay.r01.p01,0x072E,pattern:pc080sn:593557f985d9b605,593557f985d9b605b5bf9c8e638a01c5d2f56c147a998c5a69b3ed82c9a9a41d,0x002,palette:arcade.r01p01.plane.bank_0x002.epoch_00,0,,14
usage:pb:dcb3bde06c3a:b0x002:f0,context:gameplay.r01.p01,0x072F,pattern:pc080sn:dcb3bde06c3a73b3,dcb3bde06c3a73b34ffe7a020bbcb50b3c2e6ea91499eff2bd026135893a78fe,0x002,palette:arcade.r01p01.plane.bank_0x002.epoch_00,0,,14
usage:pb:935643924d66:b0x002:f0,context:gameplay.r01.p01,0x0730,pattern:pc080sn:935643924d660df8,935643924d660df8154452bf177c2f5f6a0ea2204ec92aedf8b452b0c7f6ab53,0x002,palette:arcade.r01p01.plane.bank_0x002.epoch_00,0,,14
usage:pb:c8d75c172c09:b0x002:f0,context:gameplay.r01.p01,0x0731,pattern:pc080sn:c8d75c172c0970fc,c8d75c172c0970fcc4b4571160582b822090bd2bd750da95c1603a267598a003,0x002,palette:arcade.r01p01.plane.bank_0x002.epoch_00,0,,14
usage:pb:c3fc17bee2e6:b0x002:f0,context:gameplay.r01.p01,0x0732,pattern:pc080sn:c3fc17bee2e68858,c3fc17bee2e6885874f6aeec4e6944c045b7b899eb34f9c364ec616326223b35,0x002,palette:arcade.r01p01.plane.bank_0x002.epoch_00,0,,14
usage:pb:cba5d05af8a9:b0x002:f0,context:gameplay.r01.p01,0x0733,pattern:pc080sn:cba5d05af8a9015f,cba5d05af8a9015fbbc05f879cb8757d5e6b217bb9444392265153ff7e6abf8d,0x002,palette:arcade.r01p01.plane.bank_0x002.epoch_00,0,,14
usage:pb:9a95d1d1dd7a:b0x002:f0,context:gameplay.r01.p01,0x0734,pattern:pc080sn:9a95d1d1dd7a50ed,9a95d1d1dd7a50ed5056fc46f02754d34933714de847512b71c37c129193d090,0x002,palette:arcade.r01p01.plane.bank_0x002.epoch_00,0,,14
usage:pb:48fa3d5c3310:b0x002:f0,context:gameplay.r01.p01,0x0735,pattern:pc080sn:48fa3d5c3310b684,48fa3d5c3310b684dc9ad3c5890b040b59f2748b3553623ef3739cffdf120f72,0x002,palette:arcade.r01p01.plane.bank_0x002.epoch_00,0,,14
usage:pb:bb904a7da3be:b0x002:f0,context:gameplay.r01.p01,0x0736,pattern:pc080sn:bb904a7da3bead76,bb904a7da3bead76c74f8f8e729713d0beffd769f31f6171e5ec25c990a54f8c,0x002,palette:arcade.r01p01.plane.bank_0x002.epoch_00,0,,14
usage:pb:b4f41a1e8ef5:b0x002:f0,context:gameplay.r01.p01,0x0737,pattern:pc080sn:b4f41a1e8ef5bf82,b4f41a1e8ef5bf8266c85930319c9ec8ed3d1ca41e622d4906775a41f8c88c53,0x002,palette:arcade.r01p01.plane.bank_0x002.epoch_00,0,,14
usage:pb:76d28ff3f8ce:b0x002:f0,context:gameplay.r01.p01,0x0738,pattern:pc080sn:76d28ff3f8ce0125,76d28ff3f8ce0125b94245ffeabfc9d09685a84d37b89af907721a58b28d263b,0x002,palette:arcade.r01p01.plane.bank_0x002.epoch_00,0,,14
usage:pb:44289c800c27:b0x002:f0,context:gameplay.r01.p01,0x0739,pattern:pc080sn:44289c800c27cce2,44289c800c27cce2fc97632a6f5e343393ddf4a794a44c75bcbbf2cbbd7b0212,0x002,palette:arcade.r01p01.plane.bank_0x002.epoch_00,0,,14
usage:pb:92dd9163d274:b0x002:f0,context:gameplay.r01.p01,0x073A,pattern:pc080sn:92dd9163d2742289,92dd9163d2742289bd5487f500ae9ddb4b5e87fdf10c0f23891873826d5f4e2a,0x002,palette:arcade.r01p01.plane.bank_0x002.epoch_00,0,,18
usage:pb:91680ad2e4df:b0x002:f0,context:gameplay.r01.p01,0x073B,pattern:pc080sn:91680ad2e4dfbf44,91680ad2e4dfbf44914e2bf72790caa8648ef2a7d03238ca606af003713c9eb7,0x002,palette:arcade.r01p01.plane.bank_0x002.epoch_00,0,,18
usage:pb:19c1a923cc0e:b0x002:f0,context:gameplay.r01.p01,0x073C,pattern:pc080sn:19c1a923cc0e7012,19c1a923cc0e70121b286065ff77f4d482dd08f2f4cfd634f83449d4ab97fdf6,0x002,palette:arcade.r01p01.plane.bank_0x002.epoch_00,0,,18
usage:pb:385323ca961a:b0x002:f0,context:gameplay.r01.p01,0x073D,pattern:pc080sn:385323ca961a81e0,385323ca961a81e0f9bfcdb12cba06a9abcd119b25db6d293f4ec1db58d558bd,0x002,palette:arcade.r01p01.plane.bank_0x002.epoch_00,0,,7
usage:pb:9b91e7f9fcab:b0x002:f0,context:gameplay.r01.p01,0x073E,pattern:pc080sn:9b91e7f9fcabaaa7,9b91e7f9fcabaaa79dc6cccce2100f45be09b9255b28b43d73c0f02480bcf96b,0x002,palette:arcade.r01p01.plane.bank_0x002.epoch_00,0,,7
usage:pb:5673341c1534:b0x002:f0,context:gameplay.r01.p01,0x073F,pattern:pc080sn:5673341c15348829,5673341c1534882978e196cf686b28180a8914f9356ba19d665cc857a850f18e,0x002,palette:arcade.r01p01.plane.bank_0x002.epoch_00,0,,7
usage:pb:7c8b5fec50a9:b0x002:f0,context:gameplay.r01.p01,0x0740,pattern:pc080sn:7c8b5fec50a93a16,7c8b5fec50a93a16e2c4f6a790a542622a2405b7c060c2a52afc05930f9cbcca,0x002,palette:arcade.r01p01.plane.bank_0x002.epoch_00,0,,7
usage:pb:bf8396e125c3:b0x002:f0,context:gameplay.r01.p01,0x0741,pattern:pc080sn:bf8396e125c33d33,bf8396e125c33d33706b1299d81f8459b458bee45f1440482754872d19061ae8,0x002,palette:arcade.r01p01.plane.bank_0x002.epoch_00,0,,14
usage:pb:3238f61b9044:b0x002:f0,context:gameplay.r01.p01,0x0742,pattern:pc080sn:3238f61b9044517e,3238f61b9044517e03222f9a076f4b75f1bda34c4a33b4cb4ebd980f513b02fa,0x002,palette:arcade.r01p01.plane.bank_0x002.epoch_00,0,,14
usage:pb:e604c67cf2bb:b0x002:f0,context:gameplay.r01.p01,0x0743,pattern:pc080sn:e604c67cf2bb3993,e604c67cf2bb39939f670e277ba25c42783747b00fe8e7dfdd5a1ca6016eb994,0x002,palette:arcade.r01p01.plane.bank_0x002.epoch_00,0,,7
usage:pb:d329ba555f23:b0x002:f0,context:gameplay.r01.p01,0x0744,pattern:pc080sn:d329ba555f23cca7,d329ba555f23cca781a848cbc4cab59a2e7b8215197892ec4dca374575315609,0x002,palette:arcade.r01p01.plane.bank_0x002.epoch_00,0,,7
usage:pb:1bdece0783e3:b0x002:f0,context:gameplay.r01.p01,0x0745,pattern:pc080sn:1bdece0783e3c76f,1bdece0783e3c76fa5a1e82a6c66f75c427d77769668ccd5d0afd44837c3359d,0x002,palette:arcade.r01p01.plane.bank_0x002.epoch_00,0,,7
usage:pb:f3bf0ef7ca78:b0x002:f0,context:gameplay.r01.p01,0x0746,pattern:pc080sn:f3bf0ef7ca78bbdf,f3bf0ef7ca78bbdfe38ae0572027dd29f53bb448b96927e16c32f0369ca8d95c,0x002,palette:arcade.r01p01.plane.bank_0x002.epoch_00,0,,14
usage:pb:83abe882adcf:b0x002:f0,context:gameplay.r01.p01,0x0747,pattern:pc080sn:83abe882adcfc627,83abe882adcfc627c895a8642490a28cd001ee8b84e0efd923c91627618e9a08,0x002,palette:arcade.r01p01.plane.bank_0x002.epoch_00,0,,14
usage:pb:d1637c331f0a:b0x002:f0,context:gameplay.r01.p01,0x0748,pattern:pc080sn:d1637c331f0a7cef,d1637c331f0a7cef1cadd651c7a9b98b5e1b19d5928adb2a7277bcca157fa43c,0x002,palette:arcade.r01p01.plane.bank_0x002.epoch_00,0,,7
usage:pb:2e46cacfa275:b0x002:f0,context:gameplay.r01.p01,0x0749,pattern:pc080sn:2e46cacfa2753beb,2e46cacfa2753beb4f080e9467e790b12492522ae253df2c36b53e77584a2f32,0x002,palette:arcade.r01p01.plane.bank_0x002.epoch_00,0,,7
usage:pb:95af200a6a1e:b0x002:f0,context:gameplay.r01.p01,0x074A,pattern:pc080sn:95af200a6a1e664b,95af200a6a1e664bad11c58d8542af2d43e6d9e873554c2d110c3f630db0e1ef,0x002,palette:arcade.r01p01.plane.bank_0x002.epoch_00,0,,7
usage:pb:7cec17a802a2:b0x002:f0,context:gameplay.r01.p01,0x074B,pattern:pc080sn:7cec17a802a2eba8,7cec17a802a2eba8dff1e76cbb7bebb17e3ecc9d6aece1674ef458e0e5cef3c5,0x002,palette:arcade.r01p01.plane.bank_0x002.epoch_00,0,,7
usage:pb:e7a4c15c2020:b0x002:f0,context:gameplay.r01.p01,0x074C,pattern:pc080sn:e7a4c15c202068fe,e7a4c15c202068fe695973dcc9c088071ff704ccbb3f284290d2e07c50be1e09,0x002,palette:arcade.r01p01.plane.bank_0x002.epoch_00,0,,7
usage:pb:a11655939792:b0x002:f0,context:gameplay.r01.p01,0x074D,pattern:pc080sn:a11655939792890e,a11655939792890e56fe6acdbafa05786b33d8a647ed4f97a92ed97b0ff65041,0x002,palette:arcade.r01p01.plane.bank_0x002.epoch_00,0,,7
usage:pb:9e04385950fd:b0x002:f0,context:gameplay.r01.p01,0x074E,pattern:pc080sn:9e04385950fd95a0,9e04385950fd95a0fa41643cf3481c4b7a488eac98f2b523a69239861ec26632,0x002,palette:arcade.r01p01.plane.bank_0x002.epoch_00,0,,7
usage:pb:91c55cdc5ee7:b0x002:f0,context:gameplay.r01.p01,0x074F,pattern:pc080sn:91c55cdc5ee7cd03,91c55cdc5ee7cd03127eda5777b88eddb4725394f0d6e8c58d6ad5f5390e3d12,0x002,palette:arcade.r01p01.plane.bank_0x002.epoch_00,0,,7
usage:pb:5eb454a91223:b0x002:f0,context:gameplay.r01.p01,0x0750,pattern:pc080sn:5eb454a91223f6f2,5eb454a91223f6f2cdcad61a82bdc99d1810ef784119dd63dff9392a2b0e8a44,0x002,palette:arcade.r01p01.plane.bank_0x002.epoch_00,0,,7
usage:pb:ccf470fada55:b0x002:f0,context:gameplay.r01.p01,0x0751,pattern:pc080sn:ccf470fada554c6b,ccf470fada554c6b2e14a3886438ea3d87628e9c4f2b7ce5aa0c5e615bffa5d4,0x002,palette:arcade.r01p01.plane.bank_0x002.epoch_00,0,,7
usage:pb:51573aa3df0e:b0x002:f0,context:gameplay.r01.p01,0x0752,pattern:pc080sn:51573aa3df0e2fec,51573aa3df0e2feca8433c9b313294ee7e054a6d2361b8d7baac064ec71afb35,0x002,palette:arcade.r01p01.plane.bank_0x002.epoch_00,0,,7
usage:pb:d57af723bc1f:b0x002:f0,context:gameplay.r01.p01,0x0753,pattern:pc080sn:d57af723bc1f93cb,d57af723bc1f93cb1a5d2be81696b1a7ac7ded39e281a2649a0a7aa1972e50c6,0x002,palette:arcade.r01p01.plane.bank_0x002.epoch_00,0,,7
usage:pb:6b2394b0efb4:b0x002:f0,context:gameplay.r01.p01,0x0754,pattern:pc080sn:6b2394b0efb4ea30,6b2394b0efb4ea30677da5e039a4483bdbc36ea22e466887cc230e19ce5e9d1e,0x002,palette:arcade.r01p01.plane.bank_0x002.epoch_00,0,,7
usage:pb:ba4365a5f201:b0x002:f0,context:gameplay.r01.p01,0x0755,pattern:pc080sn:ba4365a5f201008a,ba4365a5f201008a8e4c58e3363d0942720afdfd14e6da66d675763ac7af9e73,0x002,palette:arcade.r01p01.plane.bank_0x002.epoch_00,0,,7
usage:pb:dd13415f1628:b0x002:f0,context:gameplay.r01.p01,0x0756,pattern:pc080sn:dd13415f162880f1,dd13415f162880f1dfaf87d493ca90ea8d8f92795283227a96840d5ef3195bb0,0x002,palette:arcade.r01p01.plane.bank_0x002.epoch_00,0,,7
usage:pb:55ab97806222:b0x002:f0,context:gameplay.r01.p01,0x0757,pattern:pc080sn:55ab978062229dd4,55ab978062229dd402a89ce399171c787a33bbb88b65ab5b5a9bbdce39dd6e64,0x002,palette:arcade.r01p01.plane.bank_0x002.epoch_00,0,,7
usage:pb:f8472eec1573:b0x002:f0,context:gameplay.r01.p01,0x0758,pattern:pc080sn:f8472eec15730030,f8472eec15730030ecc28b7e854987082a15d91180b1d40dc146a8d1d1c1ea9e,0x002,palette:arcade.r01p01.plane.bank_0x002.epoch_00,0,,7
usage:pb:e27348463bab:b0x002:f0,context:gameplay.r01.p01,0x0759,pattern:pc080sn:e27348463bab53fb,e27348463bab53fbf81d6ab7a4127bdc265a4d3bf84cf1d88a14bc5f83d8468b,0x002,palette:arcade.r01p01.plane.bank_0x002.epoch_00,0,,7
usage:pb:48cb5f7c1fc3:b0x002:f0,context:gameplay.r01.p01,0x075A,pattern:pc080sn:48cb5f7c1fc315d9,48cb5f7c1fc315d9b7e7ee0846fb93378d4d844000bc4baf2412cddcc6f2737a,0x002,palette:arcade.r01p01.plane.bank_0x002.epoch_00,0,,7
usage:pb:627a0e70510e:b0x002:f0,context:gameplay.r01.p01,0x075B,pattern:pc080sn:627a0e70510e3b7d,627a0e70510e3b7d5969dcd10051fee18557785241e981e2d953fe51d441057d,0x002,palette:arcade.r01p01.plane.bank_0x002.epoch_00,0,,7
usage:pb:5b52fc5d10e1:b0x002:f0,context:gameplay.r01.p01,0x075C,pattern:pc080sn:5b52fc5d10e1b4c7,5b52fc5d10e1b4c782ce60bc1d194fd78f75565becaf3db1e03a1e8723e5ff22,0x002,palette:arcade.r01p01.plane.bank_0x002.epoch_00,0,,7
usage:pb:a554167fdff6:b0x002:f0,context:gameplay.r01.p01,0x075D,pattern:pc080sn:a554167fdff6b430,a554167fdff6b430e2c907ca76895039688ca2392dadef86e95063b2bc8c1b2c,0x002,palette:arcade.r01p01.plane.bank_0x002.epoch_00,0,,7
usage:pb:37e9d4c74183:b0x002:f0,context:gameplay.r01.p01,0x075E,pattern:pc080sn:37e9d4c74183ee8d,37e9d4c74183ee8db03d74b7476c423e552c6eddfdf7b49b514e777b01d5a6dc,0x002,palette:arcade.r01p01.plane.bank_0x002.epoch_00,0,,7
usage:pb:5280803f4c7e:b0x002:f0,context:gameplay.r01.p01,0x075F,pattern:pc080sn:5280803f4c7efb67,5280803f4c7efb67542f1057694f7d4280da1a75edf08f251753b41abfa7a36b,0x002,palette:arcade.r01p01.plane.bank_0x002.epoch_00,0,,7
usage:pb:b45bbdf045cc:b0x002:f0,context:gameplay.r01.p01,0x0760,pattern:pc080sn:b45bbdf045ccf4dd,b45bbdf045ccf4dd0d69b93eac70e405ed33ac7a18ebe9b7c636e83b8060d392,0x002,palette:arcade.r01p01.plane.bank_0x002.epoch_00,0,,7
usage:pb:52d339c0dfca:b0x002:f0,context:gameplay.r01.p01,0x0761,pattern:pc080sn:52d339c0dfca19c5,52d339c0dfca19c5e634f2b6a021a865b80a014e86d4ab07c0ffb87feb328c3a,0x002,palette:arcade.r01p01.plane.bank_0x002.epoch_00,0,,7
usage:pb:b4aa63c87443:b0x002:f0,context:gameplay.r01.p01,0x0762,pattern:pc080sn:b4aa63c874432df7,b4aa63c874432df752ef2c6bcac273cb42f8dd43c245797274ea654ecfa6202e,0x002,palette:arcade.r01p01.plane.bank_0x002.epoch_00,0,,7
usage:pb:05f83f103a06:b0x002:f0,context:gameplay.r01.p01,0x0763,pattern:pc080sn:05f83f103a061f15,05f83f103a061f15845cb62d1e8b46ebec981fb636fe4e6e623deb90bb3a2f25,0x002,palette:arcade.r01p01.plane.bank_0x002.epoch_00,0,,7
usage:pb:307acec153fe:b0x002:f0,context:gameplay.r01.p01,0x0764,pattern:pc080sn:307acec153fe0516,307acec153fe05163d77306d1d98f8956c7efc4fbeeb69cba2bf9b6430d2acab,0x002,palette:arcade.r01p01.plane.bank_0x002.epoch_00,0,,7
usage:pb:49ca988fac63:b0x002:f0,context:gameplay.r01.p01,0x0765,pattern:pc080sn:49ca988fac63aaf6,49ca988fac63aaf6c2c661affa78e5412724da6f7249b9f1dbd86e582e27306c,0x002,palette:arcade.r01p01.plane.bank_0x002.epoch_00,0,,7
usage:pb:43274fedbadc:b0x002:f0,context:gameplay.r01.p01,0x0766,pattern:pc080sn:43274fedbadca7f8,43274fedbadca7f88b85124ba9f5affea26357776ee0506d0f20f074f2d1ffd1,0x002,palette:arcade.r01p01.plane.bank_0x002.epoch_00,0,,7
usage:pb:c6beef9bdb9a:b0x002:f0,context:gameplay.r01.p01,0x0767,pattern:pc080sn:c6beef9bdb9ae281,c6beef9bdb9ae281befa37278c6b1553f98ae35d36b9a6526934ea1e48ca80d6,0x002,palette:arcade.r01p01.plane.bank_0x002.epoch_00,0,,7
usage:pb:45717663dd14:b0x002:f0,context:gameplay.r01.p01,0x0768,pattern:pc080sn:45717663dd14082b,45717663dd14082beb9d2013ca1ae67c3be37db39e91b4363a14c6dbbd13292e,0x002,palette:arcade.r01p01.plane.bank_0x002.epoch_00,0,,7
usage:pb:9c249a8914fa:b0x002:f0,context:gameplay.r01.p01,0x0769,pattern:pc080sn:9c249a8914fa4adb,9c249a8914fa4adbf5f79e17bb56b155c839769252af9476d72f4221736e06a6,0x002,palette:arcade.r01p01.plane.bank_0x002.epoch_00,0,,7
usage:pb:feda256f7233:b0x002:f0,context:gameplay.r01.p01,0x076A,pattern:pc080sn:feda256f7233041d,feda256f7233041dcd943fa6a725d8dd1244867276c2f6419fab50e2ef292b5d,0x002,palette:arcade.r01p01.plane.bank_0x002.epoch_00,0,,7
usage:pb:b456d4b5e9d5:b0x002:f0,context:gameplay.r01.p01,0x076B,pattern:pc080sn:b456d4b5e9d5f9b9,b456d4b5e9d5f9b99015babcee1453cc09f0c58cb87045cc1b1be6f12ea8bf50,0x002,palette:arcade.r01p01.plane.bank_0x002.epoch_00,0,,7
usage:pb:08a24736b8ae:b0x002:f0,context:gameplay.r01.p01,0x076C,pattern:pc080sn:08a24736b8aef53e,08a24736b8aef53ea272a5f545055588468dfb245f8f5b8f9402166f2ee90d63,0x002,palette:arcade.r01p01.plane.bank_0x002.epoch_00,0,,7
usage:pb:edf7a09ab37f:b0x002:f0,context:gameplay.r01.p01,0x076D,pattern:pc080sn:edf7a09ab37f8a2d,edf7a09ab37f8a2d6e9e5add7dcf84c5e00c0fdadad59e1254412a0971412c5e,0x002,palette:arcade.r01p01.plane.bank_0x002.epoch_00,0,,7
usage:pb:ba9652c5b8c0:b0x002:f0,context:gameplay.r01.p01,0x076E,pattern:pc080sn:ba9652c5b8c03c74,ba9652c5b8c03c742c1df11495a305c7b79ce60b8dea9c306f65e9a33c409857,0x002,palette:arcade.r01p01.plane.bank_0x002.epoch_00,0,,7
usage:pb:7a6f0a05c721:b0x002:f0,context:gameplay.r01.p01,0x076F,pattern:pc080sn:7a6f0a05c7211abe,7a6f0a05c7211abe8cf1c383ba9d5557daf3eb7c9742541bf4cd461057323218,0x002,palette:arcade.r01p01.plane.bank_0x002.epoch_00,0,,7
usage:pb:84877eeac68d:b0x002:f0,context:gameplay.r01.p01,0x0770,pattern:pc080sn:84877eeac68d8a4d,84877eeac68d8a4d77a132fbb62771719f43cd723bbb869241714176f9a43619,0x002,palette:arcade.r01p01.plane.bank_0x002.epoch_00,0,,7
usage:pb:02054a9b3825:b0x002:f0,context:gameplay.r01.p01,0x0771,pattern:pc080sn:02054a9b38257a26,02054a9b38257a262cf3b60b324c20887037ec371cf11fdd1763be807e807478,0x002,palette:arcade.r01p01.plane.bank_0x002.epoch_00,0,,7
usage:pb:51f85cd44174:b0x002:f0,context:gameplay.r01.p01,0x0772,pattern:pc080sn:51f85cd4417490d9,51f85cd4417490d9d8d82567b3b51710e716755296de0d08391099a0af4864ff,0x002,palette:arcade.r01p01.plane.bank_0x002.epoch_00,0,,7
usage:pb:57cab27a96c8:b0x002:f0,context:gameplay.r01.p01,0x0773,pattern:pc080sn:57cab27a96c8abc6,57cab27a96c8abc655f556371f0331aff92647cd9004b348ba164fd3d2a44328,0x002,palette:arcade.r01p01.plane.bank_0x002.epoch_00,0,,7
usage:pb:c679da2f4376:b0x002:f0,context:gameplay.r01.p01,0x0774,pattern:pc080sn:c679da2f437641ff,c679da2f437641ff3468178a7e9fe2fb660b3c603724d32bcb190ef130d745f0,0x002,palette:arcade.r01p01.plane.bank_0x002.epoch_00,0,,7
usage:pb:e8aca706b0f2:b0x002:f0,context:gameplay.r01.p01,0x0775,pattern:pc080sn:e8aca706b0f2c75d,e8aca706b0f2c75d89223a054f04be41c87e7583832e4c6f95948dcbb77be877,0x002,palette:arcade.r01p01.plane.bank_0x002.epoch_00,0,,7
usage:pb:7ef69eb47357:b0x002:f0,context:gameplay.r01.p01,0x0776,pattern:pc080sn:7ef69eb473578e3b,7ef69eb473578e3ba6d729a175b78654fe7055471b0d168ebc9b1919a259be86,0x002,palette:arcade.r01p01.plane.bank_0x002.epoch_00,0,,7
usage:pb:4d8c0a232e85:b0x002:f0,context:gameplay.r01.p01,0x0777,pattern:pc080sn:4d8c0a232e85370b,4d8c0a232e85370b2dc1a78dae2706f69e780738caccf58b94ba80d835b0b6e8,0x002,palette:arcade.r01p01.plane.bank_0x002.epoch_00,0,,7
usage:pb:acc08958b623:b0x002:f0,context:gameplay.r01.p01,0x0778,pattern:pc080sn:acc08958b6235cb4,acc08958b6235cb4fdd416e1c42c42bc1e94621b40b6d6645811442134d33b4b,0x002,palette:arcade.r01p01.plane.bank_0x002.epoch_00,0,,7
usage:pb:03ca9ad1b1a3:b0x002:f0,context:gameplay.r01.p01,0x0779,pattern:pc080sn:03ca9ad1b1a36923,03ca9ad1b1a3692314db1d3c25a2bb9f444c9f9754c009bba0a076661cfa3e4d,0x002,palette:arcade.r01p01.plane.bank_0x002.epoch_00,0,,7
usage:pb:4c47f27032df:b0x002:f0,context:gameplay.r01.p01,0x077A,pattern:pc080sn:4c47f27032dffe74,4c47f27032dffe74f1b74c3a0b35ff8afdd031855f81cce21d4a0ce725c06582,0x002,palette:arcade.r01p01.plane.bank_0x002.epoch_00,0,,7
usage:pb:717ee3929418:b0x002:f0,context:gameplay.r01.p01,0x077B,pattern:pc080sn:717ee392941808b1,717ee392941808b1ff4ce4303a4198ca91d096f7cc9c1826715f773944f21fb1,0x002,palette:arcade.r01p01.plane.bank_0x002.epoch_00,0,,7
usage:pb:c4371e094da6:b0x002:f0,context:gameplay.r01.p01,0x077C,pattern:pc080sn:c4371e094da603d7,c4371e094da603d77ff215f6c3380e23655d860e78fe806bd28146cb4ac876ea,0x002,palette:arcade.r01p01.plane.bank_0x002.epoch_00,0,,7
usage:pb:08d7b258b386:b0x002:f0,context:gameplay.r01.p01,0x077D,pattern:pc080sn:08d7b258b3869f85,08d7b258b3869f85c362d1fcb50b372f6e803d04ff059c5585ae2aaafb1ee1b8,0x002,palette:arcade.r01p01.plane.bank_0x002.epoch_00,0,,7
usage:pb:6aaf9d527cf2:b0x002:f0,context:gameplay.r01.p01,0x077E,pattern:pc080sn:6aaf9d527cf23727,6aaf9d527cf23727a7e0b34f9e466d3a72764978b648490f60fc116d019bfda2,0x002,palette:arcade.r01p01.plane.bank_0x002.epoch_00,0,,7
usage:pb:651999942c2b:b0x002:f0,context:gameplay.r01.p01,0x077F,pattern:pc080sn:651999942c2b90bb,651999942c2b90bb83ce9d1b934efe97271e7bd80d089b8f0b7b8eaf6c0a1049,0x002,palette:arcade.r01p01.plane.bank_0x002.epoch_00,0,,7
usage:pb:6a597159527c:b0x002:f0,context:gameplay.r01.p01,0x0780,pattern:pc080sn:6a597159527c6cdb,6a597159527c6cdbea68202bf65eb025ab927103c21664c6b9b3df5b3bf11b14,0x002,palette:arcade.r01p01.plane.bank_0x002.epoch_00,0,,7
usage:pb:c5db1134fec8:b0x002:f0,context:gameplay.r01.p01,0x0781,pattern:pc080sn:c5db1134fec8db9b,c5db1134fec8db9b063970aceda32734314d4b13230c3539bbd026cc677d908c,0x002,palette:arcade.r01p01.plane.bank_0x002.epoch_00,0,,7
usage:pb:e8cc7f502bc8:b0x002:f0,context:gameplay.r01.p01,0x0782,pattern:pc080sn:e8cc7f502bc8ee93,e8cc7f502bc8ee933b8c903a8a98150a157df50c1062e76053c1f1852c7bf894,0x002,palette:arcade.r01p01.plane.bank_0x002.epoch_00,0,,7
usage:pb:5e5c5d1b0022:b0x002:f0,context:gameplay.r01.p01,0x0783,pattern:pc080sn:5e5c5d1b00227e88,5e5c5d1b00227e882118bd38fb0aa5e4aaa7bd1ee8ca3f95cb3cd2538b1044a5,0x002,palette:arcade.r01p01.plane.bank_0x002.epoch_00,0,,7
usage:pb:d85854465586:b0x002:f0,context:gameplay.r01.p01,0x0784,pattern:pc080sn:d858544655860fd4,d858544655860fd490d8e6d461753be84cd7ab59ff2ea009a687b98d7db2c0c0,0x002,palette:arcade.r01p01.plane.bank_0x002.epoch_00,0,,7
usage:pb:65a09fbd03d7:b0x002:f0,context:gameplay.r01.p01,0x0785,pattern:pc080sn:65a09fbd03d7f422,65a09fbd03d7f422ad99ac3d7d5535dbaa1b4cbe7365734bf54e3ad992925714,0x002,palette:arcade.r01p01.plane.bank_0x002.epoch_00,0,,7
usage:pb:e64def5b5b99:b0x002:f0,context:gameplay.r01.p01,0x0786,pattern:pc080sn:e64def5b5b9911c6,e64def5b5b9911c6c31d6c4e8d01557f51a067557009b2b64b31458c59c5e350,0x002,palette:arcade.r01p01.plane.bank_0x002.epoch_00,0,,7
usage:pb:e1dfadda9c32:b0x002:f0,context:gameplay.r01.p01,0x0787,pattern:pc080sn:e1dfadda9c32cd96,e1dfadda9c32cd963db75d2c78f8ee6902195659e3ff25631f5fcdb667b6171f,0x002,palette:arcade.r01p01.plane.bank_0x002.epoch_00,0,,7
usage:pb:3b6a3a4c7673:b0x002:f0,context:gameplay.r01.p01,0x0788,pattern:pc080sn:3b6a3a4c76731c72,3b6a3a4c76731c72be71592277e3a7ca0004546a6eca8c541ef87f14ed735d65,0x002,palette:arcade.r01p01.plane.bank_0x002.epoch_00,0,,7
usage:pb:ff276bd6ac75:b0x002:f0,context:gameplay.r01.p01,0x0789,pattern:pc080sn:ff276bd6ac7561ea,ff276bd6ac7561ea078f99ee0cca3dd694f922bdcc56aefba6c5189400076a30,0x002,palette:arcade.r01p01.plane.bank_0x002.epoch_00,0,,7
usage:pb:d22b915f0871:b0x002:f0,context:gameplay.r01.p01,0x078A,pattern:pc080sn:d22b915f0871b10b,d22b915f0871b10b1b01cc2db72ce275298de81a2e3433e44551d69c523f2508,0x002,palette:arcade.r01p01.plane.bank_0x002.epoch_00,0,,7
usage:pb:6493c8209bb5:b0x002:f0,context:gameplay.r01.p01,0x078B,pattern:pc080sn:6493c8209bb56c27,6493c8209bb56c2723b88e925245e15fa886867f7ec79d3509f57c9ec8fd913b,0x002,palette:arcade.r01p01.plane.bank_0x002.epoch_00,0,,7
usage:pb:2ddfe1e59b4a:b0x002:f0,context:gameplay.r01.p01,0x078C,pattern:pc080sn:2ddfe1e59b4a9b0f,2ddfe1e59b4a9b0f8d73cae830392adcd8ed85dc6322ea9b6f4dba0dc6d32681,0x002,palette:arcade.r01p01.plane.bank_0x002.epoch_00,0,,7
usage:pb:859f9cc8cfc6:b0x002:f0,context:gameplay.r01.p01,0x078D,pattern:pc080sn:859f9cc8cfc6cb57,859f9cc8cfc6cb5793d726570f5379fc723a681a8f03fef41e1e757d1a574e9d,0x002,palette:arcade.r01p01.plane.bank_0x002.epoch_00,0,,7
usage:pb:c048b3dc971a:b0x002:f0,context:gameplay.r01.p01,0x078E,pattern:pc080sn:c048b3dc971a3402,c048b3dc971a3402bb52e51f871c78cc74b7107a40265218b51864e950d5e622,0x002,palette:arcade.r01p01.plane.bank_0x002.epoch_00,0,,7
usage:pb:25c07b37bfc3:b0x002:f0,context:gameplay.r01.p01,0x078F,pattern:pc080sn:25c07b37bfc3a547,25c07b37bfc3a547a96a152bd77c62cbac052fea39ce76698f665207b942e160,0x002,palette:arcade.r01p01.plane.bank_0x002.epoch_00,0,,7
usage:pb:2475374fb541:b0x002:f0,context:gameplay.r01.p01,0x0790,pattern:pc080sn:2475374fb5417642,2475374fb5417642df28896c0a595ca07fa8d5a8e0f29d90ca8474350b2cb426,0x002,palette:arcade.r01p01.plane.bank_0x002.epoch_00,0,,7
usage:pb:c17f65047126:b0x002:f0,context:gameplay.r01.p01,0x0791,pattern:pc080sn:c17f65047126528b,c17f65047126528be5a683ca8e6ccf1b2583f1a13541f2b6ee01e39b5dd91f6f,0x002,palette:arcade.r01p01.plane.bank_0x002.epoch_00,0,,7
usage:pb:176f812f79d6:b0x002:f0,context:gameplay.r01.p01,0x0792,pattern:pc080sn:176f812f79d650eb,176f812f79d650ebed13fcbb6b2ca4b505f911d22595dd962e31ae0b963ff250,0x002,palette:arcade.r01p01.plane.bank_0x002.epoch_00,0,,7
usage:pb:d21da7addad0:b0x002:f0,context:gameplay.r01.p01,0x0793,pattern:pc080sn:d21da7addad0a958,d21da7addad0a95893bc24c1e7d8b586ee5ed1a0d68cbae2e2b463207e5aab9d,0x002,palette:arcade.r01p01.plane.bank_0x002.epoch_00,0,,7
usage:pb:509de858e419:b0x002:f0,context:gameplay.r01.p01,0x0794,pattern:pc080sn:509de858e419e2b0,509de858e419e2b0871e44a9c8f86ca9c12042fb1c49a5fcef40456c088f2bc8,0x002,palette:arcade.r01p01.plane.bank_0x002.epoch_00,0,,7
usage:pb:bd9137626823:b0x002:f0,context:gameplay.r01.p01,0x0795,pattern:pc080sn:bd9137626823bc55,bd9137626823bc55142aa0fbab96ba3b4644a047c61d11f7ae0e91858d34cf79,0x002,palette:arcade.r01p01.plane.bank_0x002.epoch_00,0,,7
usage:pb:20cdf2db2aa1:b0x002:f0,context:gameplay.r01.p01,0x0796,pattern:pc080sn:20cdf2db2aa1d05d,20cdf2db2aa1d05d5fd7de2b0d9476012dc941c6acbb840e1bf694bfb0e0b8f3,0x002,palette:arcade.r01p01.plane.bank_0x002.epoch_00,0,,7
usage:pb:8405a50823f6:b0x002:f0,context:gameplay.r01.p01,0x0797,pattern:pc080sn:8405a50823f6e18d,8405a50823f6e18d5b5485a8842fcafea91edc4e97bf7295fa70af39f740905e,0x002,palette:arcade.r01p01.plane.bank_0x002.epoch_00,0,,7
usage:pb:ccbb22aeb705:b0x002:f0,context:gameplay.r01.p01,0x0798,pattern:pc080sn:ccbb22aeb7053cc4,ccbb22aeb7053cc46a9517fee68efc01deabc3fa9a37ee03ecceffa6189229b0,0x002,palette:arcade.r01p01.plane.bank_0x002.epoch_00,0,,7
usage:pb:0406bdf0bab4:b0x002:f0,context:gameplay.r01.p01,0x0799,pattern:pc080sn:0406bdf0bab4bbec,0406bdf0bab4bbec21e7d0ae071e2dcf5b3b047e3ad14cb9990d3abf3ac28026,0x002,palette:arcade.r01p01.plane.bank_0x002.epoch_00,0,,7
usage:pb:768b9a22da0f:b0x002:f0,context:gameplay.r01.p01,0x079A,pattern:pc080sn:768b9a22da0f212a,768b9a22da0f212a47c10842081ba99a4f4336475f35c5e737812ca3f0c8e325,0x002,palette:arcade.r01p01.plane.bank_0x002.epoch_00,0,,7
usage:pb:ae4c69ab7a95:b0x002:f0,context:gameplay.r01.p01,0x079B,pattern:pc080sn:ae4c69ab7a956188,ae4c69ab7a956188c4a823224586103ef1d2a31fe0aa09b97114b36b87ceb406,0x002,palette:arcade.r01p01.plane.bank_0x002.epoch_00,0,,7
usage:pb:ff4e2f8ecff5:b0x002:f0,context:gameplay.r01.p01,0x079C,pattern:pc080sn:ff4e2f8ecff59008,ff4e2f8ecff590086adf94d3874e978979d21dd011b416a8c4b5adfc6d5b2144,0x002,palette:arcade.r01p01.plane.bank_0x002.epoch_00,0,,7
usage:pb:8d0eeb62416b:b0x002:f0,context:gameplay.r01.p01,0x079D,pattern:pc080sn:8d0eeb62416b1021,8d0eeb62416b1021e427ad9a74fff7901f17d30d6251400402c057ea7dc7a4e2,0x002,palette:arcade.r01p01.plane.bank_0x002.epoch_00,0,,7
usage:pb:97094d60154f:b0x002:f0,context:gameplay.r01.p01,0x079E,pattern:pc080sn:97094d60154f9399,97094d60154f9399f458163fa115b33d28427d26d495219b8fe6e1da363ce68e,0x002,palette:arcade.r01p01.plane.bank_0x002.epoch_00,0,,7
usage:pb:53f5f5883466:b0x002:f0,context:gameplay.r01.p01,0x079F,pattern:pc080sn:53f5f58834662576,53f5f58834662576c0d5ae44c240ab91d756baed61715c65a6c6d33e34bb74e4,0x002,palette:arcade.r01p01.plane.bank_0x002.epoch_00,0,,7
usage:pb:2ed5ebff7545:b0x002:f0,context:gameplay.r01.p01,0x07A0,pattern:pc080sn:2ed5ebff75450029,2ed5ebff754500291dc8350ea510f3f214edbc2f4a7cf87a769c25a4fce6b791,0x002,palette:arcade.r01p01.plane.bank_0x002.epoch_00,0,,7
usage:pb:d24bfb1ab1d5:b0x002:f0,context:gameplay.r01.p01,0x07A1,pattern:pc080sn:d24bfb1ab1d5f06a,d24bfb1ab1d5f06ae4789a794212bcd051770cd41382ef505e0fc93ca86c4e52,0x002,palette:arcade.r01p01.plane.bank_0x002.epoch_00,0,,7
usage:pb:9a9c2862406d:b0x002:f0,context:gameplay.r01.p01,0x07A2,pattern:pc080sn:9a9c2862406d950d,9a9c2862406d950dd6bb07d4d5f2daf4d315394e8623a67a3ea52699b61ea87d,0x002,palette:arcade.r01p01.plane.bank_0x002.epoch_00,0,,7
usage:pb:e48c59d805df:b0x002:f0,context:gameplay.r01.p01,0x07A3,pattern:pc080sn:e48c59d805df239d,e48c59d805df239deee52abb50275c4fd849b68d20f1eb3aab0b645f3aaf8750,0x002,palette:arcade.r01p01.plane.bank_0x002.epoch_00,0,,7
usage:pb:86691456aafe:b0x002:f0,context:gameplay.r01.p01,0x07A4,pattern:pc080sn:86691456aafe8c1f,86691456aafe8c1fd424707abf24bc535ced11e565e17ceeb8461809ae01d4db,0x002,palette:arcade.r01p01.plane.bank_0x002.epoch_00,0,,7
usage:pb:320cdf93c4fe:b0x002:f0,context:gameplay.r01.p01,0x07A5,pattern:pc080sn:320cdf93c4fe6d7d,320cdf93c4fe6d7d0eeec6a9ea13490f67705554455b2f6e765efe8b8bf39175,0x002,palette:arcade.r01p01.plane.bank_0x002.epoch_00,0,,7
usage:pb:092ea34733c9:b0x002:f0,context:gameplay.r01.p01,0x07A6,pattern:pc080sn:092ea34733c9945d,092ea34733c9945dc772bdceffb3e493c1233323a8e648d53af4960dfb1d11d1,0x002,palette:arcade.r01p01.plane.bank_0x002.epoch_00,0,,7
usage:pb:8e2629af81da:b0x002:f0,context:gameplay.r01.p01,0x07A7,pattern:pc080sn:8e2629af81da43b5,8e2629af81da43b5a5eee81d6928989701228696430d625dd39f267c6fb301cc,0x002,palette:arcade.r01p01.plane.bank_0x002.epoch_00,0,,7
usage:pb:2090c7957ea2:b0x002:f0,context:gameplay.r01.p01,0x07A8,pattern:pc080sn:2090c7957ea29df6,2090c7957ea29df6e59f948c92571a041b29b83ffabadfa76abce81517aaae69,0x002,palette:arcade.r01p01.plane.bank_0x002.epoch_00,0,,7
usage:pb:192d1916263d:b0x002:f0,context:gameplay.r01.p01,0x07A9,pattern:pc080sn:192d1916263dddc4,192d1916263dddc49cf08e403bc95ab619ffc3d5cc59161765159c211a92b1a7,0x002,palette:arcade.r01p01.plane.bank_0x002.epoch_00,0,,7
usage:pb:e20f7848b2e9:b0x002:f0,context:gameplay.r01.p01,0x07AA,pattern:pc080sn:e20f7848b2e94d20,e20f7848b2e94d20f6cb9d49822712bb500befa44a52ccef8dba3a8c8f7a6d2d,0x002,palette:arcade.r01p01.plane.bank_0x002.epoch_00,0,,7
usage:pb:1a8c3bbf6387:b0x002:f0,context:gameplay.r01.p01,0x07AB,pattern:pc080sn:1a8c3bbf6387643a,1a8c3bbf6387643adbc87856f5e575944bdd2a4b91b59fd1352fb167cb07b8e7,0x002,palette:arcade.r01p01.plane.bank_0x002.epoch_00,0,,7
usage:pb:32398531e796:b0x002:f0,context:gameplay.r01.p01,0x07AC,pattern:pc080sn:32398531e796346a,32398531e796346aa85c5d8c557fc88b1af45c39711767250f33e9a6f9b96289,0x002,palette:arcade.r01p01.plane.bank_0x002.epoch_00,0,,7
usage:pb:912838090aee:b0x002:f0,context:gameplay.r01.p01,0x07AD,pattern:pc080sn:912838090aee7cdc,912838090aee7cdcfc6a5091c6ae41533a05348e4d2f242ad55906955ed94d4a,0x002,palette:arcade.r01p01.plane.bank_0x002.epoch_00,0,,7
usage:pb:fbd34a632095:b0x002:f0,context:gameplay.r01.p01,0x07AE,pattern:pc080sn:fbd34a63209520ee,fbd34a63209520eeb5149eb58c526e56861ff6513a5d9530c0c2bf5770ac20e6,0x002,palette:arcade.r01p01.plane.bank_0x002.epoch_00,0,,7
usage:pb:454e0713afe5:b0x002:f0,context:gameplay.r01.p01,0x07AF,pattern:pc080sn:454e0713afe58042,454e0713afe5804257be5ea71b2f34a9ef574b1167bc0fd82f3fc2144ed0e67d,0x002,palette:arcade.r01p01.plane.bank_0x002.epoch_00,0,,7
usage:pb:7655068130c4:b0x002:f0,context:gameplay.r01.p01,0x07B0,pattern:pc080sn:7655068130c47b63,7655068130c47b632fb02864f660738e1db0f82543c55933a34167852c1f15b6,0x002,palette:arcade.r01p01.plane.bank_0x002.epoch_00,0,,7
usage:pb:48129b9e478f:b0x002:f0,context:gameplay.r01.p01,0x07B1,pattern:pc080sn:48129b9e478f6ea2,48129b9e478f6ea25aa047e250811d1eb82f3984e61c21ff4dda7430c4f71dc3,0x002,palette:arcade.r01p01.plane.bank_0x002.epoch_00,0,,7
usage:pb:264e3fc3b56a:b0x002:f0,context:gameplay.r01.p01,0x07B2,pattern:pc080sn:264e3fc3b56ac362,264e3fc3b56ac3621fc4db47d63de8977671795372354cbb5bfccfb3d876c61c,0x002,palette:arcade.r01p01.plane.bank_0x002.epoch_00,0,,7
usage:pb:24f9c863216f:b0x002:f0,context:gameplay.r01.p01,0x07B3,pattern:pc080sn:24f9c863216ff816,24f9c863216ff81671461559584c6dc2456d137ba56ef4ce35b65646fb537b09,0x002,palette:arcade.r01p01.plane.bank_0x002.epoch_00,0,,7
usage:pb:5158f3da5a55:b0x002:f0,context:gameplay.r01.p01,0x07B4,pattern:pc080sn:5158f3da5a55fd44,5158f3da5a55fd44efb7154b0eab78befcdccaec8ee97f91ccc33def50784107,0x002,palette:arcade.r01p01.plane.bank_0x002.epoch_00,0,,7
usage:pb:73dfec0e639e:b0x002:f0,context:gameplay.r01.p01,0x07B5,pattern:pc080sn:73dfec0e639e62b9,73dfec0e639e62b9b0d1d2e8f0d7ae5fb2069e17c714fc0923c76f2b9e2fef7a,0x002,palette:arcade.r01p01.plane.bank_0x002.epoch_00,0,,7
usage:pb:c97d3d10d981:b0x002:f0,context:gameplay.r01.p01,0x07B6,pattern:pc080sn:c97d3d10d9814783,c97d3d10d9814783d1e480d87b56d0b62797a56e128a92521251132e93a3271d,0x002,palette:arcade.r01p01.plane.bank_0x002.epoch_00,0,,7
usage:pb:898527ca881f:b0x002:f0,context:gameplay.r01.p01,0x07B7,pattern:pc080sn:898527ca881fcd30,898527ca881fcd309a47cc7668b13ab253c3ac87e5f4eba56dc558d7afc62ef7,0x002,palette:arcade.r01p01.plane.bank_0x002.epoch_00,0,,7
usage:pb:f309f150b72a:b0x002:f0,context:gameplay.r01.p01,0x07B8,pattern:pc080sn:f309f150b72a2ca9,f309f150b72a2ca94751c250ed5ec9a375d16ed393775461e0c70ca154560792,0x002,palette:arcade.r01p01.plane.bank_0x002.epoch_00,0,,7
usage:pb:370e298b2c6b:b0x002:f0,context:gameplay.r01.p01,0x07B9,pattern:pc080sn:370e298b2c6bdbde,370e298b2c6bdbde00b7777b6086f5325aab4aa8bccdf1b814807d0373b4d01d,0x002,palette:arcade.r01p01.plane.bank_0x002.epoch_00,0,,7
usage:pb:7664990c5f3c:b0x002:f0,context:gameplay.r01.p01,0x07BA,pattern:pc080sn:7664990c5f3c5ebb,7664990c5f3c5ebb4560c91ac42dbd431b5fb74547cbdbfbf0617e08a8588a5e,0x002,palette:arcade.r01p01.plane.bank_0x002.epoch_00,0,,7
usage:pb:5a291bdbe9bb:b0x002:f0,context:gameplay.r01.p01,0x07BB,pattern:pc080sn:5a291bdbe9bb689a,5a291bdbe9bb689a158e6145658ddf3e98cdc130cc234c6d6f117b9d392aa689,0x002,palette:arcade.r01p01.plane.bank_0x002.epoch_00,0,,7
usage:pb:49c1a772ae22:b0x002:f0,context:gameplay.r01.p01,0x07BC,pattern:pc080sn:49c1a772ae22da72,49c1a772ae22da722659bcc49fb736a8c624cf34da937d34c347aacd429f0a1d,0x002,palette:arcade.r01p01.plane.bank_0x002.epoch_00,0,,7
usage:pb:55f6ba685d22:b0x002:f0,context:gameplay.r01.p01,0x07BD,pattern:pc080sn:55f6ba685d224dc0,55f6ba685d224dc02e5832489f2ad0decac132bb1affa6435f6746542d6c84ba,0x002,palette:arcade.r01p01.plane.bank_0x002.epoch_00,0,,7
usage:pb:5b49c4f1cd33:b0x002:f0,context:gameplay.r01.p01,0x07BE,pattern:pc080sn:5b49c4f1cd33ad5c,5b49c4f1cd33ad5c58dd7eb2bab584b465b023251a1cb43dbaac2b15fd12e105,0x002,palette:arcade.r01p01.plane.bank_0x002.epoch_00,0,,7
usage:pb:c411854f5091:b0x002:f0,context:gameplay.r01.p01,0x07BF,pattern:pc080sn:c411854f5091d3ca,c411854f5091d3cabc67c0509d0abcdbc2ada7c72085078dd2a84ddc0d9f9ae3,0x002,palette:arcade.r01p01.plane.bank_0x002.epoch_00,0,,7
usage:pb:8a78892609d0:b0x002:f0,context:gameplay.r01.p01,0x07C0,pattern:pc080sn:8a78892609d067b9,8a78892609d067b90032b9394e989e18fe62a687522966cff2a18ba9f8c85260,0x002,palette:arcade.r01p01.plane.bank_0x002.epoch_00,0,,7
usage:pb:85516422a76a:b0x002:f0,context:gameplay.r01.p01,0x07C1,pattern:pc080sn:85516422a76ae22c,85516422a76ae22ca40999369275b71a4cb7c591af8d0e123fe8bcd4a7ac84c0,0x002,palette:arcade.r01p01.plane.bank_0x002.epoch_00,0,,7
usage:pb:177c1afc3520:b0x002:f0,context:gameplay.r01.p01,0x07C2,pattern:pc080sn:177c1afc35201cd7,177c1afc35201cd7bedb719ead197447a7aa0e4855cb528b8e481622bcbe3c99,0x002,palette:arcade.r01p01.plane.bank_0x002.epoch_00,0,,7
usage:pb:3dcb5de35864:b0x002:f0,context:gameplay.r01.p01,0x07C3,pattern:pc080sn:3dcb5de358647104,3dcb5de35864710406d01f56e56406799cc31c1236a6776d2a0449181f40db1d,0x002,palette:arcade.r01p01.plane.bank_0x002.epoch_00,0,,7
usage:pb:043db9d4cdd4:b0x002:f0,context:gameplay.r01.p01,0x07C4,pattern:pc080sn:043db9d4cdd47460,043db9d4cdd474600b75f961f67c04ffa3bb993de1d531f18af8f140d9a8939d,0x002,palette:arcade.r01p01.plane.bank_0x002.epoch_00,0,,7
usage:pb:b8a41baaae24:b0x002:f0,context:gameplay.r01.p01,0x07C5,pattern:pc080sn:b8a41baaae245c7a,b8a41baaae245c7a052779e87b25f5ed6395ccd39af4f945803b7f0edafd4783,0x002,palette:arcade.r01p01.plane.bank_0x002.epoch_00,0,,7
usage:pb:27bcc88d81bf:b0x002:f0,context:gameplay.r01.p01,0x07C6,pattern:pc080sn:27bcc88d81bfbb20,27bcc88d81bfbb20ee6c9f566e19bf2a4774155ea11afbfa761a3f4c71405966,0x002,palette:arcade.r01p01.plane.bank_0x002.epoch_00,0,,7
usage:pb:39d0eb53e6d2:b0x002:f0,context:gameplay.r01.p01,0x07C7,pattern:pc080sn:39d0eb53e6d2603a,39d0eb53e6d2603a55997e8f42f5c635197942775f7d04fb4baf6bdbf4b51e57,0x002,palette:arcade.r01p01.plane.bank_0x002.epoch_00,0,,7
usage:pb:79006a650f3e:b0x002:f0,context:gameplay.r01.p01,0x07C8,pattern:pc080sn:79006a650f3e0b47,79006a650f3e0b471bfb4ba0f527dcad001cb79ebed2a9ba6755e0a6f3a95460,0x002,palette:arcade.r01p01.plane.bank_0x002.epoch_00,0,,7
usage:pb:a823971fce96:b0x002:f0,context:gameplay.r01.p01,0x07C9,pattern:pc080sn:a823971fce9659bf,a823971fce9659bf8a27eb252b6ac5b941b299751e47b93b7f0636ee2685a8ae,0x002,palette:arcade.r01p01.plane.bank_0x002.epoch_00,0,,7
usage:pb:4a41780aa98a:b0x002:f0,context:gameplay.r01.p01,0x07CA,pattern:pc080sn:4a41780aa98a55da,4a41780aa98a55da85bf47bea5cc0d6f2638f4f5c3d68365bcae2c083547b965,0x002,palette:arcade.r01p01.plane.bank_0x002.epoch_00,0,,7
usage:pb:a6d367205178:b0x002:f0,context:gameplay.r01.p01,0x07CB,pattern:pc080sn:a6d36720517889c5,a6d36720517889c535a79f0e49e9c3b94eb964fb2b29636a6e77c18ed8c49f15,0x002,palette:arcade.r01p01.plane.bank_0x002.epoch_00,0,,7
usage:pb:71a4b5bb9bc5:b0x002:f0,context:gameplay.r01.p01,0x07CC,pattern:pc080sn:71a4b5bb9bc5b7f9,71a4b5bb9bc5b7f906bac0264a6127557d6c5bb222d7e8265c144a3f36ad5ab7,0x002,palette:arcade.r01p01.plane.bank_0x002.epoch_00,0,,7
usage:pb:25846ae74e14:b0x002:f0,context:gameplay.r01.p01,0x07CD,pattern:pc080sn:25846ae74e149b14,25846ae74e149b14d7f6469a6ec7d5ec60ff90553d0b23059e20ecec2fe3d27b,0x002,palette:arcade.r01p01.plane.bank_0x002.epoch_00,0,,7
usage:pb:4343533bbb11:b0x002:f0,context:gameplay.r01.p01,0x07CE,pattern:pc080sn:4343533bbb119fe4,4343533bbb119fe4b135d64f6e881fc70a6cc046075d0d1378de9a013b011e28,0x002,palette:arcade.r01p01.plane.bank_0x002.epoch_00,0,,7
usage:pb:cc77f831e14a:b0x002:f0,context:gameplay.r01.p01,0x07CF,pattern:pc080sn:cc77f831e14a1f3b,cc77f831e14a1f3b1161be2970b674688dae1ad04bc478668448b8f974438faa,0x002,palette:arcade.r01p01.plane.bank_0x002.epoch_00,0,,7
usage:pb:b8d87df0d847:b0x002:f0,context:gameplay.r01.p01,0x07D0,pattern:pc080sn:b8d87df0d847af91,b8d87df0d847af91acc35f6f79dbc77109c70d26bfb6231738c70a3e842b11b2,0x002,palette:arcade.r01p01.plane.bank_0x002.epoch_00,0,,7
usage:pb:07b310c7062d:b0x002:f0,context:gameplay.r01.p01,0x07D1,pattern:pc080sn:07b310c7062d03e1,07b310c7062d03e112d0d416319eb7b94607d81f7f5471efec73d3a58a729ae9,0x002,palette:arcade.r01p01.plane.bank_0x002.epoch_00,0,,7
usage:pb:240b67ff2005:b0x002:f0,context:gameplay.r01.p01,0x07D2,pattern:pc080sn:240b67ff20050ea6,240b67ff20050ea683e1417cb839ac41cd13c2f2434753af465b57e57d54e52b,0x002,palette:arcade.r01p01.plane.bank_0x002.epoch_00,0,,7
usage:pb:dbc2c7f203fd:b0x002:f0,context:gameplay.r01.p01,0x07D3,pattern:pc080sn:dbc2c7f203fdf0dd,dbc2c7f203fdf0dde4f7c1922d531429af9fa46a2d3cfad780dd00ab3fefe7bf,0x002,palette:arcade.r01p01.plane.bank_0x002.epoch_00,0,,7
usage:pb:b6f8bcff701d:b0x002:f0,context:gameplay.r01.p01,0x07D4,pattern:pc080sn:b6f8bcff701db9d3,b6f8bcff701db9d3591f2a6a60d5fa4d71f0f25f99e75a5b2988492e5bc9d7c2,0x002,palette:arcade.r01p01.plane.bank_0x002.epoch_00,0,,14
usage:pb:95a9f410d0c5:b0x002:f0,context:gameplay.r01.p01,0x07D5,pattern:pc080sn:95a9f410d0c556ba,95a9f410d0c556bad6e469f1b3abe7fac903518c6d802dd4a63cdef83199ba92,0x002,palette:arcade.r01p01.plane.bank_0x002.epoch_00,0,,7
usage:pb:94dfe8d1e10c:b0x002:f0,context:gameplay.r01.p01,0x07D6,pattern:pc080sn:94dfe8d1e10c5a97,94dfe8d1e10c5a97ca6e6c85dd49c99b69fd61a0ad07f22af619440628bdb373,0x002,palette:arcade.r01p01.plane.bank_0x002.epoch_00,0,,7
usage:pb:2b3726b8ebf4:b0x002:f0,context:gameplay.r01.p01,0x07D7,pattern:pc080sn:2b3726b8ebf4450a,2b3726b8ebf4450aa89e07b2093e2c4b4c10c2726e17639ec4c33e8fd6867735,0x002,palette:arcade.r01p01.plane.bank_0x002.epoch_00,0,,7
usage:pb:c0f3da195c57:b0x002:f0,context:gameplay.r01.p01,0x07D8,pattern:pc080sn:c0f3da195c573514,c0f3da195c573514e3a6c3e202b7ef8ddfda37d4aea3f9786a96d9f169987afb,0x002,palette:arcade.r01p01.plane.bank_0x002.epoch_00,0,,7
usage:pb:e13b01bedf52:b0x002:f0,context:gameplay.r01.p01,0x07D9,pattern:pc080sn:e13b01bedf5226b4,e13b01bedf5226b47772a46f6e8c10a46381d39ea57e68c5242a7a3199772738,0x002,palette:arcade.r01p01.plane.bank_0x002.epoch_00,0,,7
usage:pb:4e9e0a65f712:b0x002:f0,context:gameplay.r01.p01,0x07DA,pattern:pc080sn:4e9e0a65f712edd0,4e9e0a65f712edd0ce591cd95ca2f09844f1007c8f53dd29bdf4cf9eab1e3f34,0x002,palette:arcade.r01p01.plane.bank_0x002.epoch_00,0,,7
usage:pb:8e81f549a1a3:b0x002:f0,context:gameplay.r01.p01,0x07DB,pattern:pc080sn:8e81f549a1a33d9f,8e81f549a1a33d9f5728bf33817d11df2fcc246d10836f1b7be8cab7e0c6cb71,0x002,palette:arcade.r01p01.plane.bank_0x002.epoch_00,0,,7
usage:pb:5c6eec57acf8:b0x002:f0,context:gameplay.r01.p01,0x07DC,pattern:pc080sn:5c6eec57acf8e6a9,5c6eec57acf8e6a9c67e338d5b3cfcf5678d515cf264f70ecb1270a79b6b8233,0x002,palette:arcade.r01p01.plane.bank_0x002.epoch_00,0,,7
usage:pb:9bcedd98ae5a:b0x002:f0,context:gameplay.r01.p01,0x07DD,pattern:pc080sn:9bcedd98ae5a0e2b,9bcedd98ae5a0e2bd04363718166f6010024faa2e5fddf1c0c7ee75d82424557,0x002,palette:arcade.r01p01.plane.bank_0x002.epoch_00,0,,7
usage:pb:c814b59a2e0e:b0x002:f0,context:gameplay.r01.p01,0x07DE,pattern:pc080sn:c814b59a2e0ed2e9,c814b59a2e0ed2e95a8e24827514145db37292e5d58d7bdadc3b9c1e54872ab6,0x002,palette:arcade.r01p01.plane.bank_0x002.epoch_00,0,,7
usage:pb:8b4342e65cf0:b0x002:f0,context:gameplay.r01.p01,0x07DF,pattern:pc080sn:8b4342e65cf05963,8b4342e65cf05963c4aebd26313fd26d0a62815336671de814d4de3c89f84057,0x002,palette:arcade.r01p01.plane.bank_0x002.epoch_00,0,,14
usage:pb:3f7e959fa32d:b0x002:f0,context:gameplay.r01.p01,0x07E0,pattern:pc080sn:3f7e959fa32d9ead,3f7e959fa32d9ead50ea3237aadbbc9a62772d06d474d1e2a96152f8dfc2c75e,0x002,palette:arcade.r01p01.plane.bank_0x002.epoch_00,0,,14
usage:pb:2d4f65e2a684:b0x002:f0,context:gameplay.r01.p01,0x07E1,pattern:pc080sn:2d4f65e2a684602e,2d4f65e2a684602e4fcfd52c7462502a5f7a74b2cdcb1c322ebd06f62f250fda,0x002,palette:arcade.r01p01.plane.bank_0x002.epoch_00,0,,7
usage:pb:c7fa1ca312e5:b0x002:f0,context:gameplay.r01.p01,0x07E2,pattern:pc080sn:c7fa1ca312e56296,c7fa1ca312e56296220a05f9d4b91a574341b338fa41574a8d0fc81acc12d36a,0x002,palette:arcade.r01p01.plane.bank_0x002.epoch_00,0,,7
usage:pb:f6c6f4ce57b2:b0x002:f0,context:gameplay.r01.p01,0x07E3,pattern:pc080sn:f6c6f4ce57b20883,f6c6f4ce57b2088358a6deeded0ff420c36fc6ec1b7f953e02ee222afa0a220e,0x002,palette:arcade.r01p01.plane.bank_0x002.epoch_00,0,,7
usage:pb:9a0504d4f006:b0x002:f0,context:gameplay.r01.p01,0x07E4,pattern:pc080sn:9a0504d4f0064cea,9a0504d4f0064ceaabcec480004b58e4dbb1fa191807d31b33d78881eabd57ff,0x002,palette:arcade.r01p01.plane.bank_0x002.epoch_00,0,,7
usage:pb:9438b9c2dd97:b0x002:f0,context:gameplay.r01.p01,0x07E5,pattern:pc080sn:9438b9c2dd97030f,9438b9c2dd97030fc7edc2b7f1151dd081576ec3b928d8cec7133030a6d7b2b8,0x002,palette:arcade.r01p01.plane.bank_0x002.epoch_00,0,,7
usage:pb:859e37248835:b0x002:f0,context:gameplay.r01.p01,0x07E6,pattern:pc080sn:859e37248835be91,859e37248835be91b78481af2c8e0ff393b1ce04e398ca2f54a040c1ebf650fc,0x002,palette:arcade.r01p01.plane.bank_0x002.epoch_00,0,,7
usage:pb:e0bd832604ea:b0x002:f0,context:gameplay.r01.p01,0x07E7,pattern:pc080sn:e0bd832604ea8f7e,e0bd832604ea8f7eb3df586a661f59fc8cca39fb9dfe38e84691e85185dcf4d3,0x002,palette:arcade.r01p01.plane.bank_0x002.epoch_00,0,,7
usage:pb:60ae9d87029f:b0x002:f0,context:gameplay.r01.p01,0x07E8,pattern:pc080sn:60ae9d87029f3b5a,60ae9d87029f3b5a9c25ea76ec54b4cb6013f84ab61f5139e96d22483adcb16e,0x002,palette:arcade.r01p01.plane.bank_0x002.epoch_00,0,,7
usage:pb:e3b33ad24ed5:b0x002:f0,context:gameplay.r01.p01,0x07E9,pattern:pc080sn:e3b33ad24ed5c95b,e3b33ad24ed5c95be5b1f45e4fa29218286385de39f3395bcee6d940e03f553b,0x002,palette:arcade.r01p01.plane.bank_0x002.epoch_00,0,,14
usage:pb:1105ba6b29f3:b0x002:f0,context:gameplay.r01.p01,0x07EA,pattern:pc080sn:1105ba6b29f3913f,1105ba6b29f3913fe2ec2c9408f7e3d2d63b366901db37a9a88ea387f5c1fa87,0x002,palette:arcade.r01p01.plane.bank_0x002.epoch_00,0,,7
usage:pb:9a746640d4e8:b0x002:f0,context:gameplay.r01.p01,0x07EB,pattern:pc080sn:9a746640d4e88baf,9a746640d4e88baffa4d06a92325faeafda93f3d6968891195b1e939bed9646d,0x002,palette:arcade.r01p01.plane.bank_0x002.epoch_00,0,,7
usage:pb:71f2e5189ab2:b0x002:f0,context:gameplay.r01.p01,0x07EC,pattern:pc080sn:71f2e5189ab2109f,71f2e5189ab2109f4b465891de15943ae8c2b2f7a70f1b26548cb76702aabb7b,0x002,palette:arcade.r01p01.plane.bank_0x002.epoch_00,0,,7
usage:pb:e376ab74f474:b0x002:f0,context:gameplay.r01.p01,0x07ED,pattern:pc080sn:e376ab74f474dcaf,e376ab74f474dcafa64a5080c2d32d70efa6ba9ae08b777062f0df6d16eb496e,0x002,palette:arcade.r01p01.plane.bank_0x002.epoch_00,0,,7
usage:pb:dc8ea53622f6:b0x002:f0,context:gameplay.r01.p01,0x07EE,pattern:pc080sn:dc8ea53622f62174,dc8ea53622f62174528f3a31a8bb913dbeb942cf08da3fe1dc1237e43835cc2d,0x002,palette:arcade.r01p01.plane.bank_0x002.epoch_00,0,,7
usage:pb:db6c628a4c75:b0x002:f0,context:gameplay.r01.p01,0x07EF,pattern:pc080sn:db6c628a4c7548fe,db6c628a4c7548fec96427d7d3f6f9874f2605f87e2948649c963d61387ee289,0x002,palette:arcade.r01p01.plane.bank_0x002.epoch_00,0,,7
usage:pb:7f6288710926:b0x002:f0,context:gameplay.r01.p01,0x07F0,pattern:pc080sn:7f6288710926acc4,7f6288710926acc4178dc6455045a166a6a610da47f26da2eb11bea3d89dc046,0x002,palette:arcade.r01p01.plane.bank_0x002.epoch_00,0,,7
usage:pb:4877bc6de6a6:b0x002:f0,context:gameplay.r01.p01,0x07F1,pattern:pc080sn:4877bc6de6a65c29,4877bc6de6a65c29cf0c762faf38470048deb5633c984642a5f6f50ca12a5f04,0x002,palette:arcade.r01p01.plane.bank_0x002.epoch_00,0,,7
usage:pb:f58f0064c443:b0x002:f0,context:gameplay.r01.p01,0x07F2,pattern:pc080sn:f58f0064c443c01f,f58f0064c443c01f1a598fe900382f8f041d78a014ea490615d0ea2d9bf77fd8,0x002,palette:arcade.r01p01.plane.bank_0x002.epoch_00,0,,7
usage:pb:bc360e6f5e92:b0x002:f0,context:gameplay.r01.p01,0x07F3,pattern:pc080sn:bc360e6f5e925af5,bc360e6f5e925af5ff7c1aaaef9b1319bd5f53cc704565d401b7cce2ceb42651,0x002,palette:arcade.r01p01.plane.bank_0x002.epoch_00,0,,7
usage:pb:aabd21973ba5:b0x002:f0,context:gameplay.r01.p01,0x07F4,pattern:pc080sn:aabd21973ba51dff,aabd21973ba51dffaa30813857d2f53838357b0d89f8e7e369c79448ad7e07b6,0x002,palette:arcade.r01p01.plane.bank_0x002.epoch_00,0,,7
usage:pb:7ec0debe516f:b0x002:f0,context:gameplay.r01.p01,0x07F5,pattern:pc080sn:7ec0debe516f4f64,7ec0debe516f4f64ff2d7bae84ecefa55011794c5e00dfa2db4cb710ec0b147c,0x002,palette:arcade.r01p01.plane.bank_0x002.epoch_00,0,,7
usage:pb:898c9103e531:b0x002:f0,context:gameplay.r01.p01,0x07F6,pattern:pc080sn:898c9103e5313c6f,898c9103e5313c6f2a356d2fa692b11a921444ed8ed925cd3faff01cf726198d,0x002,palette:arcade.r01p01.plane.bank_0x002.epoch_00,0,,7
usage:pb:86a66602107c:b0x002:f0,context:gameplay.r01.p01,0x07F7,pattern:pc080sn:86a66602107cc947,86a66602107cc947302c0b4e3e870238471bd2ef6a936bbfb493ce58d9236559,0x002,palette:arcade.r01p01.plane.bank_0x002.epoch_00,0,,7
usage:pb:74dd66c8e153:b0x002:f0,context:gameplay.r01.p01,0x07F8,pattern:pc080sn:74dd66c8e15327b3,74dd66c8e15327b3a174e9d80d54f318534b4ea7fdc6650657a1296989395730,0x002,palette:arcade.r01p01.plane.bank_0x002.epoch_00,0,,7
usage:pb:7546d94d4bf2:b0x002:f0,context:gameplay.r01.p01,0x07F9,pattern:pc080sn:7546d94d4bf22f91,7546d94d4bf22f913bcc607621d197d789088d6c3dcab586d19d3f8c4e7ebe93,0x002,palette:arcade.r01p01.plane.bank_0x002.epoch_00,0,,7
usage:pb:00535e333d83:b0x002:f0,context:gameplay.r01.p01,0x07FA,pattern:pc080sn:00535e333d83f60f,00535e333d83f60f711114dc74601edef803cad81e8aaf7e69e7b9373c33227f,0x002,palette:arcade.r01p01.plane.bank_0x002.epoch_00,0,,7
usage:pb:377b8fdfaa84:b0x002:f0,context:gameplay.r01.p01,0x07FB,pattern:pc080sn:377b8fdfaa84c280,377b8fdfaa84c280afd8e325aff97f359f1d4fa5a55575774bf81378eba9c3df,0x002,palette:arcade.r01p01.plane.bank_0x002.epoch_00,0,,7
