entry_label,selector,frame,state0,state2,state4,round_byte,segment,sprite_ctrl,renderer_mode,block,actor_index,actor_address,active,actor_class,actor_flags2,actor_flags3,actor_state,record_selector,animation,world_x,world_y,base_code,flip,actor_attr,compositor_family,owned_record_start,owned_record_count,piece_records
round2_phase1,0xFE,2652,0x0002,0x0003,0x0000,0x01,0x0018,0x0000,0x0000,actor_2c8,8,0x10C4C8,0x01,0x17,0x00,0x00,0x02,0x00,0x00,0x013E,0x00C9,0x004B,0x00,0x46,0x00,220,19,
round2_phase1,0xFE,2654,0x0002,0x0003,0x0000,0x01,0x0018,0x0000,0x0000,actor_2c8,8,0x10C4C8,0x01,0x17,0x00,0x00,0x02,0x00,0x00,0x013C,0x00C3,0x004B,0x00,0x46,0x00,220,19,220:4046:00C7:0066:012D|221:4046:00B7:0064:012D|222:4046:00B7:004E:012D|223:4046:00A7:004C:012D|224:4046:00C7:0065:013D|225:4046:00B7:0063:013D|226:4046:00B7:004D:013D|227:4046:00A7:004B:013D
round2_phase1,0xFE,2656,0x0002,0x0003,0x0000,0x01,0x0018,0x0000,0x0000,actor_2c8,8,0x10C4C8,0x01,0x17,0x00,0x00,0x02,0x00,0x00,0x013A,0x00BD,0x004B,0x00,0x46,0x00,220,19,220:4046:00C1:0066:012B|221:4046:00B1:0064:012B|222:4046:00B1:004E:012B|223:4046:00A1:004C:012B|224:4046:00C1:0065:013B|225:4046:00B1:0063:013B|226:4046:00B1:004D:013B|227:4046:00A1:004B:013B
round2_phase1,0xFE,2658,0x0002,0x0003,0x0000,0x01,0x0018,0x0000,0x0000,actor_2c8,8,0x10C4C8,0x01,0x17,0x00,0x00,0x02,0x00,0x00,0x0138,0x00B7,0x004B,0x00,0x46,0x00,220,19,220:4046:00BB:0066:0129|221:4046:00AB:0064:0129|222:4046:00AB:004E:0129|223:4046:009B:004C:0129|224:4046:00BB:0065:0139|225:4046:00AB:0063:0139|226:4046:00AB:004D:0139|227:4046:009B:004B:0139
round2_phase1,0xFE,2660,0x0002,0x0003,0x0000,0x01,0x0018,0x0000,0x0000,actor_2c8,8,0x10C4C8,0x01,0x18,0x00,0x00,0x02,0x00,0x00,0x0138,0x00B1,0x004B,0x00,0x46,0x00,220,19,220:4046:00B4:0069:0127|221:4046:00A4:0067:0127|222:4046:00A4:004E:0127|223:4046:0094:004C:0127|224:4046:00B4:0068:0137|225:4046:00A4:0063:0137|226:4046:00A4:004D:0137|227:4046:0094:004B:0137
round2_phase1,0xFE,2662,0x0002,0x0003,0x0000,0x01,0x0018,0x0000,0x0000,actor_2c8,8,0x10C4C8,0x01,0x18,0x00,0x00,0x02,0x00,0x00,0x0136,0x00AB,0x004B,0x00,0x46,0x00,220,19,220:4046:00AE:0069:0125|221:4046:009E:0067:0125|222:4046:009E:004E:0125|223:4046:008E:004C:0125|224:4046:00AE:0068:0135|225:4046:009E:0063:0135|226:4046:009E:004D:0135|227:4046:008E:004B:0135
round2_phase1,0xFE,2664,0x0002,0x0003,0x0000,0x01,0x0018,0x0000,0x0000,actor_2c8,8,0x10C4C8,0x01,0x18,0x00,0x00,0x02,0x00,0x00,0x0134,0x00A5,0x004B,0x00,0x46,0x00,220,19,220:4046:00A8:0069:0123|221:4046:0098:0067:0123|222:4046:0098:004E:0123|223:4046:0088:004C:0123|224:4046:00A8:0068:0133|225:4046:0098:0063:0133|226:4046:0098:004D:0133|227:4046:0088:004B:0133
round2_phase1,0xFE,2666,0x0002,0x0003,0x0000,0x01,0x0018,0x0000,0x0000,actor_2c8,8,0x10C4C8,0x01,0x18,0x00,0x00,0x02,0x00,0x00,0x0132,0x009F,0x004B,0x00,0x46,0x00,220,19,220:4046:00A2:0069:0121|221:4046:0092:0067:0121|222:4046:0092:004E:0121|223:4046:0082:004C:0121|224:4046:00A2:0068:0131|225:4046:0092:0063:0131|226:4046:0092:004D:0131|227:4046:0082:004B:0131
round2_phase1,0xFE,2668,0x0002,0x0003,0x0000,0x01,0x0018,0x0000,0x0000,actor_2c8,8,0x10C4C8,0x01,0x19,0x00,0x00,0x02,0x00,0x00,0x0130,0x0099,0x004B,0x00,0x46,0x00,220,19,220:4046:009D:006D:011F|221:4046:008D:006B:011F|222:4046:008D:004E:011F|223:4046:007D:004C:011F|224:4046:009D:006C:012F|225:4046:008D:006A:012F|226:4046:008D:004D:012F|227:4046:007D:004B:012F
round2_phase1,0xFE,2670,0x0002,0x0003,0x0000,0x01,0x0018,0x0000,0x0000,actor_2c8,8,0x10C4C8,0x01,0x19,0x00,0x00,0x02,0x00,0x00,0x012E,0x0093,0x004B,0x00,0x46,0x00,220,19,220:4046:0097:006D:011F|221:4046:0087:006B:011F|222:4046:0087:004E:011F|223:4046:0077:004C:011F|224:4046:0097:006C:012F|225:4046:0087:006A:012F|226:4046:0087:004D:012F|227:4046:0077:004B:012F
round2_phase1,0xFE,2672,0x0002,0x0003,0x0000,0x01,0x0018,0x0000,0x0000,actor_2c8,8,0x10C4C8,0x01,0x19,0x00,0x00,0x02,0x00,0x00,0x012C,0x008D,0x004B,0x00,0x46,0x00,220,19,220:4046:0091:006D:011D|221:4046:0081:006B:011D|222:4046:0081:004E:011D|223:4046:0071:004C:011D|224:4046:0091:006C:012D|225:4046:0081:006A:012D|226:4046:0081:004D:012D|227:4046:0071:004B:012D
round2_phase1,0xFE,2674,0x0002,0x0003,0x0000,0x01,0x0018,0x0000,0x0000,actor_2c8,8,0x10C4C8,0x01,0x19,0x00,0x00,0x02,0x00,0x00,0x012A,0x0087,0x004B,0x00,0x46,0x00,220,19,220:4046:008B:006D:011B|221:4046:007B:006B:011B|222:4046:007B:004E:011B|223:4046:006B:004C:011B|224:4046:008B:006C:012B|225:4046:007B:006A:012B|226:4046:007B:004D:012B|227:4046:006B:004B:012B
round2_phase1,0xFE,2676,0x0002,0x0003,0x0000,0x01,0x0018,0x0000,0x0000,actor_2c8,8,0x10C4C8,0x01,0x18,0x00,0x00,0x02,0x00,0x00,0x0128,0x0081,0x004B,0x00,0x46,0x00,220,19,220:4046:0084:0069:0119|221:4046:0074:0067:0119|222:4046:0074:004E:0119|223:4046:0064:004C:0119|224:4046:0084:0068:0129|225:4046:0074:0063:0129|226:4046:0074:004D:0129|227:4046:0064:004B:0129
round2_phase1,0xFE,2678,0x0002,0x0003,0x0000,0x01,0x0018,0x0000,0x0000,actor_2c8,8,0x10C4C8,0x01,0x18,0x00,0x00,0x02,0x00,0x00,0x0128,0x007B,0x004B,0x00,0x46,0x00,220,19,220:4046:007E:0069:0117|221:4046:006E:0067:0117|222:4046:006E:004E:0117|223:4046:005E:004C:0117|224:4046:007E:0068:0127|225:4046:006E:0063:0127|226:4046:006E:004D:0127|227:4046:005E:004B:0127
round2_phase1,0xFE,2680,0x0002,0x0003,0x0000,0x01,0x0018,0x0000,0x0000,actor_2c8,8,0x10C4C8,0x01,0x18,0x00,0x00,0x02,0x00,0x00,0x0126,0x0079,0x004B,0x00,0x46,0x00,220,19,220:4046:0079:0069:0115|221:4046:0069:0067:0115|222:4046:0069:004E:0115|223:4046:0059:004C:0115|224:4046:0079:0068:0125|225:4046:0069:0063:0125|226:4046:0069:004D:0125|227:4046:0059:004B:0125
round2_phase1,0xFE,2682,0x0002,0x0003,0x0000,0x01,0x0018,0x0000,0x0000,actor_2c8,8,0x10C4C8,0x01,0x18,0x00,0x00,0x02,0x00,0x00,0x0124,0x0079,0x004B,0x00,0x46,0x00,220,19,220:4046:0079:0069:0113|221:4046:0069:0067:0113|222:4046:0069:004E:0113|223:4046:0059:004C:0113|224:4046:0079:0068:0123|225:4046:0069:0063:0123|226:4046:0069:004D:0123|227:4046:0059:004B:0123
round2_phase1,0xFE,2684,0x0002,0x0003,0x0000,0x01,0x0018,0x0000,0x0000,actor_2c8,8,0x10C4C8,0x01,0x17,0x00,0x00,0x02,0x00,0x00,0x0122,0x0079,0x004B,0x00,0x46,0x00,220,19,220:4046:007A:0066:0111|221:4046:006A:0064:0111|222:4046:006A:004E:0111|223:4046:005A:004C:0111|224:4046:007A:0065:0121|225:4046:006A:0063:0121|226:4046:006A:004D:0121|227:4046:005A:004B:0121
round2_phase1,0xFE,2686,0x0002,0x0003,0x0000,0x01,0x0018,0x0000,0x0000,actor_2c8,8,0x10C4C8,0x01,0x17,0x00,0x00,0x02,0x00,0x00,0x0120,0x0079,0x004B,0x00,0x46,0x00,220,19,220:4046:007A:0066:010F|221:4046:006A:0064:010F|222:4046:006A:004E:010F|223:4046:005A:004C:010F|224:4046:007A:0065:011F|225:4046:006A:0063:011F|226:4046:006A:004D:011F|227:4046:005A:004B:011F
round2_phase1,0xFE,2690,0x0002,0x0003,0x0000,0x01,0x0018,0x0000,0x0000,actor_2c8,8,0x10C4C8,0x01,0x17,0x00,0x00,0x02,0x00,0x00,0x011C,0x0079,0x004B,0x00,0x46,0x00,220,19,220:4046:007A:0066:010D|221:4046:006A:0064:010D|222:4046:006A:004E:010D|223:4046:005A:004C:010D|224:4046:007A:0065:011D|225:4046:006A:0063:011D|226:4046:006A:004D:011D|227:4046:005A:004B:011D
round2_phase1,0xFE,2692,0x0002,0x0003,0x0000,0x01,0x0018,0x0000,0x0000,actor_2c8,8,0x10C4C8,0x01,0x18,0x00,0x00,0x02,0x00,0x00,0x011A,0x0079,0x004B,0x00,0x46,0x00,220,19,220:4046:0079:0069:010B|221:4046:0069:0067:010B|222:4046:0069:004E:010B|223:4046:0059:004C:010B|224:4046:0079:0068:011B|225:4046:0069:0063:011B|226:4046:0069:004D:011B|227:4046:0059:004B:011B
round2_phase1,0xFE,2694,0x0002,0x0003,0x0000,0x01,0x0018,0x0000,0x0000,actor_2c8,8,0x10C4C8,0x01,0x18,0x00,0x00,0x02,0x00,0x00,0x0118,0x0079,0x004B,0x00,0x46,0x00,220,19,220:4046:0079:0069:0109|221:4046:0069:0067:0109|222:4046:0069:004E:0109|223:4046:0059:004C:0109|224:4046:0079:0068:0119|225:4046:0069:0063:0119|226:4046:0069:004D:0119|227:4046:0059:004B:0119
round2_phase1,0xFE,2696,0x0002,0x0003,0x0000,0x01,0x0018,0x0000,0x0000,actor_2c8,8,0x10C4C8,0x01,0x18,0x00,0x00,0x02,0x00,0x00,0x0118,0x0079,0x004B,0x00,0x46,0x00,220,19,220:4046:0079:0069:0107|221:4046:0069:0067:0107|222:4046:0069:004E:0107|223:4046:0059:004C:0107|224:4046:0079:0068:0117|225:4046:0069:0063:0117|226:4046:0069:004D:0117|227:4046:0059:004B:0117
round2_phase1,0xFE,2698,0x0002,0x0003,0x0000,0x01,0x0018,0x0000,0x0000,actor_2c8,8,0x10C4C8,0x01,0x18,0x00,0x00,0x02,0x00,0x00,0x0116,0x0079,0x004B,0x00,0x46,0x00,220,19,220:4046:0079:0069:0105|221:4046:0069:0067:0105|222:4046:0069:004E:0105|223:4046:0059:004C:0105|224:4046:0079:0068:0115|225:4046:0069:0063:0115|226:4046:0069:004D:0115|227:4046:0059:004B:0115
round2_phase1,0xFE,2700,0x0002,0x0003,0x0000,0x01,0x0018,0x0000,0x0000,actor_2c8,8,0x10C4C8,0x01,0x19,0x00,0x00,0x02,0x00,0x00,0x0114,0x0079,0x004B,0x00,0x46,0x00,220,19,220:4046:007A:006D:0103|221:4046:006A:006B:0103|222:4046:006A:004E:0103|223:4046:005A:004C:0103|224:4046:007A:006C:0113|225:4046:006A:006A:0113|226:4046:006A:004D:0113|227:4046:005A:004B:0113
round2_phase1,0xFE,2702,0x0002,0x0003,0x0000,0x01,0x0018,0x0000,0x0000,actor_2c8,8,0x10C4C8,0x01,0x19,0x00,0x00,0x02,0x00,0x00,0x0112,0x0079,0x004B,0x00,0x46,0x00,220,19,220:4046:007A:006D:0101|221:4046:006A:006B:0101|222:4046:006A:004E:0101|223:4046:005A:004C:0101|224:4046:007A:006C:0111|225:4046:006A:006A:0111|226:4046:006A:004D:0111|227:4046:005A:004B:0111
round2_phase1,0xFE,2704,0x0002,0x0003,0x0000,0x01,0x0018,0x0000,0x0000,actor_2c8,8,0x10C4C8,0x01,0x19,0x00,0x00,0x02,0x00,0x00,0x0110,0x0079,0x004B,0x00,0x46,0x00,220,19,220:4046:007A:006D:00FF|221:4046:006A:006B:00FF|222:4046:006A:004E:00FF|223:4046:005A:004C:00FF|224:4046:007A:006C:010F|225:4046:006A:006A:010F|226:4046:006A:004D:010F|227:4046:005A:004B:010F
round2_phase1,0xFE,2708,0x0002,0x0003,0x0000,0x01,0x0018,0x0000,0x0000,actor_2c8,8,0x10C4C8,0x01,0x18,0x00,0x00,0x02,0x00,0x00,0x010C,0x0079,0x004B,0x00,0x46,0x00,220,19,220:4046:0079:0069:00FD|221:4046:0069:0067:00FD|222:4046:0069:004E:00FD|223:4046:0059:004C:00FD|224:4046:0079:0068:010D|225:4046:0069:0063:010D|226:4046:0069:004D:010D|227:4046:0059:004B:010D
round2_phase1,0xFE,2710,0x0002,0x0003,0x0000,0x01,0x0018,0x0000,0x0000,actor_2c8,8,0x10C4C8,0x01,0x18,0x00,0x00,0x02,0x00,0x00,0x010A,0x0079,0x004B,0x00,0x46,0x00,220,19,220:4046:0079:0069:00FB|221:4046:0069:0067:00FB|222:4046:0069:004E:00FB|223:4046:0059:004C:00FB|224:4046:0079:0068:010B|225:4046:0069:0063:010B|226:4046:0069:004D:010B|227:4046:0059:004B:010B
round2_phase1,0xFE,2712,0x0002,0x0003,0x0000,0x01,0x0018,0x0000,0x0000,actor_2c8,8,0x10C4C8,0x01,0x18,0x00,0x00,0x02,0x00,0x00,0x0108,0x0079,0x004B,0x00,0x46,0x00,220,19,220:4046:0079:0069:00F9|221:4046:0069:0067:00F9|222:4046:0069:004E:00F9|223:4046:0059:004C:00F9|224:4046:0079:0068:0109|225:4046:0069:0063:0109|226:4046:0069:004D:0109|227:4046:0059:004B:0109
round2_phase1,0xFE,2714,0x0002,0x0003,0x0000,0x01,0x0018,0x0000,0x0000,actor_2c8,8,0x10C4C8,0x01,0x18,0x00,0x00,0x02,0x00,0x00,0x0108,0x0079,0x004B,0x00,0x46,0x00,220,19,220:4046:0079:0069:00F7|221:4046:0069:0067:00F7|222:4046:0069:004E:00F7|223:4046:0059:004C:00F7|224:4046:0079:0068:0107|225:4046:0069:0063:0107|226:4046:0069:004D:0107|227:4046:0059:004B:0107
round2_phase1,0xFE,2716,0x0002,0x0003,0x0000,0x01,0x0018,0x0000,0x0000,actor_2c8,8,0x10C4C8,0x01,0x17,0x00,0x00,0x02,0x00,0x00,0x0106,0x0079,0x004B,0x00,0x46,0x00,220,19,220:4046:007A:0066:00F5|221:4046:006A:0064:00F5|222:4046:006A:004E:00F5|223:4046:005A:004C:00F5|224:4046:007A:0065:0105|225:4046:006A:0063:0105|226:4046:006A:004D:0105|227:4046:005A:004B:0105
round2_phase1,0xFE,2718,0x0002,0x0003,0x0000,0x01,0x0018,0x0000,0x0000,actor_2c8,7,0x10C488,0x01,0x17,0x00,0x00,0x02,0x00,0x00,0x013E,0x0079,0x004B,0x00,0x46,0x00,210,10,210:4046:007A:0066:012D|211:4046:006A:0064:012D|212:4046:006A:004E:012D|213:4046:005A:004C:012D|214:4046:007A:0065:013D|215:4046:006A:0063:013D|216:4046:006A:004D:013D|217:4046:005A:004B:013D
round2_phase1,0xFE,2718,0x0002,0x0003,0x0000,0x01,0x0018,0x0000,0x0000,actor_2c8,8,0x10C4C8,0x01,0x17,0x00,0x00,0x02,0x00,0x00,0x0104,0x0079,0x004B,0x00,0x46,0x00,220,19,220:4046:007A:0066:00F3|221:4046:006A:0064:00F3|222:4046:006A:004E:00F3|223:4046:005A:004C:00F3|224:4046:007A:0065:0103|225:4046:006A:0063:0103|226:4046:006A:004D:0103|227:4046:005A:004B:0103
round2_phase1,0xFE,2720,0x0002,0x0003,0x0000,0x01,0x0018,0x0000,0x0000,actor_2c8,7,0x10C488,0x01,0x17,0x00,0x00,0x02,0x00,0x00,0x013C,0x0079,0x004B,0x00,0x46,0x00,210,10,210:4046:007A:0066:012B|211:4046:006A:0064:012B|212:4046:006A:004E:012B|213:4046:005A:004C:012B|214:4046:007A:0065:013B|215:4046:006A:0063:013B|216:4046:006A:004D:013B|217:4046:005A:004B:013B
round2_phase1,0xFE,2720,0x0002,0x0003,0x0000,0x01,0x0018,0x0000,0x0000,actor_2c8,8,0x10C4C8,0x01,0x17,0x00,0x00,0x02,0x00,0x00,0x0102,0x0079,0x004B,0x00,0x46,0x00,220,19,220:4046:007A:0066:00F1|221:4046:006A:0064:00F1|222:4046:006A:004E:00F1|223:4046:005A:004C:00F1|224:4046:007A:0065:0101|225:4046:006A:0063:0101|226:4046:006A:004D:0101|227:4046:005A:004B:0101
round2_phase1,0xFE,2722,0x0002,0x0003,0x0000,0x01,0x0018,0x0000,0x0000,actor_2c8,7,0x10C488,0x01,0x17,0x00,0x00,0x02,0x00,0x00,0x013A,0x0079,0x004B,0x00,0x46,0x00,210,10,210:4046:007A:0066:0129|211:4046:006A:0064:0129|212:4046:006A:004E:0129|213:4046:005A:004C:0129|214:4046:007A:0065:0139|215:4046:006A:0063:0139|216:4046:006A:004D:0139|217:4046:005A:004B:0139
round2_phase1,0xFE,2722,0x0002,0x0003,0x0000,0x01,0x0018,0x0000,0x0000,actor_2c8,8,0x10C4C8,0x01,0x17,0x00,0x00,0x02,0x00,0x00,0x0100,0x0079,0x004B,0x00,0x46,0x00,220,19,220:4046:007A:0066:00EF|221:4046:006A:0064:00EF|222:4046:006A:004E:00EF|223:4046:005A:004C:00EF|224:4046:007A:0065:00FF|225:4046:006A:0063:00FF|226:4046:006A:004D:00FF|227:4046:005A:004B:00FF
round2_phase1,0xFE,2724,0x0002,0x0003,0x0000,0x01,0x0018,0x0000,0x0000,actor_2c8,7,0x10C488,0x01,0x18,0x00,0x00,0x02,0x00,0x00,0x0138,0x0079,0x004B,0x00,0x46,0x00,210,10,210:4046:0079:0069:0127|211:4046:0069:0067:0127|212:4046:0069:004E:0127|213:4046:0059:004C:0127|214:4046:0079:0068:0137|215:4046:0069:0063:0137|216:4046:0069:004D:0137|217:4046:0059:004B:0137
round2_phase1,0xFE,2724,0x0002,0x0003,0x0000,0x01,0x0018,0x0000,0x0000,actor_2c8,8,0x10C4C8,0x01,0x18,0x00,0x00,0x02,0x00,0x00,0x00FE,0x0079,0x004B,0x00,0x46,0x00,220,19,220:4046:0079:0069:00EF|221:4046:0069:0067:00EF|222:4046:0069:004E:00EF|223:4046:0059:004C:00EF|224:4046:0079:0068:00FF|225:4046:0069:0063:00FF|226:4046:0069:004D:00FF|227:4046:0059:004B:00FF
round2_phase1,0xFE,2726,0x0002,0x0003,0x0000,0x01,0x0018,0x0000,0x0000,actor_2c8,8,0x10C4C8,0x01,0x18,0x00,0x00,0x02,0x00,0x00,0x00FC,0x0079,0x004B,0x00,0x46,0x00,220,19,220:4046:0079:0069:00ED|221:4046:0069:0067:00ED|222:4046:0069:004E:00ED|223:4046:0059:004C:00ED|224:4046:0079:0068:00FD|225:4046:0069:0063:00FD|226:4046:0069:004D:00FD|227:4046:0059:004B:00FD
round2_phase1,0xFE,2728,0x0002,0x0003,0x0000,0x01,0x0018,0x0000,0x0000,actor_2c8,7,0x10C488,0x01,0x18,0x00,0x00,0x02,0x00,0x00,0x0134,0x0079,0x004B,0x00,0x46,0x00,210,10,210:4046:0079:0069:0125|211:4046:0069:0067:0125|212:4046:0069:004E:0125|213:4046:0059:004C:0125|214:4046:0079:0068:0135|215:4046:0069:0063:0135|216:4046:0069:004D:0135|217:4046:0059:004B:0135
round2_phase1,0xFE,2728,0x0002,0x0003,0x0000,0x01,0x0018,0x0000,0x0000,actor_2c8,8,0x10C4C8,0x01,0x18,0x00,0x00,0x02,0x00,0x00,0x00FA,0x0079,0x004B,0x00,0x46,0x00,220,19,220:4046:0079:0069:00EB|221:4046:0069:0067:00EB|222:4046:0069:004E:00EB|223:4046:0059:004C:00EB|224:4046:0079:0068:00FB|225:4046:0069:0063:00FB|226:4046:0069:004D:00FB|227:4046:0059:004B:00FB
round2_phase1,0xFE,2730,0x0002,0x0003,0x0000,0x01,0x0018,0x0000,0x0000,actor_2c8,7,0x10C488,0x01,0x18,0x00,0x00,0x02,0x00,0x00,0x0132,0x0079,0x004B,0x00,0x46,0x00,210,10,210:4046:0079:0069:0123|211:4046:0069:0067:0123|212:4046:0069:004E:0123|213:4046:0059:004C:0123|214:4046:0079:0068:0133|215:4046:0069:0063:0133|216:4046:0069:004D:0133|217:4046:0059:004B:0133
round2_phase1,0xFE,2730,0x0002,0x0003,0x0000,0x01,0x0018,0x0000,0x0000,actor_2c8,8,0x10C4C8,0x01,0x18,0x00,0x00,0x02,0x00,0x00,0x00F8,0x0079,0x004B,0x00,0x46,0x00,220,19,220:4046:0079:0069:00E9|221:4046:0069:0067:00E9|222:4046:0069:004E:00E9|223:4046:0059:004C:00E9|224:4046:0079:0068:00F9|225:4046:0069:0063:00F9|226:4046:0069:004D:00F9|227:4046:0059:004B:00F9
round2_phase1,0xFE,2732,0x0002,0x0003,0x0000,0x01,0x0018,0x0000,0x0000,actor_2c8,7,0x10C488,0x01,0x19,0x00,0x00,0x02,0x00,0x00,0x0130,0x0079,0x004B,0x00,0x46,0x00,210,10,210:4046:007A:006D:0121|211:4046:006A:006B:0121|212:4046:006A:004E:0121|213:4046:005A:004C:0121|214:4046:007A:006C:0131|215:4046:006A:006A:0131|216:4046:006A:004D:0131|217:4046:005A:004B:0131
round2_phase1,0xFE,2732,0x0002,0x0003,0x0000,0x01,0x0018,0x0000,0x0000,actor_2c8,8,0x10C4C8,0x01,0x19,0x00,0x00,0x02,0x00,0x00,0x00F8,0x0079,0x004B,0x00,0x46,0x00,220,19,220:4046:007A:006D:00E7|221:4046:006A:006B:00E7|222:4046:006A:004E:00E7|223:4046:005A:004C:00E7|224:4046:007A:006C:00F7|225:4046:006A:006A:00F7|226:4046:006A:004D:00F7|227:4046:005A:004B:00F7
round2_phase1,0xFE,2734,0x0002,0x0003,0x0000,0x01,0x0018,0x0000,0x0000,actor_2c8,7,0x10C488,0x01,0x19,0x00,0x00,0x02,0x00,0x00,0x0130,0x0079,0x004B,0x00,0x46,0x00,210,10,210:4046:007A:006D:011F|211:4046:006A:006B:011F|212:4046:006A:004E:011F|213:4046:005A:004C:011F|214:4046:007A:006C:012F|215:4046:006A:006A:012F|216:4046:006A:004D:012F|217:4046:005A:004B:012F
round2_phase1,0xFE,2734,0x0002,0x0003,0x0000,0x01,0x0018,0x0000,0x0000,actor_2c8,8,0x10C4C8,0x01,0x19,0x00,0x00,0x02,0x00,0x00,0x00F6,0x0079,0x004B,0x00,0x46,0x00,220,19,220:4046:007A:006D:00E5|221:4046:006A:006B:00E5|222:4046:006A:004E:00E5|223:4046:005A:004C:00E5|224:4046:007A:006C:00F5|225:4046:006A:006A:00F5|226:4046:006A:004D:00F5|227:4046:005A:004B:00F5
round2_phase1,0xFE,2736,0x0002,0x0003,0x0000,0x01,0x0018,0x0000,0x0000,actor_2c8,7,0x10C488,0x01,0x19,0x00,0x00,0x02,0x00,0x00,0x012E,0x0079,0x004B,0x00,0x46,0x00,210,10,210:4046:007A:006D:011D|211:4046:006A:006B:011D|212:4046:006A:004E:011D|213:4046:005A:004C:011D|214:4046:007A:006C:012D|215:4046:006A:006A:012D|216:4046:006A:004D:012D|217:4046:005A:004B:012D
round2_phase1,0xFE,2736,0x0002,0x0003,0x0000,0x01,0x0018,0x0000,0x0000,actor_2c8,8,0x10C4C8,0x01,0x19,0x00,0x00,0x02,0x00,0x00,0x00F4,0x0079,0x004B,0x00,0x46,0x00,220,19,220:4046:007A:006D:00E3|221:4046:006A:006B:00E3|222:4046:006A:004E:00E3|223:4046:005A:004C:00E3|224:4046:007A:006C:00F3|225:4046:006A:006A:00F3|226:4046:006A:004D:00F3|227:4046:005A:004B:00F3
round2_phase1,0xFE,2738,0x0002,0x0003,0x0000,0x01,0x0018,0x0000,0x0000,actor_2c8,7,0x10C488,0x01,0x19,0x00,0x00,0x02,0x00,0x00,0x012C,0x0079,0x004B,0x00,0x46,0x00,210,10,210:4046:007A:006D:011B|211:4046:006A:006B:011B|212:4046:006A:004E:011B|213:4046:005A:004C:011B|214:4046:007A:006C:012B|215:4046:006A:006A:012B|216:4046:006A:004D:012B|217:4046:005A:004B:012B
round2_phase1,0xFE,2738,0x0002,0x0003,0x0000,0x01,0x0018,0x0000,0x0000,actor_2c8,8,0x10C4C8,0x01,0x19,0x00,0x00,0x02,0x00,0x00,0x00F2,0x0079,0x004B,0x00,0x46,0x00,220,19,220:4046:007A:006D:00E1|221:4046:006A:006B:00E1|222:4046:006A:004E:00E1|223:4046:005A:004C:00E1|224:4046:007A:006C:00F1|225:4046:006A:006A:00F1|226:4046:006A:004D:00F1|227:4046:005A:004B:00F1
round2_phase1,0xFE,2740,0x0002,0x0003,0x0000,0x01,0x0018,0x0000,0x0000,actor_2c8,7,0x10C488,0x01,0x18,0x00,0x00,0x02,0x00,0x00,0x012A,0x0079,0x004B,0x00,0x46,0x00,210,10,210:4046:0079:0069:0119|211:4046:0069:0067:0119|212:4046:0069:004E:0119|213:4046:0059:004C:0119|214:4046:0079:0068:0129|215:4046:0069:0063:0129|216:4046:0069:004D:0129|217:4046:0059:004B:0129
round2_phase1,0xFE,2740,0x0002,0x0003,0x0000,0x01,0x0018,0x0000,0x0000,actor_2c8,8,0x10C4C8,0x01,0x18,0x00,0x00,0x02,0x00,0x00,0x00F0,0x0079,0x004B,0x00,0x46,0x00,220,19,220:4046:0079:0069:00DF|221:4046:0069:0067:00DF|222:4046:0069:004E:00DF|223:4046:0059:004C:00DF|224:4046:0079:0068:00EF|225:4046:0069:0063:00EF|226:4046:0069:004D:00EF|227:4046:0059:004B:00EF
round2_phase1,0xFE,2742,0x0002,0x0003,0x0000,0x01,0x0018,0x0000,0x0000,actor_2c8,7,0x10C488,0x01,0x18,0x00,0x00,0x02,0x00,0x00,0x0128,0x0079,0x004B,0x00,0x46,0x00,210,10,210:4046:0079:0069:0117|211:4046:0069:0067:0117|212:4046:0069:004E:0117|213:4046:0059:004C:0117|214:4046:0079:0068:0127|215:4046:0069:0063:0127|216:4046:0069:004D:0127|217:4046:0059:004B:0127
round2_phase1,0xFE,2744,0x0002,0x0003,0x0000,0x01,0x0018,0x0000,0x0000,actor_2c8,8,0x10C4C8,0x01,0x18,0x00,0x00,0x02,0x00,0x00,0x00EC,0x0079,0x004B,0x00,0x46,0x00,220,19,220:4046:0079:0069:00DD|221:4046:0069:0067:00DD|222:4046:0069:004E:00DD|223:4046:0059:004C:00DD|224:4046:0079:0068:00ED|225:4046:0069:0063:00ED|226:4046:0069:004D:00ED|227:4046:0059:004B:00ED
round2_phase1,0xFE,2746,0x0002,0x0003,0x0000,0x01,0x0018,0x0000,0x0000,actor_2c8,7,0x10C488,0x01,0x18,0x00,0x00,0x02,0x00,0x00,0x0124,0x0079,0x004B,0x00,0x46,0x00,210,10,210:4046:0079:0069:0115|211:4046:0069:0067:0115|212:4046:0069:004E:0115|213:4046:0059:004C:0115|214:4046:0079:0068:0125|215:4046:0069:0063:0125|216:4046:0069:004D:0125|217:4046:0059:004B:0125
round2_phase1,0xFE,2746,0x0002,0x0003,0x0000,0x01,0x0018,0x0000,0x0000,actor_2c8,8,0x10C4C8,0x01,0x18,0x00,0x00,0x02,0x00,0x00,0x00EA,0x0079,0x004B,0x00,0x46,0x00,220,19,220:4046:0079:0069:00DB|221:4046:0069:0067:00DB|222:4046:0069:004E:00DB|223:4046:0059:004C:00DB|224:4046:0079:0068:00EB|225:4046:0069:0063:00EB|226:4046:0069:004D:00EB|227:4046:0059:004B:00EB
round2_phase1,0xFE,2748,0x0002,0x0003,0x0000,0x01,0x0018,0x0000,0x0000,actor_2c8,7,0x10C488,0x01,0x17,0x00,0x00,0x02,0x00,0x00,0x0122,0x0079,0x004B,0x00,0x46,0x00,210,10,210:4046:007A:0066:0113|211:4046:006A:0064:0113|212:4046:006A:004E:0113|213:4046:005A:004C:0113|214:4046:007A:0065:0123|215:4046:006A:0063:0123|216:4046:006A:004D:0123|217:4046:005A:004B:0123
round2_phase1,0xFE,2748,0x0002,0x0003,0x0000,0x01,0x0018,0x0000,0x0000,actor_2c8,8,0x10C4C8,0x01,0x17,0x00,0x00,0x02,0x00,0x00,0x00E8,0x0079,0x004B,0x00,0x46,0x00,220,19,220:4046:007A:0066:00D9|221:4046:006A:0064:00D9|222:4046:006A:004E:00D9|223:4046:005A:004C:00D9|224:4046:007A:0065:00E9|225:4046:006A:0063:00E9|226:4046:006A:004D:00E9|227:4046:005A:004B:00E9
round2_phase1,0xFE,2750,0x0002,0x0003,0x0000,0x01,0x0018,0x0000,0x0000,actor_2c8,7,0x10C488,0x01,0x17,0x00,0x00,0x02,0x00,0x00,0x0120,0x0079,0x004B,0x00,0x46,0x00,210,10,210:4046:007A:0066:0111|211:4046:006A:0064:0111|212:4046:006A:004E:0111|213:4046:005A:004C:0111|214:4046:007A:0065:0121|215:4046:006A:0063:0121|216:4046:006A:004D:0121|217:4046:005A:004B:0121
round2_phase1,0xFE,2750,0x0002,0x0003,0x0000,0x01,0x0018,0x0000,0x0000,actor_2c8,8,0x10C4C8,0x01,0x17,0x00,0x00,0x02,0x00,0x00,0x00E8,0x0079,0x004B,0x00,0x46,0x00,220,19,220:4046:007A:0066:00D7|221:4046:006A:0064:00D7|222:4046:006A:004E:00D7|223:4046:005A:004C:00D7|224:4046:007A:0065:00E7|225:4046:006A:0063:00E7|226:4046:006A:004D:00E7|227:4046:005A:004B:00E7
round2_phase1,0xFE,2752,0x0002,0x0003,0x0000,0x01,0x0018,0x0000,0x0000,actor_2c8,7,0x10C488,0x01,0x17,0x00,0x00,0x02,0x00,0x00,0x0120,0x0079,0x004B,0x00,0x46,0x00,210,10,210:4046:007A:0066:010F|211:4046:006A:0064:010F|212:4046:006A:004E:010F|213:4046:005A:004C:010F|214:4046:007A:0065:011F|215:4046:006A:0063:011F|216:4046:006A:004D:011F|217:4046:005A:004B:011F
round2_phase1,0xFE,2752,0x0002,0x0003,0x0000,0x01,0x0018,0x0000,0x0000,actor_2c8,8,0x10C4C8,0x01,0x17,0x00,0x00,0x02,0x00,0x00,0x00E6,0x0079,0x004B,0x00,0x46,0x00,220,19,220:4046:007A:0066:00D5|221:4046:006A:0064:00D5|222:4046:006A:004E:00D5|223:4046:005A:004C:00D5|224:4046:007A:0065:00E5|225:4046:006A:0063:00E5|226:4046:006A:004D:00E5|227:4046:005A:004B:00E5
round2_phase1,0xFE,2754,0x0002,0x0003,0x0000,0x01,0x0018,0x0000,0x0000,actor_2c8,7,0x10C488,0x01,0x17,0x00,0x00,0x02,0x00,0x00,0x011E,0x0079,0x004B,0x00,0x46,0x00,210,10,210:4046:007A:0066:010D|211:4046:006A:0064:010D|212:4046:006A:004E:010D|213:4046:005A:004C:010D|214:4046:007A:0065:011D|215:4046:006A:0063:011D|216:4046:006A:004D:011D|217:4046:005A:004B:011D
round2_phase1,0xFE,2754,0x0002,0x0003,0x0000,0x01,0x0018,0x0000,0x0000,actor_2c8,8,0x10C4C8,0x01,0x17,0x00,0x00,0x02,0x00,0x00,0x00E4,0x0079,0x004B,0x00,0x46,0x00,220,19,220:4046:007A:0066:00D3|221:4046:006A:0064:00D3|222:4046:006A:004E:00D3|223:4046:005A:004C:00D3|224:4046:007A:0065:00E3|225:4046:006A:0063:00E3|226:4046:006A:004D:00E3|227:4046:005A:004B:00E3
round2_phase1,0xFE,2756,0x0002,0x0003,0x0000,0x01,0x0018,0x0000,0x0000,actor_2c8,7,0x10C488,0x01,0x18,0x00,0x00,0x02,0x00,0x00,0x011C,0x0079,0x004B,0x00,0x46,0x00,210,10,210:4046:0079:0069:010B|211:4046:0069:0067:010B|212:4046:0069:004E:010B|213:4046:0059:004C:010B|214:4046:0079:0068:011B|215:4046:0069:0063:011B|216:4046:0069:004D:011B|217:4046:0059:004B:011B
round2_phase1,0xFE,2756,0x0002,0x0003,0x0000,0x01,0x0018,0x0000,0x0000,actor_2c8,8,0x10C4C8,0x01,0x18,0x00,0x00,0x02,0x00,0x00,0x00E2,0x0079,0x004B,0x00,0x46,0x00,220,19,220:4046:0079:0069:00D1|221:4046:0069:0067:00D1|222:4046:0069:004E:00D1|223:4046:0059:004C:00D1|224:4046:0079:0068:00E1|225:4046:0069:0063:00E1|226:4046:0069:004D:00E1|227:4046:0059:004B:00E1
round2_phase1,0xFE,2758,0x0002,0x0003,0x0000,0x01,0x0018,0x0000,0x0000,actor_2c8,7,0x10C488,0x01,0x18,0x00,0x00,0x02,0x00,0x00,0x011A,0x0079,0x004B,0x00,0x46,0x00,210,10,210:4046:0079:0069:0109|211:4046:0069:0067:0109|212:4046:0069:004E:0109|213:4046:0059:004C:0109|214:4046:0079:0068:0119|215:4046:0069:0063:0119|216:4046:0069:004D:0119|217:4046:0059:004B:0119
round2_phase1,0xFE,2758,0x0002,0x0003,0x0000,0x01,0x0018,0x0000,0x0000,actor_2c8,8,0x10C4C8,0x01,0x18,0x00,0x00,0x02,0x00,0x00,0x00E0,0x0079,0x004B,0x00,0x46,0x00,220,19,220:4046:0079:0069:00CF|221:4046:0069:0067:00CF|222:4046:0069:004E:00CF|223:4046:0059:004C:00CF|224:4046:0079:0068:00DF|225:4046:0069:0063:00DF|226:4046:0069:004D:00DF|227:4046:0059:004B:00DF
round2_phase1,0xFE,2760,0x0002,0x0003,0x0000,0x01,0x0018,0x0000,0x0000,actor_2c8,7,0x10C488,0x01,0x18,0x00,0x00,0x02,0x00,0x00,0x0118,0x0079,0x004B,0x00,0x46,0x00,210,10,210:4046:0079:0069:0107|211:4046:0069:0067:0107|212:4046:0069:004E:0107|213:4046:0059:004C:0107|214:4046:0079:0068:0117|215:4046:0069:0063:0117|216:4046:0069:004D:0117|217:4046:0059:004B:0117
round2_phase1,0xFE,2762,0x0002,0x0003,0x0000,0x01,0x0018,0x0000,0x0000,actor_2c8,8,0x10C4C8,0x01,0x18,0x00,0x00,0x02,0x00,0x00,0x00DC,0x0079,0x004B,0x00,0x46,0x00,220,19,220:4046:0079:0069:00CD|221:4046:0069:0067:00CD|222:4046:0069:004E:00CD|223:4046:0059:004C:00CD|224:4046:0079:0068:00DD|225:4046:0069:0063:00DD|226:4046:0069:004D:00DD|227:4046:0059:004B:00DD
round2_phase1,0xFE,2764,0x0002,0x0003,0x0000,0x01,0x0018,0x0000,0x0000,actor_2c8,7,0x10C488,0x01,0x19,0x00,0x00,0x02,0x00,0x00,0x0114,0x0079,0x004B,0x00,0x46,0x00,210,10,210:4046:007A:006D:0105|211:4046:006A:006B:0105|212:4046:006A:004E:0105|213:4046:005A:004C:0105|214:4046:007A:006C:0115|215:4046:006A:006A:0115|216:4046:006A:004D:0115|217:4046:005A:004B:0115
round2_phase1,0xFE,2764,0x0002,0x0003,0x0000,0x01,0x0018,0x0000,0x0000,actor_2c8,8,0x10C4C8,0x01,0x19,0x00,0x00,0x02,0x00,0x00,0x00DA,0x0079,0x004B,0x00,0x46,0x00,220,19,220:4046:007A:006D:00CB|221:4046:006A:006B:00CB|222:4046:006A:004E:00CB|223:4046:005A:004C:00CB|224:4046:007A:006C:00DB|225:4046:006A:006A:00DB|226:4046:006A:004D:00DB|227:4046:005A:004B:00DB
round2_phase1,0xFE,2766,0x0002,0x0003,0x0000,0x01,0x0018,0x0000,0x0000,actor_2c8,6,0x10C448,0x01,0xB5,0x00,0x00,0x02,0x00,0x00,0x013E,0x0079,0x0400,0x00,0x4E,0x01,200,10,
round2_phase1,0xFE,2766,0x0002,0x0003,0x0000,0x01,0x0018,0x0000,0x0000,actor_2c8,7,0x10C488,0x01,0x19,0x00,0x00,0x02,0x00,0x00,0x0112,0x0079,0x004B,0x00,0x46,0x00,210,10,210:4046:007A:006D:0103|211:4046:006A:006B:0103|212:4046:006A:004E:0103|213:4046:005A:004C:0103|214:4046:007A:006C:0113|215:4046:006A:006A:0113|216:4046:006A:004D:0113|217:4046:005A:004B:0113
round2_phase1,0xFE,2766,0x0002,0x0003,0x0000,0x01,0x0018,0x0000,0x0000,actor_2c8,8,0x10C4C8,0x01,0x19,0x00,0x00,0x02,0x00,0x00,0x00D8,0x0079,0x004B,0x00,0x46,0x00,220,19,220:4046:007A:006D:00C9|221:4046:006A:006B:00C9|222:4046:006A:004E:00C9|223:4046:005A:004C:00C9|224:4046:007A:006C:00D9|225:4046:006A:006A:00D9|226:4046:006A:004D:00D9|227:4046:005A:004B:00D9
round2_phase1,0xFE,2768,0x0002,0x0003,0x0000,0x01,0x0018,0x0000,0x0000,actor_2c8,6,0x10C448,0x01,0xB6,0x00,0x00,0x02,0x00,0x00,0x013C,0x0079,0x0400,0x00,0x4E,0x01,200,10,200:404E:0069:0404:012D|201:404E:0079:0405:012D|202:404E:0079:0406:013D
round2_phase1,0xFE,2768,0x0002,0x0003,0x0000,0x01,0x0018,0x0000,0x0000,actor_2c8,7,0x10C488,0x01,0x19,0x00,0x00,0x02,0x00,0x00,0x0110,0x0079,0x004B,0x00,0x46,0x00,210,10,210:4046:007A:006D:0101|211:4046:006A:006B:0101|212:4046:006A:004E:0101|213:4046:005A:004C:0101|214:4046:007A:006C:0111|215:4046:006A:006A:0111|216:4046:006A:004D:0111|217:4046:005A:004B:0111
round2_phase1,0xFE,2768,0x0002,0x0003,0x0000,0x01,0x0018,0x0000,0x0000,actor_2c8,8,0x10C4C8,0x01,0x19,0x00,0x00,0x02,0x00,0x00,0x00D8,0x0079,0x004B,0x00,0x46,0x00,220,19,220:4046:007A:006D:00C7|221:4046:006A:006B:00C7|222:4046:006A:004E:00C7|223:4046:005A:004C:00C7|224:4046:007A:006C:00D7|225:4046:006A:006A:00D7|226:4046:006A:004D:00D7|227:4046:005A:004B:00D7
round2_phase1,0xFE,2770,0x0002,0x0003,0x0000,0x01,0x0018,0x0000,0x0000,actor_2c8,6,0x10C448,0x01,0xB6,0x00,0x00,0x02,0x00,0x00,0x013A,0x0079,0x0400,0x00,0x4E,0x01,200,10,200:404E:0069:0404:012B|201:404E:0079:0405:012B|202:404E:0079:0406:013B
round2_phase1,0xFE,2770,0x0002,0x0003,0x0000,0x01,0x0018,0x0000,0x0000,actor_2c8,7,0x10C488,0x01,0x19,0x00,0x00,0x02,0x00,0x00,0x0110,0x0079,0x004B,0x00,0x46,0x00,210,10,210:4046:007A:006D:00FF|211:4046:006A:006B:00FF|212:4046:006A:004E:00FF|213:4046:005A:004C:00FF|214:4046:007A:006C:010F|215:4046:006A:006A:010F|216:4046:006A:004D:010F|217:4046:005A:004B:010F
round2_phase1,0xFE,2770,0x0002,0x0003,0x0000,0x01,0x0018,0x0000,0x0000,actor_2c8,8,0x10C4C8,0x01,0x19,0x00,0x00,0x02,0x00,0x00,0x00D6,0x0079,0x004B,0x00,0x46,0x00,220,19,220:4046:007A:006D:00C5|221:4046:006A:006B:00C5|222:4046:006A:004E:00C5|223:4046:005A:004C:00C5|224:4046:007A:006C:00D5|225:4046:006A:006A:00D5|226:4046:006A:004D:00D5|227:4046:005A:004B:00D5
round2_phase1,0xFE,2772,0x0002,0x0003,0x0000,0x01,0x0018,0x0000,0x0000,actor_2c8,6,0x10C448,0x01,0xB7,0x00,0x00,0x02,0x00,0x00,0x0138,0x0079,0x0400,0x00,0x4E,0x01,200,10,200:404E:0069:0407:0129|201:404E:0079:0408:0129|202:404E:0079:0409:0139
round2_phase1,0xFE,2772,0x0002,0x0003,0x0000,0x01,0x0018,0x0000,0x0000,actor_2c8,7,0x10C488,0x01,0x18,0x00,0x00,0x02,0x00,0x00,0x010E,0x0079,0x004B,0x00,0x46,0x00,210,10,210:4046:0079:0069:00FD|211:4046:0069:0067:00FD|212:4046:0069:004E:00FD|213:4046:0059:004C:00FD|214:4046:0079:0068:010D|215:4046:0069:0063:010D|216:4046:0069:004D:010D|217:4046:0059:004B:010D
round2_phase1,0xFE,2772,0x0002,0x0003,0x0000,0x01,0x0018,0x0000,0x0000,actor_2c8,8,0x10C4C8,0x01,0x18,0x00,0x00,0x02,0x00,0x00,0x00D4,0x0079,0x004B,0x00,0x46,0x00,220,19,220:4046:0079:0069:00C3|221:4046:0069:0067:00C3|222:4046:0069:004E:00C3|223:4046:0059:004C:00C3|224:4046:0079:0068:00D3|225:4046:0069:0063:00D3|226:4046:0069:004D:00D3|227:4046:0059:004B:00D3
round2_phase1,0xFE,2774,0x0002,0x0003,0x0000,0x01,0x0018,0x0000,0x0000,actor_2c8,6,0x10C448,0x01,0xB7,0x00,0x00,0x02,0x00,0x00,0x0138,0x0079,0x0400,0x00,0x4E,0x01,200,10,200:404E:0069:0407:0127|201:404E:0079:0408:0127|202:404E:0079:0409:0137
round2_phase1,0xFE,2774,0x0002,0x0003,0x0000,0x01,0x0018,0x0000,0x0000,actor_2c8,7,0x10C488,0x01,0x18,0x00,0x00,0x02,0x00,0x00,0x010C,0x0079,0x004B,0x00,0x46,0x00,210,10,210:4046:0079:0069:00FB|211:4046:0069:0067:00FB|212:4046:0069:004E:00FB|213:4046:0059:004C:00FB|214:4046:0079:0068:010B|215:4046:0069:0063:010B|216:4046:0069:004D:010B|217:4046:0059:004B:010B
round2_phase1,0xFE,2774,0x0002,0x0003,0x0000,0x01,0x0018,0x0000,0x0000,actor_2c8,8,0x10C4C8,0x01,0x18,0x00,0x00,0x02,0x00,0x00,0x00D2,0x0079,0x004B,0x00,0x46,0x00,220,19,220:4046:0079:0069:00C1|221:4046:0069:0067:00C1|222:4046:0069:004E:00C1|223:4046:0059:004C:00C1|224:4046:0079:0068:00D1|225:4046:0069:0063:00D1|226:4046:0069:004D:00D1|227:4046:0059:004B:00D1
round2_phase1,0xFE,2776,0x0002,0x0003,0x0000,0x01,0x0018,0x0000,0x0000,actor_2c8,6,0x10C448,0x01,0xB6,0x00,0x00,0x02,0x00,0x00,0x0136,0x0079,0x0400,0x00,0x4E,0x01,200,10,200:404E:0069:0404:0125|201:404E:0079:0405:0125|202:404E:0079:0406:0135
round2_phase1,0xFE,2776,0x0002,0x0003,0x0000,0x01,0x0018,0x0000,0x0000,actor_2c8,7,0x10C488,0x01,0x18,0x00,0x00,0x02,0x00,0x00,0x010A,0x0079,0x004B,0x00,0x46,0x00,210,10,210:4046:0079:0069:00F9|211:4046:0069:0067:00F9|212:4046:0069:004E:00F9|213:4046:0059:004C:00F9|214:4046:0079:0068:0109|215:4046:0069:0063:0109|216:4046:0069:004D:0109|217:4046:0059:004B:0109
round2_phase1,0xFE,2776,0x0002,0x0003,0x0000,0x01,0x0018,0x0000,0x0000,actor_2c8,8,0x10C4C8,0x01,0x18,0x00,0x00,0x02,0x00,0x00,0x00D0,0x0079,0x004B,0x00,0x46,0x00,220,19,220:4046:0079:0069:00BF|221:4046:0069:0067:00BF|222:4046:0069:004E:00BF|223:4046:0059:004C:00BF|224:4046:0079:0068:00CF|225:4046:0069:0063:00CF|226:4046:0069:004D:00CF|227:4046:0059:004B:00CF
round2_phase1,0xFE,2778,0x0002,0x0003,0x0000,0x01,0x0018,0x0000,0x0000,actor_2c8,6,0x10C448,0x01,0xB6,0x00,0x00,0x02,0x00,0x00,0x0134,0x0079,0x0400,0x00,0x4E,0x01,200,10,200:404E:0069:0404:0123|201:404E:0079:0405:0123|202:404E:0079:0406:0133
round2_phase1,0xFE,2778,0x0002,0x0003,0x0000,0x01,0x0018,0x0000,0x0000,actor_2c8,7,0x10C488,0x01,0x18,0x00,0x00,0x02,0x00,0x00,0x0108,0x0079,0x004B,0x00,0x46,0x00,210,10,210:4046:0079:0069:00F7|211:4046:0069:0067:00F7|212:4046:0069:004E:00F7|213:4046:0059:004C:00F7|214:4046:0079:0068:0107|215:4046:0069:0063:0107|216:4046:0069:004D:0107|217:4046:0059:004B:0107
round2_phase1,0xFE,2780,0x0002,0x0003,0x0000,0x01,0x0018,0x0000,0x0000,actor_2c8,6,0x10C448,0x01,0xB5,0x00,0x00,0x02,0x00,0x00,0x0132,0x0079,0x0400,0x00,0x4E,0x01,200,10,200:404E:0069:0400:0121|201:404E:0069:0403:0131|202:404E:0079:0401:0121|203:404E:0079:0402:0131
round2_phase1,0xFE,2780,0x0002,0x0003,0x0000,0x01,0x0018,0x0000,0x0000,actor_2c8,7,0x10C488,0x01,0x17,0x00,0x00,0x02,0x00,0x00,0x0106,0x0079,0x004B,0x00,0x46,0x00,210,10,210:4046:007A:0066:00F7|211:4046:006A:0064:00F7|212:4046:006A:004E:00F7|213:4046:005A:004C:00F7|214:4046:007A:0065:0107|215:4046:006A:0063:0107|216:4046:006A:004D:0107|217:4046:005A:004B:0107
round2_phase1,0xFE,2780,0x0002,0x0003,0x0000,0x01,0x0018,0x0000,0x0000,actor_2c8,8,0x10C4C8,0x01,0x17,0x00,0x00,0x02,0x00,0x00,0x00CC,0x0079,0x004B,0x00,0x46,0x00,220,19,220:4046:007A:0066:00BD|221:4046:006A:0064:00BD|222:4046:006A:004E:00BD|223:4046:005A:004C:00BD|224:4046:007A:0065:00CD|225:4046:006A:0063:00CD|226:4046:006A:004D:00CD|227:4046:005A:004B:00CD
round2_phase1,0xFE,2782,0x0002,0x0003,0x0000,0x01,0x0018,0x0000,0x0000,actor_2c8,6,0x10C448,0x01,0xB5,0x00,0x00,0x02,0x00,0x00,0x0130,0x0079,0x0400,0x00,0x4E,0x01,200,10,200:404E:0069:0400:011F|201:404E:0069:0403:012F|202:404E:0079:0401:011F|203:404E:0079:0402:012F
round2_phase1,0xFE,2782,0x0002,0x0003,0x0000,0x01,0x0018,0x0000,0x0000,actor_2c8,7,0x10C488,0x01,0x17,0x00,0x00,0x02,0x00,0x00,0x0104,0x0079,0x004B,0x00,0x46,0x00,210,10,210:4046:007A:0066:00F5|211:4046:006A:0064:00F5|212:4046:006A:004E:00F5|213:4046:005A:004C:00F5|214:4046:007A:0065:0105|215:4046:006A:0063:0105|216:4046:006A:004D:0105|217:4046:005A:004B:0105
round2_phase1,0xFE,2782,0x0002,0x0003,0x0000,0x01,0x0018,0x0000,0x0000,actor_2c8,8,0x10C4C8,0x01,0x17,0x00,0x00,0x02,0x00,0x00,0x00CA,0x0079,0x004B,0x00,0x46,0x00,220,19,220:4046:007A:0066:00BB|221:4046:006A:0064:00BB|222:4046:006A:004E:00BB|223:4046:005A:004C:00BB|224:4046:007A:0065:00CB|225:4046:006A:0063:00CB|226:4046:006A:004D:00CB|227:4046:005A:004B:00CB
round2_phase1,0xFE,2784,0x0002,0x0003,0x0000,0x01,0x0018,0x0000,0x0000,actor_2c8,6,0x10C448,0x01,0xB6,0x00,0x00,0x02,0x00,0x00,0x012E,0x0079,0x0400,0x00,0x4E,0x01,200,10,200:404E:0069:0404:011F|201:404E:0079:0405:011F|202:404E:0079:0406:012F
round2_phase1,0xFE,2784,0x0002,0x0003,0x0000,0x01,0x0018,0x0000,0x0000,actor_2c8,7,0x10C488,0x01,0x17,0x00,0x00,0x02,0x00,0x00,0x0102,0x0079,0x004B,0x00,0x46,0x00,210,10,210:4046:007A:0066:00F3|211:4046:006A:0064:00F3|212:4046:006A:004E:00F3|213:4046:005A:004C:00F3|214:4046:007A:0065:0103|215:4046:006A:0063:0103|216:4046:006A:004D:0103|217:4046:005A:004B:0103
round2_phase1,0xFE,2784,0x0002,0x0003,0x0000,0x01,0x0018,0x0000,0x0000,actor_2c8,8,0x10C4C8,0x01,0x17,0x00,0x00,0x02,0x00,0x00,0x00C8,0x0079,0x004B,0x00,0x46,0x00,220,19,220:4046:007A:0066:00B9|221:4046:006A:0064:00B9|222:4046:006A:004E:00B9|223:4046:005A:004C:00B9|224:4046:007A:0065:00C9|225:4046:006A:0063:00C9|226:4046:006A:004D:00C9|227:4046:005A:004B:00C9
round2_phase1,0xFE,2786,0x0002,0x0003,0x0000,0x01,0x0018,0x0000,0x0000,actor_2c8,6,0x10C448,0x01,0xB6,0x00,0x00,0x02,0x00,0x00,0x012C,0x0079,0x0400,0x00,0x4E,0x01,200,10,200:404E:0069:0404:011D|201:404E:0079:0405:011D|202:404E:0079:0406:012D
round2_phase1,0xFE,2786,0x0002,0x0003,0x0000,0x01,0x0018,0x0000,0x0000,actor_2c8,7,0x10C488,0x01,0x17,0x00,0x00,0x02,0x00,0x00,0x0100,0x0079,0x004B,0x00,0x46,0x00,210,10,210:4046:007A:0066:00F1|211:4046:006A:0064:00F1|212:4046:006A:004E:00F1|213:4046:005A:004C:00F1|214:4046:007A:0065:0101|215:4046:006A:0063:0101|216:4046:006A:004D:0101|217:4046:005A:004B:0101
round2_phase1,0xFE,2786,0x0002,0x0003,0x0000,0x01,0x0018,0x0000,0x0000,actor_2c8,8,0x10C4C8,0x01,0x17,0x00,0x00,0x02,0x00,0x00,0x00C8,0x0079,0x004B,0x00,0x46,0x00,220,19,220:4046:007A:0066:00B7|221:4046:006A:0064:00B7|222:4046:006A:004E:00B7|223:4046:005A:004C:00B7|224:4046:007A:0065:00C7|225:4046:006A:0063:00C7|226:4046:006A:004D:00C7|227:4046:005A:004B:00C7
round2_phase1,0xFE,2788,0x0002,0x0003,0x0000,0x01,0x0018,0x0000,0x0000,actor_2c8,6,0x10C448,0x01,0xB7,0x00,0x00,0x02,0x00,0x00,0x012A,0x0079,0x0400,0x00,0x4E,0x01,200,10,200:404E:0069:0407:011B|201:404E:0079:0408:011B|202:404E:0079:0409:012B
round2_phase1,0xFE,2788,0x0002,0x0003,0x0000,0x01,0x0018,0x0000,0x0000,actor_2c8,7,0x10C488,0x01,0x18,0x00,0x00,0x02,0x00,0x00,0x0100,0x0079,0x004B,0x00,0x46,0x00,210,10,210:4046:0079:0069:00EF|211:4046:0069:0067:00EF|212:4046:0069:004E:00EF|213:4046:0059:004C:00EF|214:4046:0079:0068:00FF|215:4046:0069:0063:00FF|216:4046:0069:004D:00FF|217:4046:0059:004B:00FF
round2_phase1,0xFE,2788,0x0002,0x0003,0x0000,0x01,0x0018,0x0000,0x0000,actor_2c8,8,0x10C4C8,0x01,0x18,0x00,0x00,0x02,0x00,0x00,0x00C6,0x0079,0x004B,0x00,0x46,0x00,220,19,220:4046:0079:0069:00B5|221:4046:0069:0067:00B5|222:4046:0069:004E:00B5|223:4046:0059:004C:00B5|224:4046:0079:0068:00C5|225:4046:0069:0063:00C5|226:4046:0069:004D:00C5|227:4046:0059:004B:00C5
round2_phase1,0xFE,2790,0x0002,0x0003,0x0000,0x01,0x0018,0x0000,0x0000,actor_2c8,6,0x10C448,0x01,0xB7,0x00,0x00,0x02,0x00,0x00,0x0128,0x0079,0x0400,0x00,0x4E,0x01,200,10,200:404E:0069:0407:0119|201:404E:0079:0408:0119|202:404E:0079:0409:0129
round2_phase1,0xFE,2790,0x0002,0x0003,0x0000,0x01,0x0018,0x0000,0x0000,actor_2c8,7,0x10C488,0x01,0x18,0x00,0x00,0x02,0x00,0x00,0x00FE,0x0079,0x004B,0x00,0x46,0x00,210,10,210:4046:0079:0069:00ED|211:4046:0069:0067:00ED|212:4046:0069:004E:00ED|213:4046:0059:004C:00ED|214:4046:0079:0068:00FD|215:4046:0069:0063:00FD|216:4046:0069:004D:00FD|217:4046:0059:004B:00FD
round2_phase1,0xFE,2790,0x0002,0x0003,0x0000,0x01,0x0018,0x0000,0x0000,actor_2c8,8,0x10C4C8,0x01,0x18,0x00,0x00,0x02,0x00,0x00,0x00C4,0x0079,0x004B,0x00,0x46,0x00,220,19,220:4046:0079:0069:00B3|221:4046:0069:0067:00B3|222:4046:0069:004E:00B3|223:4046:0059:004C:00B3|224:4046:0079:0068:00C3|225:4046:0069:0063:00C3|226:4046:0069:004D:00C3|227:4046:0059:004B:00C3
round2_phase1,0xFE,2792,0x0002,0x0003,0x0000,0x01,0x0018,0x0000,0x0000,actor_2c8,6,0x10C448,0x01,0xB6,0x00,0x00,0x02,0x00,0x00,0x0128,0x0079,0x0400,0x00,0x4E,0x01,200,10,200:404E:0069:0404:0117|201:404E:0079:0405:0117|202:404E:0079:0406:0127
round2_phase1,0xFE,2792,0x0002,0x0003,0x0000,0x01,0x0018,0x0000,0x0000,actor_2c8,7,0x10C488,0x01,0x18,0x00,0x00,0x02,0x00,0x00,0x00FC,0x0079,0x004B,0x00,0x46,0x00,210,10,210:4046:0079:0069:00EB|211:4046:0069:0067:00EB|212:4046:0069:004E:00EB|213:4046:0059:004C:00EB|214:4046:0079:0068:00FB|215:4046:0069:0063:00FB|216:4046:0069:004D:00FB|217:4046:0059:004B:00FB
round2_phase1,0xFE,2792,0x0002,0x0003,0x0000,0x01,0x0018,0x0000,0x0000,actor_2c8,8,0x10C4C8,0x01,0x18,0x00,0x00,0x02,0x00,0x00,0x00C2,0x0079,0x004B,0x00,0x46,0x00,220,19,220:4046:0079:0069:00B1|221:4046:0069:0067:00B1|222:4046:0069:004E:00B1|223:4046:0059:004C:00B1|224:4046:0079:0068:00C1|225:4046:0069:0063:00C1|226:4046:0069:004D:00C1|227:4046:0059:004B:00C1
round2_phase1,0xFE,2794,0x0002,0x0003,0x0000,0x01,0x0018,0x0000,0x0000,actor_2c8,6,0x10C448,0x01,0xB6,0x00,0x00,0x02,0x00,0x00,0x0126,0x0079,0x0400,0x00,0x4E,0x01,200,10,200:404E:0069:0404:0115|201:404E:0079:0405:0115|202:404E:0079:0406:0125
round2_phase1,0xFE,2794,0x0002,0x0003,0x0000,0x01,0x0018,0x0000,0x0000,actor_2c8,7,0x10C488,0x01,0x18,0x00,0x00,0x02,0x00,0x00,0x00FA,0x0079,0x004B,0x00,0x46,0x00,210,10,210:4046:0079:0069:00E9|211:4046:0069:0067:00E9|212:4046:0069:004E:00E9|213:4046:0059:004C:00E9|214:4046:0079:0068:00F9|215:4046:0069:0063:00F9|216:4046:0069:004D:00F9|217:4046:0059:004B:00F9
round2_phase1,0xFE,2794,0x0002,0x0003,0x0000,0x01,0x0018,0x0000,0x0000,actor_2c8,8,0x10C4C8,0x01,0x18,0x00,0x00,0x02,0x00,0x00,0x00C0,0x0079,0x004B,0x00,0x46,0x00,220,19,220:4046:0079:0069:00AF|221:4046:0069:0067:00AF|222:4046:0069:004E:00AF|223:4046:0059:004C:00AF|224:4046:0079:0068:00BF|225:4046:0069:0063:00BF|226:4046:0069:004D:00BF|227:4046:0059:004B:00BF
round2_phase1,0xFE,2796,0x0002,0x0003,0x0000,0x01,0x0018,0x0000,0x0000,actor_2c8,6,0x10C448,0x01,0xB5,0x00,0x00,0x02,0x00,0x00,0x0124,0x0079,0x0400,0x00,0x4E,0x01,200,10,200:404E:0069:0400:0113|201:404E:0069:0403:0123|202:404E:0079:0401:0113|203:404E:0079:0402:0123
round2_phase1,0xFE,2796,0x0002,0x0003,0x0000,0x01,0x0018,0x0000,0x0000,actor_2c8,7,0x10C488,0x01,0x19,0x00,0x00,0x02,0x00,0x00,0x00F8,0x0079,0x004B,0x00,0x46,0x00,210,10,210:4046:007A:006D:00E7|211:4046:006A:006B:00E7|212:4046:006A:004E:00E7|213:4046:005A:004C:00E7|214:4046:007A:006C:00F7|215:4046:006A:006A:00F7|216:4046:006A:004D:00F7|217:4046:005A:004B:00F7
round2_phase1,0xFE,2796,0x0002,0x0003,0x0000,0x01,0x0018,0x0000,0x0000,actor_2c8,8,0x10C4C8,0x01,0x19,0x00,0x00,0x02,0x00,0x00,0x00BE,0x0079,0x004B,0x00,0x46,0x00,220,19,220:4046:007A:006D:00AF|221:4046:006A:006B:00AF|222:4046:006A:004E:00AF|223:4046:005A:004C:00AF|224:4046:007A:006C:00BF|225:4046:006A:006A:00BF|226:4046:006A:004D:00BF|227:4046:005A:004B:00BF
round2_phase1,0xFE,2798,0x0002,0x0003,0x0000,0x01,0x0018,0x0000,0x0000,actor_2c8,6,0x10C448,0x01,0xB5,0x00,0x00,0x02,0x00,0x00,0x0122,0x0079,0x0400,0x00,0x4E,0x01,200,10,200:404E:0069:0400:0111|201:404E:0069:0403:0121|202:404E:0079:0401:0111|203:404E:0079:0402:0121
round2_phase1,0xFE,2798,0x0002,0x0003,0x0000,0x01,0x0018,0x0000,0x0000,actor_2c8,8,0x10C4C8,0x01,0x19,0x00,0x00,0x02,0x00,0x00,0x00BC,0x0079,0x004B,0x00,0x46,0x00,220,19,220:4046:007A:006D:00AD|221:4046:006A:006B:00AD|222:4046:006A:004E:00AD|223:4046:005A:004C:00AD|224:4046:007A:006C:00BD|225:4046:006A:006A:00BD|226:4046:006A:004D:00BD|227:4046:005A:004B:00BD
round2_phase1,0xFE,2800,0x0002,0x0003,0x0000,0x01,0x0018,0x0000,0x0000,actor_2c8,6,0x10C448,0x01,0xB6,0x00,0x00,0x02,0x00,0x00,0x0120,0x0079,0x0400,0x00,0x4E,0x01,200,10,200:404E:0069:0404:010F|201:404E:0079:0405:010F|202:404E:0079:0406:011F
round2_phase1,0xFE,2800,0x0002,0x0003,0x0000,0x01,0x0018,0x0000,0x0000,actor_2c8,7,0x10C488,0x01,0x19,0x00,0x00,0x02,0x00,0x00,0x00F4,0x0079,0x004B,0x00,0x46,0x00,210,10,210:4046:007A:006D:00E5|211:4046:006A:006B:00E5|212:4046:006A:004E:00E5|213:4046:005A:004C:00E5|214:4046:007A:006C:00F5|215:4046:006A:006A:00F5|216:4046:006A:004D:00F5|217:4046:005A:004B:00F5
round2_phase1,0xFE,2800,0x0002,0x0003,0x0000,0x01,0x0018,0x0000,0x0000,actor_2c8,8,0x10C4C8,0x01,0x19,0x00,0x00,0x02,0x00,0x00,0x00BA,0x0079,0x004B,0x00,0x46,0x00,220,19,220:4046:007A:006D:00AB|221:4046:006A:006B:00AB|222:4046:006A:004E:00AB|223:4046:005A:004C:00AB|224:4046:007A:006C:00BB|225:4046:006A:006A:00BB|226:4046:006A:004D:00BB|227:4046:005A:004B:00BB
round2_phase1,0xFE,2802,0x0002,0x0003,0x0000,0x01,0x0018,0x0000,0x0000,actor_2c8,7,0x10C488,0x01,0x19,0x00,0x00,0x02,0x00,0x00,0x00F2,0x0079,0x004B,0x00,0x46,0x00,210,10,210:4046:007A:006D:00E3|211:4046:006A:006B:00E3|212:4046:006A:004E:00E3|213:4046:005A:004C:00E3|214:4046:007A:006C:00F3|215:4046:006A:006A:00F3|216:4046:006A:004D:00F3|217:4046:005A:004B:00F3
round2_phase1,0xFE,2802,0x0002,0x0003,0x0000,0x01,0x0018,0x0000,0x0000,actor_2c8,8,0x10C4C8,0x01,0x19,0x00,0x00,0x02,0x00,0x00,0x00B8,0x0079,0x004B,0x00,0x46,0x00,220,19,220:4046:007A:006D:00A9|221:4046:006A:006B:00A9|222:4046:006A:004E:00A9|223:4046:005A:004C:00A9|224:4046:007A:006C:00B9|225:4046:006A:006A:00B9|226:4046:006A:004D:00B9|227:4046:005A:004B:00B9
round2_phase1,0xFE,2804,0x0002,0x0003,0x0000,0x01,0x0018,0x0000,0x0000,actor_2c8,6,0x10C448,0x01,0xB7,0x00,0x00,0x02,0x00,0x00,0x011C,0x0079,0x0400,0x00,0x4E,0x01,200,10,200:404E:0069:0407:010D|201:404E:0079:0408:010D|202:404E:0079:0409:011D
round2_phase1,0xFE,2804,0x0002,0x0003,0x0000,0x01,0x0018,0x0000,0x0000,actor_2c8,7,0x10C488,0x01,0x18,0x00,0x00,0x02,0x00,0x00,0x00F0,0x0079,0x004B,0x00,0x46,0x00,210,10,210:4046:0079:0069:00E1|211:4046:0069:0067:00E1|212:4046:0069:004E:00E1|213:4046:0059:004C:00E1|214:4046:0079:0068:00F1|215:4046:0069:0063:00F1|216:4046:0069:004D:00F1|217:4046:0059:004B:00F1
round2_phase1,0xFE,2804,0x0002,0x0003,0x0000,0x01,0x0018,0x0000,0x0000,actor_2c8,8,0x10C4C8,0x01,0x18,0x00,0x00,0x02,0x00,0x00,0x00B8,0x0079,0x004B,0x00,0x46,0x00,220,19,220:4046:0079:0069:00A7|221:4046:0069:0067:00A7|222:4046:0069:004E:00A7|223:4046:0059:004C:00A7|224:4046:0079:0068:00B7|225:4046:0069:0063:00B7|226:4046:0069:004D:00B7|227:4046:0059:004B:00B7
round2_phase1,0xFE,2806,0x0002,0x0003,0x0000,0x01,0x0018,0x0000,0x0000,actor_2c8,6,0x10C448,0x01,0xB7,0x00,0x00,0x02,0x00,0x00,0x011A,0x0079,0x0400,0x00,0x4E,0x01,200,10,200:404E:0069:0407:010B|201:404E:0079:0408:010B|202:404E:0079:0409:011B
round2_phase1,0xFE,2806,0x0002,0x0003,0x0000,0x01,0x0018,0x0000,0x0000,actor_2c8,7,0x10C488,0x01,0x18,0x00,0x00,0x02,0x00,0x00,0x00F0,0x0079,0x004B,0x00,0x46,0x00,210,10,210:4046:0079:0069:00DF|211:4046:0069:0067:00DF|212:4046:0069:004E:00DF|213:4046:0059:004C:00DF|214:4046:0079:0068:00EF|215:4046:0069:0063:00EF|216:4046:0069:004D:00EF|217:4046:0059:004B:00EF
round2_phase1,0xFE,2806,0x0002,0x0003,0x0000,0x01,0x0018,0x0000,0x0000,actor_2c8,8,0x10C4C8,0x01,0x1C,0x00,0x00,0x1F,0x00,0x00,0x00B8,0x0079,0x004B,0x00,0x46,0x00,220,19,220:4046:007A:0066:00A7|221:4046:006A:0064:00A7|222:4046:006A:0052:00A7|223:4046:005A:0050:00A7|224:4046:007A:0065:00B7|225:4046:006A:0063:00B7|226:4046:006A:0051:00B7|227:4046:005A:004F:00B7|228:4046:006A:0054:00C7|229:4046:005A:0053:00C7
round2_phase1,0xFE,2808,0x0002,0x0003,0x0000,0x01,0x0018,0x0000,0x0000,actor_2c8,6,0x10C448,0x01,0xB6,0x00,0x00,0x02,0x00,0x00,0x0118,0x0079,0x0400,0x00,0x4E,0x01,200,10,200:404E:0069:0404:0109|201:404E:0079:0405:0109|202:404E:0079:0406:0119
round2_phase1,0xFE,2808,0x0002,0x0003,0x0000,0x01,0x0018,0x0000,0x0000,actor_2c8,7,0x10C488,0x01,0x18,0x00,0x00,0x02,0x00,0x00,0x00EE,0x0079,0x004B,0x00,0x46,0x00,210,10,210:4046:0079:0069:00DD|211:4046:0069:0067:00DD|212:4046:0069:004E:00DD|213:4046:0059:004C:00DD|214:4046:0079:0068:00ED|215:4046:0069:0063:00ED|216:4046:0069:004D:00ED|217:4046:0059:004B:00ED
round2_phase1,0xFE,2808,0x0002,0x0003,0x0000,0x01,0x0018,0x0000,0x0000,actor_2c8,8,0x10C4C8,0x01,0x1D,0x00,0x00,0x1F,0x00,0x00,0x00B8,0x0079,0x004B,0x00,0x46,0x00,220,19,220:4046:007A:0066:00A7|221:4046:006A:0064:00A7|222:4046:006A:0052:00A7|223:4046:005A:0050:00A7|224:4046:007A:0065:00B7|225:4046:006A:0063:00B7|226:4046:006A:0051:00B7|227:4046:005A:004F:00B7|228:4046:006A:0054:00C7|229:4046:005A:0053:00C7
round2_phase1,0xFE,2810,0x0002,0x0003,0x0000,0x01,0x0018,0x0000,0x0000,actor_2c8,6,0x10C448,0x01,0xB6,0x00,0x00,0x02,0x00,0x00,0x0118,0x0079,0x0400,0x00,0x4E,0x01,200,10,200:404E:0069:0404:0107|201:404E:0079:0405:0107|202:404E:0079:0406:0117
round2_phase1,0xFE,2810,0x0002,0x0003,0x0000,0x01,0x0018,0x0000,0x0000,actor_2c8,7,0x10C488,0x01,0x18,0x00,0x00,0x02,0x00,0x00,0x00EC,0x0079,0x004B,0x00,0x46,0x00,210,10,210:4046:0079:0069:00DB|211:4046:0069:0067:00DB|212:4046:0069:004E:00DB|213:4046:0059:004C:00DB|214:4046:0079:0068:00EB|215:4046:0069:0063:00EB|216:4046:0069:004D:00EB|217:4046:0059:004B:00EB
round2_phase1,0xFE,2810,0x0002,0x0003,0x0000,0x01,0x0018,0x0000,0x0000,actor_2c8,8,0x10C4C8,0x01,0x1D,0x00,0x00,0x1F,0x00,0x00,0x00B8,0x0079,0x004B,0x00,0x46,0x00,220,19,220:4046:007A:0066:00A7|221:4046:006A:0064:00A7|222:4046:006A:0058:00A7|223:4046:005A:0056:00A7|224:4046:007A:0065:00B7|225:4046:006A:0063:00B7|226:4046:006A:0057:00B7|227:4046:005A:0055:00B7
round2_phase1,0xFE,2812,0x0002,0x0003,0x0000,0x01,0x0018,0x0000,0x0000,actor_2c8,6,0x10C448,0x01,0xB5,0x00,0x00,0x02,0x00,0x00,0x0116,0x0079,0x0400,0x00,0x4E,0x01,200,10,200:404E:0069:0400:0105|201:404E:0069:0403:0115|202:404E:0079:0401:0105|203:404E:0079:0402:0115
round2_phase1,0xFE,2812,0x0002,0x0003,0x0000,0x01,0x0018,0x0000,0x0000,actor_2c8,7,0x10C488,0x01,0x17,0x00,0x00,0x02,0x00,0x00,0x00EA,0x0079,0x004B,0x00,0x46,0x00,210,10,210:4046:007A:0066:00D9|211:4046:006A:0064:00D9|212:4046:006A:004E:00D9|213:4046:005A:004C:00D9|214:4046:007A:0065:00E9|215:4046:006A:0063:00E9|216:4046:006A:004D:00E9|217:4046:005A:004B:00E9
round2_phase1,0xFE,2812,0x0002,0x0003,0x0000,0x01,0x0018,0x0000,0x0000,actor_2c8,8,0x10C4C8,0x01,0x1E,0x00,0x00,0x0F,0x00,0x00,0x00B8,0x0079,0x004B,0x00,0x46,0x00,220,19,220:4046:007A:0066:00A7|221:4046:006A:0064:00A7|222:4046:006A:005C:00A7|223:4046:005A:005A:00A7|224:4046:007A:0065:00B7|225:4046:006A:0063:00B7|226:4046:006A:005B:00B7|227:4046:005A:0059:00B7
round2_phase1,0xFE,2814,0x0002,0x0003,0x0000,0x01,0x0018,0x0000,0x0000,actor_2c8,6,0x10C448,0x01,0xB5,0x00,0x00,0x02,0x00,0x00,0x0114,0x0079,0x0400,0x00,0x4E,0x01,200,10,200:404E:0069:0400:0103|201:404E:0069:0403:0113|202:404E:0079:0401:0103|203:404E:0079:0402:0113
round2_phase1,0xFE,2814,0x0002,0x0003,0x0000,0x01,0x0018,0x0000,0x0000,actor_2c8,7,0x10C488,0x01,0x17,0x00,0x00,0x02,0x00,0x00,0x00E8,0x0079,0x004B,0x00,0x46,0x00,210,10,210:4046:007A:0066:00D7|211:4046:006A:0064:00D7|212:4046:006A:004E:00D7|213:4046:005A:004C:00D7|214:4046:007A:0065:00E7|215:4046:006A:0063:00E7|216:4046:006A:004D:00E7|217:4046:005A:004B:00E7
round2_phase1,0xFE,2814,0x0002,0x0003,0x0000,0x01,0x0018,0x0000,0x0000,actor_2c8,8,0x10C4C8,0x01,0x0D,0x00,0x00,0x0F,0x00,0x00,0x00B8,0x0079,0x0A73,0x00,0x06,0x02,220,19,220:4000:0081:0A83:009F|221:4000:0071:0A80:009F|222:4000:0061:0A7D:009F|223:4000:0081:0A82:00AF|224:4000:0071:0A7F:00AF|225:4000:0061:0A7C:00AF|226:4000:0081:0A81:00BF|227:4000:0071:0A7E:00BF|228:4000:0061:0A7B:00BF
round2_phase1,0xFE,2816,0x0002,0x0003,0x0000,0x01,0x0018,0x0000,0x0000,actor_2c8,6,0x10C448,0x01,0xB6,0x00,0x00,0x02,0x00,0x00,0x0112,0x0079,0x0400,0x00,0x4E,0x01,200,10,200:404E:0069:0404:0101|201:404E:0079:0405:0101|202:404E:0079:0406:0111
round2_phase1,0xFE,2816,0x0002,0x0003,0x0000,0x01,0x0018,0x0000,0x0000,actor_2c8,8,0x10C4C8,0x01,0x0C,0x00,0x00,0x0F,0x00,0x00,0x00B8,0x0079,0x0A73,0x00,0x06,0x02,220,19,220:4000:0081:0A83:009F|221:4000:0071:0A80:009F|222:4000:0061:0A7D:009F|223:4000:0081:0A82:00AF|224:4000:0071:0A7F:00AF|225:4000:0061:0A7C:00AF|226:4000:0081:0A81:00BF|227:4000:0071:0A7E:00BF|228:4000:0061:0A7B:00BF
round2_phase1,0xFE,2818,0x0002,0x0003,0x0000,0x01,0x0018,0x0000,0x0000,actor_2c8,6,0x10C448,0x01,0xB6,0x00,0x00,0x02,0x00,0x00,0x0110,0x0079,0x0400,0x00,0x4E,0x01,200,10,200:404E:0069:0404:00FF|201:404E:0079:0405:00FF|202:404E:0079:0406:010F
round2_phase1,0xFE,2818,0x0002,0x0003,0x0000,0x01,0x0018,0x0000,0x0000,actor_2c8,7,0x10C488,0x01,0x17,0x00,0x00,0x02,0x00,0x00,0x00E4,0x0079,0x004B,0x00,0x46,0x00,210,10,210:4046:007A:0066:00D5|211:4046:006A:0064:00D5|212:4046:006A:004E:00D5|213:4046:005A:004C:00D5|214:4046:007A:0065:00E5|215:4046:006A:0063:00E5|216:4046:006A:004D:00E5|217:4046:005A:004B:00E5
round2_phase1,0xFE,2818,0x0002,0x0003,0x0000,0x01,0x0018,0x0000,0x0000,actor_2c8,8,0x10C4C8,0x01,0x0C,0x00,0x00,0x0F,0x00,0x00,0x00B8,0x0079,0x0A73,0x00,0x06,0x02,220,19,220:4000:0079:0A7A:00A7|221:4000:0069:0A78:00A7|222:4000:0079:0A79:00B7|223:4000:0069:0A77:00B7
round2_phase1,0xFE,2820,0x0002,0x0003,0x0000,0x01,0x0018,0x0000,0x0000,actor_2c8,6,0x10C448,0x01,0xB7,0x00,0x00,0x02,0x00,0x00,0x010E,0x0079,0x0400,0x00,0x4E,0x01,200,10,200:404E:0069:0407:00FF|201:404E:0079:0408:00FF|202:404E:0079:0409:010F
round2_phase1,0xFE,2820,0x0002,0x0003,0x0000,0x01,0x0018,0x0000,0x0000,actor_2c8,7,0x10C488,0x01,0x18,0x00,0x00,0x02,0x00,0x00,0x00E2,0x0079,0x004B,0x00,0x46,0x00,210,10,210:4046:0079:0069:00D3|211:4046:0069:0067:00D3|212:4046:0069:004E:00D3|213:4046:0059:004C:00D3|214:4046:0079:0068:00E3|215:4046:0069:0063:00E3|216:4046:0069:004D:00E3|217:4046:0059:004B:00E3
round2_phase1,0xFE,2820,0x0002,0x0003,0x0000,0x01,0x0018,0x0000,0x0000,actor_2c8,8,0x10C4C8,0x01,0x0B,0x00,0x00,0x0F,0x00,0x00,0x00B8,0x0079,0x0A73,0x00,0x06,0x02,220,19,220:4000:0079:0A76:00A7|221:4000:0069:0A74:00A7|222:4000:0079:0A75:00B7|223:4000:0069:0A73:00B7
round2_phase1,0xFE,2822,0x0002,0x0003,0x0000,0x01,0x0018,0x0000,0x0000,actor_2c8,6,0x10C448,0x01,0xB7,0x00,0x00,0x02,0x00,0x00,0x010C,0x0079,0x0400,0x00,0x4E,0x01,200,10,200:404E:0069:0407:00FD|201:404E:0079:0408:00FD|202:404E:0079:0409:010D
round2_phase1,0xFE,2822,0x0002,0x0003,0x0000,0x01,0x0018,0x0000,0x0000,actor_2c8,7,0x10C488,0x01,0x18,0x00,0x00,0x02,0x00,0x00,0x00E0,0x0079,0x004B,0x00,0x46,0x00,210,10,210:4046:0079:0069:00D1|211:4046:0069:0067:00D1|212:4046:0069:004E:00D1|213:4046:0059:004C:00D1|214:4046:0079:0068:00E1|215:4046:0069:0063:00E1|216:4046:0069:004D:00E1|217:4046:0059:004B:00E1
round2_phase1,0xFE,2822,0x0002,0x0003,0x0000,0x01,0x0018,0x0000,0x0000,actor_2c8,8,0x10C4C8,0x01,0x0C,0x00,0x00,0x0F,0x00,0x00,0x00B8,0x0079,0x0A73,0x00,0x06,0x02,220,19,220:4000:0079:0A76:00A7|221:4000:0069:0A74:00A7|222:4000:0079:0A75:00B7|223:4000:0069:0A73:00B7
round2_phase1,0xFE,2824,0x0002,0x0003,0x0000,0x01,0x0018,0x0000,0x0000,actor_2c8,6,0x10C448,0x01,0xB6,0x00,0x00,0x02,0x00,0x00,0x010A,0x0079,0x0400,0x00,0x4E,0x01,200,10,200:404E:0069:0404:00FB|201:404E:0079:0405:00FB|202:404E:0079:0406:010B
round2_phase1,0xFE,2824,0x0002,0x0003,0x0000,0x01,0x0018,0x0000,0x0000,actor_2c8,7,0x10C488,0x01,0x18,0x00,0x00,0x02,0x00,0x00,0x00E0,0x0079,0x004B,0x00,0x46,0x00,210,10,210:4046:0079:0069:00CF|211:4046:0069:0067:00CF|212:4046:0069:004E:00CF|213:4046:0059:004C:00CF|214:4046:0079:0068:00DF|215:4046:0069:0063:00DF|216:4046:0069:004D:00DF|217:4046:0059:004B:00DF
round2_phase1,0xFE,2826,0x0002,0x0003,0x0000,0x01,0x0018,0x0000,0x0000,actor_2c8,6,0x10C448,0x01,0xB6,0x00,0x00,0x02,0x00,0x00,0x0108,0x0079,0x0400,0x00,0x4E,0x01,200,10,200:404E:0069:0404:00F9|201:404E:0079:0405:00F9|202:404E:0079:0406:0109
round2_phase1,0xFE,2826,0x0002,0x0003,0x0000,0x01,0x0018,0x0000,0x0000,actor_2c8,7,0x10C488,0x01,0x18,0x00,0x00,0x02,0x00,0x00,0x00DE,0x0079,0x004B,0x00,0x46,0x00,210,10,210:4046:0079:0069:00CD|211:4046:0069:0067:00CD|212:4046:0069:004E:00CD|213:4046:0059:004C:00CD|214:4046:0079:0068:00DD|215:4046:0069:0063:00DD|216:4046:0069:004D:00DD|217:4046:0059:004B:00DD
round2_phase1,0xFE,2828,0x0002,0x0003,0x0000,0x01,0x0018,0x0000,0x0000,actor_2c8,6,0x10C448,0x01,0xB5,0x00,0x00,0x02,0x00,0x00,0x0108,0x0079,0x0400,0x00,0x4E,0x01,200,10,200:404E:0069:0400:00F7|201:404E:0069:0403:0107|202:404E:0079:0401:00F7|203:404E:0079:0402:0107
round2_phase1,0xFE,2828,0x0002,0x0003,0x0000,0x01,0x0018,0x0000,0x0000,actor_2c8,7,0x10C488,0x01,0x19,0x00,0x00,0x02,0x00,0x00,0x00DC,0x0079,0x004B,0x00,0x46,0x00,210,10,210:4046:007A:006D:00CB|211:4046:006A:006B:00CB|212:4046:006A:004E:00CB|213:4046:005A:004C:00CB|214:4046:007A:006C:00DB|215:4046:006A:006A:00DB|216:4046:006A:004D:00DB|217:4046:005A:004B:00DB
round2_phase1,0xFE,2828,0x0002,0x0003,0x0000,0x01,0x0018,0x0000,0x0000,actor_2c8,8,0x10C4C8,0x01,0x0E,0x00,0x00,0x0F,0x00,0x00,0x00B8,0x0079,0x0A73,0x00,0x06,0x02,220,19,220:4000:0081:0A83:009F|221:4000:0071:0A80:009F|222:4000:0061:0A7D:009F|223:4000:0081:0A82:00AF|224:4000:0071:0A7F:00AF|225:4000:0061:0A7C:00AF|226:4000:0081:0A81:00BF|227:4000:0071:0A7E:00BF|228:4000:0061:0A7B:00BF
round2_phase1,0xFE,2830,0x0002,0x0003,0x0000,0x01,0x0018,0x0000,0x0000,actor_2c8,6,0x10C448,0x01,0xB5,0x00,0x00,0x02,0x00,0x00,0x0106,0x0079,0x0400,0x00,0x4E,0x01,200,10,200:404E:0069:0400:00F5|201:404E:0069:0403:0105|202:404E:0079:0401:00F5|203:404E:0079:0402:0105
round2_phase1,0xFE,2830,0x0002,0x0003,0x0000,0x01,0x0018,0x0000,0x0000,actor_2c8,7,0x10C488,0x01,0x19,0x00,0x00,0x02,0x00,0x00,0x00DA,0x0079,0x004B,0x00,0x46,0x00,210,10,210:4046:007A:006D:00C9|211:4046:006A:006B:00C9|212:4046:006A:004E:00C9|213:4046:005A:004C:00C9|214:4046:007A:006C:00D9|215:4046:006A:006A:00D9|216:4046:006A:004D:00D9|217:4046:005A:004B:00D9
round2_phase1,0xFE,2830,0x0002,0x0003,0x0000,0x01,0x0018,0x0000,0x0000,actor_2c8,8,0x10C4C8,0x01,0x0E,0x00,0x00,0x0F,0x00,0x00,0x00B8,0x0079,0x0A73,0x00,0x06,0x02,220,19,220:4000:0081:0A8C:009F|221:4000:0071:0A89:009F|222:4000:0061:0A86:009F|223:4000:0081:0A8B:00AF|224:4000:0071:0A88:00AF|225:4000:0061:0A85:00AF|226:4000:0081:0A8A:00BF|227:4000:0071:0A87:00BF|228:4000:0061:0A84:00BF
round2_phase1,0xFE,2832,0x0002,0x0003,0x0000,0x01,0x0018,0x0000,0x0000,actor_2c8,6,0x10C448,0x01,0xB6,0x00,0x00,0x02,0x00,0x00,0x0104,0x0079,0x0400,0x00,0x4E,0x01,200,10,200:404E:0069:0404:00F3|201:404E:0079:0405:00F3|202:404E:0079:0406:0103
round2_phase1,0xFE,2832,0x0002,0x0003,0x0000,0x01,0x0018,0x0000,0x0000,actor_2c8,7,0x10C488,0x01,0x19,0x00,0x00,0x02,0x00,0x00,0x00D8,0x0079,0x004B,0x00,0x46,0x00,210,10,210:4046:007A:006D:00C7|211:4046:006A:006B:00C7|212:4046:006A:004E:00C7|213:4046:005A:004C:00C7|214:4046:007A:006C:00D7|215:4046:006A:006A:00D7|216:4046:006A:004D:00D7|217:4046:005A:004B:00D7
round2_phase1,0xFE,2832,0x0002,0x0003,0x0000,0x01,0x0018,0x0000,0x0000,actor_2c8,8,0x10C4C8,0x01,0x0F,0x00,0x00,0x0F,0x00,0x00,0x00B8,0x0079,0x0A73,0x00,0x06,0x02,220,19,220:4000:0081:0A94:009F|221:4000:0071:0A91:009F|222:4000:0061:0A8F:009F|223:4000:0081:0A93:00AF|224:4000:0061:0A8E:00AF|225:4000:0081:0A92:00BF|226:4000:0071:0A90:00BF|227:4000:0061:0A8D:00BF
round2_phase1,0xFE,2834,0x0002,0x0003,0x0000,0x01,0x0018,0x0000,0x0000,actor_2c8,6,0x10C448,0x01,0xB6,0x00,0x00,0x02,0x00,0x00,0x0102,0x0079,0x0400,0x00,0x4E,0x01,200,10,200:404E:0069:0404:00F1|201:404E:0079:0405:00F1|202:404E:0079:0406:0101
round2_phase1,0xFE,2834,0x0002,0x0003,0x0000,0x01,0x0018,0x0000,0x0000,actor_2c8,8,0x10C4C8,0x01,0x10,0x00,0x00,0x0F,0x00,0x00,0x00B8,0x0079,0x0A73,0x00,0x06,0x02,220,19,220:4000:0081:0A94:009F|221:4000:0071:0A91:009F|222:4000:0061:0A8F:009F|223:4000:0081:0A93:00AF|224:4000:0061:0A8E:00AF|225:4000:0081:0A92:00BF|226:4000:0071:0A90:00BF|227:4000:0061:0A8D:00BF
round2_phase1,0xFE,2836,0x0002,0x0003,0x0000,0x01,0x0018,0x0000,0x0000,actor_2c8,6,0x10C448,0x01,0xB7,0x00,0x00,0x02,0x00,0x00,0x0100,0x0079,0x0400,0x00,0x4E,0x01,200,10,200:404E:0069:0407:00EF|201:404E:0079:0408:00EF|202:404E:0079:0409:00FF
round2_phase1,0xFE,2836,0x0002,0x0003,0x0000,0x01,0x0018,0x0000,0x0000,actor_2c8,7,0x10C488,0x01,0x18,0x00,0x00,0x02,0x00,0x00,0x00D4,0x0079,0x004B,0x00,0x46,0x00,210,10,210:4046:0079:0069:00C5|211:4046:0069:0067:00C5|212:4046:0069:004E:00C5|213:4046:0059:004C:00C5|214:4046:0079:0068:00D5|215:4046:0069:0063:00D5|216:4046:0069:004D:00D5|217:4046:0059:004B:00D5
round2_phase1,0xFE,2836,0x0002,0x0003,0x0000,0x01,0x0018,0x0000,0x0000,actor_2c8,8,0x10C4C8,0x01,0x10,0x00,0x00,0x0F,0x00,0x00,0x00B8,0x0079,0x0A73,0x00,0x06,0x02,220,19,220:4000:0081:0A9D:009F|221:4000:0071:0A9A:009F|222:4000:0061:0A97:009F|223:4000:0081:0A9C:00AF|224:4000:0071:0A99:00AF|225:4000:0061:0A96:00AF|226:4000:0081:0A9B:00BF|227:4000:0071:0A98:00BF|228:4000:0061:0A95:00BF
round2_phase1,0xFE,2838,0x0002,0x0003,0x0000,0x01,0x0018,0x0000,0x0000,actor_2c8,7,0x10C488,0x01,0x18,0x00,0x00,0x02,0x00,0x00,0x00D2,0x0079,0x004B,0x00,0x46,0x00,210,10,210:4046:0079:0069:00C3|211:4046:0069:0067:00C3|212:4046:0069:004E:00C3|213:4046:0059:004C:00C3|214:4046:0079:0068:00D3|215:4046:0069:0063:00D3|216:4046:0069:004D:00D3|217:4046:0059:004B:00D3
round2_phase1,0xFE,2838,0x0002,0x0003,0x0000,0x01,0x0018,0x0000,0x0000,actor_2c8,8,0x10C4C8,0x01,0x11,0x00,0x00,0x0F,0x00,0x00,0x00B8,0x0079,0x0A73,0x00,0x06,0x02,220,19,220:4000:0079:0AA1:00A7|221:4000:0069:0A9F:00A7|222:4000:0079:0AA0:00B7|223:4000:0069:0A9E:00B7
round2_phase1,0xFE,2840,0x0002,0x0003,0x0000,0x01,0x0018,0x0000,0x0000,actor_2c8,6,0x10C448,0x01,0xB6,0x00,0x00,0x02,0x00,0x00,0x00FC,0x0079,0x0400,0x00,0x4E,0x01,200,10,200:404E:0069:0404:00ED|201:404E:0079:0405:00ED|202:404E:0079:0406:00FD
round2_phase1,0xFE,2840,0x0002,0x0003,0x0000,0x01,0x0018,0x0000,0x0000,actor_2c8,7,0x10C488,0x01,0x18,0x00,0x00,0x02,0x00,0x00,0x00D0,0x0079,0x004B,0x00,0x46,0x00,210,10,210:4046:0079:0069:00C1|211:4046:0069:0067:00C1|212:4046:0069:004E:00C1|213:4046:0059:004C:00C1|214:4046:0079:0068:00D1|215:4046:0069:0063:00D1|216:4046:0069:004D:00D1|217:4046:0059:004B:00D1
round2_phase1,0xFE,2840,0x0002,0x0003,0x0000,0x01,0x0018,0x0000,0x0000,actor_2c8,8,0x10C4C8,0x01,0x12,0x00,0x00,0x0F,0x00,0x00,0x00B8,0x0079,0x0A73,0x00,0x06,0x02,220,19,220:4000:0079:0AA1:00A7|221:4000:0069:0A9F:00A7|222:4000:0079:0AA0:00B7|223:4000:0069:0A9E:00B7
round2_phase1,0xFE,2842,0x0002,0x0003,0x0000,0x01,0x0018,0x0000,0x0000,actor_2c8,6,0x10C448,0x01,0xB6,0x00,0x00,0x02,0x00,0x00,0x00FA,0x0079,0x0400,0x00,0x4E,0x01,200,10,200:404E:0069:0404:00EB|201:404E:0079:0405:00EB|202:404E:0079:0406:00FB
round2_phase1,0xFE,2842,0x0002,0x0003,0x0000,0x01,0x0018,0x0000,0x0000,actor_2c8,7,0x10C488,0x01,0x18,0x00,0x00,0x02,0x00,0x00,0x00D0,0x0079,0x004B,0x00,0x46,0x00,210,10,210:4046:0079:0069:00BF|211:4046:0069:0067:00BF|212:4046:0069:004E:00BF|213:4046:0059:004C:00BF|214:4046:0079:0068:00CF|215:4046:0069:0063:00CF|216:4046:0069:004D:00CF|217:4046:0059:004B:00CF
round2_phase1,0xFE,2842,0x0002,0x0003,0x0000,0x01,0x0018,0x0000,0x0000,actor_2c8,8,0x10C4C8,0x01,0x12,0x00,0x00,0x0F,0x00,0x00,0x00B8,0x0079,0x0A73,0x00,0x06,0x02,220,19,220:4000:0071:0AA2:00AF
round2_phase1,0xFE,2844,0x0002,0x0003,0x0000,0x01,0x0018,0x0000,0x0000,actor_2c8,6,0x10C448,0x01,0xB5,0x00,0x00,0x02,0x00,0x00,0x00F8,0x0079,0x0400,0x00,0x4E,0x01,200,10,200:404E:0069:0400:00E9|201:404E:0069:0403:00F9|202:404E:0079:0401:00E9|203:404E:0079:0402:00F9
round2_phase1,0xFE,2844,0x0002,0x0003,0x0000,0x01,0x0018,0x0000,0x0000,actor_2c8,7,0x10C488,0x01,0x17,0x00,0x00,0x02,0x00,0x00,0x00CE,0x0079,0x004B,0x00,0x46,0x00,210,10,210:4046:007A:0066:00BD|211:4046:006A:0064:00BD|212:4046:006A:004E:00BD|213:4046:005A:004C:00BD|214:4046:007A:0065:00CD|215:4046:006A:0063:00CD|216:4046:006A:004D:00CD|217:4046:005A:004B:00CD
round2_phase1,0xFE,2846,0x0002,0x0003,0x0000,0x01,0x0018,0x0000,0x0000,actor_2c8,6,0x10C448,0x01,0xB5,0x00,0x00,0x02,0x00,0x00,0x00F8,0x0079,0x0400,0x00,0x4E,0x01,200,10,200:404E:0069:0400:00E7|201:404E:0069:0403:00F7|202:404E:0079:0401:00E7|203:404E:0079:0402:00F7
round2_phase1,0xFE,2846,0x0002,0x0003,0x0000,0x01,0x0018,0x0000,0x0000,actor_2c8,7,0x10C488,0x01,0x0D,0x00,0x00,0x0F,0x00,0x00,0x00CC,0x0079,0x0A73,0x00,0x06,0x02,210,10,210:4046:007A:0066:00BB|211:4046:006A:0064:00BB|212:4046:006A:004E:00BB|213:4046:005A:004C:00BB|214:4046:007A:0065:00CB|215:4046:006A:0063:00CB|216:4046:006A:004D:00CB|217:4046:005A:004B:00CB
round2_phase1,0xFE,2848,0x0002,0x0003,0x0000,0x01,0x0018,0x0000,0x0000,actor_2c8,6,0x10C448,0x01,0xB6,0x00,0x00,0x02,0x00,0x00,0x00F6,0x0079,0x0400,0x00,0x4E,0x01,200,10,200:404E:0069:0404:00E5|201:404E:0079:0405:00E5|202:404E:0079:0406:00F5
round2_phase1,0xFE,2848,0x0002,0x0003,0x0000,0x01,0x0018,0x0000,0x0000,actor_2c8,7,0x10C488,0x01,0x0D,0x00,0x00,0x0F,0x00,0x00,0x00CC,0x0079,0x0A73,0x00,0x06,0x02,210,10,210:4000:0081:0A83:00B3|211:4000:0071:0A80:00B3|212:4000:0061:0A7D:00B3|213:4000:0081:0A82:00C3|214:4000:0071:0A7F:00C3|215:4000:0061:0A7C:00C3|216:4000:0081:0A81:00D3|217:4000:0071:0A7E:00D3|218:4000:0061:0A7B:00D3
round2_phase1,0xFE,2850,0x0002,0x0003,0x0000,0x01,0x0018,0x0000,0x0000,actor_2c8,6,0x10C448,0x01,0xB6,0x00,0x00,0x02,0x00,0x00,0x00F4,0x0079,0x0400,0x00,0x4E,0x01,200,10,200:404E:0069:0404:00E3|201:404E:0079:0405:00E3|202:404E:0079:0406:00F3
round2_phase1,0xFE,2850,0x0002,0x0003,0x0000,0x01,0x0018,0x0000,0x0000,actor_2c8,7,0x10C488,0x01,0x0C,0x00,0x00,0x0F,0x00,0x00,0x00CC,0x0079,0x0A73,0x00,0x06,0x02,210,10,210:4000:0079:0A7A:00BB|211:4000:0069:0A78:00BB|212:4000:0079:0A79:00CB|213:4000:0069:0A77:00CB
round2_phase1,0xFE,2852,0x0002,0x0003,0x0000,0x01,0x0018,0x0000,0x0000,actor_2c8,6,0x10C448,0x01,0xB7,0x00,0x00,0x02,0x00,0x00,0x00F2,0x0079,0x0400,0x00,0x4E,0x01,200,10,200:404E:0069:0407:00E1|201:404E:0079:0408:00E1|202:404E:0079:0409:00F1
round2_phase1,0xFE,2852,0x0002,0x0003,0x0000,0x01,0x0018,0x0000,0x0000,actor_2c8,7,0x10C488,0x01,0x0B,0x00,0x00,0x0F,0x00,0x00,0x00CC,0x0079,0x0A73,0x00,0x06,0x02,210,10,210:4000:0079:0A7A:00BB|211:4000:0069:0A78:00BB|212:4000:0079:0A79:00CB|213:4000:0069:0A77:00CB
round2_phase1,0xFE,2854,0x0002,0x0003,0x0000,0x01,0x0018,0x0000,0x0000,actor_2c8,6,0x10C448,0x01,0xB7,0x00,0x00,0x02,0x00,0x00,0x00F0,0x0079,0x0400,0x00,0x4E,0x01,200,10,200:404E:0069:0407:00DF|201:404E:0079:0408:00DF|202:404E:0079:0409:00EF
round2_phase1,0xFE,2854,0x0002,0x0003,0x0000,0x01,0x0018,0x0000,0x0000,actor_2c8,7,0x10C488,0x01,0x0B,0x00,0x00,0x0F,0x00,0x00,0x00CC,0x0079,0x0A73,0x00,0x06,0x02,210,10,210:4000:0079:0A76:00BB|211:4000:0069:0A74:00BB|212:4000:0079:0A75:00CB|213:4000:0069:0A73:00CB
round2_phase1,0xFE,2856,0x0002,0x0003,0x0000,0x01,0x0018,0x0000,0x0000,actor_2c8,6,0x10C448,0x01,0xB6,0x00,0x00,0x02,0x00,0x00,0x00EE,0x0079,0x0400,0x00,0x4E,0x01,200,10,200:404E:0069:0404:00DF|201:404E:0079:0405:00DF|202:404E:0079:0406:00EF
round2_phase1,0xFE,2858,0x0002,0x0003,0x0000,0x01,0x0018,0x0000,0x0000,actor_2c8,6,0x10C448,0x01,0xB6,0x00,0x00,0x02,0x00,0x00,0x00EC,0x0079,0x0400,0x00,0x4E,0x01,200,10,200:404E:0069:0404:00DD|201:404E:0079:0405:00DD|202:404E:0079:0406:00ED
round2_phase1,0xFE,2858,0x0002,0x0003,0x0000,0x01,0x0018,0x0000,0x0000,actor_2c8,7,0x10C488,0x01,0x0D,0x00,0x00,0x0F,0x00,0x00,0x00CC,0x0079,0x0A73,0x00,0x06,0x02,210,10,210:4000:0079:0A7A:00BB|211:4000:0069:0A78:00BB|212:4000:0079:0A79:00CB|213:4000:0069:0A77:00CB
round2_phase1,0xFE,2860,0x0002,0x0003,0x0000,0x01,0x0018,0x0000,0x0000,actor_2c8,6,0x10C448,0x01,0xB5,0x00,0x00,0x02,0x00,0x00,0x00EA,0x0079,0x0400,0x00,0x4E,0x01,200,10,200:404E:0069:0400:00DB|201:404E:0069:0403:00EB|202:404E:0079:0401:00DB|203:404E:0079:0402:00EB
round2_phase1,0xFE,2862,0x0002,0x0003,0x0000,0x01,0x0018,0x0000,0x0000,actor_2c8,6,0x10C448,0x01,0xB5,0x00,0x00,0x02,0x00,0x00,0x00E8,0x0079,0x0400,0x00,0x4E,0x01,200,10,200:404E:0069:0400:00D9|201:404E:0069:0403:00E9|202:404E:0079:0401:00D9|203:404E:0079:0402:00E9
round2_phase1,0xFE,2862,0x0002,0x0003,0x0000,0x01,0x0018,0x0000,0x0000,actor_2c8,7,0x10C488,0x01,0x0E,0x00,0x00,0x0F,0x00,0x00,0x00CC,0x0079,0x0A73,0x00,0x06,0x02,210,10,210:4000:0081:0A8C:00B3|211:4000:0071:0A89:00B3|212:4000:0061:0A86:00B3|213:4000:0081:0A8B:00C3|214:4000:0071:0A88:00C3|215:4000:0061:0A85:00C3|216:4000:0081:0A8A:00D3|217:4000:0071:0A87:00D3|218:4000:0061:0A84:00D3
round2_phase1,0xFE,2864,0x0002,0x0003,0x0000,0x01,0x0018,0x0000,0x0000,actor_2c8,6,0x10C448,0x01,0xB6,0x00,0x00,0x02,0x00,0x00,0x00E8,0x0079,0x0400,0x00,0x4E,0x01,200,10,200:404E:0069:0404:00D7|201:404E:0079:0405:00D7|202:404E:0079:0406:00E7
round2_phase1,0xFE,2864,0x0002,0x0003,0x0000,0x01,0x0018,0x0000,0x0000,actor_2c8,7,0x10C488,0x01,0x0F,0x00,0x00,0x0F,0x00,0x00,0x00CC,0x0079,0x0A73,0x00,0x06,0x02,210,10,210:4000:0081:0A8C:00B3|211:4000:0071:0A89:00B3|212:4000:0061:0A86:00B3|213:4000:0081:0A8B:00C3|214:4000:0071:0A88:00C3|215:4000:0061:0A85:00C3|216:4000:0081:0A8A:00D3|217:4000:0071:0A87:00D3|218:4000:0061:0A84:00D3
round2_phase1,0xFE,2866,0x0002,0x0003,0x0000,0x01,0x0018,0x0000,0x0000,actor_2c8,6,0x10C448,0x01,0xB6,0x00,0x00,0x02,0x00,0x00,0x00E6,0x0079,0x0400,0x00,0x4E,0x01,200,10,200:404E:0069:0404:00D5|201:404E:0079:0405:00D5|202:404E:0079:0406:00E5
round2_phase1,0xFE,2866,0x0002,0x0003,0x0000,0x01,0x0018,0x0000,0x0000,actor_2c8,7,0x10C488,0x01,0x0F,0x00,0x00,0x0F,0x00,0x00,0x00CC,0x0079,0x0A73,0x00,0x06,0x02,210,10,210:4000:0081:0A94:00B3|211:4000:0071:0A91:00B3|212:4000:0061:0A8F:00B3|213:4000:0081:0A93:00C3|214:4000:0061:0A8E:00C3|215:4000:0081:0A92:00D3|216:4000:0071:0A90:00D3|217:4000:0061:0A8D:00D3
round2_phase1,0xFE,2868,0x0002,0x0003,0x0000,0x01,0x0018,0x0000,0x0000,actor_2c8,6,0x10C448,0x01,0xB7,0x00,0x00,0x02,0x00,0x00,0x00E4,0x0079,0x0400,0x00,0x4E,0x01,200,10,200:404E:0069:0407:00D3|201:404E:0079:0408:00D3|202:404E:0079:0409:00E3
round2_phase1,0xFE,2868,0x0002,0x0003,0x0000,0x01,0x0018,0x0000,0x0000,actor_2c8,7,0x10C488,0x01,0x10,0x00,0x00,0x0F,0x00,0x00,0x00CC,0x0079,0x0A73,0x00,0x06,0x02,210,10,210:4000:0081:0A9D:00B3|211:4000:0071:0A9A:00B3|212:4000:0061:0A97:00B3|213:4000:0081:0A9C:00C3|214:4000:0071:0A99:00C3|215:4000:0061:0A96:00C3|216:4000:0081:0A9B:00D3|217:4000:0071:0A98:00D3|218:4000:0061:0A95:00D3
round2_phase1,0xFE,2870,0x0002,0x0003,0x0000,0x01,0x0018,0x0000,0x0000,actor_2c8,6,0x10C448,0x01,0xB7,0x00,0x00,0x02,0x00,0x00,0x00E2,0x0079,0x0400,0x00,0x4E,0x01,200,10,200:404E:0069:0407:00D1|201:404E:0079:0408:00D1|202:404E:0079:0409:00E1
round2_phase1,0xFE,2870,0x0002,0x0003,0x0000,0x01,0x0018,0x0000,0x0000,actor_2c8,7,0x10C488,0x01,0x11,0x00,0x00,0x0F,0x00,0x00,0x00CC,0x0079,0x0A73,0x00,0x06,0x02,210,10,210:4000:0081:0A9D:00B3|211:4000:0071:0A9A:00B3|212:4000:0061:0A97:00B3|213:4000:0081:0A9C:00C3|214:4000:0071:0A99:00C3|215:4000:0061:0A96:00C3|216:4000:0081:0A9B:00D3|217:4000:0071:0A98:00D3|218:4000:0061:0A95:00D3
round2_phase1,0xFE,2872,0x0002,0x0003,0x0000,0x01,0x0018,0x0000,0x0000,actor_2c8,6,0x10C448,0x01,0xB6,0x00,0x00,0x02,0x00,0x00,0x00E0,0x0079,0x0400,0x00,0x4E,0x01,200,10,200:404E:0069:0404:00CF|201:404E:0079:0405:00CF|202:404E:0079:0406:00DF
round2_phase1,0xFE,2872,0x0002,0x0003,0x0000,0x01,0x0018,0x0000,0x0000,actor_2c8,7,0x10C488,0x01,0x11,0x00,0x00,0x0F,0x00,0x00,0x00CC,0x0079,0x0A73,0x00,0x06,0x02,210,10,210:4000:0079:0AA1:00BB|211:4000:0069:0A9F:00BB|212:4000:0079:0AA0:00CB|213:4000:0069:0A9E:00CB
round2_phase1,0xFE,2874,0x0002,0x0003,0x0000,0x01,0x0018,0x0000,0x0000,actor_2c8,7,0x10C488,0x01,0x12,0x00,0x00,0x0F,0x00,0x00,0x00CC,0x0079,0x0A73,0x00,0x06,0x02,210,10,210:4000:0071:0AA2:00C3
round2_phase1,0xFE,2876,0x0002,0x0003,0x0000,0x01,0x0018,0x0000,0x0000,actor_2c8,6,0x10C448,0x01,0xB5,0x00,0x00,0x02,0x00,0x00,0x00DB,0x0079,0x0400,0x00,0x4E,0x01,200,10,200:404E:0069:0400:00CD|201:404E:0069:0403:00DD|202:404E:0079:0401:00CD|203:404E:0079:0402:00DD
round2_phase1,0xFE,2876,0x0002,0x0003,0x0000,0x01,0x0018,0x0000,0x0000,actor_2c8,7,0x10C488,0x01,0x14,0x00,0x00,0x0F,0x00,0x00,0x00CB,0xFF79,0x0A5A,0x00,0x06,0x02,210,10,210:4000:0071:0AA2:00C3
round2_phase1,0xFE,2878,0x0002,0x0003,0x0000,0x01,0x0018,0x0000,0x0000,actor_2c8,6,0x10C448,0x01,0xB5,0x00,0x00,0x02,0x00,0x00,0x00D5,0x0079,0x0400,0x00,0x4E,0x01,200,10,200:404E:0069:0400:00C8|201:404E:0069:0403:00D8|202:404E:0079:0401:00C8|203:404E:0079:0402:00D8
round2_phase1,0xFE,2878,0x0002,0x0003,0x0000,0x01,0x0018,0x0000,0x0000,actor_2c8,7,0x10C488,0x01,0x14,0x00,0x00,0x0F,0x00,0x00,0x00C7,0xFF79,0x0A5A,0x00,0x06,0x02,210,10,210:4000:FF71:0A5B:00C0
round2_phase1,0xFE,2880,0x0002,0x0003,0x0000,0x01,0x0018,0x0000,0x0000,actor_2c8,4,0x10C3C8,0x01,0xB6,0x00,0x00,0x02,0x00,0x00,0x014D,0x0079,0x0400,0x00,0x4E,0x01,180,10,
round2_phase1,0xFE,2880,0x0002,0x0003,0x0000,0x01,0x0018,0x0000,0x0000,actor_2c8,6,0x10C448,0x01,0xB6,0x00,0x00,0x02,0x00,0x00,0x00CF,0x0079,0x0400,0x00,0x4E,0x01,200,10,200:404E:0069:0404:00C2|201:404E:0079:0405:00C2|202:404E:0079:0406:00D2
round2_phase1,0xFE,2880,0x0002,0x0003,0x0000,0x01,0x0018,0x0000,0x0000,actor_2c8,7,0x10C488,0x01,0x14,0x00,0x00,0x0F,0x00,0x00,0x00C3,0xFE79,0x0A5A,0x00,0x06,0x02,210,10,210:4000:FE71:0A5B:00BC
round2_phase1,0xFE,2882,0x0002,0x0003,0x0000,0x01,0x0018,0x0000,0x0000,actor_2c8,4,0x10C3C8,0x01,0xB6,0x00,0x00,0x02,0x00,0x00,0x0147,0x0079,0x0400,0x00,0x4E,0x01,180,10,180:404E:0069:0404:013A|181:404E:0079:0405:013A|182:404E:0079:0406:014A
round2_phase1,0xFE,2882,0x0002,0x0003,0x0000,0x01,0x0018,0x0000,0x0000,actor_2c8,6,0x10C448,0x01,0xB6,0x00,0x00,0x02,0x00,0x00,0x00CB,0x0079,0x0400,0x00,0x4E,0x01,200,10,200:404E:0069:0404:00BC|201:404E:0079:0405:00BC|202:404E:0079:0406:00CC
round2_phase1,0xFE,2882,0x0002,0x0003,0x0000,0x01,0x0018,0x0000,0x0000,actor_2c8,7,0x10C488,0x01,0x14,0x00,0x00,0x0F,0x00,0x00,0x00BF,0xFF79,0x0A5A,0x00,0x06,0x02,210,10,210:4000:FE71:0A5B:00B8
round2_phase1,0xFE,2884,0x0002,0x0003,0x0000,0x01,0x0018,0x0000,0x0000,actor_2c8,4,0x10C3C8,0x01,0xB7,0x00,0x00,0x02,0x00,0x00,0x0141,0x0079,0x0400,0x00,0x4E,0x01,180,10,180:404E:0069:0407:0134|181:404E:0079:0408:0134|182:404E:0079:0409:0144
round2_phase1,0xFE,2884,0x0002,0x0003,0x0000,0x01,0x0018,0x0000,0x0000,actor_2c8,6,0x10C448,0x01,0xB5,0x00,0x00,0x1F,0x00,0x00,0x00C7,0x0079,0x0400,0x00,0x4E,0x01,200,10,200:404E:0069:0400:00B8|201:404E:0069:0403:00C8|202:404E:0079:0401:00B8|203:404E:0079:0402:00C8
round2_phase1,0xFE,2884,0x0002,0x0003,0x0000,0x01,0x0018,0x0000,0x0000,actor_2c8,7,0x10C488,0x01,0x14,0x00,0x00,0x0F,0x00,0x00,0x00BB,0xFF79,0x0A5A,0x00,0x06,0x02,210,10,210:4000:FF71:0A5B:00B4
round2_phase1,0xFE,2886,0x0002,0x0003,0x0000,0x01,0x0018,0x0000,0x0000,actor_2c8,4,0x10C3C8,0x01,0xB7,0x00,0x00,0x02,0x00,0x00,0x013B,0x0079,0x0400,0x00,0x4E,0x01,180,10,180:404E:0069:0407:012E|181:404E:0079:0408:012E|182:404E:0079:0409:013E
round2_phase1,0xFE,2886,0x0002,0x0003,0x0000,0x01,0x0018,0x0000,0x0000,actor_2c8,6,0x10C448,0x01,0xB8,0x00,0x00,0x1F,0x00,0x00,0x00C3,0x0079,0x0400,0x00,0x4E,0x01,200,10,200:404E:0069:0400:00B4|201:404E:0069:0403:00C4|202:404E:0079:0401:00B4|203:404E:0079:0402:00C4
round2_phase1,0xFE,2886,0x0002,0x0003,0x0000,0x01,0x0018,0x0000,0x0000,actor_2c8,7,0x10C488,0x01,0x14,0x00,0x00,0x0F,0x00,0x00,0x00B7,0x0079,0x0A5A,0x00,0x06,0x02,210,10,210:4000:0071:0A5B:00B0
round2_phase1,0xFE,2888,0x0002,0x0003,0x0000,0x01,0x0018,0x0000,0x0000,actor_2c8,4,0x10C3C8,0x01,0xB6,0x00,0x00,0x02,0x00,0x00,0x0139,0x0079,0x0400,0x00,0x4E,0x01,180,10,180:404E:0069:0404:0128|181:404E:0079:0405:0128|182:404E:0079:0406:0138
round2_phase1,0xFE,2888,0x0002,0x0003,0x0000,0x01,0x0018,0x0000,0x0000,actor_2c8,6,0x10C448,0x01,0xB8,0x00,0x00,0x1F,0x00,0x00,0x00C1,0x0079,0x0400,0x00,0x4E,0x01,200,10,200:404E:0069:040A:00A0|201:404E:0079:040B:00A0|202:404E:0079:040C:00B0|203:404E:0079:040D:00C0
round2_phase1,0xFE,2888,0x0002,0x0003,0x0000,0x01,0x0018,0x0000,0x0000,actor_2c8,7,0x10C488,0x01,0x14,0x00,0x00,0x0F,0x00,0x00,0x00B5,0xFF79,0x0A5A,0x00,0x06,0x02,210,10,210:4000:0071:0A5B:00AC
round2_phase1,0xFE,2890,0x0002,0x0003,0x0000,0x01,0x0018,0x0000,0x0000,actor_2c8,4,0x10C3C8,0x01,0xB6,0x00,0x00,0x02,0x00,0x00,0x0137,0x0079,0x0400,0x00,0x4E,0x01,180,10,180:404E:0069:0404:0126|181:404E:0079:0405:0126|182:404E:0079:0406:0136
round2_phase1,0xFE,2890,0x0002,0x0003,0x0000,0x01,0x0018,0x0000,0x0000,actor_2c8,7,0x10C488,0x01,0x14,0x00,0x00,0x0F,0x00,0x00,0x00B5,0xFF79,0x0A5A,0x00,0x06,0x02,210,10,210:4000:FF71:0A5B:00AC
round2_phase1,0xFE,2892,0x0002,0x0003,0x0000,0x01,0x0018,0x0000,0x0000,actor_2c8,4,0x10C3C8,0x01,0xB5,0x00,0x00,0x02,0x00,0x00,0x0135,0x0079,0x0400,0x00,0x4E,0x01,180,10,180:404E:0069:0400:0124|181:404E:0069:0403:0134|182:404E:0079:0401:0124|183:404E:0079:0402:0134
round2_phase1,0xFE,2892,0x0002,0x0003,0x0000,0x01,0x0018,0x0000,0x0000,actor_2c8,6,0x10C448,0x01,0xB9,0x00,0x00,0x1F,0x00,0x00,0x00C1,0x0079,0x0400,0x00,0x4E,0x01,200,10,200:404E:0069:040A:00A0|201:404E:0079:040B:00A0|202:404E:0079:040C:00B0|203:404E:0079:040D:00C0
round2_phase1,0xFE,2892,0x0002,0x0003,0x0000,0x01,0x0018,0x0000,0x0000,actor_2c8,7,0x10C488,0x01,0x14,0x00,0x00,0x0F,0x00,0x00,0x00B5,0xFE79,0x0A5A,0x00,0x06,0x02,210,10,210:4000:FE71:0A5B:00AC
round2_phase1,0xFE,2894,0x0002,0x0003,0x0000,0x01,0x0018,0x0000,0x0000,actor_2c8,4,0x10C3C8,0x01,0xB5,0x00,0x00,0x02,0x00,0x00,0x0133,0x0079,0x0400,0x00,0x4E,0x01,180,10,180:404E:0069:0400:0122|181:404E:0069:0403:0132|182:404E:0079:0401:0122|183:404E:0079:0402:0132
round2_phase1,0xFE,2894,0x0002,0x0003,0x0000,0x01,0x0018,0x0000,0x0000,actor_2c8,6,0x10C448,0x01,0xB9,0x00,0x00,0x1F,0x00,0x00,0x00C1,0x0079,0x0400,0x00,0x4E,0x01,200,10,200:404E:0069:040E:00A0|201:404E:0079:040F:00A0|202:404E:0079:0410:00B0|203:404E:0079:0411:00C0
round2_phase1,0xFE,2896,0x0002,0x0003,0x0000,0x01,0x0018,0x0000,0x0000,actor_2c8,4,0x10C3C8,0x01,0xB6,0x00,0x00,0x02,0x00,0x00,0x0131,0x0079,0x0400,0x00,0x4E,0x01,180,10,180:404E:0069:0404:0120|181:404E:0079:0405:0120|182:404E:0079:0406:0130
round2_phase1,0xFE,2896,0x0002,0x0003,0x0000,0x01,0x0018,0x0000,0x0000,actor_2c8,6,0x10C448,0x01,0x0D,0x00,0x00,0x0F,0x00,0x00,0x00C1,0x0079,0x0A73,0x00,0x0E,0x02,200,10,200:404E:0069:040E:00A0|201:404E:0079:040F:00A0|202:404E:0079:0410:00B0|203:404E:0079:0411:00C0
round2_phase1,0xFE,2898,0x0002,0x0003,0x0000,0x01,0x0018,0x0000,0x0000,actor_2c8,6,0x10C448,0x01,0x0D,0x00,0x00,0x0F,0x00,0x00,0x00C1,0x0079,0x0A73,0x00,0x0E,0x02,200,10,200:4000:0081:0A83:00A8|201:4000:0071:0A80:00A8|202:4000:0061:0A7D:00A8|203:4000:0081:0A82:00B8|204:4000:0071:0A7F:00B8|205:4000:0061:0A7C:00B8|206:4000:0081:0A81:00C8|207:4000:0071:0A7E:00C8|208:4000:0061:0A7B:00C8
round2_phase1,0xFE,2900,0x0002,0x0003,0x0000,0x01,0x0018,0x0000,0x0000,actor_2c8,4,0x10C3C8,0x01,0xB7,0x00,0x00,0x02,0x00,0x00,0x012D,0x0079,0x0400,0x00,0x4E,0x01,180,10,180:404E:0069:0407:011E|181:404E:0079:0408:011E|182:404E:0079:0409:012E
round2_phase1,0xFE,2900,0x0002,0x0003,0x0000,0x01,0x0018,0x0000,0x0000,actor_2c8,6,0x10C448,0x01,0x0C,0x00,0x00,0x0F,0x00,0x00,0x00C1,0x0079,0x0A73,0x00,0x0E,0x02,200,10,200:4000:0079:0A7A:00B0|201:4000:0069:0A78:00B0|202:4000:0079:0A79:00C0|203:4000:0069:0A77:00C0
round2_phase1,0xFE,2902,0x0002,0x0003,0x0000,0x01,0x0018,0x0000,0x0000,actor_2c8,4,0x10C3C8,0x01,0xB7,0x00,0x00,0x02,0x00,0x00,0x012B,0x0079,0x0400,0x00,0x4E,0x01,180,10,180:404E:0069:0407:011C|181:404E:0079:0408:011C|182:404E:0079:0409:012C
round2_phase1,0xFE,2902,0x0002,0x0003,0x0000,0x01,0x0018,0x0000,0x0000,actor_2c8,6,0x10C448,0x01,0x0B,0x00,0x00,0x0F,0x00,0x00,0x00C1,0x0079,0x0A73,0x00,0x0E,0x02,200,10,200:4000:0079:0A7A:00B0|201:4000:0069:0A78:00B0|202:4000:0079:0A79:00C0|203:4000:0069:0A77:00C0
round2_phase1,0xFE,2904,0x0002,0x0003,0x0000,0x01,0x0018,0x0000,0x0000,actor_2c8,4,0x10C3C8,0x01,0xB6,0x00,0x00,0x02,0x00,0x00,0x0129,0x0079,0x0400,0x00,0x4E,0x01,180,10,180:404E:0069:0404:011A|181:404E:0079:0405:011A|182:404E:0079:0406:012A
round2_phase1,0xFE,2904,0x0002,0x0003,0x0000,0x01,0x0018,0x0000,0x0000,actor_2c8,6,0x10C448,0x01,0x0B,0x00,0x00,0x0F,0x00,0x00,0x00C1,0x0079,0x0A73,0x00,0x0E,0x02,200,10,200:4000:0079:0A76:00B0|201:4000:0069:0A74:00B0|202:4000:0079:0A75:00C0|203:4000:0069:0A73:00C0
round2_phase1,0xFE,2906,0x0002,0x0003,0x0000,0x01,0x0018,0x0000,0x0000,actor_2c8,4,0x10C3C8,0x01,0xB6,0x00,0x00,0x02,0x00,0x00,0x0129,0x0079,0x0400,0x00,0x4E,0x01,180,10,180:404E:0069:0404:0118|181:404E:0079:0405:0118|182:404E:0079:0406:0128
round2_phase1,0xFE,2908,0x0002,0x0003,0x0000,0x01,0x0018,0x0000,0x0000,actor_2c8,4,0x10C3C8,0x01,0xB5,0x00,0x00,0x02,0x00,0x00,0x0127,0x0079,0x0400,0x00,0x4E,0x01,180,10,180:404E:0069:0400:0116|181:404E:0069:0403:0126|182:404E:0079:0401:0116|183:404E:0079:0402:0126
round2_phase1,0xFE,2908,0x0002,0x0003,0x0000,0x01,0x0018,0x0000,0x0000,actor_2c8,6,0x10C448,0x01,0x0D,0x00,0x00,0x0F,0x00,0x00,0x00C1,0x0079,0x0A73,0x00,0x0E,0x02,200,10,200:4000:0079:0A7A:00B0|201:4000:0069:0A78:00B0|202:4000:0079:0A79:00C0|203:4000:0069:0A77:00C0
round2_phase1,0xFE,2910,0x0002,0x0003,0x0000,0x01,0x0018,0x0000,0x0000,actor_2c8,4,0x10C3C8,0x01,0xB5,0x00,0x00,0x02,0x00,0x00,0x0125,0x0079,0x0400,0x00,0x4E,0x01,180,10,180:404E:0069:0400:0114|181:404E:0069:0403:0124|182:404E:0079:0401:0114|183:404E:0079:0402:0124
round2_phase1,0xFE,2912,0x0002,0x0003,0x0000,0x01,0x0018,0x0000,0x0000,actor_2c8,4,0x10C3C8,0x01,0xB6,0x00,0x00,0x02,0x00,0x00,0x0123,0x0079,0x0400,0x00,0x4E,0x01,180,10,180:404E:0069:0404:0112|181:404E:0079:0405:0112|182:404E:0079:0406:0122
round2_phase1,0xFE,2912,0x0002,0x0003,0x0000,0x01,0x0018,0x0000,0x0000,actor_2c8,6,0x10C448,0x01,0x0E,0x00,0x00,0x0F,0x00,0x00,0x00C1,0x0079,0x0A73,0x00,0x0E,0x02,200,10,200:4000:0081:0A8C:00A8|201:4000:0071:0A89:00A8|202:4000:0061:0A86:00A8|203:4000:0081:0A8B:00B8|204:4000:0071:0A88:00B8|205:4000:0061:0A85:00B8|206:4000:0081:0A8A:00C8|207:4000:0071:0A87:00C8|208:4000:0061:0A84:00C8
round2_phase1,0xFE,2914,0x0002,0x0003,0x0000,0x01,0x0018,0x0000,0x0000,actor_2c8,4,0x10C3C8,0x01,0xB6,0x00,0x00,0x02,0x00,0x00,0x0121,0x0079,0x0400,0x00,0x4E,0x01,180,10,180:404E:0069:0404:0110|181:404E:0079:0405:0110|182:404E:0079:0406:0120
round2_phase1,0xFE,2914,0x0002,0x0003,0x0000,0x01,0x0018,0x0000,0x0000,actor_2c8,6,0x10C448,0x01,0x0F,0x00,0x00,0x0F,0x00,0x00,0x00C1,0x0079,0x0A73,0x00,0x0E,0x02,200,10,200:4000:0081:0A8C:00A8|201:4000:0071:0A89:00A8|202:4000:0061:0A86:00A8|203:4000:0081:0A8B:00B8|204:4000:0071:0A88:00B8|205:4000:0061:0A85:00B8|206:4000:0081:0A8A:00C8|207:4000:0071:0A87:00C8|208:4000:0061:0A84:00C8
round2_phase1,0xFE,2916,0x0002,0x0003,0x0000,0x01,0x0018,0x0000,0x0000,actor_2c8,4,0x10C3C8,0x01,0xB7,0x00,0x00,0x02,0x00,0x00,0x011F,0x0079,0x0400,0x00,0x4E,0x01,180,10,180:404E:0069:0407:0110|181:404E:0079:0408:0110|182:404E:0079:0409:0120
round2_phase1,0xFE,2916,0x0002,0x0003,0x0000,0x01,0x0018,0x0000,0x0000,actor_2c8,6,0x10C448,0x01,0x0F,0x00,0x00,0x0F,0x00,0x00,0x00C1,0x0079,0x0A73,0x00,0x0E,0x02,200,10,200:4000:0081:0A94:00A8|201:4000:0071:0A91:00A8|202:4000:0061:0A8F:00A8|203:4000:0081:0A93:00B8|204:4000:0061:0A8E:00B8|205:4000:0081:0A92:00C8|206:4000:0071:0A90:00C8|207:4000:0061:0A8D:00C8
round2_phase1,0xFE,2918,0x0002,0x0003,0x0000,0x01,0x0018,0x0000,0x0000,actor_2c8,4,0x10C3C8,0x01,0xB7,0x00,0x00,0x02,0x00,0x00,0x011D,0x0079,0x0400,0x00,0x4E,0x01,180,10,180:404E:0069:0407:010E|181:404E:0079:0408:010E|182:404E:0079:0409:011E
round2_phase1,0xFE,2918,0x0002,0x0003,0x0000,0x01,0x0018,0x0000,0x0000,actor_2c8,6,0x10C448,0x01,0x10,0x00,0x00,0x0F,0x00,0x00,0x00C1,0x0079,0x0A73,0x00,0x0E,0x02,200,10,200:4000:0081:0A9D:00A8|201:4000:0071:0A9A:00A8|202:4000:0061:0A97:00A8|203:4000:0081:0A9C:00B8|204:4000:0071:0A99:00B8|205:4000:0061:0A96:00B8|206:4000:0081:0A9B:00C8|207:4000:0071:0A98:00C8|208:4000:0061:0A95:00C8
round2_phase1,0xFE,2920,0x0002,0x0003,0x0000,0x01,0x0018,0x0000,0x0000,actor_2c8,4,0x10C3C8,0x01,0xB6,0x00,0x00,0x02,0x00,0x00,0x011B,0x0079,0x0400,0x00,0x4E,0x01,180,10,180:404E:0069:0404:010C|181:404E:0079:0405:010C|182:404E:0079:0406:011C
round2_phase1,0xFE,2920,0x0002,0x0003,0x0000,0x01,0x0018,0x0000,0x0000,actor_2c8,6,0x10C448,0x01,0x11,0x00,0x00,0x0F,0x00,0x00,0x00C1,0x0079,0x0A73,0x00,0x0E,0x02,200,10,200:4000:0081:0A9D:00A8|201:4000:0071:0A9A:00A8|202:4000:0061:0A97:00A8|203:4000:0081:0A9C:00B8|204:4000:0071:0A99:00B8|205:4000:0061:0A96:00B8|206:4000:0081:0A9B:00C8|207:4000:0071:0A98:00C8|208:4000:0061:0A95:00C8
round2_phase1,0xFE,2922,0x0002,0x0003,0x0000,0x01,0x0018,0x0000,0x0000,actor_2c8,4,0x10C3C8,0x01,0xB6,0x00,0x00,0x02,0x00,0x00,0x0118,0x0079,0x0400,0x00,0x4E,0x01,180,10,180:404E:0069:0404:010A|181:404E:0079:0405:010A|182:404E:0079:0406:011A
round2_phase1,0xFE,2922,0x0002,0x0003,0x0000,0x01,0x0018,0x0000,0x0000,actor_2c8,6,0x10C448,0x01,0x11,0x00,0x00,0x0F,0x00,0x00,0x00C0,0x0079,0x0A73,0x00,0x0E,0x02,200,10,200:4000:0079:0AA1:00B0|201:4000:0069:0A9F:00B0|202:4000:0079:0AA0:00C0|203:4000:0069:0A9E:00C0
round2_phase1,0xFE,2924,0x0002,0x0003,0x0000,0x01,0x0018,0x0000,0x0000,actor_2c8,4,0x10C3C8,0x01,0xB5,0x00,0x00,0x02,0x00,0x00,0x0116,0x0079,0x0400,0x00,0x4E,0x01,180,10,180:404E:0069:0400:0106|181:404E:0069:0403:0116|182:404E:0079:0401:0106|183:404E:0079:0402:0116
round2_phase1,0xFE,2924,0x0002,0x0003,0x0000,0x01,0x0018,0x0000,0x0000,actor_2c8,6,0x10C448,0x01,0x12,0x00,0x00,0x0F,0x00,0x00,0x00BE,0x0079,0x0A73,0x00,0x0E,0x02,200,10,200:4000:0071:0AA2:00B6
round2_phase1,0xFE,2924,0x0002,0x0003,0x0000,0x01,0x0018,0x0000,0x0000,actor_2c8,7,0x10C488,0x01,0x14,0x00,0x00,0x0F,0x00,0x00,0x00B2,0xFF79,0x0A5A,0x00,0x06,0x02,210,10,210:4000:0071:0A5B:00AA
round2_phase1,0xFE,2926,0x0002,0x0003,0x0000,0x01,0x0018,0x0000,0x0000,actor_2c8,4,0x10C3C8,0x01,0xB5,0x00,0x00,0x02,0x00,0x00,0x0112,0x0079,0x0400,0x00,0x4E,0x01,180,10,180:404E:0069:0400:0102|181:404E:0069:0403:0112|182:404E:0079:0401:0102|183:404E:0079:0402:0112
round2_phase1,0xFE,2926,0x0002,0x0003,0x0000,0x01,0x0018,0x0000,0x0000,actor_2c8,6,0x10C448,0x01,0x13,0x00,0x00,0x0F,0x00,0x00,0x00BC,0xFF79,0x0A5A,0x00,0x0E,0x02,200,10,200:4000:0071:0AA2:00B4
round2_phase1,0xFE,2926,0x0002,0x0003,0x0000,0x01,0x0018,0x0000,0x0000,actor_2c8,7,0x10C488,0x01,0x14,0x00,0x00,0x0F,0x00,0x00,0x00B0,0xFF79,0x0A5A,0x00,0x06,0x02,210,10,210:4000:FF71:0A5B:00A8
round2_phase1,0xFE,2928,0x0002,0x0003,0x0000,0x01,0x0018,0x0000,0x0000,actor_2c8,4,0x10C3C8,0x01,0xB6,0x00,0x00,0x02,0x00,0x00,0x010E,0x0079,0x0400,0x00,0x4E,0x01,180,10,180:404E:0069:0404:00FE|181:404E:0079:0405:00FE|182:404E:0079:0406:010E
round2_phase1,0xFE,2928,0x0002,0x0003,0x0000,0x01,0x0018,0x0000,0x0000,actor_2c8,6,0x10C448,0x01,0x13,0x00,0x00,0x0F,0x00,0x00,0x00BA,0xFF79,0x0A5A,0x00,0x0E,0x02,200,10,200:4000:FF71:0A5A:00B2
round2_phase1,0xFE,2930,0x0002,0x0003,0x0000,0x01,0x0018,0x0000,0x0000,actor_2c8,4,0x10C3C8,0x01,0xB6,0x00,0x00,0x02,0x00,0x00,0x010A,0x0079,0x0400,0x00,0x4E,0x01,180,10,180:404E:0069:0404:00FA|181:404E:0079:0405:00FA|182:404E:0079:0406:010A
round2_phase1,0xFE,2930,0x0002,0x0003,0x0000,0x01,0x0018,0x0000,0x0000,actor_2c8,6,0x10C448,0x01,0x13,0x00,0x00,0x0F,0x00,0x00,0x00B8,0xFE79,0x0A5A,0x00,0x0E,0x02,200,10,200:4000:FE71:0A5A:00B0
round2_phase1,0xFE,2932,0x0002,0x0003,0x0000,0x01,0x0018,0x0000,0x0000,actor_2c8,4,0x10C3C8,0x01,0xB7,0x00,0x00,0x02,0x00,0x00,0x0106,0x0079,0x0400,0x00,0x4E,0x01,180,10,180:404E:0069:0407:00F6|181:404E:0079:0408:00F6|182:404E:0079:0409:0106
round2_phase1,0xFE,2932,0x0002,0x0003,0x0000,0x01,0x0018,0x0000,0x0000,actor_2c8,6,0x10C448,0x01,0x13,0x00,0x00,0x0F,0x00,0x00,0x00B6,0xFF79,0x0A5A,0x00,0x0E,0x02,200,10,200:4000:FE71:0A5A:00AE
round2_phase1,0xFE,2934,0x0002,0x0003,0x0000,0x01,0x0018,0x0000,0x0000,actor_2c8,4,0x10C3C8,0x01,0xB7,0x00,0x00,0x02,0x00,0x00,0x0103,0x0079,0x0400,0x00,0x4E,0x01,180,10,180:404E:0069:0407:00F4|181:404E:0079:0408:00F4|182:404E:0079:0409:0104
round2_phase1,0xFE,2934,0x0002,0x0003,0x0000,0x01,0x0018,0x0000,0x0000,actor_2c8,6,0x10C448,0x01,0x13,0x00,0x00,0x0F,0x00,0x00,0x00B5,0xFF79,0x0A5A,0x00,0x0E,0x02,200,10,200:4000:FF71:0A5A:00AC
round2_phase1,0xFE,2936,0x0002,0x0003,0x0000,0x01,0x0018,0x0000,0x0000,actor_2c8,4,0x10C3C8,0x01,0xB6,0x00,0x00,0x02,0x00,0x00,0x0101,0x0079,0x0400,0x00,0x4E,0x01,180,10,180:404E:0069:0404:00F2|181:404E:0079:0405:00F2|182:404E:0079:0406:0102
round2_phase1,0xFE,2936,0x0002,0x0003,0x0000,0x01,0x0018,0x0000,0x0000,actor_2c8,6,0x10C448,0x01,0x13,0x00,0x00,0x0F,0x00,0x00,0x00B5,0x0079,0x0A5A,0x00,0x0E,0x02,200,10,200:4000:0071:0A5A:00AC
round2_phase1,0xFE,2938,0x0002,0x0003,0x0000,0x01,0x0018,0x0000,0x0000,actor_2c8,4,0x10C3C8,0x01,0xB6,0x00,0x00,0x02,0x00,0x00,0x00FF,0x0079,0x0400,0x00,0x4E,0x01,180,10,180:404E:0069:0404:00F0|181:404E:0079:0405:00F0|182:404E:0079:0406:0100
round2_phase1,0xFE,2940,0x0002,0x0003,0x0000,0x01,0x0018,0x0000,0x0000,actor_2c8,4,0x10C3C8,0x01,0xB5,0x00,0x00,0x02,0x00,0x00,0x00FD,0x0079,0x0400,0x00,0x4E,0x01,180,10,180:404E:0069:0400:00EE|181:404E:0069:0403:00FE|182:404E:0079:0401:00EE|183:404E:0079:0402:00FE
round2_phase1,0xFE,2942,0x0002,0x0003,0x0000,0x01,0x0018,0x0000,0x0000,actor_2c8,4,0x10C3C8,0x01,0xB5,0x00,0x00,0x02,0x00,0x00,0x00FD,0x0079,0x0400,0x00,0x4E,0x01,180,10,180:404E:0069:0400:00EC|181:404E:0069:0403:00FC|182:404E:0079:0401:00EC|183:404E:0079:0402:00FC
round2_phase1,0xFE,2942,0x0002,0x0003,0x0000,0x01,0x0018,0x0000,0x0000,actor_2c8,6,0x10C448,0x01,0x13,0x00,0x00,0x0F,0x00,0x00,0x00B5,0xFE79,0x0A5A,0x00,0x0E,0x02,200,10,200:4000:FE71:0A5A:00AC
round2_phase1,0xFE,2944,0x0002,0x0003,0x0000,0x01,0x0018,0x0000,0x0000,actor_2c8,4,0x10C3C8,0x01,0xB6,0x00,0x00,0x02,0x00,0x00,0x00FB,0x0079,0x0400,0x00,0x4E,0x01,180,10,180:404E:0069:0404:00EA|181:404E:0079:0405:00EA|182:404E:0079:0406:00FA
round2_phase1,0xFE,2946,0x0002,0x0003,0x0000,0x01,0x0018,0x0000,0x0000,actor_2c8,4,0x10C3C8,0x01,0xB6,0x00,0x00,0x02,0x00,0x00,0x00F9,0x0079,0x0400,0x00,0x4E,0x01,180,10,180:404E:0069:0404:00E8|181:404E:0079:0405:00E8|182:404E:0079:0406:00F8
round2_phase1,0xFE,2948,0x0002,0x0003,0x0000,0x01,0x0018,0x0000,0x0000,actor_2c8,4,0x10C3C8,0x01,0xB7,0x00,0x00,0x02,0x00,0x00,0x00F7,0x0079,0x0400,0x00,0x4E,0x01,180,10,180:404E:0069:0407:00E6|181:404E:0079:0408:00E6|182:404E:0079:0409:00F6
round2_phase1,0xFE,2950,0x0002,0x0003,0x0000,0x01,0x0018,0x0000,0x0000,actor_2c8,4,0x10C3C8,0x01,0xB7,0x00,0x00,0x02,0x00,0x00,0x00F4,0x0079,0x0400,0x00,0x4E,0x01,180,10,180:404E:0069:0407:00E4|181:404E:0079:0408:00E4|182:404E:0079:0409:00F4
round2_phase1,0xFE,2952,0x0002,0x0003,0x0000,0x01,0x0018,0x0000,0x0000,actor_2c8,4,0x10C3C8,0x01,0xB6,0x00,0x00,0x02,0x00,0x00,0x00F0,0x0079,0x0400,0x00,0x4E,0x01,180,10,180:404E:0069:0404:00E2|181:404E:0079:0405:00E2|182:404E:0079:0406:00F2
round2_phase1,0xFE,2952,0x0002,0x0003,0x0000,0x01,0x0018,0x0000,0x0000,actor_2c8,6,0x10C448,0x01,0x13,0x00,0x00,0x0F,0x00,0x00,0x00B2,0xFF79,0x0A5A,0x00,0x0E,0x02,200,10,200:4000:FF71:0A5A:00AA
round2_phase1,0xFE,2954,0x0002,0x0003,0x0000,0x01,0x0018,0x0000,0x0000,actor_2c8,4,0x10C3C8,0x01,0xB6,0x00,0x00,0x02,0x00,0x00,0x00EC,0x0079,0x0400,0x00,0x4E,0x01,180,10,180:404E:0069:0404:00DE|181:404E:0079:0405:00DE|182:404E:0079:0406:00EE
round2_phase1,0xFE,2954,0x0002,0x0003,0x0000,0x01,0x0018,0x0000,0x0000,actor_2c8,6,0x10C448,0x01,0x13,0x00,0x00,0x0F,0x00,0x00,0x00B0,0xFE79,0x0A5A,0x00,0x0E,0x02,200,10,200:4000:FE71:0A5A:00A8
round2_phase1,0xFE,2956,0x0002,0x0003,0x0000,0x01,0x0018,0x0000,0x0000,actor_2c8,4,0x10C3C8,0x01,0xB5,0x00,0x00,0x02,0x00,0x00,0x00E8,0x0079,0x0400,0x00,0x4E,0x01,180,10,180:404E:0069:0400:00DA|181:404E:0069:0403:00EA|182:404E:0079:0401:00DA|183:404E:0079:0402:00EA
round2_phase1,0xFE,2956,0x0002,0x0003,0x0000,0x01,0x0018,0x0000,0x0000,actor_2c8,6,0x10C448,0x01,0x13,0x00,0x00,0x0F,0x00,0x00,0x00AE,0xFF79,0x0A5A,0x00,0x0E,0x02,200,10,200:4000:FE71:0A5A:00A6
round2_phase1,0xFE,2958,0x0002,0x0003,0x0000,0x01,0x0018,0x0000,0x0000,actor_2c8,4,0x10C3C8,0x01,0xB5,0x00,0x00,0x02,0x00,0x00,0x00E4,0x0079,0x0400,0x00,0x4E,0x01,180,10,180:404E:0069:0400:00D6|181:404E:0069:0403:00E6|182:404E:0079:0401:00D6|183:404E:0079:0402:00E6
round2_phase1,0xFE,2958,0x0002,0x0003,0x0000,0x01,0x0018,0x0000,0x0000,actor_2c8,6,0x10C448,0x01,0x13,0x00,0x00,0x0F,0x00,0x00,0x00AC,0xFF79,0x0A5A,0x00,0x0E,0x02,200,10,200:4000:FF71:0A5A:00A4
round2_phase1,0xFE,2960,0x0002,0x0003,0x0000,0x01,0x0018,0x0000,0x0000,actor_2c8,4,0x10C3C8,0x01,0xB6,0x00,0x00,0x02,0x00,0x00,0x00E2,0x0079,0x0400,0x00,0x4E,0x01,180,10,180:404E:0069:0404:00D2|181:404E:0079:0405:00D2|182:404E:0079:0406:00E2
round2_phase1,0xFE,2962,0x0002,0x0003,0x0000,0x01,0x0018,0x0000,0x0000,actor_2c8,4,0x10C3C8,0x01,0xB6,0x00,0x00,0x02,0x00,0x00,0x00DE,0x0079,0x0400,0x00,0x4E,0x01,180,10,180:404E:0069:0404:00CE|181:404E:0079:0405:00CE|182:404E:0079:0406:00DE
round2_phase1,0xFE,2964,0x0002,0x0003,0x0000,0x01,0x0018,0x0000,0x0000,actor_2c8,4,0x10C3C8,0x01,0xB7,0x00,0x00,0x02,0x00,0x00,0x00DA,0x0079,0x0400,0x00,0x4E,0x01,180,10,180:404E:0069:0407:00CA|181:404E:0079:0408:00CA|182:404E:0079:0409:00DA
round2_phase1,0xFE,2966,0x0002,0x0003,0x0000,0x01,0x0018,0x0000,0x0000,actor_2c8,4,0x10C3C8,0x01,0xB7,0x00,0x00,0x02,0x00,0x00,0x00D4,0x0079,0x0400,0x00,0x4E,0x01,180,10,180:404E:0069:0407:00C5|181:404E:0079:0408:00C5|182:404E:0079:0409:00D5
round2_phase1,0xFE,2968,0x0002,0x0003,0x0000,0x01,0x0018,0x0000,0x0000,actor_2c8,4,0x10C3C8,0x01,0xB6,0x00,0x00,0x02,0x00,0x00,0x00CE,0x0079,0x0400,0x00,0x4E,0x01,180,10,180:404E:0069:0404:00BF|181:404E:0079:0405:00BF|182:404E:0079:0406:00CF
round2_phase1,0xFE,2970,0x0002,0x0003,0x0000,0x01,0x0018,0x0000,0x0000,actor_2c8,4,0x10C3C8,0x01,0xB5,0x00,0x00,0x1F,0x00,0x00,0x00CA,0x0079,0x0400,0x00,0x4E,0x01,180,10,180:404E:0069:0404:00BB|181:404E:0079:0405:00BB|182:404E:0079:0406:00CB
round2_phase1,0xFE,2970,0x0002,0x0003,0x0000,0x01,0x0018,0x0000,0x0000,actor_2c8,5,0x10C408,0x01,0x18,0x01,0x00,0x01,0x00,0x00,0x01F4,0x0079,0x004B,0x00,0x46,0x00,190,10,190:0046:0079:0069:01F6|191:0046:0069:0067:01F6|192:0046:0069:004E:01F6|193:0046:0059:004C:01F6|194:0046:0079:0068:01E6|195:0046:0069:0063:01E6|196:0046:0069:004D:01E6|197:0046:0059:004B:01E6
round2_phase1,0xFE,2972,0x0002,0x0003,0x0000,0x01,0x0018,0x0000,0x0000,actor_2c8,4,0x10C3C8,0x01,0xB5,0x00,0x00,0x1F,0x00,0x00,0x00CA,0x0079,0x0400,0x00,0x4E,0x01,180,10,180:404E:0069:0400:00B9|181:404E:0069:0403:00C9|182:404E:0079:0401:00B9|183:404E:0079:0402:00C9
round2_phase1,0xFE,2972,0x0002,0x0003,0x0000,0x01,0x0018,0x0000,0x0000,actor_2c8,5,0x10C408,0x01,0x17,0x01,0x00,0x01,0x00,0x00,0x01F6,0x0079,0x004B,0x00,0x46,0x00,190,10,190:0046:007A:0066:01F6|191:0046:006A:0064:01F6|192:0046:006A:004E:01F6|193:0046:005A:004C:01F6|194:0046:007A:0065:01E6|195:0046:006A:0063:01E6|196:0046:006A:004D:01E6|197:0046:005A:004B:01E6
round2_phase1,0xFE,2974,0x0002,0x0003,0x0000,0x01,0x0018,0x0000,0x0000,actor_2c8,4,0x10C3C8,0x01,0xB8,0x00,0x00,0x1F,0x00,0x00,0x00CA,0x0079,0x0400,0x00,0x4E,0x01,180,10,180:404E:0069:040A:00A9|181:404E:0079:040B:00A9|182:404E:0079:040C:00B9|183:404E:0079:040D:00C9
round2_phase1,0xFE,2974,0x0002,0x0003,0x0000,0x01,0x0018,0x0000,0x0000,actor_2c8,5,0x10C408,0x01,0x17,0x01,0x00,0x01,0x00,0x00,0x01F8,0x0079,0x004B,0x00,0x46,0x00,190,10,190:0046:007A:0066:01F8|191:0046:006A:0064:01F8|192:0046:006A:004E:01F8|193:0046:005A:004C:01F8|194:0046:007A:0065:01E8|195:0046:006A:0063:01E8|196:0046:006A:004D:01E8|197:0046:005A:004B:01E8
round2_phase1,0xFE,2976,0x0002,0x0003,0x0000,0x01,0x0018,0x0000,0x0000,actor_2c8,5,0x10C408,0x01,0x17,0x01,0x00,0x01,0x00,0x00,0x01FA,0x0079,0x004B,0x00,0x46,0x00,190,10,190:0046:007A:0066:01FA|191:0046:006A:0064:01FA|192:0046:006A:004E:01FA|193:0046:005A:004C:01FA|194:0046:007A:0065:01EA|195:0046:006A:0063:01EA|196:0046:006A:004D:01EA|197:0046:005A:004B:01EA
round2_phase1,0xFE,2980,0x0002,0x0003,0x0000,0x01,0x0018,0x0000,0x0000,actor_2c8,4,0x10C3C8,0x01,0xB9,0x00,0x00,0x1F,0x00,0x00,0x00CA,0x0079,0x0400,0x00,0x4E,0x01,180,10,180:404E:0069:040E:00A9|181:404E:0079:040F:00A9|182:404E:0079:0410:00B9|183:404E:0079:0411:00C9
round2_phase1,0xFE,2980,0x0002,0x0003,0x0000,0x01,0x0018,0x0000,0x0000,actor_2c8,5,0x10C408,0x01,0x18,0x01,0x00,0x01,0x00,0x00,0x01FE,0x0079,0x004B,0x00,0x46,0x00,190,10,190:0046:0079:0069:01FC|191:0046:0069:0067:01FC|192:0046:0069:004E:01FC|193:0046:0059:004C:01FC|194:0046:0079:0068:01EC|195:0046:0069:0063:01EC|196:0046:0069:004D:01EC|197:0046:0059:004B:01EC
round2_phase1,0xFE,2982,0x0002,0x0003,0x0000,0x01,0x0018,0x0000,0x0000,actor_2c8,5,0x10C408,0x01,0x18,0x01,0x00,0x01,0x00,0x00,0x0200,0x0079,0x004B,0x00,0x46,0x00,190,10,190:0046:0079:0069:01FE|191:0046:0069:0067:01FE|192:0046:0069:004E:01FE|193:0046:0059:004C:01FE|194:0046:0079:0068:01EE|195:0046:0069:0063:01EE|196:0046:0069:004D:01EE|197:0046:0059:004B:01EE
round2_phase1,0xFE,2984,0x0002,0x0003,0x0000,0x01,0x0018,0x0000,0x0000,actor_2c8,5,0x10C408,0x01,0x18,0x01,0x00,0x01,0x00,0x00,0x0202,0x0079,0x004B,0x00,0x46,0x00,190,10,190:0046:0079:0069:0200|191:0046:0069:0067:0200|192:0046:0069:004E:0200|193:0046:0059:004C:0200|194:0046:0079:0068:01F0|195:0046:0069:0063:01F0|196:0046:0069:004D:01F0|197:0046:0059:004B:01F0
round2_phase1,0xFE,2986,0x0002,0x0003,0x0000,0x01,0x0018,0x0000,0x0000,actor_2c8,5,0x10C408,0x01,0x18,0x01,0x00,0x01,0x00,0x00,0x0202,0x0079,0x004B,0x00,0x46,0x00,190,10,190:0046:0079:0069:0202|191:0046:0069:0067:0202|192:0046:0069:004E:0202|193:0046:0059:004C:0202|194:0046:0079:0068:01F2|195:0046:0069:0063:01F2|196:0046:0069:004D:01F2|197:0046:0059:004B:01F2
round2_phase1,0xFE,2988,0x0002,0x0003,0x0000,0x01,0x0018,0x0000,0x0000,actor_2c8,4,0x10C3C8,0x01,0xB5,0x00,0x00,0x1F,0x00,0x00,0x00CA,0x0079,0x0400,0x00,0x4E,0x01,180,10,180:404E:0069:040E:00A9|181:404E:0079:040F:00A9|182:404E:0079:0410:00B9|183:404E:0079:0411:00C9
round2_phase1,0xFE,2988,0x0002,0x0003,0x0000,0x01,0x0018,0x0000,0x0000,actor_2c8,5,0x10C408,0x01,0x19,0x01,0x00,0x01,0x00,0x00,0x0204,0x0079,0x004B,0x00,0x46,0x00,190,10,190:0046:007A:006D:0204|191:0046:006A:006B:0204|192:0046:006A:004E:0204|193:0046:005A:004C:0204|194:0046:007A:006C:01F4|195:0046:006A:006A:01F4|196:0046:006A:004D:01F4|197:0046:005A:004B:01F4
round2_phase1,0xFE,2990,0x0002,0x0003,0x0000,0x01,0x0018,0x0000,0x0000,actor_2c8,5,0x10C408,0x01,0x19,0x01,0x00,0x01,0x00,0x00,0x0206,0x0079,0x004B,0x00,0x46,0x00,190,10,190:0046:007A:006D:0206|191:0046:006A:006B:0206|192:0046:006A:004E:0206|193:0046:005A:004C:0206|194:0046:007A:006C:01F6|195:0046:006A:006A:01F6|196:0046:006A:004D:01F6|197:0046:005A:004B:01F6
round2_phase1,0xFE,2992,0x0002,0x0003,0x0000,0x01,0x0018,0x0000,0x0000,actor_2c8,5,0x10C408,0x01,0x19,0x01,0x00,0x01,0x00,0x00,0x0208,0x0079,0x004B,0x00,0x46,0x00,190,10,190:0046:007A:006D:0208|191:0046:006A:006B:0208|192:0046:006A:004E:0208|193:0046:005A:004C:0208|194:0046:007A:006C:01F8|195:0046:006A:006A:01F8|196:0046:006A:004D:01F8|197:0046:005A:004B:01F8
round2_phase1,0xFE,2994,0x0002,0x0003,0x0000,0x01,0x0018,0x0000,0x0000,actor_2c8,5,0x10C408,0x01,0x19,0x01,0x00,0x01,0x00,0x00,0x020A,0x0079,0x004B,0x00,0x46,0x00,190,10,190:0046:007A:006D:020A|191:0046:006A:006B:020A|192:0046:006A:004E:020A|193:0046:005A:004C:020A|194:0046:007A:006C:01FA|195:0046:006A:006A:01FA|196:0046:006A:004D:01FA|197:0046:005A:004B:01FA
round2_phase1,0xFE,2996,0x0002,0x0003,0x0000,0x01,0x0018,0x0000,0x0000,actor_2c8,5,0x10C408,0x01,0x18,0x01,0x00,0x01,0x00,0x00,0x020C,0x0079,0x004B,0x00,0x46,0x00,190,10,190:0046:0079:0069:020A|191:0046:0069:0067:020A|192:0046:0069:004E:020A|193:0046:0059:004C:020A|194:0046:0079:0068:01FA|195:0046:0069:0063:01FA|196:0046:0069:004D:01FA|197:0046:0059:004B:01FA
round2_phase1,0xFE,2998,0x0002,0x0003,0x0000,0x01,0x0018,0x0000,0x0000,actor_2c8,5,0x10C408,0x01,0x18,0x01,0x00,0x01,0x00,0x00,0x020E,0x0079,0x004B,0x00,0x46,0x00,190,10,190:0046:0079:0069:020C|191:0046:0069:0067:020C|192:0046:0069:004E:020C|193:0046:0059:004C:020C|194:0046:0079:0068:01FC|195:0046:0069:0063:01FC|196:0046:0069:004D:01FC|197:0046:0059:004B:01FC
round2_phase1,0xFE,3000,0x0002,0x0003,0x0000,0x01,0x0018,0x0000,0x0000,actor_2c8,5,0x10C408,0x01,0x18,0x01,0x00,0x01,0x00,0x00,0x0210,0x0079,0x004B,0x00,0x46,0x00,190,10,190:0046:0079:0069:020E|191:0046:0069:0067:020E|192:0046:0069:004E:020E|193:0046:0059:004C:020E|194:0046:0079:0068:01FE|195:0046:0069:0063:01FE|196:0046:0069:004D:01FE|197:0046:0059:004B:01FE
round2_phase1,0xFE,3002,0x0002,0x0003,0x0000,0x01,0x0018,0x0000,0x0000,actor_2c8,5,0x10C408,0x01,0x18,0x01,0x00,0x01,0x00,0x00,0x0212,0x0079,0x004B,0x00,0x46,0x00,190,10,190:0046:0079:0069:0210|191:0046:0069:0067:0210|192:0046:0069:004E:0210|193:0046:0059:004C:0210|194:0046:0079:0068:0200|195:0046:0069:0063:0200|196:0046:0069:004D:0200|197:0046:0059:004B:0200
round2_phase1,0xFE,3004,0x0002,0x0003,0x0000,0x01,0x0018,0x0000,0x0000,actor_2c8,5,0x10C408,0x01,0x17,0x01,0x00,0x01,0x00,0x00,0x0212,0x0079,0x004B,0x00,0x46,0x00,190,10,190:0046:007A:0066:0212|191:0046:006A:0064:0212|192:0046:006A:004E:0212|193:0046:005A:004C:0212|194:0046:007A:0065:0202|195:0046:006A:0063:0202|196:0046:006A:004D:0202|197:0046:005A:004B:0202
round2_phase1,0xFE,3006,0x0002,0x0003,0x0000,0x01,0x0018,0x0000,0x0000,actor_2c8,5,0x10C408,0x01,0x17,0x01,0x00,0x01,0x00,0x00,0x0214,0x0079,0x004B,0x00,0x46,0x00,190,10,190:0046:007A:0066:0214|191:0046:006A:0064:0214|192:0046:006A:004E:0214|193:0046:005A:004C:0214|194:0046:007A:0065:0204|195:0046:006A:0063:0204|196:0046:006A:004D:0204|197:0046:005A:004B:0204
round2_phase1,0xFE,3008,0x0002,0x0003,0x0000,0x01,0x0018,0x0000,0x0000,actor_2c8,5,0x10C408,0x01,0x17,0x01,0x00,0x01,0x00,0x00,0x0216,0x0079,0x004B,0x00,0x46,0x00,190,10,190:0046:007A:0066:0216|191:0046:006A:0064:0216|192:0046:006A:004E:0216|193:0046:005A:004C:0216|194:0046:007A:0065:0206|195:0046:006A:0063:0206|196:0046:006A:004D:0206|197:0046:005A:004B:0206
round2_phase1,0xFE,3010,0x0002,0x0003,0x0000,0x01,0x0018,0x0000,0x0000,actor_2c8,5,0x10C408,0x01,0x17,0x01,0x00,0x01,0x00,0x00,0x0218,0x0079,0x004B,0x00,0x46,0x00,190,10,190:0046:007A:0066:0218|191:0046:006A:0064:0218|192:0046:006A:004E:0218|193:0046:005A:004C:0218|194:0046:007A:0065:0208|195:0046:006A:0063:0208|196:0046:006A:004D:0208|197:0046:005A:004B:0208
round2_phase1,0xFE,3012,0x0002,0x0003,0x0000,0x01,0x0018,0x0000,0x0000,actor_2c8,5,0x10C408,0x01,0x18,0x01,0x00,0x01,0x00,0x00,0x021A,0x0079,0x004B,0x00,0x46,0x00,190,10,190:0046:0079:0069:021A|191:0046:0069:0067:021A|192:0046:0069:004E:021A|193:0046:0059:004C:021A|194:0046:0079:0068:020A|195:0046:0069:0063:020A|196:0046:0069:004D:020A|197:0046:0059:004B:020A
round2_phase1,0xFE,3016,0x0002,0x0003,0x0000,0x01,0x0018,0x0000,0x0000,actor_2c8,5,0x10C408,0x01,0x18,0x01,0x00,0x01,0x00,0x00,0x021E,0x0079,0x004B,0x00,0x46,0x00,190,10,190:0046:0079:0069:021C|191:0046:0069:0067:021C|192:0046:0069:004E:021C|193:0046:0059:004C:021C|194:0046:0079:0068:020C|195:0046:0069:0063:020C|196:0046:0069:004D:020C|197:0046:0059:004B:020C
round2_phase1,0xFE,3018,0x0002,0x0003,0x0000,0x01,0x0018,0x0000,0x0000,actor_2c8,5,0x10C408,0x01,0x18,0x01,0x00,0x01,0x00,0x00,0x0220,0x0079,0x004B,0x00,0x46,0x00,190,10,190:0046:0079:0069:021E|191:0046:0069:0067:021E|192:0046:0069:004E:021E|193:0046:0059:004C:021E|194:0046:0079:0068:020E|195:0046:0069:0063:020E|196:0046:0069:004D:020E|197:0046:0059:004B:020E
round2_phase1,0xFE,3020,0x0002,0x0003,0x0000,0x01,0x0018,0x0000,0x0000,actor_2c8,5,0x10C408,0x01,0x19,0x01,0x00,0x01,0x00,0x00,0x0222,0x0079,0x004B,0x00,0x46,0x00,190,10,190:0046:007A:006D:0220|191:0046:006A:006B:0220|192:0046:006A:004E:0220|193:0046:005A:004C:0220|194:0046:007A:006C:0210|195:0046:006A:006A:0210|196:0046:006A:004D:0210|197:0046:005A:004B:0210
round2_phase1,0xFE,3022,0x0002,0x0003,0x0000,0x01,0x0018,0x0000,0x0000,actor_2c8,5,0x10C408,0x01,0x19,0x01,0x00,0x01,0x00,0x00,0x0222,0x0079,0x004B,0x00,0x46,0x00,190,10,190:0046:007A:006D:0222|191:0046:006A:006B:0222|192:0046:006A:004E:0222|193:0046:005A:004C:0222|194:0046:007A:006C:0212|195:0046:006A:006A:0212|196:0046:006A:004D:0212|197:0046:005A:004B:0212
round2_phase1,0xFE,3024,0x0002,0x0003,0x0000,0x01,0x0018,0x0000,0x0000,actor_2c8,4,0x10C3C8,0x01,0xB6,0x00,0x00,0x02,0x00,0x00,0x00C6,0x0079,0x0400,0x00,0x4E,0x01,180,10,180:404E:0069:0404:00B7|181:404E:0079:0405:00B7|182:404E:0079:0406:00C7
round2_phase1,0xFE,3024,0x0002,0x0003,0x0000,0x01,0x0018,0x0000,0x0000,actor_2c8,5,0x10C408,0x01,0x19,0x01,0x00,0x01,0x00,0x00,0x0224,0x0079,0x004B,0x00,0x46,0x00,190,10,190:0046:007A:006D:0224|191:0046:006A:006B:0224|192:0046:006A:004E:0224|193:0046:005A:004C:0224|194:0046:007A:006C:0214|195:0046:006A:006A:0214|196:0046:006A:004D:0214|197:0046:005A:004B:0214
round2_phase1,0xFE,3026,0x0002,0x0003,0x0000,0x01,0x0018,0x0000,0x0000,actor_2c8,4,0x10C3C8,0x01,0xB6,0x00,0x00,0x02,0x00,0x00,0x00C4,0x0079,0x0400,0x00,0x4E,0x01,180,10,180:404E:0069:0404:00B5|181:404E:0079:0405:00B5|182:404E:0079:0406:00C5
round2_phase1,0xFE,3026,0x0002,0x0003,0x0000,0x01,0x0018,0x0000,0x0000,actor_2c8,5,0x10C408,0x01,0x19,0x01,0x00,0x01,0x00,0x00,0x0226,0x0079,0x004B,0x00,0x46,0x00,190,10,190:0046:007A:006D:0226|191:0046:006A:006B:0226|192:0046:006A:004E:0226|193:0046:005A:004C:0226|194:0046:007A:006C:0216|195:0046:006A:006A:0216|196:0046:006A:004D:0216|197:0046:005A:004B:0216
round2_phase1,0xFE,3028,0x0002,0x0003,0x0000,0x01,0x0018,0x0000,0x0000,actor_2c8,4,0x10C3C8,0x01,0xB7,0x00,0x00,0x02,0x00,0x00,0x00C2,0x0079,0x0400,0x00,0x4E,0x01,180,10,180:404E:0069:0407:00B3|181:404E:0079:0408:00B3|182:404E:0079:0409:00C3
round2_phase1,0xFE,3028,0x0002,0x0003,0x0000,0x01,0x0018,0x0000,0x0000,actor_2c8,5,0x10C408,0x01,0x18,0x01,0x00,0x01,0x00,0x00,0x0228,0x0079,0x004B,0x00,0x46,0x00,190,10,190:0046:0079:0069:0228|191:0046:0069:0067:0228|192:0046:0069:004E:0228|193:0046:0059:004C:0228|194:0046:0079:0068:0218|195:0046:0069:0063:0218|196:0046:0069:004D:0218|197:0046:0059:004B:0218
round2_phase1,0xFE,3030,0x0002,0x0003,0x0000,0x01,0x0018,0x0000,0x0000,actor_2c8,4,0x10C3C8,0x01,0xB7,0x00,0x00,0x02,0x00,0x00,0x00C0,0x0079,0x0400,0x00,0x4E,0x01,180,10,180:404E:0069:0407:00B0|181:404E:0079:0408:00B0|182:404E:0079:0409:00C0
round2_phase1,0xFE,3030,0x0002,0x0003,0x0000,0x01,0x0018,0x0000,0x0000,actor_2c8,5,0x10C408,0x01,0x18,0x01,0x00,0x01,0x00,0x00,0x0228,0x0079,0x004B,0x00,0x46,0x00,190,10,190:0046:0079:0069:0229|191:0046:0069:0067:0229|192:0046:0069:004E:0229|193:0046:0059:004C:0229|194:0046:0079:0068:0219|195:0046:0069:0063:0219|196:0046:0069:004D:0219|197:0046:0059:004B:0219
round2_phase1,0xFE,3032,0x0002,0x0003,0x0000,0x01,0x0018,0x0000,0x0000,actor_2c8,4,0x10C3C8,0x01,0xB5,0x00,0x00,0x1F,0x00,0x00,0x00BE,0x0079,0x0400,0x00,0x4E,0x01,180,10,180:404E:0069:0400:00AE|181:404E:0069:0403:00BE|182:404E:0079:0401:00AE|183:404E:0079:0402:00BE
round2_phase1,0xFE,3032,0x0002,0x0003,0x0000,0x01,0x0018,0x0000,0x0000,actor_2c8,5,0x10C408,0x01,0x18,0x01,0x00,0x01,0x00,0x00,0x0228,0x0079,0x004B,0x00,0x46,0x00,190,10,190:0046:0079:0069:0227|191:0046:0069:0067:0227|192:0046:0069:004E:0227|193:0046:0059:004C:0227|194:0046:0079:0068:0217|195:0046:0069:0063:0217|196:0046:0069:004D:0217|197:0046:0059:004B:0217
round2_phase1,0xFE,3034,0x0002,0x0003,0x0000,0x01,0x0018,0x0000,0x0000,actor_2c8,4,0x10C3C8,0x01,0xB8,0x00,0x00,0x1F,0x00,0x00,0x00BC,0x0079,0x0400,0x00,0x4E,0x01,180,10,180:404E:0069:0400:00AC|181:404E:0069:0403:00BC|182:404E:0079:0401:00AC|183:404E:0079:0402:00BC
round2_phase1,0xFE,3036,0x0002,0x0003,0x0000,0x01,0x0018,0x0000,0x0000,actor_2c8,4,0x10C3C8,0x01,0xB8,0x00,0x00,0x1F,0x00,0x00,0x00BA,0x0079,0x0400,0x00,0x4E,0x01,180,10,180:404E:0069:040A:009A|181:404E:0079:040B:009A|182:404E:0079:040C:00AA|183:404E:0079:040D:00BA
round2_phase1,0xFE,3036,0x0002,0x0003,0x0000,0x01,0x0018,0x0000,0x0000,actor_2c8,5,0x10C408,0x01,0x17,0x01,0x00,0x01,0x00,0x00,0x0228,0x0079,0x004B,0x00,0x46,0x00,190,10,190:0046:007A:0066:0227|191:0046:006A:0064:0227|192:0046:006A:004E:0227|193:0046:005A:004C:0227|194:0046:007A:0065:0217|195:0046:006A:0063:0217|196:0046:006A:004D:0217|197:0046:005A:004B:0217
round2_phase1,0xFE,3038,0x0002,0x0003,0x0000,0x01,0x0018,0x0000,0x0000,actor_2c8,4,0x10C3C8,0x01,0xB8,0x00,0x00,0x1F,0x00,0x00,0x00B8,0x0079,0x0400,0x00,0x4E,0x01,180,10,180:404E:0069:040A:0098|181:404E:0079:040B:0098|182:404E:0079:040C:00A8|183:404E:0079:040D:00B8
round2_phase1,0xFE,3040,0x0002,0x0003,0x0000,0x01,0x0018,0x0000,0x0000,actor_2c8,4,0x10C3C8,0x01,0xB9,0x00,0x00,0x1F,0x00,0x00,0x00B6,0x0079,0x0400,0x00,0x4E,0x01,180,10,180:404E:0069:040A:0096|181:404E:0079:040B:0096|182:404E:0079:040C:00A6|183:404E:0079:040D:00B6
round2_phase1,0xFE,3042,0x0002,0x0003,0x0000,0x01,0x0018,0x0000,0x0000,actor_2c8,4,0x10C3C8,0x01,0xB9,0x00,0x00,0x1F,0x00,0x00,0x00B5,0x0079,0x0400,0x00,0x4E,0x01,180,10,180:404E:0069:040E:0094|181:404E:0079:040F:0094|182:404E:0079:0410:00A4|183:404E:0079:0411:00B4
round2_phase1,0xFE,3046,0x0002,0x0003,0x0000,0x01,0x0018,0x0000,0x0000,actor_2c8,4,0x10C3C8,0x01,0xB9,0x00,0x00,0x1F,0x00,0x00,0x00B3,0x0079,0x0400,0x00,0x4E,0x01,180,10,180:404E:0069:040E:0092|181:404E:0079:040F:0092|182:404E:0079:0410:00A2|183:404E:0079:0411:00B2
round2_phase1,0xFE,3048,0x0002,0x0003,0x0000,0x01,0x0018,0x0000,0x0000,actor_2c8,5,0x10C408,0x01,0x18,0x01,0x00,0x01,0x00,0x00,0x022A,0x0079,0x004B,0x00,0x46,0x00,190,10,190:0046:0079:0069:022B|191:0046:0069:0067:022B|192:0046:0069:004E:022B|193:0046:0059:004C:022B|194:0046:0079:0068:021B|195:0046:0069:0063:021B|196:0046:0069:004D:021B|197:0046:0059:004B:021B
round2_phase1,0xFE,3050,0x0002,0x0003,0x0000,0x01,0x0018,0x0000,0x0000,actor_2c8,4,0x10C3C8,0x01,0xB5,0x00,0x00,0x1F,0x00,0x00,0x00B2,0x0079,0x0400,0x00,0x4E,0x01,180,10,180:404E:0069:0400:00A1|181:404E:0069:0403:00B1|182:404E:0079:0401:00A1|183:404E:0079:0402:00B1
round2_phase1,0xFE,3050,0x0002,0x0003,0x0000,0x01,0x0018,0x0000,0x0000,actor_2c8,5,0x10C408,0x01,0x18,0x01,0x00,0x01,0x00,0x00,0x022C,0x0079,0x004B,0x00,0x46,0x00,190,10,190:0046:0079:0069:022A|191:0046:0069:0067:022A|192:0046:0069:004E:022A|193:0046:0059:004C:022A|194:0046:0079:0068:021A|195:0046:0069:0063:021A|196:0046:0069:004D:021A|197:0046:0059:004B:021A
round2_phase1,0xFE,3052,0x0002,0x0003,0x0000,0x01,0x0018,0x0000,0x0000,actor_2c8,4,0x10C3C8,0x01,0xB8,0x00,0x00,0x1F,0x00,0x00,0x00B2,0x0079,0x0400,0x00,0x4E,0x01,180,10,180:404E:0069:0400:00A1|181:404E:0069:0403:00B1|182:404E:0079:0401:00A1|183:404E:0079:0402:00B1
round2_phase1,0xFE,3052,0x0002,0x0003,0x0000,0x01,0x0018,0x0000,0x0000,actor_2c8,5,0x10C408,0x01,0x19,0x01,0x00,0x01,0x00,0x00,0x022E,0x0079,0x004B,0x00,0x46,0x00,190,10,190:0046:007A:006D:022C|191:0046:006A:006B:022C|192:0046:006A:004E:022C|193:0046:005A:004C:022C|194:0046:007A:006C:021C|195:0046:006A:006A:021C|196:0046:006A:004D:021C|197:0046:005A:004B:021C
round2_phase1,0xFE,3054,0x0002,0x0003,0x0000,0x01,0x0018,0x0000,0x0000,actor_2c8,4,0x10C3C8,0x01,0xB8,0x00,0x00,0x1F,0x00,0x00,0x00B2,0x0079,0x0400,0x00,0x4E,0x01,180,10,180:404E:0069:040A:0091|181:404E:0079:040B:0091|182:404E:0079:040C:00A1|183:404E:0079:040D:00B1
round2_phase1,0xFE,3054,0x0002,0x0003,0x0000,0x01,0x0018,0x0000,0x0000,actor_2c8,5,0x10C408,0x01,0x19,0x01,0x00,0x01,0x00,0x00,0x0230,0x0079,0x004B,0x00,0x46,0x00,190,10,190:0046:007A:006D:022E|191:0046:006A:006B:022E|192:0046:006A:004E:022E|193:0046:005A:004C:022E|194:0046:007A:006C:021E|195:0046:006A:006A:021E|196:0046:006A:004D:021E|197:0046:005A:004B:021E
round2_phase1,0xFE,3056,0x0002,0x0003,0x0000,0x01,0x0018,0x0000,0x0000,actor_2c8,5,0x10C408,0x01,0x19,0x01,0x00,0x01,0x00,0x00,0x0232,0x0079,0x004B,0x00,0x46,0x00,190,10,190:0046:007A:006D:0230|191:0046:006A:006B:0230|192:0046:006A:004E:0230|193:0046:005A:004C:0230|194:0046:007A:006C:0220|195:0046:006A:006A:0220|196:0046:006A:004D:0220|197:0046:005A:004B:0220
round2_phase1,0xFE,3058,0x0002,0x0003,0x0000,0x01,0x0018,0x0000,0x0000,actor_2c8,4,0x10C3C8,0x01,0xB9,0x00,0x00,0x1F,0x00,0x00,0x00B2,0x0079,0x0400,0x00,0x4E,0x01,180,10,180:404E:0069:040A:0091|181:404E:0079:040B:0091|182:404E:0079:040C:00A1|183:404E:0079:040D:00B1
round2_phase1,0xFE,3058,0x0002,0x0003,0x0000,0x01,0x0018,0x0000,0x0000,actor_2c8,5,0x10C408,0x01,0x19,0x01,0x00,0x01,0x00,0x00,0x0232,0x0079,0x004B,0x00,0x46,0x00,190,10,190:0046:007A:006D:0232|191:0046:006A:006B:0232|192:0046:006A:004E:0232|193:0046:005A:004C:0232|194:0046:007A:006C:0222|195:0046:006A:006A:0222|196:0046:006A:004D:0222|197:0046:005A:004B:0222
round2_phase1,0xFE,3060,0x0002,0x0003,0x0000,0x01,0x0018,0x0000,0x0000,actor_2c8,4,0x10C3C8,0x01,0xB9,0x00,0x00,0x1F,0x00,0x00,0x00B2,0x0079,0x0400,0x00,0x4E,0x01,180,10,180:404E:0069:040E:0091|181:404E:0079:040F:0091|182:404E:0079:0410:00A1|183:404E:0079:0411:00B1
round2_phase1,0xFE,3060,0x0002,0x0003,0x0000,0x01,0x0018,0x0000,0x0000,actor_2c8,5,0x10C408,0x01,0x18,0x01,0x00,0x01,0x00,0x00,0x0234,0x0079,0x004B,0x00,0x46,0x00,190,10,190:0046:0079:0069:0234|191:0046:0069:0067:0234|192:0046:0069:004E:0234|193:0046:0059:004C:0234|194:0046:0079:0068:0224|195:0046:0069:0063:0224|196:0046:0069:004D:0224|197:0046:0059:004B:0224
round2_phase1,0xFE,3062,0x0002,0x0003,0x0000,0x01,0x0018,0x0000,0x0000,actor_2c8,5,0x10C408,0x01,0x18,0x01,0x00,0x01,0x00,0x00,0x0236,0x0079,0x004B,0x00,0x46,0x00,190,10,190:0046:0079:0069:0236|191:0046:0069:0067:0236|192:0046:0069:004E:0236|193:0046:0059:004C:0236|194:0046:0079:0068:0226|195:0046:0069:0063:0226|196:0046:0069:004D:0226|197:0046:0059:004B:0226
round2_phase1,0xFE,3064,0x0002,0x0003,0x0000,0x01,0x0018,0x0000,0x0000,actor_2c8,5,0x10C408,0x01,0x18,0x01,0x00,0x01,0x00,0x00,0x0238,0x0079,0x004B,0x00,0x46,0x00,190,10,190:0046:0079:0069:0238|191:0046:0069:0067:0238|192:0046:0069:004E:0238|193:0046:0059:004C:0238|194:0046:0079:0068:0228|195:0046:0069:0063:0228|196:0046:0069:004D:0228|197:0046:0059:004B:0228
round2_phase1,0xFE,3066,0x0002,0x0003,0x0000,0x01,0x0018,0x0000,0x0000,actor_2c8,5,0x10C408,0x01,0x18,0x01,0x00,0x01,0x00,0x00,0x023A,0x0079,0x004B,0x00,0x46,0x00,190,10,190:0046:0079:0069:023A|191:0046:0069:0067:023A|192:0046:0069:004E:023A|193:0046:0059:004C:023A|194:0046:0079:0068:022A|195:0046:0069:0063:022A|196:0046:0069:004D:022A|197:0046:0059:004B:022A
round2_phase1,0xFE,3068,0x0002,0x0003,0x0000,0x01,0x0018,0x0000,0x0000,actor_2c8,5,0x10C408,0x01,0x17,0x01,0x00,0x01,0x00,0x00,0x023C,0x0079,0x004B,0x00,0x46,0x00,190,10,190:0046:007A:0066:023A|191:0046:006A:0064:023A|192:0046:006A:004E:023A|193:0046:005A:004C:023A|194:0046:007A:0065:022A|195:0046:006A:0063:022A|196:0046:006A:004D:022A|197:0046:005A:004B:022A
round2_phase1,0xFE,3070,0x0002,0x0003,0x0000,0x01,0x0018,0x0000,0x0000,actor_2c8,5,0x10C408,0x01,0x17,0x01,0x00,0x01,0x00,0x00,0x023E,0x0079,0x004B,0x00,0x46,0x00,190,10,190:0046:007A:0066:023C|191:0046:006A:0064:023C|192:0046:006A:004E:023C|193:0046:005A:004C:023C|194:0046:007A:0065:022C|195:0046:006A:0063:022C|196:0046:006A:004D:022C|197:0046:005A:004B:022C
round2_phase1,0xFE,3072,0x0002,0x0003,0x0000,0x01,0x0018,0x0000,0x0000,actor_2c8,5,0x10C408,0x01,0x17,0x01,0x00,0x01,0x00,0x00,0x0240,0x0079,0x004B,0x00,0x46,0x00,190,10,190:0046:007A:0066:023E|191:0046:006A:0064:023E|192:0046:006A:004E:023E|193:0046:005A:004C:023E|194:0046:007A:0065:022E|195:0046:006A:0063:022E|196:0046:006A:004D:022E|197:0046:005A:004B:022E
round2_phase1,0xFE,3074,0x0002,0x0003,0x0000,0x01,0x0018,0x0000,0x0000,actor_2c8,5,0x10C408,0x01,0x17,0x01,0x00,0x01,0x00,0x00,0x0242,0x0079,0x004B,0x00,0x46,0x00,190,10,190:0046:007A:0066:0240|191:0046:006A:0064:0240|192:0046:006A:004E:0240|193:0046:005A:004C:0240|194:0046:007A:0065:0230|195:0046:006A:0063:0230|196:0046:006A:004D:0230|197:0046:005A:004B:0230
round2_phase1,0xFE,3076,0x0002,0x0003,0x0000,0x01,0x0018,0x0000,0x0000,actor_2c8,5,0x10C408,0x01,0x18,0x01,0x00,0x01,0x00,0x00,0x0242,0x0079,0x004B,0x00,0x46,0x00,190,10,190:0046:0079:0069:0242|191:0046:0069:0067:0242|192:0046:0069:004E:0242|193:0046:0059:004C:0242|194:0046:0079:0068:0232|195:0046:0069:0063:0232|196:0046:0069:004D:0232|197:0046:0059:004B:0232
round2_phase1,0xFE,3078,0x0002,0x0003,0x0000,0x01,0x0018,0x0000,0x0000,actor_2c8,5,0x10C408,0x01,0x18,0x01,0x00,0x01,0x00,0x00,0x0244,0x0079,0x004B,0x00,0x46,0x00,190,10,190:0046:0079:0069:0244|191:0046:0069:0067:0244|192:0046:0069:004E:0244|193:0046:0059:004C:0244|194:0046:0079:0068:0234|195:0046:0069:0063:0234|196:0046:0069:004D:0234|197:0046:0059:004B:0234
round2_phase1,0xFE,3080,0x0002,0x0003,0x0000,0x01,0x0018,0x0000,0x0000,actor_2c8,5,0x10C408,0x01,0x18,0x01,0x00,0x01,0x00,0x00,0x0246,0x0079,0x004B,0x00,0x46,0x00,190,10,190:0046:0079:0069:0246|191:0046:0069:0067:0246|192:0046:0069:004E:0246|193:0046:0059:004C:0246|194:0046:0079:0068:0236|195:0046:0069:0063:0236|196:0046:0069:004D:0236|197:0046:0059:004B:0236
round2_phase1,0xFE,3082,0x0002,0x0003,0x0000,0x01,0x0018,0x0000,0x0000,actor_2c8,5,0x10C408,0x01,0x18,0x01,0x00,0x01,0x00,0x00,0x0248,0x0079,0x004B,0x00,0x46,0x00,190,10,190:0046:0079:0069:0248|191:0046:0069:0067:0248|192:0046:0069:004E:0248|193:0046:0059:004C:0248|194:0046:0079:0068:0238|195:0046:0069:0063:0238|196:0046:0069:004D:0238|197:0046:0059:004B:0238
round2_phase1,0xFE,3084,0x0002,0x0003,0x0000,0x01,0x0018,0x0000,0x0000,actor_2c8,4,0x10C3C8,0x01,0xB5,0x00,0x00,0x02,0x00,0x00,0x00B0,0x0079,0x0400,0x00,0x4E,0x01,180,10,180:404E:0069:0400:009F|181:404E:0069:0403:00AF|182:404E:0079:0401:009F|183:404E:0079:0402:00AF
round2_phase1,0xFE,3084,0x0002,0x0003,0x0000,0x01,0x0018,0x0000,0x0000,actor_2c8,5,0x10C408,0x01,0x19,0x01,0x00,0x01,0x00,0x00,0x024A,0x0079,0x004B,0x00,0x46,0x00,190,10,190:0046:007A:006D:024A|191:0046:006A:006B:024A|192:0046:006A:004E:024A|193:0046:005A:004C:024A|194:0046:007A:006C:023A|195:0046:006A:006A:023A|196:0046:006A:004D:023A|197:0046:005A:004B:023A
round2_phase1,0xFE,3086,0x0002,0x0003,0x0000,0x01,0x0018,0x0000,0x0000,actor_2c8,4,0x10C3C8,0x01,0xB5,0x00,0x00,0x02,0x00,0x00,0x00AE,0x0079,0x0400,0x00,0x4E,0x01,180,10,180:404E:0069:0400:009D|181:404E:0069:0403:00AD|182:404E:0079:0401:009D|183:404E:0079:0402:00AD
round2_phase1,0xFE,3088,0x0002,0x0003,0x0000,0x01,0x0018,0x0000,0x0000,actor_2c8,4,0x10C3C8,0x01,0xB6,0x00,0x00,0x02,0x00,0x00,0x00AC,0x0079,0x0400,0x00,0x4E,0x01,180,10,180:404E:0069:0404:009B|181:404E:0079:0405:009B|182:404E:0079:0406:00AB
round2_phase1,0xFE,3088,0x0002,0x0003,0x0000,0x01,0x0018,0x0000,0x0000,actor_2c8,5,0x10C408,0x01,0x19,0x01,0x00,0x01,0x00,0x00,0x024E,0x0079,0x004B,0x00,0x46,0x00,190,10,190:0046:007A:006D:024C|191:0046:006A:006B:024C|192:0046:006A:004E:024C|193:0046:005A:004C:024C|194:0046:007A:006C:023C|195:0046:006A:006A:023C|196:0046:006A:004D:023C|197:0046:005A:004B:023C
round2_phase1,0xFE,3090,0x0002,0x0003,0x0000,0x01,0x0018,0x0000,0x0000,actor_2c8,4,0x10C3C8,0x01,0xB6,0x00,0x00,0x02,0x00,0x00,0x00AA,0x0079,0x0400,0x00,0x4E,0x01,180,10,180:404E:0069:0404:0099|181:404E:0079:0405:0099|182:404E:0079:0406:00A9
round2_phase1,0xFE,3090,0x0002,0x0003,0x0000,0x01,0x0018,0x0000,0x0000,actor_2c8,5,0x10C408,0x01,0x19,0x01,0x00,0x01,0x00,0x00,0x0250,0x0079,0x004B,0x00,0x46,0x00,190,10,190:0046:007A:006D:024E|191:0046:006A:006B:024E|192:0046:006A:004E:024E|193:0046:005A:004C:024E|194:0046:007A:006C:023E|195:0046:006A:006A:023E|196:0046:006A:004D:023E|197:0046:005A:004B:023E
round2_phase1,0xFE,3092,0x0002,0x0003,0x0000,0x01,0x0018,0x0000,0x0000,actor_2c8,4,0x10C3C8,0x01,0xB5,0x00,0x00,0x1F,0x00,0x00,0x00AA,0x0079,0x0400,0x00,0x4E,0x01,180,10,180:404E:0069:0407:0099|181:404E:0079:0408:0099|182:404E:0079:0409:00A9
round2_phase1,0xFE,3092,0x0002,0x0003,0x0000,0x01,0x0018,0x0000,0x0000,actor_2c8,5,0x10C408,0x01,0x18,0x01,0x00,0x01,0x00,0x00,0x0252,0x0079,0x004B,0x00,0x46,0x00,190,10,190:0046:0079:0069:0250|191:0046:0069:0067:0250|192:0046:0069:004E:0250|193:0046:0059:004C:0250|194:0046:0079:0068:0240|195:0046:0069:0063:0240|196:0046:0069:004D:0240|197:0046:0059:004B:0240
round2_phase1,0xFE,3094,0x0002,0x0003,0x0000,0x01,0x0018,0x0000,0x0000,actor_2c8,4,0x10C3C8,0x01,0xB5,0x00,0x00,0x1F,0x00,0x00,0x00AA,0x0079,0x0400,0x00,0x4E,0x01,180,10,180:404E:0069:0400:0099|181:404E:0069:0403:00A9|182:404E:0079:0401:0099|183:404E:0079:0402:00A9
round2_phase1,0xFE,3094,0x0002,0x0003,0x0000,0x01,0x0018,0x0000,0x0000,actor_2c8,5,0x10C408,0x01,0x18,0x01,0x00,0x01,0x00,0x00,0x0252,0x0079,0x004B,0x00,0x46,0x00,190,10,190:0046:0079:0069:0252|191:0046:0069:0067:0252|192:0046:0069:004E:0252|193:0046:0059:004C:0252|194:0046:0079:0068:0242|195:0046:0069:0063:0242|196:0046:0069:004D:0242|197:0046:0059:004B:0242
round2_phase1,0xFE,3096,0x0002,0x0003,0x0000,0x01,0x0018,0x0000,0x0000,actor_2c8,4,0x10C3C8,0x01,0xB8,0x00,0x00,0x1F,0x00,0x00,0x00AA,0x0079,0x0400,0x00,0x4E,0x01,180,10,180:404E:0069:040A:0089|181:404E:0079:040B:0089|182:404E:0079:040C:0099|183:404E:0079:040D:00A9
round2_phase1,0xFE,3096,0x0002,0x0003,0x0000,0x01,0x0018,0x0000,0x0000,actor_2c8,5,0x10C408,0x01,0x1C,0x01,0x00,0x0F,0x00,0x00,0x0252,0x0079,0x004B,0x00,0x46,0x00,190,10,190:0046:007A:0066:0252|191:0046:006A:0064:0252|192:0046:006A:0052:0252|193:0046:005A:0050:0252|194:0046:007A:0065:0242|195:0046:006A:0063:0242|196:0046:006A:0051:0242|197:0046:005A:004F:0242|198:0046:006A:0054:0232|199:0046:005A:0053:0232
round2_phase1,0xFE,3098,0x0002,0x0003,0x0000,0x01,0x0018,0x0000,0x0000,actor_2c8,5,0x10C408,0x01,0x0D,0x01,0x00,0x0F,0x00,0x00,0x0252,0x0079,0x0A73,0x00,0x06,0x02,190,10,190:0000:0081:0A83:025A|191:0000:0071:0A80:025A|192:0000:0061:0A7D:025A|193:0000:0081:0A82:024A|194:0000:0071:0A7F:024A|195:0000:0061:0A7C:024A|196:0000:0081:0A81:023A|197:0000:0071:0A7E:023A|198:0000:0061:0A7B:023A
round2_phase1,0xFE,3100,0x0002,0x0003,0x0000,0x01,0x0018,0x0000,0x0000,actor_2c8,5,0x10C408,0x01,0x0C,0x01,0x00,0x0F,0x00,0x00,0x0252,0x0079,0x0A73,0x00,0x06,0x02,190,10,190:0000:0081:0A83:025A|191:0000:0071:0A80:025A|192:0000:0061:0A7D:025A|193:0000:0081:0A82:024A|194:0000:0071:0A7F:024A|195:0000:0061:0A7C:024A|196:0000:0081:0A81:023A|197:0000:0071:0A7E:023A|198:0000:0061:0A7B:023A
round2_phase1,0xFE,3102,0x0002,0x0003,0x0000,0x01,0x0018,0x0000,0x0000,actor_2c8,4,0x10C3C8,0x01,0xB9,0x00,0x00,0x1F,0x00,0x00,0x00AA,0x0079,0x0400,0x00,0x4E,0x01,180,10,180:404E:0069:040E:0089|181:404E:0079:040F:0089|182:404E:0079:0410:0099|183:404E:0079:0411:00A9
round2_phase1,0xFE,3102,0x0002,0x0003,0x0000,0x01,0x0018,0x0000,0x0000,actor_2c8,5,0x10C408,0x01,0x0C,0x01,0x00,0x0F,0x00,0x00,0x0252,0x0079,0x0A73,0x00,0x06,0x02,190,10,190:0000:0079:0A7A:0252|191:0000:0069:0A78:0252|192:0000:0079:0A79:0242|193:0000:0069:0A77:0242
round2_phase1,0xFE,3104,0x0002,0x0003,0x0000,0x01,0x0018,0x0000,0x0000,actor_2c8,5,0x10C408,0x01,0x0B,0x01,0x00,0x0F,0x00,0x00,0x0252,0x0079,0x0A73,0x00,0x06,0x02,190,10,190:0000:0079:0A76:0252|191:0000:0069:0A74:0252|192:0000:0079:0A75:0242|193:0000:0069:0A73:0242
round2_phase1,0xFE,3106,0x0002,0x0003,0x0000,0x01,0x0018,0x0000,0x0000,actor_2c8,5,0x10C408,0x01,0x0C,0x01,0x00,0x0F,0x00,0x00,0x0252,0x0079,0x0A73,0x00,0x06,0x02,190,10,190:0000:0079:0A76:0252|191:0000:0069:0A74:0252|192:0000:0079:0A75:0242|193:0000:0069:0A73:0242
round2_phase1,0xFE,3110,0x0002,0x0003,0x0000,0x01,0x0018,0x0000,0x0000,actor_2c8,4,0x10C3C8,0x01,0xB5,0x00,0x00,0x1F,0x00,0x00,0x00AA,0x0079,0x0400,0x00,0x4E,0x01,180,10,180:404E:0069:040E:0089|181:404E:0079:040F:0089|182:404E:0079:0410:0099|183:404E:0079:0411:00A9
round2_phase1,0xFE,3112,0x0002,0x0003,0x0000,0x01,0x0018,0x0000,0x0000,actor_2c8,5,0x10C408,0x01,0x0E,0x01,0x00,0x0F,0x00,0x00,0x0252,0x0079,0x0A73,0x00,0x06,0x02,190,10,190:0000:0081:0A83:025A|191:0000:0071:0A80:025A|192:0000:0061:0A7D:025A|193:0000:0081:0A82:024A|194:0000:0071:0A7F:024A|195:0000:0061:0A7C:024A|196:0000:0081:0A81:023A|197:0000:0071:0A7E:023A|198:0000:0061:0A7B:023A
round2_phase1,0xFE,3114,0x0002,0x0003,0x0000,0x01,0x0018,0x0000,0x0000,actor_2c8,5,0x10C408,0x01,0x0E,0x01,0x00,0x0F,0x00,0x00,0x0252,0x0079,0x0A73,0x00,0x06,0x02,190,10,190:0000:0081:0A8C:025A|191:0000:0071:0A89:025A|192:0000:0061:0A86:025A|193:0000:0081:0A8B:024A|194:0000:0071:0A88:024A|195:0000:0061:0A85:024A|196:0000:0081:0A8A:023A|197:0000:0071:0A87:023A|198:0000:0061:0A84:023A
round2_phase1,0xFE,3116,0x0002,0x0003,0x0000,0x01,0x0018,0x0000,0x0000,actor_2c8,5,0x10C408,0x01,0x0F,0x01,0x00,0x0F,0x00,0x00,0x0252,0x0079,0x0A73,0x00,0x06,0x02,190,10,190:0000:0081:0A94:025A|191:0000:0071:0A91:025A|192:0000:0061:0A8F:025A|193:0000:0081:0A93:024A|194:0000:0061:0A8E:024A|195:0000:0081:0A92:023A|196:0000:0071:0A90:023A|197:0000:0061:0A8D:023A
round2_phase1,0xFE,3116,0x0002,0x0003,0x0000,0x01,0x0018,0x0000,0x0000,actor_2c8,8,0x10C4C8,0x01,0x19,0x00,0x00,0x02,0x00,0x00,0x0148,0x0079,0x004B,0x00,0x46,0x00,220,19,220:4046:007A:006D:0137|221:4046:006A:006B:0137|222:4046:006A:004E:0137|223:4046:005A:004C:0137|224:4046:007A:006C:0147|225:4046:006A:006A:0147|226:4046:006A:004D:0147|227:4046:005A:004B:0147
round2_phase1,0xFE,3118,0x0002,0x0003,0x0000,0x01,0x0018,0x0000,0x0000,actor_2c8,5,0x10C408,0x01,0x10,0x01,0x00,0x0F,0x00,0x00,0x0252,0x0079,0x0A73,0x00,0x06,0x02,190,10,190:0000:0081:0A94:025A|191:0000:0071:0A91:025A|192:0000:0061:0A8F:025A|193:0000:0081:0A93:024A|194:0000:0061:0A8E:024A|195:0000:0081:0A92:023A|196:0000:0071:0A90:023A|197:0000:0061:0A8D:023A
round2_phase1,0xFE,3118,0x0002,0x0003,0x0000,0x01,0x0018,0x0000,0x0000,actor_2c8,8,0x10C4C8,0x01,0x19,0x00,0x00,0x02,0x00,0x00,0x0146,0x0079,0x004B,0x00,0x46,0x00,220,19,220:4046:007A:006D:0135|221:4046:006A:006B:0135|222:4046:006A:004E:0135|223:4046:005A:004C:0135|224:4046:007A:006C:0145|225:4046:006A:006A:0145|226:4046:006A:004D:0145|227:4046:005A:004B:0145
round2_phase1,0xFE,3120,0x0002,0x0003,0x0000,0x01,0x0018,0x0000,0x0000,actor_2c8,5,0x10C408,0x01,0x10,0x01,0x00,0x0F,0x00,0x00,0x0252,0x0079,0x0A73,0x00,0x06,0x02,190,10,190:0000:0081:0A9D:025A|191:0000:0071:0A9A:025A|192:0000:0061:0A97:025A|193:0000:0081:0A9C:024A|194:0000:0071:0A99:024A|195:0000:0061:0A96:024A|196:0000:0081:0A9B:023A|197:0000:0071:0A98:023A|198:0000:0061:0A95:023A
round2_phase1,0xFE,3120,0x0002,0x0003,0x0000,0x01,0x0018,0x0000,0x0000,actor_2c8,8,0x10C4C8,0x01,0x19,0x00,0x00,0x02,0x00,0x00,0x0144,0x0079,0x004B,0x00,0x46,0x00,220,19,220:4046:007A:006D:0133|221:4046:006A:006B:0133|222:4046:006A:004E:0133|223:4046:005A:004C:0133|224:4046:007A:006C:0143|225:4046:006A:006A:0143|226:4046:006A:004D:0143|227:4046:005A:004B:0143
round2_phase1,0xFE,3122,0x0002,0x0003,0x0000,0x01,0x0018,0x0000,0x0000,actor_2c8,5,0x10C408,0x01,0x11,0x01,0x00,0x0F,0x00,0x00,0x0252,0x0079,0x0A73,0x00,0x06,0x02,190,10,190:0000:0079:0AA1:0252|191:0000:0069:0A9F:0252|192:0000:0079:0AA0:0242|193:0000:0069:0A9E:0242
round2_phase1,0xFE,3122,0x0002,0x0003,0x0000,0x01,0x0018,0x0000,0x0000,actor_2c8,8,0x10C4C8,0x01,0x19,0x00,0x00,0x02,0x00,0x00,0x0142,0x0079,0x004B,0x00,0x46,0x00,220,19,220:4046:007A:006D:0131|221:4046:006A:006B:0131|222:4046:006A:004E:0131|223:4046:005A:004C:0131|224:4046:007A:006C:0141|225:4046:006A:006A:0141|226:4046:006A:004D:0141|227:4046:005A:004B:0141
round2_phase1,0xFE,3124,0x0002,0x0003,0x0000,0x01,0x0018,0x0000,0x0000,actor_2c8,5,0x10C408,0x01,0x12,0x01,0x00,0x0F,0x00,0x00,0x0252,0x0079,0x0A73,0x00,0x06,0x02,190,10,190:0000:0079:0AA1:0252|191:0000:0069:0A9F:0252|192:0000:0079:0AA0:0242|193:0000:0069:0A9E:0242
round2_phase1,0xFE,3124,0x0002,0x0003,0x0000,0x01,0x0018,0x0000,0x0000,actor_2c8,8,0x10C4C8,0x01,0x18,0x00,0x00,0x02,0x00,0x00,0x0140,0x0079,0x004B,0x00,0x46,0x00,220,19,220:4046:0079:0069:0131|221:4046:0069:0067:0131|222:4046:0069:004E:0131|223:4046:0059:004C:0131|224:4046:0079:0068:0141|225:4046:0069:0063:0141|226:4046:0069:004D:0141|227:4046:0059:004B:0141
round2_phase1,0xFE,3126,0x0002,0x0003,0x0000,0x01,0x0018,0x0000,0x0000,actor_2c8,5,0x10C408,0x01,0x12,0x01,0x00,0x0F,0x00,0x00,0x0252,0x0079,0x0A73,0x00,0x06,0x02,190,10,190:0000:0071:0AA2:024A
round2_phase1,0xFE,3126,0x0002,0x0003,0x0000,0x01,0x0018,0x0000,0x0000,actor_2c8,8,0x10C4C8,0x01,0x18,0x00,0x00,0x02,0x00,0x00,0x013E,0x0079,0x004B,0x00,0x46,0x00,220,19,220:4046:0079:0069:012F|221:4046:0069:0067:012F|222:4046:0069:004E:012F|223:4046:0059:004C:012F|224:4046:0079:0068:013F|225:4046:0069:0063:013F|226:4046:0069:004D:013F|227:4046:0059:004B:013F
round2_phase1,0xFE,3128,0x0002,0x0003,0x0000,0x01,0x0018,0x0000,0x0000,actor_2c8,8,0x10C4C8,0x01,0x18,0x00,0x00,0x02,0x00,0x00,0x013C,0x0079,0x004B,0x00,0x46,0x00,220,19,220:4046:0079:0069:012D|221:4046:0069:0067:012D|222:4046:0069:004E:012D|223:4046:0059:004C:012D|224:4046:0079:0068:013D|225:4046:0069:0063:013D|226:4046:0069:004D:013D|227:4046:0059:004B:013D
round2_phase1,0xFE,3130,0x0002,0x0003,0x0000,0x01,0x0018,0x0000,0x0000,actor_2c8,8,0x10C4C8,0x01,0x18,0x00,0x00,0x02,0x00,0x00,0x013A,0x0079,0x004B,0x00,0x46,0x00,220,19,220:4046:0079:0069:012B|221:4046:0069:0067:012B|222:4046:0069:004E:012B|223:4046:0059:004C:012B|224:4046:0079:0068:013B|225:4046:0069:0063:013B|226:4046:0069:004D:013B|227:4046:0059:004B:013B
round2_phase1,0xFE,3132,0x0002,0x0003,0x0000,0x01,0x0018,0x0000,0x0000,actor_2c8,8,0x10C4C8,0x01,0x17,0x00,0x00,0x02,0x00,0x00,0x013A,0x0079,0x004B,0x00,0x46,0x00,220,19,220:4046:007A:0066:0129|221:4046:006A:0064:0129|222:4046:006A:004E:0129|223:4046:005A:004C:0129|224:4046:007A:0065:0139|225:4046:006A:0063:0139|226:4046:006A:004D:0139|227:4046:005A:004B:0139
round2_phase1,0xFE,3134,0x0002,0x0003,0x0000,0x01,0x0018,0x0000,0x0000,actor_2c8,8,0x10C4C8,0x01,0x17,0x00,0x00,0x02,0x00,0x00,0x0138,0x0079,0x004B,0x00,0x46,0x00,220,19,220:4046:007A:0066:0127|221:4046:006A:0064:0127|222:4046:006A:004E:0127|223:4046:005A:004C:0127|224:4046:007A:0065:0137|225:4046:006A:0063:0137|226:4046:006A:004D:0137|227:4046:005A:004B:0137
round2_phase1,0xFE,3136,0x0002,0x0003,0x0000,0x01,0x0018,0x0000,0x0000,actor_2c8,8,0x10C4C8,0x01,0x17,0x00,0x00,0x02,0x00,0x00,0x0136,0x0079,0x004B,0x00,0x46,0x00,220,19,220:4046:007A:0066:0125|221:4046:006A:0064:0125|222:4046:006A:004E:0125|223:4046:005A:004C:0125|224:4046:007A:0065:0135|225:4046:006A:0063:0135|226:4046:006A:004D:0135|227:4046:005A:004B:0135
round2_phase1,0xFE,3138,0x0002,0x0003,0x0000,0x01,0x0018,0x0000,0x0000,actor_2c8,8,0x10C4C8,0x01,0x17,0x00,0x00,0x02,0x00,0x00,0x0134,0x0079,0x004B,0x00,0x46,0x00,220,19,220:4046:007A:0066:0123|221:4046:006A:0064:0123|222:4046:006A:004E:0123|223:4046:005A:004C:0123|224:4046:007A:0065:0133|225:4046:006A:0063:0133|226:4046:006A:004D:0133|227:4046:005A:004B:0133
round2_phase1,0xFE,3140,0x0002,0x0003,0x0000,0x01,0x0018,0x0000,0x0000,actor_2c8,8,0x10C4C8,0x01,0x18,0x00,0x00,0x02,0x00,0x00,0x0132,0x0079,0x004B,0x00,0x46,0x00,220,19,220:4046:0079:0069:0121|221:4046:0069:0067:0121|222:4046:0069:004E:0121|223:4046:0059:004C:0121|224:4046:0079:0068:0131|225:4046:0069:0063:0131|226:4046:0069:004D:0131|227:4046:0059:004B:0131
round2_phase1,0xFE,3144,0x0002,0x0003,0x0000,0x01,0x0018,0x0000,0x0000,actor_2c8,4,0x10C3C8,0x01,0xB6,0x00,0x00,0x02,0x00,0x00,0x00A8,0x0079,0x0400,0x00,0x4E,0x01,180,10,180:404E:0069:040E:0089|181:404E:0079:040F:0089|182:404E:0079:0410:0099|183:404E:0079:0411:00A9
round2_phase1,0xFE,3144,0x0002,0x0003,0x0000,0x01,0x0018,0x0000,0x0000,actor_2c8,8,0x10C4C8,0x01,0x18,0x00,0x00,0x02,0x00,0x00,0x012E,0x0079,0x004B,0x00,0x46,0x00,220,19,220:4046:0079:0069:011F|221:4046:0069:0067:011F|222:4046:0069:004E:011F|223:4046:0059:004C:011F|224:4046:0079:0068:012F|225:4046:0069:0063:012F|226:4046:0069:004D:012F|227:4046:0059:004B:012F
round2_phase1,0xFE,3146,0x0002,0x0003,0x0000,0x01,0x0018,0x0000,0x0000,actor_2c8,4,0x10C3C8,0x01,0xB6,0x00,0x00,0x02,0x00,0x00,0x00A6,0x0079,0x0400,0x00,0x4E,0x01,180,10,180:404E:0069:0404:0097|181:404E:0079:0405:0097|182:404E:0079:0406:00A7
round2_phase1,0xFE,3146,0x0002,0x0003,0x0000,0x01,0x0018,0x0000,0x0000,actor_2c8,8,0x10C4C8,0x01,0x18,0x00,0x00,0x02,0x00,0x00,0x012C,0x0079,0x004B,0x00,0x46,0x00,220,19,220:4046:0079:0069:011D|221:4046:0069:0067:011D|222:4046:0069:004E:011D|223:4046:0059:004C:011D|224:4046:0079:0068:012D|225:4046:0069:0063:012D|226:4046:0069:004D:012D|227:4046:0059:004B:012D
round2_phase1,0xFE,3148,0x0002,0x0003,0x0000,0x01,0x0018,0x0000,0x0000,actor_2c8,4,0x10C3C8,0x01,0xB5,0x00,0x00,0x02,0x00,0x00,0x00A4,0x0079,0x0400,0x00,0x4E,0x01,180,10,180:404E:0069:0400:0095|181:404E:0069:0403:00A5|182:404E:0079:0401:0095|183:404E:0079:0402:00A5
round2_phase1,0xFE,3148,0x0002,0x0003,0x0000,0x01,0x0018,0x0000,0x0000,actor_2c8,8,0x10C4C8,0x01,0x19,0x00,0x00,0x02,0x00,0x00,0x012A,0x0079,0x004B,0x00,0x46,0x00,220,19,220:4046:007A:006D:011B|221:4046:006A:006B:011B|222:4046:006A:004E:011B|223:4046:005A:004C:011B|224:4046:007A:006C:012B|225:4046:006A:006A:012B|226:4046:006A:004D:012B|227:4046:005A:004B:012B
round2_phase1,0xFE,3150,0x0002,0x0003,0x0000,0x01,0x0018,0x0000,0x0000,actor_2c8,4,0x10C3C8,0x01,0xB5,0x00,0x00,0x02,0x00,0x00,0x00A2,0x0079,0x0400,0x00,0x4E,0x01,180,10,180:404E:0069:0400:0093|181:404E:0069:0403:00A3|182:404E:0079:0401:0093|183:404E:0079:0402:00A3
round2_phase1,0xFE,3150,0x0002,0x0003,0x0000,0x01,0x0018,0x0000,0x0000,actor_2c8,8,0x10C4C8,0x01,0x19,0x00,0x00,0x02,0x00,0x00,0x012A,0x0079,0x004B,0x00,0x46,0x00,220,19,220:4046:007A:006D:0119|221:4046:006A:006B:0119|222:4046:006A:004E:0119|223:4046:005A:004C:0119|224:4046:007A:006C:0129|225:4046:006A:006A:0129|226:4046:006A:004D:0129|227:4046:005A:004B:0129
round2_phase1,0xFE,3152,0x0002,0x0003,0x0000,0x01,0x0018,0x0000,0x0000,actor_2c8,4,0x10C3C8,0x01,0xB6,0x00,0x00,0x02,0x00,0x00,0x00A2,0x0079,0x0400,0x00,0x4E,0x01,180,10,180:404E:0069:0404:0091|181:404E:0079:0405:0091|182:404E:0079:0406:00A1
round2_phase1,0xFE,3152,0x0002,0x0003,0x0000,0x01,0x0018,0x0000,0x0000,actor_2c8,8,0x10C4C8,0x01,0x19,0x00,0x00,0x02,0x00,0x00,0x0128,0x0079,0x004B,0x00,0x46,0x00,220,19,220:4046:007A:006D:0117|221:4046:006A:006B:0117|222:4046:006A:004E:0117|223:4046:005A:004C:0117|224:4046:007A:006C:0127|225:4046:006A:006A:0127|226:4046:006A:004D:0127|227:4046:005A:004B:0127
round2_phase1,0xFE,3154,0x0002,0x0003,0x0000,0x01,0x0018,0x0000,0x0000,actor_2c8,4,0x10C3C8,0x01,0xB5,0x00,0x00,0x1F,0x00,0x00,0x00A2,0x0079,0x0400,0x00,0x4E,0x01,180,10,180:404E:0069:0400:0091|181:404E:0069:0403:00A1|182:404E:0079:0401:0091|183:404E:0079:0402:00A1
round2_phase1,0xFE,3154,0x0002,0x0003,0x0000,0x01,0x0018,0x0000,0x0000,actor_2c8,8,0x10C4C8,0x01,0x19,0x00,0x00,0x02,0x00,0x00,0x0126,0x0079,0x004B,0x00,0x46,0x00,220,19,220:4046:007A:006D:0115|221:4046:006A:006B:0115|222:4046:006A:004E:0115|223:4046:005A:004C:0115|224:4046:007A:006C:0125|225:4046:006A:006A:0125|226:4046:006A:004D:0125|227:4046:005A:004B:0125
round2_phase1,0xFE,3156,0x0002,0x0003,0x0000,0x01,0x0018,0x0000,0x0000,actor_2c8,4,0x10C3C8,0x01,0xB8,0x00,0x00,0x1F,0x00,0x00,0x00A2,0x0079,0x0400,0x00,0x4E,0x01,180,10,180:404E:0069:0400:0091|181:404E:0069:0403:00A1|182:404E:0079:0401:0091|183:404E:0079:0402:00A1
round2_phase1,0xFE,3158,0x0002,0x0003,0x0000,0x01,0x0018,0x0000,0x0000,actor_2c8,4,0x10C3C8,0x01,0xB8,0x00,0x00,0x1F,0x00,0x00,0x00A2,0x0079,0x0400,0x00,0x4E,0x01,180,10,180:404E:0069:040A:0081|181:404E:0079:040B:0081|182:404E:0079:040C:0091|183:404E:0079:040D:00A1
round2_phase1,0xFE,3158,0x0002,0x0003,0x0000,0x01,0x0018,0x0000,0x0000,actor_2c8,8,0x10C4C8,0x01,0x18,0x00,0x00,0x02,0x00,0x00,0x0122,0x0079,0x004B,0x00,0x46,0x00,220,19,220:4046:0079:0069:0111|221:4046:0069:0067:0111|222:4046:0069:004E:0111|223:4046:0059:004C:0111|224:4046:0079:0068:0121|225:4046:0069:0063:0121|226:4046:0069:004D:0121|227:4046:0059:004B:0121
round2_phase1,0xFE,3162,0x0002,0x0003,0x0000,0x01,0x0018,0x0000,0x0000,actor_2c8,4,0x10C3C8,0x01,0xB9,0x00,0x00,0x1F,0x00,0x00,0x00A2,0x0079,0x0400,0x00,0x4E,0x01,180,10,180:404E:0069:040A:0081|181:404E:0079:040B:0081|182:404E:0079:040C:0091|183:404E:0079:040D:00A1
round2_phase1,0xFE,3162,0x0002,0x0003,0x0000,0x01,0x0018,0x0000,0x0000,actor_2c8,8,0x10C4C8,0x01,0x18,0x00,0x00,0x02,0x00,0x00,0x011E,0x0079,0x004B,0x00,0x46,0x00,220,19,220:4046:0079:0069:010F|221:4046:0069:0067:010F|222:4046:0069:004E:010F|223:4046:0059:004C:010F|224:4046:0079:0068:011F|225:4046:0069:0063:011F|226:4046:0069:004D:011F|227:4046:0059:004B:011F
round2_phase1,0xFE,3164,0x0002,0x0003,0x0000,0x01,0x0018,0x0000,0x0000,actor_2c8,4,0x10C3C8,0x01,0xB9,0x00,0x00,0x1F,0x00,0x00,0x00A2,0x0079,0x0400,0x00,0x4E,0x01,180,10,180:404E:0069:040E:0081|181:404E:0079:040F:0081|182:404E:0079:0410:0091|183:404E:0079:0411:00A1
round2_phase1,0xFE,3166,0x0002,0x0003,0x0000,0x01,0x0018,0x0000,0x0000,actor_2c8,8,0x10C4C8,0x01,0x17,0x00,0x00,0x02,0x00,0x00,0x011A,0x0079,0x004B,0x00,0x46,0x00,220,19,220:4046:007A:0066:010B|221:4046:006A:0064:010B|222:4046:006A:004E:010B|223:4046:005A:004C:010B|224:4046:007A:0065:011B|225:4046:006A:0063:011B|226:4046:006A:004D:011B|227:4046:005A:004B:011B
round2_phase1,0xFE,3168,0x0002,0x0003,0x0000,0x01,0x0018,0x0000,0x0000,actor_2c8,7,0x10C488,0x01,0x17,0x00,0x00,0x02,0x00,0x00,0x0147,0x0079,0x004B,0x00,0x46,0x00,210,10,210:4046:007A:0066:0137|211:4046:006A:0064:0137|212:4046:006A:004E:0137|213:4046:005A:004C:0137|214:4046:007A:0065:0147|215:4046:006A:0063:0147|216:4046:006A:004D:0147|217:4046:005A:004B:0147
round2_phase1,0xFE,3168,0x0002,0x0003,0x0000,0x01,0x0018,0x0000,0x0000,actor_2c8,8,0x10C4C8,0x01,0x17,0x00,0x00,0x02,0x00,0x00,0x0119,0x0079,0x004B,0x00,0x46,0x00,220,19,220:4046:007A:0066:0109|221:4046:006A:0064:0109|222:4046:006A:004E:0109|223:4046:005A:004C:0109|224:4046:007A:0065:0119|225:4046:006A:0063:0119|226:4046:006A:004D:0119|227:4046:005A:004B:0119
round2_phase1,0xFE,3170,0x0002,0x0003,0x0000,0x01,0x0018,0x0000,0x0000,actor_2c8,4,0x10C3C8,0x01,0xB9,0x00,0x00,0x1F,0x00,0x00,0x00A0,0x0079,0x0400,0x00,0x4E,0x01,180,10,180:404E:0069:040E:007F|181:404E:0079:040F:007F|182:404E:0079:0410:008F|183:404E:0079:0411:009F
round2_phase1,0xFE,3170,0x0002,0x0003,0x0000,0x01,0x0018,0x0000,0x0000,actor_2c8,7,0x10C488,0x01,0x17,0x00,0x00,0x02,0x00,0x00,0x0144,0x0079,0x004B,0x00,0x46,0x00,210,10,210:4046:007A:0066:0133|211:4046:006A:0064:0133|212:4046:006A:004E:0133|213:4046:005A:004C:0133|214:4046:007A:0065:0143|215:4046:006A:0063:0143|216:4046:006A:004D:0143|217:4046:005A:004B:0143
round2_phase1,0xFE,3170,0x0002,0x0003,0x0000,0x01,0x0018,0x0000,0x0000,actor_2c8,8,0x10C4C8,0x01,0x17,0x00,0x00,0x02,0x00,0x00,0x0116,0x0079,0x004B,0x00,0x46,0x00,220,19,220:4046:007A:0066:0105|221:4046:006A:0064:0105|222:4046:006A:004E:0105|223:4046:005A:004C:0105|224:4046:007A:0065:0115|225:4046:006A:0063:0115|226:4046:006A:004D:0115|227:4046:005A:004B:0115
round2_phase1,0xFE,3172,0x0002,0x0003,0x0000,0x01,0x0018,0x0000,0x0000,actor_2c8,4,0x10C3C8,0x01,0xB5,0x00,0x00,0x1F,0x00,0x00,0x009F,0x0079,0x0400,0x00,0x4E,0x01,180,10,180:404E:0069:0400:008F|181:404E:0069:0403:009F|182:404E:0079:0401:008F|183:404E:0079:0402:009F
round2_phase1,0xFE,3172,0x0002,0x0003,0x0000,0x01,0x0018,0x0000,0x0000,actor_2c8,7,0x10C488,0x01,0x18,0x00,0x00,0x02,0x00,0x00,0x0141,0x0079,0x004B,0x00,0x46,0x00,210,10,210:4046:0079:0069:0131|211:4046:0069:0067:0131|212:4046:0069:004E:0131|213:4046:0059:004C:0131|214:4046:0079:0068:0141|215:4046:0069:0063:0141|216:4046:0069:004D:0141|217:4046:0059:004B:0141
round2_phase1,0xFE,3172,0x0002,0x0003,0x0000,0x01,0x0018,0x0000,0x0000,actor_2c8,8,0x10C4C8,0x01,0x18,0x00,0x00,0x02,0x00,0x00,0x0113,0x0079,0x004B,0x00,0x46,0x00,220,19,220:4046:0079:0069:0103|221:4046:0069:0067:0103|222:4046:0069:004E:0103|223:4046:0059:004C:0103|224:4046:0079:0068:0113|225:4046:0069:0063:0113|226:4046:0069:004D:0113|227:4046:0059:004B:0113
round2_phase1,0xFE,3174,0x0002,0x0003,0x0000,0x01,0x0018,0x0000,0x0000,actor_2c8,4,0x10C3C8,0x01,0xB8,0x00,0x00,0x1F,0x00,0x00,0x009E,0x0079,0x0400,0x00,0x4E,0x01,180,10,180:404E:0069:0400:008D|181:404E:0069:0403:009D|182:404E:0079:0401:008D|183:404E:0079:0402:009D
round2_phase1,0xFE,3174,0x0002,0x0003,0x0000,0x01,0x0018,0x0000,0x0000,actor_2c8,7,0x10C488,0x01,0x18,0x00,0x00,0x02,0x00,0x00,0x013E,0x0079,0x004B,0x00,0x46,0x00,210,10,210:4046:0079:0069:012D|211:4046:0069:0067:012D|212:4046:0069:004E:012D|213:4046:0059:004C:012D|214:4046:0079:0068:013D|215:4046:0069:0063:013D|216:4046:0069:004D:013D|217:4046:0059:004B:013D
round2_phase1,0xFE,3174,0x0002,0x0003,0x0000,0x01,0x0018,0x0000,0x0000,actor_2c8,8,0x10C4C8,0x01,0x18,0x00,0x00,0x02,0x00,0x00,0x0110,0x0079,0x004B,0x00,0x46,0x00,220,19,220:4046:0079:0069:00FF|221:4046:0069:0067:00FF|222:4046:0069:004E:00FF|223:4046:0059:004C:00FF|224:4046:0079:0068:010F|225:4046:0069:0063:010F|226:4046:0069:004D:010F|227:4046:0059:004B:010F
round2_phase1,0xFE,3176,0x0002,0x0003,0x0000,0x01,0x0018,0x0000,0x0000,actor_2c8,4,0x10C3C8,0x01,0xB8,0x00,0x00,0x1F,0x00,0x00,0x009E,0x0079,0x0400,0x00,0x4E,0x01,180,10,180:404E:0069:040A:007D|181:404E:0079:040B:007D|182:404E:0079:040C:008D|183:404E:0079:040D:009D
round2_phase1,0xFE,3178,0x0002,0x0003,0x0000,0x01,0x0018,0x0000,0x0000,actor_2c8,7,0x10C488,0x01,0x18,0x00,0x00,0x02,0x00,0x00,0x013A,0x0079,0x004B,0x00,0x46,0x00,210,10,210:4046:0079:0069:012B|211:4046:0069:0067:012B|212:4046:0069:004E:012B|213:4046:0059:004C:012B|214:4046:0079:0068:013B|215:4046:0069:0063:013B|216:4046:0069:004D:013B|217:4046:0059:004B:013B
round2_phase1,0xFE,3180,0x0002,0x0003,0x0000,0x01,0x0018,0x0000,0x0000,actor_2c8,4,0x10C3C8,0x01,0x0D,0x00,0x00,0x0F,0x00,0x00,0x009E,0x0079,0x0A73,0x00,0x0E,0x02,180,10,180:404E:0069:040A:007D|181:404E:0079:040B:007D|182:404E:0079:040C:008D|183:404E:0079:040D:009D
round2_phase1,0xFE,3180,0x0002,0x0003,0x0000,0x01,0x0018,0x0000,0x0000,actor_2c8,7,0x10C488,0x01,0x19,0x00,0x00,0x02,0x00,0x00,0x0138,0x0079,0x004B,0x00,0x46,0x00,210,10,210:4046:007A:006D:0129|211:4046:006A:006B:0129|212:4046:006A:004E:0129|213:4046:005A:004C:0129|214:4046:007A:006C:0139|215:4046:006A:006A:0139|216:4046:006A:004D:0139|217:4046:005A:004B:0139
round2_phase1,0xFE,3180,0x0002,0x0003,0x0000,0x01,0x0018,0x0000,0x0000,actor_2c8,8,0x10C4C8,0x01,0x19,0x00,0x00,0x02,0x00,0x00,0x010A,0x0079,0x004B,0x00,0x46,0x00,220,19,220:4046:007A:006D:00FB|221:4046:006A:006B:00FB|222:4046:006A:004E:00FB|223:4046:005A:004C:00FB|224:4046:007A:006C:010B|225:4046:006A:006A:010B|226:4046:006A:004D:010B|227:4046:005A:004B:010B
round2_phase1,0xFE,3182,0x0002,0x0003,0x0000,0x01,0x0018,0x0000,0x0000,actor_2c8,4,0x10C3C8,0x01,0x0D,0x00,0x00,0x0F,0x00,0x00,0x009E,0x0079,0x0A73,0x00,0x0E,0x02,180,10,180:4000:0081:0A83:0085|181:4000:0071:0A80:0085|182:4000:0061:0A7D:0085|183:4000:0081:0A82:0095|184:4000:0071:0A7F:0095|185:4000:0061:0A7C:0095|186:4000:0081:0A81:00A5|187:4000:0071:0A7E:00A5|188:4000:0061:0A7B:00A5
round2_phase1,0xFE,3182,0x0002,0x0003,0x0000,0x01,0x0018,0x0000,0x0000,actor_2c8,7,0x10C488,0x01,0x19,0x00,0x00,0x02,0x00,0x00,0x0136,0x0079,0x004B,0x00,0x46,0x00,210,10,210:4046:007A:006D:0127|211:4046:006A:006B:0127|212:4046:006A:004E:0127|213:4046:005A:004C:0127|214:4046:007A:006C:0137|215:4046:006A:006A:0137|216:4046:006A:004D:0137|217:4046:005A:004B:0137
round2_phase1,0xFE,3182,0x0002,0x0003,0x0000,0x01,0x0018,0x0000,0x0000,actor_2c8,8,0x10C4C8,0x01,0x19,0x00,0x00,0x02,0x00,0x00,0x0108,0x0079,0x004B,0x00,0x46,0x00,220,19,220:4046:007A:006D:00F9|221:4046:006A:006B:00F9|222:4046:006A:004E:00F9|223:4046:005A:004C:00F9|224:4046:007A:006C:0109|225:4046:006A:006A:0109|226:4046:006A:004D:0109|227:4046:005A:004B:0109
round2_phase1,0xFE,3184,0x0002,0x0003,0x0000,0x01,0x0018,0x0000,0x0000,actor_2c8,4,0x10C3C8,0x01,0x0C,0x00,0x00,0x0F,0x00,0x00,0x009E,0x0079,0x0A73,0x00,0x0E,0x02,180,10,180:4000:0079:0A7A:008D|181:4000:0069:0A78:008D|182:4000:0079:0A79:009D|183:4000:0069:0A77:009D
round2_phase1,0xFE,3184,0x0002,0x0003,0x0000,0x01,0x0018,0x0000,0x0000,actor_2c8,7,0x10C488,0x01,0x19,0x00,0x00,0x02,0x00,0x00,0x0136,0x0079,0x004B,0x00,0x46,0x00,210,10,210:4046:007A:006D:0125|211:4046:006A:006B:0125|212:4046:006A:004E:0125|213:4046:005A:004C:0125|214:4046:007A:006C:0135|215:4046:006A:006A:0135|216:4046:006A:004D:0135|217:4046:005A:004B:0135
round2_phase1,0xFE,3184,0x0002,0x0003,0x0000,0x01,0x0018,0x0000,0x0000,actor_2c8,8,0x10C4C8,0x01,0x19,0x00,0x00,0x02,0x00,0x00,0x0106,0x0079,0x004B,0x00,0x46,0x00,220,19,220:4046:007A:006D:00F7|221:4046:006A:006B:00F7|222:4046:006A:004E:00F7|223:4046:005A:004C:00F7|224:4046:007A:006C:0107|225:4046:006A:006A:0107|226:4046:006A:004D:0107|227:4046:005A:004B:0107
round2_phase1,0xFE,3186,0x0002,0x0003,0x0000,0x01,0x0018,0x0000,0x0000,actor_2c8,4,0x10C3C8,0x01,0x0B,0x00,0x00,0x0F,0x00,0x00,0x009E,0x0079,0x0A73,0x00,0x0E,0x02,180,10,180:4000:0079:0A7A:008D|181:4000:0069:0A78:008D|182:4000:0079:0A79:009D|183:4000:0069:0A77:009D
round2_phase1,0xFE,3186,0x0002,0x0003,0x0000,0x01,0x0018,0x0000,0x0000,actor_2c8,7,0x10C488,0x01,0x19,0x00,0x00,0x02,0x00,0x00,0x0134,0x0079,0x004B,0x00,0x46,0x00,210,10,210:4046:007A:006D:0123|211:4046:006A:006B:0123|212:4046:006A:004E:0123|213:4046:005A:004C:0123|214:4046:007A:006C:0133|215:4046:006A:006A:0133|216:4046:006A:004D:0133|217:4046:005A:004B:0133
round2_phase1,0xFE,3186,0x0002,0x0003,0x0000,0x01,0x0018,0x0000,0x0000,actor_2c8,8,0x10C4C8,0x01,0x19,0x00,0x00,0x02,0x00,0x00,0x0106,0x0079,0x004B,0x00,0x46,0x00,220,19,220:4046:007A:006D:00F5|221:4046:006A:006B:00F5|222:4046:006A:004E:00F5|223:4046:005A:004C:00F5|224:4046:007A:006C:0105|225:4046:006A:006A:0105|226:4046:006A:004D:0105|227:4046:005A:004B:0105
round2_phase1,0xFE,3188,0x0002,0x0003,0x0000,0x01,0x0018,0x0000,0x0000,actor_2c8,4,0x10C3C8,0x01,0x0B,0x00,0x00,0x0F,0x00,0x00,0x009E,0x0079,0x0A73,0x00,0x0E,0x02,180,10,180:4000:0079:0A76:008D|181:4000:0069:0A74:008D|182:4000:0079:0A75:009D|183:4000:0069:0A73:009D
round2_phase1,0xFE,3188,0x0002,0x0003,0x0000,0x01,0x0018,0x0000,0x0000,actor_2c8,7,0x10C488,0x01,0x18,0x00,0x00,0x02,0x00,0x00,0x0132,0x0079,0x004B,0x00,0x46,0x00,210,10,210:4046:0079:0069:0121|211:4046:0069:0067:0121|212:4046:0069:004E:0121|213:4046:0059:004C:0121|214:4046:0079:0068:0131|215:4046:0069:0063:0131|216:4046:0069:004D:0131|217:4046:0059:004B:0131
round2_phase1,0xFE,3188,0x0002,0x0003,0x0000,0x01,0x0018,0x0000,0x0000,actor_2c8,8,0x10C4C8,0x01,0x18,0x00,0x00,0x02,0x00,0x00,0x0104,0x0079,0x004B,0x00,0x46,0x00,220,19,220:4046:0079:0069:00F3|221:4046:0069:0067:00F3|222:4046:0069:004E:00F3|223:4046:0059:004C:00F3|224:4046:0079:0068:0103|225:4046:0069:0063:0103|226:4046:0069:004D:0103|227:4046:0059:004B:0103
round2_phase1,0xFE,3190,0x0002,0x0003,0x0000,0x01,0x0018,0x0000,0x0000,actor_2c8,7,0x10C488,0x01,0x18,0x00,0x00,0x02,0x00,0x00,0x0130,0x0079,0x004B,0x00,0x46,0x00,210,10,210:4046:0079:0069:011F|211:4046:0069:0067:011F|212:4046:0069:004E:011F|213:4046:0059:004C:011F|214:4046:0079:0068:012F|215:4046:0069:0063:012F|216:4046:0069:004D:012F|217:4046:0059:004B:012F
round2_phase1,0xFE,3190,0x0002,0x0003,0x0000,0x01,0x0018,0x0000,0x0000,actor_2c8,8,0x10C4C8,0x01,0x18,0x00,0x00,0x02,0x00,0x00,0x0102,0x0079,0x004B,0x00,0x46,0x00,220,19,220:4046:0079:0069:00F1|221:4046:0069:0067:00F1|222:4046:0069:004E:00F1|223:4046:0059:004C:00F1|224:4046:0079:0068:0101|225:4046:0069:0063:0101|226:4046:0069:004D:0101|227:4046:0059:004B:0101
round2_phase1,0xFE,3192,0x0002,0x0003,0x0000,0x01,0x0018,0x0000,0x0000,actor_2c8,4,0x10C3C8,0x01,0x0D,0x00,0x00,0x0F,0x00,0x00,0x009D,0x0079,0x0A73,0x00,0x0E,0x02,180,10,180:4000:0079:0A7A:008D|181:4000:0069:0A78:008D|182:4000:0079:0A79:009D|183:4000:0069:0A77:009D
round2_phase1,0xFE,3192,0x0002,0x0003,0x0000,0x01,0x0018,0x0000,0x0000,actor_2c8,7,0x10C488,0x01,0x18,0x00,0x00,0x02,0x00,0x00,0x012D,0x0079,0x004B,0x00,0x46,0x00,210,10,210:4046:0079:0069:011D|211:4046:0069:0067:011D|212:4046:0069:004E:011D|213:4046:0059:004C:011D|214:4046:0079:0068:012D|215:4046:0069:0063:012D|216:4046:0069:004D:012D|217:4046:0059:004B:012D
round2_phase1,0xFE,3194,0x0002,0x0003,0x0000,0x01,0x0018,0x0000,0x0000,actor_2c8,4,0x10C3C8,0x01,0x0D,0x00,0x00,0x0F,0x00,0x00,0x009B,0x0079,0x0A73,0x00,0x0E,0x02,180,10,180:4000:0081:0A83:0083|181:4000:0071:0A80:0083|182:4000:0061:0A7D:0083|183:4000:0081:0A82:0093|184:4000:0071:0A7F:0093|185:4000:0061:0A7C:0093|186:4000:0081:0A81:00A3|187:4000:0071:0A7E:00A3|188:4000:0061:0A7B:00A3
round2_phase1,0xFE,3194,0x0002,0x0003,0x0000,0x01,0x0018,0x0000,0x0000,actor_2c8,7,0x10C488,0x01,0x18,0x00,0x00,0x02,0x00,0x00,0x0129,0x0079,0x004B,0x00,0x46,0x00,210,10,210:4046:0079:0069:011B|211:4046:0069:0067:011B|212:4046:0069:004E:011B|213:4046:0059:004C:011B|214:4046:0079:0068:012B|215:4046:0069:0063:012B|216:4046:0069:004D:012B|217:4046:0059:004B:012B
round2_phase1,0xFE,3196,0x0002,0x0003,0x0000,0x01,0x0018,0x0000,0x0000,actor_2c8,4,0x10C3C8,0x01,0x0E,0x00,0x00,0x0F,0x00,0x00,0x0099,0x0079,0x0A73,0x00,0x0E,0x02,180,10,180:4000:0081:0A8C:0081|181:4000:0071:0A89:0081|182:4000:0061:0A86:0081|183:4000:0081:0A8B:0091|184:4000:0071:0A88:0091|185:4000:0061:0A85:0091|186:4000:0081:0A8A:00A1|187:4000:0071:0A87:00A1|188:4000:0061:0A84:00A1
round2_phase1,0xFE,3196,0x0002,0x0003,0x0000,0x01,0x0018,0x0000,0x0000,actor_2c8,7,0x10C488,0x01,0x17,0x00,0x00,0x02,0x00,0x00,0x0125,0x0079,0x004B,0x00,0x46,0x00,210,10,210:4046:007A:0066:0117|211:4046:006A:0064:0117|212:4046:006A:004E:0117|213:4046:005A:004C:0117|214:4046:007A:0065:0127|215:4046:006A:0063:0127|216:4046:006A:004D:0127|217:4046:005A:004B:0127
round2_phase1,0xFE,3196,0x0002,0x0003,0x0000,0x01,0x0018,0x0000,0x0000,actor_2c8,8,0x10C4C8,0x01,0x17,0x00,0x00,0x02,0x00,0x00,0x00F7,0x0079,0x004B,0x00,0x46,0x00,220,19,220:4046:007A:0066:00E9|221:4046:006A:0064:00E9|222:4046:006A:004E:00E9|223:4046:005A:004C:00E9|224:4046:007A:0065:00F9|225:4046:006A:0063:00F9|226:4046:006A:004D:00F9|227:4046:005A:004B:00F9
round2_phase1,0xFE,3198,0x0002,0x0003,0x0000,0x01,0x0018,0x0000,0x0000,actor_2c8,4,0x10C3C8,0x01,0x0F,0x00,0x00,0x0F,0x00,0x00,0x0097,0x0079,0x0A73,0x00,0x0E,0x02,180,10,180:4000:0081:0A8C:007F|181:4000:0071:0A89:007F|182:4000:0061:0A86:007F|183:4000:0081:0A8B:008F|184:4000:0071:0A88:008F|185:4000:0061:0A85:008F|186:4000:0081:0A8A:009F|187:4000:0071:0A87:009F|188:4000:0061:0A84:009F
round2_phase1,0xFE,3198,0x0002,0x0003,0x0000,0x01,0x0018,0x0000,0x0000,actor_2c8,8,0x10C4C8,0x01,0x17,0x00,0x00,0x02,0x00,0x00,0x00F3,0x0079,0x004B,0x00,0x46,0x00,220,19,220:4046:007A:0066:00E5|221:4046:006A:0064:00E5|222:4046:006A:004E:00E5|223:4046:005A:004C:00E5|224:4046:007A:0065:00F5|225:4046:006A:0063:00F5|226:4046:006A:004D:00F5|227:4046:005A:004B:00F5
round2_phase1,0xFE,3200,0x0002,0x0003,0x0000,0x01,0x0018,0x0000,0x0000,actor_2c8,4,0x10C3C8,0x01,0x0F,0x00,0x00,0x0F,0x00,0x00,0x0095,0x0079,0x0A73,0x00,0x0E,0x02,180,10,180:4000:0081:0A94:007D|181:4000:0071:0A91:007D|182:4000:0061:0A8F:007D|183:4000:0081:0A93:008D|184:4000:0061:0A8E:008D|185:4000:0081:0A92:009D|186:4000:0071:0A90:009D|187:4000:0061:0A8D:009D
round2_phase1,0xFE,3200,0x0002,0x0003,0x0000,0x01,0x0018,0x0000,0x0000,actor_2c8,8,0x10C4C8,0x01,0x17,0x00,0x00,0x02,0x00,0x00,0x00EF,0x0079,0x004B,0x00,0x46,0x00,220,19,220:4046:007A:0066:00E1|221:4046:006A:0064:00E1|222:4046:006A:004E:00E1|223:4046:005A:004C:00E1|224:4046:007A:0065:00F1|225:4046:006A:0063:00F1|226:4046:006A:004D:00F1|227:4046:005A:004B:00F1
round2_phase1,0xFE,3202,0x0002,0x0003,0x0000,0x01,0x0018,0x0000,0x0000,actor_2c8,4,0x10C3C8,0x01,0x10,0x00,0x00,0x0F,0x00,0x00,0x0093,0x0079,0x0A73,0x00,0x0E,0x02,180,10,180:4000:0081:0A9D:007B|181:4000:0071:0A9A:007B|182:4000:0061:0A97:007B|183:4000:0081:0A9C:008B|184:4000:0071:0A99:008B|185:4000:0061:0A96:008B|186:4000:0081:0A9B:009B|187:4000:0071:0A98:009B|188:4000:0061:0A95:009B
round2_phase1,0xFE,3202,0x0002,0x0003,0x0000,0x01,0x0018,0x0000,0x0000,actor_2c8,7,0x10C488,0x01,0x17,0x00,0x00,0x02,0x00,0x00,0x011B,0x0079,0x004B,0x00,0x46,0x00,210,10,210:4046:007A:0066:010B|211:4046:006A:0064:010B|212:4046:006A:004E:010B|213:4046:005A:004C:010B|214:4046:007A:0065:011B|215:4046:006A:0063:011B|216:4046:006A:004D:011B|217:4046:005A:004B:011B
round2_phase1,0xFE,3202,0x0002,0x0003,0x0000,0x01,0x0018,0x0000,0x0000,actor_2c8,8,0x10C4C8,0x01,0x17,0x00,0x00,0x02,0x00,0x00,0x00EB,0x0079,0x004B,0x00,0x46,0x00,220,19,220:4046:007A:0066:00DD|221:4046:006A:0064:00DD|222:4046:006A:004E:00DD|223:4046:005A:004C:00DD|224:4046:007A:0065:00ED|225:4046:006A:0063:00ED|226:4046:006A:004D:00ED|227:4046:005A:004B:00ED
round2_phase1,0xFE,3204,0x0002,0x0003,0x0000,0x01,0x0018,0x0000,0x0000,actor_2c8,4,0x10C3C8,0x01,0x11,0x00,0x00,0x0F,0x00,0x00,0x0091,0x0079,0x0A73,0x00,0x0E,0x02,180,10,180:4000:0081:0A9D:0079|181:4000:0071:0A9A:0079|182:4000:0061:0A97:0079|183:4000:0081:0A9C:0089|184:4000:0071:0A99:0089|185:4000:0061:0A96:0089|186:4000:0081:0A9B:0099|187:4000:0071:0A98:0099|188:4000:0061:0A95:0099
round2_phase1,0xFE,3204,0x0002,0x0003,0x0000,0x01,0x0018,0x0000,0x0000,actor_2c8,8,0x10C4C8,0x01,0x18,0x00,0x00,0x02,0x00,0x00,0x00E9,0x0079,0x004B,0x00,0x46,0x00,220,19,220:4046:0079:0069:00D9|221:4046:0069:0067:00D9|222:4046:0069:004E:00D9|223:4046:0059:004C:00D9|224:4046:0079:0068:00E9|225:4046:0069:0063:00E9|226:4046:0069:004D:00E9|227:4046:0059:004B:00E9
round2_phase1,0xFE,3206,0x0002,0x0003,0x0000,0x01,0x0018,0x0000,0x0000,actor_2c8,4,0x10C3C8,0x01,0x11,0x00,0x00,0x0F,0x00,0x00,0x008F,0x0079,0x0A73,0x00,0x0E,0x02,180,10,180:4000:0079:0AA1:007F|181:4000:0069:0A9F:007F|182:4000:0079:0AA0:008F|183:4000:0069:0A9E:008F
round2_phase1,0xFE,3206,0x0002,0x0003,0x0000,0x01,0x0018,0x0000,0x0000,actor_2c8,7,0x10C488,0x01,0x18,0x00,0x00,0x02,0x00,0x00,0x0113,0x0079,0x004B,0x00,0x46,0x00,210,10,210:4046:0079:0069:0103|211:4046:0069:0067:0103|212:4046:0069:004E:0103|213:4046:0059:004C:0103|214:4046:0079:0068:0113|215:4046:0069:0063:0113|216:4046:0069:004D:0113|217:4046:0059:004B:0113
round2_phase1,0xFE,3206,0x0002,0x0003,0x0000,0x01,0x0018,0x0000,0x0000,actor_2c8,8,0x10C4C8,0x01,0x18,0x00,0x00,0x02,0x00,0x00,0x00E5,0x0079,0x004B,0x00,0x46,0x00,220,19,220:4046:0079:0069:00D5|221:4046:0069:0067:00D5|222:4046:0069:004E:00D5|223:4046:0059:004C:00D5|224:4046:0079:0068:00E5|225:4046:0069:0063:00E5|226:4046:0069:004D:00E5|227:4046:0059:004B:00E5
round2_phase1,0xFE,3208,0x0002,0x0003,0x0000,0x01,0x0018,0x0000,0x0000,actor_2c8,4,0x10C3C8,0x01,0x12,0x00,0x00,0x0F,0x00,0x00,0x008B,0x0079,0x0A73,0x00,0x0E,0x02,180,10,180:4000:0071:0AA2:0084
round2_phase1,0xFE,3208,0x0002,0x0003,0x0000,0x01,0x0018,0x0000,0x0000,actor_2c8,7,0x10C488,0x01,0x18,0x00,0x00,0x02,0x00,0x00,0x010D,0x0079,0x004B,0x00,0x46,0x00,210,10,210:4046:0079:0069:00FE|211:4046:0069:0067:00FE|212:4046:0069:004E:00FE|213:4046:0059:004C:00FE|214:4046:0079:0068:010E|215:4046:0069:0063:010E|216:4046:0069:004D:010E|217:4046:0059:004B:010E
round2_phase1,0xFE,3208,0x0002,0x0003,0x0000,0x01,0x0018,0x0000,0x0000,actor_2c8,8,0x10C4C8,0x01,0x18,0x00,0x00,0x02,0x00,0x00,0x00DF,0x0079,0x004B,0x00,0x46,0x00,220,19,220:4046:0079:0069:00D0|221:4046:0069:0067:00D0|222:4046:0069:004E:00D0|223:4046:0059:004C:00D0|224:4046:0079:0068:00E0|225:4046:0069:0063:00E0|226:4046:0069:004D:00E0|227:4046:0059:004B:00E0
round2_phase1,0xFE,3210,0x0002,0x0003,0x0000,0x01,0x0018,0x0000,0x0000,actor_2c8,7,0x10C488,0x01,0x18,0x00,0x00,0x02,0x00,0x00,0x0107,0x0079,0x004B,0x00,0x46,0x00,210,10,210:4046:0079:0069:00F8|211:4046:0069:0067:00F8|212:4046:0069:004E:00F8|213:4046:0059:004C:00F8|214:4046:0079:0068:0108|215:4046:0069:0063:0108|216:4046:0069:004D:0108|217:4046:0059:004B:0108
round2_phase1,0xFE,3210,0x0002,0x0003,0x0000,0x01,0x0018,0x0000,0x0000,actor_2c8,8,0x10C4C8,0x01,0x18,0x00,0x00,0x02,0x00,0x00,0x00D9,0x0079,0x004B,0x00,0x46,0x00,220,19,220:4046:0079:0069:00CA|221:4046:0069:0067:00CA|222:4046:0069:004E:00CA|223:4046:0059:004C:00CA|224:4046:0079:0068:00DA|225:4046:0069:0063:00DA|226:4046:0069:004D:00DA|227:4046:0059:004B:00DA
round2_phase1,0xFE,3212,0x0002,0x0003,0x0000,0x01,0x0018,0x0000,0x0000,actor_2c8,7,0x10C488,0x01,0x19,0x00,0x00,0x02,0x00,0x00,0x0101,0x0079,0x004B,0x00,0x46,0x00,210,10,210:4046:007A:006D:00F4|211:4046:006A:006B:00F4|212:4046:006A:004E:00F4|213:4046:005A:004C:00F4|214:4046:007A:006C:0104|215:4046:006A:006A:0104|216:4046:006A:004D:0104|217:4046:005A:004B:0104
round2_phase1,0xFE,3212,0x0002,0x0003,0x0000,0x01,0x0018,0x0000,0x0000,actor_2c8,8,0x10C4C8,0x01,0x19,0x00,0x00,0x02,0x00,0x00,0x00D3,0x0079,0x004B,0x00,0x46,0x00,220,19,220:4046:007A:006D:00C4|221:4046:006A:006B:00C4|222:4046:006A:004E:00C4|223:4046:005A:004C:00C4|224:4046:007A:006C:00D4|225:4046:006A:006A:00D4|226:4046:006A:004D:00D4|227:4046:005A:004B:00D4
round2_phase1,0xFE,3214,0x0002,0x0003,0x0000,0x01,0x0018,0x0000,0x0000,actor_2c8,7,0x10C488,0x01,0x19,0x00,0x00,0x02,0x00,0x00,0x00FB,0x0079,0x004B,0x00,0x46,0x00,210,10,210:4046:007A:006D:00EE|211:4046:006A:006B:00EE|212:4046:006A:004E:00EE|213:4046:005A:004C:00EE|214:4046:007A:006C:00FE|215:4046:006A:006A:00FE|216:4046:006A:004D:00FE|217:4046:005A:004B:00FE
round2_phase1,0xFE,3214,0x0002,0x0003,0x0000,0x01,0x0018,0x0000,0x0000,actor_2c8,8,0x10C4C8,0x01,0x19,0x01,0x00,0x01,0x00,0x00,0x00D1,0x0079,0x004B,0x01,0x46,0x00,220,19,220:0046:007A:006D:00D1|221:0046:006A:006B:00D1|222:0046:006A:004E:00D1|223:0046:005A:004C:00D1|224:0046:007A:006C:00C1|225:0046:006A:006A:00C1|226:0046:006A:004D:00C1|227:0046:005A:004B:00C1
round2_phase1,0xFE,3216,0x0002,0x0003,0x0000,0x01,0x0018,0x0000,0x0000,actor_2c8,7,0x10C488,0x01,0x19,0x00,0x00,0x02,0x00,0x00,0x00F5,0x0079,0x004B,0x00,0x46,0x00,210,10,210:4046:007A:006D:00E8|211:4046:006A:006B:00E8|212:4046:006A:004E:00E8|213:4046:005A:004C:00E8|214:4046:007A:006C:00F8|215:4046:006A:006A:00F8|216:4046:006A:004D:00F8|217:4046:005A:004B:00F8
round2_phase1,0xFE,3216,0x0002,0x0003,0x0000,0x01,0x0018,0x0000,0x0000,actor_2c8,8,0x10C4C8,0x01,0x19,0x01,0x00,0x01,0x00,0x00,0x00D1,0x0079,0x004B,0x01,0x46,0x00,220,19,220:4046:007A:006D:00C0|221:4046:006A:006B:00C0|222:4046:006A:004E:00C0|223:4046:005A:004C:00C0|224:4046:007A:006C:00D0|225:4046:006A:006A:00D0|226:4046:006A:004D:00D0|227:4046:005A:004B:00D0
round2_phase1,0xFE,3218,0x0002,0x0003,0x0000,0x01,0x0018,0x0000,0x0000,actor_2c8,7,0x10C488,0x01,0x19,0x00,0x00,0x02,0x00,0x00,0x00EF,0x0079,0x004B,0x00,0x46,0x00,210,10,210:4046:007A:006D:00E2|211:4046:006A:006B:00E2|212:4046:006A:004E:00E2|213:4046:005A:004C:00E2|214:4046:007A:006C:00F2|215:4046:006A:006A:00F2|216:4046:006A:004D:00F2|217:4046:005A:004B:00F2
round2_phase1,0xFE,3220,0x0002,0x0003,0x0000,0x01,0x0018,0x0000,0x0000,actor_2c8,7,0x10C488,0x01,0x18,0x00,0x00,0x02,0x00,0x00,0x00EB,0x0079,0x004B,0x00,0x46,0x00,210,10,210:4046:0079:0069:00DC|211:4046:0069:0067:00DC|212:4046:0069:004E:00DC|213:4046:0059:004C:00DC|214:4046:0079:0068:00EC|215:4046:0069:0063:00EC|216:4046:0069:004D:00EC|217:4046:0059:004B:00EC
round2_phase1,0xFE,3220,0x0002,0x0003,0x0000,0x01,0x0018,0x0000,0x0000,actor_2c8,8,0x10C4C8,0x01,0x18,0x01,0x00,0x01,0x00,0x00,0x00CF,0x0079,0x004B,0x01,0x46,0x00,220,19,220:4046:0079:0069:00BE|221:4046:0069:0067:00BE|222:4046:0069:004E:00BE|223:4046:0059:004C:00BE|224:4046:0079:0068:00CE|225:4046:0069:0063:00CE|226:4046:0069:004D:00CE|227:4046:0059:004B:00CE
round2_phase1,0xFE,3222,0x0002,0x0003,0x0000,0x01,0x0018,0x0000,0x0000,actor_2c8,7,0x10C488,0x01,0x18,0x00,0x00,0x02,0x00,0x00,0x00E5,0x0079,0x004B,0x00,0x46,0x00,210,10,210:4046:0079:0069:00D6|211:4046:0069:0067:00D6|212:4046:0069:004E:00D6|213:4046:0059:004C:00D6|214:4046:0079:0068:00E6|215:4046:0069:0063:00E6|216:4046:0069:004D:00E6|217:4046:0059:004B:00E6
round2_phase1,0xFE,3224,0x0002,0x0003,0x0000,0x01,0x0018,0x0000,0x0000,actor_2c8,7,0x10C488,0x01,0x18,0x00,0x00,0x02,0x00,0x00,0x00DF,0x0079,0x004B,0x00,0x46,0x00,210,10,210:4046:0079:0069:00D0|211:4046:0069:0067:00D0|212:4046:0069:004E:00D0|213:4046:0059:004C:00D0|214:4046:0079:0068:00E0|215:4046:0069:0063:00E0|216:4046:0069:004D:00E0|217:4046:0059:004B:00E0
round2_phase1,0xFE,3224,0x0002,0x0003,0x0000,0x01,0x0018,0x0000,0x0000,actor_2c8,8,0x10C4C8,0x01,0x1C,0x01,0x00,0x1F,0x00,0x00,0x00CB,0x0079,0x004B,0x00,0x46,0x00,220,19,220:4046:0079:0069:00BC|221:4046:0069:0067:00BC|222:4046:0069:004E:00BC|223:4046:0059:004C:00BC|224:4046:0079:0068:00CC|225:4046:0069:0063:00CC|226:4046:0069:004D:00CC|227:4046:0059:004B:00CC
round2_phase1,0xFE,3226,0x0002,0x0003,0x0000,0x01,0x0018,0x0000,0x0000,actor_2c8,7,0x10C488,0x01,0x18,0x00,0x00,0x02,0x00,0x00,0x00D9,0x0079,0x004B,0x00,0x46,0x00,210,10,210:4046:0079:0069:00CA|211:4046:0069:0067:00CA|212:4046:0069:004E:00CA|213:4046:0059:004C:00CA|214:4046:0079:0068:00DA|215:4046:0069:0063:00DA|216:4046:0069:004D:00DA|217:4046:0059:004B:00DA
round2_phase1,0xFE,3226,0x0002,0x0003,0x0000,0x01,0x0018,0x0000,0x0000,actor_2c8,8,0x10C4C8,0x01,0x1C,0x01,0x00,0x1F,0x00,0x00,0x00C7,0x0079,0x004B,0x00,0x46,0x00,220,19,220:0046:007A:0066:00C9|221:0046:006A:0064:00C9|222:0046:006A:0052:00C9|223:0046:005A:0050:00C9|224:0046:007A:0065:00B9|225:0046:006A:0063:00B9|226:0046:006A:0051:00B9|227:0046:005A:004F:00B9|228:0046:006A:0054:00A9|229:0046:005A:0053:00A9
round2_phase1,0xFE,3228,0x0002,0x0003,0x0000,0x01,0x0018,0x0000,0x0000,actor_2c8,7,0x10C488,0x01,0x17,0x00,0x00,0x02,0x00,0x00,0x00D3,0x0079,0x004B,0x00,0x46,0x00,210,10,210:4046:007A:0066:00C4|211:4046:006A:0064:00C4|212:4046:006A:004E:00C4|213:4046:005A:004C:00C4|214:4046:007A:0065:00D4|215:4046:006A:0063:00D4|216:4046:006A:004D:00D4|217:4046:005A:004B:00D4
round2_phase1,0xFE,3228,0x0002,0x0003,0x0000,0x01,0x0018,0x0000,0x0000,actor_2c8,8,0x10C4C8,0x01,0x1D,0x01,0x00,0x1F,0x00,0x00,0x00C3,0x0079,0x004B,0x00,0x46,0x00,220,19,220:0046:007A:0066:00C5|221:0046:006A:0064:00C5|222:0046:006A:0058:00C5|223:0046:005A:0056:00C5|224:0046:007A:0065:00B5|225:0046:006A:0063:00B5|226:0046:006A:0057:00B5|227:0046:005A:0055:00B5
round2_phase1,0xFE,3230,0x0002,0x0003,0x0000,0x01,0x0018,0x0000,0x0000,actor_2c8,7,0x10C488,0x01,0x17,0x01,0x00,0x01,0x00,0x00,0x00D3,0x0079,0x004B,0x01,0x46,0x00,210,10,210:0046:007A:0066:00D1|211:0046:006A:0064:00D1|212:0046:006A:004E:00D1|213:0046:005A:004C:00D1|214:0046:007A:0065:00C1|215:0046:006A:0063:00C1|216:0046:006A:004D:00C1|217:0046:005A:004B:00C1
round2_phase1,0xFE,3230,0x0002,0x0003,0x0000,0x01,0x0018,0x0000,0x0000,actor_2c8,8,0x10C4C8,0x01,0x1E,0x01,0x00,0x1F,0x00,0x00,0x00C1,0x0079,0x004B,0x00,0x46,0x00,220,19,220:0046:007A:0066:00C1|221:0046:006A:0064:00C1|222:0046:006A:0058:00C1|223:0046:005A:0056:00C1|224:0046:007A:0065:00B1|225:0046:006A:0063:00B1|226:0046:006A:0057:00B1|227:0046:005A:0055:00B1
round2_phase1,0xFE,3232,0x0002,0x0003,0x0000,0x01,0x0018,0x0000,0x0000,actor_2c8,6,0x10C448,0x01,0xB6,0x00,0x00,0x02,0x00,0x00,0x0147,0x0079,0x0400,0x00,0x4E,0x01,200,10,200:404E:0069:0404:0136|201:404E:0079:0405:0136|202:404E:0079:0406:0146
round2_phase1,0xFE,3232,0x0002,0x0003,0x0000,0x01,0x0018,0x0000,0x0000,actor_2c8,8,0x10C4C8,0x01,0x1E,0x01,0x00,0x1F,0x00,0x00,0x00C1,0x0079,0x004B,0x00,0x46,0x00,220,19,220:0046:007A:0066:00C1|221:0046:006A:0064:00C1|222:0046:006A:005C:00C1|223:0046:005A:005A:00C1|224:0046:007A:0065:00B1|225:0046:006A:0063:00B1|226:0046:006A:005B:00B1|227:0046:005A:0059:00B1
round2_phase1,0xFE,3234,0x0002,0x0003,0x0000,0x01,0x0018,0x0000,0x0000,actor_2c8,6,0x10C448,0x01,0xB6,0x00,0x00,0x02,0x00,0x00,0x0145,0x0079,0x0400,0x00,0x4E,0x01,200,10,200:404E:0069:0404:0134|201:404E:0079:0405:0134|202:404E:0079:0406:0144
round2_phase1,0xFE,3234,0x0002,0x0003,0x0000,0x01,0x0018,0x0000,0x0000,actor_2c8,7,0x10C488,0x01,0x17,0x01,0x00,0x0F,0x00,0x00,0x00D9,0x0079,0x004B,0x01,0x46,0x00,210,10,210:4046:007A:0066:00C8|211:4046:006A:0064:00C8|212:4046:006A:004E:00C8|213:4046:005A:004C:00C8|214:4046:007A:0065:00D8|215:4046:006A:0063:00D8|216:4046:006A:004D:00D8|217:4046:005A:004B:00D8
round2_phase1,0xFE,3234,0x0002,0x0003,0x0000,0x01,0x0018,0x0000,0x0000,actor_2c8,8,0x10C4C8,0x01,0x1F,0x01,0x00,0x0F,0x00,0x00,0x00C1,0x0079,0x004B,0x00,0x46,0x00,220,19,220:0046:007A:0066:00C1|221:0046:006A:0064:00C1|222:0046:006A:0060:00C1|223:0046:005A:005E:00C1|224:0046:007A:0065:00B1|225:0046:006A:0063:00B1|226:0046:006A:005F:00B1|227:0046:005A:005D:00B1|228:0046:0062:0061:00D1|229:0046:0062:0062:00E1
round2_phase1,0xFE,3236,0x0002,0x0003,0x0000,0x01,0x0018,0x0000,0x0000,actor_2c8,6,0x10C448,0x01,0xB7,0x00,0x00,0x02,0x00,0x00,0x0143,0x0079,0x0400,0x00,0x4E,0x01,200,10,200:404E:0069:0407:0132|201:404E:0079:0408:0132|202:404E:0079:0409:0142
round2_phase1,0xFE,3236,0x0002,0x0003,0x0000,0x01,0x0018,0x0000,0x0000,actor_2c8,7,0x10C488,0x01,0x0D,0x01,0x00,0x0F,0x00,0x00,0x00D9,0x0079,0x0A73,0x00,0x06,0x02,210,10,210:0000:0081:0A83:00E1|211:0000:0071:0A80:00E1|212:0000:0061:0A7D:00E1|213:0000:0081:0A82:00D1|214:0000:0071:0A7F:00D1|215:0000:0061:0A7C:00D1|216:0000:0081:0A81:00C1|217:0000:0071:0A7E:00C1|218:0000:0061:0A7B:00C1
round2_phase1,0xFE,3236,0x0002,0x0003,0x0000,0x01,0x0018,0x0000,0x0000,actor_2c8,8,0x10C4C8,0x01,0x0D,0x01,0x00,0x0F,0x00,0x00,0x00C1,0x0079,0x0A73,0x00,0x06,0x02,220,19,220:0000:0081:0A83:00C9|221:0000:0071:0A80:00C9|222:0000:0061:0A7D:00C9|223:0000:0081:0A82:00B9|224:0000:0071:0A7F:00B9|225:0000:0061:0A7C:00B9|226:0000:0081:0A81:00A9|227:0000:0071:0A7E:00A9|228:0000:0061:0A7B:00A9
round2_phase1,0xFE,3238,0x0002,0x0003,0x0000,0x01,0x0018,0x0000,0x0000,actor_2c8,6,0x10C448,0x01,0xB7,0x00,0x00,0x02,0x00,0x00,0x0141,0x0079,0x0400,0x00,0x4E,0x01,200,10,200:404E:0069:0407:0130|201:404E:0079:0408:0130|202:404E:0079:0409:0140
round2_phase1,0xFE,3238,0x0002,0x0003,0x0000,0x01,0x0018,0x0000,0x0000,actor_2c8,7,0x10C488,0x01,0x0C,0x01,0x00,0x0F,0x00,0x00,0x00D9,0x0079,0x0A73,0x00,0x06,0x02,210,10,210:0000:0081:0A83:00E1|211:0000:0071:0A80:00E1|212:0000:0061:0A7D:00E1|213:0000:0081:0A82:00D1|214:0000:0071:0A7F:00D1|215:0000:0061:0A7C:00D1|216:0000:0081:0A81:00C1|217:0000:0071:0A7E:00C1|218:0000:0061:0A7B:00C1
round2_phase1,0xFE,3238,0x0002,0x0003,0x0000,0x01,0x0018,0x0000,0x0000,actor_2c8,8,0x10C4C8,0x01,0x0C,0x01,0x00,0x0F,0x00,0x00,0x00C1,0x0079,0x0A73,0x00,0x06,0x02,220,19,220:0000:0081:0A83:00C9|221:0000:0071:0A80:00C9|222:0000:0061:0A7D:00C9|223:0000:0081:0A82:00B9|224:0000:0071:0A7F:00B9|225:0000:0061:0A7C:00B9|226:0000:0081:0A81:00A9|227:0000:0071:0A7E:00A9|228:0000:0061:0A7B:00A9
round2_phase1,0xFE,3240,0x0002,0x0003,0x0000,0x01,0x0018,0x0000,0x0000,actor_2c8,6,0x10C448,0x01,0xB6,0x00,0x00,0x02,0x00,0x00,0x013F,0x0079,0x0400,0x00,0x4E,0x01,200,10,200:404E:0069:0404:0130|201:404E:0079:0405:0130|202:404E:0079:0406:0140
round2_phase1,0xFE,3240,0x0002,0x0003,0x0000,0x01,0x0018,0x0000,0x0000,actor_2c8,7,0x10C488,0x01,0x0C,0x01,0x00,0x0F,0x00,0x00,0x00D9,0x0079,0x0A73,0x00,0x06,0x02,210,10,210:0000:0079:0A7A:00D9|211:0000:0069:0A78:00D9|212:0000:0079:0A79:00C9|213:0000:0069:0A77:00C9
round2_phase1,0xFE,3240,0x0002,0x0003,0x0000,0x01,0x0018,0x0000,0x0000,actor_2c8,8,0x10C4C8,0x01,0x0C,0x01,0x00,0x0F,0x00,0x00,0x00C1,0x0079,0x0A73,0x00,0x06,0x02,220,19,220:0000:0079:0A7A:00C1|221:0000:0069:0A78:00C1|222:0000:0079:0A79:00B1|223:0000:0069:0A77:00B1
round2_phase1,0xFE,3242,0x0002,0x0003,0x0000,0x01,0x0018,0x0000,0x0000,actor_2c8,6,0x10C448,0x01,0xB6,0x00,0x00,0x02,0x00,0x00,0x013D,0x0079,0x0400,0x00,0x4E,0x01,200,10,200:404E:0069:0404:012E|201:404E:0079:0405:012E|202:404E:0079:0406:013E
round2_phase1,0xFE,3242,0x0002,0x0003,0x0000,0x01,0x0018,0x0000,0x0000,actor_2c8,7,0x10C488,0x01,0x0B,0x01,0x00,0x0F,0x00,0x00,0x00D9,0x0079,0x0A73,0x00,0x06,0x02,210,10,210:0000:0079:0A76:00D9|211:0000:0069:0A74:00D9|212:0000:0079:0A75:00C9|213:0000:0069:0A73:00C9
round2_phase1,0xFE,3242,0x0002,0x0003,0x0000,0x01,0x0018,0x0000,0x0000,actor_2c8,8,0x10C4C8,0x01,0x0B,0x01,0x00,0x0F,0x00,0x00,0x00C1,0x0079,0x0A73,0x00,0x06,0x02,220,19,220:0000:0079:0A76:00C1|221:0000:0069:0A74:00C1|222:0000:0079:0A75:00B1|223:0000:0069:0A73:00B1
round2_phase1,0xFE,3244,0x0002,0x0003,0x0000,0x01,0x0018,0x0000,0x0000,actor_2c8,6,0x10C448,0x01,0xB5,0x00,0x00,0x02,0x00,0x00,0x013B,0x0079,0x0400,0x00,0x4E,0x01,200,10,200:404E:0069:0400:012C|201:404E:0069:0403:013C|202:404E:0079:0401:012C|203:404E:0079:0402:013C
round2_phase1,0xFE,3244,0x0002,0x0003,0x0000,0x01,0x0018,0x0000,0x0000,actor_2c8,7,0x10C488,0x01,0x0C,0x01,0x00,0x0F,0x00,0x00,0x00D9,0x0079,0x0A73,0x00,0x06,0x02,210,10,210:0000:0079:0A76:00D9|211:0000:0069:0A74:00D9|212:0000:0079:0A75:00C9|213:0000:0069:0A73:00C9
round2_phase1,0xFE,3244,0x0002,0x0003,0x0000,0x01,0x0018,0x0000,0x0000,actor_2c8,8,0x10C4C8,0x01,0x0C,0x01,0x00,0x0F,0x00,0x00,0x00C1,0x0079,0x0A73,0x00,0x06,0x02,220,19,220:0000:0079:0A76:00C1|221:0000:0069:0A74:00C1|222:0000:0079:0A75:00B1|223:0000:0069:0A73:00B1
round2_phase1,0xFE,3246,0x0002,0x0003,0x0000,0x01,0x0018,0x0000,0x0000,actor_2c8,6,0x10C448,0x01,0xB5,0x00,0x00,0x02,0x00,0x00,0x0139,0x0079,0x0400,0x00,0x4E,0x01,200,10,200:404E:0069:0400:012A|201:404E:0069:0403:013A|202:404E:0079:0401:012A|203:404E:0079:0402:013A
round2_phase1,0xFE,3248,0x0002,0x0003,0x0000,0x01,0x0018,0x0000,0x0000,actor_2c8,6,0x10C448,0x01,0xB6,0x00,0x00,0x02,0x00,0x00,0x0139,0x0079,0x0400,0x00,0x4E,0x01,200,10,200:404E:0069:0404:0128|201:404E:0079:0405:0128|202:404E:0079:0406:0138
round2_phase1,0xFE,3250,0x0002,0x0003,0x0000,0x01,0x0018,0x0000,0x0000,actor_2c8,6,0x10C448,0x01,0xB6,0x00,0x00,0x02,0x00,0x00,0x0137,0x0079,0x0400,0x00,0x4E,0x01,200,10,200:404E:0069:0404:0126|201:404E:0079:0405:0126|202:404E:0079:0406:0136
round2_phase1,0xFE,3250,0x0002,0x0003,0x0000,0x01,0x0018,0x0000,0x0000,actor_2c8,7,0x10C488,0x01,0x0E,0x01,0x00,0x0F,0x00,0x00,0x00D9,0x0079,0x0A73,0x00,0x06,0x02,210,10,210:0000:0081:0A83:00E1|211:0000:0071:0A80:00E1|212:0000:0061:0A7D:00E1|213:0000:0081:0A82:00D1|214:0000:0071:0A7F:00D1|215:0000:0061:0A7C:00D1|216:0000:0081:0A81:00C1|217:0000:0071:0A7E:00C1|218:0000:0061:0A7B:00C1
round2_phase1,0xFE,3250,0x0002,0x0003,0x0000,0x01,0x0018,0x0000,0x0000,actor_2c8,8,0x10C4C8,0x01,0x0E,0x01,0x00,0x0F,0x00,0x00,0x00C1,0x0079,0x0A73,0x00,0x06,0x02,220,19,220:0000:0081:0A83:00C9|221:0000:0071:0A80:00C9|222:0000:0061:0A7D:00C9|223:0000:0081:0A82:00B9|224:0000:0071:0A7F:00B9|225:0000:0061:0A7C:00B9|226:0000:0081:0A81:00A9|227:0000:0071:0A7E:00A9|228:0000:0061:0A7B:00A9
round2_phase1,0xFE,3252,0x0002,0x0003,0x0000,0x01,0x0018,0x0000,0x0000,actor_2c8,6,0x10C448,0x01,0xB7,0x00,0x00,0x02,0x00,0x00,0x0134,0x0079,0x0400,0x00,0x4E,0x01,200,10,200:404E:0069:0407:0124|201:404E:0079:0408:0124|202:404E:0079:0409:0134
round2_phase1,0xFE,3252,0x0002,0x0003,0x0000,0x01,0x0018,0x0000,0x0000,actor_2c8,7,0x10C488,0x01,0x0E,0x01,0x00,0x0F,0x00,0x00,0x00D8,0x0079,0x0A73,0x00,0x06,0x02,210,10,210:0000:0081:0A8C:00E1|211:0000:0071:0A89:00E1|212:0000:0061:0A86:00E1|213:0000:0081:0A8B:00D1|214:0000:0071:0A88:00D1|215:0000:0061:0A85:00D1|216:0000:0081:0A8A:00C1|217:0000:0071:0A87:00C1|218:0000:0061:0A84:00C1
round2_phase1,0xFE,3252,0x0002,0x0003,0x0000,0x01,0x0018,0x0000,0x0000,actor_2c8,8,0x10C4C8,0x01,0x0E,0x01,0x00,0x0F,0x00,0x00,0x00C0,0x0079,0x0A73,0x00,0x06,0x02,220,19,220:0000:0081:0A8C:00C9|221:0000:0071:0A89:00C9|222:0000:0061:0A86:00C9|223:0000:0081:0A8B:00B9|224:0000:0071:0A88:00B9|225:0000:0061:0A85:00B9|226:0000:0081:0A8A:00A9|227:0000:0071:0A87:00A9|228:0000:0061:0A84:00A9
round2_phase1,0xFE,3254,0x0002,0x0003,0x0000,0x01,0x0018,0x0000,0x0000,actor_2c8,6,0x10C448,0x01,0xB7,0x00,0x00,0x02,0x00,0x00,0x0130,0x0079,0x0400,0x00,0x4E,0x01,200,10,200:404E:0069:0407:0120|201:404E:0079:0408:0120|202:404E:0079:0409:0130
round2_phase1,0xFE,3254,0x0002,0x0003,0x0000,0x01,0x0018,0x0000,0x0000,actor_2c8,7,0x10C488,0x01,0x0F,0x01,0x00,0x0F,0x00,0x00,0x00D6,0x0079,0x0A73,0x00,0x06,0x02,210,10,210:0000:0081:0A94:00DF|211:0000:0071:0A91:00DF|212:0000:0061:0A8F:00DF|213:0000:0081:0A93:00CF|214:0000:0061:0A8E:00CF|215:0000:0081:0A92:00BF|216:0000:0071:0A90:00BF|217:0000:0061:0A8D:00BF
round2_phase1,0xFE,3254,0x0002,0x0003,0x0000,0x01,0x0018,0x0000,0x0000,actor_2c8,8,0x10C4C8,0x01,0x0F,0x01,0x00,0x0F,0x00,0x00,0x00BE,0x0079,0x0A73,0x00,0x06,0x02,220,19,220:0000:0081:0A94:00C7|221:0000:0071:0A91:00C7|222:0000:0061:0A8F:00C7|223:0000:0081:0A93:00B7|224:0000:0061:0A8E:00B7|225:0000:0081:0A92:00A7|226:0000:0071:0A90:00A7|227:0000:0061:0A8D:00A7
round2_phase1,0xFE,3256,0x0002,0x0003,0x0000,0x01,0x0018,0x0000,0x0000,actor_2c8,6,0x10C448,0x01,0xB6,0x00,0x00,0x02,0x00,0x00,0x012C,0x0079,0x0400,0x00,0x4E,0x01,200,10,200:404E:0069:0404:011C|201:404E:0079:0405:011C|202:404E:0079:0406:012C
round2_phase1,0xFE,3256,0x0002,0x0003,0x0000,0x01,0x0018,0x0000,0x0000,actor_2c8,7,0x10C488,0x01,0x10,0x01,0x00,0x0F,0x00,0x00,0x00D4,0x0079,0x0A73,0x00,0x06,0x02,210,10,210:0000:0081:0A94:00DD|211:0000:0071:0A91:00DD|212:0000:0061:0A8F:00DD|213:0000:0081:0A93:00CD|214:0000:0061:0A8E:00CD|215:0000:0081:0A92:00BD|216:0000:0071:0A90:00BD|217:0000:0061:0A8D:00BD
round2_phase1,0xFE,3256,0x0002,0x0003,0x0000,0x01,0x0018,0x0000,0x0000,actor_2c8,8,0x10C4C8,0x01,0x10,0x01,0x00,0x0F,0x00,0x00,0x00BC,0x0079,0x0A73,0x00,0x06,0x02,220,19,220:0000:0081:0A94:00C5|221:0000:0071:0A91:00C5|222:0000:0061:0A8F:00C5|223:0000:0081:0A93:00B5|224:0000:0061:0A8E:00B5|225:0000:0081:0A92:00A5|226:0000:0071:0A90:00A5|227:0000:0061:0A8D:00A5
round2_phase1,0xFE,3258,0x0002,0x0003,0x0000,0x01,0x0018,0x0000,0x0000,actor_2c8,6,0x10C448,0x01,0xB6,0x00,0x00,0x02,0x00,0x00,0x0128,0x0079,0x0400,0x00,0x4E,0x01,200,10,200:404E:0069:0404:011A|201:404E:0079:0405:011A|202:404E:0079:0406:012A
round2_phase1,0xFE,3258,0x0002,0x0003,0x0000,0x01,0x0018,0x0000,0x0000,actor_2c8,7,0x10C488,0x01,0x10,0x01,0x00,0x0F,0x00,0x00,0x00D2,0x0079,0x0A73,0x00,0x06,0x02,210,10,210:0000:0081:0A9D:00DB|211:0000:0071:0A9A:00DB|212:0000:0061:0A97:00DB|213:0000:0081:0A9C:00CB|214:0000:0071:0A99:00CB|215:0000:0061:0A96:00CB|216:0000:0081:0A9B:00BB|217:0000:0071:0A98:00BB|218:0000:0061:0A95:00BB
round2_phase1,0xFE,3258,0x0002,0x0003,0x0000,0x01,0x0018,0x0000,0x0000,actor_2c8,8,0x10C4C8,0x01,0x10,0x01,0x00,0x0F,0x00,0x00,0x00BA,0x0079,0x0A73,0x00,0x06,0x02,220,19,220:0000:0081:0A9D:00C3|221:0000:0071:0A9A:00C3|222:0000:0061:0A97:00C3|223:0000:0081:0A9C:00B3|224:0000:0071:0A99:00B3|225:0000:0061:0A96:00B3|226:0000:0081:0A9B:00A3|227:0000:0071:0A98:00A3|228:0000:0061:0A95:00A3
round2_phase1,0xFE,3260,0x0002,0x0003,0x0000,0x01,0x0018,0x0000,0x0000,actor_2c8,6,0x10C448,0x01,0xB5,0x00,0x00,0x02,0x00,0x00,0x0124,0x0079,0x0400,0x00,0x4E,0x01,200,10,200:404E:0069:0400:0116|201:404E:0069:0403:0126|202:404E:0079:0401:0116|203:404E:0079:0402:0126
round2_phase1,0xFE,3260,0x0002,0x0003,0x0000,0x01,0x0018,0x0000,0x0000,actor_2c8,7,0x10C488,0x01,0x11,0x01,0x00,0x0F,0x00,0x00,0x00D0,0x0079,0x0A73,0x00,0x06,0x02,210,10,210:0000:0079:0AA1:00D1|211:0000:0069:0A9F:00D1|212:0000:0079:0AA0:00C1|213:0000:0069:0A9E:00C1
round2_phase1,0xFE,3260,0x0002,0x0003,0x0000,0x01,0x0018,0x0000,0x0000,actor_2c8,8,0x10C4C8,0x01,0x11,0x01,0x00,0x0F,0x00,0x00,0x00B8,0x0079,0x0A73,0x00,0x06,0x02,220,19,220:0000:0079:0AA1:00B9|221:0000:0069:0A9F:00B9|222:0000:0079:0AA0:00A9|223:0000:0069:0A9E:00A9
round2_phase1,0xFE,3262,0x0002,0x0003,0x0000,0x01,0x0018,0x0000,0x0000,actor_2c8,6,0x10C448,0x01,0xB5,0x00,0x00,0x02,0x00,0x00,0x0120,0x0079,0x0400,0x00,0x4E,0x01,200,10,200:404E:0069:0400:0112|201:404E:0069:0403:0122|202:404E:0079:0401:0112|203:404E:0079:0402:0122
round2_phase1,0xFE,3262,0x0002,0x0003,0x0000,0x01,0x0018,0x0000,0x0000,actor_2c8,7,0x10C488,0x01,0x12,0x01,0x00,0x0F,0x00,0x00,0x00CE,0x0079,0x0A73,0x00,0x06,0x02,210,10,210:0000:0079:0AA1:00CF|211:0000:0069:0A9F:00CF|212:0000:0079:0AA0:00BF|213:0000:0069:0A9E:00BF
round2_phase1,0xFE,3262,0x0002,0x0003,0x0000,0x01,0x0018,0x0000,0x0000,actor_2c8,8,0x10C4C8,0x01,0x12,0x01,0x00,0x0F,0x00,0x00,0x00B6,0x0079,0x0A73,0x00,0x06,0x02,220,19,220:0000:0079:0AA1:00B7|221:0000:0069:0A9F:00B7|222:0000:0079:0AA0:00A7|223:0000:0069:0A9E:00A7
round2_phase1,0xFE,3264,0x0002,0x0003,0x0000,0x01,0x0018,0x0000,0x0000,actor_2c8,6,0x10C448,0x01,0xB6,0x00,0x00,0x02,0x00,0x00,0x011C,0x0079,0x0400,0x00,0x4E,0x01,200,10,200:404E:0069:0404:010E|201:404E:0079:0405:010E|202:404E:0079:0406:011E
round2_phase1,0xFE,3264,0x0002,0x0003,0x0000,0x01,0x0018,0x0000,0x0000,actor_2c8,7,0x10C488,0x01,0x12,0x01,0x00,0x0F,0x00,0x00,0x00CC,0x0079,0x0A73,0x00,0x06,0x02,210,10,210:0000:0071:0AA2:00C5
round2_phase1,0xFE,3264,0x0002,0x0003,0x0000,0x01,0x0018,0x0000,0x0000,actor_2c8,8,0x10C4C8,0x01,0x12,0x01,0x00,0x0F,0x00,0x00,0x00B4,0x0079,0x0A73,0x00,0x06,0x02,220,19,220:0000:0071:0AA2:00AD
round2_phase1,0xFE,3266,0x0002,0x0003,0x0000,0x01,0x0018,0x0000,0x0000,actor_2c8,6,0x10C448,0x01,0xB6,0x00,0x00,0x02,0x00,0x00,0x011A,0x0079,0x0400,0x00,0x4E,0x01,200,10,200:404E:0069:0404:010A|201:404E:0079:0405:010A|202:404E:0079:0406:011A
round2_phase1,0xFE,3268,0x0002,0x0003,0x0000,0x01,0x0018,0x0000,0x0000,actor_2c8,6,0x10C448,0x01,0xB7,0x00,0x00,0x02,0x00,0x00,0x0114,0x0079,0x0400,0x00,0x4E,0x01,200,10,200:404E:0069:0407:0105|201:404E:0079:0408:0105|202:404E:0079:0409:0115
round2_phase1,0xFE,3276,0x0002,0x0003,0x0000,0x01,0x0018,0x0000,0x0000,actor_2c8,6,0x10C448,0x01,0xB5,0x00,0x00,0x02,0x00,0x00,0x00FC,0x0079,0x0400,0x00,0x4E,0x01,200,10,200:404E:0069:0400:00EF|201:404E:0069:0403:00FF|202:404E:0079:0401:00EF|203:404E:0079:0402:00FF
round2_phase1,0xFE,3284,0x0002,0x0003,0x0000,0x01,0x0018,0x0000,0x0000,actor_2c8,6,0x10C448,0x01,0xB7,0x00,0x00,0x02,0x00,0x00,0x00E6,0x0079,0x0400,0x00,0x4E,0x01,200,10,200:404E:0069:0407:00D7|201:404E:0079:0408:00D7|202:404E:0079:0409:00E7
round2_phase1,0xFE,3288,0x0002,0x0003,0x0000,0x01,0x0018,0x0000,0x0000,actor_2c8,6,0x10C448,0x01,0xB6,0x00,0x00,0x02,0x00,0x00,0x00DA,0x0079,0x0400,0x00,0x4E,0x01,200,10,200:404E:0069:0404:00CB|201:404E:0079:0405:00CB|202:404E:0079:0406:00DB
round2_phase1,0xFE,3290,0x0002,0x0003,0x0000,0x01,0x0018,0x0000,0x0000,actor_2c8,6,0x10C448,0x01,0xB6,0x00,0x00,0x02,0x00,0x00,0x00D4,0x0079,0x0400,0x00,0x4E,0x01,200,10,200:404E:0069:0404:00C5|201:404E:0079:0405:00C5|202:404E:0079:0406:00D5
round2_phase1,0xFE,3292,0x0002,0x0003,0x0000,0x01,0x0018,0x0000,0x0000,actor_2c8,6,0x10C448,0x01,0xB5,0x00,0x00,0x02,0x00,0x00,0x00CE,0x0079,0x0400,0x00,0x4E,0x01,200,10,200:404E:0069:0400:00BF|201:404E:0069:0403:00CF|202:404E:0079:0401:00BF|203:404E:0079:0402:00CF
round2_phase1,0xFE,3294,0x0002,0x0003,0x0000,0x01,0x0018,0x0000,0x0000,actor_2c8,6,0x10C448,0x01,0xB5,0x00,0x00,0x1F,0x00,0x00,0x00CE,0x0079,0x0400,0x00,0x4E,0x01,200,10,200:404E:0069:0400:00BD|201:404E:0069:0403:00CD|202:404E:0079:0401:00BD|203:404E:0079:0402:00CD
round2_phase1,0xFE,3298,0x0002,0x0003,0x0000,0x01,0x0018,0x0000,0x0000,actor_2c8,6,0x10C448,0x01,0x0D,0x00,0x00,0x0F,0x00,0x00,0x00CE,0x0079,0x0A73,0x00,0x0E,0x02,200,10,200:404E:0069:040A:00AD|201:404E:0079:040B:00AD|202:404E:0079:040C:00BD|203:404E:0079:040D:00CD
round2_phase1,0xFE,3300,0x0002,0x0003,0x0000,0x01,0x0018,0x0000,0x0000,actor_2c8,6,0x10C448,0x01,0x0D,0x00,0x00,0x0F,0x00,0x00,0x00CE,0x0079,0x0A73,0x00,0x0E,0x02,200,10,200:4000:0081:0A83:00B5|201:4000:0071:0A80:00B5|202:4000:0061:0A7D:00B5|203:4000:0081:0A82:00C5|204:4000:0071:0A7F:00C5|205:4000:0061:0A7C:00C5|206:4000:0081:0A81:00D5|207:4000:0071:0A7E:00D5|208:4000:0061:0A7B:00D5
round2_phase1,0xFE,3302,0x0002,0x0003,0x0000,0x01,0x0018,0x0000,0x0000,actor_2c8,6,0x10C448,0x01,0x0C,0x00,0x00,0x0F,0x00,0x00,0x00CD,0x0079,0x0A73,0x00,0x0E,0x02,200,10,200:4000:0079:0A7A:00BD|201:4000:0069:0A78:00BD|202:4000:0079:0A79:00CD|203:4000:0069:0A77:00CD
round2_phase1,0xFE,3304,0x0002,0x0003,0x0000,0x01,0x0018,0x0000,0x0000,actor_2c8,6,0x10C448,0x01,0x0B,0x00,0x00,0x0F,0x00,0x00,0x00CB,0x0079,0x0A73,0x00,0x0E,0x02,200,10,200:4000:0079:0A7A:00BB|201:4000:0069:0A78:00BB|202:4000:0079:0A79:00CB|203:4000:0069:0A77:00CB
round2_phase1,0xFE,3306,0x0002,0x0003,0x0000,0x01,0x0018,0x0000,0x0000,actor_2c8,6,0x10C448,0x01,0x0B,0x00,0x00,0x0F,0x00,0x00,0x00C9,0x0079,0x0A73,0x00,0x0E,0x02,200,10,200:4000:0079:0A76:00B9|201:4000:0069:0A74:00B9|202:4000:0079:0A75:00C9|203:4000:0069:0A73:00C9
round2_phase1,0xFE,3308,0x0002,0x0003,0x0000,0x01,0x0018,0x0000,0x0000,actor_2c8,6,0x10C448,0x01,0x0C,0x00,0x00,0x0F,0x00,0x00,0x00C7,0x0079,0x0A73,0x00,0x0E,0x02,200,10,200:4000:0079:0A7A:00B7|201:4000:0069:0A78:00B7|202:4000:0079:0A79:00C7|203:4000:0069:0A77:00C7
round2_phase1,0xFE,3310,0x0002,0x0003,0x0000,0x01,0x0018,0x0000,0x0000,actor_2c8,6,0x10C448,0x01,0x0D,0x00,0x00,0x0F,0x00,0x00,0x00C5,0x0079,0x0A73,0x00,0x0E,0x02,200,10,200:4000:0079:0A7A:00B5|201:4000:0069:0A78:00B5|202:4000:0079:0A79:00C5|203:4000:0069:0A77:00C5
round2_phase1,0xFE,3312,0x0002,0x0003,0x0000,0x01,0x0018,0x0000,0x0000,actor_2c8,6,0x10C448,0x01,0x0D,0x00,0x00,0x0F,0x00,0x00,0x00C3,0x0079,0x0A73,0x00,0x0E,0x02,200,10,200:4000:0081:0A83:00AB|201:4000:0071:0A80:00AB|202:4000:0061:0A7D:00AB|203:4000:0081:0A82:00BB|204:4000:0071:0A7F:00BB|205:4000:0061:0A7C:00BB|206:4000:0081:0A81:00CB|207:4000:0071:0A7E:00CB|208:4000:0061:0A7B:00CB
round2_phase1,0xFE,3314,0x0002,0x0003,0x0000,0x01,0x0018,0x0000,0x0000,actor_2c8,6,0x10C448,0x01,0x0E,0x00,0x00,0x0F,0x00,0x00,0x00C1,0x0079,0x0A73,0x00,0x0E,0x02,200,10,200:4000:0081:0A8C:00A9|201:4000:0071:0A89:00A9|202:4000:0061:0A86:00A9|203:4000:0081:0A8B:00B9|204:4000:0071:0A88:00B9|205:4000:0061:0A85:00B9|206:4000:0081:0A8A:00C9|207:4000:0071:0A87:00C9|208:4000:0061:0A84:00C9
round2_phase1,0xFE,3316,0x0002,0x0003,0x0000,0x01,0x0018,0x0000,0x0000,actor_2c8,6,0x10C448,0x01,0x0F,0x00,0x00,0x0F,0x00,0x00,0x00BF,0x0079,0x0A73,0x00,0x0E,0x02,200,10,200:4000:0081:0A8C:00A7|201:4000:0071:0A89:00A7|202:4000:0061:0A86:00A7|203:4000:0081:0A8B:00B7|204:4000:0071:0A88:00B7|205:4000:0061:0A85:00B7|206:4000:0081:0A8A:00C7|207:4000:0071:0A87:00C7|208:4000:0061:0A84:00C7
round2_phase1,0xFE,3318,0x0002,0x0003,0x0000,0x01,0x0018,0x0000,0x0000,actor_2c8,6,0x10C448,0x01,0x0F,0x00,0x00,0x0F,0x00,0x00,0x00BB,0x0079,0x0A73,0x00,0x0E,0x02,200,10,200:4000:0081:0A94:00A4|201:4000:0071:0A91:00A4|202:4000:0061:0A8F:00A4|203:4000:0081:0A93:00B4|204:4000:0061:0A8E:00B4|205:4000:0081:0A92:00C4|206:4000:0071:0A90:00C4|207:4000:0061:0A8D:00C4
round2_phase1,0xFE,3320,0x0002,0x0003,0x0000,0x01,0x0018,0x0000,0x0000,actor_2c8,6,0x10C448,0x01,0x10,0x00,0x00,0x0F,0x00,0x00,0x00B7,0x0079,0x0A73,0x00,0x0E,0x02,200,10,200:4000:0081:0A9D:00A0|201:4000:0071:0A9A:00A0|202:4000:0061:0A97:00A0|203:4000:0081:0A9C:00B0|204:4000:0071:0A99:00B0|205:4000:0061:0A96:00B0|206:4000:0081:0A9B:00C0|207:4000:0071:0A98:00C0|208:4000:0061:0A95:00C0
round2_phase1,0xFE,3322,0x0002,0x0003,0x0000,0x01,0x0018,0x0000,0x0000,actor_2c8,6,0x10C448,0x01,0x11,0x00,0x00,0x0F,0x00,0x00,0x00B3,0x0079,0x0A73,0x00,0x0E,0x02,200,10,200:4000:0081:0A9D:009C|201:4000:0071:0A9A:009C|202:4000:0061:0A97:009C|203:4000:0081:0A9C:00AC|204:4000:0071:0A99:00AC|205:4000:0061:0A96:00AC|206:4000:0081:0A9B:00BC|207:4000:0071:0A98:00BC|208:4000:0061:0A95:00BC
round2_phase1,0xFE,3324,0x0002,0x0003,0x0000,0x01,0x0018,0x0000,0x0000,actor_2c8,6,0x10C448,0x01,0x11,0x00,0x00,0x0F,0x00,0x00,0x00AF,0x0079,0x0A73,0x00,0x0E,0x02,200,10,200:4000:0079:0AA1:00A0|201:4000:0069:0A9F:00A0|202:4000:0079:0AA0:00B0|203:4000:0069:0A9E:00B0
round2_phase1,0xFE,3326,0x0002,0x0003,0x0000,0x01,0x0018,0x0000,0x0000,actor_2c8,6,0x10C448,0x01,0x12,0x00,0x00,0x0F,0x00,0x00,0x00AB,0x0079,0x0A73,0x00,0x0E,0x02,200,10,200:4000:0071:0AA2:00A4
round2_phase1,0xFE,3400,0x0002,0x0003,0x0000,0x01,0x0018,0x0000,0x0000,actor_2c8,5,0x10C408,0x01,0x18,0x01,0x00,0x01,0x00,0x00,0x01FF,0x0079,0x004B,0x00,0x46,0x00,190,10,190:0046:0079:0069:01FF|191:0046:0069:0067:01FF|192:0046:0069:004E:01FF|193:0046:0059:004C:01FF|194:0046:0079:0068:01EF|195:0046:0069:0063:01EF|196:0046:0069:004D:01EF|197:0046:0059:004B:01EF
round2_phase1,0xFE,3402,0x0002,0x0003,0x0000,0x01,0x0018,0x0000,0x0000,actor_2c8,5,0x10C408,0x01,0x18,0x01,0x00,0x01,0x00,0x00,0x0201,0x0079,0x004B,0x00,0x46,0x00,190,10,190:0046:0079:0069:0201|191:0046:0069:0067:0201|192:0046:0069:004E:0201|193:0046:0059:004C:0201|194:0046:0079:0068:01F1|195:0046:0069:0063:01F1|196:0046:0069:004D:01F1|197:0046:0059:004B:01F1
round2_phase1,0xFE,3404,0x0002,0x0003,0x0000,0x01,0x0018,0x0000,0x0000,actor_2c8,5,0x10C408,0x01,0x19,0x01,0x00,0x01,0x00,0x00,0x0203,0x0079,0x004B,0x00,0x46,0x00,190,10,190:0046:007A:006D:0203|191:0046:006A:006B:0203|192:0046:006A:004E:0203|193:0046:005A:004C:0203|194:0046:007A:006C:01F3|195:0046:006A:006A:01F3|196:0046:006A:004D:01F3|197:0046:005A:004B:01F3
round2_phase1,0xFE,3406,0x0002,0x0003,0x0000,0x01,0x0018,0x0000,0x0000,actor_2c8,5,0x10C408,0x01,0x19,0x01,0x00,0x01,0x00,0x00,0x0205,0x0079,0x004B,0x00,0x46,0x00,190,10,190:0046:007A:006D:0205|191:0046:006A:006B:0205|192:0046:006A:004E:0205|193:0046:005A:004C:0205|194:0046:007A:006C:01F5|195:0046:006A:006A:01F5|196:0046:006A:004D:01F5|197:0046:005A:004B:01F5
round2_phase1,0xFE,3412,0x0002,0x0003,0x0000,0x01,0x0018,0x0000,0x0000,actor_2c8,5,0x10C408,0x01,0x18,0x01,0x00,0x01,0x00,0x00,0x0205,0x0079,0x004B,0x00,0x46,0x00,190,10,190:0046:0079:0069:0204|191:0046:0069:0067:0204|192:0046:0069:004E:0204|193:0046:0059:004C:0204|194:0046:0079:0068:01F4|195:0046:0069:0063:01F4|196:0046:0069:004D:01F4|197:0046:0059:004B:01F4
round2_phase1,0xFE,3420,0x0002,0x0003,0x0000,0x01,0x0018,0x0000,0x0000,actor_2c8,5,0x10C408,0x01,0x17,0x01,0x00,0x01,0x00,0x00,0x0203,0x0079,0x004B,0x00,0x46,0x00,190,10,190:0046:007A:0066:0204|191:0046:006A:0064:0204|192:0046:006A:004E:0204|193:0046:005A:004C:0204|194:0046:007A:0065:01F4|195:0046:006A:0063:01F4|196:0046:006A:004D:01F4|197:0046:005A:004B:01F4
round2_phase1,0xFE,3424,0x0002,0x0003,0x0000,0x01,0x0018,0x0000,0x0000,actor_2c8,5,0x10C408,0x01,0x17,0x01,0x00,0x01,0x00,0x00,0x0200,0x0079,0x004B,0x00,0x46,0x00,190,10,190:0046:007A:0066:0202|191:0046:006A:0064:0202|192:0046:006A:004E:0202|193:0046:005A:004C:0202|194:0046:007A:0065:01F2|195:0046:006A:0063:01F2|196:0046:006A:004D:01F2|197:0046:005A:004B:01F2
round2_phase1,0xFE,3426,0x0002,0x0003,0x0000,0x01,0x0018,0x0000,0x0000,actor_2c8,5,0x10C408,0x01,0x17,0x01,0x00,0x01,0x00,0x00,0x01FE,0x0079,0x004B,0x00,0x46,0x00,190,10,190:0046:007A:0066:01FE|191:0046:006A:0064:01FE|192:0046:006A:004E:01FE|193:0046:005A:004C:01FE|194:0046:007A:0065:01EE|195:0046:006A:0063:01EE|196:0046:006A:004D:01EE|197:0046:005A:004B:01EE
round2_phase1,0xFE,3430,0x0002,0x0003,0x0000,0x01,0x0018,0x0000,0x0000,actor_2c8,5,0x10C408,0x01,0x18,0x01,0x00,0x01,0x00,0x00,0x01FA,0x0079,0x004B,0x00,0x46,0x00,190,10,190:0046:0079:0069:01FA|191:0046:0069:0067:01FA|192:0046:0069:004E:01FA|193:0046:0059:004C:01FA|194:0046:0079:0068:01EA|195:0046:0069:0063:01EA|196:0046:0069:004D:01EA|197:0046:0059:004B:01EA
round2_phase1,0xFE,3432,0x0002,0x0003,0x0000,0x01,0x0018,0x0000,0x0000,actor_2c8,5,0x10C408,0x01,0x18,0x01,0x00,0x01,0x00,0x00,0x01F8,0x0079,0x004B,0x00,0x46,0x00,190,10,190:0046:0079:0069:01F8|191:0046:0069:0067:01F8|192:0046:0069:004E:01F8|193:0046:0059:004C:01F8|194:0046:0079:0068:01E8|195:0046:0069:0063:01E8|196:0046:0069:004D:01E8|197:0046:0059:004B:01E8
round2_phase1,0xFE,3434,0x0002,0x0003,0x0000,0x01,0x0018,0x0000,0x0000,actor_2c8,5,0x10C408,0x01,0x18,0x01,0x00,0x01,0x00,0x00,0x01F7,0x0079,0x004B,0x00,0x46,0x00,190,10,190:0046:0079:0069:01F7|191:0046:0069:0067:01F7|192:0046:0069:004E:01F7|193:0046:0059:004C:01F7|194:0046:0079:0068:01E7|195:0046:0069:0063:01E7|196:0046:0069:004D:01E7|197:0046:0059:004B:01E7
round2_phase1,0xFE,3436,0x0002,0x0003,0x0000,0x01,0x0018,0x0000,0x0000,actor_2c8,5,0x10C408,0x01,0x19,0x01,0x00,0x01,0x00,0x00,0x01F9,0x0079,0x004B,0x00,0x46,0x00,190,10,190:0046:007A:006D:01F9|191:0046:006A:006B:01F9|192:0046:006A:004E:01F9|193:0046:005A:004C:01F9|194:0046:007A:006C:01E9|195:0046:006A:006A:01E9|196:0046:006A:004D:01E9|197:0046:005A:004B:01E9
round2_phase1,0xFE,3438,0x0002,0x0003,0x0000,0x01,0x0018,0x0000,0x0000,actor_2c8,5,0x10C408,0x01,0x19,0x01,0x00,0x01,0x00,0x00,0x01FB,0x0079,0x004B,0x00,0x46,0x00,190,10,190:0046:007A:006D:01FB|191:0046:006A:006B:01FB|192:0046:006A:004E:01FB|193:0046:005A:004C:01FB|194:0046:007A:006C:01EB|195:0046:006A:006A:01EB|196:0046:006A:004D:01EB|197:0046:005A:004B:01EB
round2_phase1,0xFE,3440,0x0002,0x0003,0x0000,0x01,0x0018,0x0000,0x0000,actor_2c8,5,0x10C408,0x01,0x19,0x01,0x00,0x01,0x00,0x00,0x01FD,0x0079,0x004B,0x00,0x46,0x00,190,10,190:0046:007A:006D:01FD|191:0046:006A:006B:01FD|192:0046:006A:004E:01FD|193:0046:005A:004C:01FD|194:0046:007A:006C:01ED|195:0046:006A:006A:01ED|196:0046:006A:004D:01ED|197:0046:005A:004B:01ED
round2_phase1,0xFE,3442,0x0002,0x0003,0x0000,0x01,0x0018,0x0000,0x0000,actor_2c8,5,0x10C408,0x01,0x19,0x01,0x00,0x01,0x00,0x00,0x01FF,0x0079,0x004B,0x00,0x46,0x00,190,10,190:0046:007A:006D:01FF|191:0046:006A:006B:01FF|192:0046:006A:004E:01FF|193:0046:005A:004C:01FF|194:0046:007A:006C:01EF|195:0046:006A:006A:01EF|196:0046:006A:004D:01EF|197:0046:005A:004B:01EF
round2_phase1,0xFE,3448,0x0002,0x0003,0x0000,0x01,0x0018,0x0000,0x0000,actor_2c8,5,0x10C408,0x01,0x18,0x01,0x00,0x01,0x00,0x00,0x0205,0x0079,0x004B,0x00,0x46,0x00,190,10,190:0046:0079:0069:0203|191:0046:0069:0067:0203|192:0046:0069:004E:0203|193:0046:0059:004C:0203|194:0046:0079:0068:01F3|195:0046:0069:0063:01F3|196:0046:0069:004D:01F3|197:0046:0059:004B:01F3
round2_phase1,0xFE,3450,0x0002,0x0003,0x0000,0x01,0x0018,0x0000,0x0000,actor_2c8,5,0x10C408,0x01,0x18,0x01,0x00,0x01,0x00,0x00,0x0207,0x0079,0x004B,0x00,0x46,0x00,190,10,190:0046:0079:0069:0205|191:0046:0069:0067:0205|192:0046:0069:004E:0205|193:0046:0059:004C:0205|194:0046:0079:0068:01F5|195:0046:0069:0063:01F5|196:0046:0069:004D:01F5|197:0046:0059:004B:01F5
round2_phase1,0xFE,3452,0x0002,0x0003,0x0000,0x01,0x0018,0x0000,0x0000,actor_2c8,5,0x10C408,0x01,0x17,0x01,0x00,0x01,0x00,0x00,0x0207,0x0079,0x004B,0x00,0x46,0x00,190,10,190:0046:007A:0066:0207|191:0046:006A:0064:0207|192:0046:006A:004E:0207|193:0046:005A:004C:0207|194:0046:007A:0065:01F7|195:0046:006A:0063:01F7|196:0046:006A:004D:01F7|197:0046:005A:004B:01F7
round2_phase1,0xFE,3454,0x0002,0x0003,0x0000,0x01,0x0018,0x0000,0x0000,actor_2c8,5,0x10C408,0x01,0x17,0x01,0x00,0x01,0x00,0x00,0x0209,0x0079,0x004B,0x00,0x46,0x00,190,10,190:0046:007A:0066:0209|191:0046:006A:0064:0209|192:0046:006A:004E:0209|193:0046:005A:004C:0209|194:0046:007A:0065:01F9|195:0046:006A:0063:01F9|196:0046:006A:004D:01F9|197:0046:005A:004B:01F9
round2_phase1,0xFE,3456,0x0002,0x0003,0x0000,0x01,0x0018,0x0000,0x0000,actor_2c8,5,0x10C408,0x01,0x17,0x01,0x00,0x01,0x00,0x00,0x020B,0x0079,0x004B,0x00,0x46,0x00,190,10,190:0046:007A:0066:020B|191:0046:006A:0064:020B|192:0046:006A:004E:020B|193:0046:005A:004C:020B|194:0046:007A:0065:01FB|195:0046:006A:0063:01FB|196:0046:006A:004D:01FB|197:0046:005A:004B:01FB
round2_phase1,0xFE,3458,0x0002,0x0003,0x0000,0x01,0x0018,0x0000,0x0000,actor_2c8,5,0x10C408,0x01,0x17,0x01,0x00,0x01,0x00,0x00,0x020D,0x0079,0x004B,0x00,0x46,0x00,190,10,190:0046:007A:0066:020D|191:0046:006A:0064:020D|192:0046:006A:004E:020D|193:0046:005A:004C:020D|194:0046:007A:0065:01FD|195:0046:006A:0063:01FD|196:0046:006A:004D:01FD|197:0046:005A:004B:01FD
round2_phase1,0xFE,3460,0x0002,0x0003,0x0000,0x01,0x0018,0x0000,0x0000,actor_2c8,5,0x10C408,0x01,0x18,0x01,0x00,0x01,0x00,0x00,0x020F,0x0079,0x004B,0x00,0x46,0x00,190,10,190:0046:0079:0069:020F|191:0046:0069:0067:020F|192:0046:0069:004E:020F|193:0046:0059:004C:020F|194:0046:0079:0068:01FF|195:0046:0069:0063:01FF|196:0046:0069:004D:01FF|197:0046:0059:004B:01FF
round2_phase1,0xFE,3464,0x0002,0x0003,0x0000,0x01,0x0018,0x0000,0x0000,actor_2c8,5,0x10C408,0x01,0x18,0x01,0x00,0x01,0x00,0x00,0x0213,0x0079,0x004B,0x00,0x46,0x00,190,10,190:0046:0079:0069:0211|191:0046:0069:0067:0211|192:0046:0069:004E:0211|193:0046:0059:004C:0211|194:0046:0079:0068:0201|195:0046:0069:0063:0201|196:0046:0069:004D:0201|197:0046:0059:004B:0201
round2_phase1,0xFE,3466,0x0002,0x0003,0x0000,0x01,0x0018,0x0000,0x0000,actor_2c8,5,0x10C408,0x01,0x18,0x01,0x00,0x01,0x00,0x00,0x0215,0x0079,0x004B,0x00,0x46,0x00,190,10,190:0046:0079:0069:0213|191:0046:0069:0067:0213|192:0046:0069:004E:0213|193:0046:0059:004C:0213|194:0046:0079:0068:0203|195:0046:0069:0063:0203|196:0046:0069:004D:0203|197:0046:0059:004B:0203
round2_phase1,0xFE,3468,0x0002,0x0003,0x0000,0x01,0x0018,0x0000,0x0000,actor_2c8,5,0x10C408,0x01,0x19,0x01,0x00,0x01,0x00,0x00,0x0217,0x0079,0x004B,0x00,0x46,0x00,190,10,190:0046:007A:006D:0215|191:0046:006A:006B:0215|192:0046:006A:004E:0215|193:0046:005A:004C:0215|194:0046:007A:006C:0205|195:0046:006A:006A:0205|196:0046:006A:004D:0205|197:0046:005A:004B:0205
round2_phase1,0xFE,3470,0x0002,0x0003,0x0000,0x01,0x0018,0x0000,0x0000,actor_2c8,5,0x10C408,0x01,0x19,0x01,0x00,0x01,0x00,0x00,0x0217,0x0079,0x004B,0x00,0x46,0x00,190,10,190:0046:007A:006D:0217|191:0046:006A:006B:0217|192:0046:006A:004E:0217|193:0046:005A:004C:0217|194:0046:007A:006C:0207|195:0046:006A:006A:0207|196:0046:006A:004D:0207|197:0046:005A:004B:0207
round2_phase1,0xFE,3472,0x0002,0x0003,0x0000,0x01,0x0018,0x0000,0x0000,actor_2c8,5,0x10C408,0x01,0x19,0x01,0x00,0x01,0x00,0x00,0x0219,0x0079,0x004B,0x00,0x46,0x00,190,10,190:0046:007A:006D:0219|191:0046:006A:006B:0219|192:0046:006A:004E:0219|193:0046:005A:004C:0219|194:0046:007A:006C:0209|195:0046:006A:006A:0209|196:0046:006A:004D:0209|197:0046:005A:004B:0209
round2_phase1,0xFE,3474,0x0002,0x0003,0x0000,0x01,0x0018,0x0000,0x0000,actor_2c8,5,0x10C408,0x01,0x19,0x01,0x00,0x01,0x00,0x00,0x021B,0x0079,0x004B,0x00,0x46,0x00,190,10,190:0046:007A:006D:021B|191:0046:006A:006B:021B|192:0046:006A:004E:021B|193:0046:005A:004C:021B|194:0046:007A:006C:020B|195:0046:006A:006A:020B|196:0046:006A:004D:020B|197:0046:005A:004B:020B
round2_phase1,0xFE,3476,0x0002,0x0003,0x0000,0x01,0x0018,0x0000,0x0000,actor_2c8,5,0x10C408,0x01,0x18,0x01,0x00,0x01,0x00,0x00,0x021D,0x0079,0x004B,0x00,0x46,0x00,190,10,190:0046:0079:0069:021D|191:0046:0069:0067:021D|192:0046:0069:004E:021D|193:0046:0059:004C:021D|194:0046:0079:0068:020D|195:0046:0069:0063:020D|196:0046:0069:004D:020D|197:0046:0059:004B:020D
round2_phase1,0xFE,3478,0x0002,0x0003,0x0000,0x01,0x0018,0x0000,0x0000,actor_2c8,5,0x10C408,0x01,0x18,0x01,0x00,0x01,0x00,0x00,0x021F,0x0079,0x004B,0x00,0x46,0x00,190,10,190:0046:0079:0069:021F|191:0046:0069:0067:021F|192:0046:0069:004E:021F|193:0046:0059:004C:021F|194:0046:0079:0068:020F|195:0046:0069:0063:020F|196:0046:0069:004D:020F|197:0046:0059:004B:020F
round2_phase1,0xFE,3482,0x0002,0x0003,0x0000,0x01,0x0018,0x0000,0x0000,actor_2c8,5,0x10C408,0x01,0x18,0x01,0x00,0x01,0x00,0x00,0x0223,0x0079,0x004B,0x00,0x46,0x00,190,10,190:0046:0079:0069:0221|191:0046:0069:0067:0221|192:0046:0069:004E:0221|193:0046:0059:004C:0221|194:0046:0079:0068:0211|195:0046:0069:0063:0211|196:0046:0069:004D:0211|197:0046:0059:004B:0211
round2_phase1,0xFE,3484,0x0002,0x0003,0x0000,0x01,0x0018,0x0000,0x0000,actor_2c8,5,0x10C408,0x01,0x17,0x01,0x00,0x01,0x00,0x00,0x0225,0x0079,0x004B,0x00,0x46,0x00,190,10,190:0046:007A:0066:0223|191:0046:006A:0064:0223|192:0046:006A:004E:0223|193:0046:005A:004C:0223|194:0046:007A:0065:0213|195:0046:006A:0063:0213|196:0046:006A:004D:0213|197:0046:005A:004B:0213
round2_phase1,0xFE,3486,0x0002,0x0003,0x0000,0x01,0x0018,0x0000,0x0000,actor_2c8,5,0x10C408,0x01,0x17,0x01,0x00,0x01,0x00,0x00,0x0227,0x0079,0x004B,0x00,0x46,0x00,190,10,190:0046:007A:0066:0225|191:0046:006A:0064:0225|192:0046:006A:004E:0225|193:0046:005A:004C:0225|194:0046:007A:0065:0215|195:0046:006A:0063:0215|196:0046:006A:004D:0215|197:0046:005A:004B:0215
round2_phase1,0xFE,3490,0x0002,0x0003,0x0000,0x01,0x0018,0x0000,0x0000,actor_2c8,5,0x10C408,0x01,0x17,0x01,0x00,0x01,0x00,0x00,0x0229,0x0079,0x004B,0x00,0x46,0x00,190,10,190:0046:007A:0066:0229|191:0046:006A:0064:0229|192:0046:006A:004E:0229|193:0046:005A:004C:0229|194:0046:007A:0065:0219|195:0046:006A:0063:0219|196:0046:006A:004D:0219|197:0046:005A:004B:0219
round2_phase1,0xFE,3494,0x0002,0x0003,0x0000,0x01,0x0018,0x0000,0x0000,actor_2c8,5,0x10C408,0x01,0x18,0x01,0x00,0x01,0x00,0x00,0x022D,0x0079,0x004B,0x00,0x46,0x00,190,10,190:0046:0079:0069:022D|191:0046:0069:0067:022D|192:0046:0069:004E:022D|193:0046:0059:004C:022D|194:0046:0079:0068:021D|195:0046:0069:0063:021D|196:0046:0069:004D:021D|197:0046:0059:004B:021D
round2_phase1,0xFE,3496,0x0002,0x0003,0x0000,0x01,0x0018,0x0000,0x0000,actor_2c8,5,0x10C408,0x01,0x18,0x01,0x00,0x01,0x00,0x00,0x022F,0x0079,0x004B,0x00,0x46,0x00,190,10,190:0046:0079:0069:022F|191:0046:0069:0067:022F|192:0046:0069:004E:022F|193:0046:0059:004C:022F|194:0046:0079:0068:021F|195:0046:0069:0063:021F|196:0046:0069:004D:021F|197:0046:0059:004B:021F
round2_phase1,0xFE,3500,0x0002,0x0003,0x0000,0x01,0x0018,0x0000,0x0000,actor_2c8,5,0x10C408,0x01,0x19,0x01,0x00,0x01,0x00,0x00,0x0233,0x0079,0x004B,0x00,0x46,0x00,190,10,190:0046:007A:006D:0231|191:0046:006A:006B:0231|192:0046:006A:004E:0231|193:0046:005A:004C:0231|194:0046:007A:006C:0221|195:0046:006A:006A:0221|196:0046:006A:004D:0221|197:0046:005A:004B:0221
round2_phase1,0xFE,3502,0x0002,0x0003,0x0000,0x01,0x0018,0x0000,0x0000,actor_2c8,5,0x10C408,0x01,0x19,0x01,0x00,0x01,0x00,0x00,0x0235,0x0079,0x004B,0x00,0x46,0x00,190,10,190:0046:007A:006D:0233|191:0046:006A:006B:0233|192:0046:006A:004E:0233|193:0046:005A:004C:0233|194:0046:007A:006C:0223|195:0046:006A:006A:0223|196:0046:006A:004D:0223|197:0046:005A:004B:0223
round2_phase1,0xFE,3504,0x0002,0x0003,0x0000,0x01,0x0018,0x0000,0x0000,actor_2c8,5,0x10C408,0x01,0x19,0x01,0x00,0x01,0x00,0x00,0x0237,0x0079,0x004B,0x00,0x46,0x00,190,10,190:0046:007A:006D:0235|191:0046:006A:006B:0235|192:0046:006A:004E:0235|193:0046:005A:004C:0235|194:0046:007A:006C:0225|195:0046:006A:006A:0225|196:0046:006A:004D:0225|197:0046:005A:004B:0225
round2_phase1,0xFE,3506,0x0002,0x0003,0x0000,0x01,0x0018,0x0000,0x0000,actor_2c8,5,0x10C408,0x01,0x19,0x01,0x00,0x01,0x00,0x00,0x0237,0x0079,0x004B,0x00,0x46,0x00,190,10,190:0046:007A:006D:0237|191:0046:006A:006B:0237|192:0046:006A:004E:0237|193:0046:005A:004C:0237|194:0046:007A:006C:0227|195:0046:006A:006A:0227|196:0046:006A:004D:0227|197:0046:005A:004B:0227
round2_phase1,0xFE,3508,0x0002,0x0003,0x0000,0x01,0x0018,0x0000,0x0000,actor_2c8,5,0x10C408,0x01,0x18,0x01,0x00,0x01,0x00,0x00,0x0239,0x0079,0x004B,0x00,0x46,0x00,190,10,190:0046:0079:0069:0239|191:0046:0069:0067:0239|192:0046:0069:004E:0239|193:0046:0059:004C:0239|194:0046:0079:0068:0229|195:0046:0069:0063:0229|196:0046:0069:004D:0229|197:0046:0059:004B:0229
round2_phase1,0xFE,3510,0x0002,0x0003,0x0000,0x01,0x0018,0x0000,0x0000,actor_2c8,5,0x10C408,0x01,0x18,0x01,0x00,0x01,0x00,0x00,0x023B,0x0079,0x004B,0x00,0x46,0x00,190,10,190:0046:0079:0069:023B|191:0046:0069:0067:023B|192:0046:0069:004E:023B|193:0046:0059:004C:023B|194:0046:0079:0068:022B|195:0046:0069:0063:022B|196:0046:0069:004D:022B|197:0046:0059:004B:022B
round2_phase1,0xFE,3512,0x0002,0x0003,0x0000,0x01,0x0018,0x0000,0x0000,actor_2c8,5,0x10C408,0x01,0x18,0x01,0x00,0x01,0x00,0x00,0x023D,0x0079,0x004B,0x00,0x46,0x00,190,10,190:0046:0079:0069:023D|191:0046:0069:0067:023D|192:0046:0069:004E:023D|193:0046:0059:004C:023D|194:0046:0079:0068:022D|195:0046:0069:0063:022D|196:0046:0069:004D:022D|197:0046:0059:004B:022D
round2_phase1,0xFE,3514,0x0002,0x0003,0x0000,0x01,0x0018,0x0000,0x0000,actor_2c8,5,0x10C408,0x01,0x18,0x01,0x00,0x01,0x00,0x00,0x023F,0x0079,0x004B,0x00,0x46,0x00,190,10,190:0046:0079:0069:023F|191:0046:0069:0067:023F|192:0046:0069:004E:023F|193:0046:0059:004C:023F|194:0046:0079:0068:022F|195:0046:0069:0063:022F|196:0046:0069:004D:022F|197:0046:0059:004B:022F
round2_phase1,0xFE,3516,0x0002,0x0003,0x0000,0x01,0x0018,0x0000,0x0000,actor_2c8,5,0x10C408,0x01,0x17,0x01,0x00,0x01,0x00,0x00,0x0241,0x0079,0x004B,0x00,0x46,0x00,190,10,190:0046:007A:0066:023F|191:0046:006A:0064:023F|192:0046:006A:004E:023F|193:0046:005A:004C:023F|194:0046:007A:0065:022F|195:0046:006A:0063:022F|196:0046:006A:004D:022F|197:0046:005A:004B:022F
round2_phase1,0xFE,3518,0x0002,0x0003,0x0000,0x01,0x0018,0x0000,0x0000,actor_2c8,5,0x10C408,0x01,0x17,0x01,0x00,0x01,0x00,0x00,0x0243,0x0079,0x004B,0x00,0x46,0x00,190,10,190:0046:007A:0066:0241|191:0046:006A:0064:0241|192:0046:006A:004E:0241|193:0046:005A:004C:0241|194:0046:007A:0065:0231|195:0046:006A:0063:0231|196:0046:006A:004D:0231|197:0046:005A:004B:0231
round2_phase1,0xFE,3520,0x0002,0x0003,0x0000,0x01,0x0018,0x0000,0x0000,actor_2c8,5,0x10C408,0x01,0x17,0x01,0x00,0x01,0x00,0x00,0x0245,0x0079,0x004B,0x00,0x46,0x00,190,10,190:0046:007A:0066:0243|191:0046:006A:0064:0243|192:0046:006A:004E:0243|193:0046:005A:004C:0243|194:0046:007A:0065:0233|195:0046:006A:0063:0233|196:0046:006A:004D:0233|197:0046:005A:004B:0233
round2_phase1,0xFE,3522,0x0002,0x0003,0x0000,0x01,0x0018,0x0000,0x0000,actor_2c8,5,0x10C408,0x01,0x17,0x01,0x00,0x01,0x00,0x00,0x0247,0x0079,0x004B,0x00,0x46,0x00,190,10,190:0046:007A:0066:0245|191:0046:006A:0064:0245|192:0046:006A:004E:0245|193:0046:005A:004C:0245|194:0046:007A:0065:0235|195:0046:006A:0063:0235|196:0046:006A:004D:0235|197:0046:005A:004B:0235
round2_phase1,0xFE,3524,0x0002,0x0003,0x0000,0x01,0x0018,0x0000,0x0000,actor_2c8,5,0x10C408,0x01,0x18,0x01,0x00,0x01,0x00,0x00,0x0247,0x0079,0x004B,0x00,0x46,0x00,190,10,190:0046:0079:0069:0247|191:0046:0069:0067:0247|192:0046:0069:004E:0247|193:0046:0059:004C:0247|194:0046:0079:0068:0237|195:0046:0069:0063:0237|196:0046:0069:004D:0237|197:0046:0059:004B:0237
round2_phase1,0xFE,3526,0x0002,0x0003,0x0000,0x01,0x0018,0x0000,0x0000,actor_2c8,5,0x10C408,0x01,0x18,0x01,0x00,0x01,0x00,0x00,0x0249,0x0079,0x004B,0x00,0x46,0x00,190,10,190:0046:0079:0069:0249|191:0046:0069:0067:0249|192:0046:0069:004E:0249|193:0046:0059:004C:0249|194:0046:0079:0068:0239|195:0046:0069:0063:0239|196:0046:0069:004D:0239|197:0046:0059:004B:0239
round2_phase1,0xFE,3528,0x0002,0x0003,0x0000,0x01,0x0018,0x0000,0x0000,actor_2c8,5,0x10C408,0x01,0x18,0x01,0x00,0x01,0x00,0x00,0x024B,0x0079,0x004B,0x00,0x46,0x00,190,10,190:0046:0079:0069:024B|191:0046:0069:0067:024B|192:0046:0069:004E:024B|193:0046:0059:004C:024B|194:0046:0079:0068:023B|195:0046:0069:0063:023B|196:0046:0069:004D:023B|197:0046:0059:004B:023B
round2_phase1,0xFE,3530,0x0002,0x0003,0x0000,0x01,0x0018,0x0000,0x0000,actor_2c8,5,0x10C408,0x01,0x18,0x01,0x00,0x01,0x00,0x00,0x024D,0x0079,0x004B,0x00,0x46,0x00,190,10,190:0046:0079:0069:024D|191:0046:0069:0067:024D|192:0046:0069:004E:024D|193:0046:0059:004C:024D|194:0046:0079:0068:023D|195:0046:0069:0063:023D|196:0046:0069:004D:023D|197:0046:0059:004B:023D
round2_phase1,0xFE,3532,0x0002,0x0003,0x0000,0x01,0x0018,0x0000,0x0000,actor_2c8,5,0x10C408,0x01,0x19,0x01,0x00,0x01,0x00,0x00,0x024F,0x0079,0x004B,0x00,0x46,0x00,190,10,190:0046:007A:006D:024F|191:0046:006A:006B:024F|192:0046:006A:004E:024F|193:0046:005A:004C:024F|194:0046:007A:006C:023F|195:0046:006A:006A:023F|196:0046:006A:004D:023F|197:0046:005A:004B:023F
round2_phase1,0xFE,3536,0x0002,0x0003,0x0000,0x01,0x0018,0x0000,0x0000,actor_2c8,5,0x10C408,0x01,0x19,0x01,0x00,0x01,0x00,0x00,0x0253,0x0079,0x004B,0x00,0x46,0x00,190,10,190:0046:007A:006D:0251|191:0046:006A:006B:0251|192:0046:006A:004E:0251|193:0046:005A:004C:0251|194:0046:007A:006C:0241|195:0046:006A:006A:0241|196:0046:006A:004D:0241|197:0046:005A:004B:0241
round2_phase1,0xFE,3538,0x0002,0x0003,0x0000,0x01,0x0018,0x0000,0x0000,actor_2c8,5,0x10C408,0x01,0x19,0x01,0x00,0x01,0x00,0x00,0x0255,0x0079,0x004B,0x00,0x46,0x00,190,10,190:0046:007A:006D:0253|191:0046:006A:006B:0253|192:0046:006A:004E:0253|193:0046:005A:004C:0253|194:0046:007A:006C:0243|195:0046:006A:006A:0243|196:0046:006A:004D:0243|197:0046:005A:004B:0243
round2_phase1,0xFE,3540,0x0002,0x0003,0x0000,0x01,0x0018,0x0000,0x0000,actor_2c8,5,0x10C408,0x01,0x18,0x01,0x00,0x01,0x00,0x00,0x0257,0x0079,0x004B,0x00,0x46,0x00,190,10,190:0046:0079:0069:0255|191:0046:0069:0067:0255|192:0046:0069:004E:0255|193:0046:0059:004C:0255|194:0046:0079:0068:0245|195:0046:0069:0063:0245|196:0046:0069:004D:0245|197:0046:0059:004B:0245
round2_phase1,0xFE,3542,0x0002,0x0003,0x0000,0x01,0x0018,0x0000,0x0000,actor_2c8,5,0x10C408,0x01,0x18,0x01,0x00,0x01,0x00,0x00,0x0257,0x0079,0x004B,0x00,0x46,0x00,190,10,190:0046:0079:0069:0257|191:0046:0069:0067:0257|192:0046:0069:004E:0257|193:0046:0059:004C:0257|194:0046:0079:0068:0247|195:0046:0069:0063:0247|196:0046:0069:004D:0247|197:0046:0059:004B:0247
round2_phase1,0xFE,3544,0x0002,0x0003,0x0000,0x01,0x0018,0x0000,0x0000,actor_2c8,5,0x10C408,0x01,0x18,0x01,0x00,0x01,0x00,0x00,0x0259,0x0079,0x004B,0x00,0x46,0x00,190,10,190:0046:0079:0069:0259|191:0046:0069:0067:0259|192:0046:0069:004E:0259|193:0046:0059:004C:0259|194:0046:0079:0068:0249|195:0046:0069:0063:0249|196:0046:0069:004D:0249|197:0046:0059:004B:0249
round2_phase1,0xFE,3546,0x0002,0x0003,0x0000,0x01,0x0018,0x0000,0x0000,actor_2c8,5,0x10C408,0x01,0x18,0x01,0x00,0x01,0x00,0x00,0x025B,0x0079,0x004B,0x00,0x46,0x00,190,10,190:0046:0079:0069:025B|191:0046:0069:0067:025B|192:0046:0069:004E:025B|193:0046:0059:004C:025B|194:0046:0079:0068:024B|195:0046:0069:0063:024B|196:0046:0069:004D:024B|197:0046:0059:004B:024B
round2_phase1,0xFE,3548,0x0002,0x0003,0x0000,0x01,0x0018,0x0000,0x0000,actor_2c8,5,0x10C408,0x01,0x17,0x01,0x00,0x01,0x00,0x00,0x025D,0x0079,0x004B,0x00,0x46,0x00,190,10,190:0046:007A:0066:025D|191:0046:006A:0064:025D|192:0046:006A:004E:025D|193:0046:005A:004C:025D|194:0046:007A:0065:024D|195:0046:006A:0063:024D|196:0046:006A:004D:024D|197:0046:005A:004B:024D
round2_phase1,0xFE,3550,0x0002,0x0003,0x0000,0x01,0x0018,0x0000,0x0000,actor_2c8,5,0x10C408,0x01,0x17,0x01,0x00,0x01,0x00,0x00,0x025F,0x0079,0x004B,0x00,0x46,0x00,190,10,190:0046:007A:0066:025F|191:0046:006A:0064:025F|192:0046:006A:004E:025F|193:0046:005A:004C:025F|194:0046:007A:0065:024F|195:0046:006A:0063:024F|196:0046:006A:004D:024F|197:0046:005A:004B:024F
round2_phase1,0xFE,3554,0x0002,0x0003,0x0000,0x01,0x0018,0x0000,0x0000,actor_2c8,5,0x10C408,0x01,0x17,0x01,0x00,0x01,0x00,0x00,0x0263,0x0079,0x004B,0x00,0x46,0x00,190,10,190:0046:007A:0066:0261|191:0046:006A:0064:0261|192:0046:006A:004E:0261|193:0046:005A:004C:0261|194:0046:007A:0065:0251|195:0046:006A:0063:0251|196:0046:006A:004D:0251|197:0046:005A:004B:0251
round2_phase1,0xFE,3556,0x0002,0x0003,0x0000,0x01,0x0018,0x0000,0x0000,actor_2c8,5,0x10C408,0x01,0x18,0x01,0x00,0x01,0x00,0x00,0x0265,0x0079,0x004B,0x00,0x46,0x00,190,10,190:0046:0079:0069:0263|191:0046:0069:0067:0263|192:0046:0069:004E:0263|193:0046:0059:004C:0263|194:0046:0079:0068:0253|195:0046:0069:0063:0253|196:0046:0069:004D:0253|197:0046:0059:004B:0253
round2_phase1,0xFE,3558,0x0002,0x0003,0x0000,0x01,0x0018,0x0000,0x0000,actor_2c8,5,0x10C408,0x01,0x18,0x01,0x00,0x01,0x00,0x00,0x0267,0x0079,0x004B,0x00,0x46,0x00,190,10,190:0046:0079:0069:0265|191:0046:0069:0067:0265|192:0046:0069:004E:0265|193:0046:0059:004C:0265|194:0046:0079:0068:0255|195:0046:0069:0063:0255|196:0046:0069:004D:0255|197:0046:0059:004B:0255
round2_phase1,0xFE,3560,0x0002,0x0003,0x0000,0x01,0x0018,0x0000,0x0000,actor_2c8,5,0x10C408,0x01,0x18,0x01,0x00,0x01,0x00,0x00,0x0267,0x0079,0x004B,0x00,0x46,0x00,190,10,190:0046:0079:0069:0267|191:0046:0069:0067:0267|192:0046:0069:004E:0267|193:0046:0059:004C:0267|194:0046:0079:0068:0257|195:0046:0069:0063:0257|196:0046:0069:004D:0257|197:0046:0059:004B:0257
round2_phase1,0xFE,3562,0x0002,0x0003,0x0000,0x01,0x0018,0x0000,0x0000,actor_2c8,5,0x10C408,0x01,0x1C,0x01,0x00,0x1F,0x00,0x00,0x0267,0x0079,0x004B,0x00,0x46,0x00,190,10,190:0046:007A:0066:0267|191:0046:006A:0064:0267|192:0046:006A:0052:0267|193:0046:005A:0050:0267|194:0046:007A:0065:0257|195:0046:006A:0063:0257|196:0046:006A:0051:0257|197:0046:005A:004F:0257|198:0046:006A:0054:0247|199:0046:005A:0053:0247
round2_phase1,0xFE,3564,0x0002,0x0003,0x0000,0x01,0x0018,0x0000,0x0000,actor_2c8,5,0x10C408,0x01,0x1D,0x01,0x00,0x1F,0x00,0x00,0x0267,0x0079,0x004B,0x00,0x46,0x00,190,10,190:0046:007A:0066:0267|191:0046:006A:0064:0267|192:0046:006A:0052:0267|193:0046:005A:0050:0267|194:0046:007A:0065:0257|195:0046:006A:0063:0257|196:0046:006A:0051:0257|197:0046:005A:004F:0257|198:0046:006A:0054:0247|199:0046:005A:0053:0247
round2_phase1,0xFE,3566,0x0002,0x0003,0x0000,0x01,0x0018,0x0000,0x0000,actor_2c8,5,0x10C408,0x01,0x1D,0x01,0x00,0x1F,0x00,0x00,0x0267,0x0079,0x004B,0x00,0x46,0x00,190,10,190:0046:007A:0066:0267|191:0046:006A:0064:0267|192:0046:006A:0058:0267|193:0046:005A:0056:0267|194:0046:007A:0065:0257|195:0046:006A:0063:0257|196:0046:006A:0057:0257|197:0046:005A:0055:0257
round2_phase1,0xFE,3568,0x0002,0x0003,0x0000,0x01,0x0018,0x0000,0x0000,actor_2c8,5,0x10C408,0x01,0x1E,0x01,0x00,0x1F,0x00,0x00,0x0267,0x0079,0x004B,0x00,0x46,0x00,190,10,190:0046:007A:0066:0267|191:0046:006A:0064:0267|192:0046:006A:005C:0267|193:0046:005A:005A:0267|194:0046:007A:0065:0257|195:0046:006A:0063:0257|196:0046:006A:005B:0257|197:0046:005A:0059:0257
round2_phase1,0xFE,3570,0x0002,0x0003,0x0000,0x01,0x0018,0x0000,0x0000,actor_2c8,5,0x10C408,0x01,0x1F,0x01,0x00,0x1F,0x00,0x00,0x0267,0x0079,0x004B,0x00,0x46,0x00,190,10,190:0046:007A:0066:0267|191:0046:006A:0064:0267|192:0046:006A:005C:0267|193:0046:005A:005A:0267|194:0046:007A:0065:0257|195:0046:006A:0063:0257|196:0046:006A:005B:0257|197:0046:005A:0059:0257
round2_phase1,0xFE,3572,0x0002,0x0003,0x0000,0x01,0x0018,0x0000,0x0000,actor_2c8,5,0x10C408,0x01,0x1F,0x01,0x00,0x1F,0x00,0x00,0x0267,0x0079,0x004B,0x00,0x46,0x00,190,10,190:0046:007A:0066:0267|191:0046:006A:0064:0267|192:0046:006A:0060:0267|193:0046:005A:005E:0267|194:0046:007A:0065:0257|195:0046:006A:0063:0257|196:0046:006A:005F:0257|197:0046:005A:005D:0257|198:0046:0062:0061:0277|199:0046:0062:0062:0287
round2_phase1,0xFE,3576,0x0002,0x0003,0x0000,0x01,0x0018,0x0000,0x0000,actor_2c8,5,0x10C408,0x01,0x17,0x01,0x00,0x1F,0x00,0x00,0x0267,0x0079,0x004B,0x00,0x46,0x00,190,10,190:0046:007A:0066:0267|191:0046:006A:0064:0267|192:0046:006A:0060:0267|193:0046:005A:005E:0267|194:0046:007A:0065:0257|195:0046:006A:0063:0257|196:0046:006A:005F:0257|197:0046:005A:005D:0257|198:0046:0062:0061:0277|199:0046:0062:0062:0287
round2_phase1,0xFE,3578,0x0002,0x0003,0x0000,0x01,0x0018,0x0000,0x0000,actor_2c8,5,0x10C408,0x01,0x17,0x01,0x00,0x1F,0x00,0x00,0x0267,0x0079,0x004B,0x00,0x46,0x00,190,10,190:0046:007A:0066:0267|191:0046:006A:0064:0267|192:0046:006A:004E:0267|193:0046:005A:004C:0267|194:0046:007A:0065:0257|195:0046:006A:0063:0257|196:0046:006A:004D:0257|197:0046:005A:004B:0257
round2_phase1,0xFE,3582,0x0002,0x0003,0x0000,0x01,0x0018,0x0000,0x0000,actor_2c8,5,0x10C408,0x01,0x1C,0x01,0x00,0x1F,0x00,0x00,0x0267,0x0079,0x004B,0x00,0x46,0x00,190,10,190:0046:007A:0066:0267|191:0046:006A:0064:0267|192:0046:006A:004E:0267|193:0046:005A:004C:0267|194:0046:007A:0065:0257|195:0046:006A:0063:0257|196:0046:006A:004D:0257|197:0046:005A:004B:0257
round2_phase1,0xFE,3586,0x0002,0x0003,0x0000,0x01,0x0018,0x0000,0x0000,actor_2c8,5,0x10C408,0x01,0x1D,0x01,0x00,0x1F,0x00,0x00,0x0265,0x0079,0x004B,0x00,0x46,0x00,190,10,190:0046:007A:0066:0266|191:0046:006A:0064:0266|192:0046:006A:0058:0266|193:0046:005A:0056:0266|194:0046:007A:0065:0256|195:0046:006A:0063:0256|196:0046:006A:0057:0256|197:0046:005A:0055:0256
round2_phase1,0xFE,3588,0x0002,0x0003,0x0000,0x01,0x0018,0x0000,0x0000,actor_2c8,5,0x10C408,0x01,0x1E,0x01,0x00,0x1F,0x00,0x00,0x0263,0x0079,0x004B,0x00,0x46,0x00,190,10,190:0046:007A:0066:0264|191:0046:006A:0064:0264|192:0046:006A:0058:0264|193:0046:005A:0056:0264|194:0046:007A:0065:0254|195:0046:006A:0063:0254|196:0046:006A:0057:0254|197:0046:005A:0055:0254
round2_phase1,0xFE,3590,0x0002,0x0003,0x0000,0x01,0x0018,0x0000,0x0000,actor_2c8,5,0x10C408,0x01,0x1E,0x01,0x00,0x1F,0x00,0x00,0x0261,0x0079,0x004B,0x00,0x46,0x00,190,10,190:0046:007A:0066:0262|191:0046:006A:0064:0262|192:0046:006A:005C:0262|193:0046:005A:005A:0262|194:0046:007A:0065:0252|195:0046:006A:0063:0252|196:0046:006A:005B:0252|197:0046:005A:0059:0252
round2_phase1,0xFE,3592,0x0002,0x0003,0x0000,0x01,0x0018,0x0000,0x0000,actor_2c8,5,0x10C408,0x01,0x1F,0x01,0x00,0x1F,0x00,0x00,0x025F,0x007C,0x004B,0x00,0x46,0x00,190,10,190:0046:007A:0066:0260|191:0046:006A:0064:0260|192:0046:006A:0060:0260|193:0046:005A:005E:0260|194:0046:007A:0065:0250|195:0046:006A:0063:0250|196:0046:006A:005F:0250|197:0046:005A:005D:0250|198:0046:0062:0061:0270|199:0046:0062:0062:0280
round2_phase1,0xFE,3594,0x0002,0x0003,0x0000,0x01,0x0018,0x0000,0x0000,actor_2c8,5,0x10C408,0x01,0x1F,0x01,0x00,0x1F,0x00,0x00,0x025E,0x0082,0x004B,0x00,0x46,0x00,190,10,190:0046:0080:0066:025E|191:0046:0070:0064:025E|192:0046:0070:0060:025E|193:0046:0060:005E:025E|194:0046:0080:0065:024E|195:0046:0070:0063:024E|196:0046:0070:005F:024E|197:0046:0060:005D:024E|198:0046:0068:0061:026E|199:0046:0068:0062:027E
round2_phase1,0xFE,3596,0x0002,0x0003,0x0000,0x01,0x0018,0x0000,0x0000,actor_2c8,5,0x10C408,0x01,0x1F,0x01,0x00,0x1F,0x00,0x00,0x025E,0x0087,0x004B,0x00,0x46,0x00,190,10,190:0046:0086:0066:025E|191:0046:0076:0064:025E|192:0046:0076:0060:025E|193:0046:0066:005E:025E|194:0046:0086:0065:024E|195:0046:0076:0063:024E|196:0046:0076:005F:024E|197:0046:0066:005D:024E|198:0046:006E:0061:026E|199:0046:006E:0062:027E
round2_phase1,0xFE,3598,0x0002,0x0003,0x0000,0x01,0x0018,0x0000,0x0000,actor_2c8,5,0x10C408,0x01,0x17,0x01,0x00,0x1F,0x00,0x00,0x025E,0x008A,0x004B,0x00,0x46,0x00,190,10,190:0046:008A:0066:025E|191:0046:007A:0064:025E|192:0046:007A:004E:025E|193:0046:006A:004C:025E|194:0046:008A:0065:024E|195:0046:007A:0063:024E|196:0046:007A:004D:024E|197:0046:006A:004B:024E
round2_phase1,0xFE,3600,0x0002,0x0003,0x0000,0x01,0x0018,0x0000,0x0000,actor_2c8,5,0x10C408,0x01,0x17,0x01,0x00,0x1F,0x00,0x00,0x025E,0x008B,0x004B,0x00,0x46,0x00,190,10,190:0046:008C:0066:025E|191:0046:007C:0064:025E|192:0046:007C:004E:025E|193:0046:006C:004C:025E|194:0046:008C:0065:024E|195:0046:007C:0063:024E|196:0046:007C:004D:024E|197:0046:006C:004B:024E
round2_phase1,0xFE,3604,0x0002,0x0003,0x0000,0x01,0x0018,0x0000,0x0000,actor_2c8,5,0x10C408,0x01,0x1C,0x01,0x00,0x1F,0x00,0x00,0x025E,0x008B,0x004B,0x00,0x46,0x00,190,10,190:0046:008C:0066:025E|191:0046:007C:0064:025E|192:0046:007C:0052:025E|193:0046:006C:0050:025E|194:0046:008C:0065:024E|195:0046:007C:0063:024E|196:0046:007C:0051:024E|197:0046:006C:004F:024E|198:0046:007C:0054:023E|199:0046:006C:0053:023E
round2_phase1,0xFE,3606,0x0002,0x0003,0x0000,0x01,0x0018,0x0000,0x0000,actor_2c8,5,0x10C408,0x01,0x1D,0x01,0x00,0x1F,0x00,0x00,0x025E,0x008B,0x004B,0x00,0x46,0x00,190,10,190:0046:008C:0066:025E|191:0046:007C:0064:025E|192:0046:007C:0052:025E|193:0046:006C:0050:025E|194:0046:008C:0065:024E|195:0046:007C:0063:024E|196:0046:007C:0051:024E|197:0046:006C:004F:024E|198:0046:007C:0054:023E|199:0046:006C:0053:023E
round2_phase1,0xFE,3608,0x0002,0x0003,0x0000,0x01,0x0018,0x0000,0x0000,actor_2c8,5,0x10C408,0x01,0x1D,0x01,0x00,0x1F,0x00,0x00,0x025E,0x008B,0x004B,0x00,0x46,0x00,190,10,190:0046:008C:0066:025E|191:0046:007C:0064:025E|192:0046:007C:0058:025E|193:0046:006C:0056:025E|194:0046:008C:0065:024E|195:0046:007C:0063:024E|196:0046:007C:0057:024E|197:0046:006C:0055:024E
round2_phase1,0xFE,3610,0x0002,0x0003,0x0000,0x01,0x0018,0x0000,0x0000,actor_2c8,5,0x10C408,0x01,0x1E,0x01,0x00,0x1F,0x00,0x00,0x025E,0x008B,0x004B,0x00,0x46,0x00,190,10,190:0046:008C:0066:025E|191:0046:007C:0064:025E|192:0046:007C:005C:025E|193:0046:006C:005A:025E|194:0046:008C:0065:024E|195:0046:007C:0063:024E|196:0046:007C:005B:024E|197:0046:006C:0059:024E
round2_phase1,0xFE,3612,0x0002,0x0003,0x0000,0x01,0x0018,0x0000,0x0000,actor_2c8,5,0x10C408,0x01,0x1F,0x01,0x00,0x1F,0x00,0x00,0x025E,0x008B,0x004B,0x00,0x46,0x00,190,10,190:0046:008C:0066:025E|191:0046:007C:0064:025E|192:0046:007C:005C:025E|193:0046:006C:005A:025E|194:0046:008C:0065:024E|195:0046:007C:0063:024E|196:0046:007C:005B:024E|197:0046:006C:0059:024E
round2_phase1,0xFE,3614,0x0002,0x0003,0x0000,0x01,0x0018,0x0000,0x0000,actor_2c8,5,0x10C408,0x01,0x1F,0x01,0x00,0x1F,0x00,0x00,0x025E,0x008B,0x004B,0x00,0x46,0x00,190,10,190:0046:008C:0066:025E|191:0046:007C:0064:025E|192:0046:007C:0060:025E|193:0046:006C:005E:025E|194:0046:008C:0065:024E|195:0046:007C:0063:024E|196:0046:007C:005F:024E|197:0046:006C:005D:024E|198:0046:0074:0061:026E|199:0046:0074:0062:027E
round2_phase1,0xFE,3618,0x0002,0x0003,0x0000,0x01,0x0018,0x0000,0x0000,actor_2c8,5,0x10C408,0x01,0x17,0x01,0x00,0x1F,0x00,0x00,0x025E,0x008B,0x004B,0x00,0x46,0x00,190,10,190:0046:008C:0066:025E|191:0046:007C:0064:025E|192:0046:007C:0060:025E|193:0046:006C:005E:025E|194:0046:008C:0065:024E|195:0046:007C:0063:024E|196:0046:007C:005F:024E|197:0046:006C:005D:024E|198:0046:0074:0061:026E|199:0046:0074:0062:027E
round2_phase1,0xFE,3622,0x0002,0x0003,0x0000,0x01,0x0018,0x0000,0x0000,actor_2c8,5,0x10C408,0x01,0x18,0x01,0x00,0x01,0x00,0x00,0x0260,0x008B,0x004B,0x00,0x46,0x00,190,10,190:0046:008C:0066:025E|191:0046:007C:0064:025E|192:0046:007C:004E:025E|193:0046:006C:004C:025E|194:0046:008C:0065:024E|195:0046:007C:0063:024E|196:0046:007C:004D:024E|197:0046:006C:004B:024E
round2_phase1,0xFE,3624,0x0002,0x0003,0x0000,0x01,0x0018,0x0000,0x0000,actor_2c8,5,0x10C408,0x01,0x18,0x01,0x00,0x01,0x00,0x00,0x0262,0x008B,0x004B,0x00,0x46,0x00,190,10,190:0046:008B:0069:0260|191:0046:007B:0067:0260|192:0046:007B:004E:0260|193:0046:006B:004C:0260|194:0046:008B:0068:0250|195:0046:007B:0063:0250|196:0046:007B:004D:0250|197:0046:006B:004B:0250
round2_phase1,0xFE,3626,0x0002,0x0003,0x0000,0x01,0x0018,0x0000,0x0000,actor_2c8,5,0x10C408,0x01,0x18,0x01,0x00,0x01,0x00,0x00,0x0264,0x008B,0x004B,0x00,0x46,0x00,190,10,190:0046:008B:0069:0262|191:0046:007B:0067:0262|192:0046:007B:004E:0262|193:0046:006B:004C:0262|194:0046:008B:0068:0252|195:0046:007B:0063:0252|196:0046:007B:004D:0252|197:0046:006B:004B:0252
round2_phase1,0xFE,3628,0x0002,0x0003,0x0000,0x01,0x0018,0x0000,0x0000,actor_2c8,5,0x10C408,0x01,0x19,0x01,0x00,0x01,0x00,0x00,0x0266,0x008B,0x004B,0x00,0x46,0x00,190,10,190:0046:008C:006D:0264|191:0046:007C:006B:0264|192:0046:007C:004E:0264|193:0046:006C:004C:0264|194:0046:008C:006C:0254|195:0046:007C:006A:0254|196:0046:007C:004D:0254|197:0046:006C:004B:0254
round2_phase1,0xFE,3630,0x0002,0x0003,0x0000,0x01,0x0018,0x0000,0x0000,actor_2c8,5,0x10C408,0x01,0x19,0x01,0x00,0x01,0x00,0x00,0x0266,0x008B,0x004B,0x00,0x46,0x00,190,10,190:0046:008C:006D:0266|191:0046:007C:006B:0266|192:0046:007C:004E:0266|193:0046:006C:004C:0266|194:0046:008C:006C:0256|195:0046:007C:006A:0256|196:0046:007C:004D:0256|197:0046:006C:004B:0256
round2_phase1,0xFE,3632,0x0002,0x0003,0x0000,0x01,0x0018,0x0000,0x0000,actor_2c8,5,0x10C408,0x01,0x1C,0x01,0x00,0x1F,0x00,0x00,0x0266,0x008B,0x004B,0x00,0x46,0x00,190,10,190:0046:008C:0066:0266|191:0046:007C:0064:0266|192:0046:007C:0052:0266|193:0046:006C:0050:0266|194:0046:008C:0065:0256|195:0046:007C:0063:0256|196:0046:007C:0051:0256|197:0046:006C:004F:0256|198:0046:007C:0054:0246|199:0046:006C:0053:0246
round2_phase1,0xFE,3634,0x0002,0x0003,0x0000,0x01,0x0018,0x0000,0x0000,actor_2c8,5,0x10C408,0x01,0x1D,0x01,0x00,0x1F,0x00,0x00,0x0266,0x008B,0x004B,0x00,0x46,0x00,190,10,190:0046:008C:0066:0266|191:0046:007C:0064:0266|192:0046:007C:0052:0266|193:0046:006C:0050:0266|194:0046:008C:0065:0256|195:0046:007C:0063:0256|196:0046:007C:0051:0256|197:0046:006C:004F:0256|198:0046:007C:0054:0246|199:0046:006C:0053:0246
round2_phase1,0xFE,3636,0x0002,0x0003,0x0000,0x01,0x0018,0x0000,0x0000,actor_2c8,5,0x10C408,0x01,0x1D,0x01,0x00,0x1F,0x00,0x00,0x0266,0x008B,0x004B,0x00,0x46,0x00,190,10,190:0046:008C:0066:0266|191:0046:007C:0064:0266|192:0046:007C:0058:0266|193:0046:006C:0056:0266|194:0046:008C:0065:0256|195:0046:007C:0063:0256|196:0046:007C:0057:0256|197:0046:006C:0055:0256
round2_phase1,0xFE,3638,0x0002,0x0003,0x0000,0x01,0x0018,0x0000,0x0000,actor_2c8,5,0x10C408,0x01,0x1E,0x01,0x00,0x1F,0x00,0x00,0x0266,0x008B,0x004B,0x00,0x46,0x00,190,10,190:0046:008C:0066:0266|191:0046:007C:0064:0266|192:0046:007C:005C:0266|193:0046:006C:005A:0266|194:0046:008C:0065:0256|195:0046:007C:0063:0256|196:0046:007C:005B:0256|197:0046:006C:0059:0256
round2_phase1,0xFE,3640,0x0002,0x0003,0x0000,0x01,0x0018,0x0000,0x0000,actor_2c8,5,0x10C408,0x01,0x1F,0x01,0x00,0x1F,0x00,0x00,0x0266,0x008B,0x004B,0x00,0x46,0x00,190,10,190:0046:008C:0066:0266|191:0046:007C:0064:0266|192:0046:007C:005C:0266|193:0046:006C:005A:0266|194:0046:008C:0065:0256|195:0046:007C:0063:0256|196:0046:007C:005B:0256|197:0046:006C:0059:0256
round2_phase1,0xFE,3642,0x0002,0x0003,0x0000,0x01,0x0018,0x0000,0x0000,actor_2c8,5,0x10C408,0x01,0x1F,0x01,0x00,0x1F,0x00,0x00,0x0266,0x008B,0x004B,0x00,0x46,0x00,190,10,190:0046:008C:0066:0266|191:0046:007C:0064:0266|192:0046:007C:0060:0266|193:0046:006C:005E:0266|194:0046:008C:0065:0256|195:0046:007C:0063:0256|196:0046:007C:005F:0256|197:0046:006C:005D:0256|198:0046:0074:0061:0276|199:0046:0074:0062:0286
round2_phase1,0xFE,3646,0x0002,0x0003,0x0000,0x01,0x0018,0x0000,0x0000,actor_2c8,5,0x10C408,0x01,0x17,0x01,0x00,0x1F,0x00,0x00,0x0266,0x008B,0x004B,0x00,0x46,0x00,190,10,190:0046:008C:0066:0266|191:0046:007C:0064:0266|192:0046:007C:0060:0266|193:0046:006C:005E:0266|194:0046:008C:0065:0256|195:0046:007C:0063:0256|196:0046:007C:005F:0256|197:0046:006C:005D:0256|198:0046:0074:0061:0276|199:0046:0074:0062:0286
round2_phase1,0xFE,3648,0x0002,0x0003,0x0000,0x01,0x0018,0x0000,0x0000,actor_2c8,5,0x10C408,0x01,0x17,0x01,0x00,0x1F,0x00,0x00,0x0266,0x008B,0x004B,0x00,0x46,0x00,190,10,190:0046:008C:0066:0266|191:0046:007C:0064:0266|192:0046:007C:004E:0266|193:0046:006C:004C:0266|194:0046:008C:0065:0256|195:0046:007C:0063:0256|196:0046:007C:004D:0256|197:0046:006C:004B:0256
round2_phase1,0xFE,3652,0x0002,0x0003,0x0000,0x01,0x0018,0x0000,0x0000,actor_2c8,5,0x10C408,0x01,0x1C,0x01,0x00,0x1F,0x00,0x00,0x0266,0x008D,0x004B,0x00,0x46,0x00,190,10,190:0046:008E:0066:0266|191:0046:007E:0064:0266|192:0046:007E:004E:0266|193:0046:006E:004C:0266|194:0046:008E:0065:0256|195:0046:007E:0063:0256|196:0046:007E:004D:0256|197:0046:006E:004B:0256
round2_phase1,0xFE,3654,0x0002,0x0003,0x0000,0x01,0x0018,0x0000,0x0000,actor_2c8,5,0x10C408,0x01,0x1C,0x01,0x00,0x1F,0x00,0x00,0x0266,0x008D,0x004B,0x00,0x46,0x00,190,10,190:0046:008E:0066:0266|191:0046:007E:0064:0266|192:0046:007E:0052:0266|193:0046:006E:0050:0266|194:0046:008E:0065:0256|195:0046:007E:0063:0256|196:0046:007E:0051:0256|197:0046:006E:004F:0256|198:0046:007E:0054:0246|199:0046:006E:0053:0246
round2_phase1,0xFE,3656,0x0002,0x0003,0x0000,0x01,0x0018,0x0000,0x0000,actor_2c8,5,0x10C408,0x01,0x1D,0x01,0x00,0x1F,0x00,0x00,0x0266,0x008D,0x004B,0x00,0x46,0x00,190,10,190:0046:008E:0066:0266|191:0046:007E:0064:0266|192:0046:007E:0058:0266|193:0046:006E:0056:0266|194:0046:008E:0065:0256|195:0046:007E:0063:0256|196:0046:007E:0057:0256|197:0046:006E:0055:0256
round2_phase1,0xFE,3658,0x0002,0x0003,0x0000,0x01,0x0018,0x0000,0x0000,actor_2c8,5,0x10C408,0x01,0x1E,0x01,0x00,0x1F,0x00,0x00,0x0266,0x008D,0x004B,0x00,0x46,0x00,190,10,190:0046:008E:0066:0266|191:0046:007E:0064:0266|192:0046:007E:0058:0266|193:0046:006E:0056:0266|194:0046:008E:0065:0256|195:0046:007E:0063:0256|196:0046:007E:0057:0256|197:0046:006E:0055:0256
round2_phase1,0xFE,3660,0x0002,0x0003,0x0000,0x01,0x0018,0x0000,0x0000,actor_2c8,5,0x10C408,0x01,0x1E,0x01,0x00,0x1F,0x00,0x00,0x0266,0x008D,0x004B,0x00,0x46,0x00,190,10,190:0046:008E:0066:0266|191:0046:007E:0064:0266|192:0046:007E:005C:0266|193:0046:006E:005A:0266|194:0046:008E:0065:0256|195:0046:007E:0063:0256|196:0046:007E:005B:0256|197:0046:006E:0059:0256
round2_phase1,0xFE,3662,0x0002,0x0003,0x0000,0x01,0x0018,0x0000,0x0000,actor_2c8,5,0x10C408,0x01,0x1F,0x01,0x00,0x1F,0x00,0x00,0x0266,0x008D,0x004B,0x00,0x46,0x00,190,10,190:0046:008E:0066:0266|191:0046:007E:0064:0266|192:0046:007E:0060:0266|193:0046:006E:005E:0266|194:0046:008E:0065:0256|195:0046:007E:0063:0256|196:0046:007E:005F:0256|197:0046:006E:005D:0256|198:0046:0076:0061:0276|199:0046:0076:0062:0286
round2_phase1,0xFE,3668,0x0002,0x0003,0x0000,0x01,0x0018,0x0000,0x0000,actor_2c8,5,0x10C408,0x01,0x17,0x01,0x00,0x1F,0x00,0x00,0x0266,0x008D,0x004B,0x00,0x46,0x00,190,10,190:0046:008E:0066:0266|191:0046:007E:0064:0266|192:0046:007E:004E:0266|193:0046:006E:004C:0266|194:0046:008E:0065:0256|195:0046:007E:0063:0256|196:0046:007E:004D:0256|197:0046:006E:004B:0256
round2_phase1,0xFE,3672,0x0002,0x0003,0x0000,0x01,0x0018,0x0000,0x0000,actor_2c8,5,0x10C408,0x01,0x18,0x01,0x00,0x01,0x00,0x00,0x0268,0x008D,0x004B,0x00,0x46,0x00,190,10,190:0046:008D:0069:0268|191:0046:007D:0067:0268|192:0046:007D:004E:0268|193:0046:006D:004C:0268|194:0046:008D:0068:0258|195:0046:007D:0063:0258|196:0046:007D:004D:0258|197:0046:006D:004B:0258
round2_phase1,0xFE,3674,0x0002,0x0003,0x0000,0x01,0x0018,0x0000,0x0000,actor_2c8,5,0x10C408,0x01,0x18,0x01,0x00,0x01,0x00,0x00,0x026A,0x008D,0x004B,0x00,0x46,0x00,190,10,190:0046:008D:0069:026A|191:0046:007D:0067:026A|192:0046:007D:004E:026A|193:0046:006D:004C:026A|194:0046:008D:0068:025A|195:0046:007D:0063:025A|196:0046:007D:004D:025A|197:0046:006D:004B:025A
round2_phase1,0xFE,3676,0x0002,0x0003,0x0000,0x01,0x0018,0x0000,0x0000,actor_2c8,5,0x10C408,0x01,0x17,0x01,0x00,0x01,0x00,0x00,0x026C,0x008D,0x004B,0x00,0x46,0x00,190,10,190:0046:008E:0066:026C|191:0046:007E:0064:026C|192:0046:007E:004E:026C|193:0046:006E:004C:026C|194:0046:008E:0065:025C|195:0046:007E:0063:025C|196:0046:007E:004D:025C|197:0046:006E:004B:025C
round2_phase1,0xFE,3678,0x0002,0x0003,0x0000,0x01,0x0018,0x0000,0x0000,actor_2c8,5,0x10C408,0x01,0x17,0x01,0x00,0x01,0x00,0x00,0x026E,0x008D,0x004B,0x00,0x46,0x00,190,10,190:0046:008E:0066:026E|191:0046:007E:0064:026E|192:0046:007E:004E:026E|193:0046:006E:004C:026E|194:0046:008E:0065:025E|195:0046:007E:0063:025E|196:0046:007E:004D:025E|197:0046:006E:004B:025E
round2_phase1,0xFE,3680,0x0002,0x0003,0x0000,0x01,0x0018,0x0000,0x0000,actor_2c8,5,0x10C408,0x01,0x17,0x00,0x00,0x02,0x00,0x00,0x026C,0x008D,0x004B,0x01,0x46,0x00,190,10,190:4046:008E:0066:025D|191:4046:007E:0064:025D|192:4046:007E:004E:025D|193:4046:006E:004C:025D|194:4046:008E:0065:026D|195:4046:007E:0063:026D|196:4046:007E:004D:026D|197:4046:006E:004B:026D
round2_phase1,0xFE,3682,0x0002,0x0003,0x0000,0x01,0x0018,0x0000,0x0000,actor_2c8,5,0x10C408,0x01,0x17,0x00,0x00,0x02,0x00,0x00,0x0268,0x008D,0x004B,0x01,0x46,0x00,190,10,190:0046:008E:0066:026A|191:0046:007E:0064:026A|192:0046:007E:004E:026A|193:0046:006E:004C:026A|194:0046:008E:0065:025A|195:0046:007E:0063:025A|196:0046:007E:004D:025A|197:0046:006E:004B:025A
round2_phase1,0xFE,3684,0x0002,0x0003,0x0000,0x01,0x0018,0x0000,0x0000,actor_2c8,5,0x10C408,0x01,0x18,0x00,0x00,0x02,0x00,0x00,0x0266,0x008D,0x004B,0x01,0x46,0x00,190,10,190:0046:008D:0069:0266|191:0046:007D:0067:0266|192:0046:007D:004E:0266|193:0046:006D:004C:0266|194:0046:008D:0068:0256|195:0046:007D:0063:0256|196:0046:007D:004D:0256|197:0046:006D:004B:0256
round2_phase1,0xFE,3686,0x0002,0x0003,0x0000,0x01,0x0018,0x0000,0x0000,actor_2c8,5,0x10C408,0x01,0x18,0x00,0x00,0x02,0x00,0x00,0x0262,0x008D,0x004B,0x01,0x46,0x00,190,10,190:0046:008D:0069:0264|191:0046:007D:0067:0264|192:0046:007D:004E:0264|193:0046:006D:004C:0264|194:0046:008D:0068:0254|195:0046:007D:0063:0254|196:0046:007D:004D:0254|197:0046:006D:004B:0254
round2_phase1,0xFE,3688,0x0002,0x0003,0x0000,0x01,0x0018,0x0000,0x0000,actor_2c8,5,0x10C408,0x01,0x18,0x00,0x00,0x02,0x00,0x00,0x025E,0x008D,0x004B,0x01,0x46,0x00,190,10,190:0046:008D:0069:0260|191:0046:007D:0067:0260|192:0046:007D:004E:0260|193:0046:006D:004C:0260|194:0046:008D:0068:0250|195:0046:007D:0063:0250|196:0046:007D:004D:0250|197:0046:006D:004B:0250
round2_phase1,0xFE,3690,0x0002,0x0003,0x0000,0x01,0x0018,0x0000,0x0000,actor_2c8,5,0x10C408,0x01,0x18,0x00,0x00,0x02,0x00,0x00,0x025C,0x008D,0x004B,0x01,0x46,0x00,190,10,190:0046:008D:0069:025E|191:0046:007D:0067:025E|192:0046:007D:004E:025E|193:0046:006D:004C:025E|194:0046:008D:0068:024E|195:0046:007D:0063:024E|196:0046:007D:004D:024E|197:0046:006D:004B:024E
round2_phase1,0xFE,3692,0x0002,0x0003,0x0000,0x01,0x0018,0x0000,0x0000,actor_2c8,5,0x10C408,0x01,0x19,0x00,0x00,0x02,0x00,0x00,0x0258,0x008D,0x004B,0x01,0x46,0x00,190,10,190:0046:008E:006D:025A|191:0046:007E:006B:025A|192:0046:007E:004E:025A|193:0046:006E:004C:025A|194:0046:008E:006C:024A|195:0046:007E:006A:024A|196:0046:007E:004D:024A|197:0046:006E:004B:024A
round2_phase1,0xFE,3694,0x0002,0x0003,0x0000,0x01,0x0018,0x0000,0x0000,actor_2c8,5,0x10C408,0x01,0x19,0x00,0x00,0x02,0x00,0x00,0x0256,0x008D,0x004B,0x01,0x46,0x00,190,10,190:0046:008E:006D:0256|191:0046:007E:006B:0256|192:0046:007E:004E:0256|193:0046:006E:004C:0256|194:0046:008E:006C:0246|195:0046:007E:006A:0246|196:0046:007E:004D:0246|197:0046:006E:004B:0246
round2_phase1,0xFE,3696,0x0002,0x0003,0x0000,0x01,0x0018,0x0000,0x0000,actor_2c8,5,0x10C408,0x01,0x19,0x00,0x00,0x02,0x00,0x00,0x0252,0x008D,0x004B,0x01,0x46,0x00,190,10,190:0046:008E:006D:0254|191:0046:007E:006B:0254|192:0046:007E:004E:0254|193:0046:006E:004C:0254|194:0046:008E:006C:0244|195:0046:007E:006A:0244|196:0046:007E:004D:0244|197:0046:006E:004B:0244
round2_phase1,0xFE,3698,0x0002,0x0003,0x0000,0x01,0x0018,0x0000,0x0000,actor_2c8,5,0x10C408,0x01,0x19,0x00,0x00,0x02,0x00,0x00,0x024E,0x008D,0x004B,0x01,0x46,0x00,190,10,190:0046:008E:006D:0250|191:0046:007E:006B:0250|192:0046:007E:004E:0250|193:0046:006E:004C:0250|194:0046:008E:006C:0240|195:0046:007E:006A:0240|196:0046:007E:004D:0240|197:0046:006E:004B:0240
round2_phase1,0xFE,3700,0x0002,0x0003,0x0000,0x01,0x0018,0x0000,0x0000,actor_2c8,5,0x10C408,0x01,0x18,0x00,0x00,0x02,0x00,0x00,0x024C,0x008D,0x004B,0x01,0x46,0x00,190,10,190:0046:008D:0069:024E|191:0046:007D:0067:024E|192:0046:007D:004E:024E|193:0046:006D:004C:024E|194:0046:008D:0068:023E|195:0046:007D:0063:023E|196:0046:007D:004D:023E|197:0046:006D:004B:023E
round2_phase1,0xFE,3702,0x0002,0x0003,0x0000,0x01,0x0018,0x0000,0x0000,actor_2c8,5,0x10C408,0x01,0x18,0x00,0x00,0x02,0x00,0x00,0x0248,0x008D,0x004B,0x01,0x46,0x00,190,10,190:0046:008D:0069:024A|191:0046:007D:0067:024A|192:0046:007D:004E:024A|193:0046:006D:004C:024A|194:0046:008D:0068:023A|195:0046:007D:0063:023A|196:0046:007D:004D:023A|197:0046:006D:004B:023A
round2_phase1,0xFE,3704,0x0002,0x0003,0x0000,0x01,0x0018,0x0000,0x0000,actor_2c8,5,0x10C408,0x01,0x18,0x00,0x00,0x02,0x00,0x00,0x0246,0x008D,0x004B,0x01,0x46,0x00,190,10,190:0046:008D:0069:0246|191:0046:007D:0067:0246|192:0046:007D:004E:0246|193:0046:006D:004C:0246|194:0046:008D:0068:0236|195:0046:007D:0063:0236|196:0046:007D:004D:0236|197:0046:006D:004B:0236
round2_phase1,0xFE,3706,0x0002,0x0003,0x0000,0x01,0x0018,0x0000,0x0000,actor_2c8,5,0x10C408,0x01,0x18,0x00,0x00,0x02,0x00,0x00,0x0242,0x008D,0x004B,0x01,0x46,0x00,190,10,190:0046:008D:0069:0244|191:0046:007D:0067:0244|192:0046:007D:004E:0244|193:0046:006D:004C:0244|194:0046:008D:0068:0234|195:0046:007D:0063:0234|196:0046:007D:004D:0234|197:0046:006D:004B:0234
round2_phase1,0xFE,3708,0x0002,0x0003,0x0000,0x01,0x0018,0x0000,0x0000,actor_2c8,5,0x10C408,0x01,0x17,0x00,0x00,0x02,0x00,0x00,0x023E,0x008D,0x004B,0x01,0x46,0x00,190,10,190:0046:008E:0066:0240|191:0046:007E:0064:0240|192:0046:007E:004E:0240|193:0046:006E:004C:0240|194:0046:008E:0065:0230|195:0046:007E:0063:0230|196:0046:007E:004D:0230|197:0046:006E:004B:0230
round2_phase1,0xFE,3710,0x0002,0x0003,0x0000,0x01,0x0018,0x0000,0x0000,actor_2c8,5,0x10C408,0x01,0x17,0x00,0x00,0x02,0x00,0x00,0x023C,0x008D,0x004B,0x01,0x46,0x00,190,10,190:0046:008E:0066:023E|191:0046:007E:0064:023E|192:0046:007E:004E:023E|193:0046:006E:004C:023E|194:0046:008E:0065:022E|195:0046:007E:0063:022E|196:0046:007E:004D:022E|197:0046:006E:004B:022E
round2_phase1,0xFE,3712,0x0002,0x0003,0x0000,0x01,0x0018,0x0000,0x0000,actor_2c8,5,0x10C408,0x01,0x17,0x00,0x00,0x02,0x00,0x00,0x0238,0x008D,0x004B,0x00,0x46,0x00,190,10,190:0046:008E:0066:023A|191:0046:007E:0064:023A|192:0046:007E:004E:023A|193:0046:006E:004C:023A|194:0046:008E:0065:022A|195:0046:007E:0063:022A|196:0046:007E:004D:022A|197:0046:006E:004B:022A
round2_phase1,0xFE,3714,0x0002,0x0003,0x0000,0x01,0x0018,0x0000,0x0000,actor_2c8,5,0x10C408,0x01,0x17,0x00,0x00,0x02,0x00,0x00,0x0236,0x008D,0x004B,0x00,0x46,0x00,190,10,190:4046:008E:0066:0225|191:4046:007E:0064:0225|192:4046:007E:004E:0225|193:4046:006E:004C:0225|194:4046:008E:0065:0235|195:4046:007E:0063:0235|196:4046:007E:004D:0235|197:4046:006E:004B:0235
round2_phase1,0xFE,3716,0x0002,0x0003,0x0000,0x01,0x0018,0x0000,0x0000,actor_2c8,5,0x10C408,0x01,0x18,0x00,0x00,0x02,0x00,0x00,0x0234,0x008D,0x004B,0x00,0x46,0x00,190,10,190:4046:008D:0069:0223|191:4046:007D:0067:0223|192:4046:007D:004E:0223|193:4046:006D:004C:0223|194:4046:008D:0068:0233|195:4046:007D:0063:0233|196:4046:007D:004D:0233|197:4046:006D:004B:0233
round2_phase1,0xFE,3718,0x0002,0x0003,0x0000,0x01,0x0018,0x0000,0x0000,actor_2c8,5,0x10C408,0x01,0x18,0x00,0x00,0x02,0x00,0x00,0x0232,0x008D,0x004B,0x00,0x46,0x00,190,10,190:4046:008D:0069:0221|191:4046:007D:0067:0221|192:4046:007D:004E:0221|193:4046:006D:004C:0221|194:4046:008D:0068:0231|195:4046:007D:0063:0231|196:4046:007D:004D:0231|197:4046:006D:004B:0231
round2_phase1,0xFE,3720,0x0002,0x0003,0x0000,0x01,0x0018,0x0000,0x0000,actor_2c8,5,0x10C408,0x01,0x18,0x00,0x00,0x02,0x00,0x00,0x0230,0x008D,0x004B,0x00,0x46,0x00,190,10,190:4046:008D:0069:021F|191:4046:007D:0067:021F|192:4046:007D:004E:021F|193:4046:006D:004C:021F|194:4046:008D:0068:022F|195:4046:007D:0063:022F|196:4046:007D:004D:022F|197:4046:006D:004B:022F
round2_phase1,0xFE,3722,0x0002,0x0003,0x0000,0x01,0x0018,0x0000,0x0000,actor_2c8,5,0x10C408,0x01,0x18,0x00,0x00,0x02,0x00,0x00,0x022E,0x008D,0x004B,0x00,0x46,0x00,190,10,190:4046:008D:0069:021D|191:4046:007D:0067:021D|192:4046:007D:004E:021D|193:4046:006D:004C:021D|194:4046:008D:0068:022D|195:4046:007D:0063:022D|196:4046:007D:004D:022D|197:4046:006D:004B:022D
round2_phase1,0xFE,3724,0x0002,0x0003,0x0000,0x01,0x0018,0x0000,0x0000,actor_2c8,5,0x10C408,0x01,0x19,0x00,0x00,0x02,0x00,0x00,0x022C,0x008D,0x004B,0x00,0x46,0x00,190,10,190:4046:008E:006D:021D|191:4046:007E:006B:021D|192:4046:007E:004E:021D|193:4046:006E:004C:021D|194:4046:008E:006C:022D|195:4046:007E:006A:022D|196:4046:007E:004D:022D|197:4046:006E:004B:022D
round2_phase1,0xFE,3726,0x0002,0x0003,0x0000,0x01,0x0018,0x0000,0x0000,actor_2c8,5,0x10C408,0x01,0x19,0x00,0x00,0x02,0x00,0x00,0x022A,0x008D,0x004B,0x00,0x46,0x00,190,10,190:4046:008E:006D:021B|191:4046:007E:006B:021B|192:4046:007E:004E:021B|193:4046:006E:004C:021B|194:4046:008E:006C:022B|195:4046:007E:006A:022B|196:4046:007E:004D:022B|197:4046:006E:004B:022B
round2_phase1,0xFE,3728,0x0002,0x0003,0x0000,0x01,0x0018,0x0000,0x0000,actor_2c8,5,0x10C408,0x01,0x19,0x00,0x00,0x02,0x00,0x00,0x0228,0x008D,0x004B,0x00,0x46,0x00,190,10,190:4046:008E:006D:0219|191:4046:007E:006B:0219|192:4046:007E:004E:0219|193:4046:006E:004C:0219|194:4046:008E:006C:0229|195:4046:007E:006A:0229|196:4046:007E:004D:0229|197:4046:006E:004B:0229
round2_phase1,0xFE,3730,0x0002,0x0003,0x0000,0x01,0x0018,0x0000,0x0000,actor_2c8,5,0x10C408,0x01,0x19,0x00,0x00,0x02,0x00,0x00,0x0226,0x008D,0x004B,0x00,0x46,0x00,190,10,190:4046:008E:006D:0217|191:4046:007E:006B:0217|192:4046:007E:004E:0217|193:4046:006E:004C:0217|194:4046:008E:006C:0227|195:4046:007E:006A:0227|196:4046:007E:004D:0227|197:4046:006E:004B:0227
round2_phase1,0xFE,3732,0x0002,0x0003,0x0000,0x01,0x0018,0x0000,0x0000,actor_2c8,5,0x10C408,0x01,0x18,0x00,0x00,0x02,0x00,0x00,0x0226,0x008D,0x004B,0x00,0x46,0x00,190,10,190:4046:008D:0069:0215|191:4046:007D:0067:0215|192:4046:007D:004E:0215|193:4046:006D:004C:0215|194:4046:008D:0068:0225|195:4046:007D:0063:0225|196:4046:007D:004D:0225|197:4046:006D:004B:0225
round2_phase1,0xFE,3734,0x0002,0x0003,0x0000,0x01,0x0018,0x0000,0x0000,actor_2c8,5,0x10C408,0x01,0x18,0x00,0x00,0x02,0x00,0x00,0x0224,0x008D,0x004B,0x00,0x46,0x00,190,10,190:4046:008D:0069:0213|191:4046:007D:0067:0213|192:4046:007D:004E:0213|193:4046:006D:004C:0213|194:4046:008D:0068:0223|195:4046:007D:0063:0223|196:4046:007D:004D:0223|197:4046:006D:004B:0223
round2_phase1,0xFE,3736,0x0002,0x0003,0x0000,0x01,0x0018,0x0000,0x0000,actor_2c8,5,0x10C408,0x01,0x18,0x00,0x00,0x02,0x00,0x00,0x0222,0x008D,0x004B,0x00,0x46,0x00,190,10,190:4046:008D:0069:0211|191:4046:007D:0067:0211|192:4046:007D:004E:0211|193:4046:006D:004C:0211|194:4046:008D:0068:0221|195:4046:007D:0063:0221|196:4046:007D:004D:0221|197:4046:006D:004B:0221
round2_phase1,0xFE,3738,0x0002,0x0003,0x0000,0x01,0x0018,0x0000,0x0000,actor_2c8,5,0x10C408,0x01,0x18,0x00,0x00,0x02,0x00,0x00,0x0220,0x008D,0x004B,0x00,0x46,0x00,190,10,190:4046:008D:0069:020F|191:4046:007D:0067:020F|192:4046:007D:004E:020F|193:4046:006D:004C:020F|194:4046:008D:0068:021F|195:4046:007D:0063:021F|196:4046:007D:004D:021F|197:4046:006D:004B:021F
round2_phase1,0xFE,3740,0x0002,0x0003,0x0000,0x01,0x0018,0x0000,0x0000,actor_2c8,5,0x10C408,0x01,0x17,0x00,0x00,0x02,0x00,0x00,0x021E,0x008D,0x004B,0x00,0x46,0x00,190,10,190:4046:008E:0066:020D|191:4046:007E:0064:020D|192:4046:007E:004E:020D|193:4046:006E:004C:020D|194:4046:008E:0065:021D|195:4046:007E:0063:021D|196:4046:007E:004D:021D|197:4046:006E:004B:021D
round2_phase1,0xFE,3744,0x0002,0x0003,0x0000,0x01,0x0018,0x0000,0x0000,actor_2c8,5,0x10C408,0x01,0x17,0x00,0x00,0x02,0x00,0x00,0x021A,0x008D,0x004B,0x00,0x46,0x00,190,10,190:4046:008E:0066:020B|191:4046:007E:0064:020B|192:4046:007E:004E:020B|193:4046:006E:004C:020B|194:4046:008E:0065:021B|195:4046:007E:0063:021B|196:4046:007E:004D:021B|197:4046:006E:004B:021B
round2_phase1,0xFE,3746,0x0002,0x0003,0x0000,0x01,0x0018,0x0000,0x0000,actor_2c8,5,0x10C408,0x01,0x17,0x00,0x00,0x02,0x00,0x00,0x0218,0x008D,0x004B,0x00,0x46,0x00,190,10,190:4046:008E:0066:0209|191:4046:007E:0064:0209|192:4046:007E:004E:0209|193:4046:006E:004C:0209|194:4046:008E:0065:0219|195:4046:007E:0063:0219|196:4046:007E:004D:0219|197:4046:006E:004B:0219
round2_phase1,0xFE,3748,0x0002,0x0003,0x0000,0x01,0x0018,0x0000,0x0000,actor_2c8,5,0x10C408,0x01,0x18,0x00,0x00,0x02,0x00,0x00,0x0216,0x008D,0x004B,0x00,0x46,0x00,190,10,190:4046:008D:0069:0207|191:4046:007D:0067:0207|192:4046:007D:004E:0207|193:4046:006D:004C:0207|194:4046:008D:0068:0217|195:4046:007D:0063:0217|196:4046:007D:004D:0217|197:4046:006D:004B:0217
round2_phase1,0xFE,3750,0x0002,0x0003,0x0000,0x01,0x0018,0x0000,0x0000,actor_2c8,5,0x10C408,0x01,0x18,0x00,0x00,0x02,0x00,0x00,0x0216,0x008D,0x004B,0x00,0x46,0x00,190,10,190:4046:008D:0069:0205|191:4046:007D:0067:0205|192:4046:007D:004E:0205|193:4046:006D:004C:0205|194:4046:008D:0068:0215|195:4046:007D:0063:0215|196:4046:007D:004D:0215|197:4046:006D:004B:0215
round2_phase1,0xFE,3752,0x0002,0x0003,0x0000,0x01,0x0018,0x0000,0x0000,actor_2c8,5,0x10C408,0x01,0x18,0x00,0x00,0x02,0x00,0x00,0x0214,0x008D,0x004B,0x00,0x46,0x00,190,10,190:4046:008D:0069:0203|191:4046:007D:0067:0203|192:4046:007D:004E:0203|193:4046:006D:004C:0203|194:4046:008D:0068:0213|195:4046:007D:0063:0213|196:4046:007D:004D:0213|197:4046:006D:004B:0213
round2_phase1,0xFE,3754,0x0002,0x0003,0x0000,0x01,0x0018,0x0000,0x0000,actor_2c8,5,0x10C408,0x01,0x18,0x00,0x00,0x02,0x00,0x00,0x0212,0x008D,0x004B,0x00,0x46,0x00,190,10,190:4046:008D:0069:0201|191:4046:007D:0067:0201|192:4046:007D:004E:0201|193:4046:006D:004C:0201|194:4046:008D:0068:0211|195:4046:007D:0063:0211|196:4046:007D:004D:0211|197:4046:006D:004B:0211
round2_phase1,0xFE,3756,0x0002,0x0003,0x0000,0x01,0x0018,0x0000,0x0000,actor_2c8,5,0x10C408,0x01,0x19,0x00,0x00,0x02,0x00,0x00,0x0210,0x008D,0x004B,0x00,0x46,0x00,190,10,190:4046:008E:006D:01FF|191:4046:007E:006B:01FF|192:4046:007E:004E:01FF|193:4046:006E:004C:01FF|194:4046:008E:006C:020F|195:4046:007E:006A:020F|196:4046:007E:004D:020F|197:4046:006E:004B:020F
round2_phase1,0xFE,3758,0x0002,0x0003,0x0000,0x01,0x0018,0x0000,0x0000,actor_2c8,5,0x10C408,0x01,0x19,0x00,0x00,0x02,0x00,0x00,0x020E,0x008D,0x004B,0x00,0x46,0x00,190,10,190:4046:008E:006D:01FD|191:4046:007E:006B:01FD|192:4046:007E:004E:01FD|193:4046:006E:004C:01FD|194:4046:008E:006C:020D|195:4046:007E:006A:020D|196:4046:007E:004D:020D|197:4046:006E:004B:020D
round2_phase1,0xFE,3762,0x0002,0x0003,0x0000,0x01,0x0018,0x0000,0x0000,actor_2c8,5,0x10C408,0x01,0x19,0x00,0x00,0x02,0x00,0x00,0x020A,0x008D,0x004B,0x00,0x46,0x00,190,10,190:4046:008E:006D:01FB|191:4046:007E:006B:01FB|192:4046:007E:004E:01FB|193:4046:006E:004C:01FB|194:4046:008E:006C:020B|195:4046:007E:006A:020B|196:4046:007E:004D:020B|197:4046:006E:004B:020B
round2_phase1,0xFE,3764,0x0002,0x0003,0x0000,0x01,0x0018,0x0000,0x0000,actor_2c8,5,0x10C408,0x01,0x18,0x00,0x00,0x02,0x00,0x00,0x0208,0x008D,0x004B,0x00,0x46,0x00,190,10,190:4046:008D:0069:01F9|191:4046:007D:0067:01F9|192:4046:007D:004E:01F9|193:4046:006D:004C:01F9|194:4046:008D:0068:0209|195:4046:007D:0063:0209|196:4046:007D:004D:0209|197:4046:006D:004B:0209
round2_phase1,0xFE,3766,0x0002,0x0003,0x0000,0x01,0x0018,0x0000,0x0000,actor_2c8,5,0x10C408,0x01,0x18,0x00,0x00,0x02,0x00,0x00,0x0206,0x008D,0x004B,0x00,0x46,0x00,190,10,190:4046:008D:0069:01F7|191:4046:007D:0067:01F7|192:4046:007D:004E:01F7|193:4046:006D:004C:01F7|194:4046:008D:0068:0207|195:4046:007D:0063:0207|196:4046:007D:004D:0207|197:4046:006D:004B:0207
round2_phase1,0xFE,3768,0x0002,0x0003,0x0000,0x01,0x0018,0x0000,0x0000,actor_2c8,5,0x10C408,0x01,0x18,0x00,0x00,0x02,0x00,0x00,0x0206,0x008D,0x004B,0x00,0x46,0x00,190,10,190:4046:008D:0069:01F5|191:4046:007D:0067:01F5|192:4046:007D:004E:01F5|193:4046:006D:004C:01F5|194:4046:008D:0068:0205|195:4046:007D:0063:0205|196:4046:007D:004D:0205|197:4046:006D:004B:0205
round2_phase1,0xFE,3770,0x0002,0x0003,0x0000,0x01,0x0018,0x0000,0x0000,actor_2c8,5,0x10C408,0x01,0x18,0x00,0x00,0x02,0x00,0x00,0x0204,0x008D,0x004B,0x00,0x46,0x00,190,10,190:4046:008D:0069:01F3|191:4046:007D:0067:01F3|192:4046:007D:004E:01F3|193:4046:006D:004C:01F3|194:4046:008D:0068:0203|195:4046:007D:0063:0203|196:4046:007D:004D:0203|197:4046:006D:004B:0203
round2_phase1,0xFE,3772,0x0002,0x0003,0x0000,0x01,0x0018,0x0000,0x0000,actor_2c8,5,0x10C408,0x01,0x17,0x00,0x00,0x02,0x00,0x00,0x0202,0x008D,0x004B,0x00,0x46,0x00,190,10,190:4046:008E:0066:01F1|191:4046:007E:0064:01F1|192:4046:007E:004E:01F1|193:4046:006E:004C:01F1|194:4046:008E:0065:0201|195:4046:007E:0063:0201|196:4046:007E:004D:0201|197:4046:006E:004B:0201
round2_phase1,0xFE,3774,0x0002,0x0003,0x0000,0x01,0x0018,0x0000,0x0000,actor_2c8,5,0x10C408,0x01,0x17,0x00,0x00,0x02,0x00,0x00,0x0200,0x008D,0x004B,0x00,0x46,0x00,190,10,190:4046:008E:0066:01EF|191:4046:007E:0064:01EF|192:4046:007E:004E:01EF|193:4046:006E:004C:01EF|194:4046:008E:0065:01FF|195:4046:007E:0063:01FF|196:4046:007E:004D:01FF|197:4046:006E:004B:01FF
round2_phase1,0xFE,3776,0x0002,0x0003,0x0000,0x01,0x0018,0x0000,0x0000,actor_2c8,5,0x10C408,0x01,0x17,0x00,0x00,0x02,0x00,0x00,0x01FD,0x008D,0x004B,0x00,0x46,0x00,190,10,190:4046:008E:0066:01ED|191:4046:007E:0064:01ED|192:4046:007E:004E:01ED|193:4046:006E:004C:01ED|194:4046:008E:0065:01FD|195:4046:007E:0063:01FD|196:4046:007E:004D:01FD|197:4046:006E:004B:01FD
round2_phase1,0xFE,3778,0x0002,0x0003,0x0000,0x01,0x0018,0x0000,0x0000,actor_2c8,5,0x10C408,0x01,0x17,0x00,0x00,0x02,0x00,0x00,0x01F9,0x008D,0x004B,0x00,0x46,0x00,190,10,190:4046:008E:0066:01EB|191:4046:007E:0064:01EB|192:4046:007E:004E:01EB|193:4046:006E:004C:01EB|194:4046:008E:0065:01FB|195:4046:007E:0063:01FB|196:4046:007E:004D:01FB|197:4046:006E:004B:01FB
round2_phase1,0xFE,3780,0x0002,0x0003,0x0000,0x01,0x0018,0x0000,0x0000,actor_2c8,5,0x10C408,0x01,0x18,0x00,0x00,0x02,0x00,0x00,0x01F5,0x008D,0x004B,0x00,0x46,0x00,190,10,190:4046:008D:0069:01E7|191:4046:007D:0067:01E7|192:4046:007D:004E:01E7|193:4046:006D:004C:01E7|194:4046:008D:0068:01F7|195:4046:007D:0063:01F7|196:4046:007D:004D:01F7|197:4046:006D:004B:01F7
round2_phase1,0xFE,3782,0x0002,0x0003,0x0000,0x01,0x0018,0x0000,0x0000,actor_2c8,5,0x10C408,0x01,0x18,0x00,0x00,0x02,0x00,0x00,0x01F1,0x008D,0x004B,0x00,0x46,0x00,190,10,190:4046:008D:0069:01E3|191:4046:007D:0067:01E3|192:4046:007D:004E:01E3|193:4046:006D:004C:01E3|194:4046:008D:0068:01F3|195:4046:007D:0063:01F3|196:4046:007D:004D:01F3|197:4046:006D:004B:01F3
round2_phase1,0xFE,3784,0x0002,0x0003,0x0000,0x01,0x0018,0x0000,0x0000,actor_2c8,5,0x10C408,0x01,0x18,0x00,0x00,0x02,0x00,0x00,0x01ED,0x008D,0x004B,0x00,0x46,0x00,190,10,190:4046:008D:0069:01DF|191:4046:007D:0067:01DF|192:4046:007D:004E:01DF|193:4046:006D:004C:01DF|194:4046:008D:0068:01EF|195:4046:007D:0063:01EF|196:4046:007D:004D:01EF|197:4046:006D:004B:01EF
round2_phase1,0xFE,3786,0x0002,0x0003,0x0000,0x01,0x0018,0x0000,0x0000,actor_2c8,5,0x10C408,0x01,0x18,0x00,0x00,0x02,0x00,0x00,0x01EB,0x008D,0x004B,0x00,0x46,0x00,190,10,190:4046:008D:0069:01DB|191:4046:007D:0067:01DB|192:4046:007D:004E:01DB|193:4046:006D:004C:01DB|194:4046:008D:0068:01EB|195:4046:007D:0063:01EB|196:4046:007D:004D:01EB|197:4046:006D:004B:01EB
round2_phase1,0xFE,4012,0x0002,0x0003,0x0000,0x01,0x0018,0x0000,0x0000,actor_2c8,4,0x10C3C8,0x01,0xB5,0x00,0x00,0x02,0x00,0x00,0x0145,0xFFF9,0x0400,0x00,0x4E,0x01,180,10,
round2_phase1,0xFE,4014,0x0002,0x0003,0x0000,0x01,0x0018,0x0000,0x0000,actor_2c8,4,0x10C3C8,0x01,0xB5,0x00,0x00,0x02,0x00,0x00,0x0143,0xFFFF,0x0400,0x00,0x4E,0x01,180,10,180:404E:FFEC:0400:0134|181:404E:FFEC:0403:0144|182:404E:FFFC:0401:0134|183:404E:FFFC:0402:0144
round2_phase1,0xFE,4014,0x0002,0x0003,0x0000,0x01,0x0018,0x0000,0x0000,actor_2c8,6,0x10C448,0x01,0xB5,0x00,0x00,0x02,0x00,0x00,0x0143,0xFFFF,0x0400,0x00,0x4E,0x01,200,10,200:404E:FFEC:0400:0134|201:404E:FFEC:0403:0144|202:404E:FFFC:0401:0134|203:404E:FFFC:0402:0144
round2_phase1,0xFE,4014,0x0002,0x0003,0x0000,0x01,0x0018,0x0000,0x0000,actor_2c8,7,0x10C488,0x01,0x19,0x00,0x00,0x02,0x00,0x00,0x0145,0xFFFF,0x004B,0x00,0x46,0x00,210,10,210:4046:FFFD:006D:0134|211:4046:FFED:006B:0134|212:4046:FFED:004E:0134|213:4046:FFDD:004C:0134|214:4046:FFFD:006C:0144|215:4046:FFED:006A:0144|216:4046:FFED:004D:0144|217:4046:FFDD:004B:0144
round2_phase1,0xFE,4014,0x0002,0x0003,0x0000,0x01,0x0018,0x0000,0x0000,actor_2c8,8,0x10C4C8,0x01,0x19,0x00,0x00,0x02,0x00,0x00,0x0145,0xFFFF,0x004B,0x00,0x46,0x00,220,19,220:4046:FFFD:006D:0134|221:4046:FFED:006B:0134|222:4046:FFED:004E:0134|223:4046:FFDD:004C:0134|224:4046:FFFD:006C:0144|225:4046:FFED:006A:0144|226:4046:FFED:004D:0144|227:4046:FFDD:004B:0144
round2_phase1,0xFE,4016,0x0002,0x0003,0x0000,0x01,0x0018,0x0000,0x0000,actor_2c8,4,0x10C3C8,0x01,0xB6,0x00,0x00,0x02,0x00,0x00,0x0141,0x0005,0x0400,0x00,0x4E,0x01,180,10,180:404E:FFF2:0404:0132|181:404E:0002:0405:0132|182:404E:0002:0406:0142
round2_phase1,0xFE,4016,0x0002,0x0003,0x0000,0x01,0x0018,0x0000,0x0000,actor_2c8,6,0x10C448,0x01,0xB6,0x00,0x00,0x02,0x00,0x00,0x0141,0x0005,0x0400,0x00,0x4E,0x01,200,10,200:404E:FFF2:0404:0132|201:404E:0002:0405:0132|202:404E:0002:0406:0142
round2_phase1,0xFE,4016,0x0002,0x0003,0x0000,0x01,0x0018,0x0000,0x0000,actor_2c8,7,0x10C488,0x01,0x19,0x00,0x00,0x02,0x00,0x00,0x0143,0x0005,0x004B,0x00,0x46,0x00,210,10,210:4046:0003:006D:0132|211:4046:FFF3:006B:0132|212:4046:FFF3:004E:0132|213:4046:FFE3:004C:0132|214:4046:0003:006C:0142|215:4046:FFF3:006A:0142|216:4046:FFF3:004D:0142|217:4046:FFE3:004B:0142
round2_phase1,0xFE,4016,0x0002,0x0003,0x0000,0x01,0x0018,0x0000,0x0000,actor_2c8,8,0x10C4C8,0x01,0x19,0x00,0x00,0x02,0x00,0x00,0x0143,0x0005,0x004B,0x00,0x46,0x00,220,19,220:4046:0003:006D:0132|221:4046:FFF3:006B:0132|222:4046:FFF3:004E:0132|223:4046:FFE3:004C:0132|224:4046:0003:006C:0142|225:4046:FFF3:006A:0142|226:4046:FFF3:004D:0142|227:4046:FFE3:004B:0142
round2_phase1,0xFE,4018,0x0002,0x0003,0x0000,0x01,0x0018,0x0000,0x0000,actor_2c8,4,0x10C3C8,0x01,0xB6,0x00,0x00,0x02,0x00,0x00,0x013F,0x0009,0x0400,0x00,0x4E,0x01,180,10,180:404E:FFF7:0404:0130|181:404E:0007:0405:0130|182:404E:0007:0406:0140
round2_phase1,0xFE,4018,0x0002,0x0003,0x0000,0x01,0x0018,0x0000,0x0000,actor_2c8,6,0x10C448,0x01,0xB6,0x00,0x00,0x02,0x00,0x00,0x013F,0x0009,0x0400,0x00,0x4E,0x01,200,10,200:404E:FFF7:0404:0130|201:404E:0007:0405:0130|202:404E:0007:0406:0140
round2_phase1,0xFE,4018,0x0002,0x0003,0x0000,0x01,0x0018,0x0000,0x0000,actor_2c8,7,0x10C488,0x01,0x19,0x00,0x00,0x02,0x00,0x00,0x0141,0x0009,0x004B,0x00,0x46,0x00,210,10,210:4046:0008:006D:0130|211:4046:FFF8:006B:0130|212:4046:FFF8:004E:0130|213:4046:FFE8:004C:0130|214:4046:0008:006C:0140|215:4046:FFF8:006A:0140|216:4046:FFF8:004D:0140|217:4046:FFE8:004B:0140
round2_phase1,0xFE,4018,0x0002,0x0003,0x0000,0x01,0x0018,0x0000,0x0000,actor_2c8,8,0x10C4C8,0x01,0x19,0x00,0x00,0x02,0x00,0x00,0x0141,0x0009,0x004B,0x00,0x46,0x00,220,19,220:4046:0008:006D:0130|221:4046:FFF8:006B:0130|222:4046:FFF8:004E:0130|223:4046:FFE8:004C:0130|224:4046:0008:006C:0140|225:4046:FFF8:006A:0140|226:4046:FFF8:004D:0140|227:4046:FFE8:004B:0140
round2_phase1,0xFE,4020,0x0002,0x0003,0x0000,0x01,0x0018,0x0000,0x0000,actor_2c8,4,0x10C3C8,0x01,0xB7,0x00,0x00,0x02,0x00,0x00,0x013F,0x000B,0x0400,0x00,0x4E,0x01,180,10,180:404E:FFFA:0407:012E|181:404E:000A:0408:012E|182:404E:000A:0409:013E
round2_phase1,0xFE,4020,0x0002,0x0003,0x0000,0x01,0x0018,0x0000,0x0000,actor_2c8,6,0x10C448,0x01,0xB7,0x00,0x00,0x02,0x00,0x00,0x013F,0x000B,0x0400,0x00,0x4E,0x01,200,10,200:404E:FFFA:0407:012E|201:404E:000A:0408:012E|202:404E:000A:0409:013E
round2_phase1,0xFE,4020,0x0002,0x0003,0x0000,0x01,0x0018,0x0000,0x0000,actor_2c8,7,0x10C488,0x01,0x18,0x00,0x00,0x02,0x00,0x00,0x013F,0x000B,0x004B,0x00,0x46,0x00,210,10,210:4046:000A:0069:012E|211:4046:FFFA:0067:012E|212:4046:FFFA:004E:012E|213:4046:FFEA:004C:012E|214:4046:000A:0068:013E|215:4046:FFFA:0063:013E|216:4046:FFFA:004D:013E|217:4046:FFEA:004B:013E
round2_phase1,0xFE,4020,0x0002,0x0003,0x0000,0x01,0x0018,0x0000,0x0000,actor_2c8,8,0x10C4C8,0x01,0x18,0x00,0x00,0x02,0x00,0x00,0x013F,0x000B,0x004B,0x00,0x46,0x00,220,19,220:4046:000A:0069:012E|221:4046:FFFA:0067:012E|222:4046:FFFA:004E:012E|223:4046:FFEA:004C:012E|224:4046:000A:0068:013E|225:4046:FFFA:0063:013E|226:4046:FFFA:004D:013E|227:4046:FFEA:004B:013E
round2_phase1,0xFE,4022,0x0002,0x0003,0x0000,0x01,0x0018,0x0000,0x0000,actor_2c8,4,0x10C3C8,0x01,0xB7,0x00,0x00,0x02,0x00,0x00,0x013D,0x000B,0x0400,0x00,0x4E,0x01,180,10,180:404E:FFFB:0407:012C|181:404E:000B:0408:012C|182:404E:000B:0409:013C
round2_phase1,0xFE,4022,0x0002,0x0003,0x0000,0x01,0x0018,0x0000,0x0000,actor_2c8,6,0x10C448,0x01,0xB7,0x00,0x00,0x02,0x00,0x00,0x013D,0x000B,0x0400,0x00,0x4E,0x01,200,10,200:404E:FFFB:0407:012C|201:404E:000B:0408:012C|202:404E:000B:0409:013C
round2_phase1,0xFE,4022,0x0002,0x0003,0x0000,0x01,0x0018,0x0000,0x0000,actor_2c8,7,0x10C488,0x01,0x18,0x00,0x00,0x02,0x00,0x00,0x013D,0x000B,0x004B,0x00,0x46,0x00,210,10,210:4046:000B:0069:012E|211:4046:FFFB:0067:012E|212:4046:FFFB:004E:012E|213:4046:FFEB:004C:012E|214:4046:000B:0068:013E|215:4046:FFFB:0063:013E|216:4046:FFFB:004D:013E|217:4046:FFEB:004B:013E
round2_phase1,0xFE,4022,0x0002,0x0003,0x0000,0x01,0x0018,0x0000,0x0000,actor_2c8,8,0x10C4C8,0x01,0x18,0x00,0x00,0x02,0x00,0x00,0x013D,0x000B,0x004B,0x00,0x46,0x00,220,19,220:4046:000B:0069:012E|221:4046:FFFB:0067:012E|222:4046:FFFB:004E:012E|223:4046:FFEB:004C:012E|224:4046:000B:0068:013E|225:4046:FFFB:0063:013E|226:4046:FFFB:004D:013E|227:4046:FFEB:004B:013E
round2_phase1,0xFE,4024,0x0002,0x0003,0x0000,0x01,0x0018,0x0000,0x0000,actor_2c8,4,0x10C3C8,0x01,0xB6,0x00,0x00,0x02,0x00,0x00,0x013B,0x000B,0x0400,0x00,0x4E,0x01,180,10,180:404E:FFFB:0404:012A|181:404E:000B:0405:012A|182:404E:000B:0406:013A
round2_phase1,0xFE,4024,0x0002,0x0003,0x0000,0x01,0x0018,0x0000,0x0000,actor_2c8,6,0x10C448,0x01,0xB6,0x00,0x00,0x02,0x00,0x00,0x013B,0x000B,0x0400,0x00,0x4E,0x01,200,10,200:404E:FFFB:0404:012A|201:404E:000B:0405:012A|202:404E:000B:0406:013A
round2_phase1,0xFE,4024,0x0002,0x0003,0x0000,0x01,0x0018,0x0000,0x0000,actor_2c8,7,0x10C488,0x01,0x18,0x00,0x00,0x02,0x00,0x00,0x013B,0x000B,0x004B,0x00,0x46,0x00,210,10,210:4046:000B:0069:012C|211:4046:FFFB:0067:012C|212:4046:FFFB:004E:012C|213:4046:FFEB:004C:012C|214:4046:000B:0068:013C|215:4046:FFFB:0063:013C|216:4046:FFFB:004D:013C|217:4046:FFEB:004B:013C
round2_phase1,0xFE,4024,0x0002,0x0003,0x0000,0x01,0x0018,0x0000,0x0000,actor_2c8,8,0x10C4C8,0x01,0x18,0x00,0x00,0x02,0x00,0x00,0x013B,0x000B,0x004B,0x00,0x46,0x00,220,19,220:4046:000B:0069:012C|221:4046:FFFB:0067:012C|222:4046:FFFB:004E:012C|223:4046:FFEB:004C:012C|224:4046:000B:0068:013C|225:4046:FFFB:0063:013C|226:4046:FFFB:004D:013C|227:4046:FFEB:004B:013C
round2_phase1,0xFE,4026,0x0002,0x0003,0x0000,0x01,0x0018,0x0000,0x0000,actor_2c8,4,0x10C3C8,0x01,0xB6,0x00,0x00,0x02,0x00,0x00,0x0139,0x000B,0x0400,0x00,0x4E,0x01,180,10,180:404E:FFFB:0404:0128|181:404E:000B:0405:0128|182:404E:000B:0406:0138
round2_phase1,0xFE,4026,0x0002,0x0003,0x0000,0x01,0x0018,0x0000,0x0000,actor_2c8,6,0x10C448,0x01,0xB6,0x00,0x00,0x02,0x00,0x00,0x0139,0x000B,0x0400,0x00,0x4E,0x01,200,10,200:404E:FFFB:0404:0128|201:404E:000B:0405:0128|202:404E:000B:0406:0138
round2_phase1,0xFE,4026,0x0002,0x0003,0x0000,0x01,0x0018,0x0000,0x0000,actor_2c8,7,0x10C488,0x01,0x18,0x00,0x00,0x02,0x00,0x00,0x0139,0x000B,0x004B,0x00,0x46,0x00,210,10,210:4046:000B:0069:012A|211:4046:FFFB:0067:012A|212:4046:FFFB:004E:012A|213:4046:FFEB:004C:012A|214:4046:000B:0068:013A|215:4046:FFFB:0063:013A|216:4046:FFFB:004D:013A|217:4046:FFEB:004B:013A
round2_phase1,0xFE,4026,0x0002,0x0003,0x0000,0x01,0x0018,0x0000,0x0000,actor_2c8,8,0x10C4C8,0x01,0x18,0x00,0x00,0x02,0x00,0x00,0x0139,0x000B,0x004B,0x00,0x46,0x00,220,19,220:4046:000B:0069:012A|221:4046:FFFB:0067:012A|222:4046:FFFB:004E:012A|223:4046:FFEB:004C:012A|224:4046:000B:0068:013A|225:4046:FFFB:0063:013A|226:4046:FFFB:004D:013A|227:4046:FFEB:004B:013A
round2_phase1,0xFE,4028,0x0002,0x0003,0x0000,0x01,0x0018,0x0000,0x0000,actor_2c8,4,0x10C3C8,0x01,0xB5,0x00,0x00,0x02,0x00,0x00,0x0137,0x000B,0x0400,0x00,0x4E,0x01,180,10,180:404E:FFFB:0400:0126|181:404E:FFFB:0403:0136|182:404E:000B:0401:0126|183:404E:000B:0402:0136
round2_phase1,0xFE,4028,0x0002,0x0003,0x0000,0x01,0x0018,0x0000,0x0000,actor_2c8,6,0x10C448,0x01,0xB5,0x00,0x00,0x02,0x00,0x00,0x0137,0x000B,0x0400,0x00,0x4E,0x01,200,10,200:404E:FFFB:0400:0126|201:404E:FFFB:0403:0136|202:404E:000B:0401:0126|203:404E:000B:0402:0136
round2_phase1,0xFE,4028,0x0002,0x0003,0x0000,0x01,0x0018,0x0000,0x0000,actor_2c8,7,0x10C488,0x01,0x17,0x00,0x00,0x02,0x00,0x00,0x0137,0x000B,0x004B,0x00,0x46,0x00,210,10,210:4046:000C:0066:0128|211:4046:FFFC:0064:0128|212:4046:FFFC:004E:0128|213:4046:FFEC:004C:0128|214:4046:000C:0065:0138|215:4046:FFFC:0063:0138|216:4046:FFFC:004D:0138|217:4046:FFEC:004B:0138
round2_phase1,0xFE,4028,0x0002,0x0003,0x0000,0x01,0x0018,0x0000,0x0000,actor_2c8,8,0x10C4C8,0x01,0x17,0x00,0x00,0x02,0x00,0x00,0x0137,0x000B,0x004B,0x00,0x46,0x00,220,19,220:4046:000C:0066:0128|221:4046:FFFC:0064:0128|222:4046:FFFC:004E:0128|223:4046:FFEC:004C:0128|224:4046:000C:0065:0138|225:4046:FFFC:0063:0138|226:4046:FFFC:004D:0138|227:4046:FFEC:004B:0138
round2_phase1,0xFE,4030,0x0002,0x0003,0x0000,0x01,0x0018,0x0000,0x0000,actor_2c8,7,0x10C488,0x01,0x17,0x00,0x00,0x02,0x00,0x00,0x0137,0x000B,0x004B,0x00,0x46,0x00,210,10,210:4046:000C:0066:0126|211:4046:FFFC:0064:0126|212:4046:FFFC:004E:0126|213:4046:FFEC:004C:0126|214:4046:000C:0065:0136|215:4046:FFFC:0063:0136|216:4046:FFFC:004D:0136|217:4046:FFEC:004B:0136
round2_phase1,0xFE,4030,0x0002,0x0003,0x0000,0x01,0x0018,0x0000,0x0000,actor_2c8,8,0x10C4C8,0x01,0x17,0x00,0x00,0x02,0x00,0x00,0x0137,0x000B,0x004B,0x00,0x46,0x00,220,19,220:4046:000C:0066:0126|221:4046:FFFC:0064:0126|222:4046:FFFC:004E:0126|223:4046:FFEC:004C:0126|224:4046:000C:0065:0136|225:4046:FFFC:0063:0136|226:4046:FFFC:004D:0136|227:4046:FFEC:004B:0136
round2_phase1,0xFE,4032,0x0002,0x0003,0x0000,0x01,0x0018,0x0000,0x0000,actor_2c8,4,0x10C3C8,0x01,0xB6,0x00,0x00,0x02,0x00,0x00,0x0133,0x000B,0x0400,0x00,0x4E,0x01,180,10,180:404E:FFFB:0404:0124|181:404E:000B:0405:0124|182:404E:000B:0406:0134
round2_phase1,0xFE,4032,0x0002,0x0003,0x0000,0x01,0x0018,0x0000,0x0000,actor_2c8,6,0x10C448,0x01,0xB6,0x00,0x00,0x02,0x00,0x00,0x0133,0x000B,0x0400,0x00,0x4E,0x01,200,10,200:404E:FFFB:0404:0124|201:404E:000B:0405:0124|202:404E:000B:0406:0134
round2_phase1,0xFE,4032,0x0002,0x0003,0x0000,0x01,0x0018,0x0000,0x0000,actor_2c8,7,0x10C488,0x01,0x17,0x00,0x00,0x02,0x00,0x00,0x0135,0x000B,0x004B,0x00,0x46,0x00,210,10,210:4046:000C:0066:0124|211:4046:FFFC:0064:0124|212:4046:FFFC:004E:0124|213:4046:FFEC:004C:0124|214:4046:000C:0065:0134|215:4046:FFFC:0063:0134|216:4046:FFFC:004D:0134|217:4046:FFEC:004B:0134
round2_phase1,0xFE,4032,0x0002,0x0003,0x0000,0x01,0x0018,0x0000,0x0000,actor_2c8,8,0x10C4C8,0x01,0x17,0x00,0x00,0x02,0x00,0x00,0x0135,0x000B,0x004B,0x00,0x46,0x00,220,19,220:4046:000C:0066:0124|221:4046:FFFC:0064:0124|222:4046:FFFC:004E:0124|223:4046:FFEC:004C:0124|224:4046:000C:0065:0134|225:4046:FFFC:0063:0134|226:4046:FFFC:004D:0134|227:4046:FFEC:004B:0134
round2_phase1,0xFE,4034,0x0002,0x0003,0x0000,0x01,0x0018,0x0000,0x0000,actor_2c8,4,0x10C3C8,0x01,0xB6,0x00,0x00,0x02,0x00,0x00,0x0131,0x000B,0x0400,0x00,0x4E,0x01,180,10,180:404E:FFFB:0404:0122|181:404E:000B:0405:0122|182:404E:000B:0406:0132
round2_phase1,0xFE,4034,0x0002,0x0003,0x0000,0x01,0x0018,0x0000,0x0000,actor_2c8,6,0x10C448,0x01,0xB6,0x00,0x00,0x02,0x00,0x00,0x0131,0x000B,0x0400,0x00,0x4E,0x01,200,10,200:404E:FFFB:0404:0122|201:404E:000B:0405:0122|202:404E:000B:0406:0132
round2_phase1,0xFE,4034,0x0002,0x0003,0x0000,0x01,0x0018,0x0000,0x0000,actor_2c8,7,0x10C488,0x01,0x17,0x00,0x00,0x02,0x00,0x00,0x0133,0x000B,0x004B,0x00,0x46,0x00,210,10,210:4046:000C:0066:0122|211:4046:FFFC:0064:0122|212:4046:FFFC:004E:0122|213:4046:FFEC:004C:0122|214:4046:000C:0065:0132|215:4046:FFFC:0063:0132|216:4046:FFFC:004D:0132|217:4046:FFEC:004B:0132
round2_phase1,0xFE,4034,0x0002,0x0003,0x0000,0x01,0x0018,0x0000,0x0000,actor_2c8,8,0x10C4C8,0x01,0x17,0x00,0x00,0x02,0x00,0x00,0x0133,0x000B,0x004B,0x00,0x46,0x00,220,19,220:4046:000C:0066:0122|221:4046:FFFC:0064:0122|222:4046:FFFC:004E:0122|223:4046:FFEC:004C:0122|224:4046:000C:0065:0132|225:4046:FFFC:0063:0132|226:4046:FFFC:004D:0132|227:4046:FFEC:004B:0132
round2_phase1,0xFE,4036,0x0002,0x0003,0x0000,0x01,0x0018,0x0000,0x0000,actor_2c8,4,0x10C3C8,0x01,0xB7,0x00,0x00,0x02,0x00,0x00,0x012F,0x000B,0x0400,0x00,0x4E,0x01,180,10,180:404E:FFFB:0407:0120|181:404E:000B:0408:0120|182:404E:000B:0409:0130
round2_phase1,0xFE,4036,0x0002,0x0003,0x0000,0x01,0x0018,0x0000,0x0000,actor_2c8,6,0x10C448,0x01,0xB7,0x00,0x00,0x02,0x00,0x00,0x012F,0x000B,0x0400,0x00,0x4E,0x01,200,10,200:404E:FFFB:0407:0120|201:404E:000B:0408:0120|202:404E:000B:0409:0130
round2_phase1,0xFE,4036,0x0002,0x0003,0x0000,0x01,0x0018,0x0000,0x0000,actor_2c8,7,0x10C488,0x01,0x18,0x00,0x00,0x02,0x00,0x00,0x0131,0x000B,0x004B,0x00,0x46,0x00,210,10,210:4046:000B:0069:0120|211:4046:FFFB:0067:0120|212:4046:FFFB:004E:0120|213:4046:FFEB:004C:0120|214:4046:000B:0068:0130|215:4046:FFFB:0063:0130|216:4046:FFFB:004D:0130|217:4046:FFEB:004B:0130
round2_phase1,0xFE,4036,0x0002,0x0003,0x0000,0x01,0x0018,0x0000,0x0000,actor_2c8,8,0x10C4C8,0x01,0x18,0x00,0x00,0x02,0x00,0x00,0x0131,0x000B,0x004B,0x00,0x46,0x00,220,19,220:4046:000B:0069:0120|221:4046:FFFB:0067:0120|222:4046:FFFB:004E:0120|223:4046:FFEB:004C:0120|224:4046:000B:0068:0130|225:4046:FFFB:0063:0130|226:4046:FFFB:004D:0130|227:4046:FFEB:004B:0130
round2_phase1,0xFE,4038,0x0002,0x0003,0x0000,0x01,0x0018,0x0000,0x0000,actor_2c8,4,0x10C3C8,0x01,0xB7,0x00,0x00,0x02,0x00,0x00,0x012F,0x000B,0x0400,0x00,0x4E,0x01,180,10,180:404E:FFFB:0407:011E|181:404E:000B:0408:011E|182:404E:000B:0409:012E
round2_phase1,0xFE,4038,0x0002,0x0003,0x0000,0x01,0x0018,0x0000,0x0000,actor_2c8,6,0x10C448,0x01,0xB7,0x00,0x00,0x02,0x00,0x00,0x012F,0x000B,0x0400,0x00,0x4E,0x01,200,10,200:404E:FFFB:0407:011E|201:404E:000B:0408:011E|202:404E:000B:0409:012E
round2_phase1,0xFE,4038,0x0002,0x0003,0x0000,0x01,0x0018,0x0000,0x0000,actor_2c8,7,0x10C488,0x01,0x18,0x00,0x00,0x02,0x00,0x00,0x012F,0x000B,0x004B,0x00,0x46,0x00,210,10,210:4046:000B:0069:011E|211:4046:FFFB:0067:011E|212:4046:FFFB:004E:011E|213:4046:FFEB:004C:011E|214:4046:000B:0068:012E|215:4046:FFFB:0063:012E|216:4046:FFFB:004D:012E|217:4046:FFEB:004B:012E
round2_phase1,0xFE,4038,0x0002,0x0003,0x0000,0x01,0x0018,0x0000,0x0000,actor_2c8,8,0x10C4C8,0x01,0x18,0x00,0x00,0x02,0x00,0x00,0x012F,0x000B,0x004B,0x00,0x46,0x00,220,19,220:4046:000B:0069:011E|221:4046:FFFB:0067:011E|222:4046:FFFB:004E:011E|223:4046:FFEB:004C:011E|224:4046:000B:0068:012E|225:4046:FFFB:0063:012E|226:4046:FFFB:004D:012E|227:4046:FFEB:004B:012E
round2_phase1,0xFE,4040,0x0002,0x0003,0x0000,0x01,0x0018,0x0000,0x0000,actor_2c8,4,0x10C3C8,0x01,0xB6,0x00,0x00,0x02,0x00,0x00,0x012D,0x0009,0x0400,0x00,0x4E,0x01,180,10,180:404E:FFFB:0404:011C|181:404E:000B:0405:011C|182:404E:000B:0406:012C
round2_phase1,0xFE,4040,0x0002,0x0003,0x0000,0x01,0x0018,0x0000,0x0000,actor_2c8,6,0x10C448,0x01,0xB6,0x00,0x00,0x02,0x00,0x00,0x012D,0x0009,0x0400,0x00,0x4E,0x01,200,10,200:404E:FFFB:0404:011C|201:404E:000B:0405:011C|202:404E:000B:0406:012C
round2_phase1,0xFE,4042,0x0002,0x0003,0x0000,0x01,0x0018,0x0000,0x0000,actor_2c8,4,0x10C3C8,0x01,0xB6,0x00,0x00,0x02,0x00,0x00,0x012B,0x0001,0x0400,0x00,0x4E,0x01,180,10,180:404E:FFF5:0404:011A|181:404E:0005:0405:011A|182:404E:0005:0406:012A
round2_phase1,0xFE,4042,0x0002,0x0003,0x0000,0x01,0x0018,0x0000,0x0000,actor_2c8,6,0x10C448,0x01,0xB6,0x00,0x00,0x02,0x00,0x00,0x012B,0x0001,0x0400,0x00,0x4E,0x01,200,10,200:404E:FFF5:0404:011A|201:404E:0005:0405:011A|202:404E:0005:0406:012A
round2_phase1,0xFE,4042,0x0002,0x0003,0x0000,0x01,0x0018,0x0000,0x0000,actor_2c8,7,0x10C488,0x01,0x18,0x00,0x00,0x02,0x00,0x00,0x012B,0x0001,0x004B,0x00,0x46,0x00,210,10,210:4046:0005:0069:011C|211:4046:FFF5:0067:011C|212:4046:FFF5:004E:011C|213:4046:FFE5:004C:011C|214:4046:0005:0068:012C|215:4046:FFF5:0063:012C|216:4046:FFF5:004D:012C|217:4046:FFE5:004B:012C
round2_phase1,0xFE,4042,0x0002,0x0003,0x0000,0x01,0x0018,0x0000,0x0000,actor_2c8,8,0x10C4C8,0x01,0x18,0x00,0x00,0x02,0x00,0x00,0x012B,0x0001,0x004B,0x00,0x46,0x00,220,19,220:4046:0005:0069:011C|221:4046:FFF5:0067:011C|222:4046:FFF5:004E:011C|223:4046:FFE5:004C:011C|224:4046:0005:0068:012C|225:4046:FFF5:0063:012C|226:4046:FFF5:004D:012C|227:4046:FFE5:004B:012C
round2_phase1,0xFE,4044,0x0002,0x0003,0x0000,0x01,0x0018,0x0000,0x0000,actor_2c8,4,0x10C3C8,0x01,0xB5,0x00,0x00,0x02,0x00,0x00,0x0129,0xFFF9,0x0400,0x00,0x4E,0x01,180,10,180:404E:FFED:0400:0118|181:404E:FFED:0403:0128|182:404E:FFFD:0401:0118|183:404E:FFFD:0402:0128
round2_phase1,0xFE,4044,0x0002,0x0003,0x0000,0x01,0x0018,0x0000,0x0000,actor_2c8,6,0x10C448,0x01,0xB5,0x00,0x00,0x02,0x00,0x00,0x0129,0xFFF9,0x0400,0x00,0x4E,0x01,200,10,200:404E:FFED:0400:0118|201:404E:FFED:0403:0128|202:404E:FFFD:0401:0118|203:404E:FFFD:0402:0128
round2_phase1,0xFE,4044,0x0002,0x0003,0x0000,0x01,0x0018,0x0000,0x0000,actor_2c8,7,0x10C488,0x01,0x19,0x00,0x00,0x02,0x00,0x00,0x0129,0xFFF9,0x004B,0x00,0x46,0x00,210,10,210:4046:FFFE:006D:011A|211:4046:FFEE:006B:011A|212:4046:FFEE:004E:011A|213:4046:FFDE:004C:011A|214:4046:FFFE:006C:012A|215:4046:FFEE:006A:012A|216:4046:FFEE:004D:012A|217:4046:FFDE:004B:012A
round2_phase1,0xFE,4044,0x0002,0x0003,0x0000,0x01,0x0018,0x0000,0x0000,actor_2c8,8,0x10C4C8,0x01,0x19,0x00,0x00,0x02,0x00,0x00,0x0129,0xFFF9,0x004B,0x00,0x46,0x00,220,19,220:4046:FFFE:006D:011A|221:4046:FFEE:006B:011A|222:4046:FFEE:004E:011A|223:4046:FFDE:004C:011A|224:4046:FFFE:006C:012A|225:4046:FFEE:006A:012A|226:4046:FFEE:004D:012A|227:4046:FFDE:004B:012A
round2_phase1,0xFE,4046,0x0002,0x0003,0x0000,0x01,0x0018,0x0000,0x0000,actor_2c8,4,0x10C3C8,0x01,0xB5,0x00,0x00,0x02,0x00,0x00,0x0127,0xFFF9,0x0400,0x00,0x4E,0x01,180,10,180:404E:FFE9:0400:0116|181:404E:FFE9:0403:0126|182:404E:FFF9:0401:0116|183:404E:FFF9:0402:0126
round2_phase1,0xFE,4046,0x0002,0x0003,0x0000,0x01,0x0018,0x0000,0x0000,actor_2c8,6,0x10C448,0x01,0xB5,0x00,0x00,0x02,0x00,0x00,0x0127,0xFFF9,0x0400,0x00,0x4E,0x01,200,10,200:404E:FFE9:0400:0116|201:404E:FFE9:0403:0126|202:404E:FFF9:0401:0116|203:404E:FFF9:0402:0126
round2_phase1,0xFE,4046,0x0002,0x0003,0x0000,0x01,0x0018,0x0000,0x0000,actor_2c8,7,0x10C488,0x01,0x19,0x00,0x00,0x02,0x00,0x00,0x0127,0xFFF9,0x004B,0x00,0x46,0x00,210,10,210:4046:FFFA:006D:0118|211:4046:FFEA:006B:0118|212:4046:FFEA:004E:0118|213:4046:FFDA:004C:0118|214:4046:FFFA:006C:0128|215:4046:FFEA:006A:0128|216:4046:FFEA:004D:0128|217:4046:FFDA:004B:0128
round2_phase1,0xFE,4046,0x0002,0x0003,0x0000,0x01,0x0018,0x0000,0x0000,actor_2c8,8,0x10C4C8,0x01,0x19,0x00,0x00,0x02,0x00,0x00,0x0127,0xFFF9,0x004B,0x00,0x46,0x00,220,19,220:4046:FFFA:006D:0118|221:4046:FFEA:006B:0118|222:4046:FFEA:004E:0118|223:4046:FFDA:004C:0118|224:4046:FFFA:006C:0128|225:4046:FFEA:006A:0128|226:4046:FFEA:004D:0128|227:4046:FFDA:004B:0128
round2_phase1,0xFE,4048,0x0002,0x0003,0x0000,0x01,0x0018,0x0000,0x0000,actor_2c8,4,0x10C3C8,0x01,0xB6,0x00,0x00,0x02,0x00,0x00,0x0125,0xFFF9,0x0400,0x00,0x4E,0x01,180,10,180:404E:FFE9:0404:0116|181:404E:FFF9:0405:0116|182:404E:FFF9:0406:0126
round2_phase1,0xFE,4048,0x0002,0x0003,0x0000,0x01,0x0018,0x0000,0x0000,actor_2c8,6,0x10C448,0x01,0xB6,0x00,0x00,0x02,0x00,0x00,0x0125,0xFFF9,0x0400,0x00,0x4E,0x01,200,10,200:404E:FFE9:0404:0116|201:404E:FFF9:0405:0116|202:404E:FFF9:0406:0126
round2_phase1,0xFE,4048,0x0002,0x0003,0x0000,0x01,0x0018,0x0000,0x0000,actor_2c8,7,0x10C488,0x01,0x19,0x00,0x00,0x02,0x00,0x00,0x0127,0xFFF9,0x004B,0x00,0x46,0x00,210,10,210:4046:FFFA:006D:0116|211:4046:FFEA:006B:0116|212:4046:FFEA:004E:0116|213:4046:FFDA:004C:0116|214:4046:FFFA:006C:0126|215:4046:FFEA:006A:0126|216:4046:FFEA:004D:0126|217:4046:FFDA:004B:0126
round2_phase1,0xFE,4048,0x0002,0x0003,0x0000,0x01,0x0018,0x0000,0x0000,actor_2c8,8,0x10C4C8,0x01,0x19,0x00,0x00,0x02,0x00,0x00,0x0127,0xFFF9,0x004B,0x00,0x46,0x00,220,19,220:4046:FFFA:006D:0116|221:4046:FFEA:006B:0116|222:4046:FFEA:004E:0116|223:4046:FFDA:004C:0116|224:4046:FFFA:006C:0126|225:4046:FFEA:006A:0126|226:4046:FFEA:004D:0126|227:4046:FFDA:004B:0126
round2_phase1,0xFE,4050,0x0002,0x0003,0x0000,0x01,0x0018,0x0000,0x0000,actor_2c8,4,0x10C3C8,0x01,0xB6,0x00,0x00,0x02,0x00,0x00,0x0123,0xFFF9,0x0400,0x00,0x4E,0x01,180,10,180:404E:FFE9:0404:0114|181:404E:FFF9:0405:0114|182:404E:FFF9:0406:0124
round2_phase1,0xFE,4050,0x0002,0x0003,0x0000,0x01,0x0018,0x0000,0x0000,actor_2c8,6,0x10C448,0x01,0xB6,0x00,0x00,0x02,0x00,0x00,0x0123,0xFFF9,0x0400,0x00,0x4E,0x01,200,10,200:404E:FFE9:0404:0114|201:404E:FFF9:0405:0114|202:404E:FFF9:0406:0124
round2_phase1,0xFE,4050,0x0002,0x0003,0x0000,0x01,0x0018,0x0000,0x0000,actor_2c8,7,0x10C488,0x01,0x19,0x00,0x00,0x02,0x00,0x00,0x0125,0xFFF9,0x004B,0x00,0x46,0x00,210,10,210:4046:FFFA:006D:0114|211:4046:FFEA:006B:0114|212:4046:FFEA:004E:0114|213:4046:FFDA:004C:0114|214:4046:FFFA:006C:0124|215:4046:FFEA:006A:0124|216:4046:FFEA:004D:0124|217:4046:FFDA:004B:0124
round2_phase1,0xFE,4050,0x0002,0x0003,0x0000,0x01,0x0018,0x0000,0x0000,actor_2c8,8,0x10C4C8,0x01,0x19,0x00,0x00,0x02,0x00,0x00,0x0125,0xFFF9,0x004B,0x00,0x46,0x00,220,19,220:4046:FFFA:006D:0114|221:4046:FFEA:006B:0114|222:4046:FFEA:004E:0114|223:4046:FFDA:004C:0114|224:4046:FFFA:006C:0124|225:4046:FFEA:006A:0124|226:4046:FFEA:004D:0124|227:4046:FFDA:004B:0124
round2_phase1,0xFE,4052,0x0002,0x0003,0x0000,0x01,0x0018,0x0000,0x0000,actor_2c8,4,0x10C3C8,0x01,0xB7,0x00,0x00,0x02,0x00,0x00,0x0121,0xFFF9,0x0400,0x00,0x4E,0x01,180,10,180:404E:FFE9:0407:0112|181:404E:FFF9:0408:0112|182:404E:FFF9:0409:0122
round2_phase1,0xFE,4052,0x0002,0x0003,0x0000,0x01,0x0018,0x0000,0x0000,actor_2c8,6,0x10C448,0x01,0xB7,0x00,0x00,0x02,0x00,0x00,0x0121,0xFFF9,0x0400,0x00,0x4E,0x01,200,10,200:404E:FFE9:0407:0112|201:404E:FFF9:0408:0112|202:404E:FFF9:0409:0122
round2_phase1,0xFE,4052,0x0002,0x0003,0x0000,0x01,0x0018,0x0000,0x0000,actor_2c8,7,0x10C488,0x01,0x18,0x00,0x00,0x02,0x00,0x00,0x0123,0xFFF9,0x004B,0x00,0x46,0x00,210,10,210:4046:FFF9:0069:0112|211:4046:FFE9:0067:0112|212:4046:FFE9:004E:0112|213:4046:FFD9:004C:0112|214:4046:FFF9:0068:0122|215:4046:FFE9:0063:0122|216:4046:FFE9:004D:0122|217:4046:FFD9:004B:0122
round2_phase1,0xFE,4052,0x0002,0x0003,0x0000,0x01,0x0018,0x0000,0x0000,actor_2c8,8,0x10C4C8,0x01,0x18,0x00,0x00,0x02,0x00,0x00,0x0123,0xFFF9,0x004B,0x00,0x46,0x00,220,19,220:4046:FFF9:0069:0112|221:4046:FFE9:0067:0112|222:4046:FFE9:004E:0112|223:4046:FFD9:004C:0112|224:4046:FFF9:0068:0122|225:4046:FFE9:0063:0122|226:4046:FFE9:004D:0122|227:4046:FFD9:004B:0122
round2_phase1,0xFE,4054,0x0002,0x0003,0x0000,0x01,0x0018,0x0000,0x0000,actor_2c8,4,0x10C3C8,0x01,0xB7,0x00,0x00,0x02,0x00,0x00,0x011F,0xFFF9,0x0400,0x00,0x4E,0x01,180,10,180:404E:FFE9:0407:0110|181:404E:FFF9:0408:0110|182:404E:FFF9:0409:0120
round2_phase1,0xFE,4054,0x0002,0x0003,0x0000,0x01,0x0018,0x0000,0x0000,actor_2c8,6,0x10C448,0x01,0xB7,0x00,0x00,0x02,0x00,0x00,0x011F,0xFFF9,0x0400,0x00,0x4E,0x01,200,10,200:404E:FFE9:0407:0110|201:404E:FFF9:0408:0110|202:404E:FFF9:0409:0120
round2_phase1,0xFE,4054,0x0002,0x0003,0x0000,0x01,0x0018,0x0000,0x0000,actor_2c8,7,0x10C488,0x01,0x18,0x00,0x00,0x02,0x00,0x00,0x0121,0xFFF9,0x004B,0x00,0x46,0x00,210,10,210:4046:FFF9:0069:0110|211:4046:FFE9:0067:0110|212:4046:FFE9:004E:0110|213:4046:FFD9:004C:0110|214:4046:FFF9:0068:0120|215:4046:FFE9:0063:0120|216:4046:FFE9:004D:0120|217:4046:FFD9:004B:0120
round2_phase1,0xFE,4054,0x0002,0x0003,0x0000,0x01,0x0018,0x0000,0x0000,actor_2c8,8,0x10C4C8,0x01,0x18,0x00,0x00,0x02,0x00,0x00,0x0121,0xFFF9,0x004B,0x00,0x46,0x00,220,19,220:4046:FFF9:0069:0110|221:4046:FFE9:0067:0110|222:4046:FFE9:004E:0110|223:4046:FFD9:004C:0110|224:4046:FFF9:0068:0120|225:4046:FFE9:0063:0120|226:4046:FFE9:004D:0120|227:4046:FFD9:004B:0120
round2_phase1,0xFE,4056,0x0002,0x0003,0x0000,0x01,0x0018,0x0000,0x0000,actor_2c8,4,0x10C3C8,0x01,0xB6,0x00,0x00,0x02,0x00,0x00,0x011F,0xFFF9,0x0400,0x00,0x4E,0x01,180,10,180:404E:FFE9:0404:010E|181:404E:FFF9:0405:010E|182:404E:FFF9:0406:011E
round2_phase1,0xFE,4056,0x0002,0x0003,0x0000,0x01,0x0018,0x0000,0x0000,actor_2c8,6,0x10C448,0x01,0xB6,0x00,0x00,0x02,0x00,0x00,0x011F,0xFFF9,0x0400,0x00,0x4E,0x01,200,10,200:404E:FFE9:0404:010E|201:404E:FFF9:0405:010E|202:404E:FFF9:0406:011E
round2_phase1,0xFE,4056,0x0002,0x0003,0x0000,0x01,0x0018,0x0000,0x0000,actor_2c8,7,0x10C488,0x01,0x18,0x00,0x00,0x02,0x00,0x00,0x011F,0xFFF9,0x004B,0x00,0x46,0x00,210,10,210:4046:FFF9:0069:010E|211:4046:FFE9:0067:010E|212:4046:FFE9:004E:010E|213:4046:FFD9:004C:010E|214:4046:FFF9:0068:011E|215:4046:FFE9:0063:011E|216:4046:FFE9:004D:011E|217:4046:FFD9:004B:011E
round2_phase1,0xFE,4056,0x0002,0x0003,0x0000,0x01,0x0018,0x0000,0x0000,actor_2c8,8,0x10C4C8,0x01,0x18,0x00,0x00,0x02,0x00,0x00,0x011F,0xFFF9,0x004B,0x00,0x46,0x00,220,19,220:4046:FFF9:0069:010E|221:4046:FFE9:0067:010E|222:4046:FFE9:004E:010E|223:4046:FFD9:004C:010E|224:4046:FFF9:0068:011E|225:4046:FFE9:0063:011E|226:4046:FFE9:004D:011E|227:4046:FFD9:004B:011E
round2_phase1,0xFE,4058,0x0002,0x0003,0x0000,0x01,0x0018,0x0000,0x0000,actor_2c8,4,0x10C3C8,0x01,0xB6,0x00,0x00,0x02,0x00,0x00,0x011D,0xFFF9,0x0400,0x00,0x4E,0x01,180,10,180:404E:FFE9:0404:010C|181:404E:FFF9:0405:010C|182:404E:FFF9:0406:011C
round2_phase1,0xFE,4058,0x0002,0x0003,0x0000,0x01,0x0018,0x0000,0x0000,actor_2c8,6,0x10C448,0x01,0xB6,0x00,0x00,0x02,0x00,0x00,0x011D,0xFFF9,0x0400,0x00,0x4E,0x01,200,10,200:404E:FFE9:0404:010C|201:404E:FFF9:0405:010C|202:404E:FFF9:0406:011C
round2_phase1,0xFE,4060,0x0002,0x0003,0x0000,0x01,0x0018,0x0000,0x0000,actor_2c8,4,0x10C3C8,0x01,0xB5,0x00,0x00,0x02,0x00,0x00,0x011B,0xFFF9,0x0400,0x00,0x4E,0x01,180,10,180:404E:FFE9:0400:010A|181:404E:FFE9:0403:011A|182:404E:FFF9:0401:010A|183:404E:FFF9:0402:011A
round2_phase1,0xFE,4060,0x0002,0x0003,0x0000,0x01,0x0018,0x0000,0x0000,actor_2c8,5,0x10C408,0x01,0x17,0x01,0x00,0x01,0x00,0x00,0x0201,0x0099,0x004B,0x00,0x46,0x00,190,10,190:0046:009A:0066:0201|191:0046:008A:0064:0201|192:0046:008A:004E:0201|193:0046:007A:004C:0201|194:0046:009A:0065:01F1|195:0046:008A:0063:01F1|196:0046:008A:004D:01F1|197:0046:007A:004B:01F1
round2_phase1,0xFE,4060,0x0002,0x0003,0x0000,0x01,0x0018,0x0000,0x0000,actor_2c8,6,0x10C448,0x01,0xB5,0x00,0x00,0x02,0x00,0x00,0x011B,0xFFF9,0x0400,0x00,0x4E,0x01,200,10,200:404E:FFE9:0400:010A|201:404E:FFE9:0403:011A|202:404E:FFF9:0401:010A|203:404E:FFF9:0402:011A
round2_phase1,0xFE,4060,0x0002,0x0003,0x0000,0x01,0x0018,0x0000,0x0000,actor_2c8,7,0x10C488,0x01,0x17,0x00,0x00,0x02,0x00,0x00,0x011B,0xFFF9,0x004B,0x00,0x46,0x00,210,10,210:4046:FFFA:0066:010C|211:4046:FFEA:0064:010C|212:4046:FFEA:004E:010C|213:4046:FFDA:004C:010C|214:4046:FFFA:0065:011C|215:4046:FFEA:0063:011C|216:4046:FFEA:004D:011C|217:4046:FFDA:004B:011C
round2_phase1,0xFE,4060,0x0002,0x0003,0x0000,0x01,0x0018,0x0000,0x0000,actor_2c8,8,0x10C4C8,0x01,0x17,0x00,0x00,0x02,0x00,0x00,0x011B,0xFFF9,0x004B,0x00,0x46,0x00,220,19,220:4046:FFFA:0066:010C|221:4046:FFEA:0064:010C|222:4046:FFEA:004E:010C|223:4046:FFDA:004C:010C|224:4046:FFFA:0065:011C|225:4046:FFEA:0063:011C|226:4046:FFEA:004D:011C|227:4046:FFDA:004B:011C
round2_phase1,0xFE,4062,0x0002,0x0003,0x0000,0x01,0x0018,0x0000,0x0000,actor_2c8,4,0x10C3C8,0x01,0xB5,0x00,0x00,0x02,0x00,0x00,0x0119,0xFFF9,0x0400,0x00,0x4E,0x01,180,10,180:404E:FFE9:0400:0108|181:404E:FFE9:0403:0118|182:404E:FFF9:0401:0108|183:404E:FFF9:0402:0118
round2_phase1,0xFE,4062,0x0002,0x0003,0x0000,0x01,0x0018,0x0000,0x0000,actor_2c8,5,0x10C408,0x01,0x17,0x01,0x00,0x01,0x00,0x00,0x0203,0x0099,0x004B,0x00,0x46,0x00,190,10,190:0046:009A:0066:0203|191:0046:008A:0064:0203|192:0046:008A:004E:0203|193:0046:007A:004C:0203|194:0046:009A:0065:01F3|195:0046:008A:0063:01F3|196:0046:008A:004D:01F3|197:0046:007A:004B:01F3
round2_phase1,0xFE,4062,0x0002,0x0003,0x0000,0x01,0x0018,0x0000,0x0000,actor_2c8,6,0x10C448,0x01,0xB5,0x00,0x00,0x02,0x00,0x00,0x0119,0xFFF9,0x0400,0x00,0x4E,0x01,200,10,200:404E:FFE9:0400:0108|201:404E:FFE9:0403:0118|202:404E:FFF9:0401:0108|203:404E:FFF9:0402:0118
round2_phase1,0xFE,4062,0x0002,0x0003,0x0000,0x01,0x0018,0x0000,0x0000,actor_2c8,7,0x10C488,0x01,0x17,0x00,0x00,0x02,0x00,0x00,0x0119,0xFFF9,0x004B,0x00,0x46,0x00,210,10,210:4046:FFFA:0066:010A|211:4046:FFEA:0064:010A|212:4046:FFEA:004E:010A|213:4046:FFDA:004C:010A|214:4046:FFFA:0065:011A|215:4046:FFEA:0063:011A|216:4046:FFEA:004D:011A|217:4046:FFDA:004B:011A
round2_phase1,0xFE,4062,0x0002,0x0003,0x0000,0x01,0x0018,0x0000,0x0000,actor_2c8,8,0x10C4C8,0x01,0x17,0x00,0x00,0x02,0x00,0x00,0x0119,0xFFF9,0x004B,0x00,0x46,0x00,220,19,220:4046:FFFA:0066:010A|221:4046:FFEA:0064:010A|222:4046:FFEA:004E:010A|223:4046:FFDA:004C:010A|224:4046:FFFA:0065:011A|225:4046:FFEA:0063:011A|226:4046:FFEA:004D:011A|227:4046:FFDA:004B:011A
round2_phase1,0xFE,4064,0x0002,0x0003,0x0000,0x01,0x0018,0x0000,0x0000,actor_2c8,4,0x10C3C8,0x01,0xB6,0x00,0x00,0x02,0x00,0x00,0x0117,0xFFF9,0x0400,0x00,0x4E,0x01,180,10,180:404E:FFE9:0404:0106|181:404E:FFF9:0405:0106|182:404E:FFF9:0406:0116
round2_phase1,0xFE,4064,0x0002,0x0003,0x0000,0x01,0x0018,0x0000,0x0000,actor_2c8,5,0x10C408,0x01,0x17,0x01,0x00,0x01,0x00,0x00,0x0205,0x0099,0x004B,0x00,0x46,0x00,190,10,190:0046:009A:0066:0205|191:0046:008A:0064:0205|192:0046:008A:004E:0205|193:0046:007A:004C:0205|194:0046:009A:0065:01F5|195:0046:008A:0063:01F5|196:0046:008A:004D:01F5|197:0046:007A:004B:01F5
round2_phase1,0xFE,4064,0x0002,0x0003,0x0000,0x01,0x0018,0x0000,0x0000,actor_2c8,6,0x10C448,0x01,0xB6,0x00,0x00,0x02,0x00,0x00,0x0117,0xFFF9,0x0400,0x00,0x4E,0x01,200,10,200:404E:FFE9:0404:0106|201:404E:FFF9:0405:0106|202:404E:FFF9:0406:0116
round2_phase1,0xFE,4064,0x0002,0x0003,0x0000,0x01,0x0018,0x0000,0x0000,actor_2c8,7,0x10C488,0x01,0x17,0x00,0x00,0x02,0x00,0x00,0x0117,0xFFF9,0x004B,0x00,0x46,0x00,210,10,210:4046:FFFA:0066:0108|211:4046:FFEA:0064:0108|212:4046:FFEA:004E:0108|213:4046:FFDA:004C:0108|214:4046:FFFA:0065:0118|215:4046:FFEA:0063:0118|216:4046:FFEA:004D:0118|217:4046:FFDA:004B:0118
round2_phase1,0xFE,4064,0x0002,0x0003,0x0000,0x01,0x0018,0x0000,0x0000,actor_2c8,8,0x10C4C8,0x01,0x17,0x00,0x00,0x02,0x00,0x00,0x0117,0xFFF9,0x004B,0x00,0x46,0x00,220,19,220:4046:FFFA:0066:0108|221:4046:FFEA:0064:0108|222:4046:FFEA:004E:0108|223:4046:FFDA:004C:0108|224:4046:FFFA:0065:0118|225:4046:FFEA:0063:0118|226:4046:FFEA:004D:0118|227:4046:FFDA:004B:0118
round2_phase1,0xFE,4066,0x0002,0x0003,0x0000,0x01,0x0018,0x0000,0x0000,actor_2c8,5,0x10C408,0x01,0x17,0x01,0x00,0x01,0x00,0x00,0x0207,0x0099,0x004B,0x00,0x46,0x00,190,10,190:0046:009A:0066:0207|191:0046:008A:0064:0207|192:0046:008A:004E:0207|193:0046:007A:004C:0207|194:0046:009A:0065:01F7|195:0046:008A:0063:01F7|196:0046:008A:004D:01F7|197:0046:007A:004B:01F7
round2_phase1,0xFE,4066,0x0002,0x0003,0x0000,0x01,0x0018,0x0000,0x0000,actor_2c8,7,0x10C488,0x01,0x17,0x00,0x00,0x02,0x00,0x00,0x0117,0xFFF9,0x004B,0x00,0x46,0x00,210,10,210:4046:FFFA:0066:0106|211:4046:FFEA:0064:0106|212:4046:FFEA:004E:0106|213:4046:FFDA:004C:0106|214:4046:FFFA:0065:0116|215:4046:FFEA:0063:0116|216:4046:FFEA:004D:0116|217:4046:FFDA:004B:0116
round2_phase1,0xFE,4066,0x0002,0x0003,0x0000,0x01,0x0018,0x0000,0x0000,actor_2c8,8,0x10C4C8,0x01,0x17,0x00,0x00,0x02,0x00,0x00,0x0117,0xFFF9,0x004B,0x00,0x46,0x00,220,19,220:4046:FFFA:0066:0106|221:4046:FFEA:0064:0106|222:4046:FFEA:004E:0106|223:4046:FFDA:004C:0106|224:4046:FFFA:0065:0116|225:4046:FFEA:0063:0116|226:4046:FFEA:004D:0116|227:4046:FFDA:004B:0116
round2_phase1,0xFE,4068,0x0002,0x0003,0x0000,0x01,0x0018,0x0000,0x0000,actor_2c8,4,0x10C3C8,0x01,0xB7,0x01,0x00,0x01,0x00,0x00,0x011B,0xFFF9,0x0400,0x00,0x4E,0x01,180,10,180:004E:FFE9:0407:0119|181:004E:FFF9:0408:0119|182:004E:FFF9:0409:0109
round2_phase1,0xFE,4068,0x0002,0x0003,0x0000,0x01,0x0018,0x0000,0x0000,actor_2c8,5,0x10C408,0x01,0x18,0x01,0x00,0x01,0x00,0x00,0x0209,0x0099,0x004B,0x00,0x46,0x00,190,10,190:0046:0099:0069:0207|191:0046:0089:0067:0207|192:0046:0089:004E:0207|193:0046:0079:004C:0207|194:0046:0099:0068:01F7|195:0046:0089:0063:01F7|196:0046:0089:004D:01F7|197:0046:0079:004B:01F7
round2_phase1,0xFE,4068,0x0002,0x0003,0x0000,0x01,0x0018,0x0000,0x0000,actor_2c8,6,0x10C448,0x01,0xB7,0x01,0x00,0x01,0x00,0x00,0x011B,0xFFF9,0x0400,0x00,0x4E,0x01,200,10,200:004E:FFE9:0407:0119|201:004E:FFF9:0408:0119|202:004E:FFF9:0409:0109
round2_phase1,0xFE,4068,0x0002,0x0003,0x0000,0x01,0x0018,0x0000,0x0000,actor_2c8,7,0x10C488,0x01,0x1A,0x00,0x00,0x08,0x00,0x00,0x0114,0xFFF9,0x004B,0x00,0x46,0x00,210,10,210:4046:FFF9:0071:0103|211:4046:FFE9:006F:0103|212:4046:FFEB:004E:0103|213:4046:FFDB:004C:0103|214:4046:FFF9:0070:0113|215:4046:FFE9:006E:0113|216:4046:FFEB:004D:0113|217:4046:FFDB:004B:0113
round2_phase1,0xFE,4068,0x0002,0x0003,0x0000,0x01,0x0018,0x0000,0x0000,actor_2c8,8,0x10C4C8,0x01,0x1A,0x00,0x00,0x08,0x00,0x00,0x0114,0xFFF9,0x004B,0x00,0x46,0x00,220,19,220:4046:FFF9:0071:0103|221:4046:FFE9:006F:0103|222:4046:FFEB:004E:0103|223:4046:FFDB:004C:0103|224:4046:FFF9:0070:0113|225:4046:FFE9:006E:0113|226:4046:FFEB:004D:0113|227:4046:FFDB:004B:0113
round2_phase1,0xFE,4070,0x0002,0x0003,0x0000,0x01,0x0018,0x0000,0x0000,actor_2c8,4,0x10C3C8,0x01,0xB7,0x01,0x00,0x01,0x00,0x00,0x011D,0xFFF9,0x0400,0x00,0x4E,0x01,180,10,180:004E:FFE9:0407:011B|181:004E:FFF9:0408:011B|182:004E:FFF9:0409:010B
round2_phase1,0xFE,4070,0x0002,0x0003,0x0000,0x01,0x0018,0x0000,0x0000,actor_2c8,5,0x10C408,0x01,0x18,0x01,0x00,0x01,0x00,0x00,0x020B,0x0099,0x004B,0x00,0x46,0x00,190,10,190:0046:0099:0069:0209|191:0046:0089:0067:0209|192:0046:0089:004E:0209|193:0046:0079:004C:0209|194:0046:0099:0068:01F9|195:0046:0089:0063:01F9|196:0046:0089:004D:01F9|197:0046:0079:004B:01F9
round2_phase1,0xFE,4070,0x0002,0x0003,0x0000,0x01,0x0018,0x0000,0x0000,actor_2c8,6,0x10C448,0x01,0xB7,0x01,0x00,0x01,0x00,0x00,0x011D,0xFFF9,0x0400,0x00,0x4E,0x01,200,10,200:004E:FFE9:0407:011B|201:004E:FFF9:0408:011B|202:004E:FFF9:0409:010B
round2_phase1,0xFE,4070,0x0002,0x0003,0x0000,0x01,0x0018,0x0000,0x0000,actor_2c8,7,0x10C488,0x01,0x1A,0x00,0x00,0x08,0x00,0x00,0x0110,0xFFFA,0x004B,0x00,0x46,0x00,210,10,210:4046:FFFA:0071:00FF|211:4046:FFEA:006F:00FF|212:4046:FFEC:004E:00FF|213:4046:FFDC:004C:00FF|214:4046:FFFA:0070:010F|215:4046:FFEA:006E:010F|216:4046:FFEC:004D:010F|217:4046:FFDC:004B:010F
round2_phase1,0xFE,4070,0x0002,0x0003,0x0000,0x01,0x0018,0x0000,0x0000,actor_2c8,8,0x10C4C8,0x01,0x1A,0x00,0x00,0x08,0x00,0x00,0x0110,0xFFFA,0x004B,0x00,0x46,0x00,220,19,220:4046:FFFA:0071:00FF|221:4046:FFEA:006F:00FF|222:4046:FFEC:004E:00FF|223:4046:FFDC:004C:00FF|224:4046:FFFA:0070:010F|225:4046:FFEA:006E:010F|226:4046:FFEC:004D:010F|227:4046:FFDC:004B:010F
round2_phase1,0xFE,4072,0x0002,0x0003,0x0000,0x01,0x0018,0x0000,0x0000,actor_2c8,4,0x10C3C8,0x01,0xB6,0x01,0x00,0x01,0x00,0x00,0x011F,0xFFF9,0x0400,0x00,0x4E,0x01,180,10,180:004E:FFE9:0404:011D|181:004E:FFF9:0405:011D|182:004E:FFF9:0406:010D
round2_phase1,0xFE,4072,0x0002,0x0003,0x0000,0x01,0x0018,0x0000,0x0000,actor_2c8,5,0x10C408,0x01,0x18,0x01,0x00,0x01,0x00,0x00,0x020D,0x0099,0x004B,0x00,0x46,0x00,190,10,190:0046:0099:0069:020B|191:0046:0089:0067:020B|192:0046:0089:004E:020B|193:0046:0079:004C:020B|194:0046:0099:0068:01FB|195:0046:0089:0063:01FB|196:0046:0089:004D:01FB|197:0046:0079:004B:01FB
round2_phase1,0xFE,4072,0x0002,0x0003,0x0000,0x01,0x0018,0x0000,0x0000,actor_2c8,6,0x10C448,0x01,0xB6,0x01,0x00,0x01,0x00,0x00,0x011F,0xFFF9,0x0400,0x00,0x4E,0x01,200,10,200:004E:FFE9:0404:011D|201:004E:FFF9:0405:011D|202:004E:FFF9:0406:010D
round2_phase1,0xFE,4072,0x0002,0x0003,0x0000,0x01,0x0018,0x0000,0x0000,actor_2c8,7,0x10C488,0x01,0x1A,0x00,0x00,0x08,0x00,0x00,0x010D,0xFFFB,0x004B,0x00,0x46,0x00,210,10,210:4046:FFFB:0071:00FC|211:4046:FFEB:006F:00FC|212:4046:FFED:004E:00FC|213:4046:FFDD:004C:00FC|214:4046:FFFB:0070:010C|215:4046:FFEB:006E:010C|216:4046:FFED:004D:010C|217:4046:FFDD:004B:010C
round2_phase1,0xFE,4072,0x0002,0x0003,0x0000,0x01,0x0018,0x0000,0x0000,actor_2c8,8,0x10C4C8,0x01,0x1A,0x00,0x00,0x08,0x00,0x00,0x010D,0xFFFB,0x004B,0x00,0x46,0x00,220,19,220:4046:FFFB:0071:00FC|221:4046:FFEB:006F:00FC|222:4046:FFED:004E:00FC|223:4046:FFDD:004C:00FC|224:4046:FFFB:0070:010C|225:4046:FFEB:006E:010C|226:4046:FFED:004D:010C|227:4046:FFDD:004B:010C
round2_phase1,0xFE,4074,0x0002,0x0003,0x0000,0x01,0x0018,0x0000,0x0000,actor_2c8,4,0x10C3C8,0x01,0xB6,0x01,0x00,0x01,0x00,0x00,0x011F,0xFFF9,0x0400,0x00,0x4E,0x01,180,10,180:004E:FFE9:0404:011F|181:004E:FFF9:0405:011F|182:004E:FFF9:0406:010F
round2_phase1,0xFE,4074,0x0002,0x0003,0x0000,0x01,0x0018,0x0000,0x0000,actor_2c8,5,0x10C408,0x01,0x18,0x01,0x00,0x01,0x00,0x00,0x020F,0x0099,0x004B,0x00,0x46,0x00,190,10,190:0046:0099:0069:020D|191:0046:0089:0067:020D|192:0046:0089:004E:020D|193:0046:0079:004C:020D|194:0046:0099:0068:01FD|195:0046:0089:0063:01FD|196:0046:0089:004D:01FD|197:0046:0079:004B:01FD
round2_phase1,0xFE,4074,0x0002,0x0003,0x0000,0x01,0x0018,0x0000,0x0000,actor_2c8,6,0x10C448,0x01,0xB6,0x01,0x00,0x01,0x00,0x00,0x011F,0xFFF9,0x0400,0x00,0x4E,0x01,200,10,200:004E:FFE9:0404:011F|201:004E:FFF9:0405:011F|202:004E:FFF9:0406:010F
round2_phase1,0xFE,4074,0x0002,0x0003,0x0000,0x01,0x0018,0x0000,0x0000,actor_2c8,7,0x10C488,0x01,0x1A,0x00,0x00,0x08,0x00,0x00,0x010A,0xFFFC,0x004B,0x00,0x46,0x00,210,10,210:4046:FFFC:0071:00F9|211:4046:FFEC:006F:00F9|212:4046:FFEE:004E:00F9|213:4046:FFDE:004C:00F9|214:4046:FFFC:0070:0109|215:4046:FFEC:006E:0109|216:4046:FFEE:004D:0109|217:4046:FFDE:004B:0109
round2_phase1,0xFE,4074,0x0002,0x0003,0x0000,0x01,0x0018,0x0000,0x0000,actor_2c8,8,0x10C4C8,0x01,0x1A,0x00,0x00,0x08,0x00,0x00,0x010A,0xFFFC,0x004B,0x00,0x46,0x00,220,19,220:4046:FFFC:0071:00F9|221:4046:FFEC:006F:00F9|222:4046:FFEE:004E:00F9|223:4046:FFDE:004C:00F9|224:4046:FFFC:0070:0109|225:4046:FFEC:006E:0109|226:4046:FFEE:004D:0109|227:4046:FFDE:004B:0109
round2_phase1,0xFE,4076,0x0002,0x0003,0x0000,0x01,0x0018,0x0000,0x0000,actor_2c8,4,0x10C3C8,0x01,0xB5,0x01,0x00,0x01,0x00,0x00,0x0121,0xFFF9,0x0400,0x00,0x4E,0x01,180,10,180:004E:FFE9:0400:0121|181:004E:FFE9:0403:0111|182:004E:FFF9:0401:0121|183:004E:FFF9:0402:0111
round2_phase1,0xFE,4076,0x0002,0x0003,0x0000,0x01,0x0018,0x0000,0x0000,actor_2c8,5,0x10C408,0x01,0x19,0x01,0x00,0x01,0x00,0x00,0x020F,0x0099,0x004B,0x00,0x46,0x00,190,10,190:0046:009A:006D:020F|191:0046:008A:006B:020F|192:0046:008A:004E:020F|193:0046:007A:004C:020F|194:0046:009A:006C:01FF|195:0046:008A:006A:01FF|196:0046:008A:004D:01FF|197:0046:007A:004B:01FF
round2_phase1,0xFE,4076,0x0002,0x0003,0x0000,0x01,0x0018,0x0000,0x0000,actor_2c8,6,0x10C448,0x01,0xB5,0x01,0x00,0x01,0x00,0x00,0x0121,0xFFF9,0x0400,0x00,0x4E,0x01,200,10,200:004E:FFE9:0400:0121|201:004E:FFE9:0403:0111|202:004E:FFF9:0401:0121|203:004E:FFF9:0402:0111
round2_phase1,0xFE,4076,0x0002,0x0003,0x0000,0x01,0x0018,0x0000,0x0000,actor_2c8,7,0x10C488,0x01,0x1A,0x00,0x00,0x08,0x00,0x00,0x0107,0xFFFE,0x004B,0x00,0x46,0x00,210,10,210:4046:FFFE:0071:00F6|211:4046:FFEE:006F:00F6|212:4046:FFF0:004E:00F6|213:4046:FFE0:004C:00F6|214:4046:FFFE:0070:0106|215:4046:FFEE:006E:0106|216:4046:FFF0:004D:0106|217:4046:FFE0:004B:0106
round2_phase1,0xFE,4076,0x0002,0x0003,0x0000,0x01,0x0018,0x0000,0x0000,actor_2c8,8,0x10C4C8,0x01,0x1A,0x00,0x00,0x08,0x00,0x00,0x0107,0xFFFE,0x004B,0x00,0x46,0x00,220,19,220:4046:FFFE:0071:00F6|221:4046:FFEE:006F:00F6|222:4046:FFF0:004E:00F6|223:4046:FFE0:004C:00F6|224:4046:FFFE:0070:0106|225:4046:FFEE:006E:0106|226:4046:FFF0:004D:0106|227:4046:FFE0:004B:0106
round2_phase1,0xFE,4078,0x0002,0x0003,0x0000,0x01,0x0018,0x0000,0x0000,actor_2c8,4,0x10C3C8,0x01,0xB5,0x01,0x00,0x01,0x00,0x00,0x0123,0xFFF7,0x0400,0x00,0x4E,0x01,180,10,180:004E:FFE8:0400:0123|181:004E:FFE8:0403:0113|182:004E:FFF8:0401:0123|183:004E:FFF8:0402:0113
round2_phase1,0xFE,4078,0x0002,0x0003,0x0000,0x01,0x0018,0x0000,0x0000,actor_2c8,5,0x10C408,0x01,0x19,0x01,0x00,0x01,0x00,0x00,0x0211,0x0097,0x004B,0x00,0x46,0x00,190,10,190:0046:0099:006D:0211|191:0046:0089:006B:0211|192:0046:0089:004E:0211|193:0046:0079:004C:0211|194:0046:0099:006C:0201|195:0046:0089:006A:0201|196:0046:0089:004D:0201|197:0046:0079:004B:0201
round2_phase1,0xFE,4078,0x0002,0x0003,0x0000,0x01,0x0018,0x0000,0x0000,actor_2c8,6,0x10C448,0x01,0xB5,0x01,0x00,0x01,0x00,0x00,0x0123,0xFFF7,0x0400,0x00,0x4E,0x01,200,10,200:004E:FFE8:0400:0123|201:004E:FFE8:0403:0113|202:004E:FFF8:0401:0123|203:004E:FFF8:0402:0113
round2_phase1,0xFE,4078,0x0002,0x0003,0x0000,0x01,0x0018,0x0000,0x0000,actor_2c8,7,0x10C488,0x01,0x1A,0x00,0x00,0x08,0x00,0x00,0x0104,0xFFFE,0x004B,0x00,0x46,0x00,210,10,210:4046:FFFF:0071:00F3|211:4046:FFEF:006F:00F3|212:4046:FFF1:004E:00F3|213:4046:FFE1:004C:00F3|214:4046:FFFF:0070:0103|215:4046:FFEF:006E:0103|216:4046:FFF1:004D:0103|217:4046:FFE1:004B:0103
round2_phase1,0xFE,4078,0x0002,0x0003,0x0000,0x01,0x0018,0x0000,0x0000,actor_2c8,8,0x10C4C8,0x01,0x1A,0x00,0x00,0x08,0x00,0x00,0x0104,0xFFFE,0x004B,0x00,0x46,0x00,220,19,220:4046:FFFF:0071:00F3|221:4046:FFEF:006F:00F3|222:4046:FFF1:004E:00F3|223:4046:FFE1:004C:00F3|224:4046:FFFF:0070:0103|225:4046:FFEF:006E:0103|226:4046:FFF1:004D:0103|227:4046:FFE1:004B:0103
round2_phase1,0xFE,4080,0x0002,0x0003,0x0000,0x01,0x0018,0x0000,0x0000,actor_2c8,4,0x10C3C8,0x01,0xB6,0x01,0x00,0x01,0x00,0x00,0x0125,0xFFF5,0x0400,0x00,0x4E,0x01,180,10,180:004E:FFE6:0404:0125|181:004E:FFF6:0405:0125|182:004E:FFF6:0406:0115
round2_phase1,0xFE,4080,0x0002,0x0003,0x0000,0x01,0x0018,0x0000,0x0000,actor_2c8,5,0x10C408,0x01,0x19,0x01,0x00,0x01,0x00,0x00,0x0213,0x0095,0x004B,0x00,0x46,0x00,190,10,190:0046:0097:006D:0213|191:0046:0087:006B:0213|192:0046:0087:004E:0213|193:0046:0077:004C:0213|194:0046:0097:006C:0203|195:0046:0087:006A:0203|196:0046:0087:004D:0203|197:0046:0077:004B:0203
round2_phase1,0xFE,4080,0x0002,0x0003,0x0000,0x01,0x0018,0x0000,0x0000,actor_2c8,6,0x10C448,0x01,0xB6,0x01,0x00,0x01,0x00,0x00,0x0125,0xFFF5,0x0400,0x00,0x4E,0x01,200,10,200:004E:FFE6:0404:0125|201:004E:FFF6:0405:0125|202:004E:FFF6:0406:0115
round2_phase1,0xFE,4080,0x0002,0x0003,0x0000,0x01,0x0018,0x0000,0x0000,actor_2c8,7,0x10C488,0x01,0x1A,0x00,0x00,0x08,0x00,0x00,0x0101,0xFFFF,0x004B,0x00,0x46,0x00,210,10,210:4046:0000:0071:00F0|211:4046:FFF0:006F:00F0|212:4046:FFF2:004E:00F0|213:4046:FFE2:004C:00F0|214:4046:0000:0070:0100|215:4046:FFF0:006E:0100|216:4046:FFF2:004D:0100|217:4046:FFE2:004B:0100
round2_phase1,0xFE,4080,0x0002,0x0003,0x0000,0x01,0x0018,0x0000,0x0000,actor_2c8,8,0x10C4C8,0x01,0x1A,0x00,0x00,0x08,0x00,0x00,0x0101,0xFFFF,0x004B,0x00,0x46,0x00,220,19,220:4046:0000:0071:00F0|221:4046:FFF0:006F:00F0|222:4046:FFF2:004E:00F0|223:4046:FFE2:004C:00F0|224:4046:0000:0070:0100|225:4046:FFF0:006E:0100|226:4046:FFF2:004D:0100|227:4046:FFE2:004B:0100
round2_phase1,0xFE,4082,0x0002,0x0003,0x0000,0x01,0x0018,0x0000,0x0000,actor_2c8,4,0x10C3C8,0x01,0xB6,0x01,0x00,0x01,0x00,0x00,0x0127,0xFFF3,0x0400,0x00,0x4E,0x01,180,10,180:004E:FFE4:0404:0127|181:004E:FFF4:0405:0127|182:004E:FFF4:0406:0117
round2_phase1,0xFE,4082,0x0002,0x0003,0x0000,0x01,0x0018,0x0000,0x0000,actor_2c8,5,0x10C408,0x01,0x19,0x01,0x00,0x01,0x00,0x00,0x0215,0x0093,0x004B,0x00,0x46,0x00,190,10,190:0046:0095:006D:0215|191:0046:0085:006B:0215|192:0046:0085:004E:0215|193:0046:0075:004C:0215|194:0046:0095:006C:0205|195:0046:0085:006A:0205|196:0046:0085:004D:0205|197:0046:0075:004B:0205
round2_phase1,0xFE,4082,0x0002,0x0003,0x0000,0x01,0x0018,0x0000,0x0000,actor_2c8,6,0x10C448,0x01,0xB6,0x01,0x00,0x01,0x00,0x00,0x0127,0xFFF3,0x0400,0x00,0x4E,0x01,200,10,200:004E:FFE4:0404:0127|201:004E:FFF4:0405:0127|202:004E:FFF4:0406:0117
round2_phase1,0xFE,4082,0x0002,0x0003,0x0000,0x01,0x0018,0x0000,0x0000,actor_2c8,7,0x10C488,0x01,0x1A,0x00,0x00,0x08,0x00,0x00,0x00FE,0x0000,0x004B,0x00,0x46,0x00,210,10,210:4046:0001:0071:00ED|211:4046:FFF1:006F:00ED|212:4046:FFF3:004E:00ED|213:4046:FFE3:004C:00ED|214:4046:0001:0070:00FD|215:4046:FFF1:006E:00FD|216:4046:FFF3:004D:00FD|217:4046:FFE3:004B:00FD
round2_phase1,0xFE,4082,0x0002,0x0003,0x0000,0x01,0x0018,0x0000,0x0000,actor_2c8,8,0x10C4C8,0x01,0x1A,0x00,0x00,0x08,0x00,0x00,0x00FE,0x0000,0x004B,0x00,0x46,0x00,220,19,220:4046:0001:0071:00ED|221:4046:FFF1:006F:00ED|222:4046:FFF3:004E:00ED|223:4046:FFE3:004C:00ED|224:4046:0001:0070:00FD|225:4046:FFF1:006E:00FD|226:4046:FFF3:004D:00FD|227:4046:FFE3:004B:00FD
round2_phase1,0xFE,4084,0x0002,0x0003,0x0000,0x01,0x0018,0x0000,0x0000,actor_2c8,4,0x10C3C8,0x01,0xB7,0x01,0x00,0x01,0x00,0x00,0x0129,0xFFF0,0x0400,0x00,0x4E,0x01,180,10,180:004E:FFE2:0407:0127|181:004E:FFF2:0408:0127|182:004E:FFF2:0409:0117
round2_phase1,0xFE,4084,0x0002,0x0003,0x0000,0x01,0x0018,0x0000,0x0000,actor_2c8,5,0x10C408,0x01,0x18,0x01,0x00,0x01,0x00,0x00,0x0217,0x0090,0x004B,0x00,0x46,0x00,190,10,190:0046:0092:0069:0217|191:0046:0082:0067:0217|192:0046:0082:004E:0217|193:0046:0072:004C:0217|194:0046:0092:0068:0207|195:0046:0082:0063:0207|196:0046:0082:004D:0207|197:0046:0072:004B:0207
round2_phase1,0xFE,4084,0x0002,0x0003,0x0000,0x01,0x0018,0x0000,0x0000,actor_2c8,6,0x10C448,0x01,0xB7,0x01,0x00,0x01,0x00,0x00,0x0129,0xFFF0,0x0400,0x00,0x4E,0x01,200,10,200:004E:FFE2:0407:0127|201:004E:FFF2:0408:0127|202:004E:FFF2:0409:0117
round2_phase1,0xFE,4084,0x0002,0x0003,0x0000,0x01,0x0018,0x0000,0x0000,actor_2c8,7,0x10C488,0x01,0x1A,0x00,0x00,0x08,0x00,0x00,0x00FC,0x0000,0x004B,0x00,0x46,0x00,210,10,210:4046:0002:0071:00EB|211:4046:FFF2:006F:00EB|212:4046:FFF4:004E:00EB|213:4046:FFE4:004C:00EB|214:4046:0002:0070:00FB|215:4046:FFF2:006E:00FB|216:4046:FFF4:004D:00FB|217:4046:FFE4:004B:00FB
round2_phase1,0xFE,4084,0x0002,0x0003,0x0000,0x01,0x0018,0x0000,0x0000,actor_2c8,8,0x10C4C8,0x01,0x1A,0x00,0x00,0x08,0x00,0x00,0x00FC,0x0000,0x004B,0x00,0x46,0x00,220,19,220:4046:0002:0071:00EB|221:4046:FFF2:006F:00EB|222:4046:FFF4:004E:00EB|223:4046:FFE4:004C:00EB|224:4046:0002:0070:00FB|225:4046:FFF2:006E:00FB|226:4046:FFF4:004D:00FB|227:4046:FFE4:004B:00FB
round2_phase1,0xFE,4086,0x0002,0x0003,0x0000,0x01,0x0018,0x0000,0x0000,actor_2c8,4,0x10C3C8,0x01,0xB7,0x01,0x00,0x01,0x00,0x00,0x012B,0xFFEC,0x0400,0x00,0x4E,0x01,180,10,180:004E:FFDE:0407:0129|181:004E:FFEE:0408:0129|182:004E:FFEE:0409:0119
round2_phase1,0xFE,4086,0x0002,0x0003,0x0000,0x01,0x0018,0x0000,0x0000,actor_2c8,5,0x10C408,0x01,0x18,0x01,0x00,0x01,0x00,0x00,0x0219,0x008C,0x004B,0x00,0x46,0x00,190,10,190:0046:008E:0069:0217|191:0046:007E:0067:0217|192:0046:007E:004E:0217|193:0046:006E:004C:0217|194:0046:008E:0068:0207|195:0046:007E:0063:0207|196:0046:007E:004D:0207|197:0046:006E:004B:0207
round2_phase1,0xFE,4086,0x0002,0x0003,0x0000,0x01,0x0018,0x0000,0x0000,actor_2c8,6,0x10C448,0x01,0xB7,0x01,0x00,0x01,0x00,0x00,0x012B,0xFFEC,0x0400,0x00,0x4E,0x01,200,10,200:004E:FFDE:0407:0129|201:004E:FFEE:0408:0129|202:004E:FFEE:0409:0119
round2_phase1,0xFE,4086,0x0002,0x0003,0x0000,0x01,0x0018,0x0000,0x0000,actor_2c8,7,0x10C488,0x01,0x1A,0x00,0x00,0x08,0x00,0x00,0x00FA,0xFFFF,0x004B,0x00,0x46,0x00,210,10,210:4046:0001:0071:00E9|211:4046:FFF1:006F:00E9|212:4046:FFF3:004E:00E9|213:4046:FFE3:004C:00E9|214:4046:0001:0070:00F9|215:4046:FFF1:006E:00F9|216:4046:FFF3:004D:00F9|217:4046:FFE3:004B:00F9
round2_phase1,0xFE,4086,0x0002,0x0003,0x0000,0x01,0x0018,0x0000,0x0000,actor_2c8,8,0x10C4C8,0x01,0x1A,0x00,0x00,0x08,0x00,0x00,0x00FA,0xFFFF,0x004B,0x00,0x46,0x00,220,19,220:4046:0001:0071:00E9|221:4046:FFF1:006F:00E9|222:4046:FFF3:004E:00E9|223:4046:FFE3:004C:00E9|224:4046:0001:0070:00F9|225:4046:FFF1:006E:00F9|226:4046:FFF3:004D:00F9|227:4046:FFE3:004B:00F9
round2_phase1,0xFE,4088,0x0002,0x0003,0x0000,0x01,0x0018,0x0000,0x0000,actor_2c8,4,0x10C3C8,0x01,0xB6,0x01,0x00,0x01,0x00,0x00,0x012D,0xFFE8,0x0400,0x00,0x4E,0x01,180,10,180:004E:FFDA:0404:012B|181:004E:FFEA:0405:012B|182:004E:FFEA:0406:011B
round2_phase1,0xFE,4088,0x0002,0x0003,0x0000,0x01,0x0018,0x0000,0x0000,actor_2c8,5,0x10C408,0x01,0x18,0x01,0x00,0x01,0x00,0x00,0x021B,0x0088,0x004B,0x00,0x46,0x00,190,10,190:0046:008A:0069:0219|191:0046:007A:0067:0219|192:0046:007A:004E:0219|193:0046:006A:004C:0219|194:0046:008A:0068:0209|195:0046:007A:0063:0209|196:0046:007A:004D:0209|197:0046:006A:004B:0209
round2_phase1,0xFE,4088,0x0002,0x0003,0x0000,0x01,0x0018,0x0000,0x0000,actor_2c8,6,0x10C448,0x01,0xB6,0x01,0x00,0x01,0x00,0x00,0x012D,0xFFE8,0x0400,0x00,0x4E,0x01,200,10,200:004E:FFDA:0404:012B|201:004E:FFEA:0405:012B|202:004E:FFEA:0406:011B
round2_phase1,0xFE,4088,0x0002,0x0003,0x0000,0x01,0x0018,0x0000,0x0000,actor_2c8,7,0x10C488,0x01,0x1A,0x00,0x00,0x08,0x00,0x00,0x00F9,0xFFFE,0x004B,0x00,0x46,0x00,210,10,210:4046:0000:0071:00E8|211:4046:FFF0:006F:00E8|212:4046:FFF2:004E:00E8|213:4046:FFE2:004C:00E8|214:4046:0000:0070:00F8|215:4046:FFF0:006E:00F8|216:4046:FFF2:004D:00F8|217:4046:FFE2:004B:00F8
round2_phase1,0xFE,4088,0x0002,0x0003,0x0000,0x01,0x0018,0x0000,0x0000,actor_2c8,8,0x10C4C8,0x01,0x1A,0x00,0x00,0x08,0x00,0x00,0x00F9,0xFFFE,0x004B,0x00,0x46,0x00,220,19,220:4046:0000:0071:00E8|221:4046:FFF0:006F:00E8|222:4046:FFF2:004E:00E8|223:4046:FFE2:004C:00E8|224:4046:0000:0070:00F8|225:4046:FFF0:006E:00F8|226:4046:FFF2:004D:00F8|227:4046:FFE2:004B:00F8
round2_phase1,0xFE,4090,0x0002,0x0003,0x0000,0x01,0x0018,0x0000,0x0000,actor_2c8,4,0x10C3C8,0x01,0xB6,0x01,0x00,0x01,0x00,0x00,0x012F,0xFFE2,0x0400,0x00,0x4E,0x01,180,10,180:004E:FFD5:0404:012D|181:004E:FFE5:0405:012D|182:004E:FFE5:0406:011D
round2_phase1,0xFE,4090,0x0002,0x0003,0x0000,0x01,0x0018,0x0000,0x0000,actor_2c8,5,0x10C408,0x01,0x18,0x01,0x00,0x01,0x00,0x00,0x021D,0x0082,0x004B,0x00,0x46,0x00,190,10,190:0046:0085:0069:021B|191:0046:0075:0067:021B|192:0046:0075:004E:021B|193:0046:0065:004C:021B|194:0046:0085:0068:020B|195:0046:0075:0063:020B|196:0046:0075:004D:020B|197:0046:0065:004B:020B
round2_phase1,0xFE,4090,0x0002,0x0003,0x0000,0x01,0x0018,0x0000,0x0000,actor_2c8,6,0x10C448,0x01,0xB6,0x01,0x00,0x01,0x00,0x00,0x012F,0xFFE2,0x0400,0x00,0x4E,0x01,200,10,200:004E:FFD5:0404:012D|201:004E:FFE5:0405:012D|202:004E:FFE5:0406:011D
round2_phase1,0xFE,4090,0x0002,0x0003,0x0000,0x01,0x0018,0x0000,0x0000,actor_2c8,7,0x10C488,0x01,0x1A,0x00,0x00,0x08,0x00,0x00,0x00F8,0xFFFB,0x004B,0x00,0x46,0x00,210,10,210:4046:FFFE:0071:00E7|211:4046:FFEE:006F:00E7|212:4046:FFF0:004E:00E7|213:4046:FFE0:004C:00E7|214:4046:FFFE:0070:00F7|215:4046:FFEE:006E:00F7|216:4046:FFF0:004D:00F7|217:4046:FFE0:004B:00F7
round2_phase1,0xFE,4090,0x0002,0x0003,0x0000,0x01,0x0018,0x0000,0x0000,actor_2c8,8,0x10C4C8,0x01,0x1A,0x00,0x00,0x08,0x00,0x00,0x00F8,0xFFFB,0x004B,0x00,0x46,0x00,220,19,220:4046:FFFE:0071:00E7|221:4046:FFEE:006F:00E7|222:4046:FFF0:004E:00E7|223:4046:FFE0:004C:00E7|224:4046:FFFE:0070:00F7|225:4046:FFEE:006E:00F7|226:4046:FFF0:004D:00F7|227:4046:FFE0:004B:00F7
round2_phase1,0xFE,4092,0x0002,0x0003,0x0000,0x01,0x0018,0x0000,0x0000,actor_2c8,5,0x10C408,0x01,0x17,0x01,0x00,0x01,0x00,0x00,0x021F,0x007C,0x004B,0x00,0x46,0x00,190,10,190:0046:0080:0066:021D|191:0046:0070:0064:021D|192:0046:0070:004E:021D|193:0046:0060:004C:021D|194:0046:0080:0065:020D|195:0046:0070:0063:020D|196:0046:0070:004D:020D|197:0046:0060:004B:020D
round2_phase1,0xFE,4092,0x0002,0x0003,0x0000,0x01,0x0018,0x0000,0x0000,actor_2c8,7,0x10C488,0x01,0x1A,0x00,0x00,0x08,0x00,0x00,0x00F7,0xFFF9,0x004B,0x00,0x46,0x00,210,10,210:4046:FFFC:0071:00E6|211:4046:FFEC:006F:00E6|212:4046:FFEE:004E:00E6|213:4046:FFDE:004C:00E6|214:4046:FFFC:0070:00F6|215:4046:FFEC:006E:00F6|216:4046:FFEE:004D:00F6|217:4046:FFDE:004B:00F6
round2_phase1,0xFE,4092,0x0002,0x0003,0x0000,0x01,0x0018,0x0000,0x0000,actor_2c8,8,0x10C4C8,0x01,0x1A,0x00,0x00,0x08,0x00,0x00,0x00F7,0xFFF9,0x004B,0x00,0x46,0x00,220,19,220:4046:FFFC:0071:00E6|221:4046:FFEC:006F:00E6|222:4046:FFEE:004E:00E6|223:4046:FFDE:004C:00E6|224:4046:FFFC:0070:00F6|225:4046:FFEC:006E:00F6|226:4046:FFEE:004D:00F6|227:4046:FFDE:004B:00F6
round2_phase1,0xFE,4094,0x0002,0x0003,0x0000,0x01,0x0018,0x0000,0x0000,actor_2c8,5,0x10C408,0x01,0x17,0x01,0x00,0x01,0x00,0x00,0x021F,0x0079,0x004B,0x00,0x46,0x00,190,10,190:0046:007A:0066:021F|191:0046:006A:0064:021F|192:0046:006A:004E:021F|193:0046:005A:004C:021F|194:0046:007A:0065:020F|195:0046:006A:0063:020F|196:0046:006A:004D:020F|197:0046:005A:004B:020F
round2_phase1,0xFE,4094,0x0002,0x0003,0x0000,0x01,0x0018,0x0000,0x0000,actor_2c8,7,0x10C488,0x01,0x1B,0x00,0x00,0x08,0x00,0x00,0x00F7,0xFFF9,0x004B,0x00,0x46,0x00,210,10,210:4046:FFF9:0075:00E6|211:4046:FFE9:0073:00E6|212:4046:FFEE:004E:00E6|213:4046:FFDE:004C:00E6|214:4046:FFF9:0074:00F6|215:4046:FFE9:0072:00F6|216:4046:FFEE:004D:00F6|217:4046:FFDE:004B:00F6
round2_phase1,0xFE,4094,0x0002,0x0003,0x0000,0x01,0x0018,0x0000,0x0000,actor_2c8,8,0x10C4C8,0x01,0x1B,0x00,0x00,0x08,0x00,0x00,0x00F7,0xFFF9,0x004B,0x00,0x46,0x00,220,19,220:4046:FFF9:0075:00E6|221:4046:FFE9:0073:00E6|222:4046:FFEE:004E:00E6|223:4046:FFDE:004C:00E6|224:4046:FFF9:0074:00F6|225:4046:FFE9:0072:00F6|226:4046:FFEE:004D:00F6|227:4046:FFDE:004B:00F6
round2_phase1,0xFE,4096,0x0002,0x0003,0x0000,0x01,0x0018,0x0000,0x0000,actor_2c8,5,0x10C408,0x01,0x17,0x01,0x00,0x01,0x00,0x00,0x0221,0x0079,0x004B,0x00,0x46,0x00,190,10,190:0046:007A:0066:0221|191:0046:006A:0064:0221|192:0046:006A:004E:0221|193:0046:005A:004C:0221|194:0046:007A:0065:0211|195:0046:006A:0063:0211|196:0046:006A:004D:0211|197:0046:005A:004B:0211
round2_phase1,0xFE,4096,0x0002,0x0003,0x0000,0x01,0x0018,0x0000,0x0000,actor_2c8,7,0x10C488,0x01,0x1A,0x00,0x00,0x08,0x00,0x00,0x00F4,0xFFF9,0x004B,0x00,0x46,0x00,210,10,210:4046:FFF9:0075:00E6|211:4046:FFE9:0073:00E6|212:4046:FFEE:004E:00E6|213:4046:FFDE:004C:00E6|214:4046:FFF9:0074:00F6|215:4046:FFE9:0072:00F6|216:4046:FFEE:004D:00F6|217:4046:FFDE:004B:00F6
round2_phase1,0xFE,4096,0x0002,0x0003,0x0000,0x01,0x0018,0x0000,0x0000,actor_2c8,8,0x10C4C8,0x01,0x1A,0x00,0x00,0x08,0x00,0x00,0x00F4,0xFFF9,0x004B,0x00,0x46,0x00,220,19,220:4046:FFF9:0075:00E6|221:4046:FFE9:0073:00E6|222:4046:FFEE:004E:00E6|223:4046:FFDE:004C:00E6|224:4046:FFF9:0074:00F6|225:4046:FFE9:0072:00F6|226:4046:FFEE:004D:00F6|227:4046:FFDE:004B:00F6
round2_phase1,0xFE,4098,0x0002,0x0003,0x0000,0x01,0x0018,0x0000,0x0000,actor_2c8,7,0x10C488,0x01,0x1A,0x00,0x00,0x08,0x00,0x00,0x00F0,0xFFFA,0x004B,0x00,0x46,0x00,210,10,210:4046:FFF9:0071:00E3|211:4046:FFE9:006F:00E3|212:4046:FFEB:004E:00E3|213:4046:FFDB:004C:00E3|214:4046:FFF9:0070:00F3|215:4046:FFE9:006E:00F3|216:4046:FFEB:004D:00F3|217:4046:FFDB:004B:00F3
round2_phase1,0xFE,4098,0x0002,0x0003,0x0000,0x01,0x0018,0x0000,0x0000,actor_2c8,8,0x10C4C8,0x01,0x1A,0x00,0x00,0x08,0x00,0x00,0x00F0,0xFFFA,0x004B,0x00,0x46,0x00,220,19,220:4046:FFF9:0071:00E3|221:4046:FFE9:006F:00E3|222:4046:FFEB:004E:00E3|223:4046:FFDB:004C:00E3|224:4046:FFF9:0070:00F3|225:4046:FFE9:006E:00F3|226:4046:FFEB:004D:00F3|227:4046:FFDB:004B:00F3
round2_phase1,0xFE,4100,0x0002,0x0003,0x0000,0x01,0x0018,0x0000,0x0000,actor_2c8,5,0x10C408,0x01,0x18,0x01,0x00,0x01,0x00,0x00,0x0225,0x0079,0x004B,0x00,0x46,0x00,190,10,190:0046:0079:0069:0225|191:0046:0069:0067:0225|192:0046:0069:004E:0225|193:0046:0059:004C:0225|194:0046:0079:0068:0215|195:0046:0069:0063:0215|196:0046:0069:004D:0215|197:0046:0059:004B:0215
round2_phase1,0xFE,4100,0x0002,0x0003,0x0000,0x01,0x0018,0x0000,0x0000,actor_2c8,7,0x10C488,0x01,0x1A,0x00,0x00,0x08,0x00,0x00,0x00ED,0xFFFB,0x004B,0x00,0x46,0x00,210,10,210:4046:FFFA:0071:00DF|211:4046:FFEA:006F:00DF|212:4046:FFEC:004E:00DF|213:4046:FFDC:004C:00DF|214:4046:FFFA:0070:00EF|215:4046:FFEA:006E:00EF|216:4046:FFEC:004D:00EF|217:4046:FFDC:004B:00EF
round2_phase1,0xFE,4100,0x0002,0x0003,0x0000,0x01,0x0018,0x0000,0x0000,actor_2c8,8,0x10C4C8,0x01,0x1A,0x00,0x00,0x08,0x00,0x00,0x00ED,0xFFFB,0x004B,0x00,0x46,0x00,220,19,220:4046:FFFA:0071:00DF|221:4046:FFEA:006F:00DF|222:4046:FFEC:004E:00DF|223:4046:FFDC:004C:00DF|224:4046:FFFA:0070:00EF|225:4046:FFEA:006E:00EF|226:4046:FFEC:004D:00EF|227:4046:FFDC:004B:00EF
round2_phase1,0xFE,4102,0x0002,0x0003,0x0000,0x01,0x0018,0x0000,0x0000,actor_2c8,7,0x10C488,0x01,0x1A,0x00,0x00,0x08,0x00,0x00,0x00EA,0xFFFC,0x004B,0x00,0x46,0x00,210,10,210:4046:FFFB:0071:00DC|211:4046:FFEB:006F:00DC|212:4046:FFED:004E:00DC|213:4046:FFDD:004C:00DC|214:4046:FFFB:0070:00EC|215:4046:FFEB:006E:00EC|216:4046:FFED:004D:00EC|217:4046:FFDD:004B:00EC
round2_phase1,0xFE,4102,0x0002,0x0003,0x0000,0x01,0x0018,0x0000,0x0000,actor_2c8,8,0x10C4C8,0x01,0x1A,0x00,0x00,0x08,0x00,0x00,0x00EA,0xFFFC,0x004B,0x00,0x46,0x00,220,19,220:4046:FFFB:0071:00DC|221:4046:FFEB:006F:00DC|222:4046:FFED:004E:00DC|223:4046:FFDD:004C:00DC|224:4046:FFFB:0070:00EC|225:4046:FFEB:006E:00EC|226:4046:FFED:004D:00EC|227:4046:FFDD:004B:00EC
round2_phase1,0xFE,4104,0x0002,0x0003,0x0000,0x01,0x0018,0x0000,0x0000,actor_2c8,7,0x10C488,0x01,0x1A,0x00,0x00,0x08,0x00,0x00,0x00E7,0xFFFE,0x004B,0x00,0x46,0x00,210,10,210:4046:FFFC:0071:00D9|211:4046:FFEC:006F:00D9|212:4046:FFEE:004E:00D9|213:4046:FFDE:004C:00D9|214:4046:FFFC:0070:00E9|215:4046:FFEC:006E:00E9|216:4046:FFEE:004D:00E9|217:4046:FFDE:004B:00E9
round2_phase1,0xFE,4104,0x0002,0x0003,0x0000,0x01,0x0018,0x0000,0x0000,actor_2c8,8,0x10C4C8,0x01,0x1A,0x00,0x00,0x08,0x00,0x00,0x00E7,0xFFFE,0x004B,0x00,0x46,0x00,220,19,220:4046:FFFC:0071:00D9|221:4046:FFEC:006F:00D9|222:4046:FFEE:004E:00D9|223:4046:FFDE:004C:00D9|224:4046:FFFC:0070:00E9|225:4046:FFEC:006E:00E9|226:4046:FFEE:004D:00E9|227:4046:FFDE:004B:00E9
round2_phase1,0xFE,4106,0x0002,0x0003,0x0000,0x01,0x0018,0x0000,0x0000,actor_2c8,7,0x10C488,0x01,0x1A,0x00,0x00,0x08,0x00,0x00,0x00E4,0x0000,0x004B,0x00,0x46,0x00,210,10,210:4046:FFFE:0071:00D6|211:4046:FFEE:006F:00D6|212:4046:FFF0:004E:00D6|213:4046:FFE0:004C:00D6|214:4046:FFFE:0070:00E6|215:4046:FFEE:006E:00E6|216:4046:FFF0:004D:00E6|217:4046:FFE0:004B:00E6
round2_phase1,0xFE,4106,0x0002,0x0003,0x0000,0x01,0x0018,0x0000,0x0000,actor_2c8,8,0x10C4C8,0x01,0x1A,0x00,0x00,0x08,0x00,0x00,0x00E4,0x0000,0x004B,0x00,0x46,0x00,220,19,220:4046:FFFE:0071:00D6|221:4046:FFEE:006F:00D6|222:4046:FFF0:004E:00D6|223:4046:FFE0:004C:00D6|224:4046:FFFE:0070:00E6|225:4046:FFEE:006E:00E6|226:4046:FFF0:004D:00E6|227:4046:FFE0:004B:00E6
round2_phase1,0xFE,4108,0x0002,0x0003,0x0000,0x01,0x0018,0x0000,0x0000,actor_2c8,5,0x10C408,0x01,0x19,0x01,0x00,0x01,0x00,0x00,0x022D,0x0079,0x004B,0x00,0x46,0x00,190,10,190:0046:007A:006D:022B|191:0046:006A:006B:022B|192:0046:006A:004E:022B|193:0046:005A:004C:022B|194:0046:007A:006C:021B|195:0046:006A:006A:021B|196:0046:006A:004D:021B|197:0046:005A:004B:021B
round2_phase1,0xFE,4108,0x0002,0x0003,0x0000,0x01,0x0018,0x0000,0x0000,actor_2c8,7,0x10C488,0x01,0x1A,0x00,0x00,0x08,0x00,0x00,0x00E1,0x0003,0x004B,0x00,0x46,0x00,210,10,210:4046:0000:0071:00D3|211:4046:FFF0:006F:00D3|212:4046:FFF2:004E:00D3|213:4046:FFE2:004C:00D3|214:4046:0000:0070:00E3|215:4046:FFF0:006E:00E3|216:4046:FFF2:004D:00E3|217:4046:FFE2:004B:00E3
round2_phase1,0xFE,4108,0x0002,0x0003,0x0000,0x01,0x0018,0x0000,0x0000,actor_2c8,8,0x10C4C8,0x01,0x1A,0x00,0x00,0x08,0x00,0x00,0x00E1,0x0003,0x004B,0x00,0x46,0x00,220,19,220:4046:0000:0071:00D3|221:4046:FFF0:006F:00D3|222:4046:FFF2:004E:00D3|223:4046:FFE2:004C:00D3|224:4046:0000:0070:00E3|225:4046:FFF0:006E:00E3|226:4046:FFF2:004D:00E3|227:4046:FFE2:004B:00E3
round2_phase1,0xFE,4110,0x0002,0x0003,0x0000,0x01,0x0018,0x0000,0x0000,actor_2c8,5,0x10C408,0x01,0x19,0x01,0x00,0x01,0x00,0x00,0x022F,0x0079,0x004B,0x00,0x46,0x00,190,10,190:0046:007A:006D:022D|191:0046:006A:006B:022D|192:0046:006A:004E:022D|193:0046:005A:004C:022D|194:0046:007A:006C:021D|195:0046:006A:006A:021D|196:0046:006A:004D:021D|197:0046:005A:004B:021D
round2_phase1,0xFE,4110,0x0002,0x0003,0x0000,0x01,0x0018,0x0000,0x0000,actor_2c8,7,0x10C488,0x01,0x1A,0x00,0x00,0x08,0x00,0x00,0x00DE,0x0006,0x004B,0x00,0x46,0x00,210,10,210:4046:0003:0071:00D0|211:4046:FFF3:006F:00D0|212:4046:FFF5:004E:00D0|213:4046:FFE5:004C:00D0|214:4046:0003:0070:00E0|215:4046:FFF3:006E:00E0|216:4046:FFF5:004D:00E0|217:4046:FFE5:004B:00E0
round2_phase1,0xFE,4110,0x0002,0x0003,0x0000,0x01,0x0018,0x0000,0x0000,actor_2c8,8,0x10C4C8,0x01,0x1A,0x00,0x00,0x08,0x00,0x00,0x00DE,0x0006,0x004B,0x00,0x46,0x00,220,19,220:4046:0003:0071:00D0|221:4046:FFF3:006F:00D0|222:4046:FFF5:004E:00D0|223:4046:FFE5:004C:00D0|224:4046:0003:0070:00E0|225:4046:FFF3:006E:00E0|226:4046:FFF5:004D:00E0|227:4046:FFE5:004B:00E0
round2_phase1,0xFE,4112,0x0002,0x0003,0x0000,0x01,0x0018,0x0000,0x0000,actor_2c8,5,0x10C408,0x01,0x19,0x01,0x00,0x01,0x00,0x00,0x022F,0x0079,0x004B,0x00,0x46,0x00,190,10,190:0046:007A:006D:022F|191:0046:006A:006B:022F|192:0046:006A:004E:022F|193:0046:005A:004C:022F|194:0046:007A:006C:021F|195:0046:006A:006A:021F|196:0046:006A:004D:021F|197:0046:005A:004B:021F
round2_phase1,0xFE,4112,0x0002,0x0003,0x0000,0x01,0x0018,0x0000,0x0000,actor_2c8,7,0x10C488,0x01,0x1A,0x00,0x00,0x08,0x00,0x00,0x00DC,0x0009,0x004B,0x00,0x46,0x00,210,10,210:4046:0006:0071:00CD|211:4046:FFF6:006F:00CD|212:4046:FFF8:004E:00CD|213:4046:FFE8:004C:00CD|214:4046:0006:0070:00DD|215:4046:FFF6:006E:00DD|216:4046:FFF8:004D:00DD|217:4046:FFE8:004B:00DD
round2_phase1,0xFE,4112,0x0002,0x0003,0x0000,0x01,0x0018,0x0000,0x0000,actor_2c8,8,0x10C4C8,0x01,0x1A,0x00,0x00,0x08,0x00,0x00,0x00DC,0x0009,0x004B,0x00,0x46,0x00,220,19,220:4046:0006:0071:00CD|221:4046:FFF6:006F:00CD|222:4046:FFF8:004E:00CD|223:4046:FFE8:004C:00CD|224:4046:0006:0070:00DD|225:4046:FFF6:006E:00DD|226:4046:FFF8:004D:00DD|227:4046:FFE8:004B:00DD
round2_phase1,0xFE,4114,0x0002,0x0003,0x0000,0x01,0x0018,0x0000,0x0000,actor_2c8,7,0x10C488,0x01,0x1A,0x00,0x00,0x08,0x00,0x00,0x00DA,0x000C,0x004B,0x00,0x46,0x00,210,10,210:4046:0009:0071:00CB|211:4046:FFF9:006F:00CB|212:4046:FFFB:004E:00CB|213:4046:FFEB:004C:00CB|214:4046:0009:0070:00DB|215:4046:FFF9:006E:00DB|216:4046:FFFB:004D:00DB|217:4046:FFEB:004B:00DB
round2_phase1,0xFE,4114,0x0002,0x0003,0x0000,0x01,0x0018,0x0000,0x0000,actor_2c8,8,0x10C4C8,0x01,0x1A,0x00,0x00,0x08,0x00,0x00,0x00DA,0x000C,0x004B,0x00,0x46,0x00,220,19,220:4046:0009:0071:00CB|221:4046:FFF9:006F:00CB|222:4046:FFFB:004E:00CB|223:4046:FFEB:004C:00CB|224:4046:0009:0070:00DB|225:4046:FFF9:006E:00DB|226:4046:FFFB:004D:00DB|227:4046:FFEB:004B:00DB
round2_phase1,0xFE,4116,0x0002,0x0003,0x0000,0x01,0x0018,0x0000,0x0000,actor_2c8,5,0x10C408,0x01,0x18,0x01,0x00,0x01,0x00,0x00,0x0233,0x0079,0x004B,0x00,0x46,0x00,190,10,190:0046:0079:0069:0233|191:0046:0069:0067:0233|192:0046:0069:004E:0233|193:0046:0059:004C:0233|194:0046:0079:0068:0223|195:0046:0069:0063:0223|196:0046:0069:004D:0223|197:0046:0059:004B:0223
round2_phase1,0xFE,4116,0x0002,0x0003,0x0000,0x01,0x0018,0x0000,0x0000,actor_2c8,7,0x10C488,0x01,0x1A,0x00,0x00,0x08,0x00,0x00,0x00D9,0x000F,0x004B,0x00,0x46,0x00,210,10,210:4046:000C:0071:00C9|211:4046:FFFC:006F:00C9|212:4046:FFFE:004E:00C9|213:4046:FFEE:004C:00C9|214:4046:000C:0070:00D9|215:4046:FFFC:006E:00D9|216:4046:FFFE:004D:00D9|217:4046:FFEE:004B:00D9
round2_phase1,0xFE,4116,0x0002,0x0003,0x0000,0x01,0x0018,0x0000,0x0000,actor_2c8,8,0x10C4C8,0x01,0x1A,0x00,0x00,0x08,0x00,0x00,0x00D9,0x000F,0x004B,0x00,0x46,0x00,220,19,220:4046:000C:0071:00C9|221:4046:FFFC:006F:00C9|222:4046:FFFE:004E:00C9|223:4046:FFEE:004C:00C9|224:4046:000C:0070:00D9|225:4046:FFFC:006E:00D9|226:4046:FFFE:004D:00D9|227:4046:FFEE:004B:00D9
round2_phase1,0xFE,4118,0x0002,0x0003,0x0000,0x01,0x0018,0x0000,0x0000,actor_2c8,5,0x10C408,0x01,0x18,0x01,0x00,0x01,0x00,0x00,0x0235,0x0079,0x004B,0x00,0x46,0x00,190,10,190:0046:0079:0069:0235|191:0046:0069:0067:0235|192:0046:0069:004E:0235|193:0046:0059:004C:0235|194:0046:0079:0068:0225|195:0046:0069:0063:0225|196:0046:0069:004D:0225|197:0046:0059:004B:0225
round2_phase1,0xFE,4118,0x0002,0x0003,0x0000,0x01,0x0018,0x0000,0x0000,actor_2c8,7,0x10C488,0x01,0x1A,0x00,0x00,0x08,0x00,0x00,0x00D8,0x0012,0x004B,0x00,0x46,0x00,210,10,210:4046:000F:0071:00C8|211:4046:FFFF:006F:00C8|212:4046:0001:004E:00C8|213:4046:FFF1:004C:00C8|214:4046:000F:0070:00D8|215:4046:FFFF:006E:00D8|216:4046:0001:004D:00D8|217:4046:FFF1:004B:00D8
round2_phase1,0xFE,4118,0x0002,0x0003,0x0000,0x01,0x0018,0x0000,0x0000,actor_2c8,8,0x10C4C8,0x01,0x1A,0x00,0x00,0x08,0x00,0x00,0x00D8,0x0012,0x004B,0x00,0x46,0x00,220,19,220:4046:000F:0071:00C8|221:4046:FFFF:006F:00C8|222:4046:0001:004E:00C8|223:4046:FFF1:004C:00C8|224:4046:000F:0070:00D8|225:4046:FFFF:006E:00D8|226:4046:0001:004D:00D8|227:4046:FFF1:004B:00D8
round2_phase1,0xFE,4120,0x0002,0x0003,0x0000,0x01,0x0018,0x0000,0x0000,actor_2c8,5,0x10C408,0x01,0x18,0x01,0x00,0x01,0x00,0x00,0x0237,0x0079,0x004B,0x00,0x46,0x00,190,10,190:0046:0079:0069:0237|191:0046:0069:0067:0237|192:0046:0069:004E:0237|193:0046:0059:004C:0237|194:0046:0079:0068:0227|195:0046:0069:0063:0227|196:0046:0069:004D:0227|197:0046:0059:004B:0227
round2_phase1,0xFE,4120,0x0002,0x0003,0x0000,0x01,0x0018,0x0000,0x0000,actor_2c8,7,0x10C488,0x01,0x1A,0x00,0x00,0x08,0x00,0x00,0x00D7,0x0016,0x004B,0x00,0x46,0x00,210,10,210:4046:0012:0071:00C7|211:4046:0002:006F:00C7|212:4046:0004:004E:00C7|213:4046:FFF4:004C:00C7|214:4046:0012:0070:00D7|215:4046:0002:006E:00D7|216:4046:0004:004D:00D7|217:4046:FFF4:004B:00D7
round2_phase1,0xFE,4120,0x0002,0x0003,0x0000,0x01,0x0018,0x0000,0x0000,actor_2c8,8,0x10C4C8,0x01,0x1A,0x00,0x00,0x08,0x00,0x00,0x00D7,0x0016,0x004B,0x00,0x46,0x00,220,19,220:4046:0012:0071:00C7|221:4046:0002:006F:00C7|222:4046:0004:004E:00C7|223:4046:FFF4:004C:00C7|224:4046:0012:0070:00D7|225:4046:0002:006E:00D7|226:4046:0004:004D:00D7|227:4046:FFF4:004B:00D7
round2_phase1,0xFE,4122,0x0002,0x0003,0x0000,0x01,0x0018,0x0000,0x0000,actor_2c8,7,0x10C488,0x01,0x1B,0x00,0x00,0x08,0x00,0x00,0x00D7,0x0019,0x004B,0x00,0x46,0x00,210,10,210:4046:0016:0071:00C6|211:4046:0006:006F:00C6|212:4046:0008:004E:00C6|213:4046:FFF8:004C:00C6|214:4046:0016:0070:00D6|215:4046:0006:006E:00D6|216:4046:0008:004D:00D6|217:4046:FFF8:004B:00D6
round2_phase1,0xFE,4122,0x0002,0x0003,0x0000,0x01,0x0018,0x0000,0x0000,actor_2c8,8,0x10C4C8,0x01,0x1B,0x00,0x00,0x08,0x00,0x00,0x00D7,0x0019,0x004B,0x00,0x46,0x00,220,19,220:4046:0016:0071:00C6|221:4046:0006:006F:00C6|222:4046:0008:004E:00C6|223:4046:FFF8:004C:00C6|224:4046:0016:0070:00D6|225:4046:0006:006E:00D6|226:4046:0008:004D:00D6|227:4046:FFF8:004B:00D6
round2_phase1,0xFE,4124,0x0002,0x0003,0x0000,0x01,0x0018,0x0000,0x0000,actor_2c8,5,0x10C408,0x01,0x17,0x01,0x00,0x01,0x00,0x00,0x023B,0x0079,0x004B,0x00,0x46,0x00,190,10,190:0046:007A:0066:0239|191:0046:006A:0064:0239|192:0046:006A:004E:0239|193:0046:005A:004C:0239|194:0046:007A:0065:0229|195:0046:006A:0063:0229|196:0046:006A:004D:0229|197:0046:005A:004B:0229
round2_phase1,0xFE,4124,0x0002,0x0003,0x0000,0x01,0x0018,0x0000,0x0000,actor_2c8,7,0x10C488,0x01,0x1B,0x00,0x00,0x08,0x00,0x00,0x00D7,0x0019,0x004B,0x00,0x46,0x00,210,10,210:4046:0019:0075:00C6|211:4046:0009:0073:00C6|212:4046:000E:004E:00C6|213:4046:FFFE:004C:00C6|214:4046:0019:0074:00D6|215:4046:0009:0072:00D6|216:4046:000E:004D:00D6|217:4046:FFFE:004B:00D6
round2_phase1,0xFE,4124,0x0002,0x0003,0x0000,0x01,0x0018,0x0000,0x0000,actor_2c8,8,0x10C4C8,0x01,0x1B,0x00,0x00,0x08,0x00,0x00,0x00D7,0x0019,0x004B,0x00,0x46,0x00,220,19,220:4046:0019:0075:00C6|221:4046:0009:0073:00C6|222:4046:000E:004E:00C6|223:4046:FFFE:004C:00C6|224:4046:0019:0074:00D6|225:4046:0009:0072:00D6|226:4046:000E:004D:00D6|227:4046:FFFE:004B:00D6
round2_phase1,0xFE,4126,0x0002,0x0003,0x0000,0x01,0x0018,0x0000,0x0000,actor_2c8,5,0x10C408,0x01,0x17,0x01,0x00,0x01,0x00,0x00,0x023D,0x0079,0x004B,0x00,0x46,0x00,190,10,190:0046:007A:0066:023B|191:0046:006A:0064:023B|192:0046:006A:004E:023B|193:0046:005A:004C:023B|194:0046:007A:0065:022B|195:0046:006A:0063:022B|196:0046:006A:004D:022B|197:0046:005A:004B:022B
round2_phase1,0xFE,4126,0x0002,0x0003,0x0000,0x01,0x0018,0x0000,0x0000,actor_2c8,7,0x10C488,0x01,0x1A,0x00,0x00,0x08,0x00,0x00,0x00D4,0x0019,0x004B,0x00,0x46,0x00,210,10,210:4046:0019:0071:00C3|211:4046:0009:006F:00C3|212:4046:000B:004E:00C3|213:4046:FFFB:004C:00C3|214:4046:0019:0070:00D3|215:4046:0009:006E:00D3|216:4046:000B:004D:00D3|217:4046:FFFB:004B:00D3
round2_phase1,0xFE,4126,0x0002,0x0003,0x0000,0x01,0x0018,0x0000,0x0000,actor_2c8,8,0x10C4C8,0x01,0x1A,0x00,0x00,0x08,0x00,0x00,0x00D4,0x0019,0x004B,0x00,0x46,0x00,220,19,220:4046:0019:0071:00C3|221:4046:0009:006F:00C3|222:4046:000B:004E:00C3|223:4046:FFFB:004C:00C3|224:4046:0019:0070:00D3|225:4046:0009:006E:00D3|226:4046:000B:004D:00D3|227:4046:FFFB:004B:00D3
round2_phase1,0xFE,4128,0x0002,0x0003,0x0000,0x01,0x0018,0x0000,0x0000,actor_2c8,5,0x10C408,0x01,0x17,0x01,0x00,0x01,0x00,0x00,0x023F,0x0079,0x004B,0x00,0x46,0x00,190,10,190:0046:007A:0066:023D|191:0046:006A:0064:023D|192:0046:006A:004E:023D|193:0046:005A:004C:023D|194:0046:007A:0065:022D|195:0046:006A:0063:022D|196:0046:006A:004D:022D|197:0046:005A:004B:022D
round2_phase1,0xFE,4128,0x0002,0x0003,0x0000,0x01,0x0018,0x0000,0x0000,actor_2c8,7,0x10C488,0x01,0x1A,0x00,0x00,0x08,0x00,0x00,0x00D0,0x001A,0x004B,0x00,0x46,0x00,210,10,210:4046:001A:0071:00BF|211:4046:000A:006F:00BF|212:4046:000C:004E:00BF|213:4046:FFFC:004C:00BF|214:4046:001A:0070:00CF|215:4046:000A:006E:00CF|216:4046:000C:004D:00CF|217:4046:FFFC:004B:00CF
round2_phase1,0xFE,4128,0x0002,0x0003,0x0000,0x01,0x0018,0x0000,0x0000,actor_2c8,8,0x10C4C8,0x01,0x1A,0x00,0x00,0x08,0x00,0x00,0x00D0,0x001A,0x004B,0x00,0x46,0x00,220,19,220:4046:001A:0071:00BF|221:4046:000A:006F:00BF|222:4046:000C:004E:00BF|223:4046:FFFC:004C:00BF|224:4046:001A:0070:00CF|225:4046:000A:006E:00CF|226:4046:000C:004D:00CF|227:4046:FFFC:004B:00CF
round2_phase1,0xFE,4130,0x0002,0x0003,0x0000,0x01,0x0018,0x0000,0x0000,actor_2c8,7,0x10C488,0x01,0x1A,0x00,0x00,0x08,0x00,0x00,0x00CD,0x001B,0x004B,0x00,0x46,0x00,210,10,210:4046:001B:0071:00BC|211:4046:000B:006F:00BC|212:4046:000D:004E:00BC|213:4046:FFFD:004C:00BC|214:4046:001B:0070:00CC|215:4046:000B:006E:00CC|216:4046:000D:004D:00CC|217:4046:FFFD:004B:00CC
round2_phase1,0xFE,4130,0x0002,0x0003,0x0000,0x01,0x0018,0x0000,0x0000,actor_2c8,8,0x10C4C8,0x01,0x1A,0x00,0x00,0x08,0x00,0x00,0x00CD,0x001B,0x004B,0x00,0x46,0x00,220,19,220:4046:001B:0071:00BC|221:4046:000B:006F:00BC|222:4046:000D:004E:00BC|223:4046:FFFD:004C:00BC|224:4046:001B:0070:00CC|225:4046:000B:006E:00CC|226:4046:000D:004D:00CC|227:4046:FFFD:004B:00CC
round2_phase1,0xFE,4132,0x0002,0x0003,0x0000,0x01,0x0018,0x0000,0x0000,actor_2c8,5,0x10C408,0x01,0x18,0x01,0x00,0x01,0x00,0x00,0x0241,0x0079,0x004B,0x00,0x46,0x00,190,10,190:0046:0079:0069:0241|191:0046:0069:0067:0241|192:0046:0069:004E:0241|193:0046:0059:004C:0241|194:0046:0079:0068:0231|195:0046:0069:0063:0231|196:0046:0069:004D:0231|197:0046:0059:004B:0231
round2_phase1,0xFE,4132,0x0002,0x0003,0x0000,0x01,0x0018,0x0000,0x0000,actor_2c8,7,0x10C488,0x01,0x1A,0x00,0x00,0x08,0x00,0x00,0x00CA,0x001C,0x004B,0x00,0x46,0x00,210,10,210:4046:001C:0071:00B9|211:4046:000C:006F:00B9|212:4046:000E:004E:00B9|213:4046:FFFE:004C:00B9|214:4046:001C:0070:00C9|215:4046:000C:006E:00C9|216:4046:000E:004D:00C9|217:4046:FFFE:004B:00C9
round2_phase1,0xFE,4132,0x0002,0x0003,0x0000,0x01,0x0018,0x0000,0x0000,actor_2c8,8,0x10C4C8,0x01,0x1A,0x00,0x00,0x08,0x00,0x00,0x00CA,0x001C,0x004B,0x00,0x46,0x00,220,19,220:4046:001C:0071:00B9|221:4046:000C:006F:00B9|222:4046:000E:004E:00B9|223:4046:FFFE:004C:00B9|224:4046:001C:0070:00C9|225:4046:000C:006E:00C9|226:4046:000E:004D:00C9|227:4046:FFFE:004B:00C9
round2_phase1,0xFE,4134,0x0002,0x0003,0x0000,0x01,0x0018,0x0000,0x0000,actor_2c8,5,0x10C408,0x01,0x18,0x01,0x00,0x01,0x00,0x00,0x0243,0x0079,0x004B,0x00,0x46,0x00,190,10,190:0046:0079:0069:0243|191:0046:0069:0067:0243|192:0046:0069:004E:0243|193:0046:0059:004C:0243|194:0046:0079:0068:0233|195:0046:0069:0063:0233|196:0046:0069:004D:0233|197:0046:0059:004B:0233
round2_phase1,0xFE,4134,0x0002,0x0003,0x0000,0x01,0x0018,0x0000,0x0000,actor_2c8,7,0x10C488,0x01,0x1A,0x00,0x00,0x08,0x00,0x00,0x00C7,0x001E,0x004B,0x00,0x46,0x00,210,10,210:4046:001E:0071:00B6|211:4046:000E:006F:00B6|212:4046:0010:004E:00B6|213:4046:0000:004C:00B6|214:4046:001E:0070:00C6|215:4046:000E:006E:00C6|216:4046:0010:004D:00C6|217:4046:0000:004B:00C6
round2_phase1,0xFE,4134,0x0002,0x0003,0x0000,0x01,0x0018,0x0000,0x0000,actor_2c8,8,0x10C4C8,0x01,0x1A,0x00,0x00,0x08,0x00,0x00,0x00C7,0x001E,0x004B,0x00,0x46,0x00,220,19,220:4046:001E:0071:00B6|221:4046:000E:006F:00B6|222:4046:0010:004E:00B6|223:4046:0000:004C:00B6|224:4046:001E:0070:00C6|225:4046:000E:006E:00C6|226:4046:0010:004D:00C6|227:4046:0000:004B:00C6
round2_phase1,0xFE,4136,0x0002,0x0003,0x0000,0x01,0x0018,0x0000,0x0000,actor_2c8,5,0x10C408,0x01,0x18,0x01,0x00,0x01,0x00,0x00,0x0245,0x0079,0x004B,0x00,0x46,0x00,190,10,190:0046:0079:0069:0245|191:0046:0069:0067:0245|192:0046:0069:004E:0245|193:0046:0059:004C:0245|194:0046:0079:0068:0235|195:0046:0069:0063:0235|196:0046:0069:004D:0235|197:0046:0059:004B:0235
round2_phase1,0xFE,4136,0x0002,0x0003,0x0000,0x01,0x0018,0x0000,0x0000,actor_2c8,7,0x10C488,0x01,0x1A,0x00,0x00,0x08,0x00,0x00,0x00C4,0x0020,0x004B,0x00,0x46,0x00,210,10,210:4046:0020:0071:00B3|211:4046:0010:006F:00B3|212:4046:0012:004E:00B3|213:4046:0002:004C:00B3|214:4046:0020:0070:00C3|215:4046:0010:006E:00C3|216:4046:0012:004D:00C3|217:4046:0002:004B:00C3
round2_phase1,0xFE,4136,0x0002,0x0003,0x0000,0x01,0x0018,0x0000,0x0000,actor_2c8,8,0x10C4C8,0x01,0x1A,0x00,0x00,0x08,0x00,0x00,0x00C4,0x0020,0x004B,0x00,0x46,0x00,220,19,220:4046:0020:0071:00B3|221:4046:0010:006F:00B3|222:4046:0012:004E:00B3|223:4046:0002:004C:00B3|224:4046:0020:0070:00C3|225:4046:0010:006E:00C3|226:4046:0012:004D:00C3|227:4046:0002:004B:00C3
round2_phase1,0xFE,4138,0x0002,0x0003,0x0000,0x01,0x0018,0x0000,0x0000,actor_2c8,5,0x10C408,0x01,0x18,0x01,0x00,0x01,0x00,0x00,0x0247,0x007F,0x004B,0x00,0x46,0x00,190,10,190:0046:007C:0069:0247|191:0046:006C:0067:0247|192:0046:006C:004E:0247|193:0046:005C:004C:0247|194:0046:007C:0068:0237|195:0046:006C:0063:0237|196:0046:006C:004D:0237|197:0046:005C:004B:0237
round2_phase1,0xFE,4138,0x0002,0x0003,0x0000,0x01,0x0018,0x0000,0x0000,actor_2c8,7,0x10C488,0x01,0x1A,0x00,0x00,0x08,0x00,0x00,0x00C1,0x0029,0x004B,0x00,0x46,0x00,210,10,210:4046:0026:0071:00B0|211:4046:0016:006F:00B0|212:4046:0018:004E:00B0|213:4046:0008:004C:00B0|214:4046:0026:0070:00C0|215:4046:0016:006E:00C0|216:4046:0018:004D:00C0|217:4046:0008:004B:00C0
round2_phase1,0xFE,4138,0x0002,0x0003,0x0000,0x01,0x0018,0x0000,0x0000,actor_2c8,8,0x10C4C8,0x01,0x1A,0x00,0x00,0x08,0x00,0x00,0x00C1,0x0029,0x004B,0x00,0x46,0x00,220,19,220:4046:0026:0071:00B0|221:4046:0016:006F:00B0|222:4046:0018:004E:00B0|223:4046:0008:004C:00B0|224:4046:0026:0070:00C0|225:4046:0016:006E:00C0|226:4046:0018:004D:00C0|227:4046:0008:004B:00C0
round2_phase1,0xFE,4140,0x0002,0x0003,0x0000,0x01,0x0018,0x0000,0x0000,actor_2c8,5,0x10C408,0x01,0x19,0x01,0x00,0x01,0x00,0x00,0x0249,0x0085,0x004B,0x00,0x46,0x00,190,10,190:0046:0083:006D:0247|191:0046:0073:006B:0247|192:0046:0073:004E:0247|193:0046:0063:004C:0247|194:0046:0083:006C:0237|195:0046:0073:006A:0237|196:0046:0073:004D:0237|197:0046:0063:004B:0237
round2_phase1,0xFE,4140,0x0002,0x0003,0x0000,0x01,0x0018,0x0000,0x0000,actor_2c8,7,0x10C488,0x01,0x1A,0x00,0x00,0x08,0x00,0x00,0x00BE,0x0032,0x004B,0x00,0x46,0x00,210,10,210:4046:002F:0071:00AD|211:4046:001F:006F:00AD|212:4046:0021:004E:00AD|213:4046:0011:004C:00AD|214:4046:002F:0070:00BD|215:4046:001F:006E:00BD|216:4046:0021:004D:00BD|217:4046:0011:004B:00BD
round2_phase1,0xFE,4140,0x0002,0x0003,0x0000,0x01,0x0018,0x0000,0x0000,actor_2c8,8,0x10C4C8,0x01,0x1A,0x00,0x00,0x08,0x00,0x00,0x00BE,0x0032,0x004B,0x00,0x46,0x00,220,19,220:4046:002F:0071:00AD|221:4046:001F:006F:00AD|222:4046:0021:004E:00AD|223:4046:0011:004C:00AD|224:4046:002F:0070:00BD|225:4046:001F:006E:00BD|226:4046:0021:004D:00BD|227:4046:0011:004B:00BD
round2_phase1,0xFE,4142,0x0002,0x0003,0x0000,0x01,0x0018,0x0000,0x0000,actor_2c8,5,0x10C408,0x01,0x19,0x01,0x00,0x01,0x00,0x00,0x024B,0x0089,0x004B,0x00,0x46,0x00,190,10,190:0046:0088:006D:0249|191:0046:0078:006B:0249|192:0046:0078:004E:0249|193:0046:0068:004C:0249|194:0046:0088:006C:0239|195:0046:0078:006A:0239|196:0046:0078:004D:0239|197:0046:0068:004B:0239
round2_phase1,0xFE,4142,0x0002,0x0003,0x0000,0x01,0x0018,0x0000,0x0000,actor_2c8,7,0x10C488,0x01,0x1A,0x00,0x00,0x08,0x00,0x00,0x00BC,0x0039,0x004B,0x00,0x46,0x00,210,10,210:4046:0037:0071:00AB|211:4046:0027:006F:00AB|212:4046:0029:004E:00AB|213:4046:0019:004C:00AB|214:4046:0037:0070:00BB|215:4046:0027:006E:00BB|216:4046:0029:004D:00BB|217:4046:0019:004B:00BB
round2_phase1,0xFE,4142,0x0002,0x0003,0x0000,0x01,0x0018,0x0000,0x0000,actor_2c8,8,0x10C4C8,0x01,0x1A,0x00,0x00,0x08,0x00,0x00,0x00BC,0x0039,0x004B,0x00,0x46,0x00,220,19,220:4046:0037:0071:00AB|221:4046:0027:006F:00AB|222:4046:0029:004E:00AB|223:4046:0019:004C:00AB|224:4046:0037:0070:00BB|225:4046:0027:006E:00BB|226:4046:0029:004D:00BB|227:4046:0019:004B:00BB
round2_phase1,0xFE,4144,0x0002,0x0003,0x0000,0x01,0x0018,0x0000,0x0000,actor_2c8,5,0x10C408,0x01,0x19,0x01,0x00,0x01,0x00,0x00,0x024D,0x008B,0x004B,0x00,0x46,0x00,190,10,190:0046:008B:006D:024B|191:0046:007B:006B:024B|192:0046:007B:004E:024B|193:0046:006B:004C:024B|194:0046:008B:006C:023B|195:0046:007B:006A:023B|196:0046:007B:004D:023B|197:0046:006B:004B:023B
round2_phase1,0xFE,4144,0x0002,0x0003,0x0000,0x01,0x0018,0x0000,0x0000,actor_2c8,7,0x10C488,0x01,0x1A,0x00,0x00,0x08,0x00,0x00,0x00BA,0x003E,0x004B,0x00,0x46,0x00,210,10,210:4046:003D:0071:00A9|211:4046:002D:006F:00A9|212:4046:002F:004E:00A9|213:4046:001F:004C:00A9|214:4046:003D:0070:00B9|215:4046:002D:006E:00B9|216:4046:002F:004D:00B9|217:4046:001F:004B:00B9
round2_phase1,0xFE,4144,0x0002,0x0003,0x0000,0x01,0x0018,0x0000,0x0000,actor_2c8,8,0x10C4C8,0x01,0x1A,0x00,0x00,0x08,0x00,0x00,0x00BA,0x003E,0x004B,0x00,0x46,0x00,220,19,220:4046:003D:0071:00A9|221:4046:002D:006F:00A9|222:4046:002F:004E:00A9|223:4046:001F:004C:00A9|224:4046:003D:0070:00B9|225:4046:002D:006E:00B9|226:4046:002F:004D:00B9|227:4046:001F:004B:00B9
round2_phase1,0xFE,4146,0x0002,0x0003,0x0000,0x01,0x0018,0x0000,0x0000,actor_2c8,5,0x10C408,0x01,0x19,0x01,0x00,0x01,0x00,0x00,0x024F,0x008B,0x004B,0x00,0x46,0x00,190,10,190:0046:008C:006D:024D|191:0046:007C:006B:024D|192:0046:007C:004E:024D|193:0046:006C:004C:024D|194:0046:008C:006C:023D|195:0046:007C:006A:023D|196:0046:007C:004D:023D|197:0046:006C:004B:023D
round2_phase1,0xFE,4146,0x0002,0x0003,0x0000,0x01,0x0018,0x0000,0x0000,actor_2c8,7,0x10C488,0x01,0x1A,0x00,0x00,0x08,0x00,0x00,0x00B9,0x0041,0x004B,0x00,0x46,0x00,210,10,210:4046:0041:0071:00A8|211:4046:0031:006F:00A8|212:4046:0033:004E:00A8|213:4046:0023:004C:00A8|214:4046:0041:0070:00B8|215:4046:0031:006E:00B8|216:4046:0033:004D:00B8|217:4046:0023:004B:00B8
round2_phase1,0xFE,4146,0x0002,0x0003,0x0000,0x01,0x0018,0x0000,0x0000,actor_2c8,8,0x10C4C8,0x01,0x1A,0x00,0x00,0x08,0x00,0x00,0x00B9,0x0041,0x004B,0x00,0x46,0x00,220,19,220:4046:0041:0071:00A8|221:4046:0031:006F:00A8|222:4046:0033:004E:00A8|223:4046:0023:004C:00A8|224:4046:0041:0070:00B8|225:4046:0031:006E:00B8|226:4046:0033:004D:00B8|227:4046:0023:004B:00B8
round2_phase1,0xFE,4148,0x0002,0x0003,0x0000,0x01,0x0018,0x0000,0x0000,actor_2c8,5,0x10C408,0x01,0x18,0x00,0x00,0x02,0x00,0x00,0x024F,0x008B,0x004B,0x00,0x46,0x00,190,10,190:0046:008B:0069:024F|191:0046:007B:0067:024F|192:0046:007B:004E:024F|193:0046:006B:004C:024F|194:0046:008B:0068:023F|195:0046:007B:0063:023F|196:0046:007B:004D:023F|197:0046:006B:004B:023F
round2_phase1,0xFE,4148,0x0002,0x0003,0x0000,0x01,0x0018,0x0000,0x0000,actor_2c8,7,0x10C488,0x01,0x1A,0x00,0x00,0x08,0x00,0x00,0x00B8,0x0044,0x004B,0x00,0x46,0x00,210,10,210:4046:0044:0071:00A7|211:4046:0034:006F:00A7|212:4046:0036:004E:00A7|213:4046:0026:004C:00A7|214:4046:0044:0070:00B7|215:4046:0034:006E:00B7|216:4046:0036:004D:00B7|217:4046:0026:004B:00B7
round2_phase1,0xFE,4148,0x0002,0x0003,0x0000,0x01,0x0018,0x0000,0x0000,actor_2c8,8,0x10C4C8,0x01,0x1A,0x00,0x00,0x08,0x00,0x00,0x00B8,0x0044,0x004B,0x00,0x46,0x00,220,19,220:4046:0044:0071:00A7|221:4046:0034:006F:00A7|222:4046:0036:004E:00A7|223:4046:0026:004C:00A7|224:4046:0044:0070:00B7|225:4046:0034:006E:00B7|226:4046:0036:004D:00B7|227:4046:0026:004B:00B7
round2_phase1,0xFE,4150,0x0002,0x0003,0x0000,0x01,0x0018,0x0000,0x0000,actor_2c8,5,0x10C408,0x01,0x18,0x00,0x00,0x02,0x00,0x00,0x024B,0x008B,0x004B,0x01,0x46,0x00,190,10,190:0046:008B:0069:024D|191:0046:007B:0067:024D|192:0046:007B:004E:024D|193:0046:006B:004C:024D|194:0046:008B:0068:023D|195:0046:007B:0063:023D|196:0046:007B:004D:023D|197:0046:006B:004B:023D
round2_phase1,0xFE,4150,0x0002,0x0003,0x0000,0x01,0x0018,0x0000,0x0000,actor_2c8,7,0x10C488,0x01,0x1A,0x00,0x00,0x08,0x00,0x00,0x00B7,0x0048,0x004B,0x00,0x46,0x00,210,10,210:4046:0048:0071:00A6|211:4046:0038:006F:00A6|212:4046:003A:004E:00A6|213:4046:002A:004C:00A6|214:4046:0048:0070:00B6|215:4046:0038:006E:00B6|216:4046:003A:004D:00B6|217:4046:002A:004B:00B6
round2_phase1,0xFE,4150,0x0002,0x0003,0x0000,0x01,0x0018,0x0000,0x0000,actor_2c8,8,0x10C4C8,0x01,0x1A,0x00,0x00,0x08,0x00,0x00,0x00B7,0x0048,0x004B,0x00,0x46,0x00,220,19,220:4046:0048:0071:00A6|221:4046:0038:006F:00A6|222:4046:003A:004E:00A6|223:4046:002A:004C:00A6|224:4046:0048:0070:00B6|225:4046:0038:006E:00B6|226:4046:003A:004D:00B6|227:4046:002A:004B:00B6
round2_phase1,0xFE,4152,0x0002,0x0003,0x0000,0x01,0x0018,0x0000,0x0000,actor_2c8,5,0x10C408,0x01,0x18,0x00,0x00,0x02,0x00,0x00,0x0247,0x008B,0x004B,0x01,0x46,0x00,190,10,190:0046:008B:0069:0249|191:0046:007B:0067:0249|192:0046:007B:004E:0249|193:0046:006B:004C:0249|194:0046:008B:0068:0239|195:0046:007B:0063:0239|196:0046:007B:004D:0239|197:0046:006B:004B:0239
round2_phase1,0xFE,4152,0x0002,0x0003,0x0000,0x01,0x0018,0x0000,0x0000,actor_2c8,7,0x10C488,0x01,0x1B,0x00,0x00,0x08,0x00,0x00,0x00B7,0x004B,0x004B,0x00,0x46,0x00,210,10,210:4046:004B:0075:00A6|211:4046:003B:0073:00A6|212:4046:0040:004E:00A6|213:4046:0030:004C:00A6|214:4046:004B:0074:00B6|215:4046:003B:0072:00B6|216:4046:0040:004D:00B6|217:4046:0030:004B:00B6
round2_phase1,0xFE,4152,0x0002,0x0003,0x0000,0x01,0x0018,0x0000,0x0000,actor_2c8,8,0x10C4C8,0x01,0x1B,0x00,0x00,0x08,0x00,0x00,0x00B7,0x004B,0x004B,0x00,0x46,0x00,220,19,220:4046:004B:0075:00A6|221:4046:003B:0073:00A6|222:4046:0040:004E:00A6|223:4046:0030:004C:00A6|224:4046:004B:0074:00B6|225:4046:003B:0072:00B6|226:4046:0040:004D:00B6|227:4046:0030:004B:00B6
round2_phase1,0xFE,4154,0x0002,0x0003,0x0000,0x01,0x0018,0x0000,0x0000,actor_2c8,5,0x10C408,0x01,0x18,0x00,0x00,0x02,0x00,0x00,0x0245,0x008B,0x004B,0x01,0x46,0x00,190,10,190:0046:008B:0069:0247|191:0046:007B:0067:0247|192:0046:007B:004E:0247|193:0046:006B:004C:0247|194:0046:008B:0068:0237|195:0046:007B:0063:0237|196:0046:007B:004D:0237|197:0046:006B:004B:0237
round2_phase1,0xFE,4154,0x0002,0x0003,0x0000,0x01,0x0018,0x0000,0x0000,actor_2c8,7,0x10C488,0x01,0x1A,0x00,0x00,0x08,0x00,0x00,0x00B4,0x004B,0x004B,0x00,0x46,0x00,210,10,210:4046:004B:0075:00A6|211:4046:003B:0073:00A6|212:4046:0040:004E:00A6|213:4046:0030:004C:00A6|214:4046:004B:0074:00B6|215:4046:003B:0072:00B6|216:4046:0040:004D:00B6|217:4046:0030:004B:00B6
round2_phase1,0xFE,4154,0x0002,0x0003,0x0000,0x01,0x0018,0x0000,0x0000,actor_2c8,8,0x10C4C8,0x01,0x1A,0x00,0x00,0x08,0x00,0x00,0x00B4,0x004B,0x004B,0x00,0x46,0x00,220,19,220:4046:004B:0075:00A6|221:4046:003B:0073:00A6|222:4046:0040:004E:00A6|223:4046:0030:004C:00A6|224:4046:004B:0074:00B6|225:4046:003B:0072:00B6|226:4046:0040:004D:00B6|227:4046:0030:004B:00B6
round2_phase1,0xFE,4156,0x0002,0x0003,0x0000,0x01,0x0018,0x0000,0x0000,actor_2c8,5,0x10C408,0x01,0x17,0x00,0x00,0x02,0x00,0x00,0x0241,0x008B,0x004B,0x01,0x46,0x00,190,10,190:0046:008C:0066:0243|191:0046:007C:0064:0243|192:0046:007C:004E:0243|193:0046:006C:004C:0243|194:0046:008C:0065:0233|195:0046:007C:0063:0233|196:0046:007C:004D:0233|197:0046:006C:004B:0233
round2_phase1,0xFE,4156,0x0002,0x0003,0x0000,0x01,0x0018,0x0000,0x0000,actor_2c8,7,0x10C488,0x01,0x1A,0x00,0x00,0x08,0x00,0x00,0x00B0,0x004C,0x004B,0x00,0x46,0x00,210,10,210:4046:004B:0071:00A3|211:4046:003B:006F:00A3|212:4046:003D:004E:00A3|213:4046:002D:004C:00A3|214:4046:004B:0070:00B3|215:4046:003B:006E:00B3|216:4046:003D:004D:00B3|217:4046:002D:004B:00B3
round2_phase1,0xFE,4156,0x0002,0x0003,0x0000,0x01,0x0018,0x0000,0x0000,actor_2c8,8,0x10C4C8,0x01,0x1A,0x00,0x00,0x08,0x00,0x00,0x00B0,0x004C,0x004B,0x00,0x46,0x00,220,19,220:4046:004B:0071:00A3|221:4046:003B:006F:00A3|222:4046:003D:004E:00A3|223:4046:002D:004C:00A3|224:4046:004B:0070:00B3|225:4046:003B:006E:00B3|226:4046:003D:004D:00B3|227:4046:002D:004B:00B3
round2_phase1,0xFE,4158,0x0002,0x0003,0x0000,0x01,0x0018,0x0000,0x0000,actor_2c8,5,0x10C408,0x01,0x17,0x00,0x00,0x02,0x00,0x00,0x023F,0x008B,0x004B,0x01,0x46,0x00,190,10,190:0046:008C:0066:023F|191:0046:007C:0064:023F|192:0046:007C:004E:023F|193:0046:006C:004C:023F|194:0046:008C:0065:022F|195:0046:007C:0063:022F|196:0046:007C:004D:022F|197:0046:006C:004B:022F
round2_phase1,0xFE,4158,0x0002,0x0003,0x0000,0x01,0x0018,0x0000,0x0000,actor_2c8,7,0x10C488,0x01,0x1A,0x00,0x00,0x08,0x00,0x00,0x00AD,0x004D,0x004B,0x00,0x46,0x00,210,10,210:4046:004C:0071:009F|211:4046:003C:006F:009F|212:4046:003E:004E:009F|213:4046:002E:004C:009F|214:4046:004C:0070:00AF|215:4046:003C:006E:00AF|216:4046:003E:004D:00AF|217:4046:002E:004B:00AF
round2_phase1,0xFE,4158,0x0002,0x0003,0x0000,0x01,0x0018,0x0000,0x0000,actor_2c8,8,0x10C4C8,0x01,0x1A,0x00,0x00,0x08,0x00,0x00,0x00AD,0x004D,0x004B,0x00,0x46,0x00,220,19,220:4046:004C:0071:009F|221:4046:003C:006F:009F|222:4046:003E:004E:009F|223:4046:002E:004C:009F|224:4046:004C:0070:00AF|225:4046:003C:006E:00AF|226:4046:003E:004D:00AF|227:4046:002E:004B:00AF
round2_phase1,0xFE,4160,0x0002,0x0003,0x0000,0x01,0x0018,0x0000,0x0000,actor_2c8,5,0x10C408,0x01,0x17,0x00,0x00,0x02,0x00,0x00,0x023B,0x008B,0x004B,0x01,0x46,0x00,190,10,190:0046:008C:0066:023D|191:0046:007C:0064:023D|192:0046:007C:004E:023D|193:0046:006C:004C:023D|194:0046:008C:0065:022D|195:0046:007C:0063:022D|196:0046:007C:004D:022D|197:0046:006C:004B:022D
round2_phase1,0xFE,4160,0x0002,0x0003,0x0000,0x01,0x0018,0x0000,0x0000,actor_2c8,7,0x10C488,0x01,0x1A,0x00,0x00,0x08,0x00,0x00,0x00AA,0x004E,0x004B,0x00,0x46,0x00,210,10,210:4046:004D:0071:009C|211:4046:003D:006F:009C|212:4046:003F:004E:009C|213:4046:002F:004C:009C|214:4046:004D:0070:00AC|215:4046:003D:006E:00AC|216:4046:003F:004D:00AC|217:4046:002F:004B:00AC
round2_phase1,0xFE,4160,0x0002,0x0003,0x0000,0x01,0x0018,0x0000,0x0000,actor_2c8,8,0x10C4C8,0x01,0x1A,0x00,0x00,0x08,0x00,0x00,0x00AA,0x004E,0x004B,0x00,0x46,0x00,220,19,220:4046:004D:0071:009C|221:4046:003D:006F:009C|222:4046:003F:004E:009C|223:4046:002F:004C:009C|224:4046:004D:0070:00AC|225:4046:003D:006E:00AC|226:4046:003F:004D:00AC|227:4046:002F:004B:00AC
round2_phase1,0xFE,4162,0x0002,0x0003,0x0000,0x01,0x0018,0x0000,0x0000,actor_2c8,5,0x10C408,0x01,0x17,0x00,0x00,0x02,0x00,0x00,0x0237,0x008B,0x004B,0x01,0x46,0x00,190,10,190:0046:008C:0066:0239|191:0046:007C:0064:0239|192:0046:007C:004E:0239|193:0046:006C:004C:0239|194:0046:008C:0065:0229|195:0046:007C:0063:0229|196:0046:007C:004D:0229|197:0046:006C:004B:0229
round2_phase1,0xFE,4162,0x0002,0x0003,0x0000,0x01,0x0018,0x0000,0x0000,actor_2c8,7,0x10C488,0x01,0x1A,0x00,0x00,0x08,0x00,0x00,0x00A7,0x0050,0x004B,0x00,0x46,0x00,210,10,210:4046:004E:0071:0099|211:4046:003E:006F:0099|212:4046:0040:004E:0099|213:4046:0030:004C:0099|214:4046:004E:0070:00A9|215:4046:003E:006E:00A9|216:4046:0040:004D:00A9|217:4046:0030:004B:00A9
round2_phase1,0xFE,4162,0x0002,0x0003,0x0000,0x01,0x0018,0x0000,0x0000,actor_2c8,8,0x10C4C8,0x01,0x1A,0x00,0x00,0x08,0x00,0x00,0x00A7,0x0050,0x004B,0x00,0x46,0x00,220,19,220:4046:004E:0071:0099|221:4046:003E:006F:0099|222:4046:0040:004E:0099|223:4046:0030:004C:0099|224:4046:004E:0070:00A9|225:4046:003E:006E:00A9|226:4046:0040:004D:00A9|227:4046:0030:004B:00A9
round2_phase1,0xFE,4164,0x0002,0x0003,0x0000,0x01,0x0018,0x0000,0x0000,actor_2c8,5,0x10C408,0x01,0x18,0x00,0x00,0x02,0x00,0x00,0x0235,0x0089,0x004B,0x01,0x46,0x00,190,10,190:0046:008B:0069:0237|191:0046:007B:0067:0237|192:0046:007B:004E:0237|193:0046:006B:004C:0237|194:0046:008B:0068:0227|195:0046:007B:0063:0227|196:0046:007B:004D:0227|197:0046:006B:004B:0227
round2_phase1,0xFE,4164,0x0002,0x0003,0x0000,0x01,0x0018,0x0000,0x0000,actor_2c8,7,0x10C488,0x01,0x1A,0x00,0x00,0x08,0x00,0x00,0x00A4,0x0050,0x004B,0x00,0x46,0x00,210,10,210:4046:0050:0071:0096|211:4046:0040:006F:0096|212:4046:0042:004E:0096|213:4046:0032:004C:0096|214:4046:0050:0070:00A6|215:4046:0040:006E:00A6|216:4046:0042:004D:00A6|217:4046:0032:004B:00A6
round2_phase1,0xFE,4164,0x0002,0x0003,0x0000,0x01,0x0018,0x0000,0x0000,actor_2c8,8,0x10C4C8,0x01,0x1A,0x00,0x00,0x08,0x00,0x00,0x00A4,0x0050,0x004B,0x00,0x46,0x00,220,19,220:4046:0050:0071:0096|221:4046:0040:006F:0096|222:4046:0042:004E:0096|223:4046:0032:004C:0096|224:4046:0050:0070:00A6|225:4046:0040:006E:00A6|226:4046:0042:004D:00A6|227:4046:0032:004B:00A6
round2_phase1,0xFE,4166,0x0002,0x0003,0x0000,0x01,0x0018,0x0000,0x0000,actor_2c8,5,0x10C408,0x01,0x18,0x00,0x00,0x02,0x00,0x00,0x0231,0x0081,0x004B,0x01,0x46,0x00,190,10,190:0046:0085:0069:0233|191:0046:0075:0067:0233|192:0046:0075:004E:0233|193:0046:0065:004C:0233|194:0046:0085:0068:0223|195:0046:0075:0063:0223|196:0046:0075:004D:0223|197:0046:0065:004B:0223
round2_phase1,0xFE,4166,0x0002,0x0003,0x0000,0x01,0x0018,0x0000,0x0000,actor_2c8,7,0x10C488,0x01,0x1A,0x00,0x00,0x08,0x00,0x00,0x00A1,0x004B,0x004B,0x00,0x46,0x00,210,10,210:4046:004C:0071:0093|211:4046:003C:006F:0093|212:4046:003E:004E:0093|213:4046:002E:004C:0093|214:4046:004C:0070:00A3|215:4046:003C:006E:00A3|216:4046:003E:004D:00A3|217:4046:002E:004B:00A3
round2_phase1,0xFE,4166,0x0002,0x0003,0x0000,0x01,0x0018,0x0000,0x0000,actor_2c8,8,0x10C4C8,0x01,0x1A,0x00,0x00,0x08,0x00,0x00,0x00A1,0x004B,0x004B,0x00,0x46,0x00,220,19,220:4046:004C:0071:0093|221:4046:003C:006F:0093|222:4046:003E:004E:0093|223:4046:002E:004C:0093|224:4046:004C:0070:00A3|225:4046:003C:006E:00A3|226:4046:003E:004D:00A3|227:4046:002E:004B:00A3
round2_phase1,0xFE,4168,0x0002,0x0003,0x0000,0x01,0x0018,0x0000,0x0000,actor_2c8,5,0x10C408,0x01,0x18,0x00,0x00,0x02,0x00,0x00,0x022F,0x0079,0x004B,0x01,0x46,0x00,190,10,190:0046:007D:0069:022F|191:0046:006D:0067:022F|192:0046:006D:004E:022F|193:0046:005D:004C:022F|194:0046:007D:0068:021F|195:0046:006D:0063:021F|196:0046:006D:004D:021F|197:0046:005D:004B:021F
round2_phase1,0xFE,4168,0x0002,0x0003,0x0000,0x01,0x0018,0x0000,0x0000,actor_2c8,7,0x10C488,0x01,0x1A,0x00,0x00,0x08,0x00,0x00,0x009E,0x0046,0x004B,0x00,0x46,0x00,210,10,210:4046:0047:0071:0090|211:4046:0037:006F:0090|212:4046:0039:004E:0090|213:4046:0029:004C:0090|214:4046:0047:0070:00A0|215:4046:0037:006E:00A0|216:4046:0039:004D:00A0|217:4046:0029:004B:00A0
round2_phase1,0xFE,4168,0x0002,0x0003,0x0000,0x01,0x0018,0x0000,0x0000,actor_2c8,8,0x10C4C8,0x01,0x1A,0x00,0x00,0x08,0x00,0x00,0x009E,0x0046,0x004B,0x00,0x46,0x00,220,19,220:4046:0047:0071:0090|221:4046:0037:006F:0090|222:4046:0039:004E:0090|223:4046:0029:004C:0090|224:4046:0047:0070:00A0|225:4046:0037:006E:00A0|226:4046:0039:004D:00A0|227:4046:0029:004B:00A0
round2_phase1,0xFE,4170,0x0002,0x0003,0x0000,0x01,0x0018,0x0000,0x0000,actor_2c8,7,0x10C488,0x01,0x1A,0x00,0x00,0x08,0x00,0x00,0x009C,0x0049,0x004B,0x00,0x46,0x00,210,10,210:4046:0046:0071:008D|211:4046:0036:006F:008D|212:4046:0038:004E:008D|213:4046:0028:004C:008D|214:4046:0046:0070:009D|215:4046:0036:006E:009D|216:4046:0038:004D:009D|217:4046:0028:004B:009D
round2_phase1,0xFE,4170,0x0002,0x0003,0x0000,0x01,0x0018,0x0000,0x0000,actor_2c8,8,0x10C4C8,0x01,0x1A,0x00,0x00,0x08,0x00,0x00,0x009C,0x0049,0x004B,0x00,0x46,0x00,220,19,220:4046:0046:0071:008D|221:4046:0036:006F:008D|222:4046:0038:004E:008D|223:4046:0028:004C:008D|224:4046:0046:0070:009D|225:4046:0036:006E:009D|226:4046:0038:004D:009D|227:4046:0028:004B:009D
round2_phase1,0xFE,4172,0x0002,0x0003,0x0000,0x01,0x0018,0x0000,0x0000,actor_2c8,5,0x10C408,0x01,0x19,0x00,0x00,0x02,0x00,0x00,0x0227,0x0079,0x004B,0x01,0x46,0x00,190,10,190:0046:007A:006D:0229|191:0046:006A:006B:0229|192:0046:006A:004E:0229|193:0046:005A:004C:0229|194:0046:007A:006C:0219|195:0046:006A:006A:0219|196:0046:006A:004D:0219|197:0046:005A:004B:0219
round2_phase1,0xFE,4172,0x0002,0x0003,0x0000,0x01,0x0018,0x0000,0x0000,actor_2c8,7,0x10C488,0x01,0x1A,0x00,0x00,0x08,0x00,0x00,0x009A,0x004C,0x004B,0x00,0x46,0x00,210,10,210:4046:0049:0071:008B|211:4046:0039:006F:008B|212:4046:003B:004E:008B|213:4046:002B:004C:008B|214:4046:0049:0070:009B|215:4046:0039:006E:009B|216:4046:003B:004D:009B|217:4046:002B:004B:009B
round2_phase1,0xFE,4172,0x0002,0x0003,0x0000,0x01,0x0018,0x0000,0x0000,actor_2c8,8,0x10C4C8,0x01,0x1A,0x00,0x00,0x08,0x00,0x00,0x009A,0x004C,0x004B,0x00,0x46,0x00,220,19,220:4046:0049:0071:008B|221:4046:0039:006F:008B|222:4046:003B:004E:008B|223:4046:002B:004C:008B|224:4046:0049:0070:009B|225:4046:0039:006E:009B|226:4046:003B:004D:009B|227:4046:002B:004B:009B
round2_phase1,0xFE,4174,0x0002,0x0003,0x0000,0x01,0x0018,0x0000,0x0000,actor_2c8,5,0x10C408,0x01,0x19,0x00,0x00,0x02,0x00,0x00,0x0225,0x0079,0x004B,0x01,0x46,0x00,190,10,190:0046:007A:006D:0227|191:0046:006A:006B:0227|192:0046:006A:004E:0227|193:0046:005A:004C:0227|194:0046:007A:006C:0217|195:0046:006A:006A:0217|196:0046:006A:004D:0217|197:0046:005A:004B:0217
round2_phase1,0xFE,4174,0x0002,0x0003,0x0000,0x01,0x0018,0x0000,0x0000,actor_2c8,7,0x10C488,0x01,0x1A,0x00,0x00,0x08,0x00,0x00,0x0099,0x004F,0x004B,0x00,0x46,0x00,210,10,210:4046:004C:0071:0089|211:4046:003C:006F:0089|212:4046:003E:004E:0089|213:4046:002E:004C:0089|214:4046:004C:0070:0099|215:4046:003C:006E:0099|216:4046:003E:004D:0099|217:4046:002E:004B:0099
round2_phase1,0xFE,4174,0x0002,0x0003,0x0000,0x01,0x0018,0x0000,0x0000,actor_2c8,8,0x10C4C8,0x01,0x1A,0x00,0x00,0x08,0x00,0x00,0x0099,0x004F,0x004B,0x00,0x46,0x00,220,19,220:4046:004C:0071:0089|221:4046:003C:006F:0089|222:4046:003E:004E:0089|223:4046:002E:004C:0089|224:4046:004C:0070:0099|225:4046:003C:006E:0099|226:4046:003E:004D:0099|227:4046:002E:004B:0099
round2_phase1,0xFE,4176,0x0002,0x0003,0x0000,0x01,0x0018,0x0000,0x0000,actor_2c8,5,0x10C408,0x01,0x19,0x00,0x00,0x02,0x00,0x00,0x0221,0x0079,0x004B,0x01,0x46,0x00,190,10,190:0046:007A:006D:0223|191:0046:006A:006B:0223|192:0046:006A:004E:0223|193:0046:005A:004C:0223|194:0046:007A:006C:0213|195:0046:006A:006A:0213|196:0046:006A:004D:0213|197:0046:005A:004B:0213
round2_phase1,0xFE,4176,0x0002,0x0003,0x0000,0x01,0x0018,0x0000,0x0000,actor_2c8,7,0x10C488,0x01,0x1A,0x00,0x00,0x08,0x00,0x00,0x0098,0x0052,0x004B,0x00,0x46,0x00,210,10,210:4046:004F:0071:0088|211:4046:003F:006F:0088|212:4046:0041:004E:0088|213:4046:0031:004C:0088|214:4046:004F:0070:0098|215:4046:003F:006E:0098|216:4046:0041:004D:0098|217:4046:0031:004B:0098
round2_phase1,0xFE,4176,0x0002,0x0003,0x0000,0x01,0x0018,0x0000,0x0000,actor_2c8,8,0x10C4C8,0x01,0x1A,0x00,0x00,0x08,0x00,0x00,0x0098,0x0052,0x004B,0x00,0x46,0x00,220,19,220:4046:004F:0071:0088|221:4046:003F:006F:0088|222:4046:0041:004E:0088|223:4046:0031:004C:0088|224:4046:004F:0070:0098|225:4046:003F:006E:0098|226:4046:0041:004D:0098|227:4046:0031:004B:0098
round2_phase1,0xFE,4178,0x0002,0x0003,0x0000,0x01,0x0018,0x0000,0x0000,actor_2c8,5,0x10C408,0x01,0x19,0x00,0x00,0x02,0x00,0x00,0x021F,0x0079,0x004B,0x01,0x46,0x00,190,10,190:0046:007A:006D:021F|191:0046:006A:006B:021F|192:0046:006A:004E:021F|193:0046:005A:004C:021F|194:0046:007A:006C:020F|195:0046:006A:006A:020F|196:0046:006A:004D:020F|197:0046:005A:004B:020F
round2_phase1,0xFE,4178,0x0002,0x0003,0x0000,0x01,0x0018,0x0000,0x0000,actor_2c8,7,0x10C488,0x01,0x1A,0x00,0x00,0x08,0x00,0x00,0x0097,0x0056,0x004B,0x00,0x46,0x00,210,10,210:4046:0052:0071:0087|211:4046:0042:006F:0087|212:4046:0044:004E:0087|213:4046:0034:004C:0087|214:4046:0052:0070:0097|215:4046:0042:006E:0097|216:4046:0044:004D:0097|217:4046:0034:004B:0097
round2_phase1,0xFE,4178,0x0002,0x0003,0x0000,0x01,0x0018,0x0000,0x0000,actor_2c8,8,0x10C4C8,0x01,0x1A,0x00,0x00,0x08,0x00,0x00,0x0097,0x0056,0x004B,0x00,0x46,0x00,220,19,220:4046:0052:0071:0087|221:4046:0042:006F:0087|222:4046:0044:004E:0087|223:4046:0034:004C:0087|224:4046:0052:0070:0097|225:4046:0042:006E:0097|226:4046:0044:004D:0097|227:4046:0034:004B:0097
round2_phase1,0xFE,4180,0x0002,0x0003,0x0000,0x01,0x0018,0x0000,0x0000,actor_2c8,7,0x10C488,0x01,0x1B,0x00,0x00,0x08,0x00,0x00,0x0097,0x0059,0x004B,0x00,0x46,0x00,210,10,210:4046:0056:0071:0086|211:4046:0046:006F:0086|212:4046:0048:004E:0086|213:4046:0038:004C:0086|214:4046:0056:0070:0096|215:4046:0046:006E:0096|216:4046:0048:004D:0096|217:4046:0038:004B:0096
round2_phase1,0xFE,4180,0x0002,0x0003,0x0000,0x01,0x0018,0x0000,0x0000,actor_2c8,8,0x10C4C8,0x01,0x1B,0x00,0x00,0x08,0x00,0x00,0x0097,0x0059,0x004B,0x00,0x46,0x00,220,19,220:4046:0056:0071:0086|221:4046:0046:006F:0086|222:4046:0048:004E:0086|223:4046:0038:004C:0086|224:4046:0056:0070:0096|225:4046:0046:006E:0096|226:4046:0048:004D:0096|227:4046:0038:004B:0096
round2_phase1,0xFE,4182,0x0002,0x0003,0x0000,0x01,0x0018,0x0000,0x0000,actor_2c8,5,0x10C408,0x01,0x18,0x00,0x00,0x02,0x00,0x00,0x0217,0x0079,0x004B,0x00,0x46,0x00,190,10,190:0046:0079:0069:0219|191:0046:0069:0067:0219|192:0046:0069:004E:0219|193:0046:0059:004C:0219|194:0046:0079:0068:0209|195:0046:0069:0063:0209|196:0046:0069:004D:0209|197:0046:0059:004B:0209
round2_phase1,0xFE,4182,0x0002,0x0003,0x0000,0x01,0x0018,0x0000,0x0000,actor_2c8,7,0x10C488,0x01,0x1B,0x00,0x00,0x08,0x00,0x00,0x0097,0x0059,0x004B,0x00,0x46,0x00,210,10,210:4046:0059:0075:0086|211:4046:0049:0073:0086|212:4046:004E:004E:0086|213:4046:003E:004C:0086|214:4046:0059:0074:0096|215:4046:0049:0072:0096|216:4046:004E:004D:0096|217:4046:003E:004B:0096
round2_phase1,0xFE,4182,0x0002,0x0003,0x0000,0x01,0x0018,0x0000,0x0000,actor_2c8,8,0x10C4C8,0x01,0x1B,0x00,0x00,0x08,0x00,0x00,0x0097,0x0059,0x004B,0x00,0x46,0x00,220,19,220:4046:0059:0075:0086|221:4046:0049:0073:0086|222:4046:004E:004E:0086|223:4046:003E:004C:0086|224:4046:0059:0074:0096|225:4046:0049:0072:0096|226:4046:004E:004D:0096|227:4046:003E:004B:0096
round2_phase1,0xFE,4184,0x0002,0x0003,0x0000,0x01,0x0018,0x0000,0x0000,actor_2c8,5,0x10C408,0x01,0x18,0x00,0x00,0x02,0x00,0x00,0x0215,0x0079,0x004B,0x00,0x46,0x00,190,10,190:4046:0079:0069:0206|191:4046:0069:0067:0206|192:4046:0069:004E:0206|193:4046:0059:004C:0206|194:4046:0079:0068:0216|195:4046:0069:0063:0216|196:4046:0069:004D:0216|197:4046:0059:004B:0216
round2_phase1,0xFE,4184,0x0002,0x0003,0x0000,0x01,0x0018,0x0000,0x0000,actor_2c8,7,0x10C488,0x01,0x1A,0x00,0x00,0x08,0x00,0x00,0x0094,0x0059,0x004B,0x00,0x46,0x00,210,10,210:4046:0059:0071:0083|211:4046:0049:006F:0083|212:4046:004B:004E:0083|213:4046:003B:004C:0083|214:4046:0059:0070:0093|215:4046:0049:006E:0093|216:4046:004B:004D:0093|217:4046:003B:004B:0093
round2_phase1,0xFE,4184,0x0002,0x0003,0x0000,0x01,0x0018,0x0000,0x0000,actor_2c8,8,0x10C4C8,0x01,0x1A,0x00,0x00,0x08,0x00,0x00,0x0094,0x0059,0x004B,0x00,0x46,0x00,220,19,220:4046:0059:0071:0083|221:4046:0049:006F:0083|222:4046:004B:004E:0083|223:4046:003B:004C:0083|224:4046:0059:0070:0093|225:4046:0049:006E:0093|226:4046:004B:004D:0093|227:4046:003B:004B:0093
round2_phase1,0xFE,4186,0x0002,0x0003,0x0000,0x01,0x0018,0x0000,0x0000,actor_2c8,5,0x10C408,0x01,0x18,0x00,0x00,0x02,0x00,0x00,0x0213,0x0079,0x004B,0x00,0x46,0x00,190,10,190:4046:0079:0069:0204|191:4046:0069:0067:0204|192:4046:0069:004E:0204|193:4046:0059:004C:0204|194:4046:0079:0068:0214|195:4046:0069:0063:0214|196:4046:0069:004D:0214|197:4046:0059:004B:0214
round2_phase1,0xFE,4186,0x0002,0x0003,0x0000,0x01,0x0018,0x0000,0x0000,actor_2c8,7,0x10C488,0x01,0x1A,0x00,0x00,0x08,0x00,0x00,0x0090,0x005A,0x004B,0x00,0x46,0x00,210,10,210:4046:005A:0071:007F|211:4046:004A:006F:007F|212:4046:004C:004E:007F|213:4046:003C:004C:007F|214:4046:005A:0070:008F|215:4046:004A:006E:008F|216:4046:004C:004D:008F|217:4046:003C:004B:008F
round2_phase1,0xFE,4186,0x0002,0x0003,0x0000,0x01,0x0018,0x0000,0x0000,actor_2c8,8,0x10C4C8,0x01,0x1A,0x00,0x00,0x08,0x00,0x00,0x0090,0x005A,0x004B,0x00,0x46,0x00,220,19,220:4046:005A:0071:007F|221:4046:004A:006F:007F|222:4046:004C:004E:007F|223:4046:003C:004C:007F|224:4046:005A:0070:008F|225:4046:004A:006E:008F|226:4046:004C:004D:008F|227:4046:003C:004B:008F
round2_phase1,0xFE,4188,0x0002,0x0003,0x0000,0x01,0x0018,0x0000,0x0000,actor_2c8,5,0x10C408,0x01,0x17,0x00,0x00,0x02,0x00,0x00,0x0211,0x0079,0x004B,0x00,0x46,0x00,190,10,190:4046:007A:0066:0202|191:4046:006A:0064:0202|192:4046:006A:004E:0202|193:4046:005A:004C:0202|194:4046:007A:0065:0212|195:4046:006A:0063:0212|196:4046:006A:004D:0212|197:4046:005A:004B:0212
round2_phase1,0xFE,4188,0x0002,0x0003,0x0000,0x01,0x0018,0x0000,0x0000,actor_2c8,7,0x10C488,0x01,0x1A,0x00,0x00,0x08,0x00,0x00,0x008D,0x005B,0x004B,0x00,0x46,0x00,210,10,210:4046:005B:0071:007C|211:4046:004B:006F:007C|212:4046:004D:004E:007C|213:4046:003D:004C:007C|214:4046:005B:0070:008C|215:4046:004B:006E:008C|216:4046:004D:004D:008C|217:4046:003D:004B:008C
round2_phase1,0xFE,4188,0x0002,0x0003,0x0000,0x01,0x0018,0x0000,0x0000,actor_2c8,8,0x10C4C8,0x01,0x1A,0x00,0x00,0x08,0x00,0x00,0x008D,0x005B,0x004B,0x00,0x46,0x00,220,19,220:4046:005B:0071:007C|221:4046:004B:006F:007C|222:4046:004D:004E:007C|223:4046:003D:004C:007C|224:4046:005B:0070:008C|225:4046:004B:006E:008C|226:4046:004D:004D:008C|227:4046:003D:004B:008C
round2_phase1,0xFE,4190,0x0002,0x0003,0x0000,0x01,0x0018,0x0000,0x0000,actor_2c8,5,0x10C408,0x01,0x17,0x00,0x00,0x02,0x00,0x00,0x020F,0x0079,0x004B,0x00,0x46,0x00,190,10,190:4046:007A:0066:0200|191:4046:006A:0064:0200|192:4046:006A:004E:0200|193:4046:005A:004C:0200|194:4046:007A:0065:0210|195:4046:006A:0063:0210|196:4046:006A:004D:0210|197:4046:005A:004B:0210
round2_phase1,0xFE,4190,0x0002,0x0003,0x0000,0x01,0x0018,0x0000,0x0000,actor_2c8,7,0x10C488,0x01,0x1A,0x00,0x00,0x08,0x00,0x00,0x008A,0x005C,0x004B,0x00,0x46,0x00,210,10,210:4046:005C:0071:0079|211:4046:004C:006F:0079|212:4046:004E:004E:0079|213:4046:003E:004C:0079|214:4046:005C:0070:0089|215:4046:004C:006E:0089|216:4046:004E:004D:0089|217:4046:003E:004B:0089
round2_phase1,0xFE,4190,0x0002,0x0003,0x0000,0x01,0x0018,0x0000,0x0000,actor_2c8,8,0x10C4C8,0x01,0x1A,0x00,0x00,0x08,0x00,0x00,0x008A,0x005C,0x004B,0x00,0x46,0x00,220,19,220:4046:005C:0071:0079|221:4046:004C:006F:0079|222:4046:004E:004E:0079|223:4046:003E:004C:0079|224:4046:005C:0070:0089|225:4046:004C:006E:0089|226:4046:004E:004D:0089|227:4046:003E:004B:0089
round2_phase1,0xFE,4192,0x0002,0x0003,0x0000,0x01,0x0018,0x0000,0x0000,actor_2c8,5,0x10C408,0x01,0x17,0x00,0x00,0x02,0x00,0x00,0x020F,0x0079,0x004B,0x00,0x46,0x00,190,10,190:4046:007A:0066:01FE|191:4046:006A:0064:01FE|192:4046:006A:004E:01FE|193:4046:005A:004C:01FE|194:4046:007A:0065:020E|195:4046:006A:0063:020E|196:4046:006A:004D:020E|197:4046:005A:004B:020E
round2_phase1,0xFE,4192,0x0002,0x0003,0x0000,0x01,0x0018,0x0000,0x0000,actor_2c8,7,0x10C488,0x01,0x1A,0x00,0x00,0x08,0x00,0x00,0x0087,0x005E,0x004B,0x00,0x46,0x00,210,10,210:4046:005E:0071:0076|211:4046:004E:006F:0076|212:4046:0050:004E:0076|213:4046:0040:004C:0076|214:4046:005E:0070:0086|215:4046:004E:006E:0086|216:4046:0050:004D:0086|217:4046:0040:004B:0086
round2_phase1,0xFE,4192,0x0002,0x0003,0x0000,0x01,0x0018,0x0000,0x0000,actor_2c8,8,0x10C4C8,0x01,0x1A,0x00,0x00,0x08,0x00,0x00,0x0087,0x005E,0x004B,0x00,0x46,0x00,220,19,220:4046:005E:0071:0076|221:4046:004E:006F:0076|222:4046:0050:004E:0076|223:4046:0040:004C:0076|224:4046:005E:0070:0086|225:4046:004E:006E:0086|226:4046:0050:004D:0086|227:4046:0040:004B:0086
round2_phase1,0xFE,4194,0x0002,0x0003,0x0000,0x01,0x0018,0x0000,0x0000,actor_2c8,5,0x10C408,0x01,0x17,0x00,0x00,0x02,0x00,0x00,0x020D,0x0079,0x004B,0x00,0x46,0x00,190,10,190:4046:007A:0066:01FC|191:4046:006A:0064:01FC|192:4046:006A:004E:01FC|193:4046:005A:004C:01FC|194:4046:007A:0065:020C|195:4046:006A:0063:020C|196:4046:006A:004D:020C|197:4046:005A:004B:020C
round2_phase1,0xFE,4194,0x0002,0x0003,0x0000,0x01,0x0018,0x0000,0x0000,actor_2c8,7,0x10C488,0x01,0x1A,0x00,0x00,0x08,0x00,0x00,0x0084,0x0060,0x004B,0x00,0x46,0x00,210,10,210:4046:0060:0071:0073|211:4046:0050:006F:0073|212:4046:0052:004E:0073|213:4046:0042:004C:0073|214:4046:0060:0070:0083|215:4046:0050:006E:0083|216:4046:0052:004D:0083|217:4046:0042:004B:0083
round2_phase1,0xFE,4194,0x0002,0x0003,0x0000,0x01,0x0018,0x0000,0x0000,actor_2c8,8,0x10C4C8,0x01,0x1A,0x00,0x00,0x08,0x00,0x00,0x0084,0x0060,0x004B,0x00,0x46,0x00,220,19,220:4046:0060:0071:0073|221:4046:0050:006F:0073|222:4046:0052:004E:0073|223:4046:0042:004C:0073|224:4046:0060:0070:0083|225:4046:0050:006E:0083|226:4046:0052:004D:0083|227:4046:0042:004B:0083
round2_phase1,0xFE,4196,0x0002,0x0003,0x0000,0x01,0x0018,0x0000,0x0000,actor_2c8,5,0x10C408,0x01,0x18,0x00,0x00,0x02,0x00,0x00,0x020B,0x0079,0x004B,0x00,0x46,0x00,190,10,190:4046:0079:0069:01FA|191:4046:0069:0067:01FA|192:4046:0069:004E:01FA|193:4046:0059:004C:01FA|194:4046:0079:0068:020A|195:4046:0069:0063:020A|196:4046:0069:004D:020A|197:4046:0059:004B:020A
round2_phase1,0xFE,4196,0x0002,0x0003,0x0000,0x01,0x0018,0x0000,0x0000,actor_2c8,7,0x10C488,0x01,0x1A,0x00,0x00,0x08,0x00,0x00,0x0081,0x0063,0x004B,0x00,0x46,0x00,210,10,210:4046:0063:0071:0070|211:4046:0053:006F:0070|212:4046:0055:004E:0070|213:4046:0045:004C:0070|214:4046:0063:0070:0080|215:4046:0053:006E:0080|216:4046:0055:004D:0080|217:4046:0045:004B:0080
round2_phase1,0xFE,4196,0x0002,0x0003,0x0000,0x01,0x0018,0x0000,0x0000,actor_2c8,8,0x10C4C8,0x01,0x1A,0x00,0x00,0x08,0x00,0x00,0x0081,0x0063,0x004B,0x00,0x46,0x00,220,19,220:4046:0063:0071:0070|221:4046:0053:006F:0070|222:4046:0055:004E:0070|223:4046:0045:004C:0070|224:4046:0063:0070:0080|225:4046:0053:006E:0080|226:4046:0055:004D:0080|227:4046:0045:004B:0080
round2_phase1,0xFE,4198,0x0002,0x0003,0x0000,0x01,0x0018,0x0000,0x0000,actor_2c8,5,0x10C408,0x01,0x18,0x00,0x00,0x02,0x00,0x00,0x0209,0x0079,0x004B,0x00,0x46,0x00,190,10,190:4046:0079:0069:01F8|191:4046:0069:0067:01F8|192:4046:0069:004E:01F8|193:4046:0059:004C:01F8|194:4046:0079:0068:0208|195:4046:0069:0063:0208|196:4046:0069:004D:0208|197:4046:0059:004B:0208
round2_phase1,0xFE,4198,0x0002,0x0003,0x0000,0x01,0x0018,0x0000,0x0000,actor_2c8,7,0x10C488,0x01,0x1A,0x00,0x00,0x08,0x00,0x00,0x007E,0x0066,0x004B,0x00,0x46,0x00,210,10,210:4046:0066:0071:006D|211:4046:0056:006F:006D|212:4046:0058:004E:006D|213:4046:0048:004C:006D|214:4046:0066:0070:007D|215:4046:0056:006E:007D|216:4046:0058:004D:007D|217:4046:0048:004B:007D
round2_phase1,0xFE,4198,0x0002,0x0003,0x0000,0x01,0x0018,0x0000,0x0000,actor_2c8,8,0x10C4C8,0x01,0x1A,0x00,0x00,0x08,0x00,0x00,0x007E,0x0066,0x004B,0x00,0x46,0x00,220,19,220:4046:0066:0071:006D|221:4046:0056:006F:006D|222:4046:0058:004E:006D|223:4046:0048:004C:006D|224:4046:0066:0070:007D|225:4046:0056:006E:007D|226:4046:0058:004D:007D|227:4046:0048:004B:007D
round2_phase1,0xFE,4200,0x0002,0x0003,0x0000,0x01,0x0018,0x0000,0x0000,actor_2c8,5,0x10C408,0x01,0x18,0x00,0x00,0x02,0x00,0x00,0x0207,0x0079,0x004B,0x00,0x46,0x00,190,10,190:4046:0079:0069:01F6|191:4046:0069:0067:01F6|192:4046:0069:004E:01F6|193:4046:0059:004C:01F6|194:4046:0079:0068:0206|195:4046:0069:0063:0206|196:4046:0069:004D:0206|197:4046:0059:004B:0206
round2_phase1,0xFE,4200,0x0002,0x0003,0x0000,0x01,0x0018,0x0000,0x0000,actor_2c8,7,0x10C488,0x01,0x1A,0x00,0x00,0x08,0x00,0x00,0x007C,0x0069,0x004B,0x00,0x46,0x00,210,10,210:4046:0069:0071:006B|211:4046:0059:006F:006B|212:4046:005B:004E:006B|213:4046:004B:004C:006B|214:4046:0069:0070:007B|215:4046:0059:006E:007B|216:4046:005B:004D:007B|217:4046:004B:004B:007B
round2_phase1,0xFE,4200,0x0002,0x0003,0x0000,0x01,0x0018,0x0000,0x0000,actor_2c8,8,0x10C4C8,0x01,0x1A,0x00,0x00,0x08,0x00,0x00,0x007C,0x0069,0x004B,0x00,0x46,0x00,220,19,220:4046:0069:0071:006B|221:4046:0059:006F:006B|222:4046:005B:004E:006B|223:4046:004B:004C:006B|224:4046:0069:0070:007B|225:4046:0059:006E:007B|226:4046:005B:004D:007B|227:4046:004B:004B:007B
