entry_label,selector,frame,state0,state2,state4,round_byte,segment,sprite_ctrl,renderer_mode,block,actor_index,actor_address,active,actor_class,actor_flags2,actor_flags3,actor_state,record_selector,animation,world_x,world_y,base_code,flip,actor_attr,compositor_family,owned_record_start,owned_record_count,piece_records
round6_phase1,0xFA,2620,0x0002,0x0003,0x0000,0x01,0x0074,0x0000,0x0000,actor_2c8,8,0x10C4C8,0x01,0x17,0x00,0x00,0x02,0x00,0x00,0x013E,0x02E9,0x004B,0x00,0x46,0x00,220,19,
round6_phase1,0xFA,2622,0x0002,0x0003,0x0000,0x01,0x0074,0x0000,0x0000,actor_2c8,8,0x10C4C8,0x01,0x17,0x00,0x00,0x02,0x00,0x00,0x013C,0x02E3,0x004B,0x00,0x46,0x00,220,19,220:4046:02E7:0066:012D|221:4046:02D7:0064:012D|222:4046:02D7:004E:012D|223:4046:02C7:004C:012D|224:4046:02E7:0065:013D|225:4046:02D7:0063:013D|226:4046:02D7:004D:013D|227:4046:02C7:004B:013D
round6_phase1,0xFA,2624,0x0002,0x0003,0x0000,0x01,0x0074,0x0000,0x0000,actor_2c8,8,0x10C4C8,0x01,0x17,0x00,0x00,0x02,0x00,0x00,0x013A,0x02DD,0x004B,0x00,0x46,0x00,220,19,220:4046:02E1:0066:012B|221:4046:02D1:0064:012B|222:4046:02D1:004E:012B|223:4046:02C1:004C:012B|224:4046:02E1:0065:013B|225:4046:02D1:0063:013B|226:4046:02D1:004D:013B|227:4046:02C1:004B:013B
round6_phase1,0xFA,2626,0x0002,0x0003,0x0000,0x01,0x0074,0x0000,0x0000,actor_2c8,8,0x10C4C8,0x01,0x17,0x00,0x00,0x02,0x00,0x00,0x0138,0x02D7,0x004B,0x00,0x46,0x00,220,19,220:4046:02DB:0066:0129|221:4046:02CB:0064:0129|222:4046:02CB:004E:0129|223:4046:02BB:004C:0129|224:4046:02DB:0065:0139|225:4046:02CB:0063:0139|226:4046:02CB:004D:0139|227:4046:02BB:004B:0139
round6_phase1,0xFA,2628,0x0002,0x0003,0x0000,0x01,0x0074,0x0000,0x0000,actor_2c8,8,0x10C4C8,0x01,0x18,0x00,0x00,0x02,0x00,0x00,0x0138,0x02D1,0x004B,0x00,0x46,0x00,220,19,220:4046:02D4:0069:0127|221:4046:02C4:0067:0127|222:4046:02C4:004E:0127|223:4046:02B4:004C:0127|224:4046:02D4:0068:0137|225:4046:02C4:0063:0137|226:4046:02C4:004D:0137|227:4046:02B4:004B:0137
round6_phase1,0xFA,2630,0x0002,0x0003,0x0000,0x01,0x0074,0x0000,0x0000,actor_2c8,8,0x10C4C8,0x01,0x18,0x00,0x00,0x02,0x00,0x00,0x0136,0x02CB,0x004B,0x00,0x46,0x00,220,19,220:4046:02CE:0069:0125|221:4046:02BE:0067:0125|222:4046:02BE:004E:0125|223:4046:02AE:004C:0125|224:4046:02CE:0068:0135|225:4046:02BE:0063:0135|226:4046:02BE:004D:0135|227:4046:02AE:004B:0135
round6_phase1,0xFA,2632,0x0002,0x0003,0x0000,0x01,0x0074,0x0000,0x0000,actor_2c8,8,0x10C4C8,0x01,0x18,0x00,0x00,0x02,0x00,0x00,0x0134,0x02C9,0x004B,0x00,0x46,0x00,220,19,220:4046:02C9:0069:0123|221:4046:02B9:0067:0123|222:4046:02B9:004E:0123|223:4046:02A9:004C:0123|224:4046:02C9:0068:0133|225:4046:02B9:0063:0133|226:4046:02B9:004D:0133|227:4046:02A9:004B:0133
round6_phase1,0xFA,2634,0x0002,0x0003,0x0000,0x01,0x0074,0x0000,0x0000,actor_2c8,8,0x10C4C8,0x01,0x18,0x00,0x00,0x02,0x00,0x00,0x0132,0x02C9,0x004B,0x00,0x46,0x00,220,19,220:4046:02C9:0069:0121|221:4046:02B9:0067:0121|222:4046:02B9:004E:0121|223:4046:02A9:004C:0121|224:4046:02C9:0068:0131|225:4046:02B9:0063:0131|226:4046:02B9:004D:0131|227:4046:02A9:004B:0131
round6_phase1,0xFA,2636,0x0002,0x0003,0x0000,0x01,0x0074,0x0000,0x0000,actor_2c8,8,0x10C4C8,0x01,0x19,0x00,0x00,0x02,0x00,0x00,0x0130,0x02C9,0x004B,0x00,0x46,0x00,220,19,220:4046:02CA:006D:011F|221:4046:02BA:006B:011F|222:4046:02BA:004E:011F|223:4046:02AA:004C:011F|224:4046:02CA:006C:012F|225:4046:02BA:006A:012F|226:4046:02BA:004D:012F|227:4046:02AA:004B:012F
round6_phase1,0xFA,2640,0x0002,0x0003,0x0000,0x01,0x0074,0x0000,0x0000,actor_2c8,8,0x10C4C8,0x01,0x19,0x00,0x00,0x02,0x00,0x00,0x012C,0x02C9,0x004B,0x00,0x46,0x00,220,19,220:4046:02CA:006D:011D|221:4046:02BA:006B:011D|222:4046:02BA:004E:011D|223:4046:02AA:004C:011D|224:4046:02CA:006C:012D|225:4046:02BA:006A:012D|226:4046:02BA:004D:012D|227:4046:02AA:004B:012D
round6_phase1,0xFA,2642,0x0002,0x0003,0x0000,0x01,0x0074,0x0000,0x0000,actor_2c8,8,0x10C4C8,0x01,0x19,0x00,0x00,0x02,0x00,0x00,0x012A,0x02C9,0x004B,0x00,0x46,0x00,220,19,220:4046:02CA:006D:011B|221:4046:02BA:006B:011B|222:4046:02BA:004E:011B|223:4046:02AA:004C:011B|224:4046:02CA:006C:012B|225:4046:02BA:006A:012B|226:4046:02BA:004D:012B|227:4046:02AA:004B:012B
round6_phase1,0xFA,2644,0x0002,0x0003,0x0000,0x01,0x0074,0x0000,0x0000,actor_2c8,8,0x10C4C8,0x01,0x18,0x00,0x00,0x02,0x00,0x00,0x0128,0x02C9,0x004B,0x00,0x46,0x00,220,19,220:4046:02C9:0069:0119|221:4046:02B9:0067:0119|222:4046:02B9:004E:0119|223:4046:02A9:004C:0119|224:4046:02C9:0068:0129|225:4046:02B9:0063:0129|226:4046:02B9:004D:0129|227:4046:02A9:004B:0129
round6_phase1,0xFA,2646,0x0002,0x0003,0x0000,0x01,0x0074,0x0000,0x0000,actor_2c8,8,0x10C4C8,0x01,0x18,0x00,0x00,0x02,0x00,0x00,0x0128,0x02C9,0x004B,0x00,0x46,0x00,220,19,220:4046:02C9:0069:0117|221:4046:02B9:0067:0117|222:4046:02B9:004E:0117|223:4046:02A9:004C:0117|224:4046:02C9:0068:0127|225:4046:02B9:0063:0127|226:4046:02B9:004D:0127|227:4046:02A9:004B:0127
round6_phase1,0xFA,2648,0x0002,0x0003,0x0000,0x01,0x0074,0x0000,0x0000,actor_2c8,8,0x10C4C8,0x01,0x18,0x00,0x00,0x02,0x00,0x00,0x0126,0x02C9,0x004B,0x00,0x46,0x00,220,19,220:4046:02C9:0069:0115|221:4046:02B9:0067:0115|222:4046:02B9:004E:0115|223:4046:02A9:004C:0115|224:4046:02C9:0068:0125|225:4046:02B9:0063:0125|226:4046:02B9:004D:0125|227:4046:02A9:004B:0125
round6_phase1,0xFA,2650,0x0002,0x0003,0x0000,0x01,0x0074,0x0000,0x0000,actor_2c8,8,0x10C4C8,0x01,0x18,0x00,0x00,0x02,0x00,0x00,0x0124,0x02C9,0x004B,0x00,0x46,0x00,220,19,220:4046:02C9:0069:0113|221:4046:02B9:0067:0113|222:4046:02B9:004E:0113|223:4046:02A9:004C:0113|224:4046:02C9:0068:0123|225:4046:02B9:0063:0123|226:4046:02B9:004D:0123|227:4046:02A9:004B:0123
round6_phase1,0xFA,2652,0x0002,0x0003,0x0000,0x01,0x0074,0x0000,0x0000,actor_2c8,8,0x10C4C8,0x01,0x17,0x00,0x00,0x02,0x00,0x00,0x0122,0x02C9,0x004B,0x00,0x46,0x00,220,19,220:4046:02CA:0066:0111|221:4046:02BA:0064:0111|222:4046:02BA:004E:0111|223:4046:02AA:004C:0111|224:4046:02CA:0065:0121|225:4046:02BA:0063:0121|226:4046:02BA:004D:0121|227:4046:02AA:004B:0121
round6_phase1,0xFA,2654,0x0002,0x0003,0x0000,0x01,0x0074,0x0000,0x0000,actor_2c8,8,0x10C4C8,0x01,0x17,0x00,0x00,0x02,0x00,0x00,0x0120,0x02C9,0x004B,0x00,0x46,0x00,220,19,220:4046:02CA:0066:010F|221:4046:02BA:0064:010F|222:4046:02BA:004E:010F|223:4046:02AA:004C:010F|224:4046:02CA:0065:011F|225:4046:02BA:0063:011F|226:4046:02BA:004D:011F|227:4046:02AA:004B:011F
round6_phase1,0xFA,2658,0x0002,0x0003,0x0000,0x01,0x0074,0x0000,0x0000,actor_2c8,8,0x10C4C8,0x01,0x17,0x00,0x00,0x02,0x00,0x00,0x011C,0x02C9,0x004B,0x00,0x46,0x00,220,19,220:4046:02CA:0066:010D|221:4046:02BA:0064:010D|222:4046:02BA:004E:010D|223:4046:02AA:004C:010D|224:4046:02CA:0065:011D|225:4046:02BA:0063:011D|226:4046:02BA:004D:011D|227:4046:02AA:004B:011D
round6_phase1,0xFA,2660,0x0002,0x0003,0x0000,0x01,0x0074,0x0000,0x0000,actor_2c8,8,0x10C4C8,0x01,0x18,0x00,0x00,0x02,0x00,0x00,0x011A,0x02C9,0x004B,0x00,0x46,0x00,220,19,220:4046:02C9:0069:010B|221:4046:02B9:0067:010B|222:4046:02B9:004E:010B|223:4046:02A9:004C:010B|224:4046:02C9:0068:011B|225:4046:02B9:0063:011B|226:4046:02B9:004D:011B|227:4046:02A9:004B:011B
round6_phase1,0xFA,2662,0x0002,0x0003,0x0000,0x01,0x0074,0x0000,0x0000,actor_2c8,8,0x10C4C8,0x01,0x18,0x00,0x00,0x02,0x00,0x00,0x0118,0x02C9,0x004B,0x00,0x46,0x00,220,19,220:4046:02C9:0069:0109|221:4046:02B9:0067:0109|222:4046:02B9:004E:0109|223:4046:02A9:004C:0109|224:4046:02C9:0068:0119|225:4046:02B9:0063:0119|226:4046:02B9:004D:0119|227:4046:02A9:004B:0119
round6_phase1,0xFA,2664,0x0002,0x0003,0x0000,0x01,0x0074,0x0000,0x0000,actor_2c8,8,0x10C4C8,0x01,0x18,0x00,0x00,0x02,0x00,0x00,0x0118,0x02C9,0x004B,0x00,0x46,0x00,220,19,220:4046:02C9:0069:0107|221:4046:02B9:0067:0107|222:4046:02B9:004E:0107|223:4046:02A9:004C:0107|224:4046:02C9:0068:0117|225:4046:02B9:0063:0117|226:4046:02B9:004D:0117|227:4046:02A9:004B:0117
round6_phase1,0xFA,2666,0x0002,0x0003,0x0000,0x01,0x0074,0x0000,0x0000,actor_2c8,8,0x10C4C8,0x01,0x18,0x00,0x00,0x02,0x00,0x00,0x0116,0x02C9,0x004B,0x00,0x46,0x00,220,19,220:4046:02C9:0069:0105|221:4046:02B9:0067:0105|222:4046:02B9:004E:0105|223:4046:02A9:004C:0105|224:4046:02C9:0068:0115|225:4046:02B9:0063:0115|226:4046:02B9:004D:0115|227:4046:02A9:004B:0115
round6_phase1,0xFA,2668,0x0002,0x0003,0x0000,0x01,0x0074,0x0000,0x0000,actor_2c8,8,0x10C4C8,0x01,0x19,0x00,0x00,0x02,0x00,0x00,0x0114,0x02C9,0x004B,0x00,0x46,0x00,220,19,220:4046:02CA:006D:0103|221:4046:02BA:006B:0103|222:4046:02BA:004E:0103|223:4046:02AA:004C:0103|224:4046:02CA:006C:0113|225:4046:02BA:006A:0113|226:4046:02BA:004D:0113|227:4046:02AA:004B:0113
round6_phase1,0xFA,2670,0x0002,0x0003,0x0000,0x01,0x0074,0x0000,0x0000,actor_2c8,7,0x10C488,0x01,0xCB,0x00,0x00,0x02,0x00,0x00,0x013E,0x02C9,0x0420,0x00,0x47,0x00,210,10,210:4047:02A8:0420:013D|211:4047:02A8:0421:012D|212:4047:02B8:0422:013D|213:4047:02B8:0423:012D|214:4047:02B9:0429:0135|215:4047:02C9:042A:0135
round6_phase1,0xFA,2670,0x0002,0x0003,0x0000,0x01,0x0074,0x0000,0x0000,actor_2c8,8,0x10C4C8,0x01,0x19,0x00,0x00,0x02,0x00,0x00,0x0112,0x02C9,0x004B,0x00,0x46,0x00,220,19,220:4046:02CA:006D:0101|221:4046:02BA:006B:0101|222:4046:02BA:004E:0101|223:4046:02AA:004C:0101|224:4046:02CA:006C:0111|225:4046:02BA:006A:0111|226:4046:02BA:004D:0111|227:4046:02AA:004B:0111
round6_phase1,0xFA,2672,0x0002,0x0003,0x0000,0x01,0x0074,0x0000,0x0000,actor_2c8,7,0x10C488,0x01,0xCB,0x00,0x00,0x02,0x00,0x00,0x013C,0x02C9,0x0420,0x00,0x47,0x00,210,10,210:4047:02A8:0420:013B|211:4047:02A8:0421:012B|212:4047:02B8:0422:013B|213:4047:02B8:0423:012B|214:4047:02B9:0429:0133|215:4047:02C9:042A:0133
round6_phase1,0xFA,2672,0x0002,0x0003,0x0000,0x01,0x0074,0x0000,0x0000,actor_2c8,8,0x10C4C8,0x01,0x19,0x00,0x00,0x02,0x00,0x00,0x0110,0x02C9,0x004B,0x00,0x46,0x00,220,19,220:4046:02CA:006D:00FF|221:4046:02BA:006B:00FF|222:4046:02BA:004E:00FF|223:4046:02AA:004C:00FF|224:4046:02CA:006C:010F|225:4046:02BA:006A:010F|226:4046:02BA:004D:010F|227:4046:02AA:004B:010F
round6_phase1,0xFA,2674,0x0002,0x0003,0x0000,0x01,0x0074,0x0000,0x0000,actor_2c8,7,0x10C488,0x01,0xCB,0x00,0x00,0x02,0x00,0x00,0x013A,0x02C9,0x0420,0x00,0x47,0x00,210,10,210:4047:02A8:0420:0139|211:4047:02A8:0421:0129|212:4047:02B8:0422:0139|213:4047:02B8:0423:0129|214:4047:02B9:0429:0131|215:4047:02C9:042A:0131
round6_phase1,0xFA,2676,0x0002,0x0003,0x0000,0x01,0x0074,0x0000,0x0000,actor_2c8,7,0x10C488,0x01,0xCC,0x00,0x00,0x02,0x00,0x00,0x0138,0x02C9,0x0420,0x00,0x47,0x00,210,10,210:4047:02A9:0420:0137|211:4047:02A9:0421:0127|212:4047:02B9:0422:0137|213:4047:02B9:0423:0127|214:4047:02BA:0427:012F|215:4047:02CA:0428:012F
round6_phase1,0xFA,2676,0x0002,0x0003,0x0000,0x01,0x0074,0x0000,0x0000,actor_2c8,8,0x10C4C8,0x01,0x18,0x00,0x00,0x02,0x00,0x00,0x010C,0x02C9,0x004B,0x00,0x46,0x00,220,19,220:4046:02C9:0069:00FD|221:4046:02B9:0067:00FD|222:4046:02B9:004E:00FD|223:4046:02A9:004C:00FD|224:4046:02C9:0068:010D|225:4046:02B9:0063:010D|226:4046:02B9:004D:010D|227:4046:02A9:004B:010D
round6_phase1,0xFA,2678,0x0002,0x0003,0x0000,0x01,0x0074,0x0000,0x0000,actor_2c8,8,0x10C4C8,0x01,0x18,0x00,0x00,0x02,0x00,0x00,0x010A,0x02C9,0x004B,0x00,0x46,0x00,220,19,220:4046:02C9:0069:00FB|221:4046:02B9:0067:00FB|222:4046:02B9:004E:00FB|223:4046:02A9:004C:00FB|224:4046:02C9:0068:010B|225:4046:02B9:0063:010B|226:4046:02B9:004D:010B|227:4046:02A9:004B:010B
round6_phase1,0xFA,2680,0x0002,0x0003,0x0000,0x01,0x0074,0x0000,0x0000,actor_2c8,7,0x10C488,0x01,0xCC,0x00,0x00,0x02,0x00,0x00,0x0134,0x02C9,0x0420,0x00,0x47,0x00,210,10,210:4047:02A9:0420:0135|211:4047:02A9:0421:0125|212:4047:02B9:0422:0135|213:4047:02B9:0423:0125|214:4047:02BA:0427:012D|215:4047:02CA:0428:012D
round6_phase1,0xFA,2680,0x0002,0x0003,0x0000,0x01,0x0074,0x0000,0x0000,actor_2c8,8,0x10C4C8,0x01,0x18,0x00,0x00,0x02,0x00,0x00,0x0108,0x02C9,0x004B,0x00,0x46,0x00,220,19,220:4046:02C9:0069:00F9|221:4046:02B9:0067:00F9|222:4046:02B9:004E:00F9|223:4046:02A9:004C:00F9|224:4046:02C9:0068:0109|225:4046:02B9:0063:0109|226:4046:02B9:004D:0109|227:4046:02A9:004B:0109
round6_phase1,0xFA,2682,0x0002,0x0003,0x0000,0x01,0x0074,0x0000,0x0000,actor_2c8,7,0x10C488,0x01,0xCC,0x00,0x00,0x02,0x00,0x00,0x0132,0x02C9,0x0420,0x00,0x47,0x00,210,10,210:4047:02A9:0420:0133|211:4047:02A9:0421:0123|212:4047:02B9:0422:0133|213:4047:02B9:0423:0123|214:4047:02BA:0427:012B|215:4047:02CA:0428:012B
round6_phase1,0xFA,2682,0x0002,0x0003,0x0000,0x01,0x0074,0x0000,0x0000,actor_2c8,8,0x10C4C8,0x01,0x18,0x00,0x00,0x02,0x00,0x00,0x0108,0x02C9,0x004B,0x00,0x46,0x00,220,19,220:4046:02C9:0069:00F7|221:4046:02B9:0067:00F7|222:4046:02B9:004E:00F7|223:4046:02A9:004C:00F7|224:4046:02C9:0068:0107|225:4046:02B9:0063:0107|226:4046:02B9:004D:0107|227:4046:02A9:004B:0107
round6_phase1,0xFA,2684,0x0002,0x0003,0x0000,0x01,0x0074,0x0000,0x0000,actor_2c8,7,0x10C488,0x01,0xC9,0x00,0x00,0x02,0x00,0x00,0x0130,0x02C9,0x0420,0x00,0x47,0x00,210,10,210:4047:02A8:0420:0131|211:4047:02A8:0421:0121|212:4047:02B8:0422:0131|213:4047:02B8:0423:0121|214:4047:02B9:0424:0129|215:4047:02C9:0425:0131|216:4047:02C9:0426:0121
round6_phase1,0xFA,2684,0x0002,0x0003,0x0000,0x01,0x0074,0x0000,0x0000,actor_2c8,8,0x10C4C8,0x01,0x17,0x00,0x00,0x02,0x00,0x00,0x0106,0x02C9,0x004B,0x00,0x46,0x00,220,19,220:4046:02CA:0066:00F5|221:4046:02BA:0064:00F5|222:4046:02BA:004E:00F5|223:4046:02AA:004C:00F5|224:4046:02CA:0065:0105|225:4046:02BA:0063:0105|226:4046:02BA:004D:0105|227:4046:02AA:004B:0105
round6_phase1,0xFA,2686,0x0002,0x0003,0x0000,0x01,0x0074,0x0000,0x0000,actor_2c8,7,0x10C488,0x01,0xC9,0x00,0x00,0x02,0x00,0x00,0x0130,0x02C9,0x0420,0x00,0x47,0x00,210,10,210:4047:02A8:0420:012F|211:4047:02A8:0421:011F|212:4047:02B8:0422:012F|213:4047:02B8:0423:011F|214:4047:02B9:0424:0127|215:4047:02C9:0425:012F|216:4047:02C9:0426:011F
round6_phase1,0xFA,2686,0x0002,0x0003,0x0000,0x01,0x0074,0x0000,0x0000,actor_2c8,8,0x10C4C8,0x01,0x17,0x00,0x00,0x02,0x00,0x00,0x0104,0x02C9,0x004B,0x00,0x46,0x00,220,19,220:4046:02CA:0066:00F3|221:4046:02BA:0064:00F3|222:4046:02BA:004E:00F3|223:4046:02AA:004C:00F3|224:4046:02CA:0065:0103|225:4046:02BA:0063:0103|226:4046:02BA:004D:0103|227:4046:02AA:004B:0103
round6_phase1,0xFA,2688,0x0002,0x0003,0x0000,0x01,0x0074,0x0000,0x0000,actor_2c8,7,0x10C488,0x01,0xC9,0x00,0x00,0x02,0x00,0x00,0x012E,0x02C9,0x0420,0x00,0x47,0x00,210,10,210:4047:02A8:0420:012D|211:4047:02A8:0421:011D|212:4047:02B8:0422:012D|213:4047:02B8:0423:011D|214:4047:02B9:0424:0125|215:4047:02C9:0425:012D|216:4047:02C9:0426:011D
round6_phase1,0xFA,2688,0x0002,0x0003,0x0000,0x01,0x0074,0x0000,0x0000,actor_2c8,8,0x10C4C8,0x01,0x17,0x00,0x00,0x02,0x00,0x00,0x0102,0x02C9,0x004B,0x00,0x46,0x00,220,19,220:4046:02CA:0066:00F1|221:4046:02BA:0064:00F1|222:4046:02BA:004E:00F1|223:4046:02AA:004C:00F1|224:4046:02CA:0065:0101|225:4046:02BA:0063:0101|226:4046:02BA:004D:0101|227:4046:02AA:004B:0101
round6_phase1,0xFA,2690,0x0002,0x0003,0x0000,0x01,0x0074,0x0000,0x0000,actor_2c8,7,0x10C488,0x01,0xC9,0x00,0x00,0x02,0x00,0x00,0x012C,0x02C9,0x0420,0x00,0x47,0x00,210,10,210:4047:02A8:0420:012B|211:4047:02A8:0421:011B|212:4047:02B8:0422:012B|213:4047:02B8:0423:011B|214:4047:02B9:0424:0123|215:4047:02C9:0425:012B|216:4047:02C9:0426:011B
round6_phase1,0xFA,2690,0x0002,0x0003,0x0000,0x01,0x0074,0x0000,0x0000,actor_2c8,8,0x10C4C8,0x01,0x17,0x00,0x00,0x02,0x00,0x00,0x0100,0x02C9,0x004B,0x00,0x46,0x00,220,19,220:4046:02CA:0066:00EF|221:4046:02BA:0064:00EF|222:4046:02BA:004E:00EF|223:4046:02AA:004C:00EF|224:4046:02CA:0065:00FF|225:4046:02BA:0063:00FF|226:4046:02BA:004D:00FF|227:4046:02AA:004B:00FF
round6_phase1,0xFA,2692,0x0002,0x0003,0x0000,0x01,0x0074,0x0000,0x0000,actor_2c8,7,0x10C488,0x01,0xCA,0x00,0x00,0x02,0x00,0x00,0x012A,0x02C9,0x0420,0x00,0x47,0x00,210,10,210:4047:02A9:0420:0129|211:4047:02A9:0421:0119|212:4047:02B9:0422:0129|213:4047:02B9:0423:0119|214:4047:02BA:0427:0121|215:4047:02CA:0428:0121
round6_phase1,0xFA,2692,0x0002,0x0003,0x0000,0x01,0x0074,0x0000,0x0000,actor_2c8,8,0x10C4C8,0x01,0x18,0x00,0x00,0x02,0x00,0x00,0x00FE,0x02C9,0x004B,0x00,0x46,0x00,220,19,220:4046:02C9:0069:00EF|221:4046:02B9:0067:00EF|222:4046:02B9:004E:00EF|223:4046:02A9:004C:00EF|224:4046:02C9:0068:00FF|225:4046:02B9:0063:00FF|226:4046:02B9:004D:00FF|227:4046:02A9:004B:00FF
round6_phase1,0xFA,2694,0x0002,0x0003,0x0000,0x01,0x0074,0x0000,0x0000,actor_2c8,7,0x10C488,0x01,0xCA,0x00,0x00,0x02,0x00,0x00,0x0128,0x02C9,0x0420,0x00,0x47,0x00,210,10,210:4047:02A9:0420:0127|211:4047:02A9:0421:0117|212:4047:02B9:0422:0127|213:4047:02B9:0423:0117|214:4047:02BA:0427:011F|215:4047:02CA:0428:011F
round6_phase1,0xFA,2694,0x0002,0x0003,0x0000,0x01,0x0074,0x0000,0x0000,actor_2c8,8,0x10C4C8,0x01,0x18,0x00,0x00,0x02,0x00,0x00,0x00FC,0x02C9,0x004B,0x00,0x46,0x00,220,19,220:4046:02C9:0069:00ED|221:4046:02B9:0067:00ED|222:4046:02B9:004E:00ED|223:4046:02A9:004C:00ED|224:4046:02C9:0068:00FD|225:4046:02B9:0063:00FD|226:4046:02B9:004D:00FD|227:4046:02A9:004B:00FD
round6_phase1,0xFA,2696,0x0002,0x0003,0x0000,0x01,0x0074,0x0000,0x0000,actor_2c8,8,0x10C4C8,0x01,0x18,0x00,0x00,0x02,0x00,0x00,0x00FA,0x02C9,0x004B,0x00,0x46,0x00,220,19,220:4046:02C9:0069:00EB|221:4046:02B9:0067:00EB|222:4046:02B9:004E:00EB|223:4046:02A9:004C:00EB|224:4046:02C9:0068:00FB|225:4046:02B9:0063:00FB|226:4046:02B9:004D:00FB|227:4046:02A9:004B:00FB
round6_phase1,0xFA,2698,0x0002,0x0003,0x0000,0x01,0x0074,0x0000,0x0000,actor_2c8,7,0x10C488,0x01,0xCA,0x00,0x00,0x02,0x00,0x00,0x0124,0x02C9,0x0420,0x00,0x47,0x00,210,10,210:4047:02A9:0420:0125|211:4047:02A9:0421:0115|212:4047:02B9:0422:0125|213:4047:02B9:0423:0115|214:4047:02BA:0427:011D|215:4047:02CA:0428:011D
round6_phase1,0xFA,2698,0x0002,0x0003,0x0000,0x01,0x0074,0x0000,0x0000,actor_2c8,8,0x10C4C8,0x01,0x18,0x00,0x00,0x02,0x00,0x00,0x00F8,0x02C9,0x004B,0x00,0x46,0x00,220,19,220:4046:02C9:0069:00E9|221:4046:02B9:0067:00E9|222:4046:02B9:004E:00E9|223:4046:02A9:004C:00E9|224:4046:02C9:0068:00F9|225:4046:02B9:0063:00F9|226:4046:02B9:004D:00F9|227:4046:02A9:004B:00F9
round6_phase1,0xFA,2700,0x0002,0x0003,0x0000,0x01,0x0074,0x0000,0x0000,actor_2c8,7,0x10C488,0x01,0xCB,0x00,0x00,0x02,0x00,0x00,0x0122,0x02C9,0x0420,0x00,0x47,0x00,210,10,210:4047:02A8:0420:0123|211:4047:02A8:0421:0113|212:4047:02B8:0422:0123|213:4047:02B8:0423:0113|214:4047:02B9:0429:011B|215:4047:02C9:042A:011B
round6_phase1,0xFA,2700,0x0002,0x0003,0x0000,0x01,0x0074,0x0000,0x0000,actor_2c8,8,0x10C4C8,0x01,0x19,0x00,0x00,0x02,0x00,0x00,0x00F8,0x02C9,0x004B,0x00,0x46,0x00,220,19,220:4046:02CA:006D:00E7|221:4046:02BA:006B:00E7|222:4046:02BA:004E:00E7|223:4046:02AA:004C:00E7|224:4046:02CA:006C:00F7|225:4046:02BA:006A:00F7|226:4046:02BA:004D:00F7|227:4046:02AA:004B:00F7
round6_phase1,0xFA,2702,0x0002,0x0003,0x0000,0x01,0x0074,0x0000,0x0000,actor_2c8,7,0x10C488,0x01,0xCB,0x00,0x00,0x02,0x00,0x00,0x0120,0x02C9,0x0420,0x00,0x47,0x00,210,10,210:4047:02A8:0420:0121|211:4047:02A8:0421:0111|212:4047:02B8:0422:0121|213:4047:02B8:0423:0111|214:4047:02B9:0429:0119|215:4047:02C9:042A:0119
round6_phase1,0xFA,2702,0x0002,0x0003,0x0000,0x01,0x0074,0x0000,0x0000,actor_2c8,8,0x10C4C8,0x01,0x19,0x00,0x00,0x02,0x00,0x00,0x00F6,0x02C9,0x004B,0x00,0x46,0x00,220,19,220:4046:02CA:006D:00E5|221:4046:02BA:006B:00E5|222:4046:02BA:004E:00E5|223:4046:02AA:004C:00E5|224:4046:02CA:006C:00F5|225:4046:02BA:006A:00F5|226:4046:02BA:004D:00F5|227:4046:02AA:004B:00F5
round6_phase1,0xFA,2704,0x0002,0x0003,0x0000,0x01,0x0074,0x0000,0x0000,actor_2c8,7,0x10C488,0x01,0xCB,0x00,0x00,0x02,0x00,0x00,0x0120,0x02C9,0x0420,0x00,0x47,0x00,210,10,210:4047:02A8:0420:011F|211:4047:02A8:0421:010F|212:4047:02B8:0422:011F|213:4047:02B8:0423:010F|214:4047:02B9:0429:0117|215:4047:02C9:042A:0117
round6_phase1,0xFA,2704,0x0002,0x0003,0x0000,0x01,0x0074,0x0000,0x0000,actor_2c8,8,0x10C4C8,0x01,0x19,0x00,0x00,0x02,0x00,0x00,0x00F4,0x02C9,0x004B,0x00,0x46,0x00,220,19,220:4046:02CA:006D:00E3|221:4046:02BA:006B:00E3|222:4046:02BA:004E:00E3|223:4046:02AA:004C:00E3|224:4046:02CA:006C:00F3|225:4046:02BA:006A:00F3|226:4046:02BA:004D:00F3|227:4046:02AA:004B:00F3
round6_phase1,0xFA,2706,0x0002,0x0003,0x0000,0x01,0x0074,0x0000,0x0000,actor_2c8,7,0x10C488,0x01,0xCB,0x00,0x00,0x02,0x00,0x00,0x011E,0x02C9,0x0420,0x00,0x47,0x00,210,10,210:4047:02A8:0420:011D|211:4047:02A8:0421:010D|212:4047:02B8:0422:011D|213:4047:02B8:0423:010D|214:4047:02B9:0429:0115|215:4047:02C9:042A:0115
round6_phase1,0xFA,2706,0x0002,0x0003,0x0000,0x01,0x0074,0x0000,0x0000,actor_2c8,8,0x10C4C8,0x01,0x19,0x00,0x00,0x02,0x00,0x00,0x00F2,0x02C9,0x004B,0x00,0x46,0x00,220,19,220:4046:02CA:006D:00E1|221:4046:02BA:006B:00E1|222:4046:02BA:004E:00E1|223:4046:02AA:004C:00E1|224:4046:02CA:006C:00F1|225:4046:02BA:006A:00F1|226:4046:02BA:004D:00F1|227:4046:02AA:004B:00F1
round6_phase1,0xFA,2708,0x0002,0x0003,0x0000,0x01,0x0074,0x0000,0x0000,actor_2c8,7,0x10C488,0x01,0xCC,0x00,0x00,0x02,0x00,0x00,0x011C,0x02C9,0x0420,0x00,0x47,0x00,210,10,210:4047:02A9:0420:011B|211:4047:02A9:0421:010B|212:4047:02B9:0422:011B|213:4047:02B9:0423:010B|214:4047:02BA:0427:0113|215:4047:02CA:0428:0113
round6_phase1,0xFA,2708,0x0002,0x0003,0x0000,0x01,0x0074,0x0000,0x0000,actor_2c8,8,0x10C4C8,0x01,0x18,0x00,0x00,0x02,0x00,0x00,0x00F0,0x02C9,0x004B,0x00,0x46,0x00,220,19,220:4046:02C9:0069:00DF|221:4046:02B9:0067:00DF|222:4046:02B9:004E:00DF|223:4046:02A9:004C:00DF|224:4046:02C9:0068:00EF|225:4046:02B9:0063:00EF|226:4046:02B9:004D:00EF|227:4046:02A9:004B:00EF
round6_phase1,0xFA,2710,0x0002,0x0003,0x0000,0x01,0x0074,0x0000,0x0000,actor_2c8,7,0x10C488,0x01,0xCC,0x00,0x00,0x02,0x00,0x00,0x011A,0x02C9,0x0420,0x00,0x47,0x00,210,10,210:4047:02A9:0420:0119|211:4047:02A9:0421:0109|212:4047:02B9:0422:0119|213:4047:02B9:0423:0109|214:4047:02BA:0427:0111|215:4047:02CA:0428:0111
round6_phase1,0xFA,2712,0x0002,0x0003,0x0000,0x01,0x0074,0x0000,0x0000,actor_2c8,7,0x10C488,0x01,0xCC,0x00,0x00,0x02,0x00,0x00,0x0118,0x02C9,0x0420,0x00,0x47,0x00,210,10,210:4047:02A9:0420:0117|211:4047:02A9:0421:0107|212:4047:02B9:0422:0117|213:4047:02B9:0423:0107|214:4047:02BA:0427:010F|215:4047:02CA:0428:010F
round6_phase1,0xFA,2712,0x0002,0x0003,0x0000,0x01,0x0074,0x0000,0x0000,actor_2c8,8,0x10C4C8,0x01,0x18,0x00,0x00,0x02,0x00,0x00,0x00EC,0x02C9,0x004B,0x00,0x46,0x00,220,19,220:4046:02C9:0069:00DD|221:4046:02B9:0067:00DD|222:4046:02B9:004E:00DD|223:4046:02A9:004C:00DD|224:4046:02C9:0068:00ED|225:4046:02B9:0063:00ED|226:4046:02B9:004D:00ED|227:4046:02A9:004B:00ED
round6_phase1,0xFA,2714,0x0002,0x0003,0x0000,0x01,0x0074,0x0000,0x0000,actor_2c8,8,0x10C4C8,0x01,0x18,0x00,0x00,0x02,0x00,0x00,0x00EA,0x02C9,0x004B,0x00,0x46,0x00,220,19,220:4046:02C9:0069:00DB|221:4046:02B9:0067:00DB|222:4046:02B9:004E:00DB|223:4046:02A9:004C:00DB|224:4046:02C9:0068:00EB|225:4046:02B9:0063:00EB|226:4046:02B9:004D:00EB|227:4046:02A9:004B:00EB
round6_phase1,0xFA,2716,0x0002,0x0003,0x0000,0x01,0x0074,0x0000,0x0000,actor_2c8,7,0x10C488,0x01,0xC9,0x00,0x00,0x02,0x00,0x00,0x0114,0x02C9,0x0420,0x00,0x47,0x00,210,10,210:4047:02A8:0420:0115|211:4047:02A8:0421:0105|212:4047:02B8:0422:0115|213:4047:02B8:0423:0105|214:4047:02B9:0424:010D|215:4047:02C9:0425:0115|216:4047:02C9:0426:0105
round6_phase1,0xFA,2716,0x0002,0x0003,0x0000,0x01,0x0074,0x0000,0x0000,actor_2c8,8,0x10C4C8,0x01,0x17,0x00,0x00,0x02,0x00,0x00,0x00E8,0x02C9,0x004B,0x00,0x46,0x00,220,19,220:4046:02CA:0066:00D9|221:4046:02BA:0064:00D9|222:4046:02BA:004E:00D9|223:4046:02AA:004C:00D9|224:4046:02CA:0065:00E9|225:4046:02BA:0063:00E9|226:4046:02BA:004D:00E9|227:4046:02AA:004B:00E9
round6_phase1,0xFA,2718,0x0002,0x0003,0x0000,0x01,0x0074,0x0000,0x0000,actor_2c8,6,0x10C448,0x01,0x52,0x00,0x00,0x02,0x00,0x01,0x013E,0x02C9,0x00D0,0x00,0x44,0x00,200,10,
round6_phase1,0xFA,2718,0x0002,0x0003,0x0000,0x01,0x0074,0x0000,0x0000,actor_2c8,7,0x10C488,0x01,0xC9,0x00,0x00,0x02,0x00,0x00,0x0112,0x02C9,0x0420,0x00,0x47,0x00,210,10,210:4047:02A8:0420:0113|211:4047:02A8:0421:0103|212:4047:02B8:0422:0113|213:4047:02B8:0423:0103|214:4047:02B9:0424:010B|215:4047:02C9:0425:0113|216:4047:02C9:0426:0103
round6_phase1,0xFA,2718,0x0002,0x0003,0x0000,0x01,0x0074,0x0000,0x0000,actor_2c8,8,0x10C4C8,0x01,0x17,0x00,0x00,0x02,0x00,0x00,0x00E8,0x02C9,0x004B,0x00,0x46,0x00,220,19,220:4046:02CA:0066:00D7|221:4046:02BA:0064:00D7|222:4046:02BA:004E:00D7|223:4046:02AA:004C:00D7|224:4046:02CA:0065:00E7|225:4046:02BA:0063:00E7|226:4046:02BA:004D:00E7|227:4046:02AA:004B:00E7
round6_phase1,0xFA,2720,0x0002,0x0003,0x0000,0x01,0x0074,0x0000,0x0000,actor_2c8,6,0x10C448,0x01,0x52,0x00,0x00,0x02,0x00,0x01,0x013E,0x02C9,0x00D0,0x00,0x44,0x00,200,10,200:4044:02C9:0015:012D|201:4044:02B9:00DC:012D|202:4044:02A9:00DA:012D|203:4044:02C9:0014:013D|204:4044:02B9:00DB:013D|205:4044:02A9:00D9:013D|206:4044:02C9:0013:014D|207:4044:02C9:0016:011D|208:4044:02B9:00DD:011D
round6_phase1,0xFA,2720,0x0002,0x0003,0x0000,0x01,0x0074,0x0000,0x0000,actor_2c8,7,0x10C488,0x01,0xC9,0x00,0x00,0x02,0x00,0x00,0x0110,0x02C9,0x0420,0x00,0x47,0x00,210,10,210:4047:02A8:0420:0111|211:4047:02A8:0421:0101|212:4047:02B8:0422:0111|213:4047:02B8:0423:0101|214:4047:02B9:0424:0109|215:4047:02C9:0425:0111|216:4047:02C9:0426:0101
round6_phase1,0xFA,2720,0x0002,0x0003,0x0000,0x01,0x0074,0x0000,0x0000,actor_2c8,8,0x10C4C8,0x01,0x17,0x00,0x00,0x02,0x00,0x00,0x00E6,0x02C9,0x004B,0x00,0x46,0x00,220,19,220:4046:02CA:0066:00D5|221:4046:02BA:0064:00D5|222:4046:02BA:004E:00D5|223:4046:02AA:004C:00D5|224:4046:02CA:0065:00E5|225:4046:02BA:0063:00E5|226:4046:02BA:004D:00E5|227:4046:02AA:004B:00E5
round6_phase1,0xFA,2722,0x0002,0x0003,0x0000,0x01,0x0074,0x0000,0x0000,actor_2c8,7,0x10C488,0x01,0xC9,0x00,0x00,0x02,0x00,0x00,0x0110,0x02C9,0x0420,0x00,0x47,0x00,210,10,210:4047:02A8:0420:010F|211:4047:02A8:0421:00FF|212:4047:02B8:0422:010F|213:4047:02B8:0423:00FF|214:4047:02B9:0424:0107|215:4047:02C9:0425:010F|216:4047:02C9:0426:00FF
round6_phase1,0xFA,2722,0x0002,0x0003,0x0000,0x01,0x0074,0x0000,0x0000,actor_2c8,8,0x10C4C8,0x01,0x17,0x00,0x00,0x02,0x00,0x00,0x00E4,0x02C9,0x004B,0x00,0x46,0x00,220,19,220:4046:02CA:0066:00D3|221:4046:02BA:0064:00D3|222:4046:02BA:004E:00D3|223:4046:02AA:004C:00D3|224:4046:02CA:0065:00E3|225:4046:02BA:0063:00E3|226:4046:02BA:004D:00E3|227:4046:02AA:004B:00E3
round6_phase1,0xFA,2724,0x0002,0x0003,0x0000,0x01,0x0074,0x0000,0x0000,actor_2c8,6,0x10C448,0x01,0x52,0x00,0x00,0x02,0x00,0x01,0x013C,0x02C9,0x00D0,0x00,0x44,0x00,200,10,200:4044:02C9:0015:012B|201:4044:02B9:00DC:012B|202:4044:02A9:00DA:012B|203:4044:02C9:0014:013B|204:4044:02B9:00DB:013B|205:4044:02A9:00D9:013B|206:4044:02C9:0013:014B|207:4044:02C9:0016:011B|208:4044:02B9:00DD:011B
round6_phase1,0xFA,2724,0x0002,0x0003,0x0000,0x01,0x0074,0x0000,0x0000,actor_2c8,7,0x10C488,0x01,0xCA,0x00,0x00,0x02,0x00,0x00,0x010E,0x02C9,0x0420,0x00,0x47,0x00,210,10,210:4047:02A9:0420:010D|211:4047:02A9:0421:00FD|212:4047:02B9:0422:010D|213:4047:02B9:0423:00FD|214:4047:02BA:0427:0105|215:4047:02CA:0428:0105
round6_phase1,0xFA,2724,0x0002,0x0003,0x0000,0x01,0x0074,0x0000,0x0000,actor_2c8,8,0x10C4C8,0x01,0x18,0x00,0x00,0x02,0x00,0x00,0x00E2,0x02C9,0x004B,0x00,0x46,0x00,220,19,220:4046:02C9:0069:00D1|221:4046:02B9:0067:00D1|222:4046:02B9:004E:00D1|223:4046:02A9:004C:00D1|224:4046:02C9:0068:00E1|225:4046:02B9:0063:00E1|226:4046:02B9:004D:00E1|227:4046:02A9:004B:00E1
round6_phase1,0xFA,2726,0x0002,0x0003,0x0000,0x01,0x0074,0x0000,0x0000,actor_2c8,6,0x10C448,0x01,0x53,0x00,0x00,0x02,0x00,0x02,0x013A,0x02C9,0x00D0,0x00,0x44,0x00,200,10,200:4044:02C9:0015:012B|201:4044:02B9:00DC:012B|202:4044:02A9:00DA:012B|203:4044:02C9:0014:013B|204:4044:02B9:00DB:013B|205:4044:02A9:00D9:013B|206:4044:02C9:0013:014B|207:4044:02C9:0016:011B|208:4044:02B9:00DD:011B
round6_phase1,0xFA,2726,0x0002,0x0003,0x0000,0x01,0x0074,0x0000,0x0000,actor_2c8,7,0x10C488,0x01,0xCA,0x00,0x00,0x02,0x00,0x00,0x010C,0x02C9,0x0420,0x00,0x47,0x00,210,10,210:4047:02A9:0420:010B|211:4047:02A9:0421:00FB|212:4047:02B9:0422:010B|213:4047:02B9:0423:00FB|214:4047:02BA:0427:0103|215:4047:02CA:0428:0103
round6_phase1,0xFA,2726,0x0002,0x0003,0x0000,0x01,0x0074,0x0000,0x0000,actor_2c8,8,0x10C4C8,0x01,0x18,0x00,0x00,0x02,0x00,0x00,0x00E0,0x02C9,0x004B,0x00,0x46,0x00,220,19,220:4046:02C9:0069:00CF|221:4046:02B9:0067:00CF|222:4046:02B9:004E:00CF|223:4046:02A9:004C:00CF|224:4046:02C9:0068:00DF|225:4046:02B9:0063:00DF|226:4046:02B9:004D:00DF|227:4046:02A9:004B:00DF
round6_phase1,0xFA,2728,0x0002,0x0003,0x0000,0x01,0x0074,0x0000,0x0000,actor_2c8,6,0x10C448,0x01,0x53,0x00,0x00,0x02,0x00,0x02,0x013A,0x02C9,0x00D0,0x00,0x44,0x00,200,10,200:4044:02C9:0019:0129|201:4044:02B9:00E5:0129|202:4044:02A9:00E3:0129|203:4044:02C9:0018:0139|204:4044:02B9:00E4:0139|205:4044:02A9:00E2:0139|206:4044:02C9:0017:0149|207:4044:02C9:001A:0119|208:4044:02B9:00E6:0119
round6_phase1,0xFA,2728,0x0002,0x0003,0x0000,0x01,0x0074,0x0000,0x0000,actor_2c8,7,0x10C488,0x01,0xCA,0x00,0x00,0x02,0x00,0x00,0x010A,0x02C9,0x0420,0x00,0x47,0x00,210,10,210:4047:02A9:0420:0109|211:4047:02A9:0421:00F9|212:4047:02B9:0422:0109|213:4047:02B9:0423:00F9|214:4047:02BA:0427:0101|215:4047:02CA:0428:0101
round6_phase1,0xFA,2730,0x0002,0x0003,0x0000,0x01,0x0074,0x0000,0x0000,actor_2c8,7,0x10C488,0x01,0xCA,0x00,0x00,0x02,0x00,0x00,0x0108,0x02C9,0x0420,0x00,0x47,0x00,210,10,210:4047:02A9:0420:0107|211:4047:02A9:0421:00F7|212:4047:02B9:0422:0107|213:4047:02B9:0423:00F7|214:4047:02BA:0427:00FF|215:4047:02CA:0428:00FF
round6_phase1,0xFA,2730,0x0002,0x0003,0x0000,0x01,0x0074,0x0000,0x0000,actor_2c8,8,0x10C4C8,0x01,0x18,0x00,0x00,0x02,0x00,0x00,0x00DC,0x02C9,0x004B,0x00,0x46,0x00,220,19,220:4046:02C9:0069:00CD|221:4046:02B9:0067:00CD|222:4046:02B9:004E:00CD|223:4046:02A9:004C:00CD|224:4046:02C9:0068:00DD|225:4046:02B9:0063:00DD|226:4046:02B9:004D:00DD|227:4046:02A9:004B:00DD
round6_phase1,0xFA,2732,0x0002,0x0003,0x0000,0x01,0x0074,0x0000,0x0000,actor_2c8,6,0x10C448,0x01,0x53,0x00,0x00,0x02,0x00,0x02,0x0138,0x02C9,0x00D0,0x00,0x44,0x00,200,10,200:4044:02C9:0019:0127|201:4044:02B9:00E5:0127|202:4044:02A9:00E3:0127|203:4044:02C9:0018:0137|204:4044:02B9:00E4:0137|205:4044:02A9:00E2:0137|206:4044:02C9:0017:0147|207:4044:02C9:001A:0117|208:4044:02B9:00E6:0117
round6_phase1,0xFA,2732,0x0002,0x0003,0x0000,0x01,0x0074,0x0000,0x0000,actor_2c8,7,0x10C488,0x01,0xCB,0x00,0x00,0x02,0x00,0x00,0x0106,0x02C9,0x0420,0x00,0x47,0x00,210,10,210:4047:02A8:0420:0107|211:4047:02A8:0421:00F7|212:4047:02B8:0422:0107|213:4047:02B8:0423:00F7|214:4047:02B9:0429:00FF|215:4047:02C9:042A:00FF
round6_phase1,0xFA,2732,0x0002,0x0003,0x0000,0x01,0x0074,0x0000,0x0000,actor_2c8,8,0x10C4C8,0x01,0x19,0x00,0x00,0x02,0x00,0x00,0x00DA,0x02C9,0x004B,0x00,0x46,0x00,220,19,220:4046:02CA:006D:00CB|221:4046:02BA:006B:00CB|222:4046:02BA:004E:00CB|223:4046:02AA:004C:00CB|224:4046:02CA:006C:00DB|225:4046:02BA:006A:00DB|226:4046:02BA:004D:00DB|227:4046:02AA:004B:00DB
round6_phase1,0xFA,2734,0x0002,0x0003,0x0000,0x01,0x0074,0x0000,0x0000,actor_2c8,6,0x10C448,0x01,0x54,0x00,0x00,0x02,0x00,0x03,0x0138,0x02C9,0x00D0,0x00,0x44,0x00,200,10,200:4044:02C9:0019:0127|201:4044:02B9:00E5:0127|202:4044:02A9:00E3:0127|203:4044:02C9:0018:0137|204:4044:02B9:00E4:0137|205:4044:02A9:00E2:0137|206:4044:02C9:0017:0147|207:4044:02C9:001A:0117|208:4044:02B9:00E6:0117
round6_phase1,0xFA,2734,0x0002,0x0003,0x0000,0x01,0x0074,0x0000,0x0000,actor_2c8,7,0x10C488,0x01,0xCB,0x00,0x00,0x02,0x00,0x00,0x0104,0x02C9,0x0420,0x00,0x47,0x00,210,10,210:4047:02A8:0420:0105|211:4047:02A8:0421:00F5|212:4047:02B8:0422:0105|213:4047:02B8:0423:00F5|214:4047:02B9:0429:00FD|215:4047:02C9:042A:00FD
round6_phase1,0xFA,2734,0x0002,0x0003,0x0000,0x01,0x0074,0x0000,0x0000,actor_2c8,8,0x10C4C8,0x01,0x19,0x00,0x00,0x02,0x00,0x00,0x00D8,0x02C9,0x004B,0x00,0x46,0x00,220,19,220:4046:02CA:006D:00C9|221:4046:02BA:006B:00C9|222:4046:02BA:004E:00C9|223:4046:02AA:004C:00C9|224:4046:02CA:006C:00D9|225:4046:02BA:006A:00D9|226:4046:02BA:004D:00D9|227:4046:02AA:004B:00D9
round6_phase1,0xFA,2736,0x0002,0x0003,0x0000,0x01,0x0074,0x0000,0x0000,actor_2c8,6,0x10C448,0x01,0x55,0x00,0x00,0x02,0x00,0x04,0x0136,0x02C9,0x00D0,0x00,0x44,0x00,200,10,200:4044:02C9:0021:0125|201:4044:02B9:00DC:0125|202:4044:02A9:00DA:0125|203:4044:02C9:0020:0135|204:4044:02B9:00DB:0135|205:4044:02A9:00D9:0135|206:4044:02C9:001F:0145|207:4044:02C9:0022:0115|208:4044:02B9:00DD:0115
round6_phase1,0xFA,2736,0x0002,0x0003,0x0000,0x01,0x0074,0x0000,0x0000,actor_2c8,7,0x10C488,0x01,0xCB,0x00,0x00,0x02,0x00,0x00,0x0102,0x02C9,0x0420,0x00,0x47,0x00,210,10,210:4047:02A8:0420:0103|211:4047:02A8:0421:00F3|212:4047:02B8:0422:0103|213:4047:02B8:0423:00F3|214:4047:02B9:0429:00FB|215:4047:02C9:042A:00FB
round6_phase1,0xFA,2736,0x0002,0x0003,0x0000,0x01,0x0074,0x0000,0x0000,actor_2c8,8,0x10C4C8,0x01,0x19,0x00,0x00,0x02,0x00,0x00,0x00D8,0x02C9,0x004B,0x00,0x46,0x00,220,19,220:4046:02CA:006D:00C7|221:4046:02BA:006B:00C7|222:4046:02BA:004E:00C7|223:4046:02AA:004C:00C7|224:4046:02CA:006C:00D7|225:4046:02BA:006A:00D7|226:4046:02BA:004D:00D7|227:4046:02AA:004B:00D7
round6_phase1,0xFA,2738,0x0002,0x0003,0x0000,0x01,0x0074,0x0000,0x0000,actor_2c8,7,0x10C488,0x01,0xCB,0x00,0x00,0x02,0x00,0x00,0x0100,0x02C9,0x0420,0x00,0x47,0x00,210,10,210:4047:02A8:0420:0101|211:4047:02A8:0421:00F1|212:4047:02B8:0422:0101|213:4047:02B8:0423:00F1|214:4047:02B9:0429:00F9|215:4047:02C9:042A:00F9
round6_phase1,0xFA,2738,0x0002,0x0003,0x0000,0x01,0x0074,0x0000,0x0000,actor_2c8,8,0x10C4C8,0x01,0x19,0x00,0x00,0x02,0x00,0x00,0x00D6,0x02C9,0x004B,0x00,0x46,0x00,220,19,220:4046:02CA:006D:00C5|221:4046:02BA:006B:00C5|222:4046:02BA:004E:00C5|223:4046:02AA:004C:00C5|224:4046:02CA:006C:00D5|225:4046:02BA:006A:00D5|226:4046:02BA:004D:00D5|227:4046:02AA:004B:00D5
round6_phase1,0xFA,2740,0x0002,0x0003,0x0000,0x01,0x0074,0x0000,0x0000,actor_2c8,6,0x10C448,0x01,0x55,0x00,0x00,0x02,0x00,0x04,0x0134,0x02C9,0x00D0,0x00,0x44,0x00,200,10,200:4044:02C9:0021:0123|201:4044:02B9:00DC:0123|202:4044:02A9:00DA:0123|203:4044:02C9:0020:0133|204:4044:02B9:00DB:0133|205:4044:02A9:00D9:0133|206:4044:02C9:001F:0143|207:4044:02C9:0022:0113|208:4044:02B9:00DD:0113
round6_phase1,0xFA,2740,0x0002,0x0003,0x0000,0x01,0x0074,0x0000,0x0000,actor_2c8,7,0x10C488,0x01,0xCC,0x00,0x00,0x02,0x00,0x00,0x0100,0x02C9,0x0420,0x00,0x47,0x00,210,10,210:4047:02A9:0420:00FF|211:4047:02A9:0421:00EF|212:4047:02B9:0422:00FF|213:4047:02B9:0423:00EF|214:4047:02BA:0427:00F7|215:4047:02CA:0428:00F7
round6_phase1,0xFA,2740,0x0002,0x0003,0x0000,0x01,0x0074,0x0000,0x0000,actor_2c8,8,0x10C4C8,0x01,0x18,0x00,0x00,0x02,0x00,0x00,0x00D4,0x02C9,0x004B,0x00,0x46,0x00,220,19,220:4046:02C9:0069:00C3|221:4046:02B9:0067:00C3|222:4046:02B9:004E:00C3|223:4046:02A9:004C:00C3|224:4046:02C9:0068:00D3|225:4046:02B9:0063:00D3|226:4046:02B9:004D:00D3|227:4046:02A9:004B:00D3
round6_phase1,0xFA,2742,0x0002,0x0003,0x0000,0x01,0x0074,0x0000,0x0000,actor_2c8,7,0x10C488,0x01,0xCC,0x00,0x00,0x02,0x00,0x00,0x00FE,0x02C9,0x0420,0x00,0x47,0x00,210,10,210:4047:02A9:0420:00FD|211:4047:02A9:0421:00ED|212:4047:02B9:0422:00FD|213:4047:02B9:0423:00ED|214:4047:02BA:0427:00F5|215:4047:02CA:0428:00F5
round6_phase1,0xFA,2742,0x0002,0x0003,0x0000,0x01,0x0074,0x0000,0x0000,actor_2c8,8,0x10C4C8,0x01,0x18,0x00,0x00,0x02,0x00,0x00,0x00D2,0x02C9,0x004B,0x00,0x46,0x00,220,19,220:4046:02C9:0069:00C1|221:4046:02B9:0067:00C1|222:4046:02B9:004E:00C1|223:4046:02A9:004C:00C1|224:4046:02C9:0068:00D1|225:4046:02B9:0063:00D1|226:4046:02B9:004D:00D1|227:4046:02A9:004B:00D1
round6_phase1,0xFA,2744,0x0002,0x0003,0x0000,0x01,0x0074,0x0000,0x0000,actor_2c8,6,0x10C448,0x01,0x56,0x00,0x00,0x02,0x00,0x05,0x0132,0x02C9,0x00D0,0x00,0x44,0x00,200,10,200:4044:02C9:0025:0121|201:4044:02B9:00D3:0121|202:4044:02A9:00D1:0121|203:4044:02C9:0024:0131|204:4044:02B9:00D2:0131|205:4044:02A9:00D0:0131|206:4044:02C9:0023:0141|207:4044:02C9:0026:0111|208:4044:02B9:00D4:0111
round6_phase1,0xFA,2744,0x0002,0x0003,0x0000,0x01,0x0074,0x0000,0x0000,actor_2c8,7,0x10C488,0x01,0xCC,0x00,0x00,0x02,0x00,0x00,0x00FC,0x02C9,0x0420,0x00,0x47,0x00,210,10,210:4047:02A9:0420:00FB|211:4047:02A9:0421:00EB|212:4047:02B9:0422:00FB|213:4047:02B9:0423:00EB|214:4047:02BA:0427:00F3|215:4047:02CA:0428:00F3
round6_phase1,0xFA,2744,0x0002,0x0003,0x0000,0x01,0x0074,0x0000,0x0000,actor_2c8,8,0x10C4C8,0x01,0x18,0x00,0x00,0x02,0x00,0x00,0x00D0,0x02C9,0x004B,0x00,0x46,0x00,220,19,220:4046:02C9:0069:00BF|221:4046:02B9:0067:00BF|222:4046:02B9:004E:00BF|223:4046:02A9:004C:00BF|224:4046:02C9:0068:00CF|225:4046:02B9:0063:00CF|226:4046:02B9:004D:00CF|227:4046:02A9:004B:00CF
round6_phase1,0xFA,2746,0x0002,0x0003,0x0000,0x01,0x0074,0x0000,0x0000,actor_2c8,7,0x10C488,0x01,0xCC,0x00,0x00,0x02,0x00,0x00,0x00FA,0x02C9,0x0420,0x00,0x47,0x00,210,10,210:4047:02A9:0420:00F9|211:4047:02A9:0421:00E9|212:4047:02B9:0422:00F9|213:4047:02B9:0423:00E9|214:4047:02BA:0427:00F1|215:4047:02CA:0428:00F1
round6_phase1,0xFA,2746,0x0002,0x0003,0x0000,0x01,0x0074,0x0000,0x0000,actor_2c8,8,0x10C4C8,0x01,0x1C,0x00,0x00,0x1F,0x00,0x00,0x00D0,0x02C9,0x004B,0x00,0x46,0x00,220,19,220:4046:02C9:0069:00BF|221:4046:02B9:0067:00BF|222:4046:02B9:004E:00BF|223:4046:02A9:004C:00BF|224:4046:02C9:0068:00CF|225:4046:02B9:0063:00CF|226:4046:02B9:004D:00CF|227:4046:02A9:004B:00CF
round6_phase1,0xFA,2748,0x0002,0x0003,0x0000,0x01,0x0074,0x0000,0x0000,actor_2c8,6,0x10C448,0x01,0x56,0x00,0x00,0x02,0x00,0x05,0x0130,0x02C9,0x00D0,0x00,0x44,0x00,200,10,200:4044:02C9:0025:011F|201:4044:02B9:00D3:011F|202:4044:02A9:00D1:011F|203:4044:02C9:0024:012F|204:4044:02B9:00D2:012F|205:4044:02A9:00D0:012F|206:4044:02C9:0023:013F|207:4044:02C9:0026:010F|208:4044:02B9:00D4:010F
round6_phase1,0xFA,2748,0x0002,0x0003,0x0000,0x01,0x0074,0x0000,0x0000,actor_2c8,7,0x10C488,0x01,0xC9,0x00,0x00,0x02,0x00,0x00,0x00F8,0x02C9,0x0420,0x00,0x47,0x00,210,10,210:4047:02A8:0420:00F7|211:4047:02A8:0421:00E7|212:4047:02B8:0422:00F7|213:4047:02B8:0423:00E7|214:4047:02B9:0424:00EF|215:4047:02C9:0425:00F7|216:4047:02C9:0426:00E7
round6_phase1,0xFA,2748,0x0002,0x0003,0x0000,0x01,0x0074,0x0000,0x0000,actor_2c8,8,0x10C4C8,0x01,0x1C,0x00,0x00,0x1F,0x00,0x00,0x00D0,0x02C9,0x004B,0x00,0x46,0x00,220,19,220:4046:02CA:0066:00BF|221:4046:02BA:0064:00BF|222:4046:02BA:0052:00BF|223:4046:02AA:0050:00BF|224:4046:02CA:0065:00CF|225:4046:02BA:0063:00CF|226:4046:02BA:0051:00CF|227:4046:02AA:004F:00CF|228:4046:02BA:0054:00DF|229:4046:02AA:0053:00DF
round6_phase1,0xFA,2750,0x0002,0x0003,0x0000,0x01,0x0074,0x0000,0x0000,actor_2c8,8,0x10C4C8,0x01,0x1D,0x00,0x00,0x1F,0x00,0x00,0x00D0,0x02C9,0x004B,0x00,0x46,0x00,220,19,220:4046:02CA:0066:00BF|221:4046:02BA:0064:00BF|222:4046:02BA:0058:00BF|223:4046:02AA:0056:00BF|224:4046:02CA:0065:00CF|225:4046:02BA:0063:00CF|226:4046:02BA:0057:00CF|227:4046:02AA:0055:00CF
round6_phase1,0xFA,2752,0x0002,0x0003,0x0000,0x01,0x0074,0x0000,0x0000,actor_2c8,6,0x10C448,0x01,0x52,0x00,0x00,0x02,0x00,0x01,0x012E,0x02C9,0x00D0,0x00,0x44,0x00,200,10,200:4044:02C9:0011:011F|201:4044:02B9:00D3:011F|202:4044:02A9:00D1:011F|203:4044:02C9:0010:012F|204:4044:02B9:00D2:012F|205:4044:02A9:00D0:012F|206:4044:02C9:000F:013F|207:4044:02C9:0012:010F|208:4044:02B9:00D4:010F
round6_phase1,0xFA,2752,0x0002,0x0003,0x0000,0x01,0x0074,0x0000,0x0000,actor_2c8,7,0x10C488,0x01,0xC9,0x00,0x00,0x02,0x00,0x00,0x00F4,0x02C9,0x0420,0x00,0x47,0x00,210,10,210:4047:02A8:0420:00F5|211:4047:02A8:0421:00E5|212:4047:02B8:0422:00F5|213:4047:02B8:0423:00E5|214:4047:02B9:0424:00ED|215:4047:02C9:0425:00F5|216:4047:02C9:0426:00E5
round6_phase1,0xFA,2752,0x0002,0x0003,0x0000,0x01,0x0074,0x0000,0x0000,actor_2c8,8,0x10C4C8,0x01,0x1E,0x00,0x00,0x0F,0x00,0x00,0x00D0,0x02C9,0x004B,0x00,0x46,0x00,220,19,220:4046:02CA:0066:00BF|221:4046:02BA:0064:00BF|222:4046:02BA:0058:00BF|223:4046:02AA:0056:00BF|224:4046:02CA:0065:00CF|225:4046:02BA:0063:00CF|226:4046:02BA:0057:00CF|227:4046:02AA:0055:00CF
round6_phase1,0xFA,2754,0x0002,0x0003,0x0000,0x01,0x0074,0x0000,0x0000,actor_2c8,6,0x10C448,0x01,0x52,0x00,0x00,0x02,0x00,0x01,0x012E,0x02C9,0x00D0,0x00,0x44,0x00,200,10,200:4044:02C9:0015:011D|201:4044:02B9:00DC:011D|202:4044:02A9:00DA:011D|203:4044:02C9:0014:012D|204:4044:02B9:00DB:012D|205:4044:02A9:00D9:012D|206:4044:02C9:0013:013D|207:4044:02C9:0016:010D|208:4044:02B9:00DD:010D
round6_phase1,0xFA,2754,0x0002,0x0003,0x0000,0x01,0x0074,0x0000,0x0000,actor_2c8,7,0x10C488,0x01,0xC9,0x00,0x00,0x02,0x00,0x00,0x00F2,0x02C9,0x0420,0x00,0x47,0x00,210,10,210:4047:02A8:0420:00F3|211:4047:02A8:0421:00E3|212:4047:02B8:0422:00F3|213:4047:02B8:0423:00E3|214:4047:02B9:0424:00EB|215:4047:02C9:0425:00F3|216:4047:02C9:0426:00E3
round6_phase1,0xFA,2754,0x0002,0x0003,0x0000,0x01,0x0074,0x0000,0x0000,actor_2c8,8,0x10C4C8,0x01,0x0D,0x00,0x00,0x0F,0x00,0x00,0x00D0,0x02C9,0x0A73,0x00,0x06,0x02,220,19,220:4000:02D1:0A83:00B7|221:4000:02C1:0A80:00B7|222:4000:02B1:0A7D:00B7|223:4000:02D1:0A82:00C7|224:4000:02C1:0A7F:00C7|225:4000:02B1:0A7C:00C7|226:4000:02D1:0A81:00D7|227:4000:02C1:0A7E:00D7|228:4000:02B1:0A7B:00D7
round6_phase1,0xFA,2756,0x0002,0x0003,0x0000,0x01,0x0074,0x0000,0x0000,actor_2c8,7,0x10C488,0x01,0xCA,0x00,0x00,0x02,0x00,0x00,0x00F0,0x02C9,0x0420,0x00,0x47,0x00,210,10,210:4047:02A9:0420:00F1|211:4047:02A9:0421:00E1|212:4047:02B9:0422:00F1|213:4047:02B9:0423:00E1|214:4047:02BA:0427:00E9|215:4047:02CA:0428:00E9
round6_phase1,0xFA,2756,0x0002,0x0003,0x0000,0x01,0x0074,0x0000,0x0000,actor_2c8,8,0x10C4C8,0x01,0x0C,0x00,0x00,0x0F,0x00,0x00,0x00D0,0x02C9,0x0A73,0x00,0x06,0x02,220,19,220:4000:02D1:0A83:00B7|221:4000:02C1:0A80:00B7|222:4000:02B1:0A7D:00B7|223:4000:02D1:0A82:00C7|224:4000:02C1:0A7F:00C7|225:4000:02B1:0A7C:00C7|226:4000:02D1:0A81:00D7|227:4000:02C1:0A7E:00D7|228:4000:02B1:0A7B:00D7
round6_phase1,0xFA,2758,0x0002,0x0003,0x0000,0x01,0x0074,0x0000,0x0000,actor_2c8,6,0x10C448,0x01,0x52,0x00,0x00,0x02,0x00,0x01,0x012C,0x02C9,0x00D0,0x00,0x44,0x00,200,10,200:4044:02C9:0015:011B|201:4044:02B9:00DC:011B|202:4044:02A9:00DA:011B|203:4044:02C9:0014:012B|204:4044:02B9:00DB:012B|205:4044:02A9:00D9:012B|206:4044:02C9:0013:013B|207:4044:02C9:0016:010B|208:4044:02B9:00DD:010B
round6_phase1,0xFA,2758,0x0002,0x0003,0x0000,0x01,0x0074,0x0000,0x0000,actor_2c8,7,0x10C488,0x01,0xCA,0x00,0x00,0x02,0x00,0x00,0x00F0,0x02C9,0x0420,0x00,0x47,0x00,210,10,210:4047:02A9:0420:00EF|211:4047:02A9:0421:00DF|212:4047:02B9:0422:00EF|213:4047:02B9:0423:00DF|214:4047:02BA:0427:00E7|215:4047:02CA:0428:00E7
round6_phase1,0xFA,2758,0x0002,0x0003,0x0000,0x01,0x0074,0x0000,0x0000,actor_2c8,8,0x10C4C8,0x01,0x0C,0x00,0x00,0x0F,0x00,0x00,0x00D0,0x02C9,0x0A73,0x00,0x06,0x02,220,19,220:4000:02C9:0A7A:00BF|221:4000:02B9:0A78:00BF|222:4000:02C9:0A79:00CF|223:4000:02B9:0A77:00CF
round6_phase1,0xFA,2760,0x0002,0x0003,0x0000,0x01,0x0074,0x0000,0x0000,actor_2c8,6,0x10C448,0x01,0x53,0x00,0x00,0x02,0x00,0x02,0x012A,0x02C9,0x00D0,0x00,0x44,0x00,200,10,200:4044:02C9:0015:011B|201:4044:02B9:00DC:011B|202:4044:02A9:00DA:011B|203:4044:02C9:0014:012B|204:4044:02B9:00DB:012B|205:4044:02A9:00D9:012B|206:4044:02C9:0013:013B|207:4044:02C9:0016:010B|208:4044:02B9:00DD:010B
round6_phase1,0xFA,2760,0x0002,0x0003,0x0000,0x01,0x0074,0x0000,0x0000,actor_2c8,7,0x10C488,0x01,0xCA,0x00,0x00,0x02,0x00,0x00,0x00EE,0x02C9,0x0420,0x00,0x47,0x00,210,10,210:4047:02A9:0420:00ED|211:4047:02A9:0421:00DD|212:4047:02B9:0422:00ED|213:4047:02B9:0423:00DD|214:4047:02BA:0427:00E5|215:4047:02CA:0428:00E5
round6_phase1,0xFA,2760,0x0002,0x0003,0x0000,0x01,0x0074,0x0000,0x0000,actor_2c8,8,0x10C4C8,0x01,0x0B,0x00,0x00,0x0F,0x00,0x00,0x00D0,0x02C9,0x0A73,0x00,0x06,0x02,220,19,220:4000:02C9:0A76:00BF|221:4000:02B9:0A74:00BF|222:4000:02C9:0A75:00CF|223:4000:02B9:0A73:00CF
round6_phase1,0xFA,2762,0x0002,0x0003,0x0000,0x01,0x0074,0x0000,0x0000,actor_2c8,6,0x10C448,0x01,0x53,0x00,0x00,0x02,0x00,0x02,0x012A,0x02C9,0x00D0,0x00,0x44,0x00,200,10,200:4044:02C9:0019:0119|201:4044:02B9:00E5:0119|202:4044:02A9:00E3:0119|203:4044:02C9:0018:0129|204:4044:02B9:00E4:0129|205:4044:02A9:00E2:0129|206:4044:02C9:0017:0139|207:4044:02C9:001A:0109|208:4044:02B9:00E6:0109
round6_phase1,0xFA,2762,0x0002,0x0003,0x0000,0x01,0x0074,0x0000,0x0000,actor_2c8,7,0x10C488,0x01,0xCA,0x00,0x00,0x02,0x00,0x00,0x00EC,0x02C9,0x0420,0x00,0x47,0x00,210,10,210:4047:02A9:0420:00EB|211:4047:02A9:0421:00DB|212:4047:02B9:0422:00EB|213:4047:02B9:0423:00DB|214:4047:02BA:0427:00E3|215:4047:02CA:0428:00E3
round6_phase1,0xFA,2762,0x0002,0x0003,0x0000,0x01,0x0074,0x0000,0x0000,actor_2c8,8,0x10C4C8,0x01,0x0C,0x00,0x00,0x0F,0x00,0x00,0x00D0,0x02C9,0x0A73,0x00,0x06,0x02,220,19,220:4000:02C9:0A76:00BF|221:4000:02B9:0A74:00BF|222:4000:02C9:0A75:00CF|223:4000:02B9:0A73:00CF
round6_phase1,0xFA,2764,0x0002,0x0003,0x0000,0x01,0x0074,0x0000,0x0000,actor_2c8,7,0x10C488,0x01,0xCB,0x00,0x00,0x02,0x00,0x00,0x00EA,0x02C9,0x0420,0x00,0x47,0x00,210,10,210:4047:02A8:0420:00E9|211:4047:02A8:0421:00D9|212:4047:02B8:0422:00E9|213:4047:02B8:0423:00D9|214:4047:02B9:0429:00E1|215:4047:02C9:042A:00E1
round6_phase1,0xFA,2766,0x0002,0x0003,0x0000,0x01,0x0074,0x0000,0x0000,actor_2c8,6,0x10C448,0x01,0x53,0x00,0x00,0x02,0x00,0x02,0x0128,0x02C9,0x00D0,0x00,0x44,0x00,200,10,200:4044:02C9:0019:0117|201:4044:02B9:00E5:0117|202:4044:02A9:00E3:0117|203:4044:02C9:0018:0127|204:4044:02B9:00E4:0127|205:4044:02A9:00E2:0127|206:4044:02C9:0017:0137|207:4044:02C9:001A:0107|208:4044:02B9:00E6:0107
round6_phase1,0xFA,2766,0x0002,0x0003,0x0000,0x01,0x0074,0x0000,0x0000,actor_2c8,7,0x10C488,0x01,0xCB,0x00,0x00,0x02,0x00,0x00,0x00E8,0x02C9,0x0420,0x00,0x47,0x00,210,10,210:4047:02A8:0420:00E7|211:4047:02A8:0421:00D7|212:4047:02B8:0422:00E7|213:4047:02B8:0423:00D7|214:4047:02B9:0429:00DF|215:4047:02C9:042A:00DF
round6_phase1,0xFA,2768,0x0002,0x0003,0x0000,0x01,0x0074,0x0000,0x0000,actor_2c8,6,0x10C448,0x01,0x54,0x00,0x00,0x02,0x00,0x03,0x0128,0x02C9,0x00D0,0x00,0x44,0x00,200,10,200:4044:02C9:0019:0117|201:4044:02B9:00E5:0117|202:4044:02A9:00E3:0117|203:4044:02C9:0018:0127|204:4044:02B9:00E4:0127|205:4044:02A9:00E2:0127|206:4044:02C9:0017:0137|207:4044:02C9:001A:0107|208:4044:02B9:00E6:0107
round6_phase1,0xFA,2768,0x0002,0x0003,0x0000,0x01,0x0074,0x0000,0x0000,actor_2c8,8,0x10C4C8,0x01,0x0E,0x00,0x00,0x0F,0x00,0x00,0x00D0,0x02C9,0x0A73,0x00,0x06,0x02,220,19,220:4000:02D1:0A83:00B7|221:4000:02C1:0A80:00B7|222:4000:02B1:0A7D:00B7|223:4000:02D1:0A82:00C7|224:4000:02C1:0A7F:00C7|225:4000:02B1:0A7C:00C7|226:4000:02D1:0A81:00D7|227:4000:02C1:0A7E:00D7|228:4000:02B1:0A7B:00D7
round6_phase1,0xFA,2770,0x0002,0x0003,0x0000,0x01,0x0074,0x0000,0x0000,actor_2c8,6,0x10C448,0x01,0x55,0x00,0x00,0x02,0x00,0x04,0x0126,0x02C9,0x00D0,0x00,0x44,0x00,200,10,200:4044:02C9:0021:0115|201:4044:02B9:00DC:0115|202:4044:02A9:00DA:0115|203:4044:02C9:0020:0125|204:4044:02B9:00DB:0125|205:4044:02A9:00D9:0125|206:4044:02C9:001F:0135|207:4044:02C9:0022:0105|208:4044:02B9:00DD:0105
round6_phase1,0xFA,2770,0x0002,0x0003,0x0000,0x01,0x0074,0x0000,0x0000,actor_2c8,7,0x10C488,0x01,0xCB,0x00,0x00,0x02,0x00,0x00,0x00E4,0x02C9,0x0420,0x00,0x47,0x00,210,10,210:4047:02A8:0420:00E5|211:4047:02A8:0421:00D5|212:4047:02B8:0422:00E5|213:4047:02B8:0423:00D5|214:4047:02B9:0429:00DD|215:4047:02C9:042A:00DD
round6_phase1,0xFA,2770,0x0002,0x0003,0x0000,0x01,0x0074,0x0000,0x0000,actor_2c8,8,0x10C4C8,0x01,0x0E,0x00,0x00,0x0F,0x00,0x00,0x00D0,0x02C9,0x0A73,0x00,0x06,0x02,220,19,220:4000:02D1:0A8C:00B7|221:4000:02C1:0A89:00B7|222:4000:02B1:0A86:00B7|223:4000:02D1:0A8B:00C7|224:4000:02C1:0A88:00C7|225:4000:02B1:0A85:00C7|226:4000:02D1:0A8A:00D7|227:4000:02C1:0A87:00D7|228:4000:02B1:0A84:00D7
round6_phase1,0xFA,2772,0x0002,0x0003,0x0000,0x01,0x0074,0x0000,0x0000,actor_2c8,7,0x10C488,0x01,0xCC,0x00,0x00,0x02,0x00,0x00,0x00E2,0x02C9,0x0420,0x00,0x47,0x00,210,10,210:4047:02A9:0420:00E3|211:4047:02A9:0421:00D3|212:4047:02B9:0422:00E3|213:4047:02B9:0423:00D3|214:4047:02BA:0427:00DB|215:4047:02CA:0428:00DB
round6_phase1,0xFA,2772,0x0002,0x0003,0x0000,0x01,0x0074,0x0000,0x0000,actor_2c8,8,0x10C4C8,0x01,0x0F,0x00,0x00,0x0F,0x00,0x00,0x00D0,0x02C9,0x0A73,0x00,0x06,0x02,220,19,220:4000:02D1:0A94:00B7|221:4000:02C1:0A91:00B7|222:4000:02B1:0A8F:00B7|223:4000:02D1:0A93:00C7|224:4000:02B1:0A8E:00C7|225:4000:02D1:0A92:00D7|226:4000:02C1:0A90:00D7|227:4000:02B1:0A8D:00D7
round6_phase1,0xFA,2774,0x0002,0x0003,0x0000,0x01,0x0074,0x0000,0x0000,actor_2c8,6,0x10C448,0x01,0x55,0x00,0x00,0x02,0x00,0x04,0x0124,0x02C9,0x00D0,0x00,0x44,0x00,200,10,200:4044:02C9:0021:0113|201:4044:02B9:00DC:0113|202:4044:02A9:00DA:0113|203:4044:02C9:0020:0123|204:4044:02B9:00DB:0123|205:4044:02A9:00D9:0123|206:4044:02C9:001F:0133|207:4044:02C9:0022:0103|208:4044:02B9:00DD:0103
round6_phase1,0xFA,2774,0x0002,0x0003,0x0000,0x01,0x0074,0x0000,0x0000,actor_2c8,7,0x10C488,0x01,0xCC,0x00,0x00,0x02,0x00,0x00,0x00E0,0x02C9,0x0420,0x00,0x47,0x00,210,10,210:4047:02A9:0420:00E1|211:4047:02A9:0421:00D1|212:4047:02B9:0422:00E1|213:4047:02B9:0423:00D1|214:4047:02BA:0427:00D9|215:4047:02CA:0428:00D9
round6_phase1,0xFA,2774,0x0002,0x0003,0x0000,0x01,0x0074,0x0000,0x0000,actor_2c8,8,0x10C4C8,0x01,0x10,0x00,0x00,0x0F,0x00,0x00,0x00D0,0x02C9,0x0A73,0x00,0x06,0x02,220,19,220:4000:02D1:0A94:00B7|221:4000:02C1:0A91:00B7|222:4000:02B1:0A8F:00B7|223:4000:02D1:0A93:00C7|224:4000:02B1:0A8E:00C7|225:4000:02D1:0A92:00D7|226:4000:02C1:0A90:00D7|227:4000:02B1:0A8D:00D7
round6_phase1,0xFA,2776,0x0002,0x0003,0x0000,0x01,0x0074,0x0000,0x0000,actor_2c8,7,0x10C488,0x01,0xCC,0x00,0x00,0x02,0x00,0x00,0x00E0,0x02C9,0x0420,0x00,0x47,0x00,210,10,210:4047:02A9:0420:00DF|211:4047:02A9:0421:00CF|212:4047:02B9:0422:00DF|213:4047:02B9:0423:00CF|214:4047:02BA:0427:00D7|215:4047:02CA:0428:00D7
round6_phase1,0xFA,2776,0x0002,0x0003,0x0000,0x01,0x0074,0x0000,0x0000,actor_2c8,8,0x10C4C8,0x01,0x10,0x00,0x00,0x0F,0x00,0x00,0x00D0,0x02C9,0x0A73,0x00,0x06,0x02,220,19,220:4000:02D1:0A9D:00B7|221:4000:02C1:0A9A:00B7|222:4000:02B1:0A97:00B7|223:4000:02D1:0A9C:00C7|224:4000:02C1:0A99:00C7|225:4000:02B1:0A96:00C7|226:4000:02D1:0A9B:00D7|227:4000:02C1:0A98:00D7|228:4000:02B1:0A95:00D7
round6_phase1,0xFA,2778,0x0002,0x0003,0x0000,0x01,0x0074,0x0000,0x0000,actor_2c8,6,0x10C448,0x01,0x56,0x00,0x00,0x02,0x00,0x05,0x0122,0x02C9,0x00D0,0x00,0x44,0x00,200,10,200:4044:02C9:0025:0111|201:4044:02B9:00D3:0111|202:4044:02A9:00D1:0111|203:4044:02C9:0024:0121|204:4044:02B9:00D2:0121|205:4044:02A9:00D0:0121|206:4044:02C9:0023:0131|207:4044:02C9:0026:0101|208:4044:02B9:00D4:0101
round6_phase1,0xFA,2778,0x0002,0x0003,0x0000,0x01,0x0074,0x0000,0x0000,actor_2c8,7,0x10C488,0x01,0xCC,0x00,0x00,0x02,0x00,0x00,0x00DE,0x02C9,0x0420,0x00,0x47,0x00,210,10,210:4047:02A9:0420:00DD|211:4047:02A9:0421:00CD|212:4047:02B9:0422:00DD|213:4047:02B9:0423:00CD|214:4047:02BA:0427:00D5|215:4047:02CA:0428:00D5
round6_phase1,0xFA,2778,0x0002,0x0003,0x0000,0x01,0x0074,0x0000,0x0000,actor_2c8,8,0x10C4C8,0x01,0x11,0x00,0x00,0x0F,0x00,0x00,0x00D0,0x02C9,0x0A73,0x00,0x06,0x02,220,19,220:4000:02C9:0AA1:00BF|221:4000:02B9:0A9F:00BF|222:4000:02C9:0AA0:00CF|223:4000:02B9:0A9E:00CF
round6_phase1,0xFA,2780,0x0002,0x0003,0x0000,0x01,0x0074,0x0000,0x0000,actor_2c8,7,0x10C488,0x01,0xC9,0x00,0x00,0x02,0x00,0x00,0x00DC,0x02C9,0x0420,0x00,0x47,0x00,210,10,210:4047:02A8:0420:00DB|211:4047:02A8:0421:00CB|212:4047:02B8:0422:00DB|213:4047:02B8:0423:00CB|214:4047:02B9:0424:00D3|215:4047:02C9:0425:00DB|216:4047:02C9:0426:00CB
round6_phase1,0xFA,2780,0x0002,0x0003,0x0000,0x01,0x0074,0x0000,0x0000,actor_2c8,8,0x10C4C8,0x01,0x12,0x00,0x00,0x0F,0x00,0x00,0x00D0,0x02C9,0x0A73,0x00,0x06,0x02,220,19,220:4000:02C9:0AA1:00BF|221:4000:02B9:0A9F:00BF|222:4000:02C9:0AA0:00CF|223:4000:02B9:0A9E:00CF
round6_phase1,0xFA,2782,0x0002,0x0003,0x0000,0x01,0x0074,0x0000,0x0000,actor_2c8,6,0x10C448,0x01,0x56,0x00,0x00,0x02,0x00,0x05,0x0120,0x02C9,0x00D0,0x00,0x44,0x00,200,10,200:4044:02C9:0025:010F|201:4044:02B9:00D3:010F|202:4044:02A9:00D1:010F|203:4044:02C9:0024:011F|204:4044:02B9:00D2:011F|205:4044:02A9:00D0:011F|206:4044:02C9:0023:012F|207:4044:02C9:0026:00FF|208:4044:02B9:00D4:00FF
round6_phase1,0xFA,2782,0x0002,0x0003,0x0000,0x01,0x0074,0x0000,0x0000,actor_2c8,7,0x10C488,0x01,0xC9,0x00,0x00,0x02,0x00,0x00,0x00DA,0x02C9,0x0420,0x00,0x47,0x00,210,10,210:4047:02A8:0420:00D9|211:4047:02A8:0421:00C9|212:4047:02B8:0422:00D9|213:4047:02B8:0423:00C9|214:4047:02B9:0424:00D1|215:4047:02C9:0425:00D9|216:4047:02C9:0426:00C9
round6_phase1,0xFA,2782,0x0002,0x0003,0x0000,0x01,0x0074,0x0000,0x0000,actor_2c8,8,0x10C4C8,0x01,0x12,0x00,0x00,0x0F,0x00,0x00,0x00D0,0x02C9,0x0A73,0x00,0x06,0x02,220,19,220:4000:02C1:0AA2:00C7
round6_phase1,0xFA,2784,0x0002,0x0003,0x0000,0x01,0x0074,0x0000,0x0000,actor_2c8,7,0x10C488,0x01,0xC9,0x00,0x00,0x02,0x00,0x00,0x00D8,0x02C9,0x0420,0x00,0x47,0x00,210,10,210:4047:02A8:0420:00D7|211:4047:02A8:0421:00C7|212:4047:02B8:0422:00D7|213:4047:02B8:0423:00C7|214:4047:02B9:0424:00CF|215:4047:02C9:0425:00D7|216:4047:02C9:0426:00C7
round6_phase1,0xFA,2786,0x0002,0x0003,0x0000,0x01,0x0074,0x0000,0x0000,actor_2c8,6,0x10C448,0x01,0x52,0x00,0x00,0x02,0x00,0x01,0x011E,0x02C9,0x00D0,0x00,0x44,0x00,200,10,200:4044:02C9:0011:010F|201:4044:02B9:00D3:010F|202:4044:02A9:00D1:010F|203:4044:02C9:0010:011F|204:4044:02B9:00D2:011F|205:4044:02A9:00D0:011F|206:4044:02C9:000F:012F|207:4044:02C9:0012:00FF|208:4044:02B9:00D4:00FF
round6_phase1,0xFA,2788,0x0002,0x0003,0x0000,0x01,0x0074,0x0000,0x0000,actor_2c8,6,0x10C448,0x01,0x52,0x00,0x00,0x02,0x00,0x01,0x011E,0x02C9,0x00D0,0x00,0x44,0x00,200,10,200:4044:02C9:0015:010D|201:4044:02B9:00DC:010D|202:4044:02A9:00DA:010D|203:4044:02C9:0014:011D|204:4044:02B9:00DB:011D|205:4044:02A9:00D9:011D|206:4044:02C9:0013:012D|207:4044:02C9:0016:00FD|208:4044:02B9:00DD:00FD
round6_phase1,0xFA,2788,0x0002,0x0003,0x0000,0x01,0x0074,0x0000,0x0000,actor_2c8,7,0x10C488,0x01,0xCA,0x00,0x00,0x02,0x00,0x00,0x00D4,0x02C9,0x0420,0x00,0x47,0x00,210,10,210:4047:02A9:0420:00D5|211:4047:02A9:0421:00C5|212:4047:02B9:0422:00D5|213:4047:02B9:0423:00C5|214:4047:02BA:0427:00CD|215:4047:02CA:0428:00CD
round6_phase1,0xFA,2790,0x0002,0x0003,0x0000,0x01,0x0074,0x0000,0x0000,actor_2c8,7,0x10C488,0x01,0xCA,0x00,0x00,0x02,0x00,0x00,0x00D2,0x02C9,0x0420,0x00,0x47,0x00,210,10,210:4047:02A9:0420:00D3|211:4047:02A9:0421:00C3|212:4047:02B9:0422:00D3|213:4047:02B9:0423:00C3|214:4047:02BA:0427:00CB|215:4047:02CA:0428:00CB
round6_phase1,0xFA,2792,0x0002,0x0003,0x0000,0x01,0x0074,0x0000,0x0000,actor_2c8,6,0x10C448,0x01,0x52,0x00,0x00,0x02,0x00,0x01,0x011C,0x02C9,0x00D0,0x00,0x44,0x00,200,10,200:4044:02C9:0015:010B|201:4044:02B9:00DC:010B|202:4044:02A9:00DA:010B|203:4044:02C9:0014:011B|204:4044:02B9:00DB:011B|205:4044:02A9:00D9:011B|206:4044:02C9:0013:012B|207:4044:02C9:0016:00FB|208:4044:02B9:00DD:00FB
round6_phase1,0xFA,2792,0x0002,0x0003,0x0000,0x01,0x0074,0x0000,0x0000,actor_2c8,7,0x10C488,0x01,0xCA,0x00,0x00,0x02,0x00,0x00,0x00D0,0x02C9,0x0420,0x00,0x47,0x00,210,10,210:4047:02A9:0420:00D1|211:4047:02A9:0421:00C1|212:4047:02B9:0422:00D1|213:4047:02B9:0423:00C1|214:4047:02BA:0427:00C9|215:4047:02CA:0428:00C9
round6_phase1,0xFA,2794,0x0002,0x0003,0x0000,0x01,0x0074,0x0000,0x0000,actor_2c8,6,0x10C448,0x01,0x53,0x00,0x00,0x02,0x00,0x02,0x011A,0x02C9,0x00D0,0x00,0x44,0x00,200,10,200:4044:02C9:0015:010B|201:4044:02B9:00DC:010B|202:4044:02A9:00DA:010B|203:4044:02C9:0014:011B|204:4044:02B9:00DB:011B|205:4044:02A9:00D9:011B|206:4044:02C9:0013:012B|207:4044:02C9:0016:00FB|208:4044:02B9:00DD:00FB
round6_phase1,0xFA,2794,0x0002,0x0003,0x0000,0x01,0x0074,0x0000,0x0000,actor_2c8,7,0x10C488,0x01,0xCA,0x00,0x00,0x02,0x00,0x00,0x00D0,0x02C9,0x0420,0x00,0x47,0x00,210,10,210:4047:02A9:0420:00CF|211:4047:02A9:0421:00BF|212:4047:02B9:0422:00CF|213:4047:02B9:0423:00BF|214:4047:02BA:0427:00C7|215:4047:02CA:0428:00C7
round6_phase1,0xFA,2796,0x0002,0x0003,0x0000,0x01,0x0074,0x0000,0x0000,actor_2c8,6,0x10C448,0x01,0x53,0x00,0x00,0x02,0x00,0x02,0x011A,0x02C9,0x00D0,0x00,0x44,0x00,200,10,200:4044:02C9:0019:0109|201:4044:02B9:00E5:0109|202:4044:02A9:00E3:0109|203:4044:02C9:0018:0119|204:4044:02B9:00E4:0119|205:4044:02A9:00E2:0119|206:4044:02C9:0017:0129|207:4044:02C9:001A:00F9|208:4044:02B9:00E6:00F9
round6_phase1,0xFA,2796,0x0002,0x0003,0x0000,0x01,0x0074,0x0000,0x0000,actor_2c8,7,0x10C488,0x01,0xC9,0x00,0x00,0x1F,0x00,0x00,0x00D0,0x02C9,0x0420,0x00,0x47,0x00,210,10,210:4047:02A8:0420:00CF|211:4047:02A8:0421:00BF|212:4047:02B8:0422:00CF|213:4047:02B8:0423:00BF|214:4047:02B9:0424:00C7|215:4047:02C9:0425:00CF|216:4047:02C9:0426:00BF
round6_phase1,0xFA,2798,0x0002,0x0003,0x0000,0x01,0x0074,0x0000,0x0000,actor_2c8,7,0x10C488,0x01,0xCD,0x00,0x00,0x1F,0x00,0x00,0x00D0,0x02C9,0x0420,0x00,0x47,0x00,210,10,210:4047:02A8:0420:00CF|211:4047:02A8:0421:00BF|212:4047:02B8:0422:00CF|213:4047:02B8:0423:00BF|214:4047:02B9:0424:00C7|215:4047:02C9:0425:00CF|216:4047:02C9:0426:00BF
round6_phase1,0xFA,2800,0x0002,0x0003,0x0000,0x01,0x0074,0x0000,0x0000,actor_2c8,4,0x10C3C8,0x01,0xDF,0x00,0x00,0x02,0x00,0x00,0x013E,0x02C9,0x03B3,0x00,0x48,0x00,180,10,
round6_phase1,0xFA,2800,0x0002,0x0003,0x0000,0x01,0x0074,0x0000,0x0000,actor_2c8,6,0x10C448,0x01,0x53,0x00,0x00,0x02,0x00,0x02,0x0118,0x02C9,0x00D0,0x00,0x44,0x00,200,10,200:4044:02C9:0019:0107|201:4044:02B9:00E5:0107|202:4044:02A9:00E3:0107|203:4044:02C9:0018:0117|204:4044:02B9:00E4:0117|205:4044:02A9:00E2:0117|206:4044:02C9:0017:0127|207:4044:02C9:001A:00F7|208:4044:02B9:00E6:00F7
round6_phase1,0xFA,2800,0x0002,0x0003,0x0000,0x01,0x0074,0x0000,0x0000,actor_2c8,7,0x10C488,0x01,0xCD,0x00,0x00,0x1F,0x00,0x00,0x00D0,0x02C9,0x0420,0x00,0x47,0x00,210,10,210:4047:02A8:042D:00CF|211:4047:02A8:042E:00BF|212:4047:02B8:042F:00CF|213:4047:02B8:0430:00BF|214:4047:02B9:0424:00C7|215:4047:02C9:0425:00CF|216:4047:02C9:0426:00BF
round6_phase1,0xFA,2802,0x0002,0x0003,0x0000,0x01,0x0074,0x0000,0x0000,actor_2c8,4,0x10C3C8,0x01,0xDF,0x00,0x00,0x02,0x00,0x00,0x013C,0x02C9,0x03B3,0x00,0x48,0x00,180,10,180:4048:02A9:03D6:013D|181:4048:02A9:03D7:012D|182:4048:02B9:03D8:013D|183:4048:02B9:03D9:012D|184:4048:02B9:03DF:0135|185:4048:02C9:03E0:013D|186:4048:02C9:03E1:012D
round6_phase1,0xFA,2802,0x0002,0x0003,0x0000,0x01,0x0074,0x0000,0x0000,actor_2c8,6,0x10C448,0x01,0x54,0x00,0x00,0x02,0x00,0x03,0x0118,0x02C9,0x00D0,0x00,0x44,0x00,200,10,200:4044:02C9:0019:0107|201:4044:02B9:00E5:0107|202:4044:02A9:00E3:0107|203:4044:02C9:0018:0117|204:4044:02B9:00E4:0117|205:4044:02A9:00E2:0117|206:4044:02C9:0017:0127|207:4044:02C9:001A:00F7|208:4044:02B9:00E6:00F7
round6_phase1,0xFA,2802,0x0002,0x0003,0x0000,0x01,0x0074,0x0000,0x0000,actor_2c8,7,0x10C488,0x01,0xCE,0x00,0x00,0x1F,0x00,0x00,0x00D0,0x02C9,0x0420,0x00,0x47,0x00,210,10,210:4047:02A8:0431:00CF|211:4047:02A8:0432:00BF|212:4047:02B8:0433:00CF|213:4047:02B8:0434:00BF|214:4047:02B9:0424:00C7|215:4047:02C9:0425:00CF|216:4047:02C9:0426:00BF
round6_phase1,0xFA,2804,0x0002,0x0003,0x0000,0x01,0x0074,0x0000,0x0000,actor_2c8,4,0x10C3C8,0x01,0xE0,0x00,0x00,0x02,0x00,0x00,0x013A,0x02C9,0x03B3,0x00,0x48,0x00,180,10,180:4048:02AA:03D6:013B|181:4048:02AA:03D7:012B|182:4048:02BA:03D8:013B|183:4048:02BA:03D9:012B|184:4048:02BA:03E2:0133|185:4048:02CA:03E3:0132
round6_phase1,0xFA,2804,0x0002,0x0003,0x0000,0x01,0x0074,0x0000,0x0000,actor_2c8,6,0x10C448,0x01,0x55,0x00,0x00,0x02,0x00,0x04,0x0116,0x02C9,0x00D0,0x00,0x44,0x00,200,10,200:4044:02C9:0021:0105|201:4044:02B9:00DC:0105|202:4044:02A9:00DA:0105|203:4044:02C9:0020:0115|204:4044:02B9:00DB:0115|205:4044:02A9:00D9:0115|206:4044:02C9:001F:0125|207:4044:02C9:0022:00F5|208:4044:02B9:00DD:00F5
round6_phase1,0xFA,2804,0x0002,0x0003,0x0000,0x01,0x0074,0x0000,0x0000,actor_2c8,7,0x10C488,0x01,0xCF,0x00,0x00,0x1F,0x00,0x00,0x00D0,0x02C9,0x0420,0x00,0x47,0x00,210,10,210:4047:02A8:0431:00CF|211:4047:02A8:0432:00BF|212:4047:02B8:0433:00CF|213:4047:02B8:0434:00BF|214:4047:02B9:0424:00C7|215:4047:02C9:0425:00CF|216:4047:02C9:0426:00BF
round6_phase1,0xFA,2806,0x0002,0x0003,0x0000,0x01,0x0074,0x0000,0x0000,actor_2c8,4,0x10C3C8,0x01,0xE0,0x00,0x00,0x02,0x00,0x00,0x0138,0x02C9,0x03B3,0x00,0x48,0x00,180,10,180:4048:02AA:03D6:0139|181:4048:02AA:03D7:0129|182:4048:02BA:03D8:0139|183:4048:02BA:03D9:0129|184:4048:02BA:03E2:0131|185:4048:02CA:03E3:0130
round6_phase1,0xFA,2806,0x0002,0x0003,0x0000,0x01,0x0074,0x0000,0x0000,actor_2c8,7,0x10C488,0x01,0xCF,0x00,0x00,0x1F,0x00,0x00,0x00D0,0x02C9,0x0420,0x00,0x47,0x00,210,10,210:4047:02A8:0435:00CF|211:4047:02A8:0436:00BF|212:4047:02A8:0437:00AF|213:4047:02B8:0438:00CF|214:4047:02B8:0439:00BF|215:4047:02B9:0424:00C7|216:4047:02C9:0425:00CF|217:4047:02C9:0426:00BF
round6_phase1,0xFA,2808,0x0002,0x0003,0x0000,0x01,0x0074,0x0000,0x0000,actor_2c8,4,0x10C3C8,0x01,0xE0,0x00,0x00,0x02,0x00,0x00,0x0138,0x02C9,0x03B3,0x00,0x48,0x00,180,10,180:4048:02AA:03D6:0137|181:4048:02AA:03D7:0127|182:4048:02BA:03D8:0137|183:4048:02BA:03D9:0127|184:4048:02BA:03E2:012F|185:4048:02CA:03E3:012E
round6_phase1,0xFA,2808,0x0002,0x0003,0x0000,0x01,0x0074,0x0000,0x0000,actor_2c8,6,0x10C448,0x01,0x55,0x00,0x00,0x02,0x00,0x04,0x0114,0x02C9,0x00D0,0x00,0x44,0x00,200,10,200:4044:02C9:0021:0103|201:4044:02B9:00DC:0103|202:4044:02A9:00DA:0103|203:4044:02C9:0020:0113|204:4044:02B9:00DB:0113|205:4044:02A9:00D9:0113|206:4044:02C9:001F:0123|207:4044:02C9:0022:00F3|208:4044:02B9:00DD:00F3
round6_phase1,0xFA,2810,0x0002,0x0003,0x0000,0x01,0x0074,0x0000,0x0000,actor_2c8,4,0x10C3C8,0x01,0xE0,0x00,0x00,0x02,0x00,0x00,0x0136,0x02C9,0x03B3,0x00,0x48,0x00,180,10,180:4048:02AA:03D6:0135|181:4048:02AA:03D7:0125|182:4048:02BA:03D8:0135|183:4048:02BA:03D9:0125|184:4048:02BA:03E2:012D|185:4048:02CA:03E3:012C
round6_phase1,0xFA,2810,0x0002,0x0003,0x0000,0x01,0x0074,0x0000,0x0000,actor_2c8,7,0x10C488,0x01,0xC9,0x00,0x00,0x1F,0x00,0x00,0x00D0,0x02C9,0x0420,0x00,0x47,0x00,210,10,210:4047:02A8:0435:00CF|211:4047:02A8:0436:00BF|212:4047:02A8:0437:00AF|213:4047:02B8:0438:00CF|214:4047:02B8:0439:00BF|215:4047:02B9:0424:00C7|216:4047:02C9:0425:00CF|217:4047:02C9:0426:00BF
round6_phase1,0xFA,2812,0x0002,0x0003,0x0000,0x01,0x0074,0x0000,0x0000,actor_2c8,4,0x10C3C8,0x01,0xDD,0x00,0x00,0x02,0x00,0x00,0x0134,0x02C9,0x03B3,0x00,0x48,0x00,180,10,180:4048:02A9:03D6:0133|181:4048:02A9:03D7:0123|182:4048:02B9:03D8:0133|183:4048:02B9:03D9:0123|184:4048:02B9:03DA:012B|185:4048:02C9:03DB:0133|186:4048:02C9:03DC:0123
round6_phase1,0xFA,2812,0x0002,0x0003,0x0000,0x01,0x0074,0x0000,0x0000,actor_2c8,6,0x10C448,0x01,0x56,0x00,0x00,0x02,0x00,0x05,0x0112,0x02C9,0x00D0,0x00,0x44,0x00,200,10,200:4044:02C9:0025:0101|201:4044:02B9:00D3:0101|202:4044:02A9:00D1:0101|203:4044:02C9:0024:0111|204:4044:02B9:00D2:0111|205:4044:02A9:00D0:0111|206:4044:02C9:0023:0121|207:4044:02C9:0026:00F1|208:4044:02B9:00D4:00F1
round6_phase1,0xFA,2814,0x0002,0x0003,0x0000,0x01,0x0074,0x0000,0x0000,actor_2c8,4,0x10C3C8,0x01,0xDD,0x00,0x00,0x02,0x00,0x00,0x0132,0x02C9,0x03B3,0x00,0x48,0x00,180,10,180:4048:02A9:03D6:0131|181:4048:02A9:03D7:0121|182:4048:02B9:03D8:0131|183:4048:02B9:03D9:0121|184:4048:02B9:03DA:0129|185:4048:02C9:03DB:0131|186:4048:02C9:03DC:0121
round6_phase1,0xFA,2816,0x0002,0x0003,0x0000,0x01,0x0074,0x0000,0x0000,actor_2c8,4,0x10C3C8,0x01,0xDD,0x00,0x00,0x02,0x00,0x00,0x0130,0x02C9,0x03B3,0x00,0x48,0x00,180,10,180:4048:02A9:03D6:012F|181:4048:02A9:03D7:011F|182:4048:02B9:03D8:012F|183:4048:02B9:03D9:011F|184:4048:02B9:03DA:0127|185:4048:02C9:03DB:012F|186:4048:02C9:03DC:011F
round6_phase1,0xFA,2816,0x0002,0x0003,0x0000,0x01,0x0074,0x0000,0x0000,actor_2c8,6,0x10C448,0x01,0x56,0x00,0x00,0x02,0x00,0x05,0x0110,0x02C9,0x00D0,0x00,0x44,0x00,200,10,200:4044:02C9:0025:00FF|201:4044:02B9:00D3:00FF|202:4044:02A9:00D1:00FF|203:4044:02C9:0024:010F|204:4044:02B9:00D2:010F|205:4044:02A9:00D0:010F|206:4044:02C9:0023:011F|207:4044:02C9:0026:00EF|208:4044:02B9:00D4:00EF
round6_phase1,0xFA,2820,0x0002,0x0003,0x0000,0x01,0x0074,0x0000,0x0000,actor_2c8,4,0x10C3C8,0x01,0xDE,0x00,0x00,0x02,0x00,0x00,0x012C,0x02C9,0x03B3,0x00,0x48,0x00,180,10,180:4048:02AA:03D6:012D|181:4048:02AA:03D7:011D|182:4048:02BA:03D8:012D|183:4048:02BA:03D9:011D|184:4048:02BA:03DD:0125|185:4048:02CA:03DE:0125
round6_phase1,0xFA,2820,0x0002,0x0003,0x0000,0x01,0x0074,0x0000,0x0000,actor_2c8,6,0x10C448,0x01,0x52,0x00,0x00,0x02,0x00,0x01,0x010E,0x02C9,0x00D0,0x00,0x44,0x00,200,10,200:4044:02C9:0011:00FF|201:4044:02B9:00D3:00FF|202:4044:02A9:00D1:00FF|203:4044:02C9:0010:010F|204:4044:02B9:00D2:010F|205:4044:02A9:00D0:010F|206:4044:02C9:000F:011F|207:4044:02C9:0012:00EF|208:4044:02B9:00D4:00EF
round6_phase1,0xFA,2822,0x0002,0x0003,0x0000,0x01,0x0074,0x0000,0x0000,actor_2c8,4,0x10C3C8,0x01,0xDE,0x00,0x00,0x02,0x00,0x00,0x012A,0x02C9,0x03B3,0x00,0x48,0x00,180,10,180:4048:02AA:03D6:012B|181:4048:02AA:03D7:011B|182:4048:02BA:03D8:012B|183:4048:02BA:03D9:011B|184:4048:02BA:03DD:0123|185:4048:02CA:03DE:0123
round6_phase1,0xFA,2822,0x0002,0x0003,0x0000,0x01,0x0074,0x0000,0x0000,actor_2c8,6,0x10C448,0x01,0x52,0x00,0x00,0x02,0x00,0x01,0x010E,0x02C9,0x00D0,0x00,0x44,0x00,200,10,200:4044:02C9:0015:00FD|201:4044:02B9:00DC:00FD|202:4044:02A9:00DA:00FD|203:4044:02C9:0014:010D|204:4044:02B9:00DB:010D|205:4044:02A9:00D9:010D|206:4044:02C9:0013:011D|207:4044:02C9:0016:00ED|208:4044:02B9:00DD:00ED
round6_phase1,0xFA,2822,0x0002,0x0003,0x0000,0x01,0x0074,0x0000,0x0000,actor_2c8,7,0x10C488,0x01,0xCE,0x00,0x00,0x1F,0x00,0x00,0x00D0,0x02C9,0x0420,0x00,0x47,0x00,210,10,210:4047:02A8:042D:00CF|211:4047:02A8:042E:00BF|212:4047:02B8:042F:00CF|213:4047:02B8:0430:00BF|214:4047:02B9:0424:00C7|215:4047:02C9:0425:00CF|216:4047:02C9:0426:00BF
round6_phase1,0xFA,2824,0x0002,0x0003,0x0000,0x01,0x0074,0x0000,0x0000,actor_2c8,4,0x10C3C8,0x01,0xDE,0x00,0x00,0x02,0x00,0x00,0x0128,0x02C9,0x03B3,0x00,0x48,0x00,180,10,180:4048:02AA:03D6:0129|181:4048:02AA:03D7:0119|182:4048:02BA:03D8:0129|183:4048:02BA:03D9:0119|184:4048:02BA:03DD:0121|185:4048:02CA:03DE:0121
round6_phase1,0xFA,2826,0x0002,0x0003,0x0000,0x01,0x0074,0x0000,0x0000,actor_2c8,4,0x10C3C8,0x01,0xDE,0x00,0x00,0x02,0x00,0x00,0x0126,0x02C9,0x03B3,0x00,0x48,0x00,180,10,180:4048:02AA:03D6:0126|181:4048:02AA:03D7:0116|182:4048:02BA:03D8:0126|183:4048:02BA:03D9:0116|184:4048:02BA:03DD:011E|185:4048:02CA:03DE:011E
round6_phase1,0xFA,2826,0x0002,0x0003,0x0000,0x01,0x0074,0x0000,0x0000,actor_2c8,6,0x10C448,0x01,0x52,0x00,0x00,0x02,0x00,0x01,0x010A,0x02C9,0x00D0,0x00,0x44,0x00,200,10,200:4044:02C9:0015:00FA|201:4044:02B9:00DC:00FA|202:4044:02A9:00DA:00FA|203:4044:02C9:0014:010A|204:4044:02B9:00DB:010A|205:4044:02A9:00D9:010A|206:4044:02C9:0013:011A|207:4044:02C9:0016:00EA|208:4044:02B9:00DD:00EA
round6_phase1,0xFA,2826,0x0002,0x0003,0x0000,0x01,0x0074,0x0000,0x0000,actor_2c8,7,0x10C488,0x01,0xCF,0x00,0x00,0x1F,0x00,0x00,0x00CE,0x02C9,0x0420,0x00,0x47,0x00,210,10,210:4047:02A8:0435:00CE|211:4047:02A8:0436:00BE|212:4047:02A8:0437:00AE|213:4047:02B8:0438:00CE|214:4047:02B8:0439:00BE|215:4047:02B9:0424:00C6|216:4047:02C9:0425:00CE|217:4047:02C9:0426:00BE
round6_phase1,0xFA,2828,0x0002,0x0003,0x0000,0x01,0x0074,0x0000,0x0000,actor_2c8,4,0x10C3C8,0x01,0xDF,0x00,0x00,0x02,0x00,0x00,0x0122,0x02C9,0x03B3,0x00,0x48,0x00,180,10,180:4048:02A9:03D6:0122|181:4048:02A9:03D7:0112|182:4048:02B9:03D8:0122|183:4048:02B9:03D9:0112|184:4048:02B9:03DF:011A|185:4048:02C9:03E0:0122|186:4048:02C9:03E1:0112
round6_phase1,0xFA,2828,0x0002,0x0003,0x0000,0x01,0x0074,0x0000,0x0000,actor_2c8,6,0x10C448,0x01,0x53,0x00,0x00,0x02,0x00,0x02,0x0106,0x02C9,0x00D0,0x00,0x44,0x00,200,10,200:4044:02C9:0015:00F8|201:4044:02B9:00DC:00F8|202:4044:02A9:00DA:00F8|203:4044:02C9:0014:0108|204:4044:02B9:00DB:0108|205:4044:02A9:00D9:0108|206:4044:02C9:0013:0118|207:4044:02C9:0016:00E8|208:4044:02B9:00DD:00E8
round6_phase1,0xFA,2828,0x0002,0x0003,0x0000,0x01,0x0074,0x0000,0x0000,actor_2c8,7,0x10C488,0x01,0xCF,0x00,0x00,0x1F,0x00,0x00,0x00CC,0x02C9,0x0420,0x00,0x47,0x00,210,10,210:4047:02A8:0435:00CC|211:4047:02A8:0436:00BC|212:4047:02A8:0437:00AC|213:4047:02B8:0438:00CC|214:4047:02B8:0439:00BC|215:4047:02B9:0424:00C4|216:4047:02C9:0425:00CC|217:4047:02C9:0426:00BC
round6_phase1,0xFA,2830,0x0002,0x0003,0x0000,0x01,0x0074,0x0000,0x0000,actor_2c8,4,0x10C3C8,0x01,0xDF,0x00,0x00,0x02,0x00,0x00,0x011E,0x02C9,0x03B3,0x00,0x48,0x00,180,10,180:4048:02A9:03D6:011E|181:4048:02A9:03D7:010E|182:4048:02B9:03D8:011E|183:4048:02B9:03D9:010E|184:4048:02B9:03DF:0116|185:4048:02C9:03E0:011E|186:4048:02C9:03E1:010E
round6_phase1,0xFA,2830,0x0002,0x0003,0x0000,0x01,0x0074,0x0000,0x0000,actor_2c8,6,0x10C448,0x01,0x53,0x00,0x00,0x02,0x00,0x02,0x0104,0x02C9,0x00D0,0x00,0x44,0x00,200,10,200:4044:02C9:0019:00F4|201:4044:02B9:00E5:00F4|202:4044:02A9:00E3:00F4|203:4044:02C9:0018:0104|204:4044:02B9:00E4:0104|205:4044:02A9:00E2:0104|206:4044:02C9:0017:0114|207:4044:02C9:001A:00E4|208:4044:02B9:00E6:00E4
round6_phase1,0xFA,2830,0x0002,0x0003,0x0000,0x01,0x0074,0x0000,0x0000,actor_2c8,7,0x10C488,0x01,0xCF,0x00,0x00,0x1F,0x00,0x00,0x00CA,0x02C9,0x0420,0x00,0x47,0x00,210,10,210:4047:02A8:0435:00CA|211:4047:02A8:0436:00BA|212:4047:02A8:0437:00AA|213:4047:02B8:0438:00CA|214:4047:02B8:0439:00BA|215:4047:02B9:0424:00C2|216:4047:02C9:0425:00CA|217:4047:02C9:0426:00BA
round6_phase1,0xFA,2832,0x0002,0x0003,0x0000,0x01,0x0074,0x0000,0x0000,actor_2c8,4,0x10C3C8,0x01,0xDF,0x00,0x00,0x02,0x00,0x00,0x011A,0x02C9,0x03B3,0x00,0x48,0x00,180,10,180:4048:02A9:03D6:011A|181:4048:02A9:03D7:010A|182:4048:02B9:03D8:011A|183:4048:02B9:03D9:010A|184:4048:02B9:03DF:0112|185:4048:02C9:03E0:011A|186:4048:02C9:03E1:010A
round6_phase1,0xFA,2832,0x0002,0x0003,0x0000,0x01,0x0074,0x0000,0x0000,actor_2c8,6,0x10C448,0x01,0x53,0x00,0x00,0x02,0x00,0x02,0x0100,0x02C9,0x00D0,0x00,0x44,0x00,200,10,200:4044:02C9:0019:00F2|201:4044:02B9:00E5:00F2|202:4044:02A9:00E3:00F2|203:4044:02C9:0018:0102|204:4044:02B9:00E4:0102|205:4044:02A9:00E2:0102|206:4044:02C9:0017:0112|207:4044:02C9:001A:00E2|208:4044:02B9:00E6:00E2
round6_phase1,0xFA,2832,0x0002,0x0003,0x0000,0x01,0x0074,0x0000,0x0000,actor_2c8,7,0x10C488,0x01,0xC9,0x00,0x00,0x1F,0x00,0x00,0x00C8,0x02C9,0x0420,0x00,0x47,0x00,210,10,210:4047:02A8:0420:00C8|211:4047:02A8:0421:00B8|212:4047:02B8:0422:00C8|213:4047:02B8:0423:00B8|214:4047:02B9:0424:00C0|215:4047:02C9:0425:00C8|216:4047:02C9:0426:00B8
round6_phase1,0xFA,2834,0x0002,0x0003,0x0000,0x01,0x0074,0x0000,0x0000,actor_2c8,4,0x10C3C8,0x01,0xDF,0x00,0x00,0x02,0x00,0x00,0x0118,0x02C9,0x03B3,0x00,0x48,0x00,180,10,180:4048:02A9:03D6:0117|181:4048:02A9:03D7:0107|182:4048:02B9:03D8:0117|183:4048:02B9:03D9:0107|184:4048:02B9:03DF:010F|185:4048:02C9:03E0:0117|186:4048:02C9:03E1:0107
round6_phase1,0xFA,2834,0x0002,0x0003,0x0000,0x01,0x0074,0x0000,0x0000,actor_2c8,6,0x10C448,0x01,0x53,0x00,0x00,0x02,0x00,0x02,0x0100,0x02C9,0x00D0,0x00,0x44,0x00,200,10,200:4044:02C9:0019:00EF|201:4044:02B9:00E5:00EF|202:4044:02A9:00E3:00EF|203:4044:02C9:0018:00FF|204:4044:02B9:00E4:00FF|205:4044:02A9:00E2:00FF|206:4044:02C9:0017:010F|207:4044:02C9:001A:00DF|208:4044:02B9:00E6:00DF
round6_phase1,0xFA,2834,0x0002,0x0003,0x0000,0x01,0x0074,0x0000,0x0000,actor_2c8,7,0x10C488,0x01,0xC9,0x00,0x00,0x1F,0x00,0x00,0x00C8,0x02C9,0x0420,0x00,0x47,0x00,210,10,210:4047:02A8:0420:00C7|211:4047:02A8:0421:00B7|212:4047:02B8:0422:00C7|213:4047:02B8:0423:00B7|214:4047:02B9:0424:00BF|215:4047:02C9:0425:00C7|216:4047:02C9:0426:00B7
round6_phase1,0xFA,2836,0x0002,0x0003,0x0000,0x01,0x0074,0x0000,0x0000,actor_2c8,4,0x10C3C8,0x01,0xE0,0x00,0x00,0x02,0x00,0x00,0x0116,0x02C9,0x03B3,0x00,0x48,0x00,180,10,180:4048:02AA:03D6:0117|181:4048:02AA:03D7:0107|182:4048:02BA:03D8:0117|183:4048:02BA:03D9:0107|184:4048:02BA:03E2:010F|185:4048:02CA:03E3:010E
round6_phase1,0xFA,2836,0x0002,0x0003,0x0000,0x01,0x0074,0x0000,0x0000,actor_2c8,6,0x10C448,0x01,0x54,0x00,0x00,0x02,0x00,0x03,0x0100,0x02C9,0x00D0,0x00,0x44,0x00,200,10,200:4044:02C9:0019:00EF|201:4044:02B9:00E5:00EF|202:4044:02A9:00E3:00EF|203:4044:02C9:0018:00FF|204:4044:02B9:00E4:00FF|205:4044:02A9:00E2:00FF|206:4044:02C9:0017:010F|207:4044:02C9:001A:00DF|208:4044:02B9:00E6:00DF
round6_phase1,0xFA,2836,0x0002,0x0003,0x0000,0x01,0x0074,0x0000,0x0000,actor_2c8,7,0x10C488,0x01,0xCC,0x01,0x00,0x01,0x00,0x00,0x00C8,0x02C9,0x0420,0x01,0x47,0x00,210,10,210:4047:02A9:0420:00C5|211:4047:02A9:0421:00B5|212:4047:02B9:0422:00C5|213:4047:02B9:0423:00B5|214:4047:02BA:0427:00BD|215:4047:02CA:0428:00BD
round6_phase1,0xFA,2838,0x0002,0x0003,0x0000,0x01,0x0074,0x0000,0x0000,actor_2c8,4,0x10C3C8,0x01,0xE0,0x00,0x00,0x02,0x00,0x00,0x0114,0x02C9,0x03B3,0x00,0x48,0x00,180,10,180:4048:02AA:03D6:0115|181:4048:02AA:03D7:0105|182:4048:02BA:03D8:0115|183:4048:02BA:03D9:0105|184:4048:02BA:03E2:010D|185:4048:02CA:03E3:010C
round6_phase1,0xFA,2838,0x0002,0x0003,0x0000,0x01,0x0074,0x0000,0x0000,actor_2c8,6,0x10C448,0x01,0x55,0x00,0x00,0x02,0x00,0x04,0x00FE,0x02C9,0x00D0,0x00,0x44,0x00,200,10,200:4044:02C9:0021:00ED|201:4044:02B9:00DC:00ED|202:4044:02A9:00DA:00ED|203:4044:02C9:0020:00FD|204:4044:02B9:00DB:00FD|205:4044:02A9:00D9:00FD|206:4044:02C9:001F:010D|207:4044:02C9:0022:00DD|208:4044:02B9:00DD:00DD
round6_phase1,0xFA,2838,0x0002,0x0003,0x0000,0x01,0x0074,0x0000,0x0000,actor_2c8,7,0x10C488,0x01,0xCC,0x01,0x00,0x01,0x00,0x00,0x00CC,0x02C9,0x0420,0x01,0x47,0x00,210,10,210:4047:02A9:0420:00C9|211:4047:02A9:0421:00B9|212:4047:02B9:0422:00C9|213:4047:02B9:0423:00B9|214:4047:02BA:0427:00C1|215:4047:02CA:0428:00C1
round6_phase1,0xFA,2840,0x0002,0x0003,0x0000,0x01,0x0074,0x0000,0x0000,actor_2c8,4,0x10C3C8,0x01,0xE0,0x00,0x00,0x02,0x00,0x00,0x0112,0x02C9,0x03B3,0x00,0x48,0x00,180,10,180:4048:02AA:03D6:0113|181:4048:02AA:03D7:0103|182:4048:02BA:03D8:0113|183:4048:02BA:03D9:0103|184:4048:02BA:03E2:010B|185:4048:02CA:03E3:010A
round6_phase1,0xFA,2840,0x0002,0x0003,0x0000,0x01,0x0074,0x0000,0x0000,actor_2c8,7,0x10C488,0x01,0xCC,0x01,0x00,0x01,0x00,0x00,0x00CE,0x02C9,0x0420,0x01,0x47,0x00,210,10,210:4047:02A9:0420:00CD|211:4047:02A9:0421:00BD|212:4047:02B9:0422:00CD|213:4047:02B9:0423:00BD|214:4047:02BA:0427:00C5|215:4047:02CA:0428:00C5
round6_phase1,0xFA,2842,0x0002,0x0003,0x0000,0x01,0x0074,0x0000,0x0000,actor_2c8,4,0x10C3C8,0x01,0xE0,0x00,0x00,0x02,0x00,0x00,0x0110,0x02C9,0x03B3,0x00,0x48,0x00,180,10,180:4048:02AA:03D6:0111|181:4048:02AA:03D7:0101|182:4048:02BA:03D8:0111|183:4048:02BA:03D9:0101|184:4048:02BA:03E2:0109|185:4048:02CA:03E3:0108
round6_phase1,0xFA,2842,0x0002,0x0003,0x0000,0x01,0x0074,0x0000,0x0000,actor_2c8,6,0x10C448,0x01,0x55,0x00,0x00,0x02,0x00,0x04,0x00FC,0x02C9,0x00D0,0x00,0x44,0x00,200,10,200:4044:02C9:0021:00EB|201:4044:02B9:00DC:00EB|202:4044:02A9:00DA:00EB|203:4044:02C9:0020:00FB|204:4044:02B9:00DB:00FB|205:4044:02A9:00D9:00FB|206:4044:02C9:001F:010B|207:4044:02C9:0022:00DB|208:4044:02B9:00DD:00DB
round6_phase1,0xFA,2842,0x0002,0x0003,0x0000,0x01,0x0074,0x0000,0x0000,actor_2c8,7,0x10C488,0x01,0xCC,0x01,0x00,0x01,0x00,0x00,0x00D2,0x02C9,0x0420,0x01,0x47,0x00,210,10,210:4047:02A9:0420:00CF|211:4047:02A9:0421:00BF|212:4047:02B9:0422:00CF|213:4047:02B9:0423:00BF|214:4047:02BA:0427:00C7|215:4047:02CA:0428:00C7
round6_phase1,0xFA,2844,0x0002,0x0003,0x0000,0x01,0x0074,0x0000,0x0000,actor_2c8,4,0x10C3C8,0x01,0xDD,0x00,0x00,0x02,0x00,0x00,0x0110,0x02C9,0x03B3,0x00,0x48,0x00,180,10,180:4048:02A9:03D6:010F|181:4048:02A9:03D7:00FF|182:4048:02B9:03D8:010F|183:4048:02B9:03D9:00FF|184:4048:02B9:03DA:0107|185:4048:02C9:03DB:010F|186:4048:02C9:03DC:00FF
round6_phase1,0xFA,2844,0x0002,0x0003,0x0000,0x01,0x0074,0x0000,0x0000,actor_2c8,7,0x10C488,0x01,0xC9,0x01,0x00,0x01,0x00,0x00,0x00D6,0x02C9,0x0420,0x01,0x47,0x00,210,10,210:4047:02A8:0420:00D3|211:4047:02A8:0421:00C3|212:4047:02B8:0422:00D3|213:4047:02B8:0423:00C3|214:4047:02B9:0424:00CB|215:4047:02C9:0425:00D3|216:4047:02C9:0426:00C3
round6_phase1,0xFA,2846,0x0002,0x0003,0x0000,0x01,0x0074,0x0000,0x0000,actor_2c8,4,0x10C3C8,0x01,0xDD,0x00,0x00,0x02,0x00,0x00,0x010E,0x02C9,0x03B3,0x00,0x48,0x00,180,10,180:4048:02A9:03D6:010D|181:4048:02A9:03D7:00FD|182:4048:02B9:03D8:010D|183:4048:02B9:03D9:00FD|184:4048:02B9:03DA:0105|185:4048:02C9:03DB:010D|186:4048:02C9:03DC:00FD
round6_phase1,0xFA,2846,0x0002,0x0003,0x0000,0x01,0x0074,0x0000,0x0000,actor_2c8,6,0x10C448,0x01,0x56,0x00,0x00,0x02,0x00,0x05,0x00FA,0x02C9,0x00D0,0x00,0x44,0x00,200,10,200:4044:02C9:0025:00E9|201:4044:02B9:00D3:00E9|202:4044:02A9:00D1:00E9|203:4044:02C9:0024:00F9|204:4044:02B9:00D2:00F9|205:4044:02A9:00D0:00F9|206:4044:02C9:0023:0109|207:4044:02C9:0026:00D9|208:4044:02B9:00D4:00D9
round6_phase1,0xFA,2846,0x0002,0x0003,0x0000,0x01,0x0074,0x0000,0x0000,actor_2c8,7,0x10C488,0x01,0x0D,0x01,0x00,0x0F,0x00,0x00,0x00D6,0x02C9,0x0A73,0x00,0x07,0x02,210,10,210:4047:02A8:0420:00D5|211:4047:02A8:0421:00C5|212:4047:02B8:0422:00D5|213:4047:02B8:0423:00C5|214:4047:02B9:0424:00CD|215:4047:02C9:0425:00D5|216:4047:02C9:0426:00C5
round6_phase1,0xFA,2848,0x0002,0x0003,0x0000,0x01,0x0074,0x0000,0x0000,actor_2c8,4,0x10C3C8,0x01,0xDD,0x00,0x00,0x02,0x00,0x00,0x010C,0x02C9,0x03B3,0x00,0x48,0x00,180,10,180:4048:02A9:03D6:010B|181:4048:02A9:03D7:00FB|182:4048:02B9:03D8:010B|183:4048:02B9:03D9:00FB|184:4048:02B9:03DA:0103|185:4048:02C9:03DB:010B|186:4048:02C9:03DC:00FB
round6_phase1,0xFA,2848,0x0002,0x0003,0x0000,0x01,0x0074,0x0000,0x0000,actor_2c8,7,0x10C488,0x01,0x0D,0x01,0x00,0x0F,0x00,0x00,0x00D6,0x02C9,0x0A73,0x00,0x07,0x02,210,10,210:0000:02D1:0A83:00DE|211:0000:02C1:0A80:00DE|212:0000:02B1:0A7D:00DE|213:0000:02D1:0A82:00CE|214:0000:02C1:0A7F:00CE|215:0000:02B1:0A7C:00CE|216:0000:02D1:0A81:00BE|217:0000:02C1:0A7E:00BE|218:0000:02B1:0A7B:00BE
round6_phase1,0xFA,2850,0x0002,0x0003,0x0000,0x01,0x0074,0x0000,0x0000,actor_2c8,4,0x10C3C8,0x01,0xDD,0x00,0x00,0x02,0x00,0x00,0x010A,0x02C9,0x03B3,0x00,0x48,0x00,180,10,180:4048:02A9:03D6:0109|181:4048:02A9:03D7:00F9|182:4048:02B9:03D8:0109|183:4048:02B9:03D9:00F9|184:4048:02B9:03DA:0101|185:4048:02C9:03DB:0109|186:4048:02C9:03DC:00F9
round6_phase1,0xFA,2850,0x0002,0x0003,0x0000,0x01,0x0074,0x0000,0x0000,actor_2c8,6,0x10C448,0x01,0x56,0x00,0x00,0x02,0x00,0x05,0x00F8,0x02C9,0x00D0,0x00,0x44,0x00,200,10,200:4044:02C9:0025:00E7|201:4044:02B9:00D3:00E7|202:4044:02A9:00D1:00E7|203:4044:02C9:0024:00F7|204:4044:02B9:00D2:00F7|205:4044:02A9:00D0:00F7|206:4044:02C9:0023:0107|207:4044:02C9:0026:00D7|208:4044:02B9:00D4:00D7
round6_phase1,0xFA,2850,0x0002,0x0003,0x0000,0x01,0x0074,0x0000,0x0000,actor_2c8,7,0x10C488,0x01,0x0C,0x01,0x00,0x0F,0x00,0x00,0x00D6,0x02C9,0x0A73,0x00,0x07,0x02,210,10,210:0000:02C9:0A7A:00D6|211:0000:02B9:0A78:00D6|212:0000:02C9:0A79:00C6|213:0000:02B9:0A77:00C6
round6_phase1,0xFA,2852,0x0002,0x0003,0x0000,0x01,0x0074,0x0000,0x0000,actor_2c8,4,0x10C3C8,0x01,0xDE,0x00,0x00,0x02,0x00,0x00,0x0108,0x02C9,0x03B3,0x00,0x48,0x00,180,10,180:4048:02AA:03D6:0107|181:4048:02AA:03D7:00F7|182:4048:02BA:03D8:0107|183:4048:02BA:03D9:00F7|184:4048:02BA:03DD:00FF|185:4048:02CA:03DE:00FF
round6_phase1,0xFA,2852,0x0002,0x0003,0x0000,0x01,0x0074,0x0000,0x0000,actor_2c8,7,0x10C488,0x01,0x0B,0x01,0x00,0x0F,0x00,0x00,0x00D6,0x02C9,0x0A73,0x00,0x07,0x02,210,10,210:0000:02C9:0A7A:00D6|211:0000:02B9:0A78:00D6|212:0000:02C9:0A79:00C6|213:0000:02B9:0A77:00C6
round6_phase1,0xFA,2854,0x0002,0x0003,0x0000,0x01,0x0074,0x0000,0x0000,actor_2c8,6,0x10C448,0x01,0x52,0x00,0x00,0x02,0x00,0x01,0x00F6,0x02C9,0x00D0,0x00,0x44,0x00,200,10,200:4044:02C9:0011:00E7|201:4044:02B9:00D3:00E7|202:4044:02A9:00D1:00E7|203:4044:02C9:0010:00F7|204:4044:02B9:00D2:00F7|205:4044:02A9:00D0:00F7|206:4044:02C9:000F:0107|207:4044:02C9:0012:00D7|208:4044:02B9:00D4:00D7
round6_phase1,0xFA,2854,0x0002,0x0003,0x0000,0x01,0x0074,0x0000,0x0000,actor_2c8,7,0x10C488,0x01,0x0B,0x01,0x00,0x0F,0x00,0x00,0x00D6,0x02C9,0x0A73,0x00,0x07,0x02,210,10,210:0000:02C9:0A76:00D6|211:0000:02B9:0A74:00D6|212:0000:02C9:0A75:00C6|213:0000:02B9:0A73:00C6
round6_phase1,0xFA,2856,0x0002,0x0003,0x0000,0x01,0x0074,0x0000,0x0000,actor_2c8,4,0x10C3C8,0x01,0xDE,0x00,0x00,0x02,0x00,0x00,0x0104,0x02C9,0x03B3,0x00,0x48,0x00,180,10,180:4048:02AA:03D6:0105|181:4048:02AA:03D7:00F5|182:4048:02BA:03D8:0105|183:4048:02BA:03D9:00F5|184:4048:02BA:03DD:00FD|185:4048:02CA:03DE:00FD
round6_phase1,0xFA,2856,0x0002,0x0003,0x0000,0x01,0x0074,0x0000,0x0000,actor_2c8,6,0x10C448,0x01,0x52,0x00,0x00,0x02,0x00,0x01,0x00F6,0x02C9,0x00D0,0x00,0x44,0x00,200,10,200:4044:02C9:0015:00E5|201:4044:02B9:00DC:00E5|202:4044:02A9:00DA:00E5|203:4044:02C9:0014:00F5|204:4044:02B9:00DB:00F5|205:4044:02A9:00D9:00F5|206:4044:02C9:0013:0105|207:4044:02C9:0016:00D5|208:4044:02B9:00DD:00D5
round6_phase1,0xFA,2858,0x0002,0x0003,0x0000,0x01,0x0074,0x0000,0x0000,actor_2c8,4,0x10C3C8,0x01,0xDE,0x00,0x00,0x02,0x00,0x00,0x0100,0x02C9,0x03B3,0x00,0x48,0x00,180,10,180:4048:02AA:03D6:0102|181:4048:02AA:03D7:00F2|182:4048:02BA:03D8:0102|183:4048:02BA:03D9:00F2|184:4048:02BA:03DD:00FA|185:4048:02CA:03DE:00FA
round6_phase1,0xFA,2858,0x0002,0x0003,0x0000,0x01,0x0074,0x0000,0x0000,actor_2c8,6,0x10C448,0x01,0x52,0x00,0x00,0x02,0x00,0x01,0x00F2,0x02C9,0x00D0,0x00,0x44,0x00,200,10,200:4044:02C9:0015:00E4|201:4044:02B9:00DC:00E4|202:4044:02A9:00DA:00E4|203:4044:02C9:0014:00F4|204:4044:02B9:00DB:00F4|205:4044:02A9:00D9:00F4|206:4044:02C9:0013:0104|207:4044:02C9:0016:00D4|208:4044:02B9:00DD:00D4
round6_phase1,0xFA,2858,0x0002,0x0003,0x0000,0x01,0x0074,0x0000,0x0000,actor_2c8,7,0x10C488,0x01,0x0D,0x01,0x00,0x0F,0x00,0x00,0x00D4,0x02C9,0x0A73,0x00,0x07,0x02,210,10,210:0000:02C9:0A7A:00D5|211:0000:02B9:0A78:00D5|212:0000:02C9:0A79:00C5|213:0000:02B9:0A77:00C5
round6_phase1,0xFA,2860,0x0002,0x0003,0x0000,0x01,0x0074,0x0000,0x0000,actor_2c8,4,0x10C3C8,0x01,0xDF,0x00,0x00,0x02,0x00,0x00,0x00FC,0x02C9,0x03B3,0x00,0x48,0x00,180,10,180:4048:02A9:03D6:00FE|181:4048:02A9:03D7:00EE|182:4048:02B9:03D8:00FE|183:4048:02B9:03D9:00EE|184:4048:02B9:03DF:00F6|185:4048:02C9:03E0:00FE|186:4048:02C9:03E1:00EE
round6_phase1,0xFA,2860,0x0002,0x0003,0x0000,0x01,0x0074,0x0000,0x0000,actor_2c8,6,0x10C448,0x01,0x52,0x00,0x00,0x02,0x00,0x01,0x00F0,0x02C9,0x00D0,0x00,0x44,0x00,200,10,200:4044:02C9:0015:00E0|201:4044:02B9:00DC:00E0|202:4044:02A9:00DA:00E0|203:4044:02C9:0014:00F0|204:4044:02B9:00DB:00F0|205:4044:02A9:00D9:00F0|206:4044:02C9:0013:0100|207:4044:02C9:0016:00D0|208:4044:02B9:00DD:00D0
round6_phase1,0xFA,2860,0x0002,0x0003,0x0000,0x01,0x0074,0x0000,0x0000,actor_2c8,7,0x10C488,0x01,0x0D,0x01,0x00,0x0F,0x00,0x00,0x00D2,0x02C9,0x0A73,0x00,0x07,0x02,210,10,210:0000:02D1:0A83:00DB|211:0000:02C1:0A80:00DB|212:0000:02B1:0A7D:00DB|213:0000:02D1:0A82:00CB|214:0000:02C1:0A7F:00CB|215:0000:02B1:0A7C:00CB|216:0000:02D1:0A81:00BB|217:0000:02C1:0A7E:00BB|218:0000:02B1:0A7B:00BB
round6_phase1,0xFA,2862,0x0002,0x0003,0x0000,0x01,0x0074,0x0000,0x0000,actor_2c8,4,0x10C3C8,0x01,0xDF,0x00,0x00,0x02,0x00,0x00,0x00FA,0x02C9,0x03B3,0x00,0x48,0x00,180,10,180:4048:02A9:03D6:00FA|181:4048:02A9:03D7:00EA|182:4048:02B9:03D8:00FA|183:4048:02B9:03D9:00EA|184:4048:02B9:03DF:00F2|185:4048:02C9:03E0:00FA|186:4048:02C9:03E1:00EA
round6_phase1,0xFA,2862,0x0002,0x0003,0x0000,0x01,0x0074,0x0000,0x0000,actor_2c8,6,0x10C448,0x01,0x53,0x00,0x00,0x02,0x00,0x02,0x00EC,0x02C9,0x00D0,0x00,0x44,0x00,200,10,200:4044:02C9:0015:00DE|201:4044:02B9:00DC:00DE|202:4044:02A9:00DA:00DE|203:4044:02C9:0014:00EE|204:4044:02B9:00DB:00EE|205:4044:02A9:00D9:00EE|206:4044:02C9:0013:00FE|207:4044:02C9:0016:00CE|208:4044:02B9:00DD:00CE
round6_phase1,0xFA,2862,0x0002,0x0003,0x0000,0x01,0x0074,0x0000,0x0000,actor_2c8,7,0x10C488,0x01,0x0E,0x01,0x00,0x0F,0x00,0x00,0x00D0,0x02C9,0x0A73,0x00,0x07,0x02,210,10,210:0000:02D1:0A8C:00D9|211:0000:02C1:0A89:00D9|212:0000:02B1:0A86:00D9|213:0000:02D1:0A8B:00C9|214:0000:02C1:0A88:00C9|215:0000:02B1:0A85:00C9|216:0000:02D1:0A8A:00B9|217:0000:02C1:0A87:00B9|218:0000:02B1:0A84:00B9
round6_phase1,0xFA,2864,0x0002,0x0003,0x0000,0x01,0x0074,0x0000,0x0000,actor_2c8,4,0x10C3C8,0x01,0xDF,0x00,0x00,0x02,0x00,0x00,0x00F6,0x02C9,0x03B3,0x00,0x48,0x00,180,10,180:4048:02A9:03D6:00F6|181:4048:02A9:03D7:00E6|182:4048:02B9:03D8:00F6|183:4048:02B9:03D9:00E6|184:4048:02B9:03DF:00EE|185:4048:02C9:03E0:00F6|186:4048:02C9:03E1:00E6
round6_phase1,0xFA,2864,0x0002,0x0003,0x0000,0x01,0x0074,0x0000,0x0000,actor_2c8,6,0x10C448,0x01,0x53,0x00,0x00,0x02,0x00,0x02,0x00EA,0x02C9,0x00D0,0x00,0x44,0x00,200,10,200:4044:02C9:0019:00DA|201:4044:02B9:00E5:00DA|202:4044:02A9:00E3:00DA|203:4044:02C9:0018:00EA|204:4044:02B9:00E4:00EA|205:4044:02A9:00E2:00EA|206:4044:02C9:0017:00FA|207:4044:02C9:001A:00CA|208:4044:02B9:00E6:00CA
round6_phase1,0xFA,2864,0x0002,0x0003,0x0000,0x01,0x0074,0x0000,0x0000,actor_2c8,7,0x10C488,0x01,0x0F,0x01,0x00,0x0F,0x00,0x00,0x00CE,0x02C9,0x0A73,0x00,0x07,0x02,210,10,210:0000:02D1:0A8C:00D7|211:0000:02C1:0A89:00D7|212:0000:02B1:0A86:00D7|213:0000:02D1:0A8B:00C7|214:0000:02C1:0A88:00C7|215:0000:02B1:0A85:00C7|216:0000:02D1:0A8A:00B7|217:0000:02C1:0A87:00B7|218:0000:02B1:0A84:00B7
round6_phase1,0xFA,2866,0x0002,0x0003,0x0000,0x01,0x0074,0x0000,0x0000,actor_2c8,4,0x10C3C8,0x01,0xDF,0x00,0x00,0x02,0x00,0x00,0x00F2,0x02C9,0x03B3,0x00,0x48,0x00,180,10,180:4048:02A9:03D6:00F2|181:4048:02A9:03D7:00E2|182:4048:02B9:03D8:00F2|183:4048:02B9:03D9:00E2|184:4048:02B9:03DF:00EA|185:4048:02C9:03E0:00F2|186:4048:02C9:03E1:00E2
round6_phase1,0xFA,2866,0x0002,0x0003,0x0000,0x01,0x0074,0x0000,0x0000,actor_2c8,6,0x10C448,0x01,0x53,0x00,0x00,0x02,0x00,0x02,0x00E6,0x02C9,0x00D0,0x00,0x44,0x00,200,10,200:4044:02C9:0019:00D8|201:4044:02B9:00E5:00D8|202:4044:02A9:00E3:00D8|203:4044:02C9:0018:00E8|204:4044:02B9:00E4:00E8|205:4044:02A9:00E2:00E8|206:4044:02C9:0017:00F8|207:4044:02C9:001A:00C8|208:4044:02B9:00E6:00C8
round6_phase1,0xFA,2866,0x0002,0x0003,0x0000,0x01,0x0074,0x0000,0x0000,actor_2c8,7,0x10C488,0x01,0x0F,0x01,0x00,0x0F,0x00,0x00,0x00CC,0x02C9,0x0A73,0x00,0x07,0x02,210,10,210:0000:02D1:0A94:00D5|211:0000:02C1:0A91:00D5|212:0000:02B1:0A8F:00D5|213:0000:02D1:0A93:00C5|214:0000:02B1:0A8E:00C5|215:0000:02D1:0A92:00B5|216:0000:02C1:0A90:00B5|217:0000:02B1:0A8D:00B5
round6_phase1,0xFA,2868,0x0002,0x0003,0x0000,0x01,0x0074,0x0000,0x0000,actor_2c8,4,0x10C3C8,0x01,0xE0,0x00,0x00,0x02,0x00,0x00,0x00EE,0x02C9,0x03B3,0x00,0x48,0x00,180,10,180:4048:02AA:03D6:00EE|181:4048:02AA:03D7:00DE|182:4048:02BA:03D8:00EE|183:4048:02BA:03D9:00DE|184:4048:02BA:03E2:00E6|185:4048:02CA:03E3:00E5
round6_phase1,0xFA,2868,0x0002,0x0003,0x0000,0x01,0x0074,0x0000,0x0000,actor_2c8,6,0x10C448,0x01,0x53,0x00,0x00,0x02,0x00,0x02,0x00E4,0x02C9,0x00D0,0x00,0x44,0x00,200,10,200:4044:02C9:0019:00D4|201:4044:02B9:00E5:00D4|202:4044:02A9:00E3:00D4|203:4044:02C9:0018:00E4|204:4044:02B9:00E4:00E4|205:4044:02A9:00E2:00E4|206:4044:02C9:0017:00F4|207:4044:02C9:001A:00C4|208:4044:02B9:00E6:00C4
round6_phase1,0xFA,2868,0x0002,0x0003,0x0000,0x01,0x0074,0x0000,0x0000,actor_2c8,7,0x10C488,0x01,0x10,0x01,0x00,0x0F,0x00,0x00,0x00CA,0x02C9,0x0A73,0x00,0x07,0x02,210,10,210:0000:02D1:0A9D:00D3|211:0000:02C1:0A9A:00D3|212:0000:02B1:0A97:00D3|213:0000:02D1:0A9C:00C3|214:0000:02C1:0A99:00C3|215:0000:02B1:0A96:00C3|216:0000:02D1:0A9B:00B3|217:0000:02C1:0A98:00B3|218:0000:02B1:0A95:00B3
round6_phase1,0xFA,2870,0x0002,0x0003,0x0000,0x01,0x0074,0x0000,0x0000,actor_2c8,4,0x10C3C8,0x01,0xE0,0x00,0x00,0x02,0x00,0x00,0x00EA,0x02C9,0x03B3,0x00,0x48,0x00,180,10,180:4048:02AA:03D6:00EA|181:4048:02AA:03D7:00DA|182:4048:02BA:03D8:00EA|183:4048:02BA:03D9:00DA|184:4048:02BA:03E2:00E2|185:4048:02CA:03E3:00E1
round6_phase1,0xFA,2870,0x0002,0x0003,0x0000,0x01,0x0074,0x0000,0x0000,actor_2c8,6,0x10C448,0x01,0x54,0x00,0x00,0x02,0x00,0x03,0x00E2,0x02C9,0x00D0,0x00,0x44,0x00,200,10,200:4044:02C9:0019:00D2|201:4044:02B9:00E5:00D2|202:4044:02A9:00E3:00D2|203:4044:02C9:0018:00E2|204:4044:02B9:00E4:00E2|205:4044:02A9:00E2:00E2|206:4044:02C9:0017:00F2|207:4044:02C9:001A:00C2|208:4044:02B9:00E6:00C2
round6_phase1,0xFA,2870,0x0002,0x0003,0x0000,0x01,0x0074,0x0000,0x0000,actor_2c8,7,0x10C488,0x01,0x11,0x01,0x00,0x0F,0x00,0x00,0x00C8,0x02C9,0x0A73,0x00,0x07,0x02,210,10,210:0000:02D1:0A9D:00D1|211:0000:02C1:0A9A:00D1|212:0000:02B1:0A97:00D1|213:0000:02D1:0A9C:00C1|214:0000:02C1:0A99:00C1|215:0000:02B1:0A96:00C1|216:0000:02D1:0A9B:00B1|217:0000:02C1:0A98:00B1|218:0000:02B1:0A95:00B1
round6_phase1,0xFA,2872,0x0002,0x0003,0x0000,0x01,0x0074,0x0000,0x0000,actor_2c8,4,0x10C3C8,0x01,0xE0,0x00,0x00,0x02,0x00,0x00,0x00E5,0x02C9,0x03B3,0x00,0x48,0x00,180,10,180:4048:02AA:03D6:00E8|181:4048:02AA:03D7:00D8|182:4048:02BA:03D8:00E8|183:4048:02BA:03D9:00D8|184:4048:02BA:03E2:00E0|185:4048:02CA:03E3:00DF
round6_phase1,0xFA,2872,0x0002,0x0003,0x0000,0x01,0x0074,0x0000,0x0000,actor_2c8,6,0x10C448,0x01,0x55,0x00,0x00,0x02,0x00,0x04,0x00DD,0x02C9,0x00D0,0x00,0x44,0x00,200,10,200:4044:02C9:0021:00CE|201:4044:02B9:00DC:00CE|202:4044:02A9:00DA:00CE|203:4044:02C9:0020:00DE|204:4044:02B9:00DB:00DE|205:4044:02A9:00D9:00DE|206:4044:02C9:001F:00EE|207:4044:02C9:0022:00BE|208:4044:02B9:00DD:00BE
round6_phase1,0xFA,2872,0x0002,0x0003,0x0000,0x01,0x0074,0x0000,0x0000,actor_2c8,7,0x10C488,0x01,0x11,0x01,0x00,0x0F,0x00,0x00,0x00C5,0x02C9,0x0A73,0x00,0x07,0x02,210,10,210:0000:02C9:0AA1:00C7|211:0000:02B9:0A9F:00C7|212:0000:02C9:0AA0:00B7|213:0000:02B9:0A9E:00B7
round6_phase1,0xFA,2874,0x0002,0x0003,0x0000,0x01,0x0074,0x0000,0x0000,actor_2c8,4,0x10C3C8,0x01,0xE0,0x00,0x00,0x02,0x00,0x00,0x00DF,0x02C9,0x03B3,0x00,0x48,0x00,180,10,180:4048:02AA:03D6:00E2|181:4048:02AA:03D7:00D2|182:4048:02BA:03D8:00E2|183:4048:02BA:03D9:00D2|184:4048:02BA:03E2:00DA|185:4048:02CA:03E3:00D9
round6_phase1,0xFA,2874,0x0002,0x0003,0x0000,0x01,0x0074,0x0000,0x0000,actor_2c8,6,0x10C448,0x01,0x55,0x00,0x00,0x02,0x00,0x04,0x00D9,0x02C9,0x00D0,0x00,0x44,0x00,200,10,200:4044:02C9:0021:00CA|201:4044:02B9:00DC:00CA|202:4044:02A9:00DA:00CA|203:4044:02C9:0020:00DA|204:4044:02B9:00DB:00DA|205:4044:02A9:00D9:00DA|206:4044:02C9:001F:00EA|207:4044:02C9:0022:00BA|208:4044:02B9:00DD:00BA
round6_phase1,0xFA,2874,0x0002,0x0003,0x0000,0x01,0x0074,0x0000,0x0000,actor_2c8,7,0x10C488,0x01,0x12,0x01,0x00,0x0F,0x00,0x00,0x00C1,0x02C9,0x0A73,0x00,0x07,0x02,210,10,210:0000:02C1:0AA2:00BB
round6_phase1,0xFA,2876,0x0002,0x0003,0x0000,0x01,0x0074,0x0000,0x0000,actor_2c8,4,0x10C3C8,0x01,0xDD,0x00,0x00,0x02,0x00,0x00,0x00D9,0x02C9,0x03B3,0x00,0x48,0x00,180,10,180:4048:02A9:03D6:00DC|181:4048:02A9:03D7:00CC|182:4048:02B9:03D8:00DC|183:4048:02B9:03D9:00CC|184:4048:02B9:03DA:00D4|185:4048:02C9:03DB:00DC|186:4048:02C9:03DC:00CC
round6_phase1,0xFA,2876,0x0002,0x0003,0x0000,0x01,0x0074,0x0000,0x0000,actor_2c8,6,0x10C448,0x01,0x55,0x00,0x00,0x02,0x00,0x04,0x00D3,0x02C9,0x00D0,0x00,0x44,0x00,200,10,200:4044:02C9:0021:00C4|201:4044:02B9:00DC:00C4|202:4044:02A9:00DA:00C4|203:4044:02C9:0020:00D4|204:4044:02B9:00DB:00D4|205:4044:02A9:00D9:00D4|206:4044:02C9:001F:00E4|207:4044:02C9:0022:00B4|208:4044:02B9:00DD:00B4
round6_phase1,0xFA,2878,0x0002,0x0003,0x0000,0x01,0x0074,0x0000,0x0000,actor_2c8,4,0x10C3C8,0x01,0xDD,0x00,0x00,0x02,0x00,0x00,0x00D3,0x02C9,0x03B3,0x00,0x48,0x00,180,10,180:4048:02A9:03D6:00D6|181:4048:02A9:03D7:00C6|182:4048:02B9:03D8:00D6|183:4048:02B9:03D9:00C6|184:4048:02B9:03DA:00CE|185:4048:02C9:03DB:00D6|186:4048:02C9:03DC:00C6
round6_phase1,0xFA,2878,0x0002,0x0003,0x0000,0x01,0x0074,0x0000,0x0000,actor_2c8,6,0x10C448,0x01,0x55,0x00,0x00,0x02,0x00,0x04,0x00CF,0x02C9,0x00D0,0x00,0x44,0x00,200,10,200:4044:02C9:0021:00C0|201:4044:02B9:00DC:00C0|202:4044:02A9:00DA:00C0|203:4044:02C9:0020:00D0|204:4044:02B9:00DB:00D0|205:4044:02A9:00D9:00D0|206:4044:02C9:001F:00E0|207:4044:02C9:0022:00B0|208:4044:02B9:00DD:00B0
round6_phase1,0xFA,2880,0x0002,0x0003,0x0000,0x01,0x0074,0x0000,0x0000,actor_2c8,4,0x10C3C8,0x01,0xDD,0x00,0x00,0x02,0x00,0x00,0x00CF,0x02C9,0x03B3,0x00,0x48,0x00,180,10,180:4048:02A9:03D6:00D0|181:4048:02A9:03D7:00C0|182:4048:02B9:03D8:00D0|183:4048:02B9:03D9:00C0|184:4048:02B9:03DA:00C8|185:4048:02C9:03DB:00D0|186:4048:02C9:03DC:00C0
round6_phase1,0xFA,2880,0x0002,0x0003,0x0000,0x01,0x0074,0x0000,0x0000,actor_2c8,6,0x10C448,0x01,0x56,0x00,0x00,0x02,0x00,0x05,0x00C9,0x02C9,0x00D0,0x00,0x44,0x00,200,10,200:4044:02C9:0025:00BA|201:4044:02B9:00D3:00BA|202:4044:02A9:00D1:00BA|203:4044:02C9:0024:00CA|204:4044:02B9:00D2:00CA|205:4044:02A9:00D0:00CA|206:4044:02C9:0023:00DA|207:4044:02C9:0026:00AA|208:4044:02B9:00D4:00AA
round6_phase1,0xFA,2882,0x0002,0x0003,0x0000,0x01,0x0074,0x0000,0x0000,actor_2c8,4,0x10C3C8,0x01,0xDD,0x01,0x00,0x01,0x00,0x00,0x00CD,0x02C9,0x03B3,0x01,0x48,0x00,180,10,180:4048:02A9:03D6:00CE|181:4048:02A9:03D7:00BE|182:4048:02B9:03D8:00CE|183:4048:02B9:03D9:00BE|184:4048:02B9:03DA:00C6|185:4048:02C9:03DB:00CE|186:4048:02C9:03DC:00BE
round6_phase1,0xFA,2882,0x0002,0x0003,0x0000,0x01,0x0074,0x0000,0x0000,actor_2c8,6,0x10C448,0x01,0x56,0x00,0x00,0x02,0x00,0x05,0x00C5,0x02C9,0x00D0,0x00,0x44,0x00,200,10,200:4044:02C9:0025:00B6|201:4044:02B9:00D3:00B6|202:4044:02A9:00D1:00B6|203:4044:02C9:0024:00C6|204:4044:02B9:00D2:00C6|205:4044:02A9:00D0:00C6|206:4044:02C9:0023:00D6|207:4044:02C9:0026:00A6|208:4044:02B9:00D4:00A6
round6_phase1,0xFA,2884,0x0002,0x0003,0x0000,0x01,0x0074,0x0000,0x0000,actor_2c8,4,0x10C3C8,0x01,0xDE,0x01,0x00,0x01,0x00,0x00,0x00CB,0x02C9,0x03B3,0x01,0x48,0x00,180,10,180:4048:02AA:03D6:00CC|181:4048:02AA:03D7:00BC|182:4048:02BA:03D8:00CC|183:4048:02BA:03D9:00BC|184:4048:02BA:03DD:00C4|185:4048:02CA:03DE:00C4
round6_phase1,0xFA,2884,0x0002,0x0003,0x0000,0x01,0x0074,0x0000,0x0000,actor_2c8,6,0x10C448,0x01,0x56,0x00,0x00,0x02,0x00,0x05,0x00BF,0x02C9,0x00D0,0x00,0x44,0x00,200,10,200:4044:02C9:0025:00B0|201:4044:02B9:00D3:00B0|202:4044:02A9:00D1:00B0|203:4044:02C9:0024:00C0|204:4044:02B9:00D2:00C0|205:4044:02A9:00D0:00C0|206:4044:02C9:0023:00D0|207:4044:02C9:0026:00A0|208:4044:02B9:00D4:00A0
round6_phase1,0xFA,2886,0x0002,0x0003,0x0000,0x01,0x0074,0x0000,0x0000,actor_2c8,4,0x10C3C8,0x01,0xDE,0x01,0x00,0x01,0x00,0x00,0x00CB,0x02C9,0x03B3,0x01,0x48,0x00,180,10,180:4048:02AA:03D6:00CB|181:4048:02AA:03D7:00BB|182:4048:02BA:03D8:00CB|183:4048:02BA:03D9:00BB|184:4048:02BA:03DD:00C3|185:4048:02CA:03DE:00C3
round6_phase1,0xFA,2886,0x0002,0x0003,0x0000,0x01,0x0074,0x0000,0x0000,actor_2c8,6,0x10C448,0x01,0x56,0x00,0x00,0x02,0x00,0x05,0x00BD,0x02C9,0x00D0,0x00,0x44,0x00,200,10,200:4044:02C9:0025:00AD|201:4044:02B9:00D3:00AD|202:4044:02A9:00D1:00AD|203:4044:02C9:0024:00BD|204:4044:02B9:00D2:00BD|205:4044:02A9:00D0:00BD|206:4044:02C9:0023:00CD|207:4044:02C9:0026:009D|208:4044:02B9:00D4:009D
round6_phase1,0xFA,2888,0x0002,0x0003,0x0000,0x01,0x0074,0x0000,0x0000,actor_2c8,6,0x10C448,0x01,0x25,0x00,0x00,0x1F,0x00,0x00,0x00BC,0x02C9,0x00D0,0x00,0x44,0x00,200,10,200:4044:02C9:0011:00AB|201:4044:02B9:00D3:00AB|202:4044:02A9:00D1:00AB|203:4044:02C9:0010:00BB|204:4044:02B9:00D2:00BB|205:4044:02A9:00D0:00BB|206:4044:02C9:000F:00CB|207:4044:02C9:0012:009B|208:4044:02B9:00D4:009B
round6_phase1,0xFA,2890,0x0002,0x0003,0x0000,0x01,0x0074,0x0000,0x0000,actor_2c8,4,0x10C3C8,0x01,0xEB,0x00,0x00,0x1F,0x00,0x00,0x00CC,0x02C9,0x03B3,0x00,0x48,0x00,180,10,180:4048:02AA:03D6:00CB|181:4048:02AA:03D7:00BB|182:4048:02BA:03D8:00CB|183:4048:02BA:03D9:00BB|184:4048:02BA:03DD:00C3|185:4048:02CA:03DE:00C3
round6_phase1,0xFA,2890,0x0002,0x0003,0x0000,0x01,0x0074,0x0000,0x0000,actor_2c8,6,0x10C448,0x01,0x25,0x00,0x00,0x1F,0x00,0x00,0x00BC,0x02C9,0x00D0,0x00,0x44,0x00,200,10,200:4044:02CA:00E9:00AB|201:4044:02BA:00E5:00AB|202:4044:02AA:00E3:00AB|203:4044:02CA:00E8:00BB|204:4044:02BA:00E4:00BB|205:4044:02AA:00E2:00BB|206:4044:02CA:00E7:00CB|207:4044:02CA:00EA:009B|208:4044:02BA:00E6:009B
round6_phase1,0xFA,2892,0x0002,0x0003,0x0000,0x01,0x0074,0x0000,0x0000,actor_2c8,4,0x10C3C8,0x01,0xEB,0x00,0x00,0x1F,0x00,0x00,0x00CC,0x02C9,0x03B3,0x00,0x48,0x00,180,10,180:4048:0299:03B8:00CB|181:4048:02A9:03B9:00CB|182:4048:02A9:03BA:00BB|183:4048:02B9:03BB:00CB|184:4048:02B9:03BC:00BB|185:4048:02B9:03DA:00C3|186:4048:02C9:03DB:00CB|187:4048:02C9:03DC:00BB
round6_phase1,0xFA,2894,0x0002,0x0003,0x0000,0x01,0x0074,0x0000,0x0000,actor_2c8,4,0x10C3C8,0x01,0xEC,0x00,0x00,0x1F,0x00,0x00,0x00CC,0x02C9,0x03B3,0x00,0x48,0x00,180,10,180:4048:02A9:03BD:00E3|181:4048:02A9:03BF:00CB|182:4048:02A9:03BA:00BB|183:4048:02B9:03BE:00DB|184:4048:02B9:03C0:00CB|185:4048:02B9:03BC:00BB|186:4048:02B9:03DA:00C3|187:4048:02C9:03DB:00CB|188:4048:02C9:03DC:00BB
round6_phase1,0xFA,2896,0x0002,0x0003,0x0000,0x01,0x0074,0x0000,0x0000,actor_2c8,4,0x10C3C8,0x01,0xED,0x00,0x00,0x1F,0x00,0x00,0x00CC,0x02C9,0x03B3,0x00,0x48,0x00,180,10,180:4048:02A9:03BD:00E3|181:4048:02A9:03BF:00CB|182:4048:02A9:03BA:00BB|183:4048:02B9:03BE:00DB|184:4048:02B9:03C0:00CB|185:4048:02B9:03BC:00BB|186:4048:02B9:03DA:00C3|187:4048:02C9:03DB:00CB|188:4048:02C9:03DC:00BB
round6_phase1,0xFA,2896,0x0002,0x0003,0x0000,0x01,0x0074,0x0000,0x0000,actor_2c8,6,0x10C448,0x01,0x4E,0x00,0x00,0x1F,0x00,0x00,0x00BC,0x02C9,0x00D0,0x00,0x44,0x00,200,10,200:4044:02CA:00E9:00AB|201:4044:02BA:00E5:00AB|202:4044:02AA:00E3:00AB|203:4044:02CA:00E8:00BB|204:4044:02BA:00E4:00BB|205:4044:02AA:00E2:00BB|206:4044:02CA:00E7:00CB|207:4044:02CA:00EA:009B|208:4044:02BA:00E6:009B
round6_phase1,0xFA,2898,0x0002,0x0003,0x0000,0x01,0x0074,0x0000,0x0000,actor_2c8,4,0x10C3C8,0x01,0xED,0x00,0x00,0x1F,0x00,0x00,0x00CC,0x02C9,0x03B3,0x00,0x48,0x00,180,10,180:4048:02A9:03C1:00CB|181:4048:02A9:03C2:00BB|182:4048:02B9:03C3:00CB|183:4048:02B9:03C4:00BB|184:4048:02B9:03DA:00C3|185:4048:02C9:03DB:00CB|186:4048:02C9:03DC:00BB
round6_phase1,0xFA,2898,0x0002,0x0003,0x0000,0x01,0x0074,0x0000,0x0000,actor_2c8,6,0x10C448,0x01,0x4E,0x00,0x00,0x1F,0x00,0x00,0x00BC,0x02C9,0x00D0,0x00,0x44,0x00,200,10,200:4044:02C9:01A4:00AB|201:4044:02B9:01A0:00AB|202:4044:02A9:019E:00AB|203:4044:02C9:01A3:00BB|204:4044:02B9:019F:00BB|205:4044:02A9:019D:00BB|206:4044:02C9:01A2:00CB|207:4044:02C9:01A5:009B|208:4044:02B9:01A1:009B
round6_phase1,0xFA,2900,0x0002,0x0003,0x0000,0x01,0x0074,0x0000,0x0000,actor_2c8,4,0x10C3C8,0x01,0xEE,0x00,0x00,0x1F,0x00,0x00,0x00CC,0x02C9,0x03B3,0x00,0x48,0x00,180,10,180:4048:02A9:03C5:00C3|181:4048:02B9:03C6:00C3|182:4048:02A9:03C7:00B3|183:4048:02A9:03C8:00A3|184:4048:02A9:03C9:0093|185:4048:02B9:03DA:00C3|186:4048:02C9:03DB:00CB|187:4048:02C9:03DC:00BB
round6_phase1,0xFA,2906,0x0002,0x0003,0x0000,0x01,0x0074,0x0000,0x0000,actor_2c8,4,0x10C3C8,0x01,0xDD,0x00,0x00,0x1F,0x00,0x00,0x00CC,0x02C9,0x03B3,0x00,0x48,0x00,180,10,180:4048:02A9:03D6:00CB|181:4048:02A9:03D7:00BB|182:4048:02B9:03D8:00CB|183:4048:02B9:03D9:00BB|184:4048:02B9:03DA:00C3|185:4048:02C9:03DB:00CB|186:4048:02C9:03DC:00BB
round6_phase1,0xFA,2914,0x0002,0x0003,0x0000,0x01,0x0074,0x0000,0x0000,actor_2c8,4,0x10C3C8,0x01,0xEC,0x00,0x00,0x1F,0x00,0x00,0x00CC,0x02C9,0x03B3,0x00,0x48,0x00,180,10,180:4048:0299:03B8:00CB|181:4048:02A9:03B9:00CB|182:4048:02A9:03BA:00BB|183:4048:02B9:03BB:00CB|184:4048:02B9:03BC:00BB|185:4048:02B9:03DA:00C3|186:4048:02C9:03DB:00CB|187:4048:02C9:03DC:00BB
round6_phase1,0xFA,2920,0x0002,0x0003,0x0000,0x01,0x0074,0x0000,0x0000,actor_2c8,4,0x10C3C8,0x01,0xEE,0x00,0x00,0x1F,0x00,0x00,0x00CC,0x02C9,0x03B3,0x00,0x48,0x00,180,10,180:4048:02A9:03C1:00CB|181:4048:02A9:03C2:00BB|182:4048:02B9:03C3:00CB|183:4048:02B9:03C4:00BB|184:4048:02B9:03DA:00C3|185:4048:02C9:03DB:00CB|186:4048:02C9:03DC:00BB
round6_phase1,0xFA,2920,0x0002,0x0003,0x0000,0x01,0x0074,0x0000,0x0000,actor_2c8,6,0x10C448,0x01,0x4F,0x00,0x00,0x1F,0x00,0x00,0x00BC,0x02C9,0x00D0,0x00,0x44,0x00,200,10,200:4044:02C9:01A4:00AB|201:4044:02B9:01A0:00AB|202:4044:02A9:019E:00AB|203:4044:02C9:01A3:00BB|204:4044:02B9:019F:00BB|205:4044:02A9:019D:00BB|206:4044:02C9:01A2:00CB|207:4044:02C9:01A5:009B|208:4044:02B9:01A1:009B
round6_phase1,0xFA,2920,0x0002,0x0003,0x0000,0x01,0x0074,0x0000,0x0000,actor_748,0,0x10C748,0x01,0x2B,0x00,0x00,0x0F,0x00,0x00,0x00A4,0x02C3,0x019D,0x01,0x00,0x00,46,1,
round6_phase1,0xFA,2922,0x0002,0x0003,0x0000,0x01,0x0074,0x0000,0x0000,actor_2c8,6,0x10C448,0x01,0x4F,0x00,0x00,0x1F,0x00,0x00,0x00BB,0x02C9,0x00D0,0x00,0x44,0x00,200,10,200:4044:02C9:01AE:00AB|201:4044:02B9:01AA:00AB|202:4044:02A9:01A7:00AB|203:4044:02C9:01AD:00BB|204:4044:02B9:01A9:00BB|205:4044:02A9:01A6:00BB|206:4044:02C9:01AC:00CB|207:4044:02C9:01AF:009B|208:4044:02B9:01AB:009B|209:4044:02A9:01A8:009B
round6_phase1,0xFA,2922,0x0002,0x0003,0x0000,0x01,0x0074,0x0000,0x0000,actor_748,0,0x10C748,0x01,0x2A,0x00,0x00,0x0F,0x00,0x00,0x00A3,0x02C3,0x019D,0x01,0x00,0x00,46,1,46:0004:02BB:01BA:009C
round6_phase1,0xFA,2924,0x0002,0x0003,0x0000,0x01,0x0074,0x0000,0x0000,actor_2c8,4,0x10C3C8,0x01,0xEE,0x00,0x00,0x1F,0x00,0x00,0x00CB,0x02C9,0x03B3,0x00,0x48,0x00,180,10,180:4048:02A9:03C5:00C2|181:4048:02B9:03C6:00C2|182:4048:02A9:03C7:00B2|183:4048:02A9:03C8:00A2|184:4048:02A9:03C9:0092|185:4048:02B9:03DA:00C2|186:4048:02C9:03DB:00CA|187:4048:02C9:03DC:00BA
round6_phase1,0xFA,2924,0x0002,0x0003,0x0000,0x01,0x0074,0x0000,0x0000,actor_2c8,6,0x10C448,0x01,0x4F,0x00,0x00,0x1F,0x00,0x00,0x00BB,0x02C9,0x00D0,0x00,0x44,0x00,200,10,200:4044:02C9:01AE:00AA|201:4044:02B9:01AA:00AA|202:4044:02A9:01A7:00AA|203:4044:02C9:01AD:00BA|204:4044:02B9:01A9:00BA|205:4044:02A9:01A6:00BA|206:4044:02C9:01AC:00CA|207:4044:02C9:01AF:009A|208:4044:02B9:01AB:009A|209:4044:02A9:01A8:009A
round6_phase1,0xFA,2924,0x0002,0x0003,0x0000,0x01,0x0074,0x0000,0x0000,actor_748,0,0x10C748,0x01,0x2A,0x00,0x00,0x0F,0x00,0x00,0x00A3,0x02C3,0x019D,0x01,0x00,0x00,46,1,46:0004:02BB:01BA:009B
round6_phase1,0xFA,2926,0x0002,0x0003,0x0000,0x01,0x0074,0x0000,0x0000,actor_2c8,4,0x10C3C8,0x01,0xDD,0x00,0x00,0x1F,0x00,0x00,0x00C9,0x02C9,0x03B3,0x00,0x48,0x00,180,10,180:4048:02A9:03C5:00C1|181:4048:02B9:03C6:00C1|182:4048:02A9:03C7:00B1|183:4048:02A9:03C8:00A1|184:4048:02A9:03C9:0091|185:4048:02B9:03DA:00C1|186:4048:02C9:03DB:00C9|187:4048:02C9:03DC:00B9
round6_phase1,0xFA,2926,0x0002,0x0003,0x0000,0x01,0x0074,0x0000,0x0000,actor_2c8,6,0x10C448,0x01,0x4F,0x00,0x00,0x1F,0x00,0x00,0x00B9,0x02C9,0x00D0,0x00,0x44,0x00,200,10,200:4044:02C9:01AE:00A9|201:4044:02B9:01AA:00A9|202:4044:02A9:01A7:00A9|203:4044:02C9:01AD:00B9|204:4044:02B9:01A9:00B9|205:4044:02A9:01A6:00B9|206:4044:02C9:01AC:00C9|207:4044:02C9:01AF:0099|208:4044:02B9:01AB:0099|209:4044:02A9:01A8:0099
round6_phase1,0xFA,2926,0x0002,0x0003,0x0000,0x01,0x0074,0x0000,0x0000,actor_748,0,0x10C748,0x01,0x2C,0x00,0x00,0x0F,0x00,0x00,0x00A1,0x02C3,0x019D,0x01,0x00,0x00,46,1,46:0004:02BB:01BC:009A
round6_phase1,0xFA,2928,0x0002,0x0003,0x0000,0x01,0x0074,0x0000,0x0000,actor_2c8,4,0x10C3C8,0x01,0xDD,0x00,0x00,0x1F,0x00,0x00,0x00C9,0x02C9,0x03B3,0x00,0x48,0x00,180,10,180:4048:02A9:03D6:00C8|181:4048:02A9:03D7:00B8|182:4048:02B9:03D8:00C8|183:4048:02B9:03D9:00B8|184:4048:02B9:03DA:00C0|185:4048:02C9:03DB:00C8|186:4048:02C9:03DC:00B8
round6_phase1,0xFA,2928,0x0002,0x0003,0x0000,0x01,0x0074,0x0000,0x0000,actor_2c8,6,0x10C448,0x01,0x50,0x00,0x00,0x1F,0x00,0x00,0x00B9,0x02C9,0x00D0,0x00,0x44,0x00,200,10,200:4044:02C9:01AE:00A8|201:4044:02B9:01AA:00A8|202:4044:02A9:01A7:00A8|203:4044:02C9:01AD:00B8|204:4044:02B9:01A9:00B8|205:4044:02A9:01A6:00B8|206:4044:02C9:01AC:00C8|207:4044:02C9:01AF:0098|208:4044:02B9:01AB:0098|209:4044:02A9:01A8:0098
round6_phase1,0xFA,2928,0x0002,0x0003,0x0000,0x01,0x0074,0x0000,0x0000,actor_748,0,0x10C748,0x01,0x2C,0x00,0x00,0x0F,0x00,0x00,0x00A1,0x02C3,0x019D,0x01,0x00,0x00,46,1,46:0004:02BB:01BC:0099
round6_phase1,0xFA,2930,0x0002,0x0003,0x0000,0x01,0x0074,0x0000,0x0000,actor_2c8,4,0x10C3C8,0x01,0xDD,0x00,0x00,0x1F,0x00,0x00,0x00C7,0x02C9,0x03B3,0x00,0x48,0x00,180,10,180:4048:02A9:03D6:00C7|181:4048:02A9:03D7:00B7|182:4048:02B9:03D8:00C7|183:4048:02B9:03D9:00B7|184:4048:02B9:03DA:00BF|185:4048:02C9:03DB:00C7|186:4048:02C9:03DC:00B7
round6_phase1,0xFA,2930,0x0002,0x0003,0x0000,0x01,0x0074,0x0000,0x0000,actor_2c8,6,0x10C448,0x01,0x50,0x00,0x00,0x1F,0x00,0x00,0x00B7,0x02C9,0x00D0,0x00,0x44,0x00,200,10,200:4044:02C9:01B8:00A7|201:4044:02B9:01B4:00A7|202:4044:02A9:01B1:00A7|203:4044:02C9:01B7:00B7|204:4044:02B9:01B3:00B7|205:4044:02A9:01B0:00B7|206:4044:02C9:01B6:00C7|207:4044:02C9:01B9:0097|208:4044:02B9:01B5:0097|209:4044:02A9:01B2:0097
round6_phase1,0xFA,2930,0x0002,0x0003,0x0000,0x01,0x0074,0x0000,0x0000,actor_748,0,0x10C748,0x01,0x2E,0x00,0x00,0x0F,0x00,0x00,0x009F,0x02C3,0x019D,0x01,0x00,0x00,46,1,46:0004:02BB:01BE:0098
round6_phase1,0xFA,2932,0x0002,0x0003,0x0000,0x01,0x0074,0x0000,0x0000,actor_2c8,4,0x10C3C8,0x01,0xEB,0x00,0x00,0x1F,0x00,0x00,0x00C5,0x02C9,0x03B3,0x00,0x48,0x00,180,10,180:4048:02A9:03D6:00C5|181:4048:02A9:03D7:00B5|182:4048:02B9:03D8:00C5|183:4048:02B9:03D9:00B5|184:4048:02B9:03DA:00BD|185:4048:02C9:03DB:00C5|186:4048:02C9:03DC:00B5
round6_phase1,0xFA,2932,0x0002,0x0003,0x0000,0x01,0x0074,0x0000,0x0000,actor_2c8,5,0x10C408,0x01,0x61,0x01,0x00,0x01,0x00,0x00,0x01F7,0x02C9,0x02E8,0x00,0x4A,0x00,190,10,190:004A:02C9:02F6:01F1|191:004A:02B9:02F4:01F1|192:004A:02C9:02F5:01E1|193:004A:02B6:02EC:01F1|194:004A:02A6:02E9:01F1|195:004A:02B6:02EB:01E1|196:004A:02A6:02E8:01E1|197:004A:02B6:02ED:0201|198:004A:02A6:02EA:0201
round6_phase1,0xFA,2932,0x0002,0x0003,0x0000,0x01,0x0074,0x0000,0x0000,actor_2c8,6,0x10C448,0x01,0x50,0x00,0x00,0x1F,0x00,0x00,0x00B5,0x02C9,0x00D0,0x00,0x44,0x00,200,10,200:4044:02C9:01B8:00A5|201:4044:02B9:01B4:00A5|202:4044:02A9:01B1:00A5|203:4044:02C9:01B7:00B5|204:4044:02B9:01B3:00B5|205:4044:02A9:01B0:00B5|206:4044:02C9:01B6:00C5|207:4044:02C9:01B9:0095|208:4044:02B9:01B5:0095|209:4044:02A9:01B2:0095
round6_phase1,0xFA,2932,0x0002,0x0003,0x0000,0x01,0x0074,0x0000,0x0000,actor_748,0,0x10C748,0x01,0x2E,0x00,0x00,0x0F,0x00,0x00,0x009D,0x02C3,0x019D,0x01,0x00,0x00,46,1,46:0004:02BB:01BE:0096
round6_phase1,0xFA,2934,0x0002,0x0003,0x0000,0x01,0x0074,0x0000,0x0000,actor_2c8,4,0x10C3C8,0x01,0xEB,0x00,0x00,0x1F,0x00,0x00,0x00C4,0x02C9,0x03B3,0x00,0x48,0x00,180,10,180:4048:0299:03B8:00C3|181:4048:02A9:03B9:00C3|182:4048:02A9:03BA:00B3|183:4048:02B9:03BB:00C3|184:4048:02B9:03BC:00B3|185:4048:02B9:03DA:00BB|186:4048:02C9:03DB:00C3|187:4048:02C9:03DC:00B3
round6_phase1,0xFA,2934,0x0002,0x0003,0x0000,0x01,0x0074,0x0000,0x0000,actor_2c8,6,0x10C448,0x01,0x50,0x00,0x00,0x1F,0x00,0x00,0x00B4,0x02C9,0x00D0,0x00,0x44,0x00,200,10,200:4044:02C9:01B8:00A3|201:4044:02B9:01B4:00A3|202:4044:02A9:01B1:00A3|203:4044:02C9:01B7:00B3|204:4044:02B9:01B3:00B3|205:4044:02A9:01B0:00B3|206:4044:02C9:01B6:00C3|207:4044:02C9:01B9:0093|208:4044:02B9:01B5:0093|209:4044:02A9:01B2:0093
round6_phase1,0xFA,2936,0x0002,0x0003,0x0000,0x01,0x0074,0x0000,0x0000,actor_2c8,4,0x10C3C8,0x01,0xEC,0x00,0x00,0x1F,0x00,0x00,0x00C4,0x02C9,0x03B3,0x00,0x48,0x00,180,10,180:4048:02A9:03BD:00DB|181:4048:02A9:03BF:00C3|182:4048:02A9:03BA:00B3|183:4048:02B9:03BE:00D3|184:4048:02B9:03C0:00C3|185:4048:02B9:03BC:00B3|186:4048:02B9:03DA:00BB|187:4048:02C9:03DB:00C3|188:4048:02C9:03DC:00B3
round6_phase1,0xFA,2936,0x0002,0x0003,0x0000,0x01,0x0074,0x0000,0x0000,actor_2c8,5,0x10C408,0x01,0x61,0x01,0x00,0x01,0x00,0x00,0x01FA,0x02C9,0x02E8,0x00,0x4A,0x00,190,10,190:004A:02C9:02F6:01F3|191:004A:02B9:02F4:01F3|192:004A:02C9:02F5:01E3|193:004A:02B6:02EC:01F3|194:004A:02A6:02E9:01F3|195:004A:02B6:02EB:01E3|196:004A:02A6:02E8:01E3|197:004A:02B6:02ED:0203|198:004A:02A6:02EA:0203
round6_phase1,0xFA,2938,0x0002,0x0003,0x0000,0x01,0x0074,0x0000,0x0000,actor_2c8,4,0x10C3C8,0x01,0xED,0x00,0x00,0x1F,0x00,0x00,0x00C4,0x02C9,0x03B3,0x00,0x48,0x00,180,10,180:4048:02A9:03BD:00DB|181:4048:02A9:03BF:00C3|182:4048:02A9:03BA:00B3|183:4048:02B9:03BE:00D3|184:4048:02B9:03C0:00C3|185:4048:02B9:03BC:00B3|186:4048:02B9:03DA:00BB|187:4048:02C9:03DB:00C3|188:4048:02C9:03DC:00B3
round6_phase1,0xFA,2938,0x0002,0x0003,0x0000,0x01,0x0074,0x0000,0x0000,actor_2c8,5,0x10C408,0x01,0x61,0x01,0x00,0x01,0x00,0x00,0x01FC,0x02C9,0x02E8,0x00,0x4A,0x00,190,10,190:004A:02C9:02F6:01F5|191:004A:02B9:02F4:01F5|192:004A:02C9:02F5:01E5|193:004A:02B6:02EC:01F5|194:004A:02A6:02E9:01F5|195:004A:02B6:02EB:01E5|196:004A:02A6:02E8:01E5|197:004A:02B6:02ED:0205|198:004A:02A6:02EA:0205
round6_phase1,0xFA,2940,0x0002,0x0003,0x0000,0x01,0x0074,0x0000,0x0000,actor_2c8,4,0x10C3C8,0x01,0xED,0x00,0x00,0x1F,0x00,0x00,0x00C4,0x02C9,0x03B3,0x00,0x48,0x00,180,10,180:4048:02A9:03C1:00C3|181:4048:02A9:03C2:00B3|182:4048:02B9:03C3:00C3|183:4048:02B9:03C4:00B3|184:4048:02B9:03DA:00BB|185:4048:02C9:03DB:00C3|186:4048:02C9:03DC:00B3
round6_phase1,0xFA,2940,0x0002,0x0003,0x0000,0x01,0x0074,0x0000,0x0000,actor_2c8,5,0x10C408,0x01,0x60,0x01,0x00,0x01,0x00,0x00,0x01FE,0x02C9,0x02E8,0x00,0x4A,0x00,190,10,190:004A:02C9:02F3:01EE|191:004A:02B9:02F2:01EE|192:004A:02B6:02EC:01F5|193:004A:02A6:02E9:01F5|194:004A:02B6:02EB:01E5|195:004A:02A6:02E8:01E5|196:004A:02B6:02ED:0205|197:004A:02A6:02EA:0205
round6_phase1,0xFA,2942,0x0002,0x0003,0x0000,0x01,0x0074,0x0000,0x0000,actor_2c8,4,0x10C3C8,0x01,0xEE,0x00,0x00,0x1F,0x00,0x00,0x00C4,0x02C9,0x03B3,0x00,0x48,0x00,180,10,180:4048:02A9:03C5:00BB|181:4048:02B9:03C6:00BB|182:4048:02A9:03C7:00AB|183:4048:02A9:03C8:009B|184:4048:02A9:03C9:008B|185:4048:02B9:03DA:00BB|186:4048:02C9:03DB:00C3|187:4048:02C9:03DC:00B3
round6_phase1,0xFA,2942,0x0002,0x0003,0x0000,0x01,0x0074,0x0000,0x0000,actor_2c8,5,0x10C408,0x01,0x60,0x01,0x00,0x01,0x00,0x00,0x0200,0x02C9,0x02E8,0x00,0x4A,0x00,190,10,190:004A:02C9:02F3:01F0|191:004A:02B9:02F2:01F0|192:004A:02B6:02EC:01F7|193:004A:02A6:02E9:01F7|194:004A:02B6:02EB:01E7|195:004A:02A6:02E8:01E7|196:004A:02B6:02ED:0207|197:004A:02A6:02EA:0207
round6_phase1,0xFA,2944,0x0002,0x0003,0x0000,0x01,0x0074,0x0000,0x0000,actor_2c8,5,0x10C408,0x01,0x60,0x01,0x00,0x01,0x00,0x00,0x0202,0x02C9,0x02E8,0x00,0x4A,0x00,190,10,190:004A:02C9:02F3:01F2|191:004A:02B9:02F2:01F2|192:004A:02B6:02EC:01F9|193:004A:02A6:02E9:01F9|194:004A:02B6:02EB:01E9|195:004A:02A6:02E8:01E9|196:004A:02B6:02ED:0209|197:004A:02A6:02EA:0209
round6_phase1,0xFA,2944,0x0002,0x0003,0x0000,0x01,0x0074,0x0000,0x0000,actor_2c8,6,0x10C448,0x01,0x4F,0x00,0x00,0x1F,0x00,0x00,0x00B4,0x02C9,0x00D0,0x00,0x44,0x00,200,10,200:4044:02C9:01B8:00A3|201:4044:02B9:01B4:00A3|202:4044:02A9:01B1:00A3|203:4044:02C9:01B7:00B3|204:4044:02B9:01B3:00B3|205:4044:02A9:01B0:00B3|206:4044:02C9:01B6:00C3|207:4044:02C9:01B9:0093|208:4044:02B9:01B5:0093|209:4044:02A9:01B2:0093
round6_phase1,0xFA,2946,0x0002,0x0003,0x0000,0x01,0x0074,0x0000,0x0000,actor_2c8,5,0x10C408,0x01,0x60,0x01,0x00,0x01,0x00,0x00,0x0204,0x02C9,0x02E8,0x00,0x4A,0x00,190,10,190:004A:02C9:02F3:01F4|191:004A:02B9:02F2:01F4|192:004A:02B6:02EC:01FB|193:004A:02A6:02E9:01FB|194:004A:02B6:02EB:01EB|195:004A:02A6:02E8:01EB|196:004A:02B6:02ED:020B|197:004A:02A6:02EA:020B
round6_phase1,0xFA,2946,0x0002,0x0003,0x0000,0x01,0x0074,0x0000,0x0000,actor_2c8,6,0x10C448,0x01,0x4F,0x00,0x00,0x1F,0x00,0x00,0x00B4,0x02C9,0x00D0,0x00,0x44,0x00,200,10,200:4044:02C9:01AE:00A3|201:4044:02B9:01AA:00A3|202:4044:02A9:01A7:00A3|203:4044:02C9:01AD:00B3|204:4044:02B9:01A9:00B3|205:4044:02A9:01A6:00B3|206:4044:02C9:01AC:00C3|207:4044:02C9:01AF:0093|208:4044:02B9:01AB:0093|209:4044:02A9:01A8:0093
round6_phase1,0xFA,2948,0x0002,0x0003,0x0000,0x01,0x0074,0x0000,0x0000,actor_2c8,4,0x10C3C8,0x01,0xDD,0x00,0x00,0x1F,0x00,0x00,0x00C4,0x02C9,0x03B3,0x00,0x48,0x00,180,10,180:4048:02A9:03D6:00C3|181:4048:02A9:03D7:00B3|182:4048:02B9:03D8:00C3|183:4048:02B9:03D9:00B3|184:4048:02B9:03DA:00BB|185:4048:02C9:03DB:00C3|186:4048:02C9:03DC:00B3
round6_phase1,0xFA,2948,0x0002,0x0003,0x0000,0x01,0x0074,0x0000,0x0000,actor_2c8,5,0x10C408,0x01,0x61,0x01,0x00,0x01,0x00,0x00,0x0204,0x02C9,0x02E8,0x00,0x4A,0x00,190,10,190:004A:02C9:02F6:01FD|191:004A:02B9:02F4:01FD|192:004A:02C9:02F5:01ED|193:004A:02B6:02EC:01FD|194:004A:02A6:02E9:01FD|195:004A:02B6:02EB:01ED|196:004A:02A6:02E8:01ED|197:004A:02B6:02ED:020D|198:004A:02A6:02EA:020D
round6_phase1,0xFA,2950,0x0002,0x0003,0x0000,0x01,0x0074,0x0000,0x0000,actor_2c8,5,0x10C408,0x01,0x61,0x01,0x00,0x01,0x00,0x00,0x0205,0x02C9,0x02E8,0x00,0x4A,0x00,190,10,190:004A:02C9:02F6:01FF|191:004A:02B9:02F4:01FF|192:004A:02C9:02F5:01EF|193:004A:02B6:02EC:01FF|194:004A:02A6:02E9:01FF|195:004A:02B6:02EB:01EF|196:004A:02A6:02E8:01EF|197:004A:02B6:02ED:020F|198:004A:02A6:02EA:020F
round6_phase1,0xFA,2952,0x0002,0x0003,0x0000,0x01,0x0074,0x0000,0x0000,actor_2c8,4,0x10C3C8,0x01,0xDE,0x00,0x00,0x02,0x00,0x00,0x00C1,0x02C9,0x03B3,0x00,0x48,0x00,180,10,180:4048:02AA:03D6:00C0|181:4048:02AA:03D7:00B0|182:4048:02BA:03D8:00C0|183:4048:02BA:03D9:00B0|184:4048:02BA:03DD:00B8|185:4048:02CA:03DE:00B8
round6_phase1,0xFA,2952,0x0002,0x0003,0x0000,0x01,0x0074,0x0000,0x0000,actor_2c8,5,0x10C408,0x01,0x61,0x01,0x00,0x01,0x00,0x00,0x0207,0x02C9,0x02E8,0x00,0x4A,0x00,190,10,190:004A:02C9:02F6:0200|191:004A:02B9:02F4:0200|192:004A:02C9:02F5:01F0|193:004A:02B6:02EC:0200|194:004A:02A6:02E9:0200|195:004A:02B6:02EB:01F0|196:004A:02A6:02E8:01F0|197:004A:02B6:02ED:0210|198:004A:02A6:02EA:0210
round6_phase1,0xFA,2952,0x0002,0x0003,0x0000,0x01,0x0074,0x0000,0x0000,actor_2c8,6,0x10C448,0x01,0x4E,0x00,0x00,0x1F,0x00,0x00,0x00B3,0x02C9,0x00D0,0x00,0x44,0x00,200,10,200:4044:02C9:01AE:00A2|201:4044:02B9:01AA:00A2|202:4044:02A9:01A7:00A2|203:4044:02C9:01AD:00B2|204:4044:02B9:01A9:00B2|205:4044:02A9:01A6:00B2|206:4044:02C9:01AC:00C2|207:4044:02C9:01AF:0092|208:4044:02B9:01AB:0092|209:4044:02A9:01A8:0092
round6_phase1,0xFA,2954,0x0002,0x0003,0x0000,0x01,0x0074,0x0000,0x0000,actor_2c8,4,0x10C3C8,0x01,0xDE,0x00,0x00,0x02,0x00,0x00,0x00BD,0x02C9,0x03B3,0x00,0x48,0x00,180,10,180:4048:02AA:03D6:00BD|181:4048:02AA:03D7:00AD|182:4048:02BA:03D8:00BD|183:4048:02BA:03D9:00AD|184:4048:02BA:03DD:00B5|185:4048:02CA:03DE:00B5
round6_phase1,0xFA,2954,0x0002,0x0003,0x0000,0x01,0x0074,0x0000,0x0000,actor_2c8,5,0x10C408,0x01,0x61,0x01,0x00,0x01,0x00,0x00,0x0207,0x02C9,0x02E8,0x00,0x4A,0x00,190,10,190:004A:02C9:02F6:0201|191:004A:02B9:02F4:0201|192:004A:02C9:02F5:01F1|193:004A:02B6:02EC:0201|194:004A:02A6:02E9:0201|195:004A:02B6:02EB:01F1|196:004A:02A6:02E8:01F1|197:004A:02B6:02ED:0211|198:004A:02A6:02EA:0211
round6_phase1,0xFA,2954,0x0002,0x0003,0x0000,0x01,0x0074,0x0000,0x0000,actor_2c8,6,0x10C448,0x01,0x4E,0x00,0x00,0x1F,0x00,0x00,0x00B1,0x02C9,0x00D0,0x00,0x44,0x00,200,10,200:4044:02C9:01A4:00A1|201:4044:02B9:01A0:00A1|202:4044:02A9:019E:00A1|203:4044:02C9:01A3:00B1|204:4044:02B9:019F:00B1|205:4044:02A9:019D:00B1|206:4044:02C9:01A2:00C1|207:4044:02C9:01A5:0091|208:4044:02B9:01A1:0091
round6_phase1,0xFA,2956,0x0002,0x0003,0x0000,0x01,0x0074,0x0000,0x0000,actor_2c8,4,0x10C3C8,0x01,0xDF,0x00,0x00,0x02,0x00,0x00,0x00BB,0x02C9,0x03B3,0x00,0x48,0x00,180,10,180:4048:02A9:03D6:00BA|181:4048:02A9:03D7:00AA|182:4048:02B9:03D8:00BA|183:4048:02B9:03D9:00AA|184:4048:02B9:03DF:00B2|185:4048:02C9:03E0:00BA|186:4048:02C9:03E1:00AA
round6_phase1,0xFA,2956,0x0002,0x0003,0x0000,0x01,0x0074,0x0000,0x0000,actor_2c8,5,0x10C408,0x01,0x62,0x01,0x00,0x01,0x00,0x00,0x0209,0x02C9,0x02E8,0x00,0x4A,0x00,190,10,190:004A:02C9:02F8:01FE|191:004A:02B9:02F7:01FE|192:004A:02B6:02EC:0202|193:004A:02A6:02E9:0202|194:004A:02B6:02EB:01F2|195:004A:02A6:02E8:01F2|196:004A:02B6:02ED:0212|197:004A:02A6:02EA:0212
round6_phase1,0xFA,2956,0x0002,0x0003,0x0000,0x01,0x0074,0x0000,0x0000,actor_2c8,6,0x10C448,0x01,0x4E,0x00,0x00,0x1F,0x00,0x00,0x00B1,0x02C9,0x00D0,0x00,0x44,0x00,200,10,200:4044:02C9:01A4:00A0|201:4044:02B9:01A0:00A0|202:4044:02A9:019E:00A0|203:4044:02C9:01A3:00B0|204:4044:02B9:019F:00B0|205:4044:02A9:019D:00B0|206:4044:02C9:01A2:00C0|207:4044:02C9:01A5:0090|208:4044:02B9:01A1:0090
round6_phase1,0xFA,2958,0x0002,0x0003,0x0000,0x01,0x0074,0x0000,0x0000,actor_2c8,4,0x10C3C8,0x01,0xDF,0x00,0x00,0x02,0x00,0x00,0x00B7,0x02C9,0x03B3,0x00,0x48,0x00,180,10,180:4048:02A9:03D6:00B7|181:4048:02A9:03D7:00A7|182:4048:02B9:03D8:00B7|183:4048:02B9:03D9:00A7|184:4048:02B9:03DF:00AF|185:4048:02C9:03E0:00B7|186:4048:02C9:03E1:00A7
round6_phase1,0xFA,2958,0x0002,0x0003,0x0000,0x01,0x0074,0x0000,0x0000,actor_2c8,5,0x10C408,0x01,0x62,0x01,0x00,0x01,0x00,0x00,0x0209,0x02C9,0x02E8,0x00,0x4A,0x00,190,10,190:004A:02C9:02F8:01FD|191:004A:02B9:02F7:01FD|192:004A:02B6:02EC:0201|193:004A:02A6:02E9:0201|194:004A:02B6:02EB:01F1|195:004A:02A6:02E8:01F1|196:004A:02B6:02ED:0211|197:004A:02A6:02EA:0211
round6_phase1,0xFA,2958,0x0002,0x0003,0x0000,0x01,0x0074,0x0000,0x0000,actor_2c8,6,0x10C448,0x01,0x4E,0x00,0x00,0x1F,0x00,0x00,0x00AF,0x02C9,0x00D0,0x00,0x44,0x00,200,10,200:4044:02C9:01A4:009F|201:4044:02B9:01A0:009F|202:4044:02A9:019E:009F|203:4044:02C9:01A3:00AF|204:4044:02B9:019F:00AF|205:4044:02A9:019D:00AF|206:4044:02C9:01A2:00BF|207:4044:02C9:01A5:008F|208:4044:02B9:01A1:008F
round6_phase1,0xFA,2960,0x0002,0x0003,0x0000,0x01,0x0074,0x0000,0x0000,actor_2c8,4,0x10C3C8,0x01,0xEB,0x00,0x00,0x1F,0x00,0x00,0x00B7,0x02C9,0x03B3,0x00,0x48,0x00,180,10,180:4048:02A9:03D6:00B6|181:4048:02A9:03D7:00A6|182:4048:02B9:03D8:00B6|183:4048:02B9:03D9:00A6|184:4048:02B9:03DF:00AE|185:4048:02C9:03E0:00B6|186:4048:02C9:03E1:00A6
round6_phase1,0xFA,2960,0x0002,0x0003,0x0000,0x01,0x0074,0x0000,0x0000,actor_2c8,6,0x10C448,0x01,0x4E,0x00,0x00,0x1F,0x00,0x00,0x00AF,0x02C9,0x00D0,0x00,0x44,0x00,200,10,200:4044:02C9:01A4:009E|201:4044:02B9:01A0:009E|202:4044:02A9:019E:009E|203:4044:02C9:01A3:00AE|204:4044:02B9:019F:00AE|205:4044:02A9:019D:00AE|206:4044:02C9:01A2:00BE|207:4044:02C9:01A5:008E|208:4044:02B9:01A1:008E
round6_phase1,0xFA,2962,0x0002,0x0003,0x0000,0x01,0x0074,0x0000,0x0000,actor_2c8,4,0x10C3C8,0x01,0xEB,0x00,0x00,0x1F,0x00,0x00,0x00B5,0x02C9,0x03B3,0x00,0x48,0x00,180,10,180:4048:0299:03B8:00B5|181:4048:02A9:03B9:00B5|182:4048:02A9:03BA:00A5|183:4048:02B9:03BB:00B5|184:4048:02B9:03BC:00A5|185:4048:02B9:03DA:00AD|186:4048:02C9:03DB:00B5|187:4048:02C9:03DC:00A5
round6_phase1,0xFA,2962,0x0002,0x0003,0x0000,0x01,0x0074,0x0000,0x0000,actor_2c8,5,0x10C408,0x01,0x62,0x01,0x00,0x01,0x00,0x00,0x020B,0x02C9,0x02E8,0x00,0x4A,0x00,190,10,190:004A:02C9:02F8:01FF|191:004A:02B9:02F7:01FF|192:004A:02B6:02EC:0203|193:004A:02A6:02E9:0203|194:004A:02B6:02EB:01F3|195:004A:02A6:02E8:01F3|196:004A:02B6:02ED:0213|197:004A:02A6:02EA:0213
round6_phase1,0xFA,2962,0x0002,0x0003,0x0000,0x01,0x0074,0x0000,0x0000,actor_2c8,6,0x10C448,0x01,0x4E,0x00,0x00,0x1F,0x00,0x00,0x00AD,0x02C9,0x00D0,0x00,0x44,0x00,200,10,200:4044:02C9:01A4:009D|201:4044:02B9:01A0:009D|202:4044:02A9:019E:009D|203:4044:02C9:01A3:00AD|204:4044:02B9:019F:00AD|205:4044:02A9:019D:00AD|206:4044:02C9:01A2:00BD|207:4044:02C9:01A5:008D|208:4044:02B9:01A1:008D
round6_phase1,0xFA,2964,0x0002,0x0003,0x0000,0x01,0x0074,0x0000,0x0000,actor_2c8,4,0x10C3C8,0x01,0xEC,0x00,0x00,0x1F,0x00,0x00,0x00B5,0x02C9,0x03B3,0x00,0x48,0x00,180,10,180:4048:02A9:03BD:00CC|181:4048:02A9:03BF:00B4|182:4048:02A9:03BA:00A4|183:4048:02B9:03BE:00C4|184:4048:02B9:03C0:00B4|185:4048:02B9:03BC:00A4|186:4048:02B9:03DA:00AC|187:4048:02C9:03DB:00B4|188:4048:02C9:03DC:00A4
round6_phase1,0xFA,2964,0x0002,0x0003,0x0000,0x01,0x0074,0x0000,0x0000,actor_2c8,5,0x10C408,0x01,0x61,0x01,0x00,0x01,0x00,0x00,0x020D,0x02C9,0x02E8,0x00,0x4A,0x00,190,10,190:004A:02C9:02F6:0204|191:004A:02B9:02F4:0204|192:004A:02C9:02F5:01F4|193:004A:02B6:02EC:0204|194:004A:02A6:02E9:0204|195:004A:02B6:02EB:01F4|196:004A:02A6:02E8:01F4|197:004A:02B6:02ED:0214|198:004A:02A6:02EA:0214
round6_phase1,0xFA,2964,0x0002,0x0003,0x0000,0x01,0x0074,0x0000,0x0000,actor_2c8,6,0x10C448,0x01,0x4E,0x00,0x00,0x1F,0x00,0x00,0x00AD,0x02C9,0x00D0,0x00,0x44,0x00,200,10,200:4044:02C9:01A4:009C|201:4044:02B9:01A0:009C|202:4044:02A9:019E:009C|203:4044:02C9:01A3:00AC|204:4044:02B9:019F:00AC|205:4044:02A9:019D:00AC|206:4044:02C9:01A2:00BC|207:4044:02C9:01A5:008C|208:4044:02B9:01A1:008C
round6_phase1,0xFA,2966,0x0002,0x0003,0x0000,0x01,0x0074,0x0000,0x0000,actor_2c8,4,0x10C3C8,0x01,0xED,0x00,0x00,0x1F,0x00,0x00,0x00B3,0x02C9,0x03B3,0x00,0x48,0x00,180,10,180:4048:02A9:03BD:00CB|181:4048:02A9:03BF:00B3|182:4048:02A9:03BA:00A3|183:4048:02B9:03BE:00C3|184:4048:02B9:03C0:00B3|185:4048:02B9:03BC:00A3|186:4048:02B9:03DA:00AB|187:4048:02C9:03DB:00B3|188:4048:02C9:03DC:00A3
round6_phase1,0xFA,2966,0x0002,0x0003,0x0000,0x01,0x0074,0x0000,0x0000,actor_2c8,5,0x10C408,0x01,0x61,0x01,0x00,0x01,0x00,0x00,0x020B,0x02C9,0x02E8,0x00,0x4A,0x00,190,10,190:004A:02C9:02F6:0205|191:004A:02B9:02F4:0205|192:004A:02C9:02F5:01F5|193:004A:02B6:02EC:0205|194:004A:02A6:02E9:0205|195:004A:02B6:02EB:01F5|196:004A:02A6:02E8:01F5|197:004A:02B6:02ED:0215|198:004A:02A6:02EA:0215
round6_phase1,0xFA,2966,0x0002,0x0003,0x0000,0x01,0x0074,0x0000,0x0000,actor_2c8,6,0x10C448,0x01,0x4E,0x00,0x00,0x1F,0x00,0x00,0x00AB,0x02C9,0x00D0,0x00,0x44,0x00,200,10,200:4044:02C9:01A4:009B|201:4044:02B9:01A0:009B|202:4044:02A9:019E:009B|203:4044:02C9:01A3:00AB|204:4044:02B9:019F:00AB|205:4044:02A9:019D:00AB|206:4044:02C9:01A2:00BB|207:4044:02C9:01A5:008B|208:4044:02B9:01A1:008B
round6_phase1,0xFA,2968,0x0002,0x0003,0x0000,0x01,0x0074,0x0000,0x0000,actor_2c8,4,0x10C3C8,0x01,0xED,0x00,0x00,0x1F,0x00,0x00,0x00B3,0x02C9,0x03B3,0x00,0x48,0x00,180,10,180:4048:02A9:03C1:00B2|181:4048:02A9:03C2:00A2|182:4048:02B9:03C3:00B2|183:4048:02B9:03C4:00A2|184:4048:02B9:03DA:00AA|185:4048:02C9:03DB:00B2|186:4048:02C9:03DC:00A2
round6_phase1,0xFA,2968,0x0002,0x0003,0x0000,0x01,0x0074,0x0000,0x0000,actor_2c8,5,0x10C408,0x01,0x61,0x01,0x00,0x01,0x00,0x00,0x020D,0x02C9,0x02E8,0x00,0x4A,0x00,190,10,190:004A:02C9:02F6:0206|191:004A:02B9:02F4:0206|192:004A:02C9:02F5:01F6|193:004A:02B6:02EC:0206|194:004A:02A6:02E9:0206|195:004A:02B6:02EB:01F6|196:004A:02A6:02E8:01F6|197:004A:02B6:02ED:0216|198:004A:02A6:02EA:0216
round6_phase1,0xFA,2968,0x0002,0x0003,0x0000,0x01,0x0074,0x0000,0x0000,actor_2c8,6,0x10C448,0x01,0x4F,0x00,0x00,0x1F,0x00,0x00,0x00AB,0x02C9,0x00D0,0x00,0x44,0x00,200,10,200:4044:02C9:01A4:009A|201:4044:02B9:01A0:009A|202:4044:02A9:019E:009A|203:4044:02C9:01A3:00AA|204:4044:02B9:019F:00AA|205:4044:02A9:019D:00AA|206:4044:02C9:01A2:00BA|207:4044:02C9:01A5:008A|208:4044:02B9:01A1:008A
round6_phase1,0xFA,2970,0x0002,0x0003,0x0000,0x01,0x0074,0x0000,0x0000,actor_2c8,4,0x10C3C8,0x01,0xEE,0x00,0x00,0x1F,0x00,0x00,0x00B1,0x02C9,0x03B3,0x00,0x48,0x00,180,10,180:4048:02A9:03C5:00A9|181:4048:02B9:03C6:00A9|182:4048:02A9:03C7:0099|183:4048:02A9:03C8:0089|184:4048:02A9:03C9:0079|185:4048:02B9:03DA:00A9|186:4048:02C9:03DB:00B1|187:4048:02C9:03DC:00A1
round6_phase1,0xFA,2970,0x0002,0x0003,0x0000,0x01,0x0074,0x0000,0x0000,actor_2c8,5,0x10C408,0x01,0x61,0x01,0x00,0x01,0x00,0x00,0x020D,0x02C9,0x02E8,0x00,0x4A,0x00,190,10,190:004A:02C9:02F6:0207|191:004A:02B9:02F4:0207|192:004A:02C9:02F5:01F7|193:004A:02B6:02EC:0207|194:004A:02A6:02E9:0207|195:004A:02B6:02EB:01F7|196:004A:02A6:02E8:01F7|197:004A:02B6:02ED:0217|198:004A:02A6:02EA:0217
round6_phase1,0xFA,2970,0x0002,0x0003,0x0000,0x01,0x0074,0x0000,0x0000,actor_2c8,6,0x10C448,0x01,0x4F,0x00,0x00,0x1F,0x00,0x00,0x00A9,0x02C9,0x00D0,0x00,0x44,0x00,200,10,200:4044:02C9:01AE:0099|201:4044:02B9:01AA:0099|202:4044:02A9:01A7:0099|203:4044:02C9:01AD:00A9|204:4044:02B9:01A9:00A9|205:4044:02A9:01A6:00A9|206:4044:02C9:01AC:00B9|207:4044:02C9:01AF:0089|208:4044:02B9:01AB:0089|209:4044:02A9:01A8:0089
round6_phase1,0xFA,2970,0x0002,0x0003,0x0000,0x01,0x0074,0x0000,0x0000,actor_748,0,0x10C748,0x01,0x2B,0x00,0x00,0x01,0x00,0x00,0x008D,0x02C2,0x019D,0x01,0x00,0x00,46,1,46:0004:02BB:01BB:008A
round6_phase1,0xFA,2972,0x0002,0x0003,0x0000,0x01,0x0074,0x0000,0x0000,actor_2c8,4,0x10C3C8,0x01,0xEE,0x00,0x00,0x1F,0x00,0x00,0x00B1,0x02C9,0x03B3,0x00,0x48,0x00,180,10,180:4048:02A9:03C5:00A8|181:4048:02B9:03C6:00A8|182:4048:02A9:03C7:0098|183:4048:02A9:03C8:0088|184:4048:02A9:03C9:0078|185:4048:02B9:03DA:00A8|186:4048:02C9:03DB:00B0|187:4048:02C9:03DC:00A0
round6_phase1,0xFA,2972,0x0002,0x0003,0x0000,0x01,0x0074,0x0000,0x0000,actor_2c8,5,0x10C408,0x01,0x60,0x01,0x00,0x01,0x00,0x00,0x020F,0x02C9,0x02E8,0x00,0x4A,0x00,190,10,190:004A:02C9:02F3:0201|191:004A:02B9:02F2:0201|192:004A:02B6:02EC:0208|193:004A:02A6:02E9:0208|194:004A:02B6:02EB:01F8|195:004A:02A6:02E8:01F8|196:004A:02B6:02ED:0218|197:004A:02A6:02EA:0218
round6_phase1,0xFA,2972,0x0002,0x0003,0x0000,0x01,0x0074,0x0000,0x0000,actor_2c8,6,0x10C448,0x01,0x4F,0x00,0x00,0x1F,0x00,0x00,0x00A9,0x02C9,0x00D0,0x00,0x44,0x00,200,10,200:4044:02C9:01AE:0098|201:4044:02B9:01AA:0098|202:4044:02A9:01A7:0098|203:4044:02C9:01AD:00A8|204:4044:02B9:01A9:00A8|205:4044:02A9:01A6:00A8|206:4044:02C9:01AC:00B8|207:4044:02C9:01AF:0088|208:4044:02B9:01AB:0088|209:4044:02A9:01A8:0088
round6_phase1,0xFA,2972,0x0002,0x0003,0x0000,0x01,0x0074,0x0000,0x0000,actor_748,0,0x10C748,0x01,0x2A,0x00,0x00,0x01,0x00,0x00,0x0089,0x02C1,0x019D,0x01,0x00,0x00,46,1,46:0004:02BA:01BA:0085
round6_phase1,0xFA,2974,0x0002,0x0003,0x0000,0x01,0x0074,0x0000,0x0000,actor_2c8,5,0x10C408,0x01,0x60,0x01,0x00,0x01,0x00,0x00,0x0211,0x02C9,0x02E8,0x00,0x4A,0x00,190,10,190:004A:02C9:02F3:0203|191:004A:02B9:02F2:0203|192:004A:02B6:02EC:020A|193:004A:02A6:02E9:020A|194:004A:02B6:02EB:01FA|195:004A:02A6:02E8:01FA|196:004A:02B6:02ED:021A|197:004A:02A6:02EA:021A
round6_phase1,0xFA,2974,0x0002,0x0003,0x0000,0x01,0x0074,0x0000,0x0000,actor_748,0,0x10C748,0x01,0x2A,0x00,0x00,0x01,0x00,0x00,0x0086,0x02C1,0x019D,0x01,0x00,0x00,46,1,46:0004:02B9:01BA:0081
round6_phase1,0xFA,2976,0x0002,0x0003,0x0000,0x01,0x0074,0x0000,0x0000,actor_2c8,4,0x10C3C8,0x01,0xDD,0x00,0x00,0x1F,0x00,0x00,0x00B1,0x02C9,0x03B3,0x00,0x48,0x00,180,10,180:4048:02A9:03D6:00B0|181:4048:02A9:03D7:00A0|182:4048:02B9:03D8:00B0|183:4048:02B9:03D9:00A0|184:4048:02B9:03DA:00A8|185:4048:02C9:03DB:00B0|186:4048:02C9:03DC:00A0
round6_phase1,0xFA,2976,0x0002,0x0003,0x0000,0x01,0x0074,0x0000,0x0000,actor_2c8,6,0x10C448,0x01,0x50,0x00,0x00,0x1F,0x00,0x00,0x00A9,0x02C9,0x00D0,0x00,0x44,0x00,200,10,200:4044:02C9:01AE:0098|201:4044:02B9:01AA:0098|202:4044:02A9:01A7:0098|203:4044:02C9:01AD:00A8|204:4044:02B9:01A9:00A8|205:4044:02A9:01A6:00A8|206:4044:02C9:01AC:00B8|207:4044:02C9:01AF:0088|208:4044:02B9:01AB:0088|209:4044:02A9:01A8:0088
round6_phase1,0xFA,2976,0x0002,0x0003,0x0000,0x01,0x0074,0x0000,0x0000,actor_748,0,0x10C748,0x01,0x2B,0x00,0x00,0x01,0x00,0x00,0x0083,0x02C1,0x019D,0x01,0x00,0x00,46,1,46:0004:02B9:01BB:007E
round6_phase1,0xFA,2978,0x0002,0x0003,0x0000,0x01,0x0074,0x0000,0x0000,actor_2c8,5,0x10C408,0x01,0x60,0x01,0x00,0x01,0x00,0x00,0x0215,0x02C9,0x02E8,0x00,0x4A,0x00,190,10,190:004A:02C9:02F3:0205|191:004A:02B9:02F2:0205|192:004A:02B6:02EC:020C|193:004A:02A6:02E9:020C|194:004A:02B6:02EB:01FC|195:004A:02A6:02E8:01FC|196:004A:02B6:02ED:021C|197:004A:02A6:02EA:021C
round6_phase1,0xFA,2978,0x0002,0x0003,0x0000,0x01,0x0074,0x0000,0x0000,actor_2c8,6,0x10C448,0x01,0x50,0x00,0x00,0x1F,0x00,0x00,0x00A9,0x02C9,0x00D0,0x00,0x44,0x00,200,10,200:4044:02C9:01B8:0098|201:4044:02B9:01B4:0098|202:4044:02A9:01B1:0098|203:4044:02C9:01B7:00A8|204:4044:02B9:01B3:00A8|205:4044:02A9:01B0:00A8|206:4044:02C9:01B6:00B8|207:4044:02C9:01B9:0088|208:4044:02B9:01B5:0088|209:4044:02A9:01B2:0088
round6_phase1,0xFA,2978,0x0002,0x0003,0x0000,0x01,0x0074,0x0000,0x0000,actor_748,0,0x10C748,0x01,0x2B,0x00,0x00,0x01,0x00,0x00,0x0080,0x02C1,0x019D,0x01,0x00,0x00,46,1,46:0004:02B9:01BB:007B
round6_phase1,0xFA,2980,0x0002,0x0003,0x0000,0x01,0x0074,0x0000,0x0000,actor_2c8,5,0x10C408,0x01,0x61,0x01,0x00,0x01,0x00,0x00,0x0217,0x02C9,0x02E8,0x00,0x4A,0x00,190,10,190:004A:02C9:02F6:020E|191:004A:02B9:02F4:020E|192:004A:02C9:02F5:01FE|193:004A:02B6:02EC:020E|194:004A:02A6:02E9:020E|195:004A:02B6:02EB:01FE|196:004A:02A6:02E8:01FE|197:004A:02B6:02ED:021E|198:004A:02A6:02EA:021E
round6_phase1,0xFA,2980,0x0002,0x0003,0x0000,0x01,0x0074,0x0000,0x0000,actor_748,0,0x10C748,0x01,0x2A,0x00,0x00,0x01,0x00,0x00,0x007D,0x02C1,0x019D,0x01,0x00,0x00,46,1,46:0004:02B9:01BA:0078
round6_phase1,0xFA,2982,0x0002,0x0003,0x0000,0x01,0x0074,0x0000,0x0000,actor_2c8,4,0x10C3C8,0x01,0xEB,0x00,0x00,0x1F,0x00,0x00,0x00B1,0x02C9,0x03B3,0x00,0x48,0x00,180,10,180:4048:0299:03B8:00B0|181:4048:02A9:03B9:00B0|182:4048:02A9:03BA:00A0|183:4048:02B9:03BB:00B0|184:4048:02B9:03BC:00A0|185:4048:02B9:03DA:00A8|186:4048:02C9:03DB:00B0|187:4048:02C9:03DC:00A0
round6_phase1,0xFA,2982,0x0002,0x0003,0x0000,0x01,0x0074,0x0000,0x0000,actor_2c8,5,0x10C408,0x01,0x61,0x01,0x00,0x01,0x00,0x00,0x0219,0x02C9,0x02E8,0x00,0x4A,0x00,190,10,190:004A:02C9:02F6:0210|191:004A:02B9:02F4:0210|192:004A:02C9:02F5:0200|193:004A:02B6:02EC:0210|194:004A:02A6:02E9:0210|195:004A:02B6:02EB:0200|196:004A:02A6:02E8:0200|197:004A:02B6:02ED:0220|198:004A:02A6:02EA:0220
round6_phase1,0xFA,2982,0x0002,0x0003,0x0000,0x01,0x0074,0x0000,0x0000,actor_748,0,0x10C748,0x01,0x2A,0x00,0x00,0x01,0x00,0x00,0x007A,0x02C1,0x019D,0x01,0x00,0x00,46,1,46:0004:02B9:01BA:0075
round6_phase1,0xFA,2984,0x0002,0x0003,0x0000,0x01,0x0074,0x0000,0x0000,actor_2c8,4,0x10C3C8,0x01,0xEC,0x00,0x00,0x1F,0x00,0x00,0x00B1,0x02C9,0x03B3,0x00,0x48,0x00,180,10,180:4048:0299:03B8:00B0|181:4048:02A9:03B9:00B0|182:4048:02A9:03BA:00A0|183:4048:02B9:03BB:00B0|184:4048:02B9:03BC:00A0|185:4048:02B9:03DA:00A8|186:4048:02C9:03DB:00B0|187:4048:02C9:03DC:00A0
round6_phase1,0xFA,2984,0x0002,0x0003,0x0000,0x01,0x0074,0x0000,0x0000,actor_2c8,5,0x10C408,0x01,0x61,0x01,0x00,0x01,0x00,0x00,0x0219,0x02C9,0x02E8,0x00,0x4A,0x00,190,10,190:004A:02C9:02F6:0212|191:004A:02B9:02F4:0212|192:004A:02C9:02F5:0202|193:004A:02B6:02EC:0212|194:004A:02A6:02E9:0212|195:004A:02B6:02EB:0202|196:004A:02A6:02E8:0202|197:004A:02B6:02ED:0222|198:004A:02A6:02EA:0222
round6_phase1,0xFA,2984,0x0002,0x0003,0x0000,0x01,0x0074,0x0000,0x0000,actor_748,0,0x10C748,0x01,0x2B,0x00,0x00,0x01,0x00,0x00,0x0077,0x02C1,0x019D,0x01,0x00,0x00,46,1,46:0004:02B9:01BB:0072
round6_phase1,0xFA,2986,0x0002,0x0003,0x0000,0x01,0x0074,0x0000,0x0000,actor_2c8,4,0x10C3C8,0x01,0xEC,0x00,0x00,0x1F,0x00,0x00,0x00B1,0x02C9,0x03B3,0x00,0x48,0x00,180,10,180:4048:02A9:03BD:00C8|181:4048:02A9:03BF:00B0|182:4048:02A9:03BA:00A0|183:4048:02B9:03BE:00C0|184:4048:02B9:03C0:00B0|185:4048:02B9:03BC:00A0|186:4048:02B9:03DA:00A8|187:4048:02C9:03DB:00B0|188:4048:02C9:03DC:00A0
round6_phase1,0xFA,2986,0x0002,0x0003,0x0000,0x01,0x0074,0x0000,0x0000,actor_2c8,5,0x10C408,0x01,0x61,0x01,0x00,0x01,0x00,0x00,0x021B,0x02C9,0x02E8,0x00,0x4A,0x00,190,10,190:004A:02C9:02F6:0214|191:004A:02B9:02F4:0214|192:004A:02C9:02F5:0204|193:004A:02B6:02EC:0214|194:004A:02A6:02E9:0214|195:004A:02B6:02EB:0204|196:004A:02A6:02E8:0204|197:004A:02B6:02ED:0224|198:004A:02A6:02EA:0224
round6_phase1,0xFA,2986,0x0002,0x0003,0x0000,0x01,0x0074,0x0000,0x0000,actor_748,0,0x10C748,0x01,0x2D,0x00,0x00,0x01,0x00,0x00,0x0073,0x02C2,0x019D,0x01,0x00,0x00,46,1,46:0004:02B9:01BB:006F
round6_phase1,0xFA,2988,0x0002,0x0003,0x0000,0x01,0x0074,0x0000,0x0000,actor_2c8,4,0x10C3C8,0x01,0xED,0x00,0x00,0x1F,0x00,0x00,0x00B1,0x02C9,0x03B3,0x00,0x48,0x00,180,10,180:4048:02A9:03C1:00B0|181:4048:02A9:03C2:00A0|182:4048:02B9:03C3:00B0|183:4048:02B9:03C4:00A0|184:4048:02B9:03DA:00A8|185:4048:02C9:03DB:00B0|186:4048:02C9:03DC:00A0
round6_phase1,0xFA,2988,0x0002,0x0003,0x0000,0x01,0x0074,0x0000,0x0000,actor_2c8,5,0x10C408,0x01,0x62,0x01,0x00,0x01,0x00,0x00,0x021D,0x02C9,0x02E8,0x00,0x4A,0x00,190,10,190:004A:02C9:02F8:0212|191:004A:02B9:02F7:0212|192:004A:02B6:02EC:0216|193:004A:02A6:02E9:0216|194:004A:02B6:02EB:0206|195:004A:02A6:02E8:0206|196:004A:02B6:02ED:0226|197:004A:02A6:02EA:0226
round6_phase1,0xFA,2988,0x0002,0x0003,0x0000,0x01,0x0074,0x0000,0x0000,actor_748,0,0x10C748,0x01,0x2C,0x00,0x00,0x01,0x00,0x00,0x006F,0x02C3,0x019D,0x01,0x00,0x00,46,1,46:0004:02BA:01BC:006B
round6_phase1,0xFA,2990,0x0002,0x0003,0x0000,0x01,0x0074,0x0000,0x0000,actor_2c8,4,0x10C3C8,0x01,0xEE,0x00,0x00,0x1F,0x00,0x00,0x00B1,0x02C9,0x03B3,0x00,0x48,0x00,180,10,180:4048:02A9:03C1:00B0|181:4048:02A9:03C2:00A0|182:4048:02B9:03C3:00B0|183:4048:02B9:03C4:00A0|184:4048:02B9:03DA:00A8|185:4048:02C9:03DB:00B0|186:4048:02C9:03DC:00A0
round6_phase1,0xFA,2990,0x0002,0x0003,0x0000,0x01,0x0074,0x0000,0x0000,actor_2c8,5,0x10C408,0x01,0x62,0x01,0x00,0x01,0x00,0x00,0x021F,0x02C9,0x02E8,0x00,0x4A,0x00,190,10,190:004A:02C9:02F8:0214|191:004A:02B9:02F7:0214|192:004A:02B6:02EC:0218|193:004A:02A6:02E9:0218|194:004A:02B6:02EB:0208|195:004A:02A6:02E8:0208|196:004A:02B6:02ED:0228|197:004A:02A6:02EA:0228
round6_phase1,0xFA,2990,0x0002,0x0003,0x0000,0x01,0x0074,0x0000,0x0000,actor_748,0,0x10C748,0x01,0x2C,0x00,0x00,0x01,0x00,0x00,0x006B,0x02C4,0x019D,0x01,0x00,0x00,46,1,46:0004:02BB:01BC:0067
round6_phase1,0xFA,2992,0x0002,0x0003,0x0000,0x01,0x0074,0x0000,0x0000,actor_2c8,5,0x10C408,0x01,0x62,0x01,0x00,0x01,0x00,0x00,0x0221,0x02C9,0x02E8,0x00,0x4A,0x00,190,10,190:004A:02C9:02F8:0216|191:004A:02B9:02F7:0216|192:004A:02B6:02EC:021A|193:004A:02A6:02E9:021A|194:004A:02B6:02EB:020A|195:004A:02A6:02E8:020A|196:004A:02B6:02ED:022A|197:004A:02A6:02EA:022A
round6_phase1,0xFA,2992,0x0002,0x0003,0x0000,0x01,0x0074,0x0000,0x0000,actor_2c8,6,0x10C448,0x01,0x4F,0x00,0x00,0x1F,0x00,0x00,0x00A9,0x02C9,0x00D0,0x00,0x44,0x00,200,10,200:4044:02C9:01B8:0098|201:4044:02B9:01B4:0098|202:4044:02A9:01B1:0098|203:4044:02C9:01B7:00A8|204:4044:02B9:01B3:00A8|205:4044:02A9:01B0:00A8|206:4044:02C9:01B6:00B8|207:4044:02C9:01B9:0088|208:4044:02B9:01B5:0088|209:4044:02A9:01B2:0088
round6_phase1,0xFA,2992,0x0002,0x0003,0x0000,0x01,0x0074,0x0000,0x0000,actor_748,0,0x10C748,0x01,0x2D,0x00,0x00,0x01,0x00,0x00,0x0068,0x02C5,0x019D,0x01,0x00,0x00,46,1,46:0004:02BC:01BD:0063
round6_phase1,0xFA,2994,0x0002,0x0003,0x0000,0x01,0x0074,0x0000,0x0000,actor_748,0,0x10C748,0x01,0x2D,0x00,0x00,0x01,0x00,0x00,0x0065,0x02C6,0x019D,0x01,0x00,0x00,46,1,46:0004:02BD:01BD:0060
round6_phase1,0xFA,2996,0x0002,0x0003,0x0000,0x01,0x0074,0x0000,0x0000,actor_2c8,4,0x10C3C8,0x01,0xDD,0x00,0x00,0x1F,0x00,0x00,0x00B1,0x02C9,0x03B3,0x00,0x48,0x00,180,10,180:4048:02A9:03C5:00A8|181:4048:02B9:03C6:00A8|182:4048:02A9:03C7:0098|183:4048:02A9:03C8:0088|184:4048:02A9:03C9:0078|185:4048:02B9:03DA:00A8|186:4048:02C9:03DB:00B0|187:4048:02C9:03DC:00A0
round6_phase1,0xFA,2996,0x0002,0x0003,0x0000,0x01,0x0074,0x0000,0x0000,actor_2c8,5,0x10C408,0x01,0x61,0x01,0x00,0x01,0x00,0x00,0x0225,0x02C9,0x02E8,0x00,0x4A,0x00,190,10,190:004A:02C9:02F6:021C|191:004A:02B9:02F4:021C|192:004A:02C9:02F5:020C|193:004A:02B6:02EC:021C|194:004A:02A6:02E9:021C|195:004A:02B6:02EB:020C|196:004A:02A6:02E8:020C|197:004A:02B6:02ED:022C|198:004A:02A6:02EA:022C
round6_phase1,0xFA,2996,0x0002,0x0003,0x0000,0x01,0x0074,0x0000,0x0000,actor_748,0,0x10C748,0x01,0x2C,0x00,0x00,0x01,0x00,0x00,0x0062,0x02C7,0x019D,0x01,0x00,0x00,46,1,46:0004:02BE:01BC:005D
round6_phase1,0xFA,2998,0x0002,0x0003,0x0000,0x01,0x0074,0x0000,0x0000,actor_2c8,5,0x10C408,0x01,0x61,0x01,0x00,0x01,0x00,0x00,0x0227,0x02C9,0x02E8,0x00,0x4A,0x00,190,10,190:004A:02C9:02F6:021E|191:004A:02B9:02F4:021E|192:004A:02C9:02F5:020E|193:004A:02B6:02EC:021E|194:004A:02A6:02E9:021E|195:004A:02B6:02EB:020E|196:004A:02A6:02E8:020E|197:004A:02B6:02ED:022E|198:004A:02A6:02EA:022E
round6_phase1,0xFA,2998,0x0002,0x0003,0x0000,0x01,0x0074,0x0000,0x0000,actor_748,0,0x10C748,0x01,0x2E,0x00,0x00,0x01,0x00,0x00,0x005F,0x02C8,0x019D,0x01,0x00,0x00,46,1,46:0004:02BF:01BC:005A
round6_phase1,0xFA,3000,0x0002,0x0003,0x0000,0x01,0x0074,0x0000,0x0000,actor_2c8,4,0x10C3C8,0x01,0xE0,0x00,0x00,0x02,0x00,0x00,0x00AF,0x02C9,0x03B3,0x00,0x48,0x00,180,10,180:4048:02A9:03D6:00B0|181:4048:02A9:03D7:00A0|182:4048:02B9:03D8:00B0|183:4048:02B9:03D9:00A0|184:4048:02B9:03DA:00A8|185:4048:02C9:03DB:00B0|186:4048:02C9:03DC:00A0
round6_phase1,0xFA,3000,0x0002,0x0003,0x0000,0x01,0x0074,0x0000,0x0000,actor_2c8,5,0x10C408,0x01,0x61,0x01,0x00,0x01,0x00,0x00,0x0229,0x02C9,0x02E8,0x00,0x4A,0x00,190,10,190:004A:02C9:02F6:0220|191:004A:02B9:02F4:0220|192:004A:02C9:02F5:0210|193:004A:02B6:02EC:0220|194:004A:02A6:02E9:0220|195:004A:02B6:02EB:0210|196:004A:02A6:02E8:0210|197:004A:02B6:02ED:0230|198:004A:02A6:02EA:0230
round6_phase1,0xFA,3000,0x0002,0x0003,0x0000,0x01,0x0074,0x0000,0x0000,actor_2c8,6,0x10C448,0x01,0x4E,0x00,0x00,0x1F,0x00,0x00,0x00A9,0x02C9,0x00D0,0x00,0x44,0x00,200,10,200:4044:02C9:01AE:0098|201:4044:02B9:01AA:0098|202:4044:02A9:01A7:0098|203:4044:02C9:01AD:00A8|204:4044:02B9:01A9:00A8|205:4044:02A9:01A6:00A8|206:4044:02C9:01AC:00B8|207:4044:02C9:01AF:0088|208:4044:02B9:01AB:0088|209:4044:02A9:01A8:0088
round6_phase1,0xFA,3000,0x0002,0x0003,0x0000,0x01,0x0074,0x0000,0x0000,actor_748,0,0x10C748,0x01,0x2F,0x00,0x00,0x01,0x00,0x00,0x005C,0x02C9,0x019D,0x01,0x00,0x00,46,1,46:0004:02C0:01BF:0057
round6_phase1,0xFA,3002,0x0002,0x0003,0x0000,0x01,0x0074,0x0000,0x0000,actor_2c8,4,0x10C3C8,0x01,0xE0,0x00,0x00,0x02,0x00,0x00,0x00AD,0x02C9,0x03B3,0x00,0x48,0x00,180,10,180:4048:02AA:03D6:00AE|181:4048:02AA:03D7:009E|182:4048:02BA:03D8:00AE|183:4048:02BA:03D9:009E|184:4048:02BA:03E2:00A6|185:4048:02CA:03E3:00A5
round6_phase1,0xFA,3002,0x0002,0x0003,0x0000,0x01,0x0074,0x0000,0x0000,actor_2c8,5,0x10C408,0x01,0x61,0x01,0x00,0x01,0x00,0x00,0x0229,0x02C9,0x02E8,0x00,0x4A,0x00,190,10,190:004A:02C9:02F6:0222|191:004A:02B9:02F4:0222|192:004A:02C9:02F5:0212|193:004A:02B6:02EC:0222|194:004A:02A6:02E9:0222|195:004A:02B6:02EB:0212|196:004A:02A6:02E8:0212|197:004A:02B6:02ED:0232|198:004A:02A6:02EA:0232
round6_phase1,0xFA,3002,0x0002,0x0003,0x0000,0x01,0x0074,0x0000,0x0000,actor_2c8,6,0x10C448,0x01,0x4E,0x00,0x00,0x1F,0x00,0x00,0x00A9,0x02C9,0x00D0,0x00,0x44,0x00,200,10,200:4044:02C9:01A4:0098|201:4044:02B9:01A0:0098|202:4044:02A9:019E:0098|203:4044:02C9:01A3:00A8|204:4044:02B9:019F:00A8|205:4044:02A9:019D:00A8|206:4044:02C9:01A2:00B8|207:4044:02C9:01A5:0088|208:4044:02B9:01A1:0088
round6_phase1,0xFA,3002,0x0002,0x0003,0x0000,0x01,0x0074,0x0000,0x0000,actor_748,0,0x10C748,0x01,0x2F,0x00,0x00,0x01,0x00,0x00,0x0059,0x02CA,0x019D,0x01,0x00,0x00,46,1,46:0004:02C1:01BF:0054
round6_phase1,0xFA,3004,0x0002,0x0003,0x0000,0x01,0x0074,0x0000,0x0000,actor_2c8,4,0x10C3C8,0x01,0xDD,0x00,0x00,0x02,0x00,0x00,0x00AB,0x02C9,0x03B3,0x00,0x48,0x00,180,10,180:4048:02A9:03D6:00AC|181:4048:02A9:03D7:009C|182:4048:02B9:03D8:00AC|183:4048:02B9:03D9:009C|184:4048:02B9:03DA:00A4|185:4048:02C9:03DB:00AC|186:4048:02C9:03DC:009C
round6_phase1,0xFA,3004,0x0002,0x0003,0x0000,0x01,0x0074,0x0000,0x0000,actor_2c8,5,0x10C408,0x01,0x60,0x01,0x00,0x01,0x00,0x00,0x022B,0x02C9,0x02E8,0x00,0x4A,0x00,190,10,190:004A:02C9:02F3:021D|191:004A:02B9:02F2:021D|192:004A:02B6:02EC:0224|193:004A:02A6:02E9:0224|194:004A:02B6:02EB:0214|195:004A:02A6:02E8:0214|196:004A:02B6:02ED:0234|197:004A:02A6:02EA:0234
round6_phase1,0xFA,3004,0x0002,0x0003,0x0000,0x01,0x0074,0x0000,0x0000,actor_748,0,0x10C748,0x01,0x2E,0x00,0x00,0x01,0x00,0x00,0x0056,0x02CC,0x019D,0x01,0x00,0x00,46,1,46:0004:02C2:01BE:0051
round6_phase1,0xFA,3006,0x0002,0x0003,0x0000,0x01,0x0074,0x0000,0x0000,actor_2c8,4,0x10C3C8,0x01,0xDD,0x00,0x00,0x02,0x00,0x00,0x00A9,0x02C9,0x03B3,0x00,0x48,0x00,180,10,180:4048:02A9:03D6:00AA|181:4048:02A9:03D7:009A|182:4048:02B9:03D8:00AA|183:4048:02B9:03D9:009A|184:4048:02B9:03DA:00A2|185:4048:02C9:03DB:00AA|186:4048:02C9:03DC:009A
round6_phase1,0xFA,3006,0x0002,0x0003,0x0000,0x01,0x0074,0x0000,0x0000,actor_2c8,5,0x10C408,0x01,0x60,0x01,0x00,0x01,0x00,0x00,0x022D,0x02C9,0x02E8,0x00,0x4A,0x00,190,10,190:004A:02C9:02F3:021F|191:004A:02B9:02F2:021F|192:004A:02B6:02EC:0226|193:004A:02A6:02E9:0226|194:004A:02B6:02EB:0216|195:004A:02A6:02E8:0216|196:004A:02B6:02ED:0236|197:004A:02A6:02EA:0236
round6_phase1,0xFA,3006,0x0002,0x0003,0x0000,0x01,0x0074,0x0000,0x0000,actor_748,0,0x10C748,0x01,0x2E,0x00,0x00,0x01,0x00,0x00,0x0053,0x02CE,0x019D,0x01,0x00,0x00,46,1,46:0004:02C4:01BE:004E
round6_phase1,0xFA,3008,0x0002,0x0003,0x0000,0x01,0x0074,0x0000,0x0000,actor_2c8,4,0x10C3C8,0x01,0xDD,0x00,0x00,0x02,0x00,0x00,0x00A9,0x02C9,0x03B3,0x00,0x48,0x00,180,10,180:4048:02A9:03D6:00A8|181:4048:02A9:03D7:0098|182:4048:02B9:03D8:00A8|183:4048:02B9:03D9:0098|184:4048:02B9:03DA:00A0|185:4048:02C9:03DB:00A8|186:4048:02C9:03DC:0098
round6_phase1,0xFA,3008,0x0002,0x0003,0x0000,0x01,0x0074,0x0000,0x0000,actor_2c8,5,0x10C408,0x01,0x60,0x01,0x00,0x01,0x00,0x00,0x022F,0x02C9,0x02E8,0x00,0x4A,0x00,190,10,190:004A:02C9:02F3:0221|191:004A:02B9:02F2:0221|192:004A:02B6:02EC:0228|193:004A:02A6:02E9:0228|194:004A:02B6:02EB:0218|195:004A:02A6:02E8:0218|196:004A:02B6:02ED:0238|197:004A:02A6:02EA:0238
round6_phase1,0xFA,3008,0x0002,0x0003,0x0000,0x01,0x0074,0x0000,0x0000,actor_748,0,0x10C748,0x01,0x2F,0x00,0x00,0x01,0x00,0x00,0x0050,0x02D0,0x019D,0x01,0x00,0x00,46,1,46:0004:02C6:01BF:004B
round6_phase1,0xFA,3010,0x0002,0x0003,0x0000,0x01,0x0074,0x0000,0x0000,actor_2c8,4,0x10C3C8,0x01,0xE1,0x00,0x00,0x1F,0x00,0x00,0x00A9,0x02C9,0x03B3,0x00,0x48,0x00,180,10,180:4048:02B2:03D6:00A8|181:4048:02B2:03D7:0098|182:4048:02C2:03D8:00A8|183:4048:02C2:03D9:0098|184:4048:02B9:03E4:00A0|185:4048:02C9:03E5:00A8|186:4048:02C9:03E6:0098
round6_phase1,0xFA,3010,0x0002,0x0003,0x0000,0x01,0x0074,0x0000,0x0000,actor_2c8,5,0x10C408,0x01,0x60,0x01,0x00,0x01,0x00,0x00,0x0231,0x02C9,0x02E8,0x00,0x4A,0x00,190,10,190:004A:02C9:02F3:0223|191:004A:02B9:02F2:0223|192:004A:02B6:02EC:022A|193:004A:02A6:02E9:022A|194:004A:02B6:02EB:021A|195:004A:02A6:02E8:021A|196:004A:02B6:02ED:023A|197:004A:02A6:02EA:023A
round6_phase1,0xFA,3010,0x0002,0x0003,0x0000,0x01,0x0074,0x0000,0x0000,actor_748,0,0x10C748,0x01,0x2F,0x00,0x00,0x01,0x00,0x00,0x004D,0x02D2,0x019D,0x01,0x00,0x00,46,1,46:0004:02C8:01BF:0048
round6_phase1,0xFA,3012,0x0002,0x0003,0x0000,0x01,0x0074,0x0000,0x0000,actor_2c8,5,0x10C408,0x01,0x61,0x01,0x00,0x01,0x00,0x00,0x0233,0x02C9,0x02E8,0x00,0x4A,0x00,190,10,190:004A:02C9:02F6:022A|191:004A:02B9:02F4:022A|192:004A:02C9:02F5:021A|193:004A:02B6:02EC:022A|194:004A:02A6:02E9:022A|195:004A:02B6:02EB:021A|196:004A:02A6:02E8:021A|197:004A:02B6:02ED:023A|198:004A:02A6:02EA:023A
round6_phase1,0xFA,3012,0x0002,0x0003,0x0000,0x01,0x0074,0x0000,0x0000,actor_748,0,0x10C748,0x01,0x2E,0x00,0x00,0x01,0x00,0x00,0x004A,0x02D4,0x019D,0x01,0x00,0x00,46,1,46:0004:02CA:01BE:0045
round6_phase1,0xFA,3014,0x0002,0x0003,0x0000,0x01,0x0074,0x0000,0x0000,actor_2c8,5,0x10C408,0x01,0x61,0x01,0x00,0x01,0x00,0x00,0x0235,0x02C9,0x02E8,0x00,0x4A,0x00,190,10,190:004A:02C9:02F6:022C|191:004A:02B9:02F4:022C|192:004A:02C9:02F5:021C|193:004A:02B6:02EC:022C|194:004A:02A6:02E9:022C|195:004A:02B6:02EB:021C|196:004A:02A6:02E8:021C|197:004A:02B6:02ED:023C|198:004A:02A6:02EA:023C
round6_phase1,0xFA,3014,0x0002,0x0003,0x0000,0x01,0x0074,0x0000,0x0000,actor_748,0,0x10C748,0x01,0x2E,0x00,0x00,0x01,0x00,0x00,0x0047,0x02D6,0x019D,0x01,0x00,0x00,46,1,46:0004:02CC:01BE:0042
round6_phase1,0xFA,3016,0x0002,0x0003,0x0000,0x01,0x0074,0x0000,0x0000,actor_2c8,5,0x10C408,0x01,0x61,0x01,0x00,0x01,0x00,0x00,0x0237,0x02C9,0x02E8,0x00,0x4A,0x00,190,10,190:004A:02C9:02F6:022E|191:004A:02B9:02F4:022E|192:004A:02C9:02F5:021E|193:004A:02B6:02EC:022E|194:004A:02A6:02E9:022E|195:004A:02B6:02EB:021E|196:004A:02A6:02E8:021E|197:004A:02B6:02ED:023E|198:004A:02A6:02EA:023E
round6_phase1,0xFA,3016,0x0002,0x0003,0x0000,0x01,0x0074,0x0000,0x0000,actor_2c8,6,0x10C448,0x01,0x4F,0x00,0x00,0x1F,0x00,0x00,0x00A9,0x02C9,0x00D0,0x00,0x44,0x00,200,10,200:4044:02C9:01A4:0098|201:4044:02B9:01A0:0098|202:4044:02A9:019E:0098|203:4044:02C9:01A3:00A8|204:4044:02B9:019F:00A8|205:4044:02A9:019D:00A8|206:4044:02C9:01A2:00B8|207:4044:02C9:01A5:0088|208:4044:02B9:01A1:0088
round6_phase1,0xFA,3016,0x0002,0x0003,0x0000,0x01,0x0074,0x0000,0x0000,actor_748,0,0x10C748,0x01,0x2F,0x00,0x00,0x0F,0x00,0x00,0x0044,0x02D9,0x019D,0x01,0x00,0x00,46,1,46:0004:02CE:01BF:003F
round6_phase1,0xFA,3016,0x0002,0x0003,0x0000,0x01,0x0074,0x0000,0x0000,actor_748,1,0x10C788,0x01,0x2B,0x00,0x00,0x01,0x00,0x00,0x0091,0x02C3,0x019D,0x01,0x00,0x00,47,1,
round6_phase1,0xFA,3018,0x0002,0x0003,0x0000,0x01,0x0074,0x0000,0x0000,actor_2c8,5,0x10C408,0x01,0x61,0x01,0x00,0x01,0x00,0x00,0x0239,0x02C9,0x02E8,0x00,0x4A,0x00,190,10,190:004A:02C9:02F6:0230|191:004A:02B9:02F4:0230|192:004A:02C9:02F5:0220|193:004A:02B6:02EC:0230|194:004A:02A6:02E9:0230|195:004A:02B6:02EB:0220|196:004A:02A6:02E8:0220|197:004A:02B6:02ED:0240|198:004A:02A6:02EA:0240
round6_phase1,0xFA,3018,0x0002,0x0003,0x0000,0x01,0x0074,0x0000,0x0000,actor_748,0,0x10C748,0x01,0x2A,0x00,0x00,0x0F,0x00,0x00,0x0044,0x02D9,0x019D,0x01,0x00,0x00,46,1,46:0004:02D1:01BA:003C
round6_phase1,0xFA,3018,0x0002,0x0003,0x0000,0x01,0x0074,0x0000,0x0000,actor_748,1,0x10C788,0x01,0x2B,0x00,0x00,0x01,0x00,0x00,0x008D,0x02C2,0x019D,0x01,0x00,0x00,47,1,47:0004:02BB:01BB:0089
round6_phase1,0xFA,3020,0x0002,0x0003,0x0000,0x01,0x0074,0x0000,0x0000,actor_2c8,5,0x10C408,0x01,0x62,0x01,0x00,0x01,0x00,0x00,0x0239,0x02C9,0x02E8,0x00,0x4A,0x00,190,10,190:004A:02C9:02F8:022E|191:004A:02B9:02F7:022E|192:004A:02B6:02EC:0232|193:004A:02A6:02E9:0232|194:004A:02B6:02EB:0222|195:004A:02A6:02E8:0222|196:004A:02B6:02ED:0242|197:004A:02A6:02EA:0242
round6_phase1,0xFA,3020,0x0002,0x0003,0x0000,0x01,0x0074,0x0000,0x0000,actor_748,1,0x10C788,0x01,0x2A,0x00,0x00,0x01,0x00,0x00,0x0089,0x02C1,0x019D,0x01,0x00,0x00,47,1,47:0004:02BA:01BA:0085
round6_phase1,0xFA,3022,0x0002,0x0003,0x0000,0x01,0x0074,0x0000,0x0000,actor_2c8,5,0x10C408,0x01,0x62,0x01,0x00,0x01,0x00,0x00,0x023B,0x02C9,0x02E8,0x00,0x4A,0x00,190,10,190:004A:02C9:02F8:0230|191:004A:02B9:02F7:0230|192:004A:02B6:02EC:0234|193:004A:02A6:02E9:0234|194:004A:02B6:02EB:0224|195:004A:02A6:02E8:0224|196:004A:02B6:02ED:0244|197:004A:02A6:02EA:0244
round6_phase1,0xFA,3022,0x0002,0x0003,0x0000,0x01,0x0074,0x0000,0x0000,actor_748,0,0x10C748,0x01,0x2C,0x00,0x00,0x0F,0x00,0x00,0x0044,0x02D9,0x019D,0x01,0x00,0x00,46,1,46:0004:02D1:01BC:003C
round6_phase1,0xFA,3022,0x0002,0x0003,0x0000,0x01,0x0074,0x0000,0x0000,actor_748,1,0x10C788,0x01,0x2A,0x00,0x00,0x01,0x00,0x00,0x0086,0x02C1,0x019D,0x01,0x00,0x00,47,1,47:0004:02B9:01BA:0081
round6_phase1,0xFA,3024,0x0002,0x0003,0x0000,0x01,0x0074,0x0000,0x0000,actor_2c8,5,0x10C408,0x01,0x62,0x01,0x00,0x01,0x00,0x00,0x023D,0x02C9,0x02E8,0x00,0x4A,0x00,190,10,190:004A:02C9:02F8:0232|191:004A:02B9:02F7:0232|192:004A:02B6:02EC:0236|193:004A:02A6:02E9:0236|194:004A:02B6:02EB:0226|195:004A:02A6:02E8:0226|196:004A:02B6:02ED:0246|197:004A:02A6:02EA:0246
round6_phase1,0xFA,3024,0x0002,0x0003,0x0000,0x01,0x0074,0x0000,0x0000,actor_748,1,0x10C788,0x01,0x2B,0x00,0x00,0x01,0x00,0x00,0x0083,0x02C1,0x019D,0x01,0x00,0x00,47,1,47:0004:02B9:01BB:007E
round6_phase1,0xFA,3026,0x0002,0x0003,0x0000,0x01,0x0074,0x0000,0x0000,actor_2c8,5,0x10C408,0x01,0x62,0x01,0x00,0x01,0x00,0x00,0x023F,0x02C9,0x02E8,0x00,0x4A,0x00,190,10,190:004A:02C9:02F8:0234|191:004A:02B9:02F7:0234|192:004A:02B6:02EC:0238|193:004A:02A6:02E9:0238|194:004A:02B6:02EB:0228|195:004A:02A6:02E8:0228|196:004A:02B6:02ED:0248|197:004A:02A6:02EA:0248
round6_phase1,0xFA,3026,0x0002,0x0003,0x0000,0x01,0x0074,0x0000,0x0000,actor_748,0,0x10C748,0x01,0x2E,0x00,0x00,0x0F,0x00,0x00,0x0044,0x02D9,0x019D,0x01,0x00,0x00,46,1,46:0004:02D1:01BE:003C
round6_phase1,0xFA,3026,0x0002,0x0003,0x0000,0x01,0x0074,0x0000,0x0000,actor_748,1,0x10C788,0x01,0x2B,0x00,0x00,0x01,0x00,0x00,0x0080,0x02C1,0x019D,0x01,0x00,0x00,47,1,47:0004:02B9:01BB:007B
round6_phase1,0xFA,3028,0x0002,0x0003,0x0000,0x01,0x0074,0x0000,0x0000,actor_2c8,5,0x10C408,0x01,0x61,0x01,0x00,0x01,0x00,0x00,0x0241,0x02C9,0x02E8,0x00,0x4A,0x00,190,10,190:004A:02C9:02F6:023A|191:004A:02B9:02F4:023A|192:004A:02C9:02F5:022A|193:004A:02B6:02EC:023A|194:004A:02A6:02E9:023A|195:004A:02B6:02EB:022A|196:004A:02A6:02E8:022A|197:004A:02B6:02ED:024A|198:004A:02A6:02EA:024A
round6_phase1,0xFA,3028,0x0002,0x0003,0x0000,0x01,0x0074,0x0000,0x0000,actor_748,1,0x10C788,0x01,0x2A,0x00,0x00,0x01,0x00,0x00,0x007D,0x02C1,0x019D,0x01,0x00,0x00,47,1,47:0004:02B9:01BA:0078
round6_phase1,0xFA,3030,0x0002,0x0003,0x0000,0x01,0x0074,0x0000,0x0000,actor_2c8,4,0x10C3C8,0x01,0xE1,0x00,0x00,0x1F,0x00,0x00,0x00A7,0x02C9,0x03B3,0x00,0x48,0x00,180,10,180:4048:02B2:03D6:00A7|181:4048:02B2:03D7:0097|182:4048:02C2:03D8:00A7|183:4048:02C2:03D9:0097|184:4048:02B9:03E4:009F|185:4048:02C9:03E5:00A7|186:4048:02C9:03E6:0097
round6_phase1,0xFA,3030,0x0002,0x0003,0x0000,0x01,0x0074,0x0000,0x0000,actor_2c8,5,0x10C408,0x01,0x63,0x01,0x00,0x1F,0x00,0x00,0x023F,0x02C9,0x02E8,0x00,0x4A,0x00,190,10,190:004A:02C9:02F6:0239|191:004A:02B9:02F4:0239|192:004A:02C9:02F5:0229|193:004A:02B6:02EC:0239|194:004A:02A6:02E9:0239|195:004A:02B6:02EB:0229|196:004A:02A6:02E8:0229|197:004A:02B6:02ED:0249|198:004A:02A6:02EA:0249
round6_phase1,0xFA,3030,0x0002,0x0003,0x0000,0x01,0x0074,0x0000,0x0000,actor_2c8,6,0x10C448,0x01,0x50,0x00,0x00,0x1F,0x00,0x00,0x00A7,0x02C9,0x00D0,0x00,0x44,0x00,200,10,200:4044:02C9:01B8:0097|201:4044:02B9:01B4:0097|202:4044:02A9:01B1:0097|203:4044:02C9:01B7:00A7|204:4044:02B9:01B3:00A7|205:4044:02A9:01B0:00A7|206:4044:02C9:01B6:00B7|207:4044:02C9:01B9:0087|208:4044:02B9:01B5:0087|209:4044:02A9:01B2:0087
round6_phase1,0xFA,3030,0x0002,0x0003,0x0000,0x01,0x0074,0x0000,0x0000,actor_2c8,7,0x10C488,0x01,0xC9,0x00,0x00,0x08,0x00,0x00,0x0154,0x0289,0x0420,0x00,0x47,0x00,210,10,
round6_phase1,0xFA,3030,0x0002,0x0003,0x0000,0x01,0x0074,0x0000,0x0000,actor_748,1,0x10C788,0x01,0x2A,0x00,0x00,0x01,0x00,0x00,0x0078,0x02C1,0x019D,0x01,0x00,0x00,47,1,47:0004:02B9:01BA:0074
round6_phase1,0xFA,3032,0x0002,0x0003,0x0000,0x01,0x0074,0x0000,0x0000,actor_2c8,4,0x10C3C8,0x01,0xE1,0x00,0x00,0x1F,0x00,0x00,0x00A6,0x02C9,0x03B3,0x00,0x48,0x00,180,10,180:4048:02B2:03D6:00A5|181:4048:02B2:03D7:0095|182:4048:02C2:03D8:00A5|183:4048:02C2:03D9:0095|184:4048:02B9:03E4:009D|185:4048:02C9:03E5:00A5|186:4048:02C9:03E6:0095
round6_phase1,0xFA,3032,0x0002,0x0003,0x0000,0x01,0x0074,0x0000,0x0000,actor_2c8,5,0x10C408,0x01,0x63,0x01,0x00,0x1F,0x00,0x00,0x023E,0x02C9,0x02E8,0x00,0x4A,0x00,190,10,190:004A:02C9:02F6:0237|191:004A:02B9:02F4:0237|192:004A:02C9:02F5:0227|193:004A:02B6:02FC:0237|194:004A:02A6:02FA:0237|195:004A:0296:02F9:0237|196:004A:02B6:02EB:0227|197:004A:02A6:02E8:0227|198:004A:02B6:02FD:0247|199:004A:02A6:02FB:0247
round6_phase1,0xFA,3032,0x0002,0x0003,0x0000,0x01,0x0074,0x0000,0x0000,actor_2c8,6,0x10C448,0x01,0x50,0x00,0x00,0x1F,0x00,0x00,0x00A6,0x02C9,0x00D0,0x00,0x44,0x00,200,10,200:4044:02C9:01B8:0095|201:4044:02B9:01B4:0095|202:4044:02A9:01B1:0095|203:4044:02C9:01B7:00A5|204:4044:02B9:01B3:00A5|205:4044:02A9:01B0:00A5|206:4044:02C9:01B6:00B5|207:4044:02C9:01B9:0085|208:4044:02B9:01B5:0085|209:4044:02A9:01B2:0085
round6_phase1,0xFA,3032,0x0002,0x0003,0x0000,0x01,0x0074,0x0000,0x0000,actor_2c8,7,0x10C488,0x01,0xC9,0x00,0x00,0x08,0x00,0x00,0x014F,0x028A,0x0420,0x00,0x47,0x00,210,10,210:4047:0268:0420:0152|211:4047:0268:0421:0142|212:4047:0278:0422:0152|213:4047:0278:0423:0142|214:4047:0279:0424:014A|215:4047:0289:0425:0152|216:4047:0289:0426:0142
round6_phase1,0xFA,3032,0x0002,0x0003,0x0000,0x01,0x0074,0x0000,0x0000,actor_2c8,8,0x10C4C8,0x01,0x1A,0x00,0x00,0x08,0x00,0x00,0x0153,0x0289,0x004B,0x00,0x46,0x00,220,19,220:4046:0289:0071:0142|221:4046:0279:006F:0142|222:4046:027B:004E:0142|223:4046:026B:004C:0142|224:4046:0289:0070:0152|225:4046:0279:006E:0152|226:4046:027B:004D:0152|227:4046:026B:004B:0152
round6_phase1,0xFA,3032,0x0002,0x0003,0x0000,0x01,0x0074,0x0000,0x0000,actor_748,1,0x10C788,0x01,0x2B,0x00,0x00,0x01,0x00,0x00,0x0074,0x02C1,0x019D,0x01,0x00,0x00,47,1,47:0004:02B9:01BB:006F
round6_phase1,0xFA,3034,0x0002,0x0003,0x0000,0x01,0x0074,0x0000,0x0000,actor_2c8,7,0x10C488,0x01,0xC9,0x00,0x00,0x08,0x00,0x00,0x014B,0x028B,0x0420,0x00,0x47,0x00,210,10,210:4047:0269:0420:014E|211:4047:0269:0421:013E|212:4047:0279:0422:014E|213:4047:0279:0423:013E|214:4047:027A:0424:0146|215:4047:028A:0425:014E|216:4047:028A:0426:013E
round6_phase1,0xFA,3034,0x0002,0x0003,0x0000,0x01,0x0074,0x0000,0x0000,actor_2c8,8,0x10C4C8,0x01,0x1A,0x00,0x00,0x08,0x00,0x00,0x014E,0x028A,0x004B,0x00,0x46,0x00,220,19,220:4046:028A:0071:013E|221:4046:027A:006F:013E|222:4046:027C:004E:013E|223:4046:026C:004C:013E|224:4046:028A:0070:014E|225:4046:027A:006E:014E|226:4046:027C:004D:014E|227:4046:026C:004B:014E
round6_phase1,0xFA,3034,0x0002,0x0003,0x0000,0x01,0x0074,0x0000,0x0000,actor_748,1,0x10C788,0x01,0x2D,0x00,0x00,0x01,0x00,0x00,0x006F,0x02C2,0x019D,0x01,0x00,0x00,47,1,47:0004:02B9:01BB:006C
round6_phase1,0xFA,3036,0x0002,0x0003,0x0000,0x01,0x0074,0x0000,0x0000,actor_2c8,4,0x10C3C8,0x01,0xE1,0x00,0x00,0x1F,0x00,0x00,0x00A4,0x02C9,0x03B3,0x00,0x48,0x00,180,10,180:4048:02B2:03D6:00A3|181:4048:02B2:03D7:0093|182:4048:02C2:03D8:00A3|183:4048:02C2:03D9:0093|184:4048:02B9:03E4:009B|185:4048:02C9:03E5:00A3|186:4048:02C9:03E6:0093
round6_phase1,0xFA,3036,0x0002,0x0003,0x0000,0x01,0x0074,0x0000,0x0000,actor_2c8,5,0x10C408,0x01,0x63,0x01,0x00,0x1F,0x00,0x00,0x023C,0x02C9,0x02E8,0x00,0x4A,0x00,190,10,190:004A:02C9:02F6:0235|191:004A:02B9:02F4:0235|192:004A:02C9:02F5:0225|193:004A:02B6:02FC:0235|194:004A:02A6:02FA:0235|195:004A:0296:02F9:0235|196:004A:02B6:02EB:0225|197:004A:02A6:02E8:0225|198:004A:02B6:02FD:0245|199:004A:02A6:02FB:0245
round6_phase1,0xFA,3036,0x0002,0x0003,0x0000,0x01,0x0074,0x0000,0x0000,actor_2c8,6,0x10C448,0x01,0x50,0x00,0x00,0x1F,0x00,0x00,0x00A4,0x02C9,0x00D0,0x00,0x44,0x00,200,10,200:4044:02C9:01B8:0093|201:4044:02B9:01B4:0093|202:4044:02A9:01B1:0093|203:4044:02C9:01B7:00A3|204:4044:02B9:01B3:00A3|205:4044:02A9:01B0:00A3|206:4044:02C9:01B6:00B3|207:4044:02C9:01B9:0083|208:4044:02B9:01B5:0083|209:4044:02A9:01B2:0083
round6_phase1,0xFA,3036,0x0002,0x0003,0x0000,0x01,0x0074,0x0000,0x0000,actor_2c8,7,0x10C488,0x01,0xC9,0x00,0x00,0x08,0x00,0x00,0x0147,0x028C,0x0420,0x00,0x47,0x00,210,10,210:4047:026A:0420:0149|211:4047:026A:0421:0139|212:4047:027A:0422:0149|213:4047:027A:0423:0139|214:4047:027B:0424:0141|215:4047:028B:0425:0149|216:4047:028B:0426:0139
round6_phase1,0xFA,3036,0x0002,0x0003,0x0000,0x01,0x0074,0x0000,0x0000,actor_2c8,8,0x10C4C8,0x01,0x1A,0x00,0x00,0x08,0x00,0x00,0x014A,0x028B,0x004B,0x00,0x46,0x00,220,19,220:4046:028B:0071:0139|221:4046:027B:006F:0139|222:4046:027D:004E:0139|223:4046:026D:004C:0139|224:4046:028B:0070:0149|225:4046:027B:006E:0149|226:4046:027D:004D:0149|227:4046:026D:004B:0149
round6_phase1,0xFA,3036,0x0002,0x0003,0x0000,0x01,0x0074,0x0000,0x0000,actor_748,1,0x10C788,0x01,0x2C,0x00,0x00,0x01,0x00,0x00,0x006A,0x02C3,0x019D,0x01,0x00,0x00,47,1,47:0004:02BA:01BC:0066
round6_phase1,0xFA,3038,0x0002,0x0003,0x0000,0x01,0x0074,0x0000,0x0000,actor_2c8,5,0x10C408,0x01,0x64,0x01,0x00,0x1F,0x00,0x00,0x023B,0x02C9,0x02E8,0x00,0x4A,0x00,190,10,190:004A:02C9:02F6:0235|191:004A:02B9:02F4:0235|192:004A:02C9:02F5:0225|193:004A:02B6:02FC:0235|194:004A:02A6:02FA:0235|195:004A:0296:02F9:0235|196:004A:02B6:02EB:0225|197:004A:02A6:02E8:0225|198:004A:02B6:02FD:0245|199:004A:02A6:02FB:0245
round6_phase1,0xFA,3038,0x0002,0x0003,0x0000,0x01,0x0074,0x0000,0x0000,actor_2c8,7,0x10C488,0x01,0xC9,0x00,0x00,0x08,0x00,0x00,0x0143,0x028E,0x0420,0x00,0x47,0x00,210,10,210:4047:026B:0420:0146|211:4047:026B:0421:0136|212:4047:027B:0422:0146|213:4047:027B:0423:0136|214:4047:027C:0424:013E|215:4047:028C:0425:0146|216:4047:028C:0426:0136
round6_phase1,0xFA,3038,0x0002,0x0003,0x0000,0x01,0x0074,0x0000,0x0000,actor_2c8,8,0x10C4C8,0x01,0x1A,0x00,0x00,0x08,0x00,0x00,0x0146,0x028C,0x004B,0x00,0x46,0x00,220,19,220:4046:028C:0071:0136|221:4046:027C:006F:0136|222:4046:027E:004E:0136|223:4046:026E:004C:0136|224:4046:028C:0070:0146|225:4046:027C:006E:0146|226:4046:027E:004D:0146|227:4046:026E:004B:0146
round6_phase1,0xFA,3038,0x0002,0x0003,0x0000,0x01,0x0074,0x0000,0x0000,actor_748,0,0x10C748,0x01,0xAB,0x01,0x00,0x02,0x03,0x00,0x0252,0x02B5,0x02E8,0x01,0x00,0x00,46,1,
round6_phase1,0xFA,3038,0x0002,0x0003,0x0000,0x01,0x0074,0x0000,0x0000,actor_748,1,0x10C788,0x01,0x2C,0x00,0x00,0x01,0x00,0x00,0x0065,0x02C4,0x019D,0x01,0x00,0x00,47,1,47:0004:02BB:01BC:0062
round6_phase1,0xFA,3040,0x0002,0x0003,0x0000,0x01,0x0074,0x0000,0x0000,actor_2c8,4,0x10C3C8,0x01,0xE1,0x00,0x00,0x1F,0x00,0x00,0x00A2,0x02C9,0x03B3,0x00,0x48,0x00,180,10,180:4048:02B2:03D6:00A1|181:4048:02B2:03D7:0091|182:4048:02C2:03D8:00A1|183:4048:02C2:03D9:0091|184:4048:02B9:03E4:0099|185:4048:02C9:03E5:00A1|186:4048:02C9:03E6:0091
round6_phase1,0xFA,3040,0x0002,0x0003,0x0000,0x01,0x0074,0x0000,0x0000,actor_2c8,5,0x10C408,0x01,0x64,0x01,0x00,0x1F,0x00,0x00,0x023A,0x02C9,0x02E8,0x00,0x4A,0x00,190,10,190:004A:02C9:02F6:0233|191:004A:02B9:02F4:0233|192:004A:02C9:02F5:0223|193:004A:02B6:02FC:0233|194:004A:02A6:02FE:0233|195:004A:02B6:02EB:0223|196:004A:02A6:02E8:0223|197:004A:02B6:02FD:0243|198:004A:02A6:02FF:0243
round6_phase1,0xFA,3040,0x0002,0x0003,0x0000,0x01,0x0074,0x0000,0x0000,actor_2c8,6,0x10C448,0x01,0x4F,0x00,0x00,0x1F,0x00,0x00,0x00A2,0x02C9,0x00D0,0x00,0x44,0x00,200,10,200:4044:02C9:01B8:0091|201:4044:02B9:01B4:0091|202:4044:02A9:01B1:0091|203:4044:02C9:01B7:00A1|204:4044:02B9:01B3:00A1|205:4044:02A9:01B0:00A1|206:4044:02C9:01B6:00B1|207:4044:02C9:01B9:0081|208:4044:02B9:01B5:0081|209:4044:02A9:01B2:0081
round6_phase1,0xFA,3040,0x0002,0x0003,0x0000,0x01,0x0074,0x0000,0x0000,actor_2c8,7,0x10C488,0x01,0xC9,0x00,0x00,0x08,0x00,0x00,0x013F,0x0290,0x0420,0x00,0x47,0x00,210,10,210:4047:026D:0420:0141|211:4047:026D:0421:0131|212:4047:027D:0422:0141|213:4047:027D:0423:0131|214:4047:027E:0424:0139|215:4047:028E:0425:0141|216:4047:028E:0426:0131
round6_phase1,0xFA,3040,0x0002,0x0003,0x0000,0x01,0x0074,0x0000,0x0000,actor_2c8,8,0x10C4C8,0x01,0x1A,0x00,0x00,0x08,0x00,0x00,0x0142,0x028E,0x004B,0x00,0x46,0x00,220,19,220:4046:028E:0071:0131|221:4046:027E:006F:0131|222:4046:0280:004E:0131|223:4046:0270:004C:0131|224:4046:028E:0070:0141|225:4046:027E:006E:0141|226:4046:0280:004D:0141|227:4046:0270:004B:0141
round6_phase1,0xFA,3040,0x0002,0x0003,0x0000,0x01,0x0074,0x0000,0x0000,actor_748,0,0x10C748,0x01,0xAC,0x01,0x00,0x02,0x03,0x00,0x0254,0x02B5,0x02E8,0x01,0x00,0x00,46,1,46:400A:02AD:0324:0248
round6_phase1,0xFA,3040,0x0002,0x0003,0x0000,0x01,0x0074,0x0000,0x0000,actor_748,1,0x10C788,0x01,0x2D,0x00,0x00,0x01,0x00,0x00,0x0061,0x02C5,0x019D,0x01,0x00,0x00,47,1,47:0004:02BC:01BD:005C
round6_phase1,0xFA,3042,0x0002,0x0003,0x0000,0x01,0x0074,0x0000,0x0000,actor_2c8,5,0x10C408,0x01,0x65,0x01,0x00,0x1F,0x00,0x00,0x0239,0x02C9,0x02E8,0x00,0x4A,0x00,190,10,190:004A:02C9:02F6:0233|191:004A:02B9:02F4:0233|192:004A:02C9:02F5:0223|193:004A:02B6:02FC:0233|194:004A:02A6:02FE:0233|195:004A:02B6:02EB:0223|196:004A:02A6:02E8:0223|197:004A:02B6:02FD:0243|198:004A:02A6:02FF:0243
round6_phase1,0xFA,3042,0x0002,0x0003,0x0000,0x01,0x0074,0x0000,0x0000,actor_2c8,6,0x10C448,0x01,0x4F,0x00,0x00,0x1F,0x00,0x00,0x00A1,0x02C9,0x00D0,0x00,0x44,0x00,200,10,200:4044:02C9:01AE:0091|201:4044:02B9:01AA:0091|202:4044:02A9:01A7:0091|203:4044:02C9:01AD:00A1|204:4044:02B9:01A9:00A1|205:4044:02A9:01A6:00A1|206:4044:02C9:01AC:00B1|207:4044:02C9:01AF:0081|208:4044:02B9:01AB:0081|209:4044:02A9:01A8:0081
round6_phase1,0xFA,3042,0x0002,0x0003,0x0000,0x01,0x0074,0x0000,0x0000,actor_2c8,7,0x10C488,0x01,0xC9,0x00,0x00,0x08,0x00,0x00,0x013B,0x0293,0x0420,0x00,0x47,0x00,210,10,210:4047:026F:0420:013E|211:4047:026F:0421:012E|212:4047:027F:0422:013E|213:4047:027F:0423:012E|214:4047:0280:0424:0136|215:4047:0290:0425:013E|216:4047:0290:0426:012E
round6_phase1,0xFA,3042,0x0002,0x0003,0x0000,0x01,0x0074,0x0000,0x0000,actor_2c8,8,0x10C4C8,0x01,0x1A,0x00,0x00,0x08,0x00,0x00,0x013E,0x0290,0x004B,0x00,0x46,0x00,220,19,220:4046:0290:0071:012E|221:4046:0280:006F:012E|222:4046:0282:004E:012E|223:4046:0272:004C:012E|224:4046:0290:0070:013E|225:4046:0280:006E:013E|226:4046:0282:004D:013E|227:4046:0272:004B:013E
round6_phase1,0xFA,3042,0x0002,0x0003,0x0000,0x01,0x0074,0x0000,0x0000,actor_748,0,0x10C748,0x01,0xAD,0x01,0x00,0x02,0x03,0x00,0x0256,0x02B5,0x02E8,0x01,0x00,0x00,46,1,46:400A:02AD:0325:024B
round6_phase1,0xFA,3042,0x0002,0x0003,0x0000,0x01,0x0074,0x0000,0x0000,actor_748,1,0x10C788,0x01,0x2D,0x00,0x00,0x01,0x00,0x00,0x005D,0x02C6,0x019D,0x01,0x00,0x00,47,1,47:0004:02BD:01BD:0059
round6_phase1,0xFA,3044,0x0002,0x0003,0x0000,0x01,0x0074,0x0000,0x0000,actor_2c8,4,0x10C3C8,0x01,0xE1,0x00,0x00,0x1F,0x00,0x00,0x00A0,0x02C9,0x03B3,0x00,0x48,0x00,180,10,180:4048:02B2:03D6:009F|181:4048:02B2:03D7:008F|182:4048:02C2:03D8:009F|183:4048:02C2:03D9:008F|184:4048:02B9:03E4:0097|185:4048:02C9:03E5:009F|186:4048:02C9:03E6:008F
round6_phase1,0xFA,3044,0x0002,0x0003,0x0000,0x01,0x0074,0x0000,0x0000,actor_2c8,5,0x10C408,0x01,0x65,0x01,0x00,0x1F,0x00,0x00,0x0238,0x02C9,0x02E8,0x00,0x4A,0x00,190,10,190:004A:02C9:02F6:0231|191:004A:02B9:02F4:0231|192:004A:02C9:02F5:0221|193:004A:02B6:0300:0231|194:004A:02A6:02E9:0231|195:004A:02B6:02EB:0221|196:004A:02A6:02E8:0221|197:004A:02B6:0301:0241
round6_phase1,0xFA,3044,0x0002,0x0003,0x0000,0x01,0x0074,0x0000,0x0000,actor_2c8,6,0x10C448,0x01,0x4F,0x00,0x00,0x1F,0x00,0x00,0x00A0,0x02C9,0x00D0,0x00,0x44,0x00,200,10,200:4044:02C9:01AE:008F|201:4044:02B9:01AA:008F|202:4044:02A9:01A7:008F|203:4044:02C9:01AD:009F|204:4044:02B9:01A9:009F|205:4044:02A9:01A6:009F|206:4044:02C9:01AC:00AF|207:4044:02C9:01AF:007F|208:4044:02B9:01AB:007F|209:4044:02A9:01A8:007F
round6_phase1,0xFA,3044,0x0002,0x0003,0x0000,0x01,0x0074,0x0000,0x0000,actor_2c8,7,0x10C488,0x01,0xC9,0x00,0x00,0x08,0x00,0x00,0x0137,0x0296,0x0420,0x00,0x47,0x00,210,10,210:4047:0272:0420:0139|211:4047:0272:0421:0129|212:4047:0282:0422:0139|213:4047:0282:0423:0129|214:4047:0283:0424:0131|215:4047:0293:0425:0139|216:4047:0293:0426:0129
round6_phase1,0xFA,3044,0x0002,0x0003,0x0000,0x01,0x0074,0x0000,0x0000,actor_2c8,8,0x10C4C8,0x01,0x1A,0x00,0x00,0x08,0x00,0x00,0x013A,0x0293,0x004B,0x00,0x46,0x00,220,19,220:4046:0293:0071:0129|221:4046:0283:006F:0129|222:4046:0285:004E:0129|223:4046:0275:004C:0129|224:4046:0293:0070:0139|225:4046:0283:006E:0139|226:4046:0285:004D:0139|227:4046:0275:004B:0139
round6_phase1,0xFA,3044,0x0002,0x0003,0x0000,0x01,0x0074,0x0000,0x0000,actor_748,0,0x10C748,0x01,0xAE,0x01,0x00,0x02,0x03,0x00,0x0258,0x02B5,0x02E8,0x01,0x00,0x00,46,1,46:400A:02AD:0326:024C
round6_phase1,0xFA,3044,0x0002,0x0003,0x0000,0x01,0x0074,0x0000,0x0000,actor_748,1,0x10C788,0x01,0x2C,0x00,0x00,0x01,0x00,0x00,0x0059,0x02C7,0x019D,0x01,0x00,0x00,47,1,47:0004:02BE:01BC:0054
round6_phase1,0xFA,3046,0x0002,0x0003,0x0000,0x01,0x0074,0x0000,0x0000,actor_2c8,5,0x10C408,0x01,0x65,0x01,0x00,0x1F,0x00,0x01,0x0237,0x02C9,0x02E8,0x00,0x4A,0x00,190,10,190:004A:02C9:02F6:0231|191:004A:02B9:02F4:0231|192:004A:02C9:02F5:0221|193:004A:02B6:0300:0231|194:004A:02A6:02E9:0231|195:004A:02B6:02EB:0221|196:004A:02A6:02E8:0221|197:004A:02B6:0301:0241
round6_phase1,0xFA,3046,0x0002,0x0003,0x0000,0x01,0x0074,0x0000,0x0000,actor_2c8,7,0x10C488,0x01,0xC9,0x00,0x00,0x08,0x00,0x00,0x0134,0x0299,0x0420,0x00,0x47,0x00,210,10,210:4047:0275:0420:0136|211:4047:0275:0421:0126|212:4047:0285:0422:0136|213:4047:0285:0423:0126|214:4047:0286:0424:012E|215:4047:0296:0425:0136|216:4047:0296:0426:0126
round6_phase1,0xFA,3046,0x0002,0x0003,0x0000,0x01,0x0074,0x0000,0x0000,actor_2c8,8,0x10C4C8,0x01,0x1A,0x00,0x00,0x08,0x00,0x00,0x0136,0x0296,0x004B,0x00,0x46,0x00,220,19,220:4046:0296:0071:0126|221:4046:0286:006F:0126|222:4046:0288:004E:0126|223:4046:0278:004C:0126|224:4046:0296:0070:0136|225:4046:0286:006E:0136|226:4046:0288:004D:0136|227:4046:0278:004B:0136
round6_phase1,0xFA,3046,0x0002,0x0003,0x0000,0x01,0x0074,0x0000,0x0000,actor_748,0,0x10C748,0x01,0xAF,0x01,0x00,0x02,0x03,0x00,0x025A,0x02B5,0x02E8,0x01,0x00,0x00,46,1,46:400A:02AD:0327:024F
round6_phase1,0xFA,3046,0x0002,0x0003,0x0000,0x01,0x0074,0x0000,0x0000,actor_748,1,0x10C788,0x01,0x2E,0x00,0x00,0x01,0x00,0x00,0x0055,0x02C8,0x019D,0x01,0x00,0x00,47,1,47:0004:02BF:01BC:0051
round6_phase1,0xFA,3048,0x0002,0x0003,0x0000,0x01,0x0074,0x0000,0x0000,actor_2c8,4,0x10C3C8,0x01,0xE1,0x00,0x00,0x1F,0x00,0x00,0x009E,0x02C9,0x03B3,0x00,0x48,0x00,180,10,180:4048:02B2:03D6:009D|181:4048:02B2:03D7:008D|182:4048:02C2:03D8:009D|183:4048:02C2:03D9:008D|184:4048:02B9:03E4:0095|185:4048:02C9:03E5:009D|186:4048:02C9:03E6:008D
round6_phase1,0xFA,3048,0x0002,0x0003,0x0000,0x01,0x0074,0x0000,0x0000,actor_2c8,5,0x10C408,0x01,0x65,0x01,0x00,0x1F,0x00,0x01,0x0236,0x02C9,0x02E8,0x00,0x4A,0x00,190,10,190:004A:02C9:02F6:022F|191:004A:02B9:02F4:022F|192:004A:02C9:02F5:021F|193:004A:02B6:0300:022F|194:004A:02A6:02E9:022F|195:004A:02B6:02EB:021F|196:004A:02A6:02E8:021F|197:004A:02B6:0301:023F
round6_phase1,0xFA,3048,0x0002,0x0003,0x0000,0x01,0x0074,0x0000,0x0000,actor_2c8,6,0x10C448,0x01,0x25,0x00,0x00,0x1F,0x00,0x00,0x009E,0x02C9,0x00D0,0x00,0x44,0x00,200,10,200:4044:02C9:01AE:008D|201:4044:02B9:01AA:008D|202:4044:02A9:01A7:008D|203:4044:02C9:01AD:009D|204:4044:02B9:01A9:009D|205:4044:02A9:01A6:009D|206:4044:02C9:01AC:00AD|207:4044:02C9:01AF:007D|208:4044:02B9:01AB:007D|209:4044:02A9:01A8:007D
round6_phase1,0xFA,3048,0x0002,0x0003,0x0000,0x01,0x0074,0x0000,0x0000,actor_2c8,7,0x10C488,0x01,0xC9,0x00,0x00,0x08,0x00,0x00,0x0131,0x029C,0x0420,0x00,0x47,0x00,210,10,210:4047:0278:0420:0132|211:4047:0278:0421:0122|212:4047:0288:0422:0132|213:4047:0288:0423:0122|214:4047:0289:0424:012A|215:4047:0299:0425:0132|216:4047:0299:0426:0122
round6_phase1,0xFA,3048,0x0002,0x0003,0x0000,0x01,0x0074,0x0000,0x0000,actor_2c8,8,0x10C4C8,0x01,0x1A,0x00,0x00,0x08,0x00,0x00,0x0133,0x0299,0x004B,0x00,0x46,0x00,220,19,220:4046:0299:0071:0122|221:4046:0289:006F:0122|222:4046:028B:004E:0122|223:4046:027B:004C:0122|224:4046:0299:0070:0132|225:4046:0289:006E:0132|226:4046:028B:004D:0132|227:4046:027B:004B:0132
round6_phase1,0xFA,3048,0x0002,0x0003,0x0000,0x01,0x0074,0x0000,0x0000,actor_748,0,0x10C748,0x01,0xB0,0x01,0x00,0x02,0x03,0x00,0x025C,0x02B5,0x02E8,0x01,0x00,0x00,46,1,46:400A:02AD:0328:0250
round6_phase1,0xFA,3048,0x0002,0x0003,0x0000,0x01,0x0074,0x0000,0x0000,actor_748,1,0x10C788,0x01,0x2F,0x00,0x00,0x01,0x00,0x00,0x0051,0x02C9,0x019D,0x01,0x00,0x00,47,1,47:0004:02C0:01BF:004C
round6_phase1,0xFA,3050,0x0002,0x0003,0x0000,0x01,0x0074,0x0000,0x0000,actor_2c8,6,0x10C448,0x01,0x52,0x00,0x00,0x02,0x00,0x01,0x009C,0x02C9,0x00D0,0x01,0x44,0x00,200,10,200:0044:02C9:0015:009C|201:0044:02B9:00DC:009C|202:0044:02A9:00DA:009C|203:0044:02C9:0014:008C|204:0044:02B9:00DB:008C|205:0044:02A9:00D9:008C|206:0044:02C9:0013:007C|207:0044:02C9:0016:00AC|208:0044:02B9:00DD:00AC
round6_phase1,0xFA,3050,0x0002,0x0003,0x0000,0x01,0x0074,0x0000,0x0000,actor_2c8,7,0x10C488,0x01,0xC9,0x00,0x00,0x08,0x00,0x00,0x0130,0x029F,0x0420,0x00,0x47,0x00,210,10,210:4047:027B:0420:0130|211:4047:027B:0421:0120|212:4047:028B:0422:0130|213:4047:028B:0423:0120|214:4047:028C:0424:0128|215:4047:029C:0425:0130|216:4047:029C:0426:0120
round6_phase1,0xFA,3050,0x0002,0x0003,0x0000,0x01,0x0074,0x0000,0x0000,actor_2c8,8,0x10C4C8,0x01,0x1A,0x00,0x00,0x08,0x00,0x00,0x0131,0x029C,0x004B,0x00,0x46,0x00,220,19,220:4046:029C:0071:0120|221:4046:028C:006F:0120|222:4046:028E:004E:0120|223:4046:027E:004C:0120|224:4046:029C:0070:0130|225:4046:028C:006E:0130|226:4046:028E:004D:0130|227:4046:027E:004B:0130
round6_phase1,0xFA,3050,0x0002,0x0003,0x0000,0x01,0x0074,0x0000,0x0000,actor_748,0,0x10C748,0x01,0xB1,0x01,0x00,0x02,0x03,0x00,0x025F,0x02B5,0x02E8,0x01,0x00,0x00,46,1,46:400A:02AD:0329:0253
round6_phase1,0xFA,3050,0x0002,0x0003,0x0000,0x01,0x0074,0x0000,0x0000,actor_748,1,0x10C788,0x01,0x2F,0x00,0x00,0x01,0x00,0x00,0x004E,0x02CA,0x019D,0x01,0x00,0x00,47,1,47:0004:02C1:01BF:0049
round6_phase1,0xFA,3052,0x0002,0x0003,0x0000,0x01,0x0074,0x0000,0x0000,actor_2c8,7,0x10C488,0x01,0xC9,0x00,0x00,0x08,0x00,0x00,0x012F,0x02A2,0x0420,0x00,0x47,0x00,210,10,210:4047:027E:0420:012F|211:4047:027E:0421:011F|212:4047:028E:0422:012F|213:4047:028E:0423:011F|214:4047:028F:0424:0127|215:4047:029F:0425:012F|216:4047:029F:0426:011F
round6_phase1,0xFA,3052,0x0002,0x0003,0x0000,0x01,0x0074,0x0000,0x0000,actor_2c8,8,0x10C4C8,0x01,0x1A,0x00,0x00,0x08,0x00,0x00,0x0130,0x029F,0x004B,0x00,0x46,0x00,220,19,220:4046:029F:0071:011F|221:4046:028F:006F:011F|222:4046:0291:004E:011F|223:4046:0281:004C:011F|224:4046:029F:0070:012F|225:4046:028F:006E:012F|226:4046:0291:004D:012F|227:4046:0281:004B:012F
round6_phase1,0xFA,3052,0x0002,0x0003,0x0000,0x01,0x0074,0x0000,0x0000,actor_748,0,0x10C748,0x01,0xAA,0x01,0x00,0x02,0x03,0x00,0x0262,0x02B5,0x02E8,0x01,0x00,0x00,46,1,46:400A:02AD:0322:0256
round6_phase1,0xFA,3052,0x0002,0x0003,0x0000,0x01,0x0074,0x0000,0x0000,actor_748,1,0x10C788,0x01,0x2E,0x00,0x00,0x01,0x00,0x00,0x004B,0x02CC,0x019D,0x01,0x00,0x00,47,1,47:0004:02C2:01BE:0046
round6_phase1,0xFA,3054,0x0002,0x0003,0x0000,0x01,0x0074,0x0000,0x0000,actor_2c8,6,0x10C448,0x01,0x52,0x00,0x00,0x02,0x00,0x01,0x009A,0x02C9,0x00D0,0x01,0x44,0x00,200,10,200:0044:02C9:0015:009A|201:0044:02B9:00DC:009A|202:0044:02A9:00DA:009A|203:0044:02C9:0014:008A|204:0044:02B9:00DB:008A|205:0044:02A9:00D9:008A|206:0044:02C9:0013:007A|207:0044:02C9:0016:00AA|208:0044:02B9:00DD:00AA
round6_phase1,0xFA,3054,0x0002,0x0003,0x0000,0x01,0x0074,0x0000,0x0000,actor_2c8,7,0x10C488,0x01,0xC9,0x00,0x00,0x08,0x00,0x00,0x012E,0x02A6,0x0420,0x00,0x47,0x00,210,10,210:4047:0281:0420:012E|211:4047:0281:0421:011E|212:4047:0291:0422:012E|213:4047:0291:0423:011E|214:4047:0292:0424:0126|215:4047:02A2:0425:012E|216:4047:02A2:0426:011E
round6_phase1,0xFA,3054,0x0002,0x0003,0x0000,0x01,0x0074,0x0000,0x0000,actor_2c8,8,0x10C4C8,0x01,0x1A,0x00,0x00,0x08,0x00,0x00,0x012F,0x02A2,0x004B,0x00,0x46,0x00,220,19,220:4046:02A2:0071:011E|221:4046:0292:006F:011E|222:4046:0294:004E:011E|223:4046:0284:004C:011E|224:4046:02A2:0070:012E|225:4046:0292:006E:012E|226:4046:0294:004D:012E|227:4046:0284:004B:012E
round6_phase1,0xFA,3054,0x0002,0x0003,0x0000,0x01,0x0074,0x0000,0x0000,actor_748,0,0x10C748,0x01,0xAB,0x01,0x00,0x02,0x03,0x00,0x0265,0x02B5,0x02E8,0x01,0x00,0x00,46,1,46:400A:02AD:0323:0259
round6_phase1,0xFA,3054,0x0002,0x0003,0x0000,0x01,0x0074,0x0000,0x0000,actor_748,1,0x10C788,0x01,0x2E,0x00,0x00,0x01,0x00,0x00,0x0048,0x02CE,0x019D,0x01,0x00,0x00,47,1,47:0004:02C4:01BE:0043
round6_phase1,0xFA,3056,0x0002,0x0003,0x0000,0x01,0x0074,0x0000,0x0000,actor_2c8,7,0x10C488,0x01,0xCB,0x00,0x00,0x08,0x00,0x00,0x012E,0x02A9,0x0420,0x00,0x47,0x00,210,10,210:4047:0285:0420:012D|211:4047:0285:0421:011D|212:4047:0295:0422:012D|213:4047:0295:0423:011D|214:4047:0296:0424:0125|215:4047:02A6:0425:012D|216:4047:02A6:0426:011D
round6_phase1,0xFA,3056,0x0002,0x0003,0x0000,0x01,0x0074,0x0000,0x0000,actor_2c8,8,0x10C4C8,0x01,0x1A,0x00,0x00,0x08,0x00,0x00,0x012E,0x02A6,0x004B,0x00,0x46,0x00,220,19,220:4046:02A6:0071:011D|221:4046:0296:006F:011D|222:4046:0298:004E:011D|223:4046:0288:004C:011D|224:4046:02A6:0070:012D|225:4046:0296:006E:012D|226:4046:0298:004D:012D|227:4046:0288:004B:012D
round6_phase1,0xFA,3056,0x0002,0x0003,0x0000,0x01,0x0074,0x0000,0x0000,actor_748,0,0x10C748,0x01,0xAC,0x01,0x00,0x02,0x03,0x00,0x0268,0x02B5,0x02E8,0x01,0x00,0x00,46,1,46:400A:02AD:0324:025C
round6_phase1,0xFA,3056,0x0002,0x0003,0x0000,0x01,0x0074,0x0000,0x0000,actor_748,1,0x10C788,0x01,0x2F,0x00,0x00,0x01,0x00,0x00,0x0045,0x02D0,0x019D,0x01,0x00,0x00,47,1,47:0004:02C6:01BF:0040
round6_phase1,0xFA,3058,0x0002,0x0003,0x0000,0x01,0x0074,0x0000,0x0000,actor_2c8,4,0x10C3C8,0x01,0xDF,0x00,0x00,0x02,0x00,0x00,0x009C,0x02C9,0x03B3,0x01,0x48,0x00,180,10,180:4048:02B2:03D6:009D|181:4048:02B2:03D7:008D|182:4048:02C2:03D8:009D|183:4048:02C2:03D9:008D|184:4048:02B9:03E4:0095|185:4048:02C9:03E5:009D|186:4048:02C9:03E6:008D
round6_phase1,0xFA,3058,0x0002,0x0003,0x0000,0x01,0x0074,0x0000,0x0000,actor_2c8,5,0x10C408,0x01,0x66,0x01,0x00,0x1F,0x00,0x01,0x0236,0x02C9,0x02E8,0x00,0x4A,0x00,190,10,190:004A:02C9:02F6:022F|191:004A:02B9:02F4:022F|192:004A:02C9:02F5:021F|193:004A:02B6:0304:021F|194:004A:02A6:0303:021F|195:004A:029E:0302:020F|196:004A:02B6:0300:022F|197:004A:02A6:02E9:022F|198:004A:02B6:0301:023F
round6_phase1,0xFA,3058,0x0002,0x0003,0x0000,0x01,0x0074,0x0000,0x0000,actor_2c8,6,0x10C448,0x01,0x53,0x00,0x00,0x02,0x00,0x02,0x0098,0x02C9,0x00D0,0x01,0x44,0x00,200,10,200:0044:02C9:0019:0098|201:0044:02B9:00E5:0098|202:0044:02A9:00E3:0098|203:0044:02C9:0018:0088|204:0044:02B9:00E4:0088|205:0044:02A9:00E2:0088|206:0044:02C9:0017:0078|207:0044:02C9:001A:00A8|208:0044:02B9:00E6:00A8
round6_phase1,0xFA,3058,0x0002,0x0003,0x0000,0x01,0x0074,0x0000,0x0000,actor_2c8,7,0x10C488,0x01,0xCB,0x00,0x00,0x08,0x00,0x00,0x012E,0x02A9,0x0420,0x00,0x47,0x00,210,10,210:4047:0288:0420:012D|211:4047:0288:0421:011D|212:4047:0298:0422:012D|213:4047:0298:0423:011D|214:4047:0299:0429:0125|215:4047:02A9:042A:0125
round6_phase1,0xFA,3058,0x0002,0x0003,0x0000,0x01,0x0074,0x0000,0x0000,actor_2c8,8,0x10C4C8,0x01,0x1B,0x00,0x00,0x08,0x00,0x00,0x012E,0x02A9,0x004B,0x00,0x46,0x00,220,19,220:4046:02A9:0075:011D|221:4046:0299:0073:011D|222:4046:029E:004E:011D|223:4046:028E:004C:011D|224:4046:02A9:0074:012D|225:4046:0299:0072:012D|226:4046:029E:004D:012D|227:4046:028E:004B:012D
round6_phase1,0xFA,3058,0x0002,0x0003,0x0000,0x01,0x0074,0x0000,0x0000,actor_748,0,0x10C748,0x01,0xAD,0x01,0x00,0x02,0x03,0x00,0x026B,0x02B5,0x02E8,0x01,0x00,0x00,46,1,46:400A:02AD:0325:025F
round6_phase1,0xFA,3058,0x0002,0x0003,0x0000,0x01,0x0074,0x0000,0x0000,actor_748,1,0x10C788,0x01,0x2F,0x00,0x00,0x01,0x00,0x00,0x0042,0x02D2,0x019D,0x01,0x00,0x00,47,1,47:0004:02C8:01BF:003D
round6_phase1,0xFA,3060,0x0002,0x0003,0x0000,0x01,0x0074,0x0000,0x0000,actor_2c8,4,0x10C3C8,0x01,0xE0,0x00,0x00,0x02,0x00,0x00,0x009A,0x02C9,0x03B3,0x01,0x48,0x00,180,10,180:0048:02AA:03D6:008C|181:0048:02AA:03D7:009C|182:0048:02BA:03D8:008C|183:0048:02BA:03D9:009C|184:0048:02BA:03E2:0094|185:0048:02CA:03E3:0095
round6_phase1,0xFA,3060,0x0002,0x0003,0x0000,0x01,0x0074,0x0000,0x0000,actor_2c8,7,0x10C488,0x01,0xCC,0x00,0x00,0x02,0x00,0x00,0x012C,0x02A9,0x0420,0x00,0x47,0x00,210,10,210:4047:0289:0420:012B|211:4047:0289:0421:011B|212:4047:0299:0422:012B|213:4047:0299:0423:011B|214:4047:029A:0427:0123|215:4047:02AA:0428:0123
round6_phase1,0xFA,3060,0x0002,0x0003,0x0000,0x01,0x0074,0x0000,0x0000,actor_2c8,8,0x10C4C8,0x01,0x18,0x00,0x00,0x02,0x00,0x00,0x012C,0x02A9,0x004B,0x00,0x46,0x00,220,19,220:4046:02A9:0075:011D|221:4046:0299:0073:011D|222:4046:029E:004E:011D|223:4046:028E:004C:011D|224:4046:02A9:0074:012D|225:4046:0299:0072:012D|226:4046:029E:004D:012D|227:4046:028E:004B:012D
round6_phase1,0xFA,3060,0x0002,0x0003,0x0000,0x01,0x0074,0x0000,0x0000,actor_748,0,0x10C748,0x01,0xAE,0x01,0x00,0x02,0x03,0x00,0x026E,0x02B5,0x02E8,0x01,0x00,0x00,46,1,46:400A:02AD:0326:0262
round6_phase1,0xFA,3060,0x0002,0x0003,0x0000,0x01,0x0074,0x0000,0x0000,actor_748,1,0x10C788,0x01,0x2E,0x00,0x00,0x01,0x00,0x00,0x003F,0x02D4,0x019D,0x01,0x00,0x00,47,1,47:0004:02CA:01BE:003A
round6_phase1,0xFA,3062,0x0002,0x0003,0x0000,0x01,0x0074,0x0000,0x0000,actor_2c8,4,0x10C3C8,0x01,0xE0,0x00,0x00,0x02,0x00,0x00,0x0098,0x02C9,0x03B3,0x01,0x48,0x00,180,10,180:0048:02AA:03D6:008A|181:0048:02AA:03D7:009A|182:0048:02BA:03D8:008A|183:0048:02BA:03D9:009A|184:0048:02BA:03E2:0092|185:0048:02CA:03E3:0093
round6_phase1,0xFA,3062,0x0002,0x0003,0x0000,0x01,0x0074,0x0000,0x0000,actor_2c8,6,0x10C448,0x01,0x53,0x00,0x00,0x02,0x00,0x02,0x0096,0x02C9,0x00D0,0x01,0x44,0x00,200,10,200:0044:02C9:0019:0096|201:0044:02B9:00E5:0096|202:0044:02A9:00E3:0096|203:0044:02C9:0018:0086|204:0044:02B9:00E4:0086|205:0044:02A9:00E2:0086|206:0044:02C9:0017:0076|207:0044:02C9:001A:00A6|208:0044:02B9:00E6:00A6
round6_phase1,0xFA,3062,0x0002,0x0003,0x0000,0x01,0x0074,0x0000,0x0000,actor_2c8,7,0x10C488,0x01,0xCC,0x00,0x00,0x02,0x00,0x00,0x012A,0x02A9,0x0420,0x00,0x47,0x00,210,10,210:4047:0289:0420:0129|211:4047:0289:0421:0119|212:4047:0299:0422:0129|213:4047:0299:0423:0119|214:4047:029A:0427:0121|215:4047:02AA:0428:0121
round6_phase1,0xFA,3062,0x0002,0x0003,0x0000,0x01,0x0074,0x0000,0x0000,actor_2c8,8,0x10C4C8,0x01,0x18,0x00,0x00,0x02,0x00,0x00,0x012A,0x02A9,0x004B,0x00,0x46,0x00,220,19,220:4046:02A9:0069:011B|221:4046:0299:0067:011B|222:4046:0299:004E:011B|223:4046:0289:004C:011B|224:4046:02A9:0068:012B|225:4046:0299:0063:012B|226:4046:0299:004D:012B|227:4046:0289:004B:012B
round6_phase1,0xFA,3062,0x0002,0x0003,0x0000,0x01,0x0074,0x0000,0x0000,actor_748,0,0x10C748,0x01,0xAF,0x01,0x00,0x02,0x03,0x00,0x0271,0x02B5,0x02E8,0x01,0x00,0x00,46,1,46:400A:02AD:0327:0265
round6_phase1,0xFA,3062,0x0002,0x0003,0x0000,0x01,0x0074,0x0000,0x0000,actor_748,1,0x10C788,0x01,0x2E,0x00,0x00,0x01,0x00,0x00,0x003C,0x02D6,0x019D,0x01,0x00,0x00,47,1,47:0004:02CC:01BE:0037
round6_phase1,0xFA,3064,0x0002,0x0003,0x0000,0x01,0x0074,0x0000,0x0000,actor_2c8,4,0x10C3C8,0x01,0xE0,0x00,0x00,0x02,0x00,0x00,0x0096,0x02C9,0x03B3,0x01,0x48,0x00,180,10,180:0048:02AA:03D6:0088|181:0048:02AA:03D7:0098|182:0048:02BA:03D8:0088|183:0048:02BA:03D9:0098|184:0048:02BA:03E2:0090|185:0048:02CA:03E3:0091
round6_phase1,0xFA,3064,0x0002,0x0003,0x0000,0x01,0x0074,0x0000,0x0000,actor_2c8,7,0x10C488,0x01,0xCC,0x00,0x00,0x02,0x00,0x00,0x0128,0x02A9,0x0420,0x00,0x47,0x00,210,10,210:4047:0289:0420:0127|211:4047:0289:0421:0117|212:4047:0299:0422:0127|213:4047:0299:0423:0117|214:4047:029A:0427:011F|215:4047:02AA:0428:011F
round6_phase1,0xFA,3064,0x0002,0x0003,0x0000,0x01,0x0074,0x0000,0x0000,actor_2c8,8,0x10C4C8,0x01,0x18,0x00,0x00,0x02,0x00,0x00,0x0128,0x02A9,0x004B,0x00,0x46,0x00,220,19,220:4046:02A9:0069:0119|221:4046:0299:0067:0119|222:4046:0299:004E:0119|223:4046:0289:004C:0119|224:4046:02A9:0068:0129|225:4046:0299:0063:0129|226:4046:0299:004D:0129|227:4046:0289:004B:0129
round6_phase1,0xFA,3064,0x0002,0x0003,0x0000,0x01,0x0074,0x0000,0x0000,actor_748,0,0x10C748,0x01,0xB0,0x01,0x00,0x02,0x03,0x00,0x0274,0x02B5,0x02E8,0x01,0x00,0x00,46,1,46:400A:02AD:0328:0268
round6_phase1,0xFA,3064,0x0002,0x0003,0x0000,0x01,0x0074,0x0000,0x0000,actor_748,1,0x10C788,0x01,0x2F,0x00,0x00,0x0F,0x00,0x00,0x0039,0x02D9,0x019D,0x01,0x00,0x00,47,1,47:0004:02CE:01BF:0034
round6_phase1,0xFA,3066,0x0002,0x0003,0x0000,0x01,0x0074,0x0000,0x0000,actor_2c8,4,0x10C3C8,0x01,0xE0,0x00,0x00,0x02,0x00,0x00,0x0096,0x02C9,0x03B3,0x01,0x48,0x00,180,10,180:0048:02AA:03D6:0086|181:0048:02AA:03D7:0096|182:0048:02BA:03D8:0086|183:0048:02BA:03D9:0096|184:0048:02BA:03E2:008E|185:0048:02CA:03E3:008F
round6_phase1,0xFA,3066,0x0002,0x0003,0x0000,0x01,0x0074,0x0000,0x0000,actor_2c8,5,0x10C408,0x01,0x67,0x01,0x00,0x1F,0x00,0x01,0x0236,0x02C9,0x02E8,0x00,0x4A,0x00,190,10,190:004A:02C9:02F6:022F|191:004A:02B9:02F4:022F|192:004A:02C9:02F5:021F|193:004A:02B6:0308:022F|194:004A:02A6:0306:022F|195:004A:02B6:0304:021F|196:004A:02A6:0305:021F|197:004A:02B6:0309:023F|198:004A:02A6:0307:023F
round6_phase1,0xFA,3066,0x0002,0x0003,0x0000,0x01,0x0074,0x0000,0x0000,actor_2c8,6,0x10C448,0x01,0x25,0x00,0x00,0x1F,0x00,0x03,0x0096,0x02C9,0x00D0,0x00,0x44,0x00,200,10,200:0044:02C9:001D:0096|201:0044:02B9:00E5:0096|202:0044:02A9:00E3:0096|203:0044:02C9:001C:0086|204:0044:02B9:00E4:0086|205:0044:02A9:00E2:0086|206:0044:02C9:001B:0076|207:0044:02C9:001E:00A6|208:0044:02B9:00E6:00A6
round6_phase1,0xFA,3066,0x0002,0x0003,0x0000,0x01,0x0074,0x0000,0x0000,actor_2c8,7,0x10C488,0x01,0xCC,0x00,0x00,0x02,0x00,0x00,0x0126,0x02A9,0x0420,0x00,0x47,0x00,210,10,210:4047:0289:0420:0125|211:4047:0289:0421:0115|212:4047:0299:0422:0125|213:4047:0299:0423:0115|214:4047:029A:0427:011D|215:4047:02AA:0428:011D
round6_phase1,0xFA,3066,0x0002,0x0003,0x0000,0x01,0x0074,0x0000,0x0000,actor_2c8,8,0x10C4C8,0x01,0x18,0x00,0x00,0x02,0x00,0x00,0x0126,0x02A9,0x004B,0x00,0x46,0x00,220,19,220:4046:02A9:0069:0117|221:4046:0299:0067:0117|222:4046:0299:004E:0117|223:4046:0289:004C:0117|224:4046:02A9:0068:0127|225:4046:0299:0063:0127|226:4046:0299:004D:0127|227:4046:0289:004B:0127
round6_phase1,0xFA,3066,0x0002,0x0003,0x0000,0x01,0x0074,0x0000,0x0000,actor_748,0,0x10C748,0x01,0xB1,0x01,0x00,0x02,0x03,0x00,0x0277,0x02B5,0x02E8,0x01,0x00,0x00,46,1,46:400A:02AD:0329:026B
round6_phase1,0xFA,3066,0x0002,0x0003,0x0000,0x01,0x0074,0x0000,0x0000,actor_748,1,0x10C788,0x01,0x2A,0x00,0x00,0x0F,0x00,0x00,0x0039,0x02D9,0x019D,0x01,0x00,0x00,47,1,47:0004:02D1:01BA:0031
round6_phase1,0xFA,3066,0x0002,0x0003,0x0000,0x01,0x0074,0x0000,0x0000,actor_748,2,0x10C7C8,0x01,0xB1,0x01,0x00,0x02,0x03,0x00,0x0241,0x02B5,0x02E8,0x01,0x00,0x00,48,1,48:400A:02AD:0329:0238
round6_phase1,0xFA,3068,0x0002,0x0003,0x0000,0x01,0x0074,0x0000,0x0000,actor_2c8,4,0x10C3C8,0x01,0xE1,0x01,0x00,0x1F,0x00,0x00,0x0096,0x02C9,0x03B3,0x00,0x48,0x00,180,10,180:0048:02B2:03D6:0086|181:0048:02B2:03D7:0096|182:0048:02C2:03D8:0086|183:0048:02C2:03D9:0096|184:0048:02B9:03E4:008E|185:0048:02C9:03E5:0086|186:0048:02C9:03E6:0096
round6_phase1,0xFA,3068,0x0002,0x0003,0x0000,0x01,0x0074,0x0000,0x0000,actor_2c8,6,0x10C448,0x01,0x25,0x00,0x00,0x1F,0x00,0x03,0x0096,0x02C9,0x00D0,0x00,0x44,0x00,200,10,200:4044:02CA:00E9:0085|201:4044:02BA:00E5:0085|202:4044:02AA:00E3:0085|203:4044:02CA:00E8:0095|204:4044:02BA:00E4:0095|205:4044:02AA:00E2:0095|206:4044:02CA:00E7:00A5|207:4044:02CA:00EA:0075|208:4044:02BA:00E6:0075
round6_phase1,0xFA,3068,0x0002,0x0003,0x0000,0x01,0x0074,0x0000,0x0000,actor_2c8,7,0x10C488,0x01,0xC9,0x00,0x00,0x02,0x00,0x00,0x0124,0x02A9,0x0420,0x00,0x47,0x00,210,10,210:4047:0288:0420:0125|211:4047:0288:0421:0115|212:4047:0298:0422:0125|213:4047:0298:0423:0115|214:4047:0299:0424:011D|215:4047:02A9:0425:0125|216:4047:02A9:0426:0115
round6_phase1,0xFA,3068,0x0002,0x0003,0x0000,0x01,0x0074,0x0000,0x0000,actor_2c8,8,0x10C4C8,0x01,0x17,0x00,0x00,0x02,0x00,0x00,0x0126,0x02A9,0x004B,0x00,0x46,0x00,220,19,220:4046:02AA:0066:0115|221:4046:029A:0064:0115|222:4046:029A:004E:0115|223:4046:028A:004C:0115|224:4046:02AA:0065:0125|225:4046:029A:0063:0125|226:4046:029A:004D:0125|227:4046:028A:004B:0125
round6_phase1,0xFA,3068,0x0002,0x0003,0x0000,0x01,0x0074,0x0000,0x0000,actor_748,0,0x10C748,0x01,0xAA,0x01,0x00,0x02,0x03,0x00,0x027A,0x02B5,0x02E8,0x01,0x00,0x00,46,1,46:400A:02AD:0322:026E
round6_phase1,0xFA,3068,0x0002,0x0003,0x0000,0x01,0x0074,0x0000,0x0000,actor_748,2,0x10C7C8,0x01,0xAA,0x01,0x00,0x02,0x03,0x00,0x0244,0x02B5,0x02E8,0x01,0x00,0x00,48,1,48:400A:02AD:0322:023B
round6_phase1,0xFA,3070,0x0002,0x0003,0x0000,0x01,0x0074,0x0000,0x0000,actor_2c8,5,0x10C408,0x01,0x68,0x01,0x00,0x1F,0x00,0x01,0x0236,0x02C9,0x02E8,0x00,0x4A,0x00,190,10,190:004A:02C9:02F6:022F|191:004A:02B9:02F4:022F|192:004A:02C9:02F5:021F|193:004A:02B6:030C:022F|194:004A:02A6:02E9:022F|195:004A:02B6:030B:021F|196:004A:02A6:030A:021F|197:004A:02B6:0301:023F
round6_phase1,0xFA,3070,0x0002,0x0003,0x0000,0x01,0x0074,0x0000,0x0000,actor_2c8,7,0x10C488,0x01,0xC9,0x00,0x00,0x02,0x00,0x00,0x0122,0x02A9,0x0420,0x00,0x47,0x00,210,10,210:4047:0288:0420:0123|211:4047:0288:0421:0113|212:4047:0298:0422:0123|213:4047:0298:0423:0113|214:4047:0299:0424:011B|215:4047:02A9:0425:0123|216:4047:02A9:0426:0113
round6_phase1,0xFA,3070,0x0002,0x0003,0x0000,0x01,0x0074,0x0000,0x0000,actor_2c8,8,0x10C4C8,0x01,0x17,0x00,0x00,0x02,0x00,0x00,0x0124,0x02A9,0x004B,0x00,0x46,0x00,220,19,220:4046:02AA:0066:0113|221:4046:029A:0064:0113|222:4046:029A:004E:0113|223:4046:028A:004C:0113|224:4046:02AA:0065:0123|225:4046:029A:0063:0123|226:4046:029A:004D:0123|227:4046:028A:004B:0123
round6_phase1,0xFA,3070,0x0002,0x0003,0x0000,0x01,0x0074,0x0000,0x0000,actor_748,0,0x10C748,0x01,0xAB,0x01,0x00,0x02,0x03,0x00,0x027D,0x02B5,0x02E8,0x01,0x00,0x00,46,1,46:400A:02AD:0323:0271
round6_phase1,0xFA,3070,0x0002,0x0003,0x0000,0x01,0x0074,0x0000,0x0000,actor_748,1,0x10C788,0x01,0x2C,0x00,0x00,0x0F,0x00,0x00,0x0039,0x02D9,0x019D,0x01,0x00,0x00,47,1,47:0004:02D1:01BC:0031
round6_phase1,0xFA,3070,0x0002,0x0003,0x0000,0x01,0x0074,0x0000,0x0000,actor_748,2,0x10C7C8,0x01,0xAB,0x01,0x00,0x02,0x03,0x00,0x0247,0x02B5,0x02E8,0x01,0x00,0x00,48,1,48:400A:02AD:0323:023E
round6_phase1,0xFA,3072,0x0002,0x0003,0x0000,0x01,0x0074,0x0000,0x0000,actor_2c8,7,0x10C488,0x01,0xC9,0x00,0x00,0x02,0x00,0x00,0x0120,0x02A9,0x0420,0x00,0x47,0x00,210,10,210:4047:0288:0420:0121|211:4047:0288:0421:0111|212:4047:0298:0422:0121|213:4047:0298:0423:0111|214:4047:0299:0424:0119|215:4047:02A9:0425:0121|216:4047:02A9:0426:0111
round6_phase1,0xFA,3072,0x0002,0x0003,0x0000,0x01,0x0074,0x0000,0x0000,actor_2c8,8,0x10C4C8,0x01,0x17,0x00,0x00,0x02,0x00,0x00,0x0122,0x02A9,0x004B,0x00,0x46,0x00,220,19,220:4046:02AA:0066:0111|221:4046:029A:0064:0111|222:4046:029A:004E:0111|223:4046:028A:004C:0111|224:4046:02AA:0065:0121|225:4046:029A:0063:0121|226:4046:029A:004D:0121|227:4046:028A:004B:0121
round6_phase1,0xFA,3072,0x0002,0x0003,0x0000,0x01,0x0074,0x0000,0x0000,actor_748,0,0x10C748,0x01,0xAC,0x01,0x00,0x02,0x03,0x00,0x0280,0x02B5,0x02E8,0x01,0x00,0x00,46,1,46:400A:02AD:0324:0274
round6_phase1,0xFA,3072,0x0002,0x0003,0x0000,0x01,0x0074,0x0000,0x0000,actor_748,2,0x10C7C8,0x01,0xAC,0x01,0x00,0x02,0x03,0x00,0x024A,0x02B5,0x02E8,0x01,0x00,0x00,48,1,48:400A:02AD:0324:0241
round6_phase1,0xFA,3074,0x0002,0x0003,0x0000,0x01,0x0074,0x0000,0x0000,actor_2c8,5,0x10C408,0x01,0xB3,0x01,0x00,0x01,0x00,0x02,0x0238,0x02C9,0x02E8,0x00,0x4A,0x00,190,10,190:004A:02C9:02F6:022F|191:004A:02B9:02F4:022F|192:004A:02C9:02F5:021F|193:004A:02B6:030C:022F|194:004A:02A6:02E9:022F|195:004A:02B6:030B:021F|196:004A:02A6:030A:021F|197:004A:02B6:0301:023F
round6_phase1,0xFA,3074,0x0002,0x0003,0x0000,0x01,0x0074,0x0000,0x0000,actor_2c8,6,0x10C448,0x01,0x4E,0x00,0x00,0x1F,0x00,0x03,0x0096,0x02C9,0x00D0,0x00,0x44,0x00,200,10,200:4044:02CA:00E9:0085|201:4044:02BA:00E5:0085|202:4044:02AA:00E3:0085|203:4044:02CA:00E8:0095|204:4044:02BA:00E4:0095|205:4044:02AA:00E2:0095|206:4044:02CA:00E7:00A5|207:4044:02CA:00EA:0075|208:4044:02BA:00E6:0075
round6_phase1,0xFA,3074,0x0002,0x0003,0x0000,0x01,0x0074,0x0000,0x0000,actor_2c8,7,0x10C488,0x01,0xC9,0x00,0x00,0x02,0x00,0x00,0x011E,0x02A9,0x0420,0x00,0x47,0x00,210,10,210:4047:0288:0420:011F|211:4047:0288:0421:010F|212:4047:0298:0422:011F|213:4047:0298:0423:010F|214:4047:0299:0424:0117|215:4047:02A9:0425:011F|216:4047:02A9:0426:010F
round6_phase1,0xFA,3074,0x0002,0x0003,0x0000,0x01,0x0074,0x0000,0x0000,actor_2c8,8,0x10C4C8,0x01,0x17,0x00,0x00,0x02,0x00,0x00,0x0120,0x02A9,0x004B,0x00,0x46,0x00,220,19,220:4046:02AA:0066:010F|221:4046:029A:0064:010F|222:4046:029A:004E:010F|223:4046:028A:004C:010F|224:4046:02AA:0065:011F|225:4046:029A:0063:011F|226:4046:029A:004D:011F|227:4046:028A:004B:011F
round6_phase1,0xFA,3074,0x0002,0x0003,0x0000,0x01,0x0074,0x0000,0x0000,actor_748,0,0x10C748,0x01,0xAD,0x01,0x00,0x02,0x03,0x00,0x0283,0x02B5,0x02E8,0x01,0x00,0x00,46,1,46:400A:02AD:0325:0277
round6_phase1,0xFA,3074,0x0002,0x0003,0x0000,0x01,0x0074,0x0000,0x0000,actor_748,1,0x10C788,0x01,0x2E,0x00,0x00,0x0F,0x00,0x00,0x0039,0x02D9,0x019D,0x01,0x00,0x00,47,1,47:0004:02D1:01BE:0031
round6_phase1,0xFA,3074,0x0002,0x0003,0x0000,0x01,0x0074,0x0000,0x0000,actor_748,2,0x10C7C8,0x01,0xAD,0x01,0x00,0x02,0x03,0x00,0x024D,0x02B5,0x02E8,0x01,0x00,0x00,48,1,48:400A:02AD:0325:0244
round6_phase1,0xFA,3076,0x0002,0x0003,0x0000,0x01,0x0074,0x0000,0x0000,actor_2c8,5,0x10C408,0x01,0x68,0x01,0x00,0x01,0x00,0x02,0x023A,0x02C9,0x02E8,0x00,0x4A,0x00,190,10,190:004A:02C9:02F6:0231|191:004A:02B9:02F4:0231|192:004A:02C9:02F5:0221|193:004A:02B6:030C:0231|194:004A:02A6:02E9:0231|195:004A:02B6:030B:0221|196:004A:02A6:030A:0221|197:004A:02B6:0301:0241
round6_phase1,0xFA,3076,0x0002,0x0003,0x0000,0x01,0x0074,0x0000,0x0000,actor_2c8,6,0x10C448,0x01,0x4E,0x00,0x00,0x1F,0x00,0x03,0x0096,0x02C9,0x00D0,0x00,0x44,0x00,200,10,200:4044:02C9:01A4:0085|201:4044:02B9:01A0:0085|202:4044:02A9:019E:0085|203:4044:02C9:01A3:0095|204:4044:02B9:019F:0095|205:4044:02A9:019D:0095|206:4044:02C9:01A2:00A5|207:4044:02C9:01A5:0075|208:4044:02B9:01A1:0075
round6_phase1,0xFA,3076,0x0002,0x0003,0x0000,0x01,0x0074,0x0000,0x0000,actor_2c8,7,0x10C488,0x01,0xCA,0x00,0x00,0x02,0x00,0x00,0x011E,0x02A9,0x0420,0x00,0x47,0x00,210,10,210:4047:0289:0420:011D|211:4047:0289:0421:010D|212:4047:0299:0422:011D|213:4047:0299:0423:010D|214:4047:029A:0427:0115|215:4047:02AA:0428:0115
round6_phase1,0xFA,3076,0x0002,0x0003,0x0000,0x01,0x0074,0x0000,0x0000,actor_2c8,8,0x10C4C8,0x01,0x18,0x00,0x00,0x02,0x00,0x00,0x011E,0x02A9,0x004B,0x00,0x46,0x00,220,19,220:4046:02A9:0069:010D|221:4046:0299:0067:010D|222:4046:0299:004E:010D|223:4046:0289:004C:010D|224:4046:02A9:0068:011D|225:4046:0299:0063:011D|226:4046:0299:004D:011D|227:4046:0289:004B:011D
round6_phase1,0xFA,3076,0x0002,0x0003,0x0000,0x01,0x0074,0x0000,0x0000,actor_748,0,0x10C748,0x01,0xAE,0x01,0x00,0x02,0x03,0x00,0x0286,0x02B5,0x02E8,0x01,0x00,0x00,46,1,46:400A:02AD:0326:027A
round6_phase1,0xFA,3076,0x0002,0x0003,0x0000,0x01,0x0074,0x0000,0x0000,actor_748,2,0x10C7C8,0x01,0xAE,0x01,0x00,0x02,0x03,0x00,0x0250,0x02B5,0x02E8,0x01,0x00,0x00,48,1,48:400A:02AD:0326:0247
round6_phase1,0xFA,3078,0x0002,0x0003,0x0000,0x01,0x0074,0x0000,0x0000,actor_2c8,5,0x10C408,0x01,0x68,0x01,0x00,0x01,0x00,0x02,0x023C,0x02C9,0x02E8,0x00,0x4A,0x00,190,10,190:004A:02C9:02F6:0233|191:004A:02B9:02F4:0233|192:004A:02C9:02F5:0223|193:004A:02B6:030C:0233|194:004A:02A6:02E9:0233|195:004A:02B6:030B:0223|196:004A:02A6:030A:0223|197:004A:02B6:0301:0243
round6_phase1,0xFA,3078,0x0002,0x0003,0x0000,0x01,0x0074,0x0000,0x0000,actor_2c8,7,0x10C488,0x01,0xCA,0x00,0x00,0x02,0x00,0x00,0x011C,0x02A9,0x0420,0x00,0x47,0x00,210,10,210:4047:0289:0420:011B|211:4047:0289:0421:010B|212:4047:0299:0422:011B|213:4047:0299:0423:010B|214:4047:029A:0427:0113|215:4047:02AA:0428:0113
round6_phase1,0xFA,3078,0x0002,0x0003,0x0000,0x01,0x0074,0x0000,0x0000,actor_748,0,0x10C748,0x01,0xAF,0x01,0x00,0x02,0x03,0x00,0x0289,0x02B5,0x02E8,0x01,0x00,0x00,46,1,46:400A:02AD:0327:027D
round6_phase1,0xFA,3078,0x0002,0x0003,0x0000,0x01,0x0074,0x0000,0x0000,actor_748,2,0x10C7C8,0x01,0xAF,0x01,0x00,0x02,0x03,0x00,0x0253,0x02B5,0x02E8,0x01,0x00,0x00,48,1,48:400A:02AD:0327:024A
round6_phase1,0xFA,3080,0x0002,0x0003,0x0000,0x01,0x0074,0x0000,0x0000,actor_2c8,5,0x10C408,0x01,0x68,0x01,0x00,0x01,0x00,0x02,0x023E,0x02C9,0x02E8,0x00,0x4A,0x00,190,10,190:004A:02C9:02F6:0235|191:004A:02B9:02F4:0235|192:004A:02C9:02F5:0225|193:004A:02B6:030C:0235|194:004A:02A6:02E9:0235|195:004A:02B6:030B:0225|196:004A:02A6:030A:0225|197:004A:02B6:0301:0245
round6_phase1,0xFA,3080,0x0002,0x0003,0x0000,0x01,0x0074,0x0000,0x0000,actor_2c8,7,0x10C488,0x01,0xCA,0x00,0x00,0x02,0x00,0x00,0x011A,0x02A9,0x0420,0x00,0x47,0x00,210,10,210:4047:0289:0420:0119|211:4047:0289:0421:0109|212:4047:0299:0422:0119|213:4047:0299:0423:0109|214:4047:029A:0427:0111|215:4047:02AA:0428:0111
round6_phase1,0xFA,3080,0x0002,0x0003,0x0000,0x01,0x0074,0x0000,0x0000,actor_2c8,8,0x10C4C8,0x01,0x18,0x00,0x00,0x02,0x00,0x00,0x011A,0x02A9,0x004B,0x00,0x46,0x00,220,19,220:4046:02A9:0069:010B|221:4046:0299:0067:010B|222:4046:0299:004E:010B|223:4046:0289:004C:010B|224:4046:02A9:0068:011B|225:4046:0299:0063:011B|226:4046:0299:004D:011B|227:4046:0289:004B:011B
round6_phase1,0xFA,3080,0x0002,0x0003,0x0000,0x01,0x0074,0x0000,0x0000,actor_748,0,0x10C748,0x01,0xB0,0x01,0x00,0x02,0x03,0x00,0x028C,0x02B5,0x02E8,0x01,0x00,0x00,46,1,46:400A:02AD:0328:0280
round6_phase1,0xFA,3080,0x0002,0x0003,0x0000,0x01,0x0074,0x0000,0x0000,actor_748,2,0x10C7C8,0x01,0xB0,0x01,0x00,0x02,0x03,0x00,0x0256,0x02B5,0x02E8,0x01,0x00,0x00,48,1,48:400A:02AD:0328:024D
round6_phase1,0xFA,3082,0x0002,0x0003,0x0000,0x01,0x0074,0x0000,0x0000,actor_2c8,5,0x10C408,0x01,0x68,0x01,0x00,0x01,0x00,0x02,0x023E,0x02C9,0x02E8,0x00,0x4A,0x00,190,10,190:004A:02C9:02F6:0237|191:004A:02B9:02F4:0237|192:004A:02C9:02F5:0227|193:004A:02B6:030C:0237|194:004A:02A6:02E9:0237|195:004A:02B6:030B:0227|196:004A:02A6:030A:0227|197:004A:02B6:0301:0247
round6_phase1,0xFA,3082,0x0002,0x0003,0x0000,0x01,0x0074,0x0000,0x0000,actor_2c8,7,0x10C488,0x01,0xCA,0x00,0x00,0x02,0x00,0x00,0x0118,0x02A9,0x0420,0x00,0x47,0x00,210,10,210:4047:0289:0420:0117|211:4047:0289:0421:0107|212:4047:0299:0422:0117|213:4047:0299:0423:0107|214:4047:029A:0427:010F|215:4047:02AA:0428:010F
round6_phase1,0xFA,3082,0x0002,0x0003,0x0000,0x01,0x0074,0x0000,0x0000,actor_2c8,8,0x10C4C8,0x01,0x18,0x00,0x00,0x02,0x00,0x00,0x0118,0x02A9,0x004B,0x00,0x46,0x00,220,19,220:4046:02A9:0069:0109|221:4046:0299:0067:0109|222:4046:0299:004E:0109|223:4046:0289:004C:0109|224:4046:02A9:0068:0119|225:4046:0299:0063:0119|226:4046:0299:004D:0119|227:4046:0289:004B:0119
round6_phase1,0xFA,3082,0x0002,0x0003,0x0000,0x01,0x0074,0x0000,0x0000,actor_748,0,0x10C748,0x01,0xB1,0x01,0x00,0x02,0x03,0x00,0x028F,0x02B5,0x02E8,0x01,0x00,0x00,46,1,46:400A:02AD:0329:0283
round6_phase1,0xFA,3082,0x0002,0x0003,0x0000,0x01,0x0074,0x0000,0x0000,actor_748,2,0x10C7C8,0x01,0xB1,0x01,0x00,0x02,0x03,0x00,0x0259,0x02B5,0x02E8,0x01,0x00,0x00,48,1,48:400A:02AD:0329:0250
round6_phase1,0xFA,3084,0x0002,0x0003,0x0000,0x01,0x0074,0x0000,0x0000,actor_2c8,5,0x10C408,0x01,0xB4,0x01,0x00,0x01,0x00,0x02,0x0240,0x02C9,0x02E8,0x00,0x4A,0x00,190,10,190:004A:02C9:02F8:0235|191:004A:02B9:02F7:0235|192:004A:02B6:030C:0239|193:004A:02A6:02E9:0239|194:004A:02B6:030B:0229|195:004A:02A6:030A:0229|196:004A:02B6:0301:0249
round6_phase1,0xFA,3084,0x0002,0x0003,0x0000,0x01,0x0074,0x0000,0x0000,actor_2c8,7,0x10C488,0x01,0xCB,0x00,0x00,0x02,0x00,0x00,0x0116,0x02A9,0x0420,0x00,0x47,0x00,210,10,210:4047:0288:0420:0115|211:4047:0288:0421:0105|212:4047:0298:0422:0115|213:4047:0298:0423:0105|214:4047:0299:0429:010D|215:4047:02A9:042A:010D
round6_phase1,0xFA,3084,0x0002,0x0003,0x0000,0x01,0x0074,0x0000,0x0000,actor_2c8,8,0x10C4C8,0x01,0x19,0x00,0x00,0x02,0x00,0x00,0x0116,0x02A9,0x004B,0x00,0x46,0x00,220,19,220:4046:02AA:006D:0107|221:4046:029A:006B:0107|222:4046:029A:004E:0107|223:4046:028A:004C:0107|224:4046:02AA:006C:0117|225:4046:029A:006A:0117|226:4046:029A:004D:0117|227:4046:028A:004B:0117
round6_phase1,0xFA,3084,0x0002,0x0003,0x0000,0x01,0x0074,0x0000,0x0000,actor_748,0,0x10C748,0x01,0xAA,0x01,0x00,0x0F,0x03,0x00,0x0292,0x02B5,0x02E8,0x01,0x00,0x00,46,1,46:400A:02AD:0322:0286
round6_phase1,0xFA,3084,0x0002,0x0003,0x0000,0x01,0x0074,0x0000,0x0000,actor_748,2,0x10C7C8,0x01,0xAA,0x01,0x00,0x02,0x03,0x00,0x025C,0x02B5,0x02E8,0x01,0x00,0x00,48,1,48:400A:02AD:0322:0253
round6_phase1,0xFA,3086,0x0002,0x0003,0x0000,0x01,0x0074,0x0000,0x0000,actor_2c8,5,0x10C408,0x01,0xB4,0x01,0x00,0x01,0x00,0x02,0x0242,0x02C9,0x02E8,0x00,0x4A,0x00,190,10,190:004A:02C9:02F8:0237|191:004A:02B9:02F7:0237|192:004A:02B6:030C:023B|193:004A:02A6:02E9:023B|194:004A:02B6:030B:022B|195:004A:02A6:030A:022B|196:004A:02B6:0301:024B
round6_phase1,0xFA,3086,0x0002,0x0003,0x0000,0x01,0x0074,0x0000,0x0000,actor_2c8,8,0x10C4C8,0x01,0x19,0x00,0x00,0x02,0x00,0x00,0x0116,0x02A9,0x004B,0x00,0x46,0x00,220,19,220:4046:02AA:006D:0105|221:4046:029A:006B:0105|222:4046:029A:004E:0105|223:4046:028A:004C:0105|224:4046:02AA:006C:0115|225:4046:029A:006A:0115|226:4046:029A:004D:0115|227:4046:028A:004B:0115
round6_phase1,0xFA,3086,0x0002,0x0003,0x0000,0x01,0x0074,0x0000,0x0000,actor_748,0,0x10C748,0x01,0x2B,0x01,0x00,0x0F,0x03,0x00,0x0292,0x02B5,0x019D,0x01,0x00,0x00,46,1,46:4004:02AD:01BB:0289
round6_phase1,0xFA,3086,0x0002,0x0003,0x0000,0x01,0x0074,0x0000,0x0000,actor_748,2,0x10C7C8,0x01,0xAB,0x01,0x00,0x02,0x03,0x00,0x025F,0x02B5,0x02E8,0x01,0x00,0x00,48,1,48:400A:02AD:0323:0256
round6_phase1,0xFA,3088,0x0002,0x0003,0x0000,0x01,0x0074,0x0000,0x0000,actor_2c8,5,0x10C408,0x01,0xB4,0x01,0x00,0x01,0x00,0x02,0x0244,0x02C9,0x02E8,0x00,0x4A,0x00,190,10,190:004A:02C9:02F8:0239|191:004A:02B9:02F7:0239|192:004A:02B6:030C:023D|193:004A:02A6:02E9:023D|194:004A:02B6:030B:022D|195:004A:02A6:030A:022D|196:004A:02B6:0301:024D
round6_phase1,0xFA,3088,0x0002,0x0003,0x0000,0x01,0x0074,0x0000,0x0000,actor_2c8,7,0x10C488,0x01,0xCB,0x00,0x00,0x02,0x00,0x00,0x0112,0x02A9,0x0420,0x00,0x47,0x00,210,10,210:4047:0288:0420:0113|211:4047:0288:0421:0103|212:4047:0298:0422:0113|213:4047:0298:0423:0103|214:4047:0299:0429:010B|215:4047:02A9:042A:010B
round6_phase1,0xFA,3088,0x0002,0x0003,0x0000,0x01,0x0074,0x0000,0x0000,actor_2c8,8,0x10C4C8,0x01,0x19,0x00,0x00,0x02,0x00,0x00,0x0114,0x02A9,0x004B,0x00,0x46,0x00,220,19,220:4046:02AA:006D:0103|221:4046:029A:006B:0103|222:4046:029A:004E:0103|223:4046:028A:004C:0103|224:4046:02AA:006C:0113|225:4046:029A:006A:0113|226:4046:029A:004D:0113|227:4046:028A:004B:0113
round6_phase1,0xFA,3088,0x0002,0x0003,0x0000,0x01,0x0074,0x0000,0x0000,actor_748,2,0x10C7C8,0x01,0xAC,0x01,0x00,0x02,0x03,0x00,0x0262,0x02B5,0x02E8,0x01,0x00,0x00,48,1,48:400A:02AD:0324:0259
round6_phase1,0xFA,3090,0x0002,0x0003,0x0000,0x01,0x0074,0x0000,0x0000,actor_2c8,5,0x10C408,0x01,0xB4,0x01,0x00,0x01,0x00,0x02,0x0246,0x02C9,0x02E8,0x00,0x4A,0x00,190,10,190:004A:02C9:02F8:023B|191:004A:02B9:02F7:023B|192:004A:02B6:030C:023F|193:004A:02A6:02E9:023F|194:004A:02B6:030B:022F|195:004A:02A6:030A:022F|196:004A:02B6:0301:024F
round6_phase1,0xFA,3090,0x0002,0x0003,0x0000,0x01,0x0074,0x0000,0x0000,actor_2c8,7,0x10C488,0x01,0xCB,0x00,0x00,0x02,0x00,0x00,0x0110,0x02A9,0x0420,0x00,0x47,0x00,210,10,210:4047:0288:0420:0111|211:4047:0288:0421:0101|212:4047:0298:0422:0111|213:4047:0298:0423:0101|214:4047:0299:0429:0109|215:4047:02A9:042A:0109
round6_phase1,0xFA,3090,0x0002,0x0003,0x0000,0x01,0x0074,0x0000,0x0000,actor_2c8,8,0x10C4C8,0x01,0x19,0x00,0x00,0x02,0x00,0x00,0x0112,0x02A9,0x004B,0x00,0x46,0x00,220,19,220:4046:02AA:006D:0101|221:4046:029A:006B:0101|222:4046:029A:004E:0101|223:4046:028A:004C:0101|224:4046:02AA:006C:0111|225:4046:029A:006A:0111|226:4046:029A:004D:0111|227:4046:028A:004B:0111
round6_phase1,0xFA,3090,0x0002,0x0003,0x0000,0x01,0x0074,0x0000,0x0000,actor_748,0,0x10C748,0x01,0x2D,0x01,0x00,0x0F,0x03,0x00,0x0292,0x02B5,0x019D,0x01,0x00,0x00,46,1,46:4004:02AD:01BD:0289
round6_phase1,0xFA,3090,0x0002,0x0003,0x0000,0x01,0x0074,0x0000,0x0000,actor_748,2,0x10C7C8,0x01,0xAD,0x01,0x00,0x02,0x03,0x00,0x0265,0x02B5,0x02E8,0x01,0x00,0x00,48,1,48:400A:02AD:0325:025C
round6_phase1,0xFA,3092,0x0002,0x0003,0x0000,0x01,0x0074,0x0000,0x0000,actor_2c8,5,0x10C408,0x01,0x68,0x01,0x00,0x01,0x00,0x02,0x0248,0x02C9,0x02E8,0x00,0x4A,0x00,190,10,190:004A:02C9:02F6:023F|191:004A:02B9:02F4:023F|192:004A:02C9:02F5:022F|193:004A:02B6:030C:023F|194:004A:02A6:02E9:023F|195:004A:02B6:030B:022F|196:004A:02A6:030A:022F|197:004A:02B6:0301:024F
round6_phase1,0xFA,3092,0x0002,0x0003,0x0000,0x01,0x0074,0x0000,0x0000,actor_2c8,7,0x10C488,0x01,0xCC,0x00,0x00,0x02,0x00,0x00,0x010E,0x02A9,0x0420,0x00,0x47,0x00,210,10,210:4047:0289:0420:010F|211:4047:0289:0421:00FF|212:4047:0299:0422:010F|213:4047:0299:0423:00FF|214:4047:029A:0427:0107|215:4047:02AA:0428:0107
round6_phase1,0xFA,3092,0x0002,0x0003,0x0000,0x01,0x0074,0x0000,0x0000,actor_2c8,8,0x10C4C8,0x01,0x18,0x00,0x00,0x02,0x00,0x00,0x0110,0x02A9,0x004B,0x00,0x46,0x00,220,19,220:4046:02A9:0069:00FF|221:4046:0299:0067:00FF|222:4046:0299:004E:00FF|223:4046:0289:004C:00FF|224:4046:02A9:0068:010F|225:4046:0299:0063:010F|226:4046:0299:004D:010F|227:4046:0289:004B:010F
round6_phase1,0xFA,3092,0x0002,0x0003,0x0000,0x01,0x0074,0x0000,0x0000,actor_748,2,0x10C7C8,0x01,0xAE,0x01,0x00,0x02,0x03,0x00,0x0268,0x02B5,0x02E8,0x01,0x00,0x00,48,1,48:400A:02AD:0326:025F
round6_phase1,0xFA,3094,0x0002,0x0003,0x0000,0x01,0x0074,0x0000,0x0000,actor_2c8,5,0x10C408,0x01,0x68,0x01,0x00,0x01,0x00,0x02,0x024A,0x02C9,0x02E8,0x00,0x4A,0x00,190,10,190:004A:02C9:02F6:0241|191:004A:02B9:02F4:0241|192:004A:02C9:02F5:0231|193:004A:02B6:030C:0241|194:004A:02A6:02E9:0241|195:004A:02B6:030B:0231|196:004A:02A6:030A:0231|197:004A:02B6:0301:0251
round6_phase1,0xFA,3094,0x0002,0x0003,0x0000,0x01,0x0074,0x0000,0x0000,actor_2c8,7,0x10C488,0x01,0xCC,0x00,0x00,0x02,0x00,0x00,0x010E,0x02A9,0x0420,0x00,0x47,0x00,210,10,210:4047:0289:0420:010D|211:4047:0289:0421:00FD|212:4047:0299:0422:010D|213:4047:0299:0423:00FD|214:4047:029A:0427:0105|215:4047:02AA:0428:0105
round6_phase1,0xFA,3094,0x0002,0x0003,0x0000,0x01,0x0074,0x0000,0x0000,actor_2c8,8,0x10C4C8,0x01,0x18,0x00,0x00,0x02,0x00,0x00,0x010E,0x02A9,0x004B,0x00,0x46,0x00,220,19,220:4046:02A9:0069:00FD|221:4046:0299:0067:00FD|222:4046:0299:004E:00FD|223:4046:0289:004C:00FD|224:4046:02A9:0068:010D|225:4046:0299:0063:010D|226:4046:0299:004D:010D|227:4046:0289:004B:010D
round6_phase1,0xFA,3094,0x0002,0x0003,0x0000,0x01,0x0074,0x0000,0x0000,actor_748,0,0x10C748,0x01,0x2F,0x01,0x00,0x0F,0x03,0x00,0x0292,0x02B5,0x019D,0x01,0x00,0x00,46,1,46:4004:02AD:01BF:0289
round6_phase1,0xFA,3094,0x0002,0x0003,0x0000,0x01,0x0074,0x0000,0x0000,actor_748,2,0x10C7C8,0x01,0xAF,0x01,0x00,0x02,0x03,0x00,0x026B,0x02B5,0x02E8,0x01,0x00,0x00,48,1,48:400A:02AD:0327:0262
round6_phase1,0xFA,3096,0x0002,0x0003,0x0000,0x01,0x0074,0x0000,0x0000,actor_2c8,5,0x10C408,0x01,0x68,0x01,0x00,0x01,0x00,0x02,0x024C,0x02C9,0x02E8,0x00,0x4A,0x00,190,10,190:004A:02C9:02F6:0243|191:004A:02B9:02F4:0243|192:004A:02C9:02F5:0233|193:004A:02B6:030C:0243|194:004A:02A6:02E9:0243|195:004A:02B6:030B:0233|196:004A:02A6:030A:0233|197:004A:02B6:0301:0253
round6_phase1,0xFA,3096,0x0002,0x0003,0x0000,0x01,0x0074,0x0000,0x0000,actor_2c8,7,0x10C488,0x01,0xC9,0x00,0x00,0x08,0x00,0x00,0x010B,0x02A9,0x0420,0x00,0x47,0x00,210,10,210:4047:0288:0420:010A|211:4047:0288:0421:00FA|212:4047:0298:0422:010A|213:4047:0298:0423:00FA|214:4047:0299:0424:0102|215:4047:02A9:0425:010A|216:4047:02A9:0426:00FA
round6_phase1,0xFA,3096,0x0002,0x0003,0x0000,0x01,0x0074,0x0000,0x0000,actor_2c8,8,0x10C4C8,0x01,0x1A,0x00,0x00,0x08,0x00,0x00,0x010B,0x02A9,0x004B,0x00,0x46,0x00,220,19,220:4046:02A9:0069:00FD|221:4046:0299:0067:00FD|222:4046:0299:004E:00FD|223:4046:0289:004C:00FD|224:4046:02A9:0068:010D|225:4046:0299:0063:010D|226:4046:0299:004D:010D|227:4046:0289:004B:010D
round6_phase1,0xFA,3096,0x0002,0x0003,0x0000,0x01,0x0074,0x0000,0x0000,actor_748,2,0x10C7C8,0x01,0xB0,0x01,0x00,0x0F,0x03,0x00,0x026E,0x02B5,0x02E8,0x01,0x00,0x00,48,1,48:400A:02AD:0328:0265
round6_phase1,0xFA,3098,0x0002,0x0003,0x0000,0x01,0x0074,0x0000,0x0000,actor_2c8,5,0x10C408,0x01,0x68,0x01,0x00,0x0F,0x00,0x02,0x024E,0x02C9,0x02E8,0x00,0x4A,0x00,190,10,190:004A:02C9:02F6:0245|191:004A:02B9:02F4:0245|192:004A:02C9:02F5:0235|193:004A:02B6:030C:0245|194:004A:02A6:02E9:0245|195:004A:02B6:030B:0235|196:004A:02A6:030A:0235|197:004A:02B6:0301:0255
round6_phase1,0xFA,3098,0x0002,0x0003,0x0000,0x01,0x0074,0x0000,0x0000,actor_2c8,6,0x10C448,0x01,0x4F,0x00,0x00,0x1F,0x00,0x03,0x0096,0x02C9,0x00D0,0x00,0x44,0x00,200,10,200:4044:02C9:01A4:0085|201:4044:02B9:01A0:0085|202:4044:02A9:019E:0085|203:4044:02C9:01A3:0095|204:4044:02B9:019F:0095|205:4044:02A9:019D:0095|206:4044:02C9:01A2:00A5|207:4044:02C9:01A5:0075|208:4044:02B9:01A1:0075
round6_phase1,0xFA,3098,0x0002,0x0003,0x0000,0x01,0x0074,0x0000,0x0000,actor_2c8,7,0x10C488,0x01,0xC9,0x00,0x00,0x08,0x00,0x00,0x0107,0x02AA,0x0420,0x00,0x47,0x00,210,10,210:4047:0289:0420:0106|211:4047:0289:0421:00F6|212:4047:0299:0422:0106|213:4047:0299:0423:00F6|214:4047:029A:0424:00FE|215:4047:02AA:0425:0106|216:4047:02AA:0426:00F6
round6_phase1,0xFA,3098,0x0002,0x0003,0x0000,0x01,0x0074,0x0000,0x0000,actor_2c8,8,0x10C4C8,0x01,0x1A,0x00,0x00,0x08,0x00,0x00,0x0107,0x02AA,0x004B,0x00,0x46,0x00,220,19,220:4046:02A9:0071:00FA|221:4046:0299:006F:00FA|222:4046:029B:004E:00FA|223:4046:028B:004C:00FA|224:4046:02A9:0070:010A|225:4046:0299:006E:010A|226:4046:029B:004D:010A|227:4046:028B:004B:010A
round6_phase1,0xFA,3098,0x0002,0x0003,0x0000,0x01,0x0074,0x0000,0x0000,actor_748,2,0x10C7C8,0x01,0x2B,0x01,0x00,0x0F,0x03,0x00,0x026E,0x02B5,0x019D,0x01,0x00,0x00,48,1,48:4004:02AD:01BB:0265
round6_phase1,0xFA,3100,0x0002,0x0003,0x0000,0x01,0x0074,0x0000,0x0000,actor_2c8,5,0x10C408,0x01,0x0D,0x01,0x00,0x0F,0x00,0x02,0x024E,0x02C9,0x0A73,0x00,0x0A,0x02,190,10,190:0000:02D1:0A83:0256|191:0000:02C1:0A80:0256|192:0000:02B1:0A7D:0256|193:0000:02D1:0A82:0246|194:0000:02C1:0A7F:0246|195:0000:02B1:0A7C:0246|196:0000:02D1:0A81:0236|197:0000:02C1:0A7E:0236|198:0000:02B1:0A7B:0236
round6_phase1,0xFA,3100,0x0002,0x0003,0x0000,0x01,0x0074,0x0000,0x0000,actor_2c8,6,0x10C448,0x01,0x4F,0x00,0x00,0x1F,0x00,0x03,0x0096,0x02C9,0x00D0,0x00,0x44,0x00,200,10,200:4044:02C9:01AE:0085|201:4044:02B9:01AA:0085|202:4044:02A9:01A7:0085|203:4044:02C9:01AD:0095|204:4044:02B9:01A9:0095|205:4044:02A9:01A6:0095|206:4044:02C9:01AC:00A5|207:4044:02C9:01AF:0075|208:4044:02B9:01AB:0075|209:4044:02A9:01A8:0075
round6_phase1,0xFA,3100,0x0002,0x0003,0x0000,0x01,0x0074,0x0000,0x0000,actor_2c8,7,0x10C488,0x01,0xC9,0x00,0x00,0x08,0x00,0x00,0x0104,0x02AB,0x0420,0x00,0x47,0x00,210,10,210:4047:028A:0420:0103|211:4047:028A:0421:00F3|212:4047:029A:0422:0103|213:4047:029A:0423:00F3|214:4047:029B:0424:00FB|215:4047:02AB:0425:0103|216:4047:02AB:0426:00F3
round6_phase1,0xFA,3100,0x0002,0x0003,0x0000,0x01,0x0074,0x0000,0x0000,actor_2c8,8,0x10C4C8,0x01,0x1A,0x00,0x00,0x08,0x00,0x00,0x0104,0x02AB,0x004B,0x00,0x46,0x00,220,19,220:4046:02AA:0071:00F6|221:4046:029A:006F:00F6|222:4046:029C:004E:00F6|223:4046:028C:004C:00F6|224:4046:02AA:0070:0106|225:4046:029A:006E:0106|226:4046:029C:004D:0106|227:4046:028C:004B:0106
round6_phase1,0xFA,3100,0x0002,0x0003,0x0000,0x01,0x0074,0x0000,0x0000,actor_748,0,0x10C748,0x01,0x2A,0x00,0x00,0x01,0x00,0x00,0x007A,0x02C2,0x019D,0x01,0x00,0x00,46,1,46:0004:02BB:01BA:0076
round6_phase1,0xFA,3102,0x0002,0x0003,0x0000,0x01,0x0074,0x0000,0x0000,actor_2c8,5,0x10C408,0x01,0x0C,0x01,0x00,0x0F,0x00,0x02,0x024E,0x02C9,0x0A73,0x00,0x0A,0x02,190,10,190:0000:02D1:0A83:0256|191:0000:02C1:0A80:0256|192:0000:02B1:0A7D:0256|193:0000:02D1:0A82:0246|194:0000:02C1:0A7F:0246|195:0000:02B1:0A7C:0246|196:0000:02D1:0A81:0236|197:0000:02C1:0A7E:0236|198:0000:02B1:0A7B:0236
round6_phase1,0xFA,3102,0x0002,0x0003,0x0000,0x01,0x0074,0x0000,0x0000,actor_2c8,7,0x10C488,0x01,0xC9,0x00,0x00,0x08,0x00,0x00,0x0101,0x02AC,0x0420,0x00,0x47,0x00,210,10,210:4047:028B:0420:0100|211:4047:028B:0421:00F0|212:4047:029B:0422:0100|213:4047:029B:0423:00F0|214:4047:029C:0424:00F8|215:4047:02AC:0425:0100|216:4047:02AC:0426:00F0
round6_phase1,0xFA,3102,0x0002,0x0003,0x0000,0x01,0x0074,0x0000,0x0000,actor_2c8,8,0x10C4C8,0x01,0x1A,0x00,0x00,0x08,0x00,0x00,0x0101,0x02AC,0x004B,0x00,0x46,0x00,220,19,220:4046:02AB:0071:00F3|221:4046:029B:006F:00F3|222:4046:029D:004E:00F3|223:4046:028D:004C:00F3|224:4046:02AB:0070:0103|225:4046:029B:006E:0103|226:4046:029D:004D:0103|227:4046:028D:004B:0103
round6_phase1,0xFA,3102,0x0002,0x0003,0x0000,0x01,0x0074,0x0000,0x0000,actor_748,0,0x10C748,0x01,0x2A,0x00,0x00,0x01,0x00,0x00,0x0076,0x02C1,0x019D,0x01,0x00,0x00,46,1,46:0004:02BA:01BA:0072
round6_phase1,0xFA,3102,0x0002,0x0003,0x0000,0x01,0x0074,0x0000,0x0000,actor_748,2,0x10C7C8,0x01,0x2D,0x01,0x00,0x0F,0x03,0x00,0x026E,0x02B5,0x019D,0x01,0x00,0x00,48,1,48:4004:02AD:01BD:0265
round6_phase1,0xFA,3104,0x0002,0x0003,0x0000,0x01,0x0074,0x0000,0x0000,actor_2c8,5,0x10C408,0x01,0x0C,0x01,0x00,0x0F,0x00,0x02,0x024E,0x02C9,0x0A73,0x00,0x0A,0x02,190,10,190:0000:02C9:0A7A:024E|191:0000:02B9:0A78:024E|192:0000:02C9:0A79:023E|193:0000:02B9:0A77:023E
round6_phase1,0xFA,3104,0x0002,0x0003,0x0000,0x01,0x0074,0x0000,0x0000,actor_2c8,7,0x10C488,0x01,0xC9,0x00,0x00,0x08,0x00,0x00,0x00FE,0x02AE,0x0420,0x00,0x47,0x00,210,10,210:4047:028D:0420:00FD|211:4047:028D:0421:00ED|212:4047:029D:0422:00FD|213:4047:029D:0423:00ED|214:4047:029E:0424:00F5|215:4047:02AE:0425:00FD|216:4047:02AE:0426:00ED
round6_phase1,0xFA,3104,0x0002,0x0003,0x0000,0x01,0x0074,0x0000,0x0000,actor_2c8,8,0x10C4C8,0x01,0x1A,0x00,0x00,0x08,0x00,0x00,0x00FE,0x02AE,0x004B,0x00,0x46,0x00,220,19,220:4046:02AC:0071:00F0|221:4046:029C:006F:00F0|222:4046:029E:004E:00F0|223:4046:028E:004C:00F0|224:4046:02AC:0070:0100|225:4046:029C:006E:0100|226:4046:029E:004D:0100|227:4046:028E:004B:0100
round6_phase1,0xFA,3104,0x0002,0x0003,0x0000,0x01,0x0074,0x0000,0x0000,actor_748,0,0x10C748,0x01,0x2B,0x00,0x00,0x01,0x00,0x00,0x0073,0x02C1,0x019D,0x01,0x00,0x00,46,1,46:0004:02B9:01BB:006E
round6_phase1,0xFA,3106,0x0002,0x0003,0x0000,0x01,0x0074,0x0000,0x0000,actor_2c8,5,0x10C408,0x01,0x0B,0x01,0x00,0x0F,0x00,0x02,0x024E,0x02C9,0x0A73,0x00,0x0A,0x02,190,10,190:0000:02C9:0A76:024E|191:0000:02B9:0A74:024E|192:0000:02C9:0A75:023E|193:0000:02B9:0A73:023E
round6_phase1,0xFA,3106,0x0002,0x0003,0x0000,0x01,0x0074,0x0000,0x0000,actor_2c8,6,0x10C448,0x01,0x50,0x00,0x00,0x1F,0x00,0x03,0x0096,0x02C9,0x00D0,0x00,0x44,0x00,200,10,200:4044:02C9:01AE:0085|201:4044:02B9:01AA:0085|202:4044:02A9:01A7:0085|203:4044:02C9:01AD:0095|204:4044:02B9:01A9:0095|205:4044:02A9:01A6:0095|206:4044:02C9:01AC:00A5|207:4044:02C9:01AF:0075|208:4044:02B9:01AB:0075|209:4044:02A9:01A8:0075
round6_phase1,0xFA,3106,0x0002,0x0003,0x0000,0x01,0x0074,0x0000,0x0000,actor_2c8,7,0x10C488,0x01,0xC9,0x00,0x00,0x08,0x00,0x00,0x00FB,0x02B0,0x0420,0x00,0x47,0x00,210,10,210:4047:028F:0420:00FA|211:4047:028F:0421:00EA|212:4047:029F:0422:00FA|213:4047:029F:0423:00EA|214:4047:02A0:0424:00F2|215:4047:02B0:0425:00FA|216:4047:02B0:0426:00EA
round6_phase1,0xFA,3106,0x0002,0x0003,0x0000,0x01,0x0074,0x0000,0x0000,actor_2c8,8,0x10C4C8,0x01,0x1A,0x00,0x00,0x08,0x00,0x00,0x00FB,0x02B0,0x004B,0x00,0x46,0x00,220,19,220:4046:02AE:0071:00ED|221:4046:029E:006F:00ED|222:4046:02A0:004E:00ED|223:4046:0290:004C:00ED|224:4046:02AE:0070:00FD|225:4046:029E:006E:00FD|226:4046:02A0:004D:00FD|227:4046:0290:004B:00FD
round6_phase1,0xFA,3106,0x0002,0x0003,0x0000,0x01,0x0074,0x0000,0x0000,actor_748,0,0x10C748,0x01,0x2B,0x00,0x00,0x01,0x00,0x00,0x0070,0x02C1,0x019D,0x01,0x00,0x00,46,1,46:0004:02B9:01BB:006B
round6_phase1,0xFA,3106,0x0002,0x0003,0x0000,0x01,0x0074,0x0000,0x0000,actor_748,2,0x10C7C8,0x01,0x2F,0x01,0x00,0x0F,0x03,0x00,0x026E,0x02B5,0x019D,0x01,0x00,0x00,48,1,48:4004:02AD:01BF:0265
round6_phase1,0xFA,3108,0x0002,0x0003,0x0000,0x01,0x0074,0x0000,0x0000,actor_2c8,5,0x10C408,0x01,0x0C,0x01,0x00,0x0F,0x00,0x02,0x024E,0x02C9,0x0A73,0x00,0x0A,0x02,190,10,190:0000:02C9:0A76:024E|191:0000:02B9:0A74:024E|192:0000:02C9:0A75:023E|193:0000:02B9:0A73:023E
round6_phase1,0xFA,3108,0x0002,0x0003,0x0000,0x01,0x0074,0x0000,0x0000,actor_2c8,6,0x10C448,0x01,0x50,0x00,0x00,0x1F,0x00,0x03,0x0096,0x02C9,0x00D0,0x00,0x44,0x00,200,10,200:4044:02C9:01B8:0085|201:4044:02B9:01B4:0085|202:4044:02A9:01B1:0085|203:4044:02C9:01B7:0095|204:4044:02B9:01B3:0095|205:4044:02A9:01B0:0095|206:4044:02C9:01B6:00A5|207:4044:02C9:01B9:0075|208:4044:02B9:01B5:0075|209:4044:02A9:01B2:0075
round6_phase1,0xFA,3108,0x0002,0x0003,0x0000,0x01,0x0074,0x0000,0x0000,actor_2c8,7,0x10C488,0x01,0xC9,0x00,0x00,0x08,0x00,0x00,0x00F8,0x02B3,0x0420,0x00,0x47,0x00,210,10,210:4047:0292:0420:00F7|211:4047:0292:0421:00E7|212:4047:02A2:0422:00F7|213:4047:02A2:0423:00E7|214:4047:02A3:0424:00EF|215:4047:02B3:0425:00F7|216:4047:02B3:0426:00E7
round6_phase1,0xFA,3108,0x0002,0x0003,0x0000,0x01,0x0074,0x0000,0x0000,actor_2c8,8,0x10C4C8,0x01,0x1A,0x00,0x00,0x08,0x00,0x00,0x00F8,0x02B3,0x004B,0x00,0x46,0x00,220,19,220:4046:02B0:0071:00EA|221:4046:02A0:006F:00EA|222:4046:02A2:004E:00EA|223:4046:0292:004C:00EA|224:4046:02B0:0070:00FA|225:4046:02A0:006E:00FA|226:4046:02A2:004D:00FA|227:4046:0292:004B:00FA
round6_phase1,0xFA,3108,0x0002,0x0003,0x0000,0x01,0x0074,0x0000,0x0000,actor_748,0,0x10C748,0x01,0x2A,0x00,0x00,0x01,0x00,0x00,0x006D,0x02C1,0x019D,0x01,0x00,0x00,46,1,46:0004:02B9:01BA:0068
round6_phase1,0xFA,3110,0x0002,0x0003,0x0000,0x01,0x0074,0x0000,0x0000,actor_2c8,7,0x10C488,0x01,0xC9,0x00,0x00,0x08,0x00,0x00,0x00F5,0x02B6,0x0420,0x00,0x47,0x00,210,10,210:4047:0295:0420:00F4|211:4047:0295:0421:00E4|212:4047:02A5:0422:00F4|213:4047:02A5:0423:00E4|214:4047:02A6:0424:00EC|215:4047:02B6:0425:00F4|216:4047:02B6:0426:00E4
round6_phase1,0xFA,3110,0x0002,0x0003,0x0000,0x01,0x0074,0x0000,0x0000,actor_2c8,8,0x10C4C8,0x01,0x1A,0x00,0x00,0x08,0x00,0x00,0x00F5,0x02B6,0x004B,0x00,0x46,0x00,220,19,220:4046:02B3:0071:00E7|221:4046:02A3:006F:00E7|222:4046:02A5:004E:00E7|223:4046:0295:004C:00E7|224:4046:02B3:0070:00F7|225:4046:02A3:006E:00F7|226:4046:02A5:004D:00F7|227:4046:0295:004B:00F7
round6_phase1,0xFA,3110,0x0002,0x0003,0x0000,0x01,0x0074,0x0000,0x0000,actor_748,0,0x10C748,0x01,0x2A,0x00,0x00,0x01,0x00,0x00,0x006A,0x02C1,0x019D,0x01,0x00,0x00,46,1,46:0004:02B9:01BA:0065
round6_phase1,0xFA,3112,0x0002,0x0003,0x0000,0x01,0x0074,0x0000,0x0000,actor_2c8,7,0x10C488,0x01,0xC9,0x00,0x00,0x08,0x00,0x00,0x00F3,0x02B9,0x0420,0x00,0x47,0x00,210,10,210:4047:0298:0420:00F2|211:4047:0298:0421:00E2|212:4047:02A8:0422:00F2|213:4047:02A8:0423:00E2|214:4047:02A9:0424:00EA|215:4047:02B9:0425:00F2|216:4047:02B9:0426:00E2
round6_phase1,0xFA,3112,0x0002,0x0003,0x0000,0x01,0x0074,0x0000,0x0000,actor_2c8,8,0x10C4C8,0x01,0x1A,0x00,0x00,0x08,0x00,0x00,0x00F3,0x02B9,0x004B,0x00,0x46,0x00,220,19,220:4046:02B6:0071:00E4|221:4046:02A6:006F:00E4|222:4046:02A8:004E:00E4|223:4046:0298:004C:00E4|224:4046:02B6:0070:00F4|225:4046:02A6:006E:00F4|226:4046:02A8:004D:00F4|227:4046:0298:004B:00F4
round6_phase1,0xFA,3112,0x0002,0x0003,0x0000,0x01,0x0074,0x0000,0x0000,actor_748,0,0x10C748,0x01,0x2B,0x00,0x00,0x01,0x00,0x00,0x0067,0x02C1,0x019D,0x01,0x00,0x00,46,1,46:0004:02B9:01BB:0062
round6_phase1,0xFA,3114,0x0002,0x0003,0x0000,0x01,0x0074,0x0000,0x0000,actor_2c8,5,0x10C408,0x01,0x0E,0x01,0x00,0x0F,0x00,0x02,0x024E,0x02C9,0x0A73,0x00,0x0A,0x02,190,10,190:0000:02D1:0A83:0256|191:0000:02C1:0A80:0256|192:0000:02B1:0A7D:0256|193:0000:02D1:0A82:0246|194:0000:02C1:0A7F:0246|195:0000:02B1:0A7C:0246|196:0000:02D1:0A81:0236|197:0000:02C1:0A7E:0236|198:0000:02B1:0A7B:0236
round6_phase1,0xFA,3114,0x0002,0x0003,0x0000,0x01,0x0074,0x0000,0x0000,actor_2c8,7,0x10C488,0x01,0xC9,0x00,0x00,0x08,0x00,0x00,0x00F1,0x02BC,0x0420,0x00,0x47,0x00,210,10,210:4047:029B:0420:00F0|211:4047:029B:0421:00E0|212:4047:02AB:0422:00F0|213:4047:02AB:0423:00E0|214:4047:02AC:0424:00E8|215:4047:02BC:0425:00F0|216:4047:02BC:0426:00E0
round6_phase1,0xFA,3114,0x0002,0x0003,0x0000,0x01,0x0074,0x0000,0x0000,actor_2c8,8,0x10C4C8,0x01,0x1A,0x00,0x00,0x08,0x00,0x00,0x00F1,0x02BC,0x004B,0x00,0x46,0x00,220,19,220:4046:02B9:0071:00E2|221:4046:02A9:006F:00E2|222:4046:02AB:004E:00E2|223:4046:029B:004C:00E2|224:4046:02B9:0070:00F2|225:4046:02A9:006E:00F2|226:4046:02AB:004D:00F2|227:4046:029B:004B:00F2
round6_phase1,0xFA,3114,0x0002,0x0003,0x0000,0x01,0x0074,0x0000,0x0000,actor_748,0,0x10C748,0x01,0x2B,0x00,0x00,0x01,0x00,0x00,0x0064,0x02C1,0x019D,0x01,0x00,0x00,46,1,46:0004:02B9:01BB:005F
round6_phase1,0xFA,3116,0x0002,0x0003,0x0000,0x01,0x0074,0x0000,0x0000,actor_2c8,4,0x10C3C8,0x01,0xDF,0x01,0x00,0x01,0x00,0x00,0x0098,0x02C9,0x03B3,0x01,0x48,0x00,180,10,180:0048:02B2:03D6:0086|181:0048:02B2:03D7:0096|182:0048:02C2:03D8:0086|183:0048:02C2:03D9:0096|184:0048:02B9:03E4:008E|185:0048:02C9:03E5:0086|186:0048:02C9:03E6:0096
round6_phase1,0xFA,3116,0x0002,0x0003,0x0000,0x01,0x0074,0x0000,0x0000,actor_2c8,5,0x10C408,0x01,0x0E,0x01,0x00,0x0F,0x00,0x02,0x024E,0x02C9,0x0A73,0x00,0x0A,0x02,190,10,190:0000:02D1:0A8C:0256|191:0000:02C1:0A89:0256|192:0000:02B1:0A86:0256|193:0000:02D1:0A8B:0246|194:0000:02C1:0A88:0246|195:0000:02B1:0A85:0246|196:0000:02D1:0A8A:0236|197:0000:02C1:0A87:0236|198:0000:02B1:0A84:0236
round6_phase1,0xFA,3116,0x0002,0x0003,0x0000,0x01,0x0074,0x0000,0x0000,actor_2c8,7,0x10C488,0x01,0xC9,0x00,0x00,0x08,0x00,0x00,0x00F0,0x02BF,0x0420,0x00,0x47,0x00,210,10,210:4047:029E:0420:00EF|211:4047:029E:0421:00DF|212:4047:02AE:0422:00EF|213:4047:02AE:0423:00DF|214:4047:02AF:0424:00E7|215:4047:02BF:0425:00EF|216:4047:02BF:0426:00DF
round6_phase1,0xFA,3116,0x0002,0x0003,0x0000,0x01,0x0074,0x0000,0x0000,actor_2c8,8,0x10C4C8,0x01,0x1A,0x00,0x00,0x08,0x00,0x00,0x00F0,0x02BF,0x004B,0x00,0x46,0x00,220,19,220:4046:02BC:0071:00E0|221:4046:02AC:006F:00E0|222:4046:02AE:004E:00E0|223:4046:029E:004C:00E0|224:4046:02BC:0070:00F0|225:4046:02AC:006E:00F0|226:4046:02AE:004D:00F0|227:4046:029E:004B:00F0
round6_phase1,0xFA,3116,0x0002,0x0003,0x0000,0x01,0x0074,0x0000,0x0000,actor_748,0,0x10C748,0x01,0x2C,0x00,0x00,0x01,0x00,0x00,0x0060,0x02C2,0x019D,0x01,0x00,0x00,46,1,46:0004:02B9:01BA:005C
round6_phase1,0xFA,3118,0x0002,0x0003,0x0000,0x01,0x0074,0x0000,0x0000,actor_2c8,4,0x10C3C8,0x01,0xDF,0x01,0x00,0x01,0x00,0x00,0x009C,0x02C9,0x03B3,0x01,0x48,0x00,180,10,180:4048:02A9:03D6:0099|181:4048:02A9:03D7:0089|182:4048:02B9:03D8:0099|183:4048:02B9:03D9:0089|184:4048:02B9:03DF:0091|185:4048:02C9:03E0:0099|186:4048:02C9:03E1:0089
round6_phase1,0xFA,3118,0x0002,0x0003,0x0000,0x01,0x0074,0x0000,0x0000,actor_2c8,5,0x10C408,0x01,0x0F,0x01,0x00,0x0F,0x00,0x02,0x024E,0x02C9,0x0A73,0x00,0x0A,0x02,190,10,190:0000:02D1:0A94:0256|191:0000:02C1:0A91:0256|192:0000:02B1:0A8F:0256|193:0000:02D1:0A93:0246|194:0000:02B1:0A8E:0246|195:0000:02D1:0A92:0236|196:0000:02C1:0A90:0236|197:0000:02B1:0A8D:0236
round6_phase1,0xFA,3118,0x0002,0x0003,0x0000,0x01,0x0074,0x0000,0x0000,actor_2c8,7,0x10C488,0x01,0xC9,0x00,0x00,0x08,0x00,0x00,0x00EF,0x02C2,0x0420,0x00,0x47,0x00,210,10,210:4047:02A1:0420:00EE|211:4047:02A1:0421:00DE|212:4047:02B1:0422:00EE|213:4047:02B1:0423:00DE|214:4047:02B2:0424:00E6|215:4047:02C2:0425:00EE|216:4047:02C2:0426:00DE
round6_phase1,0xFA,3118,0x0002,0x0003,0x0000,0x01,0x0074,0x0000,0x0000,actor_2c8,8,0x10C4C8,0x01,0x1A,0x00,0x00,0x08,0x00,0x00,0x00EF,0x02C2,0x004B,0x00,0x46,0x00,220,19,220:4046:02BF:0071:00DF|221:4046:02AF:006F:00DF|222:4046:02B1:004E:00DF|223:4046:02A1:004C:00DF|224:4046:02BF:0070:00EF|225:4046:02AF:006E:00EF|226:4046:02B1:004D:00EF|227:4046:02A1:004B:00EF
round6_phase1,0xFA,3118,0x0002,0x0003,0x0000,0x01,0x0074,0x0000,0x0000,actor_748,0,0x10C748,0x01,0x2C,0x00,0x00,0x01,0x00,0x00,0x005C,0x02C3,0x019D,0x01,0x00,0x00,46,1,46:0004:02BA:01BC:0058
round6_phase1,0xFA,3120,0x0002,0x0003,0x0000,0x01,0x0074,0x0000,0x0000,actor_2c8,4,0x10C3C8,0x01,0xDF,0x01,0x00,0x01,0x00,0x00,0x00A0,0x02C9,0x03B3,0x01,0x48,0x00,180,10,180:4048:02A9:03D6:009D|181:4048:02A9:03D7:008D|182:4048:02B9:03D8:009D|183:4048:02B9:03D9:008D|184:4048:02B9:03DF:0095|185:4048:02C9:03E0:009D|186:4048:02C9:03E1:008D
round6_phase1,0xFA,3120,0x0002,0x0003,0x0000,0x01,0x0074,0x0000,0x0000,actor_2c8,5,0x10C408,0x01,0x10,0x01,0x00,0x0F,0x00,0x02,0x024E,0x02C9,0x0A73,0x00,0x0A,0x02,190,10,190:0000:02D1:0A94:0256|191:0000:02C1:0A91:0256|192:0000:02B1:0A8F:0256|193:0000:02D1:0A93:0246|194:0000:02B1:0A8E:0246|195:0000:02D1:0A92:0236|196:0000:02C1:0A90:0236|197:0000:02B1:0A8D:0236
round6_phase1,0xFA,3120,0x0002,0x0003,0x0000,0x01,0x0074,0x0000,0x0000,actor_2c8,7,0x10C488,0x01,0xC9,0x00,0x00,0x08,0x00,0x00,0x00EE,0x02C6,0x0420,0x00,0x47,0x00,210,10,210:4047:02A5:0420:00ED|211:4047:02A5:0421:00DD|212:4047:02B5:0422:00ED|213:4047:02B5:0423:00DD|214:4047:02B6:0424:00E5|215:4047:02C6:0425:00ED|216:4047:02C6:0426:00DD
round6_phase1,0xFA,3120,0x0002,0x0003,0x0000,0x01,0x0074,0x0000,0x0000,actor_2c8,8,0x10C4C8,0x01,0x1A,0x00,0x00,0x08,0x00,0x00,0x00EE,0x02C6,0x004B,0x00,0x46,0x00,220,19,220:4046:02C2:0071:00DE|221:4046:02B2:006F:00DE|222:4046:02B4:004E:00DE|223:4046:02A4:004C:00DE|224:4046:02C2:0070:00EE|225:4046:02B2:006E:00EE|226:4046:02B4:004D:00EE|227:4046:02A4:004B:00EE
round6_phase1,0xFA,3120,0x0002,0x0003,0x0000,0x01,0x0074,0x0000,0x0000,actor_748,0,0x10C748,0x01,0x2D,0x00,0x00,0x01,0x00,0x00,0x0058,0x02C4,0x019D,0x01,0x00,0x00,46,1,46:0004:02BB:01BD:0054
round6_phase1,0xFA,3122,0x0002,0x0003,0x0000,0x01,0x0074,0x0000,0x0000,actor_2c8,4,0x10C3C8,0x01,0xDF,0x01,0x00,0x01,0x00,0x00,0x00A2,0x02C9,0x03B3,0x01,0x48,0x00,180,10,180:4048:02A9:03D6:009F|181:4048:02A9:03D7:008F|182:4048:02B9:03D8:009F|183:4048:02B9:03D9:008F|184:4048:02B9:03DF:0097|185:4048:02C9:03E0:009F|186:4048:02C9:03E1:008F
round6_phase1,0xFA,3122,0x0002,0x0003,0x0000,0x01,0x0074,0x0000,0x0000,actor_2c8,5,0x10C408,0x01,0x10,0x01,0x00,0x0F,0x00,0x02,0x024E,0x02C9,0x0A73,0x00,0x0A,0x02,190,10,190:0000:02D1:0A9D:0256|191:0000:02C1:0A9A:0256|192:0000:02B1:0A97:0256|193:0000:02D1:0A9C:0246|194:0000:02C1:0A99:0246|195:0000:02B1:0A96:0246|196:0000:02D1:0A9B:0236|197:0000:02C1:0A98:0236|198:0000:02B1:0A95:0236
round6_phase1,0xFA,3122,0x0002,0x0003,0x0000,0x01,0x0074,0x0000,0x0000,actor_2c8,6,0x10C448,0x01,0x4F,0x00,0x00,0x1F,0x00,0x03,0x0096,0x02C9,0x00D0,0x00,0x44,0x00,200,10,200:4044:02C9:01B8:0085|201:4044:02B9:01B4:0085|202:4044:02A9:01B1:0085|203:4044:02C9:01B7:0095|204:4044:02B9:01B3:0095|205:4044:02A9:01B0:0095|206:4044:02C9:01B6:00A5|207:4044:02C9:01B9:0075|208:4044:02B9:01B5:0075|209:4044:02A9:01B2:0075
round6_phase1,0xFA,3122,0x0002,0x0003,0x0000,0x01,0x0074,0x0000,0x0000,actor_2c8,7,0x10C488,0x01,0xCB,0x00,0x00,0x08,0x00,0x00,0x00EE,0x02C9,0x0420,0x00,0x47,0x00,210,10,210:4047:02A8:0420:00ED|211:4047:02A8:0421:00DD|212:4047:02B8:0422:00ED|213:4047:02B8:0423:00DD|214:4047:02B9:0429:00E5|215:4047:02C9:042A:00E5
round6_phase1,0xFA,3122,0x0002,0x0003,0x0000,0x01,0x0074,0x0000,0x0000,actor_2c8,8,0x10C4C8,0x01,0x1B,0x00,0x00,0x08,0x00,0x00,0x00EE,0x02C9,0x004B,0x00,0x46,0x00,220,19,220:4046:02C6:0071:00DD|221:4046:02B6:006F:00DD|222:4046:02B8:004E:00DD|223:4046:02A8:004C:00DD|224:4046:02C6:0070:00ED|225:4046:02B6:006E:00ED|226:4046:02B8:004D:00ED|227:4046:02A8:004B:00ED
round6_phase1,0xFA,3122,0x0002,0x0003,0x0000,0x01,0x0074,0x0000,0x0000,actor_748,0,0x10C748,0x01,0x2D,0x00,0x00,0x01,0x00,0x00,0x0055,0x02C5,0x019D,0x01,0x00,0x00,46,1,46:0004:02BC:01BD:0050
round6_phase1,0xFA,3124,0x0002,0x0003,0x0000,0x01,0x0074,0x0000,0x0000,actor_2c8,4,0x10C3C8,0x01,0xE0,0x01,0x00,0x01,0x00,0x00,0x00A6,0x02C9,0x03B3,0x01,0x48,0x00,180,10,180:4048:02AA:03D6:00A3|181:4048:02AA:03D7:0093|182:4048:02BA:03D8:00A3|183:4048:02BA:03D9:0093|184:4048:02BA:03E2:009B|185:4048:02CA:03E3:009A
round6_phase1,0xFA,3124,0x0002,0x0003,0x0000,0x01,0x0074,0x0000,0x0000,actor_2c8,5,0x10C408,0x01,0x11,0x01,0x00,0x0F,0x00,0x02,0x024E,0x02C9,0x0A73,0x00,0x0A,0x02,190,10,190:0000:02C9:0AA1:024E|191:0000:02B9:0A9F:024E|192:0000:02C9:0AA0:023E|193:0000:02B9:0A9E:023E
round6_phase1,0xFA,3124,0x0002,0x0003,0x0000,0x01,0x0074,0x0000,0x0000,actor_2c8,7,0x10C488,0x01,0xCC,0x00,0x00,0x02,0x00,0x00,0x00EC,0x02C9,0x0420,0x00,0x47,0x00,210,10,210:4047:02A8:0420:00ED|211:4047:02A8:0421:00DD|212:4047:02B8:0422:00ED|213:4047:02B8:0423:00DD|214:4047:02B9:0429:00E5|215:4047:02C9:042A:00E5
round6_phase1,0xFA,3124,0x0002,0x0003,0x0000,0x01,0x0074,0x0000,0x0000,actor_2c8,8,0x10C4C8,0x01,0x1B,0x00,0x00,0x08,0x00,0x00,0x00EE,0x02C9,0x004B,0x00,0x46,0x00,220,19,220:4046:02C9:0075:00DD|221:4046:02B9:0073:00DD|222:4046:02BE:004E:00DD|223:4046:02AE:004C:00DD|224:4046:02C9:0074:00ED|225:4046:02B9:0072:00ED|226:4046:02BE:004D:00ED|227:4046:02AE:004B:00ED
round6_phase1,0xFA,3124,0x0002,0x0003,0x0000,0x01,0x0074,0x0000,0x0000,actor_748,0,0x10C748,0x01,0x2C,0x00,0x00,0x01,0x00,0x00,0x0052,0x02C6,0x019D,0x01,0x00,0x00,46,1,46:0004:02BD:01BC:004D
round6_phase1,0xFA,3126,0x0002,0x0003,0x0000,0x01,0x0074,0x0000,0x0000,actor_2c8,4,0x10C3C8,0x01,0xE0,0x01,0x00,0x01,0x00,0x00,0x00A8,0x02C9,0x03B3,0x01,0x48,0x00,180,10,180:4048:02AA:03D6:00A7|181:4048:02AA:03D7:0097|182:4048:02BA:03D8:00A7|183:4048:02BA:03D9:0097|184:4048:02BA:03E2:009F|185:4048:02CA:03E3:009E
round6_phase1,0xFA,3126,0x0002,0x0003,0x0000,0x01,0x0074,0x0000,0x0000,actor_2c8,5,0x10C408,0x01,0x12,0x01,0x00,0x0F,0x00,0x02,0x024E,0x02C9,0x0A73,0x00,0x0A,0x02,190,10,190:0000:02C9:0AA1:024E|191:0000:02B9:0A9F:024E|192:0000:02C9:0AA0:023E|193:0000:02B9:0A9E:023E
round6_phase1,0xFA,3126,0x0002,0x0003,0x0000,0x01,0x0074,0x0000,0x0000,actor_2c8,7,0x10C488,0x01,0xCC,0x00,0x00,0x02,0x00,0x00,0x00EA,0x02C9,0x0420,0x00,0x47,0x00,210,10,210:4047:02A9:0420:00EB|211:4047:02A9:0421:00DB|212:4047:02B9:0422:00EB|213:4047:02B9:0423:00DB|214:4047:02BA:0427:00E3|215:4047:02CA:0428:00E3
round6_phase1,0xFA,3126,0x0002,0x0003,0x0000,0x01,0x0074,0x0000,0x0000,actor_748,0,0x10C748,0x01,0x2C,0x00,0x00,0x01,0x00,0x00,0x004F,0x02C7,0x019D,0x01,0x00,0x00,46,1,46:0004:02BE:01BC:004A
round6_phase1,0xFA,3128,0x0002,0x0003,0x0000,0x01,0x0074,0x0000,0x0000,actor_2c8,4,0x10C3C8,0x01,0xE0,0x01,0x00,0x01,0x00,0x00,0x00AC,0x02C9,0x03B3,0x01,0x48,0x00,180,10,180:4048:02AA:03D6:00A9|181:4048:02AA:03D7:0099|182:4048:02BA:03D8:00A9|183:4048:02BA:03D9:0099|184:4048:02BA:03E2:00A1|185:4048:02CA:03E3:00A0
round6_phase1,0xFA,3128,0x0002,0x0003,0x0000,0x01,0x0074,0x0000,0x0000,actor_2c8,5,0x10C408,0x01,0x12,0x01,0x00,0x0F,0x00,0x02,0x024E,0x02C9,0x0A73,0x00,0x0A,0x02,190,10,190:0000:02C1:0AA2:0246
round6_phase1,0xFA,3128,0x0002,0x0003,0x0000,0x01,0x0074,0x0000,0x0000,actor_2c8,7,0x10C488,0x01,0xCC,0x00,0x00,0x02,0x00,0x00,0x00E8,0x02C9,0x0420,0x00,0x47,0x00,210,10,210:4047:02A9:0420:00E9|211:4047:02A9:0421:00D9|212:4047:02B9:0422:00E9|213:4047:02B9:0423:00D9|214:4047:02BA:0427:00E1|215:4047:02CA:0428:00E1
round6_phase1,0xFA,3128,0x0002,0x0003,0x0000,0x01,0x0074,0x0000,0x0000,actor_2c8,8,0x10C4C8,0x01,0x18,0x00,0x00,0x02,0x00,0x00,0x00EA,0x02C9,0x004B,0x00,0x46,0x00,220,19,220:4046:02C9:0069:00D9|221:4046:02B9:0067:00D9|222:4046:02B9:004E:00D9|223:4046:02A9:004C:00D9|224:4046:02C9:0068:00E9|225:4046:02B9:0063:00E9|226:4046:02B9:004D:00E9|227:4046:02A9:004B:00E9
round6_phase1,0xFA,3128,0x0002,0x0003,0x0000,0x01,0x0074,0x0000,0x0000,actor_748,0,0x10C748,0x01,0x2F,0x00,0x00,0x01,0x00,0x00,0x004C,0x02C8,0x019D,0x01,0x00,0x00,46,1,46:0004:02BF:01BD:0047
round6_phase1,0xFA,3130,0x0002,0x0003,0x0000,0x01,0x0074,0x0000,0x0000,actor_2c8,4,0x10C3C8,0x01,0xE0,0x01,0x00,0x01,0x00,0x00,0x00B0,0x02C9,0x03B3,0x01,0x48,0x00,180,10,180:4048:02AA:03D6:00AD|181:4048:02AA:03D7:009D|182:4048:02BA:03D8:00AD|183:4048:02BA:03D9:009D|184:4048:02BA:03E2:00A5|185:4048:02CA:03E3:00A4
round6_phase1,0xFA,3130,0x0002,0x0003,0x0000,0x01,0x0074,0x0000,0x0000,actor_2c8,6,0x10C448,0x01,0x4E,0x00,0x00,0x1F,0x00,0x03,0x0096,0x02C9,0x00D0,0x00,0x44,0x00,200,10,200:4044:02C9:01AE:0085|201:4044:02B9:01AA:0085|202:4044:02A9:01A7:0085|203:4044:02C9:01AD:0095|204:4044:02B9:01A9:0095|205:4044:02A9:01A6:0095|206:4044:02C9:01AC:00A5|207:4044:02C9:01AF:0075|208:4044:02B9:01AB:0075|209:4044:02A9:01A8:0075
round6_phase1,0xFA,3130,0x0002,0x0003,0x0000,0x01,0x0074,0x0000,0x0000,actor_2c8,7,0x10C488,0x01,0xCC,0x00,0x00,0x02,0x00,0x00,0x00E6,0x02C9,0x0420,0x00,0x47,0x00,210,10,210:4047:02A9:0420:00E7|211:4047:02A9:0421:00D7|212:4047:02B9:0422:00E7|213:4047:02B9:0423:00D7|214:4047:02BA:0427:00DF|215:4047:02CA:0428:00DF
round6_phase1,0xFA,3130,0x0002,0x0003,0x0000,0x01,0x0074,0x0000,0x0000,actor_2c8,8,0x10C4C8,0x01,0x18,0x00,0x00,0x02,0x00,0x00,0x00E8,0x02C9,0x004B,0x00,0x46,0x00,220,19,220:4046:02C9:0069:00D7|221:4046:02B9:0067:00D7|222:4046:02B9:004E:00D7|223:4046:02A9:004C:00D7|224:4046:02C9:0068:00E7|225:4046:02B9:0063:00E7|226:4046:02B9:004D:00E7|227:4046:02A9:004B:00E7
round6_phase1,0xFA,3130,0x0002,0x0003,0x0000,0x01,0x0074,0x0000,0x0000,actor_748,0,0x10C748,0x01,0x2F,0x00,0x00,0x01,0x00,0x00,0x0049,0x02C9,0x019D,0x01,0x00,0x00,46,1,46:0004:02C0:01BF:0044
round6_phase1,0xFA,3132,0x0002,0x0003,0x0000,0x01,0x0074,0x0000,0x0000,actor_2c8,4,0x10C3C8,0x01,0xDD,0x01,0x00,0x01,0x00,0x00,0x00B2,0x02C9,0x03B3,0x01,0x48,0x00,180,10,180:4048:02A9:03D6:00AF|181:4048:02A9:03D7:009F|182:4048:02B9:03D8:00AF|183:4048:02B9:03D9:009F|184:4048:02B9:03DA:00A7|185:4048:02C9:03DB:00AF|186:4048:02C9:03DC:009F
round6_phase1,0xFA,3132,0x0002,0x0003,0x0000,0x01,0x0074,0x0000,0x0000,actor_2c8,7,0x10C488,0x01,0xC9,0x00,0x00,0x02,0x00,0x00,0x00E6,0x02C9,0x0420,0x00,0x47,0x00,210,10,210:4047:02A8:0420:00E5|211:4047:02A8:0421:00D5|212:4047:02B8:0422:00E5|213:4047:02B8:0423:00D5|214:4047:02B9:0424:00DD|215:4047:02C9:0425:00E5|216:4047:02C9:0426:00D5
round6_phase1,0xFA,3132,0x0002,0x0003,0x0000,0x01,0x0074,0x0000,0x0000,actor_748,0,0x10C748,0x01,0x2E,0x00,0x00,0x01,0x00,0x00,0x0046,0x02CA,0x019D,0x01,0x00,0x00,46,1,46:0004:02C1:01BE:0041
round6_phase1,0xFA,3134,0x0002,0x0003,0x0000,0x01,0x0074,0x0000,0x0000,actor_2c8,4,0x10C3C8,0x01,0xDD,0x01,0x00,0x01,0x00,0x00,0x00B6,0x02C9,0x03B3,0x01,0x48,0x00,180,10,180:4048:02A9:03D6:00B3|181:4048:02A9:03D7:00A3|182:4048:02B9:03D8:00B3|183:4048:02B9:03D9:00A3|184:4048:02B9:03DA:00AB|185:4048:02C9:03DB:00B3|186:4048:02C9:03DC:00A3
round6_phase1,0xFA,3134,0x0002,0x0003,0x0000,0x01,0x0074,0x0000,0x0000,actor_2c8,7,0x10C488,0x01,0xC9,0x00,0x00,0x02,0x00,0x00,0x00E4,0x02C9,0x0420,0x00,0x47,0x00,210,10,210:4047:02A8:0420:00E3|211:4047:02A8:0421:00D3|212:4047:02B8:0422:00E3|213:4047:02B8:0423:00D3|214:4047:02B9:0424:00DB|215:4047:02C9:0425:00E3|216:4047:02C9:0426:00D3
round6_phase1,0xFA,3134,0x0002,0x0003,0x0000,0x01,0x0074,0x0000,0x0000,actor_748,0,0x10C748,0x01,0x2E,0x00,0x00,0x01,0x00,0x00,0x0043,0x02CC,0x019D,0x01,0x00,0x00,46,1,46:0004:02C2:01BE:003E
round6_phase1,0xFA,3136,0x0002,0x0003,0x0000,0x01,0x0074,0x0000,0x0000,actor_2c8,4,0x10C3C8,0x01,0xDD,0x01,0x00,0x01,0x00,0x00,0x00B8,0x02C9,0x03B3,0x01,0x48,0x00,180,10,180:4048:02A9:03D6:00B7|181:4048:02A9:03D7:00A7|182:4048:02B9:03D8:00B7|183:4048:02B9:03D9:00A7|184:4048:02B9:03DA:00AF|185:4048:02C9:03DB:00B7|186:4048:02C9:03DC:00A7
round6_phase1,0xFA,3136,0x0002,0x0003,0x0000,0x01,0x0074,0x0000,0x0000,actor_2c8,7,0x10C488,0x01,0xC9,0x00,0x00,0x02,0x00,0x00,0x00E2,0x02C9,0x0420,0x00,0x47,0x00,210,10,210:4047:02A8:0420:00E1|211:4047:02A8:0421:00D1|212:4047:02B8:0422:00E1|213:4047:02B8:0423:00D1|214:4047:02B9:0424:00D9|215:4047:02C9:0425:00E1|216:4047:02C9:0426:00D1
round6_phase1,0xFA,3136,0x0002,0x0003,0x0000,0x01,0x0074,0x0000,0x0000,actor_748,0,0x10C748,0x01,0x2F,0x00,0x00,0x01,0x00,0x00,0x0040,0x02CE,0x019D,0x01,0x00,0x00,46,1,46:0004:02C4:01BF:003B
round6_phase1,0xFA,3138,0x0002,0x0003,0x0000,0x01,0x0074,0x0000,0x0000,actor_2c8,4,0x10C3C8,0x01,0xDD,0x01,0x00,0x01,0x00,0x00,0x00BC,0x02C9,0x03B3,0x01,0x48,0x00,180,10,180:4048:02A9:03D6:00B9|181:4048:02A9:03D7:00A9|182:4048:02B9:03D8:00B9|183:4048:02B9:03D9:00A9|184:4048:02B9:03DA:00B1|185:4048:02C9:03DB:00B9|186:4048:02C9:03DC:00A9
round6_phase1,0xFA,3138,0x0002,0x0003,0x0000,0x01,0x0074,0x0000,0x0000,actor_2c8,7,0x10C488,0x01,0xC9,0x00,0x00,0x02,0x00,0x00,0x00E0,0x02C9,0x0420,0x00,0x47,0x00,210,10,210:4047:02A8:0420:00DF|211:4047:02A8:0421:00CF|212:4047:02B8:0422:00DF|213:4047:02B8:0423:00CF|214:4047:02B9:0424:00D7|215:4047:02C9:0425:00DF|216:4047:02C9:0426:00CF
round6_phase1,0xFA,3138,0x0002,0x0003,0x0000,0x01,0x0074,0x0000,0x0000,actor_2c8,8,0x10C4C8,0x01,0x17,0x00,0x00,0x02,0x00,0x00,0x00E0,0x02C9,0x004B,0x00,0x46,0x00,220,19,220:4046:02CA:0066:00D1|221:4046:02BA:0064:00D1|222:4046:02BA:004E:00D1|223:4046:02AA:004C:00D1|224:4046:02CA:0065:00E1|225:4046:02BA:0063:00E1|226:4046:02BA:004D:00E1|227:4046:02AA:004B:00E1
round6_phase1,0xFA,3138,0x0002,0x0003,0x0000,0x01,0x0074,0x0000,0x0000,actor_748,0,0x10C748,0x01,0x2F,0x00,0x00,0x01,0x00,0x00,0x003D,0x02D0,0x019D,0x01,0x00,0x00,46,1,46:0004:02C6:01BF:0038
round6_phase1,0xFA,3140,0x0002,0x0003,0x0000,0x01,0x0074,0x0000,0x0000,actor_2c8,7,0x10C488,0x01,0xCA,0x00,0x00,0x02,0x00,0x00,0x00DE,0x02C9,0x0420,0x00,0x47,0x00,210,10,210:4047:02A9:0420:00DD|211:4047:02A9:0421:00CD|212:4047:02B9:0422:00DD|213:4047:02B9:0423:00CD|214:4047:02BA:0427:00D5|215:4047:02CA:0428:00D5
round6_phase1,0xFA,3140,0x0002,0x0003,0x0000,0x01,0x0074,0x0000,0x0000,actor_748,0,0x10C748,0x01,0x2E,0x00,0x00,0x01,0x00,0x00,0x003A,0x02D2,0x019D,0x01,0x00,0x00,46,1,46:0004:02C8:01BE:0035
round6_phase1,0xFA,3142,0x0002,0x0003,0x0000,0x01,0x0074,0x0000,0x0000,actor_2c8,4,0x10C3C8,0x01,0xDE,0x00,0x00,0x02,0x00,0x00,0x00BE,0x02C9,0x03B3,0x00,0x48,0x00,180,10,180:4048:02AA:03D6:00BF|181:4048:02AA:03D7:00AF|182:4048:02BA:03D8:00BF|183:4048:02BA:03D9:00AF|184:4048:02BA:03DD:00B7|185:4048:02CA:03DE:00B7
round6_phase1,0xFA,3142,0x0002,0x0003,0x0000,0x01,0x0074,0x0000,0x0000,actor_748,0,0x10C748,0x01,0x2E,0x00,0x00,0x01,0x00,0x00,0x0037,0x02D4,0x019D,0x01,0x00,0x00,46,1,46:0004:02CA:01BE:0032
round6_phase1,0xFA,3144,0x0002,0x0003,0x0000,0x01,0x0074,0x0000,0x0000,actor_2c8,7,0x10C488,0x01,0xCA,0x00,0x00,0x02,0x00,0x00,0x00DA,0x02C9,0x0420,0x00,0x47,0x00,210,10,210:4047:02A9:0420:00DB|211:4047:02A9:0421:00CB|212:4047:02B9:0422:00DB|213:4047:02B9:0423:00CB|214:4047:02BA:0427:00D3|215:4047:02CA:0428:00D3
round6_phase1,0xFA,3144,0x0002,0x0003,0x0000,0x01,0x0074,0x0000,0x0000,actor_2c8,8,0x10C4C8,0x01,0x18,0x00,0x00,0x02,0x00,0x00,0x00DC,0x02C9,0x004B,0x00,0x46,0x00,220,19,220:4046:02C9:0069:00CB|221:4046:02B9:0067:00CB|222:4046:02B9:004E:00CB|223:4046:02A9:004C:00CB|224:4046:02C9:0068:00DB|225:4046:02B9:0063:00DB|226:4046:02B9:004D:00DB|227:4046:02A9:004B:00DB
round6_phase1,0xFA,3144,0x0002,0x0003,0x0000,0x01,0x0074,0x0000,0x0000,actor_748,0,0x10C748,0x01,0x2F,0x00,0x00,0x01,0x00,0x00,0x0034,0x02D6,0x019D,0x01,0x00,0x00,46,1,46:0004:02CC:01BF:002F
round6_phase1,0xFA,3146,0x0002,0x0003,0x0000,0x01,0x0074,0x0000,0x0000,actor_2c8,4,0x10C3C8,0x01,0xDE,0x00,0x00,0x02,0x00,0x00,0x00BA,0x02C9,0x03B3,0x00,0x48,0x00,180,10,180:4048:02AA:03D6:00BB|181:4048:02AA:03D7:00AB|182:4048:02BA:03D8:00BB|183:4048:02BA:03D9:00AB|184:4048:02BA:03DD:00B3|185:4048:02CA:03DE:00B3
round6_phase1,0xFA,3146,0x0002,0x0003,0x0000,0x01,0x0074,0x0000,0x0000,actor_2c8,7,0x10C488,0x01,0xCA,0x00,0x00,0x02,0x00,0x00,0x00D8,0x02C9,0x0420,0x00,0x47,0x00,210,10,210:4047:02A9:0420:00D9|211:4047:02A9:0421:00C9|212:4047:02B9:0422:00D9|213:4047:02B9:0423:00C9|214:4047:02BA:0427:00D1|215:4047:02CA:0428:00D1
round6_phase1,0xFA,3146,0x0002,0x0003,0x0000,0x01,0x0074,0x0000,0x0000,actor_2c8,8,0x10C4C8,0x01,0x18,0x00,0x00,0x02,0x00,0x00,0x00DA,0x02C9,0x004B,0x00,0x46,0x00,220,19,220:4046:02C9:0069:00C9|221:4046:02B9:0067:00C9|222:4046:02B9:004E:00C9|223:4046:02A9:004C:00C9|224:4046:02C9:0068:00D9|225:4046:02B9:0063:00D9|226:4046:02B9:004D:00D9|227:4046:02A9:004B:00D9
round6_phase1,0xFA,3146,0x0002,0x0003,0x0000,0x01,0x0074,0x0000,0x0000,actor_748,0,0x10C748,0x01,0x2F,0x00,0x00,0x0F,0x00,0x00,0x0031,0x02D9,0x019D,0x01,0x00,0x00,46,1,46:0004:02CE:01BF:002C
round6_phase1,0xFA,3148,0x0002,0x0003,0x0000,0x01,0x0074,0x0000,0x0000,actor_2c8,4,0x10C3C8,0x01,0xDF,0x00,0x00,0x02,0x00,0x00,0x00B8,0x02C9,0x03B3,0x00,0x48,0x00,180,10,180:4048:02A9:03D6:00B9|181:4048:02A9:03D7:00A9|182:4048:02B9:03D8:00B9|183:4048:02B9:03D9:00A9|184:4048:02B9:03DF:00B1|185:4048:02C9:03E0:00B9|186:4048:02C9:03E1:00A9
round6_phase1,0xFA,3148,0x0002,0x0003,0x0000,0x01,0x0074,0x0000,0x0000,actor_2c8,7,0x10C488,0x01,0xCB,0x00,0x00,0x02,0x00,0x00,0x00D6,0x02C9,0x0420,0x00,0x47,0x00,210,10,210:4047:02A8:0420:00D7|211:4047:02A8:0421:00C7|212:4047:02B8:0422:00D7|213:4047:02B8:0423:00C7|214:4047:02B9:0429:00CF|215:4047:02C9:042A:00CF
round6_phase1,0xFA,3148,0x0002,0x0003,0x0000,0x01,0x0074,0x0000,0x0000,actor_748,0,0x10C748,0x01,0x2A,0x00,0x00,0x0F,0x00,0x00,0x0031,0x02D9,0x019D,0x01,0x00,0x00,46,1,46:0004:02D1:01BA:0029
round6_phase1,0xFA,3148,0x0002,0x0003,0x0000,0x01,0x0074,0x0000,0x0000,actor_748,1,0x10C788,0x01,0x2A,0x00,0x00,0x01,0x00,0x00,0x007A,0x02C2,0x019D,0x01,0x00,0x00,47,1,47:0004:02BB:01BA:0076
round6_phase1,0xFA,3150,0x0002,0x0003,0x0000,0x01,0x0074,0x0000,0x0000,actor_2c8,7,0x10C488,0x01,0xCB,0x00,0x00,0x02,0x00,0x00,0x00D6,0x02C9,0x0420,0x00,0x47,0x00,210,10,210:4047:02A8:0420:00D5|211:4047:02A8:0421:00C5|212:4047:02B8:0422:00D5|213:4047:02B8:0423:00C5|214:4047:02B9:0429:00CD|215:4047:02C9:042A:00CD
round6_phase1,0xFA,3150,0x0002,0x0003,0x0000,0x01,0x0074,0x0000,0x0000,actor_748,1,0x10C788,0x01,0x2A,0x00,0x00,0x01,0x00,0x00,0x0076,0x02C1,0x019D,0x01,0x00,0x00,47,1,47:0004:02BA:01BA:0072
round6_phase1,0xFA,3152,0x0002,0x0003,0x0000,0x01,0x0074,0x0000,0x0000,actor_2c8,7,0x10C488,0x01,0xC9,0x00,0x00,0x1F,0x00,0x00,0x00D6,0x02C9,0x0420,0x00,0x47,0x00,210,10,210:4047:02A8:0420:00D5|211:4047:02A8:0421:00C5|212:4047:02B8:0422:00D5|213:4047:02B8:0423:00C5|214:4047:02B9:0424:00CD|215:4047:02C9:0425:00D5|216:4047:02C9:0426:00C5
round6_phase1,0xFA,3152,0x0002,0x0003,0x0000,0x01,0x0074,0x0000,0x0000,actor_2c8,8,0x10C4C8,0x01,0x1C,0x00,0x00,0x1F,0x00,0x00,0x00D6,0x02C9,0x004B,0x00,0x46,0x00,220,19,220:4046:02CA:006D:00C5|221:4046:02BA:006B:00C5|222:4046:02BA:004E:00C5|223:4046:02AA:004C:00C5|224:4046:02CA:006C:00D5|225:4046:02BA:006A:00D5|226:4046:02BA:004D:00D5|227:4046:02AA:004B:00D5
round6_phase1,0xFA,3152,0x0002,0x0003,0x0000,0x01,0x0074,0x0000,0x0000,actor_748,0,0x10C748,0x01,0x2C,0x00,0x00,0x0F,0x00,0x00,0x0031,0x02D9,0x019D,0x01,0x00,0x00,46,1,46:0004:02D1:01BC:0029
round6_phase1,0xFA,3152,0x0002,0x0003,0x0000,0x01,0x0074,0x0000,0x0000,actor_748,1,0x10C788,0x01,0x2B,0x00,0x00,0x01,0x00,0x00,0x0073,0x02C1,0x019D,0x01,0x00,0x00,47,1,47:0004:02B9:01BB:006E
round6_phase1,0xFA,3154,0x0002,0x0003,0x0000,0x01,0x0074,0x0000,0x0000,actor_2c8,6,0x10C448,0x01,0x50,0x00,0x00,0x1F,0x00,0x03,0x0094,0x02C9,0x00D0,0x00,0x44,0x00,200,10,200:4044:02C9:01AE:0084|201:4044:02B9:01AA:0084|202:4044:02A9:01A7:0084|203:4044:02C9:01AD:0094|204:4044:02B9:01A9:0094|205:4044:02A9:01A6:0094|206:4044:02C9:01AC:00A4|207:4044:02C9:01AF:0074|208:4044:02B9:01AB:0074|209:4044:02A9:01A8:0074
round6_phase1,0xFA,3154,0x0002,0x0003,0x0000,0x01,0x0074,0x0000,0x0000,actor_2c8,7,0x10C488,0x01,0xCD,0x00,0x00,0x1F,0x00,0x00,0x00D4,0x02C9,0x0420,0x00,0x47,0x00,210,10,210:4047:02A8:0420:00D4|211:4047:02A8:0421:00C4|212:4047:02B8:0422:00D4|213:4047:02B8:0423:00C4|214:4047:02B9:0424:00CC|215:4047:02C9:0425:00D4|216:4047:02C9:0426:00C4
round6_phase1,0xFA,3154,0x0002,0x0003,0x0000,0x01,0x0074,0x0000,0x0000,actor_2c8,8,0x10C4C8,0x01,0x1C,0x00,0x00,0x1F,0x00,0x00,0x00D4,0x02C9,0x004B,0x00,0x46,0x00,220,19,220:4046:02CA:0066:00C4|221:4046:02BA:0064:00C4|222:4046:02BA:0052:00C4|223:4046:02AA:0050:00C4|224:4046:02CA:0065:00D4|225:4046:02BA:0063:00D4|226:4046:02BA:0051:00D4|227:4046:02AA:004F:00D4|228:4046:02BA:0054:00E4|229:4046:02AA:0053:00E4
round6_phase1,0xFA,3154,0x0002,0x0003,0x0000,0x01,0x0074,0x0000,0x0000,actor_748,0,0x10C748,0x01,0x2C,0x00,0x00,0x0F,0x00,0x00,0x002F,0x02D9,0x019D,0x01,0x00,0x00,46,1,46:0004:02D1:01BC:0028
round6_phase1,0xFA,3154,0x0002,0x0003,0x0000,0x01,0x0074,0x0000,0x0000,actor_748,1,0x10C788,0x01,0x2B,0x00,0x00,0x01,0x00,0x00,0x006E,0x02C1,0x019D,0x01,0x00,0x00,47,1,47:0004:02B9:01BB:006A
round6_phase1,0xFA,3156,0x0002,0x0003,0x0000,0x01,0x0074,0x0000,0x0000,actor_2c8,4,0x10C3C8,0x01,0xE0,0x01,0x00,0x01,0x00,0x00,0x00BA,0x02C9,0x03B3,0x01,0x48,0x00,180,10,180:4048:02AA:03D6:00BA|181:4048:02AA:03D7:00AA|182:4048:02BA:03D8:00BA|183:4048:02BA:03D9:00AA|184:4048:02BA:03E2:00B2|185:4048:02CA:03E3:00B1
round6_phase1,0xFA,3156,0x0002,0x0003,0x0000,0x01,0x0074,0x0000,0x0000,actor_2c8,6,0x10C448,0x01,0x50,0x00,0x00,0x1F,0x00,0x03,0x0092,0x02C9,0x00D0,0x00,0x44,0x00,200,10,200:4044:02C9:01B8:0082|201:4044:02B9:01B4:0082|202:4044:02A9:01B1:0082|203:4044:02C9:01B7:0092|204:4044:02B9:01B3:0092|205:4044:02A9:01B0:0092|206:4044:02C9:01B6:00A2|207:4044:02C9:01B9:0072|208:4044:02B9:01B5:0072|209:4044:02A9:01B2:0072
round6_phase1,0xFA,3156,0x0002,0x0003,0x0000,0x01,0x0074,0x0000,0x0000,actor_2c8,7,0x10C488,0x01,0xCD,0x00,0x00,0x1F,0x00,0x00,0x00D2,0x02C9,0x0420,0x00,0x47,0x00,210,10,210:4047:02A8:042D:00D2|211:4047:02A8:042E:00C2|212:4047:02B8:042F:00D2|213:4047:02B8:0430:00C2|214:4047:02B9:0424:00CA|215:4047:02C9:0425:00D2|216:4047:02C9:0426:00C2
round6_phase1,0xFA,3156,0x0002,0x0003,0x0000,0x01,0x0074,0x0000,0x0000,actor_2c8,8,0x10C4C8,0x01,0x1D,0x00,0x00,0x1F,0x00,0x00,0x00D2,0x02C9,0x004B,0x00,0x46,0x00,220,19,220:4046:02CA:0066:00C2|221:4046:02BA:0064:00C2|222:4046:02BA:0058:00C2|223:4046:02AA:0056:00C2|224:4046:02CA:0065:00D2|225:4046:02BA:0063:00D2|226:4046:02BA:0057:00D2|227:4046:02AA:0055:00D2
round6_phase1,0xFA,3156,0x0002,0x0003,0x0000,0x01,0x0074,0x0000,0x0000,actor_748,0,0x10C748,0x01,0x2E,0x00,0x00,0x0F,0x00,0x00,0x002D,0x02D9,0x019D,0x01,0x00,0x00,46,1,46:0004:02D1:01BE:0026
round6_phase1,0xFA,3156,0x0002,0x0003,0x0000,0x01,0x0074,0x0000,0x0000,actor_748,1,0x10C788,0x01,0x2A,0x00,0x00,0x01,0x00,0x00,0x0069,0x02C1,0x019D,0x01,0x00,0x00,47,1,47:0004:02B9:01BA:0065
round6_phase1,0xFA,3158,0x0002,0x0003,0x0000,0x01,0x0074,0x0000,0x0000,actor_2c8,6,0x10C448,0x01,0x50,0x00,0x00,0x1F,0x00,0x03,0x0090,0x02C9,0x00D0,0x00,0x44,0x00,200,10,200:4044:02C9:01B8:0080|201:4044:02B9:01B4:0080|202:4044:02A9:01B1:0080|203:4044:02C9:01B7:0090|204:4044:02B9:01B3:0090|205:4044:02A9:01B0:0090|206:4044:02C9:01B6:00A0|207:4044:02C9:01B9:0070|208:4044:02B9:01B5:0070|209:4044:02A9:01B2:0070
round6_phase1,0xFA,3158,0x0002,0x0003,0x0000,0x01,0x0074,0x0000,0x0000,actor_2c8,7,0x10C488,0x01,0xCE,0x00,0x00,0x1F,0x00,0x00,0x00D0,0x02C9,0x0420,0x00,0x47,0x00,210,10,210:4047:02A8:0431:00D0|211:4047:02A8:0432:00C0|212:4047:02B8:0433:00D0|213:4047:02B8:0434:00C0|214:4047:02B9:0424:00C8|215:4047:02C9:0425:00D0|216:4047:02C9:0426:00C0
round6_phase1,0xFA,3158,0x0002,0x0003,0x0000,0x01,0x0074,0x0000,0x0000,actor_2c8,8,0x10C4C8,0x01,0x1E,0x00,0x00,0x1F,0x00,0x00,0x00D0,0x02C9,0x004B,0x00,0x46,0x00,220,19,220:4046:02CA:0066:00C0|221:4046:02BA:0064:00C0|222:4046:02BA:0058:00C0|223:4046:02AA:0056:00C0|224:4046:02CA:0065:00D0|225:4046:02BA:0063:00D0|226:4046:02BA:0057:00D0|227:4046:02AA:0055:00D0
round6_phase1,0xFA,3158,0x0002,0x0003,0x0000,0x01,0x0074,0x0000,0x0000,actor_748,0,0x10C748,0x01,0x2E,0x00,0x00,0x0F,0x00,0x00,0x002B,0x02D9,0x019D,0x01,0x00,0x00,46,1,46:0004:02D1:01BE:0024
round6_phase1,0xFA,3158,0x0002,0x0003,0x0000,0x01,0x0074,0x0000,0x0000,actor_748,1,0x10C788,0x01,0x2A,0x00,0x00,0x01,0x00,0x00,0x0064,0x02C1,0x019D,0x01,0x00,0x00,47,1,47:0004:02B9:01BA:0060
round6_phase1,0xFA,3160,0x0002,0x0003,0x0000,0x01,0x0074,0x0000,0x0000,actor_2c8,4,0x10C3C8,0x01,0xE0,0x00,0x00,0x02,0x00,0x00,0x00B6,0x02C9,0x03B3,0x00,0x48,0x00,180,10,180:4048:02AA:03D6:00B8|181:4048:02AA:03D7:00A8|182:4048:02BA:03D8:00B8|183:4048:02BA:03D9:00A8|184:4048:02BA:03E2:00B0|185:4048:02CA:03E3:00AF
round6_phase1,0xFA,3160,0x0002,0x0003,0x0000,0x01,0x0074,0x0000,0x0000,actor_2c8,6,0x10C448,0x01,0x50,0x00,0x00,0x1F,0x00,0x03,0x008E,0x02C9,0x00D0,0x00,0x44,0x00,200,10,200:4044:02C9:01B8:007E|201:4044:02B9:01B4:007E|202:4044:02A9:01B1:007E|203:4044:02C9:01B7:008E|204:4044:02B9:01B3:008E|205:4044:02A9:01B0:008E|206:4044:02C9:01B6:009E|207:4044:02C9:01B9:006E|208:4044:02B9:01B5:006E|209:4044:02A9:01B2:006E
round6_phase1,0xFA,3160,0x0002,0x0003,0x0000,0x01,0x0074,0x0000,0x0000,actor_2c8,7,0x10C488,0x01,0xCF,0x00,0x00,0x1F,0x00,0x00,0x00CE,0x02C9,0x0420,0x00,0x47,0x00,210,10,210:4047:02A8:0431:00CE|211:4047:02A8:0432:00BE|212:4047:02B8:0433:00CE|213:4047:02B8:0434:00BE|214:4047:02B9:0424:00C6|215:4047:02C9:0425:00CE|216:4047:02C9:0426:00BE
round6_phase1,0xFA,3160,0x0002,0x0003,0x0000,0x01,0x0074,0x0000,0x0000,actor_2c8,8,0x10C4C8,0x01,0x1E,0x00,0x00,0x1F,0x00,0x00,0x00CE,0x02C9,0x004B,0x00,0x46,0x00,220,19,220:4046:02CA:0066:00BE|221:4046:02BA:0064:00BE|222:4046:02BA:005C:00BE|223:4046:02AA:005A:00BE|224:4046:02CA:0065:00CE|225:4046:02BA:0063:00CE|226:4046:02BA:005B:00CE|227:4046:02AA:0059:00CE
round6_phase1,0xFA,3160,0x0002,0x0003,0x0000,0x01,0x0074,0x0000,0x0000,actor_748,1,0x10C788,0x01,0x2B,0x00,0x00,0x01,0x00,0x00,0x005F,0x02C1,0x019D,0x01,0x00,0x00,47,1,47:0004:02B9:01BB:005B
round6_phase1,0xFA,3162,0x0002,0x0003,0x0000,0x01,0x0074,0x0000,0x0000,actor_2c8,4,0x10C3C8,0x01,0xE0,0x00,0x00,0x02,0x00,0x00,0x00B2,0x02C9,0x03B3,0x00,0x48,0x00,180,10,180:4048:02AA:03D6:00B4|181:4048:02AA:03D7:00A4|182:4048:02BA:03D8:00B4|183:4048:02BA:03D9:00A4|184:4048:02BA:03E2:00AC|185:4048:02CA:03E3:00AB
round6_phase1,0xFA,3162,0x0002,0x0003,0x0000,0x01,0x0074,0x0000,0x0000,actor_2c8,6,0x10C448,0x01,0x50,0x00,0x00,0x1F,0x00,0x03,0x008C,0x02C9,0x00D0,0x00,0x44,0x00,200,10,200:4044:02C9:01B8:007C|201:4044:02B9:01B4:007C|202:4044:02A9:01B1:007C|203:4044:02C9:01B7:008C|204:4044:02B9:01B3:008C|205:4044:02A9:01B0:008C|206:4044:02C9:01B6:009C|207:4044:02C9:01B9:006C|208:4044:02B9:01B5:006C|209:4044:02A9:01B2:006C
round6_phase1,0xFA,3162,0x0002,0x0003,0x0000,0x01,0x0074,0x0000,0x0000,actor_2c8,8,0x10C4C8,0x01,0x1F,0x00,0x00,0x1F,0x00,0x00,0x00CC,0x02C9,0x004B,0x00,0x46,0x00,220,19,220:4046:02CA:0066:00BC|221:4046:02BA:0064:00BC|222:4046:02BA:0060:00BC|223:4046:02AA:005E:00BC|224:4046:02CA:0065:00CC|225:4046:02BA:0063:00CC|226:4046:02BA:005F:00CC|227:4046:02AA:005D:00CC|228:4046:02B2:0061:00AC|229:4046:02B2:0062:009C
round6_phase1,0xFA,3162,0x0002,0x0003,0x0000,0x01,0x0074,0x0000,0x0000,actor_748,1,0x10C788,0x01,0x2B,0x00,0x00,0x01,0x00,0x00,0x005A,0x02C1,0x019D,0x01,0x00,0x00,47,1,47:0004:02B9:01BB:0056
round6_phase1,0xFA,3164,0x0002,0x0003,0x0000,0x01,0x0074,0x0000,0x0000,actor_2c8,4,0x10C3C8,0x01,0xDD,0x00,0x00,0x02,0x00,0x00,0x00B0,0x02C9,0x03B3,0x00,0x48,0x00,180,10,180:4048:02A9:03D6:00B1|181:4048:02A9:03D7:00A1|182:4048:02B9:03D8:00B1|183:4048:02B9:03D9:00A1|184:4048:02B9:03DA:00A9|185:4048:02C9:03DB:00B1|186:4048:02C9:03DC:00A1
round6_phase1,0xFA,3164,0x0002,0x0003,0x0000,0x01,0x0074,0x0000,0x0000,actor_2c8,6,0x10C448,0x01,0x50,0x00,0x00,0x1F,0x00,0x03,0x008C,0x02C9,0x00D0,0x00,0x44,0x00,200,10,200:4044:02C9:01B8:007B|201:4044:02B9:01B4:007B|202:4044:02A9:01B1:007B|203:4044:02C9:01B7:008B|204:4044:02B9:01B3:008B|205:4044:02A9:01B0:008B|206:4044:02C9:01B6:009B|207:4044:02C9:01B9:006B|208:4044:02B9:01B5:006B|209:4044:02A9:01B2:006B
round6_phase1,0xFA,3164,0x0002,0x0003,0x0000,0x01,0x0074,0x0000,0x0000,actor_2c8,7,0x10C488,0x01,0xCF,0x00,0x00,0x1F,0x00,0x00,0x00CC,0x02C9,0x0420,0x00,0x47,0x00,210,10,210:4047:02A8:0435:00CB|211:4047:02A8:0436:00BB|212:4047:02A8:0437:00AB|213:4047:02B8:0438:00CB|214:4047:02B8:0439:00BB|215:4047:02B9:0424:00C3|216:4047:02C9:0425:00CB|217:4047:02C9:0426:00BB
round6_phase1,0xFA,3164,0x0002,0x0003,0x0000,0x01,0x0074,0x0000,0x0000,actor_2c8,8,0x10C4C8,0x01,0x1F,0x00,0x00,0x1F,0x00,0x00,0x00CC,0x02C9,0x004B,0x00,0x46,0x00,220,19,220:4046:02CA:0066:00BB|221:4046:02BA:0064:00BB|222:4046:02BA:0060:00BB|223:4046:02AA:005E:00BB|224:4046:02CA:0065:00CB|225:4046:02BA:0063:00CB|226:4046:02BA:005F:00CB|227:4046:02AA:005D:00CB|228:4046:02B2:0061:00AB|229:4046:02B2:0062:009B
round6_phase1,0xFA,3164,0x0002,0x0003,0x0000,0x01,0x0074,0x0000,0x0000,actor_748,1,0x10C788,0x01,0x2C,0x00,0x00,0x01,0x00,0x00,0x0056,0x02C2,0x019D,0x01,0x00,0x00,47,1,47:0004:02B9:01BA:0052
round6_phase1,0xFA,3166,0x0002,0x0003,0x0000,0x01,0x0074,0x0000,0x0000,actor_2c8,4,0x10C3C8,0x01,0xDD,0x00,0x00,0x02,0x00,0x00,0x00AC,0x02C9,0x03B3,0x00,0x48,0x00,180,10,180:4048:02A9:03D6:00AE|181:4048:02A9:03D7:009E|182:4048:02B9:03D8:00AE|183:4048:02B9:03D9:009E|184:4048:02B9:03DA:00A6|185:4048:02C9:03DB:00AE|186:4048:02C9:03DC:009E
round6_phase1,0xFA,3166,0x0002,0x0003,0x0000,0x01,0x0074,0x0000,0x0000,actor_2c8,6,0x10C448,0x01,0x50,0x00,0x00,0x1F,0x00,0x03,0x008A,0x02C9,0x00D0,0x00,0x44,0x00,200,10,200:4044:02C9:01B8:007A|201:4044:02B9:01B4:007A|202:4044:02A9:01B1:007A|203:4044:02C9:01B7:008A|204:4044:02B9:01B3:008A|205:4044:02A9:01B0:008A|206:4044:02C9:01B6:009A|207:4044:02C9:01B9:006A|208:4044:02B9:01B5:006A|209:4044:02A9:01B2:006A
round6_phase1,0xFA,3166,0x0002,0x0003,0x0000,0x01,0x0074,0x0000,0x0000,actor_2c8,7,0x10C488,0x01,0xC9,0x00,0x00,0x1F,0x00,0x00,0x00CA,0x02C9,0x0420,0x00,0x47,0x00,210,10,210:4047:02A8:0435:00CA|211:4047:02A8:0436:00BA|212:4047:02A8:0437:00AA|213:4047:02B8:0438:00CA|214:4047:02B8:0439:00BA|215:4047:02B9:0424:00C2|216:4047:02C9:0425:00CA|217:4047:02C9:0426:00BA
round6_phase1,0xFA,3166,0x0002,0x0003,0x0000,0x01,0x0074,0x0000,0x0000,actor_2c8,8,0x10C4C8,0x01,0x1F,0x00,0x00,0x1F,0x00,0x00,0x00CA,0x02C9,0x004B,0x00,0x46,0x00,220,19,220:4046:02CA:0066:00BA|221:4046:02BA:0064:00BA|222:4046:02BA:0060:00BA|223:4046:02AA:005E:00BA|224:4046:02CA:0065:00CA|225:4046:02BA:0063:00CA|226:4046:02BA:005F:00CA|227:4046:02AA:005D:00CA|228:4046:02B2:0061:00AA|229:4046:02B2:0062:009A
round6_phase1,0xFA,3166,0x0002,0x0003,0x0000,0x01,0x0074,0x0000,0x0000,actor_748,1,0x10C788,0x01,0x2C,0x00,0x00,0x01,0x00,0x00,0x0050,0x02C3,0x019D,0x01,0x00,0x00,47,1,47:0004:02BA:01BC:004D
round6_phase1,0xFA,3168,0x0002,0x0003,0x0000,0x01,0x0074,0x0000,0x0000,actor_2c8,4,0x10C3C8,0x01,0xDD,0x00,0x00,0x02,0x00,0x00,0x00AC,0x02C9,0x03B3,0x00,0x48,0x00,180,10,180:4048:02A9:03D6:00AB|181:4048:02A9:03D7:009B|182:4048:02B9:03D8:00AB|183:4048:02B9:03D9:009B|184:4048:02B9:03DA:00A3|185:4048:02C9:03DB:00AB|186:4048:02C9:03DC:009B
round6_phase1,0xFA,3168,0x0002,0x0003,0x0000,0x01,0x0074,0x0000,0x0000,actor_2c8,6,0x10C448,0x01,0x50,0x00,0x00,0x1F,0x00,0x03,0x008A,0x02C9,0x00D0,0x00,0x44,0x00,200,10,200:4044:02C9:01B8:0079|201:4044:02B9:01B4:0079|202:4044:02A9:01B1:0079|203:4044:02C9:01B7:0089|204:4044:02B9:01B3:0089|205:4044:02A9:01B0:0089|206:4044:02C9:01B6:0099|207:4044:02C9:01B9:0069|208:4044:02B9:01B5:0069|209:4044:02A9:01B2:0069
round6_phase1,0xFA,3168,0x0002,0x0003,0x0000,0x01,0x0074,0x0000,0x0000,actor_2c8,7,0x10C488,0x01,0xC9,0x00,0x00,0x1F,0x00,0x00,0x00CA,0x02C9,0x0420,0x00,0x47,0x00,210,10,210:4047:02A8:0420:00C9|211:4047:02A8:0421:00B9|212:4047:02B8:0422:00C9|213:4047:02B8:0423:00B9|214:4047:02B9:0424:00C1|215:4047:02C9:0425:00C9|216:4047:02C9:0426:00B9
round6_phase1,0xFA,3168,0x0002,0x0003,0x0000,0x01,0x0074,0x0000,0x0000,actor_2c8,8,0x10C4C8,0x01,0x17,0x00,0x00,0x1F,0x00,0x00,0x00CA,0x02C9,0x004B,0x00,0x46,0x00,220,19,220:4046:02CA:0066:00B9|221:4046:02BA:0064:00B9|222:4046:02BA:004E:00B9|223:4046:02AA:004C:00B9|224:4046:02CA:0065:00C9|225:4046:02BA:0063:00C9|226:4046:02BA:004D:00C9|227:4046:02AA:004B:00C9
round6_phase1,0xFA,3168,0x0002,0x0003,0x0000,0x01,0x0074,0x0000,0x0000,actor_748,1,0x10C788,0x01,0x2D,0x00,0x00,0x01,0x00,0x00,0x004C,0x02C4,0x019D,0x01,0x00,0x00,47,1,47:0004:02BB:01BD:0048
round6_phase1,0xFA,3170,0x0002,0x0003,0x0000,0x01,0x0074,0x0000,0x0000,actor_2c8,6,0x10C448,0x01,0x4F,0x00,0x00,0x1F,0x00,0x03,0x0088,0x02C9,0x00D0,0x00,0x44,0x00,200,10,200:4044:02C9:01B8:0078|201:4044:02B9:01B4:0078|202:4044:02A9:01B1:0078|203:4044:02C9:01B7:0088|204:4044:02B9:01B3:0088|205:4044:02A9:01B0:0088|206:4044:02C9:01B6:0098|207:4044:02C9:01B9:0068|208:4044:02B9:01B5:0068|209:4044:02A9:01B2:0068
round6_phase1,0xFA,3170,0x0002,0x0003,0x0000,0x01,0x0074,0x0000,0x0000,actor_2c8,8,0x10C4C8,0x01,0x17,0x00,0x00,0x1F,0x00,0x00,0x00C8,0x02C9,0x004B,0x00,0x46,0x00,220,19,220:4046:02CA:0066:00B8|221:4046:02BA:0064:00B8|222:4046:02BA:004E:00B8|223:4046:02AA:004C:00B8|224:4046:02CA:0065:00C8|225:4046:02BA:0063:00C8|226:4046:02BA:004D:00C8|227:4046:02AA:004B:00C8
round6_phase1,0xFA,3170,0x0002,0x0003,0x0000,0x01,0x0074,0x0000,0x0000,actor_748,1,0x10C788,0x01,0x2D,0x00,0x00,0x01,0x00,0x00,0x0047,0x02C5,0x019D,0x01,0x00,0x00,47,1,47:0004:02BC:01BD:0043
round6_phase1,0xFA,3172,0x0002,0x0003,0x0000,0x01,0x0074,0x0000,0x0000,actor_2c8,4,0x10C3C8,0x01,0xDE,0x01,0x00,0x01,0x00,0x00,0x00AE,0x02C9,0x03B3,0x01,0x48,0x00,180,10,180:4048:02AA:03D6:00AD|181:4048:02AA:03D7:009D|182:4048:02BA:03D8:00AD|183:4048:02BA:03D9:009D|184:4048:02BA:03DD:00A5|185:4048:02CA:03DE:00A5
round6_phase1,0xFA,3172,0x0002,0x0003,0x0000,0x01,0x0074,0x0000,0x0000,actor_2c8,6,0x10C448,0x01,0x4F,0x00,0x00,0x1F,0x00,0x03,0x0088,0x02C9,0x00D0,0x00,0x44,0x00,200,10,200:4044:02C9:01AE:0077|201:4044:02B9:01AA:0077|202:4044:02A9:01A7:0077|203:4044:02C9:01AD:0087|204:4044:02B9:01A9:0087|205:4044:02A9:01A6:0087|206:4044:02C9:01AC:0097|207:4044:02C9:01AF:0067|208:4044:02B9:01AB:0067|209:4044:02A9:01A8:0067
round6_phase1,0xFA,3172,0x0002,0x0003,0x0000,0x01,0x0074,0x0000,0x0000,actor_2c8,8,0x10C4C8,0x01,0x17,0x00,0x00,0x1F,0x00,0x00,0x00C8,0x02C9,0x004B,0x00,0x46,0x00,220,19,220:4046:02CA:0066:00B7|221:4046:02BA:0064:00B7|222:4046:02BA:004E:00B7|223:4046:02AA:004C:00B7|224:4046:02CA:0065:00C7|225:4046:02BA:0063:00C7|226:4046:02BA:004D:00C7|227:4046:02AA:004B:00C7
round6_phase1,0xFA,3172,0x0002,0x0003,0x0000,0x01,0x0074,0x0000,0x0000,actor_748,1,0x10C788,0x01,0x2C,0x00,0x00,0x01,0x00,0x00,0x0044,0x02C6,0x019D,0x01,0x00,0x00,47,1,47:0004:02BD:01BC:003F
round6_phase1,0xFA,3174,0x0002,0x0003,0x0000,0x01,0x0074,0x0000,0x0000,actor_2c8,4,0x10C3C8,0x01,0xDE,0x01,0x00,0x01,0x00,0x00,0x00AE,0x02C9,0x03B3,0x01,0x48,0x00,180,10,180:4048:02AA:03D6:00AE|181:4048:02AA:03D7:009E|182:4048:02BA:03D8:00AE|183:4048:02BA:03D9:009E|184:4048:02BA:03DD:00A6|185:4048:02CA:03DE:00A6
round6_phase1,0xFA,3174,0x0002,0x0003,0x0000,0x01,0x0074,0x0000,0x0000,actor_2c8,6,0x10C448,0x01,0x4F,0x00,0x00,0x1F,0x00,0x03,0x0086,0x02C9,0x00D0,0x00,0x44,0x00,200,10,200:4044:02C9:01AE:0076|201:4044:02B9:01AA:0076|202:4044:02A9:01A7:0076|203:4044:02C9:01AD:0086|204:4044:02B9:01A9:0086|205:4044:02A9:01A6:0086|206:4044:02C9:01AC:0096|207:4044:02C9:01AF:0066|208:4044:02B9:01AB:0066|209:4044:02A9:01A8:0066
round6_phase1,0xFA,3174,0x0002,0x0003,0x0000,0x01,0x0074,0x0000,0x0000,actor_2c8,7,0x10C488,0x01,0xC9,0x00,0x00,0x1F,0x00,0x00,0x00C6,0x02C9,0x0420,0x00,0x47,0x00,210,10,210:4047:02A8:0420:00C6|211:4047:02A8:0421:00B6|212:4047:02B8:0422:00C6|213:4047:02B8:0423:00B6|214:4047:02B9:0424:00BE|215:4047:02C9:0425:00C6|216:4047:02C9:0426:00B6
round6_phase1,0xFA,3174,0x0002,0x0003,0x0000,0x01,0x0074,0x0000,0x0000,actor_2c8,8,0x10C4C8,0x01,0x1C,0x00,0x00,0x1F,0x00,0x00,0x00C6,0x02C9,0x004B,0x00,0x46,0x00,220,19,220:4046:02CA:0066:00B6|221:4046:02BA:0064:00B6|222:4046:02BA:0052:00B6|223:4046:02AA:0050:00B6|224:4046:02CA:0065:00C6|225:4046:02BA:0063:00C6|226:4046:02BA:0051:00C6|227:4046:02AA:004F:00C6|228:4046:02BA:0054:00D6|229:4046:02AA:0053:00D6
round6_phase1,0xFA,3174,0x0002,0x0003,0x0000,0x01,0x0074,0x0000,0x0000,actor_748,1,0x10C788,0x01,0x2C,0x00,0x00,0x01,0x00,0x00,0x003F,0x02C7,0x019D,0x01,0x00,0x00,47,1,47:0004:02BE:01BC:003B
round6_phase1,0xFA,3176,0x0002,0x0003,0x0000,0x01,0x0074,0x0000,0x0000,actor_2c8,4,0x10C3C8,0x01,0xDE,0x01,0x00,0x01,0x00,0x00,0x00B0,0x02C9,0x03B3,0x01,0x48,0x00,180,10,180:4048:02AA:03D6:00AF|181:4048:02AA:03D7:009F|182:4048:02BA:03D8:00AF|183:4048:02BA:03D9:009F|184:4048:02BA:03DD:00A7|185:4048:02CA:03DE:00A7
round6_phase1,0xFA,3176,0x0002,0x0003,0x0000,0x01,0x0074,0x0000,0x0000,actor_2c8,6,0x10C448,0x01,0x4F,0x00,0x00,0x1F,0x00,0x03,0x0086,0x02C9,0x00D0,0x00,0x44,0x00,200,10,200:4044:02C9:01AE:0075|201:4044:02B9:01AA:0075|202:4044:02A9:01A7:0075|203:4044:02C9:01AD:0085|204:4044:02B9:01A9:0085|205:4044:02A9:01A6:0085|206:4044:02C9:01AC:0095|207:4044:02C9:01AF:0065|208:4044:02B9:01AB:0065|209:4044:02A9:01A8:0065
round6_phase1,0xFA,3176,0x0002,0x0003,0x0000,0x01,0x0074,0x0000,0x0000,actor_2c8,7,0x10C488,0x01,0xCD,0x00,0x00,0x1F,0x00,0x00,0x00C6,0x02C9,0x0420,0x00,0x47,0x00,210,10,210:4047:02A8:042D:00C5|211:4047:02A8:042E:00B5|212:4047:02B8:042F:00C5|213:4047:02B8:0430:00B5|214:4047:02B9:0424:00BD|215:4047:02C9:0425:00C5|216:4047:02C9:0426:00B5
round6_phase1,0xFA,3176,0x0002,0x0003,0x0000,0x01,0x0074,0x0000,0x0000,actor_2c8,8,0x10C4C8,0x01,0x1D,0x00,0x00,0x1F,0x00,0x00,0x00C6,0x02C9,0x004B,0x00,0x46,0x00,220,19,220:4046:02CA:0066:00B5|221:4046:02BA:0064:00B5|222:4046:02BA:0052:00B5|223:4046:02AA:0050:00B5|224:4046:02CA:0065:00C5|225:4046:02BA:0063:00C5|226:4046:02BA:0051:00C5|227:4046:02AA:004F:00C5|228:4046:02BA:0054:00D5|229:4046:02AA:0053:00D5
round6_phase1,0xFA,3176,0x0002,0x0003,0x0000,0x01,0x0074,0x0000,0x0000,actor_748,1,0x10C788,0x01,0x2F,0x00,0x00,0x01,0x00,0x00,0x003C,0x02C8,0x019D,0x01,0x00,0x00,47,1,47:0004:02BF:01BD:0037
round6_phase1,0xFA,3178,0x0002,0x0003,0x0000,0x01,0x0074,0x0000,0x0000,actor_2c8,6,0x10C448,0x01,0x4E,0x00,0x00,0x1F,0x00,0x03,0x0086,0x02C9,0x00D0,0x00,0x44,0x00,200,10,200:4044:02C9:01AE:0075|201:4044:02B9:01AA:0075|202:4044:02A9:01A7:0075|203:4044:02C9:01AD:0085|204:4044:02B9:01A9:0085|205:4044:02A9:01A6:0085|206:4044:02C9:01AC:0095|207:4044:02C9:01AF:0065|208:4044:02B9:01AB:0065|209:4044:02A9:01A8:0065
round6_phase1,0xFA,3178,0x0002,0x0003,0x0000,0x01,0x0074,0x0000,0x0000,actor_2c8,7,0x10C488,0x01,0xCE,0x00,0x00,0x1F,0x00,0x00,0x00C6,0x02C9,0x0420,0x00,0x47,0x00,210,10,210:4047:02A8:042D:00C5|211:4047:02A8:042E:00B5|212:4047:02B8:042F:00C5|213:4047:02B8:0430:00B5|214:4047:02B9:0424:00BD|215:4047:02C9:0425:00C5|216:4047:02C9:0426:00B5
round6_phase1,0xFA,3178,0x0002,0x0003,0x0000,0x01,0x0074,0x0000,0x0000,actor_2c8,8,0x10C4C8,0x01,0x1D,0x00,0x00,0x1F,0x00,0x00,0x00C6,0x02C9,0x004B,0x00,0x46,0x00,220,19,220:4046:02CA:0066:00B5|221:4046:02BA:0064:00B5|222:4046:02BA:0058:00B5|223:4046:02AA:0056:00B5|224:4046:02CA:0065:00C5|225:4046:02BA:0063:00C5|226:4046:02BA:0057:00C5|227:4046:02AA:0055:00C5
round6_phase1,0xFA,3178,0x0002,0x0003,0x0000,0x01,0x0074,0x0000,0x0000,actor_748,1,0x10C788,0x01,0x2F,0x00,0x00,0x01,0x00,0x00,0x0039,0x02C9,0x019D,0x01,0x00,0x00,47,1,47:0004:02C0:01BF:0034
round6_phase1,0xFA,3180,0x0002,0x0003,0x0000,0x01,0x0074,0x0000,0x0000,actor_2c8,4,0x10C3C8,0x01,0xDF,0x00,0x00,0x02,0x00,0x00,0x00AC,0x02C9,0x03B3,0x00,0x48,0x00,180,10,180:4048:02A9:03D6:00AD|181:4048:02A9:03D7:009D|182:4048:02B9:03D8:00AD|183:4048:02B9:03D9:009D|184:4048:02B9:03DF:00A5|185:4048:02C9:03E0:00AD|186:4048:02C9:03E1:009D
round6_phase1,0xFA,3180,0x0002,0x0003,0x0000,0x01,0x0074,0x0000,0x0000,actor_2c8,6,0x10C448,0x01,0x0D,0x00,0x00,0x0F,0x00,0x03,0x0086,0x02C9,0x0A73,0x00,0x04,0x02,200,10,200:4044:02C9:01A4:0075|201:4044:02B9:01A0:0075|202:4044:02A9:019E:0075|203:4044:02C9:01A3:0085|204:4044:02B9:019F:0085|205:4044:02A9:019D:0085|206:4044:02C9:01A2:0095|207:4044:02C9:01A5:0065|208:4044:02B9:01A1:0065
round6_phase1,0xFA,3180,0x0002,0x0003,0x0000,0x01,0x0074,0x0000,0x0000,actor_2c8,7,0x10C488,0x01,0xCE,0x00,0x00,0x1F,0x00,0x00,0x00C6,0x02C9,0x0420,0x00,0x47,0x00,210,10,210:4047:02A8:0431:00C5|211:4047:02A8:0432:00B5|212:4047:02B8:0433:00C5|213:4047:02B8:0434:00B5|214:4047:02B9:0424:00BD|215:4047:02C9:0425:00C5|216:4047:02C9:0426:00B5
round6_phase1,0xFA,3180,0x0002,0x0003,0x0000,0x01,0x0074,0x0000,0x0000,actor_2c8,8,0x10C4C8,0x01,0x1E,0x00,0x00,0x1F,0x00,0x00,0x00C6,0x02C9,0x004B,0x00,0x46,0x00,220,19,220:4046:02CA:0066:00B5|221:4046:02BA:0064:00B5|222:4046:02BA:005C:00B5|223:4046:02AA:005A:00B5|224:4046:02CA:0065:00C5|225:4046:02BA:0063:00C5|226:4046:02BA:005B:00C5|227:4046:02AA:0059:00C5
round6_phase1,0xFA,3180,0x0002,0x0003,0x0000,0x01,0x0074,0x0000,0x0000,actor_748,1,0x10C788,0x01,0x2E,0x00,0x00,0x01,0x00,0x00,0x0036,0x02CA,0x019D,0x01,0x00,0x00,47,1,47:0004:02C1:01BE:0031
round6_phase1,0xFA,3182,0x0002,0x0003,0x0000,0x01,0x0074,0x0000,0x0000,actor_2c8,4,0x10C3C8,0x01,0xDF,0x01,0x00,0x01,0x00,0x00,0x00AE,0x02C9,0x03B3,0x01,0x48,0x00,180,10,180:4048:02A9:03D6:00AB|181:4048:02A9:03D7:009B|182:4048:02B9:03D8:00AB|183:4048:02B9:03D9:009B|184:4048:02B9:03DF:00A3|185:4048:02C9:03E0:00AB|186:4048:02C9:03E1:009B
round6_phase1,0xFA,3182,0x0002,0x0003,0x0000,0x01,0x0074,0x0000,0x0000,actor_2c8,6,0x10C448,0x01,0x0D,0x00,0x00,0x0F,0x00,0x03,0x0086,0x02C9,0x0A73,0x00,0x04,0x02,200,10,200:4000:02D1:0A83:006D|201:4000:02C1:0A80:006D|202:4000:02B1:0A7D:006D|203:4000:02D1:0A82:007D|204:4000:02C1:0A7F:007D|205:4000:02B1:0A7C:007D|206:4000:02D1:0A81:008D|207:4000:02C1:0A7E:008D|208:4000:02B1:0A7B:008D
round6_phase1,0xFA,3182,0x0002,0x0003,0x0000,0x01,0x0074,0x0000,0x0000,actor_2c8,7,0x10C488,0x01,0xCF,0x00,0x00,0x1F,0x00,0x00,0x00C6,0x02C9,0x0420,0x00,0x47,0x00,210,10,210:4047:02A8:0435:00C5|211:4047:02A8:0436:00B5|212:4047:02A8:0437:00A5|213:4047:02B8:0438:00C5|214:4047:02B8:0439:00B5|215:4047:02B9:0424:00BD|216:4047:02C9:0425:00C5|217:4047:02C9:0426:00B5
round6_phase1,0xFA,3182,0x0002,0x0003,0x0000,0x01,0x0074,0x0000,0x0000,actor_2c8,8,0x10C4C8,0x01,0x1F,0x00,0x00,0x0F,0x00,0x00,0x00C6,0x02C9,0x004B,0x00,0x46,0x00,220,19,220:4046:02CA:0066:00B5|221:4046:02BA:0064:00B5|222:4046:02BA:005C:00B5|223:4046:02AA:005A:00B5|224:4046:02CA:0065:00C5|225:4046:02BA:0063:00C5|226:4046:02BA:005B:00C5|227:4046:02AA:0059:00C5
round6_phase1,0xFA,3182,0x0002,0x0003,0x0000,0x01,0x0074,0x0000,0x0000,actor_748,1,0x10C788,0x01,0x2E,0x00,0x00,0x01,0x00,0x00,0x0033,0x02CC,0x019D,0x01,0x00,0x00,47,1,47:0004:02C2:01BE:002E
round6_phase1,0xFA,3184,0x0002,0x0003,0x0000,0x01,0x0074,0x0000,0x0000,actor_2c8,4,0x10C3C8,0x01,0xDF,0x01,0x00,0x01,0x00,0x00,0x00B2,0x02C9,0x03B3,0x01,0x48,0x00,180,10,180:4048:02A9:03D6:00AF|181:4048:02A9:03D7:009F|182:4048:02B9:03D8:00AF|183:4048:02B9:03D9:009F|184:4048:02B9:03DF:00A7|185:4048:02C9:03E0:00AF|186:4048:02C9:03E1:009F
round6_phase1,0xFA,3184,0x0002,0x0003,0x0000,0x01,0x0074,0x0000,0x0000,actor_2c8,6,0x10C448,0x01,0x0C,0x00,0x00,0x0F,0x00,0x03,0x0086,0x02C9,0x0A73,0x00,0x04,0x02,200,10,200:4000:02C9:0A7A:0075|201:4000:02B9:0A78:0075|202:4000:02C9:0A79:0085|203:4000:02B9:0A77:0085
round6_phase1,0xFA,3184,0x0002,0x0003,0x0000,0x01,0x0074,0x0000,0x0000,actor_2c8,8,0x10C4C8,0x01,0x0D,0x00,0x00,0x0F,0x00,0x00,0x00C6,0x02C9,0x0A73,0x00,0x06,0x02,220,19,220:4000:02D1:0A83:00AD|221:4000:02C1:0A80:00AD|222:4000:02B1:0A7D:00AD|223:4000:02D1:0A82:00BD|224:4000:02C1:0A7F:00BD|225:4000:02B1:0A7C:00BD|226:4000:02D1:0A81:00CD|227:4000:02C1:0A7E:00CD|228:4000:02B1:0A7B:00CD
round6_phase1,0xFA,3184,0x0002,0x0003,0x0000,0x01,0x0074,0x0000,0x0000,actor_748,1,0x10C788,0x01,0x2F,0x00,0x00,0x01,0x00,0x00,0x0030,0x02CE,0x019D,0x01,0x00,0x00,47,1,47:0004:02C4:01BF:002B
round6_phase1,0xFA,3186,0x0002,0x0003,0x0000,0x01,0x0074,0x0000,0x0000,actor_2c8,4,0x10C3C8,0x01,0xDF,0x01,0x00,0x01,0x00,0x00,0x00B4,0x02C9,0x03B3,0x01,0x48,0x00,180,10,180:4048:02A9:03D6:00B3|181:4048:02A9:03D7:00A3|182:4048:02B9:03D8:00B3|183:4048:02B9:03D9:00A3|184:4048:02B9:03DF:00AB|185:4048:02C9:03E0:00B3|186:4048:02C9:03E1:00A3
round6_phase1,0xFA,3186,0x0002,0x0003,0x0000,0x01,0x0074,0x0000,0x0000,actor_2c8,6,0x10C448,0x01,0x0B,0x00,0x00,0x0F,0x00,0x03,0x0086,0x02C9,0x0A73,0x00,0x04,0x02,200,10,200:4000:02C9:0A7A:0075|201:4000:02B9:0A78:0075|202:4000:02C9:0A79:0085|203:4000:02B9:0A77:0085
round6_phase1,0xFA,3186,0x0002,0x0003,0x0000,0x01,0x0074,0x0000,0x0000,actor_2c8,8,0x10C4C8,0x01,0x0C,0x00,0x00,0x0F,0x00,0x00,0x00C6,0x02C9,0x0A73,0x00,0x06,0x02,220,19,220:4000:02D1:0A83:00AD|221:4000:02C1:0A80:00AD|222:4000:02B1:0A7D:00AD|223:4000:02D1:0A82:00BD|224:4000:02C1:0A7F:00BD|225:4000:02B1:0A7C:00BD|226:4000:02D1:0A81:00CD|227:4000:02C1:0A7E:00CD|228:4000:02B1:0A7B:00CD
round6_phase1,0xFA,3186,0x0002,0x0003,0x0000,0x01,0x0074,0x0000,0x0000,actor_748,1,0x10C788,0x01,0x2F,0x00,0x00,0x01,0x00,0x00,0x002D,0x02D0,0x019D,0x01,0x00,0x00,47,1,47:0004:02C6:01BF:0028
round6_phase1,0xFA,3188,0x0002,0x0003,0x0000,0x01,0x0074,0x0000,0x0000,actor_2c8,4,0x10C3C8,0x01,0xE0,0x01,0x00,0x01,0x00,0x00,0x00B8,0x02C9,0x03B3,0x01,0x48,0x00,180,10,180:4048:02AA:03D6:00B5|181:4048:02AA:03D7:00A5|182:4048:02BA:03D8:00B5|183:4048:02BA:03D9:00A5|184:4048:02BA:03E2:00AD|185:4048:02CA:03E3:00AC
round6_phase1,0xFA,3188,0x0002,0x0003,0x0000,0x01,0x0074,0x0000,0x0000,actor_2c8,6,0x10C448,0x01,0x0B,0x00,0x00,0x0F,0x00,0x03,0x0086,0x02C9,0x0A73,0x00,0x04,0x02,200,10,200:4000:02C9:0A76:0075|201:4000:02B9:0A74:0075|202:4000:02C9:0A75:0085|203:4000:02B9:0A73:0085
round6_phase1,0xFA,3188,0x0002,0x0003,0x0000,0x01,0x0074,0x0000,0x0000,actor_2c8,7,0x10C488,0x01,0xC9,0x00,0x00,0x1F,0x00,0x00,0x00C6,0x02C9,0x0420,0x00,0x47,0x00,210,10,210:4047:02A8:0420:00C5|211:4047:02A8:0421:00B5|212:4047:02B8:0422:00C5|213:4047:02B8:0423:00B5|214:4047:02B9:0424:00BD|215:4047:02C9:0425:00C5|216:4047:02C9:0426:00B5
round6_phase1,0xFA,3188,0x0002,0x0003,0x0000,0x01,0x0074,0x0000,0x0000,actor_2c8,8,0x10C4C8,0x01,0x0C,0x00,0x00,0x0F,0x00,0x00,0x00C6,0x02C9,0x0A73,0x00,0x06,0x02,220,19,220:4000:02C9:0A7A:00B5|221:4000:02B9:0A78:00B5|222:4000:02C9:0A79:00C5|223:4000:02B9:0A77:00C5
round6_phase1,0xFA,3188,0x0002,0x0003,0x0000,0x01,0x0074,0x0000,0x0000,actor_748,1,0x10C788,0x01,0x2E,0x00,0x00,0x01,0x00,0x00,0x002A,0x02D2,0x019D,0x01,0x00,0x00,47,1,47:0004:02C8:01BE:0025
round6_phase1,0xFA,3190,0x0002,0x0003,0x0000,0x01,0x0074,0x0000,0x0000,actor_2c8,4,0x10C3C8,0x01,0xE0,0x01,0x00,0x01,0x00,0x00,0x00BC,0x02C9,0x03B3,0x01,0x48,0x00,180,10,180:4048:02AA:03D6:00B9|181:4048:02AA:03D7:00A9|182:4048:02BA:03D8:00B9|183:4048:02BA:03D9:00A9|184:4048:02BA:03E2:00B1|185:4048:02CA:03E3:00B0
round6_phase1,0xFA,3190,0x0002,0x0003,0x0000,0x01,0x0074,0x0000,0x0000,actor_2c8,8,0x10C4C8,0x01,0x0B,0x00,0x00,0x0F,0x00,0x00,0x00C6,0x02C9,0x0A73,0x00,0x06,0x02,220,19,220:4000:02C9:0A76:00B5|221:4000:02B9:0A74:00B5|222:4000:02C9:0A75:00C5|223:4000:02B9:0A73:00C5
round6_phase1,0xFA,3190,0x0002,0x0003,0x0000,0x01,0x0074,0x0000,0x0000,actor_748,1,0x10C788,0x01,0x2E,0x00,0x00,0x01,0x00,0x00,0x0027,0x02D4,0x019D,0x01,0x00,0x00,47,1,47:0004:02CA:01BE:0022
round6_phase1,0xFA,3192,0x0002,0x0003,0x0000,0x01,0x0074,0x0000,0x0000,actor_2c8,4,0x10C3C8,0x01,0xE0,0x01,0x00,0x01,0x00,0x00,0x00BD,0x02C9,0x03B3,0x01,0x48,0x00,180,10,180:4048:02AA:03D6:00BB|181:4048:02AA:03D7:00AB|182:4048:02BA:03D8:00BB|183:4048:02BA:03D9:00AB|184:4048:02BA:03E2:00B3|185:4048:02CA:03E3:00B2
round6_phase1,0xFA,3192,0x0002,0x0003,0x0000,0x01,0x0074,0x0000,0x0000,actor_2c8,6,0x10C448,0x01,0x0D,0x00,0x00,0x0F,0x00,0x03,0x0085,0x02C9,0x0A73,0x00,0x04,0x02,200,10,200:4000:02C9:0A7A:0075|201:4000:02B9:0A78:0075|202:4000:02C9:0A79:0085|203:4000:02B9:0A77:0085
round6_phase1,0xFA,3192,0x0002,0x0003,0x0000,0x01,0x0074,0x0000,0x0000,actor_2c8,7,0x10C488,0x01,0xCC,0x01,0x00,0x01,0x00,0x00,0x00C5,0x02C9,0x0420,0x01,0x47,0x00,210,10,210:4047:02A9:0420:00C3|211:4047:02A9:0421:00B3|212:4047:02B9:0422:00C3|213:4047:02B9:0423:00B3|214:4047:02BA:0427:00BB|215:4047:02CA:0428:00BB
round6_phase1,0xFA,3192,0x0002,0x0003,0x0000,0x01,0x0074,0x0000,0x0000,actor_2c8,8,0x10C4C8,0x01,0x0C,0x00,0x00,0x0F,0x00,0x00,0x00C5,0x02C9,0x0A73,0x00,0x06,0x02,220,19,220:4000:02C9:0A76:00B5|221:4000:02B9:0A74:00B5|222:4000:02C9:0A75:00C5|223:4000:02B9:0A73:00C5
round6_phase1,0xFA,3192,0x0002,0x0003,0x0000,0x01,0x0074,0x0000,0x0000,actor_748,1,0x10C788,0x01,0x2F,0x00,0x00,0x01,0x00,0x00,0x0023,0x02D6,0x019D,0x01,0x00,0x00,47,1,47:0004:02CC:01BF:001F
round6_phase1,0xFA,3194,0x0002,0x0003,0x0000,0x01,0x0074,0x0000,0x0000,actor_2c8,4,0x10C3C8,0x01,0xE0,0x01,0x00,0x01,0x00,0x00,0x00BF,0x02C9,0x03B3,0x01,0x48,0x00,180,10,180:4048:02AA:03D6:00BD|181:4048:02AA:03D7:00AD|182:4048:02BA:03D8:00BD|183:4048:02BA:03D9:00AD|184:4048:02BA:03E2:00B5|185:4048:02CA:03E3:00B4
round6_phase1,0xFA,3194,0x0002,0x0003,0x0000,0x01,0x0074,0x0000,0x0000,actor_2c8,6,0x10C448,0x01,0x0D,0x00,0x00,0x0F,0x00,0x03,0x0083,0x02C9,0x0A73,0x00,0x04,0x02,200,10,200:4000:02D1:0A83:006B|201:4000:02C1:0A80:006B|202:4000:02B1:0A7D:006B|203:4000:02D1:0A82:007B|204:4000:02C1:0A7F:007B|205:4000:02B1:0A7C:007B|206:4000:02D1:0A81:008B|207:4000:02C1:0A7E:008B|208:4000:02B1:0A7B:008B
round6_phase1,0xFA,3194,0x0002,0x0003,0x0000,0x01,0x0074,0x0000,0x0000,actor_2c8,8,0x10C4C8,0x01,0x0C,0x00,0x00,0x0F,0x00,0x00,0x00C3,0x02C9,0x0A73,0x00,0x06,0x02,220,19,220:4000:02C9:0A7A:00B3|221:4000:02B9:0A78:00B3|222:4000:02C9:0A79:00C3|223:4000:02B9:0A77:00C3
round6_phase1,0xFA,3194,0x0002,0x0003,0x0000,0x01,0x0074,0x0000,0x0000,actor_748,1,0x10C788,0x01,0x2F,0x00,0x00,0x0F,0x00,0x00,0x001E,0x02D9,0x019D,0x01,0x00,0x00,47,1,47:0004:02CE:01BF:001A
round6_phase1,0xFA,3196,0x0002,0x0003,0x0000,0x01,0x0074,0x0000,0x0000,actor_2c8,4,0x10C3C8,0x01,0xDD,0x01,0x00,0x01,0x00,0x00,0x00BF,0x02C9,0x03B3,0x01,0x48,0x00,180,10,180:4048:02A9:03D6:00BF|181:4048:02A9:03D7:00AF|182:4048:02B9:03D8:00BF|183:4048:02B9:03D9:00AF|184:4048:02B9:03DA:00B7|185:4048:02C9:03DB:00BF|186:4048:02C9:03DC:00AF
round6_phase1,0xFA,3196,0x0002,0x0003,0x0000,0x01,0x0074,0x0000,0x0000,actor_2c8,6,0x10C448,0x01,0x0E,0x00,0x00,0x0F,0x00,0x03,0x0081,0x02C9,0x0A73,0x00,0x04,0x02,200,10,200:4000:02D1:0A8C:0069|201:4000:02C1:0A89:0069|202:4000:02B1:0A86:0069|203:4000:02D1:0A8B:0079|204:4000:02C1:0A88:0079|205:4000:02B1:0A85:0079|206:4000:02D1:0A8A:0089|207:4000:02C1:0A87:0089|208:4000:02B1:0A84:0089
round6_phase1,0xFA,3196,0x0002,0x0003,0x0000,0x01,0x0074,0x0000,0x0000,actor_2c8,8,0x10C4C8,0x01,0x0D,0x00,0x00,0x0F,0x00,0x00,0x00C1,0x02C9,0x0A73,0x00,0x06,0x02,220,19,220:4000:02D1:0A83:00A9|221:4000:02C1:0A80:00A9|222:4000:02B1:0A7D:00A9|223:4000:02D1:0A82:00B9|224:4000:02C1:0A7F:00B9|225:4000:02B1:0A7C:00B9|226:4000:02D1:0A81:00C9|227:4000:02C1:0A7E:00C9|228:4000:02B1:0A7B:00C9
round6_phase1,0xFA,3196,0x0002,0x0003,0x0000,0x01,0x0074,0x0000,0x0000,actor_748,1,0x10C788,0x01,0x2A,0x00,0x00,0x0F,0x00,0x00,0x001C,0x02D9,0x019D,0x01,0x00,0x00,47,1,47:0004:02D1:01BA:0015
round6_phase1,0xFA,3198,0x0002,0x0003,0x0000,0x01,0x0074,0x0000,0x0000,actor_2c8,6,0x10C448,0x01,0x0F,0x00,0x00,0x0F,0x00,0x03,0x007F,0x02C9,0x0A73,0x00,0x04,0x02,200,10,200:4000:02D1:0A8C:0067|201:4000:02C1:0A89:0067|202:4000:02B1:0A86:0067|203:4000:02D1:0A8B:0077|204:4000:02C1:0A88:0077|205:4000:02B1:0A85:0077|206:4000:02D1:0A8A:0087|207:4000:02C1:0A87:0087|208:4000:02B1:0A84:0087
round6_phase1,0xFA,3198,0x0002,0x0003,0x0000,0x01,0x0074,0x0000,0x0000,actor_2c8,8,0x10C4C8,0x01,0x0E,0x00,0x00,0x0F,0x00,0x00,0x00BF,0x02C9,0x0A73,0x00,0x06,0x02,220,19,220:4000:02D1:0A83:00A7|221:4000:02C1:0A80:00A7|222:4000:02B1:0A7D:00A7|223:4000:02D1:0A82:00B7|224:4000:02C1:0A7F:00B7|225:4000:02B1:0A7C:00B7|226:4000:02D1:0A81:00C7|227:4000:02C1:0A7E:00C7|228:4000:02B1:0A7B:00C7
round6_phase1,0xFA,3198,0x0002,0x0003,0x0000,0x01,0x0074,0x0000,0x0000,actor_748,1,0x10C788,0x01,0x2A,0x00,0x00,0x0F,0x00,0x00,0x001A,0x02D9,0x019D,0x01,0x00,0x00,47,1,47:0004:02D1:01BA:0013
round6_phase1,0xFA,3200,0x0002,0x0003,0x0000,0x01,0x0074,0x0000,0x0000,actor_2c8,4,0x10C3C8,0x01,0xDD,0x01,0x00,0x01,0x00,0x00,0x00C3,0x02C9,0x03B3,0x01,0x48,0x00,180,10,180:4048:02A9:03D6:00C1|181:4048:02A9:03D7:00B1|182:4048:02B9:03D8:00C1|183:4048:02B9:03D9:00B1|184:4048:02B9:03DA:00B9|185:4048:02C9:03DB:00C1|186:4048:02C9:03DC:00B1
round6_phase1,0xFA,3200,0x0002,0x0003,0x0000,0x01,0x0074,0x0000,0x0000,actor_2c8,6,0x10C448,0x01,0x0F,0x00,0x00,0x0F,0x00,0x03,0x007D,0x02C9,0x0A73,0x00,0x04,0x02,200,10,200:4000:02D1:0A94:0065|201:4000:02C1:0A91:0065|202:4000:02B1:0A8F:0065|203:4000:02D1:0A93:0075|204:4000:02B1:0A8E:0075|205:4000:02D1:0A92:0085|206:4000:02C1:0A90:0085|207:4000:02B1:0A8D:0085
round6_phase1,0xFA,3200,0x0002,0x0003,0x0000,0x01,0x0074,0x0000,0x0000,actor_2c8,8,0x10C4C8,0x01,0x0E,0x00,0x00,0x0F,0x00,0x00,0x00BD,0x02C9,0x0A73,0x00,0x06,0x02,220,19,220:4000:02D1:0A8C:00A5|221:4000:02C1:0A89:00A5|222:4000:02B1:0A86:00A5|223:4000:02D1:0A8B:00B5|224:4000:02C1:0A88:00B5|225:4000:02B1:0A85:00B5|226:4000:02D1:0A8A:00C5|227:4000:02C1:0A87:00C5|228:4000:02B1:0A84:00C5
round6_phase1,0xFA,3200,0x0002,0x0003,0x0000,0x01,0x0074,0x0000,0x0000,actor_748,1,0x10C788,0x01,0x2C,0x00,0x00,0x0F,0x00,0x00,0x0018,0x02D9,0x019D,0x01,0x00,0x00,47,1,47:0004:02D1:01BC:0011
round6_phase1,0xFA,3202,0x0002,0x0003,0x0000,0x01,0x0074,0x0000,0x0000,actor_2c8,6,0x10C448,0x01,0x10,0x00,0x00,0x0F,0x00,0x03,0x007B,0x02C9,0x0A73,0x00,0x04,0x02,200,10,200:4000:02D1:0A9D:0063|201:4000:02C1:0A9A:0063|202:4000:02B1:0A97:0063|203:4000:02D1:0A9C:0073|204:4000:02C1:0A99:0073|205:4000:02B1:0A96:0073|206:4000:02D1:0A9B:0083|207:4000:02C1:0A98:0083|208:4000:02B1:0A95:0083
round6_phase1,0xFA,3202,0x0002,0x0003,0x0000,0x01,0x0074,0x0000,0x0000,actor_2c8,8,0x10C4C8,0x01,0x0F,0x00,0x00,0x0F,0x00,0x00,0x00BB,0x02C9,0x0A73,0x00,0x06,0x02,220,19,220:4000:02D1:0A94:00A3|221:4000:02C1:0A91:00A3|222:4000:02B1:0A8F:00A3|223:4000:02D1:0A93:00B3|224:4000:02B1:0A8E:00B3|225:4000:02D1:0A92:00C3|226:4000:02C1:0A90:00C3|227:4000:02B1:0A8D:00C3
round6_phase1,0xFA,3202,0x0002,0x0003,0x0000,0x01,0x0074,0x0000,0x0000,actor_748,1,0x10C788,0x01,0x2C,0x00,0x00,0x0F,0x00,0x00,0x0016,0x02D9,0x019D,0x01,0x00,0x00,47,1,47:0004:02D1:01BC:000F
round6_phase1,0xFA,3204,0x0002,0x0003,0x0000,0x01,0x0074,0x0000,0x0000,actor_2c8,4,0x10C3C8,0x01,0xDE,0x01,0x00,0x01,0x00,0x00,0x00C5,0x02C9,0x03B3,0x01,0x48,0x00,180,10,180:4048:02AA:03D6:00C3|181:4048:02AA:03D7:00B3|182:4048:02BA:03D8:00C3|183:4048:02BA:03D9:00B3|184:4048:02BA:03DD:00BB|185:4048:02CA:03DE:00BB
round6_phase1,0xFA,3204,0x0002,0x0003,0x0000,0x01,0x0074,0x0000,0x0000,actor_2c8,6,0x10C448,0x01,0x11,0x00,0x00,0x0F,0x00,0x03,0x0079,0x02C9,0x0A73,0x00,0x04,0x02,200,10,200:4000:02D1:0A9D:0061|201:4000:02C1:0A9A:0061|202:4000:02B1:0A97:0061|203:4000:02D1:0A9C:0071|204:4000:02C1:0A99:0071|205:4000:02B1:0A96:0071|206:4000:02D1:0A9B:0081|207:4000:02C1:0A98:0081|208:4000:02B1:0A95:0081
round6_phase1,0xFA,3204,0x0002,0x0003,0x0000,0x01,0x0074,0x0000,0x0000,actor_2c8,7,0x10C488,0x01,0xCA,0x01,0x00,0x01,0x00,0x00,0x00CD,0x02C9,0x0420,0x01,0x47,0x00,210,10,210:4047:02A9:0420:00CB|211:4047:02A9:0421:00BB|212:4047:02B9:0422:00CB|213:4047:02B9:0423:00BB|214:4047:02BA:0427:00C3|215:4047:02CA:0428:00C3
round6_phase1,0xFA,3204,0x0002,0x0003,0x0000,0x01,0x0074,0x0000,0x0000,actor_2c8,8,0x10C4C8,0x01,0x10,0x00,0x00,0x0F,0x00,0x00,0x00B9,0x02C9,0x0A73,0x00,0x06,0x02,220,19,220:4000:02D1:0A94:00A1|221:4000:02C1:0A91:00A1|222:4000:02B1:0A8F:00A1|223:4000:02D1:0A93:00B1|224:4000:02B1:0A8E:00B1|225:4000:02D1:0A92:00C1|226:4000:02C1:0A90:00C1|227:4000:02B1:0A8D:00C1
round6_phase1,0xFA,3204,0x0002,0x0003,0x0000,0x01,0x0074,0x0000,0x0000,actor_748,1,0x10C788,0x01,0x2E,0x00,0x00,0x0F,0x00,0x00,0x0014,0x02D9,0x019D,0x01,0x00,0x00,47,1,47:0004:02D1:01BE:000D
round6_phase1,0xFA,3206,0x0002,0x0003,0x0000,0x01,0x0074,0x0000,0x0000,actor_2c8,4,0x10C3C8,0x01,0xDE,0x01,0x00,0x01,0x00,0x00,0x00C5,0x02C9,0x03B3,0x01,0x48,0x00,180,10,180:4048:02AA:03D6:00C5|181:4048:02AA:03D7:00B5|182:4048:02BA:03D8:00C5|183:4048:02BA:03D9:00B5|184:4048:02BA:03DD:00BD|185:4048:02CA:03DE:00BD
round6_phase1,0xFA,3206,0x0002,0x0003,0x0000,0x01,0x0074,0x0000,0x0000,actor_2c8,6,0x10C448,0x01,0x11,0x00,0x00,0x0F,0x00,0x03,0x0077,0x02C9,0x0A73,0x00,0x04,0x02,200,10,200:4000:02C9:0AA1:0067|201:4000:02B9:0A9F:0067|202:4000:02C9:0AA0:0077|203:4000:02B9:0A9E:0077
round6_phase1,0xFA,3206,0x0002,0x0003,0x0000,0x01,0x0074,0x0000,0x0000,actor_2c8,7,0x10C488,0x01,0xCA,0x01,0x00,0x01,0x00,0x00,0x00CD,0x02C9,0x0420,0x01,0x47,0x00,210,10,210:4047:02A9:0420:00CD|211:4047:02A9:0421:00BD|212:4047:02B9:0422:00CD|213:4047:02B9:0423:00BD|214:4047:02BA:0427:00C5|215:4047:02CA:0428:00C5
round6_phase1,0xFA,3206,0x0002,0x0003,0x0000,0x01,0x0074,0x0000,0x0000,actor_2c8,8,0x10C4C8,0x01,0x10,0x00,0x00,0x0F,0x00,0x00,0x00B7,0x02C9,0x0A73,0x00,0x06,0x02,220,19,220:4000:02D1:0A9D:009F|221:4000:02C1:0A9A:009F|222:4000:02B1:0A97:009F|223:4000:02D1:0A9C:00AF|224:4000:02C1:0A99:00AF|225:4000:02B1:0A96:00AF|226:4000:02D1:0A9B:00BF|227:4000:02C1:0A98:00BF|228:4000:02B1:0A95:00BF
round6_phase1,0xFA,3206,0x0002,0x0003,0x0000,0x01,0x0074,0x0000,0x0000,actor_748,1,0x10C788,0x01,0x2E,0x00,0x00,0x0F,0x00,0x00,0x0012,0x02D9,0x019D,0x01,0x00,0x00,47,1,47:0004:02D1:01BE:000B
round6_phase1,0xFA,3208,0x0002,0x0003,0x0000,0x01,0x0074,0x0000,0x0000,actor_2c8,4,0x10C3C8,0x01,0xDE,0x01,0x00,0x01,0x00,0x00,0x00C3,0x02C9,0x03B3,0x01,0x48,0x00,180,10,180:4048:02AA:03D6:00C4|181:4048:02AA:03D7:00B4|182:4048:02BA:03D8:00C4|183:4048:02BA:03D9:00B4|184:4048:02BA:03DD:00BC|185:4048:02CA:03DE:00BC
round6_phase1,0xFA,3208,0x0002,0x0003,0x0000,0x01,0x0074,0x0000,0x0000,actor_2c8,6,0x10C448,0x01,0x12,0x00,0x00,0x0F,0x00,0x03,0x0073,0x02C9,0x0A73,0x00,0x04,0x02,200,10,200:4000:02C1:0AA2:006C
round6_phase1,0xFA,3208,0x0002,0x0003,0x0000,0x01,0x0074,0x0000,0x0000,actor_2c8,7,0x10C488,0x01,0xCA,0x00,0x00,0x02,0x00,0x00,0x00C5,0x02C9,0x0420,0x00,0x47,0x00,210,10,210:4047:02A9:0420:00C8|211:4047:02A9:0421:00B8|212:4047:02B9:0422:00C8|213:4047:02B9:0423:00B8|214:4047:02BA:0427:00C0|215:4047:02CA:0428:00C0
round6_phase1,0xFA,3208,0x0002,0x0003,0x0000,0x01,0x0074,0x0000,0x0000,actor_2c8,8,0x10C4C8,0x01,0x11,0x00,0x00,0x0F,0x00,0x00,0x00B3,0x02C9,0x0A73,0x00,0x06,0x02,220,19,220:4000:02C9:0AA1:00A4|221:4000:02B9:0A9F:00A4|222:4000:02C9:0AA0:00B4|223:4000:02B9:0A9E:00B4
round6_phase1,0xFA,3210,0x0002,0x0003,0x0000,0x01,0x0074,0x0000,0x0000,actor_2c8,4,0x10C3C8,0x01,0xDE,0x01,0x00,0x01,0x00,0x00,0x00C1,0x02C9,0x03B3,0x01,0x48,0x00,180,10,180:4048:02AA:03D6:00C2|181:4048:02AA:03D7:00B2|182:4048:02BA:03D8:00C2|183:4048:02BA:03D9:00B2|184:4048:02BA:03DD:00BA|185:4048:02CA:03DE:00BA
round6_phase1,0xFA,3210,0x0002,0x0003,0x0000,0x01,0x0074,0x0000,0x0000,actor_2c8,6,0x10C448,0x01,0x18,0x00,0x00,0x0F,0x00,0x03,0x006F,0x01C9,0x0A5A,0x00,0x04,0x02,200,10,200:4000:02C1:0AA2:0068
round6_phase1,0xFA,3210,0x0002,0x0003,0x0000,0x01,0x0074,0x0000,0x0000,actor_2c8,7,0x10C488,0x01,0xCA,0x00,0x00,0x02,0x00,0x00,0x00BD,0x02C9,0x0420,0x00,0x47,0x00,210,10,210:4047:02A9:0420:00C0|211:4047:02A9:0421:00B0|212:4047:02B9:0422:00C0|213:4047:02B9:0423:00B0|214:4047:02BA:0427:00B8|215:4047:02CA:0428:00B8
round6_phase1,0xFA,3210,0x0002,0x0003,0x0000,0x01,0x0074,0x0000,0x0000,actor_2c8,8,0x10C4C8,0x01,0x12,0x00,0x00,0x0F,0x00,0x00,0x00AF,0x02C9,0x0A73,0x00,0x06,0x02,220,19,220:4000:02C9:0AA1:00A0|221:4000:02B9:0A9F:00A0|222:4000:02C9:0AA0:00B0|223:4000:02B9:0A9E:00B0
round6_phase1,0xFA,3212,0x0002,0x0003,0x0000,0x01,0x0074,0x0000,0x0000,actor_2c8,4,0x10C3C8,0x01,0xDF,0x01,0x00,0x01,0x00,0x00,0x00BF,0x02C9,0x03B3,0x01,0x48,0x00,180,10,180:4048:02A9:03D6:00C0|181:4048:02A9:03D7:00B0|182:4048:02B9:03D8:00C0|183:4048:02B9:03D9:00B0|184:4048:02B9:03DF:00B8|185:4048:02C9:03E0:00C0|186:4048:02C9:03E1:00B0
round6_phase1,0xFA,3212,0x0002,0x0003,0x0000,0x01,0x0074,0x0000,0x0000,actor_2c8,6,0x10C448,0x01,0x18,0x00,0x00,0x0F,0x00,0x03,0x006B,0x01C9,0x0A5A,0x00,0x04,0x02,200,10,200:4000:01C1:0A5F:0064
round6_phase1,0xFA,3212,0x0002,0x0003,0x0000,0x01,0x0074,0x0000,0x0000,actor_2c8,7,0x10C488,0x01,0xCB,0x00,0x00,0x02,0x00,0x00,0x00B7,0x02C9,0x0420,0x00,0x47,0x00,210,10,210:4047:02A8:0420:00BA|211:4047:02A8:0421:00AA|212:4047:02B8:0422:00BA|213:4047:02B8:0423:00AA|214:4047:02B9:0429:00B2|215:4047:02C9:042A:00B2
round6_phase1,0xFA,3212,0x0002,0x0003,0x0000,0x01,0x0074,0x0000,0x0000,actor_2c8,8,0x10C4C8,0x01,0x12,0x00,0x00,0x0F,0x00,0x00,0x00AB,0x02C9,0x0A73,0x00,0x06,0x02,220,19,220:4000:02C1:0AA2:00A4
round6_phase1,0xFA,3214,0x0002,0x0003,0x0000,0x01,0x0074,0x0000,0x0000,actor_2c8,4,0x10C3C8,0x01,0xDF,0x01,0x00,0x01,0x00,0x00,0x00BF,0x02C9,0x03B3,0x01,0x48,0x00,180,10,180:4048:02A9:03D6:00BF|181:4048:02A9:03D7:00AF|182:4048:02B9:03D8:00BF|183:4048:02B9:03D9:00AF|184:4048:02B9:03DF:00B7|185:4048:02C9:03E0:00BF|186:4048:02C9:03E1:00AF
round6_phase1,0xFA,3214,0x0002,0x0003,0x0000,0x01,0x0074,0x0000,0x0000,actor_2c8,7,0x10C488,0x01,0xCB,0x00,0x00,0x02,0x00,0x00,0x00B1,0x02C9,0x0420,0x00,0x47,0x00,210,10,210:4047:02A8:0420:00B3|211:4047:02A8:0421:00A3|212:4047:02B8:0422:00B3|213:4047:02B8:0423:00A3|214:4047:02B9:0429:00AB|215:4047:02C9:042A:00AB
round6_phase1,0xFA,3216,0x0002,0x0003,0x0000,0x01,0x0074,0x0000,0x0000,actor_2c8,4,0x10C3C8,0x01,0xE2,0x01,0x00,0x05,0x00,0x00,0x00BD,0x02C6,0x03B3,0x00,0x48,0x00,180,10,180:4048:02A9:03D6:00BD|181:4048:02A9:03D7:00AD|182:4048:02B9:03D8:00BD|183:4048:02B9:03D9:00AD|184:4048:02B9:03DF:00B5|185:4048:02C9:03E0:00BD|186:4048:02C9:03E1:00AD
round6_phase1,0xFA,3216,0x0002,0x0003,0x0000,0x01,0x0074,0x0000,0x0000,actor_2c8,7,0x10C488,0x01,0xCB,0x00,0x00,0x02,0x00,0x00,0x00AD,0x02C9,0x0420,0x00,0x47,0x00,210,10,210:4047:02A8:0420:00AD|211:4047:02A8:0421:009D|212:4047:02B8:0422:00AD|213:4047:02B8:0423:009D|214:4047:02B9:0429:00A5|215:4047:02C9:042A:00A5
round6_phase1,0xFA,3218,0x0002,0x0003,0x0000,0x01,0x0074,0x0000,0x0000,actor_2c8,4,0x10C3C8,0x01,0xE2,0x01,0x00,0x05,0x00,0x00,0x00BC,0x02C2,0x03B3,0x00,0x48,0x00,180,10,180:0048:02A6:03D6:00AC|181:0048:02A6:03D7:00BC|182:0048:02B6:03D8:00AC|183:0048:02B6:03D9:00BC|184:0048:02BC:03E7:00B4|185:0048:02BC:03E8:00C4|186:0048:02CC:03E9:00B4
round6_phase1,0xFA,3218,0x0002,0x0003,0x0000,0x01,0x0074,0x0000,0x0000,actor_2c8,7,0x10C488,0x01,0xC9,0x00,0x00,0x1F,0x00,0x00,0x00AB,0x02C9,0x0420,0x00,0x47,0x00,210,10,210:4047:02A8:0420:00AB|211:4047:02A8:0421:009B|212:4047:02B8:0422:00AB|213:4047:02B8:0423:009B|214:4047:02B9:0424:00A3|215:4047:02C9:0425:00AB|216:4047:02C9:0426:009B
round6_phase1,0xFA,3220,0x0002,0x0003,0x0000,0x01,0x0074,0x0000,0x0000,actor_2c8,4,0x10C3C8,0x01,0xE2,0x01,0x00,0x05,0x00,0x00,0x00BB,0x02BF,0x03B3,0x00,0x48,0x00,180,10,180:0048:02A2:03D6:00AB|181:0048:02A2:03D7:00BB|182:0048:02B2:03D8:00AB|183:0048:02B2:03D9:00BB|184:0048:02B8:03E7:00B3|185:0048:02B8:03E8:00C3|186:0048:02C8:03E9:00B3
round6_phase1,0xFA,3220,0x0002,0x0003,0x0000,0x01,0x0074,0x0000,0x0000,actor_2c8,7,0x10C488,0x01,0xCD,0x00,0x00,0x1F,0x00,0x00,0x00A9,0x02C9,0x0420,0x00,0x47,0x00,210,10,210:4047:02A8:0420:00A9|211:4047:02A8:0421:0099|212:4047:02B8:0422:00A9|213:4047:02B8:0423:0099|214:4047:02B9:0424:00A1|215:4047:02C9:0425:00A9|216:4047:02C9:0426:0099
round6_phase1,0xFA,3222,0x0002,0x0003,0x0000,0x01,0x0074,0x0000,0x0000,actor_2c8,4,0x10C3C8,0x01,0xE2,0x01,0x00,0x05,0x00,0x00,0x00BA,0x02BC,0x03B3,0x00,0x48,0x00,180,10,180:0048:029F:03D6:00AA|181:0048:029F:03D7:00BA|182:0048:02AF:03D8:00AA|183:0048:02AF:03D9:00BA|184:0048:02B5:03E7:00B2|185:0048:02B5:03E8:00C2|186:0048:02C5:03E9:00B2
round6_phase1,0xFA,3222,0x0002,0x0003,0x0000,0x01,0x0074,0x0000,0x0000,actor_2c8,7,0x10C488,0x01,0xCD,0x00,0x00,0x1F,0x00,0x00,0x00A7,0x02C9,0x0420,0x00,0x47,0x00,210,10,210:4047:02A8:042D:00A7|211:4047:02A8:042E:0097|212:4047:02B8:042F:00A7|213:4047:02B8:0430:0097|214:4047:02B9:0424:009F|215:4047:02C9:0425:00A7|216:4047:02C9:0426:0097
round6_phase1,0xFA,3224,0x0002,0x0003,0x0000,0x01,0x0074,0x0000,0x0000,actor_2c8,4,0x10C3C8,0x01,0xE2,0x01,0x00,0x05,0x00,0x00,0x00BA,0x02B9,0x03B3,0x00,0x48,0x00,180,10,180:0048:029C:03D6:00A9|181:0048:029C:03D7:00B9|182:0048:02AC:03D8:00A9|183:0048:02AC:03D9:00B9|184:0048:02B2:03E7:00B1|185:0048:02B2:03E8:00C1|186:0048:02C2:03E9:00B1
round6_phase1,0xFA,3224,0x0002,0x0003,0x0000,0x01,0x0074,0x0000,0x0000,actor_2c8,7,0x10C488,0x01,0xCE,0x00,0x00,0x1F,0x00,0x00,0x00A5,0x02C9,0x0420,0x00,0x47,0x00,210,10,210:4047:02A8:0431:00A5|211:4047:02A8:0432:0095|212:4047:02B8:0433:00A5|213:4047:02B8:0434:0095|214:4047:02B9:0424:009D|215:4047:02C9:0425:00A5|216:4047:02C9:0426:0095
round6_phase1,0xFA,3226,0x0002,0x0003,0x0000,0x01,0x0074,0x0000,0x0000,actor_2c8,4,0x10C3C8,0x01,0xE2,0x01,0x00,0x05,0x00,0x00,0x00BC,0x02B6,0x03B3,0x00,0x48,0x00,180,10,180:0048:0299:03D6:00AA|181:0048:0299:03D7:00BA|182:0048:02A9:03D8:00AA|183:0048:02A9:03D9:00BA|184:0048:02AF:03E7:00B2|185:0048:02AF:03E8:00C2|186:0048:02BF:03E9:00B2
round6_phase1,0xFA,3226,0x0002,0x0003,0x0000,0x01,0x0074,0x0000,0x0000,actor_2c8,7,0x10C488,0x01,0xCF,0x00,0x00,0x1F,0x00,0x00,0x00A5,0x02C9,0x0420,0x00,0x47,0x00,210,10,210:4047:02A8:0431:00A4|211:4047:02A8:0432:0094|212:4047:02B8:0433:00A4|213:4047:02B8:0434:0094|214:4047:02B9:0424:009C|215:4047:02C9:0425:00A4|216:4047:02C9:0426:0094
round6_phase1,0xFA,3228,0x0002,0x0003,0x0000,0x01,0x0074,0x0000,0x0000,actor_2c8,4,0x10C3C8,0x01,0xE2,0x01,0x00,0x05,0x00,0x00,0x00BD,0x02B3,0x03B3,0x00,0x48,0x00,180,10,180:0048:0296:03D6:00AB|181:0048:0296:03D7:00BB|182:0048:02A6:03D8:00AB|183:0048:02A6:03D9:00BB|184:0048:02AC:03E7:00B3|185:0048:02AC:03E8:00C3|186:0048:02BC:03E9:00B3
round6_phase1,0xFA,3228,0x0002,0x0003,0x0000,0x01,0x0074,0x0000,0x0000,actor_2c8,7,0x10C488,0x01,0xCF,0x00,0x00,0x1F,0x00,0x00,0x00A3,0x02C9,0x0420,0x00,0x47,0x00,210,10,210:4047:02A8:0435:00A3|211:4047:02A8:0436:0093|212:4047:02A8:0437:0083|213:4047:02B8:0438:00A3|214:4047:02B8:0439:0093|215:4047:02B9:0424:009B|216:4047:02C9:0425:00A3|217:4047:02C9:0426:0093
round6_phase1,0xFA,3230,0x0002,0x0003,0x0000,0x01,0x0074,0x0000,0x0000,actor_2c8,4,0x10C3C8,0x01,0xE2,0x01,0x00,0x05,0x00,0x00,0x00C0,0x02B0,0x03B3,0x00,0x48,0x00,180,10,180:0048:0293:03D6:00AD|181:0048:0293:03D7:00BD|182:0048:02A3:03D8:00AD|183:0048:02A3:03D9:00BD|184:0048:02A9:03E7:00B5|185:0048:02A9:03E8:00C5|186:0048:02B9:03E9:00B5
round6_phase1,0xFA,3230,0x0002,0x0003,0x0000,0x01,0x0074,0x0000,0x0000,actor_2c8,7,0x10C488,0x01,0xCF,0x00,0x00,0x1F,0x00,0x00,0x00A3,0x02C9,0x0420,0x00,0x47,0x00,210,10,210:4047:02A8:0435:00A2|211:4047:02A8:0436:0092|212:4047:02A8:0437:0082|213:4047:02B8:0438:00A2|214:4047:02B8:0439:0092|215:4047:02B9:0424:009A|216:4047:02C9:0425:00A2|217:4047:02C9:0426:0092
round6_phase1,0xFA,3232,0x0002,0x0003,0x0000,0x01,0x0074,0x0000,0x0000,actor_2c8,4,0x10C3C8,0x01,0xE2,0x01,0x00,0x05,0x00,0x00,0x00C3,0x02AE,0x03B3,0x00,0x48,0x00,180,10,180:0048:0290:03D6:00B0|181:0048:0290:03D7:00C0|182:0048:02A0:03D8:00B0|183:0048:02A0:03D9:00C0|184:0048:02A6:03E7:00B8|185:0048:02A6:03E8:00C8|186:0048:02B6:03E9:00B8
round6_phase1,0xFA,3232,0x0002,0x0003,0x0000,0x01,0x0074,0x0000,0x0000,actor_2c8,7,0x10C488,0x01,0x0D,0x00,0x00,0x0F,0x00,0x00,0x00A3,0x02C9,0x0A73,0x00,0x07,0x02,210,10,210:4047:02A8:0435:00A2|211:4047:02A8:0436:0092|212:4047:02A8:0437:0082|213:4047:02B8:0438:00A2|214:4047:02B8:0439:0092|215:4047:02B9:0424:009A|216:4047:02C9:0425:00A2|217:4047:02C9:0426:0092
round6_phase1,0xFA,3234,0x0002,0x0003,0x0000,0x01,0x0074,0x0000,0x0000,actor_2c8,4,0x10C3C8,0x01,0xE2,0x01,0x00,0x05,0x00,0x00,0x00C6,0x02AC,0x03B3,0x00,0x48,0x00,180,10,180:0048:028E:03D6:00B3|181:0048:028E:03D7:00C3|182:0048:029E:03D8:00B3|183:0048:029E:03D9:00C3|184:0048:02A4:03E7:00BB|185:0048:02A4:03E8:00CB|186:0048:02B4:03E9:00BB
round6_phase1,0xFA,3234,0x0002,0x0003,0x0000,0x01,0x0074,0x0000,0x0000,actor_2c8,7,0x10C488,0x01,0x0D,0x00,0x00,0x0F,0x00,0x00,0x00A3,0x02C9,0x0A73,0x00,0x07,0x02,210,10,210:4000:02D1:0A83:008A|211:4000:02C1:0A80:008A|212:4000:02B1:0A7D:008A|213:4000:02D1:0A82:009A|214:4000:02C1:0A7F:009A|215:4000:02B1:0A7C:009A|216:4000:02D1:0A81:00AA|217:4000:02C1:0A7E:00AA|218:4000:02B1:0A7B:00AA
round6_phase1,0xFA,3236,0x0002,0x0003,0x0000,0x01,0x0074,0x0000,0x0000,actor_2c8,4,0x10C3C8,0x01,0xE2,0x01,0x00,0x05,0x00,0x00,0x00C9,0x02AB,0x03B3,0x00,0x48,0x00,180,10,180:0048:028C:03D6:00B6|181:0048:028C:03D7:00C6|182:0048:029C:03D8:00B6|183:0048:029C:03D9:00C6|184:0048:02A2:03E7:00BE|185:0048:02A2:03E8:00CE|186:0048:02B2:03E9:00BE
round6_phase1,0xFA,3236,0x0002,0x0003,0x0000,0x01,0x0074,0x0000,0x0000,actor_2c8,7,0x10C488,0x01,0x0C,0x00,0x00,0x0F,0x00,0x00,0x00A3,0x02C9,0x0A73,0x00,0x07,0x02,210,10,210:4000:02C9:0A7A:0092|211:4000:02B9:0A78:0092|212:4000:02C9:0A79:00A2|213:4000:02B9:0A77:00A2
round6_phase1,0xFA,3238,0x0002,0x0003,0x0000,0x01,0x0074,0x0000,0x0000,actor_2c8,4,0x10C3C8,0x01,0x0D,0x01,0x00,0x0F,0x00,0x00,0x00C9,0x02AB,0x0A73,0x00,0x08,0x02,180,10,180:0048:028B:03D6:00B9|181:0048:028B:03D7:00C9|182:0048:029B:03D8:00B9|183:0048:029B:03D9:00C9|184:0048:02A1:03E7:00C1|185:0048:02A1:03E8:00D1|186:0048:02B1:03E9:00C1
round6_phase1,0xFA,3238,0x0002,0x0003,0x0000,0x01,0x0074,0x0000,0x0000,actor_2c8,7,0x10C488,0x01,0x0B,0x00,0x00,0x0F,0x00,0x00,0x00A3,0x02C9,0x0A73,0x00,0x07,0x02,210,10,210:4000:02C9:0A7A:0092|211:4000:02B9:0A78:0092|212:4000:02C9:0A79:00A2|213:4000:02B9:0A77:00A2
round6_phase1,0xFA,3240,0x0002,0x0003,0x0000,0x01,0x0074,0x0000,0x0000,actor_2c8,4,0x10C3C8,0x01,0x0D,0x01,0x00,0x0F,0x00,0x00,0x00C9,0x02AB,0x0A73,0x00,0x08,0x02,180,10,180:0000:02B3:0A83:00D1|181:0000:02A3:0A80:00D1|182:0000:0293:0A7D:00D1|183:0000:02B3:0A82:00C1|184:0000:02A3:0A7F:00C1|185:0000:0293:0A7C:00C1|186:0000:02B3:0A81:00B1|187:0000:02A3:0A7E:00B1|188:0000:0293:0A7B:00B1
round6_phase1,0xFA,3240,0x0002,0x0003,0x0000,0x01,0x0074,0x0000,0x0000,actor_2c8,7,0x10C488,0x01,0x0B,0x00,0x00,0x0F,0x00,0x00,0x00A3,0x02C9,0x0A73,0x00,0x07,0x02,210,10,210:4000:02C9:0A76:0092|211:4000:02B9:0A74:0092|212:4000:02C9:0A75:00A2|213:4000:02B9:0A73:00A2
round6_phase1,0xFA,3242,0x0002,0x0003,0x0000,0x01,0x0074,0x0000,0x0000,actor_2c8,4,0x10C3C8,0x01,0x0C,0x01,0x00,0x0F,0x00,0x00,0x00C9,0x02AB,0x0A73,0x00,0x08,0x02,180,10,180:0000:02AB:0A7A:00C9|181:0000:029B:0A78:00C9|182:0000:02AB:0A79:00B9|183:0000:029B:0A77:00B9
round6_phase1,0xFA,3244,0x0002,0x0003,0x0000,0x01,0x0074,0x0000,0x0000,actor_2c8,4,0x10C3C8,0x01,0x0B,0x01,0x00,0x0F,0x00,0x00,0x00C9,0x02AB,0x0A73,0x00,0x08,0x02,180,10,180:0000:02AB:0A7A:00C9|181:0000:029B:0A78:00C9|182:0000:02AB:0A79:00B9|183:0000:029B:0A77:00B9
round6_phase1,0xFA,3244,0x0002,0x0003,0x0000,0x01,0x0074,0x0000,0x0000,actor_2c8,7,0x10C488,0x01,0x0D,0x00,0x00,0x0F,0x00,0x00,0x00A3,0x02C9,0x0A73,0x00,0x07,0x02,210,10,210:4000:02C9:0A7A:0092|211:4000:02B9:0A78:0092|212:4000:02C9:0A79:00A2|213:4000:02B9:0A77:00A2
round6_phase1,0xFA,3246,0x0002,0x0003,0x0000,0x01,0x0074,0x0000,0x0000,actor_2c8,4,0x10C3C8,0x01,0x0B,0x01,0x00,0x0F,0x00,0x00,0x00C9,0x02AB,0x0A73,0x00,0x08,0x02,180,10,180:0000:02AB:0A76:00C9|181:0000:029B:0A74:00C9|182:0000:02AB:0A75:00B9|183:0000:029B:0A73:00B9
round6_phase1,0xFA,3248,0x0002,0x0003,0x0000,0x01,0x0074,0x0000,0x0000,actor_2c8,7,0x10C488,0x01,0x0E,0x00,0x00,0x0F,0x00,0x00,0x00A3,0x02C9,0x0A73,0x00,0x07,0x02,210,10,210:4000:02D1:0A8C:008A|211:4000:02C1:0A89:008A|212:4000:02B1:0A86:008A|213:4000:02D1:0A8B:009A|214:4000:02C1:0A88:009A|215:4000:02B1:0A85:009A|216:4000:02D1:0A8A:00AA|217:4000:02C1:0A87:00AA|218:4000:02B1:0A84:00AA
round6_phase1,0xFA,3250,0x0002,0x0003,0x0000,0x01,0x0074,0x0000,0x0000,actor_2c8,4,0x10C3C8,0x01,0x0D,0x01,0x00,0x0F,0x00,0x00,0x00C9,0x02AB,0x0A73,0x00,0x08,0x02,180,10,180:0000:02AB:0A7A:00C9|181:0000:029B:0A78:00C9|182:0000:02AB:0A79:00B9|183:0000:029B:0A77:00B9
round6_phase1,0xFA,3250,0x0002,0x0003,0x0000,0x01,0x0074,0x0000,0x0000,actor_2c8,7,0x10C488,0x01,0x0F,0x00,0x00,0x0F,0x00,0x00,0x00A3,0x02C9,0x0A73,0x00,0x07,0x02,210,10,210:4000:02D1:0A8C:008A|211:4000:02C1:0A89:008A|212:4000:02B1:0A86:008A|213:4000:02D1:0A8B:009A|214:4000:02C1:0A88:009A|215:4000:02B1:0A85:009A|216:4000:02D1:0A8A:00AA|217:4000:02C1:0A87:00AA|218:4000:02B1:0A84:00AA
round6_phase1,0xFA,3252,0x0002,0x0003,0x0000,0x01,0x0074,0x0000,0x0000,actor_2c8,7,0x10C488,0x01,0x0F,0x00,0x00,0x0F,0x00,0x00,0x00A2,0x02C9,0x0A73,0x00,0x07,0x02,210,10,210:4000:02D1:0A94:008A|211:4000:02C1:0A91:008A|212:4000:02B1:0A8F:008A|213:4000:02D1:0A93:009A|214:4000:02B1:0A8E:009A|215:4000:02D1:0A92:00AA|216:4000:02C1:0A90:00AA|217:4000:02B1:0A8D:00AA
round6_phase1,0xFA,3254,0x0002,0x0003,0x0000,0x01,0x0074,0x0000,0x0000,actor_2c8,4,0x10C3C8,0x01,0x0E,0x01,0x00,0x0F,0x00,0x00,0x00C6,0x02AB,0x0A73,0x00,0x08,0x02,180,10,180:0000:02B3:0A8C:00CF|181:0000:02A3:0A89:00CF|182:0000:0293:0A86:00CF|183:0000:02B3:0A8B:00BF|184:0000:02A3:0A88:00BF|185:0000:0293:0A85:00BF|186:0000:02B3:0A8A:00AF|187:0000:02A3:0A87:00AF|188:0000:0293:0A84:00AF
round6_phase1,0xFA,3254,0x0002,0x0003,0x0000,0x01,0x0074,0x0000,0x0000,actor_2c8,7,0x10C488,0x01,0x10,0x00,0x00,0x0F,0x00,0x00,0x00A0,0x02C9,0x0A73,0x00,0x07,0x02,210,10,210:4000:02D1:0A9D:0088|211:4000:02C1:0A9A:0088|212:4000:02B1:0A97:0088|213:4000:02D1:0A9C:0098|214:4000:02C1:0A99:0098|215:4000:02B1:0A96:0098|216:4000:02D1:0A9B:00A8|217:4000:02C1:0A98:00A8|218:4000:02B1:0A95:00A8
round6_phase1,0xFA,3256,0x0002,0x0003,0x0000,0x01,0x0074,0x0000,0x0000,actor_2c8,4,0x10C3C8,0x01,0x0F,0x01,0x00,0x0F,0x00,0x00,0x00C4,0x02AB,0x0A73,0x00,0x08,0x02,180,10,180:0000:02B3:0A8C:00CD|181:0000:02A3:0A89:00CD|182:0000:0293:0A86:00CD|183:0000:02B3:0A8B:00BD|184:0000:02A3:0A88:00BD|185:0000:0293:0A85:00BD|186:0000:02B3:0A8A:00AD|187:0000:02A3:0A87:00AD|188:0000:0293:0A84:00AD
round6_phase1,0xFA,3256,0x0002,0x0003,0x0000,0x01,0x0074,0x0000,0x0000,actor_2c8,7,0x10C488,0x01,0x11,0x00,0x00,0x0F,0x00,0x00,0x009E,0x02C9,0x0A73,0x00,0x07,0x02,210,10,210:4000:02D1:0A9D:0086|211:4000:02C1:0A9A:0086|212:4000:02B1:0A97:0086|213:4000:02D1:0A9C:0096|214:4000:02C1:0A99:0096|215:4000:02B1:0A96:0096|216:4000:02D1:0A9B:00A6|217:4000:02C1:0A98:00A6|218:4000:02B1:0A95:00A6
round6_phase1,0xFA,3258,0x0002,0x0003,0x0000,0x01,0x0074,0x0000,0x0000,actor_2c8,4,0x10C3C8,0x01,0x0F,0x01,0x00,0x0F,0x00,0x00,0x00C2,0x02AB,0x0A73,0x00,0x08,0x02,180,10,180:0000:02B3:0A94:00CB|181:0000:02A3:0A91:00CB|182:0000:0293:0A8F:00CB|183:0000:02B3:0A93:00BB|184:0000:0293:0A8E:00BB|185:0000:02B3:0A92:00AB|186:0000:02A3:0A90:00AB|187:0000:0293:0A8D:00AB
round6_phase1,0xFA,3258,0x0002,0x0003,0x0000,0x01,0x0074,0x0000,0x0000,actor_2c8,7,0x10C488,0x01,0x11,0x00,0x00,0x0F,0x00,0x00,0x009C,0x02C9,0x0A73,0x00,0x07,0x02,210,10,210:4000:02C9:0AA1:008C|211:4000:02B9:0A9F:008C|212:4000:02C9:0AA0:009C|213:4000:02B9:0A9E:009C
round6_phase1,0xFA,3260,0x0002,0x0003,0x0000,0x01,0x0074,0x0000,0x0000,actor_2c8,4,0x10C3C8,0x01,0x10,0x01,0x00,0x0F,0x00,0x00,0x00C0,0x02AB,0x0A73,0x00,0x08,0x02,180,10,180:0000:02B3:0A9D:00C9|181:0000:02A3:0A9A:00C9|182:0000:0293:0A97:00C9|183:0000:02B3:0A9C:00B9|184:0000:02A3:0A99:00B9|185:0000:0293:0A96:00B9|186:0000:02B3:0A9B:00A9|187:0000:02A3:0A98:00A9|188:0000:0293:0A95:00A9
round6_phase1,0xFA,3260,0x0002,0x0003,0x0000,0x01,0x0074,0x0000,0x0000,actor_2c8,7,0x10C488,0x01,0x12,0x00,0x00,0x0F,0x00,0x00,0x009A,0x02C9,0x0A73,0x00,0x07,0x02,210,10,210:4000:02C1:0AA2:0092
round6_phase1,0xFA,3262,0x0002,0x0003,0x0000,0x01,0x0074,0x0000,0x0000,actor_2c8,4,0x10C3C8,0x01,0x11,0x01,0x00,0x0F,0x00,0x00,0x00BE,0x02AB,0x0A73,0x00,0x08,0x02,180,10,180:0000:02B3:0A9D:00C7|181:0000:02A3:0A9A:00C7|182:0000:0293:0A97:00C7|183:0000:02B3:0A9C:00B7|184:0000:02A3:0A99:00B7|185:0000:0293:0A96:00B7|186:0000:02B3:0A9B:00A7|187:0000:02A3:0A98:00A7|188:0000:0293:0A95:00A7
round6_phase1,0xFA,3264,0x0002,0x0003,0x0000,0x01,0x0074,0x0000,0x0000,actor_2c8,4,0x10C3C8,0x01,0x11,0x01,0x00,0x0F,0x00,0x00,0x00BC,0x02AB,0x0A73,0x00,0x08,0x02,180,10,180:0000:02AB:0AA1:00BD|181:0000:029B:0A9F:00BD|182:0000:02AB:0AA0:00AD|183:0000:029B:0A9E:00AD
round6_phase1,0xFA,3266,0x0002,0x0003,0x0000,0x01,0x0074,0x0000,0x0000,actor_2c8,4,0x10C3C8,0x01,0x12,0x01,0x00,0x0F,0x00,0x00,0x00BA,0x02AB,0x0A73,0x00,0x08,0x02,180,10,180:0000:02A3:0AA2:00B3
round6_phase1,0xFA,3268,0x0002,0x0003,0x0000,0x01,0x0074,0x0000,0x0000,actor_2c8,4,0x10C3C8,0x01,0x19,0x01,0x00,0x0F,0x00,0x00,0x00B6,0x01AB,0x0A5A,0x00,0x08,0x02,180,10,180:0000:02A3:0AA2:00B0
round6_phase1,0xFA,3270,0x0002,0x0003,0x0000,0x01,0x0074,0x0000,0x0000,actor_2c8,4,0x10C3C8,0x01,0x19,0x01,0x00,0x0F,0x00,0x00,0x00B2,0x01AB,0x0A5A,0x00,0x08,0x02,180,10,180:0000:01A3:0A60:00AC
round6_phase1,0xFA,3306,0x0002,0x0003,0x0000,0x01,0x0074,0x0000,0x0000,actor_2c8,5,0x10C408,0x01,0x61,0x01,0x00,0x01,0x00,0x00,0x0201,0x02C9,0x02E8,0x00,0x4A,0x00,190,10,190:004A:02C9:02F6:01FA|191:004A:02B9:02F4:01FA|192:004A:02C9:02F5:01EA|193:004A:02B6:02EC:01FA|194:004A:02A6:02E9:01FA|195:004A:02B6:02EB:01EA|196:004A:02A6:02E8:01EA|197:004A:02B6:02ED:020A|198:004A:02A6:02EA:020A
round6_phase1,0xFA,3308,0x0002,0x0003,0x0000,0x01,0x0074,0x0000,0x0000,actor_2c8,5,0x10C408,0x01,0x62,0x01,0x00,0x01,0x00,0x00,0x0203,0x02C9,0x02E8,0x00,0x4A,0x00,190,10,190:004A:02C9:02F8:01F8|191:004A:02B9:02F7:01F8|192:004A:02B6:02EC:01FC|193:004A:02A6:02E9:01FC|194:004A:02B6:02EB:01EC|195:004A:02A6:02E8:01EC|196:004A:02B6:02ED:020C|197:004A:02A6:02EA:020C
round6_phase1,0xFA,3310,0x0002,0x0003,0x0000,0x01,0x0074,0x0000,0x0000,actor_2c8,5,0x10C408,0x01,0x62,0x01,0x00,0x01,0x00,0x00,0x0205,0x02C9,0x02E8,0x00,0x4A,0x00,190,10,190:004A:02C9:02F8:01FA|191:004A:02B9:02F7:01FA|192:004A:02B6:02EC:01FE|193:004A:02A6:02E9:01FE|194:004A:02B6:02EB:01EE|195:004A:02A6:02E8:01EE|196:004A:02B6:02ED:020E|197:004A:02A6:02EA:020E
round6_phase1,0xFA,3312,0x0002,0x0003,0x0000,0x01,0x0074,0x0000,0x0000,actor_2c8,5,0x10C408,0x01,0x62,0x01,0x00,0x01,0x00,0x00,0x0207,0x02C9,0x02E8,0x00,0x4A,0x00,190,10,190:004A:02C9:02F8:01FC|191:004A:02B9:02F7:01FC|192:004A:02B6:02EC:0200|193:004A:02A6:02E9:0200|194:004A:02B6:02EB:01F0|195:004A:02A6:02E8:01F0|196:004A:02B6:02ED:0210|197:004A:02A6:02EA:0210
round6_phase1,0xFA,3316,0x0002,0x0003,0x0000,0x01,0x0074,0x0000,0x0000,actor_2c8,5,0x10C408,0x01,0x61,0x01,0x00,0x01,0x00,0x00,0x020B,0x02C9,0x02E8,0x00,0x4A,0x00,190,10,190:004A:02C9:02F6:0202|191:004A:02B9:02F4:0202|192:004A:02C9:02F5:01F2|193:004A:02B6:02EC:0202|194:004A:02A6:02E9:0202|195:004A:02B6:02EB:01F2|196:004A:02A6:02E8:01F2|197:004A:02B6:02ED:0212|198:004A:02A6:02EA:0212
round6_phase1,0xFA,3322,0x0002,0x0003,0x0000,0x01,0x0074,0x0000,0x0000,actor_2c8,5,0x10C408,0x01,0x61,0x01,0x00,0x01,0x00,0x00,0x020F,0x02C9,0x02E8,0x00,0x4A,0x00,190,10,190:004A:02C9:02F6:0208|191:004A:02B9:02F4:0208|192:004A:02C9:02F5:01F8|193:004A:02B6:02EC:0208|194:004A:02A6:02E9:0208|195:004A:02B6:02EB:01F8|196:004A:02A6:02E8:01F8|197:004A:02B6:02ED:0218|198:004A:02A6:02EA:0218
round6_phase1,0xFA,3328,0x0002,0x0003,0x0000,0x01,0x0074,0x0000,0x0000,actor_2c8,5,0x10C408,0x01,0x60,0x01,0x00,0x01,0x00,0x00,0x0215,0x02C9,0x02E8,0x00,0x4A,0x00,190,10,190:004A:02C9:02F3:0207|191:004A:02B9:02F2:0207|192:004A:02B6:02EC:020E|193:004A:02A6:02E9:020E|194:004A:02B6:02EB:01FE|195:004A:02A6:02E8:01FE|196:004A:02B6:02ED:021E|197:004A:02A6:02EA:021E
round6_phase1,0xFA,3330,0x0002,0x0003,0x0000,0x01,0x0074,0x0000,0x0000,actor_2c8,5,0x10C408,0x01,0x60,0x01,0x00,0x01,0x00,0x00,0x0217,0x02C9,0x02E8,0x00,0x4A,0x00,190,10,190:004A:02C9:02F3:0209|191:004A:02B9:02F2:0209|192:004A:02B6:02EC:0210|193:004A:02A6:02E9:0210|194:004A:02B6:02EB:0200|195:004A:02A6:02E8:0200|196:004A:02B6:02ED:0220|197:004A:02A6:02EA:0220
round6_phase1,0xFA,3338,0x0002,0x0003,0x0000,0x01,0x0074,0x0000,0x0000,actor_2c8,5,0x10C408,0x01,0x61,0x01,0x00,0x01,0x00,0x00,0x021F,0x02C9,0x02E8,0x00,0x4A,0x00,190,10,190:004A:02C9:02F6:0216|191:004A:02B9:02F4:0216|192:004A:02C9:02F5:0206|193:004A:02B6:02EC:0216|194:004A:02A6:02E9:0216|195:004A:02B6:02EB:0206|196:004A:02A6:02E8:0206|197:004A:02B6:02ED:0226|198:004A:02A6:02EA:0226
round6_phase1,0xFA,3342,0x0002,0x0003,0x0000,0x01,0x0074,0x0000,0x0000,actor_2c8,5,0x10C408,0x01,0x63,0x01,0x00,0x1F,0x00,0x00,0x021F,0x02C9,0x02E8,0x00,0x4A,0x00,190,10,190:004A:02C9:02F6:0218|191:004A:02B9:02F4:0218|192:004A:02C9:02F5:0208|193:004A:02B6:02FC:0218|194:004A:02A6:02FA:0218|195:004A:0296:02F9:0218|196:004A:02B6:02EB:0208|197:004A:02A6:02E8:0208|198:004A:02B6:02FD:0228|199:004A:02A6:02FB:0228
round6_phase1,0xFA,3342,0x0002,0x0003,0x0000,0x01,0x0074,0x0000,0x0000,actor_2c8,7,0x10C488,0x01,0xCB,0x00,0x00,0x02,0x00,0x00,0x0145,0x0289,0x0420,0x00,0x47,0x00,210,10,
round6_phase1,0xFA,3344,0x0002,0x0003,0x0000,0x01,0x0074,0x0000,0x0000,actor_2c8,7,0x10C488,0x01,0xCB,0x00,0x00,0x02,0x00,0x00,0x0143,0x0289,0x0420,0x00,0x47,0x00,210,10,210:4047:0268:0420:0144|211:4047:0268:0421:0134|212:4047:0278:0422:0144|213:4047:0278:0423:0134|214:4047:0279:0429:013C|215:4047:0289:042A:013C
round6_phase1,0xFA,3346,0x0002,0x0003,0x0000,0x01,0x0074,0x0000,0x0000,actor_2c8,7,0x10C488,0x01,0xCB,0x00,0x00,0x02,0x00,0x00,0x0141,0x0289,0x0420,0x00,0x47,0x00,210,10,210:4047:0268:0420:0142|211:4047:0268:0421:0132|212:4047:0278:0422:0142|213:4047:0278:0423:0132|214:4047:0279:0429:013A|215:4047:0289:042A:013A
round6_phase1,0xFA,3348,0x0002,0x0003,0x0000,0x01,0x0074,0x0000,0x0000,actor_2c8,7,0x10C488,0x01,0xCC,0x00,0x00,0x02,0x00,0x00,0x013F,0x0289,0x0420,0x00,0x47,0x00,210,10,210:4047:0269:0420:0140|211:4047:0269:0421:0130|212:4047:0279:0422:0140|213:4047:0279:0423:0130|214:4047:027A:0427:0138|215:4047:028A:0428:0138
round6_phase1,0xFA,3350,0x0002,0x0003,0x0000,0x01,0x0074,0x0000,0x0000,actor_2c8,5,0x10C408,0x01,0x64,0x01,0x00,0x1F,0x00,0x00,0x021F,0x02C9,0x02E8,0x00,0x4A,0x00,190,10,190:004A:02C9:02F6:0218|191:004A:02B9:02F4:0218|192:004A:02C9:02F5:0208|193:004A:02B6:02FC:0218|194:004A:02A6:02FE:0218|195:004A:02B6:02EB:0208|196:004A:02A6:02E8:0208|197:004A:02B6:02FD:0228|198:004A:02A6:02FF:0228
round6_phase1,0xFA,3350,0x0002,0x0003,0x0000,0x01,0x0074,0x0000,0x0000,actor_2c8,7,0x10C488,0x01,0xCC,0x00,0x00,0x02,0x00,0x00,0x013F,0x0289,0x0420,0x00,0x47,0x00,210,10,210:4047:0269:0420:013E|211:4047:0269:0421:012E|212:4047:0279:0422:013E|213:4047:0279:0423:012E|214:4047:027A:0427:0136|215:4047:028A:0428:0136
round6_phase1,0xFA,3350,0x0002,0x0003,0x0000,0x01,0x0074,0x0000,0x0000,actor_748,0,0x10C748,0x01,0xAF,0x01,0x00,0x02,0x03,0x00,0x0236,0x02B5,0x02E8,0x01,0x00,0x00,46,1,46:400A:02AD:0327:022D
round6_phase1,0xFA,3352,0x0002,0x0003,0x0000,0x01,0x0074,0x0000,0x0000,actor_2c8,7,0x10C488,0x01,0xCC,0x00,0x00,0x02,0x00,0x00,0x013D,0x0289,0x0420,0x00,0x47,0x00,210,10,210:4047:0269:0420:013C|211:4047:0269:0421:012C|212:4047:0279:0422:013C|213:4047:0279:0423:012C|214:4047:027A:0427:0134|215:4047:028A:0428:0134
round6_phase1,0xFA,3352,0x0002,0x0003,0x0000,0x01,0x0074,0x0000,0x0000,actor_748,0,0x10C748,0x01,0xB0,0x01,0x00,0x02,0x03,0x00,0x0239,0x02B5,0x02E8,0x01,0x00,0x00,46,1,46:400A:02AD:0328:0230
round6_phase1,0xFA,3354,0x0002,0x0003,0x0000,0x01,0x0074,0x0000,0x0000,actor_2c8,5,0x10C408,0x01,0x65,0x01,0x00,0x1F,0x00,0x00,0x021F,0x02C9,0x02E8,0x00,0x4A,0x00,190,10,190:004A:02C9:02F6:0218|191:004A:02B9:02F4:0218|192:004A:02C9:02F5:0208|193:004A:02B6:0300:0218|194:004A:02A6:02E9:0218|195:004A:02B6:02EB:0208|196:004A:02A6:02E8:0208|197:004A:02B6:0301:0228
round6_phase1,0xFA,3354,0x0002,0x0003,0x0000,0x01,0x0074,0x0000,0x0000,actor_2c8,7,0x10C488,0x01,0xCC,0x00,0x00,0x02,0x00,0x00,0x013B,0x0289,0x0420,0x00,0x47,0x00,210,10,210:4047:0269:0420:013A|211:4047:0269:0421:012A|212:4047:0279:0422:013A|213:4047:0279:0423:012A|214:4047:027A:0427:0132|215:4047:028A:0428:0132
round6_phase1,0xFA,3354,0x0002,0x0003,0x0000,0x01,0x0074,0x0000,0x0000,actor_748,0,0x10C748,0x01,0xB1,0x01,0x00,0x02,0x03,0x00,0x023C,0x02B5,0x02E8,0x01,0x00,0x00,46,1,46:400A:02AD:0329:0233
round6_phase1,0xFA,3356,0x0002,0x0003,0x0000,0x01,0x0074,0x0000,0x0000,actor_2c8,7,0x10C488,0x01,0xC9,0x00,0x00,0x02,0x00,0x00,0x0139,0x0289,0x0420,0x00,0x47,0x00,210,10,210:4047:0268:0420:0138|211:4047:0268:0421:0128|212:4047:0278:0422:0138|213:4047:0278:0423:0128|214:4047:0279:0424:0130|215:4047:0289:0425:0138|216:4047:0289:0426:0128
round6_phase1,0xFA,3356,0x0002,0x0003,0x0000,0x01,0x0074,0x0000,0x0000,actor_748,0,0x10C748,0x01,0xAA,0x01,0x00,0x02,0x03,0x00,0x023F,0x02B5,0x02E8,0x01,0x00,0x00,46,1,46:400A:02AD:0322:0236
round6_phase1,0xFA,3358,0x0002,0x0003,0x0000,0x01,0x0074,0x0000,0x0000,actor_2c8,5,0x10C408,0x01,0x65,0x01,0x00,0x1F,0x00,0x01,0x021F,0x02C9,0x02E8,0x00,0x4A,0x00,190,10,190:004A:02C9:02F6:0218|191:004A:02B9:02F4:0218|192:004A:02C9:02F5:0208|193:004A:02B6:0300:0218|194:004A:02A6:02E9:0218|195:004A:02B6:02EB:0208|196:004A:02A6:02E8:0208|197:004A:02B6:0301:0228
round6_phase1,0xFA,3358,0x0002,0x0003,0x0000,0x01,0x0074,0x0000,0x0000,actor_2c8,7,0x10C488,0x01,0xC9,0x00,0x00,0x02,0x00,0x00,0x0137,0x0289,0x0420,0x00,0x47,0x00,210,10,210:4047:0268:0420:0136|211:4047:0268:0421:0126|212:4047:0278:0422:0136|213:4047:0278:0423:0126|214:4047:0279:0424:012E|215:4047:0289:0425:0136|216:4047:0289:0426:0126
round6_phase1,0xFA,3358,0x0002,0x0003,0x0000,0x01,0x0074,0x0000,0x0000,actor_748,0,0x10C748,0x01,0xAB,0x01,0x00,0x02,0x03,0x00,0x0242,0x02B5,0x02E8,0x01,0x00,0x00,46,1,46:400A:02AD:0323:0239
round6_phase1,0xFA,3360,0x0002,0x0003,0x0000,0x01,0x0074,0x0000,0x0000,actor_748,0,0x10C748,0x01,0xAC,0x01,0x00,0x02,0x03,0x00,0x0245,0x02B5,0x02E8,0x01,0x00,0x00,46,1,46:400A:02AD:0324:023C
round6_phase1,0xFA,3362,0x0002,0x0003,0x0000,0x01,0x0074,0x0000,0x0000,actor_2c8,7,0x10C488,0x01,0xC9,0x00,0x00,0x02,0x00,0x00,0x0133,0x0289,0x0420,0x00,0x47,0x00,210,10,210:4047:0268:0420:0134|211:4047:0268:0421:0124|212:4047:0278:0422:0134|213:4047:0278:0423:0124|214:4047:0279:0424:012C|215:4047:0289:0425:0134|216:4047:0289:0426:0124
round6_phase1,0xFA,3362,0x0002,0x0003,0x0000,0x01,0x0074,0x0000,0x0000,actor_748,0,0x10C748,0x01,0xAD,0x01,0x00,0x02,0x03,0x00,0x0248,0x02B5,0x02E8,0x01,0x00,0x00,46,1,46:400A:02AD:0325:023F
round6_phase1,0xFA,3364,0x0002,0x0003,0x0000,0x01,0x0074,0x0000,0x0000,actor_2c8,5,0x10C408,0x01,0x66,0x01,0x00,0x1F,0x00,0x01,0x021F,0x02C9,0x02E8,0x00,0x4A,0x00,190,10,190:004A:02C9:02F6:0218|191:004A:02B9:02F4:0218|192:004A:02C9:02F5:0208|193:004A:02B6:0300:0218|194:004A:02A6:02E9:0218|195:004A:02B6:02EB:0208|196:004A:02A6:02E8:0208|197:004A:02B6:0301:0228
round6_phase1,0xFA,3364,0x0002,0x0003,0x0000,0x01,0x0074,0x0000,0x0000,actor_2c8,7,0x10C488,0x01,0xCA,0x00,0x00,0x02,0x00,0x00,0x0131,0x0289,0x0420,0x00,0x47,0x00,210,10,210:4047:0269:0420:0132|211:4047:0269:0421:0122|212:4047:0279:0422:0132|213:4047:0279:0423:0122|214:4047:027A:0427:012A|215:4047:028A:0428:012A
round6_phase1,0xFA,3364,0x0002,0x0003,0x0000,0x01,0x0074,0x0000,0x0000,actor_748,0,0x10C748,0x01,0xAE,0x01,0x00,0x02,0x03,0x00,0x024B,0x02B5,0x02E8,0x01,0x00,0x00,46,1,46:400A:02AD:0326:0242
round6_phase1,0xFA,3366,0x0002,0x0003,0x0000,0x01,0x0074,0x0000,0x0000,actor_2c8,5,0x10C408,0x01,0x66,0x01,0x00,0x1F,0x00,0x01,0x021F,0x02C9,0x02E8,0x00,0x4A,0x00,190,10,190:004A:02C9:02F6:0218|191:004A:02B9:02F4:0218|192:004A:02C9:02F5:0208|193:004A:02B6:0304:0208|194:004A:02A6:0303:0208|195:004A:029E:0302:01F8|196:004A:02B6:0300:0218|197:004A:02A6:02E9:0218|198:004A:02B6:0301:0228
round6_phase1,0xFA,3366,0x0002,0x0003,0x0000,0x01,0x0074,0x0000,0x0000,actor_2c8,7,0x10C488,0x01,0xCA,0x00,0x00,0x02,0x00,0x00,0x012F,0x0289,0x0420,0x00,0x47,0x00,210,10,210:4047:0269:0420:0130|211:4047:0269:0421:0120|212:4047:0279:0422:0130|213:4047:0279:0423:0120|214:4047:027A:0427:0128|215:4047:028A:0428:0128
round6_phase1,0xFA,3366,0x0002,0x0003,0x0000,0x01,0x0074,0x0000,0x0000,actor_748,0,0x10C748,0x01,0xAF,0x01,0x00,0x02,0x03,0x00,0x024E,0x02B5,0x02E8,0x01,0x00,0x00,46,1,46:400A:02AD:0327:0245
round6_phase1,0xFA,3368,0x0002,0x0003,0x0000,0x01,0x0074,0x0000,0x0000,actor_2c8,7,0x10C488,0x01,0xCA,0x00,0x00,0x02,0x00,0x00,0x012F,0x0289,0x0420,0x00,0x47,0x00,210,10,210:4047:0269:0420:012E|211:4047:0269:0421:011E|212:4047:0279:0422:012E|213:4047:0279:0423:011E|214:4047:027A:0427:0126|215:4047:028A:0428:0126
round6_phase1,0xFA,3368,0x0002,0x0003,0x0000,0x01,0x0074,0x0000,0x0000,actor_748,0,0x10C748,0x01,0xB0,0x01,0x00,0x02,0x03,0x00,0x0251,0x02B5,0x02E8,0x01,0x00,0x00,46,1,46:400A:02AD:0328:0248
round6_phase1,0xFA,3370,0x0002,0x0003,0x0000,0x01,0x0074,0x0000,0x0000,actor_2c8,7,0x10C488,0x01,0xCA,0x00,0x00,0x02,0x00,0x00,0x012D,0x0289,0x0420,0x00,0x47,0x00,210,10,210:4047:0269:0420:012C|211:4047:0269:0421:011C|212:4047:0279:0422:012C|213:4047:0279:0423:011C|214:4047:027A:0427:0124|215:4047:028A:0428:0124
round6_phase1,0xFA,3370,0x0002,0x0003,0x0000,0x01,0x0074,0x0000,0x0000,actor_748,0,0x10C748,0x01,0xB1,0x01,0x00,0x02,0x03,0x00,0x0254,0x02B5,0x02E8,0x01,0x00,0x00,46,1,46:400A:02AD:0329:024B
round6_phase1,0xFA,3372,0x0002,0x0003,0x0000,0x01,0x0074,0x0000,0x0000,actor_2c8,5,0x10C408,0x01,0x67,0x01,0x00,0x1F,0x00,0x01,0x021F,0x02C9,0x02E8,0x00,0x4A,0x00,190,10,190:004A:02C9:02F6:0218|191:004A:02B9:02F4:0218|192:004A:02C9:02F5:0208|193:004A:02B6:0304:0208|194:004A:02A6:0303:0208|195:004A:029E:0302:01F8|196:004A:02B6:0300:0218|197:004A:02A6:02E9:0218|198:004A:02B6:0301:0228
round6_phase1,0xFA,3372,0x0002,0x0003,0x0000,0x01,0x0074,0x0000,0x0000,actor_2c8,7,0x10C488,0x01,0xCB,0x00,0x00,0x02,0x00,0x00,0x012B,0x0289,0x0420,0x00,0x47,0x00,210,10,210:4047:0268:0420:012A|211:4047:0268:0421:011A|212:4047:0278:0422:012A|213:4047:0278:0423:011A|214:4047:0279:0429:0122|215:4047:0289:042A:0122
round6_phase1,0xFA,3372,0x0002,0x0003,0x0000,0x01,0x0074,0x0000,0x0000,actor_748,0,0x10C748,0x01,0xAA,0x01,0x00,0x02,0x03,0x00,0x0257,0x02B5,0x02E8,0x01,0x00,0x00,46,1,46:400A:02AD:0322:024E
round6_phase1,0xFA,3372,0x0002,0x0003,0x0000,0x01,0x0074,0x0000,0x0000,actor_748,1,0x10C788,0x01,0xAA,0x01,0x00,0x02,0x03,0x00,0x022A,0x02B5,0x02E8,0x01,0x00,0x00,47,1,
round6_phase1,0xFA,3374,0x0002,0x0003,0x0000,0x01,0x0074,0x0000,0x0000,actor_2c8,5,0x10C408,0x01,0x67,0x01,0x00,0x1F,0x00,0x01,0x021F,0x02C9,0x02E8,0x00,0x4A,0x00,190,10,190:004A:02C9:02F6:0218|191:004A:02B9:02F4:0218|192:004A:02C9:02F5:0208|193:004A:02B6:0308:0218|194:004A:02A6:0306:0218|195:004A:02B6:0304:0208|196:004A:02A6:0305:0208|197:004A:02B6:0309:0228|198:004A:02A6:0307:0228
round6_phase1,0xFA,3374,0x0002,0x0003,0x0000,0x01,0x0074,0x0000,0x0000,actor_2c8,7,0x10C488,0x01,0xCB,0x00,0x00,0x02,0x00,0x00,0x0129,0x0289,0x0420,0x00,0x47,0x00,210,10,210:4047:0268:0420:0128|211:4047:0268:0421:0118|212:4047:0278:0422:0128|213:4047:0278:0423:0118|214:4047:0279:0429:0120|215:4047:0289:042A:0120
round6_phase1,0xFA,3374,0x0002,0x0003,0x0000,0x01,0x0074,0x0000,0x0000,actor_748,0,0x10C748,0x01,0xAB,0x01,0x00,0x02,0x03,0x00,0x025A,0x02B5,0x02E8,0x01,0x00,0x00,46,1,46:400A:02AD:0323:0251
round6_phase1,0xFA,3374,0x0002,0x0003,0x0000,0x01,0x0074,0x0000,0x0000,actor_748,1,0x10C788,0x01,0xAB,0x01,0x00,0x02,0x03,0x00,0x022D,0x02B5,0x02E8,0x01,0x00,0x00,47,1,47:400A:02AD:0323:0221
round6_phase1,0xFA,3376,0x0002,0x0003,0x0000,0x01,0x0074,0x0000,0x0000,actor_2c8,5,0x10C408,0x01,0x68,0x01,0x00,0x1F,0x00,0x01,0x021F,0x02C9,0x02E8,0x00,0x4A,0x00,190,10,190:004A:02C9:02F6:0218|191:004A:02B9:02F4:0218|192:004A:02C9:02F5:0208|193:004A:02B6:0308:0218|194:004A:02A6:0306:0218|195:004A:02B6:0304:0208|196:004A:02A6:0305:0208|197:004A:02B6:0309:0228|198:004A:02A6:0307:0228
round6_phase1,0xFA,3376,0x0002,0x0003,0x0000,0x01,0x0074,0x0000,0x0000,actor_2c8,7,0x10C488,0x01,0xCB,0x00,0x00,0x02,0x00,0x00,0x0127,0x0289,0x0420,0x00,0x47,0x00,210,10,210:4047:0268:0420:0126|211:4047:0268:0421:0116|212:4047:0278:0422:0126|213:4047:0278:0423:0116|214:4047:0279:0429:011E|215:4047:0289:042A:011E
round6_phase1,0xFA,3376,0x0002,0x0003,0x0000,0x01,0x0074,0x0000,0x0000,actor_748,0,0x10C748,0x01,0xAC,0x01,0x00,0x02,0x03,0x00,0x025D,0x02B5,0x02E8,0x01,0x00,0x00,46,1,46:400A:02AD:0324:0254
round6_phase1,0xFA,3376,0x0002,0x0003,0x0000,0x01,0x0074,0x0000,0x0000,actor_748,1,0x10C788,0x01,0xAC,0x01,0x00,0x02,0x03,0x00,0x0230,0x02B5,0x02E8,0x01,0x00,0x00,47,1,47:400A:02AD:0324:0224
round6_phase1,0xFA,3378,0x0002,0x0003,0x0000,0x01,0x0074,0x0000,0x0000,actor_2c8,5,0x10C408,0x01,0x68,0x01,0x00,0x1F,0x00,0x01,0x021F,0x02C9,0x02E8,0x00,0x4A,0x00,190,10,190:004A:02C9:02F6:0218|191:004A:02B9:02F4:0218|192:004A:02C9:02F5:0208|193:004A:02B6:030C:0218|194:004A:02A6:02E9:0218|195:004A:02B6:030B:0208|196:004A:02A6:030A:0208|197:004A:02B6:0301:0228
round6_phase1,0xFA,3378,0x0002,0x0003,0x0000,0x01,0x0074,0x0000,0x0000,actor_748,0,0x10C748,0x01,0xAD,0x01,0x00,0x02,0x03,0x00,0x0260,0x02B5,0x02E8,0x01,0x00,0x00,46,1,46:400A:02AD:0325:0257
round6_phase1,0xFA,3378,0x0002,0x0003,0x0000,0x01,0x0074,0x0000,0x0000,actor_748,1,0x10C788,0x01,0xAD,0x01,0x00,0x02,0x03,0x00,0x0233,0x02B5,0x02E8,0x01,0x00,0x00,47,1,47:400A:02AD:0325:0227
round6_phase1,0xFA,3380,0x0002,0x0003,0x0000,0x01,0x0074,0x0000,0x0000,actor_2c8,5,0x10C408,0x01,0x68,0x01,0x00,0x1F,0x00,0x02,0x021F,0x02C9,0x02E8,0x00,0x4A,0x00,190,10,190:004A:02C9:02F6:0218|191:004A:02B9:02F4:0218|192:004A:02C9:02F5:0208|193:004A:02B6:030C:0218|194:004A:02A6:02E9:0218|195:004A:02B6:030B:0208|196:004A:02A6:030A:0208|197:004A:02B6:0301:0228
round6_phase1,0xFA,3380,0x0002,0x0003,0x0000,0x01,0x0074,0x0000,0x0000,actor_2c8,7,0x10C488,0x01,0xCC,0x00,0x00,0x02,0x00,0x00,0x0123,0x0289,0x0420,0x00,0x47,0x00,210,10,210:4047:0269:0420:0124|211:4047:0269:0421:0114|212:4047:0279:0422:0124|213:4047:0279:0423:0114|214:4047:027A:0427:011C|215:4047:028A:0428:011C
round6_phase1,0xFA,3380,0x0002,0x0003,0x0000,0x01,0x0074,0x0000,0x0000,actor_748,0,0x10C748,0x01,0xAE,0x01,0x00,0x02,0x03,0x00,0x0263,0x02B5,0x02E8,0x01,0x00,0x00,46,1,46:400A:02AD:0326:025A
round6_phase1,0xFA,3380,0x0002,0x0003,0x0000,0x01,0x0074,0x0000,0x0000,actor_748,1,0x10C788,0x01,0xAE,0x01,0x00,0x02,0x03,0x00,0x0236,0x02B5,0x02E8,0x01,0x00,0x00,47,1,47:400A:02AD:0326:022A
round6_phase1,0xFA,3382,0x0002,0x0003,0x0000,0x01,0x0074,0x0000,0x0000,actor_2c8,5,0x10C408,0x01,0x68,0x01,0x00,0x01,0x00,0x02,0x0221,0x02C9,0x02E8,0x00,0x4A,0x00,190,10,190:004A:02C9:02F6:021A|191:004A:02B9:02F4:021A|192:004A:02C9:02F5:020A|193:004A:02B6:030C:021A|194:004A:02A6:02E9:021A|195:004A:02B6:030B:020A|196:004A:02A6:030A:020A|197:004A:02B6:0301:022A
round6_phase1,0xFA,3382,0x0002,0x0003,0x0000,0x01,0x0074,0x0000,0x0000,actor_2c8,7,0x10C488,0x01,0xCC,0x00,0x00,0x02,0x00,0x00,0x0121,0x0289,0x0420,0x00,0x47,0x00,210,10,210:4047:0269:0420:0122|211:4047:0269:0421:0112|212:4047:0279:0422:0122|213:4047:0279:0423:0112|214:4047:027A:0427:011A|215:4047:028A:0428:011A
round6_phase1,0xFA,3382,0x0002,0x0003,0x0000,0x01,0x0074,0x0000,0x0000,actor_748,0,0x10C748,0x01,0xAF,0x01,0x00,0x02,0x03,0x00,0x0266,0x02B5,0x02E8,0x01,0x00,0x00,46,1,46:400A:02AD:0327:025D
round6_phase1,0xFA,3382,0x0002,0x0003,0x0000,0x01,0x0074,0x0000,0x0000,actor_748,1,0x10C788,0x01,0xAF,0x01,0x00,0x02,0x03,0x00,0x0239,0x02B5,0x02E8,0x01,0x00,0x00,47,1,47:400A:02AD:0327:022D
round6_phase1,0xFA,3384,0x0002,0x0003,0x0000,0x01,0x0074,0x0000,0x0000,actor_2c8,5,0x10C408,0x01,0x68,0x01,0x00,0x01,0x00,0x02,0x0223,0x02C9,0x02E8,0x00,0x4A,0x00,190,10,190:004A:02C9:02F6:021C|191:004A:02B9:02F4:021C|192:004A:02C9:02F5:020C|193:004A:02B6:030C:021C|194:004A:02A6:02E9:021C|195:004A:02B6:030B:020C|196:004A:02A6:030A:020C|197:004A:02B6:0301:022C
round6_phase1,0xFA,3384,0x0002,0x0003,0x0000,0x01,0x0074,0x0000,0x0000,actor_2c8,7,0x10C488,0x01,0xCC,0x00,0x00,0x02,0x00,0x00,0x011F,0x0289,0x0420,0x00,0x47,0x00,210,10,210:4047:0269:0420:0120|211:4047:0269:0421:0110|212:4047:0279:0422:0120|213:4047:0279:0423:0110|214:4047:027A:0427:0118|215:4047:028A:0428:0118
round6_phase1,0xFA,3384,0x0002,0x0003,0x0000,0x01,0x0074,0x0000,0x0000,actor_748,0,0x10C748,0x01,0xB0,0x01,0x00,0x02,0x03,0x00,0x0269,0x02B5,0x02E8,0x01,0x00,0x00,46,1,46:400A:02AD:0328:0260
round6_phase1,0xFA,3384,0x0002,0x0003,0x0000,0x01,0x0074,0x0000,0x0000,actor_748,1,0x10C788,0x01,0xB0,0x01,0x00,0x02,0x03,0x00,0x023C,0x02B5,0x02E8,0x01,0x00,0x00,47,1,47:400A:02AD:0328:0230
round6_phase1,0xFA,3386,0x0002,0x0003,0x0000,0x01,0x0074,0x0000,0x0000,actor_2c8,5,0x10C408,0x01,0x68,0x01,0x00,0x01,0x00,0x02,0x0225,0x02C9,0x02E8,0x00,0x4A,0x00,190,10,190:004A:02C9:02F6:021E|191:004A:02B9:02F4:021E|192:004A:02C9:02F5:020E|193:004A:02B6:030C:021E|194:004A:02A6:02E9:021E|195:004A:02B6:030B:020E|196:004A:02A6:030A:020E|197:004A:02B6:0301:022E
round6_phase1,0xFA,3386,0x0002,0x0003,0x0000,0x01,0x0074,0x0000,0x0000,actor_2c8,7,0x10C488,0x01,0xCC,0x00,0x00,0x02,0x00,0x00,0x011F,0x0289,0x0420,0x00,0x47,0x00,210,10,210:4047:0269:0420:011E|211:4047:0269:0421:010E|212:4047:0279:0422:011E|213:4047:0279:0423:010E|214:4047:027A:0427:0116|215:4047:028A:0428:0116
round6_phase1,0xFA,3386,0x0002,0x0003,0x0000,0x01,0x0074,0x0000,0x0000,actor_748,0,0x10C748,0x01,0xB1,0x01,0x00,0x02,0x03,0x00,0x026C,0x02B5,0x02E8,0x01,0x00,0x00,46,1,46:400A:02AD:0329:0263
round6_phase1,0xFA,3386,0x0002,0x0003,0x0000,0x01,0x0074,0x0000,0x0000,actor_748,1,0x10C788,0x01,0xB1,0x01,0x00,0x02,0x03,0x00,0x023F,0x02B5,0x02E8,0x01,0x00,0x00,47,1,47:400A:02AD:0329:0233
round6_phase1,0xFA,3388,0x0002,0x0003,0x0000,0x01,0x0074,0x0000,0x0000,actor_2c8,5,0x10C408,0x01,0xB3,0x01,0x00,0x01,0x00,0x02,0x0227,0x02C9,0x02E8,0x00,0x4A,0x00,190,10,190:004A:02C9:02F3:0219|191:004A:02B9:02F2:0219|192:004A:02B6:030C:0220|193:004A:02A6:02E9:0220|194:004A:02B6:030B:0210|195:004A:02A6:030A:0210|196:004A:02B6:0301:0230
round6_phase1,0xFA,3388,0x0002,0x0003,0x0000,0x01,0x0074,0x0000,0x0000,actor_2c8,7,0x10C488,0x01,0xC9,0x00,0x00,0x02,0x00,0x00,0x011D,0x0289,0x0420,0x00,0x47,0x00,210,10,210:4047:0268:0420:011C|211:4047:0268:0421:010C|212:4047:0278:0422:011C|213:4047:0278:0423:010C|214:4047:0279:0424:0114|215:4047:0289:0425:011C|216:4047:0289:0426:010C
round6_phase1,0xFA,3388,0x0002,0x0003,0x0000,0x01,0x0074,0x0000,0x0000,actor_748,0,0x10C748,0x01,0xAA,0x01,0x00,0x02,0x03,0x00,0x026F,0x02B5,0x02E8,0x01,0x00,0x00,46,1,46:400A:02AD:0322:0266
round6_phase1,0xFA,3388,0x0002,0x0003,0x0000,0x01,0x0074,0x0000,0x0000,actor_748,1,0x10C788,0x01,0xAA,0x01,0x00,0x02,0x03,0x00,0x0242,0x02B5,0x02E8,0x01,0x00,0x00,47,1,47:400A:02AD:0322:0236
round6_phase1,0xFA,3390,0x0002,0x0003,0x0000,0x01,0x0074,0x0000,0x0000,actor_2c8,6,0x10C448,0x01,0x52,0x00,0x00,0x02,0x00,0x01,0x0145,0x0289,0x00D0,0x00,0x44,0x00,200,10,200:4044:0289:0015:0134|201:4044:0279:00DC:0134|202:4044:0269:00DA:0134|203:4044:0289:0014:0144|204:4044:0279:00DB:0144|205:4044:0269:00D9:0144|206:4044:0289:0013:0154|207:4044:0289:0016:0124|208:4044:0279:00DD:0124
round6_phase1,0xFA,3390,0x0002,0x0003,0x0000,0x01,0x0074,0x0000,0x0000,actor_2c8,7,0x10C488,0x01,0xC9,0x00,0x00,0x02,0x00,0x00,0x011B,0x0289,0x0420,0x00,0x47,0x00,210,10,210:4047:0268:0420:011A|211:4047:0268:0421:010A|212:4047:0278:0422:011A|213:4047:0278:0423:010A|214:4047:0279:0424:0112|215:4047:0289:0425:011A|216:4047:0289:0426:010A
round6_phase1,0xFA,3390,0x0002,0x0003,0x0000,0x01,0x0074,0x0000,0x0000,actor_2c8,8,0x10C4C8,0x01,0x17,0x00,0x00,0x02,0x00,0x00,0x0145,0x0289,0x004B,0x00,0x46,0x00,220,19,220:4046:028A:0066:0134|221:4046:027A:0064:0134|222:4046:027A:004E:0134|223:4046:026A:004C:0134|224:4046:028A:0065:0144|225:4046:027A:0063:0144|226:4046:027A:004D:0144|227:4046:026A:004B:0144
round6_phase1,0xFA,3390,0x0002,0x0003,0x0000,0x01,0x0074,0x0000,0x0000,actor_748,0,0x10C748,0x01,0xAB,0x01,0x00,0x02,0x03,0x00,0x0272,0x02B5,0x02E8,0x01,0x00,0x00,46,1,46:400A:02AD:0323:0269
round6_phase1,0xFA,3390,0x0002,0x0003,0x0000,0x01,0x0074,0x0000,0x0000,actor_748,1,0x10C788,0x01,0xAB,0x01,0x00,0x02,0x03,0x00,0x0245,0x02B5,0x02E8,0x01,0x00,0x00,47,1,47:400A:02AD:0323:0239
round6_phase1,0xFA,3392,0x0002,0x0003,0x0000,0x01,0x0074,0x0000,0x0000,actor_2c8,5,0x10C408,0x01,0xB3,0x01,0x00,0x01,0x00,0x02,0x022B,0x02C9,0x02E8,0x00,0x4A,0x00,190,10,190:004A:02C9:02F3:021B|191:004A:02B9:02F2:021B|192:004A:02B6:030C:0222|193:004A:02A6:02E9:0222|194:004A:02B6:030B:0212|195:004A:02A6:030A:0212|196:004A:02B6:0301:0232
round6_phase1,0xFA,3392,0x0002,0x0003,0x0000,0x01,0x0074,0x0000,0x0000,actor_2c8,7,0x10C488,0x01,0xC9,0x00,0x00,0x02,0x00,0x00,0x0119,0x0289,0x0420,0x00,0x47,0x00,210,10,210:4047:0268:0420:0118|211:4047:0268:0421:0108|212:4047:0278:0422:0118|213:4047:0278:0423:0108|214:4047:0279:0424:0110|215:4047:0289:0425:0118|216:4047:0289:0426:0108
round6_phase1,0xFA,3392,0x0002,0x0003,0x0000,0x01,0x0074,0x0000,0x0000,actor_2c8,8,0x10C4C8,0x01,0x17,0x00,0x00,0x02,0x00,0x00,0x0143,0x0289,0x004B,0x00,0x46,0x00,220,19,220:4046:028A:0066:0132|221:4046:027A:0064:0132|222:4046:027A:004E:0132|223:4046:026A:004C:0132|224:4046:028A:0065:0142|225:4046:027A:0063:0142|226:4046:027A:004D:0142|227:4046:026A:004B:0142
round6_phase1,0xFA,3392,0x0002,0x0003,0x0000,0x01,0x0074,0x0000,0x0000,actor_748,0,0x10C748,0x01,0xAC,0x01,0x00,0x02,0x03,0x00,0x0275,0x02B5,0x02E8,0x01,0x00,0x00,46,1,46:400A:02AD:0324:026C
round6_phase1,0xFA,3392,0x0002,0x0003,0x0000,0x01,0x0074,0x0000,0x0000,actor_748,1,0x10C788,0x01,0xAC,0x01,0x00,0x02,0x03,0x00,0x0248,0x02B5,0x02E8,0x01,0x00,0x00,47,1,47:400A:02AD:0324:023C
round6_phase1,0xFA,3394,0x0002,0x0003,0x0000,0x01,0x0074,0x0000,0x0000,actor_2c8,5,0x10C408,0x01,0xB3,0x01,0x00,0x01,0x00,0x02,0x022D,0x02C9,0x02E8,0x00,0x4A,0x00,190,10,190:004A:02C9:02F3:021D|191:004A:02B9:02F2:021D|192:004A:02B6:030C:0224|193:004A:02A6:02E9:0224|194:004A:02B6:030B:0214|195:004A:02A6:030A:0214|196:004A:02B6:0301:0234
round6_phase1,0xFA,3394,0x0002,0x0003,0x0000,0x01,0x0074,0x0000,0x0000,actor_2c8,6,0x10C448,0x01,0x52,0x00,0x00,0x02,0x00,0x01,0x0143,0x0289,0x00D0,0x00,0x44,0x00,200,10,200:4044:0289:0015:0132|201:4044:0279:00DC:0132|202:4044:0269:00DA:0132|203:4044:0289:0014:0142|204:4044:0279:00DB:0142|205:4044:0269:00D9:0142|206:4044:0289:0013:0152|207:4044:0289:0016:0122|208:4044:0279:00DD:0122
round6_phase1,0xFA,3394,0x0002,0x0003,0x0000,0x01,0x0074,0x0000,0x0000,actor_2c8,7,0x10C488,0x01,0xC9,0x00,0x00,0x02,0x00,0x00,0x0117,0x0289,0x0420,0x00,0x47,0x00,210,10,210:4047:0268:0420:0116|211:4047:0268:0421:0106|212:4047:0278:0422:0116|213:4047:0278:0423:0106|214:4047:0279:0424:010E|215:4047:0289:0425:0116|216:4047:0289:0426:0106
round6_phase1,0xFA,3394,0x0002,0x0003,0x0000,0x01,0x0074,0x0000,0x0000,actor_2c8,8,0x10C4C8,0x01,0x17,0x00,0x00,0x02,0x00,0x00,0x0141,0x0289,0x004B,0x00,0x46,0x00,220,19,220:4046:028A:0066:0130|221:4046:027A:0064:0130|222:4046:027A:004E:0130|223:4046:026A:004C:0130|224:4046:028A:0065:0140|225:4046:027A:0063:0140|226:4046:027A:004D:0140|227:4046:026A:004B:0140
round6_phase1,0xFA,3394,0x0002,0x0003,0x0000,0x01,0x0074,0x0000,0x0000,actor_748,0,0x10C748,0x01,0xAD,0x01,0x00,0x02,0x03,0x00,0x0278,0x02B5,0x02E8,0x01,0x00,0x00,46,1,46:400A:02AD:0325:026F
round6_phase1,0xFA,3394,0x0002,0x0003,0x0000,0x01,0x0074,0x0000,0x0000,actor_748,1,0x10C788,0x01,0xAD,0x01,0x00,0x02,0x03,0x00,0x024B,0x02B5,0x02E8,0x01,0x00,0x00,47,1,47:400A:02AD:0325:023F
round6_phase1,0xFA,3396,0x0002,0x0003,0x0000,0x01,0x0074,0x0000,0x0000,actor_2c8,5,0x10C408,0x01,0x68,0x01,0x00,0x01,0x00,0x02,0x022F,0x02C9,0x02E8,0x00,0x4A,0x00,190,10,190:004A:02C9:02F6:0226|191:004A:02B9:02F4:0226|192:004A:02C9:02F5:0216|193:004A:02B6:030C:0226|194:004A:02A6:02E9:0226|195:004A:02B6:030B:0216|196:004A:02A6:030A:0216|197:004A:02B6:0301:0236
round6_phase1,0xFA,3396,0x0002,0x0003,0x0000,0x01,0x0074,0x0000,0x0000,actor_2c8,7,0x10C488,0x01,0xCA,0x00,0x00,0x02,0x00,0x00,0x0115,0x0289,0x0420,0x00,0x47,0x00,210,10,210:4047:0269:0420:0116|211:4047:0269:0421:0106|212:4047:0279:0422:0116|213:4047:0279:0423:0106|214:4047:027A:0427:010E|215:4047:028A:0428:010E
round6_phase1,0xFA,3396,0x0002,0x0003,0x0000,0x01,0x0074,0x0000,0x0000,actor_2c8,8,0x10C4C8,0x01,0x18,0x00,0x00,0x02,0x00,0x00,0x013F,0x0289,0x004B,0x00,0x46,0x00,220,19,220:4046:0289:0069:012E|221:4046:0279:0067:012E|222:4046:0279:004E:012E|223:4046:0269:004C:012E|224:4046:0289:0068:013E|225:4046:0279:0063:013E|226:4046:0279:004D:013E|227:4046:0269:004B:013E
round6_phase1,0xFA,3396,0x0002,0x0003,0x0000,0x01,0x0074,0x0000,0x0000,actor_748,0,0x10C748,0x01,0xAE,0x01,0x00,0x02,0x03,0x00,0x027B,0x02B5,0x02E8,0x01,0x00,0x00,46,1,46:400A:02AD:0326:0272
round6_phase1,0xFA,3396,0x0002,0x0003,0x0000,0x01,0x0074,0x0000,0x0000,actor_748,1,0x10C788,0x01,0xAE,0x01,0x00,0x02,0x03,0x00,0x024E,0x02B5,0x02E8,0x01,0x00,0x00,47,1,47:400A:02AD:0326:0242
round6_phase1,0xFA,3398,0x0002,0x0003,0x0000,0x01,0x0074,0x0000,0x0000,actor_2c8,5,0x10C408,0x01,0x68,0x01,0x00,0x01,0x00,0x02,0x022F,0x02C9,0x02E8,0x00,0x4A,0x00,190,10,190:004A:02C9:02F6:0228|191:004A:02B9:02F4:0228|192:004A:02C9:02F5:0218|193:004A:02B6:030C:0228|194:004A:02A6:02E9:0228|195:004A:02B6:030B:0218|196:004A:02A6:030A:0218|197:004A:02B6:0301:0238
round6_phase1,0xFA,3398,0x0002,0x0003,0x0000,0x01,0x0074,0x0000,0x0000,actor_2c8,6,0x10C448,0x01,0x53,0x00,0x00,0x02,0x00,0x02,0x0141,0x0289,0x00D0,0x00,0x44,0x00,200,10,200:4044:0289:0019:0130|201:4044:0279:00E5:0130|202:4044:0269:00E3:0130|203:4044:0289:0018:0140|204:4044:0279:00E4:0140|205:4044:0269:00E2:0140|206:4044:0289:0017:0150|207:4044:0289:001A:0120|208:4044:0279:00E6:0120
round6_phase1,0xFA,3398,0x0002,0x0003,0x0000,0x01,0x0074,0x0000,0x0000,actor_2c8,7,0x10C488,0x01,0xCA,0x00,0x00,0x02,0x00,0x00,0x0113,0x0289,0x0420,0x00,0x47,0x00,210,10,210:4047:0269:0420:0114|211:4047:0269:0421:0104|212:4047:0279:0422:0114|213:4047:0279:0423:0104|214:4047:027A:0427:010C|215:4047:028A:0428:010C
round6_phase1,0xFA,3398,0x0002,0x0003,0x0000,0x01,0x0074,0x0000,0x0000,actor_748,0,0x10C748,0x01,0xAF,0x01,0x00,0x02,0x03,0x00,0x027E,0x02B5,0x02E8,0x01,0x00,0x00,46,1,46:400A:02AD:0327:0275
round6_phase1,0xFA,3398,0x0002,0x0003,0x0000,0x01,0x0074,0x0000,0x0000,actor_748,1,0x10C788,0x01,0xAF,0x01,0x00,0x02,0x03,0x00,0x0251,0x02B5,0x02E8,0x01,0x00,0x00,47,1,47:400A:02AD:0327:0245
round6_phase1,0xFA,3400,0x0002,0x0003,0x0000,0x01,0x0074,0x0000,0x0000,actor_2c8,5,0x10C408,0x01,0x68,0x01,0x00,0x01,0x00,0x02,0x0231,0x02C9,0x02E8,0x00,0x4A,0x00,190,10,190:004A:02C9:02F6:022A|191:004A:02B9:02F4:022A|192:004A:02C9:02F5:021A|193:004A:02B6:030C:022A|194:004A:02A6:02E9:022A|195:004A:02B6:030B:021A|196:004A:02A6:030A:021A|197:004A:02B6:0301:023A
round6_phase1,0xFA,3400,0x0002,0x0003,0x0000,0x01,0x0074,0x0000,0x0000,actor_2c8,7,0x10C488,0x01,0xCA,0x00,0x00,0x02,0x00,0x00,0x0111,0x0289,0x0420,0x00,0x47,0x00,210,10,210:4047:0269:0420:0112|211:4047:0269:0421:0102|212:4047:0279:0422:0112|213:4047:0279:0423:0102|214:4047:027A:0427:010A|215:4047:028A:0428:010A
round6_phase1,0xFA,3400,0x0002,0x0003,0x0000,0x01,0x0074,0x0000,0x0000,actor_2c8,8,0x10C4C8,0x01,0x18,0x00,0x00,0x02,0x00,0x00,0x013B,0x0289,0x004B,0x00,0x46,0x00,220,19,220:4046:0289:0069:012C|221:4046:0279:0067:012C|222:4046:0279:004E:012C|223:4046:0269:004C:012C|224:4046:0289:0068:013C|225:4046:0279:0063:013C|226:4046:0279:004D:013C|227:4046:0269:004B:013C
round6_phase1,0xFA,3400,0x0002,0x0003,0x0000,0x01,0x0074,0x0000,0x0000,actor_748,0,0x10C748,0x01,0xB0,0x01,0x00,0x02,0x03,0x00,0x0281,0x02B5,0x02E8,0x01,0x00,0x00,46,1,46:400A:02AD:0328:0278
round6_phase1,0xFA,3400,0x0002,0x0003,0x0000,0x01,0x0074,0x0000,0x0000,actor_748,1,0x10C788,0x01,0xB0,0x01,0x00,0x02,0x03,0x00,0x0254,0x02B5,0x02E8,0x01,0x00,0x00,47,1,47:400A:02AD:0328:0248
round6_phase1,0xFA,3402,0x0002,0x0003,0x0000,0x01,0x0074,0x0000,0x0000,actor_2c8,5,0x10C408,0x01,0x68,0x01,0x00,0x01,0x00,0x02,0x0233,0x02C9,0x02E8,0x00,0x4A,0x00,190,10,190:004A:02C9:02F6:022C|191:004A:02B9:02F4:022C|192:004A:02C9:02F5:021C|193:004A:02B6:030C:022C|194:004A:02A6:02E9:022C|195:004A:02B6:030B:021C|196:004A:02A6:030A:021C|197:004A:02B6:0301:023C
round6_phase1,0xFA,3402,0x0002,0x0003,0x0000,0x01,0x0074,0x0000,0x0000,actor_2c8,6,0x10C448,0x01,0x53,0x00,0x00,0x02,0x00,0x02,0x013F,0x0289,0x00D0,0x00,0x44,0x00,200,10,200:4044:0289:0019:012E|201:4044:0279:00E5:012E|202:4044:0269:00E3:012E|203:4044:0289:0018:013E|204:4044:0279:00E4:013E|205:4044:0269:00E2:013E|206:4044:0289:0017:014E|207:4044:0289:001A:011E|208:4044:0279:00E6:011E
round6_phase1,0xFA,3402,0x0002,0x0003,0x0000,0x01,0x0074,0x0000,0x0000,actor_2c8,7,0x10C488,0x01,0xCA,0x00,0x00,0x02,0x00,0x00,0x010F,0x0289,0x0420,0x00,0x47,0x00,210,10,210:4047:0269:0420:0110|211:4047:0269:0421:0100|212:4047:0279:0422:0110|213:4047:0279:0423:0100|214:4047:027A:0427:0108|215:4047:028A:0428:0108
round6_phase1,0xFA,3402,0x0002,0x0003,0x0000,0x01,0x0074,0x0000,0x0000,actor_2c8,8,0x10C4C8,0x01,0x18,0x00,0x00,0x02,0x00,0x00,0x0139,0x0289,0x004B,0x00,0x46,0x00,220,19,220:4046:0289:0069:012A|221:4046:0279:0067:012A|222:4046:0279:004E:012A|223:4046:0269:004C:012A|224:4046:0289:0068:013A|225:4046:0279:0063:013A|226:4046:0279:004D:013A|227:4046:0269:004B:013A
round6_phase1,0xFA,3402,0x0002,0x0003,0x0000,0x01,0x0074,0x0000,0x0000,actor_748,0,0x10C748,0x01,0xB1,0x01,0x00,0x02,0x03,0x00,0x0284,0x02B5,0x02E8,0x01,0x00,0x00,46,1,46:400A:02AD:0329:027B
round6_phase1,0xFA,3402,0x0002,0x0003,0x0000,0x01,0x0074,0x0000,0x0000,actor_748,1,0x10C788,0x01,0xB1,0x01,0x00,0x02,0x03,0x00,0x0257,0x02B5,0x02E8,0x01,0x00,0x00,47,1,47:400A:02AD:0329:024B
round6_phase1,0xFA,3404,0x0002,0x0003,0x0000,0x01,0x0074,0x0000,0x0000,actor_2c8,5,0x10C408,0x01,0xB4,0x01,0x00,0x01,0x00,0x02,0x0235,0x02C9,0x02E8,0x00,0x4A,0x00,190,10,190:004A:02C9:02F8:022A|191:004A:02B9:02F7:022A|192:004A:02B6:030C:022E|193:004A:02A6:02E9:022E|194:004A:02B6:030B:021E|195:004A:02A6:030A:021E|196:004A:02B6:0301:023E
round6_phase1,0xFA,3404,0x0002,0x0003,0x0000,0x01,0x0074,0x0000,0x0000,actor_2c8,7,0x10C488,0x01,0xCB,0x00,0x00,0x02,0x00,0x00,0x010F,0x0289,0x0420,0x00,0x47,0x00,210,10,210:4047:0268:0420:010E|211:4047:0268:0421:00FE|212:4047:0278:0422:010E|213:4047:0278:0423:00FE|214:4047:0279:0429:0106|215:4047:0289:042A:0106
round6_phase1,0xFA,3404,0x0002,0x0003,0x0000,0x01,0x0074,0x0000,0x0000,actor_2c8,8,0x10C4C8,0x01,0x19,0x00,0x00,0x02,0x00,0x00,0x0137,0x0289,0x004B,0x00,0x46,0x00,220,19,220:4046:028A:006D:0128|221:4046:027A:006B:0128|222:4046:027A:004E:0128|223:4046:026A:004C:0128|224:4046:028A:006C:0138|225:4046:027A:006A:0138|226:4046:027A:004D:0138|227:4046:026A:004B:0138
round6_phase1,0xFA,3404,0x0002,0x0003,0x0000,0x01,0x0074,0x0000,0x0000,actor_748,0,0x10C748,0x01,0xAA,0x01,0x00,0x02,0x03,0x00,0x0287,0x02B5,0x02E8,0x01,0x00,0x00,46,1,46:400A:02AD:0322:027E
round6_phase1,0xFA,3404,0x0002,0x0003,0x0000,0x01,0x0074,0x0000,0x0000,actor_748,1,0x10C788,0x01,0xAA,0x01,0x00,0x02,0x03,0x00,0x025A,0x02B5,0x02E8,0x01,0x00,0x00,47,1,47:400A:02AD:0322:024E
round6_phase1,0xFA,3406,0x0002,0x0003,0x0000,0x01,0x0074,0x0000,0x0000,actor_2c8,5,0x10C408,0x01,0xB4,0x01,0x00,0x01,0x00,0x02,0x0237,0x02C9,0x02E8,0x00,0x4A,0x00,190,10,190:004A:02C9:02F8:022C|191:004A:02B9:02F7:022C|192:004A:02B6:030C:0230|193:004A:02A6:02E9:0230|194:004A:02B6:030B:0220|195:004A:02A6:030A:0220|196:004A:02B6:0301:0240
round6_phase1,0xFA,3406,0x0002,0x0003,0x0000,0x01,0x0074,0x0000,0x0000,actor_2c8,6,0x10C448,0x01,0x55,0x00,0x00,0x02,0x00,0x04,0x013D,0x0289,0x00D0,0x00,0x44,0x00,200,10,200:4044:0289:001D:012E|201:4044:0279:00E5:012E|202:4044:0269:00E3:012E|203:4044:0289:001C:013E|204:4044:0279:00E4:013E|205:4044:0269:00E2:013E|206:4044:0289:001B:014E|207:4044:0289:001E:011E|208:4044:0279:00E6:011E
round6_phase1,0xFA,3406,0x0002,0x0003,0x0000,0x01,0x0074,0x0000,0x0000,actor_2c8,7,0x10C488,0x01,0xCB,0x00,0x00,0x02,0x00,0x00,0x010D,0x0289,0x0420,0x00,0x47,0x00,210,10,210:4047:0268:0420:010C|211:4047:0268:0421:00FC|212:4047:0278:0422:010C|213:4047:0278:0423:00FC|214:4047:0279:0429:0104|215:4047:0289:042A:0104
round6_phase1,0xFA,3406,0x0002,0x0003,0x0000,0x01,0x0074,0x0000,0x0000,actor_2c8,8,0x10C4C8,0x01,0x19,0x00,0x00,0x02,0x00,0x00,0x0137,0x0289,0x004B,0x00,0x46,0x00,220,19,220:4046:028A:006D:0126|221:4046:027A:006B:0126|222:4046:027A:004E:0126|223:4046:026A:004C:0126|224:4046:028A:006C:0136|225:4046:027A:006A:0136|226:4046:027A:004D:0136|227:4046:026A:004B:0136
round6_phase1,0xFA,3406,0x0002,0x0003,0x0000,0x01,0x0074,0x0000,0x0000,actor_748,0,0x10C748,0x01,0xAB,0x01,0x00,0x02,0x03,0x00,0x028A,0x02B5,0x02E8,0x01,0x00,0x00,46,1,46:400A:02AD:0323:0281
round6_phase1,0xFA,3406,0x0002,0x0003,0x0000,0x01,0x0074,0x0000,0x0000,actor_748,1,0x10C788,0x01,0xAB,0x01,0x00,0x02,0x03,0x00,0x025D,0x02B5,0x02E8,0x01,0x00,0x00,47,1,47:400A:02AD:0323:0251
round6_phase1,0xFA,3408,0x0002,0x0003,0x0000,0x01,0x0074,0x0000,0x0000,actor_2c8,6,0x10C448,0x01,0x55,0x00,0x00,0x02,0x00,0x04,0x013D,0x0289,0x00D0,0x00,0x44,0x00,200,10,200:4044:0289:0021:012C|201:4044:0279:00DC:012C|202:4044:0269:00DA:012C|203:4044:0289:0020:013C|204:4044:0279:00DB:013C|205:4044:0269:00D9:013C|206:4044:0289:001F:014C|207:4044:0289:0022:011C|208:4044:0279:00DD:011C
round6_phase1,0xFA,3408,0x0002,0x0003,0x0000,0x01,0x0074,0x0000,0x0000,actor_2c8,7,0x10C488,0x01,0xCB,0x00,0x00,0x02,0x00,0x00,0x010B,0x0289,0x0420,0x00,0x47,0x00,210,10,210:4047:0268:0420:010A|211:4047:0268:0421:00FA|212:4047:0278:0422:010A|213:4047:0278:0423:00FA|214:4047:0279:0429:0102|215:4047:0289:042A:0102
round6_phase1,0xFA,3408,0x0002,0x0003,0x0000,0x01,0x0074,0x0000,0x0000,actor_2c8,8,0x10C4C8,0x01,0x19,0x00,0x00,0x02,0x00,0x00,0x0135,0x0289,0x004B,0x00,0x46,0x00,220,19,220:4046:028A:006D:0124|221:4046:027A:006B:0124|222:4046:027A:004E:0124|223:4046:026A:004C:0124|224:4046:028A:006C:0134|225:4046:027A:006A:0134|226:4046:027A:004D:0134|227:4046:026A:004B:0134
round6_phase1,0xFA,3408,0x0002,0x0003,0x0000,0x01,0x0074,0x0000,0x0000,actor_748,0,0x10C748,0x01,0xAC,0x01,0x00,0x02,0x03,0x00,0x028D,0x02B5,0x02E8,0x01,0x00,0x00,46,1,46:400A:02AD:0324:0284
round6_phase1,0xFA,3408,0x0002,0x0003,0x0000,0x01,0x0074,0x0000,0x0000,actor_748,1,0x10C788,0x01,0xAC,0x01,0x00,0x02,0x03,0x00,0x0260,0x02B5,0x02E8,0x01,0x00,0x00,47,1,47:400A:02AD:0324:0254
round6_phase1,0xFA,3410,0x0002,0x0003,0x0000,0x01,0x0074,0x0000,0x0000,actor_2c8,5,0x10C408,0x01,0xB4,0x01,0x00,0x01,0x00,0x02,0x023B,0x02C9,0x02E8,0x00,0x4A,0x00,190,10,190:004A:02C9:02F8:022E|191:004A:02B9:02F7:022E|192:004A:02B6:030C:0232|193:004A:02A6:02E9:0232|194:004A:02B6:030B:0222|195:004A:02A6:030A:0222|196:004A:02B6:0301:0242
round6_phase1,0xFA,3410,0x0002,0x0003,0x0000,0x01,0x0074,0x0000,0x0000,actor_2c8,7,0x10C488,0x01,0xCB,0x00,0x00,0x02,0x00,0x00,0x0109,0x0289,0x0420,0x00,0x47,0x00,210,10,210:4047:0268:0420:0108|211:4047:0268:0421:00F8|212:4047:0278:0422:0108|213:4047:0278:0423:00F8|214:4047:0279:0429:0100|215:4047:0289:042A:0100
round6_phase1,0xFA,3410,0x0002,0x0003,0x0000,0x01,0x0074,0x0000,0x0000,actor_2c8,8,0x10C4C8,0x01,0x19,0x00,0x00,0x02,0x00,0x00,0x0133,0x0289,0x004B,0x00,0x46,0x00,220,19,220:4046:028A:006D:0122|221:4046:027A:006B:0122|222:4046:027A:004E:0122|223:4046:026A:004C:0122|224:4046:028A:006C:0132|225:4046:027A:006A:0132|226:4046:027A:004D:0132|227:4046:026A:004B:0132
round6_phase1,0xFA,3410,0x0002,0x0003,0x0000,0x01,0x0074,0x0000,0x0000,actor_748,0,0x10C748,0x01,0xAD,0x01,0x00,0x02,0x03,0x00,0x0290,0x02B5,0x02E8,0x01,0x00,0x00,46,1,46:400A:02AD:0325:0287
round6_phase1,0xFA,3410,0x0002,0x0003,0x0000,0x01,0x0074,0x0000,0x0000,actor_748,1,0x10C788,0x01,0xAD,0x01,0x00,0x02,0x03,0x00,0x0263,0x02B5,0x02E8,0x01,0x00,0x00,47,1,47:400A:02AD:0325:0257
round6_phase1,0xFA,3412,0x0002,0x0003,0x0000,0x01,0x0074,0x0000,0x0000,actor_2c8,5,0x10C408,0x01,0x68,0x01,0x00,0x01,0x00,0x02,0x023D,0x02C9,0x02E8,0x00,0x4A,0x00,190,10,190:004A:02C9:02F6:0234|191:004A:02B9:02F4:0234|192:004A:02C9:02F5:0224|193:004A:02B6:030C:0234|194:004A:02A6:02E9:0234|195:004A:02B6:030B:0224|196:004A:02A6:030A:0224|197:004A:02B6:0301:0244
round6_phase1,0xFA,3412,0x0002,0x0003,0x0000,0x01,0x0074,0x0000,0x0000,actor_2c8,6,0x10C448,0x01,0x55,0x00,0x00,0x02,0x00,0x04,0x013B,0x0289,0x00D0,0x00,0x44,0x00,200,10,200:4044:0289:0021:012A|201:4044:0279:00DC:012A|202:4044:0269:00DA:012A|203:4044:0289:0020:013A|204:4044:0279:00DB:013A|205:4044:0269:00D9:013A|206:4044:0289:001F:014A|207:4044:0289:0022:011A|208:4044:0279:00DD:011A
round6_phase1,0xFA,3412,0x0002,0x0003,0x0000,0x01,0x0074,0x0000,0x0000,actor_2c8,7,0x10C488,0x01,0xCC,0x00,0x00,0x02,0x00,0x00,0x0107,0x0289,0x0420,0x00,0x47,0x00,210,10,210:4047:0269:0420:0106|211:4047:0269:0421:00F6|212:4047:0279:0422:0106|213:4047:0279:0423:00F6|214:4047:027A:0427:00FE|215:4047:028A:0428:00FE
round6_phase1,0xFA,3412,0x0002,0x0003,0x0000,0x01,0x0074,0x0000,0x0000,actor_2c8,8,0x10C4C8,0x01,0x18,0x00,0x00,0x02,0x00,0x00,0x0131,0x0289,0x004B,0x00,0x46,0x00,220,19,220:4046:0289:0069:0120|221:4046:0279:0067:0120|222:4046:0279:004E:0120|223:4046:0269:004C:0120|224:4046:0289:0068:0130|225:4046:0279:0063:0130|226:4046:0279:004D:0130|227:4046:0269:004B:0130
round6_phase1,0xFA,3412,0x0002,0x0003,0x0000,0x01,0x0074,0x0000,0x0000,actor_748,0,0x10C748,0x01,0xAE,0x01,0x00,0x02,0x03,0x00,0x0293,0x02B5,0x02E8,0x01,0x00,0x00,46,1,46:400A:02AD:0326:028A
round6_phase1,0xFA,3412,0x0002,0x0003,0x0000,0x01,0x0074,0x0000,0x0000,actor_748,1,0x10C788,0x01,0xAE,0x01,0x00,0x02,0x03,0x00,0x0266,0x02B5,0x02E8,0x01,0x00,0x00,47,1,47:400A:02AD:0326:025A
round6_phase1,0xFA,3414,0x0002,0x0003,0x0000,0x01,0x0074,0x0000,0x0000,actor_2c8,5,0x10C408,0x01,0x68,0x01,0x00,0x01,0x00,0x02,0x023F,0x02C9,0x02E8,0x00,0x4A,0x00,190,10,190:004A:02C9:02F6:0236|191:004A:02B9:02F4:0236|192:004A:02C9:02F5:0226|193:004A:02B6:030C:0236|194:004A:02A6:02E9:0236|195:004A:02B6:030B:0226|196:004A:02A6:030A:0226|197:004A:02B6:0301:0246
round6_phase1,0xFA,3414,0x0002,0x0003,0x0000,0x01,0x0074,0x0000,0x0000,actor_2c8,6,0x10C448,0x01,0x56,0x00,0x00,0x02,0x00,0x05,0x0139,0x0289,0x00D0,0x00,0x44,0x00,200,10,200:4044:0289:0021:012A|201:4044:0279:00DC:012A|202:4044:0269:00DA:012A|203:4044:0289:0020:013A|204:4044:0279:00DB:013A|205:4044:0269:00D9:013A|206:4044:0289:001F:014A|207:4044:0289:0022:011A|208:4044:0279:00DD:011A
round6_phase1,0xFA,3414,0x0002,0x0003,0x0000,0x01,0x0074,0x0000,0x0000,actor_2c8,8,0x10C4C8,0x01,0x18,0x00,0x00,0x02,0x00,0x00,0x012F,0x0289,0x004B,0x00,0x46,0x00,220,19,220:4046:0289:0069:011E|221:4046:0279:0067:011E|222:4046:0279:004E:011E|223:4046:0269:004C:011E|224:4046:0289:0068:012E|225:4046:0279:0063:012E|226:4046:0279:004D:012E|227:4046:0269:004B:012E
round6_phase1,0xFA,3414,0x0002,0x0003,0x0000,0x01,0x0074,0x0000,0x0000,actor_748,0,0x10C748,0x01,0xAF,0x01,0x00,0x02,0x03,0x00,0x0296,0x02B5,0x02E8,0x01,0x00,0x00,46,1,46:400A:02AD:0327:028D
round6_phase1,0xFA,3414,0x0002,0x0003,0x0000,0x01,0x0074,0x0000,0x0000,actor_748,1,0x10C788,0x01,0xAF,0x01,0x00,0x02,0x03,0x00,0x0269,0x02B5,0x02E8,0x01,0x00,0x00,47,1,47:400A:02AD:0327:025D
round6_phase1,0xFA,3416,0x0002,0x0003,0x0000,0x01,0x0074,0x0000,0x0000,actor_2c8,5,0x10C408,0x01,0x68,0x01,0x00,0x01,0x00,0x02,0x023F,0x02C9,0x02E8,0x00,0x4A,0x00,190,10,190:004A:02C9:02F6:0238|191:004A:02B9:02F4:0238|192:004A:02C9:02F5:0228|193:004A:02B6:030C:0238|194:004A:02A6:02E9:0238|195:004A:02B6:030B:0228|196:004A:02A6:030A:0228|197:004A:02B6:0301:0248
round6_phase1,0xFA,3416,0x0002,0x0003,0x0000,0x01,0x0074,0x0000,0x0000,actor_2c8,6,0x10C448,0x01,0x56,0x00,0x00,0x02,0x00,0x05,0x0139,0x0289,0x00D0,0x00,0x44,0x00,200,10,200:4044:0289:0025:0128|201:4044:0279:00D3:0128|202:4044:0269:00D1:0128|203:4044:0289:0024:0138|204:4044:0279:00D2:0138|205:4044:0269:00D0:0138|206:4044:0289:0023:0148|207:4044:0289:0026:0118|208:4044:0279:00D4:0118
round6_phase1,0xFA,3416,0x0002,0x0003,0x0000,0x01,0x0074,0x0000,0x0000,actor_2c8,7,0x10C488,0x01,0xCC,0x00,0x00,0x02,0x00,0x00,0x0103,0x0289,0x0420,0x00,0x47,0x00,210,10,210:4047:0269:0420:0104|211:4047:0269:0421:00F4|212:4047:0279:0422:0104|213:4047:0279:0423:00F4|214:4047:027A:0427:00FC|215:4047:028A:0428:00FC
round6_phase1,0xFA,3416,0x0002,0x0003,0x0000,0x01,0x0074,0x0000,0x0000,actor_748,0,0x10C748,0x01,0x2B,0x01,0x00,0x0F,0x03,0x00,0x0299,0x02B5,0x019D,0x01,0x00,0x00,46,1,46:400A:02AD:0328:0290
round6_phase1,0xFA,3416,0x0002,0x0003,0x0000,0x01,0x0074,0x0000,0x0000,actor_748,1,0x10C788,0x01,0xB0,0x01,0x00,0x02,0x03,0x00,0x026C,0x02B5,0x02E8,0x01,0x00,0x00,47,1,47:400A:02AD:0328:0260
round6_phase1,0xFA,3418,0x0002,0x0003,0x0000,0x01,0x0074,0x0000,0x0000,actor_2c8,5,0x10C408,0x01,0x68,0x01,0x00,0x01,0x00,0x02,0x0241,0x02C9,0x02E8,0x00,0x4A,0x00,190,10,190:004A:02C9:02F6:023A|191:004A:02B9:02F4:023A|192:004A:02C9:02F5:022A|193:004A:02B6:030C:023A|194:004A:02A6:02E9:023A|195:004A:02B6:030B:022A|196:004A:02A6:030A:022A|197:004A:02B6:0301:024A
round6_phase1,0xFA,3418,0x0002,0x0003,0x0000,0x01,0x0074,0x0000,0x0000,actor_2c8,7,0x10C488,0x01,0xCC,0x00,0x00,0x02,0x00,0x00,0x0101,0x0289,0x0420,0x00,0x47,0x00,210,10,210:4047:0269:0420:0102|211:4047:0269:0421:00F2|212:4047:0279:0422:0102|213:4047:0279:0423:00F2|214:4047:027A:0427:00FA|215:4047:028A:0428:00FA
round6_phase1,0xFA,3418,0x0002,0x0003,0x0000,0x01,0x0074,0x0000,0x0000,actor_2c8,8,0x10C4C8,0x01,0x18,0x00,0x00,0x02,0x00,0x00,0x012B,0x0289,0x004B,0x00,0x46,0x00,220,19,220:4046:0289:0069:011C|221:4046:0279:0067:011C|222:4046:0279:004E:011C|223:4046:0269:004C:011C|224:4046:0289:0068:012C|225:4046:0279:0063:012C|226:4046:0279:004D:012C|227:4046:0269:004B:012C
round6_phase1,0xFA,3418,0x0002,0x0003,0x0000,0x01,0x0074,0x0000,0x0000,actor_748,0,0x10C748,0x01,0x2B,0x01,0x00,0x0F,0x03,0x00,0x0299,0x02B5,0x019D,0x01,0x00,0x00,46,1,46:4004:02AD:01BB:0290
round6_phase1,0xFA,3418,0x0002,0x0003,0x0000,0x01,0x0074,0x0000,0x0000,actor_748,1,0x10C788,0x01,0xB1,0x01,0x00,0x02,0x03,0x00,0x026F,0x02B5,0x02E8,0x01,0x00,0x00,47,1,47:400A:02AD:0329:0263
round6_phase1,0xFA,3420,0x0002,0x0003,0x0000,0x01,0x0074,0x0000,0x0000,actor_2c8,5,0x10C408,0x01,0xB3,0x01,0x00,0x01,0x00,0x02,0x0243,0x02C9,0x02E8,0x00,0x4A,0x00,190,10,190:004A:02C9:02F3:0235|191:004A:02B9:02F2:0235|192:004A:02B6:030C:023C|193:004A:02A6:02E9:023C|194:004A:02B6:030B:022C|195:004A:02A6:030A:022C|196:004A:02B6:0301:024C
round6_phase1,0xFA,3420,0x0002,0x0003,0x0000,0x01,0x0074,0x0000,0x0000,actor_2c8,6,0x10C448,0x01,0x56,0x00,0x00,0x02,0x00,0x05,0x0137,0x0289,0x00D0,0x00,0x44,0x00,200,10,200:4044:0289:0025:0126|201:4044:0279:00D3:0126|202:4044:0269:00D1:0126|203:4044:0289:0024:0136|204:4044:0279:00D2:0136|205:4044:0269:00D0:0136|206:4044:0289:0023:0146|207:4044:0289:0026:0116|208:4044:0279:00D4:0116
round6_phase1,0xFA,3420,0x0002,0x0003,0x0000,0x01,0x0074,0x0000,0x0000,actor_2c8,7,0x10C488,0x01,0xC9,0x00,0x00,0x02,0x00,0x00,0x00FF,0x0289,0x0420,0x00,0x47,0x00,210,10,210:4047:0268:0420:0100|211:4047:0268:0421:00F0|212:4047:0278:0422:0100|213:4047:0278:0423:00F0|214:4047:0279:0424:00F8|215:4047:0289:0425:0100|216:4047:0289:0426:00F0
round6_phase1,0xFA,3420,0x0002,0x0003,0x0000,0x01,0x0074,0x0000,0x0000,actor_2c8,8,0x10C4C8,0x01,0x17,0x00,0x00,0x02,0x00,0x00,0x0129,0x0289,0x004B,0x00,0x46,0x00,220,19,220:4046:028A:0066:011A|221:4046:027A:0064:011A|222:4046:027A:004E:011A|223:4046:026A:004C:011A|224:4046:028A:0065:012A|225:4046:027A:0063:012A|226:4046:027A:004D:012A|227:4046:026A:004B:012A
round6_phase1,0xFA,3420,0x0002,0x0003,0x0000,0x01,0x0074,0x0000,0x0000,actor_748,0,0x10C748,0x01,0x2D,0x01,0x00,0x0F,0x03,0x00,0x0299,0x02B5,0x019D,0x01,0x00,0x00,46,1,46:4004:02AD:01BB:0290
round6_phase1,0xFA,3420,0x0002,0x0003,0x0000,0x01,0x0074,0x0000,0x0000,actor_748,1,0x10C788,0x01,0xAA,0x01,0x00,0x02,0x03,0x00,0x0272,0x02B5,0x02E8,0x01,0x00,0x00,47,1,47:400A:02AD:0322:0266
round6_phase1,0xFA,3422,0x0002,0x0003,0x0000,0x01,0x0074,0x0000,0x0000,actor_2c8,5,0x10C408,0x01,0xB3,0x01,0x00,0x01,0x00,0x02,0x0245,0x02C9,0x02E8,0x00,0x4A,0x00,190,10,190:004A:02C9:02F3:0237|191:004A:02B9:02F2:0237|192:004A:02B6:030C:023E|193:004A:02A6:02E9:023E|194:004A:02B6:030B:022E|195:004A:02A6:030A:022E|196:004A:02B6:0301:024E
round6_phase1,0xFA,3422,0x0002,0x0003,0x0000,0x01,0x0074,0x0000,0x0000,actor_2c8,6,0x10C448,0x01,0x51,0x00,0x00,0x02,0x00,0x00,0x0137,0x0289,0x00D0,0x00,0x44,0x00,200,10,200:4044:0289:0025:0126|201:4044:0279:00D3:0126|202:4044:0269:00D1:0126|203:4044:0289:0024:0136|204:4044:0279:00D2:0136|205:4044:0269:00D0:0136|206:4044:0289:0023:0146|207:4044:0289:0026:0116|208:4044:0279:00D4:0116
round6_phase1,0xFA,3422,0x0002,0x0003,0x0000,0x01,0x0074,0x0000,0x0000,actor_2c8,7,0x10C488,0x01,0xC9,0x00,0x00,0x02,0x00,0x00,0x00FF,0x0289,0x0420,0x00,0x47,0x00,210,10,210:4047:0268:0420:00FE|211:4047:0268:0421:00EE|212:4047:0278:0422:00FE|213:4047:0278:0423:00EE|214:4047:0279:0424:00F6|215:4047:0289:0425:00FE|216:4047:0289:0426:00EE
round6_phase1,0xFA,3422,0x0002,0x0003,0x0000,0x01,0x0074,0x0000,0x0000,actor_2c8,8,0x10C4C8,0x01,0x17,0x00,0x00,0x02,0x00,0x00,0x0127,0x0289,0x004B,0x00,0x46,0x00,220,19,220:4046:028A:0066:0118|221:4046:027A:0064:0118|222:4046:027A:004E:0118|223:4046:026A:004C:0118|224:4046:028A:0065:0128|225:4046:027A:0063:0128|226:4046:027A:004D:0128|227:4046:026A:004B:0128
round6_phase1,0xFA,3422,0x0002,0x0003,0x0000,0x01,0x0074,0x0000,0x0000,actor_748,0,0x10C748,0x01,0x2D,0x01,0x00,0x0F,0x03,0x00,0x0299,0x02B5,0x019D,0x01,0x00,0x00,46,1,46:4004:02AD:01BD:0290
round6_phase1,0xFA,3422,0x0002,0x0003,0x0000,0x01,0x0074,0x0000,0x0000,actor_748,1,0x10C788,0x01,0xAB,0x01,0x00,0x02,0x03,0x00,0x0275,0x02B5,0x02E8,0x01,0x00,0x00,47,1,47:400A:02AD:0323:0269
round6_phase1,0xFA,3424,0x0002,0x0003,0x0000,0x01,0x0074,0x0000,0x0000,actor_2c8,5,0x10C408,0x01,0xB3,0x01,0x00,0x01,0x00,0x02,0x0247,0x02C9,0x02E8,0x00,0x4A,0x00,190,10,190:004A:02C9:02F3:0239|191:004A:02B9:02F2:0239|192:004A:02B6:030C:0240|193:004A:02A6:02E9:0240|194:004A:02B6:030B:0230|195:004A:02A6:030A:0230|196:004A:02B6:0301:0250
round6_phase1,0xFA,3424,0x0002,0x0003,0x0000,0x01,0x0074,0x0000,0x0000,actor_2c8,6,0x10C448,0x01,0x52,0x00,0x00,0x02,0x00,0x01,0x0135,0x0289,0x00D0,0x00,0x44,0x00,200,10,200:4044:0289:0015:0124|201:4044:0279:00DC:0124|202:4044:0269:00DA:0124|203:4044:0289:0014:0134|204:4044:0279:00DB:0134|205:4044:0269:00D9:0134|206:4044:0289:0013:0144|207:4044:0289:0016:0114|208:4044:0279:00DD:0114
round6_phase1,0xFA,3424,0x0002,0x0003,0x0000,0x01,0x0074,0x0000,0x0000,actor_2c8,7,0x10C488,0x01,0xC9,0x00,0x00,0x02,0x00,0x00,0x00FD,0x0289,0x0420,0x00,0x47,0x00,210,10,210:4047:0268:0420:00FC|211:4047:0268:0421:00EC|212:4047:0278:0422:00FC|213:4047:0278:0423:00EC|214:4047:0279:0424:00F4|215:4047:0289:0425:00FC|216:4047:0289:0426:00EC
round6_phase1,0xFA,3424,0x0002,0x0003,0x0000,0x01,0x0074,0x0000,0x0000,actor_2c8,8,0x10C4C8,0x01,0x17,0x00,0x00,0x02,0x00,0x00,0x0127,0x0289,0x004B,0x00,0x46,0x00,220,19,220:4046:028A:0066:0116|221:4046:027A:0064:0116|222:4046:027A:004E:0116|223:4046:026A:004C:0116|224:4046:028A:0065:0126|225:4046:027A:0063:0126|226:4046:027A:004D:0126|227:4046:026A:004B:0126
round6_phase1,0xFA,3424,0x0002,0x0003,0x0000,0x01,0x0074,0x0000,0x0000,actor_748,0,0x10C748,0x01,0x2F,0x01,0x00,0x0F,0x03,0x00,0x0299,0x02B5,0x019D,0x01,0x00,0x00,46,1,46:4004:02AD:01BD:0290
round6_phase1,0xFA,3424,0x0002,0x0003,0x0000,0x01,0x0074,0x0000,0x0000,actor_748,1,0x10C788,0x01,0xAC,0x01,0x00,0x02,0x03,0x00,0x0278,0x02B5,0x02E8,0x01,0x00,0x00,47,1,47:400A:02AD:0324:026C
round6_phase1,0xFA,3426,0x0002,0x0003,0x0000,0x01,0x0074,0x0000,0x0000,actor_2c8,7,0x10C488,0x01,0xC9,0x00,0x00,0x02,0x00,0x00,0x00FB,0x0289,0x0420,0x00,0x47,0x00,210,10,210:4047:0268:0420:00FA|211:4047:0268:0421:00EA|212:4047:0278:0422:00FA|213:4047:0278:0423:00EA|214:4047:0279:0424:00F2|215:4047:0289:0425:00FA|216:4047:0289:0426:00EA
round6_phase1,0xFA,3426,0x0002,0x0003,0x0000,0x01,0x0074,0x0000,0x0000,actor_2c8,8,0x10C4C8,0x01,0x17,0x00,0x00,0x02,0x00,0x00,0x0125,0x0289,0x004B,0x00,0x46,0x00,220,19,220:4046:028A:0066:0114|221:4046:027A:0064:0114|222:4046:027A:004E:0114|223:4046:026A:004C:0114|224:4046:028A:0065:0124|225:4046:027A:0063:0124|226:4046:027A:004D:0124|227:4046:026A:004B:0124
round6_phase1,0xFA,3426,0x0002,0x0003,0x0000,0x01,0x0074,0x0000,0x0000,actor_748,0,0x10C748,0x01,0x2F,0x01,0x00,0x0F,0x03,0x00,0x0299,0x02B5,0x019D,0x01,0x00,0x00,46,1,46:4004:02AD:01BF:0290
round6_phase1,0xFA,3426,0x0002,0x0003,0x0000,0x01,0x0074,0x0000,0x0000,actor_748,1,0x10C788,0x01,0xAD,0x01,0x00,0x02,0x03,0x00,0x027B,0x02B5,0x02E8,0x01,0x00,0x00,47,1,47:400A:02AD:0325:026F
round6_phase1,0xFA,3428,0x0002,0x0003,0x0000,0x01,0x0074,0x0000,0x0000,actor_2c8,5,0x10C408,0x01,0x68,0x01,0x00,0x01,0x00,0x02,0x024B,0x02C9,0x02E8,0x00,0x4A,0x00,190,10,190:004A:02C9:02F6:0242|191:004A:02B9:02F4:0242|192:004A:02C9:02F5:0232|193:004A:02B6:030C:0242|194:004A:02A6:02E9:0242|195:004A:02B6:030B:0232|196:004A:02A6:030A:0232|197:004A:02B6:0301:0252
round6_phase1,0xFA,3428,0x0002,0x0003,0x0000,0x01,0x0074,0x0000,0x0000,actor_2c8,6,0x10C448,0x01,0x52,0x00,0x00,0x02,0x00,0x01,0x0133,0x0289,0x00D0,0x00,0x44,0x00,200,10,200:4044:0289:0015:0122|201:4044:0279:00DC:0122|202:4044:0269:00DA:0122|203:4044:0289:0014:0132|204:4044:0279:00DB:0132|205:4044:0269:00D9:0132|206:4044:0289:0013:0142|207:4044:0289:0016:0112|208:4044:0279:00DD:0112
round6_phase1,0xFA,3428,0x0002,0x0003,0x0000,0x01,0x0074,0x0000,0x0000,actor_2c8,7,0x10C488,0x01,0xCA,0x00,0x00,0x02,0x00,0x00,0x00F9,0x0289,0x0420,0x00,0x47,0x00,210,10,210:4047:0269:0420:00F8|211:4047:0269:0421:00E8|212:4047:0279:0422:00F8|213:4047:0279:0423:00E8|214:4047:027A:0427:00F0|215:4047:028A:0428:00F0
round6_phase1,0xFA,3428,0x0002,0x0003,0x0000,0x01,0x0074,0x0000,0x0000,actor_2c8,8,0x10C4C8,0x01,0x18,0x00,0x00,0x02,0x00,0x00,0x0123,0x0289,0x004B,0x00,0x46,0x00,220,19,220:4046:0289:0069:0112|221:4046:0279:0067:0112|222:4046:0279:004E:0112|223:4046:0269:004C:0112|224:4046:0289:0068:0122|225:4046:0279:0063:0122|226:4046:0279:004D:0122|227:4046:0269:004B:0122
round6_phase1,0xFA,3428,0x0002,0x0003,0x0000,0x01,0x0074,0x0000,0x0000,actor_748,1,0x10C788,0x01,0xAE,0x01,0x00,0x02,0x03,0x00,0x027E,0x02B5,0x02E8,0x01,0x00,0x00,47,1,47:400A:02AD:0326:0272
round6_phase1,0xFA,3430,0x0002,0x0003,0x0000,0x01,0x0074,0x0000,0x0000,actor_2c8,5,0x10C408,0x01,0x68,0x01,0x00,0x01,0x00,0x02,0x024D,0x02C9,0x02E8,0x00,0x4A,0x00,190,10,190:004A:02C9:02F6:0244|191:004A:02B9:02F4:0244|192:004A:02C9:02F5:0234|193:004A:02B6:030C:0244|194:004A:02A6:02E9:0244|195:004A:02B6:030B:0234|196:004A:02A6:030A:0234|197:004A:02B6:0301:0254
round6_phase1,0xFA,3430,0x0002,0x0003,0x0000,0x01,0x0074,0x0000,0x0000,actor_2c8,7,0x10C488,0x01,0xCA,0x00,0x00,0x02,0x00,0x00,0x00F7,0x0289,0x0420,0x00,0x47,0x00,210,10,210:4047:0269:0420:00F6|211:4047:0269:0421:00E6|212:4047:0279:0422:00F6|213:4047:0279:0423:00E6|214:4047:027A:0427:00EE|215:4047:028A:0428:00EE
round6_phase1,0xFA,3430,0x0002,0x0003,0x0000,0x01,0x0074,0x0000,0x0000,actor_2c8,8,0x10C4C8,0x01,0x18,0x00,0x00,0x02,0x00,0x00,0x0121,0x0289,0x004B,0x00,0x46,0x00,220,19,220:4046:0289:0069:0110|221:4046:0279:0067:0110|222:4046:0279:004E:0110|223:4046:0269:004C:0110|224:4046:0289:0068:0120|225:4046:0279:0063:0120|226:4046:0279:004D:0120|227:4046:0269:004B:0120
round6_phase1,0xFA,3430,0x0002,0x0003,0x0000,0x01,0x0074,0x0000,0x0000,actor_748,1,0x10C788,0x01,0xAF,0x01,0x00,0x02,0x03,0x00,0x0281,0x02B5,0x02E8,0x01,0x00,0x00,47,1,47:400A:02AD:0327:0275
round6_phase1,0xFA,3432,0x0002,0x0003,0x0000,0x01,0x0074,0x0000,0x0000,actor_2c8,5,0x10C408,0x01,0x68,0x01,0x00,0x01,0x00,0x02,0x024F,0x02C9,0x02E8,0x00,0x4A,0x00,190,10,190:004A:02C9:02F6:0246|191:004A:02B9:02F4:0246|192:004A:02C9:02F5:0236|193:004A:02B6:030C:0246|194:004A:02A6:02E9:0246|195:004A:02B6:030B:0236|196:004A:02A6:030A:0236|197:004A:02B6:0301:0256
round6_phase1,0xFA,3432,0x0002,0x0003,0x0000,0x01,0x0074,0x0000,0x0000,actor_2c8,6,0x10C448,0x01,0x53,0x00,0x00,0x02,0x00,0x02,0x0131,0x0289,0x00D0,0x00,0x44,0x00,200,10,200:4044:0289:0019:0120|201:4044:0279:00E5:0120|202:4044:0269:00E3:0120|203:4044:0289:0018:0130|204:4044:0279:00E4:0130|205:4044:0269:00E2:0130|206:4044:0289:0017:0140|207:4044:0289:001A:0110|208:4044:0279:00E6:0110
round6_phase1,0xFA,3432,0x0002,0x0003,0x0000,0x01,0x0074,0x0000,0x0000,actor_2c8,8,0x10C4C8,0x01,0x18,0x00,0x00,0x02,0x00,0x00,0x011F,0x0289,0x004B,0x00,0x46,0x00,220,19,220:4046:0289:0069:010E|221:4046:0279:0067:010E|222:4046:0279:004E:010E|223:4046:0269:004C:010E|224:4046:0289:0068:011E|225:4046:0279:0063:011E|226:4046:0279:004D:011E|227:4046:0269:004B:011E
round6_phase1,0xFA,3432,0x0002,0x0003,0x0000,0x01,0x0074,0x0000,0x0000,actor_748,1,0x10C788,0x01,0xB0,0x01,0x00,0x02,0x03,0x00,0x0284,0x02B5,0x02E8,0x01,0x00,0x00,47,1,47:400A:02AD:0328:0278
round6_phase1,0xFA,3434,0x0002,0x0003,0x0000,0x01,0x0074,0x0000,0x0000,actor_2c8,5,0x10C408,0x01,0x68,0x01,0x00,0x01,0x00,0x02,0x024F,0x02C9,0x02E8,0x00,0x4A,0x00,190,10,190:004A:02C9:02F6:0248|191:004A:02B9:02F4:0248|192:004A:02C9:02F5:0238|193:004A:02B6:030C:0248|194:004A:02A6:02E9:0248|195:004A:02B6:030B:0238|196:004A:02A6:030A:0238|197:004A:02B6:0301:0258
round6_phase1,0xFA,3434,0x0002,0x0003,0x0000,0x01,0x0074,0x0000,0x0000,actor_748,1,0x10C788,0x01,0xB1,0x01,0x00,0x02,0x03,0x00,0x0287,0x02B5,0x02E8,0x01,0x00,0x00,47,1,47:400A:02AD:0329:027B
round6_phase1,0xFA,3436,0x0002,0x0003,0x0000,0x01,0x0074,0x0000,0x0000,actor_2c8,5,0x10C408,0x01,0xB4,0x01,0x00,0x01,0x00,0x02,0x0251,0x02C9,0x02E8,0x00,0x4A,0x00,190,10,190:004A:02C9:02F8:0246|191:004A:02B9:02F7:0246|192:004A:02B6:030C:024A|193:004A:02A6:02E9:024A|194:004A:02B6:030B:023A|195:004A:02A6:030A:023A|196:004A:02B6:0301:025A
round6_phase1,0xFA,3436,0x0002,0x0003,0x0000,0x01,0x0074,0x0000,0x0000,actor_2c8,6,0x10C448,0x01,0x53,0x00,0x00,0x02,0x00,0x02,0x012F,0x0289,0x00D0,0x00,0x44,0x00,200,10,200:4044:0289:0019:011E|201:4044:0279:00E5:011E|202:4044:0269:00E3:011E|203:4044:0289:0018:012E|204:4044:0279:00E4:012E|205:4044:0269:00E2:012E|206:4044:0289:0017:013E|207:4044:0289:001A:010E|208:4044:0279:00E6:010E
round6_phase1,0xFA,3436,0x0002,0x0003,0x0000,0x01,0x0074,0x0000,0x0000,actor_2c8,7,0x10C488,0x01,0xCB,0x01,0x00,0x01,0x00,0x00,0x00FD,0x0289,0x0420,0x01,0x47,0x00,210,10,210:4047:0268:0420:00FA|211:4047:0268:0421:00EA|212:4047:0278:0422:00FA|213:4047:0278:0423:00EA|214:4047:0279:0429:00F2|215:4047:0289:042A:00F2
round6_phase1,0xFA,3436,0x0002,0x0003,0x0000,0x01,0x0074,0x0000,0x0000,actor_2c8,8,0x10C4C8,0x01,0x19,0x00,0x00,0x02,0x00,0x00,0x011B,0x0289,0x004B,0x00,0x46,0x00,220,19,220:4046:028A:006D:010C|221:4046:027A:006B:010C|222:4046:027A:004E:010C|223:4046:026A:004C:010C|224:4046:028A:006C:011C|225:4046:027A:006A:011C|226:4046:027A:004D:011C|227:4046:026A:004B:011C
round6_phase1,0xFA,3436,0x0002,0x0003,0x0000,0x01,0x0074,0x0000,0x0000,actor_748,1,0x10C788,0x01,0xAA,0x01,0x00,0x02,0x03,0x00,0x028A,0x02B5,0x02E8,0x01,0x00,0x00,47,1,47:400A:02AD:0322:027E
round6_phase1,0xFA,3438,0x0002,0x0003,0x0000,0x01,0x0074,0x0000,0x0000,actor_2c8,5,0x10C408,0x01,0xB4,0x01,0x00,0x01,0x00,0x02,0x0253,0x02C9,0x02E8,0x00,0x4A,0x00,190,10,190:004A:02C9:02F8:0248|191:004A:02B9:02F7:0248|192:004A:02B6:030C:024C|193:004A:02A6:02E9:024C|194:004A:02B6:030B:023C|195:004A:02A6:030A:023C|196:004A:02B6:0301:025C
round6_phase1,0xFA,3438,0x0002,0x0003,0x0000,0x01,0x0074,0x0000,0x0000,actor_2c8,7,0x10C488,0x01,0xCB,0x01,0x00,0x01,0x00,0x00,0x00FF,0x0289,0x0420,0x01,0x47,0x00,210,10,210:4047:0268:0420:00FC|211:4047:0268:0421:00EC|212:4047:0278:0422:00FC|213:4047:0278:0423:00EC|214:4047:0279:0429:00F4|215:4047:0289:042A:00F4
round6_phase1,0xFA,3438,0x0002,0x0003,0x0000,0x01,0x0074,0x0000,0x0000,actor_2c8,8,0x10C4C8,0x01,0x19,0x00,0x00,0x02,0x00,0x00,0x0119,0x0289,0x004B,0x00,0x46,0x00,220,19,220:4046:028A:006D:010A|221:4046:027A:006B:010A|222:4046:027A:004E:010A|223:4046:026A:004C:010A|224:4046:028A:006C:011A|225:4046:027A:006A:011A|226:4046:027A:004D:011A|227:4046:026A:004B:011A
round6_phase1,0xFA,3438,0x0002,0x0003,0x0000,0x01,0x0074,0x0000,0x0000,actor_748,1,0x10C788,0x01,0xAB,0x01,0x00,0x02,0x03,0x00,0x028D,0x02B5,0x02E8,0x01,0x00,0x00,47,1,47:400A:02AD:0323:0281
round6_phase1,0xFA,3440,0x0002,0x0003,0x0000,0x01,0x0074,0x0000,0x0000,actor_2c8,5,0x10C408,0x01,0xB4,0x01,0x00,0x01,0x00,0x02,0x0255,0x02C9,0x02E8,0x00,0x4A,0x00,190,10,190:004A:02C9:02F8:024A|191:004A:02B9:02F7:024A|192:004A:02B6:030C:024E|193:004A:02A6:02E9:024E|194:004A:02B6:030B:023E|195:004A:02A6:030A:023E|196:004A:02B6:0301:025E
round6_phase1,0xFA,3440,0x0002,0x0003,0x0000,0x01,0x0074,0x0000,0x0000,actor_2c8,6,0x10C448,0x01,0x55,0x00,0x00,0x02,0x00,0x04,0x012D,0x0289,0x00D0,0x00,0x44,0x00,200,10,200:4044:0289:001D:011E|201:4044:0279:00E5:011E|202:4044:0269:00E3:011E|203:4044:0289:001C:012E|204:4044:0279:00E4:012E|205:4044:0269:00E2:012E|206:4044:0289:001B:013E|207:4044:0289:001E:010E|208:4044:0279:00E6:010E
round6_phase1,0xFA,3440,0x0002,0x0003,0x0000,0x01,0x0074,0x0000,0x0000,actor_2c8,7,0x10C488,0x01,0xCB,0x01,0x00,0x01,0x00,0x00,0x00FF,0x0289,0x0420,0x01,0x47,0x00,210,10,210:4047:0268:0420:00FE|211:4047:0268:0421:00EE|212:4047:0278:0422:00FE|213:4047:0278:0423:00EE|214:4047:0279:0429:00F6|215:4047:0289:042A:00F6
round6_phase1,0xFA,3440,0x0002,0x0003,0x0000,0x01,0x0074,0x0000,0x0000,actor_2c8,8,0x10C4C8,0x01,0x19,0x00,0x00,0x02,0x00,0x00,0x0117,0x0289,0x004B,0x00,0x46,0x00,220,19,220:4046:028A:006D:0108|221:4046:027A:006B:0108|222:4046:027A:004E:0108|223:4046:026A:004C:0108|224:4046:028A:006C:0118|225:4046:027A:006A:0118|226:4046:027A:004D:0118|227:4046:026A:004B:0118
round6_phase1,0xFA,3440,0x0002,0x0003,0x0000,0x01,0x0074,0x0000,0x0000,actor_748,1,0x10C788,0x01,0xAC,0x01,0x00,0x02,0x03,0x00,0x0290,0x02B5,0x02E8,0x01,0x00,0x00,47,1,47:400A:02AD:0324:0284
round6_phase1,0xFA,3442,0x0002,0x0003,0x0000,0x01,0x0074,0x0000,0x0000,actor_2c8,5,0x10C408,0x01,0xB4,0x01,0x00,0x01,0x00,0x02,0x0257,0x02C9,0x02E8,0x00,0x4A,0x00,190,10,190:004A:02C9:02F8:024C|191:004A:02B9:02F7:024C|192:004A:02B6:030C:0250|193:004A:02A6:02E9:0250|194:004A:02B6:030B:0240|195:004A:02A6:030A:0240|196:004A:02B6:0301:0260
round6_phase1,0xFA,3442,0x0002,0x0003,0x0000,0x01,0x0074,0x0000,0x0000,actor_2c8,6,0x10C448,0x01,0x55,0x00,0x00,0x02,0x00,0x04,0x012D,0x0289,0x00D0,0x00,0x44,0x00,200,10,200:4044:0289:0021:011C|201:4044:0279:00DC:011C|202:4044:0269:00DA:011C|203:4044:0289:0020:012C|204:4044:0279:00DB:012C|205:4044:0269:00D9:012C|206:4044:0289:001F:013C|207:4044:0289:0022:010C|208:4044:0279:00DD:010C
round6_phase1,0xFA,3442,0x0002,0x0003,0x0000,0x01,0x0074,0x0000,0x0000,actor_2c8,7,0x10C488,0x01,0xCB,0x01,0x00,0x01,0x00,0x00,0x0101,0x0289,0x0420,0x01,0x47,0x00,210,10,210:4047:0268:0420:0100|211:4047:0268:0421:00F0|212:4047:0278:0422:0100|213:4047:0278:0423:00F0|214:4047:0279:0429:00F8|215:4047:0289:042A:00F8
round6_phase1,0xFA,3442,0x0002,0x0003,0x0000,0x01,0x0074,0x0000,0x0000,actor_2c8,8,0x10C4C8,0x01,0x19,0x00,0x00,0x02,0x00,0x00,0x0117,0x0289,0x004B,0x00,0x46,0x00,220,19,220:4046:028A:006D:0106|221:4046:027A:006B:0106|222:4046:027A:004E:0106|223:4046:026A:004C:0106|224:4046:028A:006C:0116|225:4046:027A:006A:0116|226:4046:027A:004D:0116|227:4046:026A:004B:0116
round6_phase1,0xFA,3442,0x0002,0x0003,0x0000,0x01,0x0074,0x0000,0x0000,actor_748,1,0x10C788,0x01,0xAD,0x01,0x00,0x02,0x03,0x00,0x0293,0x02B5,0x02E8,0x01,0x00,0x00,47,1,47:400A:02AD:0325:0287
round6_phase1,0xFA,3444,0x0002,0x0003,0x0000,0x01,0x0074,0x0000,0x0000,actor_2c8,5,0x10C408,0x01,0x68,0x01,0x00,0x01,0x00,0x02,0x0259,0x02C9,0x02E8,0x00,0x4A,0x00,190,10,190:004A:02C9:02F6:0250|191:004A:02B9:02F4:0250|192:004A:02C9:02F5:0240|193:004A:02B6:030C:0250|194:004A:02A6:02E9:0250|195:004A:02B6:030B:0240|196:004A:02A6:030A:0240|197:004A:02B6:0301:0260
round6_phase1,0xFA,3444,0x0002,0x0003,0x0000,0x01,0x0074,0x0000,0x0000,actor_2c8,8,0x10C4C8,0x01,0x18,0x00,0x00,0x02,0x00,0x00,0x0115,0x0289,0x004B,0x00,0x46,0x00,220,19,220:4046:0289:0069:0104|221:4046:0279:0067:0104|222:4046:0279:004E:0104|223:4046:0269:004C:0104|224:4046:0289:0068:0114|225:4046:0279:0063:0114|226:4046:0279:004D:0114|227:4046:0269:004B:0114
round6_phase1,0xFA,3444,0x0002,0x0003,0x0000,0x01,0x0074,0x0000,0x0000,actor_748,1,0x10C788,0x01,0xAE,0x01,0x00,0x02,0x03,0x00,0x0296,0x02B5,0x02E8,0x01,0x00,0x00,47,1,47:400A:02AD:0326:028A
round6_phase1,0xFA,3446,0x0002,0x0003,0x0000,0x01,0x0074,0x0000,0x0000,actor_2c8,5,0x10C408,0x01,0x68,0x01,0x00,0x01,0x00,0x02,0x025B,0x02C9,0x02E8,0x00,0x4A,0x00,190,10,190:004A:02C9:02F6:0252|191:004A:02B9:02F4:0252|192:004A:02C9:02F5:0242|193:004A:02B6:030C:0252|194:004A:02A6:02E9:0252|195:004A:02B6:030B:0242|196:004A:02A6:030A:0242|197:004A:02B6:0301:0262
round6_phase1,0xFA,3446,0x0002,0x0003,0x0000,0x01,0x0074,0x0000,0x0000,actor_2c8,6,0x10C448,0x01,0x55,0x00,0x00,0x02,0x00,0x04,0x012B,0x0289,0x00D0,0x00,0x44,0x00,200,10,200:4044:0289:0021:011A|201:4044:0279:00DC:011A|202:4044:0269:00DA:011A|203:4044:0289:0020:012A|204:4044:0279:00DB:012A|205:4044:0269:00D9:012A|206:4044:0289:001F:013A|207:4044:0289:0022:010A|208:4044:0279:00DD:010A
round6_phase1,0xFA,3446,0x0002,0x0003,0x0000,0x01,0x0074,0x0000,0x0000,actor_2c8,8,0x10C4C8,0x01,0x18,0x00,0x00,0x02,0x00,0x00,0x0113,0x0289,0x004B,0x00,0x46,0x00,220,19,220:4046:0289:0069:0102|221:4046:0279:0067:0102|222:4046:0279:004E:0102|223:4046:0269:004C:0102|224:4046:0289:0068:0112|225:4046:0279:0063:0112|226:4046:0279:004D:0112|227:4046:0269:004B:0112
round6_phase1,0xFA,3446,0x0002,0x0003,0x0000,0x01,0x0074,0x0000,0x0000,actor_748,1,0x10C788,0x01,0xAF,0x01,0x00,0x0F,0x03,0x00,0x0299,0x02B5,0x02E8,0x01,0x00,0x00,47,1,47:400A:02AD:0327:028D
round6_phase1,0xFA,3448,0x0002,0x0003,0x0000,0x01,0x0074,0x0000,0x0000,actor_2c8,4,0x10C3C8,0x01,0xE0,0x00,0x00,0x02,0x00,0x00,0x0145,0x0289,0x03B3,0x00,0x48,0x00,180,10,
round6_phase1,0xFA,3448,0x0002,0x0003,0x0000,0x01,0x0074,0x0000,0x0000,actor_2c8,5,0x10C408,0x01,0x68,0x01,0x00,0x01,0x00,0x02,0x025D,0x02C9,0x02E8,0x00,0x4A,0x00,190,10,190:004A:02C9:02F6:0254|191:004A:02B9:02F4:0254|192:004A:02C9:02F5:0244|193:004A:02B6:030C:0254|194:004A:02A6:02E9:0254|195:004A:02B6:030B:0244|196:004A:02A6:030A:0244|197:004A:02B6:0301:0264
round6_phase1,0xFA,3448,0x0002,0x0003,0x0000,0x01,0x0074,0x0000,0x0000,actor_2c8,6,0x10C448,0x01,0x56,0x00,0x00,0x02,0x00,0x05,0x0129,0x0289,0x00D0,0x00,0x44,0x00,200,10,200:4044:0289:0021:011A|201:4044:0279:00DC:011A|202:4044:0269:00DA:011A|203:4044:0289:0020:012A|204:4044:0279:00DB:012A|205:4044:0269:00D9:012A|206:4044:0289:001F:013A|207:4044:0289:0022:010A|208:4044:0279:00DD:010A
round6_phase1,0xFA,3448,0x0002,0x0003,0x0000,0x01,0x0074,0x0000,0x0000,actor_2c8,8,0x10C4C8,0x01,0x18,0x00,0x00,0x02,0x00,0x00,0x0111,0x0289,0x004B,0x00,0x46,0x00,220,19,220:4046:0289:0069:0100|221:4046:0279:0067:0100|222:4046:0279:004E:0100|223:4046:0269:004C:0100|224:4046:0289:0068:0110|225:4046:0279:0063:0110|226:4046:0279:004D:0110|227:4046:0269:004B:0110
round6_phase1,0xFA,3448,0x0002,0x0003,0x0000,0x01,0x0074,0x0000,0x0000,actor_748,1,0x10C788,0x01,0x2B,0x01,0x00,0x0F,0x03,0x00,0x0299,0x02B5,0x019D,0x01,0x00,0x00,47,1,47:4004:02AD:01BB:0290
round6_phase1,0xFA,3450,0x0002,0x0003,0x0000,0x01,0x0074,0x0000,0x0000,actor_2c8,4,0x10C3C8,0x01,0xE0,0x00,0x00,0x02,0x00,0x00,0x0143,0x0289,0x03B3,0x00,0x48,0x00,180,10,180:4048:026A:03D6:0144|181:4048:026A:03D7:0134|182:4048:027A:03D8:0144|183:4048:027A:03D9:0134|184:4048:027A:03E2:013C|185:4048:028A:03E3:013B
round6_phase1,0xFA,3450,0x0002,0x0003,0x0000,0x01,0x0074,0x0000,0x0000,actor_2c8,5,0x10C408,0x01,0x68,0x01,0x00,0x01,0x00,0x02,0x025F,0x02C9,0x02E8,0x00,0x4A,0x00,190,10,190:004A:02C9:02F6:0256|191:004A:02B9:02F4:0256|192:004A:02C9:02F5:0246|193:004A:02B6:030C:0256|194:004A:02A6:02E9:0256|195:004A:02B6:030B:0246|196:004A:02A6:030A:0246|197:004A:02B6:0301:0266
round6_phase1,0xFA,3450,0x0002,0x0003,0x0000,0x01,0x0074,0x0000,0x0000,actor_2c8,6,0x10C448,0x01,0x56,0x00,0x00,0x02,0x00,0x05,0x0129,0x0289,0x00D0,0x00,0x44,0x00,200,10,200:4044:0289:0025:0118|201:4044:0279:00D3:0118|202:4044:0269:00D1:0118|203:4044:0289:0024:0128|204:4044:0279:00D2:0128|205:4044:0269:00D0:0128|206:4044:0289:0023:0138|207:4044:0289:0026:0108|208:4044:0279:00D4:0108
round6_phase1,0xFA,3450,0x0002,0x0003,0x0000,0x01,0x0074,0x0000,0x0000,actor_2c8,8,0x10C4C8,0x01,0x18,0x00,0x00,0x02,0x00,0x00,0x010F,0x0289,0x004B,0x00,0x46,0x00,220,19,220:4046:0289:0069:00FE|221:4046:0279:0067:00FE|222:4046:0279:004E:00FE|223:4046:0269:004C:00FE|224:4046:0289:0068:010E|225:4046:0279:0063:010E|226:4046:0279:004D:010E|227:4046:0269:004B:010E
round6_phase1,0xFA,3452,0x0002,0x0003,0x0000,0x01,0x0074,0x0000,0x0000,actor_2c8,4,0x10C3C8,0x01,0xDD,0x00,0x00,0x02,0x00,0x00,0x0141,0x0289,0x03B3,0x00,0x48,0x00,180,10,180:4048:0269:03D6:0142|181:4048:0269:03D7:0132|182:4048:0279:03D8:0142|183:4048:0279:03D9:0132|184:4048:0279:03DA:013A|185:4048:0289:03DB:0142|186:4048:0289:03DC:0132
round6_phase1,0xFA,3452,0x0002,0x0003,0x0000,0x01,0x0074,0x0000,0x0000,actor_2c8,5,0x10C408,0x01,0xB3,0x01,0x00,0x01,0x00,0x02,0x025F,0x02C9,0x02E8,0x00,0x4A,0x00,190,10,190:004A:02C9:02F3:0251|191:004A:02B9:02F2:0251|192:004A:02B6:030C:0258|193:004A:02A6:02E9:0258|194:004A:02B6:030B:0248|195:004A:02A6:030A:0248|196:004A:02B6:0301:0268
round6_phase1,0xFA,3452,0x0002,0x0003,0x0000,0x01,0x0074,0x0000,0x0000,actor_2c8,7,0x10C488,0x01,0xC9,0x01,0x00,0x01,0x00,0x00,0x010B,0x0289,0x0420,0x00,0x47,0x00,210,10,210:0047:0268:0420:00F9|211:0047:0268:0421:0109|212:0047:0278:0422:00F9|213:0047:0278:0423:0109|214:0047:0279:0424:0101|215:0047:0289:0425:00F9|216:0047:0289:0426:0109
round6_phase1,0xFA,3452,0x0002,0x0003,0x0000,0x01,0x0074,0x0000,0x0000,actor_2c8,8,0x10C4C8,0x01,0x17,0x00,0x00,0x02,0x00,0x00,0x010D,0x0289,0x004B,0x00,0x46,0x00,220,19,220:4046:028A:0066:00FE|221:4046:027A:0064:00FE|222:4046:027A:004E:00FE|223:4046:026A:004C:00FE|224:4046:028A:0065:010E|225:4046:027A:0063:010E|226:4046:027A:004D:010E|227:4046:026A:004B:010E
round6_phase1,0xFA,3452,0x0002,0x0003,0x0000,0x01,0x0074,0x0000,0x0000,actor_748,1,0x10C788,0x01,0x2D,0x01,0x00,0x0F,0x03,0x00,0x0299,0x02B5,0x019D,0x01,0x00,0x00,47,1,47:4004:02AD:01BD:0290
round6_phase1,0xFA,3454,0x0002,0x0003,0x0000,0x01,0x0074,0x0000,0x0000,actor_2c8,4,0x10C3C8,0x01,0xDD,0x00,0x00,0x02,0x00,0x00,0x013F,0x0289,0x03B3,0x00,0x48,0x00,180,10,180:4048:0269:03D6:0140|181:4048:0269:03D7:0130|182:4048:0279:03D8:0140|183:4048:0279:03D9:0130|184:4048:0279:03DA:0138|185:4048:0289:03DB:0140|186:4048:0289:03DC:0130
round6_phase1,0xFA,3454,0x0002,0x0003,0x0000,0x01,0x0074,0x0000,0x0000,actor_2c8,5,0x10C408,0x01,0xB3,0x01,0x00,0x01,0x00,0x02,0x0261,0x02C9,0x02E8,0x00,0x4A,0x00,190,10,190:004A:02C9:02F3:0253|191:004A:02B9:02F2:0253|192:004A:02B6:030C:025A|193:004A:02A6:02E9:025A|194:004A:02B6:030B:024A|195:004A:02A6:030A:024A|196:004A:02B6:0301:026A
round6_phase1,0xFA,3454,0x0002,0x0003,0x0000,0x01,0x0074,0x0000,0x0000,actor_2c8,6,0x10C448,0x01,0x56,0x00,0x00,0x02,0x00,0x05,0x0127,0x0289,0x00D0,0x00,0x44,0x00,200,10,200:4044:0289:0025:0116|201:4044:0279:00D3:0116|202:4044:0269:00D1:0116|203:4044:0289:0024:0126|204:4044:0279:00D2:0126|205:4044:0269:00D0:0126|206:4044:0289:0023:0136|207:4044:0289:0026:0106|208:4044:0279:00D4:0106
round6_phase1,0xFA,3454,0x0002,0x0003,0x0000,0x01,0x0074,0x0000,0x0000,actor_2c8,7,0x10C488,0x01,0xC9,0x01,0x00,0x01,0x00,0x00,0x010D,0x0289,0x0420,0x00,0x47,0x00,210,10,210:0047:0268:0420:00FB|211:0047:0268:0421:010B|212:0047:0278:0422:00FB|213:0047:0278:0423:010B|214:0047:0279:0424:0103|215:0047:0289:0425:00FB|216:0047:0289:0426:010B
round6_phase1,0xFA,3454,0x0002,0x0003,0x0000,0x01,0x0074,0x0000,0x0000,actor_2c8,8,0x10C4C8,0x01,0x17,0x00,0x00,0x02,0x00,0x00,0x010B,0x0289,0x004B,0x00,0x46,0x00,220,19,220:4046:028A:0066:00FC|221:4046:027A:0064:00FC|222:4046:027A:004E:00FC|223:4046:026A:004C:00FC|224:4046:028A:0065:010C|225:4046:027A:0063:010C|226:4046:027A:004D:010C|227:4046:026A:004B:010C
round6_phase1,0xFA,3456,0x0002,0x0003,0x0000,0x01,0x0074,0x0000,0x0000,actor_2c8,4,0x10C3C8,0x01,0xDD,0x00,0x00,0x02,0x00,0x00,0x013F,0x0289,0x03B3,0x00,0x48,0x00,180,10,180:4048:0269:03D6:013E|181:4048:0269:03D7:012E|182:4048:0279:03D8:013E|183:4048:0279:03D9:012E|184:4048:0279:03DA:0136|185:4048:0289:03DB:013E|186:4048:0289:03DC:012E
round6_phase1,0xFA,3456,0x0002,0x0003,0x0000,0x01,0x0074,0x0000,0x0000,actor_2c8,5,0x10C408,0x01,0xB3,0x01,0x00,0x01,0x00,0x02,0x0263,0x02C9,0x02E8,0x00,0x4A,0x00,190,10,190:004A:02C9:02F3:0255|191:004A:02B9:02F2:0255|192:004A:02B6:030C:025C|193:004A:02A6:02E9:025C|194:004A:02B6:030B:024C|195:004A:02A6:030A:024C|196:004A:02B6:0301:026C
round6_phase1,0xFA,3456,0x0002,0x0003,0x0000,0x01,0x0074,0x0000,0x0000,actor_2c8,6,0x10C448,0x01,0x51,0x00,0x00,0x02,0x00,0x00,0x0127,0x0289,0x00D0,0x00,0x44,0x00,200,10,200:4044:0289:0025:0116|201:4044:0279:00D3:0116|202:4044:0269:00D1:0116|203:4044:0289:0024:0126|204:4044:0279:00D2:0126|205:4044:0269:00D0:0126|206:4044:0289:0023:0136|207:4044:0289:0026:0106|208:4044:0279:00D4:0106
round6_phase1,0xFA,3456,0x0002,0x0003,0x0000,0x01,0x0074,0x0000,0x0000,actor_2c8,7,0x10C488,0x01,0xC9,0x01,0x00,0x01,0x00,0x00,0x010F,0x0289,0x0420,0x00,0x47,0x00,210,10,210:0047:0268:0420:00FD|211:0047:0268:0421:010D|212:0047:0278:0422:00FD|213:0047:0278:0423:010D|214:0047:0279:0424:0105|215:0047:0289:0425:00FD|216:0047:0289:0426:010D
round6_phase1,0xFA,3456,0x0002,0x0003,0x0000,0x01,0x0074,0x0000,0x0000,actor_2c8,8,0x10C4C8,0x01,0x17,0x00,0x00,0x02,0x00,0x00,0x0109,0x0289,0x004B,0x00,0x46,0x00,220,19,220:4046:028A:0066:00FA|221:4046:027A:0064:00FA|222:4046:027A:004E:00FA|223:4046:026A:004C:00FA|224:4046:028A:0065:010A|225:4046:027A:0063:010A|226:4046:027A:004D:010A|227:4046:026A:004B:010A
round6_phase1,0xFA,3456,0x0002,0x0003,0x0000,0x01,0x0074,0x0000,0x0000,actor_748,1,0x10C788,0x01,0x2F,0x01,0x00,0x0F,0x03,0x00,0x0299,0x02B5,0x019D,0x01,0x00,0x00,47,1,47:4004:02AD:01BF:0290
round6_phase1,0xFA,3458,0x0002,0x0003,0x0000,0x01,0x0074,0x0000,0x0000,actor_2c8,4,0x10C3C8,0x01,0xDD,0x00,0x00,0x02,0x00,0x00,0x013D,0x0289,0x03B3,0x00,0x48,0x00,180,10,180:4048:0269:03D6:013C|181:4048:0269:03D7:012C|182:4048:0279:03D8:013C|183:4048:0279:03D9:012C|184:4048:0279:03DA:0134|185:4048:0289:03DB:013C|186:4048:0289:03DC:012C
round6_phase1,0xFA,3458,0x0002,0x0003,0x0000,0x01,0x0074,0x0000,0x0000,actor_2c8,5,0x10C408,0x01,0xB3,0x01,0x00,0x01,0x00,0x02,0x0265,0x02C9,0x02E8,0x00,0x4A,0x00,190,10,190:004A:02C9:02F3:0257|191:004A:02B9:02F2:0257|192:004A:02B6:030C:025E|193:004A:02A6:02E9:025E|194:004A:02B6:030B:024E|195:004A:02A6:030A:024E|196:004A:02B6:0301:026E
round6_phase1,0xFA,3458,0x0002,0x0003,0x0000,0x01,0x0074,0x0000,0x0000,actor_2c8,6,0x10C448,0x01,0x52,0x00,0x00,0x02,0x00,0x01,0x0125,0x0289,0x00D0,0x00,0x44,0x00,200,10,200:4044:0289:0015:0114|201:4044:0279:00DC:0114|202:4044:0269:00DA:0114|203:4044:0289:0014:0124|204:4044:0279:00DB:0124|205:4044:0269:00D9:0124|206:4044:0289:0013:0134|207:4044:0289:0016:0104|208:4044:0279:00DD:0104
round6_phase1,0xFA,3458,0x0002,0x0003,0x0000,0x01,0x0074,0x0000,0x0000,actor_2c8,7,0x10C488,0x01,0xC9,0x01,0x00,0x01,0x00,0x00,0x010F,0x0289,0x0420,0x00,0x47,0x00,210,10,210:0047:0268:0420:00FF|211:0047:0268:0421:010F|212:0047:0278:0422:00FF|213:0047:0278:0423:010F|214:0047:0279:0424:0107|215:0047:0289:0425:00FF|216:0047:0289:0426:010F
round6_phase1,0xFA,3458,0x0002,0x0003,0x0000,0x01,0x0074,0x0000,0x0000,actor_2c8,8,0x10C4C8,0x01,0x17,0x00,0x00,0x02,0x00,0x00,0x0107,0x0289,0x004B,0x00,0x46,0x00,220,19,220:4046:028A:0066:00F8|221:4046:027A:0064:00F8|222:4046:027A:004E:00F8|223:4046:026A:004C:00F8|224:4046:028A:0065:0108|225:4046:027A:0063:0108|226:4046:027A:004D:0108|227:4046:026A:004B:0108
round6_phase1,0xFA,3460,0x0002,0x0003,0x0000,0x01,0x0074,0x0000,0x0000,actor_2c8,4,0x10C3C8,0x01,0xDE,0x00,0x00,0x02,0x00,0x00,0x013B,0x0289,0x03B3,0x00,0x48,0x00,180,10,180:4048:026A:03D6:013A|181:4048:026A:03D7:012A|182:4048:027A:03D8:013A|183:4048:027A:03D9:012A|184:4048:027A:03DD:0132|185:4048:028A:03DE:0132
round6_phase1,0xFA,3460,0x0002,0x0003,0x0000,0x01,0x0074,0x0000,0x0000,actor_2c8,5,0x10C408,0x01,0x68,0x01,0x00,0x01,0x00,0x02,0x0267,0x02C9,0x02E8,0x00,0x4A,0x00,190,10,190:004A:02C9:02F6:0260|191:004A:02B9:02F4:0260|192:004A:02C9:02F5:0250|193:004A:02B6:030C:0260|194:004A:02A6:02E9:0260|195:004A:02B6:030B:0250|196:004A:02A6:030A:0250|197:004A:02B6:0301:0270
round6_phase1,0xFA,3460,0x0002,0x0003,0x0000,0x01,0x0074,0x0000,0x0000,actor_2c8,7,0x10C488,0x01,0xCA,0x01,0x00,0x01,0x00,0x00,0x0111,0x0289,0x0420,0x00,0x47,0x00,210,10,210:0047:0269:0420:0101|211:0047:0269:0421:0111|212:0047:0279:0422:0101|213:0047:0279:0423:0111|214:0047:027A:0427:0109|215:0047:028A:0428:0109
round6_phase1,0xFA,3460,0x0002,0x0003,0x0000,0x01,0x0074,0x0000,0x0000,actor_2c8,8,0x10C4C8,0x01,0x18,0x00,0x00,0x02,0x00,0x00,0x0107,0x0289,0x004B,0x00,0x46,0x00,220,19,220:4046:0289:0069:00F6|221:4046:0279:0067:00F6|222:4046:0279:004E:00F6|223:4046:0269:004C:00F6|224:4046:0289:0068:0106|225:4046:0279:0063:0106|226:4046:0279:004D:0106|227:4046:0269:004B:0106
round6_phase1,0xFA,3462,0x0002,0x0003,0x0000,0x01,0x0074,0x0000,0x0000,actor_2c8,4,0x10C3C8,0x01,0xDE,0x00,0x00,0x02,0x00,0x00,0x0139,0x0289,0x03B3,0x00,0x48,0x00,180,10,180:4048:026A:03D6:0138|181:4048:026A:03D7:0128|182:4048:027A:03D8:0138|183:4048:027A:03D9:0128|184:4048:027A:03DD:0130|185:4048:028A:03DE:0130
round6_phase1,0xFA,3462,0x0002,0x0003,0x0000,0x01,0x0074,0x0000,0x0000,actor_2c8,6,0x10C448,0x01,0x52,0x00,0x00,0x02,0x00,0x01,0x0123,0x0289,0x00D0,0x00,0x44,0x00,200,10,200:4044:0289:0015:0112|201:4044:0279:00DC:0112|202:4044:0269:00DA:0112|203:4044:0289:0014:0122|204:4044:0279:00DB:0122|205:4044:0269:00D9:0122|206:4044:0289:0013:0132|207:4044:0289:0016:0102|208:4044:0279:00DD:0102
round6_phase1,0xFA,3462,0x0002,0x0003,0x0000,0x01,0x0074,0x0000,0x0000,actor_2c8,7,0x10C488,0x01,0xCA,0x01,0x00,0x01,0x00,0x00,0x0113,0x0289,0x0420,0x00,0x47,0x00,210,10,210:0047:0269:0420:0103|211:0047:0269:0421:0113|212:0047:0279:0422:0103|213:0047:0279:0423:0113|214:0047:027A:0427:010B|215:0047:028A:0428:010B
round6_phase1,0xFA,3462,0x0002,0x0003,0x0000,0x01,0x0074,0x0000,0x0000,actor_2c8,8,0x10C4C8,0x01,0x18,0x00,0x00,0x02,0x00,0x00,0x0105,0x0289,0x004B,0x00,0x46,0x00,220,19,220:4046:0289:0069:00F4|221:4046:0279:0067:00F4|222:4046:0279:004E:00F4|223:4046:0269:004C:00F4|224:4046:0289:0068:0104|225:4046:0279:0063:0104|226:4046:0279:004D:0104|227:4046:0269:004B:0104
round6_phase1,0xFA,3464,0x0002,0x0003,0x0000,0x01,0x0074,0x0000,0x0000,actor_2c8,4,0x10C3C8,0x01,0xDE,0x00,0x00,0x02,0x00,0x00,0x0137,0x0289,0x03B3,0x00,0x48,0x00,180,10,180:4048:026A:03D6:0136|181:4048:026A:03D7:0126|182:4048:027A:03D8:0136|183:4048:027A:03D9:0126|184:4048:027A:03DD:012E|185:4048:028A:03DE:012E
round6_phase1,0xFA,3464,0x0002,0x0003,0x0000,0x01,0x0074,0x0000,0x0000,actor_2c8,5,0x10C408,0x01,0x68,0x01,0x00,0x01,0x00,0x02,0x026B,0x02C9,0x02E8,0x00,0x4A,0x00,190,10,190:004A:02C9:02F6:0262|191:004A:02B9:02F4:0262|192:004A:02C9:02F5:0252|193:004A:02B6:030C:0262|194:004A:02A6:02E9:0262|195:004A:02B6:030B:0252|196:004A:02A6:030A:0252|197:004A:02B6:0301:0272
round6_phase1,0xFA,3464,0x0002,0x0003,0x0000,0x01,0x0074,0x0000,0x0000,actor_2c8,7,0x10C488,0x01,0xCA,0x01,0x00,0x01,0x00,0x00,0x0115,0x0289,0x0420,0x00,0x47,0x00,210,10,210:0047:0269:0420:0105|211:0047:0269:0421:0115|212:0047:0279:0422:0105|213:0047:0279:0423:0115|214:0047:027A:0427:010D|215:0047:028A:0428:010D
round6_phase1,0xFA,3464,0x0002,0x0003,0x0000,0x01,0x0074,0x0000,0x0000,actor_2c8,8,0x10C4C8,0x01,0x18,0x00,0x00,0x02,0x00,0x00,0x0103,0x0289,0x004B,0x00,0x46,0x00,220,19,220:4046:0289:0069:00F2|221:4046:0279:0067:00F2|222:4046:0279:004E:00F2|223:4046:0269:004C:00F2|224:4046:0289:0068:0102|225:4046:0279:0063:0102|226:4046:0279:004D:0102|227:4046:0269:004B:0102
round6_phase1,0xFA,3466,0x0002,0x0003,0x0000,0x01,0x0074,0x0000,0x0000,actor_2c8,5,0x10C408,0x01,0x68,0x01,0x00,0x01,0x00,0x02,0x026D,0x02C9,0x02E8,0x00,0x4A,0x00,190,10,190:004A:02C9:02F6:0264|191:004A:02B9:02F4:0264|192:004A:02C9:02F5:0254|193:004A:02B6:030C:0264|194:004A:02A6:02E9:0264|195:004A:02B6:030B:0254|196:004A:02A6:030A:0254|197:004A:02B6:0301:0274
round6_phase1,0xFA,3466,0x0002,0x0003,0x0000,0x01,0x0074,0x0000,0x0000,actor_2c8,6,0x10C448,0x01,0x53,0x00,0x00,0x02,0x00,0x02,0x0121,0x0289,0x00D0,0x00,0x44,0x00,200,10,200:4044:0289:0019:0110|201:4044:0279:00E5:0110|202:4044:0269:00E3:0110|203:4044:0289:0018:0120|204:4044:0279:00E4:0120|205:4044:0269:00E2:0120|206:4044:0289:0017:0130|207:4044:0289:001A:0100|208:4044:0279:00E6:0100
round6_phase1,0xFA,3466,0x0002,0x0003,0x0000,0x01,0x0074,0x0000,0x0000,actor_2c8,7,0x10C488,0x01,0xCA,0x01,0x00,0x01,0x00,0x00,0x0117,0x0289,0x0420,0x00,0x47,0x00,210,10,210:0047:0269:0420:0107|211:0047:0269:0421:0117|212:0047:0279:0422:0107|213:0047:0279:0423:0117|214:0047:027A:0427:010F|215:0047:028A:0428:010F
round6_phase1,0xFA,3466,0x0002,0x0003,0x0000,0x01,0x0074,0x0000,0x0000,actor_2c8,8,0x10C4C8,0x01,0x18,0x00,0x00,0x02,0x00,0x00,0x0101,0x0289,0x004B,0x00,0x46,0x00,220,19,220:4046:0289:0069:00F0|221:4046:0279:0067:00F0|222:4046:0279:004E:00F0|223:4046:0269:004C:00F0|224:4046:0289:0068:0100|225:4046:0279:0063:0100|226:4046:0279:004D:0100|227:4046:0269:004B:0100
round6_phase1,0xFA,3468,0x0002,0x0003,0x0000,0x01,0x0074,0x0000,0x0000,actor_2c8,4,0x10C3C8,0x01,0xDF,0x00,0x00,0x02,0x00,0x00,0x0133,0x0289,0x03B3,0x00,0x48,0x00,180,10,180:4048:0269:03D6:0134|181:4048:0269:03D7:0124|182:4048:0279:03D8:0134|183:4048:0279:03D9:0124|184:4048:0279:03DF:012C|185:4048:0289:03E0:0134|186:4048:0289:03E1:0124
round6_phase1,0xFA,3468,0x0002,0x0003,0x0000,0x01,0x0074,0x0000,0x0000,actor_2c8,5,0x10C408,0x01,0xB4,0x01,0x00,0x01,0x00,0x02,0x026F,0x02C9,0x02E8,0x00,0x4A,0x00,190,10,190:004A:02C9:02F8:0262|191:004A:02B9:02F7:0262|192:004A:02B6:030C:0266|193:004A:02A6:02E9:0266|194:004A:02B6:030B:0256|195:004A:02A6:030A:0256|196:004A:02B6:0301:0276
round6_phase1,0xFA,3468,0x0002,0x0003,0x0000,0x01,0x0074,0x0000,0x0000,actor_2c8,7,0x10C488,0x01,0xCB,0x01,0x00,0x01,0x00,0x00,0x0119,0x0289,0x0420,0x00,0x47,0x00,210,10,210:0047:0268:0420:0107|211:0047:0268:0421:0117|212:0047:0278:0422:0107|213:0047:0278:0423:0117|214:0047:0279:0429:010F|215:0047:0289:042A:010F
round6_phase1,0xFA,3468,0x0002,0x0003,0x0000,0x01,0x0074,0x0000,0x0000,actor_2c8,8,0x10C4C8,0x01,0x19,0x00,0x00,0x02,0x00,0x00,0x00FF,0x0289,0x004B,0x00,0x46,0x00,220,19,220:4046:028A:006D:00EE|221:4046:027A:006B:00EE|222:4046:027A:004E:00EE|223:4046:026A:004C:00EE|224:4046:028A:006C:00FE|225:4046:027A:006A:00FE|226:4046:027A:004D:00FE|227:4046:026A:004B:00FE
round6_phase1,0xFA,3470,0x0002,0x0003,0x0000,0x01,0x0074,0x0000,0x0000,actor_2c8,4,0x10C3C8,0x01,0xDF,0x00,0x00,0x02,0x00,0x00,0x0131,0x0289,0x03B3,0x00,0x48,0x00,180,10,180:4048:0269:03D6:0132|181:4048:0269:03D7:0122|182:4048:0279:03D8:0132|183:4048:0279:03D9:0122|184:4048:0279:03DF:012A|185:4048:0289:03E0:0132|186:4048:0289:03E1:0122
round6_phase1,0xFA,3470,0x0002,0x0003,0x0000,0x01,0x0074,0x0000,0x0000,actor_2c8,5,0x10C408,0x01,0xB4,0x00,0x00,0x02,0x00,0x02,0x026F,0x02C9,0x02E8,0x00,0x4A,0x00,190,10,190:004A:02C9:02F8:0264|191:004A:02B9:02F7:0264|192:004A:02B6:030C:0268|193:004A:02A6:02E9:0268|194:004A:02B6:030B:0258|195:004A:02A6:030A:0258|196:004A:02B6:0301:0278
round6_phase1,0xFA,3470,0x0002,0x0003,0x0000,0x01,0x0074,0x0000,0x0000,actor_2c8,6,0x10C448,0x01,0x53,0x00,0x00,0x02,0x00,0x02,0x011F,0x0289,0x00D0,0x00,0x44,0x00,200,10,200:4044:0289:0019:010E|201:4044:0279:00E5:010E|202:4044:0269:00E3:010E|203:4044:0289:0018:011E|204:4044:0279:00E4:011E|205:4044:0269:00E2:011E|206:4044:0289:0017:012E|207:4044:0289:001A:00FE|208:4044:0279:00E6:00FE
round6_phase1,0xFA,3470,0x0002,0x0003,0x0000,0x01,0x0074,0x0000,0x0000,actor_2c8,7,0x10C488,0x01,0xCB,0x01,0x00,0x01,0x00,0x00,0x011B,0x0289,0x0420,0x00,0x47,0x00,210,10,210:0047:0268:0420:0109|211:0047:0268:0421:0119|212:0047:0278:0422:0109|213:0047:0278:0423:0119|214:0047:0279:0429:0111|215:0047:0289:042A:0111
round6_phase1,0xFA,3472,0x0002,0x0003,0x0000,0x01,0x0074,0x0000,0x0000,actor_2c8,4,0x10C3C8,0x01,0xDF,0x00,0x00,0x02,0x00,0x00,0x012F,0x0289,0x03B3,0x00,0x48,0x00,180,10,180:4048:0269:03D6:0130|181:4048:0269:03D7:0120|182:4048:0279:03D8:0130|183:4048:0279:03D9:0120|184:4048:0279:03DF:0128|185:4048:0289:03E0:0130|186:4048:0289:03E1:0120
round6_phase1,0xFA,3472,0x0002,0x0003,0x0000,0x01,0x0074,0x0000,0x0000,actor_2c8,7,0x10C488,0x01,0xCB,0x01,0x00,0x01,0x00,0x00,0x011D,0x0289,0x0420,0x00,0x47,0x00,210,10,210:0047:0268:0420:010B|211:0047:0268:0421:011B|212:0047:0278:0422:010B|213:0047:0278:0423:011B|214:0047:0279:0429:0113|215:0047:0289:042A:0113
round6_phase1,0xFA,3472,0x0002,0x0003,0x0000,0x01,0x0074,0x0000,0x0000,actor_2c8,8,0x10C4C8,0x01,0x19,0x00,0x00,0x02,0x00,0x00,0x00FB,0x0289,0x004B,0x00,0x46,0x00,220,19,220:4046:028A:006D:00EC|221:4046:027A:006B:00EC|222:4046:027A:004E:00EC|223:4046:026A:004C:00EC|224:4046:028A:006C:00FC|225:4046:027A:006A:00FC|226:4046:027A:004D:00FC|227:4046:026A:004B:00FC
round6_phase1,0xFA,3474,0x0002,0x0003,0x0000,0x01,0x0074,0x0000,0x0000,actor_2c8,4,0x10C3C8,0x01,0xDF,0x00,0x00,0x02,0x00,0x00,0x012F,0x0289,0x03B3,0x00,0x48,0x00,180,10,180:4048:0269:03D6:012E|181:4048:0269:03D7:011E|182:4048:0279:03D8:012E|183:4048:0279:03D9:011E|184:4048:0279:03DF:0126|185:4048:0289:03E0:012E|186:4048:0289:03E1:011E
round6_phase1,0xFA,3474,0x0002,0x0003,0x0000,0x01,0x0074,0x0000,0x0000,actor_2c8,5,0x10C408,0x01,0xB4,0x00,0x00,0x02,0x00,0x02,0x0267,0x02C9,0x02E8,0x01,0x4A,0x00,190,10,190:004A:02C9:02F8:025E|191:004A:02B9:02F7:025E|192:004A:02B6:030C:0262|193:004A:02A6:02E9:0262|194:004A:02B6:030B:0252|195:004A:02A6:030A:0252|196:004A:02B6:0301:0272
round6_phase1,0xFA,3474,0x0002,0x0003,0x0000,0x01,0x0074,0x0000,0x0000,actor_2c8,6,0x10C448,0x01,0x55,0x00,0x00,0x02,0x00,0x04,0x011D,0x0289,0x00D0,0x00,0x44,0x00,200,10,200:4044:0289:001D:010E|201:4044:0279:00E5:010E|202:4044:0269:00E3:010E|203:4044:0289:001C:011E|204:4044:0279:00E4:011E|205:4044:0269:00E2:011E|206:4044:0289:001B:012E|207:4044:0289:001E:00FE|208:4044:0279:00E6:00FE
round6_phase1,0xFA,3474,0x0002,0x0003,0x0000,0x01,0x0074,0x0000,0x0000,actor_2c8,7,0x10C488,0x01,0xCB,0x01,0x00,0x01,0x00,0x00,0x011F,0x0289,0x0420,0x00,0x47,0x00,210,10,210:0047:0268:0420:010D|211:0047:0268:0421:011D|212:0047:0278:0422:010D|213:0047:0278:0423:011D|214:0047:0279:0429:0115|215:0047:0289:042A:0115
round6_phase1,0xFA,3474,0x0002,0x0003,0x0000,0x01,0x0074,0x0000,0x0000,actor_2c8,8,0x10C4C8,0x01,0x19,0x00,0x00,0x02,0x00,0x00,0x00F9,0x0289,0x004B,0x00,0x46,0x00,220,19,220:4046:028A:006D:00EA|221:4046:027A:006B:00EA|222:4046:027A:004E:00EA|223:4046:026A:004C:00EA|224:4046:028A:006C:00FA|225:4046:027A:006A:00FA|226:4046:027A:004D:00FA|227:4046:026A:004B:00FA
round6_phase1,0xFA,3476,0x0002,0x0003,0x0000,0x01,0x0074,0x0000,0x0000,actor_2c8,4,0x10C3C8,0x01,0xE0,0x00,0x00,0x02,0x00,0x00,0x012D,0x0289,0x03B3,0x00,0x48,0x00,180,10,180:4048:026A:03D6:012C|181:4048:026A:03D7:011C|182:4048:027A:03D8:012C|183:4048:027A:03D9:011C|184:4048:027A:03E2:0124|185:4048:028A:03E3:0123
round6_phase1,0xFA,3476,0x0002,0x0003,0x0000,0x01,0x0074,0x0000,0x0000,actor_2c8,6,0x10C448,0x01,0x55,0x00,0x00,0x02,0x00,0x04,0x011D,0x0289,0x00D0,0x00,0x44,0x00,200,10,200:4044:0289:0021:010C|201:4044:0279:00DC:010C|202:4044:0269:00DA:010C|203:4044:0289:0020:011C|204:4044:0279:00DB:011C|205:4044:0269:00D9:011C|206:4044:0289:001F:012C|207:4044:0289:0022:00FC|208:4044:0279:00DD:00FC
round6_phase1,0xFA,3476,0x0002,0x0003,0x0000,0x01,0x0074,0x0000,0x0000,actor_2c8,7,0x10C488,0x01,0xCC,0x01,0x00,0x01,0x00,0x00,0x011F,0x0289,0x0420,0x00,0x47,0x00,210,10,210:0047:0269:0420:010F|211:0047:0269:0421:011F|212:0047:0279:0422:010F|213:0047:0279:0423:011F|214:0047:027A:0427:0117|215:0047:028A:0428:0117
round6_phase1,0xFA,3476,0x0002,0x0003,0x0000,0x01,0x0074,0x0000,0x0000,actor_2c8,8,0x10C4C8,0x01,0x18,0x00,0x00,0x02,0x00,0x00,0x00F7,0x0289,0x004B,0x00,0x46,0x00,220,19,220:4046:0289:0069:00E8|221:4046:0279:0067:00E8|222:4046:0279:004E:00E8|223:4046:0269:004C:00E8|224:4046:0289:0068:00F8|225:4046:0279:0063:00F8|226:4046:0279:004D:00F8|227:4046:0269:004B:00F8
round6_phase1,0xFA,3478,0x0002,0x0003,0x0000,0x01,0x0074,0x0000,0x0000,actor_2c8,4,0x10C3C8,0x01,0xE0,0x00,0x00,0x02,0x00,0x00,0x012B,0x0289,0x03B3,0x00,0x48,0x00,180,10,180:4048:026A:03D6:012A|181:4048:026A:03D7:011A|182:4048:027A:03D8:012A|183:4048:027A:03D9:011A|184:4048:027A:03E2:0122|185:4048:028A:03E3:0121
round6_phase1,0xFA,3478,0x0002,0x0003,0x0000,0x01,0x0074,0x0000,0x0000,actor_2c8,5,0x10C408,0x01,0x68,0x00,0x00,0x02,0x00,0x02,0x0261,0x02C9,0x02E8,0x01,0x4A,0x00,190,10,190:004A:02C9:02F6:025C|191:004A:02B9:02F4:025C|192:004A:02C9:02F5:024C|193:004A:02B6:030C:025C|194:004A:02A6:02E9:025C|195:004A:02B6:030B:024C|196:004A:02A6:030A:024C|197:004A:02B6:0301:026C
round6_phase1,0xFA,3478,0x0002,0x0003,0x0000,0x01,0x0074,0x0000,0x0000,actor_2c8,7,0x10C488,0x01,0xCC,0x01,0x00,0x01,0x00,0x00,0x0121,0x0289,0x0420,0x00,0x47,0x00,210,10,210:0047:0269:0420:0111|211:0047:0269:0421:0121|212:0047:0279:0422:0111|213:0047:0279:0423:0121|214:0047:027A:0427:0119|215:0047:028A:0428:0119
round6_phase1,0xFA,3478,0x0002,0x0003,0x0000,0x01,0x0074,0x0000,0x0000,actor_2c8,8,0x10C4C8,0x01,0x18,0x00,0x00,0x02,0x00,0x00,0x00F7,0x0289,0x004B,0x00,0x46,0x00,220,19,220:4046:0289:0069:00E6|221:4046:0279:0067:00E6|222:4046:0279:004E:00E6|223:4046:0269:004C:00E6|224:4046:0289:0068:00F6|225:4046:0279:0063:00F6|226:4046:0279:004D:00F6|227:4046:0269:004B:00F6
round6_phase1,0xFA,3480,0x0002,0x0003,0x0000,0x01,0x0074,0x0000,0x0000,actor_2c8,4,0x10C3C8,0x01,0xE0,0x00,0x00,0x02,0x00,0x00,0x0129,0x0289,0x03B3,0x00,0x48,0x00,180,10,180:4048:026A:03D6:0128|181:4048:026A:03D7:0118|182:4048:027A:03D8:0128|183:4048:027A:03D9:0118|184:4048:027A:03E2:0120|185:4048:028A:03E3:011F
round6_phase1,0xFA,3480,0x0002,0x0003,0x0000,0x01,0x0074,0x0000,0x0000,actor_2c8,5,0x10C408,0x01,0x68,0x00,0x00,0x02,0x00,0x02,0x025F,0x02C9,0x02E8,0x01,0x4A,0x00,190,10,190:004A:02C9:02F6:0258|191:004A:02B9:02F4:0258|192:004A:02C9:02F5:0248|193:004A:02B6:030C:0258|194:004A:02A6:02E9:0258|195:004A:02B6:030B:0248|196:004A:02A6:030A:0248|197:004A:02B6:0301:0268
round6_phase1,0xFA,3480,0x0002,0x0003,0x0000,0x01,0x0074,0x0000,0x0000,actor_2c8,6,0x10C448,0x01,0x55,0x00,0x00,0x02,0x00,0x04,0x011B,0x0289,0x00D0,0x00,0x44,0x00,200,10,200:4044:0289:0021:010A|201:4044:0279:00DC:010A|202:4044:0269:00DA:010A|203:4044:0289:0020:011A|204:4044:0279:00DB:011A|205:4044:0269:00D9:011A|206:4044:0289:001F:012A|207:4044:0289:0022:00FA|208:4044:0279:00DD:00FA
round6_phase1,0xFA,3480,0x0002,0x0003,0x0000,0x01,0x0074,0x0000,0x0000,actor_2c8,7,0x10C488,0x01,0xCC,0x01,0x00,0x01,0x00,0x00,0x0123,0x0289,0x0420,0x00,0x47,0x00,210,10,210:0047:0269:0420:0113|211:0047:0269:0421:0123|212:0047:0279:0422:0113|213:0047:0279:0423:0123|214:0047:027A:0427:011B|215:0047:028A:0428:011B
round6_phase1,0xFA,3480,0x0002,0x0003,0x0000,0x01,0x0074,0x0000,0x0000,actor_2c8,8,0x10C4C8,0x01,0x1A,0x00,0x00,0x08,0x00,0x00,0x00F4,0x0289,0x004B,0x00,0x46,0x00,220,19,220:4046:0289:0071:00E3|221:4046:0279:006F:00E3|222:4046:027B:004E:00E3|223:4046:026B:004C:00E3|224:4046:0289:0070:00F3|225:4046:0279:006E:00F3|226:4046:027B:004D:00F3|227:4046:026B:004B:00F3
round6_phase1,0xFA,3482,0x0002,0x0003,0x0000,0x01,0x0074,0x0000,0x0000,actor_2c8,4,0x10C3C8,0x01,0xE0,0x00,0x00,0x02,0x00,0x00,0x0127,0x0289,0x03B3,0x00,0x48,0x00,180,10,180:4048:026A:03D6:0126|181:4048:026A:03D7:0116|182:4048:027A:03D8:0126|183:4048:027A:03D9:0116|184:4048:027A:03E2:011E|185:4048:028A:03E3:011D
round6_phase1,0xFA,3482,0x0002,0x0003,0x0000,0x01,0x0074,0x0000,0x0000,actor_2c8,6,0x10C448,0x01,0x56,0x00,0x00,0x02,0x00,0x05,0x0119,0x0289,0x00D0,0x00,0x44,0x00,200,10,200:4044:0289:0021:010A|201:4044:0279:00DC:010A|202:4044:0269:00DA:010A|203:4044:0289:0020:011A|204:4044:0279:00DB:011A|205:4044:0269:00D9:011A|206:4044:0289:001F:012A|207:4044:0289:0022:00FA|208:4044:0279:00DD:00FA
round6_phase1,0xFA,3482,0x0002,0x0003,0x0000,0x01,0x0074,0x0000,0x0000,actor_2c8,7,0x10C488,0x01,0xCC,0x01,0x00,0x01,0x00,0x00,0x0125,0x0289,0x0420,0x00,0x47,0x00,210,10,210:0047:0269:0420:0115|211:0047:0269:0421:0125|212:0047:0279:0422:0115|213:0047:0279:0423:0125|214:0047:027A:0427:011D|215:0047:028A:0428:011D
round6_phase1,0xFA,3482,0x0002,0x0003,0x0000,0x01,0x0074,0x0000,0x0000,actor_2c8,8,0x10C4C8,0x01,0x1A,0x00,0x00,0x08,0x00,0x00,0x00F0,0x028A,0x004B,0x00,0x46,0x00,220,19,220:4046:028A:0071:00DF|221:4046:027A:006F:00DF|222:4046:027C:004E:00DF|223:4046:026C:004C:00DF|224:4046:028A:0070:00EF|225:4046:027A:006E:00EF|226:4046:027C:004D:00EF|227:4046:026C:004B:00EF
round6_phase1,0xFA,3484,0x0002,0x0003,0x0000,0x01,0x0074,0x0000,0x0000,actor_2c8,4,0x10C3C8,0x01,0xDD,0x00,0x00,0x02,0x00,0x00,0x0125,0x0289,0x03B3,0x00,0x48,0x00,180,10,180:4048:0269:03D6:0126|181:4048:0269:03D7:0116|182:4048:0279:03D8:0126|183:4048:0279:03D9:0116|184:4048:0279:03DA:011E|185:4048:0289:03DB:0126|186:4048:0289:03DC:0116
round6_phase1,0xFA,3484,0x0002,0x0003,0x0000,0x01,0x0074,0x0000,0x0000,actor_2c8,5,0x10C408,0x01,0xB3,0x00,0x00,0x02,0x00,0x02,0x0257,0x02C9,0x02E8,0x01,0x4A,0x00,190,10,190:004A:02C9:02F3:024B|191:004A:02B9:02F2:024B|192:004A:02B6:030C:0252|193:004A:02A6:02E9:0252|194:004A:02B6:030B:0242|195:004A:02A6:030A:0242|196:004A:02B6:0301:0262
round6_phase1,0xFA,3484,0x0002,0x0003,0x0000,0x01,0x0074,0x0000,0x0000,actor_2c8,6,0x10C448,0x01,0x56,0x00,0x00,0x02,0x00,0x05,0x0119,0x0289,0x00D0,0x00,0x44,0x00,200,10,200:4044:0289:0025:0108|201:4044:0279:00D3:0108|202:4044:0269:00D1:0108|203:4044:0289:0024:0118|204:4044:0279:00D2:0118|205:4044:0269:00D0:0118|206:4044:0289:0023:0128|207:4044:0289:0026:00F8|208:4044:0279:00D4:00F8
round6_phase1,0xFA,3484,0x0002,0x0003,0x0000,0x01,0x0074,0x0000,0x0000,actor_2c8,7,0x10C488,0x01,0xC9,0x01,0x00,0x01,0x00,0x00,0x0127,0x0289,0x0420,0x00,0x47,0x00,210,10,210:0047:0268:0420:0117|211:0047:0268:0421:0127|212:0047:0278:0422:0117|213:0047:0278:0423:0127|214:0047:0279:0424:011F|215:0047:0289:0425:0117|216:0047:0289:0426:0127
round6_phase1,0xFA,3484,0x0002,0x0003,0x0000,0x01,0x0074,0x0000,0x0000,actor_2c8,8,0x10C4C8,0x01,0x1A,0x00,0x00,0x08,0x00,0x00,0x00ED,0x028B,0x004B,0x00,0x46,0x00,220,19,220:4046:028B:0071:00DC|221:4046:027B:006F:00DC|222:4046:027D:004E:00DC|223:4046:026D:004C:00DC|224:4046:028B:0070:00EC|225:4046:027B:006E:00EC|226:4046:027D:004D:00EC|227:4046:026D:004B:00EC
round6_phase1,0xFA,3486,0x0002,0x0003,0x0000,0x01,0x0074,0x0000,0x0000,actor_2c8,4,0x10C3C8,0x01,0xDD,0x00,0x00,0x02,0x00,0x00,0x0123,0x0289,0x03B3,0x00,0x48,0x00,180,10,180:4048:0269:03D6:0124|181:4048:0269:03D7:0114|182:4048:0279:03D8:0124|183:4048:0279:03D9:0114|184:4048:0279:03DA:011C|185:4048:0289:03DB:0124|186:4048:0289:03DC:0114
round6_phase1,0xFA,3486,0x0002,0x0003,0x0000,0x01,0x0074,0x0000,0x0000,actor_2c8,5,0x10C408,0x01,0xB3,0x00,0x00,0x02,0x00,0x02,0x0255,0x02C9,0x02E8,0x01,0x4A,0x00,190,10,190:004A:02C9:02F3:0249|191:004A:02B9:02F2:0249|192:004A:02B6:030C:0250|193:004A:02A6:02E9:0250|194:004A:02B6:030B:0240|195:004A:02A6:030A:0240|196:004A:02B6:0301:0260
round6_phase1,0xFA,3486,0x0002,0x0003,0x0000,0x01,0x0074,0x0000,0x0000,actor_2c8,8,0x10C4C8,0x01,0x1A,0x00,0x00,0x08,0x00,0x00,0x00EA,0x028C,0x004B,0x00,0x46,0x00,220,19,220:4046:028C:0071:00D9|221:4046:027C:006F:00D9|222:4046:027E:004E:00D9|223:4046:026E:004C:00D9|224:4046:028C:0070:00E9|225:4046:027C:006E:00E9|226:4046:027E:004D:00E9|227:4046:026E:004B:00E9
round6_phase1,0xFA,3488,0x0002,0x0003,0x0000,0x01,0x0074,0x0000,0x0000,actor_2c8,4,0x10C3C8,0x01,0xDD,0x00,0x00,0x02,0x00,0x00,0x0121,0x0289,0x03B3,0x00,0x48,0x00,180,10,180:4048:0269:03D6:0122|181:4048:0269:03D7:0112|182:4048:0279:03D8:0122|183:4048:0279:03D9:0112|184:4048:0279:03DA:011A|185:4048:0289:03DB:0122|186:4048:0289:03DC:0112
round6_phase1,0xFA,3488,0x0002,0x0003,0x0000,0x01,0x0074,0x0000,0x0000,actor_2c8,5,0x10C408,0x01,0xB3,0x00,0x00,0x02,0x00,0x02,0x0251,0x02C9,0x02E8,0x01,0x4A,0x00,190,10,190:004A:02C9:02F3:0245|191:004A:02B9:02F2:0245|192:004A:02B6:030C:024C|193:004A:02A6:02E9:024C|194:004A:02B6:030B:023C|195:004A:02A6:030A:023C|196:004A:02B6:0301:025C
round6_phase1,0xFA,3488,0x0002,0x0003,0x0000,0x01,0x0074,0x0000,0x0000,actor_2c8,6,0x10C448,0x01,0x56,0x00,0x00,0x02,0x00,0x05,0x0117,0x0289,0x00D0,0x00,0x44,0x00,200,10,200:4044:0289:0025:0106|201:4044:0279:00D3:0106|202:4044:0269:00D1:0106|203:4044:0289:0024:0116|204:4044:0279:00D2:0116|205:4044:0269:00D0:0116|206:4044:0289:0023:0126|207:4044:0289:0026:00F6|208:4044:0279:00D4:00F6
round6_phase1,0xFA,3488,0x0002,0x0003,0x0000,0x01,0x0074,0x0000,0x0000,actor_2c8,7,0x10C488,0x01,0xC9,0x01,0x00,0x01,0x00,0x00,0x012B,0x0289,0x0420,0x00,0x47,0x00,210,10,210:0047:0268:0420:0119|211:0047:0268:0421:0129|212:0047:0278:0422:0119|213:0047:0278:0423:0129|214:0047:0279:0424:0121|215:0047:0289:0425:0119|216:0047:0289:0426:0129
round6_phase1,0xFA,3488,0x0002,0x0003,0x0000,0x01,0x0074,0x0000,0x0000,actor_2c8,8,0x10C4C8,0x01,0x1A,0x00,0x00,0x08,0x00,0x00,0x00E7,0x028E,0x004B,0x00,0x46,0x00,220,19,220:4046:028E:0071:00D6|221:4046:027E:006F:00D6|222:4046:0280:004E:00D6|223:4046:0270:004C:00D6|224:4046:028E:0070:00E6|225:4046:027E:006E:00E6|226:4046:0280:004D:00E6|227:4046:0270:004B:00E6
round6_phase1,0xFA,3490,0x0002,0x0003,0x0000,0x01,0x0074,0x0000,0x0000,actor_2c8,4,0x10C3C8,0x01,0xDD,0x00,0x00,0x02,0x00,0x00,0x011F,0x0289,0x03B3,0x00,0x48,0x00,180,10,180:4048:0269:03D6:0120|181:4048:0269:03D7:0110|182:4048:0279:03D8:0120|183:4048:0279:03D9:0110|184:4048:0279:03DA:0118|185:4048:0289:03DB:0120|186:4048:0289:03DC:0110
round6_phase1,0xFA,3490,0x0002,0x0003,0x0000,0x01,0x0074,0x0000,0x0000,actor_2c8,5,0x10C408,0x01,0xB3,0x00,0x00,0x02,0x00,0x02,0x024F,0x02C9,0x02E8,0x01,0x4A,0x00,190,10,190:004A:02C9:02F3:0241|191:004A:02B9:02F2:0241|192:004A:02B6:030C:0248|193:004A:02A6:02E9:0248|194:004A:02B6:030B:0238|195:004A:02A6:030A:0238|196:004A:02B6:0301:0258
round6_phase1,0xFA,3490,0x0002,0x0003,0x0000,0x01,0x0074,0x0000,0x0000,actor_2c8,6,0x10C448,0x01,0x51,0x00,0x00,0x02,0x00,0x00,0x0117,0x0289,0x00D0,0x00,0x44,0x00,200,10,200:4044:0289:0025:0106|201:4044:0279:00D3:0106|202:4044:0269:00D1:0106|203:4044:0289:0024:0116|204:4044:0279:00D2:0116|205:4044:0269:00D0:0116|206:4044:0289:0023:0126|207:4044:0289:0026:00F6|208:4044:0279:00D4:00F6
round6_phase1,0xFA,3490,0x0002,0x0003,0x0000,0x01,0x0074,0x0000,0x0000,actor_2c8,7,0x10C488,0x01,0xC9,0x01,0x00,0x01,0x00,0x00,0x012D,0x0289,0x0420,0x00,0x47,0x00,210,10,210:0047:0268:0420:011B|211:0047:0268:0421:012B|212:0047:0278:0422:011B|213:0047:0278:0423:012B|214:0047:0279:0424:0123|215:0047:0289:0425:011B|216:0047:0289:0426:012B
round6_phase1,0xFA,3490,0x0002,0x0003,0x0000,0x01,0x0074,0x0000,0x0000,actor_2c8,8,0x10C4C8,0x01,0x1A,0x00,0x00,0x08,0x00,0x00,0x00E4,0x0290,0x004B,0x00,0x46,0x00,220,19,220:4046:0290:0071:00D3|221:4046:0280:006F:00D3|222:4046:0282:004E:00D3|223:4046:0272:004C:00D3|224:4046:0290:0070:00E3|225:4046:0280:006E:00E3|226:4046:0282:004D:00E3|227:4046:0272:004B:00E3
round6_phase1,0xFA,3492,0x0002,0x0003,0x0000,0x01,0x0074,0x0000,0x0000,actor_2c8,4,0x10C3C8,0x01,0xDE,0x00,0x00,0x02,0x00,0x00,0x011F,0x0289,0x03B3,0x00,0x48,0x00,180,10,180:4048:026A:03D6:011E|181:4048:026A:03D7:010E|182:4048:027A:03D8:011E|183:4048:027A:03D9:010E|184:4048:027A:03DD:0116|185:4048:028A:03DE:0116
round6_phase1,0xFA,3492,0x0002,0x0003,0x0000,0x01,0x0074,0x0000,0x0000,actor_2c8,6,0x10C448,0x01,0x52,0x00,0x00,0x02,0x00,0x01,0x0115,0x0289,0x00D0,0x00,0x44,0x00,200,10,200:4044:0289:0015:0104|201:4044:0279:00DC:0104|202:4044:0269:00DA:0104|203:4044:0289:0014:0114|204:4044:0279:00DB:0114|205:4044:0269:00D9:0114|206:4044:0289:0013:0124|207:4044:0289:0016:00F4|208:4044:0279:00DD:00F4
round6_phase1,0xFA,3492,0x0002,0x0003,0x0000,0x01,0x0074,0x0000,0x0000,actor_2c8,7,0x10C488,0x01,0xCA,0x01,0x00,0x01,0x00,0x00,0x012F,0x0289,0x0420,0x00,0x47,0x00,210,10,210:0047:0269:0420:011D|211:0047:0269:0421:012D|212:0047:0279:0422:011D|213:0047:0279:0423:012D|214:0047:027A:0427:0125|215:0047:028A:0428:0125
round6_phase1,0xFA,3492,0x0002,0x0003,0x0000,0x01,0x0074,0x0000,0x0000,actor_2c8,8,0x10C4C8,0x01,0x1A,0x00,0x00,0x08,0x00,0x00,0x00E1,0x0293,0x004B,0x00,0x46,0x00,220,19,220:4046:0293:0071:00D0|221:4046:0283:006F:00D0|222:4046:0285:004E:00D0|223:4046:0275:004C:00D0|224:4046:0293:0070:00E0|225:4046:0283:006E:00E0|226:4046:0285:004D:00E0|227:4046:0275:004B:00E0
round6_phase1,0xFA,3494,0x0002,0x0003,0x0000,0x01,0x0074,0x0000,0x0000,actor_2c8,4,0x10C3C8,0x01,0xDE,0x00,0x00,0x02,0x00,0x00,0x011D,0x0289,0x03B3,0x00,0x48,0x00,180,10,180:4048:026A:03D6:011C|181:4048:026A:03D7:010C|182:4048:027A:03D8:011C|183:4048:027A:03D9:010C|184:4048:027A:03DD:0114|185:4048:028A:03DE:0114
round6_phase1,0xFA,3494,0x0002,0x0003,0x0000,0x01,0x0074,0x0000,0x0000,actor_2c8,7,0x10C488,0x01,0xCA,0x01,0x00,0x01,0x00,0x00,0x012F,0x0289,0x0420,0x00,0x47,0x00,210,10,210:0047:0269:0420:011F|211:0047:0269:0421:012F|212:0047:0279:0422:011F|213:0047:0279:0423:012F|214:0047:027A:0427:0127|215:0047:028A:0428:0127
round6_phase1,0xFA,3494,0x0002,0x0003,0x0000,0x01,0x0074,0x0000,0x0000,actor_2c8,8,0x10C4C8,0x01,0x1A,0x00,0x00,0x08,0x00,0x00,0x00DE,0x0296,0x004B,0x00,0x46,0x00,220,19,220:4046:0296:0071:00CD|221:4046:0286:006F:00CD|222:4046:0288:004E:00CD|223:4046:0278:004C:00CD|224:4046:0296:0070:00DD|225:4046:0286:006E:00DD|226:4046:0288:004D:00DD|227:4046:0278:004B:00DD
round6_phase1,0xFA,3496,0x0002,0x0003,0x0000,0x01,0x0074,0x0000,0x0000,actor_2c8,4,0x10C3C8,0x01,0xDE,0x00,0x00,0x02,0x00,0x00,0x011B,0x0289,0x03B3,0x00,0x48,0x00,180,10,180:4048:026A:03D6:011A|181:4048:026A:03D7:010A|182:4048:027A:03D8:011A|183:4048:027A:03D9:010A|184:4048:027A:03DD:0112|185:4048:028A:03DE:0112
round6_phase1,0xFA,3496,0x0002,0x0003,0x0000,0x01,0x0074,0x0000,0x0000,actor_2c8,5,0x10C408,0x01,0x68,0x00,0x00,0x02,0x00,0x02,0x0245,0x02C9,0x02E8,0x01,0x4A,0x00,190,10,190:004A:02C9:02F6:0240|191:004A:02B9:02F4:0240|192:004A:02C9:02F5:0230|193:004A:02B6:030C:0240|194:004A:02A6:02E9:0240|195:004A:02B6:030B:0230|196:004A:02A6:030A:0230|197:004A:02B6:0301:0250
round6_phase1,0xFA,3496,0x0002,0x0003,0x0000,0x01,0x0074,0x0000,0x0000,actor_2c8,6,0x10C448,0x01,0x52,0x00,0x00,0x02,0x00,0x01,0x0113,0x0289,0x00D0,0x00,0x44,0x00,200,10,200:4044:0289:0015:0102|201:4044:0279:00DC:0102|202:4044:0269:00DA:0102|203:4044:0289:0014:0112|204:4044:0279:00DB:0112|205:4044:0269:00D9:0112|206:4044:0289:0013:0122|207:4044:0289:0016:00F2|208:4044:0279:00DD:00F2
round6_phase1,0xFA,3496,0x0002,0x0003,0x0000,0x01,0x0074,0x0000,0x0000,actor_2c8,7,0x10C488,0x01,0xCA,0x01,0x00,0x01,0x00,0x00,0x0131,0x0289,0x0420,0x00,0x47,0x00,210,10,210:0047:0269:0420:0121|211:0047:0269:0421:0131|212:0047:0279:0422:0121|213:0047:0279:0423:0131|214:0047:027A:0427:0129|215:0047:028A:0428:0129
round6_phase1,0xFA,3496,0x0002,0x0003,0x0000,0x01,0x0074,0x0000,0x0000,actor_2c8,8,0x10C4C8,0x01,0x1A,0x00,0x00,0x08,0x00,0x00,0x00DC,0x0299,0x004B,0x00,0x46,0x00,220,19,220:4046:0299:0071:00CB|221:4046:0289:006F:00CB|222:4046:028B:004E:00CB|223:4046:027B:004C:00CB|224:4046:0299:0070:00DB|225:4046:0289:006E:00DB|226:4046:028B:004D:00DB|227:4046:027B:004B:00DB
round6_phase1,0xFA,3498,0x0002,0x0003,0x0000,0x01,0x0074,0x0000,0x0000,actor_2c8,4,0x10C3C8,0x01,0xDE,0x00,0x00,0x02,0x00,0x00,0x0119,0x0289,0x03B3,0x00,0x48,0x00,180,10,180:4048:026A:03D6:0118|181:4048:026A:03D7:0108|182:4048:027A:03D8:0118|183:4048:027A:03D9:0108|184:4048:027A:03DD:0110|185:4048:028A:03DE:0110
round6_phase1,0xFA,3498,0x0002,0x0003,0x0000,0x01,0x0074,0x0000,0x0000,actor_2c8,5,0x10C408,0x01,0x68,0x00,0x00,0x02,0x00,0x02,0x0241,0x02C9,0x02E8,0x01,0x4A,0x00,190,10,190:004A:02C9:02F6:023C|191:004A:02B9:02F4:023C|192:004A:02C9:02F5:022C|193:004A:02B6:030C:023C|194:004A:02A6:02E9:023C|195:004A:02B6:030B:022C|196:004A:02A6:030A:022C|197:004A:02B6:0301:024C
round6_phase1,0xFA,3498,0x0002,0x0003,0x0000,0x01,0x0074,0x0000,0x0000,actor_2c8,7,0x10C488,0x01,0xCA,0x01,0x00,0x01,0x00,0x00,0x0133,0x0289,0x0420,0x00,0x47,0x00,210,10,210:0047:0269:0420:0123|211:0047:0269:0421:0133|212:0047:0279:0422:0123|213:0047:0279:0423:0133|214:0047:027A:0427:012B|215:0047:028A:0428:012B
round6_phase1,0xFA,3498,0x0002,0x0003,0x0000,0x01,0x0074,0x0000,0x0000,actor_2c8,8,0x10C4C8,0x01,0x1A,0x00,0x00,0x08,0x00,0x00,0x00DA,0x029C,0x004B,0x00,0x46,0x00,220,19,220:4046:029C:0071:00C9|221:4046:028C:006F:00C9|222:4046:028E:004E:00C9|223:4046:027E:004C:00C9|224:4046:029C:0070:00D9|225:4046:028C:006E:00D9|226:4046:028E:004D:00D9|227:4046:027E:004B:00D9
round6_phase1,0xFA,3500,0x0002,0x0003,0x0000,0x01,0x0074,0x0000,0x0000,actor_2c8,4,0x10C3C8,0x01,0xDF,0x00,0x00,0x02,0x00,0x00,0x0117,0x0289,0x03B3,0x00,0x48,0x00,180,10,180:4048:0269:03D6:0116|181:4048:0269:03D7:0106|182:4048:0279:03D8:0116|183:4048:0279:03D9:0106|184:4048:0279:03DF:010E|185:4048:0289:03E0:0116|186:4048:0289:03E1:0106
round6_phase1,0xFA,3500,0x0002,0x0003,0x0000,0x01,0x0074,0x0000,0x0000,actor_2c8,5,0x10C408,0x01,0xB4,0x00,0x00,0x02,0x00,0x02,0x023F,0x02C9,0x02E8,0x01,0x4A,0x00,190,10,190:004A:02C9:02F8:0234|191:004A:02B9:02F7:0234|192:004A:02B6:030C:0238|193:004A:02A6:02E9:0238|194:004A:02B6:030B:0228|195:004A:02A6:030A:0228|196:004A:02B6:0301:0248
round6_phase1,0xFA,3500,0x0002,0x0003,0x0000,0x01,0x0074,0x0000,0x0000,actor_2c8,6,0x10C448,0x01,0x53,0x00,0x00,0x02,0x00,0x02,0x0111,0x0289,0x00D0,0x00,0x44,0x00,200,10,200:4044:0289:0019:0100|201:4044:0279:00E5:0100|202:4044:0269:00E3:0100|203:4044:0289:0018:0110|204:4044:0279:00E4:0110|205:4044:0269:00E2:0110|206:4044:0289:0017:0120|207:4044:0289:001A:00F0|208:4044:0279:00E6:00F0
round6_phase1,0xFA,3500,0x0002,0x0003,0x0000,0x01,0x0074,0x0000,0x0000,actor_2c8,7,0x10C488,0x01,0xCB,0x01,0x00,0x01,0x00,0x00,0x0135,0x0289,0x0420,0x00,0x47,0x00,210,10,210:0047:0268:0420:0125|211:0047:0268:0421:0135|212:0047:0278:0422:0125|213:0047:0278:0423:0135|214:0047:0279:0429:012D|215:0047:0289:042A:012D
round6_phase1,0xFA,3500,0x0002,0x0003,0x0000,0x01,0x0074,0x0000,0x0000,actor_2c8,8,0x10C4C8,0x01,0x1A,0x00,0x00,0x08,0x00,0x00,0x00D9,0x029F,0x004B,0x00,0x46,0x00,220,19,220:4046:029F:0071:00C8|221:4046:028F:006F:00C8|222:4046:0291:004E:00C8|223:4046:0281:004C:00C8|224:4046:029F:0070:00D8|225:4046:028F:006E:00D8|226:4046:0291:004D:00D8|227:4046:0281:004B:00D8
round6_phase1,0xFA,3502,0x0002,0x0003,0x0000,0x01,0x0074,0x0000,0x0000,actor_2c8,5,0x10C408,0x01,0xB4,0x00,0x00,0x02,0x00,0x02,0x023B,0x02C9,0x02E8,0x01,0x4A,0x00,190,10,190:004A:02C9:02F8:0232|191:004A:02B9:02F7:0232|192:004A:02B6:030C:0236|193:004A:02A6:02E9:0236|194:004A:02B6:030B:0226|195:004A:02A6:030A:0226|196:004A:02B6:0301:0246
round6_phase1,0xFA,3502,0x0002,0x0003,0x0000,0x01,0x0074,0x0000,0x0000,actor_2c8,7,0x10C488,0x01,0xCB,0x01,0x00,0x01,0x00,0x00,0x0137,0x0289,0x0420,0x00,0x47,0x00,210,10,210:0047:0268:0420:0127|211:0047:0268:0421:0137|212:0047:0278:0422:0127|213:0047:0278:0423:0137|214:0047:0279:0429:012F|215:0047:0289:042A:012F
round6_phase1,0xFA,3502,0x0002,0x0003,0x0000,0x01,0x0074,0x0000,0x0000,actor_2c8,8,0x10C4C8,0x01,0x1A,0x00,0x00,0x08,0x00,0x00,0x00D8,0x02A2,0x004B,0x00,0x46,0x00,220,19,220:4046:02A2:0071:00C7|221:4046:0292:006F:00C7|222:4046:0294:004E:00C7|223:4046:0284:004C:00C7|224:4046:02A2:0070:00D7|225:4046:0292:006E:00D7|226:4046:0294:004D:00D7|227:4046:0284:004B:00D7
round6_phase1,0xFA,3504,0x0002,0x0003,0x0000,0x01,0x0074,0x0000,0x0000,actor_2c8,4,0x10C3C8,0x01,0xDF,0x00,0x00,0x02,0x00,0x00,0x0113,0x0289,0x03B3,0x00,0x48,0x00,180,10,180:4048:0269:03D6:0114|181:4048:0269:03D7:0104|182:4048:0279:03D8:0114|183:4048:0279:03D9:0104|184:4048:0279:03DF:010C|185:4048:0289:03E0:0114|186:4048:0289:03E1:0104
round6_phase1,0xFA,3504,0x0002,0x0003,0x0000,0x01,0x0074,0x0000,0x0000,actor_2c8,6,0x10C448,0x01,0x53,0x00,0x00,0x02,0x00,0x02,0x010F,0x0289,0x00D0,0x00,0x44,0x00,200,10,200:4044:0289:0019:00FE|201:4044:0279:00E5:00FE|202:4044:0269:00E3:00FE|203:4044:0289:0018:010E|204:4044:0279:00E4:010E|205:4044:0269:00E2:010E|206:4044:0289:0017:011E|207:4044:0289:001A:00EE|208:4044:0279:00E6:00EE
round6_phase1,0xFA,3504,0x0002,0x0003,0x0000,0x01,0x0074,0x0000,0x0000,actor_2c8,8,0x10C4C8,0x01,0x1A,0x00,0x00,0x08,0x00,0x00,0x00D7,0x02A6,0x004B,0x00,0x46,0x00,220,19,220:4046:02A6:0071:00C6|221:4046:0296:006F:00C6|222:4046:0298:004E:00C6|223:4046:0288:004C:00C6|224:4046:02A6:0070:00D6|225:4046:0296:006E:00D6|226:4046:0298:004D:00D6|227:4046:0288:004B:00D6
round6_phase1,0xFA,3506,0x0002,0x0003,0x0000,0x01,0x0074,0x0000,0x0000,actor_2c8,4,0x10C3C8,0x01,0xDF,0x00,0x00,0x02,0x00,0x00,0x0111,0x0289,0x03B3,0x00,0x48,0x00,180,10,180:4048:0269:03D6:0112|181:4048:0269:03D7:0102|182:4048:0279:03D8:0112|183:4048:0279:03D9:0102|184:4048:0279:03DF:010A|185:4048:0289:03E0:0112|186:4048:0289:03E1:0102
round6_phase1,0xFA,3506,0x0002,0x0003,0x0000,0x01,0x0074,0x0000,0x0000,actor_2c8,5,0x10C408,0x01,0xB4,0x00,0x00,0x02,0x00,0x02,0x0235,0x02C9,0x02E8,0x00,0x4A,0x00,190,10,190:404A:02C9:02F8:0231|191:404A:02B9:02F7:0231|192:404A:02B6:030C:022D|193:404A:02A6:02E9:022D|194:404A:02B6:030B:023D|195:404A:02A6:030A:023D|196:404A:02B6:0301:021D
round6_phase1,0xFA,3506,0x0002,0x0003,0x0000,0x01,0x0074,0x0000,0x0000,actor_2c8,7,0x10C488,0x01,0xCB,0x01,0x00,0x01,0x00,0x00,0x013B,0x0289,0x0420,0x00,0x47,0x00,210,10,210:0047:0268:0420:0129|211:0047:0268:0421:0139|212:0047:0278:0422:0129|213:0047:0278:0423:0139|214:0047:0279:0429:0131|215:0047:0289:042A:0131
round6_phase1,0xFA,3506,0x0002,0x0003,0x0000,0x01,0x0074,0x0000,0x0000,actor_2c8,8,0x10C4C8,0x01,0x1B,0x00,0x00,0x08,0x00,0x00,0x00D7,0x02A9,0x004B,0x00,0x46,0x00,220,19,220:4046:02A9:0075:00C6|221:4046:0299:0073:00C6|222:4046:029E:004E:00C6|223:4046:028E:004C:00C6|224:4046:02A9:0074:00D6|225:4046:0299:0072:00D6|226:4046:029E:004D:00D6|227:4046:028E:004B:00D6
round6_phase1,0xFA,3508,0x0002,0x0003,0x0000,0x01,0x0074,0x0000,0x0000,actor_2c8,4,0x10C3C8,0x01,0xE0,0x00,0x00,0x02,0x00,0x00,0x010F,0x0289,0x03B3,0x00,0x48,0x00,180,10,180:4048:026A:03D6:0110|181:4048:026A:03D7:0100|182:4048:027A:03D8:0110|183:4048:027A:03D9:0100|184:4048:027A:03E2:0108|185:4048:028A:03E3:0107
round6_phase1,0xFA,3508,0x0002,0x0003,0x0000,0x01,0x0074,0x0000,0x0000,actor_2c8,5,0x10C408,0x01,0x68,0x00,0x00,0x02,0x00,0x02,0x0233,0x02C9,0x02E8,0x00,0x4A,0x00,190,10,190:404A:02C9:02F6:022B|191:404A:02B9:02F4:022B|192:404A:02C9:02F5:023B|193:404A:02B6:030C:022B|194:404A:02A6:02E9:022B|195:404A:02B6:030B:023B|196:404A:02A6:030A:023B|197:404A:02B6:0301:021B
round6_phase1,0xFA,3508,0x0002,0x0003,0x0000,0x01,0x0074,0x0000,0x0000,actor_2c8,6,0x10C448,0x01,0x55,0x00,0x00,0x02,0x00,0x04,0x010D,0x0289,0x00D0,0x00,0x44,0x00,200,10,200:4044:0289:001D:00FE|201:4044:0279:00E5:00FE|202:4044:0269:00E3:00FE|203:4044:0289:001C:010E|204:4044:0279:00E4:010E|205:4044:0269:00E2:010E|206:4044:0289:001B:011E|207:4044:0289:001E:00EE|208:4044:0279:00E6:00EE
round6_phase1,0xFA,3508,0x0002,0x0003,0x0000,0x01,0x0074,0x0000,0x0000,actor_2c8,7,0x10C488,0x01,0xCC,0x01,0x00,0x01,0x00,0x00,0x013D,0x0289,0x0420,0x00,0x47,0x00,210,10,210:0047:0269:0420:012B|211:0047:0269:0421:013B|212:0047:0279:0422:012B|213:0047:0279:0423:013B|214:0047:027A:0427:0133|215:0047:028A:0428:0133
round6_phase1,0xFA,3508,0x0002,0x0003,0x0000,0x01,0x0074,0x0000,0x0000,actor_2c8,8,0x10C4C8,0x01,0x18,0x00,0x00,0x02,0x00,0x00,0x00D5,0x02A9,0x004B,0x00,0x46,0x00,220,19,220:4046:02A9:0075:00C6|221:4046:0299:0073:00C6|222:4046:029E:004E:00C6|223:4046:028E:004C:00C6|224:4046:02A9:0074:00D6|225:4046:0299:0072:00D6|226:4046:029E:004D:00D6|227:4046:028E:004B:00D6
round6_phase1,0xFA,3510,0x0002,0x0003,0x0000,0x01,0x0074,0x0000,0x0000,actor_2c8,4,0x10C3C8,0x01,0xE0,0x00,0x00,0x02,0x00,0x00,0x010F,0x0289,0x03B3,0x00,0x48,0x00,180,10,180:4048:026A:03D6:010E|181:4048:026A:03D7:00FE|182:4048:027A:03D8:010E|183:4048:027A:03D9:00FE|184:4048:027A:03E2:0106|185:4048:028A:03E3:0105
round6_phase1,0xFA,3510,0x0002,0x0003,0x0000,0x01,0x0074,0x0000,0x0000,actor_2c8,5,0x10C408,0x01,0x68,0x00,0x00,0x02,0x00,0x02,0x0231,0x02C9,0x02E8,0x00,0x4A,0x00,190,10,190:404A:02C9:02F6:0229|191:404A:02B9:02F4:0229|192:404A:02C9:02F5:0239|193:404A:02B6:030C:0229|194:404A:02A6:02E9:0229|195:404A:02B6:030B:0239|196:404A:02A6:030A:0239|197:404A:02B6:0301:0219
round6_phase1,0xFA,3510,0x0002,0x0003,0x0000,0x01,0x0074,0x0000,0x0000,actor_2c8,6,0x10C448,0x01,0x55,0x00,0x00,0x02,0x00,0x04,0x010D,0x0289,0x00D0,0x00,0x44,0x00,200,10,200:4044:0289:0021:00FC|201:4044:0279:00DC:00FC|202:4044:0269:00DA:00FC|203:4044:0289:0020:010C|204:4044:0279:00DB:010C|205:4044:0269:00D9:010C|206:4044:0289:001F:011C|207:4044:0289:0022:00EC|208:4044:0279:00DD:00EC
round6_phase1,0xFA,3510,0x0002,0x0003,0x0000,0x01,0x0074,0x0000,0x0000,actor_2c8,7,0x10C488,0x01,0xCC,0x01,0x00,0x01,0x00,0x00,0x013F,0x0289,0x0420,0x00,0x47,0x00,210,10,210:0047:0269:0420:012D|211:0047:0269:0421:013D|212:0047:0279:0422:012D|213:0047:0279:0423:013D|214:0047:027A:0427:0135|215:0047:028A:0428:0135
round6_phase1,0xFA,3510,0x0002,0x0003,0x0000,0x01,0x0074,0x0000,0x0000,actor_2c8,8,0x10C4C8,0x01,0x18,0x00,0x00,0x02,0x00,0x00,0x00D3,0x02A9,0x004B,0x00,0x46,0x00,220,19,220:4046:02A9:0069:00C4|221:4046:0299:0067:00C4|222:4046:0299:004E:00C4|223:4046:0289:004C:00C4|224:4046:02A9:0068:00D4|225:4046:0299:0063:00D4|226:4046:0299:004D:00D4|227:4046:0289:004B:00D4
round6_phase1,0xFA,3512,0x0002,0x0003,0x0000,0x01,0x0074,0x0000,0x0000,actor_2c8,4,0x10C3C8,0x01,0xE0,0x00,0x00,0x02,0x00,0x00,0x010D,0x0289,0x03B3,0x00,0x48,0x00,180,10,180:4048:026A:03D6:010C|181:4048:026A:03D7:00FC|182:4048:027A:03D8:010C|183:4048:027A:03D9:00FC|184:4048:027A:03E2:0104|185:4048:028A:03E3:0103
round6_phase1,0xFA,3512,0x0002,0x0003,0x0000,0x01,0x0074,0x0000,0x0000,actor_2c8,5,0x10C408,0x01,0x68,0x00,0x00,0x02,0x00,0x02,0x022F,0x02C9,0x02E8,0x00,0x4A,0x00,190,10,190:404A:02C9:02F6:0227|191:404A:02B9:02F4:0227|192:404A:02C9:02F5:0237|193:404A:02B6:030C:0227|194:404A:02A6:02E9:0227|195:404A:02B6:030B:0237|196:404A:02A6:030A:0237|197:404A:02B6:0301:0217
round6_phase1,0xFA,3512,0x0002,0x0003,0x0000,0x01,0x0074,0x0000,0x0000,actor_2c8,7,0x10C488,0x01,0xCC,0x01,0x00,0x01,0x00,0x00,0x013F,0x0289,0x0420,0x00,0x47,0x00,210,10,210:0047:0269:0420:012F|211:0047:0269:0421:013F|212:0047:0279:0422:012F|213:0047:0279:0423:013F|214:0047:027A:0427:0137|215:0047:028A:0428:0137
round6_phase1,0xFA,3512,0x0002,0x0003,0x0000,0x01,0x0074,0x0000,0x0000,actor_2c8,8,0x10C4C8,0x01,0x18,0x00,0x00,0x02,0x00,0x00,0x00D1,0x02A9,0x004B,0x00,0x46,0x00,220,19,220:4046:02A9:0069:00C2|221:4046:0299:0067:00C2|222:4046:0299:004E:00C2|223:4046:0289:004C:00C2|224:4046:02A9:0068:00D2|225:4046:0299:0063:00D2|226:4046:0299:004D:00D2|227:4046:0289:004B:00D2
round6_phase1,0xFA,3514,0x0002,0x0003,0x0000,0x01,0x0074,0x0000,0x0000,actor_2c8,4,0x10C3C8,0x01,0xE0,0x00,0x00,0x02,0x00,0x00,0x010B,0x0289,0x03B3,0x00,0x48,0x00,180,10,180:4048:026A:03D6:010A|181:4048:026A:03D7:00FA|182:4048:027A:03D8:010A|183:4048:027A:03D9:00FA|184:4048:027A:03E2:0102|185:4048:028A:03E3:0101
round6_phase1,0xFA,3514,0x0002,0x0003,0x0000,0x01,0x0074,0x0000,0x0000,actor_2c8,5,0x10C408,0x01,0x68,0x00,0x00,0x02,0x00,0x02,0x022F,0x02C9,0x02E8,0x00,0x4A,0x00,190,10,190:404A:02C9:02F6:0225|191:404A:02B9:02F4:0225|192:404A:02C9:02F5:0235|193:404A:02B6:030C:0225|194:404A:02A6:02E9:0225|195:404A:02B6:030B:0235|196:404A:02A6:030A:0235|197:404A:02B6:0301:0215
round6_phase1,0xFA,3514,0x0002,0x0003,0x0000,0x01,0x0074,0x0000,0x0000,actor_2c8,6,0x10C448,0x01,0x55,0x00,0x00,0x02,0x00,0x04,0x010B,0x0289,0x00D0,0x00,0x44,0x00,200,10,200:4044:0289:0021:00FA|201:4044:0279:00DC:00FA|202:4044:0269:00DA:00FA|203:4044:0289:0020:010A|204:4044:0279:00DB:010A|205:4044:0269:00D9:010A|206:4044:0289:001F:011A|207:4044:0289:0022:00EA|208:4044:0279:00DD:00EA
round6_phase1,0xFA,3514,0x0002,0x0003,0x0000,0x01,0x0074,0x0000,0x0000,actor_2c8,7,0x10C488,0x01,0xCC,0x01,0x00,0x01,0x00,0x00,0x0141,0x0289,0x0420,0x00,0x47,0x00,210,10,210:0047:0269:0420:0131|211:0047:0269:0421:0141|212:0047:0279:0422:0131|213:0047:0279:0423:0141|214:0047:027A:0427:0139|215:0047:028A:0428:0139
round6_phase1,0xFA,3514,0x0002,0x0003,0x0000,0x01,0x0074,0x0000,0x0000,actor_2c8,8,0x10C4C8,0x01,0x18,0x00,0x00,0x02,0x00,0x00,0x00CF,0x02A9,0x004B,0x00,0x46,0x00,220,19,220:4046:02A9:0069:00C0|221:4046:0299:0067:00C0|222:4046:0299:004E:00C0|223:4046:0289:004C:00C0|224:4046:02A9:0068:00D0|225:4046:0299:0063:00D0|226:4046:0299:004D:00D0|227:4046:0289:004B:00D0
round6_phase1,0xFA,3516,0x0002,0x0003,0x0000,0x01,0x0074,0x0000,0x0000,actor_2c8,4,0x10C3C8,0x01,0xDD,0x00,0x00,0x02,0x00,0x00,0x0109,0x0289,0x03B3,0x00,0x48,0x00,180,10,180:4048:0269:03D6:0108|181:4048:0269:03D7:00F8|182:4048:0279:03D8:0108|183:4048:0279:03D9:00F8|184:4048:0279:03DA:0100|185:4048:0289:03DB:0108|186:4048:0289:03DC:00F8
round6_phase1,0xFA,3516,0x0002,0x0003,0x0000,0x01,0x0074,0x0000,0x0000,actor_2c8,5,0x10C408,0x01,0xB3,0x01,0x00,0x01,0x00,0x02,0x0231,0x02C9,0x02E8,0x00,0x4A,0x00,190,10,190:004A:02C9:02F3:0223|191:004A:02B9:02F2:0223|192:004A:02B6:030C:022A|193:004A:02A6:02E9:022A|194:004A:02B6:030B:021A|195:004A:02A6:030A:021A|196:004A:02B6:0301:023A
round6_phase1,0xFA,3516,0x0002,0x0003,0x0000,0x01,0x0074,0x0000,0x0000,actor_2c8,6,0x10C448,0x01,0x56,0x00,0x00,0x02,0x00,0x05,0x0109,0x0289,0x00D0,0x00,0x44,0x00,200,10,200:4044:0289:0021:00FA|201:4044:0279:00DC:00FA|202:4044:0269:00DA:00FA|203:4044:0289:0020:010A|204:4044:0279:00DB:010A|205:4044:0269:00D9:010A|206:4044:0289:001F:011A|207:4044:0289:0022:00EA|208:4044:0279:00DD:00EA
round6_phase1,0xFA,3516,0x0002,0x0003,0x0000,0x01,0x0074,0x0000,0x0000,actor_2c8,7,0x10C488,0x01,0xC9,0x01,0x00,0x01,0x00,0x00,0x0143,0x0289,0x0420,0x00,0x47,0x00,210,10,210:0047:0268:0420:0133|211:0047:0268:0421:0143|212:0047:0278:0422:0133|213:0047:0278:0423:0143|214:0047:0279:0424:013B|215:0047:0289:0425:0133|216:0047:0289:0426:0143
round6_phase1,0xFA,3516,0x0002,0x0003,0x0000,0x01,0x0074,0x0000,0x0000,actor_2c8,8,0x10C4C8,0x01,0x17,0x00,0x00,0x02,0x00,0x00,0x00CF,0x02A9,0x004B,0x00,0x46,0x00,220,19,220:4046:02AA:0066:00BE|221:4046:029A:0064:00BE|222:4046:029A:004E:00BE|223:4046:028A:004C:00BE|224:4046:02AA:0065:00CE|225:4046:029A:0063:00CE|226:4046:029A:004D:00CE|227:4046:028A:004B:00CE
round6_phase1,0xFA,3518,0x0002,0x0003,0x0000,0x01,0x0074,0x0000,0x0000,actor_2c8,4,0x10C3C8,0x01,0xDD,0x00,0x00,0x02,0x00,0x00,0x0107,0x0289,0x03B3,0x00,0x48,0x00,180,10,180:4048:0269:03D6:0106|181:4048:0269:03D7:00F6|182:4048:0279:03D8:0106|183:4048:0279:03D9:00F6|184:4048:0279:03DA:00FE|185:4048:0289:03DB:0106|186:4048:0289:03DC:00F6
round6_phase1,0xFA,3518,0x0002,0x0003,0x0000,0x01,0x0074,0x0000,0x0000,actor_2c8,5,0x10C408,0x01,0xB3,0x01,0x00,0x01,0x00,0x02,0x0233,0x02C9,0x02E8,0x00,0x4A,0x00,190,10,190:004A:02C9:02F3:0225|191:004A:02B9:02F2:0225|192:004A:02B6:030C:022C|193:004A:02A6:02E9:022C|194:004A:02B6:030B:021C|195:004A:02A6:030A:021C|196:004A:02B6:0301:023C
round6_phase1,0xFA,3518,0x0002,0x0003,0x0000,0x01,0x0074,0x0000,0x0000,actor_2c8,6,0x10C448,0x01,0x56,0x00,0x00,0x02,0x00,0x05,0x0109,0x0289,0x00D0,0x00,0x44,0x00,200,10,200:4044:0289:0025:00F8|201:4044:0279:00D3:00F8|202:4044:0269:00D1:00F8|203:4044:0289:0024:0108|204:4044:0279:00D2:0108|205:4044:0269:00D0:0108|206:4044:0289:0023:0118|207:4044:0289:0026:00E8|208:4044:0279:00D4:00E8
round6_phase1,0xFA,3518,0x0002,0x0003,0x0000,0x01,0x0074,0x0000,0x0000,actor_2c8,7,0x10C488,0x01,0xC9,0x01,0x00,0x01,0x00,0x00,0x0145,0x0289,0x0420,0x00,0x47,0x00,210,10,210:0047:0268:0420:0135|211:0047:0268:0421:0145|212:0047:0278:0422:0135|213:0047:0278:0423:0145|214:0047:0279:0424:013D|215:0047:0289:0425:0135|216:0047:0289:0426:0145
round6_phase1,0xFA,3518,0x0002,0x0003,0x0000,0x01,0x0074,0x0000,0x0000,actor_2c8,8,0x10C4C8,0x01,0x17,0x00,0x00,0x02,0x00,0x00,0x00CD,0x02A9,0x004B,0x00,0x46,0x00,220,19,220:4046:02AA:0066:00BC|221:4046:029A:0064:00BC|222:4046:029A:004E:00BC|223:4046:028A:004C:00BC|224:4046:02AA:0065:00CC|225:4046:029A:0063:00CC|226:4046:029A:004D:00CC|227:4046:028A:004B:00CC
round6_phase1,0xFA,3520,0x0002,0x0003,0x0000,0x01,0x0074,0x0000,0x0000,actor_2c8,5,0x10C408,0x01,0xB3,0x01,0x00,0x01,0x00,0x02,0x0235,0x02C9,0x02E8,0x00,0x4A,0x00,190,10,190:004A:02C9:02F3:0227|191:004A:02B9:02F2:0227|192:004A:02B6:030C:022E|193:004A:02A6:02E9:022E|194:004A:02B6:030B:021E|195:004A:02A6:030A:021E|196:004A:02B6:0301:023E
round6_phase1,0xFA,3520,0x0002,0x0003,0x0000,0x01,0x0074,0x0000,0x0000,actor_2c8,7,0x10C488,0x01,0xC9,0x01,0x00,0x01,0x00,0x00,0x0147,0x0289,0x0420,0x00,0x47,0x00,210,10,210:0047:0268:0420:0137|211:0047:0268:0421:0147|212:0047:0278:0422:0137|213:0047:0278:0423:0147|214:0047:0279:0424:013F|215:0047:0289:0425:0137|216:0047:0289:0426:0147
round6_phase1,0xFA,3520,0x0002,0x0003,0x0000,0x01,0x0074,0x0000,0x0000,actor_2c8,8,0x10C4C8,0x01,0x17,0x00,0x00,0x02,0x00,0x00,0x00CB,0x02A9,0x004B,0x00,0x46,0x00,220,19,220:4046:02AA:0066:00BA|221:4046:029A:0064:00BA|222:4046:029A:004E:00BA|223:4046:028A:004C:00BA|224:4046:02AA:0065:00CA|225:4046:029A:0063:00CA|226:4046:029A:004D:00CA|227:4046:028A:004B:00CA
round6_phase1,0xFA,3522,0x0002,0x0003,0x0000,0x01,0x0074,0x0000,0x0000,actor_2c8,4,0x10C3C8,0x01,0xDD,0x00,0x00,0x02,0x00,0x00,0x0103,0x0289,0x03B3,0x00,0x48,0x00,180,10,180:4048:0269:03D6:0104|181:4048:0269:03D7:00F4|182:4048:0279:03D8:0104|183:4048:0279:03D9:00F4|184:4048:0279:03DA:00FC|185:4048:0289:03DB:0104|186:4048:0289:03DC:00F4
round6_phase1,0xFA,3522,0x0002,0x0003,0x0000,0x01,0x0074,0x0000,0x0000,actor_2c8,5,0x10C408,0x01,0xB3,0x01,0x00,0x01,0x00,0x02,0x0237,0x02C9,0x02E8,0x00,0x4A,0x00,190,10,190:004A:02C9:02F3:0229|191:004A:02B9:02F2:0229|192:004A:02B6:030C:0230|193:004A:02A6:02E9:0230|194:004A:02B6:030B:0220|195:004A:02A6:030A:0220|196:004A:02B6:0301:0240
round6_phase1,0xFA,3522,0x0002,0x0003,0x0000,0x01,0x0074,0x0000,0x0000,actor_2c8,6,0x10C448,0x01,0x56,0x00,0x00,0x02,0x00,0x05,0x0107,0x0289,0x00D0,0x00,0x44,0x00,200,10,200:4044:0289:0025:00F6|201:4044:0279:00D3:00F6|202:4044:0269:00D1:00F6|203:4044:0289:0024:0106|204:4044:0279:00D2:0106|205:4044:0269:00D0:0106|206:4044:0289:0023:0116|207:4044:0289:0026:00E6|208:4044:0279:00D4:00E6
round6_phase1,0xFA,3522,0x0002,0x0003,0x0000,0x01,0x0074,0x0000,0x0000,actor_2c8,8,0x10C4C8,0x01,0x17,0x00,0x00,0x02,0x00,0x00,0x00C9,0x02A9,0x004B,0x00,0x46,0x00,220,19,220:4046:02AA:0066:00B8|221:4046:029A:0064:00B8|222:4046:029A:004E:00B8|223:4046:028A:004C:00B8|224:4046:02AA:0065:00C8|225:4046:029A:0063:00C8|226:4046:029A:004D:00C8|227:4046:028A:004B:00C8
round6_phase1,0xFA,3524,0x0002,0x0003,0x0000,0x01,0x0074,0x0000,0x0000,actor_2c8,4,0x10C3C8,0x01,0xDE,0x00,0x00,0x02,0x00,0x00,0x0101,0x0289,0x03B3,0x00,0x48,0x00,180,10,180:4048:026A:03D6:0102|181:4048:026A:03D7:00F2|182:4048:027A:03D8:0102|183:4048:027A:03D9:00F2|184:4048:027A:03DD:00FA|185:4048:028A:03DE:00FA
round6_phase1,0xFA,3524,0x0002,0x0003,0x0000,0x01,0x0074,0x0000,0x0000,actor_2c8,5,0x10C408,0x01,0x68,0x01,0x00,0x01,0x00,0x02,0x0239,0x02C9,0x02E8,0x00,0x4A,0x00,190,10,190:004A:02C9:02F6:0230|191:004A:02B9:02F4:0230|192:004A:02C9:02F5:0220|193:004A:02B6:030C:0230|194:004A:02A6:02E9:0230|195:004A:02B6:030B:0220|196:004A:02A6:030A:0220|197:004A:02B6:0301:0240
round6_phase1,0xFA,3524,0x0002,0x0003,0x0000,0x01,0x0074,0x0000,0x0000,actor_2c8,6,0x10C448,0x01,0x51,0x00,0x00,0x02,0x00,0x00,0x0107,0x0289,0x00D0,0x00,0x44,0x00,200,10,200:4044:0289:0025:00F6|201:4044:0279:00D3:00F6|202:4044:0269:00D1:00F6|203:4044:0289:0024:0106|204:4044:0279:00D2:0106|205:4044:0269:00D0:0106|206:4044:0289:0023:0116|207:4044:0289:0026:00E6|208:4044:0279:00D4:00E6
round6_phase1,0xFA,3524,0x0002,0x0003,0x0000,0x01,0x0074,0x0000,0x0000,actor_2c8,7,0x10C488,0x01,0xCA,0x01,0x00,0x01,0x00,0x00,0x014B,0x0289,0x0420,0x00,0x47,0x00,210,10,210:0047:0269:0420:0139|211:0047:0269:0421:0149|212:0047:0279:0422:0139|213:0047:0279:0423:0149|214:0047:027A:0427:0141|215:0047:028A:0428:0141
round6_phase1,0xFA,3524,0x0002,0x0003,0x0000,0x01,0x0074,0x0000,0x0000,actor_2c8,8,0x10C4C8,0x01,0x18,0x00,0x00,0x02,0x00,0x00,0x00C7,0x02A9,0x004B,0x00,0x46,0x00,220,19,220:4046:02A9:0069:00B6|221:4046:0299:0067:00B6|222:4046:0299:004E:00B6|223:4046:0289:004C:00B6|224:4046:02A9:0068:00C6|225:4046:0299:0063:00C6|226:4046:0299:004D:00C6|227:4046:0289:004B:00C6
round6_phase1,0xFA,3526,0x0002,0x0003,0x0000,0x01,0x0074,0x0000,0x0000,actor_2c8,4,0x10C3C8,0x01,0xDE,0x00,0x00,0x02,0x00,0x00,0x00FF,0x0289,0x03B3,0x00,0x48,0x00,180,10,180:4048:026A:03D6:0100|181:4048:026A:03D7:00F0|182:4048:027A:03D8:0100|183:4048:027A:03D9:00F0|184:4048:027A:03DD:00F8|185:4048:028A:03DE:00F8
round6_phase1,0xFA,3526,0x0002,0x0003,0x0000,0x01,0x0074,0x0000,0x0000,actor_2c8,5,0x10C408,0x01,0x68,0x01,0x00,0x01,0x00,0x02,0x023B,0x02C9,0x02E8,0x00,0x4A,0x00,190,10,190:004A:02C9:02F6:0232|191:004A:02B9:02F4:0232|192:004A:02C9:02F5:0222|193:004A:02B6:030C:0232|194:004A:02A6:02E9:0232|195:004A:02B6:030B:0222|196:004A:02A6:030A:0222|197:004A:02B6:0301:0242
round6_phase1,0xFA,3526,0x0002,0x0003,0x0000,0x01,0x0074,0x0000,0x0000,actor_2c8,6,0x10C448,0x01,0x52,0x00,0x00,0x02,0x00,0x01,0x0105,0x0289,0x00D0,0x00,0x44,0x00,200,10,200:4044:0289:0015:00F4|201:4044:0279:00DC:00F4|202:4044:0269:00DA:00F4|203:4044:0289:0014:0104|204:4044:0279:00DB:0104|205:4044:0269:00D9:0104|206:4044:0289:0013:0114|207:4044:0289:0016:00E4|208:4044:0279:00DD:00E4
round6_phase1,0xFA,3526,0x0002,0x0003,0x0000,0x01,0x0074,0x0000,0x0000,actor_2c8,7,0x10C488,0x01,0xCA,0x01,0x00,0x01,0x00,0x00,0x014D,0x0289,0x0420,0x00,0x47,0x00,210,10,210:0047:0269:0420:013B|211:0047:0269:0421:014B|212:0047:0279:0422:013B|213:0047:0279:0423:014B|214:0047:027A:0427:0143|215:0047:028A:0428:0143
round6_phase1,0xFA,3528,0x0002,0x0003,0x0000,0x01,0x0074,0x0000,0x0000,actor_2c8,4,0x10C3C8,0x01,0xDE,0x00,0x00,0x02,0x00,0x00,0x00FF,0x0289,0x03B3,0x00,0x48,0x00,180,10,180:4048:026A:03D6:00FE|181:4048:026A:03D7:00EE|182:4048:027A:03D8:00FE|183:4048:027A:03D9:00EE|184:4048:027A:03DD:00F6|185:4048:028A:03DE:00F6
round6_phase1,0xFA,3528,0x0002,0x0003,0x0000,0x01,0x0074,0x0000,0x0000,actor_2c8,7,0x10C488,0x01,0xCA,0x01,0x00,0x01,0x00,0x00,0x014F,0x0289,0x0420,0x00,0x47,0x00,210,10,210:0047:0269:0420:013D|211:0047:0269:0421:014D|212:0047:0279:0422:013D|213:0047:0279:0423:014D|214:0047:027A:0427:0145|215:0047:028A:0428:0145
round6_phase1,0xFA,3528,0x0002,0x0003,0x0000,0x01,0x0074,0x0000,0x0000,actor_2c8,8,0x10C4C8,0x01,0x18,0x00,0x00,0x02,0x00,0x00,0x00C3,0x02A9,0x004B,0x00,0x46,0x00,220,19,220:4046:02A9:0069:00B4|221:4046:0299:0067:00B4|222:4046:0299:004E:00B4|223:4046:0289:004C:00B4|224:4046:02A9:0068:00C4|225:4046:0299:0063:00C4|226:4046:0299:004D:00C4|227:4046:0289:004B:00C4
round6_phase1,0xFA,3530,0x0002,0x0003,0x0000,0x01,0x0074,0x0000,0x0000,actor_2c8,4,0x10C3C8,0x01,0xDE,0x00,0x00,0x02,0x00,0x00,0x00FD,0x0289,0x03B3,0x00,0x48,0x00,180,10,180:4048:026A:03D6:00FC|181:4048:026A:03D7:00EC|182:4048:027A:03D8:00FC|183:4048:027A:03D9:00EC|184:4048:027A:03DD:00F4|185:4048:028A:03DE:00F4
round6_phase1,0xFA,3530,0x0002,0x0003,0x0000,0x01,0x0074,0x0000,0x0000,actor_2c8,6,0x10C448,0x01,0x52,0x00,0x00,0x02,0x00,0x01,0x0103,0x0289,0x00D0,0x00,0x44,0x00,200,10,200:4044:0289:0015:00F2|201:4044:0279:00DC:00F2|202:4044:0269:00DA:00F2|203:4044:0289:0014:0102|204:4044:0279:00DB:0102|205:4044:0269:00D9:0102|206:4044:0289:0013:0112|207:4044:0289:0016:00E2|208:4044:0279:00DD:00E2
round6_phase1,0xFA,3530,0x0002,0x0003,0x0000,0x01,0x0074,0x0000,0x0000,actor_2c8,7,0x10C488,0x01,0xCA,0x01,0x00,0x01,0x00,0x00,0x014F,0x0289,0x0420,0x00,0x47,0x00,210,10,210:0047:0269:0420:013F|211:0047:0269:0421:014F|212:0047:0279:0422:013F|213:0047:0279:0423:014F|214:0047:027A:0427:0147|215:0047:028A:0428:0147
round6_phase1,0xFA,3530,0x0002,0x0003,0x0000,0x01,0x0074,0x0000,0x0000,actor_2c8,8,0x10C4C8,0x01,0x18,0x00,0x00,0x02,0x00,0x00,0x00C1,0x02A9,0x004B,0x00,0x46,0x00,220,19,220:4046:02A9:0069:00B2|221:4046:0299:0067:00B2|222:4046:0299:004E:00B2|223:4046:0289:004C:00B2|224:4046:02A9:0068:00C2|225:4046:0299:0063:00C2|226:4046:0299:004D:00C2|227:4046:0289:004B:00C2
round6_phase1,0xFA,3532,0x0002,0x0003,0x0000,0x01,0x0074,0x0000,0x0000,actor_2c8,4,0x10C3C8,0x01,0xDF,0x00,0x00,0x02,0x00,0x00,0x00FB,0x0289,0x03B3,0x00,0x48,0x00,180,10,180:4048:0269:03D6:00FA|181:4048:0269:03D7:00EA|182:4048:0279:03D8:00FA|183:4048:0279:03D9:00EA|184:4048:0279:03DF:00F2|185:4048:0289:03E0:00FA|186:4048:0289:03E1:00EA
round6_phase1,0xFA,3532,0x0002,0x0003,0x0000,0x01,0x0074,0x0000,0x0000,actor_2c8,7,0x10C488,0x01,0xCB,0x01,0x00,0x01,0x00,0x00,0x0151,0x0289,0x0420,0x00,0x47,0x00,210,10,210:0047:0268:0420:0141|211:0047:0268:0421:0151|212:0047:0278:0422:0141|213:0047:0278:0423:0151|214:0047:0279:0429:0149|215:0047:0289:042A:0149
round6_phase1,0xFA,3532,0x0002,0x0003,0x0000,0x01,0x0074,0x0000,0x0000,actor_2c8,8,0x10C4C8,0x01,0x19,0x00,0x00,0x02,0x00,0x00,0x00BF,0x02A9,0x004B,0x00,0x46,0x00,220,19,220:4046:02AA:006D:00B0|221:4046:029A:006B:00B0|222:4046:029A:004E:00B0|223:4046:028A:004C:00B0|224:4046:02AA:006C:00C0|225:4046:029A:006A:00C0|226:4046:029A:004D:00C0|227:4046:028A:004B:00C0
round6_phase1,0xFA,3534,0x0002,0x0003,0x0000,0x01,0x0074,0x0000,0x0000,actor_2c8,4,0x10C3C8,0x01,0xDF,0x00,0x00,0x02,0x00,0x00,0x00F9,0x0289,0x03B3,0x00,0x48,0x00,180,10,180:4048:0269:03D6:00F8|181:4048:0269:03D7:00E8|182:4048:0279:03D8:00F8|183:4048:0279:03D9:00E8|184:4048:0279:03DF:00F0|185:4048:0289:03E0:00F8|186:4048:0289:03E1:00E8
round6_phase1,0xFA,3534,0x0002,0x0003,0x0000,0x01,0x0074,0x0000,0x0000,actor_2c8,5,0x10C408,0x01,0xB4,0x01,0x00,0x01,0x00,0x02,0x0241,0x02C9,0x02E8,0x00,0x4A,0x00,190,10,190:004A:02C9:02F8:0236|191:004A:02B9:02F7:0236|192:004A:02B6:030C:023A|193:004A:02A6:02E9:023A|194:004A:02B6:030B:022A|195:004A:02A6:030A:022A|196:004A:02B6:0301:024A
round6_phase1,0xFA,3534,0x0002,0x0003,0x0000,0x01,0x0074,0x0000,0x0000,actor_2c8,6,0x10C448,0x01,0x53,0x00,0x00,0x02,0x00,0x02,0x0101,0x0289,0x00D0,0x00,0x44,0x00,200,10,200:4044:0289:0019:00F0|201:4044:0279:00E5:00F0|202:4044:0269:00E3:00F0|203:4044:0289:0018:0100|204:4044:0279:00E4:0100|205:4044:0269:00E2:0100|206:4044:0289:0017:0110|207:4044:0289:001A:00E0|208:4044:0279:00E6:00E0
round6_phase1,0xFA,3534,0x0002,0x0003,0x0000,0x01,0x0074,0x0000,0x0000,actor_2c8,7,0x10C488,0x01,0xCB,0x01,0x00,0x01,0x00,0x00,0x0153,0x0289,0x0420,0x00,0x47,0x00,210,10,210:0047:0268:0420:0143|211:0047:0268:0421:0153|212:0047:0278:0422:0143|213:0047:0278:0423:0153|214:0047:0279:0429:014B|215:0047:0289:042A:014B
round6_phase1,0xFA,3534,0x0002,0x0003,0x0000,0x01,0x0074,0x0000,0x0000,actor_2c8,8,0x10C4C8,0x01,0x19,0x00,0x00,0x02,0x00,0x00,0x00BF,0x02A9,0x004B,0x00,0x46,0x00,220,19,220:4046:02AA:006D:00AE|221:4046:029A:006B:00AE|222:4046:029A:004E:00AE|223:4046:028A:004C:00AE|224:4046:02AA:006C:00BE|225:4046:029A:006A:00BE|226:4046:029A:004D:00BE|227:4046:028A:004B:00BE
round6_phase1,0xFA,3536,0x0002,0x0003,0x0000,0x01,0x0074,0x0000,0x0000,actor_2c8,4,0x10C3C8,0x01,0xDF,0x00,0x00,0x02,0x00,0x00,0x00F7,0x0289,0x03B3,0x00,0x48,0x00,180,10,180:4048:0269:03D6:00F6|181:4048:0269:03D7:00E6|182:4048:0279:03D8:00F6|183:4048:0279:03D9:00E6|184:4048:0279:03DF:00EE|185:4048:0289:03E0:00F6|186:4048:0289:03E1:00E6
round6_phase1,0xFA,3536,0x0002,0x0003,0x0000,0x01,0x0074,0x0000,0x0000,actor_2c8,5,0x10C408,0x01,0xB4,0x01,0x00,0x01,0x00,0x02,0x0243,0x02C9,0x02E8,0x00,0x4A,0x00,190,10,190:004A:02C9:02F8:0238|191:004A:02B9:02F7:0238|192:004A:02B6:030C:023C|193:004A:02A6:02E9:023C|194:004A:02B6:030B:022C|195:004A:02A6:030A:022C|196:004A:02B6:0301:024C
round6_phase1,0xFA,3536,0x0002,0x0003,0x0000,0x01,0x0074,0x0000,0x0000,actor_2c8,7,0x10C488,0x01,0xCB,0x01,0x00,0x01,0x00,0x00,0x0155,0x0289,0x0420,0x00,0x47,0x00,210,10,210:0047:0268:0420:0145|211:0047:0268:0421:0155|212:0047:0278:0422:0145|213:0047:0278:0423:0155|214:0047:0279:0429:014D|215:0047:0289:042A:014D
round6_phase1,0xFA,3536,0x0002,0x0003,0x0000,0x01,0x0074,0x0000,0x0000,actor_2c8,8,0x10C4C8,0x01,0x19,0x00,0x00,0x02,0x00,0x00,0x00BD,0x02A9,0x004B,0x00,0x46,0x00,220,19,220:4046:02AA:006D:00AC|221:4046:029A:006B:00AC|222:4046:029A:004E:00AC|223:4046:028A:004C:00AC|224:4046:02AA:006C:00BC|225:4046:029A:006A:00BC|226:4046:029A:004D:00BC|227:4046:028A:004B:00BC
round6_phase1,0xFA,3538,0x0002,0x0003,0x0000,0x01,0x0074,0x0000,0x0000,actor_2c8,4,0x10C3C8,0x01,0xE2,0x00,0x00,0x08,0x00,0x00,0x00F4,0x0289,0x03B3,0x00,0x48,0x00,180,10,180:4048:0269:03D6:00F6|181:4048:0269:03D7:00E6|182:4048:0279:03D8:00F6|183:4048:0279:03D9:00E6|184:4048:0279:03DF:00EE|185:4048:0289:03E0:00F6|186:4048:0289:03E1:00E6
round6_phase1,0xFA,3538,0x0002,0x0003,0x0000,0x01,0x0074,0x0000,0x0000,actor_2c8,5,0x10C408,0x01,0xB4,0x01,0x00,0x01,0x00,0x02,0x0245,0x02C9,0x02E8,0x00,0x4A,0x00,190,10,190:004A:02C9:02F8:023A|191:004A:02B9:02F7:023A|192:004A:02B6:030C:023E|193:004A:02A6:02E9:023E|194:004A:02B6:030B:022E|195:004A:02A6:030A:022E|196:004A:02B6:0301:024E
round6_phase1,0xFA,3538,0x0002,0x0003,0x0000,0x01,0x0074,0x0000,0x0000,actor_2c8,6,0x10C448,0x01,0x53,0x00,0x00,0x02,0x00,0x02,0x00FF,0x0289,0x00D0,0x00,0x44,0x00,200,10,200:4044:0289:0019:00EE|201:4044:0279:00E5:00EE|202:4044:0269:00E3:00EE|203:4044:0289:0018:00FE|204:4044:0279:00E4:00FE|205:4044:0269:00E2:00FE|206:4044:0289:0017:010E|207:4044:0289:001A:00DE|208:4044:0279:00E6:00DE
round6_phase1,0xFA,3538,0x0002,0x0003,0x0000,0x01,0x0074,0x0000,0x0000,actor_2c8,7,0x10C488,0x01,0xCB,0x01,0x00,0x01,0x00,0x00,0x0157,0x0289,0x0420,0x00,0x47,0x00,210,10,210:0047:0268:0420:0147|211:0047:0268:0421:0157|212:0047:0278:0422:0147|213:0047:0278:0423:0157|214:0047:0279:0429:014F|215:0047:0289:042A:014F
round6_phase1,0xFA,3538,0x0002,0x0003,0x0000,0x01,0x0074,0x0000,0x0000,actor_2c8,8,0x10C4C8,0x01,0x19,0x00,0x00,0x02,0x00,0x00,0x00BB,0x02A9,0x004B,0x00,0x46,0x00,220,19,220:4046:02AA:006D:00AA|221:4046:029A:006B:00AA|222:4046:029A:004E:00AA|223:4046:028A:004C:00AA|224:4046:02AA:006C:00BA|225:4046:029A:006A:00BA|226:4046:029A:004D:00BA|227:4046:028A:004B:00BA
round6_phase1,0xFA,3540,0x0002,0x0003,0x0000,0x01,0x0074,0x0000,0x0000,actor_2c8,4,0x10C3C8,0x01,0xE2,0x00,0x00,0x08,0x00,0x00,0x00F0,0x028A,0x03B3,0x00,0x48,0x00,180,10,180:4048:0269:03D6:00F3|181:4048:0269:03D7:00E3|182:4048:0279:03D8:00F3|183:4048:0279:03D9:00E3|184:4048:027F:03E7:00EB|185:4048:027F:03E8:00DB|186:4048:028F:03E9:00EB
round6_phase1,0xFA,3540,0x0002,0x0003,0x0000,0x01,0x0074,0x0000,0x0000,actor_2c8,7,0x10C488,0x01,0xCC,0x01,0x00,0x01,0x00,0x00,0x0159,0x0289,0x0420,0x00,0x47,0x00,210,10,210:0047:0269:0420:0147|211:0047:0269:0421:0157|212:0047:0279:0422:0147|213:0047:0279:0423:0157|214:0047:027A:0427:014F|215:0047:028A:0428:014F
round6_phase1,0xFA,3540,0x0002,0x0003,0x0000,0x01,0x0074,0x0000,0x0000,actor_2c8,8,0x10C4C8,0x01,0x18,0x00,0x00,0x02,0x00,0x00,0x00B9,0x02A9,0x004B,0x00,0x46,0x00,220,19,220:4046:02A9:0069:00A8|221:4046:0299:0067:00A8|222:4046:0299:004E:00A8|223:4046:0289:004C:00A8|224:4046:02A9:0068:00B8|225:4046:0299:0063:00B8|226:4046:0299:004D:00B8|227:4046:0289:004B:00B8
round6_phase1,0xFA,3542,0x0002,0x0003,0x0000,0x01,0x0074,0x0000,0x0000,actor_2c8,4,0x10C3C8,0x01,0xE2,0x00,0x00,0x08,0x00,0x00,0x00ED,0x028B,0x03B3,0x00,0x48,0x00,180,10,180:4048:026A:03D6:00EF|181:4048:026A:03D7:00DF|182:4048:027A:03D8:00EF|183:4048:027A:03D9:00DF|184:4048:0280:03E7:00E7|185:4048:0280:03E8:00D7|186:4048:0290:03E9:00E7
round6_phase1,0xFA,3542,0x0002,0x0003,0x0000,0x01,0x0074,0x0000,0x0000,actor_2c8,6,0x10C448,0x01,0x55,0x00,0x00,0x02,0x00,0x04,0x00FD,0x0289,0x00D0,0x00,0x44,0x00,200,10,200:4044:0289:001D:00EE|201:4044:0279:00E5:00EE|202:4044:0269:00E3:00EE|203:4044:0289:001C:00FE|204:4044:0279:00E4:00FE|205:4044:0269:00E2:00FE|206:4044:0289:001B:010E|207:4044:0289:001E:00DE|208:4044:0279:00E6:00DE
round6_phase1,0xFA,3542,0x0002,0x0003,0x0000,0x01,0x0074,0x0000,0x0000,actor_2c8,8,0x10C4C8,0x01,0x18,0x00,0x00,0x02,0x00,0x00,0x00B7,0x02A9,0x004B,0x00,0x46,0x00,220,19,220:4046:02A9:0069:00A6|221:4046:0299:0067:00A6|222:4046:0299:004E:00A6|223:4046:0289:004C:00A6|224:4046:02A9:0068:00B6|225:4046:0299:0063:00B6|226:4046:0299:004D:00B6|227:4046:0289:004B:00B6
round6_phase1,0xFA,3544,0x0002,0x0003,0x0000,0x01,0x0074,0x0000,0x0000,actor_2c8,4,0x10C3C8,0x01,0xE2,0x00,0x00,0x08,0x00,0x00,0x00EA,0x028C,0x03B3,0x00,0x48,0x00,180,10,180:4048:026B:03D6:00EC|181:4048:026B:03D7:00DC|182:4048:027B:03D8:00EC|183:4048:027B:03D9:00DC|184:4048:0281:03E7:00E4|185:4048:0281:03E8:00D4|186:4048:0291:03E9:00E4
round6_phase1,0xFA,3544,0x0002,0x0003,0x0000,0x01,0x0074,0x0000,0x0000,actor_2c8,6,0x10C448,0x01,0x55,0x00,0x00,0x02,0x00,0x04,0x00FD,0x0289,0x00D0,0x00,0x44,0x00,200,10,200:4044:0289:0021:00EC|201:4044:0279:00DC:00EC|202:4044:0269:00DA:00EC|203:4044:0289:0020:00FC|204:4044:0279:00DB:00FC|205:4044:0269:00D9:00FC|206:4044:0289:001F:010C|207:4044:0289:0022:00DC|208:4044:0279:00DD:00DC
round6_phase1,0xFA,3544,0x0002,0x0003,0x0000,0x01,0x0074,0x0000,0x0000,actor_2c8,8,0x10C4C8,0x01,0x1A,0x00,0x00,0x08,0x00,0x00,0x00B4,0x02A9,0x004B,0x00,0x46,0x00,220,19,220:4046:02A9:0069:00A6|221:4046:0299:0067:00A6|222:4046:0299:004E:00A6|223:4046:0289:004C:00A6|224:4046:02A9:0068:00B6|225:4046:0299:0063:00B6|226:4046:0299:004D:00B6|227:4046:0289:004B:00B6
round6_phase1,0xFA,3546,0x0002,0x0003,0x0000,0x01,0x0074,0x0000,0x0000,actor_2c8,4,0x10C3C8,0x01,0xE2,0x00,0x00,0x08,0x00,0x00,0x00E7,0x028E,0x03B3,0x00,0x48,0x00,180,10,180:4048:026C:03D6:00E9|181:4048:026C:03D7:00D9|182:4048:027C:03D8:00E9|183:4048:027C:03D9:00D9|184:4048:0282:03E7:00E1|185:4048:0282:03E8:00D1|186:4048:0292:03E9:00E1
round6_phase1,0xFA,3546,0x0002,0x0003,0x0000,0x01,0x0074,0x0000,0x0000,actor_2c8,8,0x10C4C8,0x01,0x1A,0x00,0x00,0x08,0x00,0x00,0x00B0,0x02AA,0x004B,0x00,0x46,0x00,220,19,220:4046:02A9:0071:00A3|221:4046:0299:006F:00A3|222:4046:029B:004E:00A3|223:4046:028B:004C:00A3|224:4046:02A9:0070:00B3|225:4046:0299:006E:00B3|226:4046:029B:004D:00B3|227:4046:028B:004B:00B3
round6_phase1,0xFA,3548,0x0002,0x0003,0x0000,0x01,0x0074,0x0000,0x0000,actor_2c8,4,0x10C3C8,0x01,0xE2,0x00,0x00,0x08,0x00,0x00,0x00E4,0x0290,0x03B3,0x00,0x48,0x00,180,10,180:4048:026E:03D6:00E6|181:4048:026E:03D7:00D6|182:4048:027E:03D8:00E6|183:4048:027E:03D9:00D6|184:4048:0284:03E7:00DE|185:4048:0284:03E8:00CE|186:4048:0294:03E9:00DE
round6_phase1,0xFA,3548,0x0002,0x0003,0x0000,0x01,0x0074,0x0000,0x0000,actor_2c8,5,0x10C408,0x01,0xB3,0x01,0x00,0x01,0x00,0x02,0x024F,0x02C9,0x02E8,0x00,0x4A,0x00,190,10,190:004A:02C9:02F3:023F|191:004A:02B9:02F2:023F|192:004A:02B6:030C:0246|193:004A:02A6:02E9:0246|194:004A:02B6:030B:0236|195:004A:02A6:030A:0236|196:004A:02B6:0301:0256
round6_phase1,0xFA,3548,0x0002,0x0003,0x0000,0x01,0x0074,0x0000,0x0000,actor_2c8,6,0x10C448,0x01,0x55,0x00,0x00,0x02,0x00,0x04,0x00FB,0x0289,0x00D0,0x00,0x44,0x00,200,10,200:4044:0289:0021:00EA|201:4044:0279:00DC:00EA|202:4044:0269:00DA:00EA|203:4044:0289:0020:00FA|204:4044:0279:00DB:00FA|205:4044:0269:00D9:00FA|206:4044:0289:001F:010A|207:4044:0289:0022:00DA|208:4044:0279:00DD:00DA
round6_phase1,0xFA,3548,0x0002,0x0003,0x0000,0x01,0x0074,0x0000,0x0000,actor_2c8,8,0x10C4C8,0x01,0x1A,0x00,0x00,0x08,0x00,0x00,0x00AD,0x02AB,0x004B,0x00,0x46,0x00,220,19,220:4046:02AA:0071:009F|221:4046:029A:006F:009F|222:4046:029C:004E:009F|223:4046:028C:004C:009F|224:4046:02AA:0070:00AF|225:4046:029A:006E:00AF|226:4046:029C:004D:00AF|227:4046:028C:004B:00AF
round6_phase1,0xFA,3550,0x0002,0x0003,0x0000,0x01,0x0074,0x0000,0x0000,actor_2c8,4,0x10C3C8,0x01,0xE2,0x00,0x00,0x08,0x00,0x00,0x00E1,0x0293,0x03B3,0x00,0x48,0x00,180,10,180:4048:0270:03D6:00E3|181:4048:0270:03D7:00D3|182:4048:0280:03D8:00E3|183:4048:0280:03D9:00D3|184:4048:0286:03E7:00DB|185:4048:0286:03E8:00CB|186:4048:0296:03E9:00DB
round6_phase1,0xFA,3550,0x0002,0x0003,0x0000,0x01,0x0074,0x0000,0x0000,actor_2c8,6,0x10C448,0x01,0x56,0x00,0x00,0x02,0x00,0x05,0x00F9,0x0289,0x00D0,0x00,0x44,0x00,200,10,200:4044:0289:0021:00EA|201:4044:0279:00DC:00EA|202:4044:0269:00DA:00EA|203:4044:0289:0020:00FA|204:4044:0279:00DB:00FA|205:4044:0269:00D9:00FA|206:4044:0289:001F:010A|207:4044:0289:0022:00DA|208:4044:0279:00DD:00DA
round6_phase1,0xFA,3550,0x0002,0x0003,0x0000,0x01,0x0074,0x0000,0x0000,actor_2c8,8,0x10C4C8,0x01,0x1A,0x00,0x00,0x08,0x00,0x00,0x00AA,0x02AC,0x004B,0x00,0x46,0x00,220,19,220:4046:02AB:0071:009C|221:4046:029B:006F:009C|222:4046:029D:004E:009C|223:4046:028D:004C:009C|224:4046:02AB:0070:00AC|225:4046:029B:006E:00AC|226:4046:029D:004D:00AC|227:4046:028D:004B:00AC
round6_phase1,0xFA,3552,0x0002,0x0003,0x0000,0x01,0x0074,0x0000,0x0000,actor_2c8,4,0x10C3C8,0x01,0xE2,0x00,0x00,0x08,0x00,0x00,0x00DE,0x0296,0x03B3,0x00,0x48,0x00,180,10,180:4048:0273:03D6:00E0|181:4048:0273:03D7:00D0|182:4048:0283:03D8:00E0|183:4048:0283:03D9:00D0|184:4048:0289:03E7:00D8|185:4048:0289:03E8:00C8|186:4048:0299:03E9:00D8
round6_phase1,0xFA,3552,0x0002,0x0003,0x0000,0x01,0x0074,0x0000,0x0000,actor_2c8,5,0x10C408,0x01,0xB3,0x01,0x00,0x01,0x00,0x02,0x0251,0x02C9,0x02E8,0x00,0x4A,0x00,190,10,190:004A:02C9:02F3:0243|191:004A:02B9:02F2:0243|192:004A:02B6:030C:024A|193:004A:02A6:02E9:024A|194:004A:02B6:030B:023A|195:004A:02A6:030A:023A|196:004A:02B6:0301:025A
round6_phase1,0xFA,3552,0x0002,0x0003,0x0000,0x01,0x0074,0x0000,0x0000,actor_2c8,6,0x10C448,0x01,0x56,0x00,0x00,0x02,0x00,0x05,0x00F9,0x0289,0x00D0,0x00,0x44,0x00,200,10,200:4044:0289:0025:00E8|201:4044:0279:00D3:00E8|202:4044:0269:00D1:00E8|203:4044:0289:0024:00F8|204:4044:0279:00D2:00F8|205:4044:0269:00D0:00F8|206:4044:0289:0023:0108|207:4044:0289:0026:00D8|208:4044:0279:00D4:00D8
round6_phase1,0xFA,3552,0x0002,0x0003,0x0000,0x01,0x0074,0x0000,0x0000,actor_2c8,8,0x10C4C8,0x01,0x1A,0x00,0x00,0x08,0x00,0x00,0x00A7,0x02AE,0x004B,0x00,0x46,0x00,220,19,220:4046:02AC:0071:0099|221:4046:029C:006F:0099|222:4046:029E:004E:0099|223:4046:028E:004C:0099|224:4046:02AC:0070:00A9|225:4046:029C:006E:00A9|226:4046:029E:004D:00A9|227:4046:028E:004B:00A9
round6_phase1,0xFA,3554,0x0002,0x0003,0x0000,0x01,0x0074,0x0000,0x0000,actor_2c8,4,0x10C3C8,0x01,0xE2,0x00,0x00,0x08,0x00,0x00,0x00DC,0x0299,0x03B3,0x00,0x48,0x00,180,10,180:4048:0276:03D6:00DD|181:4048:0276:03D7:00CD|182:4048:0286:03D8:00DD|183:4048:0286:03D9:00CD|184:4048:028C:03E7:00D5|185:4048:028C:03E8:00C5|186:4048:029C:03E9:00D5
round6_phase1,0xFA,3554,0x0002,0x0003,0x0000,0x01,0x0074,0x0000,0x0000,actor_2c8,8,0x10C4C8,0x01,0x1A,0x00,0x00,0x08,0x00,0x00,0x00A4,0x02B0,0x004B,0x00,0x46,0x00,220,19,220:4046:02AE:0071:0096|221:4046:029E:006F:0096|222:4046:02A0:004E:0096|223:4046:0290:004C:0096|224:4046:02AE:0070:00A6|225:4046:029E:006E:00A6|226:4046:02A0:004D:00A6|227:4046:0290:004B:00A6
round6_phase1,0xFA,3556,0x0002,0x0003,0x0000,0x01,0x0074,0x0000,0x0000,actor_2c8,4,0x10C3C8,0x01,0xE2,0x00,0x00,0x08,0x00,0x00,0x00DA,0x029C,0x03B3,0x00,0x48,0x00,180,10,180:4048:0279:03D6:00DB|181:4048:0279:03D7:00CB|182:4048:0289:03D8:00DB|183:4048:0289:03D9:00CB|184:4048:028F:03E7:00D3|185:4048:028F:03E8:00C3|186:4048:029F:03E9:00D3
round6_phase1,0xFA,3556,0x0002,0x0003,0x0000,0x01,0x0074,0x0000,0x0000,actor_2c8,5,0x10C408,0x01,0x68,0x01,0x00,0x01,0x00,0x02,0x0255,0x02C9,0x02E8,0x00,0x4A,0x00,190,10,190:004A:02C9:02F6:024E|191:004A:02B9:02F4:024E|192:004A:02C9:02F5:023E|193:004A:02B6:030C:024E|194:004A:02A6:02E9:024E|195:004A:02B6:030B:023E|196:004A:02A6:030A:023E|197:004A:02B6:0301:025E
round6_phase1,0xFA,3556,0x0002,0x0003,0x0000,0x01,0x0074,0x0000,0x0000,actor_2c8,6,0x10C448,0x01,0x56,0x00,0x00,0x02,0x00,0x05,0x00F7,0x0289,0x00D0,0x00,0x44,0x00,200,10,200:4044:0289:0025:00E6|201:4044:0279:00D3:00E6|202:4044:0269:00D1:00E6|203:4044:0289:0024:00F6|204:4044:0279:00D2:00F6|205:4044:0269:00D0:00F6|206:4044:0289:0023:0106|207:4044:0289:0026:00D6|208:4044:0279:00D4:00D6
round6_phase1,0xFA,3556,0x0002,0x0003,0x0000,0x01,0x0074,0x0000,0x0000,actor_2c8,8,0x10C4C8,0x01,0x1A,0x00,0x00,0x08,0x00,0x00,0x00A1,0x02B3,0x004B,0x00,0x46,0x00,220,19,220:4046:02B0:0071:0093|221:4046:02A0:006F:0093|222:4046:02A2:004E:0093|223:4046:0292:004C:0093|224:4046:02B0:0070:00A3|225:4046:02A0:006E:00A3|226:4046:02A2:004D:00A3|227:4046:0292:004B:00A3
round6_phase1,0xFA,3558,0x0002,0x0003,0x0000,0x01,0x0074,0x0000,0x0000,actor_2c8,4,0x10C3C8,0x01,0xE2,0x00,0x00,0x08,0x00,0x00,0x00D9,0x029F,0x03B3,0x00,0x48,0x00,180,10,180:4048:027C:03D6:00D9|181:4048:027C:03D7:00C9|182:4048:028C:03D8:00D9|183:4048:028C:03D9:00C9|184:4048:0292:03E7:00D1|185:4048:0292:03E8:00C1|186:4048:02A2:03E9:00D1
round6_phase1,0xFA,3558,0x0002,0x0003,0x0000,0x01,0x0074,0x0000,0x0000,actor_2c8,6,0x10C448,0x01,0x51,0x00,0x00,0x02,0x00,0x00,0x00F7,0x0289,0x00D0,0x00,0x44,0x00,200,10,200:4044:0289:0025:00E6|201:4044:0279:00D3:00E6|202:4044:0269:00D1:00E6|203:4044:0289:0024:00F6|204:4044:0279:00D2:00F6|205:4044:0269:00D0:00F6|206:4044:0289:0023:0106|207:4044:0289:0026:00D6|208:4044:0279:00D4:00D6
round6_phase1,0xFA,3558,0x0002,0x0003,0x0000,0x01,0x0074,0x0000,0x0000,actor_2c8,8,0x10C4C8,0x01,0x1A,0x00,0x00,0x08,0x00,0x00,0x009E,0x02B6,0x004B,0x00,0x46,0x00,220,19,220:4046:02B3:0071:0090|221:4046:02A3:006F:0090|222:4046:02A5:004E:0090|223:4046:0295:004C:0090|224:4046:02B3:0070:00A0|225:4046:02A3:006E:00A0|226:4046:02A5:004D:00A0|227:4046:0295:004B:00A0
round6_phase1,0xFA,3560,0x0002,0x0003,0x0000,0x01,0x0074,0x0000,0x0000,actor_2c8,4,0x10C3C8,0x01,0xE2,0x00,0x00,0x08,0x00,0x00,0x00D8,0x02A2,0x03B3,0x00,0x48,0x00,180,10,180:4048:027F:03D6:00D8|181:4048:027F:03D7:00C8|182:4048:028F:03D8:00D8|183:4048:028F:03D9:00C8|184:4048:0295:03E7:00D0|185:4048:0295:03E8:00C0|186:4048:02A5:03E9:00D0
round6_phase1,0xFA,3560,0x0002,0x0003,0x0000,0x01,0x0074,0x0000,0x0000,actor_2c8,6,0x10C448,0x01,0x28,0x00,0x00,0x08,0x00,0x00,0x00F4,0x0289,0x00D0,0x00,0x44,0x00,200,10,200:4044:0289:00ED:00E3|201:4044:0279:00D3:00E3|202:4044:0269:00D1:00E3|203:4044:0289:00EC:00F3|204:4044:0279:00D2:00F3|205:4044:0269:00D0:00F3|206:4044:0289:00EB:0103|207:4044:0289:00EE:00D3|208:4044:0279:00D4:00D3
round6_phase1,0xFA,3560,0x0002,0x0003,0x0000,0x01,0x0074,0x0000,0x0000,actor_2c8,8,0x10C4C8,0x01,0x1A,0x00,0x00,0x08,0x00,0x00,0x009C,0x02B9,0x004B,0x00,0x46,0x00,220,19,220:4046:02B6:0071:008D|221:4046:02A6:006F:008D|222:4046:02A8:004E:008D|223:4046:0298:004C:008D|224:4046:02B6:0070:009D|225:4046:02A6:006E:009D|226:4046:02A8:004D:009D|227:4046:0298:004B:009D
round6_phase1,0xFA,3562,0x0002,0x0003,0x0000,0x01,0x0074,0x0000,0x0000,actor_2c8,4,0x10C3C8,0x01,0xE2,0x00,0x00,0x08,0x00,0x00,0x00D7,0x02A6,0x03B3,0x00,0x48,0x00,180,10,180:4048:0282:03D6:00D7|181:4048:0282:03D7:00C7|182:4048:0292:03D8:00D7|183:4048:0292:03D9:00C7|184:4048:0298:03E7:00CF|185:4048:0298:03E8:00BF|186:4048:02A8:03E9:00CF
round6_phase1,0xFA,3562,0x0002,0x0003,0x0000,0x01,0x0074,0x0000,0x0000,actor_2c8,6,0x10C448,0x01,0x27,0x00,0x00,0x08,0x00,0x00,0x00F0,0x028A,0x00D0,0x00,0x44,0x00,200,10,200:4044:028A:019B:00DF|201:4044:027A:0197:00DF|202:4044:026A:0194:00DF|203:4044:028A:019A:00EF|204:4044:027A:0196:00EF|205:4044:026A:0193:00EF|206:4044:028A:0199:00FF|207:4044:027A:0195:00FF|208:4044:028A:019C:00CF|209:4044:027A:0198:00CF
round6_phase1,0xFA,3562,0x0002,0x0003,0x0000,0x01,0x0074,0x0000,0x0000,actor_2c8,8,0x10C4C8,0x01,0x1A,0x00,0x00,0x08,0x00,0x00,0x009A,0x02BC,0x004B,0x00,0x46,0x00,220,19,220:4046:02B9:0071:008B|221:4046:02A9:006F:008B|222:4046:02AB:004E:008B|223:4046:029B:004C:008B|224:4046:02B9:0070:009B|225:4046:02A9:006E:009B|226:4046:02AB:004D:009B|227:4046:029B:004B:009B
round6_phase1,0xFA,3564,0x0002,0x0003,0x0000,0x01,0x0074,0x0000,0x0000,actor_2c8,4,0x10C3C8,0x01,0xDF,0x00,0x00,0x08,0x00,0x00,0x00D7,0x02A9,0x03B3,0x00,0x48,0x00,180,10,180:4048:0286:03D6:00D6|181:4048:0286:03D7:00C6|182:4048:0296:03D8:00D6|183:4048:0296:03D9:00C6|184:4048:029C:03E7:00CE|185:4048:029C:03E8:00BE|186:4048:02AC:03E9:00CE
round6_phase1,0xFA,3564,0x0002,0x0003,0x0000,0x01,0x0074,0x0000,0x0000,actor_2c8,5,0x10C408,0x01,0xB4,0x01,0x00,0x01,0x00,0x02,0x025D,0x02C9,0x02E8,0x00,0x4A,0x00,190,10,190:004A:02C9:02F8:0250|191:004A:02B9:02F7:0250|192:004A:02B6:030C:0254|193:004A:02A6:02E9:0254|194:004A:02B6:030B:0244|195:004A:02A6:030A:0244|196:004A:02B6:0301:0264
round6_phase1,0xFA,3564,0x0002,0x0003,0x0000,0x01,0x0074,0x0000,0x0000,actor_2c8,6,0x10C448,0x01,0x27,0x00,0x00,0x08,0x00,0x00,0x00ED,0x028B,0x00D0,0x00,0x44,0x00,200,10,200:4044:028B:019B:00DC|201:4044:027B:0197:00DC|202:4044:026B:0194:00DC|203:4044:028B:019A:00EC|204:4044:027B:0196:00EC|205:4044:026B:0193:00EC|206:4044:028B:0199:00FC|207:4044:027B:0195:00FC|208:4044:028B:019C:00CC|209:4044:027B:0198:00CC
round6_phase1,0xFA,3564,0x0002,0x0003,0x0000,0x01,0x0074,0x0000,0x0000,actor_2c8,8,0x10C4C8,0x01,0x1A,0x00,0x00,0x08,0x00,0x00,0x0099,0x02BF,0x004B,0x00,0x46,0x00,220,19,220:4046:02BC:0071:0089|221:4046:02AC:006F:0089|222:4046:02AE:004E:0089|223:4046:029E:004C:0089|224:4046:02BC:0070:0099|225:4046:02AC:006E:0099|226:4046:02AE:004D:0099|227:4046:029E:004B:0099
round6_phase1,0xFA,3566,0x0002,0x0003,0x0000,0x01,0x0074,0x0000,0x0000,actor_2c8,4,0x10C3C8,0x01,0xDF,0x00,0x00,0x08,0x00,0x00,0x00D7,0x02A9,0x03B3,0x00,0x48,0x00,180,10,180:4048:0289:03D6:00D6|181:4048:0289:03D7:00C6|182:4048:0299:03D8:00D6|183:4048:0299:03D9:00C6|184:4048:0299:03DF:00CE|185:4048:02A9:03E0:00D6|186:4048:02A9:03E1:00C6
round6_phase1,0xFA,3566,0x0002,0x0003,0x0000,0x01,0x0074,0x0000,0x0000,actor_2c8,5,0x10C408,0x01,0xB4,0x01,0x00,0x01,0x00,0x02,0x025F,0x02C9,0x02E8,0x00,0x4A,0x00,190,10,190:004A:02C9:02F8:0252|191:004A:02B9:02F7:0252|192:004A:02B6:030C:0256|193:004A:02A6:02E9:0256|194:004A:02B6:030B:0246|195:004A:02A6:030A:0246|196:004A:02B6:0301:0266
round6_phase1,0xFA,3566,0x0002,0x0003,0x0000,0x01,0x0074,0x0000,0x0000,actor_2c8,6,0x10C448,0x01,0x27,0x00,0x00,0x08,0x00,0x00,0x00EA,0x028C,0x00D0,0x00,0x44,0x00,200,10,200:4044:028C:019B:00D9|201:4044:027C:0197:00D9|202:4044:026C:0194:00D9|203:4044:028C:019A:00E9|204:4044:027C:0196:00E9|205:4044:026C:0193:00E9|206:4044:028C:0199:00F9|207:4044:027C:0195:00F9|208:4044:028C:019C:00C9|209:4044:027C:0198:00C9
round6_phase1,0xFA,3566,0x0002,0x0003,0x0000,0x01,0x0074,0x0000,0x0000,actor_2c8,8,0x10C4C8,0x01,0x1A,0x00,0x00,0x08,0x00,0x00,0x0098,0x02C2,0x004B,0x00,0x46,0x00,220,19,220:4046:02BF:0071:0088|221:4046:02AF:006F:0088|222:4046:02B1:004E:0088|223:4046:02A1:004C:0088|224:4046:02BF:0070:0098|225:4046:02AF:006E:0098|226:4046:02B1:004D:0098|227:4046:02A1:004B:0098
round6_phase1,0xFA,3568,0x0002,0x0003,0x0000,0x01,0x0074,0x0000,0x0000,actor_2c8,4,0x10C3C8,0x01,0xDF,0x00,0x00,0x02,0x00,0x00,0x00D5,0x02A9,0x03B3,0x00,0x48,0x00,180,10,180:4048:0289:03D6:00D4|181:4048:0289:03D7:00C4|182:4048:0299:03D8:00D4|183:4048:0299:03D9:00C4|184:4048:0299:03DF:00CC|185:4048:02A9:03E0:00D4|186:4048:02A9:03E1:00C4
round6_phase1,0xFA,3568,0x0002,0x0003,0x0000,0x01,0x0074,0x0000,0x0000,actor_2c8,5,0x10C408,0x01,0xB4,0x01,0x00,0x01,0x00,0x02,0x025F,0x02C9,0x02E8,0x00,0x4A,0x00,190,10,190:004A:02C9:02F8:0254|191:004A:02B9:02F7:0254|192:004A:02B6:030C:0258|193:004A:02A6:02E9:0258|194:004A:02B6:030B:0248|195:004A:02A6:030A:0248|196:004A:02B6:0301:0268
round6_phase1,0xFA,3568,0x0002,0x0003,0x0000,0x01,0x0074,0x0000,0x0000,actor_2c8,6,0x10C448,0x01,0x27,0x00,0x00,0x08,0x00,0x00,0x00E7,0x028E,0x00D0,0x00,0x44,0x00,200,10,200:4044:028E:019B:00D6|201:4044:027E:0197:00D6|202:4044:026E:0194:00D6|203:4044:028E:019A:00E6|204:4044:027E:0196:00E6|205:4044:026E:0193:00E6|206:4044:028E:0199:00F6|207:4044:027E:0195:00F6|208:4044:028E:019C:00C6|209:4044:027E:0198:00C6
round6_phase1,0xFA,3568,0x0002,0x0003,0x0000,0x01,0x0074,0x0000,0x0000,actor_2c8,8,0x10C4C8,0x01,0x1A,0x00,0x00,0x08,0x00,0x00,0x0097,0x02C6,0x004B,0x00,0x46,0x00,220,19,220:4046:02C2:0071:0087|221:4046:02B2:006F:0087|222:4046:02B4:004E:0087|223:4046:02A4:004C:0087|224:4046:02C2:0070:0097|225:4046:02B2:006E:0097|226:4046:02B4:004D:0097|227:4046:02A4:004B:0097
round6_phase1,0xFA,3570,0x0002,0x0003,0x0000,0x01,0x0074,0x0000,0x0000,actor_2c8,4,0x10C3C8,0x01,0xDF,0x00,0x00,0x02,0x00,0x00,0x00D3,0x02A9,0x03B3,0x00,0x48,0x00,180,10,180:4048:0289:03D6:00D2|181:4048:0289:03D7:00C2|182:4048:0299:03D8:00D2|183:4048:0299:03D9:00C2|184:4048:0299:03DF:00CA|185:4048:02A9:03E0:00D2|186:4048:02A9:03E1:00C2
round6_phase1,0xFA,3570,0x0002,0x0003,0x0000,0x01,0x0074,0x0000,0x0000,actor_2c8,5,0x10C408,0x01,0xB4,0x01,0x00,0x01,0x00,0x02,0x0261,0x02C9,0x02E8,0x00,0x4A,0x00,190,10,190:004A:02C9:02F8:0256|191:004A:02B9:02F7:0256|192:004A:02B6:030C:025A|193:004A:02A6:02E9:025A|194:004A:02B6:030B:024A|195:004A:02A6:030A:024A|196:004A:02B6:0301:026A
round6_phase1,0xFA,3570,0x0002,0x0003,0x0000,0x01,0x0074,0x0000,0x0000,actor_2c8,6,0x10C448,0x01,0x27,0x00,0x00,0x08,0x00,0x00,0x00E4,0x0290,0x00D0,0x00,0x44,0x00,200,10,200:4044:0290:019B:00D3|201:4044:0280:0197:00D3|202:4044:0270:0194:00D3|203:4044:0290:019A:00E3|204:4044:0280:0196:00E3|205:4044:0270:0193:00E3|206:4044:0290:0199:00F3|207:4044:0280:0195:00F3|208:4044:0290:019C:00C3|209:4044:0280:0198:00C3
round6_phase1,0xFA,3570,0x0002,0x0003,0x0000,0x01,0x0074,0x0000,0x0000,actor_2c8,8,0x10C4C8,0x01,0x1B,0x00,0x00,0x08,0x00,0x00,0x0097,0x02C9,0x004B,0x00,0x46,0x00,220,19,220:4046:02C6:0071:0086|221:4046:02B6:006F:0086|222:4046:02B8:004E:0086|223:4046:02A8:004C:0086|224:4046:02C6:0070:0096|225:4046:02B6:006E:0096|226:4046:02B8:004D:0096|227:4046:02A8:004B:0096
round6_phase1,0xFA,3572,0x0002,0x0003,0x0000,0x01,0x0074,0x0000,0x0000,actor_2c8,4,0x10C3C8,0x01,0xE0,0x00,0x00,0x02,0x00,0x00,0x00D1,0x02A9,0x03B3,0x00,0x48,0x00,180,10,180:4048:028A:03D6:00D0|181:4048:028A:03D7:00C0|182:4048:029A:03D8:00D0|183:4048:029A:03D9:00C0|184:4048:029A:03E2:00C8|185:4048:02AA:03E3:00C7
round6_phase1,0xFA,3572,0x0002,0x0003,0x0000,0x01,0x0074,0x0000,0x0000,actor_2c8,6,0x10C448,0x01,0x27,0x00,0x00,0x08,0x00,0x00,0x00E1,0x0293,0x00D0,0x00,0x44,0x00,200,10,200:4044:0293:019B:00D0|201:4044:0283:0197:00D0|202:4044:0273:0194:00D0|203:4044:0293:019A:00E0|204:4044:0283:0196:00E0|205:4044:0273:0193:00E0|206:4044:0293:0199:00F0|207:4044:0283:0195:00F0|208:4044:0293:019C:00C0|209:4044:0283:0198:00C0
round6_phase1,0xFA,3572,0x0002,0x0003,0x0000,0x01,0x0074,0x0000,0x0000,actor_2c8,8,0x10C4C8,0x01,0x1B,0x00,0x00,0x08,0x00,0x00,0x0097,0x02C9,0x004B,0x00,0x46,0x00,220,19,220:4046:02C9:0075:0086|221:4046:02B9:0073:0086|222:4046:02BE:004E:0086|223:4046:02AE:004C:0086|224:4046:02C9:0074:0096|225:4046:02B9:0072:0096|226:4046:02BE:004D:0096|227:4046:02AE:004B:0096
round6_phase1,0xFA,3574,0x0002,0x0003,0x0000,0x01,0x0074,0x0000,0x0000,actor_2c8,4,0x10C3C8,0x01,0xE0,0x00,0x00,0x02,0x00,0x00,0x00CF,0x02A9,0x03B3,0x00,0x48,0x00,180,10,180:4048:028A:03D6:00CE|181:4048:028A:03D7:00BE|182:4048:029A:03D8:00CE|183:4048:029A:03D9:00BE|184:4048:029A:03E2:00C6|185:4048:02AA:03E3:00C5
round6_phase1,0xFA,3574,0x0002,0x0003,0x0000,0x01,0x0074,0x0000,0x0000,actor_2c8,5,0x10C408,0x01,0x68,0x01,0x00,0x01,0x00,0x02,0x0265,0x02C9,0x02E8,0x00,0x4A,0x00,190,10,190:004A:02C9:02F6:025E|191:004A:02B9:02F4:025E|192:004A:02C9:02F5:024E|193:004A:02B6:030C:025E|194:004A:02A6:02E9:025E|195:004A:02B6:030B:024E|196:004A:02A6:030A:024E|197:004A:02B6:0301:026E
round6_phase1,0xFA,3574,0x0002,0x0003,0x0000,0x01,0x0074,0x0000,0x0000,actor_2c8,6,0x10C448,0x01,0x27,0x00,0x00,0x08,0x00,0x00,0x00DE,0x0296,0x00D0,0x00,0x44,0x00,200,10,200:4044:0296:019B:00CD|201:4044:0286:0197:00CD|202:4044:0276:0194:00CD|203:4044:0296:019A:00DD|204:4044:0286:0196:00DD|205:4044:0276:0193:00DD|206:4044:0296:0199:00ED|207:4044:0286:0195:00ED|208:4044:0296:019C:00BD|209:4044:0286:0198:00BD
round6_phase1,0xFA,3574,0x0002,0x0003,0x0000,0x01,0x0074,0x0000,0x0000,actor_2c8,8,0x10C4C8,0x01,0x18,0x00,0x00,0x02,0x00,0x00,0x0095,0x02C9,0x004B,0x01,0x46,0x00,220,19,220:0046:02C9:0069:0095|221:0046:02B9:0067:0095|222:0046:02B9:004E:0095|223:0046:02A9:004C:0095|224:0046:02C9:0068:0085|225:0046:02B9:0063:0085|226:0046:02B9:004D:0085|227:0046:02A9:004B:0085
round6_phase1,0xFA,3576,0x0002,0x0003,0x0000,0x01,0x0074,0x0000,0x0000,actor_2c8,6,0x10C448,0x01,0x27,0x00,0x00,0x08,0x00,0x00,0x00DC,0x0299,0x00D0,0x00,0x44,0x00,200,10,200:4044:0299:019B:00CB|201:4044:0289:0197:00CB|202:4044:0279:0194:00CB|203:4044:0299:019A:00DB|204:4044:0289:0196:00DB|205:4044:0279:0193:00DB|206:4044:0299:0199:00EB|207:4044:0289:0195:00EB|208:4044:0299:019C:00BB|209:4044:0289:0198:00BB
round6_phase1,0xFA,3576,0x0002,0x0003,0x0000,0x01,0x0074,0x0000,0x0000,actor_2c8,8,0x10C4C8,0x01,0x18,0x00,0x00,0x02,0x00,0x00,0x0093,0x02C9,0x004B,0x01,0x46,0x00,220,19,220:0046:02C9:0069:0093|221:0046:02B9:0067:0093|222:0046:02B9:004E:0093|223:0046:02A9:004C:0093|224:0046:02C9:0068:0083|225:0046:02B9:0063:0083|226:0046:02B9:004D:0083|227:0046:02A9:004B:0083
round6_phase1,0xFA,3578,0x0002,0x0003,0x0000,0x01,0x0074,0x0000,0x0000,actor_2c8,4,0x10C3C8,0x01,0xE0,0x00,0x00,0x02,0x00,0x00,0x00CB,0x02A9,0x03B3,0x00,0x48,0x00,180,10,180:4048:028A:03D6:00CC|181:4048:028A:03D7:00BC|182:4048:029A:03D8:00CC|183:4048:029A:03D9:00BC|184:4048:029A:03E2:00C4|185:4048:02AA:03E3:00C3
round6_phase1,0xFA,3578,0x0002,0x0003,0x0000,0x01,0x0074,0x0000,0x0000,actor_2c8,6,0x10C448,0x01,0x27,0x00,0x00,0x08,0x00,0x00,0x00DA,0x029C,0x00D0,0x00,0x44,0x00,200,10,200:4044:029C:019B:00C9|201:4044:028C:0197:00C9|202:4044:027C:0194:00C9|203:4044:029C:019A:00D9|204:4044:028C:0196:00D9|205:4044:027C:0193:00D9|206:4044:029C:0199:00E9|207:4044:028C:0195:00E9|208:4044:029C:019C:00B9|209:4044:028C:0198:00B9
round6_phase1,0xFA,3578,0x0002,0x0003,0x0000,0x01,0x0074,0x0000,0x0000,actor_2c8,8,0x10C4C8,0x01,0x18,0x00,0x00,0x02,0x00,0x00,0x0091,0x02C9,0x004B,0x01,0x46,0x00,220,19,220:0046:02C9:0069:0091|221:0046:02B9:0067:0091|222:0046:02B9:004E:0091|223:0046:02A9:004C:0091|224:0046:02C9:0068:0081|225:0046:02B9:0063:0081|226:0046:02B9:004D:0081|227:0046:02A9:004B:0081
round6_phase1,0xFA,3580,0x0002,0x0003,0x0000,0x01,0x0074,0x0000,0x0000,actor_2c8,4,0x10C3C8,0x01,0xDD,0x00,0x00,0x02,0x00,0x00,0x00C9,0x02A9,0x03B3,0x00,0x48,0x00,180,10,180:4048:0289:03D6:00CA|181:4048:0289:03D7:00BA|182:4048:0299:03D8:00CA|183:4048:0299:03D9:00BA|184:4048:0299:03DA:00C2|185:4048:02A9:03DB:00CA|186:4048:02A9:03DC:00BA
round6_phase1,0xFA,3580,0x0002,0x0003,0x0000,0x01,0x0074,0x0000,0x0000,actor_2c8,5,0x10C408,0x01,0xB3,0x01,0x00,0x01,0x00,0x02,0x026B,0x02C9,0x02E8,0x00,0x4A,0x00,190,10,190:004A:02C9:02F3:025B|191:004A:02B9:02F2:025B|192:004A:02B6:030C:0262|193:004A:02A6:02E9:0262|194:004A:02B6:030B:0252|195:004A:02A6:030A:0252|196:004A:02B6:0301:0272
round6_phase1,0xFA,3580,0x0002,0x0003,0x0000,0x01,0x0074,0x0000,0x0000,actor_2c8,6,0x10C448,0x01,0x27,0x00,0x00,0x08,0x00,0x00,0x00D9,0x029F,0x00D0,0x00,0x44,0x00,200,10,200:4044:029F:019B:00C8|201:4044:028F:0197:00C8|202:4044:027F:0194:00C8|203:4044:029F:019A:00D8|204:4044:028F:0196:00D8|205:4044:027F:0193:00D8|206:4044:029F:0199:00E8|207:4044:028F:0195:00E8|208:4044:029F:019C:00B8|209:4044:028F:0198:00B8
round6_phase1,0xFA,3580,0x0002,0x0003,0x0000,0x01,0x0074,0x0000,0x0000,actor_2c8,8,0x10C4C8,0x01,0x17,0x00,0x00,0x02,0x00,0x00,0x008F,0x02C9,0x004B,0x01,0x46,0x00,220,19,220:0046:02CA:0066:008F|221:0046:02BA:0064:008F|222:0046:02BA:004E:008F|223:0046:02AA:004C:008F|224:0046:02CA:0065:007F|225:0046:02BA:0063:007F|226:0046:02BA:004D:007F|227:0046:02AA:004B:007F
round6_phase1,0xFA,3582,0x0002,0x0003,0x0000,0x01,0x0074,0x0000,0x0000,actor_2c8,4,0x10C3C8,0x01,0xDD,0x00,0x00,0x02,0x00,0x00,0x00C7,0x02A9,0x03B3,0x00,0x48,0x00,180,10,180:4048:0289:03D6:00C8|181:4048:0289:03D7:00B8|182:4048:0299:03D8:00C8|183:4048:0299:03D9:00B8|184:4048:0299:03DA:00C0|185:4048:02A9:03DB:00C8|186:4048:02A9:03DC:00B8
round6_phase1,0xFA,3582,0x0002,0x0003,0x0000,0x01,0x0074,0x0000,0x0000,actor_2c8,5,0x10C408,0x01,0xB3,0x01,0x00,0x01,0x00,0x02,0x026D,0x02C9,0x02E8,0x00,0x4A,0x00,190,10,190:004A:02C9:02F3:025D|191:004A:02B9:02F2:025D|192:004A:02B6:030C:0264|193:004A:02A6:02E9:0264|194:004A:02B6:030B:0254|195:004A:02A6:030A:0254|196:004A:02B6:0301:0274
round6_phase1,0xFA,3582,0x0002,0x0003,0x0000,0x01,0x0074,0x0000,0x0000,actor_2c8,6,0x10C448,0x01,0x27,0x00,0x00,0x08,0x00,0x00,0x00D8,0x02A2,0x00D0,0x00,0x44,0x00,200,10,200:4044:02A2:019B:00C7|201:4044:0292:0197:00C7|202:4044:0282:0194:00C7|203:4044:02A2:019A:00D7|204:4044:0292:0196:00D7|205:4044:0282:0193:00D7|206:4044:02A2:0199:00E7|207:4044:0292:0195:00E7|208:4044:02A2:019C:00B7|209:4044:0292:0198:00B7
round6_phase1,0xFA,3584,0x0002,0x0003,0x0000,0x01,0x0074,0x0000,0x0000,actor_2c8,4,0x10C3C8,0x01,0xDD,0x00,0x00,0x02,0x00,0x00,0x00C7,0x02A9,0x03B3,0x00,0x48,0x00,180,10,180:4048:0289:03D6:00C6|181:4048:0289:03D7:00B6|182:4048:0299:03D8:00C6|183:4048:0299:03D9:00B6|184:4048:0299:03DA:00BE|185:4048:02A9:03DB:00C6|186:4048:02A9:03DC:00B6
round6_phase1,0xFA,3584,0x0002,0x0003,0x0000,0x01,0x0074,0x0000,0x0000,actor_2c8,5,0x10C408,0x01,0xB3,0x01,0x00,0x01,0x00,0x02,0x026F,0x02C9,0x02E8,0x00,0x4A,0x00,190,10,190:004A:02C9:02F3:025F|191:004A:02B9:02F2:025F|192:004A:02B6:030C:0266|193:004A:02A6:02E9:0266|194:004A:02B6:030B:0256|195:004A:02A6:030A:0256|196:004A:02B6:0301:0276
round6_phase1,0xFA,3584,0x0002,0x0003,0x0000,0x01,0x0074,0x0000,0x0000,actor_2c8,6,0x10C448,0x01,0x29,0x00,0x00,0x08,0x00,0x00,0x00D7,0x02A6,0x00D0,0x00,0x44,0x00,200,10,200:4044:02A6:00F1:00C6|201:4044:0296:00E5:00C6|202:4044:0286:00E3:00C6|203:4044:02A6:00F0:00D6|204:4044:0296:00E4:00D6|205:4044:0286:00E2:00D6|206:4044:02A6:00EF:00E6|207:4044:02A6:00F2:00B6|208:4044:0296:00E6:00B6
round6_phase1,0xFA,3584,0x0002,0x0003,0x0000,0x01,0x0074,0x0000,0x0000,actor_2c8,8,0x10C4C8,0x01,0x17,0x00,0x00,0x02,0x00,0x00,0x008B,0x02C9,0x004B,0x01,0x46,0x00,220,19,220:0046:02CA:0066:008D|221:0046:02BA:0064:008D|222:0046:02BA:004E:008D|223:0046:02AA:004C:008D|224:0046:02CA:0065:007D|225:0046:02BA:0063:007D|226:0046:02BA:004D:007D|227:0046:02AA:004B:007D
round6_phase1,0xFA,3586,0x0002,0x0003,0x0000,0x01,0x0074,0x0000,0x0000,actor_2c8,4,0x10C3C8,0x01,0xDD,0x00,0x00,0x02,0x00,0x00,0x00C5,0x02A9,0x03B3,0x00,0x48,0x00,180,10,180:4048:0289:03D6:00C4|181:4048:0289:03D7:00B4|182:4048:0299:03D8:00C4|183:4048:0299:03D9:00B4|184:4048:0299:03DA:00BC|185:4048:02A9:03DB:00C4|186:4048:02A9:03DC:00B4
round6_phase1,0xFA,3586,0x0002,0x0003,0x0000,0x01,0x0074,0x0000,0x0000,actor_2c8,5,0x10C408,0x01,0xB3,0x00,0x00,0x02,0x00,0x02,0x026F,0x02C9,0x02E8,0x00,0x4A,0x00,190,10,190:004A:02C9:02F3:0261|191:004A:02B9:02F2:0261|192:004A:02B6:030C:0268|193:004A:02A6:02E9:0268|194:004A:02B6:030B:0258|195:004A:02A6:030A:0258|196:004A:02B6:0301:0278
round6_phase1,0xFA,3586,0x0002,0x0003,0x0000,0x01,0x0074,0x0000,0x0000,actor_2c8,6,0x10C448,0x01,0x29,0x00,0x00,0x08,0x00,0x00,0x00D7,0x02A9,0x00D0,0x00,0x44,0x00,200,10,200:4044:02A9:00F1:00C6|201:4044:0299:00E5:00C6|202:4044:0289:00E3:00C6|203:4044:02A9:00F0:00D6|204:4044:0299:00E4:00D6|205:4044:0289:00E2:00D6|206:4044:02A9:00EF:00E6|207:4044:02A9:00F2:00B6|208:4044:0299:00E6:00B6
round6_phase1,0xFA,3586,0x0002,0x0003,0x0000,0x01,0x0074,0x0000,0x0000,actor_2c8,8,0x10C4C8,0x01,0x17,0x00,0x00,0x02,0x00,0x00,0x0089,0x02C9,0x004B,0x01,0x46,0x00,220,19,220:0046:02CA:0066:008B|221:0046:02BA:0064:008B|222:0046:02BA:004E:008B|223:0046:02AA:004C:008B|224:0046:02CA:0065:007B|225:0046:02BA:0063:007B|226:0046:02BA:004D:007B|227:0046:02AA:004B:007B
round6_phase1,0xFA,3588,0x0002,0x0003,0x0000,0x01,0x0074,0x0000,0x0000,actor_2c8,4,0x10C3C8,0x01,0xDE,0x00,0x00,0x02,0x00,0x00,0x00C3,0x02A9,0x03B3,0x00,0x48,0x00,180,10,180:4048:028A:03D6:00C2|181:4048:028A:03D7:00B2|182:4048:029A:03D8:00C2|183:4048:029A:03D9:00B2|184:4048:029A:03DD:00BA|185:4048:02AA:03DE:00BA
round6_phase1,0xFA,3588,0x0002,0x0003,0x0000,0x01,0x0074,0x0000,0x0000,actor_2c8,5,0x10C408,0x01,0x68,0x00,0x00,0x02,0x00,0x02,0x026B,0x02C9,0x02E8,0x01,0x4A,0x00,190,10,190:004A:02C9:02F6:0266|191:004A:02B9:02F4:0266|192:004A:02C9:02F5:0256|193:004A:02B6:030C:0266|194:004A:02A6:02E9:0266|195:004A:02B6:030B:0256|196:004A:02A6:030A:0256|197:004A:02B6:0301:0276
round6_phase1,0xFA,3588,0x0002,0x0003,0x0000,0x01,0x0074,0x0000,0x0000,actor_2c8,6,0x10C448,0x01,0x52,0x00,0x00,0x02,0x00,0x01,0x00D5,0x02A9,0x00D0,0x00,0x44,0x00,200,10,200:4044:02A9:00F1:00C6|201:4044:0299:00E5:00C6|202:4044:0289:00E3:00C6|203:4044:02A9:00F0:00D6|204:4044:0299:00E4:00D6|205:4044:0289:00E2:00D6|206:4044:02A9:00EF:00E6|207:4044:02A9:00F2:00B6|208:4044:0299:00E6:00B6
round6_phase1,0xFA,3588,0x0002,0x0003,0x0000,0x01,0x0074,0x0000,0x0000,actor_2c8,8,0x10C4C8,0x01,0x18,0x00,0x00,0x02,0x00,0x00,0x0087,0x02C9,0x004B,0x01,0x46,0x00,220,19,220:0046:02C9:0069:0089|221:0046:02B9:0067:0089|222:0046:02B9:004E:0089|223:0046:02A9:004C:0089|224:0046:02C9:0068:0079|225:0046:02B9:0063:0079|226:0046:02B9:004D:0079|227:0046:02A9:004B:0079
round6_phase1,0xFA,3590,0x0002,0x0003,0x0000,0x01,0x0074,0x0000,0x0000,actor_2c8,4,0x10C3C8,0x01,0xDE,0x00,0x00,0x02,0x00,0x00,0x00C1,0x02A9,0x03B3,0x00,0x48,0x00,180,10,180:4048:028A:03D6:00C0|181:4048:028A:03D7:00B0|182:4048:029A:03D8:00C0|183:4048:029A:03D9:00B0|184:4048:029A:03DD:00B8|185:4048:02AA:03DE:00B8
round6_phase1,0xFA,3590,0x0002,0x0003,0x0000,0x01,0x0074,0x0000,0x0000,actor_2c8,6,0x10C448,0x01,0x52,0x00,0x00,0x02,0x00,0x01,0x00D5,0x02A9,0x00D0,0x00,0x44,0x00,200,10,200:4044:02A9:0015:00C4|201:4044:0299:00DC:00C4|202:4044:0289:00DA:00C4|203:4044:02A9:0014:00D4|204:4044:0299:00DB:00D4|205:4044:0289:00D9:00D4|206:4044:02A9:0013:00E4|207:4044:02A9:0016:00B4|208:4044:0299:00DD:00B4
round6_phase1,0xFA,3590,0x0002,0x0003,0x0000,0x01,0x0074,0x0000,0x0000,actor_2c8,8,0x10C4C8,0x01,0x18,0x00,0x00,0x02,0x00,0x00,0x0087,0x02C9,0x004B,0x01,0x46,0x00,220,19,220:0046:02C9:0069:0087|221:0046:02B9:0067:0087|222:0046:02B9:004E:0087|223:0046:02A9:004C:0087|224:0046:02C9:0068:0077|225:0046:02B9:0063:0077|226:0046:02B9:004D:0077|227:0046:02A9:004B:0077
round6_phase1,0xFA,3592,0x0002,0x0003,0x0000,0x01,0x0074,0x0000,0x0000,actor_2c8,4,0x10C3C8,0x01,0xDE,0x00,0x00,0x02,0x00,0x00,0x00BF,0x02A9,0x03B3,0x00,0x48,0x00,180,10,180:4048:028A:03D6:00BE|181:4048:028A:03D7:00AE|182:4048:029A:03D8:00BE|183:4048:029A:03D9:00AE|184:4048:029A:03DD:00B6|185:4048:02AA:03DE:00B6
round6_phase1,0xFA,3592,0x0002,0x0003,0x0000,0x01,0x0074,0x0000,0x0000,actor_2c8,8,0x10C4C8,0x01,0x18,0x00,0x00,0x02,0x00,0x00,0x0085,0x02C9,0x004B,0x01,0x46,0x00,220,19,220:0046:02C9:0069:0085|221:0046:02B9:0067:0085|222:0046:02B9:004E:0085|223:0046:02A9:004C:0085|224:0046:02C9:0068:0075|225:0046:02B9:0063:0075|226:0046:02B9:004D:0075|227:0046:02A9:004B:0075
round6_phase1,0xFA,3594,0x0002,0x0003,0x0000,0x01,0x0074,0x0000,0x0000,actor_2c8,6,0x10C448,0x01,0x52,0x00,0x00,0x02,0x00,0x01,0x00D3,0x02A9,0x00D0,0x00,0x44,0x00,200,10,200:4044:02A9:0015:00C2|201:4044:0299:00DC:00C2|202:4044:0289:00DA:00C2|203:4044:02A9:0014:00D2|204:4044:0299:00DB:00D2|205:4044:0289:00D9:00D2|206:4044:02A9:0013:00E2|207:4044:02A9:0016:00B2|208:4044:0299:00DD:00B2
round6_phase1,0xFA,3594,0x0002,0x0003,0x0000,0x01,0x0074,0x0000,0x0000,actor_2c8,8,0x10C4C8,0x01,0x18,0x00,0x00,0x02,0x00,0x00,0x0083,0x02C9,0x004B,0x01,0x46,0x00,220,19,220:0046:02C9:0069:0083|221:0046:02B9:0067:0083|222:0046:02B9:004E:0083|223:0046:02A9:004C:0083|224:0046:02C9:0068:0073|225:0046:02B9:0063:0073|226:0046:02B9:004D:0073|227:0046:02A9:004B:0073
round6_phase1,0xFA,3596,0x0002,0x0003,0x0000,0x01,0x0074,0x0000,0x0000,actor_2c8,4,0x10C3C8,0x01,0xDF,0x00,0x00,0x02,0x00,0x00,0x00BB,0x02A9,0x03B3,0x00,0x48,0x00,180,10,180:4048:0289:03D6:00BC|181:4048:0289:03D7:00AC|182:4048:0299:03D8:00BC|183:4048:0299:03D9:00AC|184:4048:0299:03DF:00B4|185:4048:02A9:03E0:00BC|186:4048:02A9:03E1:00AC
round6_phase1,0xFA,3596,0x0002,0x0003,0x0000,0x01,0x0074,0x0000,0x0000,actor_2c8,6,0x10C448,0x01,0x53,0x00,0x00,0x02,0x00,0x02,0x00D1,0x02A9,0x00D0,0x00,0x44,0x00,200,10,200:4044:02A9:0015:00C2|201:4044:0299:00DC:00C2|202:4044:0289:00DA:00C2|203:4044:02A9:0014:00D2|204:4044:0299:00DB:00D2|205:4044:0289:00D9:00D2|206:4044:02A9:0013:00E2|207:4044:02A9:0016:00B2|208:4044:0299:00DD:00B2
round6_phase1,0xFA,3596,0x0002,0x0003,0x0000,0x01,0x0074,0x0000,0x0000,actor_2c8,8,0x10C4C8,0x01,0x19,0x00,0x00,0x02,0x00,0x00,0x0081,0x02C9,0x004B,0x01,0x46,0x00,220,19,220:0046:02CA:006D:0081|221:0046:02BA:006B:0081|222:0046:02BA:004E:0081|223:0046:02AA:004C:0081|224:0046:02CA:006C:0071|225:0046:02BA:006A:0071|226:0046:02BA:004D:0071|227:0046:02AA:004B:0071
round6_phase1,0xFA,3598,0x0002,0x0003,0x0000,0x01,0x0074,0x0000,0x0000,actor_2c8,4,0x10C3C8,0x01,0xDF,0x00,0x00,0x02,0x00,0x00,0x00B9,0x02A9,0x03B3,0x00,0x48,0x00,180,10,180:4048:0289:03D6:00BA|181:4048:0289:03D7:00AA|182:4048:0299:03D8:00BA|183:4048:0299:03D9:00AA|184:4048:0299:03DF:00B2|185:4048:02A9:03E0:00BA|186:4048:02A9:03E1:00AA
round6_phase1,0xFA,3598,0x0002,0x0003,0x0000,0x01,0x0074,0x0000,0x0000,actor_2c8,6,0x10C448,0x01,0x53,0x00,0x00,0x02,0x00,0x02,0x00D1,0x02A9,0x00D0,0x00,0x44,0x00,200,10,200:4044:02A9:0019:00C0|201:4044:0299:00E5:00C0|202:4044:0289:00E3:00C0|203:4044:02A9:0018:00D0|204:4044:0299:00E4:00D0|205:4044:0289:00E2:00D0|206:4044:02A9:0017:00E0|207:4044:02A9:001A:00B0|208:4044:0299:00E6:00B0
round6_phase1,0xFA,3598,0x0002,0x0003,0x0000,0x01,0x0074,0x0000,0x0000,actor_2c8,8,0x10C4C8,0x01,0x19,0x00,0x00,0x02,0x00,0x00,0x007F,0x02C9,0x004B,0x01,0x46,0x00,220,19,220:0046:02CA:006D:007F|221:0046:02BA:006B:007F|222:0046:02BA:004E:007F|223:0046:02AA:004C:007F|224:0046:02CA:006C:006F|225:0046:02BA:006A:006F|226:0046:02BA:004D:006F|227:0046:02AA:004B:006F
round6_phase1,0xFA,3600,0x0002,0x0003,0x0000,0x01,0x0074,0x0000,0x0000,actor_2c8,4,0x10C3C8,0x01,0xDF,0x00,0x00,0x02,0x00,0x00,0x00B7,0x02A9,0x03B3,0x00,0x48,0x00,180,10,180:4048:0289:03D6:00B8|181:4048:0289:03D7:00A8|182:4048:0299:03D8:00B8|183:4048:0299:03D9:00A8|184:4048:0299:03DF:00B0|185:4048:02A9:03E0:00B8|186:4048:02A9:03E1:00A8
round6_phase1,0xFA,3600,0x0002,0x0003,0x0000,0x01,0x0074,0x0000,0x0000,actor_2c8,5,0x10C408,0x01,0xB4,0x00,0x00,0x02,0x00,0x02,0x0257,0x02C9,0x02E8,0x01,0x4A,0x00,190,10,190:004A:02C9:02F8:024E|191:004A:02B9:02F7:024E|192:004A:02B6:030C:0252|193:004A:02A6:02E9:0252|194:004A:02B6:030B:0242|195:004A:02A6:030A:0242|196:004A:02B6:0301:0262
round6_phase1,0xFA,3602,0x0002,0x0003,0x0000,0x01,0x0074,0x0000,0x0000,actor_2c8,4,0x10C3C8,0x01,0xDF,0x00,0x00,0x02,0x00,0x00,0x00B7,0x02A8,0x03B3,0x00,0x48,0x00,180,10,180:4048:0289:03D6:00B6|181:4048:0289:03D7:00A6|182:4048:0299:03D8:00B6|183:4048:0299:03D9:00A6|184:4048:0299:03DF:00AE|185:4048:02A9:03E0:00B6|186:4048:02A9:03E1:00A6
round6_phase1,0xFA,3602,0x0002,0x0003,0x0000,0x01,0x0074,0x0000,0x0000,actor_2c8,6,0x10C448,0x01,0x53,0x00,0x00,0x02,0x00,0x02,0x00CF,0x02A8,0x00D0,0x00,0x44,0x00,200,10,200:4044:02A9:0019:00BE|201:4044:0299:00E5:00BE|202:4044:0289:00E3:00BE|203:4044:02A9:0018:00CE|204:4044:0299:00E4:00CE|205:4044:0289:00E2:00CE|206:4044:02A9:0017:00DE|207:4044:02A9:001A:00AE|208:4044:0299:00E6:00AE
round6_phase1,0xFA,3602,0x0002,0x0003,0x0000,0x01,0x0074,0x0000,0x0000,actor_2c8,8,0x10C4C8,0x01,0x19,0x00,0x00,0x02,0x00,0x00,0x007B,0x02C8,0x004B,0x01,0x46,0x00,220,19,220:0046:02CA:006D:007D|221:0046:02BA:006B:007D|222:0046:02BA:004E:007D|223:0046:02AA:004C:007D|224:0046:02CA:006C:006D|225:0046:02BA:006A:006D|226:0046:02BA:004D:006D|227:0046:02AA:004B:006D
round6_phase1,0xFA,3604,0x0002,0x0003,0x0000,0x01,0x0074,0x0000,0x0000,actor_2c8,4,0x10C3C8,0x01,0xE2,0x00,0x00,0x08,0x00,0x00,0x00B4,0x02A5,0x03B3,0x00,0x48,0x00,180,10,180:4048:0287:03D6:00B3|181:4048:0287:03D7:00A3|182:4048:0297:03D8:00B3|183:4048:0297:03D9:00A3|184:4048:029D:03E7:00AB|185:4048:029D:03E8:009B|186:4048:02AD:03E9:00AB
round6_phase1,0xFA,3604,0x0002,0x0003,0x0000,0x01,0x0074,0x0000,0x0000,actor_2c8,5,0x10C408,0x01,0x68,0x01,0x00,0x01,0x00,0x02,0x025D,0x02C5,0x02E8,0x00,0x4A,0x00,190,10,190:004A:02C7:02F6:0254|191:004A:02B7:02F4:0254|192:004A:02C7:02F5:0244|193:004A:02B4:030C:0254|194:004A:02A4:02E9:0254|195:004A:02B4:030B:0244|196:004A:02A4:030A:0244|197:004A:02B4:0301:0264
round6_phase1,0xFA,3604,0x0002,0x0003,0x0000,0x01,0x0074,0x0000,0x0000,actor_2c8,6,0x10C448,0x01,0x54,0x00,0x00,0x02,0x00,0x03,0x00CF,0x02A5,0x00D0,0x00,0x44,0x00,200,10,200:4044:02A7:0019:00BE|201:4044:0297:00E5:00BE|202:4044:0287:00E3:00BE|203:4044:02A7:0018:00CE|204:4044:0297:00E4:00CE|205:4044:0287:00E2:00CE|206:4044:02A7:0017:00DE|207:4044:02A7:001A:00AE|208:4044:0297:00E6:00AE
round6_phase1,0xFA,3604,0x0002,0x0003,0x0000,0x01,0x0074,0x0000,0x0000,actor_2c8,8,0x10C4C8,0x01,0x18,0x00,0x00,0x02,0x00,0x00,0x0079,0x02C5,0x004B,0x01,0x46,0x00,220,19,220:0046:02C7:0069:007B|221:0046:02B7:0067:007B|222:0046:02B7:004E:007B|223:0046:02A7:004C:007B|224:0046:02C7:0068:006B|225:0046:02B7:0063:006B|226:0046:02B7:004D:006B|227:0046:02A7:004B:006B
round6_phase1,0xFA,3606,0x0002,0x0003,0x0000,0x01,0x0074,0x0000,0x0000,actor_2c8,4,0x10C3C8,0x01,0xE2,0x00,0x00,0x08,0x00,0x00,0x00B0,0x02A1,0x03B3,0x00,0x48,0x00,180,10,180:4048:0284:03D6:00AF|181:4048:0284:03D7:009F|182:4048:0294:03D8:00AF|183:4048:0294:03D9:009F|184:4048:029A:03E7:00A7|185:4048:029A:03E8:0097|186:4048:02AA:03E9:00A7
round6_phase1,0xFA,3606,0x0002,0x0003,0x0000,0x01,0x0074,0x0000,0x0000,actor_2c8,5,0x10C408,0x01,0x68,0x01,0x00,0x01,0x00,0x02,0x025F,0x02C0,0x02E8,0x00,0x4A,0x00,190,10,190:004A:02C3:02F6:0258|191:004A:02B3:02F4:0258|192:004A:02C3:02F5:0248|193:004A:02B0:030C:0258|194:004A:02A0:02E9:0258|195:004A:02B0:030B:0248|196:004A:02A0:030A:0248|197:004A:02B0:0301:0268
round6_phase1,0xFA,3606,0x0002,0x0003,0x0000,0x01,0x0074,0x0000,0x0000,actor_2c8,6,0x10C448,0x01,0x55,0x00,0x00,0x02,0x00,0x04,0x00CD,0x02A0,0x00D0,0x00,0x44,0x00,200,10,200:4044:02A3:0021:00BC|201:4044:0293:00DC:00BC|202:4044:0283:00DA:00BC|203:4044:02A3:0020:00CC|204:4044:0293:00DB:00CC|205:4044:0283:00D9:00CC|206:4044:02A3:001F:00DC|207:4044:02A3:0022:00AC|208:4044:0293:00DD:00AC
round6_phase1,0xFA,3606,0x0002,0x0003,0x0000,0x01,0x0074,0x0000,0x0000,actor_2c8,8,0x10C4C8,0x01,0x18,0x00,0x00,0x02,0x00,0x00,0x0077,0x02C0,0x004B,0x01,0x46,0x00,220,19,220:0046:02C3:0069:0079|221:0046:02B3:0067:0079|222:0046:02B3:004E:0079|223:0046:02A3:004C:0079|224:0046:02C3:0068:0069|225:0046:02B3:0063:0069|226:0046:02B3:004D:0069|227:0046:02A3:004B:0069
round6_phase1,0xFA,3608,0x0002,0x0003,0x0000,0x01,0x0074,0x0000,0x0000,actor_2c8,4,0x10C3C8,0x01,0xE2,0x00,0x00,0x08,0x00,0x00,0x00AD,0x029C,0x03B3,0x00,0x48,0x00,180,10,180:4048:027F:03D6:00AC|181:4048:027F:03D7:009C|182:4048:028F:03D8:00AC|183:4048:028F:03D9:009C|184:4048:0295:03E7:00A4|185:4048:0295:03E8:0094|186:4048:02A5:03E9:00A4
round6_phase1,0xFA,3608,0x0002,0x0003,0x0000,0x01,0x0074,0x0000,0x0000,actor_2c8,5,0x10C408,0x01,0x68,0x01,0x00,0x01,0x00,0x02,0x0263,0x02BA,0x02E8,0x00,0x4A,0x00,190,10,190:004A:02BD:02F6:025A|191:004A:02AD:02F4:025A|192:004A:02BD:02F5:024A|193:004A:02AA:030C:025A|194:004A:029A:02E9:025A|195:004A:02AA:030B:024A|196:004A:029A:030A:024A|197:004A:02AA:0301:026A
round6_phase1,0xFA,3608,0x0002,0x0003,0x0000,0x01,0x0074,0x0000,0x0000,actor_2c8,6,0x10C448,0x01,0x55,0x00,0x00,0x02,0x00,0x04,0x00CD,0x029A,0x00D0,0x00,0x44,0x00,200,10,200:4044:029D:0021:00BC|201:4044:028D:00DC:00BC|202:4044:027D:00DA:00BC|203:4044:029D:0020:00CC|204:4044:028D:00DB:00CC|205:4044:027D:00D9:00CC|206:4044:029D:001F:00DC|207:4044:029D:0022:00AC|208:4044:028D:00DD:00AC
round6_phase1,0xFA,3608,0x0002,0x0003,0x0000,0x01,0x0074,0x0000,0x0000,actor_2c8,8,0x10C4C8,0x01,0x18,0x00,0x00,0x02,0x00,0x00,0x0077,0x02BA,0x004B,0x01,0x46,0x00,220,19,220:0046:02BD:0069:0077|221:0046:02AD:0067:0077|222:0046:02AD:004E:0077|223:0046:029D:004C:0077|224:0046:02BD:0068:0067|225:0046:02AD:0063:0067|226:0046:02AD:004D:0067|227:0046:029D:004B:0067
round6_phase1,0xFA,3610,0x0002,0x0003,0x0000,0x01,0x0074,0x0000,0x0000,actor_2c8,4,0x10C3C8,0x01,0xE2,0x00,0x00,0x08,0x00,0x00,0x00AA,0x0297,0x03B3,0x00,0x48,0x00,180,10,180:4048:027A:03D6:00A9|181:4048:027A:03D7:0099|182:4048:028A:03D8:00A9|183:4048:028A:03D9:0099|184:4048:0290:03E7:00A1|185:4048:0290:03E8:0091|186:4048:02A0:03E9:00A1
round6_phase1,0xFA,3610,0x0002,0x0003,0x0000,0x01,0x0074,0x0000,0x0000,actor_2c8,5,0x10C408,0x01,0x68,0x01,0x00,0x01,0x00,0x02,0x0267,0x02B4,0x02E8,0x00,0x4A,0x00,190,10,190:004A:02B7:02F6:025E|191:004A:02A7:02F4:025E|192:004A:02B7:02F5:024E|193:004A:02A4:030C:025E|194:004A:0294:02E9:025E|195:004A:02A4:030B:024E|196:004A:0294:030A:024E|197:004A:02A4:0301:026E
round6_phase1,0xFA,3610,0x0002,0x0003,0x0000,0x01,0x0074,0x0000,0x0000,actor_2c8,6,0x10C448,0x01,0x55,0x00,0x00,0x02,0x00,0x04,0x00CB,0x0294,0x00D0,0x00,0x44,0x00,200,10,200:4044:0297:0021:00BA|201:4044:0287:00DC:00BA|202:4044:0277:00DA:00BA|203:4044:0297:0020:00CA|204:4044:0287:00DB:00CA|205:4044:0277:00D9:00CA|206:4044:0297:001F:00DA|207:4044:0297:0022:00AA|208:4044:0287:00DD:00AA
round6_phase1,0xFA,3610,0x0002,0x0003,0x0000,0x01,0x0074,0x0000,0x0000,actor_2c8,8,0x10C4C8,0x01,0x18,0x00,0x00,0x02,0x00,0x00,0x0075,0x02B4,0x004B,0x01,0x46,0x00,220,19,220:0046:02B7:0069:0075|221:0046:02A7:0067:0075|222:0046:02A7:004E:0075|223:0046:0297:004C:0075|224:0046:02B7:0068:0065|225:0046:02A7:0063:0065|226:0046:02A7:004D:0065|227:0046:0297:004B:0065
round6_phase1,0xFA,3612,0x0002,0x0003,0x0000,0x01,0x0074,0x0000,0x0000,actor_2c8,4,0x10C3C8,0x01,0xE2,0x00,0x00,0x08,0x00,0x00,0x00A7,0x0293,0x03B3,0x00,0x48,0x00,180,10,180:4048:0276:03D6:00A6|181:4048:0276:03D7:0096|182:4048:0286:03D8:00A6|183:4048:0286:03D9:0096|184:4048:028C:03E7:009E|185:4048:028C:03E8:008E|186:4048:029C:03E9:009E
round6_phase1,0xFA,3612,0x0002,0x0003,0x0000,0x01,0x0074,0x0000,0x0000,actor_2c8,5,0x10C408,0x01,0xB3,0x01,0x00,0x01,0x00,0x02,0x0269,0x02AE,0x02E8,0x00,0x4A,0x00,190,10,190:004A:02B1:02F3:0259|191:004A:02A1:02F2:0259|192:004A:029E:030C:0260|193:004A:028E:02E9:0260|194:004A:029E:030B:0250|195:004A:028E:030A:0250|196:004A:029E:0301:0270
round6_phase1,0xFA,3612,0x0002,0x0003,0x0000,0x01,0x0074,0x0000,0x0000,actor_2c8,6,0x10C448,0x01,0x55,0x00,0x00,0x02,0x00,0x04,0x00CB,0x028E,0x00D0,0x00,0x44,0x00,200,10,200:4044:0291:0021:00BA|201:4044:0281:00DC:00BA|202:4044:0271:00DA:00BA|203:4044:0291:0020:00CA|204:4044:0281:00DB:00CA|205:4044:0271:00D9:00CA|206:4044:0291:001F:00DA|207:4044:0291:0022:00AA|208:4044:0281:00DD:00AA
round6_phase1,0xFA,3612,0x0002,0x0003,0x0000,0x01,0x0074,0x0000,0x0000,actor_2c8,8,0x10C4C8,0x01,0x17,0x00,0x00,0x02,0x00,0x00,0x0073,0x02AE,0x004B,0x01,0x46,0x00,220,19,220:0046:02B2:0066:0073|221:0046:02A2:0064:0073|222:0046:02A2:004E:0073|223:0046:0292:004C:0073|224:0046:02B2:0065:0063|225:0046:02A2:0063:0063|226:0046:02A2:004D:0063|227:0046:0292:004B:0063
round6_phase1,0xFA,3614,0x0002,0x0003,0x0000,0x01,0x0074,0x0000,0x0000,actor_2c8,4,0x10C3C8,0x01,0xE2,0x00,0x00,0x08,0x00,0x00,0x00A4,0x028F,0x03B3,0x00,0x48,0x00,180,10,180:4048:0272:03D6:00A3|181:4048:0272:03D7:0093|182:4048:0282:03D8:00A3|183:4048:0282:03D9:0093|184:4048:0288:03E7:009B|185:4048:0288:03E8:008B|186:4048:0298:03E9:009B
round6_phase1,0xFA,3614,0x0002,0x0003,0x0000,0x01,0x0074,0x0000,0x0000,actor_2c8,5,0x10C408,0x01,0xB3,0x01,0x00,0x01,0x00,0x02,0x026D,0x02A8,0x02E8,0x00,0x4A,0x00,190,10,190:004A:02AB:02F3:025D|191:004A:029B:02F2:025D|192:004A:0298:030C:0264|193:004A:0288:02E9:0264|194:004A:0298:030B:0254|195:004A:0288:030A:0254|196:004A:0298:0301:0274
round6_phase1,0xFA,3614,0x0002,0x0003,0x0000,0x01,0x0074,0x0000,0x0000,actor_2c8,6,0x10C448,0x01,0x56,0x00,0x00,0x02,0x00,0x05,0x00C9,0x0288,0x00D0,0x00,0x44,0x00,200,10,200:4044:028B:0025:00B8|201:4044:027B:00D3:00B8|202:4044:026B:00D1:00B8|203:4044:028B:0024:00C8|204:4044:027B:00D2:00C8|205:4044:026B:00D0:00C8|206:4044:028B:0023:00D8|207:4044:028B:0026:00A8|208:4044:027B:00D4:00A8
round6_phase1,0xFA,3614,0x0002,0x0003,0x0000,0x01,0x0074,0x0000,0x0000,actor_2c8,8,0x10C4C8,0x01,0x17,0x00,0x00,0x02,0x00,0x00,0x0071,0x02A8,0x004B,0x01,0x46,0x00,220,19,220:0046:02AC:0066:0071|221:0046:029C:0064:0071|222:0046:029C:004E:0071|223:0046:028C:004C:0071|224:0046:02AC:0065:0061|225:0046:029C:0063:0061|226:0046:029C:004D:0061|227:0046:028C:004B:0061
round6_phase1,0xFA,3616,0x0002,0x0003,0x0000,0x01,0x0074,0x0000,0x0000,actor_2c8,4,0x10C3C8,0x01,0xE2,0x00,0x00,0x08,0x00,0x00,0x00A1,0x028B,0x03B3,0x00,0x48,0x00,180,10,180:4048:026F:03D6:00A0|181:4048:026F:03D7:0090|182:4048:027F:03D8:00A0|183:4048:027F:03D9:0090|184:4048:0285:03E7:0098|185:4048:0285:03E8:0088|186:4048:0295:03E9:0098
round6_phase1,0xFA,3616,0x0002,0x0003,0x0000,0x01,0x0074,0x0000,0x0000,actor_2c8,5,0x10C408,0x01,0xB3,0x00,0x00,0x02,0x00,0x02,0x026F,0x02A1,0x02E8,0x00,0x4A,0x00,190,10,190:004A:02A5:02F3:0261|191:004A:0295:02F2:0261|192:004A:0292:030C:0268|193:004A:0282:02E9:0268|194:004A:0292:030B:0258|195:004A:0282:030A:0258|196:004A:0292:0301:0278
round6_phase1,0xFA,3616,0x0002,0x0003,0x0000,0x01,0x0074,0x0000,0x0000,actor_2c8,6,0x10C448,0x01,0x56,0x00,0x00,0x02,0x00,0x05,0x00C9,0x0281,0x00D0,0x00,0x44,0x00,200,10,200:4044:0285:0025:00B8|201:4044:0275:00D3:00B8|202:4044:0265:00D1:00B8|203:4044:0285:0024:00C8|204:4044:0275:00D2:00C8|205:4044:0265:00D0:00C8|206:4044:0285:0023:00D8|207:4044:0285:0026:00A8|208:4044:0275:00D4:00A8
round6_phase1,0xFA,3616,0x0002,0x0003,0x0000,0x01,0x0074,0x0000,0x0000,actor_2c8,8,0x10C4C8,0x01,0x17,0x00,0x00,0x02,0x00,0x00,0x006F,0x02A1,0x004B,0x01,0x46,0x00,220,19,220:0046:02A6:0066:006F|221:0046:0296:0064:006F|222:0046:0296:004E:006F|223:0046:0286:004C:006F|224:0046:02A6:0065:005F|225:0046:0296:0063:005F|226:0046:0296:004D:005F|227:0046:0286:004B:005F
round6_phase1,0xFA,3618,0x0002,0x0003,0x0000,0x01,0x0074,0x0000,0x0000,actor_2c8,4,0x10C3C8,0x01,0xE2,0x00,0x00,0x08,0x00,0x00,0x009E,0x0286,0x03B3,0x00,0x48,0x00,180,10,180:4048:026A:03D6:009D|181:4048:026A:03D7:008D|182:4048:027A:03D8:009D|183:4048:027A:03D9:008D|184:4048:0280:03E7:0095|185:4048:0280:03E8:0085|186:4048:0290:03E9:0095
round6_phase1,0xFA,3618,0x0002,0x0003,0x0000,0x01,0x0074,0x0000,0x0000,actor_2c8,5,0x10C408,0x01,0xB3,0x00,0x00,0x02,0x00,0x02,0x026B,0x0299,0x02E8,0x01,0x4A,0x00,190,10,190:004A:029D:02F3:025F|191:004A:028D:02F2:025F|192:004A:028A:030C:0266|193:004A:027A:02E9:0266|194:004A:028A:030B:0256|195:004A:027A:030A:0256|196:004A:028A:0301:0276
round6_phase1,0xFA,3618,0x0002,0x0003,0x0000,0x01,0x0074,0x0000,0x0000,actor_2c8,6,0x10C448,0x01,0x56,0x00,0x00,0x02,0x00,0x05,0x00C7,0x0279,0x00D0,0x00,0x44,0x00,200,10,200:4044:027D:0025:00B6|201:4044:026D:00D3:00B6|202:4044:025D:00D1:00B6|203:4044:027D:0024:00C6|204:4044:026D:00D2:00C6|205:4044:025D:00D0:00C6|206:4044:027D:0023:00D6|207:4044:027D:0026:00A6|208:4044:026D:00D4:00A6
round6_phase1,0xFA,3618,0x0002,0x0003,0x0000,0x01,0x0074,0x0000,0x0000,actor_2c8,8,0x10C4C8,0x01,0x17,0x01,0x00,0x01,0x00,0x00,0x0071,0x0299,0x004B,0x00,0x46,0x00,220,19,220:4046:029E:0066:005E|221:4046:028E:0064:005E|222:4046:028E:004E:005E|223:4046:027E:004C:005E|224:4046:029E:0065:006E|225:4046:028E:0063:006E|226:4046:028E:004D:006E|227:4046:027E:004B:006E
round6_phase1,0xFA,3620,0x0002,0x0003,0x0000,0x01,0x0074,0x0000,0x0000,actor_2c8,4,0x10C3C8,0x01,0xE2,0x00,0x00,0x08,0x00,0x00,0x009C,0x0281,0x03B3,0x00,0x48,0x00,180,10,180:4048:0265:03D6:009B|181:4048:0265:03D7:008B|182:4048:0275:03D8:009B|183:4048:0275:03D9:008B|184:4048:027B:03E7:0093|185:4048:027B:03E8:0083|186:4048:028B:03E9:0093
round6_phase1,0xFA,3620,0x0002,0x0003,0x0000,0x01,0x0074,0x0000,0x0000,actor_2c8,5,0x10C408,0x01,0x68,0x00,0x00,0x02,0x00,0x02,0x0267,0x0291,0x02E8,0x01,0x4A,0x00,190,10,190:004A:0295:02F6:0262|191:004A:0285:02F4:0262|192:004A:0295:02F5:0252|193:004A:0282:030C:0262|194:004A:0272:02E9:0262|195:004A:0282:030B:0252|196:004A:0272:030A:0252|197:004A:0282:0301:0272
round6_phase1,0xFA,3620,0x0002,0x0003,0x0000,0x01,0x0074,0x0000,0x0000,actor_2c8,6,0x10C448,0x01,0x56,0x00,0x00,0x02,0x00,0x05,0x00C7,0x0271,0x00D0,0x00,0x44,0x00,200,10,200:4044:0275:0025:00B6|201:4044:0265:00D3:00B6|202:4044:0255:00D1:00B6|203:4044:0275:0024:00C6|204:4044:0265:00D2:00C6|205:4044:0255:00D0:00C6|206:4044:0275:0023:00D6|207:4044:0275:0026:00A6|208:4044:0265:00D4:00A6
round6_phase1,0xFA,3620,0x0002,0x0003,0x0000,0x01,0x0074,0x0000,0x0000,actor_2c8,7,0x10C488,0x01,0xCA,0x00,0x00,0x02,0x00,0x00,0x0145,0x0051,0x0420,0x00,0x47,0x00,210,10,
round6_phase1,0xFA,3620,0x0002,0x0003,0x0000,0x01,0x0074,0x0000,0x0000,actor_2c8,8,0x10C4C8,0x01,0x18,0x01,0x00,0x01,0x00,0x00,0x0075,0x0291,0x004B,0x00,0x46,0x00,220,19,220:0046:0295:0069:0073|221:0046:0285:0067:0073|222:0046:0285:004E:0073|223:0046:0275:004C:0073|224:0046:0295:0068:0063|225:0046:0285:0063:0063|226:0046:0285:004D:0063|227:0046:0275:004B:0063
round6_phase1,0xFA,3622,0x0002,0x0003,0x0000,0x01,0x0074,0x0000,0x0000,actor_2c8,4,0x10C3C8,0x01,0xE2,0x00,0x00,0x08,0x00,0x00,0x009A,0x027C,0x03B3,0x00,0x48,0x00,180,10,180:4048:0260:03D6:0099|181:4048:0260:03D7:0089|182:4048:0270:03D8:0099|183:4048:0270:03D9:0089|184:4048:0276:03E7:0091|185:4048:0276:03E8:0081|186:4048:0286:03E9:0091
round6_phase1,0xFA,3622,0x0002,0x0003,0x0000,0x01,0x0074,0x0000,0x0000,actor_2c8,5,0x10C408,0x01,0x68,0x00,0x00,0x02,0x00,0x02,0x0265,0x0289,0x02E8,0x01,0x4A,0x00,190,10,190:004A:028D:02F6:0260|191:004A:027D:02F4:0260|192:004A:028D:02F5:0250|193:004A:027A:030C:0260|194:004A:026A:02E9:0260|195:004A:027A:030B:0250|196:004A:026A:030A:0250|197:004A:027A:0301:0270
round6_phase1,0xFA,3622,0x0002,0x0003,0x0000,0x01,0x0074,0x0000,0x0000,actor_2c8,6,0x10C448,0x01,0x52,0x00,0x00,0x02,0x00,0x01,0x00C5,0x0269,0x00D0,0x00,0x44,0x00,200,10,200:4044:026D:0011:00B6|201:4044:025D:00D3:00B6|202:4044:024D:00D1:00B6|203:4044:026D:0010:00C6|204:4044:025D:00D2:00C6|205:4044:024D:00D0:00C6|206:4044:026D:000F:00D6|207:4044:026D:0012:00A6|208:4044:025D:00D4:00A6
round6_phase1,0xFA,3622,0x0002,0x0003,0x0000,0x01,0x0074,0x0000,0x0000,actor_2c8,7,0x10C488,0x01,0xCA,0x00,0x00,0x02,0x00,0x00,0x0143,0x0049,0x0420,0x00,0x47,0x00,210,10,210:4047:002D:0420:0144|211:4047:002D:0421:0134|212:4047:003D:0422:0144|213:4047:003D:0423:0134|214:4047:003E:0427:013C|215:4047:004E:0428:013C
round6_phase1,0xFA,3622,0x0002,0x0003,0x0000,0x01,0x0074,0x0000,0x0000,actor_2c8,8,0x10C4C8,0x01,0x18,0x01,0x00,0x01,0x00,0x00,0x0077,0x0289,0x004B,0x00,0x46,0x00,220,19,220:0046:028D:0069:0077|221:0046:027D:0067:0077|222:0046:027D:004E:0077|223:0046:026D:004C:0077|224:0046:028D:0068:0067|225:0046:027D:0063:0067|226:0046:027D:004D:0067|227:0046:026D:004B:0067
round6_phase1,0xFA,3624,0x0002,0x0003,0x0000,0x01,0x0074,0x0000,0x0000,actor_2c8,4,0x10C3C8,0x01,0xE2,0x00,0x00,0x08,0x00,0x00,0x0099,0x027B,0x03B3,0x00,0x48,0x00,180,10,180:4048:025B:03D6:0098|181:4048:025B:03D7:0088|182:4048:026B:03D8:0098|183:4048:026B:03D9:0088|184:4048:0271:03E7:0090|185:4048:0271:03E8:0080|186:4048:0281:03E9:0090
round6_phase1,0xFA,3624,0x0002,0x0003,0x0000,0x01,0x0074,0x0000,0x0000,actor_2c8,5,0x10C408,0x01,0x68,0x00,0x00,0x02,0x00,0x02,0x0261,0x0285,0x02E8,0x01,0x4A,0x00,190,10,190:004A:0285:02F6:025C|191:004A:0275:02F4:025C|192:004A:0285:02F5:024C|193:004A:0272:030C:025C|194:004A:0262:02E9:025C|195:004A:0272:030B:024C|196:004A:0262:030A:024C|197:004A:0272:0301:026C
round6_phase1,0xFA,3624,0x0002,0x0003,0x0000,0x01,0x0074,0x0000,0x0000,actor_2c8,6,0x10C448,0x01,0x52,0x00,0x00,0x02,0x00,0x01,0x00C5,0x0265,0x00D0,0x00,0x44,0x00,200,10,200:4044:0265:0015:00B4|201:4044:0255:00DC:00B4|202:4044:0245:00DA:00B4|203:4044:0265:0014:00C4|204:4044:0255:00DB:00C4|205:4044:0245:00D9:00C4|206:4044:0265:0013:00D4|207:4044:0265:0016:00A4|208:4044:0255:00DD:00A4
round6_phase1,0xFA,3624,0x0002,0x0003,0x0000,0x01,0x0074,0x0000,0x0000,actor_2c8,7,0x10C488,0x01,0xCA,0x00,0x00,0x02,0x00,0x00,0x0141,0x0045,0x0420,0x00,0x47,0x00,210,10,210:4047:0025:0420:0142|211:4047:0025:0421:0132|212:4047:0035:0422:0142|213:4047:0035:0423:0132|214:4047:0036:0427:013A|215:4047:0046:0428:013A
round6_phase1,0xFA,3624,0x0002,0x0003,0x0000,0x01,0x0074,0x0000,0x0000,actor_2c8,8,0x10C4C8,0x01,0x18,0x01,0x00,0x01,0x00,0x00,0x007B,0x0285,0x004B,0x00,0x46,0x00,220,19,220:0046:0285:0069:0079|221:0046:0275:0067:0079|222:0046:0275:004E:0079|223:0046:0265:004C:0079|224:0046:0285:0068:0069|225:0046:0275:0063:0069|226:0046:0275:004D:0069|227:0046:0265:004B:0069
round6_phase1,0xFA,3626,0x0002,0x0003,0x0000,0x01,0x0074,0x0000,0x0000,actor_2c8,4,0x10C3C8,0x01,0xE2,0x00,0x00,0x08,0x00,0x00,0x0098,0x027E,0x03B3,0x00,0x48,0x00,180,10,180:4048:025E:03D6:0097|181:4048:025E:03D7:0087|182:4048:026E:03D8:0097|183:4048:026E:03D9:0087|184:4048:0274:03E7:008F|185:4048:0274:03E8:007F|186:4048:0284:03E9:008F
round6_phase1,0xFA,3626,0x0002,0x0003,0x0000,0x01,0x0074,0x0000,0x0000,actor_2c8,5,0x10C408,0x01,0x68,0x00,0x00,0x02,0x00,0x02,0x025F,0x0285,0x02E8,0x01,0x4A,0x00,190,10,190:004A:0285:02F6:0258|191:004A:0275:02F4:0258|192:004A:0285:02F5:0248|193:004A:0272:030C:0258|194:004A:0262:02E9:0258|195:004A:0272:030B:0248|196:004A:0262:030A:0248|197:004A:0272:0301:0268
round6_phase1,0xFA,3626,0x0002,0x0003,0x0000,0x01,0x0074,0x0000,0x0000,actor_2c8,7,0x10C488,0x01,0xCA,0x00,0x00,0x02,0x00,0x00,0x013F,0x0045,0x0420,0x00,0x47,0x00,210,10,210:4047:0025:0420:0140|211:4047:0025:0421:0130|212:4047:0035:0422:0140|213:4047:0035:0423:0130|214:4047:0036:0427:0138|215:4047:0046:0428:0138
round6_phase1,0xFA,3626,0x0002,0x0003,0x0000,0x01,0x0074,0x0000,0x0000,actor_2c8,8,0x10C4C8,0x01,0x18,0x01,0x00,0x01,0x00,0x00,0x007F,0x0285,0x004B,0x00,0x46,0x00,220,19,220:0046:0285:0069:007D|221:0046:0275:0067:007D|222:0046:0275:004E:007D|223:0046:0265:004C:007D|224:0046:0285:0068:006D|225:0046:0275:0063:006D|226:0046:0275:004D:006D|227:0046:0265:004B:006D
round6_phase1,0xFA,3628,0x0002,0x0003,0x0000,0x01,0x0074,0x0000,0x0000,actor_2c8,4,0x10C3C8,0x01,0xE2,0x00,0x00,0x08,0x00,0x00,0x0097,0x0282,0x03B3,0x00,0x48,0x00,180,10,180:4048:0262:03D6:0096|181:4048:0262:03D7:0086|182:4048:0272:03D8:0096|183:4048:0272:03D9:0086|184:4048:0278:03E7:008E|185:4048:0278:03E8:007E|186:4048:0288:03E9:008E
round6_phase1,0xFA,3628,0x0002,0x0003,0x0000,0x01,0x0074,0x0000,0x0000,actor_2c8,5,0x10C408,0x01,0xB4,0x00,0x00,0x02,0x00,0x02,0x025B,0x0285,0x02E8,0x01,0x4A,0x00,190,10,190:004A:0285:02F8:0252|191:004A:0275:02F7:0252|192:004A:0272:030C:0256|193:004A:0262:02E9:0256|194:004A:0272:030B:0246|195:004A:0262:030A:0246|196:004A:0272:0301:0266
round6_phase1,0xFA,3628,0x0002,0x0003,0x0000,0x01,0x0074,0x0000,0x0000,actor_2c8,6,0x10C448,0x01,0x52,0x00,0x00,0x02,0x00,0x01,0x00C3,0x0265,0x00D0,0x00,0x44,0x00,200,10,200:4044:0265:0015:00B2|201:4044:0255:00DC:00B2|202:4044:0245:00DA:00B2|203:4044:0265:0014:00C2|204:4044:0255:00DB:00C2|205:4044:0245:00D9:00C2|206:4044:0265:0013:00D2|207:4044:0265:0016:00A2|208:4044:0255:00DD:00A2
round6_phase1,0xFA,3628,0x0002,0x0003,0x0000,0x01,0x0074,0x0000,0x0000,actor_2c8,7,0x10C488,0x01,0xCB,0x00,0x00,0x02,0x00,0x00,0x013F,0x0045,0x0420,0x00,0x47,0x00,210,10,210:4047:0024:0420:013E|211:4047:0024:0421:012E|212:4047:0034:0422:013E|213:4047:0034:0423:012E|214:4047:0035:0429:0136|215:4047:0045:042A:0136
round6_phase1,0xFA,3628,0x0002,0x0003,0x0000,0x01,0x0074,0x0000,0x0000,actor_2c8,8,0x10C4C8,0x01,0x1C,0x01,0x00,0x1F,0x00,0x00,0x007F,0x0285,0x004B,0x00,0x46,0x00,220,19,220:0046:0286:006D:007F|221:0046:0276:006B:007F|222:0046:0276:004E:007F|223:0046:0266:004C:007F|224:0046:0286:006C:006F|225:0046:0276:006A:006F|226:0046:0276:004D:006F|227:0046:0266:004B:006F
round6_phase1,0xFA,3630,0x0002,0x0003,0x0000,0x01,0x0074,0x0000,0x0000,actor_2c8,4,0x10C3C8,0x01,0xDF,0x00,0x00,0x08,0x00,0x00,0x0097,0x0285,0x03B3,0x00,0x48,0x00,180,10,180:4048:0265:03D6:0096|181:4048:0265:03D7:0086|182:4048:0275:03D8:0096|183:4048:0275:03D9:0086|184:4048:0275:03DF:008E|185:4048:0285:03E0:0096|186:4048:0285:03E1:0086
round6_phase1,0xFA,3630,0x0002,0x0003,0x0000,0x01,0x0074,0x0000,0x0000,actor_2c8,5,0x10C408,0x01,0xB4,0x00,0x00,0x02,0x00,0x02,0x0257,0x0285,0x02E8,0x01,0x4A,0x00,190,10,190:004A:0285:02F8:024E|191:004A:0275:02F7:024E|192:004A:0272:030C:0252|193:004A:0262:02E9:0252|194:004A:0272:030B:0242|195:004A:0262:030A:0242|196:004A:0272:0301:0262
round6_phase1,0xFA,3630,0x0002,0x0003,0x0000,0x01,0x0074,0x0000,0x0000,actor_2c8,6,0x10C448,0x01,0x53,0x00,0x00,0x02,0x00,0x02,0x00C1,0x0265,0x00D0,0x00,0x44,0x00,200,10,200:4044:0265:0015:00B2|201:4044:0255:00DC:00B2|202:4044:0245:00DA:00B2|203:4044:0265:0014:00C2|204:4044:0255:00DB:00C2|205:4044:0245:00D9:00C2|206:4044:0265:0013:00D2|207:4044:0265:0016:00A2|208:4044:0255:00DD:00A2
round6_phase1,0xFA,3630,0x0002,0x0003,0x0000,0x01,0x0074,0x0000,0x0000,actor_2c8,7,0x10C488,0x01,0xCB,0x00,0x00,0x02,0x00,0x00,0x013D,0x0045,0x0420,0x00,0x47,0x00,210,10,210:4047:0024:0420:013C|211:4047:0024:0421:012C|212:4047:0034:0422:013C|213:4047:0034:0423:012C|214:4047:0035:0429:0134|215:4047:0045:042A:0134
round6_phase1,0xFA,3630,0x0002,0x0003,0x0000,0x01,0x0074,0x0000,0x0000,actor_2c8,8,0x10C4C8,0x01,0x1C,0x01,0x00,0x1F,0x00,0x00,0x007F,0x0285,0x004B,0x00,0x46,0x00,220,19,220:0046:0286:0066:007F|221:0046:0276:0064:007F|222:0046:0276:0052:007F|223:0046:0266:0050:007F|224:0046:0286:0065:006F|225:0046:0276:0063:006F|226:0046:0276:0051:006F|227:0046:0266:004F:006F|228:0046:0276:0054:005F|229:0046:0266:0053:005F
round6_phase1,0xFA,3632,0x0002,0x0003,0x0000,0x01,0x0074,0x0000,0x0000,actor_2c8,5,0x10C408,0x01,0xB4,0x00,0x00,0x02,0x00,0x02,0x0255,0x0285,0x02E8,0x01,0x4A,0x00,190,10,190:004A:0285:02F8:024C|191:004A:0275:02F7:024C|192:004A:0272:030C:0250|193:004A:0262:02E9:0250|194:004A:0272:030B:0240|195:004A:0262:030A:0240|196:004A:0272:0301:0260
round6_phase1,0xFA,3632,0x0002,0x0003,0x0000,0x01,0x0074,0x0000,0x0000,actor_2c8,6,0x10C448,0x01,0x53,0x00,0x00,0x02,0x00,0x02,0x00C1,0x0265,0x00D0,0x00,0x44,0x00,200,10,200:4044:0265:0019:00B0|201:4044:0255:00E5:00B0|202:4044:0245:00E3:00B0|203:4044:0265:0018:00C0|204:4044:0255:00E4:00C0|205:4044:0245:00E2:00C0|206:4044:0265:0017:00D0|207:4044:0265:001A:00A0|208:4044:0255:00E6:00A0
round6_phase1,0xFA,3632,0x0002,0x0003,0x0000,0x01,0x0074,0x0000,0x0000,actor_2c8,7,0x10C488,0x01,0xCB,0x00,0x00,0x02,0x00,0x00,0x013B,0x0045,0x0420,0x00,0x47,0x00,210,10,210:4047:0024:0420:013A|211:4047:0024:0421:012A|212:4047:0034:0422:013A|213:4047:0034:0423:012A|214:4047:0035:0429:0132|215:4047:0045:042A:0132
round6_phase1,0xFA,3632,0x0002,0x0003,0x0000,0x01,0x0074,0x0000,0x0000,actor_2c8,8,0x10C4C8,0x01,0x1D,0x01,0x00,0x1F,0x00,0x00,0x007F,0x0285,0x004B,0x00,0x46,0x00,220,19,220:0046:0286:0066:007F|221:0046:0276:0064:007F|222:0046:0276:0058:007F|223:0046:0266:0056:007F|224:0046:0286:0065:006F|225:0046:0276:0063:006F|226:0046:0276:0057:006F|227:0046:0266:0055:006F
round6_phase1,0xFA,3634,0x0002,0x0003,0x0000,0x01,0x0074,0x0000,0x0000,actor_2c8,4,0x10C3C8,0x01,0xDF,0x00,0x00,0x02,0x00,0x00,0x0093,0x0285,0x03B3,0x01,0x48,0x00,180,10,180:0048:0265:03D6:0085|181:0048:0265:03D7:0095|182:0048:0275:03D8:0085|183:0048:0275:03D9:0095|184:0048:0275:03DF:008D|185:0048:0285:03E0:0085|186:0048:0285:03E1:0095
round6_phase1,0xFA,3634,0x0002,0x0003,0x0000,0x01,0x0074,0x0000,0x0000,actor_2c8,5,0x10C408,0x01,0xB4,0x00,0x00,0x02,0x00,0x02,0x0251,0x0285,0x02E8,0x01,0x4A,0x00,190,10,190:004A:0285:02F8:0248|191:004A:0275:02F7:0248|192:004A:0272:030C:024C|193:004A:0262:02E9:024C|194:004A:0272:030B:023C|195:004A:0262:030A:023C|196:004A:0272:0301:025C
round6_phase1,0xFA,3634,0x0002,0x0003,0x0000,0x01,0x0074,0x0000,0x0000,actor_2c8,7,0x10C488,0x01,0xCB,0x00,0x00,0x02,0x00,0x00,0x0139,0x0045,0x0420,0x00,0x47,0x00,210,10,210:4047:0024:0420:0138|211:4047:0024:0421:0128|212:4047:0034:0422:0138|213:4047:0034:0423:0128|214:4047:0035:0429:0130|215:4047:0045:042A:0130
round6_phase1,0xFA,3634,0x0002,0x0003,0x0000,0x01,0x0074,0x0000,0x0000,actor_2c8,8,0x10C4C8,0x01,0x1E,0x01,0x00,0x1F,0x00,0x00,0x007F,0x0285,0x004B,0x00,0x46,0x00,220,19,220:0046:0286:0066:007F|221:0046:0276:0064:007F|222:0046:0276:0058:007F|223:0046:0266:0056:007F|224:0046:0286:0065:006F|225:0046:0276:0063:006F|226:0046:0276:0057:006F|227:0046:0266:0055:006F
round6_phase1,0xFA,3636,0x0002,0x0003,0x0000,0x01,0x0074,0x0000,0x0000,actor_2c8,4,0x10C3C8,0x01,0xE0,0x00,0x00,0x02,0x00,0x00,0x0091,0x0285,0x03B3,0x01,0x48,0x00,180,10,180:0048:0266:03D6:0083|181:0048:0266:03D7:0093|182:0048:0276:03D8:0083|183:0048:0276:03D9:0093|184:0048:0276:03E2:008B|185:0048:0286:03E3:008C
round6_phase1,0xFA,3636,0x0002,0x0003,0x0000,0x01,0x0074,0x0000,0x0000,actor_2c8,5,0x10C408,0x01,0x68,0x00,0x00,0x02,0x00,0x02,0x024F,0x0285,0x02E8,0x01,0x4A,0x00,190,10,190:004A:0285:02F6:0248|191:004A:0275:02F4:0248|192:004A:0285:02F5:0238|193:004A:0272:030C:0248|194:004A:0262:02E9:0248|195:004A:0272:030B:0238|196:004A:0262:030A:0238|197:004A:0272:0301:0258
round6_phase1,0xFA,3636,0x0002,0x0003,0x0000,0x01,0x0074,0x0000,0x0000,actor_2c8,6,0x10C448,0x01,0x53,0x00,0x00,0x02,0x00,0x02,0x00BF,0x0265,0x00D0,0x00,0x44,0x00,200,10,200:4044:0265:0019:00AE|201:4044:0255:00E5:00AE|202:4044:0245:00E3:00AE|203:4044:0265:0018:00BE|204:4044:0255:00E4:00BE|205:4044:0245:00E2:00BE|206:4044:0265:0017:00CE|207:4044:0265:001A:009E|208:4044:0255:00E6:009E
round6_phase1,0xFA,3636,0x0002,0x0003,0x0000,0x01,0x0074,0x0000,0x0000,actor_2c8,7,0x10C488,0x01,0xCC,0x00,0x00,0x02,0x00,0x00,0x0137,0x0045,0x0420,0x00,0x47,0x00,210,10,210:4047:0025:0420:0136|211:4047:0025:0421:0126|212:4047:0035:0422:0136|213:4047:0035:0423:0126|214:4047:0036:0427:012E|215:4047:0046:0428:012E
round6_phase1,0xFA,3636,0x0002,0x0003,0x0000,0x01,0x0074,0x0000,0x0000,actor_2c8,8,0x10C4C8,0x01,0x1E,0x01,0x00,0x1F,0x00,0x00,0x007F,0x0285,0x004B,0x00,0x46,0x00,220,19,220:0046:0286:0066:007F|221:0046:0276:0064:007F|222:0046:0276:005C:007F|223:0046:0266:005A:007F|224:0046:0286:0065:006F|225:0046:0276:0063:006F|226:0046:0276:005B:006F|227:0046:0266:0059:006F
round6_phase1,0xFA,3638,0x0002,0x0003,0x0000,0x01,0x0074,0x0000,0x0000,actor_2c8,4,0x10C3C8,0x01,0xE0,0x00,0x00,0x02,0x00,0x00,0x008F,0x0285,0x03B3,0x01,0x48,0x00,180,10,180:0048:0266:03D6:0081|181:0048:0266:03D7:0091|182:0048:0276:03D8:0081|183:0048:0276:03D9:0091|184:0048:0276:03E2:0089|185:0048:0286:03E3:008A
round6_phase1,0xFA,3638,0x0002,0x0003,0x0000,0x01,0x0074,0x0000,0x0000,actor_2c8,5,0x10C408,0x01,0x68,0x00,0x00,0x02,0x00,0x02,0x024B,0x0285,0x02E8,0x01,0x4A,0x00,190,10,190:004A:0285:02F6:0246|191:004A:0275:02F4:0246|192:004A:0285:02F5:0236|193:004A:0272:030C:0246|194:004A:0262:02E9:0246|195:004A:0272:030B:0236|196:004A:0262:030A:0236|197:004A:0272:0301:0256
round6_phase1,0xFA,3638,0x0002,0x0003,0x0000,0x01,0x0074,0x0000,0x0000,actor_2c8,6,0x10C448,0x01,0x54,0x00,0x00,0x02,0x00,0x03,0x00BF,0x0265,0x00D0,0x00,0x44,0x00,200,10,200:4044:0265:0019:00AE|201:4044:0255:00E5:00AE|202:4044:0245:00E3:00AE|203:4044:0265:0018:00BE|204:4044:0255:00E4:00BE|205:4044:0245:00E2:00BE|206:4044:0265:0017:00CE|207:4044:0265:001A:009E|208:4044:0255:00E6:009E
round6_phase1,0xFA,3638,0x0002,0x0003,0x0000,0x01,0x0074,0x0000,0x0000,actor_2c8,8,0x10C4C8,0x01,0x1F,0x01,0x00,0x1F,0x00,0x00,0x007F,0x0285,0x004B,0x00,0x46,0x00,220,19,220:0046:0286:0066:007F|221:0046:0276:0064:007F|222:0046:0276:0060:007F|223:0046:0266:005E:007F|224:0046:0286:0065:006F|225:0046:0276:0063:006F|226:0046:0276:005F:006F|227:0046:0266:005D:006F|228:0046:026E:0061:008F|229:0046:026E:0062:009F
round6_phase1,0xFA,3640,0x0002,0x0003,0x0000,0x01,0x0074,0x0000,0x0000,actor_2c8,4,0x10C3C8,0x01,0xE0,0x00,0x00,0x02,0x00,0x00,0x008F,0x0285,0x03B3,0x01,0x48,0x00,180,10,180:0048:0266:03D6:007F|181:0048:0266:03D7:008F|182:0048:0276:03D8:007F|183:0048:0276:03D9:008F|184:0048:0276:03E2:0087|185:0048:0286:03E3:0088
round6_phase1,0xFA,3640,0x0002,0x0003,0x0000,0x01,0x0074,0x0000,0x0000,actor_2c8,5,0x10C408,0x01,0x68,0x00,0x00,0x02,0x00,0x02,0x0247,0x0285,0x02E8,0x01,0x4A,0x00,190,10,190:004A:0285:02F6:0242|191:004A:0275:02F4:0242|192:004A:0285:02F5:0232|193:004A:0272:030C:0242|194:004A:0262:02E9:0242|195:004A:0272:030B:0232|196:004A:0262:030A:0232|197:004A:0272:0301:0252
round6_phase1,0xFA,3640,0x0002,0x0003,0x0000,0x01,0x0074,0x0000,0x0000,actor_2c8,6,0x10C448,0x01,0x55,0x00,0x00,0x02,0x00,0x04,0x00BD,0x0265,0x00D0,0x00,0x44,0x00,200,10,200:4044:0265:0021:00AC|201:4044:0255:00DC:00AC|202:4044:0245:00DA:00AC|203:4044:0265:0020:00BC|204:4044:0255:00DB:00BC|205:4044:0245:00D9:00BC|206:4044:0265:001F:00CC|207:4044:0265:0022:009C|208:4044:0255:00DD:009C
round6_phase1,0xFA,3640,0x0002,0x0003,0x0000,0x01,0x0074,0x0000,0x0000,actor_2c8,7,0x10C488,0x01,0xCC,0x00,0x00,0x02,0x00,0x00,0x0133,0x0045,0x0420,0x00,0x47,0x00,210,10,210:4047:0025:0420:0134|211:4047:0025:0421:0124|212:4047:0035:0422:0134|213:4047:0035:0423:0124|214:4047:0036:0427:012C|215:4047:0046:0428:012C
round6_phase1,0xFA,3642,0x0002,0x0003,0x0000,0x01,0x0074,0x0000,0x0000,actor_2c8,4,0x10C3C8,0x01,0xE0,0x00,0x00,0x02,0x00,0x00,0x008D,0x0285,0x03B3,0x01,0x48,0x00,180,10,180:0048:0266:03D6:007D|181:0048:0266:03D7:008D|182:0048:0276:03D8:007D|183:0048:0276:03D9:008D|184:0048:0276:03E2:0085|185:0048:0286:03E3:0086
round6_phase1,0xFA,3642,0x0002,0x0003,0x0000,0x01,0x0074,0x0000,0x0000,actor_2c8,5,0x10C408,0x01,0x68,0x00,0x00,0x02,0x00,0x02,0x0245,0x0285,0x02E8,0x01,0x4A,0x00,190,10,190:004A:0285:02F6:0240|191:004A:0275:02F4:0240|192:004A:0285:02F5:0230|193:004A:0272:030C:0240|194:004A:0262:02E9:0240|195:004A:0272:030B:0230|196:004A:0262:030A:0230|197:004A:0272:0301:0250
round6_phase1,0xFA,3642,0x0002,0x0003,0x0000,0x01,0x0074,0x0000,0x0000,actor_2c8,7,0x10C488,0x01,0xCC,0x00,0x00,0x02,0x00,0x00,0x0131,0x0045,0x0420,0x00,0x47,0x00,210,10,210:4047:0025:0420:0132|211:4047:0025:0421:0122|212:4047:0035:0422:0132|213:4047:0035:0423:0122|214:4047:0036:0427:012A|215:4047:0046:0428:012A
round6_phase1,0xFA,3644,0x0002,0x0003,0x0000,0x01,0x0074,0x0000,0x0000,actor_2c8,4,0x10C3C8,0x01,0xDD,0x00,0x00,0x02,0x00,0x00,0x008B,0x0285,0x03B3,0x01,0x48,0x00,180,10,180:0048:0265:03D6:007B|181:0048:0265:03D7:008B|182:0048:0275:03D8:007B|183:0048:0275:03D9:008B|184:0048:0275:03DA:0083|185:0048:0285:03DB:007B|186:0048:0285:03DC:008B
round6_phase1,0xFA,3644,0x0002,0x0003,0x0000,0x01,0x0074,0x0000,0x0000,actor_2c8,5,0x10C408,0x01,0xB3,0x00,0x00,0x02,0x00,0x02,0x0241,0x0285,0x02E8,0x01,0x4A,0x00,190,10,190:004A:0285:02F3:0235|191:004A:0275:02F2:0235|192:004A:0272:030C:023C|193:004A:0262:02E9:023C|194:004A:0272:030B:022C|195:004A:0262:030A:022C|196:004A:0272:0301:024C
round6_phase1,0xFA,3644,0x0002,0x0003,0x0000,0x01,0x0074,0x0000,0x0000,actor_2c8,6,0x10C448,0x01,0x55,0x00,0x00,0x02,0x00,0x04,0x00BB,0x0265,0x00D0,0x00,0x44,0x00,200,10,200:4044:0265:0021:00AA|201:4044:0255:00DC:00AA|202:4044:0245:00DA:00AA|203:4044:0265:0020:00BA|204:4044:0255:00DB:00BA|205:4044:0245:00D9:00BA|206:4044:0265:001F:00CA|207:4044:0265:0022:009A|208:4044:0255:00DD:009A
round6_phase1,0xFA,3644,0x0002,0x0003,0x0000,0x01,0x0074,0x0000,0x0000,actor_2c8,7,0x10C488,0x01,0xC9,0x00,0x00,0x02,0x00,0x00,0x012F,0x0045,0x0420,0x00,0x47,0x00,210,10,210:4047:0024:0420:0130|211:4047:0024:0421:0120|212:4047:0034:0422:0130|213:4047:0034:0423:0120|214:4047:0035:0424:0128|215:4047:0045:0425:0130|216:4047:0045:0426:0120
round6_phase1,0xFA,3644,0x0002,0x0003,0x0000,0x01,0x0074,0x0000,0x0000,actor_2c8,8,0x10C4C8,0x01,0x17,0x01,0x00,0x1F,0x00,0x00,0x007F,0x0285,0x004B,0x00,0x46,0x00,220,19,220:0046:0286:0066:007F|221:0046:0276:0064:007F|222:0046:0276:004E:007F|223:0046:0266:004C:007F|224:0046:0286:0065:006F|225:0046:0276:0063:006F|226:0046:0276:004D:006F|227:0046:0266:004B:006F
round6_phase1,0xFA,3646,0x0002,0x0003,0x0000,0x01,0x0074,0x0000,0x0000,actor_2c8,4,0x10C3C8,0x01,0xDD,0x00,0x00,0x02,0x00,0x00,0x0089,0x0285,0x03B3,0x01,0x48,0x00,180,10,180:0048:0265:03D6:0079|181:0048:0265:03D7:0089|182:0048:0275:03D8:0079|183:0048:0275:03D9:0089|184:0048:0275:03DA:0081|185:0048:0285:03DB:0079|186:0048:0285:03DC:0089
round6_phase1,0xFA,3646,0x0002,0x0003,0x0000,0x01,0x0074,0x0000,0x0000,actor_2c8,5,0x10C408,0x01,0xB3,0x00,0x00,0x02,0x00,0x02,0x023F,0x0285,0x02E8,0x01,0x4A,0x00,190,10,190:004A:0285:02F3:0231|191:004A:0275:02F2:0231|192:004A:0272:030C:0238|193:004A:0262:02E9:0238|194:004A:0272:030B:0228|195:004A:0262:030A:0228|196:004A:0272:0301:0248
round6_phase1,0xFA,3646,0x0002,0x0003,0x0000,0x01,0x0074,0x0000,0x0000,actor_2c8,7,0x10C488,0x01,0xC9,0x00,0x00,0x02,0x00,0x00,0x012F,0x0045,0x0420,0x00,0x47,0x00,210,10,210:4047:0024:0420:012E|211:4047:0024:0421:011E|212:4047:0034:0422:012E|213:4047:0034:0423:011E|214:4047:0035:0424:0126|215:4047:0045:0425:012E|216:4047:0045:0426:011E
round6_phase1,0xFA,3648,0x0002,0x0003,0x0000,0x01,0x0074,0x0000,0x0000,actor_2c8,4,0x10C3C8,0x01,0xDD,0x00,0x00,0x02,0x00,0x00,0x0087,0x0285,0x03B3,0x01,0x48,0x00,180,10,180:0048:0265:03D6:0077|181:0048:0265:03D7:0087|182:0048:0275:03D8:0077|183:0048:0275:03D9:0087|184:0048:0275:03DA:007F|185:0048:0285:03DB:0077|186:0048:0285:03DC:0087
round6_phase1,0xFA,3648,0x0002,0x0003,0x0000,0x01,0x0074,0x0000,0x0000,actor_2c8,5,0x10C408,0x01,0xB3,0x00,0x00,0x02,0x00,0x02,0x023B,0x0285,0x02E8,0x01,0x4A,0x00,190,10,190:004A:0285:02F3:022F|191:004A:0275:02F2:022F|192:004A:0272:030C:0236|193:004A:0262:02E9:0236|194:004A:0272:030B:0226|195:004A:0262:030A:0226|196:004A:0272:0301:0246
round6_phase1,0xFA,3648,0x0002,0x0003,0x0000,0x01,0x0074,0x0000,0x0000,actor_2c8,6,0x10C448,0x01,0x56,0x00,0x00,0x02,0x00,0x05,0x00B9,0x0265,0x00D0,0x00,0x44,0x00,200,10,200:4044:0265:0025:00A8|201:4044:0255:00D3:00A8|202:4044:0245:00D1:00A8|203:4044:0265:0024:00B8|204:4044:0255:00D2:00B8|205:4044:0245:00D0:00B8|206:4044:0265:0023:00C8|207:4044:0265:0026:0098|208:4044:0255:00D4:0098
round6_phase1,0xFA,3648,0x0002,0x0003,0x0000,0x01,0x0074,0x0000,0x0000,actor_2c8,7,0x10C488,0x01,0xC9,0x00,0x00,0x02,0x00,0x00,0x012D,0x0045,0x0420,0x00,0x47,0x00,210,10,210:4047:0024:0420:012C|211:4047:0024:0421:011C|212:4047:0034:0422:012C|213:4047:0034:0423:011C|214:4047:0035:0424:0124|215:4047:0045:0425:012C|216:4047:0045:0426:011C
round6_phase1,0xFA,3650,0x0002,0x0003,0x0000,0x01,0x0074,0x0000,0x0000,actor_2c8,5,0x10C408,0x01,0xB3,0x00,0x00,0x02,0x00,0x02,0x0237,0x0285,0x02E8,0x00,0x4A,0x00,190,10,190:004A:0285:02F3:022B|191:004A:0275:02F2:022B|192:004A:0272:030C:0232|193:004A:0262:02E9:0232|194:004A:0272:030B:0222|195:004A:0262:030A:0222|196:004A:0272:0301:0242
round6_phase1,0xFA,3650,0x0002,0x0003,0x0000,0x01,0x0074,0x0000,0x0000,actor_2c8,7,0x10C488,0x01,0xC9,0x00,0x00,0x02,0x00,0x00,0x012B,0x0045,0x0420,0x00,0x47,0x00,210,10,210:4047:0024:0420:012A|211:4047:0024:0421:011A|212:4047:0034:0422:012A|213:4047:0034:0423:011A|214:4047:0035:0424:0122|215:4047:0045:0425:012A|216:4047:0045:0426:011A
round6_phase1,0xFA,3652,0x0002,0x0003,0x0000,0x01,0x0074,0x0000,0x0000,actor_2c8,4,0x10C3C8,0x01,0xDE,0x00,0x00,0x02,0x00,0x00,0x0083,0x0285,0x03B3,0x01,0x48,0x00,180,10,180:0048:0266:03D6:0075|181:0048:0266:03D7:0085|182:0048:0276:03D8:0075|183:0048:0276:03D9:0085|184:0048:0276:03DD:007D|185:0048:0286:03DE:007D
round6_phase1,0xFA,3652,0x0002,0x0003,0x0000,0x01,0x0074,0x0000,0x0000,actor_2c8,5,0x10C408,0x01,0x68,0x00,0x00,0x02,0x00,0x02,0x0235,0x0285,0x02E8,0x00,0x4A,0x00,190,10,190:404A:0285:02F6:022D|191:404A:0275:02F4:022D|192:404A:0285:02F5:023D|193:404A:0272:030C:022D|194:404A:0262:02E9:022D|195:404A:0272:030B:023D|196:404A:0262:030A:023D|197:404A:0272:0301:021D
round6_phase1,0xFA,3652,0x0002,0x0003,0x0000,0x01,0x0074,0x0000,0x0000,actor_2c8,6,0x10C448,0x01,0x56,0x00,0x00,0x02,0x00,0x05,0x00B7,0x0265,0x00D0,0x00,0x44,0x00,200,10,200:4044:0265:0025:00A6|201:4044:0255:00D3:00A6|202:4044:0245:00D1:00A6|203:4044:0265:0024:00B6|204:4044:0255:00D2:00B6|205:4044:0245:00D0:00B6|206:4044:0265:0023:00C6|207:4044:0265:0026:0096|208:4044:0255:00D4:0096
round6_phase1,0xFA,3652,0x0002,0x0003,0x0000,0x01,0x0074,0x0000,0x0000,actor_2c8,7,0x10C488,0x01,0xCA,0x00,0x00,0x02,0x00,0x00,0x0129,0x0045,0x0420,0x00,0x47,0x00,210,10,210:4047:0025:0420:0128|211:4047:0025:0421:0118|212:4047:0035:0422:0128|213:4047:0035:0423:0118|214:4047:0036:0427:0120|215:4047:0046:0428:0120
round6_phase1,0xFA,3652,0x0002,0x0003,0x0000,0x01,0x0074,0x0000,0x0000,actor_2c8,8,0x10C4C8,0x01,0x1D,0x01,0x00,0x1F,0x00,0x00,0x007F,0x0285,0x004B,0x00,0x46,0x00,220,19,220:0046:0286:0066:007F|221:0046:0276:0064:007F|222:0046:0276:0052:007F|223:0046:0266:0050:007F|224:0046:0286:0065:006F|225:0046:0276:0063:006F|226:0046:0276:0051:006F|227:0046:0266:004F:006F|228:0046:0276:0054:005F|229:0046:0266:0053:005F
round6_phase1,0xFA,3654,0x0002,0x0003,0x0000,0x01,0x0074,0x0000,0x0000,actor_2c8,4,0x10C3C8,0x01,0xDE,0x00,0x00,0x02,0x00,0x00,0x0081,0x0285,0x03B3,0x01,0x48,0x00,180,10,180:0048:0266:03D6:0073|181:0048:0266:03D7:0083|182:0048:0276:03D8:0073|183:0048:0276:03D9:0083|184:0048:0276:03DD:007B|185:0048:0286:03DE:007B
round6_phase1,0xFA,3654,0x0002,0x0003,0x0000,0x01,0x0074,0x0000,0x0000,actor_2c8,5,0x10C408,0x01,0x68,0x00,0x00,0x02,0x00,0x02,0x0233,0x0285,0x02E8,0x00,0x4A,0x00,190,10,190:404A:0285:02F6:022B|191:404A:0275:02F4:022B|192:404A:0285:02F5:023B|193:404A:0272:030C:022B|194:404A:0262:02E9:022B|195:404A:0272:030B:023B|196:404A:0262:030A:023B|197:404A:0272:0301:021B
round6_phase1,0xFA,3654,0x0002,0x0003,0x0000,0x01,0x0074,0x0000,0x0000,actor_2c8,7,0x10C488,0x01,0xCA,0x00,0x00,0x02,0x00,0x00,0x0127,0x0045,0x0420,0x00,0x47,0x00,210,10,210:4047:0025:0420:0126|211:4047:0025:0421:0116|212:4047:0035:0422:0126|213:4047:0035:0423:0116|214:4047:0036:0427:011E|215:4047:0046:0428:011E
round6_phase1,0xFA,3656,0x0002,0x0003,0x0000,0x01,0x0074,0x0000,0x0000,actor_2c8,4,0x10C3C8,0x01,0xDE,0x00,0x00,0x02,0x00,0x00,0x007F,0x0285,0x03B3,0x01,0x48,0x00,180,10,180:0048:0266:03D6:0071|181:0048:0266:03D7:0081|182:0048:0276:03D8:0071|183:0048:0276:03D9:0081|184:0048:0276:03DD:0079|185:0048:0286:03DE:0079
round6_phase1,0xFA,3656,0x0002,0x0003,0x0000,0x01,0x0074,0x0000,0x0000,actor_2c8,5,0x10C408,0x01,0x68,0x00,0x00,0x02,0x00,0x02,0x0231,0x0285,0x02E8,0x00,0x4A,0x00,190,10,190:404A:0285:02F6:0229|191:404A:0275:02F4:0229|192:404A:0285:02F5:0239|193:404A:0272:030C:0229|194:404A:0262:02E9:0229|195:404A:0272:030B:0239|196:404A:0262:030A:0239|197:404A:0272:0301:0219
round6_phase1,0xFA,3656,0x0002,0x0003,0x0000,0x01,0x0074,0x0000,0x0000,actor_2c8,6,0x10C448,0x01,0x28,0x00,0x00,0x08,0x00,0x00,0x00B4,0x0265,0x00D0,0x00,0x44,0x00,200,10,200:4044:0265:0011:00A6|201:4044:0255:00D3:00A6|202:4044:0245:00D1:00A6|203:4044:0265:0010:00B6|204:4044:0255:00D2:00B6|205:4044:0245:00D0:00B6|206:4044:0265:000F:00C6|207:4044:0265:0012:0096|208:4044:0255:00D4:0096
round6_phase1,0xFA,3658,0x0002,0x0003,0x0000,0x01,0x0074,0x0000,0x0000,actor_2c8,4,0x10C3C8,0x01,0xDE,0x00,0x00,0x02,0x00,0x00,0x007F,0x0285,0x03B3,0x01,0x48,0x00,180,10,180:0048:0266:03D6:006F|181:0048:0266:03D7:007F|182:0048:0276:03D8:006F|183:0048:0276:03D9:007F|184:0048:0276:03DD:0077|185:0048:0286:03DE:0077
round6_phase1,0xFA,3658,0x0002,0x0003,0x0000,0x01,0x0074,0x0000,0x0000,actor_2c8,5,0x10C408,0x01,0x68,0x00,0x00,0x02,0x00,0x02,0x022F,0x0285,0x02E8,0x00,0x4A,0x00,190,10,190:404A:0285:02F6:0227|191:404A:0275:02F4:0227|192:404A:0285:02F5:0237|193:404A:0272:030C:0227|194:404A:0262:02E9:0227|195:404A:0272:030B:0237|196:404A:0262:030A:0237|197:404A:0272:0301:0217
round6_phase1,0xFA,3658,0x0002,0x0003,0x0000,0x01,0x0074,0x0000,0x0000,actor_2c8,6,0x10C448,0x01,0x27,0x00,0x00,0x08,0x00,0x00,0x00B0,0x0266,0x00D0,0x00,0x44,0x00,200,10,200:4044:0265:00ED:00A3|201:4044:0255:00D3:00A3|202:4044:0245:00D1:00A3|203:4044:0265:00EC:00B3|204:4044:0255:00D2:00B3|205:4044:0245:00D0:00B3|206:4044:0265:00EB:00C3|207:4044:0265:00EE:0093|208:4044:0255:00D4:0093
round6_phase1,0xFA,3658,0x0002,0x0003,0x0000,0x01,0x0074,0x0000,0x0000,actor_2c8,7,0x10C488,0x01,0xCA,0x00,0x00,0x02,0x00,0x00,0x0123,0x0045,0x0420,0x00,0x47,0x00,210,10,210:4047:0025:0420:0124|211:4047:0025:0421:0114|212:4047:0035:0422:0124|213:4047:0035:0423:0114|214:4047:0036:0427:011C|215:4047:0046:0428:011C
round6_phase1,0xFA,3658,0x0002,0x0003,0x0000,0x01,0x0074,0x0000,0x0000,actor_2c8,8,0x10C4C8,0x01,0x1F,0x01,0x00,0x1F,0x00,0x00,0x007F,0x0285,0x004B,0x00,0x46,0x00,220,19,220:0046:0286:0066:007F|221:0046:0276:0064:007F|222:0046:0276:005C:007F|223:0046:0266:005A:007F|224:0046:0286:0065:006F|225:0046:0276:0063:006F|226:0046:0276:005B:006F|227:0046:0266:0059:006F
round6_phase1,0xFA,3660,0x0002,0x0003,0x0000,0x01,0x0074,0x0000,0x0000,actor_2c8,4,0x10C3C8,0x01,0xE1,0x01,0x00,0x1F,0x00,0x00,0x007F,0x0285,0x03B3,0x00,0x48,0x00,180,10,180:0048:026E:03D6:006F|181:0048:026E:03D7:007F|182:0048:027E:03D8:006F|183:0048:027E:03D9:007F|184:0048:0275:03E4:0077|185:0048:0285:03E5:006F|186:0048:0285:03E6:007F
round6_phase1,0xFA,3660,0x0002,0x0003,0x0000,0x01,0x0074,0x0000,0x0000,actor_2c8,5,0x10C408,0x01,0xB4,0x00,0x00,0x02,0x00,0x02,0x022F,0x0285,0x02E8,0x00,0x4A,0x00,190,10,190:404A:0285:02F8:0229|191:404A:0275:02F7:0229|192:404A:0272:030C:0225|193:404A:0262:02E9:0225|194:404A:0272:030B:0235|195:404A:0262:030A:0235|196:404A:0272:0301:0215
round6_phase1,0xFA,3660,0x0002,0x0003,0x0000,0x01,0x0074,0x0000,0x0000,actor_2c8,6,0x10C448,0x01,0x27,0x00,0x00,0x08,0x00,0x00,0x00AD,0x0267,0x00D0,0x00,0x44,0x00,200,10,200:4044:0266:019B:009F|201:4044:0256:0197:009F|202:4044:0246:0194:009F|203:4044:0266:019A:00AF|204:4044:0256:0196:00AF|205:4044:0246:0193:00AF|206:4044:0266:0199:00BF|207:4044:0256:0195:00BF|208:4044:0266:019C:008F|209:4044:0256:0198:008F
round6_phase1,0xFA,3660,0x0002,0x0003,0x0000,0x01,0x0074,0x0000,0x0000,actor_2c8,7,0x10C488,0x01,0xCB,0x00,0x00,0x02,0x00,0x00,0x0121,0x0045,0x0420,0x00,0x47,0x00,210,10,210:4047:0024:0420:0122|211:4047:0024:0421:0112|212:4047:0034:0422:0122|213:4047:0034:0423:0112|214:4047:0035:0429:011A|215:4047:0045:042A:011A
round6_phase1,0xFA,3662,0x0002,0x0003,0x0000,0x01,0x0074,0x0000,0x0000,actor_2c8,5,0x10C408,0x01,0xB4,0x00,0x00,0x02,0x00,0x02,0x022D,0x0285,0x02E8,0x00,0x4A,0x00,190,10,190:404A:0285:02F8:0227|191:404A:0275:02F7:0227|192:404A:0272:030C:0223|193:404A:0262:02E9:0223|194:404A:0272:030B:0233|195:404A:0262:030A:0233|196:404A:0272:0301:0213
round6_phase1,0xFA,3662,0x0002,0x0003,0x0000,0x01,0x0074,0x0000,0x0000,actor_2c8,6,0x10C448,0x01,0x27,0x00,0x00,0x08,0x00,0x00,0x00AA,0x0268,0x00D0,0x00,0x44,0x00,200,10,200:4044:0267:019B:009C|201:4044:0257:0197:009C|202:4044:0247:0194:009C|203:4044:0267:019A:00AC|204:4044:0257:0196:00AC|205:4044:0247:0193:00AC|206:4044:0267:0199:00BC|207:4044:0257:0195:00BC|208:4044:0267:019C:008C|209:4044:0257:0198:008C
round6_phase1,0xFA,3662,0x0002,0x0003,0x0000,0x01,0x0074,0x0000,0x0000,actor_2c8,7,0x10C488,0x01,0xCB,0x00,0x00,0x02,0x00,0x00,0x011F,0x0045,0x0420,0x00,0x47,0x00,210,10,210:4047:0024:0420:0120|211:4047:0024:0421:0110|212:4047:0034:0422:0120|213:4047:0034:0423:0110|214:4047:0035:0429:0118|215:4047:0045:042A:0118
round6_phase1,0xFA,3664,0x0002,0x0003,0x0000,0x01,0x0074,0x0000,0x0000,actor_2c8,5,0x10C408,0x01,0xB4,0x00,0x00,0x02,0x00,0x02,0x022B,0x0285,0x02E8,0x00,0x4A,0x00,190,10,190:404A:0285:02F8:0225|191:404A:0275:02F7:0225|192:404A:0272:030C:0221|193:404A:0262:02E9:0221|194:404A:0272:030B:0231|195:404A:0262:030A:0231|196:404A:0272:0301:0211
round6_phase1,0xFA,3664,0x0002,0x0003,0x0000,0x01,0x0074,0x0000,0x0000,actor_2c8,6,0x10C448,0x01,0x27,0x00,0x00,0x08,0x00,0x00,0x00A7,0x026A,0x00D0,0x00,0x44,0x00,200,10,200:4044:0268:019B:0099|201:4044:0258:0197:0099|202:4044:0248:0194:0099|203:4044:0268:019A:00A9|204:4044:0258:0196:00A9|205:4044:0248:0193:00A9|206:4044:0268:0199:00B9|207:4044:0258:0195:00B9|208:4044:0268:019C:0089|209:4044:0258:0198:0089
round6_phase1,0xFA,3664,0x0002,0x0003,0x0000,0x01,0x0074,0x0000,0x0000,actor_2c8,7,0x10C488,0x01,0xCB,0x00,0x00,0x02,0x00,0x00,0x011F,0x0045,0x0420,0x00,0x47,0x00,210,10,210:4047:0024:0420:011E|211:4047:0024:0421:010E|212:4047:0034:0422:011E|213:4047:0034:0423:010E|214:4047:0035:0429:0116|215:4047:0045:042A:0116
round6_phase1,0xFA,3664,0x0002,0x0003,0x0000,0x01,0x0074,0x0000,0x0000,actor_2c8,8,0x10C4C8,0x01,0x17,0x01,0x00,0x1F,0x00,0x00,0x007F,0x0285,0x004B,0x00,0x46,0x00,220,19,220:0046:0286:0066:007F|221:0046:0276:0064:007F|222:0046:0276:0060:007F|223:0046:0266:005E:007F|224:0046:0286:0065:006F|225:0046:0276:0063:006F|226:0046:0276:005F:006F|227:0046:0266:005D:006F|228:0046:026E:0061:008F|229:0046:026E:0062:009F
round6_phase1,0xFA,3666,0x0002,0x0003,0x0000,0x01,0x0074,0x0000,0x0000,actor_2c8,5,0x10C408,0x01,0xB4,0x00,0x00,0x02,0x00,0x02,0x0229,0x0285,0x02E8,0x00,0x4A,0x00,190,10,190:404A:0285:02F8:0223|191:404A:0275:02F7:0223|192:404A:0272:030C:021F|193:404A:0262:02E9:021F|194:404A:0272:030B:022F|195:404A:0262:030A:022F|196:404A:0272:0301:020F
round6_phase1,0xFA,3666,0x0002,0x0003,0x0000,0x01,0x0074,0x0000,0x0000,actor_2c8,6,0x10C448,0x01,0x27,0x00,0x00,0x08,0x00,0x00,0x00A4,0x026C,0x00D0,0x00,0x44,0x00,200,10,200:4044:026A:019B:0096|201:4044:025A:0197:0096|202:4044:024A:0194:0096|203:4044:026A:019A:00A6|204:4044:025A:0196:00A6|205:4044:024A:0193:00A6|206:4044:026A:0199:00B6|207:4044:025A:0195:00B6|208:4044:026A:019C:0086|209:4044:025A:0198:0086
round6_phase1,0xFA,3666,0x0002,0x0003,0x0000,0x01,0x0074,0x0000,0x0000,actor_2c8,7,0x10C488,0x01,0xCB,0x00,0x00,0x02,0x00,0x00,0x011D,0x0045,0x0420,0x00,0x47,0x00,210,10,210:4047:0024:0420:011C|211:4047:0024:0421:010C|212:4047:0034:0422:011C|213:4047:0034:0423:010C|214:4047:0035:0429:0114|215:4047:0045:042A:0114
round6_phase1,0xFA,3668,0x0002,0x0003,0x0000,0x01,0x0074,0x0000,0x0000,actor_2c8,4,0x10C3C8,0x01,0xE1,0x01,0x00,0x1F,0x00,0x00,0x007F,0x0281,0x03B3,0x00,0x48,0x00,180,10,180:0048:026D:03D6:006F|181:0048:026D:03D7:007F|182:0048:027D:03D8:006F|183:0048:027D:03D9:007F|184:0048:0274:03E4:0077|185:0048:0284:03E5:006F|186:0048:0284:03E6:007F
round6_phase1,0xFA,3668,0x0002,0x0003,0x0000,0x01,0x0074,0x0000,0x0000,actor_2c8,5,0x10C408,0x01,0x68,0x00,0x00,0x02,0x00,0x02,0x0227,0x0281,0x02E8,0x00,0x4A,0x00,190,10,190:404A:0284:02F6:021D|191:404A:0274:02F4:021D|192:404A:0284:02F5:022D|193:404A:0271:030C:021D|194:404A:0261:02E9:021D|195:404A:0271:030B:022D|196:404A:0261:030A:022D|197:404A:0271:0301:020D
round6_phase1,0xFA,3668,0x0002,0x0003,0x0000,0x01,0x0074,0x0000,0x0000,actor_2c8,6,0x10C448,0x01,0x27,0x00,0x00,0x0F,0x00,0x00,0x00A1,0x026B,0x00D0,0x00,0x44,0x00,200,10,200:4044:026B:019B:0093|201:4044:025B:0197:0093|202:4044:024B:0194:0093|203:4044:026B:019A:00A3|204:4044:025B:0196:00A3|205:4044:024B:0193:00A3|206:4044:026B:0199:00B3|207:4044:025B:0195:00B3|208:4044:026B:019C:0083|209:4044:025B:0198:0083
round6_phase1,0xFA,3668,0x0002,0x0003,0x0000,0x01,0x0074,0x0000,0x0000,actor_2c8,7,0x10C488,0x01,0xCC,0x00,0x00,0x02,0x00,0x00,0x011B,0x0041,0x0420,0x00,0x47,0x00,210,10,210:4047:0024:0420:011A|211:4047:0024:0421:010A|212:4047:0034:0422:011A|213:4047:0034:0423:010A|214:4047:0035:0427:0112|215:4047:0045:0428:0112
round6_phase1,0xFA,3668,0x0002,0x0003,0x0000,0x01,0x0074,0x0000,0x0000,actor_2c8,8,0x10C4C8,0x01,0x18,0x01,0x00,0x01,0x00,0x00,0x0081,0x0281,0x004B,0x00,0x46,0x00,220,19,220:0046:0285:0066:007F|221:0046:0275:0064:007F|222:0046:0275:004E:007F|223:0046:0265:004C:007F|224:0046:0285:0065:006F|225:0046:0275:0063:006F|226:0046:0275:004D:006F|227:0046:0265:004B:006F
round6_phase1,0xFA,3670,0x0002,0x0003,0x0000,0x01,0x0074,0x0000,0x0000,actor_2c8,4,0x10C3C8,0x01,0xE1,0x01,0x00,0x1F,0x00,0x00,0x007F,0x0279,0x03B3,0x00,0x48,0x00,180,10,180:0048:0266:03D6:006F|181:0048:0266:03D7:007F|182:0048:0276:03D8:006F|183:0048:0276:03D9:007F|184:0048:026D:03E4:0077|185:0048:027D:03E5:006F|186:0048:027D:03E6:007F
round6_phase1,0xFA,3670,0x0002,0x0003,0x0000,0x01,0x0074,0x0000,0x0000,actor_2c8,5,0x10C408,0x01,0x68,0x00,0x00,0x02,0x00,0x02,0x0225,0x0279,0x02E8,0x00,0x4A,0x00,190,10,190:404A:027D:02F6:021D|191:404A:026D:02F4:021D|192:404A:027D:02F5:022D|193:404A:026A:030C:021D|194:404A:025A:02E9:021D|195:404A:026A:030B:022D|196:404A:025A:030A:022D|197:404A:026A:0301:020D
round6_phase1,0xFA,3670,0x0002,0x0003,0x0000,0x01,0x0074,0x0000,0x0000,actor_2c8,6,0x10C448,0x01,0x0D,0x00,0x00,0x0F,0x00,0x00,0x00A1,0x0263,0x0A73,0x00,0x04,0x02,200,10,200:4000:026F:0A83:0088|201:4000:025F:0A80:0088|202:4000:024F:0A7D:0088|203:4000:026F:0A82:0098|204:4000:025F:0A7F:0098|205:4000:024F:0A7C:0098|206:4000:026F:0A81:00A8|207:4000:025F:0A7E:00A8|208:4000:024F:0A7B:00A8
round6_phase1,0xFA,3670,0x0002,0x0003,0x0000,0x01,0x0074,0x0000,0x0000,actor_2c8,7,0x10C488,0x01,0xCC,0x00,0x00,0x02,0x00,0x00,0x0119,0x0039,0x0420,0x00,0x47,0x00,210,10,210:4047:001D:0420:0118|211:4047:001D:0421:0108|212:4047:002D:0422:0118|213:4047:002D:0423:0108|214:4047:002E:0427:0110|215:4047:003E:0428:0110
round6_phase1,0xFA,3670,0x0002,0x0003,0x0000,0x01,0x0074,0x0000,0x0000,actor_2c8,8,0x10C4C8,0x01,0x18,0x01,0x00,0x01,0x00,0x00,0x0085,0x0279,0x004B,0x00,0x46,0x00,220,19,220:0046:027D:0069:0083|221:0046:026D:0067:0083|222:0046:026D:004E:0083|223:0046:025D:004C:0083|224:0046:027D:0068:0073|225:0046:026D:0063:0073|226:0046:026D:004D:0073|227:0046:025D:004B:0073
round6_phase1,0xFA,3672,0x0002,0x0003,0x0000,0x01,0x0074,0x0000,0x0000,actor_2c8,4,0x10C3C8,0x01,0xE1,0x01,0x00,0x1F,0x00,0x00,0x007F,0x0279,0x03B3,0x00,0x48,0x00,180,10,180:0048:0262:03D6:006F|181:0048:0262:03D7:007F|182:0048:0272:03D8:006F|183:0048:0272:03D9:007F|184:0048:0269:03E4:0077|185:0048:0279:03E5:006F|186:0048:0279:03E6:007F
round6_phase1,0xFA,3672,0x0002,0x0003,0x0000,0x01,0x0074,0x0000,0x0000,actor_2c8,5,0x10C408,0x01,0x68,0x00,0x00,0x02,0x00,0x02,0x0223,0x0279,0x02E8,0x00,0x4A,0x00,190,10,190:404A:0279:02F6:021B|191:404A:0269:02F4:021B|192:404A:0279:02F5:022B|193:404A:0266:030C:021B|194:404A:0256:02E9:021B|195:404A:0266:030B:022B|196:404A:0256:030A:022B|197:404A:0266:0301:020B
round6_phase1,0xFA,3672,0x0002,0x0003,0x0000,0x01,0x0074,0x0000,0x0000,actor_2c8,6,0x10C448,0x01,0x0C,0x00,0x00,0x0F,0x00,0x00,0x00A1,0x0263,0x0A73,0x00,0x04,0x02,200,10,200:4000:026B:0A83:0088|201:4000:025B:0A80:0088|202:4000:024B:0A7D:0088|203:4000:026B:0A82:0098|204:4000:025B:0A7F:0098|205:4000:024B:0A7C:0098|206:4000:026B:0A81:00A8|207:4000:025B:0A7E:00A8|208:4000:024B:0A7B:00A8
round6_phase1,0xFA,3672,0x0002,0x0003,0x0000,0x01,0x0074,0x0000,0x0000,actor_2c8,7,0x10C488,0x01,0xCC,0x00,0x00,0x02,0x00,0x00,0x0117,0x0039,0x0420,0x00,0x47,0x00,210,10,210:4047:0019:0420:0116|211:4047:0019:0421:0106|212:4047:0029:0422:0116|213:4047:0029:0423:0106|214:4047:002A:0427:010E|215:4047:003A:0428:010E
round6_phase1,0xFA,3672,0x0002,0x0003,0x0000,0x01,0x0074,0x0000,0x0000,actor_2c8,8,0x10C4C8,0x01,0x18,0x01,0x00,0x01,0x00,0x00,0x0087,0x0279,0x004B,0x00,0x46,0x00,220,19,220:0046:0279:0069:0087|221:0046:0269:0067:0087|222:0046:0269:004E:0087|223:0046:0259:004C:0087|224:0046:0279:0068:0077|225:0046:0269:0063:0077|226:0046:0269:004D:0077|227:0046:0259:004B:0077
round6_phase1,0xFA,3674,0x0002,0x0003,0x0000,0x01,0x0074,0x0000,0x0000,actor_2c8,5,0x10C408,0x01,0x68,0x00,0x00,0x02,0x00,0x02,0x0221,0x0279,0x02E8,0x00,0x4A,0x00,190,10,190:404A:0279:02F6:0219|191:404A:0269:02F4:0219|192:404A:0279:02F5:0229|193:404A:0266:030C:0219|194:404A:0256:02E9:0219|195:404A:0266:030B:0229|196:404A:0256:030A:0229|197:404A:0266:0301:0209
round6_phase1,0xFA,3674,0x0002,0x0003,0x0000,0x01,0x0074,0x0000,0x0000,actor_2c8,6,0x10C448,0x01,0x0C,0x00,0x00,0x0F,0x00,0x00,0x00A1,0x0263,0x0A73,0x00,0x04,0x02,200,10,200:4000:0263:0A7A:0090|201:4000:0253:0A78:0090|202:4000:0263:0A79:00A0|203:4000:0253:0A77:00A0
round6_phase1,0xFA,3674,0x0002,0x0003,0x0000,0x01,0x0074,0x0000,0x0000,actor_2c8,8,0x10C4C8,0x01,0x18,0x01,0x00,0x01,0x00,0x00,0x008B,0x0279,0x004B,0x00,0x46,0x00,220,19,220:0046:0279:0069:0089|221:0046:0269:0067:0089|222:0046:0269:004E:0089|223:0046:0259:004C:0089|224:0046:0279:0068:0079|225:0046:0269:0063:0079|226:0046:0269:004D:0079|227:0046:0259:004B:0079
round6_phase1,0xFA,3676,0x0002,0x0003,0x0000,0x01,0x0074,0x0000,0x0000,actor_2c8,5,0x10C408,0x01,0xB3,0x00,0x00,0x02,0x00,0x02,0x021F,0x0279,0x02E8,0x00,0x4A,0x00,190,10,190:404A:0279:02F3:021E|191:404A:0269:02F2:021E|192:404A:0266:030C:0217|193:404A:0256:02E9:0217|194:404A:0266:030B:0227|195:404A:0256:030A:0227|196:404A:0266:0301:0207
round6_phase1,0xFA,3676,0x0002,0x0003,0x0000,0x01,0x0074,0x0000,0x0000,actor_2c8,6,0x10C448,0x01,0x0B,0x00,0x00,0x0F,0x00,0x00,0x00A1,0x0263,0x0A73,0x00,0x04,0x02,200,10,200:4000:0263:0A76:0090|201:4000:0253:0A74:0090|202:4000:0263:0A75:00A0|203:4000:0253:0A73:00A0
round6_phase1,0xFA,3676,0x0002,0x0003,0x0000,0x01,0x0074,0x0000,0x0000,actor_2c8,7,0x10C488,0x01,0xC9,0x00,0x00,0x02,0x00,0x00,0x0113,0x0039,0x0420,0x00,0x47,0x00,210,10,210:4047:0018:0420:0114|211:4047:0018:0421:0104|212:4047:0028:0422:0114|213:4047:0028:0423:0104|214:4047:0029:0424:010C|215:4047:0039:0425:0114|216:4047:0039:0426:0104
round6_phase1,0xFA,3676,0x0002,0x0003,0x0000,0x01,0x0074,0x0000,0x0000,actor_2c8,8,0x10C4C8,0x01,0x17,0x01,0x00,0x01,0x00,0x00,0x008F,0x0279,0x004B,0x00,0x46,0x00,220,19,220:0046:027A:0066:008D|221:0046:026A:0064:008D|222:0046:026A:004E:008D|223:0046:025A:004C:008D|224:0046:027A:0065:007D|225:0046:026A:0063:007D|226:0046:026A:004D:007D|227:0046:025A:004B:007D
round6_phase1,0xFA,3678,0x0002,0x0003,0x0000,0x01,0x0074,0x0000,0x0000,actor_2c8,5,0x10C408,0x01,0xB3,0x00,0x00,0x02,0x00,0x02,0x021F,0x0279,0x02E8,0x00,0x4A,0x00,190,10,190:404A:0279:02F3:021C|191:404A:0269:02F2:021C|192:404A:0266:030C:0215|193:404A:0256:02E9:0215|194:404A:0266:030B:0225|195:404A:0256:030A:0225|196:404A:0266:0301:0205
round6_phase1,0xFA,3678,0x0002,0x0003,0x0000,0x01,0x0074,0x0000,0x0000,actor_2c8,6,0x10C448,0x01,0x0C,0x00,0x00,0x0F,0x00,0x00,0x00A1,0x0263,0x0A73,0x00,0x04,0x02,200,10,200:4000:0263:0A76:0090|201:4000:0253:0A74:0090|202:4000:0263:0A75:00A0|203:4000:0253:0A73:00A0
round6_phase1,0xFA,3678,0x0002,0x0003,0x0000,0x01,0x0074,0x0000,0x0000,actor_2c8,7,0x10C488,0x01,0xC9,0x00,0x00,0x02,0x00,0x00,0x0111,0x0039,0x0420,0x00,0x47,0x00,210,10,210:4047:0018:0420:0112|211:4047:0018:0421:0102|212:4047:0028:0422:0112|213:4047:0028:0423:0102|214:4047:0029:0424:010A|215:4047:0039:0425:0112|216:4047:0039:0426:0102
round6_phase1,0xFA,3678,0x0002,0x0003,0x0000,0x01,0x0074,0x0000,0x0000,actor_2c8,8,0x10C4C8,0x01,0x1A,0x01,0x00,0x05,0x00,0x00,0x008F,0x0276,0x004B,0x00,0x46,0x00,220,19,220:0046:027A:0066:008F|221:0046:026A:0064:008F|222:0046:026A:004E:008F|223:0046:025A:004C:008F|224:0046:027A:0065:007F|225:0046:026A:0063:007F|226:0046:026A:004D:007F|227:0046:025A:004B:007F
round6_phase1,0xFA,3680,0x0002,0x0003,0x0000,0x01,0x0074,0x0000,0x0000,actor_2c8,5,0x10C408,0x01,0xB3,0x01,0x00,0x01,0x00,0x02,0x0221,0x0279,0x02E8,0x00,0x4A,0x00,190,10,190:004A:0279:02F3:0213|191:004A:0269:02F2:0213|192:004A:0266:030C:021A|193:004A:0256:02E9:021A|194:004A:0266:030B:020A|195:004A:0256:030A:020A|196:004A:0266:0301:022A
round6_phase1,0xFA,3680,0x0002,0x0003,0x0000,0x01,0x0074,0x0000,0x0000,actor_2c8,7,0x10C488,0x01,0xC9,0x00,0x00,0x02,0x00,0x00,0x010F,0x0039,0x0420,0x00,0x47,0x00,210,10,210:4047:0018:0420:0110|211:4047:0018:0421:0100|212:4047:0028:0422:0110|213:4047:0028:0423:0100|214:4047:0029:0424:0108|215:4047:0039:0425:0110|216:4047:0039:0426:0100
round6_phase1,0xFA,3680,0x0002,0x0003,0x0000,0x01,0x0074,0x0000,0x0000,actor_2c8,8,0x10C4C8,0x01,0x1A,0x01,0x00,0x05,0x00,0x00,0x0090,0x0272,0x004B,0x00,0x46,0x00,220,19,220:0046:0276:0071:008F|221:0046:0266:006F:008F|222:0046:0268:004E:008F|223:0046:0258:004C:008F|224:0046:0276:0070:007F|225:0046:0266:006E:007F|226:0046:0268:004D:007F|227:0046:0258:004B:007F
round6_phase1,0xFA,3682,0x0002,0x0003,0x0000,0x01,0x0074,0x0000,0x0000,actor_2c8,5,0x10C408,0x01,0xB3,0x01,0x00,0x01,0x00,0x02,0x0223,0x0279,0x02E8,0x00,0x4A,0x00,190,10,190:004A:0279:02F3:0215|191:004A:0269:02F2:0215|192:004A:0266:030C:021C|193:004A:0256:02E9:021C|194:004A:0266:030B:020C|195:004A:0256:030A:020C|196:004A:0266:0301:022C
round6_phase1,0xFA,3682,0x0002,0x0003,0x0000,0x01,0x0074,0x0000,0x0000,actor_2c8,6,0x10C448,0x01,0x0D,0x00,0x00,0x0F,0x00,0x00,0x00A1,0x0263,0x0A73,0x00,0x04,0x02,200,10,200:4000:026B:0A83:0088|201:4000:025B:0A80:0088|202:4000:024B:0A7D:0088|203:4000:026B:0A82:0098|204:4000:025B:0A7F:0098|205:4000:024B:0A7C:0098|206:4000:026B:0A81:00A8|207:4000:025B:0A7E:00A8|208:4000:024B:0A7B:00A8
round6_phase1,0xFA,3682,0x0002,0x0003,0x0000,0x01,0x0074,0x0000,0x0000,actor_2c8,7,0x10C488,0x01,0xC9,0x00,0x00,0x02,0x00,0x00,0x010F,0x0039,0x0420,0x00,0x47,0x00,210,10,210:4047:0018:0420:010E|211:4047:0018:0421:00FE|212:4047:0028:0422:010E|213:4047:0028:0423:00FE|214:4047:0029:0424:0106|215:4047:0039:0425:010E|216:4047:0039:0426:00FE
round6_phase1,0xFA,3682,0x0002,0x0003,0x0000,0x01,0x0074,0x0000,0x0000,actor_2c8,8,0x10C4C8,0x01,0x1A,0x01,0x00,0x05,0x00,0x00,0x0091,0x026F,0x004B,0x00,0x46,0x00,220,19,220:0046:0272:0071:0090|221:0046:0262:006F:0090|222:0046:0264:004E:0090|223:0046:0254:004C:0090|224:0046:0272:0070:0080|225:0046:0262:006E:0080|226:0046:0264:004D:0080|227:0046:0254:004B:0080
round6_phase1,0xFA,3684,0x0002,0x0003,0x0000,0x01,0x0074,0x0000,0x0000,actor_2c8,5,0x10C408,0x01,0x68,0x01,0x00,0x01,0x00,0x02,0x0225,0x0279,0x02E8,0x00,0x4A,0x00,190,10,190:004A:0279:02F6:021E|191:004A:0269:02F4:021E|192:004A:0279:02F5:020E|193:004A:0266:030C:021E|194:004A:0256:02E9:021E|195:004A:0266:030B:020E|196:004A:0256:030A:020E|197:004A:0266:0301:022E
round6_phase1,0xFA,3684,0x0002,0x0003,0x0000,0x01,0x0074,0x0000,0x0000,actor_2c8,6,0x10C448,0x01,0x0E,0x00,0x00,0x0F,0x00,0x00,0x00A1,0x0263,0x0A73,0x00,0x04,0x02,200,10,200:4000:026B:0A83:0088|201:4000:025B:0A80:0088|202:4000:024B:0A7D:0088|203:4000:026B:0A82:0098|204:4000:025B:0A7F:0098|205:4000:024B:0A7C:0098|206:4000:026B:0A81:00A8|207:4000:025B:0A7E:00A8|208:4000:024B:0A7B:00A8
round6_phase1,0xFA,3684,0x0002,0x0003,0x0000,0x01,0x0074,0x0000,0x0000,actor_2c8,7,0x10C488,0x01,0xCA,0x00,0x00,0x02,0x00,0x00,0x010D,0x0039,0x0420,0x00,0x47,0x00,210,10,210:4047:0019:0420:010C|211:4047:0019:0421:00FC|212:4047:0029:0422:010C|213:4047:0029:0423:00FC|214:4047:002A:0427:0104|215:4047:003A:0428:0104
round6_phase1,0xFA,3684,0x0002,0x0003,0x0000,0x01,0x0074,0x0000,0x0000,actor_2c8,8,0x10C4C8,0x01,0x1A,0x01,0x00,0x05,0x00,0x00,0x0092,0x026C,0x004B,0x00,0x46,0x00,220,19,220:0046:026F:0071:0091|221:0046:025F:006F:0091|222:0046:0261:004E:0091|223:0046:0251:004C:0091|224:0046:026F:0070:0081|225:0046:025F:006E:0081|226:0046:0261:004D:0081|227:0046:0251:004B:0081
round6_phase1,0xFA,3686,0x0002,0x0003,0x0000,0x01,0x0074,0x0000,0x0000,actor_2c8,5,0x10C408,0x01,0x68,0x01,0x00,0x01,0x00,0x02,0x0227,0x0279,0x02E8,0x00,0x4A,0x00,190,10,190:004A:0279:02F6:0220|191:004A:0269:02F4:0220|192:004A:0279:02F5:0210|193:004A:0266:030C:0220|194:004A:0256:02E9:0220|195:004A:0266:030B:0210|196:004A:0256:030A:0210|197:004A:0266:0301:0230
round6_phase1,0xFA,3686,0x0002,0x0003,0x0000,0x01,0x0074,0x0000,0x0000,actor_2c8,6,0x10C448,0x01,0x0E,0x00,0x00,0x0F,0x00,0x00,0x00A1,0x0263,0x0A73,0x00,0x04,0x02,200,10,200:4000:026B:0A8C:0088|201:4000:025B:0A89:0088|202:4000:024B:0A86:0088|203:4000:026B:0A8B:0098|204:4000:025B:0A88:0098|205:4000:024B:0A85:0098|206:4000:026B:0A8A:00A8|207:4000:025B:0A87:00A8|208:4000:024B:0A84:00A8
round6_phase1,0xFA,3686,0x0002,0x0003,0x0000,0x01,0x0074,0x0000,0x0000,actor_2c8,7,0x10C488,0x01,0xCA,0x00,0x00,0x02,0x00,0x00,0x010B,0x0039,0x0420,0x00,0x47,0x00,210,10,210:4047:0019:0420:010A|211:4047:0019:0421:00FA|212:4047:0029:0422:010A|213:4047:0029:0423:00FA|214:4047:002A:0427:0102|215:4047:003A:0428:0102
round6_phase1,0xFA,3686,0x0002,0x0003,0x0000,0x01,0x0074,0x0000,0x0000,actor_2c8,8,0x10C4C8,0x01,0x1A,0x01,0x00,0x05,0x00,0x00,0x0094,0x0269,0x004B,0x00,0x46,0x00,220,19,220:0046:026C:0071:0092|221:0046:025C:006F:0092|222:0046:025E:004E:0092|223:0046:024E:004C:0092|224:0046:026C:0070:0082|225:0046:025C:006E:0082|226:0046:025E:004D:0082|227:0046:024E:004B:0082
round6_phase1,0xFA,3688,0x0002,0x0003,0x0000,0x01,0x0074,0x0000,0x0000,actor_2c8,6,0x10C448,0x01,0x0F,0x00,0x00,0x0F,0x00,0x00,0x00A1,0x0263,0x0A73,0x00,0x04,0x02,200,10,200:4000:026B:0A94:0088|201:4000:025B:0A91:0088|202:4000:024B:0A8F:0088|203:4000:026B:0A93:0098|204:4000:024B:0A8E:0098|205:4000:026B:0A92:00A8|206:4000:025B:0A90:00A8|207:4000:024B:0A8D:00A8
round6_phase1,0xFA,3688,0x0002,0x0003,0x0000,0x01,0x0074,0x0000,0x0000,actor_2c8,7,0x10C488,0x01,0xCA,0x00,0x00,0x02,0x00,0x00,0x0109,0x0039,0x0420,0x00,0x47,0x00,210,10,210:4047:0019:0420:0108|211:4047:0019:0421:00F8|212:4047:0029:0422:0108|213:4047:0029:0423:00F8|214:4047:002A:0427:0100|215:4047:003A:0428:0100
round6_phase1,0xFA,3688,0x0002,0x0003,0x0000,0x01,0x0074,0x0000,0x0000,actor_2c8,8,0x10C4C8,0x01,0x1A,0x01,0x00,0x05,0x00,0x00,0x0096,0x0266,0x004B,0x00,0x46,0x00,220,19,220:0046:0269:0071:0094|221:0046:0259:006F:0094|222:0046:025B:004E:0094|223:0046:024B:004C:0094|224:0046:0269:0070:0084|225:0046:0259:006E:0084|226:0046:025B:004D:0084|227:0046:024B:004B:0084
round6_phase1,0xFA,3690,0x0002,0x0003,0x0000,0x01,0x0074,0x0000,0x0000,actor_2c8,5,0x10C408,0x01,0x68,0x01,0x00,0x01,0x00,0x02,0x022B,0x0279,0x02E8,0x00,0x4A,0x00,190,10,190:004A:0279:02F6:0222|191:004A:0269:02F4:0222|192:004A:0279:02F5:0212|193:004A:0266:030C:0222|194:004A:0256:02E9:0222|195:004A:0266:030B:0212|196:004A:0256:030A:0212|197:004A:0266:0301:0232
round6_phase1,0xFA,3690,0x0002,0x0003,0x0000,0x01,0x0074,0x0000,0x0000,actor_2c8,6,0x10C448,0x01,0x10,0x00,0x00,0x0F,0x00,0x00,0x00A1,0x0263,0x0A73,0x00,0x04,0x02,200,10,200:4000:026B:0A94:0088|201:4000:025B:0A91:0088|202:4000:024B:0A8F:0088|203:4000:026B:0A93:0098|204:4000:024B:0A8E:0098|205:4000:026B:0A92:00A8|206:4000:025B:0A90:00A8|207:4000:024B:0A8D:00A8
round6_phase1,0xFA,3690,0x0002,0x0003,0x0000,0x01,0x0074,0x0000,0x0000,actor_2c8,7,0x10C488,0x01,0xCA,0x00,0x00,0x02,0x00,0x00,0x0107,0x0039,0x0420,0x00,0x47,0x00,210,10,210:4047:0019:0420:0106|211:4047:0019:0421:00F6|212:4047:0029:0422:0106|213:4047:0029:0423:00F6|214:4047:002A:0427:00FE|215:4047:003A:0428:00FE
round6_phase1,0xFA,3690,0x0002,0x0003,0x0000,0x01,0x0074,0x0000,0x0000,actor_2c8,8,0x10C4C8,0x01,0x1A,0x01,0x00,0x05,0x00,0x00,0x0099,0x0263,0x004B,0x00,0x46,0x00,220,19,220:0046:0266:0071:0096|221:0046:0256:006F:0096|222:0046:0258:004E:0096|223:0046:0248:004C:0096|224:0046:0266:0070:0086|225:0046:0256:006E:0086|226:0046:0258:004D:0086|227:0046:0248:004B:0086
round6_phase1,0xFA,3692,0x0002,0x0003,0x0000,0x01,0x0074,0x0000,0x0000,actor_2c8,5,0x10C408,0x01,0xB4,0x01,0x00,0x01,0x00,0x02,0x022D,0x0279,0x02E8,0x00,0x4A,0x00,190,10,190:004A:0279:02F8:0220|191:004A:0269:02F7:0220|192:004A:0266:030C:0224|193:004A:0256:02E9:0224|194:004A:0266:030B:0214|195:004A:0256:030A:0214|196:004A:0266:0301:0234
round6_phase1,0xFA,3692,0x0002,0x0003,0x0000,0x01,0x0074,0x0000,0x0000,actor_2c8,6,0x10C448,0x01,0x10,0x00,0x00,0x0F,0x00,0x00,0x00A1,0x0263,0x0A73,0x00,0x04,0x02,200,10,200:4000:026B:0A9D:0088|201:4000:025B:0A9A:0088|202:4000:024B:0A97:0088|203:4000:026B:0A9C:0098|204:4000:025B:0A99:0098|205:4000:024B:0A96:0098|206:4000:026B:0A9B:00A8|207:4000:025B:0A98:00A8|208:4000:024B:0A95:00A8
round6_phase1,0xFA,3692,0x0002,0x0003,0x0000,0x01,0x0074,0x0000,0x0000,actor_2c8,7,0x10C488,0x01,0xCB,0x00,0x00,0x02,0x00,0x00,0x0105,0x0039,0x0420,0x00,0x47,0x00,210,10,210:4047:0018:0420:0106|211:4047:0018:0421:00F6|212:4047:0028:0422:0106|213:4047:0028:0423:00F6|214:4047:0029:0429:00FE|215:4047:0039:042A:00FE
round6_phase1,0xFA,3692,0x0002,0x0003,0x0000,0x01,0x0074,0x0000,0x0000,actor_2c8,8,0x10C4C8,0x01,0x1A,0x01,0x00,0x05,0x00,0x00,0x009C,0x0260,0x004B,0x00,0x46,0x00,220,19,220:0046:0263:0071:0099|221:0046:0253:006F:0099|222:0046:0255:004E:0099|223:0046:0245:004C:0099|224:0046:0263:0070:0089|225:0046:0253:006E:0089|226:0046:0255:004D:0089|227:0046:0245:004B:0089
round6_phase1,0xFA,3694,0x0002,0x0003,0x0000,0x01,0x0074,0x0000,0x0000,actor_2c8,5,0x10C408,0x01,0xB4,0x01,0x00,0x01,0x00,0x02,0x022F,0x0279,0x02E8,0x00,0x4A,0x00,190,10,190:004A:0279:02F8:0222|191:004A:0269:02F7:0222|192:004A:0266:030C:0226|193:004A:0256:02E9:0226|194:004A:0266:030B:0216|195:004A:0256:030A:0216|196:004A:0266:0301:0236
round6_phase1,0xFA,3694,0x0002,0x0003,0x0000,0x01,0x0074,0x0000,0x0000,actor_2c8,6,0x10C448,0x01,0x11,0x00,0x00,0x0F,0x00,0x00,0x00A1,0x0263,0x0A73,0x00,0x04,0x02,200,10,200:4000:0263:0AA1:0090|201:4000:0253:0A9F:0090|202:4000:0263:0AA0:00A0|203:4000:0253:0A9E:00A0
round6_phase1,0xFA,3694,0x0002,0x0003,0x0000,0x01,0x0074,0x0000,0x0000,actor_2c8,7,0x10C488,0x01,0xCB,0x00,0x00,0x02,0x00,0x00,0x0103,0x0039,0x0420,0x00,0x47,0x00,210,10,210:4047:0018:0420:0104|211:4047:0018:0421:00F4|212:4047:0028:0422:0104|213:4047:0028:0423:00F4|214:4047:0029:0429:00FC|215:4047:0039:042A:00FC
round6_phase1,0xFA,3694,0x0002,0x0003,0x0000,0x01,0x0074,0x0000,0x0000,actor_2c8,8,0x10C4C8,0x01,0x1A,0x01,0x00,0x05,0x00,0x00,0x009F,0x025E,0x004B,0x00,0x46,0x00,220,19,220:0046:0260:0071:009C|221:0046:0250:006F:009C|222:0046:0252:004E:009C|223:0046:0242:004C:009C|224:0046:0260:0070:008C|225:0046:0250:006E:008C|226:0046:0252:004D:008C|227:0046:0242:004B:008C
round6_phase1,0xFA,3696,0x0002,0x0003,0x0000,0x01,0x0074,0x0000,0x0000,actor_2c8,5,0x10C408,0x01,0xB4,0x01,0x00,0x01,0x00,0x02,0x022F,0x0279,0x02E8,0x00,0x4A,0x00,190,10,190:004A:0279:02F8:0224|191:004A:0269:02F7:0224|192:004A:0266:030C:0228|193:004A:0256:02E9:0228|194:004A:0266:030B:0218|195:004A:0256:030A:0218|196:004A:0266:0301:0238
round6_phase1,0xFA,3696,0x0002,0x0003,0x0000,0x01,0x0074,0x0000,0x0000,actor_2c8,6,0x10C448,0x01,0x12,0x00,0x00,0x0F,0x00,0x00,0x00A1,0x0263,0x0A73,0x00,0x04,0x02,200,10,200:4000:0263:0AA1:0090|201:4000:0253:0A9F:0090|202:4000:0263:0AA0:00A0|203:4000:0253:0A9E:00A0
round6_phase1,0xFA,3696,0x0002,0x0003,0x0000,0x01,0x0074,0x0000,0x0000,actor_2c8,7,0x10C488,0x01,0xCB,0x00,0x00,0x02,0x00,0x00,0x0101,0x0039,0x0420,0x00,0x47,0x00,210,10,210:4047:0018:0420:0102|211:4047:0018:0421:00F2|212:4047:0028:0422:0102|213:4047:0028:0423:00F2|214:4047:0029:0429:00FA|215:4047:0039:042A:00FA
round6_phase1,0xFA,3696,0x0002,0x0003,0x0000,0x01,0x0074,0x0000,0x0000,actor_2c8,8,0x10C4C8,0x01,0x1A,0x01,0x00,0x05,0x00,0x00,0x00A2,0x025C,0x004B,0x00,0x46,0x00,220,19,220:0046:025E:0071:009F|221:0046:024E:006F:009F|222:0046:0250:004E:009F|223:0046:0240:004C:009F|224:0046:025E:0070:008F|225:0046:024E:006E:008F|226:0046:0250:004D:008F|227:0046:0240:004B:008F
round6_phase1,0xFA,3698,0x0002,0x0003,0x0000,0x01,0x0074,0x0000,0x0000,actor_2c8,5,0x10C408,0x01,0xB4,0x01,0x00,0x01,0x00,0x02,0x0231,0x0279,0x02E8,0x00,0x4A,0x00,190,10,190:004A:0279:02F8:0226|191:004A:0269:02F7:0226|192:004A:0266:030C:022A|193:004A:0256:02E9:022A|194:004A:0266:030B:021A|195:004A:0256:030A:021A|196:004A:0266:0301:023A
round6_phase1,0xFA,3698,0x0002,0x0003,0x0000,0x01,0x0074,0x0000,0x0000,actor_2c8,6,0x10C448,0x01,0x12,0x00,0x00,0x0F,0x00,0x00,0x00A1,0x0263,0x0A73,0x00,0x04,0x02,200,10,200:4000:025B:0AA2:0098
round6_phase1,0xFA,3698,0x0002,0x0003,0x0000,0x01,0x0074,0x0000,0x0000,actor_2c8,7,0x10C488,0x01,0xCB,0x00,0x00,0x02,0x00,0x00,0x00FF,0x0039,0x0420,0x00,0x47,0x00,210,10,210:4047:0018:0420:0100|211:4047:0018:0421:00F0|212:4047:0028:0422:0100|213:4047:0028:0423:00F0|214:4047:0029:0429:00F8|215:4047:0039:042A:00F8
round6_phase1,0xFA,3698,0x0002,0x0003,0x0000,0x01,0x0074,0x0000,0x0000,actor_2c8,8,0x10C4C8,0x01,0x1A,0x01,0x00,0x05,0x00,0x00,0x00A5,0x025B,0x004B,0x00,0x46,0x00,220,19,220:0046:025C:0071:00A2|221:0046:024C:006F:00A2|222:0046:024E:004E:00A2|223:0046:023E:004C:00A2|224:0046:025C:0070:0092|225:0046:024C:006E:0092|226:0046:024E:004D:0092|227:0046:023E:004B:0092
round6_phase1,0xFA,3700,0x0002,0x0003,0x0000,0x01,0x0074,0x0000,0x0000,actor_2c8,5,0x10C408,0x01,0x68,0x01,0x00,0x01,0x00,0x02,0x0233,0x0279,0x02E8,0x00,0x4A,0x00,190,10,190:004A:0279:02F6:022C|191:004A:0269:02F4:022C|192:004A:0279:02F5:021C|193:004A:0266:030C:022C|194:004A:0256:02E9:022C|195:004A:0266:030B:021C|196:004A:0256:030A:021C|197:004A:0266:0301:023C
round6_phase1,0xFA,3700,0x0002,0x0003,0x0000,0x01,0x0074,0x0000,0x0000,actor_2c8,7,0x10C488,0x01,0xCC,0x00,0x00,0x02,0x00,0x00,0x00FF,0x0039,0x0420,0x00,0x47,0x00,210,10,210:4047:0019:0420:00FE|211:4047:0019:0421:00EE|212:4047:0029:0422:00FE|213:4047:0029:0423:00EE|214:4047:002A:0427:00F6|215:4047:003A:0428:00F6
round6_phase1,0xFA,3700,0x0002,0x0003,0x0000,0x01,0x0074,0x0000,0x0000,actor_2c8,8,0x10C4C8,0x01,0x1A,0x01,0x00,0x05,0x00,0x00,0x00A8,0x025A,0x004B,0x00,0x46,0x00,220,19,220:0046:025B:0071:00A5|221:0046:024B:006F:00A5|222:0046:024D:004E:00A5|223:0046:023D:004C:00A5|224:0046:025B:0070:0095|225:0046:024B:006E:0095|226:0046:024D:004D:0095|227:0046:023D:004B:0095
round6_phase1,0xFA,3702,0x0002,0x0003,0x0000,0x01,0x0074,0x0000,0x0000,actor_2c8,5,0x10C408,0x01,0x68,0x01,0x00,0x01,0x00,0x02,0x0235,0x0279,0x02E8,0x00,0x4A,0x00,190,10,190:004A:0279:02F6:022E|191:004A:0269:02F4:022E|192:004A:0279:02F5:021E|193:004A:0266:030C:022E|194:004A:0256:02E9:022E|195:004A:0266:030B:021E|196:004A:0256:030A:021E|197:004A:0266:0301:023E
round6_phase1,0xFA,3702,0x0002,0x0003,0x0000,0x01,0x0074,0x0000,0x0000,actor_2c8,7,0x10C488,0x01,0xCC,0x00,0x00,0x02,0x00,0x00,0x00FD,0x0039,0x0420,0x00,0x47,0x00,210,10,210:4047:0019:0420:00FC|211:4047:0019:0421:00EC|212:4047:0029:0422:00FC|213:4047:0029:0423:00EC|214:4047:002A:0427:00F4|215:4047:003A:0428:00F4
round6_phase1,0xFA,3702,0x0002,0x0003,0x0000,0x01,0x0074,0x0000,0x0000,actor_2c8,8,0x10C4C8,0x01,0x1A,0x01,0x00,0x05,0x00,0x00,0x00AC,0x0259,0x004B,0x00,0x46,0x00,220,19,220:0046:025A:0071:00A8|221:0046:024A:006F:00A8|222:0046:024C:004E:00A8|223:0046:023C:004C:00A8|224:0046:025A:0070:0098|225:0046:024A:006E:0098|226:0046:024C:004D:0098|227:0046:023C:004B:0098
round6_phase1,0xFA,3704,0x0002,0x0003,0x0000,0x01,0x0074,0x0000,0x0000,actor_2c8,5,0x10C408,0x01,0x68,0x01,0x00,0x01,0x00,0x02,0x0237,0x0279,0x02E8,0x00,0x4A,0x00,190,10,190:004A:0279:02F6:0230|191:004A:0269:02F4:0230|192:004A:0279:02F5:0220|193:004A:0266:030C:0230|194:004A:0256:02E9:0230|195:004A:0266:030B:0220|196:004A:0256:030A:0220|197:004A:0266:0301:0240
round6_phase1,0xFA,3704,0x0002,0x0003,0x0000,0x01,0x0074,0x0000,0x0000,actor_2c8,7,0x10C488,0x01,0xCC,0x00,0x00,0x02,0x00,0x00,0x00FB,0x0039,0x0420,0x00,0x47,0x00,210,10,210:4047:0019:0420:00FA|211:4047:0019:0421:00EA|212:4047:0029:0422:00FA|213:4047:0029:0423:00EA|214:4047:002A:0427:00F2|215:4047:003A:0428:00F2
round6_phase1,0xFA,3704,0x0002,0x0003,0x0000,0x01,0x0074,0x0000,0x0000,actor_2c8,8,0x10C4C8,0x01,0x1B,0x01,0x00,0x05,0x00,0x00,0x00AF,0x0259,0x004B,0x00,0x46,0x00,220,19,220:0046:0259:0071:00AC|221:0046:0249:006F:00AC|222:0046:024B:004E:00AC|223:0046:023B:004C:00AC|224:0046:0259:0070:009C|225:0046:0249:006E:009C|226:0046:024B:004D:009C|227:0046:023B:004B:009C
round6_phase1,0xFA,3706,0x0002,0x0003,0x0000,0x01,0x0074,0x0000,0x0000,actor_2c8,7,0x10C488,0x01,0xCC,0x00,0x00,0x02,0x00,0x00,0x00F9,0x0039,0x0420,0x00,0x47,0x00,210,10,210:4047:0019:0420:00F8|211:4047:0019:0421:00E8|212:4047:0029:0422:00F8|213:4047:0029:0423:00E8|214:4047:002A:0427:00F0|215:4047:003A:0428:00F0
round6_phase1,0xFA,3706,0x0002,0x0003,0x0000,0x01,0x0074,0x0000,0x0000,actor_2c8,8,0x10C4C8,0x01,0x1B,0x01,0x00,0x05,0x00,0x00,0x00AF,0x0259,0x004B,0x00,0x46,0x00,220,19,220:0046:0259:0075:00AF|221:0046:0249:0073:00AF|222:0046:024E:004E:00AF|223:0046:023E:004C:00AF|224:0046:0259:0074:009F|225:0046:0249:0072:009F|226:0046:024E:004D:009F|227:0046:023E:004B:009F
round6_phase1,0xFA,3708,0x0002,0x0003,0x0000,0x01,0x0074,0x0000,0x0000,actor_2c8,4,0x10C3C8,0x01,0xDD,0x01,0x00,0x01,0x00,0x00,0x0081,0x0279,0x03B3,0x00,0x48,0x00,180,10,180:0048:0262:03D6:006F|181:0048:0262:03D7:007F|182:0048:0272:03D8:006F|183:0048:0272:03D9:007F|184:0048:0269:03E4:0077|185:0048:0279:03E5:006F|186:0048:0279:03E6:007F
round6_phase1,0xFA,3708,0x0002,0x0003,0x0000,0x01,0x0074,0x0000,0x0000,actor_2c8,5,0x10C408,0x01,0xB3,0x01,0x00,0x01,0x00,0x02,0x023B,0x0279,0x02E8,0x00,0x4A,0x00,190,10,190:004A:0279:02F3:022B|191:004A:0269:02F2:022B|192:004A:0266:030C:0232|193:004A:0256:02E9:0232|194:004A:0266:030B:0222|195:004A:0256:030A:0222|196:004A:0266:0301:0242
round6_phase1,0xFA,3708,0x0002,0x0003,0x0000,0x01,0x0074,0x0000,0x0000,actor_2c8,7,0x10C488,0x01,0xC9,0x00,0x00,0x02,0x00,0x00,0x00F7,0x0039,0x0420,0x00,0x47,0x00,210,10,210:4047:0018:0420:00F6|211:4047:0018:0421:00E6|212:4047:0028:0422:00F6|213:4047:0028:0423:00E6|214:4047:0029:0424:00EE|215:4047:0039:0425:00F6|216:4047:0039:0426:00E6
round6_phase1,0xFA,3708,0x0002,0x0003,0x0000,0x01,0x0074,0x0000,0x0000,actor_2c8,8,0x10C4C8,0x01,0x17,0x01,0x00,0x01,0x00,0x00,0x00B3,0x0259,0x004B,0x01,0x46,0x00,220,19,220:4046:025A:0066:00A0|221:4046:024A:0064:00A0|222:4046:024A:004E:00A0|223:4046:023A:004C:00A0|224:4046:025A:0065:00B0|225:4046:024A:0063:00B0|226:4046:024A:004D:00B0|227:4046:023A:004B:00B0
round6_phase1,0xFA,3710,0x0002,0x0003,0x0000,0x01,0x0074,0x0000,0x0000,actor_2c8,4,0x10C3C8,0x01,0xDD,0x01,0x00,0x01,0x00,0x00,0x0083,0x0279,0x03B3,0x00,0x48,0x00,180,10,180:0048:0259:03D6:0071|181:0048:0259:03D7:0081|182:0048:0269:03D8:0071|183:0048:0269:03D9:0081|184:0048:0269:03DA:0079|185:0048:0279:03DB:0071|186:0048:0279:03DC:0081
round6_phase1,0xFA,3710,0x0002,0x0003,0x0000,0x01,0x0074,0x0000,0x0000,actor_2c8,5,0x10C408,0x01,0xB3,0x01,0x00,0x01,0x00,0x02,0x023D,0x0279,0x02E8,0x00,0x4A,0x00,190,10,190:004A:0279:02F3:022D|191:004A:0269:02F2:022D|192:004A:0266:030C:0234|193:004A:0256:02E9:0234|194:004A:0266:030B:0224|195:004A:0256:030A:0224|196:004A:0266:0301:0244
round6_phase1,0xFA,3710,0x0002,0x0003,0x0000,0x01,0x0074,0x0000,0x0000,actor_2c8,8,0x10C4C8,0x01,0x17,0x01,0x00,0x01,0x00,0x00,0x00B7,0x0259,0x004B,0x01,0x46,0x00,220,19,220:4046:025A:0066:00A4|221:4046:024A:0064:00A4|222:4046:024A:004E:00A4|223:4046:023A:004C:00A4|224:4046:025A:0065:00B4|225:4046:024A:0063:00B4|226:4046:024A:004D:00B4|227:4046:023A:004B:00B4
round6_phase1,0xFA,3712,0x0002,0x0003,0x0000,0x01,0x0074,0x0000,0x0000,actor_2c8,4,0x10C3C8,0x01,0xDD,0x01,0x00,0x01,0x00,0x00,0x0085,0x0279,0x03B3,0x00,0x48,0x00,180,10,180:0048:0259:03D6:0073|181:0048:0259:03D7:0083|182:0048:0269:03D8:0073|183:0048:0269:03D9:0083|184:0048:0269:03DA:007B|185:0048:0279:03DB:0073|186:0048:0279:03DC:0083
round6_phase1,0xFA,3712,0x0002,0x0003,0x0000,0x01,0x0074,0x0000,0x0000,actor_2c8,5,0x10C408,0x01,0xB3,0x01,0x00,0x01,0x00,0x02,0x023F,0x0279,0x02E8,0x00,0x4A,0x00,190,10,190:004A:0279:02F3:022F|191:004A:0269:02F2:022F|192:004A:0266:030C:0236|193:004A:0256:02E9:0236|194:004A:0266:030B:0226|195:004A:0256:030A:0226|196:004A:0266:0301:0246
round6_phase1,0xFA,3712,0x0002,0x0003,0x0000,0x01,0x0074,0x0000,0x0000,actor_2c8,7,0x10C488,0x01,0xC9,0x01,0x00,0x01,0x00,0x00,0x00FB,0x0039,0x0420,0x01,0x47,0x00,210,10,210:4047:0018:0420:00F8|211:4047:0018:0421:00E8|212:4047:0028:0422:00F8|213:4047:0028:0423:00E8|214:4047:0029:0424:00F0|215:4047:0039:0425:00F8|216:4047:0039:0426:00E8
round6_phase1,0xFA,3712,0x0002,0x0003,0x0000,0x01,0x0074,0x0000,0x0000,actor_2c8,8,0x10C4C8,0x01,0x17,0x01,0x00,0x01,0x00,0x00,0x00B9,0x0259,0x004B,0x01,0x46,0x00,220,19,220:4046:025A:0066:00A6|221:4046:024A:0064:00A6|222:4046:024A:004E:00A6|223:4046:023A:004C:00A6|224:4046:025A:0065:00B6|225:4046:024A:0063:00B6|226:4046:024A:004D:00B6|227:4046:023A:004B:00B6
round6_phase1,0xFA,3714,0x0002,0x0003,0x0000,0x01,0x0074,0x0000,0x0000,actor_2c8,4,0x10C3C8,0x01,0xDD,0x01,0x00,0x01,0x00,0x00,0x0087,0x0279,0x03B3,0x00,0x48,0x00,180,10,180:0048:0259:03D6:0075|181:0048:0259:03D7:0085|182:0048:0269:03D8:0075|183:0048:0269:03D9:0085|184:0048:0269:03DA:007D|185:0048:0279:03DB:0075|186:0048:0279:03DC:0085
round6_phase1,0xFA,3714,0x0002,0x0003,0x0000,0x01,0x0074,0x0000,0x0000,actor_2c8,5,0x10C408,0x01,0xB3,0x01,0x00,0x01,0x00,0x02,0x023F,0x0279,0x02E8,0x00,0x4A,0x00,190,10,190:004A:0279:02F3:0231|191:004A:0269:02F2:0231|192:004A:0266:030C:0238|193:004A:0256:02E9:0238|194:004A:0266:030B:0228|195:004A:0256:030A:0228|196:004A:0266:0301:0248
round6_phase1,0xFA,3714,0x0002,0x0003,0x0000,0x01,0x0074,0x0000,0x0000,actor_2c8,7,0x10C488,0x01,0xC9,0x01,0x00,0x01,0x00,0x00,0x00FD,0x0039,0x0420,0x01,0x47,0x00,210,10,210:4047:0018:0420:00FA|211:4047:0018:0421:00EA|212:4047:0028:0422:00FA|213:4047:0028:0423:00EA|214:4047:0029:0424:00F2|215:4047:0039:0425:00FA|216:4047:0039:0426:00EA
round6_phase1,0xFA,3714,0x0002,0x0003,0x0000,0x01,0x0074,0x0000,0x0000,actor_2c8,8,0x10C4C8,0x01,0x17,0x01,0x00,0x01,0x00,0x00,0x00BD,0x0259,0x004B,0x01,0x46,0x00,220,19,220:4046:025A:0066:00AA|221:4046:024A:0064:00AA|222:4046:024A:004E:00AA|223:4046:023A:004C:00AA|224:4046:025A:0065:00BA|225:4046:024A:0063:00BA|226:4046:024A:004D:00BA|227:4046:023A:004B:00BA
round6_phase1,0xFA,3716,0x0002,0x0003,0x0000,0x01,0x0074,0x0000,0x0000,actor_2c8,4,0x10C3C8,0x01,0xDE,0x01,0x00,0x01,0x00,0x00,0x0087,0x0279,0x03B3,0x00,0x48,0x00,180,10,180:0048:025A:03D6:0077|181:0048:025A:03D7:0087|182:0048:026A:03D8:0077|183:0048:026A:03D9:0087|184:0048:026A:03DD:007F|185:0048:027A:03DE:007F
round6_phase1,0xFA,3716,0x0002,0x0003,0x0000,0x01,0x0074,0x0000,0x0000,actor_2c8,5,0x10C408,0x01,0x68,0x01,0x00,0x01,0x00,0x02,0x0241,0x0279,0x02E8,0x00,0x4A,0x00,190,10,190:004A:0279:02F6:023A|191:004A:0269:02F4:023A|192:004A:0279:02F5:022A|193:004A:0266:030C:023A|194:004A:0256:02E9:023A|195:004A:0266:030B:022A|196:004A:0256:030A:022A|197:004A:0266:0301:024A
round6_phase1,0xFA,3716,0x0002,0x0003,0x0000,0x01,0x0074,0x0000,0x0000,actor_2c8,7,0x10C488,0x01,0xCA,0x01,0x00,0x01,0x00,0x00,0x00FF,0x0039,0x0420,0x01,0x47,0x00,210,10,210:4047:0019:0420:00FC|211:4047:0019:0421:00EC|212:4047:0029:0422:00FC|213:4047:0029:0423:00EC|214:4047:002A:0427:00F4|215:4047:003A:0428:00F4
round6_phase1,0xFA,3716,0x0002,0x0003,0x0000,0x01,0x0074,0x0000,0x0000,actor_2c8,8,0x10C4C8,0x01,0x18,0x01,0x00,0x01,0x00,0x00,0x00BF,0x0259,0x004B,0x01,0x46,0x00,220,19,220:4046:0259:0069:00AE|221:4046:0249:0067:00AE|222:4046:0249:004E:00AE|223:4046:0239:004C:00AE|224:4046:0259:0068:00BE|225:4046:0249:0063:00BE|226:4046:0249:004D:00BE|227:4046:0239:004B:00BE
round6_phase1,0xFA,3718,0x0002,0x0003,0x0000,0x01,0x0074,0x0000,0x0000,actor_2c8,4,0x10C3C8,0x01,0xDE,0x01,0x00,0x01,0x00,0x00,0x0089,0x0279,0x03B3,0x00,0x48,0x00,180,10,180:0048:025A:03D6:0079|181:0048:025A:03D7:0089|182:0048:026A:03D8:0079|183:0048:026A:03D9:0089|184:0048:026A:03DD:0081|185:0048:027A:03DE:0081
round6_phase1,0xFA,3718,0x0002,0x0003,0x0000,0x01,0x0074,0x0000,0x0000,actor_2c8,5,0x10C408,0x01,0x68,0x01,0x00,0x01,0x00,0x02,0x0243,0x0279,0x02E8,0x00,0x4A,0x00,190,10,190:004A:0279:02F6:023C|191:004A:0269:02F4:023C|192:004A:0279:02F5:022C|193:004A:0266:030C:023C|194:004A:0256:02E9:023C|195:004A:0266:030B:022C|196:004A:0256:030A:022C|197:004A:0266:0301:024C
round6_phase1,0xFA,3718,0x0002,0x0003,0x0000,0x01,0x0074,0x0000,0x0000,actor_2c8,7,0x10C488,0x01,0xCA,0x01,0x00,0x01,0x00,0x00,0x00FF,0x0039,0x0420,0x01,0x47,0x00,210,10,210:4047:0019:0420:00FE|211:4047:0019:0421:00EE|212:4047:0029:0422:00FE|213:4047:0029:0423:00EE|214:4047:002A:0427:00F6|215:4047:003A:0428:00F6
round6_phase1,0xFA,3718,0x0002,0x0003,0x0000,0x01,0x0074,0x0000,0x0000,actor_2c8,8,0x10C4C8,0x01,0x18,0x01,0x00,0x01,0x00,0x00,0x00C3,0x0259,0x004B,0x01,0x46,0x00,220,19,220:4046:0259:0069:00B0|221:4046:0249:0067:00B0|222:4046:0249:004E:00B0|223:4046:0239:004C:00B0|224:4046:0259:0068:00C0|225:4046:0249:0063:00C0|226:4046:0249:004D:00C0|227:4046:0239:004B:00C0
round6_phase1,0xFA,3720,0x0002,0x0003,0x0000,0x01,0x0074,0x0000,0x0000,actor_2c8,4,0x10C3C8,0x01,0xDE,0x01,0x00,0x01,0x00,0x00,0x008B,0x0279,0x03B3,0x00,0x48,0x00,180,10,180:0048:025A:03D6:007B|181:0048:025A:03D7:008B|182:0048:026A:03D8:007B|183:0048:026A:03D9:008B|184:0048:026A:03DD:0083|185:0048:027A:03DE:0083
round6_phase1,0xFA,3720,0x0002,0x0003,0x0000,0x01,0x0074,0x0000,0x0000,actor_2c8,5,0x10C408,0x01,0x68,0x01,0x00,0x01,0x00,0x02,0x0245,0x0279,0x02E8,0x00,0x4A,0x00,190,10,190:004A:0279:02F6:023E|191:004A:0269:02F4:023E|192:004A:0279:02F5:022E|193:004A:0266:030C:023E|194:004A:0256:02E9:023E|195:004A:0266:030B:022E|196:004A:0256:030A:022E|197:004A:0266:0301:024E
round6_phase1,0xFA,3720,0x0002,0x0003,0x0000,0x01,0x0074,0x0000,0x0000,actor_2c8,7,0x10C488,0x01,0xCA,0x01,0x00,0x01,0x00,0x00,0x0101,0x0039,0x0420,0x01,0x47,0x00,210,10,210:4047:0019:0420:0100|211:4047:0019:0421:00F0|212:4047:0029:0422:0100|213:4047:0029:0423:00F0|214:4047:002A:0427:00F8|215:4047:003A:0428:00F8
round6_phase1,0xFA,3720,0x0002,0x0003,0x0000,0x01,0x0074,0x0000,0x0000,actor_2c8,8,0x10C4C8,0x01,0x18,0x01,0x00,0x01,0x00,0x00,0x00C7,0x0259,0x004B,0x01,0x46,0x00,220,19,220:4046:0259:0069:00B4|221:4046:0249:0067:00B4|222:4046:0249:004E:00B4|223:4046:0239:004C:00B4|224:4046:0259:0068:00C4|225:4046:0249:0063:00C4|226:4046:0249:004D:00C4|227:4046:0239:004B:00C4
round6_phase1,0xFA,3722,0x0002,0x0003,0x0000,0x01,0x0074,0x0000,0x0000,actor_2c8,4,0x10C3C8,0x01,0xDE,0x01,0x00,0x01,0x00,0x00,0x008D,0x0279,0x03B3,0x00,0x48,0x00,180,10,180:0048:025A:03D6:007D|181:0048:025A:03D7:008D|182:0048:026A:03D8:007D|183:0048:026A:03D9:008D|184:0048:026A:03DD:0085|185:0048:027A:03DE:0085
round6_phase1,0xFA,3722,0x0002,0x0003,0x0000,0x01,0x0074,0x0000,0x0000,actor_2c8,5,0x10C408,0x01,0x68,0x01,0x00,0x01,0x00,0x02,0x0247,0x0279,0x02E8,0x00,0x4A,0x00,190,10,190:004A:0279:02F6:0240|191:004A:0269:02F4:0240|192:004A:0279:02F5:0230|193:004A:0266:030C:0240|194:004A:0256:02E9:0240|195:004A:0266:030B:0230|196:004A:0256:030A:0230|197:004A:0266:0301:0250
round6_phase1,0xFA,3722,0x0002,0x0003,0x0000,0x01,0x0074,0x0000,0x0000,actor_2c8,7,0x10C488,0x01,0xCA,0x01,0x00,0x01,0x00,0x00,0x0103,0x0039,0x0420,0x01,0x47,0x00,210,10,210:4047:0019:0420:0102|211:4047:0019:0421:00F2|212:4047:0029:0422:0102|213:4047:0029:0423:00F2|214:4047:002A:0427:00FA|215:4047:003A:0428:00FA
round6_phase1,0xFA,3722,0x0002,0x0003,0x0000,0x01,0x0074,0x0000,0x0000,actor_2c8,8,0x10C4C8,0x01,0x18,0x01,0x00,0x01,0x00,0x00,0x00C9,0x0259,0x004B,0x01,0x46,0x00,220,19,220:4046:0259:0069:00B6|221:4046:0249:0067:00B6|222:4046:0249:004E:00B6|223:4046:0239:004C:00B6|224:4046:0259:0068:00C6|225:4046:0249:0063:00C6|226:4046:0249:004D:00C6|227:4046:0239:004B:00C6
round6_phase1,0xFA,3724,0x0002,0x0003,0x0000,0x01,0x0074,0x0000,0x0000,actor_2c8,4,0x10C3C8,0x01,0xDF,0x01,0x00,0x01,0x00,0x00,0x008F,0x0279,0x03B3,0x00,0x48,0x00,180,10,180:0048:0259:03D6:007F|181:0048:0259:03D7:008F|182:0048:0269:03D8:007F|183:0048:0269:03D9:008F|184:0048:0269:03DF:0087|185:0048:0279:03E0:007F|186:0048:0279:03E1:008F
round6_phase1,0xFA,3724,0x0002,0x0003,0x0000,0x01,0x0074,0x0000,0x0000,actor_2c8,5,0x10C408,0x01,0xB4,0x01,0x00,0x01,0x00,0x02,0x0249,0x0279,0x02E8,0x00,0x4A,0x00,190,10,190:004A:0279:02F8:023C|191:004A:0269:02F7:023C|192:004A:0266:030C:0240|193:004A:0256:02E9:0240|194:004A:0266:030B:0230|195:004A:0256:030A:0230|196:004A:0266:0301:0250
round6_phase1,0xFA,3724,0x0002,0x0003,0x0000,0x01,0x0074,0x0000,0x0000,actor_2c8,8,0x10C4C8,0x01,0x19,0x01,0x00,0x01,0x00,0x00,0x00CD,0x0259,0x004B,0x01,0x46,0x00,220,19,220:4046:025A:006D:00BA|221:4046:024A:006B:00BA|222:4046:024A:004E:00BA|223:4046:023A:004C:00BA|224:4046:025A:006C:00CA|225:4046:024A:006A:00CA|226:4046:024A:004D:00CA|227:4046:023A:004B:00CA
round6_phase1,0xFA,3726,0x0002,0x0003,0x0000,0x01,0x0074,0x0000,0x0000,actor_2c8,4,0x10C3C8,0x01,0xE2,0x01,0x00,0x05,0x00,0x00,0x008F,0x0276,0x03B3,0x00,0x48,0x00,180,10,180:0048:0259:03D6:007F|181:0048:0259:03D7:008F|182:0048:0269:03D8:007F|183:0048:0269:03D9:008F|184:0048:0269:03DF:0087|185:0048:0279:03E0:007F|186:0048:0279:03E1:008F
round6_phase1,0xFA,3726,0x0002,0x0003,0x0000,0x01,0x0074,0x0000,0x0000,actor_2c8,5,0x10C408,0x01,0xB4,0x01,0x00,0x01,0x00,0x02,0x024B,0x0279,0x02E8,0x00,0x4A,0x00,190,10,190:004A:0279:02F8:023E|191:004A:0269:02F7:023E|192:004A:0266:030C:0242|193:004A:0256:02E9:0242|194:004A:0266:030B:0232|195:004A:0256:030A:0232|196:004A:0266:0301:0252
round6_phase1,0xFA,3726,0x0002,0x0003,0x0000,0x01,0x0074,0x0000,0x0000,actor_2c8,8,0x10C4C8,0x01,0x19,0x01,0x00,0x01,0x00,0x00,0x00CF,0x0259,0x004B,0x01,0x46,0x00,220,19,220:4046:025A:006D:00BE|221:4046:024A:006B:00BE|222:4046:024A:004E:00BE|223:4046:023A:004C:00BE|224:4046:025A:006C:00CE|225:4046:024A:006A:00CE|226:4046:024A:004D:00CE|227:4046:023A:004B:00CE
round6_phase1,0xFA,3728,0x0002,0x0003,0x0000,0x01,0x0074,0x0000,0x0000,actor_2c8,4,0x10C3C8,0x01,0xE2,0x01,0x00,0x05,0x00,0x00,0x0090,0x0272,0x03B3,0x00,0x48,0x00,180,10,180:0048:0256:03D6:007F|181:0048:0256:03D7:008F|182:0048:0266:03D8:007F|183:0048:0266:03D9:008F|184:0048:026C:03E7:0087|185:0048:026C:03E8:0097|186:0048:027C:03E9:0087
round6_phase1,0xFA,3728,0x0002,0x0003,0x0000,0x01,0x0074,0x0000,0x0000,actor_2c8,5,0x10C408,0x01,0xB4,0x01,0x00,0x01,0x00,0x02,0x024D,0x0279,0x02E8,0x00,0x4A,0x00,190,10,190:004A:0279:02F8:0240|191:004A:0269:02F7:0240|192:004A:0266:030C:0244|193:004A:0256:02E9:0244|194:004A:0266:030B:0234|195:004A:0256:030A:0234|196:004A:0266:0301:0254
round6_phase1,0xFA,3728,0x0002,0x0003,0x0000,0x01,0x0074,0x0000,0x0000,actor_2c8,8,0x10C4C8,0x01,0x1A,0x01,0x00,0x05,0x00,0x00,0x00CF,0x0256,0x004B,0x00,0x46,0x00,220,19,220:0046:0256:0071:00CF|221:0046:0246:006F:00CF|222:0046:0248:004E:00CF|223:0046:0238:004C:00CF|224:0046:0256:0070:00BF|225:0046:0246:006E:00BF|226:0046:0248:004D:00BF|227:0046:0238:004B:00BF
round6_phase1,0xFA,3730,0x0002,0x0003,0x0000,0x01,0x0074,0x0000,0x0000,actor_2c8,4,0x10C3C8,0x01,0xE2,0x01,0x00,0x05,0x00,0x00,0x0091,0x026F,0x03B3,0x00,0x48,0x00,180,10,180:0048:0252:03D6:0080|181:0048:0252:03D7:0090|182:0048:0262:03D8:0080|183:0048:0262:03D9:0090|184:0048:0268:03E7:0088|185:0048:0268:03E8:0098|186:0048:0278:03E9:0088
round6_phase1,0xFA,3730,0x0002,0x0003,0x0000,0x01,0x0074,0x0000,0x0000,actor_2c8,5,0x10C408,0x01,0xB4,0x01,0x00,0x01,0x00,0x02,0x024F,0x0279,0x02E8,0x00,0x4A,0x00,190,10,190:004A:0279:02F8:0242|191:004A:0269:02F7:0242|192:004A:0266:030C:0246|193:004A:0256:02E9:0246|194:004A:0266:030B:0236|195:004A:0256:030A:0236|196:004A:0266:0301:0256
round6_phase1,0xFA,3730,0x0002,0x0003,0x0000,0x01,0x0074,0x0000,0x0000,actor_2c8,7,0x10C488,0x01,0xCB,0x01,0x00,0x01,0x00,0x00,0x010B,0x0039,0x0420,0x00,0x47,0x00,210,10,210:0047:0018:0420:00F9|211:0047:0018:0421:0109|212:0047:0028:0422:00F9|213:0047:0028:0423:0109|214:0047:0029:0429:0101|215:0047:0039:042A:0101
round6_phase1,0xFA,3730,0x0002,0x0003,0x0000,0x01,0x0074,0x0000,0x0000,actor_2c8,8,0x10C4C8,0x01,0x1A,0x01,0x00,0x05,0x00,0x00,0x00D0,0x0252,0x004B,0x00,0x46,0x00,220,19,220:0046:0252:0071:00D0|221:0046:0242:006F:00D0|222:0046:0244:004E:00D0|223:0046:0234:004C:00D0|224:0046:0252:0070:00C0|225:0046:0242:006E:00C0|226:0046:0244:004D:00C0|227:0046:0234:004B:00C0
round6_phase1,0xFA,3732,0x0002,0x0003,0x0000,0x01,0x0074,0x0000,0x0000,actor_2c8,4,0x10C3C8,0x01,0xE2,0x01,0x00,0x05,0x00,0x00,0x0092,0x026C,0x03B3,0x00,0x48,0x00,180,10,180:0048:024F:03D6:0081|181:0048:024F:03D7:0091|182:0048:025F:03D8:0081|183:0048:025F:03D9:0091|184:0048:0265:03E7:0089|185:0048:0265:03E8:0099|186:0048:0275:03E9:0089
round6_phase1,0xFA,3732,0x0002,0x0003,0x0000,0x01,0x0074,0x0000,0x0000,actor_2c8,5,0x10C408,0x01,0x68,0x01,0x00,0x01,0x00,0x02,0x024F,0x0279,0x02E8,0x00,0x4A,0x00,190,10,190:004A:0279:02F6:0248|191:004A:0269:02F4:0248|192:004A:0279:02F5:0238|193:004A:0266:030C:0248|194:004A:0256:02E9:0248|195:004A:0266:030B:0238|196:004A:0256:030A:0238|197:004A:0266:0301:0258
round6_phase1,0xFA,3732,0x0002,0x0003,0x0000,0x01,0x0074,0x0000,0x0000,actor_2c8,7,0x10C488,0x01,0xCC,0x01,0x00,0x01,0x00,0x00,0x010D,0x0039,0x0420,0x00,0x47,0x00,210,10,210:0047:0019:0420:00FB|211:0047:0019:0421:010B|212:0047:0029:0422:00FB|213:0047:0029:0423:010B|214:0047:002A:0427:0103|215:0047:003A:0428:0103
round6_phase1,0xFA,3732,0x0002,0x0003,0x0000,0x01,0x0074,0x0000,0x0000,actor_2c8,8,0x10C4C8,0x01,0x1A,0x01,0x00,0x05,0x00,0x00,0x00D1,0x024F,0x004B,0x00,0x46,0x00,220,19,220:0046:024F:0071:00D1|221:0046:023F:006F:00D1|222:0046:0241:004E:00D1|223:0046:0231:004C:00D1|224:0046:024F:0070:00C1|225:0046:023F:006E:00C1|226:0046:0241:004D:00C1|227:0046:0231:004B:00C1
round6_phase1,0xFA,3734,0x0002,0x0003,0x0000,0x01,0x0074,0x0000,0x0000,actor_2c8,4,0x10C3C8,0x01,0xE2,0x01,0x00,0x05,0x00,0x00,0x0094,0x0269,0x03B3,0x00,0x48,0x00,180,10,180:0048:024C:03D6:0082|181:0048:024C:03D7:0092|182:0048:025C:03D8:0082|183:0048:025C:03D9:0092|184:0048:0262:03E7:008A|185:0048:0262:03E8:009A|186:0048:0272:03E9:008A
round6_phase1,0xFA,3734,0x0002,0x0003,0x0000,0x01,0x0074,0x0000,0x0000,actor_2c8,5,0x10C408,0x01,0x68,0x01,0x00,0x01,0x00,0x02,0x0251,0x0279,0x02E8,0x00,0x4A,0x00,190,10,190:004A:0279:02F6:024A|191:004A:0269:02F4:024A|192:004A:0279:02F5:023A|193:004A:0266:030C:024A|194:004A:0256:02E9:024A|195:004A:0266:030B:023A|196:004A:0256:030A:023A|197:004A:0266:0301:025A
round6_phase1,0xFA,3734,0x0002,0x0003,0x0000,0x01,0x0074,0x0000,0x0000,actor_2c8,7,0x10C488,0x01,0xCC,0x01,0x00,0x01,0x00,0x00,0x010F,0x0039,0x0420,0x00,0x47,0x00,210,10,210:0047:0019:0420:00FD|211:0047:0019:0421:010D|212:0047:0029:0422:00FD|213:0047:0029:0423:010D|214:0047:002A:0427:0105|215:0047:003A:0428:0105
round6_phase1,0xFA,3734,0x0002,0x0003,0x0000,0x01,0x0074,0x0000,0x0000,actor_2c8,8,0x10C4C8,0x01,0x1A,0x01,0x00,0x05,0x00,0x00,0x00D2,0x024C,0x004B,0x00,0x46,0x00,220,19,220:0046:024C:0071:00D2|221:0046:023C:006F:00D2|222:0046:023E:004E:00D2|223:0046:022E:004C:00D2|224:0046:024C:0070:00C2|225:0046:023C:006E:00C2|226:0046:023E:004D:00C2|227:0046:022E:004B:00C2
round6_phase1,0xFA,3736,0x0002,0x0003,0x0000,0x01,0x0074,0x0000,0x0000,actor_2c8,4,0x10C3C8,0x01,0xE2,0x01,0x00,0x05,0x00,0x00,0x0096,0x0266,0x03B3,0x00,0x48,0x00,180,10,180:0048:0249:03D6:0084|181:0048:0249:03D7:0094|182:0048:0259:03D8:0084|183:0048:0259:03D9:0094|184:0048:025F:03E7:008C|185:0048:025F:03E8:009C|186:0048:026F:03E9:008C
round6_phase1,0xFA,3736,0x0002,0x0003,0x0000,0x01,0x0074,0x0000,0x0000,actor_2c8,5,0x10C408,0x01,0x68,0x01,0x00,0x01,0x00,0x02,0x0253,0x0279,0x02E8,0x00,0x4A,0x00,190,10,190:004A:0279:02F6:024C|191:004A:0269:02F4:024C|192:004A:0279:02F5:023C|193:004A:0266:030C:024C|194:004A:0256:02E9:024C|195:004A:0266:030B:023C|196:004A:0256:030A:023C|197:004A:0266:0301:025C
round6_phase1,0xFA,3736,0x0002,0x0003,0x0000,0x01,0x0074,0x0000,0x0000,actor_2c8,7,0x10C488,0x01,0xCC,0x01,0x00,0x01,0x00,0x00,0x010F,0x0039,0x0420,0x00,0x47,0x00,210,10,210:0047:0019:0420:00FF|211:0047:0019:0421:010F|212:0047:0029:0422:00FF|213:0047:0029:0423:010F|214:0047:002A:0427:0107|215:0047:003A:0428:0107
round6_phase1,0xFA,3736,0x0002,0x0003,0x0000,0x01,0x0074,0x0000,0x0000,actor_2c8,8,0x10C4C8,0x01,0x1A,0x01,0x00,0x05,0x00,0x00,0x00D4,0x0249,0x004B,0x00,0x46,0x00,220,19,220:0046:0249:0071:00D4|221:0046:0239:006F:00D4|222:0046:023B:004E:00D4|223:0046:022B:004C:00D4|224:0046:0249:0070:00C4|225:0046:0239:006E:00C4|226:0046:023B:004D:00C4|227:0046:022B:004B:00C4
round6_phase1,0xFA,3738,0x0002,0x0003,0x0000,0x01,0x0074,0x0000,0x0000,actor_2c8,4,0x10C3C8,0x01,0xE2,0x01,0x00,0x05,0x00,0x00,0x0099,0x0263,0x03B3,0x00,0x48,0x00,180,10,180:0048:0246:03D6:0086|181:0048:0246:03D7:0096|182:0048:0256:03D8:0086|183:0048:0256:03D9:0096|184:0048:025C:03E7:008E|185:0048:025C:03E8:009E|186:0048:026C:03E9:008E
round6_phase1,0xFA,3738,0x0002,0x0003,0x0000,0x01,0x0074,0x0000,0x0000,actor_2c8,5,0x10C408,0x01,0x68,0x01,0x00,0x01,0x00,0x02,0x0255,0x0279,0x02E8,0x00,0x4A,0x00,190,10,190:004A:0279:02F6:024E|191:004A:0269:02F4:024E|192:004A:0279:02F5:023E|193:004A:0266:030C:024E|194:004A:0256:02E9:024E|195:004A:0266:030B:023E|196:004A:0256:030A:023E|197:004A:0266:0301:025E
round6_phase1,0xFA,3738,0x0002,0x0003,0x0000,0x01,0x0074,0x0000,0x0000,actor_2c8,7,0x10C488,0x01,0xCC,0x01,0x00,0x01,0x00,0x00,0x0111,0x0039,0x0420,0x00,0x47,0x00,210,10,210:0047:0019:0420:0101|211:0047:0019:0421:0111|212:0047:0029:0422:0101|213:0047:0029:0423:0111|214:0047:002A:0427:0109|215:0047:003A:0428:0109
round6_phase1,0xFA,3738,0x0002,0x0003,0x0000,0x01,0x0074,0x0000,0x0000,actor_2c8,8,0x10C4C8,0x01,0x1A,0x01,0x00,0x05,0x00,0x00,0x00D6,0x0246,0x004B,0x00,0x46,0x00,220,19,220:0046:0246:0071:00D6|221:0046:0236:006F:00D6|222:0046:0238:004E:00D6|223:0046:0228:004C:00D6|224:0046:0246:0070:00C6|225:0046:0236:006E:00C6|226:0046:0238:004D:00C6|227:0046:0228:004B:00C6
round6_phase1,0xFA,3740,0x0002,0x0003,0x0000,0x01,0x0074,0x0000,0x0000,actor_2c8,4,0x10C3C8,0x01,0xE2,0x01,0x00,0x0F,0x00,0x00,0x009C,0x0260,0x03B3,0x00,0x48,0x00,180,10,180:0048:0243:03D6:0089|181:0048:0243:03D7:0099|182:0048:0253:03D8:0089|183:0048:0253:03D9:0099|184:0048:0259:03E7:0091|185:0048:0259:03E8:00A1|186:0048:0269:03E9:0091
round6_phase1,0xFA,3740,0x0002,0x0003,0x0000,0x01,0x0074,0x0000,0x0000,actor_2c8,5,0x10C408,0x01,0xB3,0x01,0x00,0x01,0x00,0x02,0x0257,0x0279,0x02E8,0x00,0x4A,0x00,190,10,190:004A:0279:02F3:0249|191:004A:0269:02F2:0249|192:004A:0266:030C:0250|193:004A:0256:02E9:0250|194:004A:0266:030B:0240|195:004A:0256:030A:0240|196:004A:0266:0301:0260
round6_phase1,0xFA,3740,0x0002,0x0003,0x0000,0x01,0x0074,0x0000,0x0000,actor_2c8,7,0x10C488,0x01,0xC9,0x01,0x00,0x01,0x00,0x00,0x0113,0x0039,0x0420,0x00,0x47,0x00,210,10,210:0047:0018:0420:0103|211:0047:0018:0421:0113|212:0047:0028:0422:0103|213:0047:0028:0423:0113|214:0047:0029:0424:010B|215:0047:0039:0425:0103|216:0047:0039:0426:0113
round6_phase1,0xFA,3740,0x0002,0x0003,0x0000,0x01,0x0074,0x0000,0x0000,actor_2c8,8,0x10C4C8,0x01,0x1A,0x01,0x00,0x05,0x00,0x00,0x00D9,0x0243,0x004B,0x00,0x46,0x00,220,19,220:0046:0243:0071:00D9|221:0046:0233:006F:00D9|222:0046:0235:004E:00D9|223:0046:0225:004C:00D9|224:0046:0243:0070:00C9|225:0046:0233:006E:00C9|226:0046:0235:004D:00C9|227:0046:0225:004B:00C9
round6_phase1,0xFA,3742,0x0002,0x0003,0x0000,0x01,0x0074,0x0000,0x0000,actor_2c8,4,0x10C3C8,0x01,0x0D,0x01,0x00,0x0F,0x00,0x00,0x009C,0x0260,0x0A73,0x00,0x08,0x02,180,10,180:0000:0268:0A83:00A4|181:0000:0258:0A80:00A4|182:0000:0248:0A7D:00A4|183:0000:0268:0A82:0094|184:0000:0258:0A7F:0094|185:0000:0248:0A7C:0094|186:0000:0268:0A81:0084|187:0000:0258:0A7E:0084|188:0000:0248:0A7B:0084
round6_phase1,0xFA,3742,0x0002,0x0003,0x0000,0x01,0x0074,0x0000,0x0000,actor_2c8,7,0x10C488,0x01,0xC9,0x01,0x00,0x01,0x00,0x00,0x0115,0x0039,0x0420,0x00,0x47,0x00,210,10,210:0047:0018:0420:0105|211:0047:0018:0421:0115|212:0047:0028:0422:0105|213:0047:0028:0423:0115|214:0047:0029:0424:010D|215:0047:0039:0425:0105|216:0047:0039:0426:0115
round6_phase1,0xFA,3742,0x0002,0x0003,0x0000,0x01,0x0074,0x0000,0x0000,actor_2c8,8,0x10C4C8,0x01,0x1A,0x01,0x00,0x05,0x00,0x00,0x00DC,0x0240,0x004B,0x00,0x46,0x00,220,19,220:0046:0240:0071:00DC|221:0046:0230:006F:00DC|222:0046:0232:004E:00DC|223:0046:0222:004C:00DC|224:0046:0240:0070:00CC|225:0046:0230:006E:00CC|226:0046:0232:004D:00CC|227:0046:0222:004B:00CC
round6_phase1,0xFA,3744,0x0002,0x0003,0x0000,0x01,0x0074,0x0000,0x0000,actor_2c8,4,0x10C3C8,0x01,0x0C,0x01,0x00,0x0F,0x00,0x00,0x009C,0x0260,0x0A73,0x00,0x08,0x02,180,10,180:0000:0268:0A83:00A4|181:0000:0258:0A80:00A4|182:0000:0248:0A7D:00A4|183:0000:0268:0A82:0094|184:0000:0258:0A7F:0094|185:0000:0248:0A7C:0094|186:0000:0268:0A81:0084|187:0000:0258:0A7E:0084|188:0000:0248:0A7B:0084
round6_phase1,0xFA,3744,0x0002,0x0003,0x0000,0x01,0x0074,0x0000,0x0000,actor_2c8,5,0x10C408,0x01,0xB3,0x01,0x00,0x01,0x00,0x02,0x025B,0x0279,0x02E8,0x00,0x4A,0x00,190,10,190:004A:0279:02F3:024B|191:004A:0269:02F2:024B|192:004A:0266:030C:0252|193:004A:0256:02E9:0252|194:004A:0266:030B:0242|195:004A:0256:030A:0242|196:004A:0266:0301:0262
round6_phase1,0xFA,3744,0x0002,0x0003,0x0000,0x01,0x0074,0x0000,0x0000,actor_2c8,7,0x10C488,0x01,0xC9,0x01,0x00,0x01,0x00,0x00,0x0117,0x0039,0x0420,0x00,0x47,0x00,210,10,210:0047:0018:0420:0107|211:0047:0018:0421:0117|212:0047:0028:0422:0107|213:0047:0028:0423:0117|214:0047:0029:0424:010F|215:0047:0039:0425:0107|216:0047:0039:0426:0117
round6_phase1,0xFA,3744,0x0002,0x0003,0x0000,0x01,0x0074,0x0000,0x0000,actor_2c8,8,0x10C4C8,0x01,0x1A,0x01,0x00,0x05,0x00,0x00,0x00DF,0x023E,0x004B,0x00,0x46,0x00,220,19,220:0046:023E:0071:00DF|221:0046:022E:006F:00DF|222:0046:0230:004E:00DF|223:0046:0220:004C:00DF|224:0046:023E:0070:00CF|225:0046:022E:006E:00CF|226:0046:0230:004D:00CF|227:0046:0220:004B:00CF
round6_phase1,0xFA,3746,0x0002,0x0003,0x0000,0x01,0x0074,0x0000,0x0000,actor_2c8,4,0x10C3C8,0x01,0x0C,0x01,0x00,0x0F,0x00,0x00,0x009C,0x0260,0x0A73,0x00,0x08,0x02,180,10,180:0000:0260:0A7A:009C|181:0000:0250:0A78:009C|182:0000:0260:0A79:008C|183:0000:0250:0A77:008C
round6_phase1,0xFA,3746,0x0002,0x0003,0x0000,0x01,0x0074,0x0000,0x0000,actor_2c8,5,0x10C408,0x01,0xB3,0x01,0x00,0x01,0x00,0x02,0x025D,0x0279,0x02E8,0x00,0x4A,0x00,190,10,190:004A:0279:02F3:024D|191:004A:0269:02F2:024D|192:004A:0266:030C:0254|193:004A:0256:02E9:0254|194:004A:0266:030B:0244|195:004A:0256:030A:0244|196:004A:0266:0301:0264
round6_phase1,0xFA,3746,0x0002,0x0003,0x0000,0x01,0x0074,0x0000,0x0000,actor_2c8,8,0x10C4C8,0x01,0x1A,0x01,0x00,0x05,0x00,0x00,0x00E2,0x023C,0x004B,0x00,0x46,0x00,220,19,220:0046:023C:0071:00E2|221:0046:022C:006F:00E2|222:0046:022E:004E:00E2|223:0046:021E:004C:00E2|224:0046:023C:0070:00D2|225:0046:022C:006E:00D2|226:0046:022E:004D:00D2|227:0046:021E:004B:00D2
round6_phase1,0xFA,3748,0x0002,0x0003,0x0000,0x01,0x0074,0x0000,0x0000,actor_2c8,4,0x10C3C8,0x01,0x0B,0x01,0x00,0x0F,0x00,0x00,0x009C,0x0260,0x0A73,0x00,0x08,0x02,180,10,180:0000:0260:0A76:009C|181:0000:0250:0A74:009C|182:0000:0260:0A75:008C|183:0000:0250:0A73:008C
round6_phase1,0xFA,3748,0x0002,0x0003,0x0000,0x01,0x0074,0x0000,0x0000,actor_2c8,5,0x10C408,0x01,0x68,0x01,0x00,0x01,0x00,0x02,0x025F,0x0279,0x02E8,0x00,0x4A,0x00,190,10,190:004A:0279:02F6:0256|191:004A:0269:02F4:0256|192:004A:0279:02F5:0246|193:004A:0266:030C:0256|194:004A:0256:02E9:0256|195:004A:0266:030B:0246|196:004A:0256:030A:0246|197:004A:0266:0301:0266
round6_phase1,0xFA,3748,0x0002,0x0003,0x0000,0x01,0x0074,0x0000,0x0000,actor_2c8,7,0x10C488,0x01,0xCA,0x01,0x00,0x01,0x00,0x00,0x011B,0x0039,0x0420,0x00,0x47,0x00,210,10,210:0047:0019:0420:0109|211:0047:0019:0421:0119|212:0047:0029:0422:0109|213:0047:0029:0423:0119|214:0047:002A:0427:0111|215:0047:003A:0428:0111
round6_phase1,0xFA,3748,0x0002,0x0003,0x0000,0x01,0x0074,0x0000,0x0000,actor_2c8,8,0x10C4C8,0x01,0x1A,0x01,0x00,0x05,0x00,0x00,0x00E5,0x023B,0x004B,0x00,0x46,0x00,220,19,220:0046:023B:0071:00E5|221:0046:022B:006F:00E5|222:0046:022D:004E:00E5|223:0046:021D:004C:00E5|224:0046:023B:0070:00D5|225:0046:022B:006E:00D5|226:0046:022D:004D:00D5|227:0046:021D:004B:00D5
round6_phase1,0xFA,3750,0x0002,0x0003,0x0000,0x01,0x0074,0x0000,0x0000,actor_2c8,4,0x10C3C8,0x01,0x0C,0x01,0x00,0x0F,0x00,0x00,0x009C,0x0260,0x0A73,0x00,0x08,0x02,180,10,180:0000:0260:0A76:009C|181:0000:0250:0A74:009C|182:0000:0260:0A75:008C|183:0000:0250:0A73:008C
round6_phase1,0xFA,3750,0x0002,0x0003,0x0000,0x01,0x0074,0x0000,0x0000,actor_2c8,5,0x10C408,0x01,0x68,0x01,0x00,0x01,0x00,0x02,0x025F,0x0279,0x02E8,0x00,0x4A,0x00,190,10,190:004A:0279:02F6:0258|191:004A:0269:02F4:0258|192:004A:0279:02F5:0248|193:004A:0266:030C:0258|194:004A:0256:02E9:0258|195:004A:0266:030B:0248|196:004A:0256:030A:0248|197:004A:0266:0301:0268
round6_phase1,0xFA,3750,0x0002,0x0003,0x0000,0x01,0x0074,0x0000,0x0000,actor_2c8,7,0x10C488,0x01,0xCA,0x01,0x00,0x01,0x00,0x00,0x011D,0x0039,0x0420,0x00,0x47,0x00,210,10,210:0047:0019:0420:010B|211:0047:0019:0421:011B|212:0047:0029:0422:010B|213:0047:0029:0423:011B|214:0047:002A:0427:0113|215:0047:003A:0428:0113
round6_phase1,0xFA,3750,0x0002,0x0003,0x0000,0x01,0x0074,0x0000,0x0000,actor_2c8,8,0x10C4C8,0x01,0x1A,0x01,0x00,0x05,0x00,0x00,0x00E8,0x023A,0x004B,0x00,0x46,0x00,220,19,220:0046:023A:0071:00E8|221:0046:022A:006F:00E8|222:0046:022C:004E:00E8|223:0046:021C:004C:00E8|224:0046:023A:0070:00D8|225:0046:022A:006E:00D8|226:0046:022C:004D:00D8|227:0046:021C:004B:00D8
round6_phase1,0xFA,3752,0x0002,0x0003,0x0000,0x01,0x0074,0x0000,0x0000,actor_2c8,5,0x10C408,0x01,0x68,0x01,0x00,0x01,0x00,0x02,0x0261,0x0279,0x02E8,0x00,0x4A,0x00,190,10,190:004A:0279:02F6:025A|191:004A:0269:02F4:025A|192:004A:0279:02F5:024A|193:004A:0266:030C:025A|194:004A:0256:02E9:025A|195:004A:0266:030B:024A|196:004A:0256:030A:024A|197:004A:0266:0301:026A
round6_phase1,0xFA,3752,0x0002,0x0003,0x0000,0x01,0x0074,0x0000,0x0000,actor_2c8,7,0x10C488,0x01,0xCA,0x01,0x00,0x01,0x00,0x00,0x011F,0x0039,0x0420,0x00,0x47,0x00,210,10,210:0047:0019:0420:010D|211:0047:0019:0421:011D|212:0047:0029:0422:010D|213:0047:0029:0423:011D|214:0047:002A:0427:0115|215:0047:003A:0428:0115
round6_phase1,0xFA,3752,0x0002,0x0003,0x0000,0x01,0x0074,0x0000,0x0000,actor_2c8,8,0x10C4C8,0x01,0x1A,0x01,0x00,0x05,0x00,0x00,0x00EC,0x0239,0x004B,0x00,0x46,0x00,220,19,220:0046:0239:0071:00EC|221:0046:0229:006F:00EC|222:0046:022B:004E:00EC|223:0046:021B:004C:00EC|224:0046:0239:0070:00DC|225:0046:0229:006E:00DC|226:0046:022B:004D:00DC|227:0046:021B:004B:00DC
round6_phase1,0xFA,3754,0x0002,0x0003,0x0000,0x01,0x0074,0x0000,0x0000,actor_2c8,5,0x10C408,0x01,0x68,0x01,0x00,0x01,0x00,0x02,0x0263,0x0279,0x02E8,0x00,0x4A,0x00,190,10,190:004A:0279:02F6:025C|191:004A:0269:02F4:025C|192:004A:0279:02F5:024C|193:004A:0266:030C:025C|194:004A:0256:02E9:025C|195:004A:0266:030B:024C|196:004A:0256:030A:024C|197:004A:0266:0301:026C
round6_phase1,0xFA,3754,0x0002,0x0003,0x0000,0x01,0x0074,0x0000,0x0000,actor_2c8,7,0x10C488,0x01,0xCA,0x01,0x00,0x01,0x00,0x00,0x011F,0x0039,0x0420,0x00,0x47,0x00,210,10,210:0047:0019:0420:010F|211:0047:0019:0421:011F|212:0047:0029:0422:010F|213:0047:0029:0423:011F|214:0047:002A:0427:0117|215:0047:003A:0428:0117
round6_phase1,0xFA,3754,0x0002,0x0003,0x0000,0x01,0x0074,0x0000,0x0000,actor_2c8,8,0x10C4C8,0x01,0x1B,0x01,0x00,0x05,0x00,0x00,0x00EF,0x0239,0x004B,0x00,0x46,0x00,220,19,220:0046:0239:0075:00EF|221:0046:0229:0073:00EF|222:0046:022E:004E:00EF|223:0046:021E:004C:00EF|224:0046:0239:0074:00DF|225:0046:0229:0072:00DF|226:0046:022E:004D:00DF|227:0046:021E:004B:00DF
round6_phase1,0xFA,3756,0x0002,0x0003,0x0000,0x01,0x0074,0x0000,0x0000,actor_2c8,4,0x10C3C8,0x01,0x0E,0x01,0x00,0x0F,0x00,0x00,0x009C,0x0260,0x0A73,0x00,0x08,0x02,180,10,180:0000:0268:0A83:00A4|181:0000:0258:0A80:00A4|182:0000:0248:0A7D:00A4|183:0000:0268:0A82:0094|184:0000:0258:0A7F:0094|185:0000:0248:0A7C:0094|186:0000:0268:0A81:0084|187:0000:0258:0A7E:0084|188:0000:0248:0A7B:0084
round6_phase1,0xFA,3756,0x0002,0x0003,0x0000,0x01,0x0074,0x0000,0x0000,actor_2c8,5,0x10C408,0x01,0xB4,0x01,0x00,0x01,0x00,0x02,0x0265,0x0279,0x02E8,0x00,0x4A,0x00,190,10,190:004A:0279:02F8:025A|191:004A:0269:02F7:025A|192:004A:0266:030C:025E|193:004A:0256:02E9:025E|194:004A:0266:030B:024E|195:004A:0256:030A:024E|196:004A:0266:0301:026E
round6_phase1,0xFA,3756,0x0002,0x0003,0x0000,0x01,0x0074,0x0000,0x0000,actor_2c8,7,0x10C488,0x01,0xCB,0x01,0x00,0x01,0x00,0x00,0x0121,0x0039,0x0420,0x00,0x47,0x00,210,10,210:0047:0018:0420:0111|211:0047:0018:0421:0121|212:0047:0028:0422:0111|213:0047:0028:0423:0121|214:0047:0029:0429:0119|215:0047:0039:042A:0119
round6_phase1,0xFA,3756,0x0002,0x0003,0x0000,0x01,0x0074,0x0000,0x0000,actor_2c8,8,0x10C4C8,0x01,0x19,0x01,0x00,0x01,0x00,0x00,0x00F1,0x0239,0x004B,0x01,0x46,0x00,220,19,220:0046:0239:0075:00EF|221:0046:0229:0073:00EF|222:0046:022E:004E:00EF|223:0046:021E:004C:00EF|224:0046:0239:0074:00DF|225:0046:0229:0072:00DF|226:0046:022E:004D:00DF|227:0046:021E:004B:00DF
round6_phase1,0xFA,3758,0x0002,0x0003,0x0000,0x01,0x0074,0x0000,0x0000,actor_2c8,4,0x10C3C8,0x01,0x0E,0x01,0x00,0x0F,0x00,0x00,0x009C,0x0260,0x0A73,0x00,0x08,0x02,180,10,180:0000:0268:0A8C:00A4|181:0000:0258:0A89:00A4|182:0000:0248:0A86:00A4|183:0000:0268:0A8B:0094|184:0000:0258:0A88:0094|185:0000:0248:0A85:0094|186:0000:0268:0A8A:0084|187:0000:0258:0A87:0084|188:0000:0248:0A84:0084
round6_phase1,0xFA,3758,0x0002,0x0003,0x0000,0x01,0x0074,0x0000,0x0000,actor_2c8,5,0x10C408,0x01,0xB4,0x01,0x00,0x01,0x00,0x02,0x0267,0x0279,0x02E8,0x00,0x4A,0x00,190,10,190:004A:0279:02F8:025C|191:004A:0269:02F7:025C|192:004A:0266:030C:0260|193:004A:0256:02E9:0260|194:004A:0266:030B:0250|195:004A:0256:030A:0250|196:004A:0266:0301:0270
round6_phase1,0xFA,3758,0x0002,0x0003,0x0000,0x01,0x0074,0x0000,0x0000,actor_2c8,7,0x10C488,0x01,0xCB,0x01,0x00,0x01,0x00,0x00,0x0123,0x0039,0x0420,0x00,0x47,0x00,210,10,210:0047:0018:0420:0113|211:0047:0018:0421:0123|212:0047:0028:0422:0113|213:0047:0028:0423:0123|214:0047:0029:0429:011B|215:0047:0039:042A:011B
round6_phase1,0xFA,3758,0x0002,0x0003,0x0000,0x01,0x0074,0x0000,0x0000,actor_2c8,8,0x10C4C8,0x01,0x19,0x01,0x00,0x01,0x00,0x00,0x00F5,0x0239,0x004B,0x01,0x46,0x00,220,19,220:4046:023A:006D:00E2|221:4046:022A:006B:00E2|222:4046:022A:004E:00E2|223:4046:021A:004C:00E2|224:4046:023A:006C:00F2|225:4046:022A:006A:00F2|226:4046:022A:004D:00F2|227:4046:021A:004B:00F2
round6_phase1,0xFA,3760,0x0002,0x0003,0x0000,0x01,0x0074,0x0000,0x0000,actor_2c8,4,0x10C3C8,0x01,0x0F,0x01,0x00,0x0F,0x00,0x00,0x009C,0x0260,0x0A73,0x00,0x08,0x02,180,10,180:0000:0268:0A94:00A4|181:0000:0258:0A91:00A4|182:0000:0248:0A8F:00A4|183:0000:0268:0A93:0094|184:0000:0248:0A8E:0094|185:0000:0268:0A92:0084|186:0000:0258:0A90:0084|187:0000:0248:0A8D:0084
round6_phase1,0xFA,3760,0x0002,0x0003,0x0000,0x01,0x0074,0x0000,0x0000,actor_2c8,7,0x10C488,0x01,0xCB,0x01,0x00,0x01,0x00,0x00,0x0125,0x0039,0x0420,0x00,0x47,0x00,210,10,210:0047:0018:0420:0115|211:0047:0018:0421:0125|212:0047:0028:0422:0115|213:0047:0028:0423:0125|214:0047:0029:0429:011D|215:0047:0039:042A:011D
round6_phase1,0xFA,3760,0x0002,0x0003,0x0000,0x01,0x0074,0x0000,0x0000,actor_2c8,8,0x10C4C8,0x01,0x19,0x01,0x00,0x01,0x00,0x00,0x00F7,0x0239,0x004B,0x01,0x46,0x00,220,19,220:4046:023A:006D:00E6|221:4046:022A:006B:00E6|222:4046:022A:004E:00E6|223:4046:021A:004C:00E6|224:4046:023A:006C:00F6|225:4046:022A:006A:00F6|226:4046:022A:004D:00F6|227:4046:021A:004B:00F6
round6_phase1,0xFA,3762,0x0002,0x0003,0x0000,0x01,0x0074,0x0000,0x0000,actor_2c8,4,0x10C3C8,0x01,0x10,0x01,0x00,0x0F,0x00,0x00,0x009C,0x0260,0x0A73,0x00,0x08,0x02,180,10,180:0000:0268:0A94:00A4|181:0000:0258:0A91:00A4|182:0000:0248:0A8F:00A4|183:0000:0268:0A93:0094|184:0000:0248:0A8E:0094|185:0000:0268:0A92:0084|186:0000:0258:0A90:0084|187:0000:0248:0A8D:0084
round6_phase1,0xFA,3762,0x0002,0x0003,0x0000,0x01,0x0074,0x0000,0x0000,actor_2c8,5,0x10C408,0x01,0xB4,0x01,0x00,0x01,0x00,0x02,0x026B,0x0279,0x02E8,0x00,0x4A,0x00,190,10,190:004A:0279:02F8:025E|191:004A:0269:02F7:025E|192:004A:0266:030C:0262|193:004A:0256:02E9:0262|194:004A:0266:030B:0252|195:004A:0256:030A:0252|196:004A:0266:0301:0272
round6_phase1,0xFA,3762,0x0002,0x0003,0x0000,0x01,0x0074,0x0000,0x0000,actor_2c8,7,0x10C488,0x01,0xCB,0x01,0x00,0x01,0x00,0x00,0x0127,0x0039,0x0420,0x00,0x47,0x00,210,10,210:0047:0018:0420:0117|211:0047:0018:0421:0127|212:0047:0028:0422:0117|213:0047:0028:0423:0127|214:0047:0029:0429:011F|215:0047:0039:042A:011F
round6_phase1,0xFA,3762,0x0002,0x0003,0x0000,0x01,0x0074,0x0000,0x0000,actor_2c8,8,0x10C4C8,0x01,0x19,0x01,0x00,0x01,0x00,0x00,0x00FB,0x0239,0x004B,0x01,0x46,0x00,220,19,220:4046:023A:006D:00E8|221:4046:022A:006B:00E8|222:4046:022A:004E:00E8|223:4046:021A:004C:00E8|224:4046:023A:006C:00F8|225:4046:022A:006A:00F8|226:4046:022A:004D:00F8|227:4046:021A:004B:00F8
round6_phase1,0xFA,3764,0x0002,0x0003,0x0000,0x01,0x0074,0x0000,0x0000,actor_2c8,4,0x10C3C8,0x01,0x10,0x01,0x00,0x0F,0x00,0x00,0x009C,0x0260,0x0A73,0x00,0x08,0x02,180,10,180:0000:0268:0A9D:00A4|181:0000:0258:0A9A:00A4|182:0000:0248:0A97:00A4|183:0000:0268:0A9C:0094|184:0000:0258:0A99:0094|185:0000:0248:0A96:0094|186:0000:0268:0A9B:0084|187:0000:0258:0A98:0084|188:0000:0248:0A95:0084
round6_phase1,0xFA,3764,0x0002,0x0003,0x0000,0x01,0x0074,0x0000,0x0000,actor_2c8,5,0x10C408,0x01,0x68,0x01,0x00,0x01,0x00,0x02,0x026D,0x0279,0x02E8,0x00,0x4A,0x00,190,10,190:004A:0279:02F6:0264|191:004A:0269:02F4:0264|192:004A:0279:02F5:0254|193:004A:0266:030C:0264|194:004A:0256:02E9:0264|195:004A:0266:030B:0254|196:004A:0256:030A:0254|197:004A:0266:0301:0274
round6_phase1,0xFA,3764,0x0002,0x0003,0x0000,0x01,0x0074,0x0000,0x0000,actor_2c8,7,0x10C488,0x01,0xCC,0x01,0x00,0x01,0x00,0x00,0x0129,0x0039,0x0420,0x00,0x47,0x00,210,10,210:0047:0019:0420:0117|211:0047:0019:0421:0127|212:0047:0029:0422:0117|213:0047:0029:0423:0127|214:0047:002A:0427:011F|215:0047:003A:0428:011F
round6_phase1,0xFA,3764,0x0002,0x0003,0x0000,0x01,0x0074,0x0000,0x0000,actor_2c8,8,0x10C4C8,0x01,0x18,0x01,0x00,0x01,0x00,0x00,0x00FF,0x0239,0x004B,0x01,0x46,0x00,220,19,220:4046:0239:0069:00EC|221:4046:0229:0067:00EC|222:4046:0229:004E:00EC|223:4046:0219:004C:00EC|224:4046:0239:0068:00FC|225:4046:0229:0063:00FC|226:4046:0229:004D:00FC|227:4046:0219:004B:00FC
round6_phase1,0xFA,3766,0x0002,0x0003,0x0000,0x01,0x0074,0x0000,0x0000,actor_2c8,4,0x10C3C8,0x01,0x11,0x01,0x00,0x0F,0x00,0x00,0x009C,0x0260,0x0A73,0x00,0x08,0x02,180,10,180:0000:0260:0AA1:009C|181:0000:0250:0A9F:009C|182:0000:0260:0AA0:008C|183:0000:0250:0A9E:008C
round6_phase1,0xFA,3766,0x0002,0x0003,0x0000,0x01,0x0074,0x0000,0x0000,actor_2c8,5,0x10C408,0x01,0x68,0x01,0x00,0x01,0x00,0x02,0x026F,0x0279,0x02E8,0x00,0x4A,0x00,190,10,190:004A:0279:02F6:0266|191:004A:0269:02F4:0266|192:004A:0279:02F5:0256|193:004A:0266:030C:0266|194:004A:0256:02E9:0266|195:004A:0266:030B:0256|196:004A:0256:030A:0256|197:004A:0266:0301:0276
round6_phase1,0xFA,3766,0x0002,0x0003,0x0000,0x01,0x0074,0x0000,0x0000,actor_2c8,7,0x10C488,0x01,0xCC,0x01,0x00,0x01,0x00,0x00,0x012B,0x0039,0x0420,0x00,0x47,0x00,210,10,210:0047:0019:0420:0119|211:0047:0019:0421:0129|212:0047:0029:0422:0119|213:0047:0029:0423:0129|214:0047:002A:0427:0121|215:0047:003A:0428:0121
round6_phase1,0xFA,3766,0x0002,0x0003,0x0000,0x01,0x0074,0x0000,0x0000,actor_2c8,8,0x10C4C8,0x01,0x18,0x01,0x00,0x01,0x00,0x00,0x0101,0x0239,0x004B,0x01,0x46,0x00,220,19,220:4046:0239:0069:00EE|221:4046:0229:0067:00EE|222:4046:0229:004E:00EE|223:4046:0219:004C:00EE|224:4046:0239:0068:00FE|225:4046:0229:0063:00FE|226:4046:0229:004D:00FE|227:4046:0219:004B:00FE
round6_phase1,0xFA,3768,0x0002,0x0003,0x0000,0x01,0x0074,0x0000,0x0000,actor_2c8,4,0x10C3C8,0x01,0x12,0x01,0x00,0x0F,0x00,0x00,0x009C,0x0260,0x0A73,0x00,0x08,0x02,180,10,180:0000:0260:0AA1:009C|181:0000:0250:0A9F:009C|182:0000:0260:0AA0:008C|183:0000:0250:0A9E:008C
round6_phase1,0xFA,3768,0x0002,0x0003,0x0000,0x01,0x0074,0x0000,0x0000,actor_2c8,5,0x10C408,0x01,0x68,0x00,0x00,0x02,0x00,0x02,0x026F,0x0279,0x02E8,0x00,0x4A,0x00,190,10,190:004A:0279:02F6:0268|191:004A:0269:02F4:0268|192:004A:0279:02F5:0258|193:004A:0266:030C:0268|194:004A:0256:02E9:0268|195:004A:0266:030B:0258|196:004A:0256:030A:0258|197:004A:0266:0301:0278
round6_phase1,0xFA,3768,0x0002,0x0003,0x0000,0x01,0x0074,0x0000,0x0000,actor_2c8,7,0x10C488,0x01,0xCC,0x01,0x00,0x01,0x00,0x00,0x012D,0x0039,0x0420,0x00,0x47,0x00,210,10,210:0047:0019:0420:011B|211:0047:0019:0421:012B|212:0047:0029:0422:011B|213:0047:0029:0423:012B|214:0047:002A:0427:0123|215:0047:003A:0428:0123
round6_phase1,0xFA,3768,0x0002,0x0003,0x0000,0x01,0x0074,0x0000,0x0000,actor_2c8,8,0x10C4C8,0x01,0x18,0x01,0x00,0x01,0x00,0x00,0x0105,0x0239,0x004B,0x01,0x46,0x00,220,19,220:4046:0239:0069:00F2|221:4046:0229:0067:00F2|222:4046:0229:004E:00F2|223:4046:0219:004C:00F2|224:4046:0239:0068:0102|225:4046:0229:0063:0102|226:4046:0229:004D:0102|227:4046:0219:004B:0102
round6_phase1,0xFA,3770,0x0002,0x0003,0x0000,0x01,0x0074,0x0000,0x0000,actor_2c8,4,0x10C3C8,0x01,0x12,0x01,0x00,0x0F,0x00,0x00,0x009C,0x0260,0x0A73,0x00,0x08,0x02,180,10,180:0000:0258:0AA2:0094
round6_phase1,0xFA,3770,0x0002,0x0003,0x0000,0x01,0x0074,0x0000,0x0000,actor_2c8,7,0x10C488,0x01,0xCC,0x01,0x00,0x01,0x00,0x00,0x012F,0x0039,0x0420,0x00,0x47,0x00,210,10,210:0047:0019:0420:011D|211:0047:0019:0421:012D|212:0047:0029:0422:011D|213:0047:0029:0423:012D|214:0047:002A:0427:0125|215:0047:003A:0428:0125
round6_phase1,0xFA,3770,0x0002,0x0003,0x0000,0x01,0x0074,0x0000,0x0000,actor_2c8,8,0x10C4C8,0x01,0x18,0x01,0x00,0x01,0x00,0x00,0x0107,0x0239,0x004B,0x01,0x46,0x00,220,19,220:4046:0239:0069:00F6|221:4046:0229:0067:00F6|222:4046:0229:004E:00F6|223:4046:0219:004C:00F6|224:4046:0239:0068:0106|225:4046:0229:0063:0106|226:4046:0229:004D:0106|227:4046:0219:004B:0106
round6_phase1,0xFA,3772,0x0002,0x0003,0x0000,0x01,0x0074,0x0000,0x0000,actor_2c8,5,0x10C408,0x01,0xB3,0x00,0x00,0x02,0x00,0x02,0x0267,0x0279,0x02E8,0x01,0x4A,0x00,190,10,190:004A:0279:02F3:025B|191:004A:0269:02F2:025B|192:004A:0266:030C:0262|193:004A:0256:02E9:0262|194:004A:0266:030B:0252|195:004A:0256:030A:0252|196:004A:0266:0301:0272
round6_phase1,0xFA,3772,0x0002,0x0003,0x0000,0x01,0x0074,0x0000,0x0000,actor_2c8,7,0x10C488,0x01,0xC9,0x01,0x00,0x01,0x00,0x00,0x012F,0x0039,0x0420,0x00,0x47,0x00,210,10,210:0047:0018:0420:011F|211:0047:0018:0421:012F|212:0047:0028:0422:011F|213:0047:0028:0423:012F|214:0047:0029:0424:0127|215:0047:0039:0425:011F|216:0047:0039:0426:012F
round6_phase1,0xFA,3772,0x0002,0x0003,0x0000,0x01,0x0074,0x0000,0x0000,actor_2c8,8,0x10C4C8,0x01,0x17,0x01,0x00,0x01,0x00,0x00,0x010B,0x0239,0x004B,0x00,0x46,0x00,220,19,220:0046:023A:0066:0109|221:0046:022A:0064:0109|222:0046:022A:004E:0109|223:0046:021A:004C:0109|224:0046:023A:0065:00F9|225:0046:022A:0063:00F9|226:0046:022A:004D:00F9|227:0046:021A:004B:00F9
round6_phase1,0xFA,3774,0x0002,0x0003,0x0000,0x01,0x0074,0x0000,0x0000,actor_2c8,5,0x10C408,0x01,0xB3,0x00,0x00,0x02,0x00,0x02,0x0265,0x0279,0x02E8,0x01,0x4A,0x00,190,10,190:004A:0279:02F3:0259|191:004A:0269:02F2:0259|192:004A:0266:030C:0260|193:004A:0256:02E9:0260|194:004A:0266:030B:0250|195:004A:0256:030A:0250|196:004A:0266:0301:0270
round6_phase1,0xFA,3774,0x0002,0x0003,0x0000,0x01,0x0074,0x0000,0x0000,actor_2c8,7,0x10C488,0x01,0xC9,0x01,0x00,0x01,0x00,0x00,0x0131,0x0039,0x0420,0x00,0x47,0x00,210,10,210:0047:0018:0420:0121|211:0047:0018:0421:0131|212:0047:0028:0422:0121|213:0047:0028:0423:0131|214:0047:0029:0424:0129|215:0047:0039:0425:0121|216:0047:0039:0426:0131
round6_phase1,0xFA,3774,0x0002,0x0003,0x0000,0x01,0x0074,0x0000,0x0000,actor_2c8,8,0x10C4C8,0x01,0x17,0x01,0x00,0x01,0x00,0x00,0x010F,0x0239,0x004B,0x00,0x46,0x00,220,19,220:0046:023A:0066:010D|221:0046:022A:0064:010D|222:0046:022A:004E:010D|223:0046:021A:004C:010D|224:0046:023A:0065:00FD|225:0046:022A:0063:00FD|226:0046:022A:004D:00FD|227:0046:021A:004B:00FD
round6_phase1,0xFA,3776,0x0002,0x0003,0x0000,0x01,0x0074,0x0000,0x0000,actor_2c8,5,0x10C408,0x01,0xB3,0x00,0x00,0x02,0x00,0x02,0x0261,0x0279,0x02E8,0x01,0x4A,0x00,190,10,190:004A:0279:02F3:0255|191:004A:0269:02F2:0255|192:004A:0266:030C:025C|193:004A:0256:02E9:025C|194:004A:0266:030B:024C|195:004A:0256:030A:024C|196:004A:0266:0301:026C
round6_phase1,0xFA,3776,0x0002,0x0003,0x0000,0x01,0x0074,0x0000,0x0000,actor_2c8,7,0x10C488,0x01,0xC9,0x01,0x00,0x01,0x00,0x00,0x0133,0x0039,0x0420,0x00,0x47,0x00,210,10,210:0047:0018:0420:0123|211:0047:0018:0421:0133|212:0047:0028:0422:0123|213:0047:0028:0423:0133|214:0047:0029:0424:012B|215:0047:0039:0425:0123|216:0047:0039:0426:0133
round6_phase1,0xFA,3776,0x0002,0x0003,0x0000,0x01,0x0074,0x0000,0x0000,actor_2c8,8,0x10C4C8,0x01,0x17,0x01,0x00,0x01,0x00,0x00,0x0111,0x0239,0x004B,0x00,0x46,0x00,220,19,220:0046:023A:0066:010F|221:0046:022A:0064:010F|222:0046:022A:004E:010F|223:0046:021A:004C:010F|224:0046:023A:0065:00FF|225:0046:022A:0063:00FF|226:0046:022A:004D:00FF|227:0046:021A:004B:00FF
round6_phase1,0xFA,3778,0x0002,0x0003,0x0000,0x01,0x0074,0x0000,0x0000,actor_2c8,5,0x10C408,0x01,0xB3,0x00,0x00,0x02,0x00,0x02,0x025F,0x0279,0x02E8,0x01,0x4A,0x00,190,10,190:004A:0279:02F3:0251|191:004A:0269:02F2:0251|192:004A:0266:030C:0258|193:004A:0256:02E9:0258|194:004A:0266:030B:0248|195:004A:0256:030A:0248|196:004A:0266:0301:0268
round6_phase1,0xFA,3778,0x0002,0x0003,0x0000,0x01,0x0074,0x0000,0x0000,actor_2c8,7,0x10C488,0x01,0xC9,0x01,0x00,0x01,0x00,0x00,0x0135,0x0039,0x0420,0x00,0x47,0x00,210,10,210:0047:0018:0420:0125|211:0047:0018:0421:0135|212:0047:0028:0422:0125|213:0047:0028:0423:0135|214:0047:0029:0424:012D|215:0047:0039:0425:0125|216:0047:0039:0426:0135
round6_phase1,0xFA,3778,0x0002,0x0003,0x0000,0x01,0x0074,0x0000,0x0000,actor_2c8,8,0x10C4C8,0x01,0x17,0x01,0x00,0x01,0x00,0x00,0x0113,0x0239,0x004B,0x00,0x46,0x00,220,19,220:0046:023A:0066:0111|221:0046:022A:0064:0111|222:0046:022A:004E:0111|223:0046:021A:004C:0111|224:0046:023A:0065:0101|225:0046:022A:0063:0101|226:0046:022A:004D:0101|227:0046:021A:004B:0101
round6_phase1,0xFA,3780,0x0002,0x0003,0x0000,0x01,0x0074,0x0000,0x0000,actor_2c8,7,0x10C488,0x01,0xCA,0x01,0x00,0x01,0x00,0x00,0x0137,0x0039,0x0420,0x00,0x47,0x00,210,10,210:0047:0019:0420:0127|211:0047:0019:0421:0137|212:0047:0029:0422:0127|213:0047:0029:0423:0137|214:0047:002A:0427:012F|215:0047:003A:0428:012F
round6_phase1,0xFA,3780,0x0002,0x0003,0x0000,0x01,0x0074,0x0000,0x0000,actor_2c8,8,0x10C4C8,0x01,0x18,0x01,0x00,0x01,0x00,0x00,0x0115,0x0239,0x004B,0x00,0x46,0x00,220,19,220:0046:0239:0069:0113|221:0046:0229:0067:0113|222:0046:0229:004E:0113|223:0046:0219:004C:0113|224:0046:0239:0068:0103|225:0046:0229:0063:0103|226:0046:0229:004D:0103|227:0046:0219:004B:0103
round6_phase1,0xFA,3782,0x0002,0x0003,0x0000,0x01,0x0074,0x0000,0x0000,actor_2c8,5,0x10C408,0x01,0x68,0x01,0x00,0x01,0x00,0x02,0x0267,0x0279,0x02E8,0x00,0x4A,0x00,190,10,190:004A:0279:02F6:025E|191:004A:0269:02F4:025E|192:004A:0279:02F5:024E|193:004A:0266:030C:025E|194:004A:0256:02E9:025E|195:004A:0266:030B:024E|196:004A:0256:030A:024E|197:004A:0266:0301:026E
round6_phase1,0xFA,3782,0x0002,0x0003,0x0000,0x01,0x0074,0x0000,0x0000,actor_2c8,8,0x10C4C8,0x01,0x18,0x01,0x00,0x01,0x00,0x00,0x0117,0x0239,0x004B,0x00,0x46,0x00,220,19,220:0046:0239:0069:0115|221:0046:0229:0067:0115|222:0046:0229:004E:0115|223:0046:0219:004C:0115|224:0046:0239:0068:0105|225:0046:0229:0063:0105|226:0046:0229:004D:0105|227:0046:0219:004B:0105
round6_phase1,0xFA,3784,0x0002,0x0003,0x0000,0x01,0x0074,0x0000,0x0000,actor_2c8,5,0x10C408,0x01,0x68,0x01,0x00,0x01,0x00,0x02,0x0269,0x0279,0x02E8,0x00,0x4A,0x00,190,10,190:004A:0279:02F6:0260|191:004A:0269:02F4:0260|192:004A:0279:02F5:0250|193:004A:0266:030C:0260|194:004A:0256:02E9:0260|195:004A:0266:030B:0250|196:004A:0256:030A:0250|197:004A:0266:0301:0270
round6_phase1,0xFA,3784,0x0002,0x0003,0x0000,0x01,0x0074,0x0000,0x0000,actor_2c8,7,0x10C488,0x01,0xCA,0x01,0x00,0x01,0x00,0x00,0x013B,0x0039,0x0420,0x00,0x47,0x00,210,10,210:0047:0019:0420:0129|211:0047:0019:0421:0139|212:0047:0029:0422:0129|213:0047:0029:0423:0139|214:0047:002A:0427:0131|215:0047:003A:0428:0131
round6_phase1,0xFA,3784,0x0002,0x0003,0x0000,0x01,0x0074,0x0000,0x0000,actor_2c8,8,0x10C4C8,0x01,0x18,0x01,0x00,0x01,0x00,0x00,0x0117,0x0239,0x004B,0x00,0x46,0x00,220,19,220:0046:0239:0069:0117|221:0046:0229:0067:0117|222:0046:0229:004E:0117|223:0046:0219:004C:0117|224:0046:0239:0068:0107|225:0046:0229:0063:0107|226:0046:0229:004D:0107|227:0046:0219:004B:0107
round6_phase1,0xFA,3786,0x0002,0x0003,0x0000,0x01,0x0074,0x0000,0x0000,actor_2c8,7,0x10C488,0x01,0xCA,0x01,0x00,0x01,0x00,0x00,0x013D,0x0039,0x0420,0x00,0x47,0x00,210,10,210:0047:0019:0420:012B|211:0047:0019:0421:013B|212:0047:0029:0422:012B|213:0047:0029:0423:013B|214:0047:002A:0427:0133|215:0047:003A:0428:0133
round6_phase1,0xFA,3786,0x0002,0x0003,0x0000,0x01,0x0074,0x0000,0x0000,actor_2c8,8,0x10C4C8,0x01,0x18,0x01,0x00,0x01,0x00,0x00,0x0119,0x0239,0x004B,0x00,0x46,0x00,220,19,220:0046:0239:0069:0119|221:0046:0229:0067:0119|222:0046:0229:004E:0119|223:0046:0219:004C:0119|224:0046:0239:0068:0109|225:0046:0229:0063:0109|226:0046:0229:004D:0109|227:0046:0219:004B:0109
round6_phase1,0xFA,3788,0x0002,0x0003,0x0000,0x01,0x0074,0x0000,0x0000,actor_2c8,5,0x10C408,0x01,0xB4,0x00,0x00,0x02,0x00,0x02,0x026F,0x0279,0x02E8,0x00,0x4A,0x00,190,10,190:004A:0279:02F8:0264|191:004A:0269:02F7:0264|192:004A:0266:030C:0268|193:004A:0256:02E9:0268|194:004A:0266:030B:0258|195:004A:0256:030A:0258|196:004A:0266:0301:0278
round6_phase1,0xFA,3788,0x0002,0x0003,0x0000,0x01,0x0074,0x0000,0x0000,actor_2c8,7,0x10C488,0x01,0xCB,0x01,0x00,0x01,0x00,0x00,0x013F,0x0039,0x0420,0x00,0x47,0x00,210,10,210:0047:0018:0420:012D|211:0047:0018:0421:013D|212:0047:0028:0422:012D|213:0047:0028:0423:013D|214:0047:0029:0429:0135|215:0047:0039:042A:0135
round6_phase1,0xFA,3788,0x0002,0x0003,0x0000,0x01,0x0074,0x0000,0x0000,actor_2c8,8,0x10C4C8,0x01,0x19,0x01,0x00,0x01,0x00,0x00,0x011B,0x0239,0x004B,0x00,0x46,0x00,220,19,220:0046:023A:006D:011B|221:0046:022A:006B:011B|222:0046:022A:004E:011B|223:0046:021A:004C:011B|224:0046:023A:006C:010B|225:0046:022A:006A:010B|226:0046:022A:004D:010B|227:0046:021A:004B:010B
round6_phase1,0xFA,3790,0x0002,0x0003,0x0000,0x01,0x0074,0x0000,0x0000,actor_2c8,5,0x10C408,0x01,0xB4,0x00,0x00,0x02,0x00,0x02,0x026B,0x0279,0x02E8,0x01,0x4A,0x00,190,10,190:004A:0279:02F8:0262|191:004A:0269:02F7:0262|192:004A:0266:030C:0266|193:004A:0256:02E9:0266|194:004A:0266:030B:0256|195:004A:0256:030A:0256|196:004A:0266:0301:0276
round6_phase1,0xFA,3790,0x0002,0x0003,0x0000,0x01,0x0074,0x0000,0x0000,actor_2c8,7,0x10C488,0x01,0xCB,0x01,0x00,0x01,0x00,0x00,0x013F,0x0039,0x0420,0x00,0x47,0x00,210,10,210:0047:0018:0420:012F|211:0047:0018:0421:013F|212:0047:0028:0422:012F|213:0047:0028:0423:013F|214:0047:0029:0429:0137|215:0047:0039:042A:0137
round6_phase1,0xFA,3790,0x0002,0x0003,0x0000,0x01,0x0074,0x0000,0x0000,actor_2c8,8,0x10C4C8,0x01,0x19,0x01,0x00,0x01,0x00,0x00,0x011D,0x0239,0x004B,0x00,0x46,0x00,220,19,220:0046:023A:006D:011D|221:0046:022A:006B:011D|222:0046:022A:004E:011D|223:0046:021A:004C:011D|224:0046:023A:006C:010D|225:0046:022A:006A:010D|226:0046:022A:004D:010D|227:0046:021A:004B:010D
round6_phase1,0xFA,3792,0x0002,0x0003,0x0000,0x01,0x0074,0x0000,0x0000,actor_2c8,7,0x10C488,0x01,0xCB,0x01,0x00,0x01,0x00,0x00,0x0141,0x0039,0x0420,0x00,0x47,0x00,210,10,210:0047:0018:0420:0131|211:0047:0018:0421:0141|212:0047:0028:0422:0131|213:0047:0028:0423:0141|214:0047:0029:0429:0139|215:0047:0039:042A:0139
round6_phase1,0xFA,3792,0x0002,0x0003,0x0000,0x01,0x0074,0x0000,0x0000,actor_2c8,8,0x10C4C8,0x01,0x19,0x01,0x00,0x01,0x00,0x00,0x011F,0x0239,0x004B,0x00,0x46,0x00,220,19,220:0046:023A:006D:011F|221:0046:022A:006B:011F|222:0046:022A:004E:011F|223:0046:021A:004C:011F|224:0046:023A:006C:010F|225:0046:022A:006A:010F|226:0046:022A:004D:010F|227:0046:021A:004B:010F
round6_phase1,0xFA,3794,0x0002,0x0003,0x0000,0x01,0x0074,0x0000,0x0000,actor_2c8,7,0x10C488,0x01,0xCB,0x01,0x00,0x01,0x00,0x00,0x0143,0x0039,0x0420,0x00,0x47,0x00,210,10,210:0047:0018:0420:0133|211:0047:0018:0421:0143|212:0047:0028:0422:0133|213:0047:0028:0423:0143|214:0047:0029:0429:013B|215:0047:0039:042A:013B
round6_phase1,0xFA,3796,0x0002,0x0003,0x0000,0x01,0x0074,0x0000,0x0000,actor_2c8,7,0x10C488,0x01,0xCC,0x01,0x00,0x01,0x00,0x00,0x0145,0x0039,0x0420,0x00,0x47,0x00,210,10,210:0047:0019:0420:0135|211:0047:0019:0421:0145|212:0047:0029:0422:0135|213:0047:0029:0423:0145|214:0047:002A:0427:013D|215:0047:003A:0428:013D
round6_phase1,0xFA,3796,0x0002,0x0003,0x0000,0x01,0x0074,0x0000,0x0000,actor_2c8,8,0x10C4C8,0x01,0x18,0x01,0x00,0x01,0x00,0x00,0x0123,0x0239,0x004B,0x00,0x46,0x00,220,19,220:0046:0239:0069:0121|221:0046:0229:0067:0121|222:0046:0229:004E:0121|223:0046:0219:004C:0121|224:0046:0239:0068:0111|225:0046:0229:0063:0111|226:0046:0229:004D:0111|227:0046:0219:004B:0111
round6_phase1,0xFA,3798,0x0002,0x0003,0x0000,0x01,0x0074,0x0000,0x0000,actor_2c8,7,0x10C488,0x01,0xCC,0x01,0x00,0x01,0x00,0x00,0x0147,0x0039,0x0420,0x00,0x47,0x00,210,10,210:0047:0019:0420:0137|211:0047:0019:0421:0147|212:0047:0029:0422:0137|213:0047:0029:0423:0147|214:0047:002A:0427:013F|215:0047:003A:0428:013F
round6_phase1,0xFA,3798,0x0002,0x0003,0x0000,0x01,0x0074,0x0000,0x0000,actor_2c8,8,0x10C4C8,0x01,0x18,0x01,0x00,0x01,0x00,0x00,0x0125,0x0239,0x004B,0x00,0x46,0x00,220,19,220:0046:0239:0069:0123|221:0046:0229:0067:0123|222:0046:0229:004E:0123|223:0046:0219:004C:0123|224:0046:0239:0068:0113|225:0046:0229:0063:0113|226:0046:0229:004D:0113|227:0046:0219:004B:0113
round6_phase1,0xFA,3800,0x0002,0x0003,0x0000,0x01,0x0074,0x0000,0x0000,actor_2c8,8,0x10C4C8,0x01,0x18,0x01,0x00,0x01,0x00,0x00,0x0127,0x0239,0x004B,0x00,0x46,0x00,220,19,220:0046:0239:0069:0125|221:0046:0229:0067:0125|222:0046:0229:004E:0125|223:0046:0219:004C:0125|224:0046:0239:0068:0115|225:0046:0229:0063:0115|226:0046:0229:004D:0115|227:0046:0219:004B:0115
round6_phase1,0xFA,3802,0x0002,0x0003,0x0000,0x01,0x0074,0x0000,0x0000,actor_2c8,5,0x10C408,0x01,0x68,0x00,0x00,0x02,0x00,0x02,0x0257,0x0279,0x02E8,0x01,0x4A,0x00,190,10,190:004A:0279:02F6:0252|191:004A:0269:02F4:0252|192:004A:0279:02F5:0242|193:004A:0266:030C:0252|194:004A:0256:02E9:0252|195:004A:0266:030B:0242|196:004A:0256:030A:0242|197:004A:0266:0301:0262
round6_phase1,0xFA,3802,0x0002,0x0003,0x0000,0x01,0x0074,0x0000,0x0000,actor_2c8,7,0x10C488,0x01,0xCC,0x01,0x00,0x01,0x00,0x00,0x014B,0x0039,0x0420,0x00,0x47,0x00,210,10,210:0047:0019:0420:0139|211:0047:0019:0421:0149|212:0047:0029:0422:0139|213:0047:0029:0423:0149|214:0047:002A:0427:0141|215:0047:003A:0428:0141
round6_phase1,0xFA,3802,0x0002,0x0003,0x0000,0x01,0x0074,0x0000,0x0000,actor_2c8,8,0x10C4C8,0x01,0x18,0x01,0x00,0x01,0x00,0x00,0x0127,0x0239,0x004B,0x00,0x46,0x00,220,19,220:0046:0239:0069:0127|221:0046:0229:0067:0127|222:0046:0229:004E:0127|223:0046:0219:004C:0127|224:0046:0239:0068:0117|225:0046:0229:0063:0117|226:0046:0229:004D:0117|227:0046:0219:004B:0117
round6_phase1,0xFA,3804,0x0002,0x0003,0x0000,0x01,0x0074,0x0000,0x0000,actor_2c8,7,0x10C488,0x01,0xC9,0x01,0x00,0x01,0x00,0x00,0x014D,0x0039,0x0420,0x00,0x47,0x00,210,10,210:0047:0018:0420:013B|211:0047:0018:0421:014B|212:0047:0028:0422:013B|213:0047:0028:0423:014B|214:0047:0029:0424:0143|215:0047:0039:0425:013B|216:0047:0039:0426:014B
round6_phase1,0xFA,3804,0x0002,0x0003,0x0000,0x01,0x0074,0x0000,0x0000,actor_2c8,8,0x10C4C8,0x01,0x17,0x01,0x00,0x01,0x00,0x00,0x0129,0x0239,0x004B,0x00,0x46,0x00,220,19,220:0046:023A:0066:0129|221:0046:022A:0064:0129|222:0046:022A:004E:0129|223:0046:021A:004C:0129|224:0046:023A:0065:0119|225:0046:022A:0063:0119|226:0046:022A:004D:0119|227:0046:021A:004B:0119
round6_phase1,0xFA,3806,0x0002,0x0003,0x0000,0x01,0x0074,0x0000,0x0000,actor_2c8,5,0x10C408,0x01,0xB3,0x00,0x00,0x02,0x00,0x02,0x0251,0x0279,0x02E8,0x01,0x4A,0x00,190,10,190:004A:0279:02F3:0245|191:004A:0269:02F2:0245|192:004A:0266:030C:024C|193:004A:0256:02E9:024C|194:004A:0266:030B:023C|195:004A:0256:030A:023C|196:004A:0266:0301:025C
round6_phase1,0xFA,3806,0x0002,0x0003,0x0000,0x01,0x0074,0x0000,0x0000,actor_2c8,7,0x10C488,0x01,0xC9,0x01,0x00,0x01,0x00,0x00,0x014F,0x0039,0x0420,0x00,0x47,0x00,210,10,210:0047:0018:0420:013D|211:0047:0018:0421:014D|212:0047:0028:0422:013D|213:0047:0028:0423:014D|214:0047:0029:0424:0145|215:0047:0039:0425:013D|216:0047:0039:0426:014D
round6_phase1,0xFA,3806,0x0002,0x0003,0x0000,0x01,0x0074,0x0000,0x0000,actor_2c8,8,0x10C4C8,0x01,0x17,0x01,0x00,0x01,0x00,0x00,0x012B,0x0239,0x004B,0x00,0x46,0x00,220,19,220:0046:023A:0066:012B|221:0046:022A:0064:012B|222:0046:022A:004E:012B|223:0046:021A:004C:012B|224:0046:023A:0065:011B|225:0046:022A:0063:011B|226:0046:022A:004D:011B|227:0046:021A:004B:011B
round6_phase1,0xFA,3808,0x0002,0x0003,0x0000,0x01,0x0074,0x0000,0x0000,actor_2c8,5,0x10C408,0x01,0xB3,0x00,0x00,0x02,0x00,0x02,0x024F,0x0279,0x02E8,0x01,0x4A,0x00,190,10,190:004A:0279:02F3:0241|191:004A:0269:02F2:0241|192:004A:0266:030C:0248|193:004A:0256:02E9:0248|194:004A:0266:030B:0238|195:004A:0256:030A:0238|196:004A:0266:0301:0258
round6_phase1,0xFA,3808,0x0002,0x0003,0x0000,0x01,0x0074,0x0000,0x0000,actor_2c8,7,0x10C488,0x01,0xC9,0x01,0x00,0x01,0x00,0x00,0x014F,0x0039,0x0420,0x00,0x47,0x00,210,10,210:0047:0018:0420:013F|211:0047:0018:0421:014F|212:0047:0028:0422:013F|213:0047:0028:0423:014F|214:0047:0029:0424:0147|215:0047:0039:0425:013F|216:0047:0039:0426:014F
round6_phase1,0xFA,3808,0x0002,0x0003,0x0000,0x01,0x0074,0x0000,0x0000,actor_2c8,8,0x10C4C8,0x01,0x17,0x01,0x00,0x01,0x00,0x00,0x012D,0x0239,0x004B,0x00,0x46,0x00,220,19,220:0046:023A:0066:012D|221:0046:022A:0064:012D|222:0046:022A:004E:012D|223:0046:021A:004C:012D|224:0046:023A:0065:011D|225:0046:022A:0063:011D|226:0046:022A:004D:011D|227:0046:021A:004B:011D
round6_phase1,0xFA,3810,0x0002,0x0003,0x0000,0x01,0x0074,0x0000,0x0000,actor_2c8,5,0x10C408,0x01,0xB3,0x00,0x00,0x02,0x00,0x02,0x024B,0x0279,0x02E8,0x01,0x4A,0x00,190,10,190:004A:0279:02F3:023F|191:004A:0269:02F2:023F|192:004A:0266:030C:0246|193:004A:0256:02E9:0246|194:004A:0266:030B:0236|195:004A:0256:030A:0236|196:004A:0266:0301:0256
round6_phase1,0xFA,3810,0x0002,0x0003,0x0000,0x01,0x0074,0x0000,0x0000,actor_2c8,7,0x10C488,0x01,0xC9,0x01,0x00,0x01,0x00,0x00,0x0151,0x0039,0x0420,0x00,0x47,0x00,210,10,210:0047:0018:0420:0141|211:0047:0018:0421:0151|212:0047:0028:0422:0141|213:0047:0028:0423:0151|214:0047:0029:0424:0149|215:0047:0039:0425:0141|216:0047:0039:0426:0151
round6_phase1,0xFA,3810,0x0002,0x0003,0x0000,0x01,0x0074,0x0000,0x0000,actor_2c8,8,0x10C4C8,0x01,0x17,0x01,0x00,0x01,0x00,0x00,0x012F,0x0239,0x004B,0x00,0x46,0x00,220,19,220:0046:023A:0066:012F|221:0046:022A:0064:012F|222:0046:022A:004E:012F|223:0046:021A:004C:012F|224:0046:023A:0065:011F|225:0046:022A:0063:011F|226:0046:022A:004D:011F|227:0046:021A:004B:011F
round6_phase1,0xFA,3812,0x0002,0x0003,0x0000,0x01,0x0074,0x0000,0x0000,actor_2c8,5,0x10C408,0x01,0x68,0x00,0x00,0x02,0x00,0x02,0x0247,0x0279,0x02E8,0x01,0x4A,0x00,190,10,190:004A:0279:02F6:0242|191:004A:0269:02F4:0242|192:004A:0279:02F5:0232|193:004A:0266:030C:0242|194:004A:0256:02E9:0242|195:004A:0266:030B:0232|196:004A:0256:030A:0232|197:004A:0266:0301:0252
round6_phase1,0xFA,3812,0x0002,0x0003,0x0000,0x01,0x0074,0x0000,0x0000,actor_2c8,7,0x10C488,0x01,0xCA,0x01,0x00,0x01,0x00,0x00,0x0153,0x0039,0x0420,0x00,0x47,0x00,210,10,210:0047:0019:0420:0143|211:0047:0019:0421:0153|212:0047:0029:0422:0143|213:0047:0029:0423:0153|214:0047:002A:0427:014B|215:0047:003A:0428:014B
round6_phase1,0xFA,3812,0x0002,0x0003,0x0000,0x01,0x0074,0x0000,0x0000,actor_2c8,8,0x10C4C8,0x01,0x18,0x01,0x00,0x01,0x00,0x00,0x0131,0x0239,0x004B,0x00,0x46,0x00,220,19,220:0046:0239:0069:012F|221:0046:0229:0067:012F|222:0046:0229:004E:012F|223:0046:0219:004C:012F|224:0046:0239:0068:011F|225:0046:0229:0063:011F|226:0046:0229:004D:011F|227:0046:0219:004B:011F
round6_phase1,0xFA,3814,0x0002,0x0003,0x0000,0x01,0x0074,0x0000,0x0000,actor_2c8,7,0x10C488,0x01,0xCA,0x01,0x00,0x01,0x00,0x00,0x0155,0x0039,0x0420,0x00,0x47,0x00,210,10,210:0047:0019:0420:0145|211:0047:0019:0421:0155|212:0047:0029:0422:0145|213:0047:0029:0423:0155|214:0047:002A:0427:014D|215:0047:003A:0428:014D
round6_phase1,0xFA,3814,0x0002,0x0003,0x0000,0x01,0x0074,0x0000,0x0000,actor_2c8,8,0x10C4C8,0x01,0x18,0x01,0x00,0x01,0x00,0x00,0x0133,0x0239,0x004B,0x00,0x46,0x00,220,19,220:0046:0239:0069:0131|221:0046:0229:0067:0131|222:0046:0229:004E:0131|223:0046:0219:004C:0131|224:0046:0239:0068:0121|225:0046:0229:0063:0121|226:0046:0229:004D:0121|227:0046:0219:004B:0121
round6_phase1,0xFA,3816,0x0002,0x0003,0x0000,0x01,0x0074,0x0000,0x0000,actor_2c8,7,0x10C488,0x01,0xCA,0x01,0x00,0x01,0x00,0x00,0x0157,0x0039,0x0420,0x00,0x47,0x00,210,10,210:0047:0019:0420:0147|211:0047:0019:0421:0157|212:0047:0029:0422:0147|213:0047:0029:0423:0157|214:0047:002A:0427:014F|215:0047:003A:0428:014F
round6_phase1,0xFA,3816,0x0002,0x0003,0x0000,0x01,0x0074,0x0000,0x0000,actor_2c8,8,0x10C4C8,0x01,0x18,0x01,0x00,0x01,0x00,0x00,0x0135,0x0239,0x004B,0x00,0x46,0x00,220,19,220:0046:0239:0069:0133|221:0046:0229:0067:0133|222:0046:0229:004E:0133|223:0046:0219:004C:0133|224:0046:0239:0068:0123|225:0046:0229:0063:0123|226:0046:0229:004D:0123|227:0046:0219:004B:0123
round6_phase1,0xFA,3818,0x0002,0x0003,0x0000,0x01,0x0074,0x0000,0x0000,actor_2c8,5,0x10C408,0x01,0x68,0x00,0x00,0x02,0x00,0x02,0x023F,0x0279,0x02E8,0x01,0x4A,0x00,190,10,190:004A:0279:02F6:0238|191:004A:0269:02F4:0238|192:004A:0279:02F5:0228|193:004A:0266:030C:0238|194:004A:0256:02E9:0238|195:004A:0266:030B:0228|196:004A:0256:030A:0228|197:004A:0266:0301:0248
round6_phase1,0xFA,3818,0x0002,0x0003,0x0000,0x01,0x0074,0x0000,0x0000,actor_2c8,8,0x10C4C8,0x01,0x18,0x01,0x00,0x01,0x00,0x00,0x0137,0x0239,0x004B,0x00,0x46,0x00,220,19,220:0046:0239:0069:0135|221:0046:0229:0067:0135|222:0046:0229:004E:0135|223:0046:0219:004C:0135|224:0046:0239:0068:0125|225:0046:0229:0063:0125|226:0046:0229:004D:0125|227:0046:0219:004B:0125
round6_phase1,0xFA,3820,0x0002,0x0003,0x0000,0x01,0x0074,0x0000,0x0000,actor_2c8,5,0x10C408,0x01,0xB4,0x00,0x00,0x02,0x00,0x02,0x023B,0x0279,0x02E8,0x01,0x4A,0x00,190,10,190:004A:0279:02F8:0232|191:004A:0269:02F7:0232|192:004A:0266:030C:0236|193:004A:0256:02E9:0236|194:004A:0266:030B:0226|195:004A:0256:030A:0226|196:004A:0266:0301:0246
round6_phase1,0xFA,3820,0x0002,0x0003,0x0000,0x01,0x0074,0x0000,0x0000,actor_2c8,8,0x10C4C8,0x01,0x19,0x01,0x00,0x01,0x00,0x00,0x0137,0x0239,0x004B,0x00,0x46,0x00,220,19,220:0046:023A:006D:0137|221:0046:022A:006B:0137|222:0046:022A:004E:0137|223:0046:021A:004C:0137|224:0046:023A:006C:0127|225:0046:022A:006A:0127|226:0046:022A:004D:0127|227:0046:021A:004B:0127
round6_phase1,0xFA,3822,0x0002,0x0003,0x0000,0x01,0x0074,0x0000,0x0000,actor_2c8,5,0x10C408,0x01,0xB4,0x00,0x00,0x02,0x00,0x02,0x0237,0x0279,0x02E8,0x00,0x4A,0x00,190,10,190:004A:0279:02F8:022E|191:004A:0269:02F7:022E|192:004A:0266:030C:0232|193:004A:0256:02E9:0232|194:004A:0266:030B:0222|195:004A:0256:030A:0222|196:004A:0266:0301:0242
round6_phase1,0xFA,3822,0x0002,0x0003,0x0000,0x01,0x0074,0x0000,0x0000,actor_2c8,8,0x10C4C8,0x01,0x19,0x01,0x00,0x01,0x00,0x00,0x0139,0x0239,0x004B,0x00,0x46,0x00,220,19,220:0046:023A:006D:0139|221:0046:022A:006B:0139|222:0046:022A:004E:0139|223:0046:021A:004C:0139|224:0046:023A:006C:0129|225:0046:022A:006A:0129|226:0046:022A:004D:0129|227:0046:021A:004B:0129
round6_phase1,0xFA,3824,0x0002,0x0003,0x0000,0x01,0x0074,0x0000,0x0000,actor_2c8,5,0x10C408,0x01,0xB4,0x00,0x00,0x02,0x00,0x02,0x0235,0x0279,0x02E8,0x00,0x4A,0x00,190,10,190:404A:0279:02F8:0231|191:404A:0269:02F7:0231|192:404A:0266:030C:022D|193:404A:0256:02E9:022D|194:404A:0266:030B:023D|195:404A:0256:030A:023D|196:404A:0266:0301:021D
round6_phase1,0xFA,3824,0x0002,0x0003,0x0000,0x01,0x0074,0x0000,0x0000,actor_2c8,8,0x10C4C8,0x01,0x19,0x01,0x00,0x01,0x00,0x00,0x013B,0x0239,0x004B,0x00,0x46,0x00,220,19,220:0046:023A:006D:013B|221:0046:022A:006B:013B|222:0046:022A:004E:013B|223:0046:021A:004C:013B|224:0046:023A:006C:012B|225:0046:022A:006A:012B|226:0046:022A:004D:012B|227:0046:021A:004B:012B
round6_phase1,0xFA,3826,0x0002,0x0003,0x0000,0x01,0x0074,0x0000,0x0000,actor_2c8,5,0x10C408,0x01,0xB4,0x00,0x00,0x02,0x00,0x02,0x0233,0x0279,0x02E8,0x00,0x4A,0x00,190,10,190:404A:0279:02F8:022F|191:404A:0269:02F7:022F|192:404A:0266:030C:022B|193:404A:0256:02E9:022B|194:404A:0266:030B:023B|195:404A:0256:030A:023B|196:404A:0266:0301:021B
round6_phase1,0xFA,3826,0x0002,0x0003,0x0000,0x01,0x0074,0x0000,0x0000,actor_2c8,8,0x10C4C8,0x01,0x19,0x01,0x00,0x01,0x00,0x00,0x013D,0x0239,0x004B,0x00,0x46,0x00,220,19,220:0046:023A:006D:013D|221:0046:022A:006B:013D|222:0046:022A:004E:013D|223:0046:021A:004C:013D|224:0046:023A:006C:012D|225:0046:022A:006A:012D|226:0046:022A:004D:012D|227:0046:021A:004B:012D
round6_phase1,0xFA,3828,0x0002,0x0003,0x0000,0x01,0x0074,0x0000,0x0000,actor_2c8,5,0x10C408,0x01,0x68,0x00,0x00,0x02,0x00,0x02,0x0231,0x0279,0x02E8,0x00,0x4A,0x00,190,10,190:404A:0279:02F6:0229|191:404A:0269:02F4:0229|192:404A:0279:02F5:0239|193:404A:0266:030C:0229|194:404A:0256:02E9:0229|195:404A:0266:030B:0239|196:404A:0256:030A:0239|197:404A:0266:0301:0219
round6_phase1,0xFA,3828,0x0002,0x0003,0x0000,0x01,0x0074,0x0000,0x0000,actor_2c8,8,0x10C4C8,0x01,0x18,0x01,0x00,0x01,0x00,0x00,0x013F,0x0239,0x004B,0x00,0x46,0x00,220,19,220:0046:0239:0069:013F|221:0046:0229:0067:013F|222:0046:0229:004E:013F|223:0046:0219:004C:013F|224:0046:0239:0068:012F|225:0046:0229:0063:012F|226:0046:0229:004D:012F|227:0046:0219:004B:012F
round6_phase1,0xFA,3830,0x0002,0x0003,0x0000,0x01,0x0074,0x0000,0x0000,actor_2c8,5,0x10C408,0x01,0x68,0x00,0x00,0x02,0x00,0x02,0x022F,0x0279,0x02E8,0x00,0x4A,0x00,190,10,190:404A:0279:02F6:0227|191:404A:0269:02F4:0227|192:404A:0279:02F5:0237|193:404A:0266:030C:0227|194:404A:0256:02E9:0227|195:404A:0266:030B:0237|196:404A:0256:030A:0237|197:404A:0266:0301:0217
round6_phase1,0xFA,3832,0x0002,0x0003,0x0000,0x01,0x0074,0x0000,0x0000,actor_2c8,5,0x10C408,0x01,0x68,0x00,0x00,0x02,0x00,0x02,0x022F,0x0279,0x02E8,0x00,0x4A,0x00,190,10,190:404A:0279:02F6:0225|191:404A:0269:02F4:0225|192:404A:0279:02F5:0235|193:404A:0266:030C:0225|194:404A:0256:02E9:0225|195:404A:0266:030B:0235|196:404A:0256:030A:0235|197:404A:0266:0301:0215
round6_phase1,0xFA,3832,0x0002,0x0003,0x0000,0x01,0x0074,0x0000,0x0000,actor_2c8,8,0x10C4C8,0x01,0x18,0x01,0x00,0x01,0x00,0x00,0x0143,0x0239,0x004B,0x00,0x46,0x00,220,19,220:0046:0239:0069:0141|221:0046:0229:0067:0141|222:0046:0229:004E:0141|223:0046:0219:004C:0141|224:0046:0239:0068:0131|225:0046:0229:0063:0131|226:0046:0229:004D:0131|227:0046:0219:004B:0131
round6_phase1,0xFA,3834,0x0002,0x0003,0x0000,0x01,0x0074,0x0000,0x0000,actor_2c8,5,0x10C408,0x01,0x68,0x00,0x00,0x02,0x00,0x02,0x022D,0x0279,0x02E8,0x00,0x4A,0x00,190,10,190:404A:0279:02F6:0223|191:404A:0269:02F4:0223|192:404A:0279:02F5:0233|193:404A:0266:030C:0223|194:404A:0256:02E9:0223|195:404A:0266:030B:0233|196:404A:0256:030A:0233|197:404A:0266:0301:0213
round6_phase1,0xFA,3834,0x0002,0x0003,0x0000,0x01,0x0074,0x0000,0x0000,actor_2c8,8,0x10C4C8,0x01,0x18,0x01,0x00,0x01,0x00,0x00,0x0145,0x0239,0x004B,0x00,0x46,0x00,220,19,220:0046:0239:0069:0143|221:0046:0229:0067:0143|222:0046:0229:004E:0143|223:0046:0219:004C:0143|224:0046:0239:0068:0133|225:0046:0229:0063:0133|226:0046:0229:004D:0133|227:0046:0219:004B:0133
round6_phase1,0xFA,3836,0x0002,0x0003,0x0000,0x01,0x0074,0x0000,0x0000,actor_2c8,5,0x10C408,0x01,0xB3,0x00,0x00,0x02,0x00,0x02,0x022B,0x0279,0x02E8,0x00,0x4A,0x00,190,10,190:404A:0279:02F3:0228|191:404A:0269:02F2:0228|192:404A:0266:030C:0221|193:404A:0256:02E9:0221|194:404A:0266:030B:0231|195:404A:0256:030A:0231|196:404A:0266:0301:0211
round6_phase1,0xFA,3836,0x0002,0x0003,0x0000,0x01,0x0074,0x0000,0x0000,actor_2c8,8,0x10C4C8,0x01,0x17,0x01,0x00,0x01,0x00,0x00,0x0147,0x0239,0x004B,0x00,0x46,0x00,220,19,220:0046:023A:0066:0145|221:0046:022A:0064:0145|222:0046:022A:004E:0145|223:0046:021A:004C:0145|224:0046:023A:0065:0135|225:0046:022A:0063:0135|226:0046:022A:004D:0135|227:0046:021A:004B:0135
round6_phase1,0xFA,3838,0x0002,0x0003,0x0000,0x01,0x0074,0x0000,0x0000,actor_2c8,5,0x10C408,0x01,0xB3,0x00,0x00,0x02,0x00,0x02,0x0229,0x0279,0x02E8,0x00,0x4A,0x00,190,10,190:404A:0279:02F3:0226|191:404A:0269:02F2:0226|192:404A:0266:030C:021F|193:404A:0256:02E9:021F|194:404A:0266:030B:022F|195:404A:0256:030A:022F|196:404A:0266:0301:020F
round6_phase1,0xFA,3838,0x0002,0x0003,0x0000,0x01,0x0074,0x0000,0x0000,actor_2c8,8,0x10C4C8,0x01,0x17,0x01,0x00,0x01,0x00,0x00,0x0147,0x0239,0x004B,0x00,0x46,0x00,220,19,220:0046:023A:0066:0147|221:0046:022A:0064:0147|222:0046:022A:004E:0147|223:0046:021A:004C:0147|224:0046:023A:0065:0137|225:0046:022A:0063:0137|226:0046:022A:004D:0137|227:0046:021A:004B:0137
round6_phase1,0xFA,3840,0x0002,0x0003,0x0000,0x01,0x0074,0x0000,0x0000,actor_2c8,5,0x10C408,0x01,0xB3,0x00,0x00,0x02,0x00,0x02,0x0227,0x0279,0x02E8,0x00,0x4A,0x00,190,10,190:404A:0279:02F3:0224|191:404A:0269:02F2:0224|192:404A:0266:030C:021D|193:404A:0256:02E9:021D|194:404A:0266:030B:022D|195:404A:0256:030A:022D|196:404A:0266:0301:020D
round6_phase1,0xFA,3840,0x0002,0x0003,0x0000,0x01,0x0074,0x0000,0x0000,actor_2c8,8,0x10C4C8,0x01,0x17,0x01,0x00,0x01,0x00,0x00,0x0149,0x0239,0x004B,0x00,0x46,0x00,220,19,220:0046:023A:0066:0149|221:0046:022A:0064:0149|222:0046:022A:004E:0149|223:0046:021A:004C:0149|224:0046:023A:0065:0139|225:0046:022A:0063:0139|226:0046:022A:004D:0139|227:0046:021A:004B:0139
round6_phase1,0xFA,3842,0x0002,0x0003,0x0000,0x01,0x0074,0x0000,0x0000,actor_2c8,8,0x10C4C8,0x01,0x17,0x01,0x00,0x01,0x00,0x00,0x014B,0x0239,0x004B,0x00,0x46,0x00,220,19,220:0046:023A:0066:014B|221:0046:022A:0064:014B|222:0046:022A:004E:014B|223:0046:021A:004C:014B|224:0046:023A:0065:013B|225:0046:022A:0063:013B|226:0046:022A:004D:013B|227:0046:021A:004B:013B
round6_phase1,0xFA,3844,0x0002,0x0003,0x0000,0x01,0x0074,0x0000,0x0000,actor_2c8,8,0x10C4C8,0x01,0x18,0x01,0x00,0x01,0x00,0x00,0x014D,0x0239,0x004B,0x00,0x46,0x00,220,19,220:0046:0239:0069:014D|221:0046:0229:0067:014D|222:0046:0229:004E:014D|223:0046:0219:004C:014D|224:0046:0239:0068:013D|225:0046:0229:0063:013D|226:0046:0229:004D:013D|227:0046:0219:004B:013D
round6_phase1,0xFA,3846,0x0002,0x0003,0x0000,0x01,0x0074,0x0000,0x0000,actor_2c8,8,0x10C4C8,0x01,0x18,0x01,0x00,0x01,0x00,0x00,0x014F,0x0239,0x004B,0x00,0x46,0x00,220,19,220:0046:0239:0069:014F|221:0046:0229:0067:014F|222:0046:0229:004E:014F|223:0046:0219:004C:014F|224:0046:0239:0068:013F|225:0046:0229:0063:013F|226:0046:0229:004D:013F|227:0046:0219:004B:013F
round6_phase1,0xFA,3848,0x0002,0x0003,0x0000,0x01,0x0074,0x0000,0x0000,actor_2c8,5,0x10C408,0x01,0x68,0x00,0x00,0x02,0x00,0x02,0x021F,0x0279,0x02E8,0x00,0x4A,0x00,190,10,190:404A:0279:02F6:0217|191:404A:0269:02F4:0217|192:404A:0279:02F5:0227|193:404A:0266:030C:0217|194:404A:0256:02E9:0217|195:404A:0266:030B:0227|196:404A:0256:030A:0227|197:404A:0266:0301:0207
round6_phase1,0xFA,3850,0x0002,0x0003,0x0000,0x01,0x0074,0x0000,0x0000,actor_2c8,5,0x10C408,0x01,0x68,0x00,0x00,0x02,0x00,0x02,0x021F,0x0279,0x02E8,0x00,0x4A,0x00,190,10,190:404A:0279:02F6:0215|191:404A:0269:02F4:0215|192:404A:0279:02F5:0225|193:404A:0266:030C:0215|194:404A:0256:02E9:0215|195:404A:0266:030B:0225|196:404A:0256:030A:0225|197:404A:0266:0301:0205
round6_phase1,0xFA,3850,0x0002,0x0003,0x0000,0x01,0x0074,0x0000,0x0000,actor_2c8,8,0x10C4C8,0x01,0x18,0x01,0x00,0x01,0x00,0x00,0x0153,0x0239,0x004B,0x00,0x46,0x00,220,19,220:0046:0239:0069:0151|221:0046:0229:0067:0151|222:0046:0229:004E:0151|223:0046:0219:004C:0151|224:0046:0239:0068:0141|225:0046:0229:0063:0141|226:0046:0229:004D:0141|227:0046:0219:004B:0141
round6_phase1,0xFA,3852,0x0002,0x0003,0x0000,0x01,0x0074,0x0000,0x0000,actor_2c8,5,0x10C408,0x01,0xB4,0x00,0x00,0x02,0x00,0x02,0x021D,0x0279,0x02E8,0x00,0x4A,0x00,190,10,190:404A:0279:02F8:0217|191:404A:0269:02F7:0217|192:404A:0266:030C:0213|193:404A:0256:02E9:0213|194:404A:0266:030B:0223|195:404A:0256:030A:0223|196:404A:0266:0301:0203
round6_phase1,0xFA,3852,0x0002,0x0003,0x0000,0x01,0x0074,0x0000,0x0000,actor_2c8,8,0x10C4C8,0x01,0x19,0x01,0x00,0x01,0x00,0x00,0x0155,0x0239,0x004B,0x00,0x46,0x00,220,19,220:0046:023A:006D:0153|221:0046:022A:006B:0153|222:0046:022A:004E:0153|223:0046:021A:004C:0153|224:0046:023A:006C:0143|225:0046:022A:006A:0143|226:0046:022A:004D:0143|227:0046:021A:004B:0143
round6_phase1,0xFA,3854,0x0002,0x0003,0x0000,0x01,0x0074,0x0000,0x0000,actor_2c8,5,0x10C408,0x01,0xB4,0x00,0x00,0x02,0x00,0x02,0x021B,0x0279,0x02E8,0x00,0x4A,0x00,190,10,190:404A:0279:02F8:0215|191:404A:0269:02F7:0215|192:404A:0266:030C:0211|193:404A:0256:02E9:0211|194:404A:0266:030B:0221|195:404A:0256:030A:0221|196:404A:0266:0301:0201
round6_phase1,0xFA,3854,0x0002,0x0003,0x0000,0x01,0x0074,0x0000,0x0000,actor_2c8,8,0x10C4C8,0x01,0x19,0x01,0x00,0x01,0x00,0x00,0x0157,0x0239,0x004B,0x00,0x46,0x00,220,19,220:0046:023A:006D:0155|221:0046:022A:006B:0155|222:0046:022A:004E:0155|223:0046:021A:004C:0155|224:0046:023A:006C:0145|225:0046:022A:006A:0145|226:0046:022A:004D:0145|227:0046:021A:004B:0145
round6_phase1,0xFA,3856,0x0002,0x0003,0x0000,0x01,0x0074,0x0000,0x0000,actor_2c8,5,0x10C408,0x01,0xB4,0x00,0x00,0x02,0x00,0x02,0x0219,0x0279,0x02E8,0x00,0x4A,0x00,190,10,190:404A:0279:02F8:0213|191:404A:0269:02F7:0213|192:404A:0266:030C:020F|193:404A:0256:02E9:020F|194:404A:0266:030B:021F|195:404A:0256:030A:021F|196:404A:0266:0301:01FF
round6_phase1,0xFA,3856,0x0002,0x0003,0x0000,0x01,0x0074,0x0000,0x0000,actor_2c8,8,0x10C4C8,0x01,0x19,0x01,0x00,0x01,0x00,0x00,0x0157,0x0239,0x004B,0x00,0x46,0x00,220,19,220:0046:023A:006D:0157|221:0046:022A:006B:0157|222:0046:022A:004E:0157|223:0046:021A:004C:0157|224:0046:023A:006C:0147|225:0046:022A:006A:0147|226:0046:022A:004D:0147|227:0046:021A:004B:0147
round6_phase1,0xFA,3858,0x0002,0x0003,0x0000,0x01,0x0074,0x0000,0x0000,actor_2c8,5,0x10C408,0x01,0xB4,0x00,0x00,0x02,0x00,0x02,0x0217,0x0279,0x02E8,0x00,0x4A,0x00,190,10,190:404A:0279:02F8:0211|191:404A:0269:02F7:0211|192:404A:0266:030C:020D|193:404A:0256:02E9:020D|194:404A:0266:030B:021D|195:404A:0256:030A:021D|196:404A:0266:0301:01FD
round6_phase1,0xFA,3860,0x0002,0x0003,0x0000,0x01,0x0074,0x0000,0x0000,actor_2c8,5,0x10C408,0x01,0x68,0x00,0x00,0x02,0x00,0x02,0x0215,0x0279,0x02E8,0x00,0x4A,0x00,190,10,190:404A:0279:02F6:020D|191:404A:0269:02F4:020D|192:404A:0279:02F5:021D|193:404A:0266:030C:020D|194:404A:0256:02E9:020D|195:404A:0266:030B:021D|196:404A:0256:030A:021D|197:404A:0266:0301:01FD
round6_phase1,0xFA,3862,0x0002,0x0003,0x0000,0x01,0x0074,0x0000,0x0000,actor_2c8,5,0x10C408,0x01,0x68,0x00,0x00,0x02,0x00,0x02,0x0213,0x0279,0x02E8,0x00,0x4A,0x00,190,10,190:404A:0279:02F6:020B|191:404A:0269:02F4:020B|192:404A:0279:02F5:021B|193:404A:0266:030C:020B|194:404A:0256:02E9:020B|195:404A:0266:030B:021B|196:404A:0256:030A:021B|197:404A:0266:0301:01FB
round6_phase1,0xFA,3864,0x0002,0x0003,0x0000,0x01,0x0074,0x0000,0x0000,actor_2c8,5,0x10C408,0x01,0x68,0x00,0x00,0x02,0x00,0x02,0x0211,0x0279,0x02E8,0x00,0x4A,0x00,190,10,190:404A:0279:02F6:0209|191:404A:0269:02F4:0209|192:404A:0279:02F5:0219|193:404A:0266:030C:0209|194:404A:0256:02E9:0209|195:404A:0266:030B:0219|196:404A:0256:030A:0219|197:404A:0266:0301:01F9
round6_phase1,0xFA,3866,0x0002,0x0003,0x0000,0x01,0x0074,0x0000,0x0000,actor_2c8,5,0x10C408,0x01,0x68,0x00,0x00,0x02,0x00,0x02,0x020F,0x0279,0x02E8,0x00,0x4A,0x00,190,10,190:404A:0279:02F6:0207|191:404A:0269:02F4:0207|192:404A:0279:02F5:0217|193:404A:0266:030C:0207|194:404A:0256:02E9:0207|195:404A:0266:030B:0217|196:404A:0256:030A:0217|197:404A:0266:0301:01F7
round6_phase1,0xFA,3868,0x0002,0x0003,0x0000,0x01,0x0074,0x0000,0x0000,actor_2c8,5,0x10C408,0x01,0xB3,0x00,0x00,0x02,0x00,0x02,0x020F,0x0279,0x02E8,0x00,0x4A,0x00,190,10,190:404A:0279:02F3:020C|191:404A:0269:02F2:020C|192:404A:0266:030C:0205|193:404A:0256:02E9:0205|194:404A:0266:030B:0215|195:404A:0256:030A:0215|196:404A:0266:0301:01F5
round6_phase1,0xFA,3870,0x0002,0x0003,0x0000,0x01,0x0074,0x0000,0x0000,actor_2c8,5,0x10C408,0x01,0xB3,0x01,0x00,0x01,0x00,0x02,0x0211,0x0279,0x02E8,0x00,0x4A,0x00,190,10,190:004A:0279:02F3:0203|191:004A:0269:02F2:0203|192:004A:0266:030C:020A|193:004A:0256:02E9:020A|194:004A:0266:030B:01FA|195:004A:0256:030A:01FA|196:004A:0266:0301:021A
round6_phase1,0xFA,3872,0x0002,0x0003,0x0000,0x01,0x0074,0x0000,0x0000,actor_2c8,5,0x10C408,0x01,0xB3,0x01,0x00,0x01,0x00,0x02,0x0213,0x0279,0x02E8,0x00,0x4A,0x00,190,10,190:004A:0279:02F3:0205|191:004A:0269:02F2:0205|192:004A:0266:030C:020C|193:004A:0256:02E9:020C|194:004A:0266:030B:01FC|195:004A:0256:030A:01FC|196:004A:0266:0301:021C
round6_phase1,0xFA,3874,0x0002,0x0003,0x0000,0x01,0x0074,0x0000,0x0000,actor_2c8,5,0x10C408,0x01,0xB3,0x01,0x00,0x01,0x00,0x02,0x0215,0x0279,0x02E8,0x00,0x4A,0x00,190,10,190:004A:0279:02F3:0207|191:004A:0269:02F2:0207|192:004A:0266:030C:020E|193:004A:0256:02E9:020E|194:004A:0266:030B:01FE|195:004A:0256:030A:01FE|196:004A:0266:0301:021E
round6_phase1,0xFA,3876,0x0002,0x0003,0x0000,0x01,0x0074,0x0000,0x0000,actor_2c8,5,0x10C408,0x01,0x68,0x01,0x00,0x01,0x00,0x02,0x0217,0x0279,0x02E8,0x00,0x4A,0x00,190,10,190:004A:0279:02F6:0210|191:004A:0269:02F4:0210|192:004A:0279:02F5:0200|193:004A:0266:030C:0210|194:004A:0256:02E9:0210|195:004A:0266:030B:0200|196:004A:0256:030A:0200|197:004A:0266:0301:0220
round6_phase1,0xFA,3876,0x0002,0x0003,0x0000,0x01,0x0074,0x0000,0x0000,actor_2c8,6,0x10C448,0x01,0x52,0x00,0x00,0x02,0x00,0x01,0x0145,0x0039,0x00D0,0x00,0x44,0x00,200,10,200:4044:0039:0015:0134|201:4044:0029:00DC:0134|202:4044:0019:00DA:0134|203:4044:0039:0014:0144|204:4044:0029:00DB:0144|205:4044:0019:00D9:0144|206:4044:0039:0013:0154|207:4044:0039:0016:0124|208:4044:0029:00DD:0124
round6_phase1,0xFA,3880,0x0002,0x0003,0x0000,0x01,0x0074,0x0000,0x0000,actor_2c8,5,0x10C408,0x01,0x68,0x01,0x00,0x01,0x00,0x02,0x021B,0x0279,0x02E8,0x00,0x4A,0x00,190,10,190:004A:0279:02F6:0212|191:004A:0269:02F4:0212|192:004A:0279:02F5:0202|193:004A:0266:030C:0212|194:004A:0256:02E9:0212|195:004A:0266:030B:0202|196:004A:0256:030A:0202|197:004A:0266:0301:0222
round6_phase1,0xFA,3880,0x0002,0x0003,0x0000,0x01,0x0074,0x0000,0x0000,actor_2c8,6,0x10C448,0x01,0x52,0x00,0x00,0x02,0x00,0x01,0x0143,0x0039,0x00D0,0x00,0x44,0x00,200,10,200:4044:0039:0015:0132|201:4044:0029:00DC:0132|202:4044:0019:00DA:0132|203:4044:0039:0014:0142|204:4044:0029:00DB:0142|205:4044:0019:00D9:0142|206:4044:0039:0013:0152|207:4044:0039:0016:0122|208:4044:0029:00DD:0122
round6_phase1,0xFA,3882,0x0002,0x0003,0x0000,0x01,0x0074,0x0000,0x0000,actor_2c8,5,0x10C408,0x01,0x68,0x01,0x00,0x01,0x00,0x02,0x021D,0x0279,0x02E8,0x00,0x4A,0x00,190,10,190:004A:0279:02F6:0214|191:004A:0269:02F4:0214|192:004A:0279:02F5:0204|193:004A:0266:030C:0214|194:004A:0256:02E9:0214|195:004A:0266:030B:0204|196:004A:0256:030A:0204|197:004A:0266:0301:0224
round6_phase1,0xFA,3884,0x0002,0x0003,0x0000,0x01,0x0074,0x0000,0x0000,actor_2c8,5,0x10C408,0x01,0xB4,0x01,0x00,0x01,0x00,0x02,0x021F,0x0279,0x02E8,0x00,0x4A,0x00,190,10,190:004A:0279:02F8:0212|191:004A:0269:02F7:0212|192:004A:0266:030C:0216|193:004A:0256:02E9:0216|194:004A:0266:030B:0206|195:004A:0256:030A:0206|196:004A:0266:0301:0226
round6_phase1,0xFA,3884,0x0002,0x0003,0x0000,0x01,0x0074,0x0000,0x0000,actor_2c8,6,0x10C448,0x01,0x53,0x00,0x00,0x02,0x00,0x02,0x0141,0x0039,0x00D0,0x00,0x44,0x00,200,10,200:4044:0039:0019:0130|201:4044:0029:00E5:0130|202:4044:0019:00E3:0130|203:4044:0039:0018:0140|204:4044:0029:00E4:0140|205:4044:0019:00E2:0140|206:4044:0039:0017:0150|207:4044:0039:001A:0120|208:4044:0029:00E6:0120
round6_phase1,0xFA,3886,0x0002,0x0003,0x0000,0x01,0x0074,0x0000,0x0000,actor_2c8,5,0x10C408,0x01,0xB4,0x01,0x00,0x01,0x00,0x02,0x021F,0x0279,0x02E8,0x00,0x4A,0x00,190,10,190:004A:0279:02F8:0214|191:004A:0269:02F7:0214|192:004A:0266:030C:0218|193:004A:0256:02E9:0218|194:004A:0266:030B:0208|195:004A:0256:030A:0208|196:004A:0266:0301:0228
round6_phase1,0xFA,3888,0x0002,0x0003,0x0000,0x01,0x0074,0x0000,0x0000,actor_2c8,5,0x10C408,0x01,0xB4,0x01,0x00,0x01,0x00,0x02,0x0221,0x0279,0x02E8,0x00,0x4A,0x00,190,10,190:004A:0279:02F8:0216|191:004A:0269:02F7:0216|192:004A:0266:030C:021A|193:004A:0256:02E9:021A|194:004A:0266:030B:020A|195:004A:0256:030A:020A|196:004A:0266:0301:022A
round6_phase1,0xFA,3888,0x0002,0x0003,0x0000,0x01,0x0074,0x0000,0x0000,actor_2c8,6,0x10C448,0x01,0x53,0x00,0x00,0x02,0x00,0x02,0x013F,0x0039,0x00D0,0x00,0x44,0x00,200,10,200:4044:0039:0019:012E|201:4044:0029:00E5:012E|202:4044:0019:00E3:012E|203:4044:0039:0018:013E|204:4044:0029:00E4:013E|205:4044:0019:00E2:013E|206:4044:0039:0017:014E|207:4044:0039:001A:011E|208:4044:0029:00E6:011E
round6_phase1,0xFA,3890,0x0002,0x0003,0x0000,0x01,0x0074,0x0000,0x0000,actor_2c8,5,0x10C408,0x01,0xB4,0x01,0x00,0x01,0x00,0x02,0x0223,0x0279,0x02E8,0x00,0x4A,0x00,190,10,190:004A:0279:02F8:0218|191:004A:0269:02F7:0218|192:004A:0266:030C:021C|193:004A:0256:02E9:021C|194:004A:0266:030B:020C|195:004A:0256:030A:020C|196:004A:0266:0301:022C
round6_phase1,0xFA,3892,0x0002,0x0003,0x0000,0x01,0x0074,0x0000,0x0000,actor_2c8,6,0x10C448,0x01,0x55,0x00,0x00,0x02,0x00,0x04,0x013D,0x0039,0x00D0,0x00,0x44,0x00,200,10,200:4044:0039:001D:012E|201:4044:0029:00E5:012E|202:4044:0019:00E3:012E|203:4044:0039:001C:013E|204:4044:0029:00E4:013E|205:4044:0019:00E2:013E|206:4044:0039:001B:014E|207:4044:0039:001E:011E|208:4044:0029:00E6:011E
round6_phase1,0xFA,3894,0x0002,0x0003,0x0000,0x01,0x0074,0x0000,0x0000,actor_2c8,6,0x10C448,0x01,0x55,0x00,0x00,0x02,0x00,0x04,0x013D,0x0039,0x00D0,0x00,0x44,0x00,200,10,200:4044:0039:0021:012C|201:4044:0029:00DC:012C|202:4044:0019:00DA:012C|203:4044:0039:0020:013C|204:4044:0029:00DB:013C|205:4044:0019:00D9:013C|206:4044:0039:001F:014C|207:4044:0039:0022:011C|208:4044:0029:00DD:011C
round6_phase1,0xFA,3898,0x0002,0x0003,0x0000,0x01,0x0074,0x0000,0x0000,actor_2c8,6,0x10C448,0x01,0x55,0x00,0x00,0x02,0x00,0x04,0x013B,0x0039,0x00D0,0x00,0x44,0x00,200,10,200:4044:0039:0021:012A|201:4044:0029:00DC:012A|202:4044:0019:00DA:012A|203:4044:0039:0020:013A|204:4044:0029:00DB:013A|205:4044:0019:00D9:013A|206:4044:0039:001F:014A|207:4044:0039:0022:011A|208:4044:0029:00DD:011A
round6_phase1,0xFA,3898,0x0002,0x0003,0x0000,0x01,0x0074,0x0000,0x0000,actor_2c8,7,0x10C488,0x01,0xCC,0x00,0x00,0x02,0x00,0x00,0x0145,0x0039,0x0420,0x00,0x47,0x00,210,10,
round6_phase1,0xFA,3900,0x0002,0x0003,0x0000,0x01,0x0074,0x0000,0x0000,actor_2c8,5,0x10C408,0x01,0xB3,0x01,0x00,0x01,0x00,0x02,0x022D,0x0279,0x02E8,0x00,0x4A,0x00,190,10,190:004A:0279:02F3:021D|191:004A:0269:02F2:021D|192:004A:0266:030C:0224|193:004A:0256:02E9:0224|194:004A:0266:030B:0214|195:004A:0256:030A:0214|196:004A:0266:0301:0234
round6_phase1,0xFA,3900,0x0002,0x0003,0x0000,0x01,0x0074,0x0000,0x0000,actor_2c8,6,0x10C448,0x01,0x56,0x00,0x00,0x02,0x00,0x05,0x0139,0x0039,0x00D0,0x00,0x44,0x00,200,10,200:4044:0039:0021:012A|201:4044:0029:00DC:012A|202:4044:0019:00DA:012A|203:4044:0039:0020:013A|204:4044:0029:00DB:013A|205:4044:0019:00D9:013A|206:4044:0039:001F:014A|207:4044:0039:0022:011A|208:4044:0029:00DD:011A
round6_phase1,0xFA,3900,0x0002,0x0003,0x0000,0x01,0x0074,0x0000,0x0000,actor_2c8,7,0x10C488,0x01,0xC9,0x00,0x00,0x02,0x00,0x00,0x0143,0x0039,0x0420,0x00,0x47,0x00,210,10,210:4047:0018:0420:0144|211:4047:0018:0421:0134|212:4047:0028:0422:0144|213:4047:0028:0423:0134|214:4047:0029:0424:013C|215:4047:0039:0425:0144|216:4047:0039:0426:0134
round6_phase1,0xFA,3902,0x0002,0x0003,0x0000,0x01,0x0074,0x0000,0x0000,actor_2c8,5,0x10C408,0x01,0xB3,0x01,0x00,0x01,0x00,0x02,0x022F,0x0279,0x02E8,0x00,0x4A,0x00,190,10,190:004A:0279:02F3:021F|191:004A:0269:02F2:021F|192:004A:0266:030C:0226|193:004A:0256:02E9:0226|194:004A:0266:030B:0216|195:004A:0256:030A:0216|196:004A:0266:0301:0236
round6_phase1,0xFA,3902,0x0002,0x0003,0x0000,0x01,0x0074,0x0000,0x0000,actor_2c8,6,0x10C448,0x01,0x56,0x00,0x00,0x02,0x00,0x05,0x0139,0x0039,0x00D0,0x00,0x44,0x00,200,10,200:4044:0039:0025:0128|201:4044:0029:00D3:0128|202:4044:0019:00D1:0128|203:4044:0039:0024:0138|204:4044:0029:00D2:0138|205:4044:0019:00D0:0138|206:4044:0039:0023:0148|207:4044:0039:0026:0118|208:4044:0029:00D4:0118
round6_phase1,0xFA,3902,0x0002,0x0003,0x0000,0x01,0x0074,0x0000,0x0000,actor_2c8,7,0x10C488,0x01,0xC9,0x00,0x00,0x02,0x00,0x00,0x0141,0x0039,0x0420,0x00,0x47,0x00,210,10,210:4047:0018:0420:0142|211:4047:0018:0421:0132|212:4047:0028:0422:0142|213:4047:0028:0423:0132|214:4047:0029:0424:013A|215:4047:0039:0425:0142|216:4047:0039:0426:0132
round6_phase1,0xFA,3904,0x0002,0x0003,0x0000,0x01,0x0074,0x0000,0x0000,actor_2c8,5,0x10C408,0x01,0xB3,0x01,0x00,0x01,0x00,0x02,0x022F,0x0279,0x02E8,0x00,0x4A,0x00,190,10,190:004A:0279:02F3:0221|191:004A:0269:02F2:0221|192:004A:0266:030C:0228|193:004A:0256:02E9:0228|194:004A:0266:030B:0218|195:004A:0256:030A:0218|196:004A:0266:0301:0238
round6_phase1,0xFA,3904,0x0002,0x0003,0x0000,0x01,0x0074,0x0000,0x0000,actor_2c8,7,0x10C488,0x01,0xC9,0x00,0x00,0x02,0x00,0x00,0x013F,0x0039,0x0420,0x00,0x47,0x00,210,10,210:4047:0018:0420:0140|211:4047:0018:0421:0130|212:4047:0028:0422:0140|213:4047:0028:0423:0130|214:4047:0029:0424:0138|215:4047:0039:0425:0140|216:4047:0039:0426:0130
round6_phase1,0xFA,3906,0x0002,0x0003,0x0000,0x01,0x0074,0x0000,0x0000,actor_2c8,5,0x10C408,0x01,0xB3,0x00,0x00,0x02,0x00,0x02,0x022D,0x0279,0x02E8,0x00,0x4A,0x00,190,10,190:404A:0279:02F3:022A|191:404A:0269:02F2:022A|192:404A:0266:030C:0223|193:404A:0256:02E9:0223|194:404A:0266:030B:0233|195:404A:0256:030A:0233|196:404A:0266:0301:0213
round6_phase1,0xFA,3906,0x0002,0x0003,0x0000,0x01,0x0074,0x0000,0x0000,actor_2c8,6,0x10C448,0x01,0x56,0x00,0x00,0x02,0x00,0x05,0x0137,0x0039,0x00D0,0x00,0x44,0x00,200,10,200:4044:0039:0025:0126|201:4044:0029:00D3:0126|202:4044:0019:00D1:0126|203:4044:0039:0024:0136|204:4044:0029:00D2:0136|205:4044:0019:00D0:0136|206:4044:0039:0023:0146|207:4044:0039:0026:0116|208:4044:0029:00D4:0116
round6_phase1,0xFA,3906,0x0002,0x0003,0x0000,0x01,0x0074,0x0000,0x0000,actor_2c8,7,0x10C488,0x01,0xC9,0x00,0x00,0x02,0x00,0x00,0x013F,0x0039,0x0420,0x00,0x47,0x00,210,10,210:4047:0018:0420:013E|211:4047:0018:0421:012E|212:4047:0028:0422:013E|213:4047:0028:0423:012E|214:4047:0029:0424:0136|215:4047:0039:0425:013E|216:4047:0039:0426:012E
round6_phase1,0xFA,3908,0x0002,0x0003,0x0000,0x01,0x0074,0x0000,0x0000,actor_2c8,5,0x10C408,0x01,0x68,0x00,0x00,0x02,0x00,0x02,0x022B,0x0279,0x02E8,0x00,0x4A,0x00,190,10,190:404A:0279:02F6:0221|191:404A:0269:02F4:0221|192:404A:0279:02F5:0231|193:404A:0266:030C:0221|194:404A:0256:02E9:0221|195:404A:0266:030B:0231|196:404A:0256:030A:0231|197:404A:0266:0301:0211
round6_phase1,0xFA,3908,0x0002,0x0003,0x0000,0x01,0x0074,0x0000,0x0000,actor_2c8,6,0x10C448,0x01,0x51,0x00,0x00,0x02,0x00,0x00,0x0137,0x0039,0x00D0,0x00,0x44,0x00,200,10,200:4044:0039:0025:0126|201:4044:0029:00D3:0126|202:4044:0019:00D1:0126|203:4044:0039:0024:0136|204:4044:0029:00D2:0136|205:4044:0019:00D0:0136|206:4044:0039:0023:0146|207:4044:0039:0026:0116|208:4044:0029:00D4:0116
round6_phase1,0xFA,3908,0x0002,0x0003,0x0000,0x01,0x0074,0x0000,0x0000,actor_2c8,7,0x10C488,0x01,0xCA,0x00,0x00,0x02,0x00,0x00,0x013D,0x0039,0x0420,0x00,0x47,0x00,210,10,210:4047:0019:0420:013C|211:4047:0019:0421:012C|212:4047:0029:0422:013C|213:4047:0029:0423:012C|214:4047:002A:0427:0134|215:4047:003A:0428:0134
round6_phase1,0xFA,3910,0x0002,0x0003,0x0000,0x01,0x0074,0x0000,0x0000,actor_2c8,5,0x10C408,0x01,0x68,0x00,0x00,0x02,0x00,0x02,0x0229,0x0279,0x02E8,0x00,0x4A,0x00,190,10,190:404A:0279:02F6:021F|191:404A:0269:02F4:021F|192:404A:0279:02F5:022F|193:404A:0266:030C:021F|194:404A:0256:02E9:021F|195:404A:0266:030B:022F|196:404A:0256:030A:022F|197:404A:0266:0301:020F
round6_phase1,0xFA,3910,0x0002,0x0003,0x0000,0x01,0x0074,0x0000,0x0000,actor_2c8,6,0x10C448,0x01,0x52,0x00,0x00,0x02,0x00,0x01,0x0135,0x0039,0x00D0,0x00,0x44,0x00,200,10,200:4044:0039:0015:0124|201:4044:0029:00DC:0124|202:4044:0019:00DA:0124|203:4044:0039:0014:0134|204:4044:0029:00DB:0134|205:4044:0019:00D9:0134|206:4044:0039:0013:0144|207:4044:0039:0016:0114|208:4044:0029:00DD:0114
round6_phase1,0xFA,3910,0x0002,0x0003,0x0000,0x01,0x0074,0x0000,0x0000,actor_2c8,7,0x10C488,0x01,0xCA,0x00,0x00,0x02,0x00,0x00,0x013B,0x0039,0x0420,0x00,0x47,0x00,210,10,210:4047:0019:0420:013A|211:4047:0019:0421:012A|212:4047:0029:0422:013A|213:4047:0029:0423:012A|214:4047:002A:0427:0132|215:4047:003A:0428:0132
round6_phase1,0xFA,3912,0x0002,0x0003,0x0000,0x01,0x0074,0x0000,0x0000,actor_2c8,5,0x10C408,0x01,0x68,0x00,0x00,0x02,0x00,0x02,0x0227,0x0279,0x02E8,0x00,0x4A,0x00,190,10,190:404A:0279:02F6:021D|191:404A:0269:02F4:021D|192:404A:0279:02F5:022D|193:404A:0266:030C:021D|194:404A:0256:02E9:021D|195:404A:0266:030B:022D|196:404A:0256:030A:022D|197:404A:0266:0301:020D
round6_phase1,0xFA,3912,0x0002,0x0003,0x0000,0x01,0x0074,0x0000,0x0000,actor_2c8,7,0x10C488,0x01,0xCA,0x00,0x00,0x02,0x00,0x00,0x0139,0x0039,0x0420,0x00,0x47,0x00,210,10,210:4047:0019:0420:0138|211:4047:0019:0421:0128|212:4047:0029:0422:0138|213:4047:0029:0423:0128|214:4047:002A:0427:0130|215:4047:003A:0428:0130
round6_phase1,0xFA,3914,0x0002,0x0003,0x0000,0x01,0x0074,0x0000,0x0000,actor_2c8,6,0x10C448,0x01,0x52,0x00,0x00,0x02,0x00,0x01,0x0133,0x0039,0x00D0,0x00,0x44,0x00,200,10,200:4044:0039:0015:0122|201:4044:0029:00DC:0122|202:4044:0019:00DA:0122|203:4044:0039:0014:0132|204:4044:0029:00DB:0132|205:4044:0019:00D9:0132|206:4044:0039:0013:0142|207:4044:0039:0016:0112|208:4044:0029:00DD:0112
round6_phase1,0xFA,3914,0x0002,0x0003,0x0000,0x01,0x0074,0x0000,0x0000,actor_2c8,7,0x10C488,0x01,0xCA,0x00,0x00,0x02,0x00,0x00,0x0137,0x0039,0x0420,0x00,0x47,0x00,210,10,210:4047:0019:0420:0136|211:4047:0019:0421:0126|212:4047:0029:0422:0136|213:4047:0029:0423:0126|214:4047:002A:0427:012E|215:4047:003A:0428:012E
round6_phase1,0xFA,3916,0x0002,0x0003,0x0000,0x01,0x0074,0x0000,0x0000,actor_2c8,5,0x10C408,0x01,0xB4,0x00,0x00,0x02,0x00,0x02,0x0223,0x0279,0x02E8,0x00,0x4A,0x00,190,10,190:404A:0279:02F8:021F|191:404A:0269:02F7:021F|192:404A:0266:030C:021B|193:404A:0256:02E9:021B|194:404A:0266:030B:022B|195:404A:0256:030A:022B|196:404A:0266:0301:020B
round6_phase1,0xFA,3916,0x0002,0x0003,0x0000,0x01,0x0074,0x0000,0x0000,actor_2c8,7,0x10C488,0x01,0xCB,0x00,0x00,0x02,0x00,0x00,0x0135,0x0039,0x0420,0x00,0x47,0x00,210,10,210:4047:0018:0420:0136|211:4047:0018:0421:0126|212:4047:0028:0422:0136|213:4047:0028:0423:0126|214:4047:0029:0429:012E|215:4047:0039:042A:012E
round6_phase1,0xFA,3918,0x0002,0x0003,0x0000,0x01,0x0074,0x0000,0x0000,actor_2c8,5,0x10C408,0x01,0xB4,0x00,0x00,0x02,0x00,0x02,0x0221,0x0279,0x02E8,0x00,0x4A,0x00,190,10,190:404A:0279:02F8:021D|191:404A:0269:02F7:021D|192:404A:0266:030C:0219|193:404A:0256:02E9:0219|194:404A:0266:030B:0229|195:404A:0256:030A:0229|196:404A:0266:0301:0209
round6_phase1,0xFA,3918,0x0002,0x0003,0x0000,0x01,0x0074,0x0000,0x0000,actor_2c8,6,0x10C448,0x01,0x53,0x00,0x00,0x02,0x00,0x02,0x0131,0x0039,0x00D0,0x00,0x44,0x00,200,10,200:4044:0039:0019:0120|201:4044:0029:00E5:0120|202:4044:0019:00E3:0120|203:4044:0039:0018:0130|204:4044:0029:00E4:0130|205:4044:0019:00E2:0130|206:4044:0039:0017:0140|207:4044:0039:001A:0110|208:4044:0029:00E6:0110
round6_phase1,0xFA,3918,0x0002,0x0003,0x0000,0x01,0x0074,0x0000,0x0000,actor_2c8,7,0x10C488,0x01,0xCB,0x00,0x00,0x02,0x00,0x00,0x0133,0x0039,0x0420,0x00,0x47,0x00,210,10,210:4047:0018:0420:0134|211:4047:0018:0421:0124|212:4047:0028:0422:0134|213:4047:0028:0423:0124|214:4047:0029:0429:012C|215:4047:0039:042A:012C
round6_phase1,0xFA,3920,0x0002,0x0003,0x0000,0x01,0x0074,0x0000,0x0000,actor_2c8,5,0x10C408,0x01,0xB4,0x00,0x00,0x02,0x00,0x02,0x021F,0x0279,0x02E8,0x00,0x4A,0x00,190,10,190:404A:0279:02F8:021B|191:404A:0269:02F7:021B|192:404A:0266:030C:0217|193:404A:0256:02E9:0217|194:404A:0266:030B:0227|195:404A:0256:030A:0227|196:404A:0266:0301:0207
round6_phase1,0xFA,3920,0x0002,0x0003,0x0000,0x01,0x0074,0x0000,0x0000,actor_2c8,7,0x10C488,0x01,0xCB,0x00,0x00,0x02,0x00,0x00,0x0131,0x0039,0x0420,0x00,0x47,0x00,210,10,210:4047:0018:0420:0132|211:4047:0018:0421:0122|212:4047:0028:0422:0132|213:4047:0028:0423:0122|214:4047:0029:0429:012A|215:4047:0039:042A:012A
round6_phase1,0xFA,3922,0x0002,0x0003,0x0000,0x01,0x0074,0x0000,0x0000,actor_2c8,5,0x10C408,0x01,0xB4,0x00,0x00,0x02,0x00,0x02,0x021F,0x0279,0x02E8,0x00,0x4A,0x00,190,10,190:404A:0279:02F8:0219|191:404A:0269:02F7:0219|192:404A:0266:030C:0215|193:404A:0256:02E9:0215|194:404A:0266:030B:0225|195:404A:0256:030A:0225|196:404A:0266:0301:0205
round6_phase1,0xFA,3922,0x0002,0x0003,0x0000,0x01,0x0074,0x0000,0x0000,actor_2c8,6,0x10C448,0x01,0x53,0x00,0x00,0x02,0x00,0x02,0x012F,0x0039,0x00D0,0x00,0x44,0x00,200,10,200:4044:0039:0019:011E|201:4044:0029:00E5:011E|202:4044:0019:00E3:011E|203:4044:0039:0018:012E|204:4044:0029:00E4:012E|205:4044:0019:00E2:012E|206:4044:0039:0017:013E|207:4044:0039:001A:010E|208:4044:0029:00E6:010E
round6_phase1,0xFA,3922,0x0002,0x0003,0x0000,0x01,0x0074,0x0000,0x0000,actor_2c8,7,0x10C488,0x01,0xCB,0x00,0x00,0x02,0x00,0x00,0x012F,0x0039,0x0420,0x00,0x47,0x00,210,10,210:4047:0018:0420:0130|211:4047:0018:0421:0120|212:4047:0028:0422:0130|213:4047:0028:0423:0120|214:4047:0029:0429:0128|215:4047:0039:042A:0128
round6_phase1,0xFA,3924,0x0002,0x0003,0x0000,0x01,0x0074,0x0000,0x0000,actor_2c8,5,0x10C408,0x01,0x68,0x00,0x00,0x02,0x00,0x02,0x021D,0x0279,0x02E8,0x00,0x4A,0x00,190,10,190:404A:0279:02F6:0213|191:404A:0269:02F4:0213|192:404A:0279:02F5:0223|193:404A:0266:030C:0213|194:404A:0256:02E9:0213|195:404A:0266:030B:0223|196:404A:0256:030A:0223|197:404A:0266:0301:0203
round6_phase1,0xFA,3924,0x0002,0x0003,0x0000,0x01,0x0074,0x0000,0x0000,actor_2c8,7,0x10C488,0x01,0xCC,0x00,0x00,0x02,0x00,0x00,0x012F,0x0039,0x0420,0x00,0x47,0x00,210,10,210:4047:0019:0420:012E|211:4047:0019:0421:011E|212:4047:0029:0422:012E|213:4047:0029:0423:011E|214:4047:002A:0427:0126|215:4047:003A:0428:0126
round6_phase1,0xFA,3926,0x0002,0x0003,0x0000,0x01,0x0074,0x0000,0x0000,actor_2c8,5,0x10C408,0x01,0x68,0x00,0x00,0x02,0x00,0x02,0x021B,0x0279,0x02E8,0x00,0x4A,0x00,190,10,190:404A:0279:02F6:0211|191:404A:0269:02F4:0211|192:404A:0279:02F5:0221|193:404A:0266:030C:0211|194:404A:0256:02E9:0211|195:404A:0266:030B:0221|196:404A:0256:030A:0221|197:404A:0266:0301:0201
round6_phase1,0xFA,3926,0x0002,0x0003,0x0000,0x01,0x0074,0x0000,0x0000,actor_2c8,6,0x10C448,0x01,0x55,0x00,0x00,0x02,0x00,0x04,0x012D,0x0039,0x00D0,0x00,0x44,0x00,200,10,200:4044:0039:001D:011E|201:4044:0029:00E5:011E|202:4044:0019:00E3:011E|203:4044:0039:001C:012E|204:4044:0029:00E4:012E|205:4044:0019:00E2:012E|206:4044:0039:001B:013E|207:4044:0039:001E:010E|208:4044:0029:00E6:010E
round6_phase1,0xFA,3926,0x0002,0x0003,0x0000,0x01,0x0074,0x0000,0x0000,actor_2c8,7,0x10C488,0x01,0xCC,0x00,0x00,0x02,0x00,0x00,0x012D,0x0039,0x0420,0x00,0x47,0x00,210,10,210:4047:0019:0420:012C|211:4047:0019:0421:011C|212:4047:0029:0422:012C|213:4047:0029:0423:011C|214:4047:002A:0427:0124|215:4047:003A:0428:0124
round6_phase1,0xFA,3928,0x0002,0x0003,0x0000,0x01,0x0074,0x0000,0x0000,actor_2c8,5,0x10C408,0x01,0x68,0x00,0x00,0x02,0x00,0x02,0x0219,0x0279,0x02E8,0x00,0x4A,0x00,190,10,190:404A:0279:02F6:020F|191:404A:0269:02F4:020F|192:404A:0279:02F5:021F|193:404A:0266:030C:020F|194:404A:0256:02E9:020F|195:404A:0266:030B:021F|196:404A:0256:030A:021F|197:404A:0266:0301:01FF
round6_phase1,0xFA,3928,0x0002,0x0003,0x0000,0x01,0x0074,0x0000,0x0000,actor_2c8,6,0x10C448,0x01,0x55,0x00,0x00,0x02,0x00,0x04,0x012D,0x0039,0x00D0,0x00,0x44,0x00,200,10,200:4044:0039:0021:011C|201:4044:0029:00DC:011C|202:4044:0019:00DA:011C|203:4044:0039:0020:012C|204:4044:0029:00DB:012C|205:4044:0019:00D9:012C|206:4044:0039:001F:013C|207:4044:0039:0022:010C|208:4044:0029:00DD:010C
round6_phase1,0xFA,3928,0x0002,0x0003,0x0000,0x01,0x0074,0x0000,0x0000,actor_2c8,7,0x10C488,0x01,0xCC,0x00,0x00,0x02,0x00,0x00,0x012B,0x0039,0x0420,0x00,0x47,0x00,210,10,210:4047:0019:0420:012A|211:4047:0019:0421:011A|212:4047:0029:0422:012A|213:4047:0029:0423:011A|214:4047:002A:0427:0122|215:4047:003A:0428:0122
round6_phase1,0xFA,3930,0x0002,0x0003,0x0000,0x01,0x0074,0x0000,0x0000,actor_2c8,7,0x10C488,0x01,0xCC,0x00,0x00,0x02,0x00,0x00,0x0129,0x0039,0x0420,0x00,0x47,0x00,210,10,210:4047:0019:0420:0128|211:4047:0019:0421:0118|212:4047:0029:0422:0128|213:4047:0029:0423:0118|214:4047:002A:0427:0120|215:4047:003A:0428:0120
round6_phase1,0xFA,3932,0x0002,0x0003,0x0000,0x01,0x0074,0x0000,0x0000,actor_2c8,5,0x10C408,0x01,0xB3,0x00,0x00,0x02,0x00,0x02,0x0215,0x0279,0x02E8,0x00,0x4A,0x00,190,10,190:404A:0279:02F3:0214|191:404A:0269:02F2:0214|192:404A:0266:030C:020D|193:404A:0256:02E9:020D|194:404A:0266:030B:021D|195:404A:0256:030A:021D|196:404A:0266:0301:01FD
round6_phase1,0xFA,3932,0x0002,0x0003,0x0000,0x01,0x0074,0x0000,0x0000,actor_2c8,6,0x10C448,0x01,0x55,0x00,0x00,0x02,0x00,0x04,0x012B,0x0039,0x00D0,0x00,0x44,0x00,200,10,200:4044:0039:0021:011A|201:4044:0029:00DC:011A|202:4044:0019:00DA:011A|203:4044:0039:0020:012A|204:4044:0029:00DB:012A|205:4044:0019:00D9:012A|206:4044:0039:001F:013A|207:4044:0039:0022:010A|208:4044:0029:00DD:010A
round6_phase1,0xFA,3932,0x0002,0x0003,0x0000,0x01,0x0074,0x0000,0x0000,actor_2c8,7,0x10C488,0x01,0xC9,0x00,0x00,0x02,0x00,0x00,0x0127,0x0039,0x0420,0x00,0x47,0x00,210,10,210:4047:0018:0420:0126|211:4047:0018:0421:0116|212:4047:0028:0422:0126|213:4047:0028:0423:0116|214:4047:0029:0424:011E|215:4047:0039:0425:0126|216:4047:0039:0426:0116
round6_phase1,0xFA,3934,0x0002,0x0003,0x0000,0x01,0x0074,0x0000,0x0000,actor_2c8,5,0x10C408,0x01,0xB3,0x00,0x00,0x02,0x00,0x02,0x0213,0x0279,0x02E8,0x00,0x4A,0x00,190,10,190:404A:0279:02F3:0212|191:404A:0269:02F2:0212|192:404A:0266:030C:020B|193:404A:0256:02E9:020B|194:404A:0266:030B:021B|195:404A:0256:030A:021B|196:404A:0266:0301:01FB
round6_phase1,0xFA,3934,0x0002,0x0003,0x0000,0x01,0x0074,0x0000,0x0000,actor_2c8,6,0x10C448,0x01,0x56,0x00,0x00,0x02,0x00,0x05,0x0129,0x0039,0x00D0,0x00,0x44,0x00,200,10,200:4044:0039:0021:011A|201:4044:0029:00DC:011A|202:4044:0019:00DA:011A|203:4044:0039:0020:012A|204:4044:0029:00DB:012A|205:4044:0019:00D9:012A|206:4044:0039:001F:013A|207:4044:0039:0022:010A|208:4044:0029:00DD:010A
round6_phase1,0xFA,3936,0x0002,0x0003,0x0000,0x01,0x0074,0x0000,0x0000,actor_2c8,5,0x10C408,0x01,0xB3,0x00,0x00,0x02,0x00,0x02,0x0211,0x0279,0x02E8,0x00,0x4A,0x00,190,10,190:404A:0279:02F3:0210|191:404A:0269:02F2:0210|192:404A:0266:030C:0209|193:404A:0256:02E9:0209|194:404A:0266:030B:0219|195:404A:0256:030A:0219|196:404A:0266:0301:01F9
round6_phase1,0xFA,3936,0x0002,0x0003,0x0000,0x01,0x0074,0x0000,0x0000,actor_2c8,6,0x10C448,0x01,0x56,0x00,0x00,0x02,0x00,0x05,0x0129,0x0039,0x00D0,0x00,0x44,0x00,200,10,200:4044:0039:0025:0118|201:4044:0029:00D3:0118|202:4044:0019:00D1:0118|203:4044:0039:0024:0128|204:4044:0029:00D2:0128|205:4044:0019:00D0:0128|206:4044:0039:0023:0138|207:4044:0039:0026:0108|208:4044:0029:00D4:0108
round6_phase1,0xFA,3936,0x0002,0x0003,0x0000,0x01,0x0074,0x0000,0x0000,actor_2c8,7,0x10C488,0x01,0xC9,0x00,0x00,0x02,0x00,0x00,0x0123,0x0039,0x0420,0x00,0x47,0x00,210,10,210:4047:0018:0420:0124|211:4047:0018:0421:0114|212:4047:0028:0422:0124|213:4047:0028:0423:0114|214:4047:0029:0424:011C|215:4047:0039:0425:0124|216:4047:0039:0426:0114
round6_phase1,0xFA,3938,0x0002,0x0003,0x0000,0x01,0x0074,0x0000,0x0000,actor_2c8,5,0x10C408,0x01,0xB3,0x00,0x00,0x02,0x00,0x02,0x020F,0x0279,0x02E8,0x00,0x4A,0x00,190,10,190:404A:0279:02F3:020E|191:404A:0269:02F2:020E|192:404A:0266:030C:0207|193:404A:0256:02E9:0207|194:404A:0266:030B:0217|195:404A:0256:030A:0217|196:404A:0266:0301:01F7
round6_phase1,0xFA,3938,0x0002,0x0003,0x0000,0x01,0x0074,0x0000,0x0000,actor_2c8,7,0x10C488,0x01,0xC9,0x00,0x00,0x02,0x00,0x00,0x0121,0x0039,0x0420,0x00,0x47,0x00,210,10,210:4047:0018:0420:0122|211:4047:0018:0421:0112|212:4047:0028:0422:0122|213:4047:0028:0423:0112|214:4047:0029:0424:011A|215:4047:0039:0425:0122|216:4047:0039:0426:0112
round6_phase1,0xFA,3940,0x0002,0x0003,0x0000,0x01,0x0074,0x0000,0x0000,actor_2c8,5,0x10C408,0x01,0x68,0x00,0x00,0x02,0x00,0x02,0x020F,0x0279,0x02E8,0x00,0x4A,0x00,190,10,190:404A:0279:02F6:0205|191:404A:0269:02F4:0205|192:404A:0279:02F5:0215|193:404A:0266:030C:0205|194:404A:0256:02E9:0205|195:404A:0266:030B:0215|196:404A:0256:030A:0215|197:404A:0266:0301:01F5
round6_phase1,0xFA,3940,0x0002,0x0003,0x0000,0x01,0x0074,0x0000,0x0000,actor_2c8,6,0x10C448,0x01,0x56,0x00,0x00,0x02,0x00,0x05,0x0127,0x0039,0x00D0,0x00,0x44,0x00,200,10,200:4044:0039:0025:0116|201:4044:0029:00D3:0116|202:4044:0019:00D1:0116|203:4044:0039:0024:0126|204:4044:0029:00D2:0126|205:4044:0019:00D0:0126|206:4044:0039:0023:0136|207:4044:0039:0026:0106|208:4044:0029:00D4:0106
round6_phase1,0xFA,3940,0x0002,0x0003,0x0000,0x01,0x0074,0x0000,0x0000,actor_2c8,7,0x10C488,0x01,0xCA,0x00,0x00,0x02,0x00,0x00,0x011F,0x0039,0x0420,0x00,0x47,0x00,210,10,210:4047:0019:0420:0120|211:4047:0019:0421:0110|212:4047:0029:0422:0120|213:4047:0029:0423:0110|214:4047:002A:0427:0118|215:4047:003A:0428:0118
round6_phase1,0xFA,3942,0x0002,0x0003,0x0000,0x01,0x0074,0x0000,0x0000,actor_2c8,5,0x10C408,0x01,0x68,0x00,0x00,0x02,0x00,0x02,0x020D,0x0279,0x02E8,0x00,0x4A,0x00,190,10,190:404A:0279:02F6:0203|191:404A:0269:02F4:0203|192:404A:0279:02F5:0213|193:404A:0266:030C:0203|194:404A:0256:02E9:0203|195:404A:0266:030B:0213|196:404A:0256:030A:0213|197:404A:0266:0301:01F3
round6_phase1,0xFA,3942,0x0002,0x0003,0x0000,0x01,0x0074,0x0000,0x0000,actor_2c8,6,0x10C448,0x01,0x51,0x00,0x00,0x02,0x00,0x00,0x0127,0x0039,0x00D0,0x00,0x44,0x00,200,10,200:4044:0039:0025:0116|201:4044:0029:00D3:0116|202:4044:0019:00D1:0116|203:4044:0039:0024:0126|204:4044:0029:00D2:0126|205:4044:0019:00D0:0126|206:4044:0039:0023:0136|207:4044:0039:0026:0106|208:4044:0029:00D4:0106
round6_phase1,0xFA,3942,0x0002,0x0003,0x0000,0x01,0x0074,0x0000,0x0000,actor_2c8,7,0x10C488,0x01,0xCA,0x00,0x00,0x02,0x00,0x00,0x011F,0x0039,0x0420,0x00,0x47,0x00,210,10,210:4047:0019:0420:011E|211:4047:0019:0421:010E|212:4047:0029:0422:011E|213:4047:0029:0423:010E|214:4047:002A:0427:0116|215:4047:003A:0428:0116
round6_phase1,0xFA,3944,0x0002,0x0003,0x0000,0x01,0x0074,0x0000,0x0000,actor_2c8,5,0x10C408,0x01,0x68,0x00,0x00,0x02,0x00,0x02,0x020B,0x0279,0x02E8,0x00,0x4A,0x00,190,10,190:404A:0279:02F6:0201|191:404A:0269:02F4:0201|192:404A:0279:02F5:0211|193:404A:0266:030C:0201|194:404A:0256:02E9:0201|195:404A:0266:030B:0211|196:404A:0256:030A:0211|197:404A:0266:0301:01F1
round6_phase1,0xFA,3944,0x0002,0x0003,0x0000,0x01,0x0074,0x0000,0x0000,actor_2c8,6,0x10C448,0x01,0x52,0x00,0x00,0x02,0x00,0x01,0x0125,0x0039,0x00D0,0x00,0x44,0x00,200,10,200:4044:0039:0015:0114|201:4044:0029:00DC:0114|202:4044:0019:00DA:0114|203:4044:0039:0014:0124|204:4044:0029:00DB:0124|205:4044:0019:00D9:0124|206:4044:0039:0013:0134|207:4044:0039:0016:0104|208:4044:0029:00DD:0104
round6_phase1,0xFA,3944,0x0002,0x0003,0x0000,0x01,0x0074,0x0000,0x0000,actor_2c8,7,0x10C488,0x01,0xCA,0x00,0x00,0x02,0x00,0x00,0x011D,0x0039,0x0420,0x00,0x47,0x00,210,10,210:4047:0019:0420:011C|211:4047:0019:0421:010C|212:4047:0029:0422:011C|213:4047:0029:0423:010C|214:4047:002A:0427:0114|215:4047:003A:0428:0114
round6_phase1,0xFA,3946,0x0002,0x0003,0x0000,0x01,0x0074,0x0000,0x0000,actor_2c8,5,0x10C408,0x01,0x68,0x00,0x00,0x02,0x00,0x02,0x0209,0x0279,0x02E8,0x00,0x4A,0x00,190,10,190:404A:0279:02F6:01FF|191:404A:0269:02F4:01FF|192:404A:0279:02F5:020F|193:404A:0266:030C:01FF|194:404A:0256:02E9:01FF|195:404A:0266:030B:020F|196:404A:0256:030A:020F|197:404A:0266:0301:01EF
round6_phase1,0xFA,3946,0x0002,0x0003,0x0000,0x01,0x0074,0x0000,0x0000,actor_2c8,7,0x10C488,0x01,0xCA,0x00,0x00,0x02,0x00,0x00,0x011B,0x0039,0x0420,0x00,0x47,0x00,210,10,210:4047:0019:0420:011A|211:4047:0019:0421:010A|212:4047:0029:0422:011A|213:4047:0029:0423:010A|214:4047:002A:0427:0112|215:4047:003A:0428:0112
round6_phase1,0xFA,3948,0x0002,0x0003,0x0000,0x01,0x0074,0x0000,0x0000,actor_2c8,4,0x10C3C8,0x01,0xDF,0x00,0x00,0x02,0x00,0x00,0x0145,0x0039,0x03B3,0x00,0x48,0x00,180,10,180:4048:0019:03D6:0144|181:4048:0019:03D7:0134|182:4048:0029:03D8:0144|183:4048:0029:03D9:0134|184:4048:0029:03DF:013C|185:4048:0039:03E0:0144|186:4048:0039:03E1:0134
round6_phase1,0xFA,3948,0x0002,0x0003,0x0000,0x01,0x0074,0x0000,0x0000,actor_2c8,5,0x10C408,0x01,0xB4,0x00,0x00,0x02,0x00,0x02,0x0207,0x0279,0x02E8,0x00,0x4A,0x00,190,10,190:404A:0279:02F8:0201|191:404A:0269:02F7:0201|192:404A:0266:030C:01FD|193:404A:0256:02E9:01FD|194:404A:0266:030B:020D|195:404A:0256:030A:020D|196:404A:0266:0301:01ED
round6_phase1,0xFA,3948,0x0002,0x0003,0x0000,0x01,0x0074,0x0000,0x0000,actor_2c8,6,0x10C448,0x01,0x52,0x00,0x00,0x02,0x00,0x01,0x0123,0x0039,0x00D0,0x00,0x44,0x00,200,10,200:4044:0039:0015:0112|201:4044:0029:00DC:0112|202:4044:0019:00DA:0112|203:4044:0039:0014:0122|204:4044:0029:00DB:0122|205:4044:0019:00D9:0122|206:4044:0039:0013:0132|207:4044:0039:0016:0102|208:4044:0029:00DD:0102
round6_phase1,0xFA,3948,0x0002,0x0003,0x0000,0x01,0x0074,0x0000,0x0000,actor_2c8,7,0x10C488,0x01,0xCB,0x00,0x00,0x02,0x00,0x00,0x0119,0x0039,0x0420,0x00,0x47,0x00,210,10,210:4047:0018:0420:0118|211:4047:0018:0421:0108|212:4047:0028:0422:0118|213:4047:0028:0423:0108|214:4047:0029:0429:0110|215:4047:0039:042A:0110
round6_phase1,0xFA,3950,0x0002,0x0003,0x0000,0x01,0x0074,0x0000,0x0000,actor_2c8,4,0x10C3C8,0x01,0xDF,0x00,0x00,0x02,0x00,0x00,0x0143,0x0039,0x03B3,0x00,0x48,0x00,180,10,180:4048:0019:03D6:0142|181:4048:0019:03D7:0132|182:4048:0029:03D8:0142|183:4048:0029:03D9:0132|184:4048:0029:03DF:013A|185:4048:0039:03E0:0142|186:4048:0039:03E1:0132
round6_phase1,0xFA,3950,0x0002,0x0003,0x0000,0x01,0x0074,0x0000,0x0000,actor_2c8,7,0x10C488,0x01,0xCB,0x00,0x00,0x02,0x00,0x00,0x0117,0x0039,0x0420,0x00,0x47,0x00,210,10,210:4047:0018:0420:0116|211:4047:0018:0421:0106|212:4047:0028:0422:0116|213:4047:0028:0423:0106|214:4047:0029:0429:010E|215:4047:0039:042A:010E
round6_phase1,0xFA,3952,0x0002,0x0003,0x0000,0x01,0x0074,0x0000,0x0000,actor_2c8,4,0x10C3C8,0x01,0xDF,0x00,0x00,0x02,0x00,0x00,0x0141,0x0039,0x03B3,0x00,0x48,0x00,180,10,180:4048:0019:03D6:0140|181:4048:0019:03D7:0130|182:4048:0029:03D8:0140|183:4048:0029:03D9:0130|184:4048:0029:03DF:0138|185:4048:0039:03E0:0140|186:4048:0039:03E1:0130
round6_phase1,0xFA,3952,0x0002,0x0003,0x0000,0x01,0x0074,0x0000,0x0000,actor_2c8,5,0x10C408,0x01,0xB4,0x00,0x00,0x02,0x00,0x02,0x0203,0x0279,0x02E8,0x00,0x4A,0x00,190,10,190:404A:0279:02F8:01FF|191:404A:0269:02F7:01FF|192:404A:0266:030C:01FB|193:404A:0256:02E9:01FB|194:404A:0266:030B:020B|195:404A:0256:030A:020B|196:404A:0266:0301:01EB
round6_phase1,0xFA,3952,0x0002,0x0003,0x0000,0x01,0x0074,0x0000,0x0000,actor_2c8,6,0x10C448,0x01,0x53,0x00,0x00,0x02,0x00,0x02,0x0121,0x0039,0x00D0,0x00,0x44,0x00,200,10,200:4044:0039:0019:0110|201:4044:0029:00E5:0110|202:4044:0019:00E3:0110|203:4044:0039:0018:0120|204:4044:0029:00E4:0120|205:4044:0019:00E2:0120|206:4044:0039:0017:0130|207:4044:0039:001A:0100|208:4044:0029:00E6:0100
round6_phase1,0xFA,3954,0x0002,0x0003,0x0000,0x01,0x0074,0x0000,0x0000,actor_2c8,4,0x10C3C8,0x01,0xDF,0x00,0x00,0x02,0x00,0x00,0x013F,0x0039,0x03B3,0x00,0x48,0x00,180,10,180:4048:0019:03D6:013E|181:4048:0019:03D7:012E|182:4048:0029:03D8:013E|183:4048:0029:03D9:012E|184:4048:0029:03DF:0136|185:4048:0039:03E0:013E|186:4048:0039:03E1:012E
round6_phase1,0xFA,3954,0x0002,0x0003,0x0000,0x01,0x0074,0x0000,0x0000,actor_2c8,5,0x10C408,0x01,0xB4,0x00,0x00,0x02,0x00,0x02,0x0201,0x0279,0x02E8,0x00,0x4A,0x00,190,10,190:404A:0279:02F8:01FD|191:404A:0269:02F7:01FD|192:404A:0266:030C:01F9|193:404A:0256:02E9:01F9|194:404A:0266:030B:0209|195:404A:0256:030A:0209|196:404A:0266:0301:01E9
round6_phase1,0xFA,3954,0x0002,0x0003,0x0000,0x01,0x0074,0x0000,0x0000,actor_2c8,7,0x10C488,0x01,0xCB,0x00,0x00,0x02,0x00,0x00,0x0113,0x0039,0x0420,0x00,0x47,0x00,210,10,210:4047:0018:0420:0114|211:4047:0018:0421:0104|212:4047:0028:0422:0114|213:4047:0028:0423:0104|214:4047:0029:0429:010C|215:4047:0039:042A:010C
round6_phase1,0xFA,3956,0x0002,0x0003,0x0000,0x01,0x0074,0x0000,0x0000,actor_2c8,4,0x10C3C8,0x01,0xE0,0x00,0x00,0x02,0x00,0x00,0x013D,0x0039,0x03B3,0x00,0x48,0x00,180,10,180:4048:001A:03D6:013E|181:4048:001A:03D7:012E|182:4048:002A:03D8:013E|183:4048:002A:03D9:012E|184:4048:002A:03E2:0136|185:4048:003A:03E3:0135
round6_phase1,0xFA,3956,0x0002,0x0003,0x0000,0x01,0x0074,0x0000,0x0000,actor_2c8,5,0x10C408,0x01,0x68,0x00,0x00,0x02,0x00,0x02,0x01FF,0x0279,0x02E8,0x00,0x4A,0x00,190,10,190:404A:0279:02F6:01F7|191:404A:0269:02F4:01F7|192:404A:0279:02F5:0207|193:404A:0266:030C:01F7|194:404A:0256:02E9:01F7|195:404A:0266:030B:0207|196:404A:0256:030A:0207|197:404A:0266:0301:01E7
round6_phase1,0xFA,3956,0x0002,0x0003,0x0000,0x01,0x0074,0x0000,0x0000,actor_2c8,6,0x10C448,0x01,0x53,0x00,0x00,0x02,0x00,0x02,0x011F,0x0039,0x00D0,0x00,0x44,0x00,200,10,200:4044:0039:0019:010E|201:4044:0029:00E5:010E|202:4044:0019:00E3:010E|203:4044:0039:0018:011E|204:4044:0029:00E4:011E|205:4044:0019:00E2:011E|206:4044:0039:0017:012E|207:4044:0039:001A:00FE|208:4044:0029:00E6:00FE
round6_phase1,0xFA,3956,0x0002,0x0003,0x0000,0x01,0x0074,0x0000,0x0000,actor_2c8,7,0x10C488,0x01,0xCC,0x00,0x00,0x02,0x00,0x00,0x0111,0x0039,0x0420,0x00,0x47,0x00,210,10,210:4047:0019:0420:0112|211:4047:0019:0421:0102|212:4047:0029:0422:0112|213:4047:0029:0423:0102|214:4047:002A:0427:010A|215:4047:003A:0428:010A
round6_phase1,0xFA,3958,0x0002,0x0003,0x0000,0x01,0x0074,0x0000,0x0000,actor_2c8,4,0x10C3C8,0x01,0xE0,0x00,0x00,0x02,0x00,0x00,0x013B,0x0039,0x03B3,0x00,0x48,0x00,180,10,180:4048:001A:03D6:013C|181:4048:001A:03D7:012C|182:4048:002A:03D8:013C|183:4048:002A:03D9:012C|184:4048:002A:03E2:0134|185:4048:003A:03E3:0133
round6_phase1,0xFA,3958,0x0002,0x0003,0x0000,0x01,0x0074,0x0000,0x0000,actor_2c8,5,0x10C408,0x01,0x68,0x00,0x00,0x02,0x00,0x02,0x01FF,0x0279,0x02E8,0x00,0x4A,0x00,190,10,190:404A:0279:02F6:01F5|191:404A:0269:02F4:01F5|192:404A:0279:02F5:0205|193:404A:0266:030C:01F5|194:404A:0256:02E9:01F5|195:404A:0266:030B:0205|196:404A:0256:030A:0205|197:404A:0266:0301:01E5
round6_phase1,0xFA,3958,0x0002,0x0003,0x0000,0x01,0x0074,0x0000,0x0000,actor_2c8,7,0x10C488,0x01,0xCC,0x00,0x00,0x02,0x00,0x00,0x010F,0x0039,0x0420,0x00,0x47,0x00,210,10,210:4047:0019:0420:0110|211:4047:0019:0421:0100|212:4047:0029:0422:0110|213:4047:0029:0423:0100|214:4047:002A:0427:0108|215:4047:003A:0428:0108
round6_phase1,0xFA,3960,0x0002,0x0003,0x0000,0x01,0x0074,0x0000,0x0000,actor_2c8,4,0x10C3C8,0x01,0xE0,0x00,0x00,0x02,0x00,0x00,0x0139,0x0039,0x03B3,0x00,0x48,0x00,180,10,180:4048:001A:03D6:013A|181:4048:001A:03D7:012A|182:4048:002A:03D8:013A|183:4048:002A:03D9:012A|184:4048:002A:03E2:0132|185:4048:003A:03E3:0131
round6_phase1,0xFA,3960,0x0002,0x0003,0x0000,0x01,0x0074,0x0000,0x0000,actor_2c8,5,0x10C408,0x01,0x68,0x01,0x00,0x01,0x00,0x02,0x0201,0x0279,0x02E8,0x00,0x4A,0x00,190,10,190:004A:0279:02F6:01FA|191:004A:0269:02F4:01FA|192:004A:0279:02F5:01EA|193:004A:0266:030C:01FA|194:004A:0256:02E9:01FA|195:004A:0266:030B:01EA|196:004A:0256:030A:01EA|197:004A:0266:0301:020A
round6_phase1,0xFA,3960,0x0002,0x0003,0x0000,0x01,0x0074,0x0000,0x0000,actor_2c8,6,0x10C448,0x01,0x55,0x00,0x00,0x02,0x00,0x04,0x011D,0x0039,0x00D0,0x00,0x44,0x00,200,10,200:4044:0039:001D:010E|201:4044:0029:00E5:010E|202:4044:0019:00E3:010E|203:4044:0039:001C:011E|204:4044:0029:00E4:011E|205:4044:0019:00E2:011E|206:4044:0039:001B:012E|207:4044:0039:001E:00FE|208:4044:0029:00E6:00FE
round6_phase1,0xFA,3960,0x0002,0x0003,0x0000,0x01,0x0074,0x0000,0x0000,actor_2c8,7,0x10C488,0x01,0xCC,0x00,0x00,0x02,0x00,0x00,0x010F,0x0039,0x0420,0x00,0x47,0x00,210,10,210:4047:0019:0420:010E|211:4047:0019:0421:00FE|212:4047:0029:0422:010E|213:4047:0029:0423:00FE|214:4047:002A:0427:0106|215:4047:003A:0428:0106
round6_phase1,0xFA,3962,0x0002,0x0003,0x0000,0x01,0x0074,0x0000,0x0000,actor_2c8,4,0x10C3C8,0x01,0xE0,0x00,0x00,0x02,0x00,0x00,0x0137,0x0039,0x03B3,0x00,0x48,0x00,180,10,180:4048:001A:03D6:0138|181:4048:001A:03D7:0128|182:4048:002A:03D8:0138|183:4048:002A:03D9:0128|184:4048:002A:03E2:0130|185:4048:003A:03E3:012F
round6_phase1,0xFA,3962,0x0002,0x0003,0x0000,0x01,0x0074,0x0000,0x0000,actor_2c8,5,0x10C408,0x01,0x68,0x01,0x00,0x01,0x00,0x02,0x0203,0x0279,0x02E8,0x00,0x4A,0x00,190,10,190:004A:0279:02F6:01FC|191:004A:0269:02F4:01FC|192:004A:0279:02F5:01EC|193:004A:0266:030C:01FC|194:004A:0256:02E9:01FC|195:004A:0266:030B:01EC|196:004A:0256:030A:01EC|197:004A:0266:0301:020C
round6_phase1,0xFA,3962,0x0002,0x0003,0x0000,0x01,0x0074,0x0000,0x0000,actor_2c8,6,0x10C448,0x01,0x55,0x00,0x00,0x02,0x00,0x04,0x011D,0x0039,0x00D0,0x00,0x44,0x00,200,10,200:4044:0039:0021:010C|201:4044:0029:00DC:010C|202:4044:0019:00DA:010C|203:4044:0039:0020:011C|204:4044:0029:00DB:011C|205:4044:0019:00D9:011C|206:4044:0039:001F:012C|207:4044:0039:0022:00FC|208:4044:0029:00DD:00FC
round6_phase1,0xFA,3962,0x0002,0x0003,0x0000,0x01,0x0074,0x0000,0x0000,actor_2c8,7,0x10C488,0x01,0xCC,0x00,0x00,0x02,0x00,0x00,0x010D,0x0039,0x0420,0x00,0x47,0x00,210,10,210:4047:0019:0420:010C|211:4047:0019:0421:00FC|212:4047:0029:0422:010C|213:4047:0029:0423:00FC|214:4047:002A:0427:0104|215:4047:003A:0428:0104
round6_phase1,0xFA,3964,0x0002,0x0003,0x0000,0x01,0x0074,0x0000,0x0000,actor_2c8,4,0x10C3C8,0x01,0xDD,0x00,0x00,0x02,0x00,0x00,0x0137,0x0039,0x03B3,0x00,0x48,0x00,180,10,180:4048:0019:03D6:0136|181:4048:0019:03D7:0126|182:4048:0029:03D8:0136|183:4048:0029:03D9:0126|184:4048:0029:03DA:012E|185:4048:0039:03DB:0136|186:4048:0039:03DC:0126
round6_phase1,0xFA,3964,0x0002,0x0003,0x0000,0x01,0x0074,0x0000,0x0000,actor_2c8,5,0x10C408,0x01,0xB3,0x01,0x00,0x01,0x00,0x02,0x0205,0x0279,0x02E8,0x00,0x4A,0x00,190,10,190:004A:0279:02F3:01F7|191:004A:0269:02F2:01F7|192:004A:0266:030C:01FE|193:004A:0256:02E9:01FE|194:004A:0266:030B:01EE|195:004A:0256:030A:01EE|196:004A:0266:0301:020E
round6_phase1,0xFA,3964,0x0002,0x0003,0x0000,0x01,0x0074,0x0000,0x0000,actor_2c8,7,0x10C488,0x01,0xC9,0x00,0x00,0x02,0x00,0x00,0x010B,0x0039,0x0420,0x00,0x47,0x00,210,10,210:4047:0018:0420:010A|211:4047:0018:0421:00FA|212:4047:0028:0422:010A|213:4047:0028:0423:00FA|214:4047:0029:0424:0102|215:4047:0039:0425:010A|216:4047:0039:0426:00FA
round6_phase1,0xFA,3966,0x0002,0x0003,0x0000,0x01,0x0074,0x0000,0x0000,actor_2c8,4,0x10C3C8,0x01,0xDD,0x00,0x00,0x02,0x00,0x00,0x0135,0x0039,0x03B3,0x00,0x48,0x00,180,10,180:4048:0019:03D6:0134|181:4048:0019:03D7:0124|182:4048:0029:03D8:0134|183:4048:0029:03D9:0124|184:4048:0029:03DA:012C|185:4048:0039:03DB:0134|186:4048:0039:03DC:0124
round6_phase1,0xFA,3966,0x0002,0x0003,0x0000,0x01,0x0074,0x0000,0x0000,actor_2c8,5,0x10C408,0x01,0xB3,0x01,0x00,0x01,0x00,0x02,0x0207,0x0279,0x02E8,0x00,0x4A,0x00,190,10,190:004A:0279:02F3:01F9|191:004A:0269:02F2:01F9|192:004A:0266:030C:0200|193:004A:0256:02E9:0200|194:004A:0266:030B:01F0|195:004A:0256:030A:01F0|196:004A:0266:0301:0210
round6_phase1,0xFA,3966,0x0002,0x0003,0x0000,0x01,0x0074,0x0000,0x0000,actor_2c8,6,0x10C448,0x01,0x55,0x00,0x00,0x02,0x00,0x04,0x011B,0x0039,0x00D0,0x00,0x44,0x00,200,10,200:4044:0039:0021:010A|201:4044:0029:00DC:010A|202:4044:0019:00DA:010A|203:4044:0039:0020:011A|204:4044:0029:00DB:011A|205:4044:0019:00D9:011A|206:4044:0039:001F:012A|207:4044:0039:0022:00FA|208:4044:0029:00DD:00FA
round6_phase1,0xFA,3966,0x0002,0x0003,0x0000,0x01,0x0074,0x0000,0x0000,actor_2c8,7,0x10C488,0x01,0xC9,0x00,0x00,0x02,0x00,0x00,0x0109,0x0039,0x0420,0x00,0x47,0x00,210,10,210:4047:0018:0420:0108|211:4047:0018:0421:00F8|212:4047:0028:0422:0108|213:4047:0028:0423:00F8|214:4047:0029:0424:0100|215:4047:0039:0425:0108|216:4047:0039:0426:00F8
round6_phase1,0xFA,3968,0x0002,0x0003,0x0000,0x01,0x0074,0x0000,0x0000,actor_2c8,4,0x10C3C8,0x01,0xDD,0x00,0x00,0x02,0x00,0x00,0x0133,0x0039,0x03B3,0x00,0x48,0x00,180,10,180:4048:0019:03D6:0132|181:4048:0019:03D7:0122|182:4048:0029:03D8:0132|183:4048:0029:03D9:0122|184:4048:0029:03DA:012A|185:4048:0039:03DB:0132|186:4048:0039:03DC:0122
round6_phase1,0xFA,3968,0x0002,0x0003,0x0000,0x01,0x0074,0x0000,0x0000,actor_2c8,6,0x10C448,0x01,0x56,0x00,0x00,0x02,0x00,0x05,0x0119,0x0039,0x00D0,0x00,0x44,0x00,200,10,200:4044:0039:0021:010A|201:4044:0029:00DC:010A|202:4044:0019:00DA:010A|203:4044:0039:0020:011A|204:4044:0029:00DB:011A|205:4044:0019:00D9:011A|206:4044:0039:001F:012A|207:4044:0039:0022:00FA|208:4044:0029:00DD:00FA
round6_phase1,0xFA,3968,0x0002,0x0003,0x0000,0x01,0x0074,0x0000,0x0000,actor_2c8,7,0x10C488,0x01,0xC9,0x00,0x00,0x02,0x00,0x00,0x0107,0x0039,0x0420,0x00,0x47,0x00,210,10,210:4047:0018:0420:0106|211:4047:0018:0421:00F6|212:4047:0028:0422:0106|213:4047:0028:0423:00F6|214:4047:0029:0424:00FE|215:4047:0039:0425:0106|216:4047:0039:0426:00F6
round6_phase1,0xFA,3970,0x0002,0x0003,0x0000,0x01,0x0074,0x0000,0x0000,actor_2c8,4,0x10C3C8,0x01,0xDD,0x00,0x00,0x02,0x00,0x00,0x0131,0x0039,0x03B3,0x00,0x48,0x00,180,10,180:4048:0019:03D6:0130|181:4048:0019:03D7:0120|182:4048:0029:03D8:0130|183:4048:0029:03D9:0120|184:4048:0029:03DA:0128|185:4048:0039:03DB:0130|186:4048:0039:03DC:0120
round6_phase1,0xFA,3970,0x0002,0x0003,0x0000,0x01,0x0074,0x0000,0x0000,actor_2c8,5,0x10C408,0x01,0xB3,0x01,0x00,0x01,0x00,0x02,0x020B,0x0279,0x02E8,0x00,0x4A,0x00,190,10,190:004A:0279:02F3:01FB|191:004A:0269:02F2:01FB|192:004A:0266:030C:0202|193:004A:0256:02E9:0202|194:004A:0266:030B:01F2|195:004A:0256:030A:01F2|196:004A:0266:0301:0212
round6_phase1,0xFA,3970,0x0002,0x0003,0x0000,0x01,0x0074,0x0000,0x0000,actor_2c8,6,0x10C448,0x01,0x56,0x00,0x00,0x02,0x00,0x05,0x0119,0x0039,0x00D0,0x00,0x44,0x00,200,10,200:4044:0039:0025:0108|201:4044:0029:00D3:0108|202:4044:0019:00D1:0108|203:4044:0039:0024:0118|204:4044:0029:00D2:0118|205:4044:0019:00D0:0118|206:4044:0039:0023:0128|207:4044:0039:0026:00F8|208:4044:0029:00D4:00F8
round6_phase1,0xFA,3972,0x0002,0x0003,0x0000,0x01,0x0074,0x0000,0x0000,actor_2c8,4,0x10C3C8,0x01,0xDE,0x00,0x00,0x02,0x00,0x00,0x012F,0x0039,0x03B3,0x00,0x48,0x00,180,10,180:4048:001A:03D6:012E|181:4048:001A:03D7:011E|182:4048:002A:03D8:012E|183:4048:002A:03D9:011E|184:4048:002A:03DD:0126|185:4048:003A:03DE:0126
round6_phase1,0xFA,3972,0x0002,0x0003,0x0000,0x01,0x0074,0x0000,0x0000,actor_2c8,5,0x10C408,0x01,0x68,0x01,0x00,0x01,0x00,0x02,0x020D,0x0279,0x02E8,0x00,0x4A,0x00,190,10,190:004A:0279:02F6:0204|191:004A:0269:02F4:0204|192:004A:0279:02F5:01F4|193:004A:0266:030C:0204|194:004A:0256:02E9:0204|195:004A:0266:030B:01F4|196:004A:0256:030A:01F4|197:004A:0266:0301:0214
round6_phase1,0xFA,3972,0x0002,0x0003,0x0000,0x01,0x0074,0x0000,0x0000,actor_2c8,7,0x10C488,0x01,0xCA,0x00,0x00,0x02,0x00,0x00,0x0103,0x0039,0x0420,0x00,0x47,0x00,210,10,210:4047:0019:0420:0104|211:4047:0019:0421:00F4|212:4047:0029:0422:0104|213:4047:0029:0423:00F4|214:4047:002A:0427:00FC|215:4047:003A:0428:00FC
round6_phase1,0xFA,3974,0x0002,0x0003,0x0000,0x01,0x0074,0x0000,0x0000,actor_2c8,5,0x10C408,0x01,0x68,0x01,0x00,0x01,0x00,0x02,0x020F,0x0279,0x02E8,0x00,0x4A,0x00,190,10,190:004A:0279:02F6:0206|191:004A:0269:02F4:0206|192:004A:0279:02F5:01F6|193:004A:0266:030C:0206|194:004A:0256:02E9:0206|195:004A:0266:030B:01F6|196:004A:0256:030A:01F6|197:004A:0266:0301:0216
round6_phase1,0xFA,3974,0x0002,0x0003,0x0000,0x01,0x0074,0x0000,0x0000,actor_2c8,6,0x10C448,0x01,0x56,0x00,0x00,0x02,0x00,0x05,0x0117,0x0039,0x00D0,0x00,0x44,0x00,200,10,200:4044:0039:0025:0106|201:4044:0029:00D3:0106|202:4044:0019:00D1:0106|203:4044:0039:0024:0116|204:4044:0029:00D2:0116|205:4044:0019:00D0:0116|206:4044:0039:0023:0126|207:4044:0039:0026:00F6|208:4044:0029:00D4:00F6
round6_phase1,0xFA,3976,0x0002,0x0003,0x0000,0x01,0x0074,0x0000,0x0000,actor_2c8,4,0x10C3C8,0x01,0xDE,0x00,0x00,0x02,0x00,0x00,0x012B,0x0039,0x03B3,0x00,0x48,0x00,180,10,180:4048:001A:03D6:012C|181:4048:001A:03D7:011C|182:4048:002A:03D8:012C|183:4048:002A:03D9:011C|184:4048:002A:03DD:0124|185:4048:003A:03DE:0124
round6_phase1,0xFA,3976,0x0002,0x0003,0x0000,0x01,0x0074,0x0000,0x0000,actor_2c8,5,0x10C408,0x01,0x68,0x01,0x00,0x01,0x00,0x02,0x020F,0x0279,0x02E8,0x00,0x4A,0x00,190,10,190:004A:0279:02F6:0208|191:004A:0269:02F4:0208|192:004A:0279:02F5:01F8|193:004A:0266:030C:0208|194:004A:0256:02E9:0208|195:004A:0266:030B:01F8|196:004A:0256:030A:01F8|197:004A:0266:0301:0218
round6_phase1,0xFA,3976,0x0002,0x0003,0x0000,0x01,0x0074,0x0000,0x0000,actor_2c8,6,0x10C448,0x01,0x51,0x00,0x00,0x02,0x00,0x00,0x0117,0x0039,0x00D0,0x00,0x44,0x00,200,10,200:4044:0039:0025:0106|201:4044:0029:00D3:0106|202:4044:0019:00D1:0106|203:4044:0039:0024:0116|204:4044:0029:00D2:0116|205:4044:0019:00D0:0116|206:4044:0039:0023:0126|207:4044:0039:0026:00F6|208:4044:0029:00D4:00F6
round6_phase1,0xFA,3978,0x0002,0x0003,0x0000,0x01,0x0074,0x0000,0x0000,actor_2c8,4,0x10C3C8,0x01,0xDE,0x00,0x00,0x02,0x00,0x00,0x0129,0x0039,0x03B3,0x00,0x48,0x00,180,10,180:4048:001A:03D6:012A|181:4048:001A:03D7:011A|182:4048:002A:03D8:012A|183:4048:002A:03D9:011A|184:4048:002A:03DD:0122|185:4048:003A:03DE:0122
round6_phase1,0xFA,3978,0x0002,0x0003,0x0000,0x01,0x0074,0x0000,0x0000,actor_2c8,5,0x10C408,0x01,0x68,0x01,0x00,0x01,0x00,0x02,0x0211,0x0279,0x02E8,0x00,0x4A,0x00,190,10,190:004A:0279:02F6:020A|191:004A:0269:02F4:020A|192:004A:0279:02F5:01FA|193:004A:0266:030C:020A|194:004A:0256:02E9:020A|195:004A:0266:030B:01FA|196:004A:0256:030A:01FA|197:004A:0266:0301:021A
round6_phase1,0xFA,3978,0x0002,0x0003,0x0000,0x01,0x0074,0x0000,0x0000,actor_2c8,6,0x10C448,0x01,0x52,0x00,0x00,0x02,0x00,0x01,0x0115,0x0039,0x00D0,0x00,0x44,0x00,200,10,200:4044:0039:0015:0104|201:4044:0029:00DC:0104|202:4044:0019:00DA:0104|203:4044:0039:0014:0114|204:4044:0029:00DB:0114|205:4044:0019:00D9:0114|206:4044:0039:0013:0124|207:4044:0039:0016:00F4|208:4044:0029:00DD:00F4
round6_phase1,0xFA,3980,0x0002,0x0003,0x0000,0x01,0x0074,0x0000,0x0000,actor_2c8,4,0x10C3C8,0x01,0xDF,0x00,0x00,0x02,0x00,0x00,0x0127,0x0039,0x03B3,0x00,0x48,0x00,180,10,180:4048:0019:03D6:0128|181:4048:0019:03D7:0118|182:4048:0029:03D8:0128|183:4048:0029:03D9:0118|184:4048:0029:03DF:0120|185:4048:0039:03E0:0128|186:4048:0039:03E1:0118
round6_phase1,0xFA,3980,0x0002,0x0003,0x0000,0x01,0x0074,0x0000,0x0000,actor_2c8,5,0x10C408,0x01,0xB4,0x01,0x00,0x01,0x00,0x02,0x0213,0x0279,0x02E8,0x00,0x4A,0x00,190,10,190:004A:0279:02F8:0208|191:004A:0269:02F7:0208|192:004A:0266:030C:020C|193:004A:0256:02E9:020C|194:004A:0266:030B:01FC|195:004A:0256:030A:01FC|196:004A:0266:0301:021C
round6_phase1,0xFA,3980,0x0002,0x0003,0x0000,0x01,0x0074,0x0000,0x0000,actor_2c8,7,0x10C488,0x01,0xCB,0x00,0x00,0x02,0x00,0x00,0x00FD,0x0039,0x0420,0x00,0x47,0x00,210,10,210:4047:0018:0420:00FC|211:4047:0018:0421:00EC|212:4047:0028:0422:00FC|213:4047:0028:0423:00EC|214:4047:0029:0429:00F4|215:4047:0039:042A:00F4
round6_phase1,0xFA,3982,0x0002,0x0003,0x0000,0x01,0x0074,0x0000,0x0000,actor_2c8,4,0x10C3C8,0x01,0xDF,0x00,0x00,0x02,0x00,0x00,0x0127,0x0039,0x03B3,0x00,0x48,0x00,180,10,180:4048:0019:03D6:0126|181:4048:0019:03D7:0116|182:4048:0029:03D8:0126|183:4048:0029:03D9:0116|184:4048:0029:03DF:011E|185:4048:0039:03E0:0126|186:4048:0039:03E1:0116
round6_phase1,0xFA,3982,0x0002,0x0003,0x0000,0x01,0x0074,0x0000,0x0000,actor_2c8,5,0x10C408,0x01,0xB4,0x01,0x00,0x01,0x00,0x02,0x0215,0x0279,0x02E8,0x00,0x4A,0x00,190,10,190:004A:0279:02F8:020A|191:004A:0269:02F7:020A|192:004A:0266:030C:020E|193:004A:0256:02E9:020E|194:004A:0266:030B:01FE|195:004A:0256:030A:01FE|196:004A:0266:0301:021E
round6_phase1,0xFA,3982,0x0002,0x0003,0x0000,0x01,0x0074,0x0000,0x0000,actor_2c8,6,0x10C448,0x01,0x52,0x00,0x00,0x02,0x00,0x01,0x0113,0x0039,0x00D0,0x00,0x44,0x00,200,10,200:4044:0039:0015:0102|201:4044:0029:00DC:0102|202:4044:0019:00DA:0102|203:4044:0039:0014:0112|204:4044:0029:00DB:0112|205:4044:0019:00D9:0112|206:4044:0039:0013:0122|207:4044:0039:0016:00F2|208:4044:0029:00DD:00F2
round6_phase1,0xFA,3982,0x0002,0x0003,0x0000,0x01,0x0074,0x0000,0x0000,actor_2c8,7,0x10C488,0x01,0xCB,0x00,0x00,0x02,0x00,0x00,0x00FB,0x0039,0x0420,0x00,0x47,0x00,210,10,210:4047:0018:0420:00FA|211:4047:0018:0421:00EA|212:4047:0028:0422:00FA|213:4047:0028:0423:00EA|214:4047:0029:0429:00F2|215:4047:0039:042A:00F2
round6_phase1,0xFA,3984,0x0002,0x0003,0x0000,0x01,0x0074,0x0000,0x0000,actor_2c8,4,0x10C3C8,0x01,0xDF,0x00,0x00,0x02,0x00,0x00,0x0125,0x0039,0x03B3,0x00,0x48,0x00,180,10,180:4048:0019:03D6:0124|181:4048:0019:03D7:0114|182:4048:0029:03D8:0124|183:4048:0029:03D9:0114|184:4048:0029:03DF:011C|185:4048:0039:03E0:0124|186:4048:0039:03E1:0114
round6_phase1,0xFA,3984,0x0002,0x0003,0x0000,0x01,0x0074,0x0000,0x0000,actor_2c8,5,0x10C408,0x01,0xB4,0x01,0x00,0x01,0x00,0x02,0x0217,0x0279,0x02E8,0x00,0x4A,0x00,190,10,190:004A:0279:02F8:020C|191:004A:0269:02F7:020C|192:004A:0266:030C:0210|193:004A:0256:02E9:0210|194:004A:0266:030B:0200|195:004A:0256:030A:0200|196:004A:0266:0301:0220
round6_phase1,0xFA,3984,0x0002,0x0003,0x0000,0x01,0x0074,0x0000,0x0000,actor_2c8,7,0x10C488,0x01,0xCB,0x00,0x00,0x02,0x00,0x00,0x00F9,0x0039,0x0420,0x00,0x47,0x00,210,10,210:4047:0018:0420:00F8|211:4047:0018:0421:00E8|212:4047:0028:0422:00F8|213:4047:0028:0423:00E8|214:4047:0029:0429:00F0|215:4047:0039:042A:00F0
round6_phase1,0xFA,3986,0x0002,0x0003,0x0000,0x01,0x0074,0x0000,0x0000,actor_2c8,4,0x10C3C8,0x01,0xDF,0x00,0x00,0x02,0x00,0x00,0x0123,0x0039,0x03B3,0x00,0x48,0x00,180,10,180:4048:0019:03D6:0122|181:4048:0019:03D7:0112|182:4048:0029:03D8:0122|183:4048:0029:03D9:0112|184:4048:0029:03DF:011A|185:4048:0039:03E0:0122|186:4048:0039:03E1:0112
round6_phase1,0xFA,3986,0x0002,0x0003,0x0000,0x01,0x0074,0x0000,0x0000,actor_2c8,6,0x10C448,0x01,0x53,0x00,0x00,0x02,0x00,0x02,0x0111,0x0039,0x00D0,0x00,0x44,0x00,200,10,200:4044:0039:0019:0100|201:4044:0029:00E5:0100|202:4044:0019:00E3:0100|203:4044:0039:0018:0110|204:4044:0029:00E4:0110|205:4044:0019:00E2:0110|206:4044:0039:0017:0120|207:4044:0039:001A:00F0|208:4044:0029:00E6:00F0
round6_phase1,0xFA,3986,0x0002,0x0003,0x0000,0x01,0x0074,0x0000,0x0000,actor_2c8,7,0x10C488,0x01,0xCB,0x00,0x00,0x02,0x00,0x00,0x00F7,0x0039,0x0420,0x00,0x47,0x00,210,10,210:4047:0018:0420:00F6|211:4047:0018:0421:00E6|212:4047:0028:0422:00F6|213:4047:0028:0423:00E6|214:4047:0029:0429:00EE|215:4047:0039:042A:00EE
round6_phase1,0xFA,3988,0x0002,0x0003,0x0000,0x01,0x0074,0x0000,0x0000,actor_2c8,4,0x10C3C8,0x01,0xE0,0x00,0x00,0x02,0x00,0x00,0x0121,0x0039,0x03B3,0x00,0x48,0x00,180,10,180:4048:001A:03D6:0120|181:4048:001A:03D7:0110|182:4048:002A:03D8:0120|183:4048:002A:03D9:0110|184:4048:002A:03E2:0118|185:4048:003A:03E3:0117
round6_phase1,0xFA,3988,0x0002,0x0003,0x0000,0x01,0x0074,0x0000,0x0000,actor_2c8,7,0x10C488,0x01,0xCC,0x01,0x00,0x01,0x00,0x00,0x00F9,0x0039,0x0420,0x01,0x47,0x00,210,10,210:4047:0019:0420:00F6|211:4047:0019:0421:00E6|212:4047:0029:0422:00F6|213:4047:0029:0423:00E6|214:4047:002A:0427:00EE|215:4047:003A:0428:00EE
round6_phase1,0xFA,3990,0x0002,0x0003,0x0000,0x01,0x0074,0x0000,0x0000,actor_2c8,4,0x10C3C8,0x01,0xE0,0x00,0x00,0x02,0x00,0x00,0x011F,0x0039,0x03B3,0x00,0x48,0x00,180,10,180:4048:001A:03D6:011E|181:4048:001A:03D7:010E|182:4048:002A:03D8:011E|183:4048:002A:03D9:010E|184:4048:002A:03E2:0116|185:4048:003A:03E3:0115
round6_phase1,0xFA,3990,0x0002,0x0003,0x0000,0x01,0x0074,0x0000,0x0000,actor_2c8,6,0x10C448,0x01,0x53,0x00,0x00,0x02,0x00,0x02,0x010F,0x0039,0x00D0,0x00,0x44,0x00,200,10,200:4044:0039:0019:00FE|201:4044:0029:00E5:00FE|202:4044:0019:00E3:00FE|203:4044:0039:0018:010E|204:4044:0029:00E4:010E|205:4044:0019:00E2:010E|206:4044:0039:0017:011E|207:4044:0039:001A:00EE|208:4044:0029:00E6:00EE
round6_phase1,0xFA,3992,0x0002,0x0003,0x0000,0x01,0x0074,0x0000,0x0000,actor_2c8,5,0x10C408,0x01,0x68,0x01,0x00,0x01,0x00,0x02,0x021F,0x0279,0x02E8,0x00,0x4A,0x00,190,10,190:004A:0279:02F6:0216|191:004A:0269:02F4:0216|192:004A:0279:02F5:0206|193:004A:0266:030C:0216|194:004A:0256:02E9:0216|195:004A:0266:030B:0206|196:004A:0256:030A:0206|197:004A:0266:0301:0226
round6_phase1,0xFA,3994,0x0002,0x0003,0x0000,0x01,0x0074,0x0000,0x0000,actor_2c8,4,0x10C3C8,0x01,0xE0,0x00,0x00,0x02,0x00,0x00,0x011B,0x0039,0x03B3,0x00,0x48,0x00,180,10,180:4048:001A:03D6:011C|181:4048:001A:03D7:010C|182:4048:002A:03D8:011C|183:4048:002A:03D9:010C|184:4048:002A:03E2:0114|185:4048:003A:03E3:0113
round6_phase1,0xFA,3994,0x0002,0x0003,0x0000,0x01,0x0074,0x0000,0x0000,actor_2c8,5,0x10C408,0x01,0x68,0x01,0x00,0x01,0x00,0x02,0x021F,0x0279,0x02E8,0x00,0x4A,0x00,190,10,190:004A:0279:02F6:0218|191:004A:0269:02F4:0218|192:004A:0279:02F5:0208|193:004A:0266:030C:0218|194:004A:0256:02E9:0218|195:004A:0266:030B:0208|196:004A:0256:030A:0208|197:004A:0266:0301:0228
round6_phase1,0xFA,3994,0x0002,0x0003,0x0000,0x01,0x0074,0x0000,0x0000,actor_2c8,6,0x10C448,0x01,0x55,0x00,0x00,0x02,0x00,0x04,0x010D,0x0039,0x00D0,0x00,0x44,0x00,200,10,200:4044:0039:001D:00FE|201:4044:0029:00E5:00FE|202:4044:0019:00E3:00FE|203:4044:0039:001C:010E|204:4044:0029:00E4:010E|205:4044:0019:00E2:010E|206:4044:0039:001B:011E|207:4044:0039:001E:00EE|208:4044:0029:00E6:00EE
round6_phase1,0xFA,3996,0x0002,0x0003,0x0000,0x01,0x0074,0x0000,0x0000,actor_2c8,4,0x10C3C8,0x01,0xDD,0x00,0x00,0x02,0x00,0x00,0x0119,0x0039,0x03B3,0x00,0x48,0x00,180,10,180:4048:0019:03D6:011A|181:4048:0019:03D7:010A|182:4048:0029:03D8:011A|183:4048:0029:03D9:010A|184:4048:0029:03DA:0112|185:4048:0039:03DB:011A|186:4048:0039:03DC:010A
round6_phase1,0xFA,3996,0x0002,0x0003,0x0000,0x01,0x0074,0x0000,0x0000,actor_2c8,6,0x10C448,0x01,0x55,0x00,0x00,0x02,0x00,0x04,0x010D,0x0039,0x00D0,0x00,0x44,0x00,200,10,200:4044:0039:0021:00FC|201:4044:0029:00DC:00FC|202:4044:0019:00DA:00FC|203:4044:0039:0020:010C|204:4044:0029:00DB:010C|205:4044:0019:00D9:010C|206:4044:0039:001F:011C|207:4044:0039:0022:00EC|208:4044:0029:00DD:00EC
round6_phase1,0xFA,3996,0x0002,0x0003,0x0000,0x01,0x0074,0x0000,0x0000,actor_2c8,7,0x10C488,0x01,0xC9,0x01,0x00,0x01,0x00,0x00,0x00FF,0x0039,0x0420,0x01,0x47,0x00,210,10,210:4047:0018:0420:00FE|211:4047:0018:0421:00EE|212:4047:0028:0422:00FE|213:4047:0028:0423:00EE|214:4047:0029:0424:00F6|215:4047:0039:0425:00FE|216:4047:0039:0426:00EE
round6_phase1,0xFA,3998,0x0002,0x0003,0x0000,0x01,0x0074,0x0000,0x0000,actor_2c8,4,0x10C3C8,0x01,0xDD,0x00,0x00,0x02,0x00,0x00,0x0117,0x0039,0x03B3,0x00,0x48,0x00,180,10,180:4048:0019:03D6:0118|181:4048:0019:03D7:0108|182:4048:0029:03D8:0118|183:4048:0029:03D9:0108|184:4048:0029:03DA:0110|185:4048:0039:03DB:0118|186:4048:0039:03DC:0108
round6_phase1,0xFA,3998,0x0002,0x0003,0x0000,0x01,0x0074,0x0000,0x0000,actor_2c8,7,0x10C488,0x01,0xC9,0x01,0x00,0x01,0x00,0x00,0x0101,0x0039,0x0420,0x01,0x47,0x00,210,10,210:4047:0018:0420:0100|211:4047:0018:0421:00F0|212:4047:0028:0422:0100|213:4047:0028:0423:00F0|214:4047:0029:0424:00F8|215:4047:0039:0425:0100|216:4047:0039:0426:00F0
round6_phase1,0xFA,4000,0x0002,0x0003,0x0000,0x01,0x0074,0x0000,0x0000,actor_2c8,4,0x10C3C8,0x01,0xDD,0x00,0x00,0x02,0x00,0x00,0x0117,0x0039,0x03B3,0x00,0x48,0x00,180,10,180:4048:0019:03D6:0116|181:4048:0019:03D7:0106|182:4048:0029:03D8:0116|183:4048:0029:03D9:0106|184:4048:0029:03DA:010E|185:4048:0039:03DB:0116|186:4048:0039:03DC:0106
round6_phase1,0xFA,4000,0x0002,0x0003,0x0000,0x01,0x0074,0x0000,0x0000,actor_2c8,5,0x10C408,0x01,0xB3,0x01,0x00,0x01,0x00,0x02,0x0225,0x0279,0x02E8,0x00,0x4A,0x00,190,10,190:004A:0279:02F3:0217|191:004A:0269:02F2:0217|192:004A:0266:030C:021E|193:004A:0256:02E9:021E|194:004A:0266:030B:020E|195:004A:0256:030A:020E|196:004A:0266:0301:022E
round6_phase1,0xFA,4000,0x0002,0x0003,0x0000,0x01,0x0074,0x0000,0x0000,actor_2c8,6,0x10C448,0x01,0x55,0x00,0x00,0x02,0x00,0x04,0x010B,0x0039,0x00D0,0x00,0x44,0x00,200,10,200:4044:0039:0021:00FA|201:4044:0029:00DC:00FA|202:4044:0019:00DA:00FA|203:4044:0039:0020:010A|204:4044:0029:00DB:010A|205:4044:0019:00D9:010A|206:4044:0039:001F:011A|207:4044:0039:0022:00EA|208:4044:0029:00DD:00EA
round6_phase1,0xFA,4000,0x0002,0x0003,0x0000,0x01,0x0074,0x0000,0x0000,actor_2c8,7,0x10C488,0x01,0xC9,0x01,0x00,0x01,0x00,0x00,0x0103,0x0039,0x0420,0x01,0x47,0x00,210,10,210:4047:0018:0420:0102|211:4047:0018:0421:00F2|212:4047:0028:0422:0102|213:4047:0028:0423:00F2|214:4047:0029:0424:00FA|215:4047:0039:0425:0102|216:4047:0039:0426:00F2
round6_phase1,0xFA,4002,0x0002,0x0003,0x0000,0x01,0x0074,0x0000,0x0000,actor_2c8,4,0x10C3C8,0x01,0xDD,0x00,0x00,0x02,0x00,0x00,0x0115,0x0039,0x03B3,0x00,0x48,0x00,180,10,180:4048:0019:03D6:0114|181:4048:0019:03D7:0104|182:4048:0029:03D8:0114|183:4048:0029:03D9:0104|184:4048:0029:03DA:010C|185:4048:0039:03DB:0114|186:4048:0039:03DC:0104
round6_phase1,0xFA,4002,0x0002,0x0003,0x0000,0x01,0x0074,0x0000,0x0000,actor_2c8,5,0x10C408,0x01,0xB3,0x01,0x00,0x01,0x00,0x02,0x0227,0x0279,0x02E8,0x00,0x4A,0x00,190,10,190:004A:0279:02F3:0219|191:004A:0269:02F2:0219|192:004A:0266:030C:0220|193:004A:0256:02E9:0220|194:004A:0266:030B:0210|195:004A:0256:030A:0210|196:004A:0266:0301:0230
round6_phase1,0xFA,4002,0x0002,0x0003,0x0000,0x01,0x0074,0x0000,0x0000,actor_2c8,6,0x10C448,0x01,0x56,0x00,0x00,0x02,0x00,0x05,0x0109,0x0039,0x00D0,0x00,0x44,0x00,200,10,200:4044:0039:0021:00FA|201:4044:0029:00DC:00FA|202:4044:0019:00DA:00FA|203:4044:0039:0020:010A|204:4044:0029:00DB:010A|205:4044:0019:00D9:010A|206:4044:0039:001F:011A|207:4044:0039:0022:00EA|208:4044:0029:00DD:00EA
round6_phase1,0xFA,4002,0x0002,0x0003,0x0000,0x01,0x0074,0x0000,0x0000,actor_2c8,7,0x10C488,0x01,0xC9,0x01,0x00,0x01,0x00,0x00,0x0105,0x0039,0x0420,0x01,0x47,0x00,210,10,210:4047:0018:0420:0104|211:4047:0018:0421:00F4|212:4047:0028:0422:0104|213:4047:0028:0423:00F4|214:4047:0029:0424:00FC|215:4047:0039:0425:0104|216:4047:0039:0426:00F4
round6_phase1,0xFA,4004,0x0002,0x0003,0x0000,0x01,0x0074,0x0000,0x0000,actor_2c8,4,0x10C3C8,0x01,0xDE,0x00,0x00,0x02,0x00,0x00,0x0113,0x0039,0x03B3,0x00,0x48,0x00,180,10,180:4048:001A:03D6:0112|181:4048:001A:03D7:0102|182:4048:002A:03D8:0112|183:4048:002A:03D9:0102|184:4048:002A:03DD:010A|185:4048:003A:03DE:010A
round6_phase1,0xFA,4004,0x0002,0x0003,0x0000,0x01,0x0074,0x0000,0x0000,actor_2c8,6,0x10C448,0x01,0x56,0x00,0x00,0x02,0x00,0x05,0x0109,0x0039,0x00D0,0x00,0x44,0x00,200,10,200:4044:0039:0025:00F8|201:4044:0029:00D3:00F8|202:4044:0019:00D1:00F8|203:4044:0039:0024:0108|204:4044:0029:00D2:0108|205:4044:0019:00D0:0108|206:4044:0039:0023:0118|207:4044:0039:0026:00E8|208:4044:0029:00D4:00E8
round6_phase1,0xFA,4006,0x0002,0x0003,0x0000,0x01,0x0074,0x0000,0x0000,actor_2c8,4,0x10C3C8,0x01,0xDE,0x00,0x00,0x02,0x00,0x00,0x0111,0x0039,0x03B3,0x00,0x48,0x00,180,10,180:4048:001A:03D6:0110|181:4048:001A:03D7:0100|182:4048:002A:03D8:0110|183:4048:002A:03D9:0100|184:4048:002A:03DD:0108|185:4048:003A:03DE:0108
round6_phase1,0xFA,4008,0x0002,0x0003,0x0000,0x01,0x0074,0x0000,0x0000,actor_2c8,4,0x10C3C8,0x01,0xDE,0x00,0x00,0x02,0x00,0x00,0x010F,0x0039,0x03B3,0x00,0x48,0x00,180,10,180:4048:001A:03D6:010E|181:4048:001A:03D7:00FE|182:4048:002A:03D8:010E|183:4048:002A:03D9:00FE|184:4048:002A:03DD:0106|185:4048:003A:03DE:0106
round6_phase1,0xFA,4008,0x0002,0x0003,0x0000,0x01,0x0074,0x0000,0x0000,actor_2c8,5,0x10C408,0x01,0x68,0x01,0x00,0x01,0x00,0x02,0x022D,0x0279,0x02E8,0x00,0x4A,0x00,190,10,190:004A:0279:02F6:0224|191:004A:0269:02F4:0224|192:004A:0279:02F5:0214|193:004A:0266:030C:0224|194:004A:0256:02E9:0224|195:004A:0266:030B:0214|196:004A:0256:030A:0214|197:004A:0266:0301:0234
round6_phase1,0xFA,4008,0x0002,0x0003,0x0000,0x01,0x0074,0x0000,0x0000,actor_2c8,6,0x10C448,0x01,0x56,0x00,0x00,0x02,0x00,0x05,0x0107,0x0039,0x00D0,0x00,0x44,0x00,200,10,200:4044:0039:0025:00F6|201:4044:0029:00D3:00F6|202:4044:0019:00D1:00F6|203:4044:0039:0024:0106|204:4044:0029:00D2:0106|205:4044:0019:00D0:0106|206:4044:0039:0023:0116|207:4044:0039:0026:00E6|208:4044:0029:00D4:00E6
round6_phase1,0xFA,4008,0x0002,0x0003,0x0000,0x01,0x0074,0x0000,0x0000,actor_2c8,7,0x10C488,0x01,0xCA,0x01,0x00,0x01,0x00,0x00,0x010B,0x0039,0x0420,0x00,0x47,0x00,210,10,210:0047:0019:0420:00F9|211:0047:0019:0421:0109|212:0047:0029:0422:00F9|213:0047:0029:0423:0109|214:0047:002A:0427:0101|215:0047:003A:0428:0101
round6_phase1,0xFA,4010,0x0002,0x0003,0x0000,0x01,0x0074,0x0000,0x0000,actor_2c8,5,0x10C408,0x01,0x68,0x01,0x00,0x01,0x00,0x02,0x022F,0x0279,0x02E8,0x00,0x4A,0x00,190,10,190:004A:0279:02F6:0226|191:004A:0269:02F4:0226|192:004A:0279:02F5:0216|193:004A:0266:030C:0226|194:004A:0256:02E9:0226|195:004A:0266:030B:0216|196:004A:0256:030A:0216|197:004A:0266:0301:0236
round6_phase1,0xFA,4010,0x0002,0x0003,0x0000,0x01,0x0074,0x0000,0x0000,actor_2c8,6,0x10C448,0x01,0x51,0x00,0x00,0x02,0x00,0x00,0x0107,0x0039,0x00D0,0x00,0x44,0x00,200,10,200:4044:0039:0025:00F6|201:4044:0029:00D3:00F6|202:4044:0019:00D1:00F6|203:4044:0039:0024:0106|204:4044:0029:00D2:0106|205:4044:0019:00D0:0106|206:4044:0039:0023:0116|207:4044:0039:0026:00E6|208:4044:0029:00D4:00E6
round6_phase1,0xFA,4010,0x0002,0x0003,0x0000,0x01,0x0074,0x0000,0x0000,actor_2c8,7,0x10C488,0x01,0xCA,0x01,0x00,0x01,0x00,0x00,0x010D,0x0039,0x0420,0x00,0x47,0x00,210,10,210:0047:0019:0420:00FB|211:0047:0019:0421:010B|212:0047:0029:0422:00FB|213:0047:0029:0423:010B|214:0047:002A:0427:0103|215:0047:003A:0428:0103
round6_phase1,0xFA,4012,0x0002,0x0003,0x0000,0x01,0x0074,0x0000,0x0000,actor_2c8,6,0x10C448,0x01,0x52,0x00,0x00,0x02,0x00,0x01,0x0105,0x0039,0x00D0,0x00,0x44,0x00,200,10,200:4044:0039:0015:00F4|201:4044:0029:00DC:00F4|202:4044:0019:00DA:00F4|203:4044:0039:0014:0104|204:4044:0029:00DB:0104|205:4044:0019:00D9:0104|206:4044:0039:0013:0114|207:4044:0039:0016:00E4|208:4044:0029:00DD:00E4
round6_phase1,0xFA,4012,0x0002,0x0003,0x0000,0x01,0x0074,0x0000,0x0000,actor_2c8,7,0x10C488,0x01,0xCB,0x01,0x00,0x01,0x00,0x00,0x010F,0x0039,0x0420,0x00,0x47,0x00,210,10,210:0047:0018:0420:00FD|211:0047:0018:0421:010D|212:0047:0028:0422:00FD|213:0047:0028:0423:010D|214:0047:0029:0429:0105|215:0047:0039:042A:0105
round6_phase1,0xFA,4014,0x0002,0x0003,0x0000,0x01,0x0074,0x0000,0x0000,actor_2c8,4,0x10C3C8,0x01,0xDE,0x00,0x00,0x10,0x00,0x00,0x010F,0x003F,0x03B3,0x00,0x48,0x00,180,10,180:4048:001D:03D6:010E|181:4048:001D:03D7:00FE|182:4048:002D:03D8:010E|183:4048:002D:03D9:00FE|184:4048:002D:03DD:0106|185:4048:003D:03DE:0106
round6_phase1,0xFA,4014,0x0002,0x0003,0x0000,0x01,0x0074,0x0000,0x0000,actor_2c8,5,0x10C408,0x01,0xB4,0x01,0x00,0x01,0x00,0x02,0x0231,0x027F,0x02E8,0x00,0x4A,0x00,190,10,190:004A:027C:02F8:0226|191:004A:026C:02F7:0226|192:004A:0269:030C:022A|193:004A:0259:02E9:022A|194:004A:0269:030B:021A|195:004A:0259:030A:021A|196:004A:0269:0301:023A
round6_phase1,0xFA,4014,0x0002,0x0003,0x0000,0x01,0x0074,0x0000,0x0000,actor_2c8,6,0x10C448,0x01,0x52,0x00,0x00,0x02,0x00,0x01,0x0105,0x003F,0x00D0,0x00,0x44,0x00,200,10,200:4044:003C:0015:00F4|201:4044:002C:00DC:00F4|202:4044:001C:00DA:00F4|203:4044:003C:0014:0104|204:4044:002C:00DB:0104|205:4044:001C:00D9:0104|206:4044:003C:0013:0114|207:4044:003C:0016:00E4|208:4044:002C:00DD:00E4
round6_phase1,0xFA,4014,0x0002,0x0003,0x0000,0x01,0x0074,0x0000,0x0000,actor_2c8,7,0x10C488,0x01,0xCB,0x01,0x00,0x01,0x00,0x00,0x010F,0x003F,0x0420,0x00,0x47,0x00,210,10,210:0047:001B:0420:00FF|211:0047:001B:0421:010F|212:0047:002B:0422:00FF|213:0047:002B:0423:010F|214:0047:002C:0429:0107|215:0047:003C:042A:0107
round6_phase1,0xFA,4016,0x0002,0x0003,0x0000,0x01,0x0074,0x0000,0x0000,actor_2c8,4,0x10C3C8,0x01,0xDE,0x00,0x00,0x10,0x00,0x00,0x010F,0x0045,0x03B3,0x00,0x48,0x00,180,10,180:4048:0023:03D6:010E|181:4048:0023:03D7:00FE|182:4048:0033:03D8:010E|183:4048:0033:03D9:00FE|184:4048:0033:03DD:0106|185:4048:0043:03DE:0106
round6_phase1,0xFA,4016,0x0002,0x0003,0x0000,0x01,0x0074,0x0000,0x0000,actor_2c8,5,0x10C408,0x01,0xB4,0x01,0x00,0x01,0x00,0x02,0x0233,0x0285,0x02E8,0x00,0x4A,0x00,190,10,190:004A:0282:02F8:0228|191:004A:0272:02F7:0228|192:004A:026F:030C:022C|193:004A:025F:02E9:022C|194:004A:026F:030B:021C|195:004A:025F:030A:021C|196:004A:026F:0301:023C
round6_phase1,0xFA,4016,0x0002,0x0003,0x0000,0x01,0x0074,0x0000,0x0000,actor_2c8,6,0x10C448,0x01,0x52,0x00,0x00,0x02,0x00,0x01,0x0103,0x0045,0x00D0,0x00,0x44,0x00,200,10,200:4044:0042:0015:00F2|201:4044:0032:00DC:00F2|202:4044:0022:00DA:00F2|203:4044:0042:0014:0102|204:4044:0032:00DB:0102|205:4044:0022:00D9:0102|206:4044:0042:0013:0112|207:4044:0042:0016:00E2|208:4044:0032:00DD:00E2
round6_phase1,0xFA,4016,0x0002,0x0003,0x0000,0x01,0x0074,0x0000,0x0000,actor_2c8,7,0x10C488,0x01,0xCB,0x01,0x00,0x01,0x00,0x00,0x0111,0x0045,0x0420,0x00,0x47,0x00,210,10,210:0047:0021:0420:0101|211:0047:0021:0421:0111|212:0047:0031:0422:0101|213:0047:0031:0423:0111|214:0047:0032:0429:0109|215:0047:0042:042A:0109
round6_phase1,0xFA,4018,0x0002,0x0003,0x0000,0x01,0x0074,0x0000,0x0000,actor_2c8,4,0x10C3C8,0x01,0xDE,0x00,0x00,0x10,0x00,0x00,0x010F,0x0049,0x03B3,0x00,0x48,0x00,180,10,180:4048:0028:03D6:010E|181:4048:0028:03D7:00FE|182:4048:0038:03D8:010E|183:4048:0038:03D9:00FE|184:4048:0038:03DD:0106|185:4048:0048:03DE:0106
round6_phase1,0xFA,4018,0x0002,0x0003,0x0000,0x01,0x0074,0x0000,0x0000,actor_2c8,5,0x10C408,0x01,0xB4,0x01,0x00,0x01,0x00,0x02,0x0235,0x0289,0x02E8,0x00,0x4A,0x00,190,10,190:004A:0287:02F8:022A|191:004A:0277:02F7:022A|192:004A:0274:030C:022E|193:004A:0264:02E9:022E|194:004A:0274:030B:021E|195:004A:0264:030A:021E|196:004A:0274:0301:023E
round6_phase1,0xFA,4018,0x0002,0x0003,0x0000,0x01,0x0074,0x0000,0x0000,actor_2c8,6,0x10C448,0x01,0x52,0x00,0x00,0x02,0x00,0x01,0x0103,0x0049,0x00D0,0x00,0x44,0x00,200,10,200:4044:0047:0015:00F2|201:4044:0037:00DC:00F2|202:4044:0027:00DA:00F2|203:4044:0047:0014:0102|204:4044:0037:00DB:0102|205:4044:0027:00D9:0102|206:4044:0047:0013:0112|207:4044:0047:0016:00E2|208:4044:0037:00DD:00E2
round6_phase1,0xFA,4018,0x0002,0x0003,0x0000,0x01,0x0074,0x0000,0x0000,actor_2c8,7,0x10C488,0x01,0xCB,0x01,0x00,0x01,0x00,0x00,0x0113,0x0049,0x0420,0x00,0x47,0x00,210,10,210:0047:0026:0420:0103|211:0047:0026:0421:0113|212:0047:0036:0422:0103|213:0047:0036:0423:0113|214:0047:0037:0429:010B|215:0047:0047:042A:010B
round6_phase1,0xFA,4020,0x0002,0x0003,0x0000,0x01,0x0074,0x0000,0x0000,actor_2c8,4,0x10C3C8,0x01,0xDE,0x00,0x00,0x10,0x00,0x00,0x010F,0x004B,0x03B3,0x00,0x48,0x00,180,10,180:4048:002B:03D6:010E|181:4048:002B:03D7:00FE|182:4048:003B:03D8:010E|183:4048:003B:03D9:00FE|184:4048:003B:03DD:0106|185:4048:004B:03DE:0106
round6_phase1,0xFA,4020,0x0002,0x0003,0x0000,0x01,0x0074,0x0000,0x0000,actor_2c8,5,0x10C408,0x01,0x68,0x01,0x00,0x01,0x00,0x02,0x0237,0x028B,0x02E8,0x00,0x4A,0x00,190,10,190:004A:028A:02F6:0230|191:004A:027A:02F4:0230|192:004A:028A:02F5:0220|193:004A:0277:030C:0230|194:004A:0267:02E9:0230|195:004A:0277:030B:0220|196:004A:0267:030A:0220|197:004A:0277:0301:0240
round6_phase1,0xFA,4020,0x0002,0x0003,0x0000,0x01,0x0074,0x0000,0x0000,actor_2c8,6,0x10C448,0x01,0x53,0x00,0x00,0x02,0x00,0x02,0x0101,0x004B,0x00D0,0x00,0x44,0x00,200,10,200:4044:004A:0019:00F0|201:4044:003A:00E5:00F0|202:4044:002A:00E3:00F0|203:4044:004A:0018:0100|204:4044:003A:00E4:0100|205:4044:002A:00E2:0100|206:4044:004A:0017:0110|207:4044:004A:001A:00E0|208:4044:003A:00E6:00E0
round6_phase1,0xFA,4020,0x0002,0x0003,0x0000,0x01,0x0074,0x0000,0x0000,actor_2c8,7,0x10C488,0x01,0xCC,0x01,0x00,0x01,0x00,0x00,0x0115,0x004B,0x0420,0x00,0x47,0x00,210,10,210:0047:002A:0420:0105|211:0047:002A:0421:0115|212:0047:003A:0422:0105|213:0047:003A:0423:0115|214:0047:003B:0427:010D|215:0047:004B:0428:010D
round6_phase1,0xFA,4022,0x0002,0x0003,0x0000,0x01,0x0074,0x0000,0x0000,actor_2c8,4,0x10C3C8,0x01,0xDE,0x00,0x00,0x10,0x00,0x00,0x010F,0x004B,0x03B3,0x00,0x48,0x00,180,10,180:4048:002C:03D6:010E|181:4048:002C:03D7:00FE|182:4048:003C:03D8:010E|183:4048:003C:03D9:00FE|184:4048:003C:03DD:0106|185:4048:004C:03DE:0106
round6_phase1,0xFA,4022,0x0002,0x0003,0x0000,0x01,0x0074,0x0000,0x0000,actor_2c8,5,0x10C408,0x01,0x68,0x01,0x00,0x01,0x00,0x02,0x0239,0x028B,0x02E8,0x00,0x4A,0x00,190,10,190:004A:028B:02F6:0230|191:004A:027B:02F4:0230|192:004A:028B:02F5:0220|193:004A:0278:030C:0230|194:004A:0268:02E9:0230|195:004A:0278:030B:0220|196:004A:0268:030A:0220|197:004A:0278:0301:0240
round6_phase1,0xFA,4022,0x0002,0x0003,0x0000,0x01,0x0074,0x0000,0x0000,actor_2c8,6,0x10C448,0x01,0x53,0x00,0x00,0x02,0x00,0x02,0x0101,0x004B,0x00D0,0x00,0x44,0x00,200,10,200:4044:004B:0019:00F0|201:4044:003B:00E5:00F0|202:4044:002B:00E3:00F0|203:4044:004B:0018:0100|204:4044:003B:00E4:0100|205:4044:002B:00E2:0100|206:4044:004B:0017:0110|207:4044:004B:001A:00E0|208:4044:003B:00E6:00E0
round6_phase1,0xFA,4022,0x0002,0x0003,0x0000,0x01,0x0074,0x0000,0x0000,actor_2c8,7,0x10C488,0x01,0xCC,0x01,0x00,0x01,0x00,0x00,0x0117,0x004B,0x0420,0x00,0x47,0x00,210,10,210:0047:002B:0420:0107|211:0047:002B:0421:0117|212:0047:003B:0422:0107|213:0047:003B:0423:0117|214:0047:003C:0427:010F|215:0047:004C:0428:010F
round6_phase1,0xFA,4024,0x0002,0x0003,0x0000,0x01,0x0074,0x0000,0x0000,actor_2c8,5,0x10C408,0x01,0x68,0x01,0x00,0x01,0x00,0x02,0x023B,0x028B,0x02E8,0x00,0x4A,0x00,190,10,190:004A:028B:02F6:0232|191:004A:027B:02F4:0232|192:004A:028B:02F5:0222|193:004A:0278:030C:0232|194:004A:0268:02E9:0232|195:004A:0278:030B:0222|196:004A:0268:030A:0222|197:004A:0278:0301:0242
round6_phase1,0xFA,4024,0x0002,0x0003,0x0000,0x01,0x0074,0x0000,0x0000,actor_2c8,6,0x10C448,0x01,0x53,0x00,0x00,0x02,0x00,0x02,0x00FF,0x004B,0x00D0,0x00,0x44,0x00,200,10,200:4044:004B:0019:00EE|201:4044:003B:00E5:00EE|202:4044:002B:00E3:00EE|203:4044:004B:0018:00FE|204:4044:003B:00E4:00FE|205:4044:002B:00E2:00FE|206:4044:004B:0017:010E|207:4044:004B:001A:00DE|208:4044:003B:00E6:00DE
round6_phase1,0xFA,4026,0x0002,0x0003,0x0000,0x01,0x0074,0x0000,0x0000,actor_2c8,5,0x10C408,0x01,0x68,0x01,0x00,0x01,0x00,0x02,0x023D,0x028B,0x02E8,0x00,0x4A,0x00,190,10,190:004A:028B:02F6:0234|191:004A:027B:02F4:0234|192:004A:028B:02F5:0224|193:004A:0278:030C:0234|194:004A:0268:02E9:0234|195:004A:0278:030B:0224|196:004A:0268:030A:0224|197:004A:0278:0301:0244
round6_phase1,0xFA,4026,0x0002,0x0003,0x0000,0x01,0x0074,0x0000,0x0000,actor_2c8,7,0x10C488,0x01,0xCC,0x01,0x00,0x01,0x00,0x00,0x011B,0x004B,0x0420,0x00,0x47,0x00,210,10,210:0047:002B:0420:0109|211:0047:002B:0421:0119|212:0047:003B:0422:0109|213:0047:003B:0423:0119|214:0047:003C:0427:0111|215:0047:004C:0428:0111
round6_phase1,0xFA,4028,0x0002,0x0003,0x0000,0x01,0x0074,0x0000,0x0000,actor_2c8,5,0x10C408,0x01,0xB3,0x01,0x00,0x01,0x00,0x02,0x023F,0x028B,0x02E8,0x00,0x4A,0x00,190,10,190:004A:028B:02F3:022F|191:004A:027B:02F2:022F|192:004A:0278:030C:0236|193:004A:0268:02E9:0236|194:004A:0278:030B:0226|195:004A:0268:030A:0226|196:004A:0278:0301:0246
round6_phase1,0xFA,4028,0x0002,0x0003,0x0000,0x01,0x0074,0x0000,0x0000,actor_2c8,6,0x10C448,0x01,0x55,0x00,0x00,0x02,0x00,0x04,0x00FD,0x004B,0x00D0,0x00,0x44,0x00,200,10,200:4044:004B:001D:00EE|201:4044:003B:00E5:00EE|202:4044:002B:00E3:00EE|203:4044:004B:001C:00FE|204:4044:003B:00E4:00FE|205:4044:002B:00E2:00FE|206:4044:004B:001B:010E|207:4044:004B:001E:00DE|208:4044:003B:00E6:00DE
round6_phase1,0xFA,4028,0x0002,0x0003,0x0000,0x01,0x0074,0x0000,0x0000,actor_2c8,7,0x10C488,0x01,0xC9,0x01,0x00,0x01,0x00,0x00,0x011D,0x004B,0x0420,0x00,0x47,0x00,210,10,210:0047:002A:0420:010B|211:0047:002A:0421:011B|212:0047:003A:0422:010B|213:0047:003A:0423:011B|214:0047:003B:0424:0113|215:0047:004B:0425:010B|216:0047:004B:0426:011B
round6_phase1,0xFA,4030,0x0002,0x0003,0x0000,0x01,0x0074,0x0000,0x0000,actor_2c8,5,0x10C408,0x01,0xB3,0x01,0x00,0x01,0x00,0x02,0x023F,0x028B,0x02E8,0x00,0x4A,0x00,190,10,190:004A:028B:02F3:0231|191:004A:027B:02F2:0231|192:004A:0278:030C:0238|193:004A:0268:02E9:0238|194:004A:0278:030B:0228|195:004A:0268:030A:0228|196:004A:0278:0301:0248
round6_phase1,0xFA,4030,0x0002,0x0003,0x0000,0x01,0x0074,0x0000,0x0000,actor_2c8,6,0x10C448,0x01,0x55,0x00,0x00,0x02,0x00,0x04,0x00FD,0x004B,0x00D0,0x00,0x44,0x00,200,10,200:4044:004B:0021:00EC|201:4044:003B:00DC:00EC|202:4044:002B:00DA:00EC|203:4044:004B:0020:00FC|204:4044:003B:00DB:00FC|205:4044:002B:00D9:00FC|206:4044:004B:001F:010C|207:4044:004B:0022:00DC|208:4044:003B:00DD:00DC
round6_phase1,0xFA,4030,0x0002,0x0003,0x0000,0x01,0x0074,0x0000,0x0000,actor_2c8,7,0x10C488,0x01,0xC9,0x01,0x00,0x01,0x00,0x00,0x011F,0x004B,0x0420,0x00,0x47,0x00,210,10,210:0047:002A:0420:010D|211:0047:002A:0421:011D|212:0047:003A:0422:010D|213:0047:003A:0423:011D|214:0047:003B:0424:0115|215:0047:004B:0425:010D|216:0047:004B:0426:011D
round6_phase1,0xFA,4032,0x0002,0x0003,0x0000,0x01,0x0074,0x0000,0x0000,actor_2c8,5,0x10C408,0x01,0xB3,0x01,0x00,0x01,0x00,0x02,0x0241,0x028B,0x02E8,0x00,0x4A,0x00,190,10,190:004A:028B:02F3:0233|191:004A:027B:02F2:0233|192:004A:0278:030C:023A|193:004A:0268:02E9:023A|194:004A:0278:030B:022A|195:004A:0268:030A:022A|196:004A:0278:0301:024A
round6_phase1,0xFA,4032,0x0002,0x0003,0x0000,0x01,0x0074,0x0000,0x0000,actor_2c8,7,0x10C488,0x01,0xC9,0x01,0x00,0x01,0x00,0x00,0x011F,0x004B,0x0420,0x00,0x47,0x00,210,10,210:0047:002A:0420:010F|211:0047:002A:0421:011F|212:0047:003A:0422:010F|213:0047:003A:0423:011F|214:0047:003B:0424:0117|215:0047:004B:0425:010F|216:0047:004B:0426:011F
round6_phase1,0xFA,4034,0x0002,0x0003,0x0000,0x01,0x0074,0x0000,0x0000,actor_2c8,5,0x10C408,0x01,0xB3,0x01,0x00,0x01,0x00,0x02,0x0243,0x028B,0x02E8,0x00,0x4A,0x00,190,10,190:004A:028B:02F3:0235|191:004A:027B:02F2:0235|192:004A:0278:030C:023C|193:004A:0268:02E9:023C|194:004A:0278:030B:022C|195:004A:0268:030A:022C|196:004A:0278:0301:024C
round6_phase1,0xFA,4034,0x0002,0x0003,0x0000,0x01,0x0074,0x0000,0x0000,actor_2c8,6,0x10C448,0x01,0x55,0x00,0x00,0x02,0x00,0x04,0x00FB,0x004B,0x00D0,0x00,0x44,0x00,200,10,200:4044:004B:0021:00EA|201:4044:003B:00DC:00EA|202:4044:002B:00DA:00EA|203:4044:004B:0020:00FA|204:4044:003B:00DB:00FA|205:4044:002B:00D9:00FA|206:4044:004B:001F:010A|207:4044:004B:0022:00DA|208:4044:003B:00DD:00DA
round6_phase1,0xFA,4034,0x0002,0x0003,0x0000,0x01,0x0074,0x0000,0x0000,actor_2c8,7,0x10C488,0x01,0xC9,0x01,0x00,0x01,0x00,0x00,0x0121,0x004B,0x0420,0x00,0x47,0x00,210,10,210:0047:002A:0420:0111|211:0047:002A:0421:0121|212:0047:003A:0422:0111|213:0047:003A:0423:0121|214:0047:003B:0424:0119|215:0047:004B:0425:0111|216:0047:004B:0426:0121
round6_phase1,0xFA,4034,0x0002,0x0003,0x0000,0x01,0x0074,0x0000,0x0000,actor_2c8,8,0x10C4C8,0x01,0x17,0x00,0x00,0x02,0x00,0x00,0x0145,0x004B,0x004B,0x00,0x46,0x00,220,19,220:4046:004C:0066:0134|221:4046:003C:0064:0134|222:4046:003C:004E:0134|223:4046:002C:004C:0134|224:4046:004C:0065:0144|225:4046:003C:0063:0144|226:4046:003C:004D:0144|227:4046:002C:004B:0144
round6_phase1,0xFA,4036,0x0002,0x0003,0x0000,0x01,0x0074,0x0000,0x0000,actor_2c8,5,0x10C408,0x01,0x68,0x01,0x00,0x01,0x00,0x02,0x0245,0x028B,0x02E8,0x00,0x4A,0x00,190,10,190:004A:028B:02F6:023E|191:004A:027B:02F4:023E|192:004A:028B:02F5:022E|193:004A:0278:030C:023E|194:004A:0268:02E9:023E|195:004A:0278:030B:022E|196:004A:0268:030A:022E|197:004A:0278:0301:024E
round6_phase1,0xFA,4036,0x0002,0x0003,0x0000,0x01,0x0074,0x0000,0x0000,actor_2c8,6,0x10C448,0x01,0x56,0x00,0x00,0x02,0x00,0x05,0x00F9,0x004B,0x00D0,0x00,0x44,0x00,200,10,200:4044:004B:0021:00EA|201:4044:003B:00DC:00EA|202:4044:002B:00DA:00EA|203:4044:004B:0020:00FA|204:4044:003B:00DB:00FA|205:4044:002B:00D9:00FA|206:4044:004B:001F:010A|207:4044:004B:0022:00DA|208:4044:003B:00DD:00DA
round6_phase1,0xFA,4036,0x0002,0x0003,0x0000,0x01,0x0074,0x0000,0x0000,actor_2c8,7,0x10C488,0x01,0xCA,0x01,0x00,0x01,0x00,0x00,0x0123,0x004B,0x0420,0x00,0x47,0x00,210,10,210:0047:002B:0420:0113|211:0047:002B:0421:0123|212:0047:003B:0422:0113|213:0047:003B:0423:0123|214:0047:003C:0427:011B|215:0047:004C:0428:011B
round6_phase1,0xFA,4036,0x0002,0x0003,0x0000,0x01,0x0074,0x0000,0x0000,actor_2c8,8,0x10C4C8,0x01,0x18,0x00,0x00,0x02,0x00,0x00,0x0143,0x004B,0x004B,0x00,0x46,0x00,220,19,220:4046:004B:0069:0132|221:4046:003B:0067:0132|222:4046:003B:004E:0132|223:4046:002B:004C:0132|224:4046:004B:0068:0142|225:4046:003B:0063:0142|226:4046:003B:004D:0142|227:4046:002B:004B:0142
round6_phase1,0xFA,4038,0x0002,0x0003,0x0000,0x01,0x0074,0x0000,0x0000,actor_2c8,5,0x10C408,0x01,0x68,0x01,0x00,0x01,0x00,0x02,0x0247,0x028B,0x02E8,0x00,0x4A,0x00,190,10,190:004A:028B:02F6:0240|191:004A:027B:02F4:0240|192:004A:028B:02F5:0230|193:004A:0278:030C:0240|194:004A:0268:02E9:0240|195:004A:0278:030B:0230|196:004A:0268:030A:0230|197:004A:0278:0301:0250
round6_phase1,0xFA,4038,0x0002,0x0003,0x0000,0x01,0x0074,0x0000,0x0000,actor_2c8,6,0x10C448,0x01,0x56,0x00,0x00,0x02,0x00,0x05,0x00F9,0x004B,0x00D0,0x00,0x44,0x00,200,10,200:4044:004B:0025:00E8|201:4044:003B:00D3:00E8|202:4044:002B:00D1:00E8|203:4044:004B:0024:00F8|204:4044:003B:00D2:00F8|205:4044:002B:00D0:00F8|206:4044:004B:0023:0108|207:4044:004B:0026:00D8|208:4044:003B:00D4:00D8
round6_phase1,0xFA,4038,0x0002,0x0003,0x0000,0x01,0x0074,0x0000,0x0000,actor_2c8,7,0x10C488,0x01,0xCA,0x01,0x00,0x01,0x00,0x00,0x0125,0x004B,0x0420,0x00,0x47,0x00,210,10,210:0047:002B:0420:0115|211:0047:002B:0421:0125|212:0047:003B:0422:0115|213:0047:003B:0423:0125|214:0047:003C:0427:011D|215:0047:004C:0428:011D
round6_phase1,0xFA,4038,0x0002,0x0003,0x0000,0x01,0x0074,0x0000,0x0000,actor_2c8,8,0x10C4C8,0x01,0x18,0x00,0x00,0x02,0x00,0x00,0x0141,0x004B,0x004B,0x00,0x46,0x00,220,19,220:4046:004B:0069:0130|221:4046:003B:0067:0130|222:4046:003B:004E:0130|223:4046:002B:004C:0130|224:4046:004B:0068:0140|225:4046:003B:0063:0140|226:4046:003B:004D:0140|227:4046:002B:004B:0140
round6_phase1,0xFA,4040,0x0002,0x0003,0x0000,0x01,0x0074,0x0000,0x0000,actor_2c8,5,0x10C408,0x01,0x69,0x01,0x00,0x1F,0x00,0x02,0x0247,0x0289,0x02E8,0x00,0x4A,0x00,190,10,190:004A:028B:02F6:0240|191:004A:027B:02F4:0240|192:004A:028B:02F5:0230|193:004A:0278:030C:0240|194:004A:0268:02E9:0240|195:004A:0278:030B:0230|196:004A:0268:030A:0230|197:004A:0278:0301:0250
round6_phase1,0xFA,4040,0x0002,0x0003,0x0000,0x01,0x0074,0x0000,0x0000,actor_2c8,7,0x10C488,0x01,0xCA,0x01,0x00,0x01,0x00,0x00,0x0127,0x0049,0x0420,0x00,0x47,0x00,210,10,210:0047:002B:0420:0117|211:0047:002B:0421:0127|212:0047:003B:0422:0117|213:0047:003B:0423:0127|214:0047:003C:0427:011F|215:0047:004C:0428:011F
round6_phase1,0xFA,4040,0x0002,0x0003,0x0000,0x01,0x0074,0x0000,0x0000,actor_2c8,8,0x10C4C8,0x01,0x18,0x00,0x00,0x02,0x00,0x00,0x013F,0x0049,0x004B,0x00,0x46,0x00,220,19,220:4046:004B:0069:012E|221:4046:003B:0067:012E|222:4046:003B:004E:012E|223:4046:002B:004C:012E|224:4046:004B:0068:013E|225:4046:003B:0063:013E|226:4046:003B:004D:013E|227:4046:002B:004B:013E
round6_phase1,0xFA,4042,0x0002,0x0003,0x0000,0x01,0x0074,0x0000,0x0000,actor_2c8,4,0x10C3C8,0x01,0xDE,0x00,0x00,0x10,0x00,0x00,0x010F,0x0041,0x03B3,0x00,0x48,0x00,180,10,180:4048:0026:03D6:010E|181:4048:0026:03D7:00FE|182:4048:0036:03D8:010E|183:4048:0036:03D9:00FE|184:4048:0036:03DD:0106|185:4048:0046:03DE:0106
round6_phase1,0xFA,4042,0x0002,0x0003,0x0000,0x01,0x0074,0x0000,0x0000,actor_2c8,5,0x10C408,0x01,0x69,0x01,0x00,0x1F,0x00,0x02,0x0247,0x0281,0x02E8,0x00,0x4A,0x00,190,10,190:004A:0285:02F6:0240|191:004A:0275:02F4:0240|192:004A:0285:02F5:0230|193:004A:0272:030F:0240|194:004A:0262:030D:0240|195:004A:0272:030B:0230|196:004A:0262:030A:0230|197:004A:0272:0310:0250|198:004A:0262:030E:0250
round6_phase1,0xFA,4042,0x0002,0x0003,0x0000,0x01,0x0074,0x0000,0x0000,actor_2c8,6,0x10C448,0x01,0x56,0x00,0x00,0x02,0x00,0x05,0x00F7,0x0041,0x00D0,0x00,0x44,0x00,200,10,200:4044:0045:0025:00E6|201:4044:0035:00D3:00E6|202:4044:0025:00D1:00E6|203:4044:0045:0024:00F6|204:4044:0035:00D2:00F6|205:4044:0025:00D0:00F6|206:4044:0045:0023:0106|207:4044:0045:0026:00D6|208:4044:0035:00D4:00D6
round6_phase1,0xFA,4042,0x0002,0x0003,0x0000,0x01,0x0074,0x0000,0x0000,actor_2c8,7,0x10C488,0x01,0xCA,0x01,0x00,0x01,0x00,0x00,0x0129,0x0041,0x0420,0x00,0x47,0x00,210,10,210:0047:0025:0420:0117|211:0047:0025:0421:0127|212:0047:0035:0422:0117|213:0047:0035:0423:0127|214:0047:0036:0427:011F|215:0047:0046:0428:011F
round6_phase1,0xFA,4042,0x0002,0x0003,0x0000,0x01,0x0074,0x0000,0x0000,actor_2c8,8,0x10C4C8,0x01,0x18,0x00,0x00,0x02,0x00,0x00,0x013D,0x0041,0x004B,0x00,0x46,0x00,220,19,220:4046:0045:0069:012E|221:4046:0035:0067:012E|222:4046:0035:004E:012E|223:4046:0025:004C:012E|224:4046:0045:0068:013E|225:4046:0035:0063:013E|226:4046:0035:004D:013E|227:4046:0025:004B:013E
round6_phase1,0xFA,4044,0x0002,0x0003,0x0000,0x01,0x0074,0x0000,0x0000,actor_2c8,4,0x10C3C8,0x01,0xDE,0x00,0x00,0x10,0x00,0x00,0x010F,0x0039,0x03B3,0x00,0x48,0x00,180,10,180:4048:001E:03D6:010E|181:4048:001E:03D7:00FE|182:4048:002E:03D8:010E|183:4048:002E:03D9:00FE|184:4048:002E:03DD:0106|185:4048:003E:03DE:0106
round6_phase1,0xFA,4044,0x0002,0x0003,0x0000,0x01,0x0074,0x0000,0x0000,actor_2c8,5,0x10C408,0x01,0x69,0x01,0x00,0x1F,0x00,0x02,0x0247,0x0279,0x02E8,0x00,0x4A,0x00,190,10,190:004A:027D:02F6:0240|191:004A:026D:02F4:0240|192:004A:027D:02F5:0230|193:004A:026A:030F:0240|194:004A:025A:030D:0240|195:004A:026A:030B:0230|196:004A:025A:030A:0230|197:004A:026A:0310:0250|198:004A:025A:030E:0250
round6_phase1,0xFA,4044,0x0002,0x0003,0x0000,0x01,0x0074,0x0000,0x0000,actor_2c8,6,0x10C448,0x01,0x51,0x00,0x00,0x02,0x00,0x00,0x00F7,0x0039,0x00D0,0x00,0x44,0x00,200,10,200:4044:003D:0025:00E6|201:4044:002D:00D3:00E6|202:4044:001D:00D1:00E6|203:4044:003D:0024:00F6|204:4044:002D:00D2:00F6|205:4044:001D:00D0:00F6|206:4044:003D:0023:0106|207:4044:003D:0026:00D6|208:4044:002D:00D4:00D6
round6_phase1,0xFA,4044,0x0002,0x0003,0x0000,0x01,0x0074,0x0000,0x0000,actor_2c8,7,0x10C488,0x01,0xCB,0x01,0x00,0x01,0x00,0x00,0x012B,0x0039,0x0420,0x00,0x47,0x00,210,10,210:0047:001C:0420:0119|211:0047:001C:0421:0129|212:0047:002C:0422:0119|213:0047:002C:0423:0129|214:0047:002D:0429:0121|215:0047:003D:042A:0121
round6_phase1,0xFA,4044,0x0002,0x0003,0x0000,0x01,0x0074,0x0000,0x0000,actor_2c8,8,0x10C4C8,0x01,0x19,0x00,0x00,0x02,0x00,0x00,0x013B,0x0039,0x004B,0x00,0x46,0x00,220,19,220:4046:003E:006D:012C|221:4046:002E:006B:012C|222:4046:002E:004E:012C|223:4046:001E:004C:012C|224:4046:003E:006C:013C|225:4046:002E:006A:013C|226:4046:002E:004D:013C|227:4046:001E:004B:013C
round6_phase1,0xFA,4046,0x0002,0x0003,0x0000,0x01,0x0074,0x0000,0x0000,actor_2c8,5,0x10C408,0x01,0x69,0x01,0x00,0x1F,0x00,0x02,0x0247,0x0279,0x02E8,0x00,0x4A,0x00,190,10,190:004A:0279:02F6:0240|191:004A:0269:02F4:0240|192:004A:0279:02F5:0230|193:004A:0266:030F:0240|194:004A:0256:030D:0240|195:004A:0266:030B:0230|196:004A:0256:030A:0230|197:004A:0266:0310:0250|198:004A:0256:030E:0250
round6_phase1,0xFA,4046,0x0002,0x0003,0x0000,0x01,0x0074,0x0000,0x0000,actor_2c8,6,0x10C448,0x01,0x28,0x00,0x00,0x08,0x00,0x00,0x00F4,0x0039,0x00D0,0x00,0x44,0x00,200,10,200:4044:0039:00ED:00E3|201:4044:0029:00D3:00E3|202:4044:0019:00D1:00E3|203:4044:0039:00EC:00F3|204:4044:0029:00D2:00F3|205:4044:0019:00D0:00F3|206:4044:0039:00EB:0103|207:4044:0039:00EE:00D3|208:4044:0029:00D4:00D3
round6_phase1,0xFA,4046,0x0002,0x0003,0x0000,0x01,0x0074,0x0000,0x0000,actor_2c8,7,0x10C488,0x01,0xCB,0x01,0x00,0x01,0x00,0x00,0x012D,0x0039,0x0420,0x00,0x47,0x00,210,10,210:0047:0018:0420:011B|211:0047:0018:0421:012B|212:0047:0028:0422:011B|213:0047:0028:0423:012B|214:0047:0029:0429:0123|215:0047:0039:042A:0123
round6_phase1,0xFA,4046,0x0002,0x0003,0x0000,0x01,0x0074,0x0000,0x0000,actor_2c8,8,0x10C4C8,0x01,0x19,0x00,0x00,0x02,0x00,0x00,0x0139,0x0039,0x004B,0x00,0x46,0x00,220,19,220:4046:003A:006D:012A|221:4046:002A:006B:012A|222:4046:002A:004E:012A|223:4046:001A:004C:012A|224:4046:003A:006C:013A|225:4046:002A:006A:013A|226:4046:002A:004D:013A|227:4046:001A:004B:013A
round6_phase1,0xFA,4048,0x0002,0x0003,0x0000,0x01,0x0074,0x0000,0x0000,actor_2c8,5,0x10C408,0x01,0x6A,0x01,0x00,0x1F,0x00,0x02,0x0247,0x0279,0x02E8,0x00,0x4A,0x00,190,10,190:004A:0279:02F6:0240|191:004A:0269:02F4:0240|192:004A:0279:02F5:0230|193:004A:0266:030F:0240|194:004A:0256:030D:0240|195:004A:0266:030B:0230|196:004A:0256:030A:0230|197:004A:0266:0310:0250|198:004A:0256:030E:0250
round6_phase1,0xFA,4048,0x0002,0x0003,0x0000,0x01,0x0074,0x0000,0x0000,actor_2c8,6,0x10C448,0x01,0x27,0x00,0x00,0x08,0x00,0x00,0x00F0,0x003A,0x00D0,0x00,0x44,0x00,200,10,200:4044:003A:019B:00DF|201:4044:002A:0197:00DF|202:4044:001A:0194:00DF|203:4044:003A:019A:00EF|204:4044:002A:0196:00EF|205:4044:001A:0193:00EF|206:4044:003A:0199:00FF|207:4044:002A:0195:00FF|208:4044:003A:019C:00CF|209:4044:002A:0198:00CF
round6_phase1,0xFA,4048,0x0002,0x0003,0x0000,0x01,0x0074,0x0000,0x0000,actor_2c8,7,0x10C488,0x01,0xCB,0x01,0x00,0x01,0x00,0x00,0x012F,0x0039,0x0420,0x00,0x47,0x00,210,10,210:0047:0018:0420:011D|211:0047:0018:0421:012D|212:0047:0028:0422:011D|213:0047:0028:0423:012D|214:0047:0029:0429:0125|215:0047:0039:042A:0125
round6_phase1,0xFA,4048,0x0002,0x0003,0x0000,0x01,0x0074,0x0000,0x0000,actor_2c8,8,0x10C4C8,0x01,0x19,0x00,0x00,0x02,0x00,0x00,0x0137,0x0039,0x004B,0x00,0x46,0x00,220,19,220:4046:003A:006D:0128|221:4046:002A:006B:0128|222:4046:002A:004E:0128|223:4046:001A:004C:0128|224:4046:003A:006C:0138|225:4046:002A:006A:0138|226:4046:002A:004D:0138|227:4046:001A:004B:0138
round6_phase1,0xFA,4048,0x0002,0x0003,0x0000,0x01,0x0074,0x0000,0x0000,actor_748,0,0x10C748,0x01,0xAC,0x01,0x00,0x02,0x03,0x00,0x025E,0x0271,0x02E8,0x01,0x00,0x00,46,1,
round6_phase1,0xFA,4050,0x0002,0x0003,0x0000,0x01,0x0074,0x0000,0x0000,actor_2c8,5,0x10C408,0x01,0x6A,0x01,0x00,0x1F,0x00,0x02,0x0247,0x0279,0x02E8,0x00,0x4A,0x00,190,10,190:004A:0279:02F6:0240|191:004A:0269:02F4:0240|192:004A:0279:02F5:0230|193:004A:0266:0311:0240|194:004A:0256:02E9:0240|195:004A:0266:030B:0230|196:004A:0256:030A:0230|197:004A:0266:0312:0250
round6_phase1,0xFA,4050,0x0002,0x0003,0x0000,0x01,0x0074,0x0000,0x0000,actor_2c8,6,0x10C448,0x01,0x27,0x00,0x00,0x08,0x00,0x00,0x00ED,0x003B,0x00D0,0x00,0x44,0x00,200,10,200:4044:003B:019B:00DC|201:4044:002B:0197:00DC|202:4044:001B:0194:00DC|203:4044:003B:019A:00EC|204:4044:002B:0196:00EC|205:4044:001B:0193:00EC|206:4044:003B:0199:00FC|207:4044:002B:0195:00FC|208:4044:003B:019C:00CC|209:4044:002B:0198:00CC
round6_phase1,0xFA,4050,0x0002,0x0003,0x0000,0x01,0x0074,0x0000,0x0000,actor_2c8,7,0x10C488,0x01,0xCB,0x01,0x00,0x01,0x00,0x00,0x012F,0x0039,0x0420,0x00,0x47,0x00,210,10,210:0047:0018:0420:011F|211:0047:0018:0421:012F|212:0047:0028:0422:011F|213:0047:0028:0423:012F|214:0047:0029:0429:0127|215:0047:0039:042A:0127
round6_phase1,0xFA,4050,0x0002,0x0003,0x0000,0x01,0x0074,0x0000,0x0000,actor_2c8,8,0x10C4C8,0x01,0x19,0x00,0x00,0x02,0x00,0x00,0x0137,0x0039,0x004B,0x00,0x46,0x00,220,19,220:4046:003A:006D:0126|221:4046:002A:006B:0126|222:4046:002A:004E:0126|223:4046:001A:004C:0126|224:4046:003A:006C:0136|225:4046:002A:006A:0136|226:4046:002A:004D:0136|227:4046:001A:004B:0136
round6_phase1,0xFA,4050,0x0002,0x0003,0x0000,0x01,0x0074,0x0000,0x0000,actor_748,0,0x10C748,0x01,0xAD,0x01,0x00,0x02,0x03,0x00,0x0261,0x0273,0x02E8,0x01,0x00,0x00,46,1,46:400A:0269:0325:0255
round6_phase1,0xFA,4052,0x0002,0x0003,0x0000,0x01,0x0074,0x0000,0x0000,actor_2c8,5,0x10C408,0x01,0x6B,0x01,0x00,0x1F,0x00,0x02,0x0247,0x0279,0x02E8,0x00,0x4A,0x00,190,10,190:004A:0279:02F6:0240|191:004A:0269:02F4:0240|192:004A:0279:02F5:0230|193:004A:0266:0311:0240|194:004A:0256:02E9:0240|195:004A:0266:030B:0230|196:004A:0256:030A:0230|197:004A:0266:0312:0250
round6_phase1,0xFA,4052,0x0002,0x0003,0x0000,0x01,0x0074,0x0000,0x0000,actor_2c8,6,0x10C448,0x01,0x27,0x00,0x00,0x08,0x00,0x00,0x00EA,0x003C,0x00D0,0x00,0x44,0x00,200,10,200:4044:003C:019B:00D9|201:4044:002C:0197:00D9|202:4044:001C:0194:00D9|203:4044:003C:019A:00E9|204:4044:002C:0196:00E9|205:4044:001C:0193:00E9|206:4044:003C:0199:00F9|207:4044:002C:0195:00F9|208:4044:003C:019C:00C9|209:4044:002C:0198:00C9
round6_phase1,0xFA,4052,0x0002,0x0003,0x0000,0x01,0x0074,0x0000,0x0000,actor_2c8,7,0x10C488,0x01,0xCC,0x01,0x00,0x01,0x00,0x00,0x0131,0x0039,0x0420,0x00,0x47,0x00,210,10,210:0047:0019:0420:0121|211:0047:0019:0421:0131|212:0047:0029:0422:0121|213:0047:0029:0423:0131|214:0047:002A:0427:0129|215:0047:003A:0428:0129
round6_phase1,0xFA,4052,0x0002,0x0003,0x0000,0x01,0x0074,0x0000,0x0000,actor_2c8,8,0x10C4C8,0x01,0x18,0x00,0x00,0x02,0x00,0x00,0x0135,0x0039,0x004B,0x00,0x46,0x00,220,19,220:4046:0039:0069:0124|221:4046:0029:0067:0124|222:4046:0029:004E:0124|223:4046:0019:004C:0124|224:4046:0039:0068:0134|225:4046:0029:0063:0134|226:4046:0029:004D:0134|227:4046:0019:004B:0134
round6_phase1,0xFA,4052,0x0002,0x0003,0x0000,0x01,0x0074,0x0000,0x0000,actor_748,0,0x10C748,0x01,0xAE,0x01,0x00,0x02,0x03,0x00,0x0264,0x0275,0x02E8,0x01,0x00,0x00,46,1,46:400A:026B:0326:0258
round6_phase1,0xFA,4054,0x0002,0x0003,0x0000,0x01,0x0074,0x0000,0x0000,actor_2c8,4,0x10C3C8,0x01,0xE0,0x00,0x00,0x02,0x00,0x00,0x010D,0x0039,0x03B3,0x00,0x48,0x00,180,10,180:4048:001A:03D6:010C|181:4048:001A:03D7:00FC|182:4048:002A:03D8:010C|183:4048:002A:03D9:00FC|184:4048:002A:03E2:0104|185:4048:003A:03E3:0103
round6_phase1,0xFA,4054,0x0002,0x0003,0x0000,0x01,0x0074,0x0000,0x0000,actor_2c8,5,0x10C408,0x01,0x6B,0x01,0x00,0x1F,0x00,0x02,0x0247,0x0279,0x02E8,0x00,0x4A,0x00,190,10,190:004A:0279:02F6:0240|191:004A:0269:02F4:0240|192:004A:0279:02F5:0230|193:004A:0266:0313:0240|194:004A:0256:02E9:0240|195:004A:0266:030B:0230|196:004A:0256:030A:0230|197:004A:0266:0314:0250
round6_phase1,0xFA,4054,0x0002,0x0003,0x0000,0x01,0x0074,0x0000,0x0000,actor_2c8,6,0x10C448,0x01,0x27,0x00,0x00,0x08,0x00,0x00,0x00E7,0x003E,0x00D0,0x00,0x44,0x00,200,10,200:4044:003E:019B:00D6|201:4044:002E:0197:00D6|202:4044:001E:0194:00D6|203:4044:003E:019A:00E6|204:4044:002E:0196:00E6|205:4044:001E:0193:00E6|206:4044:003E:0199:00F6|207:4044:002E:0195:00F6|208:4044:003E:019C:00C6|209:4044:002E:0198:00C6
round6_phase1,0xFA,4054,0x0002,0x0003,0x0000,0x01,0x0074,0x0000,0x0000,actor_2c8,7,0x10C488,0x01,0xCC,0x01,0x00,0x01,0x00,0x00,0x0133,0x0039,0x0420,0x00,0x47,0x00,210,10,210:0047:0019:0420:0123|211:0047:0019:0421:0133|212:0047:0029:0422:0123|213:0047:0029:0423:0133|214:0047:002A:0427:012B|215:0047:003A:0428:012B
round6_phase1,0xFA,4054,0x0002,0x0003,0x0000,0x01,0x0074,0x0000,0x0000,actor_2c8,8,0x10C4C8,0x01,0x18,0x00,0x00,0x02,0x00,0x00,0x0133,0x0039,0x004B,0x00,0x46,0x00,220,19,220:4046:0039:0069:0122|221:4046:0029:0067:0122|222:4046:0029:004E:0122|223:4046:0019:004C:0122|224:4046:0039:0068:0132|225:4046:0029:0063:0132|226:4046:0029:004D:0132|227:4046:0019:004B:0132
round6_phase1,0xFA,4054,0x0002,0x0003,0x0000,0x01,0x0074,0x0000,0x0000,actor_748,0,0x10C748,0x01,0xAF,0x01,0x00,0x02,0x03,0x00,0x0267,0x0276,0x02E8,0x01,0x00,0x00,46,1,46:400A:026D:0327:025B
round6_phase1,0xFA,4056,0x0002,0x0003,0x0000,0x01,0x0074,0x0000,0x0000,actor_2c8,4,0x10C3C8,0x01,0xE0,0x00,0x00,0x02,0x00,0x00,0x010B,0x0039,0x03B3,0x00,0x48,0x00,180,10,180:4048:001A:03D6:010A|181:4048:001A:03D7:00FA|182:4048:002A:03D8:010A|183:4048:002A:03D9:00FA|184:4048:002A:03E2:0102|185:4048:003A:03E3:0101
round6_phase1,0xFA,4056,0x0002,0x0003,0x0000,0x01,0x0074,0x0000,0x0000,actor_2c8,5,0x10C408,0x01,0x6B,0x01,0x00,0x1F,0x00,0x03,0x0247,0x0279,0x02E8,0x00,0x4A,0x00,190,10,190:004A:0279:02F6:0240|191:004A:0269:02F4:0240|192:004A:0279:02F5:0230|193:004A:0266:0313:0240|194:004A:0256:02E9:0240|195:004A:0266:030B:0230|196:004A:0256:030A:0230|197:004A:0266:0314:0250
round6_phase1,0xFA,4056,0x0002,0x0003,0x0000,0x01,0x0074,0x0000,0x0000,actor_2c8,6,0x10C448,0x01,0x27,0x00,0x00,0x08,0x00,0x00,0x00E4,0x0040,0x00D0,0x00,0x44,0x00,200,10,200:4044:0040:019B:00D3|201:4044:0030:0197:00D3|202:4044:0020:0194:00D3|203:4044:0040:019A:00E3|204:4044:0030:0196:00E3|205:4044:0020:0193:00E3|206:4044:0040:0199:00F3|207:4044:0030:0195:00F3|208:4044:0040:019C:00C3|209:4044:0030:0198:00C3
round6_phase1,0xFA,4056,0x0002,0x0003,0x0000,0x01,0x0074,0x0000,0x0000,actor_2c8,7,0x10C488,0x01,0xCC,0x01,0x00,0x01,0x00,0x00,0x0135,0x0039,0x0420,0x00,0x47,0x00,210,10,210:0047:0019:0420:0125|211:0047:0019:0421:0135|212:0047:0029:0422:0125|213:0047:0029:0423:0135|214:0047:002A:0427:012D|215:0047:003A:0428:012D
round6_phase1,0xFA,4056,0x0002,0x0003,0x0000,0x01,0x0074,0x0000,0x0000,actor_2c8,8,0x10C4C8,0x01,0x18,0x00,0x00,0x02,0x00,0x00,0x0131,0x0039,0x004B,0x00,0x46,0x00,220,19,220:4046:0039:0069:0120|221:4046:0029:0067:0120|222:4046:0029:004E:0120|223:4046:0019:004C:0120|224:4046:0039:0068:0130|225:4046:0029:0063:0130|226:4046:0029:004D:0130|227:4046:0019:004B:0130
round6_phase1,0xFA,4056,0x0002,0x0003,0x0000,0x01,0x0074,0x0000,0x0000,actor_748,0,0x10C748,0x01,0xB0,0x01,0x00,0x02,0x03,0x00,0x026A,0x0277,0x02E8,0x01,0x00,0x00,46,1,46:400A:026E:0328:025E
round6_phase1,0xFA,4058,0x0002,0x0003,0x0000,0x01,0x0074,0x0000,0x0000,actor_2c8,4,0x10C3C8,0x01,0xE0,0x00,0x00,0x02,0x00,0x00,0x0109,0x0039,0x03B3,0x00,0x48,0x00,180,10,180:4048:001A:03D6:0108|181:4048:001A:03D7:00F8|182:4048:002A:03D8:0108|183:4048:002A:03D9:00F8|184:4048:002A:03E2:0100|185:4048:003A:03E3:00FF
round6_phase1,0xFA,4058,0x0002,0x0003,0x0000,0x01,0x0074,0x0000,0x0000,actor_2c8,6,0x10C448,0x01,0x27,0x00,0x00,0x08,0x00,0x00,0x00E1,0x0043,0x00D0,0x00,0x44,0x00,200,10,200:4044:0043:019B:00D0|201:4044:0033:0197:00D0|202:4044:0023:0194:00D0|203:4044:0043:019A:00E0|204:4044:0033:0196:00E0|205:4044:0023:0193:00E0|206:4044:0043:0199:00F0|207:4044:0033:0195:00F0|208:4044:0043:019C:00C0|209:4044:0033:0198:00C0
round6_phase1,0xFA,4058,0x0002,0x0003,0x0000,0x01,0x0074,0x0000,0x0000,actor_2c8,7,0x10C488,0x01,0xCC,0x01,0x00,0x01,0x00,0x00,0x0137,0x0039,0x0420,0x00,0x47,0x00,210,10,210:0047:0019:0420:0127|211:0047:0019:0421:0137|212:0047:0029:0422:0127|213:0047:0029:0423:0137|214:0047:002A:0427:012F|215:0047:003A:0428:012F
round6_phase1,0xFA,4058,0x0002,0x0003,0x0000,0x01,0x0074,0x0000,0x0000,actor_2c8,8,0x10C4C8,0x01,0x18,0x00,0x00,0x02,0x00,0x00,0x012F,0x0039,0x004B,0x00,0x46,0x00,220,19,220:4046:0039:0069:011E|221:4046:0029:0067:011E|222:4046:0029:004E:011E|223:4046:0019:004C:011E|224:4046:0039:0068:012E|225:4046:0029:0063:012E|226:4046:0029:004D:012E|227:4046:0019:004B:012E
round6_phase1,0xFA,4058,0x0002,0x0003,0x0000,0x01,0x0074,0x0000,0x0000,actor_748,0,0x10C748,0x01,0xB1,0x01,0x00,0x02,0x03,0x00,0x026E,0x0278,0x02E8,0x01,0x00,0x00,46,1,46:400A:026F:0329:0261
round6_phase1,0xFA,4060,0x0002,0x0003,0x0000,0x01,0x0074,0x0000,0x0000,actor_2c8,4,0x10C3C8,0x01,0xDD,0x00,0x00,0x02,0x00,0x00,0x0107,0x0039,0x03B3,0x00,0x48,0x00,180,10,180:4048:0019:03D6:0106|181:4048:0019:03D7:00F6|182:4048:0029:03D8:0106|183:4048:0029:03D9:00F6|184:4048:0029:03DA:00FE|185:4048:0039:03DB:0106|186:4048:0039:03DC:00F6
round6_phase1,0xFA,4060,0x0002,0x0003,0x0000,0x01,0x0074,0x0000,0x0000,actor_2c8,6,0x10C448,0x01,0x27,0x00,0x00,0x08,0x00,0x00,0x00DE,0x0046,0x00D0,0x00,0x44,0x00,200,10,200:4044:0046:019B:00CD|201:4044:0036:0197:00CD|202:4044:0026:0194:00CD|203:4044:0046:019A:00DD|204:4044:0036:0196:00DD|205:4044:0026:0193:00DD|206:4044:0046:0199:00ED|207:4044:0036:0195:00ED|208:4044:0046:019C:00BD|209:4044:0036:0198:00BD
round6_phase1,0xFA,4060,0x0002,0x0003,0x0000,0x01,0x0074,0x0000,0x0000,actor_2c8,7,0x10C488,0x01,0xC9,0x01,0x00,0x01,0x00,0x00,0x0139,0x0039,0x0420,0x00,0x47,0x00,210,10,210:0047:0018:0420:0127|211:0047:0018:0421:0137|212:0047:0028:0422:0127|213:0047:0028:0423:0137|214:0047:0029:0424:012F|215:0047:0039:0425:0127|216:0047:0039:0426:0137
round6_phase1,0xFA,4060,0x0002,0x0003,0x0000,0x01,0x0074,0x0000,0x0000,actor_2c8,8,0x10C4C8,0x01,0x17,0x00,0x00,0x02,0x00,0x00,0x012D,0x0039,0x004B,0x00,0x46,0x00,220,19,220:4046:003A:0066:011E|221:4046:002A:0064:011E|222:4046:002A:004E:011E|223:4046:001A:004C:011E|224:4046:003A:0065:012E|225:4046:002A:0063:012E|226:4046:002A:004D:012E|227:4046:001A:004B:012E
round6_phase1,0xFA,4060,0x0002,0x0003,0x0000,0x01,0x0074,0x0000,0x0000,actor_748,0,0x10C748,0x01,0xAA,0x01,0x00,0x02,0x03,0x00,0x0271,0x0278,0x02E8,0x01,0x00,0x00,46,1,46:400A:0270:0322:0265
round6_phase1,0xFA,4062,0x0002,0x0003,0x0000,0x01,0x0074,0x0000,0x0000,actor_2c8,6,0x10C448,0x01,0x27,0x00,0x00,0x08,0x00,0x00,0x00DC,0x0049,0x00D0,0x00,0x44,0x00,200,10,200:4044:0049:019B:00CB|201:4044:0039:0197:00CB|202:4044:0029:0194:00CB|203:4044:0049:019A:00DB|204:4044:0039:0196:00DB|205:4044:0029:0193:00DB|206:4044:0049:0199:00EB|207:4044:0039:0195:00EB|208:4044:0049:019C:00BB|209:4044:0039:0198:00BB
round6_phase1,0xFA,4062,0x0002,0x0003,0x0000,0x01,0x0074,0x0000,0x0000,actor_2c8,7,0x10C488,0x01,0xC9,0x01,0x00,0x01,0x00,0x00,0x013B,0x0039,0x0420,0x00,0x47,0x00,210,10,210:0047:0018:0420:0129|211:0047:0018:0421:0139|212:0047:0028:0422:0129|213:0047:0028:0423:0139|214:0047:0029:0424:0131|215:0047:0039:0425:0129|216:0047:0039:0426:0139
round6_phase1,0xFA,4062,0x0002,0x0003,0x0000,0x01,0x0074,0x0000,0x0000,actor_2c8,8,0x10C4C8,0x01,0x17,0x00,0x00,0x02,0x00,0x00,0x012B,0x0039,0x004B,0x00,0x46,0x00,220,19,220:4046:003A:0066:011C|221:4046:002A:0064:011C|222:4046:002A:004E:011C|223:4046:001A:004C:011C|224:4046:003A:0065:012C|225:4046:002A:0063:012C|226:4046:002A:004D:012C|227:4046:001A:004B:012C
round6_phase1,0xFA,4062,0x0002,0x0003,0x0000,0x01,0x0074,0x0000,0x0000,actor_748,0,0x10C748,0x01,0xAB,0x01,0x00,0x02,0x03,0x00,0x0274,0x0278,0x02E8,0x01,0x00,0x00,46,1,46:400A:0270:0323:0268
round6_phase1,0xFA,4064,0x0002,0x0003,0x0000,0x01,0x0074,0x0000,0x0000,actor_2c8,4,0x10C3C8,0x01,0xDD,0x00,0x00,0x02,0x00,0x00,0x0103,0x0039,0x03B3,0x00,0x48,0x00,180,10,180:4048:0019:03D6:0104|181:4048:0019:03D7:00F4|182:4048:0029:03D8:0104|183:4048:0029:03D9:00F4|184:4048:0029:03DA:00FC|185:4048:0039:03DB:0104|186:4048:0039:03DC:00F4
round6_phase1,0xFA,4064,0x0002,0x0003,0x0000,0x01,0x0074,0x0000,0x0000,actor_2c8,6,0x10C448,0x01,0x27,0x00,0x00,0x08,0x00,0x00,0x00DA,0x004C,0x00D0,0x00,0x44,0x00,200,10,200:4044:004C:019B:00C9|201:4044:003C:0197:00C9|202:4044:002C:0194:00C9|203:4044:004C:019A:00D9|204:4044:003C:0196:00D9|205:4044:002C:0193:00D9|206:4044:004C:0199:00E9|207:4044:003C:0195:00E9|208:4044:004C:019C:00B9|209:4044:003C:0198:00B9
round6_phase1,0xFA,4064,0x0002,0x0003,0x0000,0x01,0x0074,0x0000,0x0000,actor_2c8,7,0x10C488,0x01,0xC9,0x01,0x00,0x01,0x00,0x00,0x013D,0x0039,0x0420,0x00,0x47,0x00,210,10,210:0047:0018:0420:012B|211:0047:0018:0421:013B|212:0047:0028:0422:012B|213:0047:0028:0423:013B|214:0047:0029:0424:0133|215:0047:0039:0425:012B|216:0047:0039:0426:013B
round6_phase1,0xFA,4064,0x0002,0x0003,0x0000,0x01,0x0074,0x0000,0x0000,actor_2c8,8,0x10C4C8,0x01,0x17,0x00,0x00,0x02,0x00,0x00,0x0129,0x0039,0x004B,0x00,0x46,0x00,220,19,220:4046:003A:0066:011A|221:4046:002A:0064:011A|222:4046:002A:004E:011A|223:4046:001A:004C:011A|224:4046:003A:0065:012A|225:4046:002A:0063:012A|226:4046:002A:004D:012A|227:4046:001A:004B:012A
round6_phase1,0xFA,4064,0x0002,0x0003,0x0000,0x01,0x0074,0x0000,0x0000,actor_748,0,0x10C748,0x01,0xAC,0x01,0x00,0x02,0x03,0x00,0x0277,0x0278,0x02E8,0x01,0x00,0x00,46,1,46:400A:0270:0324:026B
round6_phase1,0xFA,4066,0x0002,0x0003,0x0000,0x01,0x0074,0x0000,0x0000,actor_2c8,4,0x10C3C8,0x01,0xDD,0x00,0x00,0x02,0x00,0x00,0x0101,0x0039,0x03B3,0x00,0x48,0x00,180,10,180:4048:0019:03D6:0102|181:4048:0019:03D7:00F2|182:4048:0029:03D8:0102|183:4048:0029:03D9:00F2|184:4048:0029:03DA:00FA|185:4048:0039:03DB:0102|186:4048:0039:03DC:00F2
round6_phase1,0xFA,4066,0x0002,0x0003,0x0000,0x01,0x0074,0x0000,0x0000,actor_2c8,6,0x10C448,0x01,0x27,0x00,0x00,0x08,0x00,0x00,0x00D9,0x004F,0x00D0,0x00,0x44,0x00,200,10,200:4044:004F:019B:00C8|201:4044:003F:0197:00C8|202:4044:002F:0194:00C8|203:4044:004F:019A:00D8|204:4044:003F:0196:00D8|205:4044:002F:0193:00D8|206:4044:004F:0199:00E8|207:4044:003F:0195:00E8|208:4044:004F:019C:00B8|209:4044:003F:0198:00B8
round6_phase1,0xFA,4066,0x0002,0x0003,0x0000,0x01,0x0074,0x0000,0x0000,actor_2c8,7,0x10C488,0x01,0xC9,0x01,0x00,0x01,0x00,0x00,0x013F,0x0039,0x0420,0x00,0x47,0x00,210,10,210:0047:0018:0420:012D|211:0047:0018:0421:013D|212:0047:0028:0422:012D|213:0047:0028:0423:013D|214:0047:0029:0424:0135|215:0047:0039:0425:012D|216:0047:0039:0426:013D
round6_phase1,0xFA,4066,0x0002,0x0003,0x0000,0x01,0x0074,0x0000,0x0000,actor_2c8,8,0x10C4C8,0x01,0x17,0x00,0x00,0x02,0x00,0x00,0x0127,0x0039,0x004B,0x00,0x46,0x00,220,19,220:4046:003A:0066:0118|221:4046:002A:0064:0118|222:4046:002A:004E:0118|223:4046:001A:004C:0118|224:4046:003A:0065:0128|225:4046:002A:0063:0128|226:4046:002A:004D:0128|227:4046:001A:004B:0128
round6_phase1,0xFA,4066,0x0002,0x0003,0x0000,0x01,0x0074,0x0000,0x0000,actor_748,0,0x10C748,0x01,0xAD,0x01,0x00,0x02,0x03,0x00,0x027A,0x0278,0x02E8,0x01,0x00,0x00,46,1,46:400A:0270:0325:026E
round6_phase1,0xFA,4068,0x0002,0x0003,0x0000,0x01,0x0074,0x0000,0x0000,actor_2c8,4,0x10C3C8,0x01,0xDE,0x00,0x00,0x02,0x00,0x00,0x00FF,0x0039,0x03B3,0x00,0x48,0x00,180,10,180:4048:001A:03D6:0100|181:4048:001A:03D7:00F0|182:4048:002A:03D8:0100|183:4048:002A:03D9:00F0|184:4048:002A:03DD:00F8|185:4048:003A:03DE:00F8
round6_phase1,0xFA,4068,0x0002,0x0003,0x0000,0x01,0x0074,0x0000,0x0000,actor_2c8,6,0x10C448,0x01,0x27,0x00,0x00,0x08,0x00,0x00,0x00D8,0x0052,0x00D0,0x00,0x44,0x00,200,10,200:4044:0052:019B:00C7|201:4044:0042:0197:00C7|202:4044:0032:0194:00C7|203:4044:0052:019A:00D7|204:4044:0042:0196:00D7|205:4044:0032:0193:00D7|206:4044:0052:0199:00E7|207:4044:0042:0195:00E7|208:4044:0052:019C:00B7|209:4044:0042:0198:00B7
round6_phase1,0xFA,4068,0x0002,0x0003,0x0000,0x01,0x0074,0x0000,0x0000,actor_2c8,7,0x10C488,0x01,0xCA,0x01,0x00,0x01,0x00,0x00,0x013F,0x0039,0x0420,0x00,0x47,0x00,210,10,210:0047:0019:0420:012F|211:0047:0019:0421:013F|212:0047:0029:0422:012F|213:0047:0029:0423:013F|214:0047:002A:0427:0137|215:0047:003A:0428:0137
round6_phase1,0xFA,4068,0x0002,0x0003,0x0000,0x01,0x0074,0x0000,0x0000,actor_2c8,8,0x10C4C8,0x01,0x18,0x00,0x00,0x02,0x00,0x00,0x0127,0x0039,0x004B,0x00,0x46,0x00,220,19,220:4046:0039:0069:0116|221:4046:0029:0067:0116|222:4046:0029:004E:0116|223:4046:0019:004C:0116|224:4046:0039:0068:0126|225:4046:0029:0063:0126|226:4046:0029:004D:0126|227:4046:0019:004B:0126
round6_phase1,0xFA,4068,0x0002,0x0003,0x0000,0x01,0x0074,0x0000,0x0000,actor_748,0,0x10C748,0x01,0xAE,0x01,0x00,0x02,0x03,0x00,0x027D,0x0278,0x02E8,0x01,0x00,0x00,46,1,46:400A:0270:0326:0271
round6_phase1,0xFA,4070,0x0002,0x0003,0x0000,0x01,0x0074,0x0000,0x0000,actor_2c8,4,0x10C3C8,0x01,0xDE,0x00,0x00,0x02,0x00,0x00,0x00FF,0x0039,0x03B3,0x00,0x48,0x00,180,10,180:4048:001A:03D6:00FE|181:4048:001A:03D7:00EE|182:4048:002A:03D8:00FE|183:4048:002A:03D9:00EE|184:4048:002A:03DD:00F6|185:4048:003A:03DE:00F6
round6_phase1,0xFA,4070,0x0002,0x0003,0x0000,0x01,0x0074,0x0000,0x0000,actor_2c8,6,0x10C448,0x01,0x29,0x00,0x00,0x08,0x00,0x00,0x00D7,0x0056,0x00D0,0x00,0x44,0x00,200,10,200:4044:0056:00F1:00C6|201:4044:0046:00E5:00C6|202:4044:0036:00E3:00C6|203:4044:0056:00F0:00D6|204:4044:0046:00E4:00D6|205:4044:0036:00E2:00D6|206:4044:0056:00EF:00E6|207:4044:0056:00F2:00B6|208:4044:0046:00E6:00B6
round6_phase1,0xFA,4070,0x0002,0x0003,0x0000,0x01,0x0074,0x0000,0x0000,actor_2c8,7,0x10C488,0x01,0xCA,0x01,0x00,0x01,0x00,0x00,0x0141,0x0039,0x0420,0x00,0x47,0x00,210,10,210:0047:0019:0420:0131|211:0047:0019:0421:0141|212:0047:0029:0422:0131|213:0047:0029:0423:0141|214:0047:002A:0427:0139|215:0047:003A:0428:0139
round6_phase1,0xFA,4070,0x0002,0x0003,0x0000,0x01,0x0074,0x0000,0x0000,actor_2c8,8,0x10C4C8,0x01,0x18,0x00,0x00,0x02,0x00,0x00,0x0125,0x0039,0x004B,0x00,0x46,0x00,220,19,220:4046:0039:0069:0114|221:4046:0029:0067:0114|222:4046:0029:004E:0114|223:4046:0019:004C:0114|224:4046:0039:0068:0124|225:4046:0029:0063:0124|226:4046:0029:004D:0124|227:4046:0019:004B:0124
round6_phase1,0xFA,4070,0x0002,0x0003,0x0000,0x01,0x0074,0x0000,0x0000,actor_748,0,0x10C748,0x01,0xAF,0x01,0x00,0x0F,0x03,0x00,0x0280,0x0278,0x02E8,0x01,0x00,0x00,46,1,46:400A:0270:0327:0274
round6_phase1,0xFA,4072,0x0002,0x0003,0x0000,0x01,0x0074,0x0000,0x0000,actor_2c8,4,0x10C3C8,0x01,0xDE,0x00,0x00,0x02,0x00,0x00,0x00FD,0x0039,0x03B3,0x00,0x48,0x00,180,10,180:4048:001A:03D6:00FC|181:4048:001A:03D7:00EC|182:4048:002A:03D8:00FC|183:4048:002A:03D9:00EC|184:4048:002A:03DD:00F4|185:4048:003A:03DE:00F4
round6_phase1,0xFA,4072,0x0002,0x0003,0x0000,0x01,0x0074,0x0000,0x0000,actor_2c8,5,0x10C408,0x01,0x6C,0x01,0x00,0x1F,0x00,0x03,0x0247,0x0279,0x02E8,0x00,0x4A,0x00,190,10,190:004A:0279:02F6:0240|191:004A:0269:02F4:0240|192:004A:0279:02F5:0230|193:004A:0266:0317:0230|194:004A:0256:0316:0230|195:004A:0256:0315:0220|196:004A:0266:0318:0240|197:004A:0256:02E9:0240|198:004A:0266:0314:0250
round6_phase1,0xFA,4072,0x0002,0x0003,0x0000,0x01,0x0074,0x0000,0x0000,actor_2c8,6,0x10C448,0x01,0x29,0x00,0x00,0x08,0x00,0x00,0x00D7,0x0059,0x00D0,0x00,0x44,0x00,200,10,200:4044:0059:00F1:00C6|201:4044:0049:00E5:00C6|202:4044:0039:00E3:00C6|203:4044:0059:00F0:00D6|204:4044:0049:00E4:00D6|205:4044:0039:00E2:00D6|206:4044:0059:00EF:00E6|207:4044:0059:00F2:00B6|208:4044:0049:00E6:00B6
round6_phase1,0xFA,4072,0x0002,0x0003,0x0000,0x01,0x0074,0x0000,0x0000,actor_2c8,7,0x10C488,0x01,0xCA,0x01,0x00,0x01,0x00,0x00,0x0143,0x0039,0x0420,0x00,0x47,0x00,210,10,210:0047:0019:0420:0133|211:0047:0019:0421:0143|212:0047:0029:0422:0133|213:0047:0029:0423:0143|214:0047:002A:0427:013B|215:0047:003A:0428:013B
round6_phase1,0xFA,4072,0x0002,0x0003,0x0000,0x01,0x0074,0x0000,0x0000,actor_2c8,8,0x10C4C8,0x01,0x18,0x00,0x00,0x02,0x00,0x00,0x0123,0x0039,0x004B,0x00,0x46,0x00,220,19,220:4046:0039:0069:0112|221:4046:0029:0067:0112|222:4046:0029:004E:0112|223:4046:0019:004C:0112|224:4046:0039:0068:0122|225:4046:0029:0063:0122|226:4046:0029:004D:0122|227:4046:0019:004B:0122
round6_phase1,0xFA,4072,0x0002,0x0003,0x0000,0x01,0x0074,0x0000,0x0000,actor_748,0,0x10C748,0x01,0x2B,0x01,0x00,0x0F,0x03,0x00,0x0280,0x0278,0x019D,0x01,0x00,0x00,46,1,46:4004:0270:01BB:0277
round6_phase1,0xFA,4074,0x0002,0x0003,0x0000,0x01,0x0074,0x0000,0x0000,actor_2c8,4,0x10C3C8,0x01,0xDE,0x00,0x00,0x02,0x00,0x00,0x00FB,0x0039,0x03B3,0x00,0x48,0x00,180,10,180:4048:001A:03D6:00FA|181:4048:001A:03D7:00EA|182:4048:002A:03D8:00FA|183:4048:002A:03D9:00EA|184:4048:002A:03DD:00F2|185:4048:003A:03DE:00F2
round6_phase1,0xFA,4074,0x0002,0x0003,0x0000,0x01,0x0074,0x0000,0x0000,actor_2c8,6,0x10C448,0x01,0x52,0x00,0x00,0x02,0x00,0x01,0x00D5,0x0059,0x00D0,0x00,0x44,0x00,200,10,200:4044:0059:00F1:00C6|201:4044:0049:00E5:00C6|202:4044:0039:00E3:00C6|203:4044:0059:00F0:00D6|204:4044:0049:00E4:00D6|205:4044:0039:00E2:00D6|206:4044:0059:00EF:00E6|207:4044:0059:00F2:00B6|208:4044:0049:00E6:00B6
round6_phase1,0xFA,4074,0x0002,0x0003,0x0000,0x01,0x0074,0x0000,0x0000,actor_2c8,7,0x10C488,0x01,0xCA,0x01,0x00,0x01,0x00,0x00,0x0145,0x0039,0x0420,0x00,0x47,0x00,210,10,210:0047:0019:0420:0135|211:0047:0019:0421:0145|212:0047:0029:0422:0135|213:0047:0029:0423:0145|214:0047:002A:0427:013D|215:0047:003A:0428:013D
round6_phase1,0xFA,4074,0x0002,0x0003,0x0000,0x01,0x0074,0x0000,0x0000,actor_2c8,8,0x10C4C8,0x01,0x18,0x00,0x00,0x02,0x00,0x00,0x0121,0x0039,0x004B,0x00,0x46,0x00,220,19,220:4046:0039:0069:0110|221:4046:0029:0067:0110|222:4046:0029:004E:0110|223:4046:0019:004C:0110|224:4046:0039:0068:0120|225:4046:0029:0063:0120|226:4046:0029:004D:0120|227:4046:0019:004B:0120
round6_phase1,0xFA,4076,0x0002,0x0003,0x0000,0x01,0x0074,0x0000,0x0000,actor_2c8,4,0x10C3C8,0x01,0xDF,0x00,0x00,0x02,0x00,0x00,0x00F9,0x0039,0x03B3,0x00,0x48,0x00,180,10,180:4048:0019:03D6:00F8|181:4048:0019:03D7:00E8|182:4048:0029:03D8:00F8|183:4048:0029:03D9:00E8|184:4048:0029:03DF:00F0|185:4048:0039:03E0:00F8|186:4048:0039:03E1:00E8
round6_phase1,0xFA,4076,0x0002,0x0003,0x0000,0x01,0x0074,0x0000,0x0000,actor_2c8,5,0x10C408,0x01,0x6D,0x01,0x00,0x1F,0x00,0x03,0x0247,0x0279,0x02E8,0x00,0x4A,0x00,190,10,190:004A:0279:02F6:0240|191:004A:0269:02F4:0240|192:004A:0279:02F5:0230|193:004A:0266:031C:0240|194:004A:0256:0319:0240|195:004A:0266:031B:0230|196:004A:0256:030A:0230|197:004A:0266:031D:0250|198:004A:0256:031A:0250
round6_phase1,0xFA,4076,0x0002,0x0003,0x0000,0x01,0x0074,0x0000,0x0000,actor_2c8,6,0x10C448,0x01,0x52,0x00,0x00,0x02,0x00,0x01,0x00D5,0x0059,0x00D0,0x00,0x44,0x00,200,10,200:4044:0059:0015:00C4|201:4044:0049:00DC:00C4|202:4044:0039:00DA:00C4|203:4044:0059:0014:00D4|204:4044:0049:00DB:00D4|205:4044:0039:00D9:00D4|206:4044:0059:0013:00E4|207:4044:0059:0016:00B4|208:4044:0049:00DD:00B4
round6_phase1,0xFA,4076,0x0002,0x0003,0x0000,0x01,0x0074,0x0000,0x0000,actor_2c8,7,0x10C488,0x01,0xCB,0x01,0x00,0x01,0x00,0x00,0x0147,0x0039,0x0420,0x00,0x47,0x00,210,10,210:0047:0018:0420:0137|211:0047:0018:0421:0147|212:0047:0028:0422:0137|213:0047:0028:0423:0147|214:0047:0029:0429:013F|215:0047:0039:042A:013F
round6_phase1,0xFA,4076,0x0002,0x0003,0x0000,0x01,0x0074,0x0000,0x0000,actor_2c8,8,0x10C4C8,0x01,0x19,0x00,0x00,0x02,0x00,0x00,0x011F,0x0039,0x004B,0x00,0x46,0x00,220,19,220:4046:003A:006D:010E|221:4046:002A:006B:010E|222:4046:002A:004E:010E|223:4046:001A:004C:010E|224:4046:003A:006C:011E|225:4046:002A:006A:011E|226:4046:002A:004D:011E|227:4046:001A:004B:011E
round6_phase1,0xFA,4076,0x0002,0x0003,0x0000,0x01,0x0074,0x0000,0x0000,actor_748,0,0x10C748,0x01,0x2D,0x01,0x00,0x0F,0x03,0x00,0x0280,0x0278,0x019D,0x01,0x00,0x00,46,1,46:4004:0270:01BD:0277
round6_phase1,0xFA,4078,0x0002,0x0003,0x0000,0x01,0x0074,0x0000,0x0000,actor_2c8,4,0x10C3C8,0x01,0xDF,0x00,0x00,0x02,0x00,0x00,0x00F7,0x0039,0x03B3,0x00,0x48,0x00,180,10,180:4048:0019:03D6:00F6|181:4048:0019:03D7:00E6|182:4048:0029:03D8:00F6|183:4048:0029:03D9:00E6|184:4048:0029:03DF:00EE|185:4048:0039:03E0:00F6|186:4048:0039:03E1:00E6
round6_phase1,0xFA,4080,0x0002,0x0003,0x0000,0x01,0x0074,0x0000,0x0000,actor_2c8,4,0x10C3C8,0x01,0xE2,0x00,0x00,0x08,0x00,0x00,0x00F4,0x0039,0x03B3,0x00,0x48,0x00,180,10,180:4048:0019:03D6:00F6|181:4048:0019:03D7:00E6|182:4048:0029:03D8:00F6|183:4048:0029:03D9:00E6|184:4048:0029:03DF:00EE|185:4048:0039:03E0:00F6|186:4048:0039:03E1:00E6
round6_phase1,0xFA,4080,0x0002,0x0003,0x0000,0x01,0x0074,0x0000,0x0000,actor_2c8,5,0x10C408,0x01,0x6E,0x01,0x00,0x1F,0x00,0x03,0x0247,0x0279,0x02E8,0x00,0x4A,0x00,190,10,190:004A:0279:02F6:0240|191:004A:0269:02F4:0240|192:004A:0279:02F5:0230|193:004A:0266:031F:0240|194:004A:0256:02E9:0240|195:004A:0266:031E:0230|196:004A:0256:030A:0230|197:004A:0266:0314:0250
round6_phase1,0xFA,4080,0x0002,0x0003,0x0000,0x01,0x0074,0x0000,0x0000,actor_2c8,6,0x10C448,0x01,0x52,0x00,0x00,0x02,0x00,0x01,0x00D3,0x0059,0x00D0,0x00,0x44,0x00,200,10,200:4044:0059:0015:00C2|201:4044:0049:00DC:00C2|202:4044:0039:00DA:00C2|203:4044:0059:0014:00D2|204:4044:0049:00DB:00D2|205:4044:0039:00D9:00D2|206:4044:0059:0013:00E2|207:4044:0059:0016:00B2|208:4044:0049:00DD:00B2
round6_phase1,0xFA,4080,0x0002,0x0003,0x0000,0x01,0x0074,0x0000,0x0000,actor_2c8,7,0x10C488,0x01,0xCB,0x01,0x00,0x01,0x00,0x00,0x014B,0x0039,0x0420,0x00,0x47,0x00,210,10,210:0047:0018:0420:0139|211:0047:0018:0421:0149|212:0047:0028:0422:0139|213:0047:0028:0423:0149|214:0047:0029:0429:0141|215:0047:0039:042A:0141
round6_phase1,0xFA,4080,0x0002,0x0003,0x0000,0x01,0x0074,0x0000,0x0000,actor_2c8,8,0x10C4C8,0x01,0x19,0x00,0x00,0x02,0x00,0x00,0x011B,0x0039,0x004B,0x00,0x46,0x00,220,19,220:4046:003A:006D:010C|221:4046:002A:006B:010C|222:4046:002A:004E:010C|223:4046:001A:004C:010C|224:4046:003A:006C:011C|225:4046:002A:006A:011C|226:4046:002A:004D:011C|227:4046:001A:004B:011C
round6_phase1,0xFA,4080,0x0002,0x0003,0x0000,0x01,0x0074,0x0000,0x0000,actor_748,0,0x10C748,0x01,0x2F,0x01,0x00,0x0F,0x03,0x00,0x0280,0x0278,0x019D,0x01,0x00,0x00,46,1,46:4004:0270:01BF:0277
round6_phase1,0xFA,4080,0x0002,0x0003,0x0000,0x01,0x0074,0x0000,0x0000,actor_748,1,0x10C788,0x01,0xAC,0x01,0x00,0x02,0x03,0x00,0x0252,0x0271,0x02E8,0x01,0x00,0x00,47,1,47:400A:0269:0324:0249
round6_phase1,0xFA,4082,0x0002,0x0003,0x0000,0x01,0x0074,0x0000,0x0000,actor_2c8,4,0x10C3C8,0x01,0xE2,0x00,0x00,0x08,0x00,0x00,0x00F0,0x003A,0x03B3,0x00,0x48,0x00,180,10,180:4048:0019:03D6:00F3|181:4048:0019:03D7:00E3|182:4048:0029:03D8:00F3|183:4048:0029:03D9:00E3|184:4048:002F:03E7:00EB|185:4048:002F:03E8:00DB|186:4048:003F:03E9:00EB
round6_phase1,0xFA,4082,0x0002,0x0003,0x0000,0x01,0x0074,0x0000,0x0000,actor_2c8,6,0x10C448,0x01,0x53,0x00,0x00,0x02,0x00,0x02,0x00D1,0x0059,0x00D0,0x00,0x44,0x00,200,10,200:4044:0059:0015:00C2|201:4044:0049:00DC:00C2|202:4044:0039:00DA:00C2|203:4044:0059:0014:00D2|204:4044:0049:00DB:00D2|205:4044:0039:00D9:00D2|206:4044:0059:0013:00E2|207:4044:0059:0016:00B2|208:4044:0049:00DD:00B2
round6_phase1,0xFA,4082,0x0002,0x0003,0x0000,0x01,0x0074,0x0000,0x0000,actor_2c8,7,0x10C488,0x01,0xCB,0x01,0x00,0x01,0x00,0x00,0x014D,0x0039,0x0420,0x00,0x47,0x00,210,10,210:0047:0018:0420:013B|211:0047:0018:0421:014B|212:0047:0028:0422:013B|213:0047:0028:0423:014B|214:0047:0029:0429:0143|215:0047:0039:042A:0143
round6_phase1,0xFA,4082,0x0002,0x0003,0x0000,0x01,0x0074,0x0000,0x0000,actor_2c8,8,0x10C4C8,0x01,0x19,0x00,0x00,0x02,0x00,0x00,0x0119,0x0039,0x004B,0x00,0x46,0x00,220,19,220:4046:003A:006D:010A|221:4046:002A:006B:010A|222:4046:002A:004E:010A|223:4046:001A:004C:010A|224:4046:003A:006C:011A|225:4046:002A:006A:011A|226:4046:002A:004D:011A|227:4046:001A:004B:011A
round6_phase1,0xFA,4082,0x0002,0x0003,0x0000,0x01,0x0074,0x0000,0x0000,actor_748,1,0x10C788,0x01,0xAD,0x01,0x00,0x02,0x03,0x00,0x0255,0x0273,0x02E8,0x01,0x00,0x00,47,1,47:400A:026B:0325:024C
round6_phase1,0xFA,4084,0x0002,0x0003,0x0000,0x01,0x0074,0x0000,0x0000,actor_2c8,4,0x10C3C8,0x01,0xE2,0x00,0x00,0x08,0x00,0x00,0x00ED,0x003B,0x03B3,0x00,0x48,0x00,180,10,180:4048:001A:03D6:00EF|181:4048:001A:03D7:00DF|182:4048:002A:03D8:00EF|183:4048:002A:03D9:00DF|184:4048:0030:03E7:00E7|185:4048:0030:03E8:00D7|186:4048:0040:03E9:00E7
round6_phase1,0xFA,4084,0x0002,0x0003,0x0000,0x01,0x0074,0x0000,0x0000,actor_2c8,5,0x10C408,0x01,0x6F,0x01,0x00,0x1F,0x00,0x03,0x0247,0x0279,0x02E8,0x00,0x4A,0x00,190,10,190:004A:0279:02F6:0240|191:004A:0269:02F4:0240|192:004A:0279:02F5:0230|193:004A:0266:0321:0240|194:004A:0256:02E9:0240|195:004A:0266:0320:0230|196:004A:0256:030A:0230|197:004A:0266:0314:0250
round6_phase1,0xFA,4084,0x0002,0x0003,0x0000,0x01,0x0074,0x0000,0x0000,actor_2c8,6,0x10C448,0x01,0x53,0x00,0x00,0x02,0x00,0x02,0x00D1,0x0059,0x00D0,0x00,0x44,0x00,200,10,200:4044:0059:0019:00C0|201:4044:0049:00E5:00C0|202:4044:0039:00E3:00C0|203:4044:0059:0018:00D0|204:4044:0049:00E4:00D0|205:4044:0039:00E2:00D0|206:4044:0059:0017:00E0|207:4044:0059:001A:00B0|208:4044:0049:00E6:00B0
round6_phase1,0xFA,4084,0x0002,0x0003,0x0000,0x01,0x0074,0x0000,0x0000,actor_2c8,7,0x10C488,0x01,0xCC,0x01,0x00,0x01,0x00,0x00,0x014F,0x0039,0x0420,0x00,0x47,0x00,210,10,210:0047:0019:0420:013D|211:0047:0019:0421:014D|212:0047:0029:0422:013D|213:0047:0029:0423:014D|214:0047:002A:0427:0145|215:0047:003A:0428:0145
round6_phase1,0xFA,4084,0x0002,0x0003,0x0000,0x01,0x0074,0x0000,0x0000,actor_2c8,8,0x10C4C8,0x01,0x18,0x00,0x00,0x02,0x00,0x00,0x0117,0x0039,0x004B,0x00,0x46,0x00,220,19,220:4046:0039:0069:0108|221:4046:0029:0067:0108|222:4046:0029:004E:0108|223:4046:0019:004C:0108|224:4046:0039:0068:0118|225:4046:0029:0063:0118|226:4046:0029:004D:0118|227:4046:0019:004B:0118
round6_phase1,0xFA,4084,0x0002,0x0003,0x0000,0x01,0x0074,0x0000,0x0000,actor_748,1,0x10C788,0x01,0xAE,0x01,0x00,0x02,0x03,0x00,0x0258,0x0275,0x02E8,0x01,0x00,0x00,47,1,47:400A:026D:0326:024F
round6_phase1,0xFA,4086,0x0002,0x0003,0x0000,0x01,0x0074,0x0000,0x0000,actor_2c8,4,0x10C3C8,0x01,0xE2,0x00,0x00,0x08,0x00,0x00,0x00EA,0x003C,0x03B3,0x00,0x48,0x00,180,10,180:4048:001B:03D6:00EC|181:4048:001B:03D7:00DC|182:4048:002B:03D8:00EC|183:4048:002B:03D9:00DC|184:4048:0031:03E7:00E4|185:4048:0031:03E8:00D4|186:4048:0041:03E9:00E4
round6_phase1,0xFA,4086,0x0002,0x0003,0x0000,0x01,0x0074,0x0000,0x0000,actor_2c8,7,0x10C488,0x01,0xCC,0x01,0x00,0x01,0x00,0x00,0x014F,0x0039,0x0420,0x00,0x47,0x00,210,10,210:0047:0019:0420:013F|211:0047:0019:0421:014F|212:0047:0029:0422:013F|213:0047:0029:0423:014F|214:0047:002A:0427:0147|215:0047:003A:0428:0147
round6_phase1,0xFA,4086,0x0002,0x0003,0x0000,0x01,0x0074,0x0000,0x0000,actor_2c8,8,0x10C4C8,0x01,0x18,0x00,0x00,0x02,0x00,0x00,0x0117,0x0039,0x004B,0x00,0x46,0x00,220,19,220:4046:0039:0069:0106|221:4046:0029:0067:0106|222:4046:0029:004E:0106|223:4046:0019:004C:0106|224:4046:0039:0068:0116|225:4046:0029:0063:0116|226:4046:0029:004D:0116|227:4046:0019:004B:0116
round6_phase1,0xFA,4086,0x0002,0x0003,0x0000,0x01,0x0074,0x0000,0x0000,actor_748,1,0x10C788,0x01,0xAF,0x01,0x00,0x02,0x03,0x00,0x025B,0x0276,0x02E8,0x01,0x00,0x00,47,1,47:400A:026E:0327:0252
round6_phase1,0xFA,4088,0x0002,0x0003,0x0000,0x01,0x0074,0x0000,0x0000,actor_2c8,4,0x10C3C8,0x01,0xE2,0x00,0x00,0x08,0x00,0x00,0x00E7,0x003E,0x03B3,0x00,0x48,0x00,180,10,180:4048:001C:03D6:00E9|181:4048:001C:03D7:00D9|182:4048:002C:03D8:00E9|183:4048:002C:03D9:00D9|184:4048:0032:03E7:00E1|185:4048:0032:03E8:00D1|186:4048:0042:03E9:00E1
round6_phase1,0xFA,4088,0x0002,0x0003,0x0000,0x01,0x0074,0x0000,0x0000,actor_2c8,5,0x10C408,0x01,0x61,0x01,0x00,0x01,0x00,0x00,0x0249,0x0279,0x02E8,0x00,0x4A,0x00,190,10,190:004A:0279:02F6:0240|191:004A:0269:02F4:0240|192:004A:0279:02F5:0230|193:004A:0266:0321:0240|194:004A:0256:02E9:0240|195:004A:0266:0320:0230|196:004A:0256:030A:0230|197:004A:0266:0314:0250
round6_phase1,0xFA,4088,0x0002,0x0003,0x0000,0x01,0x0074,0x0000,0x0000,actor_2c8,6,0x10C448,0x01,0x53,0x00,0x00,0x02,0x00,0x02,0x00CF,0x0059,0x00D0,0x00,0x44,0x00,200,10,200:4044:0059:0019:00BE|201:4044:0049:00E5:00BE|202:4044:0039:00E3:00BE|203:4044:0059:0018:00CE|204:4044:0049:00E4:00CE|205:4044:0039:00E2:00CE|206:4044:0059:0017:00DE|207:4044:0059:001A:00AE|208:4044:0049:00E6:00AE
round6_phase1,0xFA,4088,0x0002,0x0003,0x0000,0x01,0x0074,0x0000,0x0000,actor_2c8,7,0x10C488,0x01,0xCC,0x01,0x00,0x01,0x00,0x00,0x0151,0x0039,0x0420,0x00,0x47,0x00,210,10,210:0047:0019:0420:0141|211:0047:0019:0421:0151|212:0047:0029:0422:0141|213:0047:0029:0423:0151|214:0047:002A:0427:0149|215:0047:003A:0428:0149
round6_phase1,0xFA,4088,0x0002,0x0003,0x0000,0x01,0x0074,0x0000,0x0000,actor_2c8,8,0x10C4C8,0x01,0x18,0x00,0x00,0x02,0x00,0x00,0x0115,0x0039,0x004B,0x00,0x46,0x00,220,19,220:4046:0039:0069:0104|221:4046:0029:0067:0104|222:4046:0029:004E:0104|223:4046:0019:004C:0104|224:4046:0039:0068:0114|225:4046:0029:0063:0114|226:4046:0029:004D:0114|227:4046:0019:004B:0114
round6_phase1,0xFA,4088,0x0002,0x0003,0x0000,0x01,0x0074,0x0000,0x0000,actor_748,1,0x10C788,0x01,0xB0,0x01,0x00,0x02,0x03,0x00,0x025E,0x0277,0x02E8,0x01,0x00,0x00,47,1,47:400A:026F:0328:0255
round6_phase1,0xFA,4090,0x0002,0x0003,0x0000,0x01,0x0074,0x0000,0x0000,actor_2c8,4,0x10C3C8,0x01,0xE2,0x00,0x00,0x08,0x00,0x00,0x00E4,0x0040,0x03B3,0x00,0x48,0x00,180,10,180:4048:001E:03D6:00E6|181:4048:001E:03D7:00D6|182:4048:002E:03D8:00E6|183:4048:002E:03D9:00D6|184:4048:0034:03E7:00DE|185:4048:0034:03E8:00CE|186:4048:0044:03E9:00DE
round6_phase1,0xFA,4090,0x0002,0x0003,0x0000,0x01,0x0074,0x0000,0x0000,actor_2c8,5,0x10C408,0x01,0x61,0x01,0x00,0x01,0x00,0x00,0x024B,0x0279,0x02E8,0x00,0x4A,0x00,190,10,190:004A:0279:02F6:0242|191:004A:0269:02F4:0242|192:004A:0279:02F5:0232|193:004A:0266:02EC:0242|194:004A:0256:02E9:0242|195:004A:0266:02EB:0232|196:004A:0256:02E8:0232|197:004A:0266:02ED:0252|198:004A:0256:02EA:0252
round6_phase1,0xFA,4090,0x0002,0x0003,0x0000,0x01,0x0074,0x0000,0x0000,actor_2c8,6,0x10C448,0x01,0x54,0x00,0x00,0x02,0x00,0x03,0x00CF,0x0059,0x00D0,0x00,0x44,0x00,200,10,200:4044:0059:0019:00BE|201:4044:0049:00E5:00BE|202:4044:0039:00E3:00BE|203:4044:0059:0018:00CE|204:4044:0049:00E4:00CE|205:4044:0039:00E2:00CE|206:4044:0059:0017:00DE|207:4044:0059:001A:00AE|208:4044:0049:00E6:00AE
round6_phase1,0xFA,4090,0x0002,0x0003,0x0000,0x01,0x0074,0x0000,0x0000,actor_2c8,7,0x10C488,0x01,0xCC,0x01,0x00,0x01,0x00,0x00,0x0153,0x0039,0x0420,0x00,0x47,0x00,210,10,210:0047:0019:0420:0143|211:0047:0019:0421:0153|212:0047:0029:0422:0143|213:0047:0029:0423:0153|214:0047:002A:0427:014B|215:0047:003A:0428:014B
round6_phase1,0xFA,4090,0x0002,0x0003,0x0000,0x01,0x0074,0x0000,0x0000,actor_2c8,8,0x10C4C8,0x01,0x18,0x00,0x00,0x02,0x00,0x00,0x0113,0x0039,0x004B,0x00,0x46,0x00,220,19,220:4046:0039:0069:0102|221:4046:0029:0067:0102|222:4046:0029:004E:0102|223:4046:0019:004C:0102|224:4046:0039:0068:0112|225:4046:0029:0063:0112|226:4046:0029:004D:0112|227:4046:0019:004B:0112
round6_phase1,0xFA,4090,0x0002,0x0003,0x0000,0x01,0x0074,0x0000,0x0000,actor_748,1,0x10C788,0x01,0xB1,0x01,0x00,0x02,0x03,0x00,0x0262,0x0278,0x02E8,0x01,0x00,0x00,47,1,47:400A:0270:0329:0259
round6_phase1,0xFA,4092,0x0002,0x0003,0x0000,0x01,0x0074,0x0000,0x0000,actor_2c8,4,0x10C3C8,0x01,0xE2,0x00,0x00,0x08,0x00,0x00,0x00E1,0x0043,0x03B3,0x00,0x48,0x00,180,10,180:4048:0020:03D6:00E3|181:4048:0020:03D7:00D3|182:4048:0030:03D8:00E3|183:4048:0030:03D9:00D3|184:4048:0036:03E7:00DB|185:4048:0036:03E8:00CB|186:4048:0046:03E9:00DB
round6_phase1,0xFA,4092,0x0002,0x0003,0x0000,0x01,0x0074,0x0000,0x0000,actor_2c8,5,0x10C408,0x01,0x60,0x01,0x00,0x01,0x00,0x00,0x024D,0x0279,0x02E8,0x00,0x4A,0x00,190,10,190:004A:0279:02F3:023D|191:004A:0269:02F2:023D|192:004A:0266:02EC:0244|193:004A:0256:02E9:0244|194:004A:0266:02EB:0234|195:004A:0256:02E8:0234|196:004A:0266:02ED:0254|197:004A:0256:02EA:0254
round6_phase1,0xFA,4092,0x0002,0x0003,0x0000,0x01,0x0074,0x0000,0x0000,actor_2c8,6,0x10C448,0x01,0x55,0x00,0x00,0x02,0x00,0x04,0x00CD,0x0059,0x00D0,0x00,0x44,0x00,200,10,200:4044:0059:0021:00BC|201:4044:0049:00DC:00BC|202:4044:0039:00DA:00BC|203:4044:0059:0020:00CC|204:4044:0049:00DB:00CC|205:4044:0039:00D9:00CC|206:4044:0059:001F:00DC|207:4044:0059:0022:00AC|208:4044:0049:00DD:00AC
round6_phase1,0xFA,4092,0x0002,0x0003,0x0000,0x01,0x0074,0x0000,0x0000,actor_2c8,7,0x10C488,0x01,0xC9,0x01,0x00,0x01,0x00,0x00,0x0155,0x0039,0x0420,0x00,0x47,0x00,210,10,210:0047:0018:0420:0145|211:0047:0018:0421:0155|212:0047:0028:0422:0145|213:0047:0028:0423:0155|214:0047:0029:0424:014D|215:0047:0039:0425:0145|216:0047:0039:0426:0155
round6_phase1,0xFA,4092,0x0002,0x0003,0x0000,0x01,0x0074,0x0000,0x0000,actor_2c8,8,0x10C4C8,0x01,0x17,0x00,0x00,0x02,0x00,0x00,0x0111,0x0039,0x004B,0x00,0x46,0x00,220,19,220:4046:003A:0066:0100|221:4046:002A:0064:0100|222:4046:002A:004E:0100|223:4046:001A:004C:0100|224:4046:003A:0065:0110|225:4046:002A:0063:0110|226:4046:002A:004D:0110|227:4046:001A:004B:0110
round6_phase1,0xFA,4092,0x0002,0x0003,0x0000,0x01,0x0074,0x0000,0x0000,actor_748,1,0x10C788,0x01,0xAA,0x01,0x00,0x02,0x03,0x00,0x0265,0x0278,0x02E8,0x01,0x00,0x00,47,1,47:400A:0270:0322:025C
round6_phase1,0xFA,4094,0x0002,0x0003,0x0000,0x01,0x0074,0x0000,0x0000,actor_2c8,4,0x10C3C8,0x01,0xE2,0x00,0x00,0x08,0x00,0x00,0x00DE,0x0046,0x03B3,0x00,0x48,0x00,180,10,180:4048:0023:03D6:00E0|181:4048:0023:03D7:00D0|182:4048:0033:03D8:00E0|183:4048:0033:03D9:00D0|184:4048:0039:03E7:00D8|185:4048:0039:03E8:00C8|186:4048:0049:03E9:00D8
round6_phase1,0xFA,4094,0x0002,0x0003,0x0000,0x01,0x0074,0x0000,0x0000,actor_2c8,5,0x10C408,0x01,0x60,0x01,0x00,0x01,0x00,0x00,0x024F,0x0279,0x02E8,0x00,0x4A,0x00,190,10,190:004A:0279:02F3:023F|191:004A:0269:02F2:023F|192:004A:0266:02EC:0246|193:004A:0256:02E9:0246|194:004A:0266:02EB:0236|195:004A:0256:02E8:0236|196:004A:0266:02ED:0256|197:004A:0256:02EA:0256
round6_phase1,0xFA,4094,0x0002,0x0003,0x0000,0x01,0x0074,0x0000,0x0000,actor_2c8,7,0x10C488,0x01,0xC9,0x01,0x00,0x01,0x00,0x00,0x0157,0x0039,0x0420,0x00,0x47,0x00,210,10,210:0047:0018:0420:0147|211:0047:0018:0421:0157|212:0047:0028:0422:0147|213:0047:0028:0423:0157|214:0047:0029:0424:014F|215:0047:0039:0425:0147|216:0047:0039:0426:0157
round6_phase1,0xFA,4094,0x0002,0x0003,0x0000,0x01,0x0074,0x0000,0x0000,actor_2c8,8,0x10C4C8,0x01,0x17,0x00,0x00,0x02,0x00,0x00,0x010F,0x0039,0x004B,0x00,0x46,0x00,220,19,220:4046:003A:0066:00FE|221:4046:002A:0064:00FE|222:4046:002A:004E:00FE|223:4046:001A:004C:00FE|224:4046:003A:0065:010E|225:4046:002A:0063:010E|226:4046:002A:004D:010E|227:4046:001A:004B:010E
round6_phase1,0xFA,4094,0x0002,0x0003,0x0000,0x01,0x0074,0x0000,0x0000,actor_748,1,0x10C788,0x01,0xAB,0x01,0x00,0x02,0x03,0x00,0x0268,0x0278,0x02E8,0x01,0x00,0x00,47,1,47:400A:0270:0323:025F
round6_phase1,0xFA,4096,0x0002,0x0003,0x0000,0x01,0x0074,0x0000,0x0000,actor_2c8,4,0x10C3C8,0x01,0xE2,0x00,0x00,0x08,0x00,0x00,0x00DC,0x0049,0x03B3,0x00,0x48,0x00,180,10,180:4048:0026:03D6:00DD|181:4048:0026:03D7:00CD|182:4048:0036:03D8:00DD|183:4048:0036:03D9:00CD|184:4048:003C:03E7:00D5|185:4048:003C:03E8:00C5|186:4048:004C:03E9:00D5
round6_phase1,0xFA,4096,0x0002,0x0003,0x0000,0x01,0x0074,0x0000,0x0000,actor_2c8,5,0x10C408,0x01,0x60,0x01,0x00,0x01,0x00,0x00,0x024F,0x0279,0x02E8,0x00,0x4A,0x00,190,10,190:004A:0279:02F3:0241|191:004A:0269:02F2:0241|192:004A:0266:02EC:0248|193:004A:0256:02E9:0248|194:004A:0266:02EB:0238|195:004A:0256:02E8:0238|196:004A:0266:02ED:0258|197:004A:0256:02EA:0258
round6_phase1,0xFA,4096,0x0002,0x0003,0x0000,0x01,0x0074,0x0000,0x0000,actor_2c8,6,0x10C448,0x01,0x55,0x00,0x00,0x02,0x00,0x04,0x00CB,0x0059,0x00D0,0x00,0x44,0x00,200,10,200:4044:0059:0021:00BA|201:4044:0049:00DC:00BA|202:4044:0039:00DA:00BA|203:4044:0059:0020:00CA|204:4044:0049:00DB:00CA|205:4044:0039:00D9:00CA|206:4044:0059:001F:00DA|207:4044:0059:0022:00AA|208:4044:0049:00DD:00AA
round6_phase1,0xFA,4096,0x0002,0x0003,0x0000,0x01,0x0074,0x0000,0x0000,actor_748,1,0x10C788,0x01,0xAC,0x01,0x00,0x02,0x03,0x00,0x026B,0x0278,0x02E8,0x01,0x00,0x00,47,1,47:400A:0270:0324:0262
round6_phase1,0xFA,4098,0x0002,0x0003,0x0000,0x01,0x0074,0x0000,0x0000,actor_2c8,4,0x10C3C8,0x01,0xE2,0x00,0x00,0x08,0x00,0x00,0x00DA,0x004C,0x03B3,0x00,0x48,0x00,180,10,180:4048:0029:03D6:00DB|181:4048:0029:03D7:00CB|182:4048:0039:03D8:00DB|183:4048:0039:03D9:00CB|184:4048:003F:03E7:00D3|185:4048:003F:03E8:00C3|186:4048:004F:03E9:00D3
round6_phase1,0xFA,4098,0x0002,0x0003,0x0000,0x01,0x0074,0x0000,0x0000,actor_2c8,5,0x10C408,0x01,0x60,0x01,0x00,0x01,0x00,0x00,0x0251,0x0279,0x02E8,0x00,0x4A,0x00,190,10,190:004A:0279:02F3:0243|191:004A:0269:02F2:0243|192:004A:0266:02EC:024A|193:004A:0256:02E9:024A|194:004A:0266:02EB:023A|195:004A:0256:02E8:023A|196:004A:0266:02ED:025A|197:004A:0256:02EA:025A
round6_phase1,0xFA,4098,0x0002,0x0003,0x0000,0x01,0x0074,0x0000,0x0000,actor_2c8,8,0x10C4C8,0x01,0x17,0x00,0x00,0x02,0x00,0x00,0x010B,0x0039,0x004B,0x00,0x46,0x00,220,19,220:4046:003A:0066:00FC|221:4046:002A:0064:00FC|222:4046:002A:004E:00FC|223:4046:001A:004C:00FC|224:4046:003A:0065:010C|225:4046:002A:0063:010C|226:4046:002A:004D:010C|227:4046:001A:004B:010C
round6_phase1,0xFA,4098,0x0002,0x0003,0x0000,0x01,0x0074,0x0000,0x0000,actor_748,1,0x10C788,0x01,0xAD,0x01,0x00,0x02,0x03,0x00,0x026E,0x0278,0x02E8,0x01,0x00,0x00,47,1,47:400A:0270:0325:0265
round6_phase1,0xFA,4100,0x0002,0x0003,0x0000,0x01,0x0074,0x0000,0x0000,actor_2c8,4,0x10C3C8,0x01,0xE2,0x00,0x00,0x08,0x00,0x00,0x00D9,0x004F,0x03B3,0x00,0x48,0x00,180,10,180:4048:002C:03D6:00D9|181:4048:002C:03D7:00C9|182:4048:003C:03D8:00D9|183:4048:003C:03D9:00C9|184:4048:0042:03E7:00D1|185:4048:0042:03E8:00C1|186:4048:0052:03E9:00D1
round6_phase1,0xFA,4100,0x0002,0x0003,0x0000,0x01,0x0074,0x0000,0x0000,actor_2c8,5,0x10C408,0x01,0x61,0x01,0x00,0x01,0x00,0x00,0x0253,0x0279,0x02E8,0x00,0x4A,0x00,190,10,190:004A:0279:02F6:024C|191:004A:0269:02F4:024C|192:004A:0279:02F5:023C|193:004A:0266:02EC:024C|194:004A:0256:02E9:024C|195:004A:0266:02EB:023C|196:004A:0256:02E8:023C|197:004A:0266:02ED:025C|198:004A:0256:02EA:025C
round6_phase1,0xFA,4100,0x0002,0x0003,0x0000,0x01,0x0074,0x0000,0x0000,actor_2c8,6,0x10C448,0x01,0x56,0x00,0x00,0x02,0x00,0x05,0x00C9,0x0059,0x00D0,0x00,0x44,0x00,200,10,200:4044:0059:0025:00B8|201:4044:0049:00D3:00B8|202:4044:0039:00D1:00B8|203:4044:0059:0024:00C8|204:4044:0049:00D2:00C8|205:4044:0039:00D0:00C8|206:4044:0059:0023:00D8|207:4044:0059:0026:00A8|208:4044:0049:00D4:00A8
round6_phase1,0xFA,4100,0x0002,0x0003,0x0000,0x01,0x0074,0x0000,0x0000,actor_2c8,8,0x10C4C8,0x01,0x18,0x00,0x00,0x02,0x00,0x00,0x0109,0x0039,0x004B,0x00,0x46,0x00,220,19,220:4046:0039:0069:00FA|221:4046:0029:0067:00FA|222:4046:0029:004E:00FA|223:4046:0019:004C:00FA|224:4046:0039:0068:010A|225:4046:0029:0063:010A|226:4046:0029:004D:010A|227:4046:0019:004B:010A
round6_phase1,0xFA,4100,0x0002,0x0003,0x0000,0x01,0x0074,0x0000,0x0000,actor_748,1,0x10C788,0x01,0xAE,0x01,0x00,0x02,0x03,0x00,0x0271,0x0278,0x02E8,0x01,0x00,0x00,47,1,47:400A:0270:0326:0268
round6_phase1,0xFA,4102,0x0002,0x0003,0x0000,0x01,0x0074,0x0000,0x0000,actor_2c8,4,0x10C3C8,0x01,0xE2,0x00,0x00,0x08,0x00,0x00,0x00D8,0x0052,0x03B3,0x00,0x48,0x00,180,10,180:4048:002F:03D6:00D8|181:4048:002F:03D7:00C8|182:4048:003F:03D8:00D8|183:4048:003F:03D9:00C8|184:4048:0045:03E7:00D0|185:4048:0045:03E8:00C0|186:4048:0055:03E9:00D0
round6_phase1,0xFA,4102,0x0002,0x0003,0x0000,0x01,0x0074,0x0000,0x0000,actor_2c8,5,0x10C408,0x01,0x61,0x01,0x00,0x01,0x00,0x00,0x0255,0x0279,0x02E8,0x00,0x4A,0x00,190,10,190:004A:0279:02F6:024E|191:004A:0269:02F4:024E|192:004A:0279:02F5:023E|193:004A:0266:02EC:024E|194:004A:0256:02E9:024E|195:004A:0266:02EB:023E|196:004A:0256:02E8:023E|197:004A:0266:02ED:025E|198:004A:0256:02EA:025E
round6_phase1,0xFA,4102,0x0002,0x0003,0x0000,0x01,0x0074,0x0000,0x0000,actor_2c8,8,0x10C4C8,0x01,0x18,0x00,0x00,0x02,0x00,0x00,0x0107,0x0039,0x004B,0x00,0x46,0x00,220,19,220:4046:0039:0069:00F8|221:4046:0029:0067:00F8|222:4046:0029:004E:00F8|223:4046:0019:004C:00F8|224:4046:0039:0068:0108|225:4046:0029:0063:0108|226:4046:0029:004D:0108|227:4046:0019:004B:0108
round6_phase1,0xFA,4102,0x0002,0x0003,0x0000,0x01,0x0074,0x0000,0x0000,actor_748,1,0x10C788,0x01,0xAF,0x01,0x00,0x02,0x03,0x00,0x0274,0x0278,0x02E8,0x01,0x00,0x00,47,1,47:400A:0270:0327:026B
round6_phase1,0xFA,4104,0x0002,0x0003,0x0000,0x01,0x0074,0x0000,0x0000,actor_2c8,4,0x10C3C8,0x01,0xE2,0x00,0x00,0x08,0x00,0x00,0x00D7,0x0056,0x03B3,0x00,0x48,0x00,180,10,180:4048:0032:03D6:00D7|181:4048:0032:03D7:00C7|182:4048:0042:03D8:00D7|183:4048:0042:03D9:00C7|184:4048:0048:03E7:00CF|185:4048:0048:03E8:00BF|186:4048:0058:03E9:00CF
round6_phase1,0xFA,4104,0x0002,0x0003,0x0000,0x01,0x0074,0x0000,0x0000,actor_2c8,5,0x10C408,0x01,0x61,0x01,0x00,0x01,0x00,0x00,0x0257,0x0279,0x02E8,0x00,0x4A,0x00,190,10,190:004A:0279:02F6:0250|191:004A:0269:02F4:0250|192:004A:0279:02F5:0240|193:004A:0266:02EC:0250|194:004A:0256:02E9:0250|195:004A:0266:02EB:0240|196:004A:0256:02E8:0240|197:004A:0266:02ED:0260|198:004A:0256:02EA:0260
round6_phase1,0xFA,4104,0x0002,0x0003,0x0000,0x01,0x0074,0x0000,0x0000,actor_2c8,6,0x10C448,0x01,0x56,0x00,0x00,0x02,0x00,0x05,0x00C7,0x0059,0x00D0,0x00,0x44,0x00,200,10,200:4044:0059:0025:00B6|201:4044:0049:00D3:00B6|202:4044:0039:00D1:00B6|203:4044:0059:0024:00C6|204:4044:0049:00D2:00C6|205:4044:0039:00D0:00C6|206:4044:0059:0023:00D6|207:4044:0059:0026:00A6|208:4044:0049:00D4:00A6
round6_phase1,0xFA,4104,0x0002,0x0003,0x0000,0x01,0x0074,0x0000,0x0000,actor_2c8,8,0x10C4C8,0x01,0x18,0x00,0x00,0x02,0x00,0x00,0x0107,0x0039,0x004B,0x00,0x46,0x00,220,19,220:4046:0039:0069:00F6|221:4046:0029:0067:00F6|222:4046:0029:004E:00F6|223:4046:0019:004C:00F6|224:4046:0039:0068:0106|225:4046:0029:0063:0106|226:4046:0029:004D:0106|227:4046:0019:004B:0106
round6_phase1,0xFA,4104,0x0002,0x0003,0x0000,0x01,0x0074,0x0000,0x0000,actor_748,1,0x10C788,0x01,0xB0,0x01,0x00,0x02,0x03,0x00,0x0277,0x0278,0x02E8,0x01,0x00,0x00,47,1,47:400A:0270:0328:026E
round6_phase1,0xFA,4106,0x0002,0x0003,0x0000,0x01,0x0074,0x0000,0x0000,actor_2c8,4,0x10C3C8,0x01,0xDF,0x00,0x00,0x08,0x00,0x00,0x00D7,0x0059,0x03B3,0x00,0x48,0x00,180,10,180:4048:0036:03D6:00D6|181:4048:0036:03D7:00C6|182:4048:0046:03D8:00D6|183:4048:0046:03D9:00C6|184:4048:004C:03E7:00CE|185:4048:004C:03E8:00BE|186:4048:005C:03E9:00CE
round6_phase1,0xFA,4106,0x0002,0x0003,0x0000,0x01,0x0074,0x0000,0x0000,actor_2c8,5,0x10C408,0x01,0x63,0x01,0x00,0x1F,0x00,0x00,0x0257,0x0279,0x02E8,0x00,0x4A,0x00,190,10,190:004A:0279:02F6:0250|191:004A:0269:02F4:0250|192:004A:0279:02F5:0240|193:004A:0266:02EC:0250|194:004A:0256:02E9:0250|195:004A:0266:02EB:0240|196:004A:0256:02E8:0240|197:004A:0266:02ED:0260|198:004A:0256:02EA:0260
round6_phase1,0xFA,4106,0x0002,0x0003,0x0000,0x01,0x0074,0x0000,0x0000,actor_2c8,8,0x10C4C8,0x01,0x18,0x00,0x00,0x02,0x00,0x00,0x0105,0x0039,0x004B,0x00,0x46,0x00,220,19,220:4046:0039:0069:00F4|221:4046:0029:0067:00F4|222:4046:0029:004E:00F4|223:4046:0019:004C:00F4|224:4046:0039:0068:0104|225:4046:0029:0063:0104|226:4046:0029:004D:0104|227:4046:0019:004B:0104
round6_phase1,0xFA,4106,0x0002,0x0003,0x0000,0x01,0x0074,0x0000,0x0000,actor_748,1,0x10C788,0x01,0xB1,0x01,0x00,0x02,0x03,0x00,0x027A,0x0278,0x02E8,0x01,0x00,0x00,47,1,47:400A:0270:0329:0271
round6_phase1,0xFA,4108,0x0002,0x0003,0x0000,0x01,0x0074,0x0000,0x0000,actor_2c8,4,0x10C3C8,0x01,0xDF,0x00,0x00,0x08,0x00,0x00,0x00D7,0x0059,0x03B3,0x00,0x48,0x00,180,10,180:4048:0039:03D6:00D6|181:4048:0039:03D7:00C6|182:4048:0049:03D8:00D6|183:4048:0049:03D9:00C6|184:4048:0049:03DF:00CE|185:4048:0059:03E0:00D6|186:4048:0059:03E1:00C6
round6_phase1,0xFA,4108,0x0002,0x0003,0x0000,0x01,0x0074,0x0000,0x0000,actor_2c8,5,0x10C408,0x01,0x63,0x01,0x00,0x1F,0x00,0x00,0x0257,0x0279,0x02E8,0x00,0x4A,0x00,190,10,190:004A:0279:02F6:0250|191:004A:0269:02F4:0250|192:004A:0279:02F5:0240|193:004A:0266:02FC:0250|194:004A:0256:02FA:0250|195:004A:0246:02F9:0250|196:004A:0266:02EB:0240|197:004A:0256:02E8:0240|198:004A:0266:02FD:0260|199:004A:0256:02FB:0260
round6_phase1,0xFA,4108,0x0002,0x0003,0x0000,0x01,0x0074,0x0000,0x0000,actor_2c8,6,0x10C448,0x01,0x52,0x00,0x00,0x02,0x00,0x01,0x00C5,0x0059,0x00D0,0x00,0x44,0x00,200,10,200:4044:0059:0011:00B6|201:4044:0049:00D3:00B6|202:4044:0039:00D1:00B6|203:4044:0059:0010:00C6|204:4044:0049:00D2:00C6|205:4044:0039:00D0:00C6|206:4044:0059:000F:00D6|207:4044:0059:0012:00A6|208:4044:0049:00D4:00A6
round6_phase1,0xFA,4108,0x0002,0x0003,0x0000,0x01,0x0074,0x0000,0x0000,actor_2c8,8,0x10C4C8,0x01,0x19,0x00,0x00,0x02,0x00,0x00,0x0103,0x0039,0x004B,0x00,0x46,0x00,220,19,220:4046:003A:006D:00F2|221:4046:002A:006B:00F2|222:4046:002A:004E:00F2|223:4046:001A:004C:00F2|224:4046:003A:006C:0102|225:4046:002A:006A:0102|226:4046:002A:004D:0102|227:4046:001A:004B:0102
round6_phase1,0xFA,4108,0x0002,0x0003,0x0000,0x01,0x0074,0x0000,0x0000,actor_748,1,0x10C788,0x01,0xAA,0x01,0x00,0x02,0x03,0x00,0x027D,0x0278,0x02E8,0x01,0x00,0x00,47,1,47:400A:0270:0322:0274
round6_phase1,0xFA,4110,0x0002,0x0003,0x0000,0x01,0x0074,0x0000,0x0000,actor_2c8,4,0x10C3C8,0x01,0xDF,0x00,0x00,0x02,0x00,0x00,0x00D5,0x0059,0x03B3,0x00,0x48,0x00,180,10,180:4048:0039:03D6:00D4|181:4048:0039:03D7:00C4|182:4048:0049:03D8:00D4|183:4048:0049:03D9:00C4|184:4048:0049:03DF:00CC|185:4048:0059:03E0:00D4|186:4048:0059:03E1:00C4
round6_phase1,0xFA,4110,0x0002,0x0003,0x0000,0x01,0x0074,0x0000,0x0000,actor_2c8,6,0x10C448,0x01,0x52,0x00,0x00,0x02,0x00,0x01,0x00C5,0x0059,0x00D0,0x00,0x44,0x00,200,10,200:4044:0059:0015:00B4|201:4044:0049:00DC:00B4|202:4044:0039:00DA:00B4|203:4044:0059:0014:00C4|204:4044:0049:00DB:00C4|205:4044:0039:00D9:00C4|206:4044:0059:0013:00D4|207:4044:0059:0016:00A4|208:4044:0049:00DD:00A4
round6_phase1,0xFA,4110,0x0002,0x0003,0x0000,0x01,0x0074,0x0000,0x0000,actor_2c8,8,0x10C4C8,0x01,0x19,0x00,0x00,0x02,0x00,0x00,0x0101,0x0039,0x004B,0x00,0x46,0x00,220,19,220:4046:003A:006D:00F0|221:4046:002A:006B:00F0|222:4046:002A:004E:00F0|223:4046:001A:004C:00F0|224:4046:003A:006C:0100|225:4046:002A:006A:0100|226:4046:002A:004D:0100|227:4046:001A:004B:0100
round6_phase1,0xFA,4110,0x0002,0x0003,0x0000,0x01,0x0074,0x0000,0x0000,actor_748,1,0x10C788,0x01,0xAB,0x01,0x00,0x02,0x03,0x00,0x0280,0x0278,0x02E8,0x01,0x00,0x00,47,1,47:400A:0270:0323:0277
round6_phase1,0xFA,4112,0x0002,0x0003,0x0000,0x01,0x0074,0x0000,0x0000,actor_2c8,4,0x10C3C8,0x01,0xDF,0x00,0x00,0x02,0x00,0x00,0x00D3,0x0059,0x03B3,0x00,0x48,0x00,180,10,180:4048:0039:03D6:00D2|181:4048:0039:03D7:00C2|182:4048:0049:03D8:00D2|183:4048:0049:03D9:00C2|184:4048:0049:03DF:00CA|185:4048:0059:03E0:00D2|186:4048:0059:03E1:00C2
round6_phase1,0xFA,4112,0x0002,0x0003,0x0000,0x01,0x0074,0x0000,0x0000,actor_2c8,8,0x10C4C8,0x01,0x19,0x00,0x00,0x02,0x00,0x00,0x00FF,0x0039,0x004B,0x00,0x46,0x00,220,19,220:4046:003A:006D:00EE|221:4046:002A:006B:00EE|222:4046:002A:004E:00EE|223:4046:001A:004C:00EE|224:4046:003A:006C:00FE|225:4046:002A:006A:00FE|226:4046:002A:004D:00FE|227:4046:001A:004B:00FE
round6_phase1,0xFA,4112,0x0002,0x0003,0x0000,0x01,0x0074,0x0000,0x0000,actor_748,1,0x10C788,0x01,0xAC,0x01,0x00,0x02,0x03,0x00,0x0283,0x0278,0x02E8,0x01,0x00,0x00,47,1,47:400A:0270:0324:027A
round6_phase1,0xFA,4114,0x0002,0x0003,0x0000,0x01,0x0074,0x0000,0x0000,actor_2c8,4,0x10C3C8,0x01,0xDF,0x00,0x00,0x02,0x00,0x00,0x00D1,0x0059,0x03B3,0x00,0x48,0x00,180,10,180:4048:0039:03D6:00D0|181:4048:0039:03D7:00C0|182:4048:0049:03D8:00D0|183:4048:0049:03D9:00C0|184:4048:0049:03DF:00C8|185:4048:0059:03E0:00D0|186:4048:0059:03E1:00C0
round6_phase1,0xFA,4114,0x0002,0x0003,0x0000,0x01,0x0074,0x0000,0x0000,actor_2c8,5,0x10C408,0x01,0x64,0x01,0x00,0x1F,0x00,0x00,0x0257,0x0279,0x02E8,0x00,0x4A,0x00,190,10,190:004A:0279:02F6:0250|191:004A:0269:02F4:0250|192:004A:0279:02F5:0240|193:004A:0266:02FC:0250|194:004A:0256:02FA:0250|195:004A:0246:02F9:0250|196:004A:0266:02EB:0240|197:004A:0256:02E8:0240|198:004A:0266:02FD:0260|199:004A:0256:02FB:0260
round6_phase1,0xFA,4114,0x0002,0x0003,0x0000,0x01,0x0074,0x0000,0x0000,actor_2c8,6,0x10C448,0x01,0x52,0x00,0x00,0x02,0x00,0x01,0x00C3,0x0059,0x00D0,0x00,0x44,0x00,200,10,200:4044:0059:0015:00B2|201:4044:0049:00DC:00B2|202:4044:0039:00DA:00B2|203:4044:0059:0014:00C2|204:4044:0049:00DB:00C2|205:4044:0039:00D9:00C2|206:4044:0059:0013:00D2|207:4044:0059:0016:00A2|208:4044:0049:00DD:00A2
round6_phase1,0xFA,4114,0x0002,0x0003,0x0000,0x01,0x0074,0x0000,0x0000,actor_748,0,0x10C748,0x01,0xAD,0x01,0x00,0x02,0x03,0x00,0x026E,0x0265,0x02E8,0x01,0x00,0x00,46,1,
round6_phase1,0xFA,4114,0x0002,0x0003,0x0000,0x01,0x0074,0x0000,0x0000,actor_748,1,0x10C788,0x01,0xAD,0x01,0x00,0x02,0x03,0x00,0x0286,0x0278,0x02E8,0x01,0x00,0x00,47,1,47:400A:0270:0325:027D
round6_phase1,0xFA,4116,0x0002,0x0003,0x0000,0x01,0x0074,0x0000,0x0000,actor_2c8,4,0x10C3C8,0x01,0xE0,0x00,0x00,0x02,0x00,0x00,0x00CF,0x0059,0x03B3,0x00,0x48,0x00,180,10,180:4048:003A:03D6:00CE|181:4048:003A:03D7:00BE|182:4048:004A:03D8:00CE|183:4048:004A:03D9:00BE|184:4048:004A:03E2:00C6|185:4048:005A:03E3:00C5
round6_phase1,0xFA,4116,0x0002,0x0003,0x0000,0x01,0x0074,0x0000,0x0000,actor_2c8,5,0x10C408,0x01,0x64,0x01,0x00,0x1F,0x00,0x00,0x0257,0x0279,0x02E8,0x00,0x4A,0x00,190,10,190:004A:0279:02F6:0250|191:004A:0269:02F4:0250|192:004A:0279:02F5:0240|193:004A:0266:02FC:0250|194:004A:0256:02FE:0250|195:004A:0266:02EB:0240|196:004A:0256:02E8:0240|197:004A:0266:02FD:0260|198:004A:0256:02FF:0260
round6_phase1,0xFA,4116,0x0002,0x0003,0x0000,0x01,0x0074,0x0000,0x0000,actor_2c8,6,0x10C448,0x01,0x53,0x00,0x00,0x02,0x00,0x02,0x00C1,0x0059,0x00D0,0x00,0x44,0x00,200,10,200:4044:0059:0015:00B2|201:4044:0049:00DC:00B2|202:4044:0039:00DA:00B2|203:4044:0059:0014:00C2|204:4044:0049:00DB:00C2|205:4044:0039:00D9:00C2|206:4044:0059:0013:00D2|207:4044:0059:0016:00A2|208:4044:0049:00DD:00A2
round6_phase1,0xFA,4116,0x0002,0x0003,0x0000,0x01,0x0074,0x0000,0x0000,actor_2c8,8,0x10C4C8,0x01,0x18,0x00,0x00,0x02,0x00,0x00,0x00FB,0x0039,0x004B,0x00,0x46,0x00,220,19,220:4046:0039:0069:00EC|221:4046:0029:0067:00EC|222:4046:0029:004E:00EC|223:4046:0019:004C:00EC|224:4046:0039:0068:00FC|225:4046:0029:0063:00FC|226:4046:0029:004D:00FC|227:4046:0019:004B:00FC
round6_phase1,0xFA,4116,0x0002,0x0003,0x0000,0x01,0x0074,0x0000,0x0000,actor_748,0,0x10C748,0x01,0xAE,0x01,0x00,0x02,0x03,0x00,0x0271,0x0265,0x02E8,0x01,0x00,0x00,46,1,46:400A:025D:0326:0265
round6_phase1,0xFA,4116,0x0002,0x0003,0x0000,0x01,0x0074,0x0000,0x0000,actor_748,1,0x10C788,0x01,0xAE,0x01,0x00,0x02,0x03,0x00,0x0289,0x0278,0x02E8,0x01,0x00,0x00,47,1,47:400A:0270:0326:0280
round6_phase1,0xFA,4118,0x0002,0x0003,0x0000,0x01,0x0074,0x0000,0x0000,actor_2c8,5,0x10C408,0x01,0x65,0x01,0x00,0x1F,0x00,0x00,0x0257,0x0279,0x02E8,0x00,0x4A,0x00,190,10,190:004A:0279:02F6:0250|191:004A:0269:02F4:0250|192:004A:0279:02F5:0240|193:004A:0266:02FC:0250|194:004A:0256:02FE:0250|195:004A:0266:02EB:0240|196:004A:0256:02E8:0240|197:004A:0266:02FD:0260|198:004A:0256:02FF:0260
round6_phase1,0xFA,4118,0x0002,0x0003,0x0000,0x01,0x0074,0x0000,0x0000,actor_2c8,6,0x10C448,0x01,0x53,0x00,0x00,0x02,0x00,0x02,0x00C1,0x0059,0x00D0,0x00,0x44,0x00,200,10,200:4044:0059:0019:00B0|201:4044:0049:00E5:00B0|202:4044:0039:00E3:00B0|203:4044:0059:0018:00C0|204:4044:0049:00E4:00C0|205:4044:0039:00E2:00C0|206:4044:0059:0017:00D0|207:4044:0059:001A:00A0|208:4044:0049:00E6:00A0
round6_phase1,0xFA,4118,0x0002,0x0003,0x0000,0x01,0x0074,0x0000,0x0000,actor_2c8,8,0x10C4C8,0x01,0x18,0x00,0x00,0x02,0x00,0x00,0x00F9,0x0039,0x004B,0x00,0x46,0x00,220,19,220:4046:0039:0069:00EA|221:4046:0029:0067:00EA|222:4046:0029:004E:00EA|223:4046:0019:004C:00EA|224:4046:0039:0068:00FA|225:4046:0029:0063:00FA|226:4046:0029:004D:00FA|227:4046:0019:004B:00FA
round6_phase1,0xFA,4118,0x0002,0x0003,0x0000,0x01,0x0074,0x0000,0x0000,actor_748,0,0x10C748,0x01,0xAF,0x01,0x00,0x02,0x03,0x00,0x0274,0x0265,0x02E8,0x01,0x00,0x00,46,1,46:400A:025D:0327:0268
round6_phase1,0xFA,4118,0x0002,0x0003,0x0000,0x01,0x0074,0x0000,0x0000,actor_748,1,0x10C788,0x01,0xAF,0x01,0x00,0x02,0x03,0x00,0x028C,0x0278,0x02E8,0x01,0x00,0x00,47,1,47:400A:0270:0327:0283
round6_phase1,0xFA,4120,0x0002,0x0003,0x0000,0x01,0x0074,0x0000,0x0000,actor_2c8,4,0x10C3C8,0x01,0xE0,0x00,0x00,0x02,0x00,0x00,0x00CB,0x0059,0x03B3,0x00,0x48,0x00,180,10,180:4048:003A:03D6:00CC|181:4048:003A:03D7:00BC|182:4048:004A:03D8:00CC|183:4048:004A:03D9:00BC|184:4048:004A:03E2:00C4|185:4048:005A:03E3:00C3
round6_phase1,0xFA,4120,0x0002,0x0003,0x0000,0x01,0x0074,0x0000,0x0000,actor_2c8,5,0x10C408,0x01,0x65,0x01,0x00,0x1F,0x00,0x00,0x0257,0x0279,0x02E8,0x00,0x4A,0x00,190,10,190:004A:0279:02F6:0250|191:004A:0269:02F4:0250|192:004A:0279:02F5:0240|193:004A:0266:0300:0250|194:004A:0256:02E9:0250|195:004A:0266:02EB:0240|196:004A:0256:02E8:0240|197:004A:0266:0301:0260
round6_phase1,0xFA,4120,0x0002,0x0003,0x0000,0x01,0x0074,0x0000,0x0000,actor_2c8,8,0x10C4C8,0x01,0x18,0x00,0x00,0x02,0x00,0x00,0x00F7,0x0039,0x004B,0x00,0x46,0x00,220,19,220:4046:0039:0069:00E8|221:4046:0029:0067:00E8|222:4046:0029:004E:00E8|223:4046:0019:004C:00E8|224:4046:0039:0068:00F8|225:4046:0029:0063:00F8|226:4046:0029:004D:00F8|227:4046:0019:004B:00F8
round6_phase1,0xFA,4120,0x0002,0x0003,0x0000,0x01,0x0074,0x0000,0x0000,actor_748,0,0x10C748,0x01,0xB0,0x01,0x00,0x02,0x03,0x00,0x0277,0x0265,0x02E8,0x01,0x00,0x00,46,1,46:400A:025D:0328:026B
round6_phase1,0xFA,4120,0x0002,0x0003,0x0000,0x01,0x0074,0x0000,0x0000,actor_748,1,0x10C788,0x01,0xB0,0x01,0x00,0x02,0x03,0x00,0x028F,0x0278,0x02E8,0x01,0x00,0x00,47,1,47:400A:0270:0328:0286
round6_phase1,0xFA,4122,0x0002,0x0003,0x0000,0x01,0x0074,0x0000,0x0000,actor_2c8,4,0x10C3C8,0x01,0xE0,0x00,0x00,0x02,0x00,0x00,0x00C9,0x0059,0x03B3,0x00,0x48,0x00,180,10,180:4048:003A:03D6:00CA|181:4048:003A:03D7:00BA|182:4048:004A:03D8:00CA|183:4048:004A:03D9:00BA|184:4048:004A:03E2:00C2|185:4048:005A:03E3:00C1
round6_phase1,0xFA,4122,0x0002,0x0003,0x0000,0x01,0x0074,0x0000,0x0000,actor_2c8,5,0x10C408,0x01,0x65,0x01,0x00,0x1F,0x00,0x01,0x0257,0x0279,0x02E8,0x00,0x4A,0x00,190,10,190:004A:0279:02F6:0250|191:004A:0269:02F4:0250|192:004A:0279:02F5:0240|193:004A:0266:0300:0250|194:004A:0256:02E9:0250|195:004A:0266:02EB:0240|196:004A:0256:02E8:0240|197:004A:0266:0301:0260
round6_phase1,0xFA,4122,0x0002,0x0003,0x0000,0x01,0x0074,0x0000,0x0000,actor_2c8,6,0x10C448,0x01,0x53,0x00,0x00,0x02,0x00,0x02,0x00BF,0x0059,0x00D0,0x00,0x44,0x00,200,10,200:4044:0059:0019:00AE|201:4044:0049:00E5:00AE|202:4044:0039:00E3:00AE|203:4044:0059:0018:00BE|204:4044:0049:00E4:00BE|205:4044:0039:00E2:00BE|206:4044:0059:0017:00CE|207:4044:0059:001A:009E|208:4044:0049:00E6:009E
round6_phase1,0xFA,4122,0x0002,0x0003,0x0000,0x01,0x0074,0x0000,0x0000,actor_2c8,8,0x10C4C8,0x01,0x18,0x00,0x00,0x02,0x00,0x00,0x00F7,0x0039,0x004B,0x00,0x46,0x00,220,19,220:4046:0039:0069:00E6|221:4046:0029:0067:00E6|222:4046:0029:004E:00E6|223:4046:0019:004C:00E6|224:4046:0039:0068:00F6|225:4046:0029:0063:00F6|226:4046:0029:004D:00F6|227:4046:0019:004B:00F6
round6_phase1,0xFA,4122,0x0002,0x0003,0x0000,0x01,0x0074,0x0000,0x0000,actor_748,0,0x10C748,0x01,0xB1,0x01,0x00,0x02,0x03,0x00,0x027A,0x0265,0x02E8,0x01,0x00,0x00,46,1,46:400A:025D:0329:026E
round6_phase1,0xFA,4122,0x0002,0x0003,0x0000,0x01,0x0074,0x0000,0x0000,actor_748,1,0x10C788,0x01,0xB1,0x01,0x00,0x02,0x03,0x00,0x0292,0x0278,0x02E8,0x01,0x00,0x00,47,1,47:400A:0270:0329:0289
round6_phase1,0xFA,4124,0x0002,0x0003,0x0000,0x01,0x0074,0x0000,0x0000,actor_2c8,4,0x10C3C8,0x01,0xDD,0x00,0x00,0x02,0x00,0x00,0x00C7,0x0059,0x03B3,0x00,0x48,0x00,180,10,180:4048:0039:03D6:00C8|181:4048:0039:03D7:00B8|182:4048:0049:03D8:00C8|183:4048:0049:03D9:00B8|184:4048:0049:03DA:00C0|185:4048:0059:03DB:00C8|186:4048:0059:03DC:00B8
round6_phase1,0xFA,4124,0x0002,0x0003,0x0000,0x01,0x0074,0x0000,0x0000,actor_2c8,6,0x10C448,0x01,0x54,0x00,0x00,0x02,0x00,0x03,0x00BF,0x0059,0x00D0,0x00,0x44,0x00,200,10,200:4044:0059:0019:00AE|201:4044:0049:00E5:00AE|202:4044:0039:00E3:00AE|203:4044:0059:0018:00BE|204:4044:0049:00E4:00BE|205:4044:0039:00E2:00BE|206:4044:0059:0017:00CE|207:4044:0059:001A:009E|208:4044:0049:00E6:009E
round6_phase1,0xFA,4124,0x0002,0x0003,0x0000,0x01,0x0074,0x0000,0x0000,actor_2c8,8,0x10C4C8,0x01,0x1A,0x00,0x00,0x08,0x00,0x00,0x00F4,0x0039,0x004B,0x00,0x46,0x00,220,19,220:4046:0039:0071:00E3|221:4046:0029:006F:00E3|222:4046:002B:004E:00E3|223:4046:001B:004C:00E3|224:4046:0039:0070:00F3|225:4046:0029:006E:00F3|226:4046:002B:004D:00F3|227:4046:001B:004B:00F3
round6_phase1,0xFA,4124,0x0002,0x0003,0x0000,0x01,0x0074,0x0000,0x0000,actor_748,0,0x10C748,0x01,0xAA,0x01,0x00,0x02,0x03,0x00,0x027D,0x0265,0x02E8,0x01,0x00,0x00,46,1,46:400A:025D:0322:0271
round6_phase1,0xFA,4124,0x0002,0x0003,0x0000,0x01,0x0074,0x0000,0x0000,actor_748,1,0x10C788,0x01,0xAA,0x01,0x00,0x02,0x03,0x00,0x0295,0x0278,0x02E8,0x01,0x00,0x00,47,1,47:400A:0270:0322:028C
round6_phase1,0xFA,4126,0x0002,0x0003,0x0000,0x01,0x0074,0x0000,0x0000,actor_2c8,4,0x10C3C8,0x01,0xDD,0x00,0x00,0x02,0x00,0x00,0x00C7,0x0059,0x03B3,0x00,0x48,0x00,180,10,180:4048:0039:03D6:00C6|181:4048:0039:03D7:00B6|182:4048:0049:03D8:00C6|183:4048:0049:03D9:00B6|184:4048:0049:03DA:00BE|185:4048:0059:03DB:00C6|186:4048:0059:03DC:00B6
round6_phase1,0xFA,4126,0x0002,0x0003,0x0000,0x01,0x0074,0x0000,0x0000,actor_2c8,5,0x10C408,0x01,0x66,0x01,0x00,0x1F,0x00,0x01,0x0257,0x0279,0x02E8,0x00,0x4A,0x00,190,10,190:004A:0279:02F6:0250|191:004A:0269:02F4:0250|192:004A:0279:02F5:0240|193:004A:0266:0304:0240|194:004A:0256:0303:0240|195:004A:024E:0302:0230|196:004A:0266:0300:0250|197:004A:0256:02E9:0250|198:004A:0266:0301:0260
round6_phase1,0xFA,4126,0x0002,0x0003,0x0000,0x01,0x0074,0x0000,0x0000,actor_2c8,6,0x10C448,0x01,0x55,0x00,0x00,0x02,0x00,0x04,0x00BD,0x0059,0x00D0,0x00,0x44,0x00,200,10,200:4044:0059:0021:00AC|201:4044:0049:00DC:00AC|202:4044:0039:00DA:00AC|203:4044:0059:0020:00BC|204:4044:0049:00DB:00BC|205:4044:0039:00D9:00BC|206:4044:0059:001F:00CC|207:4044:0059:0022:009C|208:4044:0049:00DD:009C
round6_phase1,0xFA,4126,0x0002,0x0003,0x0000,0x01,0x0074,0x0000,0x0000,actor_2c8,8,0x10C4C8,0x01,0x1A,0x00,0x00,0x08,0x00,0x00,0x00F0,0x003A,0x004B,0x00,0x46,0x00,220,19,220:4046:003A:0071:00DF|221:4046:002A:006F:00DF|222:4046:002C:004E:00DF|223:4046:001C:004C:00DF|224:4046:003A:0070:00EF|225:4046:002A:006E:00EF|226:4046:002C:004D:00EF|227:4046:001C:004B:00EF
round6_phase1,0xFA,4126,0x0002,0x0003,0x0000,0x01,0x0074,0x0000,0x0000,actor_748,0,0x10C748,0x01,0xAB,0x01,0x00,0x02,0x03,0x00,0x0280,0x0265,0x02E8,0x01,0x00,0x00,46,1,46:400A:025D:0323:0274
round6_phase1,0xFA,4126,0x0002,0x0003,0x0000,0x01,0x0074,0x0000,0x0000,actor_748,1,0x10C788,0x01,0xAB,0x01,0x00,0x02,0x03,0x00,0x0298,0x0278,0x02E8,0x01,0x00,0x00,47,1,47:400A:0270:0323:028F
round6_phase1,0xFA,4128,0x0002,0x0003,0x0000,0x01,0x0074,0x0000,0x0000,actor_2c8,4,0x10C3C8,0x01,0xDD,0x00,0x00,0x02,0x00,0x00,0x00C5,0x0059,0x03B3,0x00,0x48,0x00,180,10,180:4048:0039:03D6:00C4|181:4048:0039:03D7:00B4|182:4048:0049:03D8:00C4|183:4048:0049:03D9:00B4|184:4048:0049:03DA:00BC|185:4048:0059:03DB:00C4|186:4048:0059:03DC:00B4
round6_phase1,0xFA,4128,0x0002,0x0003,0x0000,0x01,0x0074,0x0000,0x0000,actor_2c8,8,0x10C4C8,0x01,0x1A,0x00,0x00,0x08,0x00,0x00,0x00ED,0x003B,0x004B,0x00,0x46,0x00,220,19,220:4046:003B:0071:00DC|221:4046:002B:006F:00DC|222:4046:002D:004E:00DC|223:4046:001D:004C:00DC|224:4046:003B:0070:00EC|225:4046:002B:006E:00EC|226:4046:002D:004D:00EC|227:4046:001D:004B:00EC
round6_phase1,0xFA,4128,0x0002,0x0003,0x0000,0x01,0x0074,0x0000,0x0000,actor_748,0,0x10C748,0x01,0xAC,0x01,0x00,0x02,0x03,0x00,0x0283,0x0265,0x02E8,0x01,0x00,0x00,46,1,46:400A:025D:0324:0277
round6_phase1,0xFA,4128,0x0002,0x0003,0x0000,0x01,0x0074,0x0000,0x0000,actor_748,1,0x10C788,0x01,0x2B,0x01,0x00,0x0F,0x03,0x00,0x029B,0x0278,0x019D,0x01,0x00,0x00,47,1,47:400A:0270:0324:0292
round6_phase1,0xFA,4130,0x0002,0x0003,0x0000,0x01,0x0074,0x0000,0x0000,actor_2c8,4,0x10C3C8,0x01,0xDD,0x00,0x00,0x02,0x00,0x00,0x00C3,0x0059,0x03B3,0x00,0x48,0x00,180,10,180:4048:0039:03D6:00C2|181:4048:0039:03D7:00B2|182:4048:0049:03D8:00C2|183:4048:0049:03D9:00B2|184:4048:0049:03DA:00BA|185:4048:0059:03DB:00C2|186:4048:0059:03DC:00B2
round6_phase1,0xFA,4130,0x0002,0x0003,0x0000,0x01,0x0074,0x0000,0x0000,actor_2c8,6,0x10C448,0x01,0x55,0x00,0x00,0x02,0x00,0x04,0x00BB,0x0059,0x00D0,0x00,0x44,0x00,200,10,200:4044:0059:0021:00AA|201:4044:0049:00DC:00AA|202:4044:0039:00DA:00AA|203:4044:0059:0020:00BA|204:4044:0049:00DB:00BA|205:4044:0039:00D9:00BA|206:4044:0059:001F:00CA|207:4044:0059:0022:009A|208:4044:0049:00DD:009A
round6_phase1,0xFA,4130,0x0002,0x0003,0x0000,0x01,0x0074,0x0000,0x0000,actor_2c8,8,0x10C4C8,0x01,0x1A,0x00,0x00,0x08,0x00,0x00,0x00EA,0x003C,0x004B,0x00,0x46,0x00,220,19,220:4046:003C:0071:00D9|221:4046:002C:006F:00D9|222:4046:002E:004E:00D9|223:4046:001E:004C:00D9|224:4046:003C:0070:00E9|225:4046:002C:006E:00E9|226:4046:002E:004D:00E9|227:4046:001E:004B:00E9
round6_phase1,0xFA,4130,0x0002,0x0003,0x0000,0x01,0x0074,0x0000,0x0000,actor_748,0,0x10C748,0x01,0xAD,0x01,0x00,0x02,0x03,0x00,0x0286,0x0265,0x02E8,0x01,0x00,0x00,46,1,46:400A:025D:0325:027A
round6_phase1,0xFA,4130,0x0002,0x0003,0x0000,0x01,0x0074,0x0000,0x0000,actor_748,1,0x10C788,0x01,0x2B,0x01,0x00,0x0F,0x03,0x00,0x029B,0x0278,0x019D,0x01,0x00,0x00,47,1,47:4004:0270:01BB:0292
round6_phase1,0xFA,4132,0x0002,0x0003,0x0000,0x01,0x0074,0x0000,0x0000,actor_2c8,4,0x10C3C8,0x01,0xDE,0x00,0x00,0x02,0x00,0x00,0x00C1,0x0059,0x03B3,0x00,0x48,0x00,180,10,180:4048:003A:03D6:00C0|181:4048:003A:03D7:00B0|182:4048:004A:03D8:00C0|183:4048:004A:03D9:00B0|184:4048:004A:03DD:00B8|185:4048:005A:03DE:00B8
round6_phase1,0xFA,4132,0x0002,0x0003,0x0000,0x01,0x0074,0x0000,0x0000,actor_2c8,8,0x10C4C8,0x01,0x1A,0x00,0x00,0x08,0x00,0x00,0x00E7,0x003E,0x004B,0x00,0x46,0x00,220,19,220:4046:003E:0071:00D6|221:4046:002E:006F:00D6|222:4046:0030:004E:00D6|223:4046:0020:004C:00D6|224:4046:003E:0070:00E6|225:4046:002E:006E:00E6|226:4046:0030:004D:00E6|227:4046:0020:004B:00E6
round6_phase1,0xFA,4132,0x0002,0x0003,0x0000,0x01,0x0074,0x0000,0x0000,actor_748,0,0x10C748,0x01,0xAE,0x01,0x00,0x02,0x03,0x00,0x0289,0x0265,0x02E8,0x01,0x00,0x00,46,1,46:400A:025D:0326:027D
round6_phase1,0xFA,4132,0x0002,0x0003,0x0000,0x01,0x0074,0x0000,0x0000,actor_748,1,0x10C788,0x01,0x2D,0x01,0x00,0x0F,0x03,0x00,0x029B,0x0278,0x019D,0x01,0x00,0x00,47,1,47:4004:0270:01BB:0292
round6_phase1,0xFA,4134,0x0002,0x0003,0x0000,0x01,0x0074,0x0000,0x0000,actor_2c8,4,0x10C3C8,0x01,0xDE,0x00,0x00,0x02,0x00,0x00,0x00BF,0x0059,0x03B3,0x00,0x48,0x00,180,10,180:4048:003A:03D6:00BE|181:4048:003A:03D7:00AE|182:4048:004A:03D8:00BE|183:4048:004A:03D9:00AE|184:4048:004A:03DD:00B6|185:4048:005A:03DE:00B6
round6_phase1,0xFA,4134,0x0002,0x0003,0x0000,0x01,0x0074,0x0000,0x0000,actor_2c8,5,0x10C408,0x01,0x67,0x01,0x00,0x1F,0x00,0x01,0x0257,0x0279,0x02E8,0x00,0x4A,0x00,190,10,190:004A:0279:02F6:0250|191:004A:0269:02F4:0250|192:004A:0279:02F5:0240|193:004A:0266:0308:0250|194:004A:0256:0306:0250|195:004A:0266:0304:0240|196:004A:0256:0305:0240|197:004A:0266:0309:0260|198:004A:0256:0307:0260
round6_phase1,0xFA,4134,0x0002,0x0003,0x0000,0x01,0x0074,0x0000,0x0000,actor_2c8,6,0x10C448,0x01,0x56,0x00,0x00,0x02,0x00,0x05,0x00B9,0x0059,0x00D0,0x00,0x44,0x00,200,10,200:4044:0059:0025:00A8|201:4044:0049:00D3:00A8|202:4044:0039:00D1:00A8|203:4044:0059:0024:00B8|204:4044:0049:00D2:00B8|205:4044:0039:00D0:00B8|206:4044:0059:0023:00C8|207:4044:0059:0026:0098|208:4044:0049:00D4:0098
round6_phase1,0xFA,4134,0x0002,0x0003,0x0000,0x01,0x0074,0x0000,0x0000,actor_2c8,8,0x10C4C8,0x01,0x1A,0x00,0x00,0x08,0x00,0x00,0x00E4,0x0040,0x004B,0x00,0x46,0x00,220,19,220:4046:0040:0071:00D3|221:4046:0030:006F:00D3|222:4046:0032:004E:00D3|223:4046:0022:004C:00D3|224:4046:0040:0070:00E3|225:4046:0030:006E:00E3|226:4046:0032:004D:00E3|227:4046:0022:004B:00E3
round6_phase1,0xFA,4134,0x0002,0x0003,0x0000,0x01,0x0074,0x0000,0x0000,actor_748,0,0x10C748,0x01,0xAF,0x01,0x00,0x02,0x03,0x00,0x028C,0x0265,0x02E8,0x01,0x00,0x00,46,1,46:400A:025D:0327:0280
round6_phase1,0xFA,4134,0x0002,0x0003,0x0000,0x01,0x0074,0x0000,0x0000,actor_748,1,0x10C788,0x01,0x2D,0x01,0x00,0x0F,0x03,0x00,0x029B,0x0278,0x019D,0x01,0x00,0x00,47,1,47:4004:0270:01BD:0292
round6_phase1,0xFA,4134,0x0002,0x0003,0x0000,0x01,0x0074,0x0000,0x0000,actor_748,2,0x10C7C8,0x01,0xAF,0x01,0x00,0x02,0x03,0x00,0x0262,0x0265,0x02E8,0x01,0x00,0x00,48,1,48:400A:025D:0327:0259
round6_phase1,0xFA,4136,0x0002,0x0003,0x0000,0x01,0x0074,0x0000,0x0000,actor_2c8,8,0x10C4C8,0x01,0x1A,0x00,0x00,0x08,0x00,0x00,0x00E1,0x0043,0x004B,0x00,0x46,0x00,220,19,220:4046:0043:0071:00D0|221:4046:0033:006F:00D0|222:4046:0035:004E:00D0|223:4046:0025:004C:00D0|224:4046:0043:0070:00E0|225:4046:0033:006E:00E0|226:4046:0035:004D:00E0|227:4046:0025:004B:00E0
round6_phase1,0xFA,4136,0x0002,0x0003,0x0000,0x01,0x0074,0x0000,0x0000,actor_748,0,0x10C748,0x01,0xB0,0x01,0x00,0x02,0x03,0x00,0x028F,0x0265,0x02E8,0x01,0x00,0x00,46,1,46:400A:025D:0328:0283
round6_phase1,0xFA,4136,0x0002,0x0003,0x0000,0x01,0x0074,0x0000,0x0000,actor_748,1,0x10C788,0x01,0x2F,0x01,0x00,0x0F,0x03,0x00,0x029B,0x0278,0x019D,0x01,0x00,0x00,47,1,47:4004:0270:01BD:0292
round6_phase1,0xFA,4136,0x0002,0x0003,0x0000,0x01,0x0074,0x0000,0x0000,actor_748,2,0x10C7C8,0x01,0xB0,0x01,0x00,0x02,0x03,0x00,0x0265,0x0265,0x02E8,0x01,0x00,0x00,48,1,48:400A:025D:0328:025C
round6_phase1,0xFA,4138,0x0002,0x0003,0x0000,0x01,0x0074,0x0000,0x0000,actor_2c8,4,0x10C3C8,0x01,0xDE,0x00,0x00,0x02,0x00,0x00,0x00BB,0x005F,0x03B3,0x00,0x48,0x00,180,10,180:4048:003D:03D6:00BC|181:4048:003D:03D7:00AC|182:4048:004D:03D8:00BC|183:4048:004D:03D9:00AC|184:4048:004D:03DD:00B4|185:4048:005D:03DE:00B4
round6_phase1,0xFA,4138,0x0002,0x0003,0x0000,0x01,0x0074,0x0000,0x0000,actor_2c8,5,0x10C408,0x01,0x68,0x01,0x00,0x1F,0x00,0x01,0x0257,0x027F,0x02E8,0x00,0x4A,0x00,190,10,190:004A:027C:02F6:0250|191:004A:026C:02F4:0250|192:004A:027C:02F5:0240|193:004A:0269:030C:0250|194:004A:0259:02E9:0250|195:004A:0269:030B:0240|196:004A:0259:030A:0240|197:004A:0269:0301:0260
round6_phase1,0xFA,4138,0x0002,0x0003,0x0000,0x01,0x0074,0x0000,0x0000,actor_2c8,6,0x10C448,0x01,0x56,0x00,0x00,0x02,0x00,0x05,0x00B7,0x005F,0x00D0,0x00,0x44,0x00,200,10,200:4044:005C:0025:00A6|201:4044:004C:00D3:00A6|202:4044:003C:00D1:00A6|203:4044:005C:0024:00B6|204:4044:004C:00D2:00B6|205:4044:003C:00D0:00B6|206:4044:005C:0023:00C6|207:4044:005C:0026:0096|208:4044:004C:00D4:0096
round6_phase1,0xFA,4138,0x0002,0x0003,0x0000,0x01,0x0074,0x0000,0x0000,actor_2c8,8,0x10C4C8,0x01,0x1A,0x00,0x00,0x08,0x00,0x00,0x00DE,0x004C,0x004B,0x00,0x46,0x00,220,19,220:4046:0049:0071:00CD|221:4046:0039:006F:00CD|222:4046:003B:004E:00CD|223:4046:002B:004C:00CD|224:4046:0049:0070:00DD|225:4046:0039:006E:00DD|226:4046:003B:004D:00DD|227:4046:002B:004B:00DD
round6_phase1,0xFA,4138,0x0002,0x0003,0x0000,0x01,0x0074,0x0000,0x0000,actor_748,0,0x10C748,0x01,0xB1,0x01,0x00,0x02,0x03,0x00,0x0292,0x026B,0x02E8,0x01,0x00,0x00,46,1,46:400A:0260:0329:0286
round6_phase1,0xFA,4138,0x0002,0x0003,0x0000,0x01,0x0074,0x0000,0x0000,actor_748,1,0x10C788,0x01,0x2F,0x01,0x00,0x0F,0x03,0x00,0x029B,0x027E,0x019D,0x01,0x00,0x00,47,1,47:4004:0273:01BF:0292
round6_phase1,0xFA,4138,0x0002,0x0003,0x0000,0x01,0x0074,0x0000,0x0000,actor_748,2,0x10C7C8,0x01,0xB1,0x01,0x00,0x02,0x03,0x00,0x0268,0x026B,0x02E8,0x01,0x00,0x00,48,1,48:400A:0260:0329:025F
round6_phase1,0xFA,4140,0x0002,0x0003,0x0000,0x01,0x0074,0x0000,0x0000,actor_2c8,4,0x10C3C8,0x01,0xDF,0x00,0x00,0x02,0x00,0x00,0x00B9,0x0065,0x03B3,0x00,0x48,0x00,180,10,180:4048:0042:03D6:00BA|181:4048:0042:03D7:00AA|182:4048:0052:03D8:00BA|183:4048:0052:03D9:00AA|184:4048:0052:03DF:00B2|185:4048:0062:03E0:00BA|186:4048:0062:03E1:00AA
round6_phase1,0xFA,4140,0x0002,0x0003,0x0000,0x01,0x0074,0x0000,0x0000,actor_2c8,5,0x10C408,0x01,0x68,0x01,0x00,0x1F,0x00,0x01,0x0257,0x0285,0x02E8,0x00,0x4A,0x00,190,10,190:004A:0282:02F6:0250|191:004A:0272:02F4:0250|192:004A:0282:02F5:0240|193:004A:026F:030C:0250|194:004A:025F:02E9:0250|195:004A:026F:030B:0240|196:004A:025F:030A:0240|197:004A:026F:0301:0260
round6_phase1,0xFA,4140,0x0002,0x0003,0x0000,0x01,0x0074,0x0000,0x0000,actor_2c8,6,0x10C448,0x01,0x56,0x00,0x00,0x02,0x00,0x05,0x00B7,0x0065,0x00D0,0x00,0x44,0x00,200,10,200:4044:0062:0025:00A6|201:4044:0052:00D3:00A6|202:4044:0042:00D1:00A6|203:4044:0062:0024:00B6|204:4044:0052:00D2:00B6|205:4044:0042:00D0:00B6|206:4044:0062:0023:00C6|207:4044:0062:0026:0096|208:4044:0052:00D4:0096
round6_phase1,0xFA,4140,0x0002,0x0003,0x0000,0x01,0x0074,0x0000,0x0000,actor_2c8,8,0x10C4C8,0x01,0x1A,0x00,0x00,0x08,0x00,0x00,0x00DC,0x0055,0x004B,0x00,0x46,0x00,220,19,220:4046:0052:0071:00CB|221:4046:0042:006F:00CB|222:4046:0044:004E:00CB|223:4046:0034:004C:00CB|224:4046:0052:0070:00DB|225:4046:0042:006E:00DB|226:4046:0044:004D:00DB|227:4046:0034:004B:00DB
round6_phase1,0xFA,4140,0x0002,0x0003,0x0000,0x01,0x0074,0x0000,0x0000,actor_748,0,0x10C748,0x01,0xAA,0x01,0x00,0x02,0x03,0x00,0x0295,0x0271,0x02E8,0x01,0x00,0x00,46,1,46:400A:0266:0322:0289
round6_phase1,0xFA,4140,0x0002,0x0003,0x0000,0x01,0x0074,0x0000,0x0000,actor_748,2,0x10C7C8,0x01,0xAA,0x01,0x00,0x02,0x03,0x00,0x026B,0x0271,0x02E8,0x01,0x00,0x00,48,1,48:400A:0266:0322:0262
round6_phase1,0xFA,4142,0x0002,0x0003,0x0000,0x01,0x0074,0x0000,0x0000,actor_2c8,4,0x10C3C8,0x01,0xDF,0x00,0x00,0x02,0x00,0x00,0x00B7,0x0069,0x03B3,0x00,0x48,0x00,180,10,180:4048:0047:03D6:00B8|181:4048:0047:03D7:00A8|182:4048:0057:03D8:00B8|183:4048:0057:03D9:00A8|184:4048:0057:03DF:00B0|185:4048:0067:03E0:00B8|186:4048:0067:03E1:00A8
round6_phase1,0xFA,4142,0x0002,0x0003,0x0000,0x01,0x0074,0x0000,0x0000,actor_2c8,5,0x10C408,0x01,0xB4,0x01,0x00,0x01,0x00,0x02,0x0259,0x0289,0x02E8,0x00,0x4A,0x00,190,10,190:004A:0287:02F6:0250|191:004A:0277:02F4:0250|192:004A:0287:02F5:0240|193:004A:0274:030C:0250|194:004A:0264:02E9:0250|195:004A:0274:030B:0240|196:004A:0264:030A:0240|197:004A:0274:0301:0260
round6_phase1,0xFA,4142,0x0002,0x0003,0x0000,0x01,0x0074,0x0000,0x0000,actor_2c8,6,0x10C448,0x01,0x28,0x00,0x00,0x08,0x00,0x00,0x00B4,0x0069,0x00D0,0x00,0x44,0x00,200,10,200:4044:0067:0011:00A6|201:4044:0057:00D3:00A6|202:4044:0047:00D1:00A6|203:4044:0067:0010:00B6|204:4044:0057:00D2:00B6|205:4044:0047:00D0:00B6|206:4044:0067:000F:00C6|207:4044:0067:0012:0096|208:4044:0057:00D4:0096
round6_phase1,0xFA,4142,0x0002,0x0003,0x0000,0x01,0x0074,0x0000,0x0000,actor_2c8,8,0x10C4C8,0x01,0x1A,0x00,0x00,0x08,0x00,0x00,0x00DA,0x005C,0x004B,0x00,0x46,0x00,220,19,220:4046:005A:0071:00C9|221:4046:004A:006F:00C9|222:4046:004C:004E:00C9|223:4046:003C:004C:00C9|224:4046:005A:0070:00D9|225:4046:004A:006E:00D9|226:4046:004C:004D:00D9|227:4046:003C:004B:00D9
round6_phase1,0xFA,4142,0x0002,0x0003,0x0000,0x01,0x0074,0x0000,0x0000,actor_748,0,0x10C748,0x01,0xAB,0x01,0x00,0x02,0x03,0x00,0x0298,0x0275,0x02E8,0x01,0x00,0x00,46,1,46:400A:026B:0323:028C
round6_phase1,0xFA,4142,0x0002,0x0003,0x0000,0x01,0x0074,0x0000,0x0000,actor_748,2,0x10C7C8,0x01,0xAB,0x01,0x00,0x02,0x03,0x00,0x026E,0x0275,0x02E8,0x01,0x00,0x00,48,1,48:400A:026B:0323:0265
round6_phase1,0xFA,4144,0x0002,0x0003,0x0000,0x01,0x0074,0x0000,0x0000,actor_2c8,4,0x10C3C8,0x01,0xDF,0x00,0x00,0x02,0x00,0x00,0x00B7,0x006B,0x03B3,0x00,0x48,0x00,180,10,180:4048:004A:03D6:00B6|181:4048:004A:03D7:00A6|182:4048:005A:03D8:00B6|183:4048:005A:03D9:00A6|184:4048:005A:03DF:00AE|185:4048:006A:03E0:00B6|186:4048:006A:03E1:00A6
round6_phase1,0xFA,4144,0x0002,0x0003,0x0000,0x01,0x0074,0x0000,0x0000,actor_2c8,5,0x10C408,0x01,0xB4,0x01,0x00,0x01,0x00,0x02,0x025B,0x028B,0x02E8,0x00,0x4A,0x00,190,10,190:004A:028A:02F8:024E|191:004A:027A:02F7:024E|192:004A:0277:030C:0252|193:004A:0267:02E9:0252|194:004A:0277:030B:0242|195:004A:0267:030A:0242|196:004A:0277:0301:0262
round6_phase1,0xFA,4144,0x0002,0x0003,0x0000,0x01,0x0074,0x0000,0x0000,actor_2c8,6,0x10C448,0x01,0x27,0x00,0x00,0x08,0x00,0x00,0x00B0,0x006C,0x00D0,0x00,0x44,0x00,200,10,200:4044:006A:00ED:00A3|201:4044:005A:00D3:00A3|202:4044:004A:00D1:00A3|203:4044:006A:00EC:00B3|204:4044:005A:00D2:00B3|205:4044:004A:00D0:00B3|206:4044:006A:00EB:00C3|207:4044:006A:00EE:0093|208:4044:005A:00D4:0093
round6_phase1,0xFA,4144,0x0002,0x0003,0x0000,0x01,0x0074,0x0000,0x0000,actor_2c8,8,0x10C4C8,0x01,0x1A,0x00,0x00,0x08,0x00,0x00,0x00D9,0x0061,0x004B,0x00,0x46,0x00,220,19,220:4046:0060:0071:00C8|221:4046:0050:006F:00C8|222:4046:0052:004E:00C8|223:4046:0042:004C:00C8|224:4046:0060:0070:00D8|225:4046:0050:006E:00D8|226:4046:0052:004D:00D8|227:4046:0042:004B:00D8
round6_phase1,0xFA,4144,0x0002,0x0003,0x0000,0x01,0x0074,0x0000,0x0000,actor_748,0,0x10C748,0x01,0xAC,0x01,0x00,0x02,0x03,0x00,0x029B,0x0277,0x02E8,0x01,0x00,0x00,46,1,46:400A:026E:0324:028F
round6_phase1,0xFA,4144,0x0002,0x0003,0x0000,0x01,0x0074,0x0000,0x0000,actor_748,2,0x10C7C8,0x01,0xAC,0x01,0x00,0x02,0x03,0x00,0x0271,0x0277,0x02E8,0x01,0x00,0x00,48,1,48:400A:026E:0324:0268
round6_phase1,0xFA,4146,0x0002,0x0003,0x0000,0x01,0x0074,0x0000,0x0000,actor_2c8,4,0x10C3C8,0x01,0xE2,0x00,0x00,0x08,0x00,0x00,0x00B4,0x006B,0x03B3,0x00,0x48,0x00,180,10,180:4048:004B:03D6:00B3|181:4048:004B:03D7:00A3|182:4048:005B:03D8:00B3|183:4048:005B:03D9:00A3|184:4048:0061:03E7:00AB|185:4048:0061:03E8:009B|186:4048:0071:03E9:00AB
round6_phase1,0xFA,4146,0x0002,0x0003,0x0000,0x01,0x0074,0x0000,0x0000,actor_2c8,5,0x10C408,0x01,0xB4,0x01,0x00,0x01,0x00,0x02,0x025D,0x028B,0x02E8,0x00,0x4A,0x00,190,10,190:004A:028B:02F8:0250|191:004A:027B:02F7:0250|192:004A:0278:030C:0254|193:004A:0268:02E9:0254|194:004A:0278:030B:0244|195:004A:0268:030A:0244|196:004A:0278:0301:0264
round6_phase1,0xFA,4146,0x0002,0x0003,0x0000,0x01,0x0074,0x0000,0x0000,actor_2c8,6,0x10C448,0x01,0x27,0x00,0x00,0x08,0x00,0x00,0x00AD,0x006D,0x00D0,0x00,0x44,0x00,200,10,200:4044:006C:019B:009F|201:4044:005C:0197:009F|202:4044:004C:0194:009F|203:4044:006C:019A:00AF|204:4044:005C:0196:00AF|205:4044:004C:0193:00AF|206:4044:006C:0199:00BF|207:4044:005C:0195:00BF|208:4044:006C:019C:008F|209:4044:005C:0198:008F
round6_phase1,0xFA,4146,0x0002,0x0003,0x0000,0x01,0x0074,0x0000,0x0000,actor_2c8,8,0x10C4C8,0x01,0x1A,0x00,0x00,0x08,0x00,0x00,0x00D8,0x0064,0x004B,0x00,0x46,0x00,220,19,220:4046:0064:0071:00C7|221:4046:0054:006F:00C7|222:4046:0056:004E:00C7|223:4046:0046:004C:00C7|224:4046:0064:0070:00D7|225:4046:0054:006E:00D7|226:4046:0056:004D:00D7|227:4046:0046:004B:00D7
round6_phase1,0xFA,4146,0x0002,0x0003,0x0000,0x01,0x0074,0x0000,0x0000,actor_748,0,0x10C748,0x01,0xAD,0x01,0x00,0x02,0x03,0x00,0x029E,0x0277,0x02E8,0x01,0x00,0x00,46,1,46:400A:026F:0325:0292
round6_phase1,0xFA,4146,0x0002,0x0003,0x0000,0x01,0x0074,0x0000,0x0000,actor_748,2,0x10C7C8,0x01,0xAD,0x01,0x00,0x02,0x03,0x00,0x0274,0x0277,0x02E8,0x01,0x00,0x00,48,1,48:400A:026F:0325:026B
round6_phase1,0xFA,4148,0x0002,0x0003,0x0000,0x01,0x0074,0x0000,0x0000,actor_2c8,4,0x10C3C8,0x01,0xE2,0x00,0x00,0x08,0x00,0x00,0x00B0,0x006C,0x03B3,0x00,0x48,0x00,180,10,180:4048:004C:03D6:00AF|181:4048:004C:03D7:009F|182:4048:005C:03D8:00AF|183:4048:005C:03D9:009F|184:4048:0062:03E7:00A7|185:4048:0062:03E8:0097|186:4048:0072:03E9:00A7
round6_phase1,0xFA,4148,0x0002,0x0003,0x0000,0x01,0x0074,0x0000,0x0000,actor_2c8,5,0x10C408,0x01,0x68,0x01,0x00,0x01,0x00,0x02,0x025F,0x028B,0x02E8,0x00,0x4A,0x00,190,10,190:004A:028B:02F6:0256|191:004A:027B:02F4:0256|192:004A:028B:02F5:0246|193:004A:0278:030C:0256|194:004A:0268:02E9:0256|195:004A:0278:030B:0246|196:004A:0268:030A:0246|197:004A:0278:0301:0266
round6_phase1,0xFA,4148,0x0002,0x0003,0x0000,0x01,0x0074,0x0000,0x0000,actor_2c8,6,0x10C448,0x01,0x27,0x00,0x00,0x08,0x00,0x00,0x00AA,0x006E,0x00D0,0x00,0x44,0x00,200,10,200:4044:006D:019B:009C|201:4044:005D:0197:009C|202:4044:004D:0194:009C|203:4044:006D:019A:00AC|204:4044:005D:0196:00AC|205:4044:004D:0193:00AC|206:4044:006D:0199:00BC|207:4044:005D:0195:00BC|208:4044:006D:019C:008C|209:4044:005D:0198:008C
round6_phase1,0xFA,4148,0x0002,0x0003,0x0000,0x01,0x0074,0x0000,0x0000,actor_2c8,8,0x10C4C8,0x01,0x1A,0x00,0x00,0x08,0x00,0x00,0x00D7,0x0068,0x004B,0x00,0x46,0x00,220,19,220:4046:0068:0071:00C6|221:4046:0058:006F:00C6|222:4046:005A:004E:00C6|223:4046:004A:004C:00C6|224:4046:0068:0070:00D6|225:4046:0058:006E:00D6|226:4046:005A:004D:00D6|227:4046:004A:004B:00D6
round6_phase1,0xFA,4148,0x0002,0x0003,0x0000,0x01,0x0074,0x0000,0x0000,actor_748,0,0x10C748,0x01,0xAE,0x01,0x00,0x02,0x03,0x00,0x02A1,0x0277,0x02E8,0x01,0x00,0x00,46,1,46:400A:026F:0326:0295
round6_phase1,0xFA,4148,0x0002,0x0003,0x0000,0x01,0x0074,0x0000,0x0000,actor_748,2,0x10C7C8,0x01,0xAE,0x01,0x00,0x02,0x03,0x00,0x0277,0x0277,0x02E8,0x01,0x00,0x00,48,1,48:400A:026F:0326:026E
round6_phase1,0xFA,4150,0x0002,0x0003,0x0000,0x01,0x0074,0x0000,0x0000,actor_2c8,4,0x10C3C8,0x01,0xE2,0x00,0x00,0x08,0x00,0x00,0x00AD,0x006D,0x03B3,0x00,0x48,0x00,180,10,180:4048:004D:03D6:00AC|181:4048:004D:03D7:009C|182:4048:005D:03D8:00AC|183:4048:005D:03D9:009C|184:4048:0063:03E7:00A4|185:4048:0063:03E8:0094|186:4048:0073:03E9:00A4
round6_phase1,0xFA,4150,0x0002,0x0003,0x0000,0x01,0x0074,0x0000,0x0000,actor_2c8,5,0x10C408,0x01,0x68,0x01,0x00,0x01,0x00,0x02,0x025F,0x028B,0x02E8,0x00,0x4A,0x00,190,10,190:004A:028B:02F6:0258|191:004A:027B:02F4:0258|192:004A:028B:02F5:0248|193:004A:0278:030C:0258|194:004A:0268:02E9:0258|195:004A:0278:030B:0248|196:004A:0268:030A:0248|197:004A:0278:0301:0268
round6_phase1,0xFA,4150,0x0002,0x0003,0x0000,0x01,0x0074,0x0000,0x0000,actor_2c8,6,0x10C448,0x01,0x27,0x00,0x00,0x08,0x00,0x00,0x00A7,0x0070,0x00D0,0x00,0x44,0x00,200,10,200:4044:006E:019B:0099|201:4044:005E:0197:0099|202:4044:004E:0194:0099|203:4044:006E:019A:00A9|204:4044:005E:0196:00A9|205:4044:004E:0193:00A9|206:4044:006E:0199:00B9|207:4044:005E:0195:00B9|208:4044:006E:019C:0089|209:4044:005E:0198:0089
round6_phase1,0xFA,4150,0x0002,0x0003,0x0000,0x01,0x0074,0x0000,0x0000,actor_2c8,8,0x10C4C8,0x01,0x1B,0x00,0x00,0x08,0x00,0x00,0x00D7,0x006B,0x004B,0x00,0x46,0x00,220,19,220:4046:006B:0075:00C6|221:4046:005B:0073:00C6|222:4046:0060:004E:00C6|223:4046:0050:004C:00C6|224:4046:006B:0074:00D6|225:4046:005B:0072:00D6|226:4046:0060:004D:00D6|227:4046:0050:004B:00D6
round6_phase1,0xFA,4150,0x0002,0x0003,0x0000,0x01,0x0074,0x0000,0x0000,actor_748,0,0x10C748,0x01,0xAF,0x01,0x00,0x02,0x03,0x00,0x02A4,0x0277,0x02E8,0x01,0x00,0x00,46,1,46:400A:026F:0327:0298
round6_phase1,0xFA,4150,0x0002,0x0003,0x0000,0x01,0x0074,0x0000,0x0000,actor_748,2,0x10C7C8,0x01,0xAF,0x01,0x00,0x02,0x03,0x00,0x027A,0x0277,0x02E8,0x01,0x00,0x00,48,1,48:400A:026F:0327:0271
round6_phase1,0xFA,4152,0x0002,0x0003,0x0000,0x01,0x0074,0x0000,0x0000,actor_2c8,4,0x10C3C8,0x01,0xE2,0x00,0x00,0x08,0x00,0x00,0x00AA,0x006E,0x03B3,0x00,0x48,0x00,180,10,180:4048:004E:03D6:00A9|181:4048:004E:03D7:0099|182:4048:005E:03D8:00A9|183:4048:005E:03D9:0099|184:4048:0064:03E7:00A1|185:4048:0064:03E8:0091|186:4048:0074:03E9:00A1
round6_phase1,0xFA,4152,0x0002,0x0003,0x0000,0x01,0x0074,0x0000,0x0000,actor_2c8,5,0x10C408,0x01,0x68,0x01,0x00,0x01,0x00,0x02,0x0261,0x028B,0x02E8,0x00,0x4A,0x00,190,10,190:004A:028B:02F6:025A|191:004A:027B:02F4:025A|192:004A:028B:02F5:024A|193:004A:0278:030C:025A|194:004A:0268:02E9:025A|195:004A:0278:030B:024A|196:004A:0268:030A:024A|197:004A:0278:0301:026A
round6_phase1,0xFA,4152,0x0002,0x0003,0x0000,0x01,0x0074,0x0000,0x0000,actor_2c8,6,0x10C448,0x01,0x27,0x00,0x00,0x08,0x00,0x00,0x00A4,0x0072,0x00D0,0x00,0x44,0x00,200,10,200:4044:0070:019B:0096|201:4044:0060:0197:0096|202:4044:0050:0194:0096|203:4044:0070:019A:00A6|204:4044:0060:0196:00A6|205:4044:0050:0193:00A6|206:4044:0070:0199:00B6|207:4044:0060:0195:00B6|208:4044:0070:019C:0086|209:4044:0060:0198:0086
round6_phase1,0xFA,4152,0x0002,0x0003,0x0000,0x01,0x0074,0x0000,0x0000,actor_2c8,8,0x10C4C8,0x01,0x18,0x00,0x00,0x02,0x00,0x00,0x00D5,0x006B,0x004B,0x00,0x46,0x00,220,19,220:4046:006B:0075:00C6|221:4046:005B:0073:00C6|222:4046:0060:004E:00C6|223:4046:0050:004C:00C6|224:4046:006B:0074:00D6|225:4046:005B:0072:00D6|226:4046:0060:004D:00D6|227:4046:0050:004B:00D6
round6_phase1,0xFA,4152,0x0002,0x0003,0x0000,0x01,0x0074,0x0000,0x0000,actor_748,0,0x10C748,0x01,0xB0,0x01,0x00,0x02,0x03,0x00,0x02A7,0x0277,0x02E8,0x01,0x00,0x00,46,1,46:400A:026F:0328:029B
round6_phase1,0xFA,4152,0x0002,0x0003,0x0000,0x01,0x0074,0x0000,0x0000,actor_748,2,0x10C7C8,0x01,0xB0,0x01,0x00,0x02,0x03,0x00,0x027D,0x0277,0x02E8,0x01,0x00,0x00,48,1,48:400A:026F:0328:0274
round6_phase1,0xFA,4154,0x0002,0x0003,0x0000,0x01,0x0074,0x0000,0x0000,actor_2c8,4,0x10C3C8,0x01,0xE2,0x00,0x00,0x0F,0x00,0x00,0x00A7,0x0070,0x03B3,0x00,0x48,0x00,180,10,180:4048:0050:03D6:00A6|181:4048:0050:03D7:0096|182:4048:0060:03D8:00A6|183:4048:0060:03D9:0096|184:4048:0066:03E7:009E|185:4048:0066:03E8:008E|186:4048:0076:03E9:009E
round6_phase1,0xFA,4154,0x0002,0x0003,0x0000,0x01,0x0074,0x0000,0x0000,actor_2c8,5,0x10C408,0x01,0x68,0x01,0x00,0x01,0x00,0x02,0x0263,0x028B,0x02E8,0x00,0x4A,0x00,190,10,190:004A:028B:02F6:025C|191:004A:027B:02F4:025C|192:004A:028B:02F5:024C|193:004A:0278:030C:025C|194:004A:0268:02E9:025C|195:004A:0278:030B:024C|196:004A:0268:030A:024C|197:004A:0278:0301:026C
round6_phase1,0xFA,4154,0x0002,0x0003,0x0000,0x01,0x0074,0x0000,0x0000,actor_2c8,6,0x10C448,0x01,0x27,0x00,0x00,0x08,0x00,0x00,0x00A1,0x0075,0x00D0,0x00,0x44,0x00,200,10,200:4044:0072:019B:0093|201:4044:0062:0197:0093|202:4044:0052:0194:0093|203:4044:0072:019A:00A3|204:4044:0062:0196:00A3|205:4044:0052:0193:00A3|206:4044:0072:0199:00B3|207:4044:0062:0195:00B3|208:4044:0072:019C:0083|209:4044:0062:0198:0083
round6_phase1,0xFA,4154,0x0002,0x0003,0x0000,0x01,0x0074,0x0000,0x0000,actor_2c8,8,0x10C4C8,0x01,0x18,0x00,0x00,0x02,0x00,0x00,0x00D3,0x006B,0x004B,0x00,0x46,0x00,220,19,220:4046:006B:0069:00C4|221:4046:005B:0067:00C4|222:4046:005B:004E:00C4|223:4046:004B:004C:00C4|224:4046:006B:0068:00D4|225:4046:005B:0063:00D4|226:4046:005B:004D:00D4|227:4046:004B:004B:00D4
round6_phase1,0xFA,4154,0x0002,0x0003,0x0000,0x01,0x0074,0x0000,0x0000,actor_748,0,0x10C748,0x01,0xB1,0x01,0x00,0x02,0x03,0x00,0x02AA,0x0277,0x02E8,0x01,0x00,0x00,46,1,46:400A:026F:0329:029E
round6_phase1,0xFA,4154,0x0002,0x0003,0x0000,0x01,0x0074,0x0000,0x0000,actor_748,2,0x10C7C8,0x01,0xB1,0x01,0x00,0x02,0x03,0x00,0x0280,0x0277,0x02E8,0x01,0x00,0x00,48,1,48:400A:026F:0329:0277
round6_phase1,0xFA,4156,0x0002,0x0003,0x0000,0x01,0x0074,0x0000,0x0000,actor_2c8,4,0x10C3C8,0x01,0x0D,0x00,0x00,0x0F,0x00,0x00,0x00A7,0x0070,0x0A73,0x00,0x08,0x02,180,10,180:4000:0078:0A83:008E|181:4000:0068:0A80:008E|182:4000:0058:0A7D:008E|183:4000:0078:0A82:009E|184:4000:0068:0A7F:009E|185:4000:0058:0A7C:009E|186:4000:0078:0A81:00AE|187:4000:0068:0A7E:00AE|188:4000:0058:0A7B:00AE
round6_phase1,0xFA,4156,0x0002,0x0003,0x0000,0x01,0x0074,0x0000,0x0000,actor_2c8,5,0x10C408,0x01,0xB3,0x01,0x00,0x01,0x00,0x02,0x0265,0x028B,0x02E8,0x00,0x4A,0x00,190,10,190:004A:028B:02F3:0257|191:004A:027B:02F2:0257|192:004A:0278:030C:025E|193:004A:0268:02E9:025E|194:004A:0278:030B:024E|195:004A:0268:030A:024E|196:004A:0278:0301:026E
round6_phase1,0xFA,4156,0x0002,0x0003,0x0000,0x01,0x0074,0x0000,0x0000,actor_2c8,6,0x10C448,0x01,0x27,0x00,0x00,0x08,0x00,0x00,0x009E,0x0078,0x00D0,0x00,0x44,0x00,200,10,200:4044:0075:019B:0090|201:4044:0065:0197:0090|202:4044:0055:0194:0090|203:4044:0075:019A:00A0|204:4044:0065:0196:00A0|205:4044:0055:0193:00A0|206:4044:0075:0199:00B0|207:4044:0065:0195:00B0|208:4044:0075:019C:0080|209:4044:0065:0198:0080
round6_phase1,0xFA,4156,0x0002,0x0003,0x0000,0x01,0x0074,0x0000,0x0000,actor_2c8,8,0x10C4C8,0x01,0x17,0x00,0x00,0x02,0x00,0x00,0x00D1,0x006B,0x004B,0x00,0x46,0x00,220,19,220:4046:006C:0066:00C2|221:4046:005C:0064:00C2|222:4046:005C:004E:00C2|223:4046:004C:004C:00C2|224:4046:006C:0065:00D2|225:4046:005C:0063:00D2|226:4046:005C:004D:00D2|227:4046:004C:004B:00D2
round6_phase1,0xFA,4156,0x0002,0x0003,0x0000,0x01,0x0074,0x0000,0x0000,actor_748,0,0x10C748,0x01,0xAA,0x01,0x00,0x02,0x03,0x00,0x02AD,0x0277,0x02E8,0x01,0x00,0x00,46,1,46:400A:026F:0322:02A1
round6_phase1,0xFA,4156,0x0002,0x0003,0x0000,0x01,0x0074,0x0000,0x0000,actor_748,2,0x10C7C8,0x01,0xAA,0x01,0x00,0x02,0x03,0x00,0x0283,0x0277,0x02E8,0x01,0x00,0x00,48,1,48:400A:026F:0322:027A
round6_phase1,0xFA,4158,0x0002,0x0003,0x0000,0x01,0x0074,0x0000,0x0000,actor_2c8,4,0x10C3C8,0x01,0x0C,0x00,0x00,0x0F,0x00,0x00,0x00A7,0x0070,0x0A73,0x00,0x08,0x02,180,10,180:4000:0078:0A83:008E|181:4000:0068:0A80:008E|182:4000:0058:0A7D:008E|183:4000:0078:0A82:009E|184:4000:0068:0A7F:009E|185:4000:0058:0A7C:009E|186:4000:0078:0A81:00AE|187:4000:0068:0A7E:00AE|188:4000:0058:0A7B:00AE
round6_phase1,0xFA,4158,0x0002,0x0003,0x0000,0x01,0x0074,0x0000,0x0000,actor_2c8,5,0x10C408,0x01,0xB3,0x01,0x00,0x01,0x00,0x02,0x0267,0x028B,0x02E8,0x00,0x4A,0x00,190,10,190:004A:028B:02F3:0259|191:004A:027B:02F2:0259|192:004A:0278:030C:0260|193:004A:0268:02E9:0260|194:004A:0278:030B:0250|195:004A:0268:030A:0250|196:004A:0278:0301:0270
round6_phase1,0xFA,4158,0x0002,0x0003,0x0000,0x01,0x0074,0x0000,0x0000,actor_2c8,6,0x10C448,0x01,0x27,0x00,0x00,0x0F,0x00,0x00,0x009C,0x007B,0x00D0,0x00,0x44,0x00,200,10,200:4044:0078:019B:008D|201:4044:0068:0197:008D|202:4044:0058:0194:008D|203:4044:0078:019A:009D|204:4044:0068:0196:009D|205:4044:0058:0193:009D|206:4044:0078:0199:00AD|207:4044:0068:0195:00AD|208:4044:0078:019C:007D|209:4044:0068:0198:007D
round6_phase1,0xFA,4158,0x0002,0x0003,0x0000,0x01,0x0074,0x0000,0x0000,actor_2c8,8,0x10C4C8,0x01,0x17,0x00,0x00,0x02,0x00,0x00,0x00CF,0x006B,0x004B,0x00,0x46,0x00,220,19,220:4046:006C:0066:00C0|221:4046:005C:0064:00C0|222:4046:005C:004E:00C0|223:4046:004C:004C:00C0|224:4046:006C:0065:00D0|225:4046:005C:0063:00D0|226:4046:005C:004D:00D0|227:4046:004C:004B:00D0
round6_phase1,0xFA,4158,0x0002,0x0003,0x0000,0x01,0x0074,0x0000,0x0000,actor_748,0,0x10C748,0x01,0xAB,0x01,0x00,0x02,0x03,0x00,0x02B0,0x0277,0x02E8,0x01,0x00,0x00,46,1,46:400A:026F:0323:02A4
round6_phase1,0xFA,4158,0x0002,0x0003,0x0000,0x01,0x0074,0x0000,0x0000,actor_748,2,0x10C7C8,0x01,0xAB,0x01,0x00,0x02,0x03,0x00,0x0286,0x0277,0x02E8,0x01,0x00,0x00,48,1,48:400A:026F:0323:027D
round6_phase1,0xFA,4160,0x0002,0x0003,0x0000,0x01,0x0074,0x0000,0x0000,actor_2c8,4,0x10C3C8,0x01,0x0C,0x00,0x00,0x0F,0x00,0x00,0x00A7,0x0070,0x0A73,0x00,0x08,0x02,180,10,180:4000:0070:0A7A:0096|181:4000:0060:0A78:0096|182:4000:0070:0A79:00A6|183:4000:0060:0A77:00A6
round6_phase1,0xFA,4160,0x0002,0x0003,0x0000,0x01,0x0074,0x0000,0x0000,actor_2c8,6,0x10C448,0x01,0x0D,0x00,0x00,0x0F,0x00,0x00,0x009C,0x007B,0x0A73,0x00,0x04,0x02,200,10,200:4000:0083:0A83:0083|201:4000:0073:0A80:0083|202:4000:0063:0A7D:0083|203:4000:0083:0A82:0093|204:4000:0073:0A7F:0093|205:4000:0063:0A7C:0093|206:4000:0083:0A81:00A3|207:4000:0073:0A7E:00A3|208:4000:0063:0A7B:00A3
round6_phase1,0xFA,4160,0x0002,0x0003,0x0000,0x01,0x0074,0x0000,0x0000,actor_2c8,8,0x10C4C8,0x01,0x17,0x00,0x00,0x02,0x00,0x00,0x00CF,0x006B,0x004B,0x00,0x46,0x00,220,19,220:4046:006C:0066:00BE|221:4046:005C:0064:00BE|222:4046:005C:004E:00BE|223:4046:004C:004C:00BE|224:4046:006C:0065:00CE|225:4046:005C:0063:00CE|226:4046:005C:004D:00CE|227:4046:004C:004B:00CE
round6_phase1,0xFA,4160,0x0002,0x0003,0x0000,0x01,0x0074,0x0000,0x0000,actor_748,0,0x10C748,0x01,0xAC,0x01,0x00,0x02,0x03,0x00,0x02B3,0x0277,0x02E8,0x01,0x00,0x00,46,1,46:400A:026F:0324:02A7
round6_phase1,0xFA,4160,0x0002,0x0003,0x0000,0x01,0x0074,0x0000,0x0000,actor_748,2,0x10C7C8,0x01,0xAC,0x01,0x00,0x02,0x03,0x00,0x0289,0x0277,0x02E8,0x01,0x00,0x00,48,1,48:400A:026F:0324:0280
round6_phase1,0xFA,4162,0x0002,0x0003,0x0000,0x01,0x0074,0x0000,0x0000,actor_2c8,4,0x10C3C8,0x01,0x0B,0x00,0x00,0x0F,0x00,0x00,0x00A7,0x0070,0x0A73,0x00,0x08,0x02,180,10,180:4000:0070:0A76:0096|181:4000:0060:0A74:0096|182:4000:0070:0A75:00A6|183:4000:0060:0A73:00A6
round6_phase1,0xFA,4162,0x0002,0x0003,0x0000,0x01,0x0074,0x0000,0x0000,actor_2c8,5,0x10C408,0x01,0xB3,0x01,0x00,0x01,0x00,0x02,0x026B,0x028B,0x02E8,0x00,0x4A,0x00,190,10,190:004A:028B:02F3:025B|191:004A:027B:02F2:025B|192:004A:0278:030C:0262|193:004A:0268:02E9:0262|194:004A:0278:030B:0252|195:004A:0268:030A:0252|196:004A:0278:0301:0272
round6_phase1,0xFA,4162,0x0002,0x0003,0x0000,0x01,0x0074,0x0000,0x0000,actor_2c8,6,0x10C448,0x01,0x0C,0x00,0x00,0x0F,0x00,0x00,0x009C,0x007B,0x0A73,0x00,0x04,0x02,200,10,200:4000:0083:0A83:0083|201:4000:0073:0A80:0083|202:4000:0063:0A7D:0083|203:4000:0083:0A82:0093|204:4000:0073:0A7F:0093|205:4000:0063:0A7C:0093|206:4000:0083:0A81:00A3|207:4000:0073:0A7E:00A3|208:4000:0063:0A7B:00A3
round6_phase1,0xFA,4162,0x0002,0x0003,0x0000,0x01,0x0074,0x0000,0x0000,actor_2c8,8,0x10C4C8,0x01,0x17,0x00,0x00,0x02,0x00,0x00,0x00CD,0x006B,0x004B,0x00,0x46,0x00,220,19,220:4046:006C:0066:00BC|221:4046:005C:0064:00BC|222:4046:005C:004E:00BC|223:4046:004C:004C:00BC|224:4046:006C:0065:00CC|225:4046:005C:0063:00CC|226:4046:005C:004D:00CC|227:4046:004C:004B:00CC
round6_phase1,0xFA,4162,0x0002,0x0003,0x0000,0x01,0x0074,0x0000,0x0000,actor_748,0,0x10C748,0x01,0xAD,0x01,0x00,0x02,0x03,0x00,0x02B6,0x0277,0x02E8,0x01,0x00,0x00,46,1,46:400A:026F:0325:02AA
round6_phase1,0xFA,4162,0x0002,0x0003,0x0000,0x01,0x0074,0x0000,0x0000,actor_748,2,0x10C7C8,0x01,0xAD,0x01,0x00,0x02,0x03,0x00,0x028C,0x0277,0x02E8,0x01,0x00,0x00,48,1,48:400A:026F:0325:0283
round6_phase1,0xFA,4164,0x0002,0x0003,0x0000,0x01,0x0074,0x0000,0x0000,actor_2c8,4,0x10C3C8,0x01,0x0C,0x00,0x00,0x0F,0x00,0x00,0x00A7,0x006E,0x0A73,0x00,0x08,0x02,180,10,180:4000:0070:0A76:0096|181:4000:0060:0A74:0096|182:4000:0070:0A75:00A6|183:4000:0060:0A73:00A6
round6_phase1,0xFA,4164,0x0002,0x0003,0x0000,0x01,0x0074,0x0000,0x0000,actor_2c8,5,0x10C408,0x01,0x68,0x01,0x00,0x01,0x00,0x02,0x026D,0x0289,0x02E8,0x00,0x4A,0x00,190,10,190:004A:028B:02F6:0264|191:004A:027B:02F4:0264|192:004A:028B:02F5:0254|193:004A:0278:030C:0264|194:004A:0268:02E9:0264|195:004A:0278:030B:0254|196:004A:0268:030A:0254|197:004A:0278:0301:0274
round6_phase1,0xFA,4164,0x0002,0x0003,0x0000,0x01,0x0074,0x0000,0x0000,actor_2c8,6,0x10C448,0x01,0x0C,0x00,0x00,0x0F,0x00,0x00,0x009C,0x0079,0x0A73,0x00,0x04,0x02,200,10,200:4000:007B:0A7A:008B|201:4000:006B:0A78:008B|202:4000:007B:0A79:009B|203:4000:006B:0A77:009B
round6_phase1,0xFA,4164,0x0002,0x0003,0x0000,0x01,0x0074,0x0000,0x0000,actor_2c8,8,0x10C4C8,0x01,0x18,0x00,0x00,0x02,0x00,0x00,0x00CB,0x0069,0x004B,0x00,0x46,0x00,220,19,220:4046:006B:0069:00BA|221:4046:005B:0067:00BA|222:4046:005B:004E:00BA|223:4046:004B:004C:00BA|224:4046:006B:0068:00CA|225:4046:005B:0063:00CA|226:4046:005B:004D:00CA|227:4046:004B:004B:00CA
round6_phase1,0xFA,4164,0x0002,0x0003,0x0000,0x01,0x0074,0x0000,0x0000,actor_748,0,0x10C748,0x01,0xAE,0x01,0x00,0x02,0x03,0x00,0x02B9,0x0275,0x02E8,0x01,0x00,0x00,46,1,46:400A:026F:0326:02AD
round6_phase1,0xFA,4164,0x0002,0x0003,0x0000,0x01,0x0074,0x0000,0x0000,actor_748,2,0x10C7C8,0x01,0xAE,0x01,0x00,0x02,0x03,0x00,0x028F,0x0275,0x02E8,0x01,0x00,0x00,48,1,48:400A:026F:0326:0286
round6_phase1,0xFA,4166,0x0002,0x0003,0x0000,0x01,0x0074,0x0000,0x0000,actor_2c8,4,0x10C3C8,0x01,0x0C,0x00,0x00,0x0F,0x00,0x00,0x00A7,0x0066,0x0A73,0x00,0x08,0x02,180,10,180:4000:006A:0A7A:0096|181:4000:005A:0A78:0096|182:4000:006A:0A79:00A6|183:4000:005A:0A77:00A6
round6_phase1,0xFA,4166,0x0002,0x0003,0x0000,0x01,0x0074,0x0000,0x0000,actor_2c8,5,0x10C408,0x01,0x68,0x01,0x00,0x01,0x00,0x02,0x026F,0x0281,0x02E8,0x00,0x4A,0x00,190,10,190:004A:0285:02F6:0266|191:004A:0275:02F4:0266|192:004A:0285:02F5:0256|193:004A:0272:030C:0266|194:004A:0262:02E9:0266|195:004A:0272:030B:0256|196:004A:0262:030A:0256|197:004A:0272:0301:0276
round6_phase1,0xFA,4166,0x0002,0x0003,0x0000,0x01,0x0074,0x0000,0x0000,actor_2c8,6,0x10C448,0x01,0x0B,0x00,0x00,0x0F,0x00,0x00,0x009C,0x0071,0x0A73,0x00,0x04,0x02,200,10,200:4000:0075:0A76:008B|201:4000:0065:0A74:008B|202:4000:0075:0A75:009B|203:4000:0065:0A73:009B
round6_phase1,0xFA,4166,0x0002,0x0003,0x0000,0x01,0x0074,0x0000,0x0000,actor_2c8,8,0x10C4C8,0x01,0x18,0x00,0x00,0x02,0x00,0x00,0x00C9,0x0061,0x004B,0x00,0x46,0x00,220,19,220:4046:0065:0069:00B8|221:4046:0055:0067:00B8|222:4046:0055:004E:00B8|223:4046:0045:004C:00B8|224:4046:0065:0068:00C8|225:4046:0055:0063:00C8|226:4046:0055:004D:00C8|227:4046:0045:004B:00C8
round6_phase1,0xFA,4166,0x0002,0x0003,0x0000,0x01,0x0074,0x0000,0x0000,actor_748,0,0x10C748,0x01,0xAF,0x01,0x00,0x02,0x03,0x00,0x02BC,0x026D,0x02E8,0x01,0x00,0x00,46,1,46:400A:0269:0327:02B0
round6_phase1,0xFA,4166,0x0002,0x0003,0x0000,0x01,0x0074,0x0000,0x0000,actor_748,2,0x10C7C8,0x01,0xAF,0x01,0x00,0x02,0x03,0x00,0x0292,0x026D,0x02E8,0x01,0x00,0x00,48,1,48:400A:0269:0327:0289
round6_phase1,0xFA,4168,0x0002,0x0003,0x0000,0x01,0x0074,0x0000,0x0000,actor_2c8,4,0x10C3C8,0x01,0x0D,0x00,0x00,0x0F,0x00,0x00,0x00A7,0x005E,0x0A73,0x00,0x08,0x02,180,10,180:4000:006A:0A83:008E|181:4000:005A:0A80:008E|182:4000:004A:0A7D:008E|183:4000:006A:0A82:009E|184:4000:005A:0A7F:009E|185:4000:004A:0A7C:009E|186:4000:006A:0A81:00AE|187:4000:005A:0A7E:00AE|188:4000:004A:0A7B:00AE
round6_phase1,0xFA,4168,0x0002,0x0003,0x0000,0x01,0x0074,0x0000,0x0000,actor_2c8,5,0x10C408,0x01,0x68,0x00,0x00,0x02,0x00,0x02,0x026F,0x0279,0x02E8,0x00,0x4A,0x00,190,10,190:004A:027D:02F6:0268|191:004A:026D:02F4:0268|192:004A:027D:02F5:0258|193:004A:026A:030C:0268|194:004A:025A:02E9:0268|195:004A:026A:030B:0258|196:004A:025A:030A:0258|197:004A:026A:0301:0278
round6_phase1,0xFA,4168,0x0002,0x0003,0x0000,0x01,0x0074,0x0000,0x0000,actor_2c8,6,0x10C448,0x01,0x0C,0x00,0x00,0x0F,0x00,0x00,0x009C,0x0069,0x0A73,0x00,0x04,0x02,200,10,200:4000:006D:0A76:008B|201:4000:005D:0A74:008B|202:4000:006D:0A75:009B|203:4000:005D:0A73:009B
round6_phase1,0xFA,4168,0x0002,0x0003,0x0000,0x01,0x0074,0x0000,0x0000,actor_2c8,8,0x10C4C8,0x01,0x18,0x00,0x00,0x02,0x00,0x00,0x00C7,0x0059,0x004B,0x00,0x46,0x00,220,19,220:4046:005D:0069:00B6|221:4046:004D:0067:00B6|222:4046:004D:004E:00B6|223:4046:003D:004C:00B6|224:4046:005D:0068:00C6|225:4046:004D:0063:00C6|226:4046:004D:004D:00C6|227:4046:003D:004B:00C6
round6_phase1,0xFA,4168,0x0002,0x0003,0x0000,0x01,0x0074,0x0000,0x0000,actor_748,0,0x10C748,0x01,0xB0,0x01,0x00,0x02,0x03,0x00,0x02BF,0x0265,0x02E8,0x01,0x00,0x00,46,1,46:400A:0261:0328:02B3
round6_phase1,0xFA,4168,0x0002,0x0003,0x0000,0x01,0x0074,0x0000,0x0000,actor_748,2,0x10C7C8,0x01,0xB0,0x01,0x00,0x02,0x03,0x00,0x0295,0x0265,0x02E8,0x01,0x00,0x00,48,1,48:400A:0261:0328:028C
round6_phase1,0xFA,4170,0x0002,0x0003,0x0000,0x01,0x0074,0x0000,0x0000,actor_2c8,4,0x10C3C8,0x01,0x0E,0x00,0x00,0x0F,0x00,0x00,0x00A7,0x005E,0x0A73,0x00,0x08,0x02,180,10,180:4000:0066:0A83:008E|181:4000:0056:0A80:008E|182:4000:0046:0A7D:008E|183:4000:0066:0A82:009E|184:4000:0056:0A7F:009E|185:4000:0046:0A7C:009E|186:4000:0066:0A81:00AE|187:4000:0056:0A7E:00AE|188:4000:0046:0A7B:00AE
round6_phase1,0xFA,4170,0x0002,0x0003,0x0000,0x01,0x0074,0x0000,0x0000,actor_2c8,6,0x10C448,0x01,0x0C,0x00,0x00,0x0F,0x00,0x00,0x009C,0x0069,0x0A73,0x00,0x04,0x02,200,10,200:4000:0069:0A7A:008B|201:4000:0059:0A78:008B|202:4000:0069:0A79:009B|203:4000:0059:0A77:009B
round6_phase1,0xFA,4170,0x0002,0x0003,0x0000,0x01,0x0074,0x0000,0x0000,actor_2c8,8,0x10C4C8,0x01,0x18,0x00,0x00,0x02,0x00,0x00,0x00C5,0x0059,0x004B,0x00,0x46,0x00,220,19,220:4046:0059:0069:00B6|221:4046:0049:0067:00B6|222:4046:0049:004E:00B6|223:4046:0039:004C:00B6|224:4046:0059:0068:00C6|225:4046:0049:0063:00C6|226:4046:0049:004D:00C6|227:4046:0039:004B:00C6
round6_phase1,0xFA,4170,0x0002,0x0003,0x0000,0x01,0x0074,0x0000,0x0000,actor_748,0,0x10C748,0x01,0xB1,0x01,0x00,0x02,0x03,0x00,0x02C2,0x0265,0x02E8,0x01,0x00,0x00,46,1,46:400A:025D:0329:02B6
round6_phase1,0xFA,4170,0x0002,0x0003,0x0000,0x01,0x0074,0x0000,0x0000,actor_748,2,0x10C7C8,0x01,0xB1,0x01,0x00,0x02,0x03,0x00,0x0298,0x0265,0x02E8,0x01,0x00,0x00,48,1,48:400A:025D:0329:028F
round6_phase1,0xFA,4172,0x0002,0x0003,0x0000,0x01,0x0074,0x0000,0x0000,actor_2c8,4,0x10C3C8,0x01,0x0E,0x00,0x00,0x0F,0x00,0x00,0x00A7,0x005E,0x0A73,0x00,0x08,0x02,180,10,180:4000:0066:0A8C:008E|181:4000:0056:0A89:008E|182:4000:0046:0A86:008E|183:4000:0066:0A8B:009E|184:4000:0056:0A88:009E|185:4000:0046:0A85:009E|186:4000:0066:0A8A:00AE|187:4000:0056:0A87:00AE|188:4000:0046:0A84:00AE
round6_phase1,0xFA,4172,0x0002,0x0003,0x0000,0x01,0x0074,0x0000,0x0000,actor_2c8,6,0x10C448,0x01,0x0D,0x00,0x00,0x0F,0x00,0x00,0x009C,0x0069,0x0A73,0x00,0x04,0x02,200,10,200:4000:0071:0A83:0083|201:4000:0061:0A80:0083|202:4000:0051:0A7D:0083|203:4000:0071:0A82:0093|204:4000:0061:0A7F:0093|205:4000:0051:0A7C:0093|206:4000:0071:0A81:00A3|207:4000:0061:0A7E:00A3|208:4000:0051:0A7B:00A3
round6_phase1,0xFA,4172,0x0002,0x0003,0x0000,0x01,0x0074,0x0000,0x0000,actor_2c8,8,0x10C4C8,0x01,0x19,0x00,0x00,0x02,0x00,0x00,0x00C3,0x0059,0x004B,0x00,0x46,0x00,220,19,220:4046:005A:006D:00B4|221:4046:004A:006B:00B4|222:4046:004A:004E:00B4|223:4046:003A:004C:00B4|224:4046:005A:006C:00C4|225:4046:004A:006A:00C4|226:4046:004A:004D:00C4|227:4046:003A:004B:00C4
round6_phase1,0xFA,4172,0x0002,0x0003,0x0000,0x01,0x0074,0x0000,0x0000,actor_748,0,0x10C748,0x01,0xAA,0x01,0x00,0x02,0x03,0x00,0x02C5,0x0265,0x02E8,0x01,0x00,0x00,46,1,46:400A:025D:0322:02B9
round6_phase1,0xFA,4172,0x0002,0x0003,0x0000,0x01,0x0074,0x0000,0x0000,actor_748,2,0x10C7C8,0x01,0xAA,0x01,0x00,0x02,0x03,0x00,0x029B,0x0265,0x02E8,0x01,0x00,0x00,48,1,48:400A:025D:0322:0292
round6_phase1,0xFA,4174,0x0002,0x0003,0x0000,0x01,0x0074,0x0000,0x0000,actor_2c8,4,0x10C3C8,0x01,0x0F,0x00,0x00,0x0F,0x00,0x00,0x00A7,0x005E,0x0A73,0x00,0x08,0x02,180,10,180:4000:0066:0A94:008E|181:4000:0056:0A91:008E|182:4000:0046:0A8F:008E|183:4000:0066:0A93:009E|184:4000:0046:0A8E:009E|185:4000:0066:0A92:00AE|186:4000:0056:0A90:00AE|187:4000:0046:0A8D:00AE
round6_phase1,0xFA,4174,0x0002,0x0003,0x0000,0x01,0x0074,0x0000,0x0000,actor_2c8,6,0x10C448,0x01,0x0E,0x00,0x00,0x0F,0x00,0x00,0x009C,0x0069,0x0A73,0x00,0x04,0x02,200,10,200:4000:0071:0A83:0083|201:4000:0061:0A80:0083|202:4000:0051:0A7D:0083|203:4000:0071:0A82:0093|204:4000:0061:0A7F:0093|205:4000:0051:0A7C:0093|206:4000:0071:0A81:00A3|207:4000:0061:0A7E:00A3|208:4000:0051:0A7B:00A3
round6_phase1,0xFA,4174,0x0002,0x0003,0x0000,0x01,0x0074,0x0000,0x0000,actor_2c8,8,0x10C4C8,0x01,0x19,0x00,0x00,0x02,0x00,0x00,0x00C1,0x0059,0x004B,0x00,0x46,0x00,220,19,220:4046:005A:006D:00B2|221:4046:004A:006B:00B2|222:4046:004A:004E:00B2|223:4046:003A:004C:00B2|224:4046:005A:006C:00C2|225:4046:004A:006A:00C2|226:4046:004A:004D:00C2|227:4046:003A:004B:00C2
round6_phase1,0xFA,4174,0x0002,0x0003,0x0000,0x01,0x0074,0x0000,0x0000,actor_748,0,0x10C748,0x01,0xAB,0x01,0x00,0x02,0x03,0x00,0x02C8,0x0265,0x02E8,0x01,0x00,0x00,46,1,46:400A:025D:0323:02BC
round6_phase1,0xFA,4174,0x0002,0x0003,0x0000,0x01,0x0074,0x0000,0x0000,actor_748,2,0x10C7C8,0x01,0xAB,0x01,0x00,0x02,0x03,0x00,0x029E,0x0265,0x02E8,0x01,0x00,0x00,48,1,48:400A:025D:0323:0295
round6_phase1,0xFA,4176,0x0002,0x0003,0x0000,0x01,0x0074,0x0000,0x0000,actor_2c8,4,0x10C3C8,0x01,0x10,0x00,0x00,0x0F,0x00,0x00,0x00A7,0x005E,0x0A73,0x00,0x08,0x02,180,10,180:4000:0066:0A94:008E|181:4000:0056:0A91:008E|182:4000:0046:0A8F:008E|183:4000:0066:0A93:009E|184:4000:0046:0A8E:009E|185:4000:0066:0A92:00AE|186:4000:0056:0A90:00AE|187:4000:0046:0A8D:00AE
round6_phase1,0xFA,4176,0x0002,0x0003,0x0000,0x01,0x0074,0x0000,0x0000,actor_2c8,5,0x10C408,0x01,0xB4,0x00,0x00,0x02,0x00,0x02,0x0261,0x0279,0x02E8,0x01,0x4A,0x00,190,10,190:004A:0279:02F8:0258|191:004A:0269:02F7:0258|192:004A:0266:030C:025C|193:004A:0256:02E9:025C|194:004A:0266:030B:024C|195:004A:0256:030A:024C|196:004A:0266:0301:026C
round6_phase1,0xFA,4176,0x0002,0x0003,0x0000,0x01,0x0074,0x0000,0x0000,actor_2c8,6,0x10C448,0x01,0x0E,0x00,0x00,0x0F,0x00,0x00,0x009C,0x0069,0x0A73,0x00,0x04,0x02,200,10,200:4000:0071:0A8C:0083|201:4000:0061:0A89:0083|202:4000:0051:0A86:0083|203:4000:0071:0A8B:0093|204:4000:0061:0A88:0093|205:4000:0051:0A85:0093|206:4000:0071:0A8A:00A3|207:4000:0061:0A87:00A3|208:4000:0051:0A84:00A3
round6_phase1,0xFA,4176,0x0002,0x0003,0x0000,0x01,0x0074,0x0000,0x0000,actor_2c8,8,0x10C4C8,0x01,0x19,0x00,0x00,0x02,0x00,0x00,0x00BF,0x0059,0x004B,0x00,0x46,0x00,220,19,220:4046:005A:006D:00B0|221:4046:004A:006B:00B0|222:4046:004A:004E:00B0|223:4046:003A:004C:00B0|224:4046:005A:006C:00C0|225:4046:004A:006A:00C0|226:4046:004A:004D:00C0|227:4046:003A:004B:00C0
round6_phase1,0xFA,4176,0x0002,0x0003,0x0000,0x01,0x0074,0x0000,0x0000,actor_748,0,0x10C748,0x01,0xAC,0x01,0x00,0x02,0x03,0x00,0x02CB,0x0265,0x02E8,0x01,0x00,0x00,46,1,46:400A:025D:0324:02BF
round6_phase1,0xFA,4176,0x0002,0x0003,0x0000,0x01,0x0074,0x0000,0x0000,actor_748,2,0x10C7C8,0x01,0xAC,0x01,0x00,0x02,0x03,0x00,0x02A1,0x0265,0x02E8,0x01,0x00,0x00,48,1,48:400A:025D:0324:0298
round6_phase1,0xFA,4178,0x0002,0x0003,0x0000,0x01,0x0074,0x0000,0x0000,actor_2c8,4,0x10C3C8,0x01,0x10,0x00,0x00,0x0F,0x00,0x00,0x00A7,0x005E,0x0A73,0x00,0x08,0x02,180,10,180:4000:0066:0A9D:008E|181:4000:0056:0A9A:008E|182:4000:0046:0A97:008E|183:4000:0066:0A9C:009E|184:4000:0056:0A99:009E|185:4000:0046:0A96:009E|186:4000:0066:0A9B:00AE|187:4000:0056:0A98:00AE|188:4000:0046:0A95:00AE
round6_phase1,0xFA,4178,0x0002,0x0003,0x0000,0x01,0x0074,0x0000,0x0000,actor_2c8,5,0x10C408,0x01,0xB4,0x00,0x00,0x02,0x00,0x02,0x025F,0x0279,0x02E8,0x01,0x4A,0x00,190,10,190:004A:0279:02F8:0254|191:004A:0269:02F7:0254|192:004A:0266:030C:0258|193:004A:0256:02E9:0258|194:004A:0266:030B:0248|195:004A:0256:030A:0248|196:004A:0266:0301:0268
round6_phase1,0xFA,4178,0x0002,0x0003,0x0000,0x01,0x0074,0x0000,0x0000,actor_2c8,6,0x10C448,0x01,0x0F,0x00,0x00,0x0F,0x00,0x00,0x009C,0x0069,0x0A73,0x00,0x04,0x02,200,10,200:4000:0071:0A94:0083|201:4000:0061:0A91:0083|202:4000:0051:0A8F:0083|203:4000:0071:0A93:0093|204:4000:0051:0A8E:0093|205:4000:0071:0A92:00A3|206:4000:0061:0A90:00A3|207:4000:0051:0A8D:00A3
round6_phase1,0xFA,4178,0x0002,0x0003,0x0000,0x01,0x0074,0x0000,0x0000,actor_2c8,7,0x10C488,0x01,0xCB,0x00,0x00,0x02,0x00,0x00,0x0143,0x0039,0x0420,0x00,0x47,0x00,210,10,210:4047:0018:0420:0144|211:4047:0018:0421:0134|212:4047:0028:0422:0144|213:4047:0028:0423:0134|214:4047:0029:0429:013C|215:4047:0039:042A:013C
round6_phase1,0xFA,4178,0x0002,0x0003,0x0000,0x01,0x0074,0x0000,0x0000,actor_2c8,8,0x10C4C8,0x01,0x19,0x00,0x00,0x02,0x00,0x00,0x00BF,0x0059,0x004B,0x00,0x46,0x00,220,19,220:4046:005A:006D:00AE|221:4046:004A:006B:00AE|222:4046:004A:004E:00AE|223:4046:003A:004C:00AE|224:4046:005A:006C:00BE|225:4046:004A:006A:00BE|226:4046:004A:004D:00BE|227:4046:003A:004B:00BE
round6_phase1,0xFA,4178,0x0002,0x0003,0x0000,0x01,0x0074,0x0000,0x0000,actor_748,0,0x10C748,0x01,0xAD,0x01,0x00,0x02,0x03,0x00,0x02CE,0x0265,0x02E8,0x01,0x00,0x00,46,1,46:400A:025D:0325:02C2
round6_phase1,0xFA,4178,0x0002,0x0003,0x0000,0x01,0x0074,0x0000,0x0000,actor_748,2,0x10C7C8,0x01,0xAD,0x01,0x00,0x02,0x03,0x00,0x02A4,0x0265,0x02E8,0x01,0x00,0x00,48,1,48:400A:025D:0325:029B
round6_phase1,0xFA,4180,0x0002,0x0003,0x0000,0x01,0x0074,0x0000,0x0000,actor_2c8,4,0x10C3C8,0x01,0x11,0x00,0x00,0x0F,0x00,0x00,0x00A7,0x005E,0x0A73,0x00,0x08,0x02,180,10,180:4000:005E:0AA1:0096|181:4000:004E:0A9F:0096|182:4000:005E:0AA0:00A6|183:4000:004E:0A9E:00A6
round6_phase1,0xFA,4180,0x0002,0x0003,0x0000,0x01,0x0074,0x0000,0x0000,actor_2c8,6,0x10C448,0x01,0x10,0x00,0x00,0x0F,0x00,0x00,0x009C,0x0069,0x0A73,0x00,0x04,0x02,200,10,200:4000:0071:0A94:0083|201:4000:0061:0A91:0083|202:4000:0051:0A8F:0083|203:4000:0071:0A93:0093|204:4000:0051:0A8E:0093|205:4000:0071:0A92:00A3|206:4000:0061:0A90:00A3|207:4000:0051:0A8D:00A3
round6_phase1,0xFA,4180,0x0002,0x0003,0x0000,0x01,0x0074,0x0000,0x0000,actor_2c8,7,0x10C488,0x01,0xCC,0x00,0x00,0x02,0x00,0x00,0x0141,0x0039,0x0420,0x00,0x47,0x00,210,10,210:4047:0019:0420:0142|211:4047:0019:0421:0132|212:4047:0029:0422:0142|213:4047:0029:0423:0132|214:4047:002A:0427:013A|215:4047:003A:0428:013A
round6_phase1,0xFA,4180,0x0002,0x0003,0x0000,0x01,0x0074,0x0000,0x0000,actor_2c8,8,0x10C4C8,0x01,0x18,0x00,0x00,0x02,0x00,0x00,0x00BD,0x0059,0x004B,0x00,0x46,0x00,220,19,220:4046:0059:0069:00AC|221:4046:0049:0067:00AC|222:4046:0049:004E:00AC|223:4046:0039:004C:00AC|224:4046:0059:0068:00BC|225:4046:0049:0063:00BC|226:4046:0049:004D:00BC|227:4046:0039:004B:00BC
round6_phase1,0xFA,4180,0x0002,0x0003,0x0000,0x01,0x0074,0x0000,0x0000,actor_748,0,0x10C748,0x01,0xAE,0x01,0x00,0x02,0x03,0x00,0x02D1,0x0265,0x02E8,0x01,0x00,0x00,46,1,46:400A:025D:0326:02C5
round6_phase1,0xFA,4180,0x0002,0x0003,0x0000,0x01,0x0074,0x0000,0x0000,actor_748,2,0x10C7C8,0x01,0xAE,0x01,0x00,0x02,0x03,0x00,0x02A7,0x0265,0x02E8,0x01,0x00,0x00,48,1,48:400A:025D:0326:029E
round6_phase1,0xFA,4182,0x0002,0x0003,0x0000,0x01,0x0074,0x0000,0x0000,actor_2c8,4,0x10C3C8,0x01,0x12,0x00,0x00,0x0F,0x00,0x00,0x00A7,0x005E,0x0A73,0x00,0x08,0x02,180,10,180:4000:005E:0AA1:0096|181:4000:004E:0A9F:0096|182:4000:005E:0AA0:00A6|183:4000:004E:0A9E:00A6
round6_phase1,0xFA,4182,0x0002,0x0003,0x0000,0x01,0x0074,0x0000,0x0000,actor_2c8,6,0x10C448,0x01,0x10,0x00,0x00,0x0F,0x00,0x00,0x009C,0x0069,0x0A73,0x00,0x04,0x02,200,10,200:4000:0071:0A9D:0083|201:4000:0061:0A9A:0083|202:4000:0051:0A97:0083|203:4000:0071:0A9C:0093|204:4000:0061:0A99:0093|205:4000:0051:0A96:0093|206:4000:0071:0A9B:00A3|207:4000:0061:0A98:00A3|208:4000:0051:0A95:00A3
round6_phase1,0xFA,4182,0x0002,0x0003,0x0000,0x01,0x0074,0x0000,0x0000,actor_2c8,7,0x10C488,0x01,0xCC,0x00,0x00,0x02,0x00,0x00,0x013F,0x0039,0x0420,0x00,0x47,0x00,210,10,210:4047:0019:0420:0140|211:4047:0019:0421:0130|212:4047:0029:0422:0140|213:4047:0029:0423:0130|214:4047:002A:0427:0138|215:4047:003A:0428:0138
round6_phase1,0xFA,4182,0x0002,0x0003,0x0000,0x01,0x0074,0x0000,0x0000,actor_2c8,8,0x10C4C8,0x01,0x18,0x00,0x00,0x02,0x00,0x00,0x00BB,0x0059,0x004B,0x00,0x46,0x00,220,19,220:4046:0059:0069:00AA|221:4046:0049:0067:00AA|222:4046:0049:004E:00AA|223:4046:0039:004C:00AA|224:4046:0059:0068:00BA|225:4046:0049:0063:00BA|226:4046:0049:004D:00BA|227:4046:0039:004B:00BA
round6_phase1,0xFA,4182,0x0002,0x0003,0x0000,0x01,0x0074,0x0000,0x0000,actor_748,0,0x10C748,0x01,0xAF,0x01,0x00,0x02,0x03,0x00,0x02D4,0x0265,0x02E8,0x01,0x00,0x00,46,1,46:400A:025D:0327:02C8
round6_phase1,0xFA,4182,0x0002,0x0003,0x0000,0x01,0x0074,0x0000,0x0000,actor_748,2,0x10C7C8,0x01,0xAF,0x01,0x00,0x02,0x03,0x00,0x02AA,0x0265,0x02E8,0x01,0x00,0x00,48,1,48:400A:025D:0327:02A1
round6_phase1,0xFA,4184,0x0002,0x0003,0x0000,0x01,0x0074,0x0000,0x0000,actor_2c8,4,0x10C3C8,0x01,0x12,0x00,0x00,0x0F,0x00,0x00,0x00A7,0x005E,0x0A73,0x00,0x08,0x02,180,10,180:4000:0056:0AA2:009E
round6_phase1,0xFA,4184,0x0002,0x0003,0x0000,0x01,0x0074,0x0000,0x0000,actor_2c8,5,0x10C408,0x01,0x68,0x00,0x00,0x02,0x00,0x02,0x0255,0x0279,0x02E8,0x01,0x4A,0x00,190,10,190:004A:0279:02F6:0250|191:004A:0269:02F4:0250|192:004A:0279:02F5:0240|193:004A:0266:030C:0250|194:004A:0256:02E9:0250|195:004A:0266:030B:0240|196:004A:0256:030A:0240|197:004A:0266:0301:0260
round6_phase1,0xFA,4184,0x0002,0x0003,0x0000,0x01,0x0074,0x0000,0x0000,actor_2c8,6,0x10C448,0x01,0x11,0x00,0x00,0x0F,0x00,0x00,0x009C,0x0069,0x0A73,0x00,0x04,0x02,200,10,200:4000:0069:0AA1:008B|201:4000:0059:0A9F:008B|202:4000:0069:0AA0:009B|203:4000:0059:0A9E:009B
round6_phase1,0xFA,4184,0x0002,0x0003,0x0000,0x01,0x0074,0x0000,0x0000,actor_2c8,7,0x10C488,0x01,0xCC,0x00,0x00,0x02,0x00,0x00,0x013F,0x0039,0x0420,0x00,0x47,0x00,210,10,210:4047:0019:0420:013E|211:4047:0019:0421:012E|212:4047:0029:0422:013E|213:4047:0029:0423:012E|214:4047:002A:0427:0136|215:4047:003A:0428:0136
round6_phase1,0xFA,4184,0x0002,0x0003,0x0000,0x01,0x0074,0x0000,0x0000,actor_2c8,8,0x10C4C8,0x01,0x18,0x00,0x00,0x02,0x00,0x00,0x00B9,0x0059,0x004B,0x00,0x46,0x00,220,19,220:4046:0059:0069:00A8|221:4046:0049:0067:00A8|222:4046:0049:004E:00A8|223:4046:0039:004C:00A8|224:4046:0059:0068:00B8|225:4046:0049:0063:00B8|226:4046:0049:004D:00B8|227:4046:0039:004B:00B8
round6_phase1,0xFA,4184,0x0002,0x0003,0x0000,0x01,0x0074,0x0000,0x0000,actor_748,0,0x10C748,0x01,0xB0,0x01,0x00,0x02,0x03,0x00,0x02D7,0x0265,0x02E8,0x01,0x00,0x00,46,1,46:400A:025D:0328:02CB
round6_phase1,0xFA,4184,0x0002,0x0003,0x0000,0x01,0x0074,0x0000,0x0000,actor_748,2,0x10C7C8,0x01,0xB0,0x01,0x00,0x02,0x03,0x00,0x02AD,0x0265,0x02E8,0x01,0x00,0x00,48,1,48:400A:025D:0328:02A4
round6_phase1,0xFA,4186,0x0002,0x0003,0x0000,0x01,0x0074,0x0000,0x0000,actor_2c8,6,0x10C448,0x01,0x12,0x00,0x00,0x0F,0x00,0x00,0x009C,0x0069,0x0A73,0x00,0x04,0x02,200,10,200:4000:0069:0AA1:008B|201:4000:0059:0A9F:008B|202:4000:0069:0AA0:009B|203:4000:0059:0A9E:009B
round6_phase1,0xFA,4186,0x0002,0x0003,0x0000,0x01,0x0074,0x0000,0x0000,actor_2c8,7,0x10C488,0x01,0xCC,0x00,0x00,0x02,0x00,0x00,0x013D,0x0039,0x0420,0x00,0x47,0x00,210,10,210:4047:0019:0420:013C|211:4047:0019:0421:012C|212:4047:0029:0422:013C|213:4047:0029:0423:012C|214:4047:002A:0427:0134|215:4047:003A:0428:0134
round6_phase1,0xFA,4186,0x0002,0x0003,0x0000,0x01,0x0074,0x0000,0x0000,actor_2c8,8,0x10C4C8,0x01,0x18,0x00,0x00,0x02,0x00,0x00,0x00B7,0x0059,0x004B,0x00,0x46,0x00,220,19,220:4046:0059:0069:00A6|221:4046:0049:0067:00A6|222:4046:0049:004E:00A6|223:4046:0039:004C:00A6|224:4046:0059:0068:00B6|225:4046:0049:0063:00B6|226:4046:0049:004D:00B6|227:4046:0039:004B:00B6
round6_phase1,0xFA,4186,0x0002,0x0003,0x0000,0x01,0x0074,0x0000,0x0000,actor_748,0,0x10C748,0x01,0xB1,0x01,0x00,0x02,0x03,0x00,0x02DA,0x0265,0x02E8,0x01,0x00,0x00,46,1,46:400A:025D:0329:02CE
round6_phase1,0xFA,4186,0x0002,0x0003,0x0000,0x01,0x0074,0x0000,0x0000,actor_748,2,0x10C7C8,0x01,0xB1,0x01,0x00,0x02,0x03,0x00,0x02B0,0x0265,0x02E8,0x01,0x00,0x00,48,1,48:400A:025D:0329:02A7
round6_phase1,0xFA,4188,0x0002,0x0003,0x0000,0x01,0x0074,0x0000,0x0000,actor_2c8,6,0x10C448,0x01,0x12,0x00,0x00,0x0F,0x00,0x00,0x009C,0x0069,0x0A73,0x00,0x04,0x02,200,10,200:4000:0061:0AA2:0093
round6_phase1,0xFA,4188,0x0002,0x0003,0x0000,0x01,0x0074,0x0000,0x0000,actor_2c8,7,0x10C488,0x01,0xC9,0x00,0x00,0x02,0x00,0x00,0x013B,0x0039,0x0420,0x00,0x47,0x00,210,10,210:4047:0018:0420:013A|211:4047:0018:0421:012A|212:4047:0028:0422:013A|213:4047:0028:0423:012A|214:4047:0029:0424:0132|215:4047:0039:0425:013A|216:4047:0039:0426:012A
round6_phase1,0xFA,4188,0x0002,0x0003,0x0000,0x01,0x0074,0x0000,0x0000,actor_2c8,8,0x10C4C8,0x01,0x1A,0x00,0x00,0x08,0x00,0x00,0x00B4,0x0059,0x004B,0x00,0x46,0x00,220,19,220:4046:005A:0066:00A6|221:4046:004A:0064:00A6|222:4046:004A:004E:00A6|223:4046:003A:004C:00A6|224:4046:005A:0065:00B6|225:4046:004A:0063:00B6|226:4046:004A:004D:00B6|227:4046:003A:004B:00B6
round6_phase1,0xFA,4188,0x0002,0x0003,0x0000,0x01,0x0074,0x0000,0x0000,actor_748,0,0x10C748,0x01,0xAA,0x01,0x00,0x02,0x03,0x00,0x02DD,0x0265,0x02E8,0x01,0x00,0x00,46,1,46:400A:025D:0322:02D1
round6_phase1,0xFA,4188,0x0002,0x0003,0x0000,0x01,0x0074,0x0000,0x0000,actor_748,2,0x10C7C8,0x01,0xAA,0x01,0x00,0x02,0x03,0x00,0x02B3,0x0265,0x02E8,0x01,0x00,0x00,48,1,48:400A:025D:0322:02AA
round6_phase1,0xFA,4190,0x0002,0x0003,0x0000,0x01,0x0074,0x0000,0x0000,actor_2c8,7,0x10C488,0x01,0xC9,0x00,0x00,0x02,0x00,0x00,0x0139,0x0039,0x0420,0x00,0x47,0x00,210,10,210:4047:0018:0420:0138|211:4047:0018:0421:0128|212:4047:0028:0422:0138|213:4047:0028:0423:0128|214:4047:0029:0424:0130|215:4047:0039:0425:0138|216:4047:0039:0426:0128
round6_phase1,0xFA,4190,0x0002,0x0003,0x0000,0x01,0x0074,0x0000,0x0000,actor_2c8,8,0x10C4C8,0x01,0x1A,0x00,0x00,0x08,0x00,0x00,0x00B0,0x005A,0x004B,0x00,0x46,0x00,220,19,220:4046:0059:0071:00A3|221:4046:0049:006F:00A3|222:4046:004B:004E:00A3|223:4046:003B:004C:00A3|224:4046:0059:0070:00B3|225:4046:0049:006E:00B3|226:4046:004B:004D:00B3|227:4046:003B:004B:00B3
round6_phase1,0xFA,4190,0x0002,0x0003,0x0000,0x01,0x0074,0x0000,0x0000,actor_748,0,0x10C748,0x01,0xAB,0x01,0x00,0x02,0x03,0x00,0x02E0,0x0265,0x02E8,0x01,0x00,0x00,46,1,46:400A:025D:0323:02D4
round6_phase1,0xFA,4190,0x0002,0x0003,0x0000,0x01,0x0074,0x0000,0x0000,actor_748,2,0x10C7C8,0x01,0xAB,0x01,0x00,0x02,0x03,0x00,0x02B6,0x0265,0x02E8,0x01,0x00,0x00,48,1,48:400A:025D:0323:02AD
round6_phase1,0xFA,4192,0x0002,0x0003,0x0000,0x01,0x0074,0x0000,0x0000,actor_2c8,5,0x10C408,0x01,0xB3,0x00,0x00,0x02,0x00,0x02,0x0247,0x0279,0x02E8,0x01,0x4A,0x00,190,10,190:004A:0279:02F3:023B|191:004A:0269:02F2:023B|192:004A:0266:030C:0242|193:004A:0256:02E9:0242|194:004A:0266:030B:0232|195:004A:0256:030A:0232|196:004A:0266:0301:0252
round6_phase1,0xFA,4192,0x0002,0x0003,0x0000,0x01,0x0074,0x0000,0x0000,actor_2c8,7,0x10C488,0x01,0xC9,0x00,0x00,0x02,0x00,0x00,0x0137,0x0039,0x0420,0x00,0x47,0x00,210,10,210:4047:0018:0420:0136|211:4047:0018:0421:0126|212:4047:0028:0422:0136|213:4047:0028:0423:0126|214:4047:0029:0424:012E|215:4047:0039:0425:0136|216:4047:0039:0426:0126
round6_phase1,0xFA,4192,0x0002,0x0003,0x0000,0x01,0x0074,0x0000,0x0000,actor_2c8,8,0x10C4C8,0x01,0x1A,0x00,0x00,0x08,0x00,0x00,0x00AD,0x005B,0x004B,0x00,0x46,0x00,220,19,220:4046:005A:0071:009F|221:4046:004A:006F:009F|222:4046:004C:004E:009F|223:4046:003C:004C:009F|224:4046:005A:0070:00AF|225:4046:004A:006E:00AF|226:4046:004C:004D:00AF|227:4046:003C:004B:00AF
round6_phase1,0xFA,4192,0x0002,0x0003,0x0000,0x01,0x0074,0x0000,0x0000,actor_748,0,0x10C748,0x01,0xAC,0x01,0x00,0x02,0x03,0x00,0x02E3,0x0265,0x02E8,0x01,0x00,0x00,46,1,46:400A:025D:0324:02D7
round6_phase1,0xFA,4192,0x0002,0x0003,0x0000,0x01,0x0074,0x0000,0x0000,actor_748,2,0x10C7C8,0x01,0xAC,0x01,0x00,0x02,0x03,0x00,0x02B9,0x0265,0x02E8,0x01,0x00,0x00,48,1,48:400A:025D:0324:02B0
round6_phase1,0xFA,4194,0x0002,0x0003,0x0000,0x01,0x0074,0x0000,0x0000,actor_2c8,5,0x10C408,0x01,0xB3,0x00,0x00,0x02,0x00,0x02,0x0245,0x0279,0x02E8,0x01,0x4A,0x00,190,10,190:004A:0279:02F3:0239|191:004A:0269:02F2:0239|192:004A:0266:030C:0240|193:004A:0256:02E9:0240|194:004A:0266:030B:0230|195:004A:0256:030A:0230|196:004A:0266:0301:0250
round6_phase1,0xFA,4194,0x0002,0x0003,0x0000,0x01,0x0074,0x0000,0x0000,actor_2c8,8,0x10C4C8,0x01,0x1A,0x00,0x00,0x08,0x00,0x00,0x00AA,0x005C,0x004B,0x00,0x46,0x00,220,19,220:4046:005B:0071:009C|221:4046:004B:006F:009C|222:4046:004D:004E:009C|223:4046:003D:004C:009C|224:4046:005B:0070:00AC|225:4046:004B:006E:00AC|226:4046:004D:004D:00AC|227:4046:003D:004B:00AC
round6_phase1,0xFA,4194,0x0002,0x0003,0x0000,0x01,0x0074,0x0000,0x0000,actor_748,0,0x10C748,0x01,0xAD,0x01,0x00,0x02,0x03,0x00,0x02E6,0x0265,0x02E8,0x01,0x00,0x00,46,1,46:400A:025D:0325:02DA
round6_phase1,0xFA,4194,0x0002,0x0003,0x0000,0x01,0x0074,0x0000,0x0000,actor_748,2,0x10C7C8,0x01,0xAD,0x01,0x00,0x02,0x03,0x00,0x02BC,0x0265,0x02E8,0x01,0x00,0x00,48,1,48:400A:025D:0325:02B3
round6_phase1,0xFA,4196,0x0002,0x0003,0x0000,0x01,0x0074,0x0000,0x0000,actor_2c8,7,0x10C488,0x01,0xCA,0x00,0x00,0x02,0x00,0x00,0x0133,0x0039,0x0420,0x00,0x47,0x00,210,10,210:4047:0019:0420:0134|211:4047:0019:0421:0124|212:4047:0029:0422:0134|213:4047:0029:0423:0124|214:4047:002A:0427:012C|215:4047:003A:0428:012C
round6_phase1,0xFA,4196,0x0002,0x0003,0x0000,0x01,0x0074,0x0000,0x0000,actor_2c8,8,0x10C4C8,0x01,0x1A,0x00,0x00,0x08,0x00,0x00,0x00A7,0x005E,0x004B,0x00,0x46,0x00,220,19,220:4046:005C:0071:0099|221:4046:004C:006F:0099|222:4046:004E:004E:0099|223:4046:003E:004C:0099|224:4046:005C:0070:00A9|225:4046:004C:006E:00A9|226:4046:004E:004D:00A9|227:4046:003E:004B:00A9
round6_phase1,0xFA,4196,0x0002,0x0003,0x0000,0x01,0x0074,0x0000,0x0000,actor_748,0,0x10C748,0x01,0xAE,0x01,0x00,0x0F,0x03,0x00,0x02E9,0x0265,0x02E8,0x01,0x00,0x00,46,1,46:400A:025D:0326:02DD
round6_phase1,0xFA,4196,0x0002,0x0003,0x0000,0x01,0x0074,0x0000,0x0000,actor_748,2,0x10C7C8,0x01,0xAE,0x01,0x00,0x02,0x03,0x00,0x02BF,0x0265,0x02E8,0x01,0x00,0x00,48,1,48:400A:025D:0326:02B6
round6_phase1,0xFA,4198,0x0002,0x0003,0x0000,0x01,0x0074,0x0000,0x0000,actor_2c8,7,0x10C488,0x01,0xCA,0x00,0x00,0x02,0x00,0x00,0x0131,0x0039,0x0420,0x00,0x47,0x00,210,10,210:4047:0019:0420:0132|211:4047:0019:0421:0122|212:4047:0029:0422:0132|213:4047:0029:0423:0122|214:4047:002A:0427:012A|215:4047:003A:0428:012A
round6_phase1,0xFA,4198,0x0002,0x0003,0x0000,0x01,0x0074,0x0000,0x0000,actor_2c8,8,0x10C4C8,0x01,0x1A,0x00,0x00,0x08,0x00,0x00,0x00A4,0x0060,0x004B,0x00,0x46,0x00,220,19,220:4046:005E:0071:0096|221:4046:004E:006F:0096|222:4046:0050:004E:0096|223:4046:0040:004C:0096|224:4046:005E:0070:00A6|225:4046:004E:006E:00A6|226:4046:0050:004D:00A6|227:4046:0040:004B:00A6
round6_phase1,0xFA,4198,0x0002,0x0003,0x0000,0x01,0x0074,0x0000,0x0000,actor_748,0,0x10C748,0x01,0x2B,0x01,0x00,0x0F,0x03,0x00,0x02E9,0x0265,0x019D,0x01,0x00,0x00,46,1,46:4004:025D:01BB:02E0
round6_phase1,0xFA,4198,0x0002,0x0003,0x0000,0x01,0x0074,0x0000,0x0000,actor_748,2,0x10C7C8,0x01,0xAF,0x01,0x00,0x02,0x03,0x00,0x02C2,0x0265,0x02E8,0x01,0x00,0x00,48,1,48:400A:025D:0327:02B9
round6_phase1,0xFA,4200,0x0002,0x0003,0x0000,0x01,0x0074,0x0000,0x0000,actor_2c8,5,0x10C408,0x01,0x68,0x00,0x00,0x02,0x00,0x02,0x023B,0x0279,0x02E8,0x01,0x4A,0x00,190,10,190:004A:0279:02F6:0236|191:004A:0269:02F4:0236|192:004A:0279:02F5:0226|193:004A:0266:030C:0236|194:004A:0256:02E9:0236|195:004A:0266:030B:0226|196:004A:0256:030A:0226|197:004A:0266:0301:0246
round6_phase1,0xFA,4200,0x0002,0x0003,0x0000,0x01,0x0074,0x0000,0x0000,actor_2c8,7,0x10C488,0x01,0xCA,0x00,0x00,0x02,0x00,0x00,0x012F,0x0039,0x0420,0x00,0x47,0x00,210,10,210:4047:0019:0420:0130|211:4047:0019:0421:0120|212:4047:0029:0422:0130|213:4047:0029:0423:0120|214:4047:002A:0427:0128|215:4047:003A:0428:0128
round6_phase1,0xFA,4200,0x0002,0x0003,0x0000,0x01,0x0074,0x0000,0x0000,actor_2c8,8,0x10C4C8,0x01,0x1A,0x00,0x00,0x08,0x00,0x00,0x00A1,0x0063,0x004B,0x00,0x46,0x00,220,19,220:4046:0060:0071:0093|221:4046:0050:006F:0093|222:4046:0052:004E:0093|223:4046:0042:004C:0093|224:4046:0060:0070:00A3|225:4046:0050:006E:00A3|226:4046:0052:004D:00A3|227:4046:0042:004B:00A3
round6_phase1,0xFA,4200,0x0002,0x0003,0x0000,0x01,0x0074,0x0000,0x0000,actor_748,2,0x10C7C8,0x01,0xB0,0x01,0x00,0x02,0x03,0x00,0x02C5,0x0265,0x02E8,0x01,0x00,0x00,48,1,48:400A:025D:0328:02BC
