entry_label,selector,frame,state0,state2,state4,round_byte,segment,sprite_ctrl,renderer_mode,block,actor_index,actor_address,active,actor_class,actor_flags2,actor_flags3,actor_state,record_selector,animation,world_x,world_y,base_code,flip,actor_attr,compositor_family,owned_record_start,owned_record_count,piece_records
round3_phase1,0xFD,2652,0x0002,0x0003,0x0000,0x01,0x002F,0x0000,0x0000,actor_2c8,8,0x10C4C8,0x01,0xC9,0x00,0x00,0x02,0x00,0x00,0x013E,0x02D1,0x0420,0x00,0x47,0x00,220,19,
round3_phase1,0xFD,2654,0x0002,0x0003,0x0000,0x01,0x002F,0x0000,0x0000,actor_2c8,8,0x10C4C8,0x01,0xC9,0x00,0x00,0x02,0x00,0x00,0x013C,0x02D1,0x0420,0x00,0x47,0x00,220,19,220:4047:02B0:0420:013D|221:4047:02B0:0421:012D|222:4047:02C0:0422:013D|223:4047:02C0:0423:012D|224:4047:02C1:0424:0135|225:4047:02D1:0425:013D|226:4047:02D1:0426:012D
round3_phase1,0xFD,2656,0x0002,0x0003,0x0000,0x01,0x002F,0x0000,0x0000,actor_2c8,8,0x10C4C8,0x01,0xC9,0x00,0x00,0x02,0x00,0x00,0x013A,0x02D1,0x0420,0x00,0x47,0x00,220,19,220:4047:02B0:0420:013B|221:4047:02B0:0421:012B|222:4047:02C0:0422:013B|223:4047:02C0:0423:012B|224:4047:02C1:0424:0133|225:4047:02D1:0425:013B|226:4047:02D1:0426:012B
round3_phase1,0xFD,2658,0x0002,0x0003,0x0000,0x01,0x002F,0x0000,0x0000,actor_2c8,8,0x10C4C8,0x01,0xC9,0x00,0x00,0x02,0x00,0x00,0x0138,0x02D1,0x0420,0x00,0x47,0x00,220,19,220:4047:02B0:0420:0139|221:4047:02B0:0421:0129|222:4047:02C0:0422:0139|223:4047:02C0:0423:0129|224:4047:02C1:0424:0131|225:4047:02D1:0425:0139|226:4047:02D1:0426:0129
round3_phase1,0xFD,2660,0x0002,0x0003,0x0000,0x01,0x002F,0x0000,0x0000,actor_2c8,8,0x10C4C8,0x01,0xCA,0x00,0x00,0x02,0x00,0x00,0x0138,0x02D1,0x0420,0x00,0x47,0x00,220,19,220:4047:02B1:0420:0137|221:4047:02B1:0421:0127|222:4047:02C1:0422:0137|223:4047:02C1:0423:0127|224:4047:02C2:0427:012F|225:4047:02D2:0428:012F
round3_phase1,0xFD,2662,0x0002,0x0003,0x0000,0x01,0x002F,0x0000,0x0000,actor_2c8,8,0x10C4C8,0x01,0xCA,0x00,0x00,0x02,0x00,0x00,0x0136,0x02D1,0x0420,0x00,0x47,0x00,220,19,220:4047:02B1:0420:0135|221:4047:02B1:0421:0125|222:4047:02C1:0422:0135|223:4047:02C1:0423:0125|224:4047:02C2:0427:012D|225:4047:02D2:0428:012D
round3_phase1,0xFD,2664,0x0002,0x0003,0x0000,0x01,0x002F,0x0000,0x0000,actor_2c8,8,0x10C4C8,0x01,0xCA,0x00,0x00,0x02,0x00,0x00,0x0134,0x02D1,0x0420,0x00,0x47,0x00,220,19,220:4047:02B1:0420:0133|221:4047:02B1:0421:0123|222:4047:02C1:0422:0133|223:4047:02C1:0423:0123|224:4047:02C2:0427:012B|225:4047:02D2:0428:012B
round3_phase1,0xFD,2666,0x0002,0x0003,0x0000,0x01,0x002F,0x0000,0x0000,actor_2c8,8,0x10C4C8,0x01,0xCA,0x00,0x00,0x02,0x00,0x00,0x0132,0x02D1,0x0420,0x00,0x47,0x00,220,19,220:4047:02B1:0420:0131|221:4047:02B1:0421:0121|222:4047:02C1:0422:0131|223:4047:02C1:0423:0121|224:4047:02C2:0427:0129|225:4047:02D2:0428:0129
round3_phase1,0xFD,2668,0x0002,0x0003,0x0000,0x01,0x002F,0x0000,0x0000,actor_2c8,8,0x10C4C8,0x01,0xCB,0x00,0x00,0x02,0x00,0x00,0x0130,0x02D1,0x0420,0x00,0x47,0x00,220,19,220:4047:02B0:0420:012F|221:4047:02B0:0421:011F|222:4047:02C0:0422:012F|223:4047:02C0:0423:011F|224:4047:02C1:0429:0127|225:4047:02D1:042A:0127
round3_phase1,0xFD,2672,0x0002,0x0003,0x0000,0x01,0x002F,0x0000,0x0000,actor_2c8,8,0x10C4C8,0x01,0xCB,0x00,0x00,0x02,0x00,0x00,0x012C,0x02D1,0x0420,0x00,0x47,0x00,220,19,220:4047:02B0:0420:012D|221:4047:02B0:0421:011D|222:4047:02C0:0422:012D|223:4047:02C0:0423:011D|224:4047:02C1:0429:0125|225:4047:02D1:042A:0125
round3_phase1,0xFD,2674,0x0002,0x0003,0x0000,0x01,0x002F,0x0000,0x0000,actor_2c8,8,0x10C4C8,0x01,0xCB,0x00,0x00,0x02,0x00,0x00,0x012A,0x02D1,0x0420,0x00,0x47,0x00,220,19,220:4047:02B0:0420:012B|221:4047:02B0:0421:011B|222:4047:02C0:0422:012B|223:4047:02C0:0423:011B|224:4047:02C1:0429:0123|225:4047:02D1:042A:0123
round3_phase1,0xFD,2676,0x0002,0x0003,0x0000,0x01,0x002F,0x0000,0x0000,actor_2c8,8,0x10C4C8,0x01,0xCC,0x00,0x00,0x02,0x00,0x00,0x0128,0x02D1,0x0420,0x00,0x47,0x00,220,19,220:4047:02B1:0420:0129|221:4047:02B1:0421:0119|222:4047:02C1:0422:0129|223:4047:02C1:0423:0119|224:4047:02C2:0427:0121|225:4047:02D2:0428:0121
round3_phase1,0xFD,2678,0x0002,0x0003,0x0000,0x01,0x002F,0x0000,0x0000,actor_2c8,8,0x10C4C8,0x01,0xCC,0x00,0x00,0x02,0x00,0x00,0x0128,0x02D1,0x0420,0x00,0x47,0x00,220,19,220:4047:02B1:0420:0127|221:4047:02B1:0421:0117|222:4047:02C1:0422:0127|223:4047:02C1:0423:0117|224:4047:02C2:0427:011F|225:4047:02D2:0428:011F
round3_phase1,0xFD,2680,0x0002,0x0003,0x0000,0x01,0x002F,0x0000,0x0000,actor_2c8,8,0x10C4C8,0x01,0xCC,0x00,0x00,0x02,0x00,0x00,0x0126,0x02D1,0x0420,0x00,0x47,0x00,220,19,220:4047:02B1:0420:0125|221:4047:02B1:0421:0115|222:4047:02C1:0422:0125|223:4047:02C1:0423:0115|224:4047:02C2:0427:011D|225:4047:02D2:0428:011D
round3_phase1,0xFD,2682,0x0002,0x0003,0x0000,0x01,0x002F,0x0000,0x0000,actor_2c8,8,0x10C4C8,0x01,0xCC,0x00,0x00,0x02,0x00,0x00,0x0124,0x02D1,0x0420,0x00,0x47,0x00,220,19,220:4047:02B1:0420:0123|221:4047:02B1:0421:0113|222:4047:02C1:0422:0123|223:4047:02C1:0423:0113|224:4047:02C2:0427:011B|225:4047:02D2:0428:011B
round3_phase1,0xFD,2684,0x0002,0x0003,0x0000,0x01,0x002F,0x0000,0x0000,actor_2c8,8,0x10C4C8,0x01,0xC9,0x00,0x00,0x02,0x00,0x00,0x0122,0x02D1,0x0420,0x00,0x47,0x00,220,19,220:4047:02B0:0420:0121|221:4047:02B0:0421:0111|222:4047:02C0:0422:0121|223:4047:02C0:0423:0111|224:4047:02C1:0424:0119|225:4047:02D1:0425:0121|226:4047:02D1:0426:0111
round3_phase1,0xFD,2686,0x0002,0x0003,0x0000,0x01,0x002F,0x0000,0x0000,actor_2c8,8,0x10C4C8,0x01,0xC9,0x00,0x00,0x02,0x00,0x00,0x0120,0x02D1,0x0420,0x00,0x47,0x00,220,19,220:4047:02B0:0420:011F|221:4047:02B0:0421:010F|222:4047:02C0:0422:011F|223:4047:02C0:0423:010F|224:4047:02C1:0424:0117|225:4047:02D1:0425:011F|226:4047:02D1:0426:010F
round3_phase1,0xFD,2690,0x0002,0x0003,0x0000,0x01,0x002F,0x0000,0x0000,actor_2c8,8,0x10C4C8,0x01,0xC9,0x00,0x00,0x02,0x00,0x00,0x011C,0x02D1,0x0420,0x00,0x47,0x00,220,19,220:4047:02B0:0420:011D|221:4047:02B0:0421:010D|222:4047:02C0:0422:011D|223:4047:02C0:0423:010D|224:4047:02C1:0424:0115|225:4047:02D1:0425:011D|226:4047:02D1:0426:010D
round3_phase1,0xFD,2692,0x0002,0x0003,0x0000,0x01,0x002F,0x0000,0x0000,actor_2c8,8,0x10C4C8,0x01,0xCA,0x00,0x00,0x02,0x00,0x00,0x011A,0x02D1,0x0420,0x00,0x47,0x00,220,19,220:4047:02B1:0420:011B|221:4047:02B1:0421:010B|222:4047:02C1:0422:011B|223:4047:02C1:0423:010B|224:4047:02C2:0427:0113|225:4047:02D2:0428:0113
round3_phase1,0xFD,2694,0x0002,0x0003,0x0000,0x01,0x002F,0x0000,0x0000,actor_2c8,8,0x10C4C8,0x01,0xCA,0x00,0x00,0x02,0x00,0x00,0x0118,0x02D1,0x0420,0x00,0x47,0x00,220,19,220:4047:02B1:0420:0119|221:4047:02B1:0421:0109|222:4047:02C1:0422:0119|223:4047:02C1:0423:0109|224:4047:02C2:0427:0111|225:4047:02D2:0428:0111
round3_phase1,0xFD,2696,0x0002,0x0003,0x0000,0x01,0x002F,0x0000,0x0000,actor_2c8,8,0x10C4C8,0x01,0xCA,0x00,0x00,0x02,0x00,0x00,0x0118,0x02D1,0x0420,0x00,0x47,0x00,220,19,220:4047:02B1:0420:0117|221:4047:02B1:0421:0107|222:4047:02C1:0422:0117|223:4047:02C1:0423:0107|224:4047:02C2:0427:010F|225:4047:02D2:0428:010F
round3_phase1,0xFD,2698,0x0002,0x0003,0x0000,0x01,0x002F,0x0000,0x0000,actor_2c8,8,0x10C4C8,0x01,0xCA,0x00,0x00,0x02,0x00,0x00,0x0116,0x02D1,0x0420,0x00,0x47,0x00,220,19,220:4047:02B1:0420:0115|221:4047:02B1:0421:0105|222:4047:02C1:0422:0115|223:4047:02C1:0423:0105|224:4047:02C2:0427:010D|225:4047:02D2:0428:010D
round3_phase1,0xFD,2700,0x0002,0x0003,0x0000,0x01,0x002F,0x0000,0x0000,actor_2c8,8,0x10C4C8,0x01,0xCB,0x00,0x00,0x02,0x00,0x00,0x0114,0x02D1,0x0420,0x00,0x47,0x00,220,19,220:4047:02B0:0420:0113|221:4047:02B0:0421:0103|222:4047:02C0:0422:0113|223:4047:02C0:0423:0103|224:4047:02C1:0429:010B|225:4047:02D1:042A:010B
round3_phase1,0xFD,2702,0x0002,0x0003,0x0000,0x01,0x002F,0x0000,0x0000,actor_2c8,7,0x10C488,0x01,0x62,0x00,0x00,0x02,0x00,0x00,0x013E,0x02D1,0x02E8,0x00,0x4A,0x00,210,10,210:404A:02D1:02F8:0138|211:404A:02C1:02F7:0138|212:404A:02BE:02EC:0134|213:404A:02AE:02E9:0134|214:404A:02BE:02EB:0144|215:404A:02AE:02E8:0144|216:404A:02BE:02ED:0124|217:404A:02AE:02EA:0124
round3_phase1,0xFD,2702,0x0002,0x0003,0x0000,0x01,0x002F,0x0000,0x0000,actor_2c8,8,0x10C4C8,0x01,0xCB,0x00,0x00,0x02,0x00,0x00,0x0112,0x02D1,0x0420,0x00,0x47,0x00,220,19,220:4047:02B0:0420:0111|221:4047:02B0:0421:0101|222:4047:02C0:0422:0111|223:4047:02C0:0423:0101|224:4047:02C1:0429:0109|225:4047:02D1:042A:0109
round3_phase1,0xFD,2704,0x0002,0x0003,0x0000,0x01,0x002F,0x0000,0x0000,actor_2c8,7,0x10C488,0x01,0x62,0x00,0x00,0x02,0x00,0x00,0x013C,0x02D1,0x02E8,0x00,0x4A,0x00,210,10,210:404A:02D1:02F8:0136|211:404A:02C1:02F7:0136|212:404A:02BE:02EC:0132|213:404A:02AE:02E9:0132|214:404A:02BE:02EB:0142|215:404A:02AE:02E8:0142|216:404A:02BE:02ED:0122|217:404A:02AE:02EA:0122
round3_phase1,0xFD,2704,0x0002,0x0003,0x0000,0x01,0x002F,0x0000,0x0000,actor_2c8,8,0x10C4C8,0x01,0xCB,0x00,0x00,0x02,0x00,0x00,0x0110,0x02D1,0x0420,0x00,0x47,0x00,220,19,220:4047:02B0:0420:010F|221:4047:02B0:0421:00FF|222:4047:02C0:0422:010F|223:4047:02C0:0423:00FF|224:4047:02C1:0429:0107|225:4047:02D1:042A:0107
round3_phase1,0xFD,2706,0x0002,0x0003,0x0000,0x01,0x002F,0x0000,0x0000,actor_2c8,7,0x10C488,0x01,0x62,0x00,0x00,0x02,0x00,0x00,0x013A,0x02D1,0x02E8,0x00,0x4A,0x00,210,10,210:404A:02D1:02F8:0134|211:404A:02C1:02F7:0134|212:404A:02BE:02EC:0130|213:404A:02AE:02E9:0130|214:404A:02BE:02EB:0140|215:404A:02AE:02E8:0140|216:404A:02BE:02ED:0120|217:404A:02AE:02EA:0120
round3_phase1,0xFD,2708,0x0002,0x0003,0x0000,0x01,0x002F,0x0000,0x0000,actor_2c8,7,0x10C488,0x01,0x61,0x00,0x00,0x02,0x00,0x00,0x0138,0x02D1,0x02E8,0x00,0x4A,0x00,210,10,210:404A:02D1:02F6:012E|211:404A:02C1:02F4:012E|212:404A:02D1:02F5:013E|213:404A:02BE:02EC:012E|214:404A:02AE:02E9:012E|215:404A:02BE:02EB:013E|216:404A:02AE:02E8:013E|217:404A:02BE:02ED:011E|218:404A:02AE:02EA:011E
round3_phase1,0xFD,2708,0x0002,0x0003,0x0000,0x01,0x002F,0x0000,0x0000,actor_2c8,8,0x10C4C8,0x01,0xCC,0x00,0x00,0x02,0x00,0x00,0x010C,0x02D1,0x0420,0x00,0x47,0x00,220,19,220:4047:02B1:0420:010D|221:4047:02B1:0421:00FD|222:4047:02C1:0422:010D|223:4047:02C1:0423:00FD|224:4047:02C2:0427:0105|225:4047:02D2:0428:0105
round3_phase1,0xFD,2710,0x0002,0x0003,0x0000,0x01,0x002F,0x0000,0x0000,actor_2c8,8,0x10C4C8,0x01,0xCC,0x00,0x00,0x02,0x00,0x00,0x010A,0x02D1,0x0420,0x00,0x47,0x00,220,19,220:4047:02B1:0420:010B|221:4047:02B1:0421:00FB|222:4047:02C1:0422:010B|223:4047:02C1:0423:00FB|224:4047:02C2:0427:0103|225:4047:02D2:0428:0103
round3_phase1,0xFD,2712,0x0002,0x0003,0x0000,0x01,0x002F,0x0000,0x0000,actor_2c8,7,0x10C488,0x01,0x61,0x00,0x00,0x02,0x00,0x00,0x0134,0x02D1,0x02E8,0x00,0x4A,0x00,210,10,210:404A:02D1:02F6:012C|211:404A:02C1:02F4:012C|212:404A:02D1:02F5:013C|213:404A:02BE:02EC:012C|214:404A:02AE:02E9:012C|215:404A:02BE:02EB:013C|216:404A:02AE:02E8:013C|217:404A:02BE:02ED:011C|218:404A:02AE:02EA:011C
round3_phase1,0xFD,2712,0x0002,0x0003,0x0000,0x01,0x002F,0x0000,0x0000,actor_2c8,8,0x10C4C8,0x01,0xCC,0x00,0x00,0x02,0x00,0x00,0x0108,0x02D1,0x0420,0x00,0x47,0x00,220,19,220:4047:02B1:0420:0109|221:4047:02B1:0421:00F9|222:4047:02C1:0422:0109|223:4047:02C1:0423:00F9|224:4047:02C2:0427:0101|225:4047:02D2:0428:0101
round3_phase1,0xFD,2714,0x0002,0x0003,0x0000,0x01,0x002F,0x0000,0x0000,actor_2c8,7,0x10C488,0x01,0x61,0x00,0x00,0x02,0x00,0x00,0x0132,0x02D1,0x02E8,0x00,0x4A,0x00,210,10,210:404A:02D1:02F6:012A|211:404A:02C1:02F4:012A|212:404A:02D1:02F5:013A|213:404A:02BE:02EC:012A|214:404A:02AE:02E9:012A|215:404A:02BE:02EB:013A|216:404A:02AE:02E8:013A|217:404A:02BE:02ED:011A|218:404A:02AE:02EA:011A
round3_phase1,0xFD,2714,0x0002,0x0003,0x0000,0x01,0x002F,0x0000,0x0000,actor_2c8,8,0x10C4C8,0x01,0xCC,0x00,0x00,0x02,0x00,0x00,0x0108,0x02D1,0x0420,0x00,0x47,0x00,220,19,220:4047:02B1:0420:0107|221:4047:02B1:0421:00F7|222:4047:02C1:0422:0107|223:4047:02C1:0423:00F7|224:4047:02C2:0427:00FF|225:4047:02D2:0428:00FF
round3_phase1,0xFD,2716,0x0002,0x0003,0x0000,0x01,0x002F,0x0000,0x0000,actor_2c8,7,0x10C488,0x01,0x60,0x00,0x00,0x02,0x00,0x00,0x0130,0x02D1,0x02E8,0x00,0x4A,0x00,210,10,210:404A:02D1:02F3:012F|211:404A:02C1:02F2:012F|212:404A:02BE:02EC:0128|213:404A:02AE:02E9:0128|214:404A:02BE:02EB:0138|215:404A:02AE:02E8:0138|216:404A:02BE:02ED:0118|217:404A:02AE:02EA:0118
round3_phase1,0xFD,2716,0x0002,0x0003,0x0000,0x01,0x002F,0x0000,0x0000,actor_2c8,8,0x10C4C8,0x01,0xC9,0x00,0x00,0x02,0x00,0x00,0x0106,0x02D1,0x0420,0x00,0x47,0x00,220,19,220:4047:02B0:0420:0105|221:4047:02B0:0421:00F5|222:4047:02C0:0422:0105|223:4047:02C0:0423:00F5|224:4047:02C1:0424:00FD|225:4047:02D1:0425:0105|226:4047:02D1:0426:00F5
round3_phase1,0xFD,2718,0x0002,0x0003,0x0000,0x01,0x002F,0x0000,0x0000,actor_2c8,7,0x10C488,0x01,0x60,0x00,0x00,0x02,0x00,0x00,0x0130,0x02D1,0x02E8,0x00,0x4A,0x00,210,10,210:404A:02D1:02F3:012D|211:404A:02C1:02F2:012D|212:404A:02BE:02EC:0126|213:404A:02AE:02E9:0126|214:404A:02BE:02EB:0136|215:404A:02AE:02E8:0136|216:404A:02BE:02ED:0116|217:404A:02AE:02EA:0116
round3_phase1,0xFD,2718,0x0002,0x0003,0x0000,0x01,0x002F,0x0000,0x0000,actor_2c8,8,0x10C4C8,0x01,0xC9,0x00,0x00,0x02,0x00,0x00,0x0104,0x02D1,0x0420,0x00,0x47,0x00,220,19,220:4047:02B0:0420:0103|221:4047:02B0:0421:00F3|222:4047:02C0:0422:0103|223:4047:02C0:0423:00F3|224:4047:02C1:0424:00FB|225:4047:02D1:0425:0103|226:4047:02D1:0426:00F3
round3_phase1,0xFD,2720,0x0002,0x0003,0x0000,0x01,0x002F,0x0000,0x0000,actor_2c8,7,0x10C488,0x01,0x60,0x00,0x00,0x02,0x00,0x00,0x012E,0x02D1,0x02E8,0x00,0x4A,0x00,210,10,210:404A:02D1:02F3:012B|211:404A:02C1:02F2:012B|212:404A:02BE:02EC:0124|213:404A:02AE:02E9:0124|214:404A:02BE:02EB:0134|215:404A:02AE:02E8:0134|216:404A:02BE:02ED:0114|217:404A:02AE:02EA:0114
round3_phase1,0xFD,2720,0x0002,0x0003,0x0000,0x01,0x002F,0x0000,0x0000,actor_2c8,8,0x10C4C8,0x01,0xC9,0x00,0x00,0x02,0x00,0x00,0x0102,0x02D1,0x0420,0x00,0x47,0x00,220,19,220:4047:02B0:0420:0101|221:4047:02B0:0421:00F1|222:4047:02C0:0422:0101|223:4047:02C0:0423:00F1|224:4047:02C1:0424:00F9|225:4047:02D1:0425:0101|226:4047:02D1:0426:00F1
round3_phase1,0xFD,2722,0x0002,0x0003,0x0000,0x01,0x002F,0x0000,0x0000,actor_2c8,7,0x10C488,0x01,0x60,0x00,0x00,0x02,0x00,0x00,0x012C,0x02D1,0x02E8,0x00,0x4A,0x00,210,10,210:404A:02D1:02F3:0129|211:404A:02C1:02F2:0129|212:404A:02BE:02EC:0122|213:404A:02AE:02E9:0122|214:404A:02BE:02EB:0132|215:404A:02AE:02E8:0132|216:404A:02BE:02ED:0112|217:404A:02AE:02EA:0112
round3_phase1,0xFD,2722,0x0002,0x0003,0x0000,0x01,0x002F,0x0000,0x0000,actor_2c8,8,0x10C4C8,0x01,0xC9,0x00,0x00,0x02,0x00,0x00,0x0100,0x02D1,0x0420,0x00,0x47,0x00,220,19,220:4047:02B0:0420:00FF|221:4047:02B0:0421:00EF|222:4047:02C0:0422:00FF|223:4047:02C0:0423:00EF|224:4047:02C1:0424:00F7|225:4047:02D1:0425:00FF|226:4047:02D1:0426:00EF
round3_phase1,0xFD,2724,0x0002,0x0003,0x0000,0x01,0x002F,0x0000,0x0000,actor_2c8,7,0x10C488,0x01,0x61,0x00,0x00,0x02,0x00,0x00,0x012A,0x02D1,0x02E8,0x00,0x4A,0x00,210,10,210:404A:02D1:02F6:0120|211:404A:02C1:02F4:0120|212:404A:02D1:02F5:0130|213:404A:02BE:02EC:0120|214:404A:02AE:02E9:0120|215:404A:02BE:02EB:0130|216:404A:02AE:02E8:0130|217:404A:02BE:02ED:0110|218:404A:02AE:02EA:0110
round3_phase1,0xFD,2724,0x0002,0x0003,0x0000,0x01,0x002F,0x0000,0x0000,actor_2c8,8,0x10C4C8,0x01,0xCA,0x00,0x00,0x02,0x00,0x00,0x00FE,0x02D1,0x0420,0x00,0x47,0x00,220,19,220:4047:02B1:0420:00FF|221:4047:02B1:0421:00EF|222:4047:02C1:0422:00FF|223:4047:02C1:0423:00EF|224:4047:02C2:0427:00F7|225:4047:02D2:0428:00F7
round3_phase1,0xFD,2726,0x0002,0x0003,0x0000,0x01,0x002F,0x0000,0x0000,actor_2c8,7,0x10C488,0x01,0x61,0x00,0x00,0x02,0x00,0x00,0x0128,0x02D1,0x02E8,0x00,0x4A,0x00,210,10,210:404A:02D1:02F6:011E|211:404A:02C1:02F4:011E|212:404A:02D1:02F5:012E|213:404A:02BE:02EC:011E|214:404A:02AE:02E9:011E|215:404A:02BE:02EB:012E|216:404A:02AE:02E8:012E|217:404A:02BE:02ED:010E|218:404A:02AE:02EA:010E
round3_phase1,0xFD,2726,0x0002,0x0003,0x0000,0x01,0x002F,0x0000,0x0000,actor_2c8,8,0x10C4C8,0x01,0xCA,0x00,0x00,0x02,0x00,0x00,0x00FC,0x02D1,0x0420,0x00,0x47,0x00,220,19,220:4047:02B1:0420:00FD|221:4047:02B1:0421:00ED|222:4047:02C1:0422:00FD|223:4047:02C1:0423:00ED|224:4047:02C2:0427:00F5|225:4047:02D2:0428:00F5
round3_phase1,0xFD,2728,0x0002,0x0003,0x0000,0x01,0x002F,0x0000,0x0000,actor_2c8,8,0x10C4C8,0x01,0xCA,0x00,0x00,0x02,0x00,0x00,0x00FA,0x02D1,0x0420,0x00,0x47,0x00,220,19,220:4047:02B1:0420:00FB|221:4047:02B1:0421:00EB|222:4047:02C1:0422:00FB|223:4047:02C1:0423:00EB|224:4047:02C2:0427:00F3|225:4047:02D2:0428:00F3
round3_phase1,0xFD,2730,0x0002,0x0003,0x0000,0x01,0x002F,0x0000,0x0000,actor_2c8,7,0x10C488,0x01,0x61,0x00,0x00,0x02,0x00,0x00,0x0124,0x02D1,0x02E8,0x00,0x4A,0x00,210,10,210:404A:02D1:02F6:011C|211:404A:02C1:02F4:011C|212:404A:02D1:02F5:012C|213:404A:02BE:02EC:011C|214:404A:02AE:02E9:011C|215:404A:02BE:02EB:012C|216:404A:02AE:02E8:012C|217:404A:02BE:02ED:010C|218:404A:02AE:02EA:010C
round3_phase1,0xFD,2730,0x0002,0x0003,0x0000,0x01,0x002F,0x0000,0x0000,actor_2c8,8,0x10C4C8,0x01,0xCA,0x00,0x00,0x02,0x00,0x00,0x00F8,0x02D1,0x0420,0x00,0x47,0x00,220,19,220:4047:02B1:0420:00F9|221:4047:02B1:0421:00E9|222:4047:02C1:0422:00F9|223:4047:02C1:0423:00E9|224:4047:02C2:0427:00F1|225:4047:02D2:0428:00F1
round3_phase1,0xFD,2732,0x0002,0x0003,0x0000,0x01,0x002F,0x0000,0x0000,actor_2c8,7,0x10C488,0x01,0x62,0x00,0x00,0x02,0x00,0x00,0x0122,0x02D1,0x02E8,0x00,0x4A,0x00,210,10,210:404A:02D1:02F8:011E|211:404A:02C1:02F7:011E|212:404A:02BE:02EC:011A|213:404A:02AE:02E9:011A|214:404A:02BE:02EB:012A|215:404A:02AE:02E8:012A|216:404A:02BE:02ED:010A|217:404A:02AE:02EA:010A
round3_phase1,0xFD,2732,0x0002,0x0003,0x0000,0x01,0x002F,0x0000,0x0000,actor_2c8,8,0x10C4C8,0x01,0xCB,0x00,0x00,0x02,0x00,0x00,0x00F8,0x02D1,0x0420,0x00,0x47,0x00,220,19,220:4047:02B0:0420:00F7|221:4047:02B0:0421:00E7|222:4047:02C0:0422:00F7|223:4047:02C0:0423:00E7|224:4047:02C1:0429:00EF|225:4047:02D1:042A:00EF
round3_phase1,0xFD,2734,0x0002,0x0003,0x0000,0x01,0x002F,0x0000,0x0000,actor_2c8,7,0x10C488,0x01,0x62,0x00,0x00,0x02,0x00,0x00,0x0120,0x02D1,0x02E8,0x00,0x4A,0x00,210,10,210:404A:02D1:02F8:011C|211:404A:02C1:02F7:011C|212:404A:02BE:02EC:0118|213:404A:02AE:02E9:0118|214:404A:02BE:02EB:0128|215:404A:02AE:02E8:0128|216:404A:02BE:02ED:0108|217:404A:02AE:02EA:0108
round3_phase1,0xFD,2734,0x0002,0x0003,0x0000,0x01,0x002F,0x0000,0x0000,actor_2c8,8,0x10C4C8,0x01,0xCB,0x00,0x00,0x02,0x00,0x00,0x00F6,0x02D1,0x0420,0x00,0x47,0x00,220,19,220:4047:02B0:0420:00F5|221:4047:02B0:0421:00E5|222:4047:02C0:0422:00F5|223:4047:02C0:0423:00E5|224:4047:02C1:0429:00ED|225:4047:02D1:042A:00ED
round3_phase1,0xFD,2736,0x0002,0x0003,0x0000,0x01,0x002F,0x0000,0x0000,actor_2c8,7,0x10C488,0x01,0x62,0x00,0x00,0x02,0x00,0x00,0x0120,0x02D1,0x02E8,0x00,0x4A,0x00,210,10,210:404A:02D1:02F8:011A|211:404A:02C1:02F7:011A|212:404A:02BE:02EC:0116|213:404A:02AE:02E9:0116|214:404A:02BE:02EB:0126|215:404A:02AE:02E8:0126|216:404A:02BE:02ED:0106|217:404A:02AE:02EA:0106
round3_phase1,0xFD,2736,0x0002,0x0003,0x0000,0x01,0x002F,0x0000,0x0000,actor_2c8,8,0x10C4C8,0x01,0xCB,0x00,0x00,0x02,0x00,0x00,0x00F4,0x02D1,0x0420,0x00,0x47,0x00,220,19,220:4047:02B0:0420:00F3|221:4047:02B0:0421:00E3|222:4047:02C0:0422:00F3|223:4047:02C0:0423:00E3|224:4047:02C1:0429:00EB|225:4047:02D1:042A:00EB
round3_phase1,0xFD,2738,0x0002,0x0003,0x0000,0x01,0x002F,0x0000,0x0000,actor_2c8,7,0x10C488,0x01,0x62,0x00,0x00,0x02,0x00,0x00,0x011E,0x02D1,0x02E8,0x00,0x4A,0x00,210,10,210:404A:02D1:02F8:0118|211:404A:02C1:02F7:0118|212:404A:02BE:02EC:0114|213:404A:02AE:02E9:0114|214:404A:02BE:02EB:0124|215:404A:02AE:02E8:0124|216:404A:02BE:02ED:0104|217:404A:02AE:02EA:0104
round3_phase1,0xFD,2738,0x0002,0x0003,0x0000,0x01,0x002F,0x0000,0x0000,actor_2c8,8,0x10C4C8,0x01,0xCB,0x00,0x00,0x02,0x00,0x00,0x00F2,0x02D1,0x0420,0x00,0x47,0x00,220,19,220:4047:02B0:0420:00F1|221:4047:02B0:0421:00E1|222:4047:02C0:0422:00F1|223:4047:02C0:0423:00E1|224:4047:02C1:0429:00E9|225:4047:02D1:042A:00E9
round3_phase1,0xFD,2740,0x0002,0x0003,0x0000,0x01,0x002F,0x0000,0x0000,actor_2c8,7,0x10C488,0x01,0x61,0x00,0x00,0x02,0x00,0x00,0x011C,0x02D1,0x02E8,0x00,0x4A,0x00,210,10,210:404A:02D1:02F6:0112|211:404A:02C1:02F4:0112|212:404A:02D1:02F5:0122|213:404A:02BE:02EC:0112|214:404A:02AE:02E9:0112|215:404A:02BE:02EB:0122|216:404A:02AE:02E8:0122|217:404A:02BE:02ED:0102|218:404A:02AE:02EA:0102
round3_phase1,0xFD,2740,0x0002,0x0003,0x0000,0x01,0x002F,0x0000,0x0000,actor_2c8,8,0x10C4C8,0x01,0xCC,0x00,0x00,0x02,0x00,0x00,0x00F0,0x02D1,0x0420,0x00,0x47,0x00,220,19,220:4047:02B1:0420:00EF|221:4047:02B1:0421:00DF|222:4047:02C1:0422:00EF|223:4047:02C1:0423:00DF|224:4047:02C2:0427:00E7|225:4047:02D2:0428:00E7
round3_phase1,0xFD,2742,0x0002,0x0003,0x0000,0x01,0x002F,0x0000,0x0000,actor_2c8,7,0x10C488,0x01,0x61,0x00,0x00,0x02,0x00,0x00,0x011A,0x02D1,0x02E8,0x00,0x4A,0x00,210,10,210:404A:02D1:02F6:0110|211:404A:02C1:02F4:0110|212:404A:02D1:02F5:0120|213:404A:02BE:02EC:0110|214:404A:02AE:02E9:0110|215:404A:02BE:02EB:0120|216:404A:02AE:02E8:0120|217:404A:02BE:02ED:0100|218:404A:02AE:02EA:0100
round3_phase1,0xFD,2744,0x0002,0x0003,0x0000,0x01,0x002F,0x0000,0x0000,actor_2c8,7,0x10C488,0x01,0x61,0x00,0x00,0x02,0x00,0x00,0x0118,0x02D1,0x02E8,0x00,0x4A,0x00,210,10,210:404A:02D1:02F6:010E|211:404A:02C1:02F4:010E|212:404A:02D1:02F5:011E|213:404A:02BE:02EC:010E|214:404A:02AE:02E9:010E|215:404A:02BE:02EB:011E|216:404A:02AE:02E8:011E|217:404A:02BE:02ED:00FE|218:404A:02AE:02EA:00FE
round3_phase1,0xFD,2744,0x0002,0x0003,0x0000,0x01,0x002F,0x0000,0x0000,actor_2c8,8,0x10C4C8,0x01,0xCC,0x00,0x00,0x02,0x00,0x00,0x00EC,0x02D1,0x0420,0x00,0x47,0x00,220,19,220:4047:02B1:0420:00ED|221:4047:02B1:0421:00DD|222:4047:02C1:0422:00ED|223:4047:02C1:0423:00DD|224:4047:02C2:0427:00E5|225:4047:02D2:0428:00E5
round3_phase1,0xFD,2746,0x0002,0x0003,0x0000,0x01,0x002F,0x0000,0x0000,actor_2c8,8,0x10C4C8,0x01,0xCC,0x00,0x00,0x02,0x00,0x00,0x00EA,0x02D1,0x0420,0x00,0x47,0x00,220,19,220:4047:02B1:0420:00EB|221:4047:02B1:0421:00DB|222:4047:02C1:0422:00EB|223:4047:02C1:0423:00DB|224:4047:02C2:0427:00E3|225:4047:02D2:0428:00E3
round3_phase1,0xFD,2748,0x0002,0x0003,0x0000,0x01,0x002F,0x0000,0x0000,actor_2c8,7,0x10C488,0x01,0x60,0x00,0x00,0x02,0x00,0x00,0x0114,0x02D1,0x02E8,0x00,0x4A,0x00,210,10,210:404A:02D1:02F3:0113|211:404A:02C1:02F2:0113|212:404A:02BE:02EC:010C|213:404A:02AE:02E9:010C|214:404A:02BE:02EB:011C|215:404A:02AE:02E8:011C|216:404A:02BE:02ED:00FC|217:404A:02AE:02EA:00FC
round3_phase1,0xFD,2748,0x0002,0x0003,0x0000,0x01,0x002F,0x0000,0x0000,actor_2c8,8,0x10C4C8,0x01,0xC9,0x00,0x00,0x02,0x00,0x00,0x00E8,0x02D1,0x0420,0x00,0x47,0x00,220,19,220:4047:02B0:0420:00E9|221:4047:02B0:0421:00D9|222:4047:02C0:0422:00E9|223:4047:02C0:0423:00D9|224:4047:02C1:0424:00E1|225:4047:02D1:0425:00E9|226:4047:02D1:0426:00D9
round3_phase1,0xFD,2750,0x0002,0x0003,0x0000,0x01,0x002F,0x0000,0x0000,actor_2c8,7,0x10C488,0x01,0x60,0x00,0x00,0x02,0x00,0x00,0x0112,0x02D1,0x02E8,0x00,0x4A,0x00,210,10,210:404A:02D1:02F3:0111|211:404A:02C1:02F2:0111|212:404A:02BE:02EC:010A|213:404A:02AE:02E9:010A|214:404A:02BE:02EB:011A|215:404A:02AE:02E8:011A|216:404A:02BE:02ED:00FA|217:404A:02AE:02EA:00FA
round3_phase1,0xFD,2750,0x0002,0x0003,0x0000,0x01,0x002F,0x0000,0x0000,actor_2c8,8,0x10C4C8,0x01,0xC9,0x00,0x00,0x02,0x00,0x00,0x00E8,0x02D1,0x0420,0x00,0x47,0x00,220,19,220:4047:02B0:0420:00E7|221:4047:02B0:0421:00D7|222:4047:02C0:0422:00E7|223:4047:02C0:0423:00D7|224:4047:02C1:0424:00DF|225:4047:02D1:0425:00E7|226:4047:02D1:0426:00D7
round3_phase1,0xFD,2752,0x0002,0x0003,0x0000,0x01,0x002F,0x0000,0x0000,actor_2c8,7,0x10C488,0x01,0x60,0x00,0x00,0x02,0x00,0x00,0x0110,0x02D1,0x02E8,0x00,0x4A,0x00,210,10,210:404A:02D1:02F3:010F|211:404A:02C1:02F2:010F|212:404A:02BE:02EC:0108|213:404A:02AE:02E9:0108|214:404A:02BE:02EB:0118|215:404A:02AE:02E8:0118|216:404A:02BE:02ED:00F8|217:404A:02AE:02EA:00F8
round3_phase1,0xFD,2752,0x0002,0x0003,0x0000,0x01,0x002F,0x0000,0x0000,actor_2c8,8,0x10C4C8,0x01,0xC9,0x00,0x00,0x02,0x00,0x00,0x00E6,0x02D1,0x0420,0x00,0x47,0x00,220,19,220:4047:02B0:0420:00E5|221:4047:02B0:0421:00D5|222:4047:02C0:0422:00E5|223:4047:02C0:0423:00D5|224:4047:02C1:0424:00DD|225:4047:02D1:0425:00E5|226:4047:02D1:0426:00D5
round3_phase1,0xFD,2754,0x0002,0x0003,0x0000,0x01,0x002F,0x0000,0x0000,actor_2c8,7,0x10C488,0x01,0x60,0x00,0x00,0x02,0x00,0x00,0x0110,0x02D1,0x02E8,0x00,0x4A,0x00,210,10,210:404A:02D1:02F3:010D|211:404A:02C1:02F2:010D|212:404A:02BE:02EC:0106|213:404A:02AE:02E9:0106|214:404A:02BE:02EB:0116|215:404A:02AE:02E8:0116|216:404A:02BE:02ED:00F6|217:404A:02AE:02EA:00F6
round3_phase1,0xFD,2754,0x0002,0x0003,0x0000,0x01,0x002F,0x0000,0x0000,actor_2c8,8,0x10C4C8,0x01,0xC9,0x00,0x00,0x02,0x00,0x00,0x00E4,0x02D1,0x0420,0x00,0x47,0x00,220,19,220:4047:02B0:0420:00E3|221:4047:02B0:0421:00D3|222:4047:02C0:0422:00E3|223:4047:02C0:0423:00D3|224:4047:02C1:0424:00DB|225:4047:02D1:0425:00E3|226:4047:02D1:0426:00D3
round3_phase1,0xFD,2756,0x0002,0x0003,0x0000,0x01,0x002F,0x0000,0x0000,actor_2c8,7,0x10C488,0x01,0x61,0x00,0x00,0x02,0x00,0x00,0x010E,0x02D1,0x02E8,0x00,0x4A,0x00,210,10,210:404A:02D1:02F6:0104|211:404A:02C1:02F4:0104|212:404A:02D1:02F5:0114|213:404A:02BE:02EC:0104|214:404A:02AE:02E9:0104|215:404A:02BE:02EB:0114|216:404A:02AE:02E8:0114|217:404A:02BE:02ED:00F4|218:404A:02AE:02EA:00F4
round3_phase1,0xFD,2756,0x0002,0x0003,0x0000,0x01,0x002F,0x0000,0x0000,actor_2c8,8,0x10C4C8,0x01,0xCA,0x00,0x00,0x02,0x00,0x00,0x00E2,0x02D1,0x0420,0x00,0x47,0x00,220,19,220:4047:02B1:0420:00E1|221:4047:02B1:0421:00D1|222:4047:02C1:0422:00E1|223:4047:02C1:0423:00D1|224:4047:02C2:0427:00D9|225:4047:02D2:0428:00D9
round3_phase1,0xFD,2758,0x0002,0x0003,0x0000,0x01,0x002F,0x0000,0x0000,actor_2c8,7,0x10C488,0x01,0x61,0x00,0x00,0x02,0x00,0x00,0x010C,0x02D1,0x02E8,0x00,0x4A,0x00,210,10,210:404A:02D1:02F6:0102|211:404A:02C1:02F4:0102|212:404A:02D1:02F5:0112|213:404A:02BE:02EC:0102|214:404A:02AE:02E9:0102|215:404A:02BE:02EB:0112|216:404A:02AE:02E8:0112|217:404A:02BE:02ED:00F2|218:404A:02AE:02EA:00F2
round3_phase1,0xFD,2758,0x0002,0x0003,0x0000,0x01,0x002F,0x0000,0x0000,actor_2c8,8,0x10C4C8,0x01,0xCA,0x00,0x00,0x02,0x00,0x00,0x00E0,0x02D1,0x0420,0x00,0x47,0x00,220,19,220:4047:02B1:0420:00DF|221:4047:02B1:0421:00CF|222:4047:02C1:0422:00DF|223:4047:02C1:0423:00CF|224:4047:02C2:0427:00D7|225:4047:02D2:0428:00D7
round3_phase1,0xFD,2760,0x0002,0x0003,0x0000,0x01,0x002F,0x0000,0x0000,actor_2c8,7,0x10C488,0x01,0x61,0x00,0x00,0x02,0x00,0x00,0x010A,0x02D1,0x02E8,0x00,0x4A,0x00,210,10,210:404A:02D1:02F6:0100|211:404A:02C1:02F4:0100|212:404A:02D1:02F5:0110|213:404A:02BE:02EC:0100|214:404A:02AE:02E9:0100|215:404A:02BE:02EB:0110|216:404A:02AE:02E8:0110|217:404A:02BE:02ED:00F0|218:404A:02AE:02EA:00F0
round3_phase1,0xFD,2762,0x0002,0x0003,0x0000,0x01,0x002F,0x0000,0x0000,actor_2c8,7,0x10C488,0x01,0x61,0x00,0x00,0x02,0x00,0x00,0x0108,0x02D1,0x02E8,0x00,0x4A,0x00,210,10,210:404A:02D1:02F6:00FE|211:404A:02C1:02F4:00FE|212:404A:02D1:02F5:010E|213:404A:02BE:02EC:00FE|214:404A:02AE:02E9:00FE|215:404A:02BE:02EB:010E|216:404A:02AE:02E8:010E|217:404A:02BE:02ED:00EE|218:404A:02AE:02EA:00EE
round3_phase1,0xFD,2762,0x0002,0x0003,0x0000,0x01,0x002F,0x0000,0x0000,actor_2c8,8,0x10C4C8,0x01,0xCA,0x00,0x00,0x02,0x00,0x00,0x00DC,0x02D1,0x0420,0x00,0x47,0x00,220,19,220:4047:02B1:0420:00DD|221:4047:02B1:0421:00CD|222:4047:02C1:0422:00DD|223:4047:02C1:0423:00CD|224:4047:02C2:0427:00D5|225:4047:02D2:0428:00D5
round3_phase1,0xFD,2764,0x0002,0x0003,0x0000,0x01,0x002F,0x0000,0x0000,actor_2c8,7,0x10C488,0x01,0x62,0x00,0x00,0x02,0x00,0x00,0x0106,0x02D1,0x02E8,0x00,0x4A,0x00,210,10,210:404A:02D1:02F8:0102|211:404A:02C1:02F7:0102|212:404A:02BE:02EC:00FE|213:404A:02AE:02E9:00FE|214:404A:02BE:02EB:010E|215:404A:02AE:02E8:010E|216:404A:02BE:02ED:00EE|217:404A:02AE:02EA:00EE
round3_phase1,0xFD,2764,0x0002,0x0003,0x0000,0x01,0x002F,0x0000,0x0000,actor_2c8,8,0x10C4C8,0x01,0xCB,0x00,0x00,0x02,0x00,0x00,0x00DA,0x02D1,0x0420,0x00,0x47,0x00,220,19,220:4047:02B0:0420:00DB|221:4047:02B0:0421:00CB|222:4047:02C0:0422:00DB|223:4047:02C0:0423:00CB|224:4047:02C1:0429:00D3|225:4047:02D1:042A:00D3
round3_phase1,0xFD,2766,0x0002,0x0003,0x0000,0x01,0x002F,0x0000,0x0000,actor_2c8,6,0x10C448,0x01,0xCB,0x00,0x00,0x02,0x00,0x00,0x013E,0x02D1,0x0420,0x00,0x47,0x00,200,10,
round3_phase1,0xFD,2766,0x0002,0x0003,0x0000,0x01,0x002F,0x0000,0x0000,actor_2c8,7,0x10C488,0x01,0x62,0x00,0x00,0x02,0x00,0x00,0x0104,0x02D1,0x02E8,0x00,0x4A,0x00,210,10,210:404A:02D1:02F8:0100|211:404A:02C1:02F7:0100|212:404A:02BE:02EC:00FC|213:404A:02AE:02E9:00FC|214:404A:02BE:02EB:010C|215:404A:02AE:02E8:010C|216:404A:02BE:02ED:00EC|217:404A:02AE:02EA:00EC
round3_phase1,0xFD,2766,0x0002,0x0003,0x0000,0x01,0x002F,0x0000,0x0000,actor_2c8,8,0x10C4C8,0x01,0xCB,0x00,0x00,0x02,0x00,0x00,0x00D8,0x02D1,0x0420,0x00,0x47,0x00,220,19,220:4047:02B0:0420:00D9|221:4047:02B0:0421:00C9|222:4047:02C0:0422:00D9|223:4047:02C0:0423:00C9|224:4047:02C1:0429:00D1|225:4047:02D1:042A:00D1
round3_phase1,0xFD,2768,0x0002,0x0003,0x0000,0x01,0x002F,0x0000,0x0000,actor_2c8,6,0x10C448,0x01,0xCB,0x00,0x00,0x02,0x00,0x00,0x013C,0x02D1,0x0420,0x00,0x47,0x00,200,10,200:4047:02B0:0420:013D|201:4047:02B0:0421:012D|202:4047:02C0:0422:013D|203:4047:02C0:0423:012D|204:4047:02C1:0429:0135|205:4047:02D1:042A:0135
round3_phase1,0xFD,2768,0x0002,0x0003,0x0000,0x01,0x002F,0x0000,0x0000,actor_2c8,7,0x10C488,0x01,0x62,0x00,0x00,0x02,0x00,0x00,0x0102,0x02D1,0x02E8,0x00,0x4A,0x00,210,10,210:404A:02D1:02F8:00FE|211:404A:02C1:02F7:00FE|212:404A:02BE:02EC:00FA|213:404A:02AE:02E9:00FA|214:404A:02BE:02EB:010A|215:404A:02AE:02E8:010A|216:404A:02BE:02ED:00EA|217:404A:02AE:02EA:00EA
round3_phase1,0xFD,2768,0x0002,0x0003,0x0000,0x01,0x002F,0x0000,0x0000,actor_2c8,8,0x10C4C8,0x01,0xCB,0x00,0x00,0x02,0x00,0x00,0x00D8,0x02D1,0x0420,0x00,0x47,0x00,220,19,220:4047:02B0:0420:00D7|221:4047:02B0:0421:00C7|222:4047:02C0:0422:00D7|223:4047:02C0:0423:00C7|224:4047:02C1:0429:00CF|225:4047:02D1:042A:00CF
round3_phase1,0xFD,2770,0x0002,0x0003,0x0000,0x01,0x002F,0x0000,0x0000,actor_2c8,6,0x10C448,0x01,0xCB,0x00,0x00,0x02,0x00,0x00,0x013A,0x02D1,0x0420,0x00,0x47,0x00,200,10,200:4047:02B0:0420:013B|201:4047:02B0:0421:012B|202:4047:02C0:0422:013B|203:4047:02C0:0423:012B|204:4047:02C1:0429:0133|205:4047:02D1:042A:0133
round3_phase1,0xFD,2770,0x0002,0x0003,0x0000,0x01,0x002F,0x0000,0x0000,actor_2c8,7,0x10C488,0x01,0x62,0x00,0x00,0x02,0x00,0x00,0x0100,0x02D1,0x02E8,0x00,0x4A,0x00,210,10,210:404A:02D1:02F8:00FC|211:404A:02C1:02F7:00FC|212:404A:02BE:02EC:00F8|213:404A:02AE:02E9:00F8|214:404A:02BE:02EB:0108|215:404A:02AE:02E8:0108|216:404A:02BE:02ED:00E8|217:404A:02AE:02EA:00E8
round3_phase1,0xFD,2770,0x0002,0x0003,0x0000,0x01,0x002F,0x0000,0x0000,actor_2c8,8,0x10C4C8,0x01,0xCB,0x00,0x00,0x02,0x00,0x00,0x00D6,0x02D1,0x0420,0x00,0x47,0x00,220,19,220:4047:02B0:0420:00D5|221:4047:02B0:0421:00C5|222:4047:02C0:0422:00D5|223:4047:02C0:0423:00C5|224:4047:02C1:0429:00CD|225:4047:02D1:042A:00CD
round3_phase1,0xFD,2772,0x0002,0x0003,0x0000,0x01,0x002F,0x0000,0x0000,actor_2c8,6,0x10C448,0x01,0xCC,0x00,0x00,0x02,0x00,0x00,0x0138,0x02D1,0x0420,0x00,0x47,0x00,200,10,200:4047:02B1:0420:0139|201:4047:02B1:0421:0129|202:4047:02C1:0422:0139|203:4047:02C1:0423:0129|204:4047:02C2:0427:0131|205:4047:02D2:0428:0131
round3_phase1,0xFD,2772,0x0002,0x0003,0x0000,0x01,0x002F,0x0000,0x0000,actor_2c8,7,0x10C488,0x01,0x61,0x00,0x00,0x02,0x00,0x00,0x0100,0x02D1,0x02E8,0x00,0x4A,0x00,210,10,210:404A:02D1:02F6:00F6|211:404A:02C1:02F4:00F6|212:404A:02D1:02F5:0106|213:404A:02BE:02EC:00F6|214:404A:02AE:02E9:00F6|215:404A:02BE:02EB:0106|216:404A:02AE:02E8:0106|217:404A:02BE:02ED:00E6|218:404A:02AE:02EA:00E6
round3_phase1,0xFD,2772,0x0002,0x0003,0x0000,0x01,0x002F,0x0000,0x0000,actor_2c8,8,0x10C4C8,0x01,0xCC,0x00,0x00,0x02,0x00,0x00,0x00D4,0x02D1,0x0420,0x00,0x47,0x00,220,19,220:4047:02B1:0420:00D3|221:4047:02B1:0421:00C3|222:4047:02C1:0422:00D3|223:4047:02C1:0423:00C3|224:4047:02C2:0427:00CB|225:4047:02D2:0428:00CB
round3_phase1,0xFD,2774,0x0002,0x0003,0x0000,0x01,0x002F,0x0000,0x0000,actor_2c8,6,0x10C448,0x01,0xCC,0x00,0x00,0x02,0x00,0x00,0x0138,0x02D1,0x0420,0x00,0x47,0x00,200,10,200:4047:02B1:0420:0137|201:4047:02B1:0421:0127|202:4047:02C1:0422:0137|203:4047:02C1:0423:0127|204:4047:02C2:0427:012F|205:4047:02D2:0428:012F
round3_phase1,0xFD,2774,0x0002,0x0003,0x0000,0x01,0x002F,0x0000,0x0000,actor_2c8,7,0x10C488,0x01,0x61,0x00,0x00,0x02,0x00,0x00,0x00FE,0x02D1,0x02E8,0x00,0x4A,0x00,210,10,210:404A:02D1:02F6:00F4|211:404A:02C1:02F4:00F4|212:404A:02D1:02F5:0104|213:404A:02BE:02EC:00F4|214:404A:02AE:02E9:00F4|215:404A:02BE:02EB:0104|216:404A:02AE:02E8:0104|217:404A:02BE:02ED:00E4|218:404A:02AE:02EA:00E4
round3_phase1,0xFD,2774,0x0002,0x0003,0x0000,0x01,0x002F,0x0000,0x0000,actor_2c8,8,0x10C4C8,0x01,0xCC,0x00,0x00,0x02,0x00,0x00,0x00D2,0x02D1,0x0420,0x00,0x47,0x00,220,19,220:4047:02B1:0420:00D1|221:4047:02B1:0421:00C1|222:4047:02C1:0422:00D1|223:4047:02C1:0423:00C1|224:4047:02C2:0427:00C9|225:4047:02D2:0428:00C9
round3_phase1,0xFD,2776,0x0002,0x0003,0x0000,0x01,0x002F,0x0000,0x0000,actor_2c8,6,0x10C448,0x01,0xCC,0x00,0x00,0x02,0x00,0x00,0x0136,0x02D1,0x0420,0x00,0x47,0x00,200,10,200:4047:02B1:0420:0135|201:4047:02B1:0421:0125|202:4047:02C1:0422:0135|203:4047:02C1:0423:0125|204:4047:02C2:0427:012D|205:4047:02D2:0428:012D
round3_phase1,0xFD,2776,0x0002,0x0003,0x0000,0x01,0x002F,0x0000,0x0000,actor_2c8,7,0x10C488,0x01,0x61,0x00,0x00,0x02,0x00,0x00,0x00FC,0x02D1,0x02E8,0x00,0x4A,0x00,210,10,210:404A:02D1:02F6:00F2|211:404A:02C1:02F4:00F2|212:404A:02D1:02F5:0102|213:404A:02BE:02EC:00F2|214:404A:02AE:02E9:00F2|215:404A:02BE:02EB:0102|216:404A:02AE:02E8:0102|217:404A:02BE:02ED:00E2|218:404A:02AE:02EA:00E2
round3_phase1,0xFD,2776,0x0002,0x0003,0x0000,0x01,0x002F,0x0000,0x0000,actor_2c8,8,0x10C4C8,0x01,0xCC,0x00,0x00,0x02,0x00,0x00,0x00D0,0x02D1,0x0420,0x00,0x47,0x00,220,19,220:4047:02B1:0420:00CF|221:4047:02B1:0421:00BF|222:4047:02C1:0422:00CF|223:4047:02C1:0423:00BF|224:4047:02C2:0427:00C7|225:4047:02D2:0428:00C7
round3_phase1,0xFD,2778,0x0002,0x0003,0x0000,0x01,0x002F,0x0000,0x0000,actor_2c8,6,0x10C448,0x01,0xCC,0x00,0x00,0x02,0x00,0x00,0x0134,0x02D1,0x0420,0x00,0x47,0x00,200,10,200:4047:02B1:0420:0133|201:4047:02B1:0421:0123|202:4047:02C1:0422:0133|203:4047:02C1:0423:0123|204:4047:02C2:0427:012B|205:4047:02D2:0428:012B
round3_phase1,0xFD,2778,0x0002,0x0003,0x0000,0x01,0x002F,0x0000,0x0000,actor_2c8,7,0x10C488,0x01,0x61,0x00,0x00,0x02,0x00,0x00,0x00FA,0x02D1,0x02E8,0x00,0x4A,0x00,210,10,210:404A:02D1:02F6:00F0|211:404A:02C1:02F4:00F0|212:404A:02D1:02F5:0100|213:404A:02BE:02EC:00F0|214:404A:02AE:02E9:00F0|215:404A:02BE:02EB:0100|216:404A:02AE:02E8:0100|217:404A:02BE:02ED:00E0|218:404A:02AE:02EA:00E0
round3_phase1,0xFD,2780,0x0002,0x0003,0x0000,0x01,0x002F,0x0000,0x0000,actor_2c8,6,0x10C448,0x01,0xC9,0x00,0x00,0x02,0x00,0x00,0x0132,0x02D1,0x0420,0x00,0x47,0x00,200,10,200:4047:02B0:0420:0131|201:4047:02B0:0421:0121|202:4047:02C0:0422:0131|203:4047:02C0:0423:0121|204:4047:02C1:0424:0129|205:4047:02D1:0425:0131|206:4047:02D1:0426:0121
round3_phase1,0xFD,2780,0x0002,0x0003,0x0000,0x01,0x002F,0x0000,0x0000,actor_2c8,7,0x10C488,0x01,0x60,0x00,0x00,0x02,0x00,0x00,0x00F8,0x02D1,0x02E8,0x00,0x4A,0x00,210,10,210:404A:02D1:02F3:00F5|211:404A:02C1:02F2:00F5|212:404A:02BE:02EC:00EE|213:404A:02AE:02E9:00EE|214:404A:02BE:02EB:00FE|215:404A:02AE:02E8:00FE|216:404A:02BE:02ED:00DE|217:404A:02AE:02EA:00DE
round3_phase1,0xFD,2780,0x0002,0x0003,0x0000,0x01,0x002F,0x0000,0x0000,actor_2c8,8,0x10C4C8,0x01,0xC9,0x00,0x00,0x02,0x00,0x00,0x00CC,0x02D1,0x0420,0x00,0x47,0x00,220,19,220:4047:02B0:0420:00CD|221:4047:02B0:0421:00BD|222:4047:02C0:0422:00CD|223:4047:02C0:0423:00BD|224:4047:02C1:0424:00C5|225:4047:02D1:0425:00CD|226:4047:02D1:0426:00BD
round3_phase1,0xFD,2782,0x0002,0x0003,0x0000,0x01,0x002F,0x0000,0x0000,actor_2c8,6,0x10C448,0x01,0xC9,0x00,0x00,0x02,0x00,0x00,0x0130,0x02D1,0x0420,0x00,0x47,0x00,200,10,200:4047:02B0:0420:012F|201:4047:02B0:0421:011F|202:4047:02C0:0422:012F|203:4047:02C0:0423:011F|204:4047:02C1:0424:0127|205:4047:02D1:0425:012F|206:4047:02D1:0426:011F
round3_phase1,0xFD,2782,0x0002,0x0003,0x0000,0x01,0x002F,0x0000,0x0000,actor_2c8,8,0x10C4C8,0x01,0xC9,0x00,0x00,0x02,0x00,0x00,0x00CA,0x02D1,0x0420,0x00,0x47,0x00,220,19,220:4047:02B0:0420:00CB|221:4047:02B0:0421:00BB|222:4047:02C0:0422:00CB|223:4047:02C0:0423:00BB|224:4047:02C1:0424:00C3|225:4047:02D1:0425:00CB|226:4047:02D1:0426:00BB
round3_phase1,0xFD,2784,0x0002,0x0003,0x0000,0x01,0x002F,0x0000,0x0000,actor_2c8,7,0x10C488,0x01,0x60,0x00,0x00,0x02,0x00,0x00,0x00F4,0x02D1,0x02E8,0x00,0x4A,0x00,210,10,210:404A:02D1:02F3:00F3|211:404A:02C1:02F2:00F3|212:404A:02BE:02EC:00EC|213:404A:02AE:02E9:00EC|214:404A:02BE:02EB:00FC|215:404A:02AE:02E8:00FC|216:404A:02BE:02ED:00DC|217:404A:02AE:02EA:00DC
round3_phase1,0xFD,2784,0x0002,0x0003,0x0000,0x01,0x002F,0x0000,0x0000,actor_2c8,8,0x10C4C8,0x01,0xC9,0x00,0x00,0x02,0x00,0x00,0x00C8,0x02D1,0x0420,0x00,0x47,0x00,220,19,220:4047:02B0:0420:00C9|221:4047:02B0:0421:00B9|222:4047:02C0:0422:00C9|223:4047:02C0:0423:00B9|224:4047:02C1:0424:00C1|225:4047:02D1:0425:00C9|226:4047:02D1:0426:00B9
round3_phase1,0xFD,2786,0x0002,0x0003,0x0000,0x01,0x002F,0x0000,0x0000,actor_2c8,6,0x10C448,0x01,0xC9,0x00,0x00,0x02,0x00,0x00,0x012C,0x02D1,0x0420,0x00,0x47,0x00,200,10,200:4047:02B0:0420:012D|201:4047:02B0:0421:011D|202:4047:02C0:0422:012D|203:4047:02C0:0423:011D|204:4047:02C1:0424:0125|205:4047:02D1:0425:012D|206:4047:02D1:0426:011D
round3_phase1,0xFD,2786,0x0002,0x0003,0x0000,0x01,0x002F,0x0000,0x0000,actor_2c8,7,0x10C488,0x01,0x60,0x00,0x00,0x02,0x00,0x00,0x00F2,0x02D1,0x02E8,0x00,0x4A,0x00,210,10,210:404A:02D1:02F3:00F1|211:404A:02C1:02F2:00F1|212:404A:02BE:02EC:00EA|213:404A:02AE:02E9:00EA|214:404A:02BE:02EB:00FA|215:404A:02AE:02E8:00FA|216:404A:02BE:02ED:00DA|217:404A:02AE:02EA:00DA
round3_phase1,0xFD,2786,0x0002,0x0003,0x0000,0x01,0x002F,0x0000,0x0000,actor_2c8,8,0x10C4C8,0x01,0xC9,0x00,0x00,0x02,0x00,0x00,0x00C8,0x02D1,0x0420,0x00,0x47,0x00,220,19,220:4047:02B0:0420:00C7|221:4047:02B0:0421:00B7|222:4047:02C0:0422:00C7|223:4047:02C0:0423:00B7|224:4047:02C1:0424:00BF|225:4047:02D1:0425:00C7|226:4047:02D1:0426:00B7
round3_phase1,0xFD,2788,0x0002,0x0003,0x0000,0x01,0x002F,0x0000,0x0000,actor_2c8,6,0x10C448,0x01,0xCA,0x00,0x00,0x02,0x00,0x00,0x012A,0x02D1,0x0420,0x00,0x47,0x00,200,10,200:4047:02B1:0420:012B|201:4047:02B1:0421:011B|202:4047:02C1:0422:012B|203:4047:02C1:0423:011B|204:4047:02C2:0427:0123|205:4047:02D2:0428:0123
round3_phase1,0xFD,2788,0x0002,0x0003,0x0000,0x01,0x002F,0x0000,0x0000,actor_2c8,7,0x10C488,0x01,0x61,0x00,0x00,0x02,0x00,0x00,0x00F0,0x02D1,0x02E8,0x00,0x4A,0x00,210,10,210:404A:02D1:02F6:00E8|211:404A:02C1:02F4:00E8|212:404A:02D1:02F5:00F8|213:404A:02BE:02EC:00E8|214:404A:02AE:02E9:00E8|215:404A:02BE:02EB:00F8|216:404A:02AE:02E8:00F8|217:404A:02BE:02ED:00D8|218:404A:02AE:02EA:00D8
round3_phase1,0xFD,2788,0x0002,0x0003,0x0000,0x01,0x002F,0x0000,0x0000,actor_2c8,8,0x10C4C8,0x01,0xCA,0x00,0x00,0x02,0x00,0x00,0x00C6,0x02D1,0x0420,0x00,0x47,0x00,220,19,220:4047:02B1:0420:00C5|221:4047:02B1:0421:00B5|222:4047:02C1:0422:00C5|223:4047:02C1:0423:00B5|224:4047:02C2:0427:00BD|225:4047:02D2:0428:00BD
round3_phase1,0xFD,2790,0x0002,0x0003,0x0000,0x01,0x002F,0x0000,0x0000,actor_2c8,6,0x10C448,0x01,0xCA,0x00,0x00,0x02,0x00,0x00,0x0128,0x02D1,0x0420,0x00,0x47,0x00,200,10,200:4047:02B1:0420:0129|201:4047:02B1:0421:0119|202:4047:02C1:0422:0129|203:4047:02C1:0423:0119|204:4047:02C2:0427:0121|205:4047:02D2:0428:0121
round3_phase1,0xFD,2790,0x0002,0x0003,0x0000,0x01,0x002F,0x0000,0x0000,actor_2c8,7,0x10C488,0x01,0x61,0x00,0x00,0x02,0x00,0x00,0x00F0,0x02D1,0x02E8,0x00,0x4A,0x00,210,10,210:404A:02D1:02F6:00E6|211:404A:02C1:02F4:00E6|212:404A:02D1:02F5:00F6|213:404A:02BE:02EC:00E6|214:404A:02AE:02E9:00E6|215:404A:02BE:02EB:00F6|216:404A:02AE:02E8:00F6|217:404A:02BE:02ED:00D6|218:404A:02AE:02EA:00D6
round3_phase1,0xFD,2790,0x0002,0x0003,0x0000,0x01,0x002F,0x0000,0x0000,actor_2c8,8,0x10C4C8,0x01,0xCA,0x00,0x00,0x02,0x00,0x00,0x00C4,0x02D1,0x0420,0x00,0x47,0x00,220,19,220:4047:02B1:0420:00C3|221:4047:02B1:0421:00B3|222:4047:02C1:0422:00C3|223:4047:02C1:0423:00B3|224:4047:02C2:0427:00BB|225:4047:02D2:0428:00BB
round3_phase1,0xFD,2792,0x0002,0x0003,0x0000,0x01,0x002F,0x0000,0x0000,actor_2c8,6,0x10C448,0x01,0xCA,0x00,0x00,0x02,0x00,0x00,0x0128,0x02D1,0x0420,0x00,0x47,0x00,200,10,200:4047:02B1:0420:0127|201:4047:02B1:0421:0117|202:4047:02C1:0422:0127|203:4047:02C1:0423:0117|204:4047:02C2:0427:011F|205:4047:02D2:0428:011F
round3_phase1,0xFD,2792,0x0002,0x0003,0x0000,0x01,0x002F,0x0000,0x0000,actor_2c8,7,0x10C488,0x01,0x61,0x00,0x00,0x02,0x00,0x00,0x00EE,0x02D1,0x02E8,0x00,0x4A,0x00,210,10,210:404A:02D1:02F6:00E4|211:404A:02C1:02F4:00E4|212:404A:02D1:02F5:00F4|213:404A:02BE:02EC:00E4|214:404A:02AE:02E9:00E4|215:404A:02BE:02EB:00F4|216:404A:02AE:02E8:00F4|217:404A:02BE:02ED:00D4|218:404A:02AE:02EA:00D4
round3_phase1,0xFD,2792,0x0002,0x0003,0x0000,0x01,0x002F,0x0000,0x0000,actor_2c8,8,0x10C4C8,0x01,0xCA,0x00,0x00,0x02,0x00,0x00,0x00C2,0x02D1,0x0420,0x00,0x47,0x00,220,19,220:4047:02B1:0420:00C1|221:4047:02B1:0421:00B1|222:4047:02C1:0422:00C1|223:4047:02C1:0423:00B1|224:4047:02C2:0427:00B9|225:4047:02D2:0428:00B9
round3_phase1,0xFD,2794,0x0002,0x0003,0x0000,0x01,0x002F,0x0000,0x0000,actor_2c8,6,0x10C448,0x01,0xCA,0x00,0x00,0x02,0x00,0x00,0x0126,0x02D1,0x0420,0x00,0x47,0x00,200,10,200:4047:02B1:0420:0125|201:4047:02B1:0421:0115|202:4047:02C1:0422:0125|203:4047:02C1:0423:0115|204:4047:02C2:0427:011D|205:4047:02D2:0428:011D
round3_phase1,0xFD,2794,0x0002,0x0003,0x0000,0x01,0x002F,0x0000,0x0000,actor_2c8,7,0x10C488,0x01,0x61,0x00,0x00,0x02,0x00,0x00,0x00EC,0x02D1,0x02E8,0x00,0x4A,0x00,210,10,210:404A:02D1:02F6:00E2|211:404A:02C1:02F4:00E2|212:404A:02D1:02F5:00F2|213:404A:02BE:02EC:00E2|214:404A:02AE:02E9:00E2|215:404A:02BE:02EB:00F2|216:404A:02AE:02E8:00F2|217:404A:02BE:02ED:00D2|218:404A:02AE:02EA:00D2
round3_phase1,0xFD,2794,0x0002,0x0003,0x0000,0x01,0x002F,0x0000,0x0000,actor_2c8,8,0x10C4C8,0x01,0xCA,0x00,0x00,0x02,0x00,0x00,0x00C0,0x02D1,0x0420,0x00,0x47,0x00,220,19,220:4047:02B1:0420:00BF|221:4047:02B1:0421:00AF|222:4047:02C1:0422:00BF|223:4047:02C1:0423:00AF|224:4047:02C2:0427:00B7|225:4047:02D2:0428:00B7
round3_phase1,0xFD,2796,0x0002,0x0003,0x0000,0x01,0x002F,0x0000,0x0000,actor_2c8,6,0x10C448,0x01,0xCB,0x00,0x00,0x02,0x00,0x00,0x0124,0x02D1,0x0420,0x00,0x47,0x00,200,10,200:4047:02B0:0420:0123|201:4047:02B0:0421:0113|202:4047:02C0:0422:0123|203:4047:02C0:0423:0113|204:4047:02C1:0429:011B|205:4047:02D1:042A:011B
round3_phase1,0xFD,2796,0x0002,0x0003,0x0000,0x01,0x002F,0x0000,0x0000,actor_2c8,7,0x10C488,0x01,0x62,0x00,0x00,0x02,0x00,0x00,0x00EA,0x02D1,0x02E8,0x00,0x4A,0x00,210,10,210:404A:02D1:02F8:00E4|211:404A:02C1:02F7:00E4|212:404A:02BE:02EC:00E0|213:404A:02AE:02E9:00E0|214:404A:02BE:02EB:00F0|215:404A:02AE:02E8:00F0|216:404A:02BE:02ED:00D0|217:404A:02AE:02EA:00D0
round3_phase1,0xFD,2796,0x0002,0x0003,0x0000,0x01,0x002F,0x0000,0x0000,actor_2c8,8,0x10C4C8,0x01,0xCB,0x00,0x00,0x02,0x00,0x00,0x00BE,0x02D1,0x0420,0x00,0x47,0x00,220,19,220:4047:02B0:0420:00BF|221:4047:02B0:0421:00AF|222:4047:02C0:0422:00BF|223:4047:02C0:0423:00AF|224:4047:02C1:0429:00B7|225:4047:02D1:042A:00B7
round3_phase1,0xFD,2798,0x0002,0x0003,0x0000,0x01,0x002F,0x0000,0x0000,actor_2c8,6,0x10C448,0x01,0xCB,0x00,0x00,0x02,0x00,0x00,0x0122,0x02D1,0x0420,0x00,0x47,0x00,200,10,200:4047:02B0:0420:0121|201:4047:02B0:0421:0111|202:4047:02C0:0422:0121|203:4047:02C0:0423:0111|204:4047:02C1:0429:0119|205:4047:02D1:042A:0119
round3_phase1,0xFD,2798,0x0002,0x0003,0x0000,0x01,0x002F,0x0000,0x0000,actor_2c8,7,0x10C488,0x01,0x62,0x00,0x00,0x02,0x00,0x00,0x00E8,0x02D1,0x02E8,0x00,0x4A,0x00,210,10,210:404A:02D1:02F8:00E2|211:404A:02C1:02F7:00E2|212:404A:02BE:02EC:00DE|213:404A:02AE:02E9:00DE|214:404A:02BE:02EB:00EE|215:404A:02AE:02E8:00EE|216:404A:02BE:02ED:00CE|217:404A:02AE:02EA:00CE
round3_phase1,0xFD,2798,0x0002,0x0003,0x0000,0x01,0x002F,0x0000,0x0000,actor_2c8,8,0x10C4C8,0x01,0xCB,0x00,0x00,0x02,0x00,0x00,0x00BC,0x02D1,0x0420,0x00,0x47,0x00,220,19,220:4047:02B0:0420:00BD|221:4047:02B0:0421:00AD|222:4047:02C0:0422:00BD|223:4047:02C0:0423:00AD|224:4047:02C1:0429:00B5|225:4047:02D1:042A:00B5
round3_phase1,0xFD,2800,0x0002,0x0003,0x0000,0x01,0x002F,0x0000,0x0000,actor_2c8,6,0x10C448,0x01,0xCB,0x00,0x00,0x02,0x00,0x00,0x0120,0x02D1,0x0420,0x00,0x47,0x00,200,10,200:4047:02B0:0420:011F|201:4047:02B0:0421:010F|202:4047:02C0:0422:011F|203:4047:02C0:0423:010F|204:4047:02C1:0429:0117|205:4047:02D1:042A:0117
round3_phase1,0xFD,2800,0x0002,0x0003,0x0000,0x01,0x002F,0x0000,0x0000,actor_2c8,7,0x10C488,0x01,0x63,0x00,0x00,0x1F,0x00,0x00,0x00E8,0x02D1,0x02E8,0x00,0x4A,0x00,210,10,210:404A:02D1:02F8:00E2|211:404A:02C1:02F7:00E2|212:404A:02BE:02EC:00DE|213:404A:02AE:02E9:00DE|214:404A:02BE:02EB:00EE|215:404A:02AE:02E8:00EE|216:404A:02BE:02ED:00CE|217:404A:02AE:02EA:00CE
round3_phase1,0xFD,2800,0x0002,0x0003,0x0000,0x01,0x002F,0x0000,0x0000,actor_2c8,8,0x10C4C8,0x01,0xCB,0x00,0x00,0x02,0x00,0x00,0x00BA,0x02D1,0x0420,0x00,0x47,0x00,220,19,220:4047:02B0:0420:00BB|221:4047:02B0:0421:00AB|222:4047:02C0:0422:00BB|223:4047:02C0:0423:00AB|224:4047:02C1:0429:00B3|225:4047:02D1:042A:00B3
round3_phase1,0xFD,2802,0x0002,0x0003,0x0000,0x01,0x002F,0x0000,0x0000,actor_2c8,7,0x10C488,0x01,0x63,0x00,0x00,0x1F,0x00,0x00,0x00E8,0x02D1,0x02E8,0x00,0x4A,0x00,210,10,210:404A:02D1:02F6:00DE|211:404A:02C1:02F4:00DE|212:404A:02D1:02F5:00EE|213:404A:02BE:02FC:00DE|214:404A:02AE:02FA:00DE|215:404A:029E:02F9:00DE|216:404A:02BE:02EB:00EE|217:404A:02AE:02E8:00EE|218:404A:02BE:02FD:00CE|219:404A:02AE:02FB:00CE
round3_phase1,0xFD,2802,0x0002,0x0003,0x0000,0x01,0x002F,0x0000,0x0000,actor_2c8,8,0x10C4C8,0x01,0xCB,0x00,0x00,0x02,0x00,0x00,0x00B8,0x02D1,0x0420,0x00,0x47,0x00,220,19,220:4047:02B0:0420:00B9|221:4047:02B0:0421:00A9|222:4047:02C0:0422:00B9|223:4047:02C0:0423:00A9|224:4047:02C1:0429:00B1|225:4047:02D1:042A:00B1
round3_phase1,0xFD,2804,0x0002,0x0003,0x0000,0x01,0x002F,0x0000,0x0000,actor_2c8,6,0x10C448,0x01,0xCC,0x00,0x00,0x02,0x00,0x00,0x011C,0x02D1,0x0420,0x00,0x47,0x00,200,10,200:4047:02B1:0420:011D|201:4047:02B1:0421:010D|202:4047:02C1:0422:011D|203:4047:02C1:0423:010D|204:4047:02C2:0427:0115|205:4047:02D2:0428:0115
round3_phase1,0xFD,2804,0x0002,0x0003,0x0000,0x01,0x002F,0x0000,0x0000,actor_2c8,8,0x10C4C8,0x01,0xCC,0x00,0x00,0x02,0x00,0x00,0x00B8,0x02D1,0x0420,0x00,0x47,0x00,220,19,220:4047:02B1:0420:00B7|221:4047:02B1:0421:00A7|222:4047:02C1:0422:00B7|223:4047:02C1:0423:00A7|224:4047:02C2:0427:00AF|225:4047:02D2:0428:00AF
round3_phase1,0xFD,2806,0x0002,0x0003,0x0000,0x01,0x002F,0x0000,0x0000,actor_2c8,6,0x10C448,0x01,0xCC,0x00,0x00,0x02,0x00,0x00,0x011A,0x02D1,0x0420,0x00,0x47,0x00,200,10,200:4047:02B1:0420:011B|201:4047:02B1:0421:010B|202:4047:02C1:0422:011B|203:4047:02C1:0423:010B|204:4047:02C2:0427:0113|205:4047:02D2:0428:0113
round3_phase1,0xFD,2806,0x0002,0x0003,0x0000,0x01,0x002F,0x0000,0x0000,actor_2c8,8,0x10C4C8,0x01,0xC9,0x00,0x00,0x1F,0x00,0x00,0x00B8,0x02D1,0x0420,0x00,0x47,0x00,220,19,220:4047:02B0:0420:00B7|221:4047:02B0:0421:00A7|222:4047:02C0:0422:00B7|223:4047:02C0:0423:00A7|224:4047:02C1:0424:00AF|225:4047:02D1:0425:00B7|226:4047:02D1:0426:00A7
round3_phase1,0xFD,2808,0x0002,0x0003,0x0000,0x01,0x002F,0x0000,0x0000,actor_2c8,6,0x10C448,0x01,0xCC,0x00,0x00,0x02,0x00,0x00,0x0118,0x02D1,0x0420,0x00,0x47,0x00,200,10,200:4047:02B1:0420:0119|201:4047:02B1:0421:0109|202:4047:02C1:0422:0119|203:4047:02C1:0423:0109|204:4047:02C2:0427:0111|205:4047:02D2:0428:0111
round3_phase1,0xFD,2808,0x0002,0x0003,0x0000,0x01,0x002F,0x0000,0x0000,actor_2c8,7,0x10C488,0x01,0x64,0x00,0x00,0x1F,0x00,0x00,0x00E8,0x02D1,0x02E8,0x00,0x4A,0x00,210,10,210:404A:02D1:02F6:00DE|211:404A:02C1:02F4:00DE|212:404A:02D1:02F5:00EE|213:404A:02BE:02FC:00DE|214:404A:02AE:02FA:00DE|215:404A:029E:02F9:00DE|216:404A:02BE:02EB:00EE|217:404A:02AE:02E8:00EE|218:404A:02BE:02FD:00CE|219:404A:02AE:02FB:00CE
round3_phase1,0xFD,2808,0x0002,0x0003,0x0000,0x01,0x002F,0x0000,0x0000,actor_2c8,8,0x10C4C8,0x01,0xCD,0x00,0x00,0x1F,0x00,0x00,0x00B8,0x02D1,0x0420,0x00,0x47,0x00,220,19,220:4047:02B0:0420:00B7|221:4047:02B0:0421:00A7|222:4047:02C0:0422:00B7|223:4047:02C0:0423:00A7|224:4047:02C1:0424:00AF|225:4047:02D1:0425:00B7|226:4047:02D1:0426:00A7
round3_phase1,0xFD,2808,0x0002,0x0003,0x0000,0x01,0x002F,0x0000,0x0000,actor_748,0,0x10C748,0x01,0xAB,0x00,0x00,0x01,0x03,0x00,0x00D1,0x02BD,0x02E8,0x01,0x00,0x00,46,1,
round3_phase1,0xFD,2810,0x0002,0x0003,0x0000,0x01,0x002F,0x0000,0x0000,actor_2c8,6,0x10C448,0x01,0xCC,0x00,0x00,0x02,0x00,0x00,0x0118,0x02D1,0x0420,0x00,0x47,0x00,200,10,200:4047:02B1:0420:0117|201:4047:02B1:0421:0107|202:4047:02C1:0422:0117|203:4047:02C1:0423:0107|204:4047:02C2:0427:010F|205:4047:02D2:0428:010F
round3_phase1,0xFD,2810,0x0002,0x0003,0x0000,0x01,0x002F,0x0000,0x0000,actor_2c8,7,0x10C488,0x01,0x64,0x00,0x00,0x1F,0x00,0x00,0x00E8,0x02D1,0x02E8,0x00,0x4A,0x00,210,10,210:404A:02D1:02F6:00DE|211:404A:02C1:02F4:00DE|212:404A:02D1:02F5:00EE|213:404A:02BE:02FC:00DE|214:404A:02AE:02FE:00DE|215:404A:02BE:02EB:00EE|216:404A:02AE:02E8:00EE|217:404A:02BE:02FD:00CE|218:404A:02AE:02FF:00CE
round3_phase1,0xFD,2810,0x0002,0x0003,0x0000,0x01,0x002F,0x0000,0x0000,actor_2c8,8,0x10C4C8,0x01,0xCD,0x00,0x00,0x1F,0x00,0x00,0x00B8,0x02D1,0x0420,0x00,0x47,0x00,220,19,220:4047:02B0:042D:00B7|221:4047:02B0:042E:00A7|222:4047:02C0:042F:00B7|223:4047:02C0:0430:00A7|224:4047:02C1:0424:00AF|225:4047:02D1:0425:00B7|226:4047:02D1:0426:00A7
round3_phase1,0xFD,2810,0x0002,0x0003,0x0000,0x01,0x002F,0x0000,0x0000,actor_748,0,0x10C748,0x01,0xAA,0x00,0x00,0x01,0x03,0x00,0x00CE,0x02BD,0x02E8,0x01,0x00,0x00,46,1,46:000A:02B5:0322:00C9
round3_phase1,0xFD,2812,0x0002,0x0003,0x0000,0x01,0x002F,0x0000,0x0000,actor_2c8,6,0x10C448,0x01,0xC9,0x00,0x00,0x02,0x00,0x00,0x0116,0x02D1,0x0420,0x00,0x47,0x00,200,10,200:4047:02B0:0420:0115|201:4047:02B0:0421:0105|202:4047:02C0:0422:0115|203:4047:02C0:0423:0105|204:4047:02C1:0424:010D|205:4047:02D1:0425:0115|206:4047:02D1:0426:0105
round3_phase1,0xFD,2812,0x0002,0x0003,0x0000,0x01,0x002F,0x0000,0x0000,actor_2c8,7,0x10C488,0x01,0x65,0x00,0x00,0x1F,0x00,0x00,0x00E8,0x02D1,0x02E8,0x00,0x4A,0x00,210,10,210:404A:02D1:02F6:00DE|211:404A:02C1:02F4:00DE|212:404A:02D1:02F5:00EE|213:404A:02BE:02FC:00DE|214:404A:02AE:02FE:00DE|215:404A:02BE:02EB:00EE|216:404A:02AE:02E8:00EE|217:404A:02BE:02FD:00CE|218:404A:02AE:02FF:00CE
round3_phase1,0xFD,2812,0x0002,0x0003,0x0000,0x01,0x002F,0x0000,0x0000,actor_2c8,8,0x10C4C8,0x01,0xCE,0x00,0x00,0x1F,0x00,0x00,0x00B8,0x02D1,0x0420,0x00,0x47,0x00,220,19,220:4047:02B0:0431:00B7|221:4047:02B0:0432:00A7|222:4047:02C0:0433:00B7|223:4047:02C0:0434:00A7|224:4047:02C1:0424:00AF|225:4047:02D1:0425:00B7|226:4047:02D1:0426:00A7
round3_phase1,0xFD,2812,0x0002,0x0003,0x0000,0x01,0x002F,0x0000,0x0000,actor_748,0,0x10C748,0x01,0xB1,0x00,0x00,0x01,0x03,0x00,0x00CB,0x02BD,0x02E8,0x01,0x00,0x00,46,1,46:000A:02B5:0329:00C6
round3_phase1,0xFD,2814,0x0002,0x0003,0x0000,0x01,0x002F,0x0000,0x0000,actor_2c8,6,0x10C448,0x01,0xC9,0x00,0x00,0x02,0x00,0x00,0x0114,0x02D1,0x0420,0x00,0x47,0x00,200,10,200:4047:02B0:0420:0113|201:4047:02B0:0421:0103|202:4047:02C0:0422:0113|203:4047:02C0:0423:0103|204:4047:02C1:0424:010B|205:4047:02D1:0425:0113|206:4047:02D1:0426:0103
round3_phase1,0xFD,2814,0x0002,0x0003,0x0000,0x01,0x002F,0x0000,0x0000,actor_2c8,7,0x10C488,0x01,0x65,0x00,0x00,0x1F,0x00,0x00,0x00E8,0x02D1,0x02E8,0x00,0x4A,0x00,210,10,210:404A:02D1:02F6:00DE|211:404A:02C1:02F4:00DE|212:404A:02D1:02F5:00EE|213:404A:02BE:0300:00DE|214:404A:02AE:02E9:00DE|215:404A:02BE:02EB:00EE|216:404A:02AE:02E8:00EE|217:404A:02BE:0301:00CE
round3_phase1,0xFD,2814,0x0002,0x0003,0x0000,0x01,0x002F,0x0000,0x0000,actor_2c8,8,0x10C4C8,0x01,0xCF,0x00,0x00,0x1F,0x00,0x00,0x00B8,0x02D1,0x0420,0x00,0x47,0x00,220,19,220:4047:02B0:0431:00B7|221:4047:02B0:0432:00A7|222:4047:02C0:0433:00B7|223:4047:02C0:0434:00A7|224:4047:02C1:0424:00AF|225:4047:02D1:0425:00B7|226:4047:02D1:0426:00A7
round3_phase1,0xFD,2814,0x0002,0x0003,0x0000,0x01,0x002F,0x0000,0x0000,actor_748,0,0x10C748,0x01,0xB0,0x00,0x00,0x01,0x03,0x00,0x00C8,0x02BD,0x02E8,0x01,0x00,0x00,46,1,46:000A:02B5:0328:00C3
round3_phase1,0xFD,2816,0x0002,0x0003,0x0000,0x01,0x002F,0x0000,0x0000,actor_2c8,6,0x10C448,0x01,0xC9,0x00,0x00,0x02,0x00,0x00,0x0112,0x02D1,0x0420,0x00,0x47,0x00,200,10,200:4047:02B0:0420:0111|201:4047:02B0:0421:0101|202:4047:02C0:0422:0111|203:4047:02C0:0423:0101|204:4047:02C1:0424:0109|205:4047:02D1:0425:0111|206:4047:02D1:0426:0101
round3_phase1,0xFD,2816,0x0002,0x0003,0x0000,0x01,0x002F,0x0000,0x0000,actor_2c8,7,0x10C488,0x01,0x65,0x00,0x00,0x1F,0x00,0x01,0x00E8,0x02D1,0x02E8,0x00,0x4A,0x00,210,10,210:404A:02D1:02F6:00DE|211:404A:02C1:02F4:00DE|212:404A:02D1:02F5:00EE|213:404A:02BE:0300:00DE|214:404A:02AE:02E9:00DE|215:404A:02BE:02EB:00EE|216:404A:02AE:02E8:00EE|217:404A:02BE:0301:00CE
round3_phase1,0xFD,2816,0x0002,0x0003,0x0000,0x01,0x002F,0x0000,0x0000,actor_2c8,8,0x10C4C8,0x01,0xCF,0x00,0x00,0x1F,0x00,0x00,0x00B8,0x02D1,0x0420,0x00,0x47,0x00,220,19,220:4047:02B0:0435:00B7|221:4047:02B0:0436:00A7|222:4047:02B0:0437:0097|223:4047:02C0:0438:00B7|224:4047:02C0:0439:00A7|225:4047:02C1:0424:00AF|226:4047:02D1:0425:00B7|227:4047:02D1:0426:00A7
round3_phase1,0xFD,2816,0x0002,0x0003,0x0000,0x01,0x002F,0x0000,0x0000,actor_748,0,0x10C748,0x01,0xAF,0x00,0x00,0x01,0x03,0x00,0x00C5,0x02BD,0x02E8,0x01,0x00,0x00,46,1,46:000A:02B5:0327:00C0
round3_phase1,0xFD,2818,0x0002,0x0003,0x0000,0x01,0x002F,0x0000,0x0000,actor_2c8,6,0x10C448,0x01,0xC9,0x00,0x00,0x02,0x00,0x00,0x0110,0x02D1,0x0420,0x00,0x47,0x00,200,10,200:4047:02B0:0420:010F|201:4047:02B0:0421:00FF|202:4047:02C0:0422:010F|203:4047:02C0:0423:00FF|204:4047:02C1:0424:0107|205:4047:02D1:0425:010F|206:4047:02D1:0426:00FF
round3_phase1,0xFD,2818,0x0002,0x0003,0x0000,0x01,0x002F,0x0000,0x0000,actor_748,0,0x10C748,0x01,0xAE,0x00,0x00,0x01,0x03,0x00,0x00C2,0x02BD,0x02E8,0x01,0x00,0x00,46,1,46:000A:02B5:0326:00BD
round3_phase1,0xFD,2820,0x0002,0x0003,0x0000,0x01,0x002F,0x0000,0x0000,actor_2c8,6,0x10C448,0x01,0xCA,0x00,0x00,0x02,0x00,0x00,0x010E,0x02D1,0x0420,0x00,0x47,0x00,200,10,200:4047:02B1:0420:010F|201:4047:02B1:0421:00FF|202:4047:02C1:0422:010F|203:4047:02C1:0423:00FF|204:4047:02C2:0427:0107|205:4047:02D2:0428:0107
round3_phase1,0xFD,2820,0x0002,0x0003,0x0000,0x01,0x002F,0x0000,0x0000,actor_2c8,8,0x10C4C8,0x01,0xC9,0x00,0x00,0x1F,0x00,0x00,0x00B8,0x02D1,0x0420,0x00,0x47,0x00,220,19,220:4047:02B0:0435:00B7|221:4047:02B0:0436:00A7|222:4047:02B0:0437:0097|223:4047:02C0:0438:00B7|224:4047:02C0:0439:00A7|225:4047:02C1:0424:00AF|226:4047:02D1:0425:00B7|227:4047:02D1:0426:00A7
round3_phase1,0xFD,2820,0x0002,0x0003,0x0000,0x01,0x002F,0x0000,0x0000,actor_748,0,0x10C748,0x01,0xAD,0x00,0x00,0x01,0x03,0x00,0x00BF,0x02BD,0x02E8,0x01,0x00,0x00,46,1,46:000A:02B5:0325:00BA
round3_phase1,0xFD,2822,0x0002,0x0003,0x0000,0x01,0x002F,0x0000,0x0000,actor_2c8,6,0x10C448,0x01,0xCA,0x00,0x00,0x02,0x00,0x00,0x010C,0x02D1,0x0420,0x00,0x47,0x00,200,10,200:4047:02B1:0420:010D|201:4047:02B1:0421:00FD|202:4047:02C1:0422:010D|203:4047:02C1:0423:00FD|204:4047:02C2:0427:0105|205:4047:02D2:0428:0105
round3_phase1,0xFD,2822,0x0002,0x0003,0x0000,0x01,0x002F,0x0000,0x0000,actor_748,0,0x10C748,0x01,0xAC,0x00,0x00,0x01,0x03,0x00,0x00BC,0x02BD,0x02E8,0x01,0x00,0x00,46,1,46:000A:02B5:0324:00B7
round3_phase1,0xFD,2824,0x0002,0x0003,0x0000,0x01,0x002F,0x0000,0x0000,actor_2c8,6,0x10C448,0x01,0xCA,0x00,0x00,0x02,0x00,0x00,0x010A,0x02D1,0x0420,0x00,0x47,0x00,200,10,200:4047:02B1:0420:010B|201:4047:02B1:0421:00FB|202:4047:02C1:0422:010B|203:4047:02C1:0423:00FB|204:4047:02C2:0427:0103|205:4047:02D2:0428:0103
round3_phase1,0xFD,2824,0x0002,0x0003,0x0000,0x01,0x002F,0x0000,0x0000,actor_748,0,0x10C748,0x01,0xAB,0x00,0x00,0x01,0x03,0x00,0x00B9,0x02BD,0x02E8,0x01,0x00,0x00,46,1,46:000A:02B5:0323:00B4
round3_phase1,0xFD,2826,0x0002,0x0003,0x0000,0x01,0x002F,0x0000,0x0000,actor_2c8,6,0x10C448,0x01,0xCA,0x00,0x00,0x02,0x00,0x00,0x0108,0x02D1,0x0420,0x00,0x47,0x00,200,10,200:4047:02B1:0420:0109|201:4047:02B1:0421:00F9|202:4047:02C1:0422:0109|203:4047:02C1:0423:00F9|204:4047:02C2:0427:0101|205:4047:02D2:0428:0101
round3_phase1,0xFD,2826,0x0002,0x0003,0x0000,0x01,0x002F,0x0000,0x0000,actor_748,0,0x10C748,0x01,0xAA,0x00,0x00,0x01,0x03,0x00,0x00B6,0x02BD,0x02E8,0x01,0x00,0x00,46,1,46:000A:02B5:0322:00B1
round3_phase1,0xFD,2828,0x0002,0x0003,0x0000,0x01,0x002F,0x0000,0x0000,actor_2c8,6,0x10C448,0x01,0xCB,0x00,0x00,0x02,0x00,0x00,0x0108,0x02D1,0x0420,0x00,0x47,0x00,200,10,200:4047:02B0:0420:0107|201:4047:02B0:0421:00F7|202:4047:02C0:0422:0107|203:4047:02C0:0423:00F7|204:4047:02C1:0429:00FF|205:4047:02D1:042A:00FF
round3_phase1,0xFD,2828,0x0002,0x0003,0x0000,0x01,0x002F,0x0000,0x0000,actor_2c8,7,0x10C488,0x01,0x66,0x00,0x00,0x1F,0x00,0x01,0x00E8,0x02D1,0x02E8,0x00,0x4A,0x00,210,10,210:404A:02D1:02F6:00DE|211:404A:02C1:02F4:00DE|212:404A:02D1:02F5:00EE|213:404A:02BE:0304:00EE|214:404A:02AE:0303:00EE|215:404A:02A6:0302:00FE|216:404A:02BE:0300:00DE|217:404A:02AE:02E9:00DE|218:404A:02BE:0301:00CE
round3_phase1,0xFD,2828,0x0002,0x0003,0x0000,0x01,0x002F,0x0000,0x0000,actor_748,0,0x10C748,0x01,0xB1,0x00,0x00,0x01,0x03,0x00,0x00B3,0x02BD,0x02E8,0x01,0x00,0x00,46,1,46:000A:02B5:0329:00AE
round3_phase1,0xFD,2830,0x0002,0x0003,0x0000,0x01,0x002F,0x0000,0x0000,actor_2c8,6,0x10C448,0x01,0xCB,0x00,0x00,0x02,0x00,0x00,0x0106,0x02D1,0x0420,0x00,0x47,0x00,200,10,200:4047:02B0:0420:0105|201:4047:02B0:0421:00F5|202:4047:02C0:0422:0105|203:4047:02C0:0423:00F5|204:4047:02C1:0429:00FD|205:4047:02D1:042A:00FD
round3_phase1,0xFD,2830,0x0002,0x0003,0x0000,0x01,0x002F,0x0000,0x0000,actor_748,0,0x10C748,0x01,0xB0,0x00,0x00,0x01,0x03,0x00,0x00B0,0x02BD,0x02E8,0x01,0x00,0x00,46,1,46:000A:02B5:0328:00AB
round3_phase1,0xFD,2832,0x0002,0x0003,0x0000,0x01,0x002F,0x0000,0x0000,actor_2c8,6,0x10C448,0x01,0xCB,0x00,0x00,0x02,0x00,0x00,0x0104,0x02D1,0x0420,0x00,0x47,0x00,200,10,200:4047:02B0:0420:0103|201:4047:02B0:0421:00F3|202:4047:02C0:0422:0103|203:4047:02C0:0423:00F3|204:4047:02C1:0429:00FB|205:4047:02D1:042A:00FB
round3_phase1,0xFD,2832,0x0002,0x0003,0x0000,0x01,0x002F,0x0000,0x0000,actor_2c8,8,0x10C4C8,0x01,0xCE,0x00,0x00,0x1F,0x00,0x00,0x00B8,0x02D1,0x0420,0x00,0x47,0x00,220,19,220:4047:02B0:042D:00B7|221:4047:02B0:042E:00A7|222:4047:02C0:042F:00B7|223:4047:02C0:0430:00A7|224:4047:02C1:0424:00AF|225:4047:02D1:0425:00B7|226:4047:02D1:0426:00A7
round3_phase1,0xFD,2832,0x0002,0x0003,0x0000,0x01,0x002F,0x0000,0x0000,actor_748,0,0x10C748,0x01,0xAF,0x00,0x00,0x01,0x03,0x00,0x00AD,0x02BD,0x02E8,0x01,0x00,0x00,46,1,46:000A:02B5:0327:00A8
round3_phase1,0xFD,2834,0x0002,0x0003,0x0000,0x01,0x002F,0x0000,0x0000,actor_2c8,6,0x10C448,0x01,0xCB,0x00,0x00,0x02,0x00,0x00,0x0102,0x02D1,0x0420,0x00,0x47,0x00,200,10,200:4047:02B0:0420:0101|201:4047:02B0:0421:00F1|202:4047:02C0:0422:0101|203:4047:02C0:0423:00F1|204:4047:02C1:0429:00F9|205:4047:02D1:042A:00F9
round3_phase1,0xFD,2834,0x0002,0x0003,0x0000,0x01,0x002F,0x0000,0x0000,actor_748,0,0x10C748,0x01,0xAE,0x00,0x00,0x01,0x03,0x00,0x00AA,0x02BD,0x02E8,0x01,0x00,0x00,46,1,46:000A:02B5:0326:00A5
round3_phase1,0xFD,2836,0x0002,0x0003,0x0000,0x01,0x002F,0x0000,0x0000,actor_2c8,6,0x10C448,0x01,0xCC,0x00,0x00,0x02,0x00,0x00,0x0100,0x02D1,0x0420,0x00,0x47,0x00,200,10,200:4047:02B1:0420:00FF|201:4047:02B1:0421:00EF|202:4047:02C1:0422:00FF|203:4047:02C1:0423:00EF|204:4047:02C2:0427:00F7|205:4047:02D2:0428:00F7
round3_phase1,0xFD,2836,0x0002,0x0003,0x0000,0x01,0x002F,0x0000,0x0000,actor_2c8,7,0x10C488,0x01,0x67,0x00,0x00,0x1F,0x00,0x01,0x00E8,0x02D1,0x02E8,0x00,0x4A,0x00,210,10,210:404A:02D1:02F6:00DE|211:404A:02C1:02F4:00DE|212:404A:02D1:02F5:00EE|213:404A:02BE:0308:00DE|214:404A:02AE:0306:00DE|215:404A:02BE:0304:00EE|216:404A:02AE:0305:00EE|217:404A:02BE:0309:00CE|218:404A:02AE:0307:00CE
round3_phase1,0xFD,2836,0x0002,0x0003,0x0000,0x01,0x002F,0x0000,0x0000,actor_748,0,0x10C748,0x01,0xAD,0x00,0x00,0x01,0x03,0x00,0x00A7,0x02BD,0x02E8,0x01,0x00,0x00,46,1,46:000A:02B5:0325:00A2
round3_phase1,0xFD,2836,0x0002,0x0003,0x0000,0x01,0x002F,0x0000,0x0000,actor_748,1,0x10C788,0x01,0xAD,0x00,0x00,0x01,0x03,0x00,0x00DD,0x02BD,0x02E8,0x01,0x00,0x00,47,1,47:000A:02B5:0325:00D5
round3_phase1,0xFD,2838,0x0002,0x0003,0x0000,0x01,0x002F,0x0000,0x0000,actor_748,0,0x10C748,0x01,0xAC,0x00,0x00,0x01,0x03,0x00,0x00A4,0x02BD,0x02E8,0x01,0x00,0x00,46,1,46:000A:02B5:0324:009F
round3_phase1,0xFD,2838,0x0002,0x0003,0x0000,0x01,0x002F,0x0000,0x0000,actor_748,1,0x10C788,0x01,0xAC,0x00,0x00,0x01,0x03,0x00,0x00DA,0x02BD,0x02E8,0x01,0x00,0x00,47,1,47:000A:02B5:0324:00D2
round3_phase1,0xFD,2840,0x0002,0x0003,0x0000,0x01,0x002F,0x0000,0x0000,actor_2c8,6,0x10C448,0x01,0xCC,0x00,0x00,0x02,0x00,0x00,0x00FC,0x02D1,0x0420,0x00,0x47,0x00,200,10,200:4047:02B1:0420:00FD|201:4047:02B1:0421:00ED|202:4047:02C1:0422:00FD|203:4047:02C1:0423:00ED|204:4047:02C2:0427:00F5|205:4047:02D2:0428:00F5
round3_phase1,0xFD,2840,0x0002,0x0003,0x0000,0x01,0x002F,0x0000,0x0000,actor_2c8,7,0x10C488,0x01,0x68,0x00,0x00,0x1F,0x00,0x01,0x00E8,0x02D1,0x02E8,0x00,0x4A,0x00,210,10,210:404A:02D1:02F6:00DE|211:404A:02C1:02F4:00DE|212:404A:02D1:02F5:00EE|213:404A:02BE:030C:00DE|214:404A:02AE:02E9:00DE|215:404A:02BE:030B:00EE|216:404A:02AE:030A:00EE|217:404A:02BE:0301:00CE
round3_phase1,0xFD,2840,0x0002,0x0003,0x0000,0x01,0x002F,0x0000,0x0000,actor_748,0,0x10C748,0x01,0xAB,0x00,0x00,0x01,0x03,0x00,0x00A1,0x02BD,0x02E8,0x01,0x00,0x00,46,1,46:000A:02B5:0323:009C
round3_phase1,0xFD,2840,0x0002,0x0003,0x0000,0x01,0x002F,0x0000,0x0000,actor_748,1,0x10C788,0x01,0xAB,0x00,0x00,0x01,0x03,0x00,0x00D7,0x02BD,0x02E8,0x01,0x00,0x00,47,1,47:000A:02B5:0323:00CF
round3_phase1,0xFD,2842,0x0002,0x0003,0x0000,0x01,0x002F,0x0000,0x0000,actor_2c8,6,0x10C448,0x01,0xCC,0x00,0x00,0x02,0x00,0x00,0x00FA,0x02D1,0x0420,0x00,0x47,0x00,200,10,200:4047:02B1:0420:00FB|201:4047:02B1:0421:00EB|202:4047:02C1:0422:00FB|203:4047:02C1:0423:00EB|204:4047:02C2:0427:00F3|205:4047:02D2:0428:00F3
round3_phase1,0xFD,2842,0x0002,0x0003,0x0000,0x01,0x002F,0x0000,0x0000,actor_748,0,0x10C748,0x01,0xAA,0x00,0x00,0x01,0x03,0x00,0x009E,0x02BD,0x02E8,0x01,0x00,0x00,46,1,46:000A:02B5:0322:0099
round3_phase1,0xFD,2842,0x0002,0x0003,0x0000,0x01,0x002F,0x0000,0x0000,actor_748,1,0x10C788,0x01,0xAA,0x00,0x00,0x01,0x03,0x00,0x00D4,0x02BD,0x02E8,0x01,0x00,0x00,47,1,47:000A:02B5:0322:00CC
round3_phase1,0xFD,2844,0x0002,0x0003,0x0000,0x01,0x002F,0x0000,0x0000,actor_2c8,6,0x10C448,0x01,0xC9,0x00,0x00,0x02,0x00,0x00,0x00F8,0x02D1,0x0420,0x00,0x47,0x00,200,10,200:4047:02B0:0420:00F9|201:4047:02B0:0421:00E9|202:4047:02C0:0422:00F9|203:4047:02C0:0423:00E9|204:4047:02C1:0424:00F1|205:4047:02D1:0425:00F9|206:4047:02D1:0426:00E9
round3_phase1,0xFD,2844,0x0002,0x0003,0x0000,0x01,0x002F,0x0000,0x0000,actor_2c8,7,0x10C488,0x01,0xB3,0x00,0x00,0x02,0x00,0x02,0x00E6,0x02D1,0x02E8,0x00,0x4A,0x00,210,10,210:404A:02D1:02F6:00DE|211:404A:02C1:02F4:00DE|212:404A:02D1:02F5:00EE|213:404A:02BE:030C:00DE|214:404A:02AE:02E9:00DE|215:404A:02BE:030B:00EE|216:404A:02AE:030A:00EE|217:404A:02BE:0301:00CE
round3_phase1,0xFD,2844,0x0002,0x0003,0x0000,0x01,0x002F,0x0000,0x0000,actor_748,0,0x10C748,0x01,0xB1,0x00,0x00,0x01,0x03,0x00,0x009B,0x02BD,0x02E8,0x01,0x00,0x00,46,1,46:000A:02B5:0329:0096
round3_phase1,0xFD,2844,0x0002,0x0003,0x0000,0x01,0x002F,0x0000,0x0000,actor_748,1,0x10C788,0x01,0xB1,0x00,0x00,0x01,0x03,0x00,0x00D1,0x02BD,0x02E8,0x01,0x00,0x00,47,1,47:000A:02B5:0329:00C9
round3_phase1,0xFD,2846,0x0002,0x0003,0x0000,0x01,0x002F,0x0000,0x0000,actor_2c8,6,0x10C448,0x01,0xC9,0x00,0x00,0x02,0x00,0x00,0x00F8,0x02D1,0x0420,0x00,0x47,0x00,200,10,200:4047:02B0:0420:00F7|201:4047:02B0:0421:00E7|202:4047:02C0:0422:00F7|203:4047:02C0:0423:00E7|204:4047:02C1:0424:00EF|205:4047:02D1:0425:00F7|206:4047:02D1:0426:00E7
round3_phase1,0xFD,2846,0x0002,0x0003,0x0000,0x01,0x002F,0x0000,0x0000,actor_2c8,7,0x10C488,0x01,0xB3,0x00,0x00,0x02,0x00,0x02,0x00E4,0x02D1,0x02E8,0x00,0x4A,0x00,210,10,210:404A:02D1:02F3:00E3|211:404A:02C1:02F2:00E3|212:404A:02BE:030C:00DC|213:404A:02AE:02E9:00DC|214:404A:02BE:030B:00EC|215:404A:02AE:030A:00EC|216:404A:02BE:0301:00CC
round3_phase1,0xFD,2846,0x0002,0x0003,0x0000,0x01,0x002F,0x0000,0x0000,actor_2c8,8,0x10C4C8,0x01,0x0D,0x00,0x00,0x0F,0x00,0x00,0x00B8,0x02D1,0x0A73,0x00,0x07,0x02,220,19,220:4047:02B0:0420:00B7|221:4047:02B0:0421:00A7|222:4047:02C0:0422:00B7|223:4047:02C0:0423:00A7|224:4047:02C1:0424:00AF|225:4047:02D1:0425:00B7|226:4047:02D1:0426:00A7
round3_phase1,0xFD,2846,0x0002,0x0003,0x0000,0x01,0x002F,0x0000,0x0000,actor_748,0,0x10C748,0x01,0xB0,0x00,0x00,0x01,0x03,0x00,0x0098,0x02BD,0x02E8,0x01,0x00,0x00,46,1,46:000A:02B5:0328:0093
round3_phase1,0xFD,2846,0x0002,0x0003,0x0000,0x01,0x002F,0x0000,0x0000,actor_748,1,0x10C788,0x01,0xB0,0x00,0x00,0x01,0x03,0x00,0x00CE,0x02BD,0x02E8,0x01,0x00,0x00,47,1,47:000A:02B5:0328:00C6
round3_phase1,0xFD,2848,0x0002,0x0003,0x0000,0x01,0x002F,0x0000,0x0000,actor_2c8,4,0x10C3C8,0x01,0x60,0x00,0x00,0x02,0x00,0x00,0x013E,0x02D1,0x02E8,0x00,0x4A,0x00,180,10,
round3_phase1,0xFD,2848,0x0002,0x0003,0x0000,0x01,0x002F,0x0000,0x0000,actor_2c8,6,0x10C448,0x01,0xC9,0x00,0x00,0x02,0x00,0x00,0x00F6,0x02D1,0x0420,0x00,0x47,0x00,200,10,200:4047:02B0:0420:00F5|201:4047:02B0:0421:00E5|202:4047:02C0:0422:00F5|203:4047:02C0:0423:00E5|204:4047:02C1:0424:00ED|205:4047:02D1:0425:00F5|206:4047:02D1:0426:00E5
round3_phase1,0xFD,2848,0x0002,0x0003,0x0000,0x01,0x002F,0x0000,0x0000,actor_2c8,7,0x10C488,0x01,0xB3,0x00,0x00,0x02,0x00,0x02,0x00E2,0x02D1,0x02E8,0x00,0x4A,0x00,210,10,210:404A:02D1:02F3:00E1|211:404A:02C1:02F2:00E1|212:404A:02BE:030C:00DA|213:404A:02AE:02E9:00DA|214:404A:02BE:030B:00EA|215:404A:02AE:030A:00EA|216:404A:02BE:0301:00CA
round3_phase1,0xFD,2848,0x0002,0x0003,0x0000,0x01,0x002F,0x0000,0x0000,actor_2c8,8,0x10C4C8,0x01,0x0D,0x00,0x00,0x0F,0x00,0x00,0x00B8,0x02D1,0x0A73,0x00,0x07,0x02,220,19,220:4000:02D9:0A83:009F|221:4000:02C9:0A80:009F|222:4000:02B9:0A7D:009F|223:4000:02D9:0A82:00AF|224:4000:02C9:0A7F:00AF|225:4000:02B9:0A7C:00AF|226:4000:02D9:0A81:00BF|227:4000:02C9:0A7E:00BF|228:4000:02B9:0A7B:00BF
round3_phase1,0xFD,2848,0x0002,0x0003,0x0000,0x01,0x002F,0x0000,0x0000,actor_748,0,0x10C748,0x01,0xAF,0x00,0x00,0x01,0x03,0x00,0x0095,0x02BD,0x02E8,0x01,0x00,0x00,46,1,46:000A:02B5:0327:0090
round3_phase1,0xFD,2848,0x0002,0x0003,0x0000,0x01,0x002F,0x0000,0x0000,actor_748,1,0x10C788,0x01,0xAF,0x00,0x00,0x01,0x03,0x00,0x00CB,0x02BD,0x02E8,0x01,0x00,0x00,47,1,47:000A:02B5:0327:00C3
round3_phase1,0xFD,2850,0x0002,0x0003,0x0000,0x01,0x002F,0x0000,0x0000,actor_2c8,4,0x10C3C8,0x01,0x60,0x00,0x00,0x02,0x00,0x00,0x013C,0x02D1,0x02E8,0x00,0x4A,0x00,180,10,180:404A:02D1:02F3:013B|181:404A:02C1:02F2:013B|182:404A:02BE:02EC:0134|183:404A:02AE:02E9:0134|184:404A:02BE:02EB:0144|185:404A:02AE:02E8:0144|186:404A:02BE:02ED:0124|187:404A:02AE:02EA:0124
round3_phase1,0xFD,2850,0x0002,0x0003,0x0000,0x01,0x002F,0x0000,0x0000,actor_2c8,6,0x10C448,0x01,0xC9,0x00,0x00,0x02,0x00,0x00,0x00F4,0x02D1,0x0420,0x00,0x47,0x00,200,10,200:4047:02B0:0420:00F3|201:4047:02B0:0421:00E3|202:4047:02C0:0422:00F3|203:4047:02C0:0423:00E3|204:4047:02C1:0424:00EB|205:4047:02D1:0425:00F3|206:4047:02D1:0426:00E3
round3_phase1,0xFD,2850,0x0002,0x0003,0x0000,0x01,0x002F,0x0000,0x0000,actor_2c8,7,0x10C488,0x01,0xB3,0x00,0x00,0x02,0x00,0x02,0x00E0,0x02D1,0x02E8,0x00,0x4A,0x00,210,10,210:404A:02D1:02F3:00DF|211:404A:02C1:02F2:00DF|212:404A:02BE:030C:00D8|213:404A:02AE:02E9:00D8|214:404A:02BE:030B:00E8|215:404A:02AE:030A:00E8|216:404A:02BE:0301:00C8
round3_phase1,0xFD,2850,0x0002,0x0003,0x0000,0x01,0x002F,0x0000,0x0000,actor_2c8,8,0x10C4C8,0x01,0x0C,0x00,0x00,0x0F,0x00,0x00,0x00B8,0x02D1,0x0A73,0x00,0x07,0x02,220,19,220:4000:02D1:0A7A:00A7|221:4000:02C1:0A78:00A7|222:4000:02D1:0A79:00B7|223:4000:02C1:0A77:00B7
round3_phase1,0xFD,2850,0x0002,0x0003,0x0000,0x01,0x002F,0x0000,0x0000,actor_748,0,0x10C748,0x01,0xAE,0x00,0x00,0x01,0x03,0x00,0x0092,0x02BD,0x02E8,0x01,0x00,0x00,46,1,46:000A:02B5:0326:008D
round3_phase1,0xFD,2850,0x0002,0x0003,0x0000,0x01,0x002F,0x0000,0x0000,actor_748,1,0x10C788,0x01,0xAE,0x00,0x00,0x01,0x03,0x00,0x00C8,0x02BD,0x02E8,0x01,0x00,0x00,47,1,47:000A:02B5:0326:00C0
round3_phase1,0xFD,2852,0x0002,0x0003,0x0000,0x01,0x002F,0x0000,0x0000,actor_2c8,4,0x10C3C8,0x01,0x61,0x00,0x00,0x02,0x00,0x00,0x013A,0x02D1,0x02E8,0x00,0x4A,0x00,180,10,180:404A:02D1:02F6:0132|181:404A:02C1:02F4:0132|182:404A:02D1:02F5:0142|183:404A:02BE:02EC:0132|184:404A:02AE:02E9:0132|185:404A:02BE:02EB:0142|186:404A:02AE:02E8:0142|187:404A:02BE:02ED:0122|188:404A:02AE:02EA:0122
round3_phase1,0xFD,2852,0x0002,0x0003,0x0000,0x01,0x002F,0x0000,0x0000,actor_2c8,6,0x10C448,0x01,0xCA,0x00,0x00,0x02,0x00,0x00,0x00F2,0x02D1,0x0420,0x00,0x47,0x00,200,10,200:4047:02B1:0420:00F1|201:4047:02B1:0421:00E1|202:4047:02C1:0422:00F1|203:4047:02C1:0423:00E1|204:4047:02C2:0427:00E9|205:4047:02D2:0428:00E9
round3_phase1,0xFD,2852,0x0002,0x0003,0x0000,0x01,0x002F,0x0000,0x0000,actor_2c8,7,0x10C488,0x01,0x68,0x00,0x00,0x02,0x00,0x02,0x00E0,0x02D1,0x02E8,0x00,0x4A,0x00,210,10,210:404A:02D1:02F6:00D6|211:404A:02C1:02F4:00D6|212:404A:02D1:02F5:00E6|213:404A:02BE:030C:00D6|214:404A:02AE:02E9:00D6|215:404A:02BE:030B:00E6|216:404A:02AE:030A:00E6|217:404A:02BE:0301:00C6
round3_phase1,0xFD,2852,0x0002,0x0003,0x0000,0x01,0x002F,0x0000,0x0000,actor_2c8,8,0x10C4C8,0x01,0x0B,0x00,0x00,0x0F,0x00,0x00,0x00B8,0x02D1,0x0A73,0x00,0x07,0x02,220,19,220:4000:02D1:0A7A:00A7|221:4000:02C1:0A78:00A7|222:4000:02D1:0A79:00B7|223:4000:02C1:0A77:00B7
round3_phase1,0xFD,2852,0x0002,0x0003,0x0000,0x01,0x002F,0x0000,0x0000,actor_748,0,0x10C748,0x01,0xAD,0x00,0x00,0x01,0x03,0x00,0x008F,0x02BD,0x02E8,0x01,0x00,0x00,46,1,46:000A:02B5:0325:008A
round3_phase1,0xFD,2852,0x0002,0x0003,0x0000,0x01,0x002F,0x0000,0x0000,actor_748,1,0x10C788,0x01,0xAD,0x00,0x00,0x01,0x03,0x00,0x00C5,0x02BD,0x02E8,0x01,0x00,0x00,47,1,47:000A:02B5:0325:00BD
round3_phase1,0xFD,2854,0x0002,0x0003,0x0000,0x01,0x002F,0x0000,0x0000,actor_2c8,4,0x10C3C8,0x01,0x61,0x00,0x00,0x02,0x00,0x00,0x0138,0x02D1,0x02E8,0x00,0x4A,0x00,180,10,180:404A:02D1:02F6:0130|181:404A:02C1:02F4:0130|182:404A:02D1:02F5:0140|183:404A:02BE:02EC:0130|184:404A:02AE:02E9:0130|185:404A:02BE:02EB:0140|186:404A:02AE:02E8:0140|187:404A:02BE:02ED:0120|188:404A:02AE:02EA:0120
round3_phase1,0xFD,2854,0x0002,0x0003,0x0000,0x01,0x002F,0x0000,0x0000,actor_2c8,6,0x10C448,0x01,0xCA,0x00,0x00,0x02,0x00,0x00,0x00F0,0x02D1,0x0420,0x00,0x47,0x00,200,10,200:4047:02B1:0420:00EF|201:4047:02B1:0421:00DF|202:4047:02C1:0422:00EF|203:4047:02C1:0423:00DF|204:4047:02C2:0427:00E7|205:4047:02D2:0428:00E7
round3_phase1,0xFD,2854,0x0002,0x0003,0x0000,0x01,0x002F,0x0000,0x0000,actor_2c8,7,0x10C488,0x01,0x68,0x00,0x00,0x02,0x00,0x02,0x00DE,0x02D1,0x02E8,0x00,0x4A,0x00,210,10,210:404A:02D1:02F6:00D4|211:404A:02C1:02F4:00D4|212:404A:02D1:02F5:00E4|213:404A:02BE:030C:00D4|214:404A:02AE:02E9:00D4|215:404A:02BE:030B:00E4|216:404A:02AE:030A:00E4|217:404A:02BE:0301:00C4
round3_phase1,0xFD,2854,0x0002,0x0003,0x0000,0x01,0x002F,0x0000,0x0000,actor_2c8,8,0x10C4C8,0x01,0x0B,0x00,0x00,0x0F,0x00,0x00,0x00B8,0x02D1,0x0A73,0x00,0x07,0x02,220,19,220:4000:02D1:0A76:00A7|221:4000:02C1:0A74:00A7|222:4000:02D1:0A75:00B7|223:4000:02C1:0A73:00B7
round3_phase1,0xFD,2854,0x0002,0x0003,0x0000,0x01,0x002F,0x0000,0x0000,actor_748,0,0x10C748,0x01,0xAC,0x00,0x00,0x01,0x03,0x00,0x008C,0x02BD,0x02E8,0x01,0x00,0x00,46,1,46:000A:02B5:0324:0087
round3_phase1,0xFD,2854,0x0002,0x0003,0x0000,0x01,0x002F,0x0000,0x0000,actor_748,1,0x10C788,0x01,0xAC,0x00,0x00,0x01,0x03,0x00,0x00C2,0x02BD,0x02E8,0x01,0x00,0x00,47,1,47:000A:02B5:0324:00BA
round3_phase1,0xFD,2856,0x0002,0x0003,0x0000,0x01,0x002F,0x0000,0x0000,actor_2c8,4,0x10C3C8,0x01,0x61,0x00,0x00,0x02,0x00,0x00,0x0138,0x02D1,0x02E8,0x00,0x4A,0x00,180,10,180:404A:02D1:02F6:012E|181:404A:02C1:02F4:012E|182:404A:02D1:02F5:013E|183:404A:02BE:02EC:012E|184:404A:02AE:02E9:012E|185:404A:02BE:02EB:013E|186:404A:02AE:02E8:013E|187:404A:02BE:02ED:011E|188:404A:02AE:02EA:011E
round3_phase1,0xFD,2856,0x0002,0x0003,0x0000,0x01,0x002F,0x0000,0x0000,actor_2c8,7,0x10C488,0x01,0x68,0x00,0x00,0x02,0x00,0x02,0x00DC,0x02D1,0x02E8,0x00,0x4A,0x00,210,10,210:404A:02D1:02F6:00D2|211:404A:02C1:02F4:00D2|212:404A:02D1:02F5:00E2|213:404A:02BE:030C:00D2|214:404A:02AE:02E9:00D2|215:404A:02BE:030B:00E2|216:404A:02AE:030A:00E2|217:404A:02BE:0301:00C2
round3_phase1,0xFD,2856,0x0002,0x0003,0x0000,0x01,0x002F,0x0000,0x0000,actor_748,0,0x10C748,0x01,0xAB,0x00,0x00,0x0F,0x03,0x00,0x0089,0x02BD,0x02E8,0x01,0x00,0x00,46,1,46:000A:02B5:0323:0084
round3_phase1,0xFD,2856,0x0002,0x0003,0x0000,0x01,0x002F,0x0000,0x0000,actor_748,1,0x10C788,0x01,0xAB,0x00,0x00,0x01,0x03,0x00,0x00BF,0x02BD,0x02E8,0x01,0x00,0x00,47,1,47:000A:02B5:0323:00B7
round3_phase1,0xFD,2858,0x0002,0x0003,0x0000,0x01,0x002F,0x0000,0x0000,actor_2c8,4,0x10C3C8,0x01,0x61,0x00,0x00,0x02,0x00,0x00,0x0136,0x02D1,0x02E8,0x00,0x4A,0x00,180,10,180:404A:02D1:02F6:012C|181:404A:02C1:02F4:012C|182:404A:02D1:02F5:013C|183:404A:02BE:02EC:012C|184:404A:02AE:02E9:012C|185:404A:02BE:02EB:013C|186:404A:02AE:02E8:013C|187:404A:02BE:02ED:011C|188:404A:02AE:02EA:011C
round3_phase1,0xFD,2858,0x0002,0x0003,0x0000,0x01,0x002F,0x0000,0x0000,actor_2c8,6,0x10C448,0x01,0xCA,0x00,0x00,0x02,0x00,0x00,0x00EC,0x02D1,0x0420,0x00,0x47,0x00,200,10,200:4047:02B1:0420:00ED|201:4047:02B1:0421:00DD|202:4047:02C1:0422:00ED|203:4047:02C1:0423:00DD|204:4047:02C2:0427:00E5|205:4047:02D2:0428:00E5
round3_phase1,0xFD,2858,0x0002,0x0003,0x0000,0x01,0x002F,0x0000,0x0000,actor_2c8,7,0x10C488,0x01,0x68,0x00,0x00,0x02,0x00,0x02,0x00DA,0x02D1,0x02E8,0x00,0x4A,0x00,210,10,210:404A:02D1:02F6:00D0|211:404A:02C1:02F4:00D0|212:404A:02D1:02F5:00E0|213:404A:02BE:030C:00D0|214:404A:02AE:02E9:00D0|215:404A:02BE:030B:00E0|216:404A:02AE:030A:00E0|217:404A:02BE:0301:00C0
round3_phase1,0xFD,2858,0x0002,0x0003,0x0000,0x01,0x002F,0x0000,0x0000,actor_2c8,8,0x10C4C8,0x01,0x0D,0x00,0x00,0x0F,0x00,0x00,0x00B8,0x02D1,0x0A73,0x00,0x07,0x02,220,19,220:4000:02D1:0A7A:00A7|221:4000:02C1:0A78:00A7|222:4000:02D1:0A79:00B7|223:4000:02C1:0A77:00B7
round3_phase1,0xFD,2858,0x0002,0x0003,0x0000,0x01,0x002F,0x0000,0x0000,actor_748,0,0x10C748,0x01,0x2B,0x00,0x00,0x0F,0x03,0x00,0x0089,0x02BD,0x019D,0x01,0x00,0x00,46,1,46:0004:02B5:01BB:0081
round3_phase1,0xFD,2858,0x0002,0x0003,0x0000,0x01,0x002F,0x0000,0x0000,actor_748,1,0x10C788,0x01,0xAA,0x00,0x00,0x01,0x03,0x00,0x00BC,0x02BD,0x02E8,0x01,0x00,0x00,47,1,47:000A:02B5:0322:00B4
round3_phase1,0xFD,2860,0x0002,0x0003,0x0000,0x01,0x002F,0x0000,0x0000,actor_2c8,4,0x10C3C8,0x01,0x62,0x00,0x00,0x02,0x00,0x00,0x0134,0x02D1,0x02E8,0x00,0x4A,0x00,180,10,180:404A:02D1:02F8:012E|181:404A:02C1:02F7:012E|182:404A:02BE:02EC:012A|183:404A:02AE:02E9:012A|184:404A:02BE:02EB:013A|185:404A:02AE:02E8:013A|186:404A:02BE:02ED:011A|187:404A:02AE:02EA:011A
round3_phase1,0xFD,2860,0x0002,0x0003,0x0000,0x01,0x002F,0x0000,0x0000,actor_2c8,6,0x10C448,0x01,0xCB,0x00,0x00,0x02,0x00,0x00,0x00EA,0x02D1,0x0420,0x00,0x47,0x00,200,10,200:4047:02B0:0420:00EB|201:4047:02B0:0421:00DB|202:4047:02C0:0422:00EB|203:4047:02C0:0423:00DB|204:4047:02C1:0429:00E3|205:4047:02D1:042A:00E3
round3_phase1,0xFD,2860,0x0002,0x0003,0x0000,0x01,0x002F,0x0000,0x0000,actor_2c8,7,0x10C488,0x01,0xB4,0x00,0x00,0x02,0x00,0x02,0x00D8,0x02D1,0x02E8,0x00,0x4A,0x00,210,10,210:404A:02D1:02F8:00D2|211:404A:02C1:02F7:00D2|212:404A:02BE:030C:00CE|213:404A:02AE:02E9:00CE|214:404A:02BE:030B:00DE|215:404A:02AE:030A:00DE|216:404A:02BE:0301:00BE
round3_phase1,0xFD,2860,0x0002,0x0003,0x0000,0x01,0x002F,0x0000,0x0000,actor_748,1,0x10C788,0x01,0xB1,0x00,0x00,0x01,0x03,0x00,0x00B9,0x02BD,0x02E8,0x01,0x00,0x00,47,1,47:000A:02B5:0329:00B1
round3_phase1,0xFD,2862,0x0002,0x0003,0x0000,0x01,0x002F,0x0000,0x0000,actor_2c8,4,0x10C3C8,0x01,0x62,0x00,0x00,0x02,0x00,0x00,0x0132,0x02D1,0x02E8,0x00,0x4A,0x00,180,10,180:404A:02D1:02F8:012C|181:404A:02C1:02F7:012C|182:404A:02BE:02EC:0128|183:404A:02AE:02E9:0128|184:404A:02BE:02EB:0138|185:404A:02AE:02E8:0138|186:404A:02BE:02ED:0118|187:404A:02AE:02EA:0118
round3_phase1,0xFD,2862,0x0002,0x0003,0x0000,0x01,0x002F,0x0000,0x0000,actor_2c8,6,0x10C448,0x01,0xCB,0x00,0x00,0x02,0x00,0x00,0x00E8,0x02D1,0x0420,0x00,0x47,0x00,200,10,200:4047:02B0:0420:00E9|201:4047:02B0:0421:00D9|202:4047:02C0:0422:00E9|203:4047:02C0:0423:00D9|204:4047:02C1:0429:00E1|205:4047:02D1:042A:00E1
round3_phase1,0xFD,2862,0x0002,0x0003,0x0000,0x01,0x002F,0x0000,0x0000,actor_2c8,8,0x10C4C8,0x01,0x0E,0x00,0x00,0x0F,0x00,0x00,0x00B8,0x02D1,0x0A73,0x00,0x07,0x02,220,19,220:4000:02D9:0A8C:009F|221:4000:02C9:0A89:009F|222:4000:02B9:0A86:009F|223:4000:02D9:0A8B:00AF|224:4000:02C9:0A88:00AF|225:4000:02B9:0A85:00AF|226:4000:02D9:0A8A:00BF|227:4000:02C9:0A87:00BF|228:4000:02B9:0A84:00BF
round3_phase1,0xFD,2862,0x0002,0x0003,0x0000,0x01,0x002F,0x0000,0x0000,actor_748,0,0x10C748,0x01,0x2D,0x00,0x00,0x0F,0x03,0x00,0x0089,0x02BD,0x019D,0x01,0x00,0x00,46,1,46:0004:02B5:01BD:0081
round3_phase1,0xFD,2862,0x0002,0x0003,0x0000,0x01,0x002F,0x0000,0x0000,actor_748,1,0x10C788,0x01,0xB0,0x00,0x00,0x01,0x03,0x00,0x00B6,0x02BD,0x02E8,0x01,0x00,0x00,47,1,47:000A:02B5:0328:00AE
round3_phase1,0xFD,2864,0x0002,0x0003,0x0000,0x01,0x002F,0x0000,0x0000,actor_2c8,4,0x10C3C8,0x01,0x62,0x00,0x00,0x02,0x00,0x00,0x0130,0x02D1,0x02E8,0x00,0x4A,0x00,180,10,180:404A:02D1:02F8:012A|181:404A:02C1:02F7:012A|182:404A:02BE:02EC:0126|183:404A:02AE:02E9:0126|184:404A:02BE:02EB:0136|185:404A:02AE:02E8:0136|186:404A:02BE:02ED:0116|187:404A:02AE:02EA:0116
round3_phase1,0xFD,2864,0x0002,0x0003,0x0000,0x01,0x002F,0x0000,0x0000,actor_2c8,6,0x10C448,0x01,0xCB,0x00,0x00,0x02,0x00,0x00,0x00E8,0x02D1,0x0420,0x00,0x47,0x00,200,10,200:4047:02B0:0420:00E7|201:4047:02B0:0421:00D7|202:4047:02C0:0422:00E7|203:4047:02C0:0423:00D7|204:4047:02C1:0429:00DF|205:4047:02D1:042A:00DF
round3_phase1,0xFD,2864,0x0002,0x0003,0x0000,0x01,0x002F,0x0000,0x0000,actor_2c8,7,0x10C488,0x01,0xB4,0x00,0x00,0x02,0x00,0x02,0x00D4,0x02D1,0x02E8,0x00,0x4A,0x00,210,10,210:404A:02D1:02F8:00D0|211:404A:02C1:02F7:00D0|212:404A:02BE:030C:00CC|213:404A:02AE:02E9:00CC|214:404A:02BE:030B:00DC|215:404A:02AE:030A:00DC|216:404A:02BE:0301:00BC
round3_phase1,0xFD,2864,0x0002,0x0003,0x0000,0x01,0x002F,0x0000,0x0000,actor_2c8,8,0x10C4C8,0x01,0x0F,0x00,0x00,0x0F,0x00,0x00,0x00B8,0x02D1,0x0A73,0x00,0x07,0x02,220,19,220:4000:02D9:0A8C:009F|221:4000:02C9:0A89:009F|222:4000:02B9:0A86:009F|223:4000:02D9:0A8B:00AF|224:4000:02C9:0A88:00AF|225:4000:02B9:0A85:00AF|226:4000:02D9:0A8A:00BF|227:4000:02C9:0A87:00BF|228:4000:02B9:0A84:00BF
round3_phase1,0xFD,2864,0x0002,0x0003,0x0000,0x01,0x002F,0x0000,0x0000,actor_748,1,0x10C788,0x01,0xAF,0x00,0x00,0x01,0x03,0x00,0x00B3,0x02BD,0x02E8,0x01,0x00,0x00,47,1,47:000A:02B5:0327:00AB
round3_phase1,0xFD,2866,0x0002,0x0003,0x0000,0x01,0x002F,0x0000,0x0000,actor_2c8,6,0x10C448,0x01,0xCB,0x00,0x00,0x02,0x00,0x00,0x00E6,0x02D1,0x0420,0x00,0x47,0x00,200,10,200:4047:02B0:0420:00E5|201:4047:02B0:0421:00D5|202:4047:02C0:0422:00E5|203:4047:02C0:0423:00D5|204:4047:02C1:0429:00DD|205:4047:02D1:042A:00DD
round3_phase1,0xFD,2866,0x0002,0x0003,0x0000,0x01,0x002F,0x0000,0x0000,actor_2c8,7,0x10C488,0x01,0xB4,0x00,0x00,0x02,0x00,0x02,0x00D2,0x02D1,0x02E8,0x00,0x4A,0x00,210,10,210:404A:02D1:02F8:00CE|211:404A:02C1:02F7:00CE|212:404A:02BE:030C:00CA|213:404A:02AE:02E9:00CA|214:404A:02BE:030B:00DA|215:404A:02AE:030A:00DA|216:404A:02BE:0301:00BA
round3_phase1,0xFD,2866,0x0002,0x0003,0x0000,0x01,0x002F,0x0000,0x0000,actor_2c8,8,0x10C4C8,0x01,0x0F,0x00,0x00,0x0F,0x00,0x00,0x00B8,0x02D1,0x0A73,0x00,0x07,0x02,220,19,220:4000:02D9:0A94:009F|221:4000:02C9:0A91:009F|222:4000:02B9:0A8F:009F|223:4000:02D9:0A93:00AF|224:4000:02B9:0A8E:00AF|225:4000:02D9:0A92:00BF|226:4000:02C9:0A90:00BF|227:4000:02B9:0A8D:00BF
round3_phase1,0xFD,2866,0x0002,0x0003,0x0000,0x01,0x002F,0x0000,0x0000,actor_748,0,0x10C748,0x01,0x2F,0x00,0x00,0x0F,0x03,0x00,0x0089,0x02BD,0x019D,0x01,0x00,0x00,46,1,46:0004:02B5:01BF:0081
round3_phase1,0xFD,2866,0x0002,0x0003,0x0000,0x01,0x002F,0x0000,0x0000,actor_748,1,0x10C788,0x01,0xAE,0x00,0x00,0x01,0x03,0x00,0x00B0,0x02BD,0x02E8,0x01,0x00,0x00,47,1,47:000A:02B5:0326:00A8
round3_phase1,0xFD,2868,0x0002,0x0003,0x0000,0x01,0x002F,0x0000,0x0000,actor_2c8,4,0x10C3C8,0x01,0x61,0x00,0x00,0x02,0x00,0x00,0x012C,0x02D1,0x02E8,0x00,0x4A,0x00,180,10,180:404A:02D1:02F6:0124|181:404A:02C1:02F4:0124|182:404A:02D1:02F5:0134|183:404A:02BE:02EC:0124|184:404A:02AE:02E9:0124|185:404A:02BE:02EB:0134|186:404A:02AE:02E8:0134|187:404A:02BE:02ED:0114|188:404A:02AE:02EA:0114
round3_phase1,0xFD,2868,0x0002,0x0003,0x0000,0x01,0x002F,0x0000,0x0000,actor_2c8,6,0x10C448,0x01,0xCC,0x00,0x00,0x02,0x00,0x00,0x00E4,0x02D1,0x0420,0x00,0x47,0x00,200,10,200:4047:02B1:0420:00E3|201:4047:02B1:0421:00D3|202:4047:02C1:0422:00E3|203:4047:02C1:0423:00D3|204:4047:02C2:0427:00DB|205:4047:02D2:0428:00DB
round3_phase1,0xFD,2868,0x0002,0x0003,0x0000,0x01,0x002F,0x0000,0x0000,actor_2c8,7,0x10C488,0x01,0x68,0x00,0x00,0x02,0x00,0x02,0x00D0,0x02D1,0x02E8,0x00,0x4A,0x00,210,10,210:404A:02D1:02F6:00C8|211:404A:02C1:02F4:00C8|212:404A:02D1:02F5:00D8|213:404A:02BE:030C:00C8|214:404A:02AE:02E9:00C8|215:404A:02BE:030B:00D8|216:404A:02AE:030A:00D8|217:404A:02BE:0301:00B8
round3_phase1,0xFD,2868,0x0002,0x0003,0x0000,0x01,0x002F,0x0000,0x0000,actor_2c8,8,0x10C4C8,0x01,0x10,0x00,0x00,0x0F,0x00,0x00,0x00B8,0x02D1,0x0A73,0x00,0x07,0x02,220,19,220:4000:02D9:0A9D:009F|221:4000:02C9:0A9A:009F|222:4000:02B9:0A97:009F|223:4000:02D9:0A9C:00AF|224:4000:02C9:0A99:00AF|225:4000:02B9:0A96:00AF|226:4000:02D9:0A9B:00BF|227:4000:02C9:0A98:00BF|228:4000:02B9:0A95:00BF
round3_phase1,0xFD,2868,0x0002,0x0003,0x0000,0x01,0x002F,0x0000,0x0000,actor_748,1,0x10C788,0x01,0xAD,0x00,0x00,0x01,0x03,0x00,0x00AD,0x02BD,0x02E8,0x01,0x00,0x00,47,1,47:000A:02B5:0325:00A5
round3_phase1,0xFD,2870,0x0002,0x0003,0x0000,0x01,0x002F,0x0000,0x0000,actor_2c8,4,0x10C3C8,0x01,0x61,0x00,0x00,0x02,0x00,0x00,0x012A,0x02D1,0x02E8,0x00,0x4A,0x00,180,10,180:404A:02D1:02F6:0122|181:404A:02C1:02F4:0122|182:404A:02D1:02F5:0132|183:404A:02BE:02EC:0122|184:404A:02AE:02E9:0122|185:404A:02BE:02EB:0132|186:404A:02AE:02E8:0132|187:404A:02BE:02ED:0112|188:404A:02AE:02EA:0112
round3_phase1,0xFD,2870,0x0002,0x0003,0x0000,0x01,0x002F,0x0000,0x0000,actor_2c8,6,0x10C448,0x01,0xCC,0x00,0x00,0x02,0x00,0x00,0x00E2,0x02D1,0x0420,0x00,0x47,0x00,200,10,200:4047:02B1:0420:00E1|201:4047:02B1:0421:00D1|202:4047:02C1:0422:00E1|203:4047:02C1:0423:00D1|204:4047:02C2:0427:00D9|205:4047:02D2:0428:00D9
round3_phase1,0xFD,2870,0x0002,0x0003,0x0000,0x01,0x002F,0x0000,0x0000,actor_2c8,7,0x10C488,0x01,0x68,0x00,0x00,0x02,0x00,0x02,0x00D0,0x02D1,0x02E8,0x00,0x4A,0x00,210,10,210:404A:02D1:02F6:00C6|211:404A:02C1:02F4:00C6|212:404A:02D1:02F5:00D6|213:404A:02BE:030C:00C6|214:404A:02AE:02E9:00C6|215:404A:02BE:030B:00D6|216:404A:02AE:030A:00D6|217:404A:02BE:0301:00B6
round3_phase1,0xFD,2870,0x0002,0x0003,0x0000,0x01,0x002F,0x0000,0x0000,actor_2c8,8,0x10C4C8,0x01,0x11,0x00,0x00,0x0F,0x00,0x00,0x00B8,0x02D1,0x0A73,0x00,0x07,0x02,220,19,220:4000:02D9:0A9D:009F|221:4000:02C9:0A9A:009F|222:4000:02B9:0A97:009F|223:4000:02D9:0A9C:00AF|224:4000:02C9:0A99:00AF|225:4000:02B9:0A96:00AF|226:4000:02D9:0A9B:00BF|227:4000:02C9:0A98:00BF|228:4000:02B9:0A95:00BF
round3_phase1,0xFD,2870,0x0002,0x0003,0x0000,0x01,0x002F,0x0000,0x0000,actor_748,1,0x10C788,0x01,0xAC,0x00,0x00,0x01,0x03,0x00,0x00AA,0x02BD,0x02E8,0x01,0x00,0x00,47,1,47:000A:02B5:0324:00A2
round3_phase1,0xFD,2872,0x0002,0x0003,0x0000,0x01,0x002F,0x0000,0x0000,actor_2c8,4,0x10C3C8,0x01,0x61,0x00,0x00,0x02,0x00,0x00,0x0128,0x02D1,0x02E8,0x00,0x4A,0x00,180,10,180:404A:02D1:02F6:0120|181:404A:02C1:02F4:0120|182:404A:02D1:02F5:0130|183:404A:02BE:02EC:0120|184:404A:02AE:02E9:0120|185:404A:02BE:02EB:0130|186:404A:02AE:02E8:0130|187:404A:02BE:02ED:0110|188:404A:02AE:02EA:0110
round3_phase1,0xFD,2872,0x0002,0x0003,0x0000,0x01,0x002F,0x0000,0x0000,actor_2c8,6,0x10C448,0x01,0xCC,0x00,0x00,0x02,0x00,0x00,0x00E0,0x02D1,0x0420,0x00,0x47,0x00,200,10,200:4047:02B1:0420:00DF|201:4047:02B1:0421:00CF|202:4047:02C1:0422:00DF|203:4047:02C1:0423:00CF|204:4047:02C2:0427:00D7|205:4047:02D2:0428:00D7
round3_phase1,0xFD,2872,0x0002,0x0003,0x0000,0x01,0x002F,0x0000,0x0000,actor_2c8,7,0x10C488,0x01,0x68,0x00,0x00,0x02,0x00,0x02,0x00CE,0x02D1,0x02E8,0x00,0x4A,0x00,210,10,210:404A:02D1:02F6:00C4|211:404A:02C1:02F4:00C4|212:404A:02D1:02F5:00D4|213:404A:02BE:030C:00C4|214:404A:02AE:02E9:00C4|215:404A:02BE:030B:00D4|216:404A:02AE:030A:00D4|217:404A:02BE:0301:00B4
round3_phase1,0xFD,2872,0x0002,0x0003,0x0000,0x01,0x002F,0x0000,0x0000,actor_2c8,8,0x10C4C8,0x01,0x11,0x00,0x00,0x0F,0x00,0x00,0x00B8,0x02D1,0x0A73,0x00,0x07,0x02,220,19,220:4000:02D1:0AA1:00A7|221:4000:02C1:0A9F:00A7|222:4000:02D1:0AA0:00B7|223:4000:02C1:0A9E:00B7
round3_phase1,0xFD,2872,0x0002,0x0003,0x0000,0x01,0x002F,0x0000,0x0000,actor_748,1,0x10C788,0x01,0xAB,0x00,0x00,0x01,0x03,0x00,0x00A7,0x02BD,0x02E8,0x01,0x00,0x00,47,1,47:000A:02B5:0323:009F
round3_phase1,0xFD,2874,0x0002,0x0003,0x0000,0x01,0x002F,0x0000,0x0000,actor_2c8,4,0x10C3C8,0x01,0x61,0x00,0x00,0x02,0x00,0x00,0x0128,0x02D1,0x02E8,0x00,0x4A,0x00,180,10,180:404A:02D1:02F6:011E|181:404A:02C1:02F4:011E|182:404A:02D1:02F5:012E|183:404A:02BE:02EC:011E|184:404A:02AE:02E9:011E|185:404A:02BE:02EB:012E|186:404A:02AE:02E8:012E|187:404A:02BE:02ED:010E|188:404A:02AE:02EA:010E
round3_phase1,0xFD,2874,0x0002,0x0003,0x0000,0x01,0x002F,0x0000,0x0000,actor_2c8,7,0x10C488,0x01,0x68,0x00,0x00,0x02,0x00,0x02,0x00CC,0x02D1,0x02E8,0x00,0x4A,0x00,210,10,210:404A:02D1:02F6:00C2|211:404A:02C1:02F4:00C2|212:404A:02D1:02F5:00D2|213:404A:02BE:030C:00C2|214:404A:02AE:02E9:00C2|215:404A:02BE:030B:00D2|216:404A:02AE:030A:00D2|217:404A:02BE:0301:00B2
round3_phase1,0xFD,2874,0x0002,0x0003,0x0000,0x01,0x002F,0x0000,0x0000,actor_2c8,8,0x10C4C8,0x01,0x12,0x00,0x00,0x0F,0x00,0x00,0x00B8,0x02D1,0x0A73,0x00,0x07,0x02,220,19,220:4000:02C9:0AA2:00AF
round3_phase1,0xFD,2874,0x0002,0x0003,0x0000,0x01,0x002F,0x0000,0x0000,actor_748,1,0x10C788,0x01,0xAA,0x00,0x00,0x0F,0x03,0x00,0x00A4,0x02BD,0x02E8,0x01,0x00,0x00,47,1,47:000A:02B5:0322:009C
round3_phase1,0xFD,2876,0x0002,0x0003,0x0000,0x01,0x002F,0x0000,0x0000,actor_2c8,4,0x10C3C8,0x01,0x60,0x00,0x00,0x02,0x00,0x00,0x0126,0x02D1,0x02E8,0x00,0x4A,0x00,180,10,180:404A:02D1:02F3:0123|181:404A:02C1:02F2:0123|182:404A:02BE:02EC:011C|183:404A:02AE:02E9:011C|184:404A:02BE:02EB:012C|185:404A:02AE:02E8:012C|186:404A:02BE:02ED:010C|187:404A:02AE:02EA:010C
round3_phase1,0xFD,2876,0x0002,0x0003,0x0000,0x01,0x002F,0x0000,0x0000,actor_2c8,6,0x10C448,0x01,0xC9,0x00,0x00,0x02,0x00,0x00,0x00DC,0x02D1,0x0420,0x00,0x47,0x00,200,10,200:4047:02B0:0420:00DD|201:4047:02B0:0421:00CD|202:4047:02C0:0422:00DD|203:4047:02C0:0423:00CD|204:4047:02C1:0424:00D5|205:4047:02D1:0425:00DD|206:4047:02D1:0426:00CD
round3_phase1,0xFD,2876,0x0002,0x0003,0x0000,0x01,0x002F,0x0000,0x0000,actor_2c8,7,0x10C488,0x01,0xB3,0x00,0x00,0x02,0x00,0x02,0x00CA,0x02D1,0x02E8,0x00,0x4A,0x00,210,10,210:404A:02D1:02F3:00C7|211:404A:02C1:02F2:00C7|212:404A:02BE:030C:00C0|213:404A:02AE:02E9:00C0|214:404A:02BE:030B:00D0|215:404A:02AE:030A:00D0|216:404A:02BE:0301:00B0
round3_phase1,0xFD,2876,0x0002,0x0003,0x0000,0x01,0x002F,0x0000,0x0000,actor_748,1,0x10C788,0x01,0x2B,0x00,0x00,0x0F,0x03,0x00,0x00A4,0x02BD,0x019D,0x01,0x00,0x00,47,1,47:0004:02B5:01BB:009C
round3_phase1,0xFD,2878,0x0002,0x0003,0x0000,0x01,0x002F,0x0000,0x0000,actor_2c8,4,0x10C3C8,0x01,0x60,0x00,0x00,0x02,0x00,0x00,0x0124,0x02D1,0x02E8,0x00,0x4A,0x00,180,10,180:404A:02D1:02F3:0121|181:404A:02C1:02F2:0121|182:404A:02BE:02EC:011A|183:404A:02AE:02E9:011A|184:404A:02BE:02EB:012A|185:404A:02AE:02E8:012A|186:404A:02BE:02ED:010A|187:404A:02AE:02EA:010A
round3_phase1,0xFD,2878,0x0002,0x0003,0x0000,0x01,0x002F,0x0000,0x0000,actor_2c8,6,0x10C448,0x01,0xC9,0x00,0x00,0x02,0x00,0x00,0x00DA,0x02D1,0x0420,0x00,0x47,0x00,200,10,200:4047:02B0:0420:00DB|201:4047:02B0:0421:00CB|202:4047:02C0:0422:00DB|203:4047:02C0:0423:00CB|204:4047:02C1:0424:00D3|205:4047:02D1:0425:00DB|206:4047:02D1:0426:00CB
round3_phase1,0xFD,2878,0x0002,0x0003,0x0000,0x01,0x002F,0x0000,0x0000,actor_2c8,7,0x10C488,0x01,0xB3,0x00,0x00,0x02,0x00,0x02,0x00C8,0x02D1,0x02E8,0x00,0x4A,0x00,210,10,210:404A:02D1:02F3:00C5|211:404A:02C1:02F2:00C5|212:404A:02BE:030C:00BE|213:404A:02AE:02E9:00BE|214:404A:02BE:030B:00CE|215:404A:02AE:030A:00CE|216:404A:02BE:0301:00AE
round3_phase1,0xFD,2880,0x0002,0x0003,0x0000,0x01,0x002F,0x0000,0x0000,actor_2c8,4,0x10C3C8,0x01,0x60,0x00,0x00,0x02,0x00,0x00,0x0120,0x02D1,0x02E8,0x00,0x4A,0x00,180,10,180:404A:02D1:02F3:011E|181:404A:02C1:02F2:011E|182:404A:02BE:02EC:0117|183:404A:02AE:02E9:0117|184:404A:02BE:02EB:0127|185:404A:02AE:02E8:0127|186:404A:02BE:02ED:0107|187:404A:02AE:02EA:0107
round3_phase1,0xFD,2880,0x0002,0x0003,0x0000,0x01,0x002F,0x0000,0x0000,actor_2c8,6,0x10C448,0x01,0xC9,0x00,0x00,0x02,0x00,0x00,0x00D6,0x02D1,0x0420,0x00,0x47,0x00,200,10,200:4047:02B0:0420:00D8|201:4047:02B0:0421:00C8|202:4047:02C0:0422:00D8|203:4047:02C0:0423:00C8|204:4047:02C1:0424:00D0|205:4047:02D1:0425:00D8|206:4047:02D1:0426:00C8
round3_phase1,0xFD,2880,0x0002,0x0003,0x0000,0x01,0x002F,0x0000,0x0000,actor_2c8,7,0x10C488,0x01,0xB3,0x01,0x00,0x01,0x00,0x02,0x00C8,0x02D1,0x02E8,0x01,0x4A,0x00,210,10,210:404A:02D1:02F3:00C4|211:404A:02C1:02F2:00C4|212:404A:02BE:030C:00BD|213:404A:02AE:02E9:00BD|214:404A:02BE:030B:00CD|215:404A:02AE:030A:00CD|216:404A:02BE:0301:00AD
round3_phase1,0xFD,2880,0x0002,0x0003,0x0000,0x01,0x002F,0x0000,0x0000,actor_748,1,0x10C788,0x01,0x2D,0x00,0x00,0x0F,0x03,0x00,0x00A2,0x02BD,0x019D,0x01,0x00,0x00,47,1,47:0004:02B5:01BD:009B
round3_phase1,0xFD,2882,0x0002,0x0003,0x0000,0x01,0x002F,0x0000,0x0000,actor_2c8,4,0x10C3C8,0x01,0x60,0x00,0x00,0x02,0x00,0x00,0x011C,0x02D1,0x02E8,0x00,0x4A,0x00,180,10,180:404A:02D1:02F3:011A|181:404A:02C1:02F2:011A|182:404A:02BE:02EC:0113|183:404A:02AE:02E9:0113|184:404A:02BE:02EB:0123|185:404A:02AE:02E8:0123|186:404A:02BE:02ED:0103|187:404A:02AE:02EA:0103
round3_phase1,0xFD,2882,0x0002,0x0003,0x0000,0x01,0x002F,0x0000,0x0000,actor_2c8,6,0x10C448,0x01,0xC9,0x00,0x00,0x02,0x00,0x00,0x00D4,0x02D1,0x0420,0x00,0x47,0x00,200,10,200:4047:02B0:0420:00D4|201:4047:02B0:0421:00C4|202:4047:02C0:0422:00D4|203:4047:02C0:0423:00C4|204:4047:02C1:0424:00CC|205:4047:02D1:0425:00D4|206:4047:02D1:0426:00C4
round3_phase1,0xFD,2882,0x0002,0x0003,0x0000,0x01,0x002F,0x0000,0x0000,actor_748,1,0x10C788,0x01,0x2D,0x00,0x00,0x0F,0x03,0x00,0x00A0,0x02BD,0x019D,0x01,0x00,0x00,47,1,47:0004:02B5:01BD:0099
round3_phase1,0xFD,2884,0x0002,0x0003,0x0000,0x01,0x002F,0x0000,0x0000,actor_2c8,4,0x10C3C8,0x01,0x61,0x00,0x00,0x02,0x00,0x00,0x0118,0x02D1,0x02E8,0x00,0x4A,0x00,180,10,180:404A:02D1:02F6:0111|181:404A:02C1:02F4:0111|182:404A:02D1:02F5:0121|183:404A:02BE:02EC:0111|184:404A:02AE:02E9:0111|185:404A:02BE:02EB:0121|186:404A:02AE:02E8:0121|187:404A:02BE:02ED:0101|188:404A:02AE:02EA:0101
round3_phase1,0xFD,2884,0x0002,0x0003,0x0000,0x01,0x002F,0x0000,0x0000,actor_2c8,6,0x10C448,0x01,0xC9,0x00,0x00,0x1F,0x00,0x00,0x00D2,0x02D1,0x0420,0x00,0x47,0x00,200,10,200:4047:02B0:0420:00D2|201:4047:02B0:0421:00C2|202:4047:02C0:0422:00D2|203:4047:02C0:0423:00C2|204:4047:02C1:0424:00CA|205:4047:02D1:0425:00D2|206:4047:02D1:0426:00C2
round3_phase1,0xFD,2884,0x0002,0x0003,0x0000,0x01,0x002F,0x0000,0x0000,actor_2c8,7,0x10C488,0x01,0x68,0x01,0x00,0x01,0x00,0x02,0x00C8,0x02D1,0x02E8,0x01,0x4A,0x00,210,10,210:404A:02D1:02F6:00BD|211:404A:02C1:02F4:00BD|212:404A:02D1:02F5:00CD|213:404A:02BE:030C:00BD|214:404A:02AE:02E9:00BD|215:404A:02BE:030B:00CD|216:404A:02AE:030A:00CD|217:404A:02BE:0301:00AD
round3_phase1,0xFD,2884,0x0002,0x0003,0x0000,0x01,0x002F,0x0000,0x0000,actor_748,1,0x10C788,0x01,0x2F,0x00,0x00,0x0F,0x03,0x00,0x009E,0x02BD,0x019D,0x01,0x00,0x00,47,1,47:0004:02B5:01BF:0097
round3_phase1,0xFD,2886,0x0002,0x0003,0x0000,0x01,0x002F,0x0000,0x0000,actor_2c8,4,0x10C3C8,0x01,0x61,0x00,0x00,0x02,0x00,0x00,0x0114,0x02D1,0x02E8,0x00,0x4A,0x00,180,10,180:404A:02D1:02F6:010D|181:404A:02C1:02F4:010D|182:404A:02D1:02F5:011D|183:404A:02BE:02EC:010D|184:404A:02AE:02E9:010D|185:404A:02BE:02EB:011D|186:404A:02AE:02E8:011D|187:404A:02BE:02ED:00FD|188:404A:02AE:02EA:00FD
round3_phase1,0xFD,2886,0x0002,0x0003,0x0000,0x01,0x002F,0x0000,0x0000,actor_2c8,6,0x10C448,0x01,0xCD,0x00,0x00,0x1F,0x00,0x00,0x00D0,0x02D1,0x0420,0x00,0x47,0x00,200,10,200:4047:02B0:0420:00D0|201:4047:02B0:0421:00C0|202:4047:02C0:0422:00D0|203:4047:02C0:0423:00C0|204:4047:02C1:0424:00C8|205:4047:02D1:0425:00D0|206:4047:02D1:0426:00C0
round3_phase1,0xFD,2886,0x0002,0x0003,0x0000,0x01,0x002F,0x0000,0x0000,actor_748,1,0x10C788,0x01,0x2F,0x00,0x00,0x0F,0x03,0x00,0x009C,0x02BD,0x019D,0x01,0x00,0x00,47,1,47:0004:02B5:01BF:0095
round3_phase1,0xFD,2888,0x0002,0x0003,0x0000,0x01,0x002F,0x0000,0x0000,actor_2c8,4,0x10C3C8,0x01,0x61,0x00,0x00,0x02,0x00,0x00,0x0111,0x02D1,0x02E8,0x00,0x4A,0x00,180,10,180:404A:02D1:02F6:0109|181:404A:02C1:02F4:0109|182:404A:02D1:02F5:0119|183:404A:02BE:02EC:0109|184:404A:02AE:02E9:0109|185:404A:02BE:02EB:0119|186:404A:02AE:02E8:0119|187:404A:02BE:02ED:00F9|188:404A:02AE:02EA:00F9
round3_phase1,0xFD,2888,0x0002,0x0003,0x0000,0x01,0x002F,0x0000,0x0000,actor_2c8,6,0x10C448,0x01,0xCD,0x00,0x00,0x1F,0x00,0x00,0x00CF,0x02D1,0x0420,0x00,0x47,0x00,200,10,200:4047:02B0:042D:00CE|201:4047:02B0:042E:00BE|202:4047:02C0:042F:00CE|203:4047:02C0:0430:00BE|204:4047:02C1:0424:00C6|205:4047:02D1:0425:00CE|206:4047:02D1:0426:00BE
round3_phase1,0xFD,2890,0x0002,0x0003,0x0000,0x01,0x002F,0x0000,0x0000,actor_2c8,4,0x10C3C8,0x01,0x61,0x00,0x00,0x02,0x00,0x00,0x010F,0x02D1,0x02E8,0x00,0x4A,0x00,180,10,180:404A:02D1:02F6:0107|181:404A:02C1:02F4:0107|182:404A:02D1:02F5:0117|183:404A:02BE:02EC:0107|184:404A:02AE:02E9:0107|185:404A:02BE:02EB:0117|186:404A:02AE:02E8:0117|187:404A:02BE:02ED:00F7|188:404A:02AE:02EA:00F7
round3_phase1,0xFD,2890,0x0002,0x0003,0x0000,0x01,0x002F,0x0000,0x0000,actor_2c8,6,0x10C448,0x01,0xCE,0x00,0x00,0x1F,0x00,0x00,0x00CF,0x02D1,0x0420,0x00,0x47,0x00,200,10,200:4047:02B0:0431:00CE|201:4047:02B0:0432:00BE|202:4047:02C0:0433:00CE|203:4047:02C0:0434:00BE|204:4047:02C1:0424:00C6|205:4047:02D1:0425:00CE|206:4047:02D1:0426:00BE
round3_phase1,0xFD,2890,0x0002,0x0003,0x0000,0x01,0x002F,0x0000,0x0000,actor_2c8,7,0x10C488,0x01,0x68,0x01,0x00,0x01,0x00,0x02,0x00C9,0x02D1,0x02E8,0x01,0x4A,0x00,210,10,210:404A:02D1:02F6:00BF|211:404A:02C1:02F4:00BF|212:404A:02D1:02F5:00CF|213:404A:02BE:030C:00BF|214:404A:02AE:02E9:00BF|215:404A:02BE:030B:00CF|216:404A:02AE:030A:00CF|217:404A:02BE:0301:00AF
round3_phase1,0xFD,2892,0x0002,0x0003,0x0000,0x01,0x002F,0x0000,0x0000,actor_2c8,4,0x10C3C8,0x01,0x62,0x00,0x00,0x02,0x00,0x00,0x010F,0x02D1,0x02E8,0x00,0x4A,0x00,180,10,180:404A:02D1:02F8:0109|181:404A:02C1:02F7:0109|182:404A:02BE:02EC:0105|183:404A:02AE:02E9:0105|184:404A:02BE:02EB:0115|185:404A:02AE:02E8:0115|186:404A:02BE:02ED:00F5|187:404A:02AE:02EA:00F5
round3_phase1,0xFD,2892,0x0002,0x0003,0x0000,0x01,0x002F,0x0000,0x0000,actor_2c8,6,0x10C448,0x01,0xCF,0x00,0x00,0x1F,0x00,0x00,0x00CF,0x02D1,0x0420,0x00,0x47,0x00,200,10,200:4047:02B0:0431:00CE|201:4047:02B0:0432:00BE|202:4047:02C0:0433:00CE|203:4047:02C0:0434:00BE|204:4047:02C1:0424:00C6|205:4047:02D1:0425:00CE|206:4047:02D1:0426:00BE
round3_phase1,0xFD,2892,0x0002,0x0003,0x0000,0x01,0x002F,0x0000,0x0000,actor_2c8,7,0x10C488,0x01,0xB4,0x01,0x00,0x01,0x00,0x02,0x00CB,0x02D1,0x02E8,0x01,0x4A,0x00,210,10,210:404A:02D1:02F8:00C5|211:404A:02C1:02F7:00C5|212:404A:02BE:030C:00C1|213:404A:02AE:02E9:00C1|214:404A:02BE:030B:00D1|215:404A:02AE:030A:00D1|216:404A:02BE:0301:00B1
round3_phase1,0xFD,2894,0x0002,0x0003,0x0000,0x01,0x002F,0x0000,0x0000,actor_2c8,4,0x10C3C8,0x01,0x62,0x00,0x00,0x02,0x00,0x00,0x010D,0x02D1,0x02E8,0x00,0x4A,0x00,180,10,180:404A:02D1:02F8:0107|181:404A:02C1:02F7:0107|182:404A:02BE:02EC:0103|183:404A:02AE:02E9:0103|184:404A:02BE:02EB:0113|185:404A:02AE:02E8:0113|186:404A:02BE:02ED:00F3|187:404A:02AE:02EA:00F3
round3_phase1,0xFD,2894,0x0002,0x0003,0x0000,0x01,0x002F,0x0000,0x0000,actor_2c8,6,0x10C448,0x01,0xCF,0x00,0x00,0x1F,0x00,0x00,0x00CF,0x02D1,0x0420,0x00,0x47,0x00,200,10,200:4047:02B0:0435:00CE|201:4047:02B0:0436:00BE|202:4047:02B0:0437:00AE|203:4047:02C0:0438:00CE|204:4047:02C0:0439:00BE|205:4047:02C1:0424:00C6|206:4047:02D1:0425:00CE|207:4047:02D1:0426:00BE
round3_phase1,0xFD,2894,0x0002,0x0003,0x0000,0x01,0x002F,0x0000,0x0000,actor_2c8,7,0x10C488,0x01,0xB4,0x01,0x00,0x01,0x00,0x02,0x00CD,0x02D1,0x02E8,0x01,0x4A,0x00,210,10,210:404A:02D1:02F8:00C7|211:404A:02C1:02F7:00C7|212:404A:02BE:030C:00C3|213:404A:02AE:02E9:00C3|214:404A:02BE:030B:00D3|215:404A:02AE:030A:00D3|216:404A:02BE:0301:00B3
round3_phase1,0xFD,2896,0x0002,0x0003,0x0000,0x01,0x002F,0x0000,0x0000,actor_2c8,4,0x10C3C8,0x01,0x62,0x00,0x00,0x02,0x00,0x00,0x010B,0x02D1,0x02E8,0x00,0x4A,0x00,180,10,180:404A:02D1:02F8:0105|181:404A:02C1:02F7:0105|182:404A:02BE:02EC:0101|183:404A:02AE:02E9:0101|184:404A:02BE:02EB:0111|185:404A:02AE:02E8:0111|186:404A:02BE:02ED:00F1|187:404A:02AE:02EA:00F1
round3_phase1,0xFD,2896,0x0002,0x0003,0x0000,0x01,0x002F,0x0000,0x0000,actor_2c8,7,0x10C488,0x01,0xB4,0x01,0x00,0x01,0x00,0x02,0x00CF,0x02D1,0x02E8,0x01,0x4A,0x00,210,10,210:404A:02D1:02F8:00C9|211:404A:02C1:02F7:00C9|212:404A:02BE:030C:00C5|213:404A:02AE:02E9:00C5|214:404A:02BE:030B:00D5|215:404A:02AE:030A:00D5|216:404A:02BE:0301:00B5
round3_phase1,0xFD,2898,0x0002,0x0003,0x0000,0x01,0x002F,0x0000,0x0000,actor_2c8,4,0x10C3C8,0x01,0x62,0x00,0x00,0x02,0x00,0x00,0x0109,0x02D1,0x02E8,0x00,0x4A,0x00,180,10,180:404A:02D1:02F8:0103|181:404A:02C1:02F7:0103|182:404A:02BE:02EC:00FF|183:404A:02AE:02E9:00FF|184:404A:02BE:02EB:010F|185:404A:02AE:02E8:010F|186:404A:02BE:02ED:00EF|187:404A:02AE:02EA:00EF
round3_phase1,0xFD,2898,0x0002,0x0003,0x0000,0x01,0x002F,0x0000,0x0000,actor_2c8,6,0x10C448,0x01,0xC9,0x00,0x00,0x1F,0x00,0x00,0x00CF,0x02D1,0x0420,0x00,0x47,0x00,200,10,200:4047:02B0:0435:00CE|201:4047:02B0:0436:00BE|202:4047:02B0:0437:00AE|203:4047:02C0:0438:00CE|204:4047:02C0:0439:00BE|205:4047:02C1:0424:00C6|206:4047:02D1:0425:00CE|207:4047:02D1:0426:00BE
round3_phase1,0xFD,2900,0x0002,0x0003,0x0000,0x01,0x002F,0x0000,0x0000,actor_2c8,4,0x10C3C8,0x01,0x61,0x00,0x00,0x02,0x00,0x00,0x0107,0x02D1,0x02E8,0x00,0x4A,0x00,180,10,180:404A:02D1:02F6:00FD|181:404A:02C1:02F4:00FD|182:404A:02D1:02F5:010D|183:404A:02BE:02EC:00FD|184:404A:02AE:02E9:00FD|185:404A:02BE:02EB:010D|186:404A:02AE:02E8:010D|187:404A:02BE:02ED:00ED|188:404A:02AE:02EA:00ED
round3_phase1,0xFD,2900,0x0002,0x0003,0x0000,0x01,0x002F,0x0000,0x0000,actor_2c8,6,0x10C448,0x01,0xC9,0x00,0x00,0x1F,0x00,0x00,0x00CF,0x02D1,0x0420,0x00,0x47,0x00,200,10,200:4047:02B0:0420:00CE|201:4047:02B0:0421:00BE|202:4047:02C0:0422:00CE|203:4047:02C0:0423:00BE|204:4047:02C1:0424:00C6|205:4047:02D1:0425:00CE|206:4047:02D1:0426:00BE
round3_phase1,0xFD,2900,0x0002,0x0003,0x0000,0x01,0x002F,0x0000,0x0000,actor_2c8,7,0x10C488,0x01,0x68,0x01,0x00,0x01,0x00,0x02,0x00D3,0x02D1,0x02E8,0x01,0x4A,0x00,210,10,210:404A:02D1:02F6:00C7|211:404A:02C1:02F4:00C7|212:404A:02D1:02F5:00D7|213:404A:02BE:030C:00C7|214:404A:02AE:02E9:00C7|215:404A:02BE:030B:00D7|216:404A:02AE:030A:00D7|217:404A:02BE:0301:00B7
round3_phase1,0xFD,2902,0x0002,0x0003,0x0000,0x01,0x002F,0x0000,0x0000,actor_2c8,7,0x10C488,0x01,0x68,0x01,0x00,0x01,0x00,0x02,0x00D5,0x02D1,0x02E8,0x01,0x4A,0x00,210,10,210:404A:02D1:02F6:00C9|211:404A:02C1:02F4:00C9|212:404A:02D1:02F5:00D9|213:404A:02BE:030C:00C9|214:404A:02AE:02E9:00C9|215:404A:02BE:030B:00D9|216:404A:02AE:030A:00D9|217:404A:02BE:0301:00B9
round3_phase1,0xFD,2904,0x0002,0x0003,0x0000,0x01,0x002F,0x0000,0x0000,actor_2c8,4,0x10C3C8,0x01,0x61,0x00,0x00,0x02,0x00,0x00,0x0103,0x02D1,0x02E8,0x00,0x4A,0x00,180,10,180:404A:02D1:02F6:00FB|181:404A:02C1:02F4:00FB|182:404A:02D1:02F5:010B|183:404A:02BE:02EC:00FB|184:404A:02AE:02E9:00FB|185:404A:02BE:02EB:010B|186:404A:02AE:02E8:010B|187:404A:02BE:02ED:00EB|188:404A:02AE:02EA:00EB
round3_phase1,0xFD,2904,0x0002,0x0003,0x0000,0x01,0x002F,0x0000,0x0000,actor_2c8,7,0x10C488,0x01,0x68,0x01,0x00,0x01,0x00,0x02,0x00D7,0x02D1,0x02E8,0x01,0x4A,0x00,210,10,210:404A:02D1:02F6:00CB|211:404A:02C1:02F4:00CB|212:404A:02D1:02F5:00DB|213:404A:02BE:030C:00CB|214:404A:02AE:02E9:00CB|215:404A:02BE:030B:00DB|216:404A:02AE:030A:00DB|217:404A:02BE:0301:00BB
round3_phase1,0xFD,2906,0x0002,0x0003,0x0000,0x01,0x002F,0x0000,0x0000,actor_2c8,4,0x10C3C8,0x01,0x61,0x00,0x00,0x02,0x00,0x00,0x0101,0x02D1,0x02E8,0x00,0x4A,0x00,180,10,180:404A:02D1:02F6:00F9|181:404A:02C1:02F4:00F9|182:404A:02D1:02F5:0109|183:404A:02BE:02EC:00F9|184:404A:02AE:02E9:00F9|185:404A:02BE:02EB:0109|186:404A:02AE:02E8:0109|187:404A:02BE:02ED:00E9|188:404A:02AE:02EA:00E9
round3_phase1,0xFD,2906,0x0002,0x0003,0x0000,0x01,0x002F,0x0000,0x0000,actor_2c8,7,0x10C488,0x01,0x68,0x01,0x00,0x01,0x00,0x02,0x00D7,0x02D1,0x02E8,0x01,0x4A,0x00,210,10,210:404A:02D1:02F6:00CD|211:404A:02C1:02F4:00CD|212:404A:02D1:02F5:00DD|213:404A:02BE:030C:00CD|214:404A:02AE:02E9:00CD|215:404A:02BE:030B:00DD|216:404A:02AE:030A:00DD|217:404A:02BE:0301:00BD
round3_phase1,0xFD,2908,0x0002,0x0003,0x0000,0x01,0x002F,0x0000,0x0000,actor_2c8,4,0x10C3C8,0x01,0x60,0x00,0x00,0x02,0x00,0x00,0x00FF,0x02D1,0x02E8,0x00,0x4A,0x00,180,10,180:404A:02D1:02F3:00FE|181:404A:02C1:02F2:00FE|182:404A:02BE:02EC:00F7|183:404A:02AE:02E9:00F7|184:404A:02BE:02EB:0107|185:404A:02AE:02E8:0107|186:404A:02BE:02ED:00E7|187:404A:02AE:02EA:00E7
round3_phase1,0xFD,2908,0x0002,0x0003,0x0000,0x01,0x002F,0x0000,0x0000,actor_2c8,7,0x10C488,0x01,0xB3,0x01,0x00,0x01,0x00,0x02,0x00D9,0x02D1,0x02E8,0x01,0x4A,0x00,210,10,210:404A:02D1:02F3:00D6|211:404A:02C1:02F2:00D6|212:404A:02BE:030C:00CF|213:404A:02AE:02E9:00CF|214:404A:02BE:030B:00DF|215:404A:02AE:030A:00DF|216:404A:02BE:0301:00BF
round3_phase1,0xFD,2910,0x0002,0x0003,0x0000,0x01,0x002F,0x0000,0x0000,actor_2c8,4,0x10C3C8,0x01,0x60,0x00,0x00,0x02,0x00,0x00,0x00FF,0x02D1,0x02E8,0x00,0x4A,0x00,180,10,180:404A:02D1:02F3:00FC|181:404A:02C1:02F2:00FC|182:404A:02BE:02EC:00F5|183:404A:02AE:02E9:00F5|184:404A:02BE:02EB:0105|185:404A:02AE:02E8:0105|186:404A:02BE:02ED:00E5|187:404A:02AE:02EA:00E5
round3_phase1,0xFD,2910,0x0002,0x0003,0x0000,0x01,0x002F,0x0000,0x0000,actor_2c8,6,0x10C448,0x01,0xCE,0x00,0x00,0x1F,0x00,0x00,0x00CF,0x02D1,0x0420,0x00,0x47,0x00,200,10,200:4047:02B0:042D:00CE|201:4047:02B0:042E:00BE|202:4047:02C0:042F:00CE|203:4047:02C0:0430:00BE|204:4047:02C1:0424:00C6|205:4047:02D1:0425:00CE|206:4047:02D1:0426:00BE
round3_phase1,0xFD,2910,0x0002,0x0003,0x0000,0x01,0x002F,0x0000,0x0000,actor_2c8,7,0x10C488,0x01,0xB3,0x01,0x00,0x01,0x00,0x02,0x00DB,0x02D1,0x02E8,0x01,0x4A,0x00,210,10,210:404A:02D1:02F3:00D8|211:404A:02C1:02F2:00D8|212:404A:02BE:030C:00D1|213:404A:02AE:02E9:00D1|214:404A:02BE:030B:00E1|215:404A:02AE:030A:00E1|216:404A:02BE:0301:00C1
round3_phase1,0xFD,2912,0x0002,0x0003,0x0000,0x01,0x002F,0x0000,0x0000,actor_2c8,4,0x10C3C8,0x01,0x60,0x00,0x00,0x02,0x00,0x00,0x00FD,0x02D1,0x02E8,0x00,0x4A,0x00,180,10,180:404A:02D1:02F3:00FA|181:404A:02C1:02F2:00FA|182:404A:02BE:02EC:00F3|183:404A:02AE:02E9:00F3|184:404A:02BE:02EB:0103|185:404A:02AE:02E8:0103|186:404A:02BE:02ED:00E3|187:404A:02AE:02EA:00E3
round3_phase1,0xFD,2912,0x0002,0x0003,0x0000,0x01,0x002F,0x0000,0x0000,actor_2c8,7,0x10C488,0x01,0xB3,0x01,0x00,0x01,0x00,0x02,0x00DD,0x02D1,0x02E8,0x01,0x4A,0x00,210,10,210:404A:02D1:02F3:00DA|211:404A:02C1:02F2:00DA|212:404A:02BE:030C:00D3|213:404A:02AE:02E9:00D3|214:404A:02BE:030B:00E3|215:404A:02AE:030A:00E3|216:404A:02BE:0301:00C3
round3_phase1,0xFD,2914,0x0002,0x0003,0x0000,0x01,0x002F,0x0000,0x0000,actor_2c8,4,0x10C3C8,0x01,0x60,0x00,0x00,0x02,0x00,0x00,0x00FB,0x02D1,0x02E8,0x00,0x4A,0x00,180,10,180:404A:02D1:02F3:00F8|181:404A:02C1:02F2:00F8|182:404A:02BE:02EC:00F1|183:404A:02AE:02E9:00F1|184:404A:02BE:02EB:0101|185:404A:02AE:02E8:0101|186:404A:02BE:02ED:00E1|187:404A:02AE:02EA:00E1
round3_phase1,0xFD,2914,0x0002,0x0003,0x0000,0x01,0x002F,0x0000,0x0000,actor_2c8,7,0x10C488,0x01,0xB3,0x01,0x00,0x01,0x00,0x02,0x00DF,0x02D1,0x02E8,0x01,0x4A,0x00,210,10,210:404A:02D1:02F3:00DC|211:404A:02C1:02F2:00DC|212:404A:02BE:030C:00D5|213:404A:02AE:02E9:00D5|214:404A:02BE:030B:00E5|215:404A:02AE:030A:00E5|216:404A:02BE:0301:00C5
round3_phase1,0xFD,2916,0x0002,0x0003,0x0000,0x01,0x002F,0x0000,0x0000,actor_2c8,4,0x10C3C8,0x01,0x61,0x00,0x00,0x02,0x00,0x00,0x00F9,0x02D1,0x02E8,0x00,0x4A,0x00,180,10,180:404A:02D1:02F6:00EF|181:404A:02C1:02F4:00EF|182:404A:02D1:02F5:00FF|183:404A:02BE:02EC:00EF|184:404A:02AE:02E9:00EF|185:404A:02BE:02EB:00FF|186:404A:02AE:02E8:00FF|187:404A:02BE:02ED:00DF|188:404A:02AE:02EA:00DF
round3_phase1,0xFD,2916,0x0002,0x0003,0x0000,0x01,0x002F,0x0000,0x0000,actor_2c8,7,0x10C488,0x01,0x68,0x01,0x00,0x01,0x00,0x02,0x00E1,0x02D1,0x02E8,0x01,0x4A,0x00,210,10,210:404A:02D1:02F6:00D5|211:404A:02C1:02F4:00D5|212:404A:02D1:02F5:00E5|213:404A:02BE:030C:00D5|214:404A:02AE:02E9:00D5|215:404A:02BE:030B:00E5|216:404A:02AE:030A:00E5|217:404A:02BE:0301:00C5
round3_phase1,0xFD,2918,0x0002,0x0003,0x0000,0x01,0x002F,0x0000,0x0000,actor_2c8,4,0x10C3C8,0x01,0x61,0x00,0x00,0x02,0x00,0x00,0x00F7,0x02D1,0x02E8,0x00,0x4A,0x00,180,10,180:404A:02D1:02F6:00ED|181:404A:02C1:02F4:00ED|182:404A:02D1:02F5:00FD|183:404A:02BE:02EC:00ED|184:404A:02AE:02E9:00ED|185:404A:02BE:02EB:00FD|186:404A:02AE:02E8:00FD|187:404A:02BE:02ED:00DD|188:404A:02AE:02EA:00DD
round3_phase1,0xFD,2918,0x0002,0x0003,0x0000,0x01,0x002F,0x0000,0x0000,actor_2c8,7,0x10C488,0x01,0x68,0x01,0x00,0x01,0x00,0x02,0x00E3,0x02D1,0x02E8,0x01,0x4A,0x00,210,10,210:404A:02D1:02F6:00D7|211:404A:02C1:02F4:00D7|212:404A:02D1:02F5:00E7|213:404A:02BE:030C:00D7|214:404A:02AE:02E9:00D7|215:404A:02BE:030B:00E7|216:404A:02AE:030A:00E7|217:404A:02BE:0301:00C7
round3_phase1,0xFD,2920,0x0002,0x0003,0x0000,0x01,0x002F,0x0000,0x0000,actor_2c8,7,0x10C488,0x01,0x68,0x01,0x00,0x01,0x00,0x02,0x00E5,0x02D1,0x02E8,0x01,0x4A,0x00,210,10,210:404A:02D1:02F6:00D9|211:404A:02C1:02F4:00D9|212:404A:02D1:02F5:00E9|213:404A:02BE:030C:00D9|214:404A:02AE:02E9:00D9|215:404A:02BE:030B:00E9|216:404A:02AE:030A:00E9|217:404A:02BE:0301:00C9
round3_phase1,0xFD,2922,0x0002,0x0003,0x0000,0x01,0x002F,0x0000,0x0000,actor_2c8,4,0x10C3C8,0x01,0x61,0x00,0x00,0x02,0x00,0x00,0x00F3,0x02D1,0x02E8,0x00,0x4A,0x00,180,10,180:404A:02D1:02F6:00EB|181:404A:02C1:02F4:00EB|182:404A:02D1:02F5:00FB|183:404A:02BE:02EC:00EB|184:404A:02AE:02E9:00EB|185:404A:02BE:02EB:00FB|186:404A:02AE:02E8:00FB|187:404A:02BE:02ED:00DB|188:404A:02AE:02EA:00DB
round3_phase1,0xFD,2922,0x0002,0x0003,0x0000,0x01,0x002F,0x0000,0x0000,actor_2c8,7,0x10C488,0x01,0x68,0x01,0x00,0x01,0x00,0x02,0x00E7,0x02D1,0x02E8,0x01,0x4A,0x00,210,10,210:404A:02D1:02F6:00DB|211:404A:02C1:02F4:00DB|212:404A:02D1:02F5:00EB|213:404A:02BE:030C:00DB|214:404A:02AE:02E9:00DB|215:404A:02BE:030B:00EB|216:404A:02AE:030A:00EB|217:404A:02BE:0301:00CB
round3_phase1,0xFD,2924,0x0002,0x0003,0x0000,0x01,0x002F,0x0000,0x0000,actor_2c8,4,0x10C3C8,0x01,0x62,0x00,0x00,0x02,0x00,0x00,0x00F1,0x02D1,0x02E8,0x00,0x4A,0x00,180,10,180:404A:02D1:02F8:00ED|181:404A:02C1:02F7:00ED|182:404A:02BE:02EC:00E9|183:404A:02AE:02E9:00E9|184:404A:02BE:02EB:00F9|185:404A:02AE:02E8:00F9|186:404A:02BE:02ED:00D9|187:404A:02AE:02EA:00D9
round3_phase1,0xFD,2924,0x0002,0x0003,0x0000,0x01,0x002F,0x0000,0x0000,actor_2c8,7,0x10C488,0x01,0xB4,0x01,0x00,0x01,0x00,0x02,0x00E7,0x02D1,0x02E8,0x01,0x4A,0x00,210,10,210:404A:02D1:02F8:00E1|211:404A:02C1:02F7:00E1|212:404A:02BE:030C:00DD|213:404A:02AE:02E9:00DD|214:404A:02BE:030B:00ED|215:404A:02AE:030A:00ED|216:404A:02BE:0301:00CD
round3_phase1,0xFD,2926,0x0002,0x0003,0x0000,0x01,0x002F,0x0000,0x0000,actor_2c8,4,0x10C3C8,0x01,0x62,0x00,0x00,0x02,0x00,0x00,0x00EF,0x02D1,0x02E8,0x00,0x4A,0x00,180,10,180:404A:02D1:02F8:00EB|181:404A:02C1:02F7:00EB|182:404A:02BE:02EC:00E7|183:404A:02AE:02E9:00E7|184:404A:02BE:02EB:00F7|185:404A:02AE:02E8:00F7|186:404A:02BE:02ED:00D7|187:404A:02AE:02EA:00D7
round3_phase1,0xFD,2926,0x0002,0x0003,0x0000,0x01,0x002F,0x0000,0x0000,actor_2c8,7,0x10C488,0x01,0xB4,0x01,0x00,0x01,0x00,0x02,0x00E9,0x02D1,0x02E8,0x01,0x4A,0x00,210,10,210:404A:02D1:02F8:00E3|211:404A:02C1:02F7:00E3|212:404A:02BE:030C:00DF|213:404A:02AE:02E9:00DF|214:404A:02BE:030B:00EF|215:404A:02AE:030A:00EF|216:404A:02BE:0301:00CF
round3_phase1,0xFD,2928,0x0002,0x0003,0x0000,0x01,0x002F,0x0000,0x0000,actor_2c8,4,0x10C3C8,0x01,0x62,0x00,0x00,0x02,0x00,0x00,0x00EF,0x02D1,0x02E8,0x00,0x4A,0x00,180,10,180:404A:02D1:02F8:00E9|181:404A:02C1:02F7:00E9|182:404A:02BE:02EC:00E5|183:404A:02AE:02E9:00E5|184:404A:02BE:02EB:00F5|185:404A:02AE:02E8:00F5|186:404A:02BE:02ED:00D5|187:404A:02AE:02EA:00D5
round3_phase1,0xFD,2928,0x0002,0x0003,0x0000,0x01,0x002F,0x0000,0x0000,actor_2c8,6,0x10C448,0x01,0xCD,0x00,0x00,0x1F,0x00,0x00,0x00CF,0x02D1,0x0420,0x00,0x47,0x00,200,10,200:4047:02B0:0420:00CE|201:4047:02B0:0421:00BE|202:4047:02C0:0422:00CE|203:4047:02C0:0423:00BE|204:4047:02C1:0424:00C6|205:4047:02D1:0425:00CE|206:4047:02D1:0426:00BE
round3_phase1,0xFD,2928,0x0002,0x0003,0x0000,0x01,0x002F,0x0000,0x0000,actor_2c8,7,0x10C488,0x01,0xB4,0x01,0x00,0x01,0x00,0x02,0x00EB,0x02D1,0x02E8,0x01,0x4A,0x00,210,10,210:404A:02D1:02F8:00E5|211:404A:02C1:02F7:00E5|212:404A:02BE:030C:00E1|213:404A:02AE:02E9:00E1|214:404A:02BE:030B:00F1|215:404A:02AE:030A:00F1|216:404A:02BE:0301:00D1
round3_phase1,0xFD,2930,0x0002,0x0003,0x0000,0x01,0x002F,0x0000,0x0000,actor_2c8,4,0x10C3C8,0x01,0x62,0x00,0x00,0x02,0x00,0x00,0x00ED,0x02D1,0x02E8,0x00,0x4A,0x00,180,10,180:404A:02D1:02F8:00E7|181:404A:02C1:02F7:00E7|182:404A:02BE:02EC:00E3|183:404A:02AE:02E9:00E3|184:404A:02BE:02EB:00F3|185:404A:02AE:02E8:00F3|186:404A:02BE:02ED:00D3|187:404A:02AE:02EA:00D3
round3_phase1,0xFD,2930,0x0002,0x0003,0x0000,0x01,0x002F,0x0000,0x0000,actor_2c8,7,0x10C488,0x01,0xB4,0x01,0x00,0x01,0x00,0x02,0x00ED,0x02D1,0x02E8,0x01,0x4A,0x00,210,10,210:404A:02D1:02F8:00E7|211:404A:02C1:02F7:00E7|212:404A:02BE:030C:00E3|213:404A:02AE:02E9:00E3|214:404A:02BE:030B:00F3|215:404A:02AE:030A:00F3|216:404A:02BE:0301:00D3
round3_phase1,0xFD,2932,0x0002,0x0003,0x0000,0x01,0x002F,0x0000,0x0000,actor_2c8,4,0x10C3C8,0x01,0x61,0x00,0x00,0x02,0x00,0x00,0x00EA,0x02D1,0x02E8,0x00,0x4A,0x00,180,10,180:404A:02D1:02F6:00E1|181:404A:02C1:02F4:00E1|182:404A:02D1:02F5:00F1|183:404A:02BE:02EC:00E1|184:404A:02AE:02E9:00E1|185:404A:02BE:02EB:00F1|186:404A:02AE:02E8:00F1|187:404A:02BE:02ED:00D1|188:404A:02AE:02EA:00D1
round3_phase1,0xFD,2932,0x0002,0x0003,0x0000,0x01,0x002F,0x0000,0x0000,actor_2c8,7,0x10C488,0x01,0x68,0x01,0x00,0x01,0x00,0x02,0x00EE,0x02D1,0x02E8,0x01,0x4A,0x00,210,10,210:404A:02D1:02F6:00E5|211:404A:02C1:02F4:00E5|212:404A:02D1:02F5:00F5|213:404A:02BE:030C:00E5|214:404A:02AE:02E9:00E5|215:404A:02BE:030B:00F5|216:404A:02AE:030A:00F5|217:404A:02BE:0301:00D5
round3_phase1,0xFD,2934,0x0002,0x0003,0x0000,0x01,0x002F,0x0000,0x0000,actor_2c8,4,0x10C3C8,0x01,0x61,0x00,0x00,0x02,0x00,0x00,0x00E7,0x02D1,0x02E8,0x00,0x4A,0x00,180,10,180:404A:02D1:02F6:00DD|181:404A:02C1:02F4:00DD|182:404A:02D1:02F5:00ED|183:404A:02BE:02EC:00DD|184:404A:02AE:02E9:00DD|185:404A:02BE:02EB:00ED|186:404A:02AE:02E8:00ED|187:404A:02BE:02ED:00CD|188:404A:02AE:02EA:00CD
round3_phase1,0xFD,2934,0x0002,0x0003,0x0000,0x01,0x002F,0x0000,0x0000,actor_2c8,6,0x10C448,0x01,0xCF,0x00,0x00,0x1F,0x00,0x00,0x00CD,0x02D1,0x0420,0x00,0x47,0x00,200,10,200:4047:02B0:0431:00CC|201:4047:02B0:0432:00BC|202:4047:02C0:0433:00CC|203:4047:02C0:0434:00BC|204:4047:02C1:0424:00C4|205:4047:02D1:0425:00CC|206:4047:02D1:0426:00BC
round3_phase1,0xFD,2934,0x0002,0x0003,0x0000,0x01,0x002F,0x0000,0x0000,actor_2c8,7,0x10C488,0x01,0x68,0x00,0x00,0x02,0x00,0x02,0x00EB,0x02D1,0x02E8,0x00,0x4A,0x00,210,10,210:404A:02D1:02F6:00E3|211:404A:02C1:02F4:00E3|212:404A:02D1:02F5:00F3|213:404A:02BE:030C:00E3|214:404A:02AE:02E9:00E3|215:404A:02BE:030B:00F3|216:404A:02AE:030A:00F3|217:404A:02BE:0301:00D3
round3_phase1,0xFD,2936,0x0002,0x0003,0x0000,0x01,0x002F,0x0000,0x0000,actor_2c8,4,0x10C3C8,0x01,0x61,0x00,0x00,0x02,0x00,0x00,0x00E5,0x02D1,0x02E8,0x00,0x4A,0x00,180,10,180:404A:02D1:02F6:00DB|181:404A:02C1:02F4:00DB|182:404A:02D1:02F5:00EB|183:404A:02BE:02EC:00DB|184:404A:02AE:02E9:00DB|185:404A:02BE:02EB:00EB|186:404A:02AE:02E8:00EB|187:404A:02BE:02ED:00CB|188:404A:02AE:02EA:00CB
round3_phase1,0xFD,2936,0x0002,0x0003,0x0000,0x01,0x002F,0x0000,0x0000,actor_2c8,6,0x10C448,0x01,0xCF,0x00,0x00,0x1F,0x00,0x00,0x00CD,0x02D1,0x0420,0x00,0x47,0x00,200,10,200:4047:02B0:0435:00CC|201:4047:02B0:0436:00BC|202:4047:02B0:0437:00AC|203:4047:02C0:0438:00CC|204:4047:02C0:0439:00BC|205:4047:02C1:0424:00C4|206:4047:02D1:0425:00CC|207:4047:02D1:0426:00BC
round3_phase1,0xFD,2936,0x0002,0x0003,0x0000,0x01,0x002F,0x0000,0x0000,actor_2c8,7,0x10C488,0x01,0x68,0x00,0x00,0x02,0x00,0x02,0x00E9,0x02D1,0x02E8,0x00,0x4A,0x00,210,10,210:404A:02D1:02F6:00E1|211:404A:02C1:02F4:00E1|212:404A:02D1:02F5:00F1|213:404A:02BE:030C:00E1|214:404A:02AE:02E9:00E1|215:404A:02BE:030B:00F1|216:404A:02AE:030A:00F1|217:404A:02BE:0301:00D1
round3_phase1,0xFD,2938,0x0002,0x0003,0x0000,0x01,0x002F,0x0000,0x0000,actor_2c8,7,0x10C488,0x01,0x68,0x00,0x00,0x02,0x00,0x02,0x00E7,0x02D1,0x02E8,0x00,0x4A,0x00,210,10,210:404A:02D1:02F6:00DF|211:404A:02C1:02F4:00DF|212:404A:02D1:02F5:00EF|213:404A:02BE:030C:00DF|214:404A:02AE:02E9:00DF|215:404A:02BE:030B:00EF|216:404A:02AE:030A:00EF|217:404A:02BE:0301:00CF
round3_phase1,0xFD,2940,0x0002,0x0003,0x0000,0x01,0x002F,0x0000,0x0000,actor_2c8,4,0x10C3C8,0x01,0x60,0x00,0x00,0x02,0x00,0x00,0x00E1,0x02D1,0x02E8,0x00,0x4A,0x00,180,10,180:404A:02D1:02F3:00E0|181:404A:02C1:02F2:00E0|182:404A:02BE:02EC:00D9|183:404A:02AE:02E9:00D9|184:404A:02BE:02EB:00E9|185:404A:02AE:02E8:00E9|186:404A:02BE:02ED:00C9|187:404A:02AE:02EA:00C9
round3_phase1,0xFD,2940,0x0002,0x0003,0x0000,0x01,0x002F,0x0000,0x0000,actor_2c8,6,0x10C448,0x01,0xC9,0x00,0x00,0x1F,0x00,0x00,0x00CD,0x02D1,0x0420,0x00,0x47,0x00,200,10,200:4047:02B0:0435:00CC|201:4047:02B0:0436:00BC|202:4047:02B0:0437:00AC|203:4047:02C0:0438:00CC|204:4047:02C0:0439:00BC|205:4047:02C1:0424:00C4|206:4047:02D1:0425:00CC|207:4047:02D1:0426:00BC
round3_phase1,0xFD,2940,0x0002,0x0003,0x0000,0x01,0x002F,0x0000,0x0000,actor_2c8,7,0x10C488,0x01,0xB3,0x00,0x00,0x02,0x00,0x02,0x00E5,0x02D1,0x02E8,0x00,0x4A,0x00,210,10,210:404A:02D1:02F3:00E4|211:404A:02C1:02F2:00E4|212:404A:02BE:030C:00DD|213:404A:02AE:02E9:00DD|214:404A:02BE:030B:00ED|215:404A:02AE:030A:00ED|216:404A:02BE:0301:00CD
round3_phase1,0xFD,2942,0x0002,0x0003,0x0000,0x01,0x002F,0x0000,0x0000,actor_2c8,4,0x10C3C8,0x01,0x0D,0x00,0x00,0x0F,0x00,0x00,0x00E1,0x02D1,0x0A73,0x00,0x0A,0x02,180,10,180:404A:02D1:02F3:00DE|181:404A:02C1:02F2:00DE|182:404A:02BE:02EC:00D7|183:404A:02AE:02E9:00D7|184:404A:02BE:02EB:00E7|185:404A:02AE:02E8:00E7|186:404A:02BE:02ED:00C7|187:404A:02AE:02EA:00C7
round3_phase1,0xFD,2942,0x0002,0x0003,0x0000,0x01,0x002F,0x0000,0x0000,actor_2c8,6,0x10C448,0x01,0xC9,0x00,0x00,0x1F,0x00,0x00,0x00CD,0x02D1,0x0420,0x00,0x47,0x00,200,10,200:4047:02B0:0420:00CC|201:4047:02B0:0421:00BC|202:4047:02C0:0422:00CC|203:4047:02C0:0423:00BC|204:4047:02C1:0424:00C4|205:4047:02D1:0425:00CC|206:4047:02D1:0426:00BC
round3_phase1,0xFD,2942,0x0002,0x0003,0x0000,0x01,0x002F,0x0000,0x0000,actor_2c8,7,0x10C488,0x01,0xB3,0x00,0x00,0x02,0x00,0x02,0x00E5,0x02D1,0x02E8,0x00,0x4A,0x00,210,10,210:404A:02D1:02F3:00E2|211:404A:02C1:02F2:00E2|212:404A:02BE:030C:00DB|213:404A:02AE:02E9:00DB|214:404A:02BE:030B:00EB|215:404A:02AE:030A:00EB|216:404A:02BE:0301:00CB
round3_phase1,0xFD,2944,0x0002,0x0003,0x0000,0x01,0x002F,0x0000,0x0000,actor_2c8,4,0x10C3C8,0x01,0x0D,0x00,0x00,0x0F,0x00,0x00,0x00E1,0x02D1,0x0A73,0x00,0x0A,0x02,180,10,180:4000:02D9:0A83:00C8|181:4000:02C9:0A80:00C8|182:4000:02B9:0A7D:00C8|183:4000:02D9:0A82:00D8|184:4000:02C9:0A7F:00D8|185:4000:02B9:0A7C:00D8|186:4000:02D9:0A81:00E8|187:4000:02C9:0A7E:00E8|188:4000:02B9:0A7B:00E8
round3_phase1,0xFD,2944,0x0002,0x0003,0x0000,0x01,0x002F,0x0000,0x0000,actor_2c8,7,0x10C488,0x01,0x0D,0x00,0x00,0x0F,0x00,0x02,0x00E3,0x02D1,0x0A73,0x00,0x0A,0x02,210,10,210:404A:02D1:02F3:00E0|211:404A:02C1:02F2:00E0|212:404A:02BE:030C:00D9|213:404A:02AE:02E9:00D9|214:404A:02BE:030B:00E9|215:404A:02AE:030A:00E9|216:404A:02BE:0301:00C9
round3_phase1,0xFD,2946,0x0002,0x0003,0x0000,0x01,0x002F,0x0000,0x0000,actor_2c8,4,0x10C3C8,0x01,0x0C,0x00,0x00,0x0F,0x00,0x00,0x00E1,0x02D1,0x0A73,0x00,0x0A,0x02,180,10,180:4000:02D1:0A7A:00D0|181:4000:02C1:0A78:00D0|182:4000:02D1:0A79:00E0|183:4000:02C1:0A77:00E0
round3_phase1,0xFD,2946,0x0002,0x0003,0x0000,0x01,0x002F,0x0000,0x0000,actor_2c8,7,0x10C488,0x01,0x0D,0x00,0x00,0x0F,0x00,0x02,0x00E3,0x02D1,0x0A73,0x00,0x0A,0x02,210,10,210:4000:02D9:0A83:00CA|211:4000:02C9:0A80:00CA|212:4000:02B9:0A7D:00CA|213:4000:02D9:0A82:00DA|214:4000:02C9:0A7F:00DA|215:4000:02B9:0A7C:00DA|216:4000:02D9:0A81:00EA|217:4000:02C9:0A7E:00EA|218:4000:02B9:0A7B:00EA
round3_phase1,0xFD,2948,0x0002,0x0003,0x0000,0x01,0x002F,0x0000,0x0000,actor_2c8,4,0x10C3C8,0x01,0x0B,0x00,0x00,0x0F,0x00,0x00,0x00E1,0x02D1,0x0A73,0x00,0x0A,0x02,180,10,180:4000:02D1:0A7A:00D0|181:4000:02C1:0A78:00D0|182:4000:02D1:0A79:00E0|183:4000:02C1:0A77:00E0
round3_phase1,0xFD,2948,0x0002,0x0003,0x0000,0x01,0x002F,0x0000,0x0000,actor_2c8,6,0x10C448,0x01,0xCA,0x01,0x00,0x01,0x00,0x00,0x00D3,0x02D1,0x0420,0x01,0x47,0x00,200,10,200:4047:02B1:0420:00D0|201:4047:02B1:0421:00C0|202:4047:02C1:0422:00D0|203:4047:02C1:0423:00C0|204:4047:02C2:0427:00C8|205:4047:02D2:0428:00C8
round3_phase1,0xFD,2948,0x0002,0x0003,0x0000,0x01,0x002F,0x0000,0x0000,actor_2c8,7,0x10C488,0x01,0x0C,0x00,0x00,0x0F,0x00,0x02,0x00E3,0x02D1,0x0A73,0x00,0x0A,0x02,210,10,210:4000:02D1:0A7A:00D2|211:4000:02C1:0A78:00D2|212:4000:02D1:0A79:00E2|213:4000:02C1:0A77:00E2
round3_phase1,0xFD,2950,0x0002,0x0003,0x0000,0x01,0x002F,0x0000,0x0000,actor_2c8,4,0x10C3C8,0x01,0x0B,0x00,0x00,0x0F,0x00,0x00,0x00E0,0x02D1,0x0A73,0x00,0x0A,0x02,180,10,180:4000:02D1:0A76:00D0|181:4000:02C1:0A74:00D0|182:4000:02D1:0A75:00E0|183:4000:02C1:0A73:00E0
round3_phase1,0xFD,2950,0x0002,0x0003,0x0000,0x01,0x002F,0x0000,0x0000,actor_2c8,6,0x10C448,0x01,0xCA,0x01,0x00,0x01,0x00,0x00,0x00D4,0x02D1,0x0420,0x01,0x47,0x00,200,10,200:4047:02B1:0420:00D2|201:4047:02B1:0421:00C2|202:4047:02C1:0422:00D2|203:4047:02C1:0423:00C2|204:4047:02C2:0427:00CA|205:4047:02D2:0428:00CA
round3_phase1,0xFD,2950,0x0002,0x0003,0x0000,0x01,0x002F,0x0000,0x0000,actor_2c8,7,0x10C488,0x01,0x0B,0x00,0x00,0x0F,0x00,0x02,0x00E2,0x02D1,0x0A73,0x00,0x0A,0x02,210,10,210:4000:02D1:0A7A:00D2|211:4000:02C1:0A78:00D2|212:4000:02D1:0A79:00E2|213:4000:02C1:0A77:00E2
round3_phase1,0xFD,2952,0x0002,0x0003,0x0000,0x01,0x002F,0x0000,0x0000,actor_2c8,4,0x10C3C8,0x01,0x0C,0x00,0x00,0x0F,0x00,0x00,0x00DE,0x02D1,0x0A73,0x00,0x0A,0x02,180,10,180:4000:02D1:0A7A:00CE|181:4000:02C1:0A78:00CE|182:4000:02D1:0A79:00DE|183:4000:02C1:0A77:00DE
round3_phase1,0xFD,2952,0x0002,0x0003,0x0000,0x01,0x002F,0x0000,0x0000,actor_2c8,6,0x10C448,0x01,0xCA,0x01,0x00,0x01,0x00,0x00,0x00D6,0x02D1,0x0420,0x01,0x47,0x00,200,10,200:4047:02B1:0420:00D4|201:4047:02B1:0421:00C4|202:4047:02C1:0422:00D4|203:4047:02C1:0423:00C4|204:4047:02C2:0427:00CC|205:4047:02D2:0428:00CC
round3_phase1,0xFD,2952,0x0002,0x0003,0x0000,0x01,0x002F,0x0000,0x0000,actor_2c8,7,0x10C488,0x01,0x0B,0x00,0x00,0x0F,0x00,0x02,0x00E0,0x02D1,0x0A73,0x00,0x0A,0x02,210,10,210:4000:02D1:0A76:00D0|211:4000:02C1:0A74:00D0|212:4000:02D1:0A75:00E0|213:4000:02C1:0A73:00E0
round3_phase1,0xFD,2954,0x0002,0x0003,0x0000,0x01,0x002F,0x0000,0x0000,actor_2c8,4,0x10C3C8,0x01,0x0D,0x00,0x00,0x0F,0x00,0x00,0x00DC,0x02D1,0x0A73,0x00,0x0A,0x02,180,10,180:4000:02D1:0A7A:00CC|181:4000:02C1:0A78:00CC|182:4000:02D1:0A79:00DC|183:4000:02C1:0A77:00DC
round3_phase1,0xFD,2954,0x0002,0x0003,0x0000,0x01,0x002F,0x0000,0x0000,actor_2c8,6,0x10C448,0x01,0xCA,0x01,0x00,0x01,0x00,0x00,0x00D6,0x02D1,0x0420,0x01,0x47,0x00,200,10,200:4047:02B1:0420:00D6|201:4047:02B1:0421:00C6|202:4047:02C1:0422:00D6|203:4047:02C1:0423:00C6|204:4047:02C2:0427:00CE|205:4047:02D2:0428:00CE
round3_phase1,0xFD,2954,0x0002,0x0003,0x0000,0x01,0x002F,0x0000,0x0000,actor_2c8,7,0x10C488,0x01,0x0C,0x00,0x00,0x0F,0x00,0x02,0x00DE,0x02D1,0x0A73,0x00,0x0A,0x02,210,10,210:4000:02D1:0A7A:00CE|211:4000:02C1:0A78:00CE|212:4000:02D1:0A79:00DE|213:4000:02C1:0A77:00DE
round3_phase1,0xFD,2956,0x0002,0x0003,0x0000,0x01,0x002F,0x0000,0x0000,actor_2c8,4,0x10C3C8,0x01,0x0D,0x00,0x00,0x0F,0x00,0x00,0x00DA,0x02D1,0x0A73,0x00,0x0A,0x02,180,10,180:4000:02D9:0A83:00C2|181:4000:02C9:0A80:00C2|182:4000:02B9:0A7D:00C2|183:4000:02D9:0A82:00D2|184:4000:02C9:0A7F:00D2|185:4000:02B9:0A7C:00D2|186:4000:02D9:0A81:00E2|187:4000:02C9:0A7E:00E2|188:4000:02B9:0A7B:00E2
round3_phase1,0xFD,2956,0x0002,0x0003,0x0000,0x01,0x002F,0x0000,0x0000,actor_2c8,6,0x10C448,0x01,0xCB,0x01,0x00,0x01,0x00,0x00,0x00D8,0x02D1,0x0420,0x01,0x47,0x00,200,10,200:4047:02B0:0420:00D6|201:4047:02B0:0421:00C6|202:4047:02C0:0422:00D6|203:4047:02C0:0423:00C6|204:4047:02C1:0429:00CE|205:4047:02D1:042A:00CE
round3_phase1,0xFD,2956,0x0002,0x0003,0x0000,0x01,0x002F,0x0000,0x0000,actor_2c8,7,0x10C488,0x01,0x0D,0x00,0x00,0x0F,0x00,0x02,0x00DC,0x02D1,0x0A73,0x00,0x0A,0x02,210,10,210:4000:02D1:0A7A:00CC|211:4000:02C1:0A78:00CC|212:4000:02D1:0A79:00DC|213:4000:02C1:0A77:00DC
round3_phase1,0xFD,2958,0x0002,0x0003,0x0000,0x01,0x002F,0x0000,0x0000,actor_2c8,4,0x10C3C8,0x01,0x0E,0x00,0x00,0x0F,0x00,0x00,0x00D8,0x02D1,0x0A73,0x00,0x0A,0x02,180,10,180:4000:02D9:0A8C:00C0|181:4000:02C9:0A89:00C0|182:4000:02B9:0A86:00C0|183:4000:02D9:0A8B:00D0|184:4000:02C9:0A88:00D0|185:4000:02B9:0A85:00D0|186:4000:02D9:0A8A:00E0|187:4000:02C9:0A87:00E0|188:4000:02B9:0A84:00E0
round3_phase1,0xFD,2958,0x0002,0x0003,0x0000,0x01,0x002F,0x0000,0x0000,actor_2c8,6,0x10C448,0x01,0xCB,0x01,0x00,0x01,0x00,0x00,0x00DA,0x02D1,0x0420,0x01,0x47,0x00,200,10,200:4047:02B0:0420:00D8|201:4047:02B0:0421:00C8|202:4047:02C0:0422:00D8|203:4047:02C0:0423:00C8|204:4047:02C1:0429:00D0|205:4047:02D1:042A:00D0
round3_phase1,0xFD,2958,0x0002,0x0003,0x0000,0x01,0x002F,0x0000,0x0000,actor_2c8,7,0x10C488,0x01,0x0D,0x00,0x00,0x0F,0x00,0x02,0x00DA,0x02D1,0x0A73,0x00,0x0A,0x02,210,10,210:4000:02D9:0A83:00C2|211:4000:02C9:0A80:00C2|212:4000:02B9:0A7D:00C2|213:4000:02D9:0A82:00D2|214:4000:02C9:0A7F:00D2|215:4000:02B9:0A7C:00D2|216:4000:02D9:0A81:00E2|217:4000:02C9:0A7E:00E2|218:4000:02B9:0A7B:00E2
round3_phase1,0xFD,2960,0x0002,0x0003,0x0000,0x01,0x002F,0x0000,0x0000,actor_2c8,4,0x10C3C8,0x01,0x0F,0x00,0x00,0x0F,0x00,0x00,0x00D6,0x02D1,0x0A73,0x00,0x0A,0x02,180,10,180:4000:02D9:0A8C:00BE|181:4000:02C9:0A89:00BE|182:4000:02B9:0A86:00BE|183:4000:02D9:0A8B:00CE|184:4000:02C9:0A88:00CE|185:4000:02B9:0A85:00CE|186:4000:02D9:0A8A:00DE|187:4000:02C9:0A87:00DE|188:4000:02B9:0A84:00DE
round3_phase1,0xFD,2960,0x0002,0x0003,0x0000,0x01,0x002F,0x0000,0x0000,actor_2c8,7,0x10C488,0x01,0x0E,0x00,0x00,0x0F,0x00,0x02,0x00D8,0x02D1,0x0A73,0x00,0x0A,0x02,210,10,210:4000:02D9:0A8C:00C0|211:4000:02C9:0A89:00C0|212:4000:02B9:0A86:00C0|213:4000:02D9:0A8B:00D0|214:4000:02C9:0A88:00D0|215:4000:02B9:0A85:00D0|216:4000:02D9:0A8A:00E0|217:4000:02C9:0A87:00E0|218:4000:02B9:0A84:00E0
round3_phase1,0xFD,2962,0x0002,0x0003,0x0000,0x01,0x002F,0x0000,0x0000,actor_2c8,4,0x10C3C8,0x01,0x0F,0x00,0x00,0x0F,0x00,0x00,0x00D4,0x02D1,0x0A73,0x00,0x0A,0x02,180,10,180:4000:02D9:0A94:00BC|181:4000:02C9:0A91:00BC|182:4000:02B9:0A8F:00BC|183:4000:02D9:0A93:00CC|184:4000:02B9:0A8E:00CC|185:4000:02D9:0A92:00DC|186:4000:02C9:0A90:00DC|187:4000:02B9:0A8D:00DC
round3_phase1,0xFD,2962,0x0002,0x0003,0x0000,0x01,0x002F,0x0000,0x0000,actor_2c8,6,0x10C448,0x01,0xCB,0x01,0x00,0x01,0x00,0x00,0x00DC,0x02D1,0x0420,0x01,0x47,0x00,200,10,200:4047:02B0:0420:00DA|201:4047:02B0:0421:00CA|202:4047:02C0:0422:00DA|203:4047:02C0:0423:00CA|204:4047:02C1:0429:00D2|205:4047:02D1:042A:00D2
round3_phase1,0xFD,2962,0x0002,0x0003,0x0000,0x01,0x002F,0x0000,0x0000,actor_2c8,7,0x10C488,0x01,0x0F,0x00,0x00,0x0F,0x00,0x02,0x00D6,0x02D1,0x0A73,0x00,0x0A,0x02,210,10,210:4000:02D9:0A8C:00BE|211:4000:02C9:0A89:00BE|212:4000:02B9:0A86:00BE|213:4000:02D9:0A8B:00CE|214:4000:02C9:0A88:00CE|215:4000:02B9:0A85:00CE|216:4000:02D9:0A8A:00DE|217:4000:02C9:0A87:00DE|218:4000:02B9:0A84:00DE
round3_phase1,0xFD,2964,0x0002,0x0003,0x0000,0x01,0x002F,0x0000,0x0000,actor_2c8,4,0x10C3C8,0x01,0x10,0x00,0x00,0x0F,0x00,0x00,0x00D2,0x02D1,0x0A73,0x00,0x0A,0x02,180,10,180:4000:02D9:0A9D:00BA|181:4000:02C9:0A9A:00BA|182:4000:02B9:0A97:00BA|183:4000:02D9:0A9C:00CA|184:4000:02C9:0A99:00CA|185:4000:02B9:0A96:00CA|186:4000:02D9:0A9B:00DA|187:4000:02C9:0A98:00DA|188:4000:02B9:0A95:00DA
round3_phase1,0xFD,2964,0x0002,0x0003,0x0000,0x01,0x002F,0x0000,0x0000,actor_2c8,6,0x10C448,0x01,0xCC,0x01,0x00,0x01,0x00,0x00,0x00DC,0x02D1,0x0420,0x01,0x47,0x00,200,10,200:4047:02B1:0420:00DC|201:4047:02B1:0421:00CC|202:4047:02C1:0422:00DC|203:4047:02C1:0423:00CC|204:4047:02C2:0427:00D4|205:4047:02D2:0428:00D4
round3_phase1,0xFD,2964,0x0002,0x0003,0x0000,0x01,0x002F,0x0000,0x0000,actor_2c8,7,0x10C488,0x01,0x0F,0x00,0x00,0x0F,0x00,0x02,0x00D4,0x02D1,0x0A73,0x00,0x0A,0x02,210,10,210:4000:02D9:0A94:00BC|211:4000:02C9:0A91:00BC|212:4000:02B9:0A8F:00BC|213:4000:02D9:0A93:00CC|214:4000:02B9:0A8E:00CC|215:4000:02D9:0A92:00DC|216:4000:02C9:0A90:00DC|217:4000:02B9:0A8D:00DC
round3_phase1,0xFD,2966,0x0002,0x0003,0x0000,0x01,0x002F,0x0000,0x0000,actor_2c8,4,0x10C3C8,0x01,0x11,0x00,0x00,0x0F,0x00,0x00,0x00CE,0x02D1,0x0A73,0x00,0x0A,0x02,180,10,180:4000:02D9:0A9D:00B7|181:4000:02C9:0A9A:00B7|182:4000:02B9:0A97:00B7|183:4000:02D9:0A9C:00C7|184:4000:02C9:0A99:00C7|185:4000:02B9:0A96:00C7|186:4000:02D9:0A9B:00D7|187:4000:02C9:0A98:00D7|188:4000:02B9:0A95:00D7
round3_phase1,0xFD,2966,0x0002,0x0003,0x0000,0x01,0x002F,0x0000,0x0000,actor_2c8,6,0x10C448,0x01,0xCC,0x01,0x00,0x01,0x00,0x00,0x00DC,0x02D1,0x0420,0x01,0x47,0x00,200,10,200:4047:02B1:0420:00DB|201:4047:02B1:0421:00CB|202:4047:02C1:0422:00DB|203:4047:02C1:0423:00CB|204:4047:02C2:0427:00D3|205:4047:02D2:0428:00D3
round3_phase1,0xFD,2966,0x0002,0x0003,0x0000,0x01,0x002F,0x0000,0x0000,actor_2c8,7,0x10C488,0x01,0x10,0x00,0x00,0x0F,0x00,0x02,0x00D0,0x02D1,0x0A73,0x00,0x0A,0x02,210,10,210:4000:02D9:0A9D:00B9|211:4000:02C9:0A9A:00B9|212:4000:02B9:0A97:00B9|213:4000:02D9:0A9C:00C9|214:4000:02C9:0A99:00C9|215:4000:02B9:0A96:00C9|216:4000:02D9:0A9B:00D9|217:4000:02C9:0A98:00D9|218:4000:02B9:0A95:00D9
round3_phase1,0xFD,2968,0x0002,0x0003,0x0000,0x01,0x002F,0x0000,0x0000,actor_2c8,4,0x10C3C8,0x01,0x11,0x00,0x00,0x0F,0x00,0x00,0x00CA,0x02D1,0x0A73,0x00,0x0A,0x02,180,10,180:4000:02D1:0AA1:00BB|181:4000:02C1:0A9F:00BB|182:4000:02D1:0AA0:00CB|183:4000:02C1:0A9E:00CB
round3_phase1,0xFD,2968,0x0002,0x0003,0x0000,0x01,0x002F,0x0000,0x0000,actor_2c8,7,0x10C488,0x01,0x11,0x00,0x00,0x0F,0x00,0x02,0x00CC,0x02D1,0x0A73,0x00,0x0A,0x02,210,10,210:4000:02D9:0A9D:00B5|211:4000:02C9:0A9A:00B5|212:4000:02B9:0A97:00B5|213:4000:02D9:0A9C:00C5|214:4000:02C9:0A99:00C5|215:4000:02B9:0A96:00C5|216:4000:02D9:0A9B:00D5|217:4000:02C9:0A98:00D5|218:4000:02B9:0A95:00D5
round3_phase1,0xFD,2970,0x0002,0x0003,0x0000,0x01,0x002F,0x0000,0x0000,actor_2c8,4,0x10C3C8,0x01,0x12,0x00,0x00,0x0F,0x00,0x00,0x00C6,0x02D1,0x0A73,0x00,0x0A,0x02,180,10,180:4000:02C9:0AA2:00BF
round3_phase1,0xFD,2970,0x0002,0x0003,0x0000,0x01,0x002F,0x0000,0x0000,actor_2c8,6,0x10C448,0x01,0xC9,0x01,0x00,0x1F,0x00,0x00,0x00D8,0x02D1,0x0420,0x00,0x47,0x00,200,10,200:4047:02B1:0420:00D9|201:4047:02B1:0421:00C9|202:4047:02C1:0422:00D9|203:4047:02C1:0423:00C9|204:4047:02C2:0427:00D1|205:4047:02D2:0428:00D1
round3_phase1,0xFD,2970,0x0002,0x0003,0x0000,0x01,0x002F,0x0000,0x0000,actor_2c8,7,0x10C488,0x01,0x11,0x00,0x00,0x0F,0x00,0x02,0x00C8,0x02D1,0x0A73,0x00,0x0A,0x02,210,10,210:4000:02D1:0AA1:00B9|211:4000:02C1:0A9F:00B9|212:4000:02D1:0AA0:00C9|213:4000:02C1:0A9E:00C9
round3_phase1,0xFD,2972,0x0002,0x0003,0x0000,0x01,0x002F,0x0000,0x0000,actor_2c8,6,0x10C448,0x01,0xC9,0x01,0x00,0x1F,0x00,0x00,0x00D8,0x02D1,0x0420,0x00,0x47,0x00,200,10,200:0047:02B0:0420:00C8|201:0047:02B0:0421:00D8|202:0047:02C0:0422:00C8|203:0047:02C0:0423:00D8|204:0047:02C1:0424:00D0|205:0047:02D1:0425:00C8|206:0047:02D1:0426:00D8
round3_phase1,0xFD,2972,0x0002,0x0003,0x0000,0x01,0x002F,0x0000,0x0000,actor_2c8,7,0x10C488,0x01,0x12,0x00,0x00,0x0F,0x00,0x02,0x00C8,0x02D1,0x0A73,0x00,0x0A,0x02,210,10,210:4000:02C9:0AA2:00BF
round3_phase1,0xFD,2974,0x0002,0x0003,0x0000,0x01,0x002F,0x0000,0x0000,actor_2c8,6,0x10C448,0x01,0xCD,0x01,0x00,0x1F,0x00,0x00,0x00D8,0x02D1,0x0420,0x00,0x47,0x00,200,10,200:0047:02B0:042D:00C8|201:0047:02B0:042E:00D8|202:0047:02C0:042F:00C8|203:0047:02C0:0430:00D8|204:0047:02C1:0424:00D0|205:0047:02D1:0425:00C8|206:0047:02D1:0426:00D8
round3_phase1,0xFD,2976,0x0002,0x0003,0x0000,0x01,0x002F,0x0000,0x0000,actor_2c8,6,0x10C448,0x01,0xCE,0x01,0x00,0x1F,0x00,0x00,0x00D8,0x02D1,0x0420,0x00,0x47,0x00,200,10,200:0047:02B0:042D:00C8|201:0047:02B0:042E:00D8|202:0047:02C0:042F:00C8|203:0047:02C0:0430:00D8|204:0047:02C1:0424:00D0|205:0047:02D1:0425:00C8|206:0047:02D1:0426:00D8
round3_phase1,0xFD,2978,0x0002,0x0003,0x0000,0x01,0x002F,0x0000,0x0000,actor_2c8,6,0x10C448,0x01,0xCE,0x01,0x00,0x1F,0x00,0x00,0x00D8,0x02D1,0x0420,0x00,0x47,0x00,200,10,200:0047:02B0:0431:00C8|201:0047:02B0:0432:00D8|202:0047:02C0:0433:00C8|203:0047:02C0:0434:00D8|204:0047:02C1:0424:00D0|205:0047:02D1:0425:00C8|206:0047:02D1:0426:00D8
round3_phase1,0xFD,2980,0x0002,0x0003,0x0000,0x01,0x002F,0x0000,0x0000,actor_2c8,6,0x10C448,0x01,0xCF,0x01,0x00,0x1F,0x00,0x00,0x00D8,0x02D1,0x0420,0x00,0x47,0x00,200,10,200:0047:02B0:0435:00C8|201:0047:02B0:0436:00D8|202:0047:02B0:0437:00E8|203:0047:02C0:0438:00C8|204:0047:02C0:0439:00D8|205:0047:02C1:0424:00D0|206:0047:02D1:0425:00C8|207:0047:02D1:0426:00D8
round3_phase1,0xFD,2994,0x0002,0x0003,0x0000,0x01,0x002F,0x0000,0x0000,actor_2c8,6,0x10C448,0x01,0xCD,0x01,0x00,0x1F,0x00,0x00,0x00D8,0x02D1,0x0420,0x00,0x47,0x00,200,10,200:0047:02B0:0420:00C8|201:0047:02B0:0421:00D8|202:0047:02C0:0422:00C8|203:0047:02C0:0423:00D8|204:0047:02C1:0424:00D0|205:0047:02D1:0425:00C8|206:0047:02D1:0426:00D8
round3_phase1,0xFD,3000,0x0002,0x0003,0x0000,0x01,0x002F,0x0000,0x0000,actor_2c8,6,0x10C448,0x01,0xCF,0x01,0x00,0x1F,0x00,0x00,0x00D8,0x02D1,0x0420,0x00,0x47,0x00,200,10,200:0047:02B0:0431:00C8|201:0047:02B0:0432:00D8|202:0047:02C0:0433:00C8|203:0047:02C0:0434:00D8|204:0047:02C1:0424:00D0|205:0047:02D1:0425:00C8|206:0047:02D1:0426:00D8
round3_phase1,0xFD,3006,0x0002,0x0003,0x0000,0x01,0x002F,0x0000,0x0000,actor_2c8,6,0x10C448,0x01,0xC9,0x01,0x00,0x1F,0x00,0x00,0x00D8,0x02D1,0x0420,0x00,0x47,0x00,200,10,200:0047:02B0:0435:00C8|201:0047:02B0:0436:00D8|202:0047:02B0:0437:00E8|203:0047:02C0:0438:00C8|204:0047:02C0:0439:00D8|205:0047:02C1:0424:00D0|206:0047:02D1:0425:00C8|207:0047:02D1:0426:00D8
round3_phase1,0xFD,3030,0x0002,0x0003,0x0000,0x01,0x002F,0x0000,0x0000,actor_2c8,6,0x10C448,0x01,0xC9,0x01,0x00,0x1F,0x00,0x00,0x00D6,0x02D1,0x0420,0x00,0x47,0x00,200,10,200:0047:02B0:0420:00C7|201:0047:02B0:0421:00D7|202:0047:02C0:0422:00C7|203:0047:02C0:0423:00D7|204:0047:02C1:0424:00CF|205:0047:02D1:0425:00C7|206:0047:02D1:0426:00D7
round3_phase1,0xFD,3032,0x0002,0x0003,0x0000,0x01,0x002F,0x0000,0x0000,actor_2c8,6,0x10C448,0x01,0xCC,0x01,0x00,0x01,0x00,0x00,0x00D6,0x02D1,0x0420,0x01,0x47,0x00,200,10,200:4047:02B1:0420:00D6|201:4047:02B1:0421:00C6|202:4047:02C1:0422:00D6|203:4047:02C1:0423:00C6|204:4047:02C2:0427:00CE|205:4047:02D2:0428:00CE
round3_phase1,0xFD,3036,0x0002,0x0003,0x0000,0x01,0x002F,0x0000,0x0000,actor_2c8,6,0x10C448,0x01,0x0D,0x01,0x00,0x0F,0x00,0x00,0x00D6,0x02D1,0x0A73,0x00,0x07,0x02,200,10,200:4047:02B0:0420:00D6|201:4047:02B0:0421:00C6|202:4047:02C0:0422:00D6|203:4047:02C0:0423:00C6|204:4047:02C1:0424:00CE|205:4047:02D1:0425:00D6|206:4047:02D1:0426:00C6
round3_phase1,0xFD,3038,0x0002,0x0003,0x0000,0x01,0x002F,0x0000,0x0000,actor_2c8,6,0x10C448,0x01,0x0D,0x01,0x00,0x0F,0x00,0x00,0x00D4,0x02D1,0x0A73,0x00,0x07,0x02,200,10,200:0000:02D9:0A83:00DD|201:0000:02C9:0A80:00DD|202:0000:02B9:0A7D:00DD|203:0000:02D9:0A82:00CD|204:0000:02C9:0A7F:00CD|205:0000:02B9:0A7C:00CD|206:0000:02D9:0A81:00BD|207:0000:02C9:0A7E:00BD|208:0000:02B9:0A7B:00BD
round3_phase1,0xFD,3040,0x0002,0x0003,0x0000,0x01,0x002F,0x0000,0x0000,actor_2c8,6,0x10C448,0x01,0x0C,0x01,0x00,0x0F,0x00,0x00,0x00D2,0x02D1,0x0A73,0x00,0x07,0x02,200,10,200:0000:02D1:0A7A:00D3|201:0000:02C1:0A78:00D3|202:0000:02D1:0A79:00C3|203:0000:02C1:0A77:00C3
round3_phase1,0xFD,3042,0x0002,0x0003,0x0000,0x01,0x002F,0x0000,0x0000,actor_2c8,6,0x10C448,0x01,0x0B,0x01,0x00,0x0F,0x00,0x00,0x00D0,0x02D1,0x0A73,0x00,0x07,0x02,200,10,200:0000:02D1:0A7A:00D1|201:0000:02C1:0A78:00D1|202:0000:02D1:0A79:00C1|203:0000:02C1:0A77:00C1
round3_phase1,0xFD,3044,0x0002,0x0003,0x0000,0x01,0x002F,0x0000,0x0000,actor_2c8,6,0x10C448,0x01,0x0B,0x01,0x00,0x0F,0x00,0x00,0x00CD,0x02D1,0x0A73,0x00,0x07,0x02,200,10,200:0000:02D1:0A76:00CF|201:0000:02C1:0A74:00CF|202:0000:02D1:0A75:00BF|203:0000:02C1:0A73:00BF
round3_phase1,0xFD,3046,0x0002,0x0003,0x0000,0x01,0x002F,0x0000,0x0000,actor_2c8,5,0x10C408,0x01,0x61,0x01,0x00,0x01,0x00,0x00,0x01F7,0x02D1,0x02E8,0x00,0x4A,0x00,190,10,190:004A:02D1:02F6:01F2|191:004A:02C1:02F4:01F2|192:004A:02D1:02F5:01E2|193:004A:02BE:02EC:01F2|194:004A:02AE:02E9:01F2|195:004A:02BE:02EB:01E2|196:004A:02AE:02E8:01E2|197:004A:02BE:02ED:0202|198:004A:02AE:02EA:0202
round3_phase1,0xFD,3046,0x0002,0x0003,0x0000,0x01,0x002F,0x0000,0x0000,actor_2c8,6,0x10C448,0x01,0x0C,0x01,0x00,0x0F,0x00,0x00,0x00C9,0x02D1,0x0A73,0x00,0x07,0x02,200,10,200:0000:02D1:0A7A:00CB|201:0000:02C1:0A78:00CB|202:0000:02D1:0A79:00BB|203:0000:02C1:0A77:00BB
round3_phase1,0xFD,3048,0x0002,0x0003,0x0000,0x01,0x002F,0x0000,0x0000,actor_2c8,5,0x10C408,0x01,0x61,0x01,0x00,0x01,0x00,0x00,0x01F5,0x02D1,0x02E8,0x00,0x4A,0x00,190,10,190:004A:02D1:02F6:01F0|191:004A:02C1:02F4:01F0|192:004A:02D1:02F5:01E0|193:004A:02BE:02EC:01F0|194:004A:02AE:02E9:01F0|195:004A:02BE:02EB:01E0|196:004A:02AE:02E8:01E0|197:004A:02BE:02ED:0200|198:004A:02AE:02EA:0200
round3_phase1,0xFD,3048,0x0002,0x0003,0x0000,0x01,0x002F,0x0000,0x0000,actor_2c8,6,0x10C448,0x01,0x0D,0x01,0x00,0x0F,0x00,0x00,0x00C5,0x02D1,0x0A73,0x00,0x07,0x02,200,10,200:0000:02D1:0A7A:00C7|201:0000:02C1:0A78:00C7|202:0000:02D1:0A79:00B7|203:0000:02C1:0A77:00B7
round3_phase1,0xFD,3050,0x0002,0x0003,0x0000,0x01,0x002F,0x0000,0x0000,actor_2c8,6,0x10C448,0x01,0x0D,0x01,0x00,0x0F,0x00,0x00,0x00C5,0x02D1,0x0A73,0x00,0x07,0x02,200,10,200:0000:02D9:0A83:00CD|201:0000:02C9:0A80:00CD|202:0000:02B9:0A7D:00CD|203:0000:02D9:0A82:00BD|204:0000:02C9:0A7F:00BD|205:0000:02B9:0A7C:00BD|206:0000:02D9:0A81:00AD|207:0000:02C9:0A7E:00AD|208:0000:02B9:0A7B:00AD
round3_phase1,0xFD,3052,0x0002,0x0003,0x0000,0x01,0x002F,0x0000,0x0000,actor_2c8,5,0x10C408,0x01,0x62,0x01,0x00,0x01,0x00,0x00,0x01F9,0x02D1,0x02E8,0x00,0x4A,0x00,190,10,190:004A:02D1:02F8:01EE|191:004A:02C1:02F7:01EE|192:004A:02BE:02EC:01F2|193:004A:02AE:02E9:01F2|194:004A:02BE:02EB:01E2|195:004A:02AE:02E8:01E2|196:004A:02BE:02ED:0202|197:004A:02AE:02EA:0202
round3_phase1,0xFD,3052,0x0002,0x0003,0x0000,0x01,0x002F,0x0000,0x0000,actor_2c8,6,0x10C448,0x01,0x0E,0x01,0x00,0x0F,0x00,0x00,0x00C5,0x02D1,0x0A73,0x00,0x07,0x02,200,10,200:0000:02D9:0A8C:00CD|201:0000:02C9:0A89:00CD|202:0000:02B9:0A86:00CD|203:0000:02D9:0A8B:00BD|204:0000:02C9:0A88:00BD|205:0000:02B9:0A85:00BD|206:0000:02D9:0A8A:00AD|207:0000:02C9:0A87:00AD|208:0000:02B9:0A84:00AD
round3_phase1,0xFD,3054,0x0002,0x0003,0x0000,0x01,0x002F,0x0000,0x0000,actor_2c8,6,0x10C448,0x01,0x0F,0x01,0x00,0x0F,0x00,0x00,0x00C5,0x02D1,0x0A73,0x00,0x07,0x02,200,10,200:0000:02D9:0A8C:00CD|201:0000:02C9:0A89:00CD|202:0000:02B9:0A86:00CD|203:0000:02D9:0A8B:00BD|204:0000:02C9:0A88:00BD|205:0000:02B9:0A85:00BD|206:0000:02D9:0A8A:00AD|207:0000:02C9:0A87:00AD|208:0000:02B9:0A84:00AD
round3_phase1,0xFD,3056,0x0002,0x0003,0x0000,0x01,0x002F,0x0000,0x0000,actor_2c8,5,0x10C408,0x01,0x62,0x01,0x00,0x01,0x00,0x00,0x01FD,0x02D1,0x02E8,0x00,0x4A,0x00,190,10,190:004A:02D1:02F8:01F0|191:004A:02C1:02F7:01F0|192:004A:02BE:02EC:01F4|193:004A:02AE:02E9:01F4|194:004A:02BE:02EB:01E4|195:004A:02AE:02E8:01E4|196:004A:02BE:02ED:0204|197:004A:02AE:02EA:0204
round3_phase1,0xFD,3056,0x0002,0x0003,0x0000,0x01,0x002F,0x0000,0x0000,actor_2c8,6,0x10C448,0x01,0x0F,0x01,0x00,0x0F,0x00,0x00,0x00C5,0x02D1,0x0A73,0x00,0x07,0x02,200,10,200:0000:02D9:0A94:00CD|201:0000:02C9:0A91:00CD|202:0000:02B9:0A8F:00CD|203:0000:02D9:0A93:00BD|204:0000:02B9:0A8E:00BD|205:0000:02D9:0A92:00AD|206:0000:02C9:0A90:00AD|207:0000:02B9:0A8D:00AD
round3_phase1,0xFD,3058,0x0002,0x0003,0x0000,0x01,0x002F,0x0000,0x0000,actor_2c8,5,0x10C408,0x01,0x62,0x01,0x00,0x01,0x00,0x00,0x01FF,0x02D1,0x02E8,0x00,0x4A,0x00,190,10,190:004A:02D1:02F8:01F2|191:004A:02C1:02F7:01F2|192:004A:02BE:02EC:01F6|193:004A:02AE:02E9:01F6|194:004A:02BE:02EB:01E6|195:004A:02AE:02E8:01E6|196:004A:02BE:02ED:0206|197:004A:02AE:02EA:0206
round3_phase1,0xFD,3058,0x0002,0x0003,0x0000,0x01,0x002F,0x0000,0x0000,actor_2c8,6,0x10C448,0x01,0x10,0x01,0x00,0x0F,0x00,0x00,0x00C5,0x02D1,0x0A73,0x00,0x07,0x02,200,10,200:0000:02D9:0A9D:00CD|201:0000:02C9:0A9A:00CD|202:0000:02B9:0A97:00CD|203:0000:02D9:0A9C:00BD|204:0000:02C9:0A99:00BD|205:0000:02B9:0A96:00BD|206:0000:02D9:0A9B:00AD|207:0000:02C9:0A98:00AD|208:0000:02B9:0A95:00AD
round3_phase1,0xFD,3060,0x0002,0x0003,0x0000,0x01,0x002F,0x0000,0x0000,actor_2c8,5,0x10C408,0x01,0x61,0x01,0x00,0x01,0x00,0x00,0x0201,0x02D1,0x02E8,0x00,0x4A,0x00,190,10,190:004A:02D1:02F6:01F8|191:004A:02C1:02F4:01F8|192:004A:02D1:02F5:01E8|193:004A:02BE:02EC:01F8|194:004A:02AE:02E9:01F8|195:004A:02BE:02EB:01E8|196:004A:02AE:02E8:01E8|197:004A:02BE:02ED:0208|198:004A:02AE:02EA:0208
round3_phase1,0xFD,3060,0x0002,0x0003,0x0000,0x01,0x002F,0x0000,0x0000,actor_2c8,6,0x10C448,0x01,0x11,0x01,0x00,0x0F,0x00,0x00,0x00C5,0x02D1,0x0A73,0x00,0x07,0x02,200,10,200:0000:02D9:0A9D:00CD|201:0000:02C9:0A9A:00CD|202:0000:02B9:0A97:00CD|203:0000:02D9:0A9C:00BD|204:0000:02C9:0A99:00BD|205:0000:02B9:0A96:00BD|206:0000:02D9:0A9B:00AD|207:0000:02C9:0A98:00AD|208:0000:02B9:0A95:00AD
round3_phase1,0xFD,3062,0x0002,0x0003,0x0000,0x01,0x002F,0x0000,0x0000,actor_2c8,5,0x10C408,0x01,0x61,0x01,0x00,0x01,0x00,0x00,0x0201,0x02D1,0x02E8,0x00,0x4A,0x00,190,10,190:004A:02D1:02F6:01FA|191:004A:02C1:02F4:01FA|192:004A:02D1:02F5:01EA|193:004A:02BE:02EC:01FA|194:004A:02AE:02E9:01FA|195:004A:02BE:02EB:01EA|196:004A:02AE:02E8:01EA|197:004A:02BE:02ED:020A|198:004A:02AE:02EA:020A
round3_phase1,0xFD,3062,0x0002,0x0003,0x0000,0x01,0x002F,0x0000,0x0000,actor_2c8,6,0x10C448,0x01,0x11,0x01,0x00,0x0F,0x00,0x00,0x00C5,0x02D1,0x0A73,0x00,0x07,0x02,200,10,200:0000:02D1:0AA1:00C5|201:0000:02C1:0A9F:00C5|202:0000:02D1:0AA0:00B5|203:0000:02C1:0A9E:00B5
round3_phase1,0xFD,3064,0x0002,0x0003,0x0000,0x01,0x002F,0x0000,0x0000,actor_2c8,5,0x10C408,0x01,0x61,0x01,0x00,0x01,0x00,0x00,0x0203,0x02D1,0x02E8,0x00,0x4A,0x00,190,10,190:004A:02D1:02F6:01FC|191:004A:02C1:02F4:01FC|192:004A:02D1:02F5:01EC|193:004A:02BE:02EC:01FC|194:004A:02AE:02E9:01FC|195:004A:02BE:02EB:01EC|196:004A:02AE:02E8:01EC|197:004A:02BE:02ED:020C|198:004A:02AE:02EA:020C
round3_phase1,0xFD,3064,0x0002,0x0003,0x0000,0x01,0x002F,0x0000,0x0000,actor_2c8,6,0x10C448,0x01,0x12,0x01,0x00,0x0F,0x00,0x00,0x00C5,0x02D1,0x0A73,0x00,0x07,0x02,200,10,200:0000:02C9:0AA2:00BD
round3_phase1,0xFD,3066,0x0002,0x0003,0x0000,0x01,0x002F,0x0000,0x0000,actor_2c8,5,0x10C408,0x01,0x61,0x01,0x00,0x01,0x00,0x00,0x0205,0x02D1,0x02E8,0x00,0x4A,0x00,190,10,190:004A:02D1:02F6:01FE|191:004A:02C1:02F4:01FE|192:004A:02D1:02F5:01EE|193:004A:02BE:02EC:01FE|194:004A:02AE:02E9:01FE|195:004A:02BE:02EB:01EE|196:004A:02AE:02E8:01EE|197:004A:02BE:02ED:020E|198:004A:02AE:02EA:020E
round3_phase1,0xFD,3068,0x0002,0x0003,0x0000,0x01,0x002F,0x0000,0x0000,actor_2c8,5,0x10C408,0x01,0x60,0x01,0x00,0x01,0x00,0x00,0x0207,0x02D1,0x02E8,0x00,0x4A,0x00,190,10,190:004A:02D1:02F3:01F9|191:004A:02C1:02F2:01F9|192:004A:02BE:02EC:0200|193:004A:02AE:02E9:0200|194:004A:02BE:02EB:01F0|195:004A:02AE:02E8:01F0|196:004A:02BE:02ED:0210|197:004A:02AE:02EA:0210
round3_phase1,0xFD,3070,0x0002,0x0003,0x0000,0x01,0x002F,0x0000,0x0000,actor_2c8,5,0x10C408,0x01,0x60,0x01,0x00,0x01,0x00,0x00,0x0209,0x02D1,0x02E8,0x00,0x4A,0x00,190,10,190:004A:02D1:02F3:01FB|191:004A:02C1:02F2:01FB|192:004A:02BE:02EC:0202|193:004A:02AE:02E9:0202|194:004A:02BE:02EB:01F2|195:004A:02AE:02E8:01F2|196:004A:02BE:02ED:0212|197:004A:02AE:02EA:0212
round3_phase1,0xFD,3074,0x0002,0x0003,0x0000,0x01,0x002F,0x0000,0x0000,actor_2c8,5,0x10C408,0x01,0x60,0x01,0x00,0x01,0x00,0x00,0x020D,0x02D1,0x02E8,0x00,0x4A,0x00,190,10,190:004A:02D1:02F3:01FD|191:004A:02C1:02F2:01FD|192:004A:02BE:02EC:0204|193:004A:02AE:02E9:0204|194:004A:02BE:02EB:01F4|195:004A:02AE:02E8:01F4|196:004A:02BE:02ED:0214|197:004A:02AE:02EA:0214
round3_phase1,0xFD,3076,0x0002,0x0003,0x0000,0x01,0x002F,0x0000,0x0000,actor_2c8,5,0x10C408,0x01,0x61,0x01,0x00,0x01,0x00,0x00,0x020F,0x02D1,0x02E8,0x00,0x4A,0x00,190,10,190:004A:02D1:02F6:0206|191:004A:02C1:02F4:0206|192:004A:02D1:02F5:01F6|193:004A:02BE:02EC:0206|194:004A:02AE:02E9:0206|195:004A:02BE:02EB:01F6|196:004A:02AE:02E8:01F6|197:004A:02BE:02ED:0216|198:004A:02AE:02EA:0216
round3_phase1,0xFD,3078,0x0002,0x0003,0x0000,0x01,0x002F,0x0000,0x0000,actor_2c8,5,0x10C408,0x01,0x61,0x01,0x00,0x01,0x00,0x00,0x0211,0x02D1,0x02E8,0x00,0x4A,0x00,190,10,190:004A:02D1:02F6:0208|191:004A:02C1:02F4:0208|192:004A:02D1:02F5:01F8|193:004A:02BE:02EC:0208|194:004A:02AE:02E9:0208|195:004A:02BE:02EB:01F8|196:004A:02AE:02E8:01F8|197:004A:02BE:02ED:0218|198:004A:02AE:02EA:0218
round3_phase1,0xFD,3080,0x0002,0x0003,0x0000,0x01,0x002F,0x0000,0x0000,actor_2c8,5,0x10C408,0x01,0x61,0x01,0x00,0x01,0x00,0x00,0x0211,0x02D1,0x02E8,0x00,0x4A,0x00,190,10,190:004A:02D1:02F6:020A|191:004A:02C1:02F4:020A|192:004A:02D1:02F5:01FA|193:004A:02BE:02EC:020A|194:004A:02AE:02E9:020A|195:004A:02BE:02EB:01FA|196:004A:02AE:02E8:01FA|197:004A:02BE:02ED:021A|198:004A:02AE:02EA:021A
round3_phase1,0xFD,3082,0x0002,0x0003,0x0000,0x01,0x002F,0x0000,0x0000,actor_2c8,5,0x10C408,0x01,0x61,0x01,0x00,0x01,0x00,0x00,0x0213,0x02D1,0x02E8,0x00,0x4A,0x00,190,10,190:004A:02D1:02F6:020C|191:004A:02C1:02F4:020C|192:004A:02D1:02F5:01FC|193:004A:02BE:02EC:020C|194:004A:02AE:02E9:020C|195:004A:02BE:02EB:01FC|196:004A:02AE:02E8:01FC|197:004A:02BE:02ED:021C|198:004A:02AE:02EA:021C
round3_phase1,0xFD,3084,0x0002,0x0003,0x0000,0x01,0x002F,0x0000,0x0000,actor_2c8,5,0x10C408,0x01,0x62,0x01,0x00,0x01,0x00,0x00,0x0215,0x02D1,0x02E8,0x00,0x4A,0x00,190,10,190:004A:02D1:02F8:020A|191:004A:02C1:02F7:020A|192:004A:02BE:02EC:020E|193:004A:02AE:02E9:020E|194:004A:02BE:02EB:01FE|195:004A:02AE:02E8:01FE|196:004A:02BE:02ED:021E|197:004A:02AE:02EA:021E
round3_phase1,0xFD,3084,0x0002,0x0003,0x0000,0x01,0x002F,0x0000,0x0000,actor_2c8,8,0x10C4C8,0x01,0xCB,0x00,0x00,0x02,0x00,0x00,0x0147,0x02D1,0x0420,0x00,0x47,0x00,220,19,
round3_phase1,0xFD,3086,0x0002,0x0003,0x0000,0x01,0x002F,0x0000,0x0000,actor_2c8,5,0x10C408,0x01,0x62,0x01,0x00,0x01,0x00,0x00,0x0217,0x02D1,0x02E8,0x00,0x4A,0x00,190,10,190:004A:02D1:02F8:020C|191:004A:02C1:02F7:020C|192:004A:02BE:02EC:0210|193:004A:02AE:02E9:0210|194:004A:02BE:02EB:0200|195:004A:02AE:02E8:0200|196:004A:02BE:02ED:0220|197:004A:02AE:02EA:0220
round3_phase1,0xFD,3086,0x0002,0x0003,0x0000,0x01,0x002F,0x0000,0x0000,actor_2c8,8,0x10C4C8,0x01,0xCB,0x00,0x00,0x02,0x00,0x00,0x0145,0x02D1,0x0420,0x00,0x47,0x00,220,19,220:4047:02B0:0420:0146|221:4047:02B0:0421:0136|222:4047:02C0:0422:0146|223:4047:02C0:0423:0136|224:4047:02C1:0429:013E|225:4047:02D1:042A:013E
round3_phase1,0xFD,3088,0x0002,0x0003,0x0000,0x01,0x002F,0x0000,0x0000,actor_2c8,5,0x10C408,0x01,0x62,0x01,0x00,0x01,0x00,0x00,0x0219,0x02D1,0x02E8,0x00,0x4A,0x00,190,10,190:004A:02D1:02F8:020E|191:004A:02C1:02F7:020E|192:004A:02BE:02EC:0212|193:004A:02AE:02E9:0212|194:004A:02BE:02EB:0202|195:004A:02AE:02E8:0202|196:004A:02BE:02ED:0222|197:004A:02AE:02EA:0222
round3_phase1,0xFD,3088,0x0002,0x0003,0x0000,0x01,0x002F,0x0000,0x0000,actor_2c8,8,0x10C4C8,0x01,0xCB,0x00,0x00,0x02,0x00,0x00,0x0143,0x02D1,0x0420,0x00,0x47,0x00,220,19,220:4047:02B0:0420:0144|221:4047:02B0:0421:0134|222:4047:02C0:0422:0144|223:4047:02C0:0423:0134|224:4047:02C1:0429:013C|225:4047:02D1:042A:013C
round3_phase1,0xFD,3090,0x0002,0x0003,0x0000,0x01,0x002F,0x0000,0x0000,actor_2c8,8,0x10C4C8,0x01,0xCB,0x00,0x00,0x02,0x00,0x00,0x0141,0x02D1,0x0420,0x00,0x47,0x00,220,19,220:4047:02B0:0420:0142|221:4047:02B0:0421:0132|222:4047:02C0:0422:0142|223:4047:02C0:0423:0132|224:4047:02C1:0429:013A|225:4047:02D1:042A:013A
round3_phase1,0xFD,3092,0x0002,0x0003,0x0000,0x01,0x002F,0x0000,0x0000,actor_2c8,5,0x10C408,0x01,0x61,0x01,0x00,0x01,0x00,0x00,0x021D,0x02D1,0x02E8,0x00,0x4A,0x00,190,10,190:004A:02D1:02F6:0214|191:004A:02C1:02F4:0214|192:004A:02D1:02F5:0204|193:004A:02BE:02EC:0214|194:004A:02AE:02E9:0214|195:004A:02BE:02EB:0204|196:004A:02AE:02E8:0204|197:004A:02BE:02ED:0224|198:004A:02AE:02EA:0224
round3_phase1,0xFD,3092,0x0002,0x0003,0x0000,0x01,0x002F,0x0000,0x0000,actor_2c8,8,0x10C4C8,0x01,0xCC,0x00,0x00,0x02,0x00,0x00,0x0141,0x02D1,0x0420,0x00,0x47,0x00,220,19,220:4047:02B1:0420:0140|221:4047:02B1:0421:0130|222:4047:02C1:0422:0140|223:4047:02C1:0423:0130|224:4047:02C2:0427:0138|225:4047:02D2:0428:0138
round3_phase1,0xFD,3094,0x0002,0x0003,0x0000,0x01,0x002F,0x0000,0x0000,actor_2c8,5,0x10C408,0x01,0x61,0x01,0x00,0x01,0x00,0x00,0x021F,0x02D1,0x02E8,0x00,0x4A,0x00,190,10,190:004A:02D1:02F6:0216|191:004A:02C1:02F4:0216|192:004A:02D1:02F5:0206|193:004A:02BE:02EC:0216|194:004A:02AE:02E9:0216|195:004A:02BE:02EB:0206|196:004A:02AE:02E8:0206|197:004A:02BE:02ED:0226|198:004A:02AE:02EA:0226
round3_phase1,0xFD,3094,0x0002,0x0003,0x0000,0x01,0x002F,0x0000,0x0000,actor_2c8,8,0x10C4C8,0x01,0xCC,0x00,0x00,0x02,0x00,0x00,0x013F,0x02D1,0x0420,0x00,0x47,0x00,220,19,220:4047:02B1:0420:013E|221:4047:02B1:0421:012E|222:4047:02C1:0422:013E|223:4047:02C1:0423:012E|224:4047:02C2:0427:0136|225:4047:02D2:0428:0136
round3_phase1,0xFD,3096,0x0002,0x0003,0x0000,0x01,0x002F,0x0000,0x0000,actor_2c8,5,0x10C408,0x01,0x61,0x01,0x00,0x01,0x00,0x00,0x0221,0x02D1,0x02E8,0x00,0x4A,0x00,190,10,190:004A:02D1:02F6:0218|191:004A:02C1:02F4:0218|192:004A:02D1:02F5:0208|193:004A:02BE:02EC:0218|194:004A:02AE:02E9:0218|195:004A:02BE:02EB:0208|196:004A:02AE:02E8:0208|197:004A:02BE:02ED:0228|198:004A:02AE:02EA:0228
round3_phase1,0xFD,3096,0x0002,0x0003,0x0000,0x01,0x002F,0x0000,0x0000,actor_2c8,8,0x10C4C8,0x01,0xCC,0x00,0x00,0x02,0x00,0x00,0x013D,0x02D1,0x0420,0x00,0x47,0x00,220,19,220:4047:02B1:0420:013C|221:4047:02B1:0421:012C|222:4047:02C1:0422:013C|223:4047:02C1:0423:012C|224:4047:02C2:0427:0134|225:4047:02D2:0428:0134
round3_phase1,0xFD,3098,0x0002,0x0003,0x0000,0x01,0x002F,0x0000,0x0000,actor_2c8,5,0x10C408,0x01,0x61,0x01,0x00,0x01,0x00,0x00,0x0221,0x02D1,0x02E8,0x00,0x4A,0x00,190,10,190:004A:02D1:02F6:021A|191:004A:02C1:02F4:021A|192:004A:02D1:02F5:020A|193:004A:02BE:02EC:021A|194:004A:02AE:02E9:021A|195:004A:02BE:02EB:020A|196:004A:02AE:02E8:020A|197:004A:02BE:02ED:022A|198:004A:02AE:02EA:022A
round3_phase1,0xFD,3098,0x0002,0x0003,0x0000,0x01,0x002F,0x0000,0x0000,actor_2c8,8,0x10C4C8,0x01,0xCC,0x00,0x00,0x02,0x00,0x00,0x013B,0x02D1,0x0420,0x00,0x47,0x00,220,19,220:4047:02B1:0420:013A|221:4047:02B1:0421:012A|222:4047:02C1:0422:013A|223:4047:02C1:0423:012A|224:4047:02C2:0427:0132|225:4047:02D2:0428:0132
round3_phase1,0xFD,3100,0x0002,0x0003,0x0000,0x01,0x002F,0x0000,0x0000,actor_2c8,5,0x10C408,0x01,0x60,0x01,0x00,0x01,0x00,0x00,0x0223,0x02D1,0x02E8,0x00,0x4A,0x00,190,10,190:004A:02D1:02F3:0215|191:004A:02C1:02F2:0215|192:004A:02BE:02EC:021C|193:004A:02AE:02E9:021C|194:004A:02BE:02EB:020C|195:004A:02AE:02E8:020C|196:004A:02BE:02ED:022C|197:004A:02AE:02EA:022C
round3_phase1,0xFD,3100,0x0002,0x0003,0x0000,0x01,0x002F,0x0000,0x0000,actor_2c8,8,0x10C4C8,0x01,0xC9,0x00,0x00,0x02,0x00,0x00,0x0139,0x02D1,0x0420,0x00,0x47,0x00,220,19,220:4047:02B0:0420:0138|221:4047:02B0:0421:0128|222:4047:02C0:0422:0138|223:4047:02C0:0423:0128|224:4047:02C1:0424:0130|225:4047:02D1:0425:0138|226:4047:02D1:0426:0128
round3_phase1,0xFD,3102,0x0002,0x0003,0x0000,0x01,0x002F,0x0000,0x0000,actor_2c8,5,0x10C408,0x01,0x60,0x01,0x00,0x01,0x00,0x00,0x0225,0x02D1,0x02E8,0x00,0x4A,0x00,190,10,190:004A:02D1:02F3:0217|191:004A:02C1:02F2:0217|192:004A:02BE:02EC:021E|193:004A:02AE:02E9:021E|194:004A:02BE:02EB:020E|195:004A:02AE:02E8:020E|196:004A:02BE:02ED:022E|197:004A:02AE:02EA:022E
round3_phase1,0xFD,3104,0x0002,0x0003,0x0000,0x01,0x002F,0x0000,0x0000,actor_2c8,5,0x10C408,0x01,0x60,0x01,0x00,0x01,0x00,0x00,0x0227,0x02D1,0x02E8,0x00,0x4A,0x00,190,10,190:004A:02D1:02F3:0219|191:004A:02C1:02F2:0219|192:004A:02BE:02EC:0220|193:004A:02AE:02E9:0220|194:004A:02BE:02EB:0210|195:004A:02AE:02E8:0210|196:004A:02BE:02ED:0230|197:004A:02AE:02EA:0230
round3_phase1,0xFD,3104,0x0002,0x0003,0x0000,0x01,0x002F,0x0000,0x0000,actor_2c8,8,0x10C4C8,0x01,0xC9,0x00,0x00,0x02,0x00,0x00,0x0135,0x02D1,0x0420,0x00,0x47,0x00,220,19,220:4047:02B0:0420:0136|221:4047:02B0:0421:0126|222:4047:02C0:0422:0136|223:4047:02C0:0423:0126|224:4047:02C1:0424:012E|225:4047:02D1:0425:0136|226:4047:02D1:0426:0126
round3_phase1,0xFD,3106,0x0002,0x0003,0x0000,0x01,0x002F,0x0000,0x0000,actor_2c8,5,0x10C408,0x01,0x60,0x01,0x00,0x01,0x00,0x00,0x0229,0x02D1,0x02E8,0x00,0x4A,0x00,190,10,190:004A:02D1:02F3:021B|191:004A:02C1:02F2:021B|192:004A:02BE:02EC:0222|193:004A:02AE:02E9:0222|194:004A:02BE:02EB:0212|195:004A:02AE:02E8:0212|196:004A:02BE:02ED:0232|197:004A:02AE:02EA:0232
round3_phase1,0xFD,3106,0x0002,0x0003,0x0000,0x01,0x002F,0x0000,0x0000,actor_2c8,8,0x10C4C8,0x01,0xC9,0x00,0x00,0x02,0x00,0x00,0x0133,0x02D1,0x0420,0x00,0x47,0x00,220,19,220:4047:02B0:0420:0134|221:4047:02B0:0421:0124|222:4047:02C0:0422:0134|223:4047:02C0:0423:0124|224:4047:02C1:0424:012C|225:4047:02D1:0425:0134|226:4047:02D1:0426:0124
round3_phase1,0xFD,3108,0x0002,0x0003,0x0000,0x01,0x002F,0x0000,0x0000,actor_2c8,5,0x10C408,0x01,0x61,0x01,0x00,0x01,0x00,0x00,0x022B,0x02D1,0x02E8,0x00,0x4A,0x00,190,10,190:004A:02D1:02F6:0222|191:004A:02C1:02F4:0222|192:004A:02D1:02F5:0212|193:004A:02BE:02EC:0222|194:004A:02AE:02E9:0222|195:004A:02BE:02EB:0212|196:004A:02AE:02E8:0212|197:004A:02BE:02ED:0232|198:004A:02AE:02EA:0232
round3_phase1,0xFD,3108,0x0002,0x0003,0x0000,0x01,0x002F,0x0000,0x0000,actor_2c8,8,0x10C4C8,0x01,0xCA,0x00,0x00,0x02,0x00,0x00,0x0131,0x02D1,0x0420,0x00,0x47,0x00,220,19,220:4047:02B1:0420:0132|221:4047:02B1:0421:0122|222:4047:02C1:0422:0132|223:4047:02C1:0423:0122|224:4047:02C2:0427:012A|225:4047:02D2:0428:012A
round3_phase1,0xFD,3110,0x0002,0x0003,0x0000,0x01,0x002F,0x0000,0x0000,actor_2c8,5,0x10C408,0x01,0x61,0x01,0x00,0x01,0x00,0x00,0x022D,0x02D1,0x02E8,0x00,0x4A,0x00,190,10,190:004A:02D1:02F6:0224|191:004A:02C1:02F4:0224|192:004A:02D1:02F5:0214|193:004A:02BE:02EC:0224|194:004A:02AE:02E9:0224|195:004A:02BE:02EB:0214|196:004A:02AE:02E8:0214|197:004A:02BE:02ED:0234|198:004A:02AE:02EA:0234
round3_phase1,0xFD,3110,0x0002,0x0003,0x0000,0x01,0x002F,0x0000,0x0000,actor_2c8,8,0x10C4C8,0x01,0xCA,0x00,0x00,0x02,0x00,0x00,0x0131,0x02D1,0x0420,0x00,0x47,0x00,220,19,220:4047:02B1:0420:0130|221:4047:02B1:0421:0120|222:4047:02C1:0422:0130|223:4047:02C1:0423:0120|224:4047:02C2:0427:0128|225:4047:02D2:0428:0128
round3_phase1,0xFD,3112,0x0002,0x0003,0x0000,0x01,0x002F,0x0000,0x0000,actor_2c8,5,0x10C408,0x01,0x61,0x01,0x00,0x01,0x00,0x00,0x022F,0x02D1,0x02E8,0x00,0x4A,0x00,190,10,190:004A:02D1:02F6:0226|191:004A:02C1:02F4:0226|192:004A:02D1:02F5:0216|193:004A:02BE:02EC:0226|194:004A:02AE:02E9:0226|195:004A:02BE:02EB:0216|196:004A:02AE:02E8:0216|197:004A:02BE:02ED:0236|198:004A:02AE:02EA:0236
round3_phase1,0xFD,3112,0x0002,0x0003,0x0000,0x01,0x002F,0x0000,0x0000,actor_2c8,8,0x10C4C8,0x01,0xCA,0x00,0x00,0x02,0x00,0x00,0x012F,0x02D1,0x0420,0x00,0x47,0x00,220,19,220:4047:02B1:0420:012E|221:4047:02B1:0421:011E|222:4047:02C1:0422:012E|223:4047:02C1:0423:011E|224:4047:02C2:0427:0126|225:4047:02D2:0428:0126
round3_phase1,0xFD,3114,0x0002,0x0003,0x0000,0x01,0x002F,0x0000,0x0000,actor_2c8,5,0x10C408,0x01,0x61,0x01,0x00,0x01,0x00,0x00,0x0231,0x02D1,0x02E8,0x00,0x4A,0x00,190,10,190:004A:02D1:02F6:0228|191:004A:02C1:02F4:0228|192:004A:02D1:02F5:0218|193:004A:02BE:02EC:0228|194:004A:02AE:02E9:0228|195:004A:02BE:02EB:0218|196:004A:02AE:02E8:0218|197:004A:02BE:02ED:0238|198:004A:02AE:02EA:0238
round3_phase1,0xFD,3114,0x0002,0x0003,0x0000,0x01,0x002F,0x0000,0x0000,actor_2c8,8,0x10C4C8,0x01,0xCA,0x00,0x00,0x02,0x00,0x00,0x012D,0x02D1,0x0420,0x00,0x47,0x00,220,19,220:4047:02B1:0420:012C|221:4047:02B1:0421:011C|222:4047:02C1:0422:012C|223:4047:02C1:0423:011C|224:4047:02C2:0427:0124|225:4047:02D2:0428:0124
round3_phase1,0xFD,3116,0x0002,0x0003,0x0000,0x01,0x002F,0x0000,0x0000,actor_2c8,5,0x10C408,0x01,0x62,0x01,0x00,0x01,0x00,0x00,0x0231,0x02D1,0x02E8,0x00,0x4A,0x00,190,10,190:004A:02D1:02F8:0226|191:004A:02C1:02F7:0226|192:004A:02BE:02EC:022A|193:004A:02AE:02E9:022A|194:004A:02BE:02EB:021A|195:004A:02AE:02E8:021A|196:004A:02BE:02ED:023A|197:004A:02AE:02EA:023A
round3_phase1,0xFD,3116,0x0002,0x0003,0x0000,0x01,0x002F,0x0000,0x0000,actor_2c8,8,0x10C4C8,0x01,0xCB,0x00,0x00,0x02,0x00,0x00,0x012B,0x02D1,0x0420,0x00,0x47,0x00,220,19,220:4047:02B0:0420:012A|221:4047:02B0:0421:011A|222:4047:02C0:0422:012A|223:4047:02C0:0423:011A|224:4047:02C1:0429:0122|225:4047:02D1:042A:0122
round3_phase1,0xFD,3118,0x0002,0x0003,0x0000,0x01,0x002F,0x0000,0x0000,actor_2c8,5,0x10C408,0x01,0x62,0x01,0x00,0x01,0x00,0x00,0x0233,0x02D1,0x02E8,0x00,0x4A,0x00,190,10,190:004A:02D1:02F8:0228|191:004A:02C1:02F7:0228|192:004A:02BE:02EC:022C|193:004A:02AE:02E9:022C|194:004A:02BE:02EB:021C|195:004A:02AE:02E8:021C|196:004A:02BE:02ED:023C|197:004A:02AE:02EA:023C
round3_phase1,0xFD,3118,0x0002,0x0003,0x0000,0x01,0x002F,0x0000,0x0000,actor_2c8,8,0x10C4C8,0x01,0xCB,0x00,0x00,0x02,0x00,0x00,0x0129,0x02D1,0x0420,0x00,0x47,0x00,220,19,220:4047:02B0:0420:0128|221:4047:02B0:0421:0118|222:4047:02C0:0422:0128|223:4047:02C0:0423:0118|224:4047:02C1:0429:0120|225:4047:02D1:042A:0120
round3_phase1,0xFD,3120,0x0002,0x0003,0x0000,0x01,0x002F,0x0000,0x0000,actor_2c8,5,0x10C408,0x01,0x62,0x01,0x00,0x01,0x00,0x00,0x0235,0x02D1,0x02E8,0x00,0x4A,0x00,190,10,190:004A:02D1:02F8:022A|191:004A:02C1:02F7:022A|192:004A:02BE:02EC:022E|193:004A:02AE:02E9:022E|194:004A:02BE:02EB:021E|195:004A:02AE:02E8:021E|196:004A:02BE:02ED:023E|197:004A:02AE:02EA:023E
round3_phase1,0xFD,3122,0x0002,0x0003,0x0000,0x01,0x002F,0x0000,0x0000,actor_2c8,5,0x10C408,0x01,0x62,0x01,0x00,0x01,0x00,0x00,0x0237,0x02D1,0x02E8,0x00,0x4A,0x00,190,10,190:004A:02D1:02F8:022C|191:004A:02C1:02F7:022C|192:004A:02BE:02EC:0230|193:004A:02AE:02E9:0230|194:004A:02BE:02EB:0220|195:004A:02AE:02E8:0220|196:004A:02BE:02ED:0240|197:004A:02AE:02EA:0240
round3_phase1,0xFD,3122,0x0002,0x0003,0x0000,0x01,0x002F,0x0000,0x0000,actor_2c8,8,0x10C4C8,0x01,0xCB,0x00,0x00,0x02,0x00,0x00,0x0125,0x02D1,0x0420,0x00,0x47,0x00,220,19,220:4047:02B0:0420:0126|221:4047:02B0:0421:0116|222:4047:02C0:0422:0126|223:4047:02C0:0423:0116|224:4047:02C1:0429:011E|225:4047:02D1:042A:011E
round3_phase1,0xFD,3124,0x0002,0x0003,0x0000,0x01,0x002F,0x0000,0x0000,actor_2c8,5,0x10C408,0x01,0x61,0x01,0x00,0x01,0x00,0x00,0x0239,0x02D1,0x02E8,0x00,0x4A,0x00,190,10,190:004A:02D1:02F6:0232|191:004A:02C1:02F4:0232|192:004A:02D1:02F5:0222|193:004A:02BE:02EC:0232|194:004A:02AE:02E9:0232|195:004A:02BE:02EB:0222|196:004A:02AE:02E8:0222|197:004A:02BE:02ED:0242|198:004A:02AE:02EA:0242
round3_phase1,0xFD,3124,0x0002,0x0003,0x0000,0x01,0x002F,0x0000,0x0000,actor_2c8,8,0x10C4C8,0x01,0xCC,0x00,0x00,0x02,0x00,0x00,0x0123,0x02D1,0x0420,0x00,0x47,0x00,220,19,220:4047:02B1:0420:0124|221:4047:02B1:0421:0114|222:4047:02C1:0422:0124|223:4047:02C1:0423:0114|224:4047:02C2:0427:011C|225:4047:02D2:0428:011C
round3_phase1,0xFD,3126,0x0002,0x0003,0x0000,0x01,0x002F,0x0000,0x0000,actor_2c8,8,0x10C4C8,0x01,0xCC,0x00,0x00,0x02,0x00,0x00,0x0121,0x02D1,0x0420,0x00,0x47,0x00,220,19,220:4047:02B1:0420:0122|221:4047:02B1:0421:0112|222:4047:02C1:0422:0122|223:4047:02C1:0423:0112|224:4047:02C2:0427:011A|225:4047:02D2:0428:011A
round3_phase1,0xFD,3128,0x0002,0x0003,0x0000,0x01,0x002F,0x0000,0x0000,actor_2c8,5,0x10C408,0x01,0x61,0x01,0x00,0x01,0x00,0x00,0x023D,0x02D1,0x02E8,0x00,0x4A,0x00,190,10,190:004A:02D1:02F6:0234|191:004A:02C1:02F4:0234|192:004A:02D1:02F5:0224|193:004A:02BE:02EC:0234|194:004A:02AE:02E9:0234|195:004A:02BE:02EB:0224|196:004A:02AE:02E8:0224|197:004A:02BE:02ED:0244|198:004A:02AE:02EA:0244
round3_phase1,0xFD,3128,0x0002,0x0003,0x0000,0x01,0x002F,0x0000,0x0000,actor_2c8,8,0x10C4C8,0x01,0xCC,0x00,0x00,0x02,0x00,0x00,0x0121,0x02D1,0x0420,0x00,0x47,0x00,220,19,220:4047:02B1:0420:0120|221:4047:02B1:0421:0110|222:4047:02C1:0422:0120|223:4047:02C1:0423:0110|224:4047:02C2:0427:0118|225:4047:02D2:0428:0118
round3_phase1,0xFD,3130,0x0002,0x0003,0x0000,0x01,0x002F,0x0000,0x0000,actor_2c8,5,0x10C408,0x01,0x61,0x01,0x00,0x01,0x00,0x00,0x023F,0x02D1,0x02E8,0x00,0x4A,0x00,190,10,190:004A:02D1:02F6:0236|191:004A:02C1:02F4:0236|192:004A:02D1:02F5:0226|193:004A:02BE:02EC:0236|194:004A:02AE:02E9:0236|195:004A:02BE:02EB:0226|196:004A:02AE:02E8:0226|197:004A:02BE:02ED:0246|198:004A:02AE:02EA:0246
round3_phase1,0xFD,3130,0x0002,0x0003,0x0000,0x01,0x002F,0x0000,0x0000,actor_2c8,8,0x10C4C8,0x01,0xCC,0x00,0x00,0x02,0x00,0x00,0x011F,0x02D1,0x0420,0x00,0x47,0x00,220,19,220:4047:02B1:0420:011E|221:4047:02B1:0421:010E|222:4047:02C1:0422:011E|223:4047:02C1:0423:010E|224:4047:02C2:0427:0116|225:4047:02D2:0428:0116
round3_phase1,0xFD,3132,0x0002,0x0003,0x0000,0x01,0x002F,0x0000,0x0000,actor_2c8,5,0x10C408,0x01,0x60,0x01,0x00,0x01,0x00,0x00,0x0241,0x02D1,0x02E8,0x00,0x4A,0x00,190,10,190:004A:02D1:02F3:0231|191:004A:02C1:02F2:0231|192:004A:02BE:02EC:0238|193:004A:02AE:02E9:0238|194:004A:02BE:02EB:0228|195:004A:02AE:02E8:0228|196:004A:02BE:02ED:0248|197:004A:02AE:02EA:0248
round3_phase1,0xFD,3132,0x0002,0x0003,0x0000,0x01,0x002F,0x0000,0x0000,actor_2c8,8,0x10C4C8,0x01,0xC9,0x00,0x00,0x02,0x00,0x00,0x011D,0x02D1,0x0420,0x00,0x47,0x00,220,19,220:4047:02B0:0420:011C|221:4047:02B0:0421:010C|222:4047:02C0:0422:011C|223:4047:02C0:0423:010C|224:4047:02C1:0424:0114|225:4047:02D1:0425:011C|226:4047:02D1:0426:010C
round3_phase1,0xFD,3134,0x0002,0x0003,0x0000,0x01,0x002F,0x0000,0x0000,actor_2c8,5,0x10C408,0x01,0x60,0x01,0x00,0x01,0x00,0x00,0x0241,0x02D1,0x02E8,0x00,0x4A,0x00,190,10,190:004A:02D1:02F3:0233|191:004A:02C1:02F2:0233|192:004A:02BE:02EC:023A|193:004A:02AE:02E9:023A|194:004A:02BE:02EB:022A|195:004A:02AE:02E8:022A|196:004A:02BE:02ED:024A|197:004A:02AE:02EA:024A
round3_phase1,0xFD,3134,0x0002,0x0003,0x0000,0x01,0x002F,0x0000,0x0000,actor_2c8,8,0x10C4C8,0x01,0xC9,0x00,0x00,0x02,0x00,0x00,0x011B,0x02D1,0x0420,0x00,0x47,0x00,220,19,220:4047:02B0:0420:011A|221:4047:02B0:0421:010A|222:4047:02C0:0422:011A|223:4047:02C0:0423:010A|224:4047:02C1:0424:0112|225:4047:02D1:0425:011A|226:4047:02D1:0426:010A
round3_phase1,0xFD,3136,0x0002,0x0003,0x0000,0x01,0x002F,0x0000,0x0000,actor_2c8,5,0x10C408,0x01,0x60,0x01,0x00,0x01,0x00,0x00,0x0243,0x02D1,0x02E8,0x00,0x4A,0x00,190,10,190:004A:02D1:02F3:0235|191:004A:02C1:02F2:0235|192:004A:02BE:02EC:023C|193:004A:02AE:02E9:023C|194:004A:02BE:02EB:022C|195:004A:02AE:02E8:022C|196:004A:02BE:02ED:024C|197:004A:02AE:02EA:024C
round3_phase1,0xFD,3136,0x0002,0x0003,0x0000,0x01,0x002F,0x0000,0x0000,actor_2c8,8,0x10C4C8,0x01,0xC9,0x00,0x00,0x02,0x00,0x00,0x0119,0x02D1,0x0420,0x00,0x47,0x00,220,19,220:4047:02B0:0420:0118|221:4047:02B0:0421:0108|222:4047:02C0:0422:0118|223:4047:02C0:0423:0108|224:4047:02C1:0424:0110|225:4047:02D1:0425:0118|226:4047:02D1:0426:0108
round3_phase1,0xFD,3138,0x0002,0x0003,0x0000,0x01,0x002F,0x0000,0x0000,actor_2c8,5,0x10C408,0x01,0x60,0x01,0x00,0x01,0x00,0x00,0x0245,0x02D1,0x02E8,0x00,0x4A,0x00,190,10,190:004A:02D1:02F3:0237|191:004A:02C1:02F2:0237|192:004A:02BE:02EC:023E|193:004A:02AE:02E9:023E|194:004A:02BE:02EB:022E|195:004A:02AE:02E8:022E|196:004A:02BE:02ED:024E|197:004A:02AE:02EA:024E
round3_phase1,0xFD,3140,0x0002,0x0003,0x0000,0x01,0x002F,0x0000,0x0000,actor_2c8,5,0x10C408,0x01,0x61,0x01,0x00,0x01,0x00,0x00,0x0247,0x02D1,0x02E8,0x00,0x4A,0x00,190,10,190:004A:02D1:02F6:0240|191:004A:02C1:02F4:0240|192:004A:02D1:02F5:0230|193:004A:02BE:02EC:0240|194:004A:02AE:02E9:0240|195:004A:02BE:02EB:0230|196:004A:02AE:02E8:0230|197:004A:02BE:02ED:0250|198:004A:02AE:02EA:0250
round3_phase1,0xFD,3140,0x0002,0x0003,0x0000,0x01,0x002F,0x0000,0x0000,actor_2c8,8,0x10C4C8,0x01,0xCA,0x00,0x00,0x02,0x00,0x00,0x0115,0x02D1,0x0420,0x00,0x47,0x00,220,19,220:4047:02B1:0420:0116|221:4047:02B1:0421:0106|222:4047:02C1:0422:0116|223:4047:02C1:0423:0106|224:4047:02C2:0427:010E|225:4047:02D2:0428:010E
round3_phase1,0xFD,3142,0x0002,0x0003,0x0000,0x01,0x002F,0x0000,0x0000,actor_2c8,5,0x10C408,0x01,0x61,0x01,0x00,0x01,0x00,0x00,0x0249,0x02D1,0x02E8,0x00,0x4A,0x00,190,10,190:004A:02D1:02F6:0242|191:004A:02C1:02F4:0242|192:004A:02D1:02F5:0232|193:004A:02BE:02EC:0242|194:004A:02AE:02E9:0242|195:004A:02BE:02EB:0232|196:004A:02AE:02E8:0232|197:004A:02BE:02ED:0252|198:004A:02AE:02EA:0252
round3_phase1,0xFD,3142,0x0002,0x0003,0x0000,0x01,0x002F,0x0000,0x0000,actor_2c8,8,0x10C4C8,0x01,0xCA,0x00,0x00,0x02,0x00,0x00,0x0113,0x02D1,0x0420,0x00,0x47,0x00,220,19,220:4047:02B1:0420:0114|221:4047:02B1:0421:0104|222:4047:02C1:0422:0114|223:4047:02C1:0423:0104|224:4047:02C2:0427:010C|225:4047:02D2:0428:010C
round3_phase1,0xFD,3144,0x0002,0x0003,0x0000,0x01,0x002F,0x0000,0x0000,actor_2c8,5,0x10C408,0x01,0x63,0x01,0x00,0x1F,0x00,0x00,0x0249,0x02D1,0x02E8,0x00,0x4A,0x00,190,10,190:004A:02D1:02F6:0242|191:004A:02C1:02F4:0242|192:004A:02D1:02F5:0232|193:004A:02BE:02EC:0242|194:004A:02AE:02E9:0242|195:004A:02BE:02EB:0232|196:004A:02AE:02E8:0232|197:004A:02BE:02ED:0252|198:004A:02AE:02EA:0252
round3_phase1,0xFD,3144,0x0002,0x0003,0x0000,0x01,0x002F,0x0000,0x0000,actor_2c8,8,0x10C4C8,0x01,0xCA,0x00,0x00,0x02,0x00,0x00,0x0111,0x02D1,0x0420,0x00,0x47,0x00,220,19,220:4047:02B1:0420:0112|221:4047:02B1:0421:0102|222:4047:02C1:0422:0112|223:4047:02C1:0423:0102|224:4047:02C2:0427:010A|225:4047:02D2:0428:010A
round3_phase1,0xFD,3146,0x0002,0x0003,0x0000,0x01,0x002F,0x0000,0x0000,actor_2c8,5,0x10C408,0x01,0x63,0x01,0x00,0x1F,0x00,0x00,0x0249,0x02D1,0x02E8,0x00,0x4A,0x00,190,10,190:004A:02D1:02F6:0242|191:004A:02C1:02F4:0242|192:004A:02D1:02F5:0232|193:004A:02BE:02FC:0242|194:004A:02AE:02FA:0242|195:004A:029E:02F9:0242|196:004A:02BE:02EB:0232|197:004A:02AE:02E8:0232|198:004A:02BE:02FD:0252|199:004A:02AE:02FB:0252
round3_phase1,0xFD,3146,0x0002,0x0003,0x0000,0x01,0x002F,0x0000,0x0000,actor_2c8,8,0x10C4C8,0x01,0xCA,0x00,0x00,0x02,0x00,0x00,0x0111,0x02D1,0x0420,0x00,0x47,0x00,220,19,220:4047:02B1:0420:0110|221:4047:02B1:0421:0100|222:4047:02C1:0422:0110|223:4047:02C1:0423:0100|224:4047:02C2:0427:0108|225:4047:02D2:0428:0108
round3_phase1,0xFD,3148,0x0002,0x0003,0x0000,0x01,0x002F,0x0000,0x0000,actor_2c8,8,0x10C4C8,0x01,0xCB,0x00,0x00,0x02,0x00,0x00,0x010F,0x02D1,0x0420,0x00,0x47,0x00,220,19,220:4047:02B0:0420:010E|221:4047:02B0:0421:00FE|222:4047:02C0:0422:010E|223:4047:02C0:0423:00FE|224:4047:02C1:0429:0106|225:4047:02D1:042A:0106
round3_phase1,0xFD,3150,0x0002,0x0003,0x0000,0x01,0x002F,0x0000,0x0000,actor_2c8,7,0x10C488,0x01,0x62,0x00,0x00,0x02,0x00,0x00,0x0147,0x02D1,0x02E8,0x00,0x4A,0x00,210,10,
round3_phase1,0xFD,3150,0x0002,0x0003,0x0000,0x01,0x002F,0x0000,0x0000,actor_2c8,8,0x10C4C8,0x01,0xCB,0x00,0x00,0x02,0x00,0x00,0x010D,0x02D1,0x0420,0x00,0x47,0x00,220,19,220:4047:02B0:0420:010C|221:4047:02B0:0421:00FC|222:4047:02C0:0422:010C|223:4047:02C0:0423:00FC|224:4047:02C1:0429:0104|225:4047:02D1:042A:0104
round3_phase1,0xFD,3152,0x0002,0x0003,0x0000,0x01,0x002F,0x0000,0x0000,actor_2c8,5,0x10C408,0x01,0x64,0x01,0x00,0x1F,0x00,0x00,0x0249,0x02D1,0x02E8,0x00,0x4A,0x00,190,10,190:004A:02D1:02F6:0242|191:004A:02C1:02F4:0242|192:004A:02D1:02F5:0232|193:004A:02BE:02FC:0242|194:004A:02AE:02FA:0242|195:004A:029E:02F9:0242|196:004A:02BE:02EB:0232|197:004A:02AE:02E8:0232|198:004A:02BE:02FD:0252|199:004A:02AE:02FB:0252
round3_phase1,0xFD,3152,0x0002,0x0003,0x0000,0x01,0x002F,0x0000,0x0000,actor_2c8,7,0x10C488,0x01,0x62,0x00,0x00,0x02,0x00,0x00,0x0145,0x02D1,0x02E8,0x00,0x4A,0x00,210,10,210:404A:02D1:02F8:0141|211:404A:02C1:02F7:0141|212:404A:02BE:02EC:013D|213:404A:02AE:02E9:013D|214:404A:02BE:02EB:014D|215:404A:02AE:02E8:014D|216:404A:02BE:02ED:012D|217:404A:02AE:02EA:012D
round3_phase1,0xFD,3152,0x0002,0x0003,0x0000,0x01,0x002F,0x0000,0x0000,actor_2c8,8,0x10C4C8,0x01,0xCB,0x00,0x00,0x02,0x00,0x00,0x010B,0x02D1,0x0420,0x00,0x47,0x00,220,19,220:4047:02B0:0420:010A|221:4047:02B0:0421:00FA|222:4047:02C0:0422:010A|223:4047:02C0:0423:00FA|224:4047:02C1:0429:0102|225:4047:02D1:042A:0102
round3_phase1,0xFD,3152,0x0002,0x0003,0x0000,0x01,0x002F,0x0000,0x0000,actor_748,0,0x10C748,0x01,0xAC,0x01,0x00,0x02,0x03,0x00,0x0260,0x02BD,0x02E8,0x01,0x00,0x00,46,1,
round3_phase1,0xFD,3154,0x0002,0x0003,0x0000,0x01,0x002F,0x0000,0x0000,actor_2c8,5,0x10C408,0x01,0x64,0x01,0x00,0x1F,0x00,0x00,0x0245,0x02D1,0x02E8,0x00,0x4A,0x00,190,10,190:004A:02D1:02F6:0240|191:004A:02C1:02F4:0240|192:004A:02D1:02F5:0230|193:004A:02BE:02FC:0240|194:004A:02AE:02FE:0240|195:004A:02BE:02EB:0230|196:004A:02AE:02E8:0230|197:004A:02BE:02FD:0250|198:004A:02AE:02FF:0250
round3_phase1,0xFD,3154,0x0002,0x0003,0x0000,0x01,0x002F,0x0000,0x0000,actor_2c8,7,0x10C488,0x01,0x62,0x00,0x00,0x02,0x00,0x00,0x013F,0x02D1,0x02E8,0x00,0x4A,0x00,210,10,210:404A:02D1:02F8:013D|211:404A:02C1:02F7:013D|212:404A:02BE:02EC:0139|213:404A:02AE:02E9:0139|214:404A:02BE:02EB:0149|215:404A:02AE:02E8:0149|216:404A:02BE:02ED:0129|217:404A:02AE:02EA:0129
round3_phase1,0xFD,3154,0x0002,0x0003,0x0000,0x01,0x002F,0x0000,0x0000,actor_2c8,8,0x10C4C8,0x01,0xCB,0x00,0x00,0x02,0x00,0x00,0x0105,0x02D1,0x0420,0x00,0x47,0x00,220,19,220:4047:02B0:0420:0106|221:4047:02B0:0421:00F6|222:4047:02C0:0422:0106|223:4047:02C0:0423:00F6|224:4047:02C1:0429:00FE|225:4047:02D1:042A:00FE
round3_phase1,0xFD,3154,0x0002,0x0003,0x0000,0x01,0x002F,0x0000,0x0000,actor_748,0,0x10C748,0x01,0xAD,0x01,0x00,0x02,0x03,0x00,0x025F,0x02BD,0x02E8,0x01,0x00,0x00,46,1,46:400A:02B5:0325:0255
round3_phase1,0xFD,3156,0x0002,0x0003,0x0000,0x01,0x002F,0x0000,0x0000,actor_2c8,5,0x10C408,0x01,0x65,0x01,0x00,0x1F,0x00,0x00,0x0241,0x02D1,0x02E8,0x00,0x4A,0x00,190,10,190:004A:02D1:02F6:023C|191:004A:02C1:02F4:023C|192:004A:02D1:02F5:022C|193:004A:02BE:02FC:023C|194:004A:02AE:02FE:023C|195:004A:02BE:02EB:022C|196:004A:02AE:02E8:022C|197:004A:02BE:02FD:024C|198:004A:02AE:02FF:024C
round3_phase1,0xFD,3156,0x0002,0x0003,0x0000,0x01,0x002F,0x0000,0x0000,actor_2c8,7,0x10C488,0x01,0x61,0x00,0x00,0x02,0x00,0x00,0x0139,0x02D1,0x02E8,0x00,0x4A,0x00,210,10,210:404A:02D1:02F6:0133|211:404A:02C1:02F4:0133|212:404A:02D1:02F5:0143|213:404A:02BE:02EC:0133|214:404A:02AE:02E9:0133|215:404A:02BE:02EB:0143|216:404A:02AE:02E8:0143|217:404A:02BE:02ED:0123|218:404A:02AE:02EA:0123
round3_phase1,0xFD,3156,0x0002,0x0003,0x0000,0x01,0x002F,0x0000,0x0000,actor_2c8,8,0x10C4C8,0x01,0xCC,0x00,0x00,0x02,0x00,0x00,0x00FF,0x02D1,0x0420,0x00,0x47,0x00,220,19,220:4047:02B1:0420:0102|221:4047:02B1:0421:00F2|222:4047:02C1:0422:0102|223:4047:02C1:0423:00F2|224:4047:02C2:0427:00FA|225:4047:02D2:0428:00FA
round3_phase1,0xFD,3156,0x0002,0x0003,0x0000,0x01,0x002F,0x0000,0x0000,actor_748,0,0x10C748,0x01,0xAE,0x01,0x00,0x02,0x03,0x00,0x025E,0x02BD,0x02E8,0x01,0x00,0x00,46,1,46:400A:02B5:0326:0254
round3_phase1,0xFD,3158,0x0002,0x0003,0x0000,0x01,0x002F,0x0000,0x0000,actor_2c8,5,0x10C408,0x01,0x65,0x01,0x00,0x1F,0x00,0x00,0x023D,0x02D1,0x02E8,0x00,0x4A,0x00,190,10,190:004A:02D1:02F6:0238|191:004A:02C1:02F4:0238|192:004A:02D1:02F5:0228|193:004A:02BE:0300:0238|194:004A:02AE:02E9:0238|195:004A:02BE:02EB:0228|196:004A:02AE:02E8:0228|197:004A:02BE:0301:0248
round3_phase1,0xFD,3158,0x0002,0x0003,0x0000,0x01,0x002F,0x0000,0x0000,actor_2c8,7,0x10C488,0x01,0x61,0x00,0x00,0x02,0x00,0x00,0x0135,0x02D1,0x02E8,0x00,0x4A,0x00,210,10,210:404A:02D1:02F6:012D|211:404A:02C1:02F4:012D|212:404A:02D1:02F5:013D|213:404A:02BE:02EC:012D|214:404A:02AE:02E9:012D|215:404A:02BE:02EB:013D|216:404A:02AE:02E8:013D|217:404A:02BE:02ED:011D|218:404A:02AE:02EA:011D
round3_phase1,0xFD,3158,0x0002,0x0003,0x0000,0x01,0x002F,0x0000,0x0000,actor_2c8,8,0x10C4C8,0x01,0xCC,0x00,0x00,0x02,0x00,0x00,0x00F9,0x02D1,0x0420,0x00,0x47,0x00,220,19,220:4047:02B1:0420:00FC|221:4047:02B1:0421:00EC|222:4047:02C1:0422:00FC|223:4047:02C1:0423:00EC|224:4047:02C2:0427:00F4|225:4047:02D2:0428:00F4
round3_phase1,0xFD,3158,0x0002,0x0003,0x0000,0x01,0x002F,0x0000,0x0000,actor_748,0,0x10C748,0x01,0xAF,0x01,0x00,0x02,0x03,0x00,0x025D,0x02BD,0x02E8,0x01,0x00,0x00,46,1,46:400A:02B5:0327:0253
round3_phase1,0xFD,3160,0x0002,0x0003,0x0000,0x01,0x002F,0x0000,0x0000,actor_2c8,5,0x10C408,0x01,0x65,0x01,0x00,0x1F,0x00,0x01,0x0239,0x02D1,0x02E8,0x00,0x4A,0x00,190,10,190:004A:02D1:02F6:0234|191:004A:02C1:02F4:0234|192:004A:02D1:02F5:0224|193:004A:02BE:0300:0234|194:004A:02AE:02E9:0234|195:004A:02BE:02EB:0224|196:004A:02AE:02E8:0224|197:004A:02BE:0301:0244
round3_phase1,0xFD,3160,0x0002,0x0003,0x0000,0x01,0x002F,0x0000,0x0000,actor_2c8,7,0x10C488,0x01,0x61,0x00,0x00,0x02,0x00,0x00,0x012F,0x02D1,0x02E8,0x00,0x4A,0x00,210,10,210:404A:02D1:02F6:0127|211:404A:02C1:02F4:0127|212:404A:02D1:02F5:0137|213:404A:02BE:02EC:0127|214:404A:02AE:02E9:0127|215:404A:02BE:02EB:0137|216:404A:02AE:02E8:0137|217:404A:02BE:02ED:0117|218:404A:02AE:02EA:0117
round3_phase1,0xFD,3160,0x0002,0x0003,0x0000,0x01,0x002F,0x0000,0x0000,actor_2c8,8,0x10C4C8,0x01,0xCC,0x00,0x00,0x02,0x00,0x00,0x00F3,0x02D1,0x0420,0x00,0x47,0x00,220,19,220:4047:02B1:0420:00F6|221:4047:02B1:0421:00E6|222:4047:02C1:0422:00F6|223:4047:02C1:0423:00E6|224:4047:02C2:0427:00EE|225:4047:02D2:0428:00EE
round3_phase1,0xFD,3160,0x0002,0x0003,0x0000,0x01,0x002F,0x0000,0x0000,actor_748,0,0x10C748,0x01,0xB0,0x01,0x00,0x02,0x03,0x00,0x025C,0x02BD,0x02E8,0x01,0x00,0x00,46,1,46:400A:02B5:0328:0252
round3_phase1,0xFD,3162,0x0002,0x0003,0x0000,0x01,0x002F,0x0000,0x0000,actor_2c8,5,0x10C408,0x01,0x65,0x01,0x00,0x1F,0x00,0x01,0x0235,0x02D1,0x02E8,0x00,0x4A,0x00,190,10,190:004A:02D1:02F6:0230|191:004A:02C1:02F4:0230|192:004A:02D1:02F5:0220|193:004A:02BE:0300:0230|194:004A:02AE:02E9:0230|195:004A:02BE:02EB:0220|196:004A:02AE:02E8:0220|197:004A:02BE:0301:0240
round3_phase1,0xFD,3162,0x0002,0x0003,0x0000,0x01,0x002F,0x0000,0x0000,actor_2c8,7,0x10C488,0x01,0x61,0x00,0x00,0x02,0x00,0x00,0x0129,0x02D1,0x02E8,0x00,0x4A,0x00,210,10,210:404A:02D1:02F6:0121|211:404A:02C1:02F4:0121|212:404A:02D1:02F5:0131|213:404A:02BE:02EC:0121|214:404A:02AE:02E9:0121|215:404A:02BE:02EB:0131|216:404A:02AE:02E8:0131|217:404A:02BE:02ED:0111|218:404A:02AE:02EA:0111
round3_phase1,0xFD,3162,0x0002,0x0003,0x0000,0x01,0x002F,0x0000,0x0000,actor_2c8,8,0x10C4C8,0x01,0xCC,0x00,0x00,0x02,0x00,0x00,0x00ED,0x02D1,0x0420,0x00,0x47,0x00,220,19,220:4047:02B1:0420:00F0|221:4047:02B1:0421:00E0|222:4047:02C1:0422:00F0|223:4047:02C1:0423:00E0|224:4047:02C2:0427:00E8|225:4047:02D2:0428:00E8
round3_phase1,0xFD,3162,0x0002,0x0003,0x0000,0x01,0x002F,0x0000,0x0000,actor_748,0,0x10C748,0x01,0xB1,0x01,0x00,0x02,0x03,0x00,0x025B,0x02BD,0x02E8,0x01,0x00,0x00,46,1,46:400A:02B5:0329:0251
round3_phase1,0xFD,3164,0x0002,0x0003,0x0000,0x01,0x002F,0x0000,0x0000,actor_2c8,5,0x10C408,0x01,0x65,0x01,0x00,0x1F,0x00,0x01,0x0231,0x02D1,0x02E8,0x00,0x4A,0x00,190,10,190:004A:02D1:02F6:022C|191:004A:02C1:02F4:022C|192:004A:02D1:02F5:021C|193:004A:02BE:0300:022C|194:004A:02AE:02E9:022C|195:004A:02BE:02EB:021C|196:004A:02AE:02E8:021C|197:004A:02BE:0301:023C
round3_phase1,0xFD,3164,0x0002,0x0003,0x0000,0x01,0x002F,0x0000,0x0000,actor_2c8,7,0x10C488,0x01,0x60,0x00,0x00,0x02,0x00,0x00,0x0123,0x02D1,0x02E8,0x00,0x4A,0x00,210,10,210:404A:02D1:02F3:0122|211:404A:02C1:02F2:0122|212:404A:02BE:02EC:011B|213:404A:02AE:02E9:011B|214:404A:02BE:02EB:012B|215:404A:02AE:02E8:012B|216:404A:02BE:02ED:010B|217:404A:02AE:02EA:010B
round3_phase1,0xFD,3164,0x0002,0x0003,0x0000,0x01,0x002F,0x0000,0x0000,actor_2c8,8,0x10C4C8,0x01,0xC9,0x00,0x00,0x02,0x00,0x00,0x00E9,0x02D1,0x0420,0x00,0x47,0x00,220,19,220:4047:02B0:0420:00EA|221:4047:02B0:0421:00DA|222:4047:02C0:0422:00EA|223:4047:02C0:0423:00DA|224:4047:02C1:0424:00E2|225:4047:02D1:0425:00EA|226:4047:02D1:0426:00DA
round3_phase1,0xFD,3164,0x0002,0x0003,0x0000,0x01,0x002F,0x0000,0x0000,actor_748,0,0x10C748,0x01,0xAA,0x01,0x00,0x02,0x03,0x00,0x025A,0x02BD,0x02E8,0x01,0x00,0x00,46,1,46:400A:02B5:0322:0250
round3_phase1,0xFD,3166,0x0002,0x0003,0x0000,0x01,0x002F,0x0000,0x0000,actor_2c8,5,0x10C408,0x01,0x65,0x01,0x00,0x1F,0x00,0x01,0x022D,0x02D1,0x02E8,0x00,0x4A,0x00,190,10,190:004A:02D1:02F6:0228|191:004A:02C1:02F4:0228|192:004A:02D1:02F5:0218|193:004A:02BE:0300:0228|194:004A:02AE:02E9:0228|195:004A:02BE:02EB:0218|196:004A:02AE:02E8:0218|197:004A:02BE:0301:0238
round3_phase1,0xFD,3166,0x0002,0x0003,0x0000,0x01,0x002F,0x0000,0x0000,actor_2c8,7,0x10C488,0x01,0x60,0x00,0x00,0x02,0x00,0x00,0x011D,0x02D1,0x02E8,0x00,0x4A,0x00,210,10,210:404A:02D1:02F3:011C|211:404A:02C1:02F2:011C|212:404A:02BE:02EC:0115|213:404A:02AE:02E9:0115|214:404A:02BE:02EB:0125|215:404A:02AE:02E8:0125|216:404A:02BE:02ED:0105|217:404A:02AE:02EA:0105
round3_phase1,0xFD,3166,0x0002,0x0003,0x0000,0x01,0x002F,0x0000,0x0000,actor_2c8,8,0x10C4C8,0x01,0xC9,0x00,0x00,0x02,0x00,0x00,0x00E3,0x02D1,0x0420,0x00,0x47,0x00,220,19,220:4047:02B0:0420:00E4|221:4047:02B0:0421:00D4|222:4047:02C0:0422:00E4|223:4047:02C0:0423:00D4|224:4047:02C1:0424:00DC|225:4047:02D1:0425:00E4|226:4047:02D1:0426:00D4
round3_phase1,0xFD,3166,0x0002,0x0003,0x0000,0x01,0x002F,0x0000,0x0000,actor_748,0,0x10C748,0x01,0xAB,0x01,0x00,0x02,0x03,0x00,0x0259,0x02BD,0x02E8,0x01,0x00,0x00,46,1,46:400A:02B5:0323:024F
round3_phase1,0xFD,3168,0x0002,0x0003,0x0000,0x01,0x002F,0x0000,0x0000,actor_2c8,5,0x10C408,0x01,0x65,0x01,0x00,0x1F,0x00,0x01,0x0229,0x02D1,0x02E8,0x00,0x4A,0x00,190,10,190:004A:02D1:02F6:0224|191:004A:02C1:02F4:0224|192:004A:02D1:02F5:0214|193:004A:02BE:0300:0224|194:004A:02AE:02E9:0224|195:004A:02BE:02EB:0214|196:004A:02AE:02E8:0214|197:004A:02BE:0301:0234
round3_phase1,0xFD,3168,0x0002,0x0003,0x0000,0x01,0x002F,0x0000,0x0000,actor_2c8,7,0x10C488,0x01,0x60,0x00,0x00,0x02,0x00,0x00,0x0117,0x02D1,0x02E8,0x00,0x4A,0x00,210,10,210:404A:02D1:02F3:0118|211:404A:02C1:02F2:0118|212:404A:02BE:02EC:0111|213:404A:02AE:02E9:0111|214:404A:02BE:02EB:0121|215:404A:02AE:02E8:0121|216:404A:02BE:02ED:0101|217:404A:02AE:02EA:0101
round3_phase1,0xFD,3168,0x0002,0x0003,0x0000,0x01,0x002F,0x0000,0x0000,actor_2c8,8,0x10C4C8,0x01,0xC9,0x00,0x00,0x02,0x00,0x00,0x00DD,0x02D1,0x0420,0x00,0x47,0x00,220,19,220:4047:02B0:0420:00DE|221:4047:02B0:0421:00CE|222:4047:02C0:0422:00DE|223:4047:02C0:0423:00CE|224:4047:02C1:0424:00D6|225:4047:02D1:0425:00DE|226:4047:02D1:0426:00CE
round3_phase1,0xFD,3168,0x0002,0x0003,0x0000,0x01,0x002F,0x0000,0x0000,actor_748,0,0x10C748,0x01,0xAC,0x01,0x00,0x02,0x03,0x00,0x0258,0x02BD,0x02E8,0x01,0x00,0x00,46,1,46:400A:02B5:0324:024E
round3_phase1,0xFD,3170,0x0002,0x0003,0x0000,0x01,0x002F,0x0000,0x0000,actor_2c8,5,0x10C408,0x01,0x65,0x01,0x00,0x1F,0x00,0x01,0x0225,0x02D1,0x02E8,0x00,0x4A,0x00,190,10,190:004A:02D1:02F6:0220|191:004A:02C1:02F4:0220|192:004A:02D1:02F5:0210|193:004A:02BE:0300:0220|194:004A:02AE:02E9:0220|195:004A:02BE:02EB:0210|196:004A:02AE:02E8:0210|197:004A:02BE:0301:0230
round3_phase1,0xFD,3170,0x0002,0x0003,0x0000,0x01,0x002F,0x0000,0x0000,actor_2c8,7,0x10C488,0x01,0x60,0x00,0x00,0x02,0x00,0x00,0x0111,0x02D1,0x02E8,0x00,0x4A,0x00,210,10,210:404A:02D1:02F3:0112|211:404A:02C1:02F2:0112|212:404A:02BE:02EC:010B|213:404A:02AE:02E9:010B|214:404A:02BE:02EB:011B|215:404A:02AE:02E8:011B|216:404A:02BE:02ED:00FB|217:404A:02AE:02EA:00FB
round3_phase1,0xFD,3170,0x0002,0x0003,0x0000,0x01,0x002F,0x0000,0x0000,actor_2c8,8,0x10C4C8,0x01,0xC9,0x00,0x00,0x02,0x00,0x00,0x00D7,0x02D1,0x0420,0x00,0x47,0x00,220,19,220:4047:02B0:0420:00D8|221:4047:02B0:0421:00C8|222:4047:02C0:0422:00D8|223:4047:02C0:0423:00C8|224:4047:02C1:0424:00D0|225:4047:02D1:0425:00D8|226:4047:02D1:0426:00C8
round3_phase1,0xFD,3170,0x0002,0x0003,0x0000,0x01,0x002F,0x0000,0x0000,actor_748,0,0x10C748,0x01,0xAD,0x01,0x00,0x02,0x03,0x00,0x0257,0x02BD,0x02E8,0x01,0x00,0x00,46,1,46:400A:02B5:0325:024D
round3_phase1,0xFD,3172,0x0002,0x0003,0x0000,0x01,0x002F,0x0000,0x0000,actor_2c8,5,0x10C408,0x01,0x66,0x01,0x00,0x1F,0x00,0x01,0x0221,0x02D1,0x02E8,0x00,0x4A,0x00,190,10,190:004A:02D1:02F6:021C|191:004A:02C1:02F4:021C|192:004A:02D1:02F5:020C|193:004A:02BE:0304:020C|194:004A:02AE:0303:020C|195:004A:02A6:0302:01FC|196:004A:02BE:0300:021C|197:004A:02AE:02E9:021C|198:004A:02BE:0301:022C
round3_phase1,0xFD,3172,0x0002,0x0003,0x0000,0x01,0x002F,0x0000,0x0000,actor_2c8,7,0x10C488,0x01,0x61,0x00,0x00,0x02,0x00,0x00,0x010B,0x02D1,0x02E8,0x00,0x4A,0x00,210,10,210:404A:02D1:02F6:0105|211:404A:02C1:02F4:0105|212:404A:02D1:02F5:0115|213:404A:02BE:02EC:0105|214:404A:02AE:02E9:0105|215:404A:02BE:02EB:0115|216:404A:02AE:02E8:0115|217:404A:02BE:02ED:00F5|218:404A:02AE:02EA:00F5
round3_phase1,0xFD,3172,0x0002,0x0003,0x0000,0x01,0x002F,0x0000,0x0000,actor_2c8,8,0x10C4C8,0x01,0xCA,0x00,0x00,0x02,0x00,0x00,0x00D1,0x02D1,0x0420,0x00,0x47,0x00,220,19,220:4047:02B1:0420:00D2|221:4047:02B1:0421:00C2|222:4047:02C1:0422:00D2|223:4047:02C1:0423:00C2|224:4047:02C2:0427:00CA|225:4047:02D2:0428:00CA
round3_phase1,0xFD,3172,0x0002,0x0003,0x0000,0x01,0x002F,0x0000,0x0000,actor_748,0,0x10C748,0x01,0xAE,0x01,0x00,0x02,0x03,0x00,0x0256,0x02BD,0x02E8,0x01,0x00,0x00,46,1,46:400A:02B5:0326:024C
round3_phase1,0xFD,3174,0x0002,0x0003,0x0000,0x01,0x002F,0x0000,0x0000,actor_2c8,5,0x10C408,0x01,0x66,0x01,0x00,0x1F,0x00,0x01,0x021D,0x02D1,0x02E8,0x00,0x4A,0x00,190,10,190:004A:02D1:02F6:0218|191:004A:02C1:02F4:0218|192:004A:02D1:02F5:0208|193:004A:02BE:0304:0208|194:004A:02AE:0303:0208|195:004A:02A6:0302:01F8|196:004A:02BE:0300:0218|197:004A:02AE:02E9:0218|198:004A:02BE:0301:0228
round3_phase1,0xFD,3174,0x0002,0x0003,0x0000,0x01,0x002F,0x0000,0x0000,actor_2c8,7,0x10C488,0x01,0x61,0x00,0x00,0x02,0x00,0x00,0x0105,0x02D1,0x02E8,0x00,0x4A,0x00,210,10,210:404A:02D1:02F6:00FF|211:404A:02C1:02F4:00FF|212:404A:02D1:02F5:010F|213:404A:02BE:02EC:00FF|214:404A:02AE:02E9:00FF|215:404A:02BE:02EB:010F|216:404A:02AE:02E8:010F|217:404A:02BE:02ED:00EF|218:404A:02AE:02EA:00EF
round3_phase1,0xFD,3174,0x0002,0x0003,0x0000,0x01,0x002F,0x0000,0x0000,actor_2c8,8,0x10C4C8,0x01,0xC9,0x00,0x00,0x1F,0x00,0x00,0x00CD,0x02D1,0x0420,0x00,0x47,0x00,220,19,220:4047:02B1:0420:00CE|221:4047:02B1:0421:00BE|222:4047:02C1:0422:00CE|223:4047:02C1:0423:00BE|224:4047:02C2:0427:00C6|225:4047:02D2:0428:00C6
round3_phase1,0xFD,3174,0x0002,0x0003,0x0000,0x01,0x002F,0x0000,0x0000,actor_748,0,0x10C748,0x01,0xAF,0x01,0x00,0x02,0x03,0x00,0x0255,0x02BD,0x02E8,0x01,0x00,0x00,46,1,46:400A:02B5:0327:024B
round3_phase1,0xFD,3176,0x0002,0x0003,0x0000,0x01,0x002F,0x0000,0x0000,actor_2c8,5,0x10C408,0x01,0x66,0x01,0x00,0x1F,0x00,0x01,0x021B,0x02D1,0x02E8,0x00,0x4A,0x00,190,10,190:004A:02D1:02F6:0214|191:004A:02C1:02F4:0214|192:004A:02D1:02F5:0204|193:004A:02BE:0304:0204|194:004A:02AE:0303:0204|195:004A:02A6:0302:01F4|196:004A:02BE:0300:0214|197:004A:02AE:02E9:0214|198:004A:02BE:0301:0224
round3_phase1,0xFD,3176,0x0002,0x0003,0x0000,0x01,0x002F,0x0000,0x0000,actor_2c8,7,0x10C488,0x01,0x61,0x00,0x00,0x02,0x00,0x00,0x0103,0x02D1,0x02E8,0x00,0x4A,0x00,210,10,210:404A:02D1:02F6:00F9|211:404A:02C1:02F4:00F9|212:404A:02D1:02F5:0109|213:404A:02BE:02EC:00F9|214:404A:02AE:02E9:00F9|215:404A:02BE:02EB:0109|216:404A:02AE:02E8:0109|217:404A:02BE:02ED:00E9|218:404A:02AE:02EA:00E9
round3_phase1,0xFD,3176,0x0002,0x0003,0x0000,0x01,0x002F,0x0000,0x0000,actor_2c8,8,0x10C4C8,0x01,0xC9,0x00,0x00,0x1F,0x00,0x00,0x00CB,0x02D1,0x0420,0x00,0x47,0x00,220,19,220:4047:02B0:0420:00CA|221:4047:02B0:0421:00BA|222:4047:02C0:0422:00CA|223:4047:02C0:0423:00BA|224:4047:02C1:0424:00C2|225:4047:02D1:0425:00CA|226:4047:02D1:0426:00BA
round3_phase1,0xFD,3176,0x0002,0x0003,0x0000,0x01,0x002F,0x0000,0x0000,actor_748,0,0x10C748,0x01,0xB0,0x01,0x00,0x02,0x03,0x00,0x0256,0x02BD,0x02E8,0x01,0x00,0x00,46,1,46:400A:02B5:0328:024A
round3_phase1,0xFD,3178,0x0002,0x0003,0x0000,0x01,0x002F,0x0000,0x0000,actor_2c8,7,0x10C488,0x01,0x61,0x00,0x00,0x02,0x00,0x00,0x0101,0x02D1,0x02E8,0x00,0x4A,0x00,210,10,210:404A:02D1:02F6:00F7|211:404A:02C1:02F4:00F7|212:404A:02D1:02F5:0107|213:404A:02BE:02EC:00F7|214:404A:02AE:02E9:00F7|215:404A:02BE:02EB:0107|216:404A:02AE:02E8:0107|217:404A:02BE:02ED:00E7|218:404A:02AE:02EA:00E7
round3_phase1,0xFD,3178,0x0002,0x0003,0x0000,0x01,0x002F,0x0000,0x0000,actor_2c8,8,0x10C4C8,0x01,0xCD,0x00,0x00,0x1F,0x00,0x00,0x00CB,0x02D1,0x0420,0x00,0x47,0x00,220,19,220:4047:02B0:042D:00CA|221:4047:02B0:042E:00BA|222:4047:02C0:042F:00CA|223:4047:02C0:0430:00BA|224:4047:02C1:0424:00C2|225:4047:02D1:0425:00CA|226:4047:02D1:0426:00BA
round3_phase1,0xFD,3178,0x0002,0x0003,0x0000,0x01,0x002F,0x0000,0x0000,actor_748,0,0x10C748,0x01,0xB1,0x01,0x00,0x02,0x03,0x00,0x0259,0x02BD,0x02E8,0x01,0x00,0x00,46,1,46:400A:02B5:0329:024D
round3_phase1,0xFD,3180,0x0002,0x0003,0x0000,0x01,0x002F,0x0000,0x0000,actor_2c8,5,0x10C408,0x01,0x67,0x01,0x00,0x1F,0x00,0x01,0x021B,0x02D1,0x02E8,0x00,0x4A,0x00,190,10,190:004A:02D1:02F6:0214|191:004A:02C1:02F4:0214|192:004A:02D1:02F5:0204|193:004A:02BE:0308:0214|194:004A:02AE:0306:0214|195:004A:02BE:0304:0204|196:004A:02AE:0305:0204|197:004A:02BE:0309:0224|198:004A:02AE:0307:0224
round3_phase1,0xFD,3180,0x0002,0x0003,0x0000,0x01,0x002F,0x0000,0x0000,actor_2c8,7,0x10C488,0x01,0x62,0x00,0x00,0x02,0x00,0x00,0x00FF,0x02D1,0x02E8,0x00,0x4A,0x00,210,10,210:404A:02D1:02F8:00F9|211:404A:02C1:02F7:00F9|212:404A:02BE:02EC:00F5|213:404A:02AE:02E9:00F5|214:404A:02BE:02EB:0105|215:404A:02AE:02E8:0105|216:404A:02BE:02ED:00E5|217:404A:02AE:02EA:00E5
round3_phase1,0xFD,3180,0x0002,0x0003,0x0000,0x01,0x002F,0x0000,0x0000,actor_2c8,8,0x10C4C8,0x01,0xCE,0x00,0x00,0x1F,0x00,0x00,0x00CB,0x02D1,0x0420,0x00,0x47,0x00,220,19,220:4047:02B0:042D:00CA|221:4047:02B0:042E:00BA|222:4047:02C0:042F:00CA|223:4047:02C0:0430:00BA|224:4047:02C1:0424:00C2|225:4047:02D1:0425:00CA|226:4047:02D1:0426:00BA
round3_phase1,0xFD,3180,0x0002,0x0003,0x0000,0x01,0x002F,0x0000,0x0000,actor_748,1,0x10C788,0x01,0xAA,0x01,0x00,0x02,0x03,0x00,0x0226,0x02BD,0x02E8,0x01,0x00,0x00,47,1,47:400A:02B5:0322:021D
round3_phase1,0xFD,3182,0x0002,0x0003,0x0000,0x01,0x002F,0x0000,0x0000,actor_2c8,7,0x10C488,0x01,0x62,0x00,0x00,0x02,0x00,0x00,0x00FD,0x02D1,0x02E8,0x00,0x4A,0x00,210,10,210:404A:02D1:02F8:00F7|211:404A:02C1:02F7:00F7|212:404A:02BE:02EC:00F3|213:404A:02AE:02E9:00F3|214:404A:02BE:02EB:0103|215:404A:02AE:02E8:0103|216:404A:02BE:02ED:00E3|217:404A:02AE:02EA:00E3
round3_phase1,0xFD,3182,0x0002,0x0003,0x0000,0x01,0x002F,0x0000,0x0000,actor_2c8,8,0x10C4C8,0x01,0xCE,0x00,0x00,0x1F,0x00,0x00,0x00CB,0x02D1,0x0420,0x00,0x47,0x00,220,19,220:4047:02B0:0431:00CA|221:4047:02B0:0432:00BA|222:4047:02C0:0433:00CA|223:4047:02C0:0434:00BA|224:4047:02C1:0424:00C2|225:4047:02D1:0425:00CA|226:4047:02D1:0426:00BA
round3_phase1,0xFD,3182,0x0002,0x0003,0x0000,0x01,0x002F,0x0000,0x0000,actor_748,0,0x10C748,0x01,0xAB,0x01,0x00,0x02,0x03,0x00,0x025F,0x02BD,0x02E8,0x01,0x00,0x00,46,1,46:400A:02B5:0323:0253
round3_phase1,0xFD,3182,0x0002,0x0003,0x0000,0x01,0x002F,0x0000,0x0000,actor_748,1,0x10C788,0x01,0xAB,0x01,0x00,0x02,0x03,0x00,0x0229,0x02BD,0x02E8,0x01,0x00,0x00,47,1,47:400A:02B5:0323:0220
round3_phase1,0xFD,3184,0x0002,0x0003,0x0000,0x01,0x002F,0x0000,0x0000,actor_2c8,5,0x10C408,0x01,0x68,0x01,0x00,0x1F,0x00,0x01,0x021B,0x02D1,0x02E8,0x00,0x4A,0x00,190,10,190:004A:02D1:02F6:0214|191:004A:02C1:02F4:0214|192:004A:02D1:02F5:0204|193:004A:02BE:030C:0214|194:004A:02AE:02E9:0214|195:004A:02BE:030B:0204|196:004A:02AE:030A:0204|197:004A:02BE:0301:0224
round3_phase1,0xFD,3184,0x0002,0x0003,0x0000,0x01,0x002F,0x0000,0x0000,actor_2c8,7,0x10C488,0x01,0x62,0x00,0x00,0x02,0x00,0x00,0x00FB,0x02D1,0x02E8,0x00,0x4A,0x00,210,10,210:404A:02D1:02F8:00F5|211:404A:02C1:02F7:00F5|212:404A:02BE:02EC:00F1|213:404A:02AE:02E9:00F1|214:404A:02BE:02EB:0101|215:404A:02AE:02E8:0101|216:404A:02BE:02ED:00E1|217:404A:02AE:02EA:00E1
round3_phase1,0xFD,3184,0x0002,0x0003,0x0000,0x01,0x002F,0x0000,0x0000,actor_2c8,8,0x10C4C8,0x01,0xCF,0x00,0x00,0x1F,0x00,0x00,0x00CB,0x02D1,0x0420,0x00,0x47,0x00,220,19,220:4047:02B0:0435:00CA|221:4047:02B0:0436:00BA|222:4047:02B0:0437:00AA|223:4047:02C0:0438:00CA|224:4047:02C0:0439:00BA|225:4047:02C1:0424:00C2|226:4047:02D1:0425:00CA|227:4047:02D1:0426:00BA
round3_phase1,0xFD,3184,0x0002,0x0003,0x0000,0x01,0x002F,0x0000,0x0000,actor_748,0,0x10C748,0x01,0xAC,0x01,0x00,0x02,0x03,0x00,0x0262,0x02BD,0x02E8,0x01,0x00,0x00,46,1,46:400A:02B5:0324:0256
round3_phase1,0xFD,3184,0x0002,0x0003,0x0000,0x01,0x002F,0x0000,0x0000,actor_748,1,0x10C788,0x01,0xAC,0x01,0x00,0x02,0x03,0x00,0x022C,0x02BD,0x02E8,0x01,0x00,0x00,47,1,47:400A:02B5:0324:0223
round3_phase1,0xFD,3186,0x0002,0x0003,0x0000,0x01,0x002F,0x0000,0x0000,actor_748,0,0x10C748,0x01,0xAD,0x01,0x00,0x02,0x03,0x00,0x0265,0x02BD,0x02E8,0x01,0x00,0x00,46,1,46:400A:02B5:0325:0259
round3_phase1,0xFD,3186,0x0002,0x0003,0x0000,0x01,0x002F,0x0000,0x0000,actor_748,1,0x10C788,0x01,0xAD,0x01,0x00,0x02,0x03,0x00,0x022F,0x02BD,0x02E8,0x01,0x00,0x00,47,1,47:400A:02B5:0325:0226
round3_phase1,0xFD,3188,0x0002,0x0003,0x0000,0x01,0x002F,0x0000,0x0000,actor_2c8,5,0x10C408,0x01,0x68,0x01,0x00,0x01,0x00,0x02,0x021D,0x02D1,0x02E8,0x00,0x4A,0x00,190,10,190:004A:02D1:02F6:0214|191:004A:02C1:02F4:0214|192:004A:02D1:02F5:0204|193:004A:02BE:030C:0214|194:004A:02AE:02E9:0214|195:004A:02BE:030B:0204|196:004A:02AE:030A:0204|197:004A:02BE:0301:0224
round3_phase1,0xFD,3188,0x0002,0x0003,0x0000,0x01,0x002F,0x0000,0x0000,actor_2c8,7,0x10C488,0x01,0x61,0x00,0x00,0x02,0x00,0x00,0x00F7,0x02D1,0x02E8,0x00,0x4A,0x00,210,10,210:404A:02D1:02F6:00EF|211:404A:02C1:02F4:00EF|212:404A:02D1:02F5:00FF|213:404A:02BE:02EC:00EF|214:404A:02AE:02E9:00EF|215:404A:02BE:02EB:00FF|216:404A:02AE:02E8:00FF|217:404A:02BE:02ED:00DF|218:404A:02AE:02EA:00DF
round3_phase1,0xFD,3188,0x0002,0x0003,0x0000,0x01,0x002F,0x0000,0x0000,actor_748,0,0x10C748,0x01,0xAE,0x01,0x00,0x02,0x03,0x00,0x0268,0x02BD,0x02E8,0x01,0x00,0x00,46,1,46:400A:02B5:0326:025C
round3_phase1,0xFD,3188,0x0002,0x0003,0x0000,0x01,0x002F,0x0000,0x0000,actor_748,1,0x10C788,0x01,0xAE,0x01,0x00,0x02,0x03,0x00,0x0232,0x02BD,0x02E8,0x01,0x00,0x00,47,1,47:400A:02B5:0326:0229
round3_phase1,0xFD,3190,0x0002,0x0003,0x0000,0x01,0x002F,0x0000,0x0000,actor_2c8,5,0x10C408,0x01,0x68,0x01,0x00,0x01,0x00,0x02,0x021F,0x02D1,0x02E8,0x00,0x4A,0x00,190,10,190:004A:02D1:02F6:0216|191:004A:02C1:02F4:0216|192:004A:02D1:02F5:0206|193:004A:02BE:030C:0216|194:004A:02AE:02E9:0216|195:004A:02BE:030B:0206|196:004A:02AE:030A:0206|197:004A:02BE:0301:0226
round3_phase1,0xFD,3190,0x0002,0x0003,0x0000,0x01,0x002F,0x0000,0x0000,actor_2c8,7,0x10C488,0x01,0x61,0x00,0x00,0x02,0x00,0x00,0x00F5,0x02D1,0x02E8,0x00,0x4A,0x00,210,10,210:404A:02D1:02F6:00ED|211:404A:02C1:02F4:00ED|212:404A:02D1:02F5:00FD|213:404A:02BE:02EC:00ED|214:404A:02AE:02E9:00ED|215:404A:02BE:02EB:00FD|216:404A:02AE:02E8:00FD|217:404A:02BE:02ED:00DD|218:404A:02AE:02EA:00DD
round3_phase1,0xFD,3190,0x0002,0x0003,0x0000,0x01,0x002F,0x0000,0x0000,actor_748,0,0x10C748,0x01,0xAF,0x01,0x00,0x02,0x03,0x00,0x026B,0x02BD,0x02E8,0x01,0x00,0x00,46,1,46:400A:02B5:0327:025F
round3_phase1,0xFD,3190,0x0002,0x0003,0x0000,0x01,0x002F,0x0000,0x0000,actor_748,1,0x10C788,0x01,0xAF,0x01,0x00,0x02,0x03,0x00,0x0235,0x02BD,0x02E8,0x01,0x00,0x00,47,1,47:400A:02B5:0327:022C
round3_phase1,0xFD,3192,0x0002,0x0003,0x0000,0x01,0x002F,0x0000,0x0000,actor_2c8,5,0x10C408,0x01,0x68,0x01,0x00,0x01,0x00,0x02,0x0220,0x02D1,0x02E8,0x00,0x4A,0x00,190,10,190:004A:02D1:02F6:0218|191:004A:02C1:02F4:0218|192:004A:02D1:02F5:0208|193:004A:02BE:030C:0218|194:004A:02AE:02E9:0218|195:004A:02BE:030B:0208|196:004A:02AE:030A:0208|197:004A:02BE:0301:0228
round3_phase1,0xFD,3192,0x0002,0x0003,0x0000,0x01,0x002F,0x0000,0x0000,actor_2c8,7,0x10C488,0x01,0x61,0x00,0x00,0x02,0x00,0x00,0x00F2,0x02D1,0x02E8,0x00,0x4A,0x00,210,10,210:404A:02D1:02F6:00EB|211:404A:02C1:02F4:00EB|212:404A:02D1:02F5:00FB|213:404A:02BE:02EC:00EB|214:404A:02AE:02E9:00EB|215:404A:02BE:02EB:00FB|216:404A:02AE:02E8:00FB|217:404A:02BE:02ED:00DB|218:404A:02AE:02EA:00DB
round3_phase1,0xFD,3192,0x0002,0x0003,0x0000,0x01,0x002F,0x0000,0x0000,actor_748,0,0x10C748,0x01,0xB0,0x01,0x00,0x02,0x03,0x00,0x026D,0x02BD,0x02E8,0x01,0x00,0x00,46,1,46:400A:02B5:0328:0262
round3_phase1,0xFD,3192,0x0002,0x0003,0x0000,0x01,0x002F,0x0000,0x0000,actor_748,1,0x10C788,0x01,0xB0,0x01,0x00,0x02,0x03,0x00,0x0237,0x02BD,0x02E8,0x01,0x00,0x00,47,1,47:400A:02B5:0328:022F
round3_phase1,0xFD,3194,0x0002,0x0003,0x0000,0x01,0x002F,0x0000,0x0000,actor_2c8,7,0x10C488,0x01,0x61,0x00,0x00,0x02,0x00,0x00,0x00F0,0x02D1,0x02E8,0x00,0x4A,0x00,210,10,210:404A:02D1:02F6:00E7|211:404A:02C1:02F4:00E7|212:404A:02D1:02F5:00F7|213:404A:02BE:02EC:00E7|214:404A:02AE:02E9:00E7|215:404A:02BE:02EB:00F7|216:404A:02AE:02E8:00F7|217:404A:02BE:02ED:00D7|218:404A:02AE:02EA:00D7
round3_phase1,0xFD,3194,0x0002,0x0003,0x0000,0x01,0x002F,0x0000,0x0000,actor_2c8,8,0x10C4C8,0x01,0xC9,0x00,0x00,0x1F,0x00,0x00,0x00C8,0x02D1,0x0420,0x00,0x47,0x00,220,19,220:4047:02B0:0420:00C8|221:4047:02B0:0421:00B8|222:4047:02C0:0422:00C8|223:4047:02C0:0423:00B8|224:4047:02C1:0424:00C0|225:4047:02D1:0425:00C8|226:4047:02D1:0426:00B8
round3_phase1,0xFD,3194,0x0002,0x0003,0x0000,0x01,0x002F,0x0000,0x0000,actor_748,0,0x10C748,0x01,0xB1,0x01,0x00,0x02,0x03,0x00,0x026E,0x02BD,0x02E8,0x01,0x00,0x00,46,1,46:400A:02B5:0329:0263
round3_phase1,0xFD,3194,0x0002,0x0003,0x0000,0x01,0x002F,0x0000,0x0000,actor_748,1,0x10C788,0x01,0xB1,0x01,0x00,0x02,0x03,0x00,0x0238,0x02BD,0x02E8,0x01,0x00,0x00,47,1,47:400A:02B5:0329:0230
round3_phase1,0xFD,3196,0x0002,0x0003,0x0000,0x01,0x002F,0x0000,0x0000,actor_2c8,5,0x10C408,0x01,0xB3,0x01,0x00,0x01,0x00,0x02,0x021E,0x02D1,0x02E8,0x00,0x4A,0x00,190,10,190:004A:02D1:02F3:0211|191:004A:02C1:02F2:0211|192:004A:02BE:030C:0218|193:004A:02AE:02E9:0218|194:004A:02BE:030B:0208|195:004A:02AE:030A:0208|196:004A:02BE:0301:0228
round3_phase1,0xFD,3196,0x0002,0x0003,0x0000,0x01,0x002F,0x0000,0x0000,actor_2c8,7,0x10C488,0x01,0x60,0x00,0x00,0x02,0x00,0x00,0x00EC,0x02D1,0x02E8,0x00,0x4A,0x00,210,10,210:404A:02D1:02F3:00EA|211:404A:02C1:02F2:00EA|212:404A:02BE:02EC:00E3|213:404A:02AE:02E9:00E3|214:404A:02BE:02EB:00F3|215:404A:02AE:02E8:00F3|216:404A:02BE:02ED:00D3|217:404A:02AE:02EA:00D3
round3_phase1,0xFD,3196,0x0002,0x0003,0x0000,0x01,0x002F,0x0000,0x0000,actor_2c8,8,0x10C4C8,0x01,0xC9,0x00,0x00,0x1F,0x00,0x00,0x00C6,0x02D1,0x0420,0x00,0x47,0x00,220,19,220:4047:02B0:0420:00C6|221:4047:02B0:0421:00B6|222:4047:02C0:0422:00C6|223:4047:02C0:0423:00B6|224:4047:02C1:0424:00BE|225:4047:02D1:0425:00C6|226:4047:02D1:0426:00B6
round3_phase1,0xFD,3196,0x0002,0x0003,0x0000,0x01,0x002F,0x0000,0x0000,actor_748,0,0x10C748,0x01,0xAA,0x01,0x00,0x02,0x03,0x00,0x026F,0x02BD,0x02E8,0x01,0x00,0x00,46,1,46:400A:02B5:0322:0264
round3_phase1,0xFD,3196,0x0002,0x0003,0x0000,0x01,0x002F,0x0000,0x0000,actor_748,1,0x10C788,0x01,0xAA,0x01,0x00,0x02,0x03,0x00,0x0239,0x02BD,0x02E8,0x01,0x00,0x00,47,1,47:400A:02B5:0322:0231
round3_phase1,0xFD,3198,0x0002,0x0003,0x0000,0x01,0x002F,0x0000,0x0000,actor_2c8,7,0x10C488,0x01,0x60,0x00,0x00,0x02,0x00,0x00,0x00E8,0x02D1,0x02E8,0x00,0x4A,0x00,210,10,210:404A:02D1:02F3:00E6|211:404A:02C1:02F2:00E6|212:404A:02BE:02EC:00DF|213:404A:02AE:02E9:00DF|214:404A:02BE:02EB:00EF|215:404A:02AE:02E8:00EF|216:404A:02BE:02ED:00CF|217:404A:02AE:02EA:00CF
round3_phase1,0xFD,3198,0x0002,0x0003,0x0000,0x01,0x002F,0x0000,0x0000,actor_2c8,8,0x10C4C8,0x01,0xCD,0x00,0x00,0x1F,0x00,0x00,0x00C4,0x02D1,0x0420,0x00,0x47,0x00,220,19,220:4047:02B0:0420:00C4|221:4047:02B0:0421:00B4|222:4047:02C0:0422:00C4|223:4047:02C0:0423:00B4|224:4047:02C1:0424:00BC|225:4047:02D1:0425:00C4|226:4047:02D1:0426:00B4
round3_phase1,0xFD,3198,0x0002,0x0003,0x0000,0x01,0x002F,0x0000,0x0000,actor_748,0,0x10C748,0x01,0xAB,0x01,0x00,0x02,0x03,0x00,0x0270,0x02BD,0x02E8,0x01,0x00,0x00,46,1,46:400A:02B5:0323:0265
round3_phase1,0xFD,3198,0x0002,0x0003,0x0000,0x01,0x002F,0x0000,0x0000,actor_748,1,0x10C788,0x01,0xAB,0x01,0x00,0x02,0x03,0x00,0x023A,0x02BD,0x02E8,0x01,0x00,0x00,47,1,47:400A:02B5:0323:0232
round3_phase1,0xFD,3200,0x0002,0x0003,0x0000,0x01,0x002F,0x0000,0x0000,actor_2c8,7,0x10C488,0x01,0x60,0x00,0x00,0x02,0x00,0x00,0x00E4,0x02D1,0x02E8,0x00,0x4A,0x00,210,10,210:404A:02D1:02F3:00E2|211:404A:02C1:02F2:00E2|212:404A:02BE:02EC:00DB|213:404A:02AE:02E9:00DB|214:404A:02BE:02EB:00EB|215:404A:02AE:02E8:00EB|216:404A:02BE:02ED:00CB|217:404A:02AE:02EA:00CB
round3_phase1,0xFD,3200,0x0002,0x0003,0x0000,0x01,0x002F,0x0000,0x0000,actor_2c8,8,0x10C4C8,0x01,0xCD,0x00,0x00,0x1F,0x00,0x00,0x00C2,0x02D1,0x0420,0x00,0x47,0x00,220,19,220:4047:02B0:042D:00C2|221:4047:02B0:042E:00B2|222:4047:02C0:042F:00C2|223:4047:02C0:0430:00B2|224:4047:02C1:0424:00BA|225:4047:02D1:0425:00C2|226:4047:02D1:0426:00B2
round3_phase1,0xFD,3200,0x0002,0x0003,0x0000,0x01,0x002F,0x0000,0x0000,actor_748,0,0x10C748,0x01,0xAC,0x01,0x00,0x02,0x03,0x00,0x0271,0x02BD,0x02E8,0x01,0x00,0x00,46,1,46:400A:02B5:0324:0266
round3_phase1,0xFD,3200,0x0002,0x0003,0x0000,0x01,0x002F,0x0000,0x0000,actor_748,1,0x10C788,0x01,0xAC,0x01,0x00,0x02,0x03,0x00,0x023B,0x02BD,0x02E8,0x01,0x00,0x00,47,1,47:400A:02B5:0324:0233
round3_phase1,0xFD,3202,0x0002,0x0003,0x0000,0x01,0x002F,0x0000,0x0000,actor_2c8,7,0x10C488,0x01,0x60,0x00,0x00,0x02,0x00,0x00,0x00E0,0x02D1,0x02E8,0x00,0x4A,0x00,210,10,210:404A:02D1:02F3:00DE|211:404A:02C1:02F2:00DE|212:404A:02BE:02EC:00D7|213:404A:02AE:02E9:00D7|214:404A:02BE:02EB:00E7|215:404A:02AE:02E8:00E7|216:404A:02BE:02ED:00C7|217:404A:02AE:02EA:00C7
round3_phase1,0xFD,3202,0x0002,0x0003,0x0000,0x01,0x002F,0x0000,0x0000,actor_2c8,8,0x10C4C8,0x01,0xCE,0x00,0x00,0x1F,0x00,0x00,0x00C0,0x02D1,0x0420,0x00,0x47,0x00,220,19,220:4047:02B0:0431:00C0|221:4047:02B0:0432:00B0|222:4047:02C0:0433:00C0|223:4047:02C0:0434:00B0|224:4047:02C1:0424:00B8|225:4047:02D1:0425:00C0|226:4047:02D1:0426:00B0
round3_phase1,0xFD,3202,0x0002,0x0003,0x0000,0x01,0x002F,0x0000,0x0000,actor_748,0,0x10C748,0x01,0xAD,0x01,0x00,0x02,0x03,0x00,0x0272,0x02BD,0x02E8,0x01,0x00,0x00,46,1,46:400A:02B5:0325:0267
round3_phase1,0xFD,3202,0x0002,0x0003,0x0000,0x01,0x002F,0x0000,0x0000,actor_748,1,0x10C788,0x01,0xAD,0x01,0x00,0x02,0x03,0x00,0x023C,0x02BD,0x02E8,0x01,0x00,0x00,47,1,47:400A:02B5:0325:0234
round3_phase1,0xFD,3204,0x0002,0x0003,0x0000,0x01,0x002F,0x0000,0x0000,actor_2c8,7,0x10C488,0x01,0x61,0x00,0x00,0x02,0x00,0x00,0x00DC,0x02D1,0x02E8,0x00,0x4A,0x00,210,10,210:404A:02D1:02F6:00D5|211:404A:02C1:02F4:00D5|212:404A:02D1:02F5:00E5|213:404A:02BE:02EC:00D5|214:404A:02AE:02E9:00D5|215:404A:02BE:02EB:00E5|216:404A:02AE:02E8:00E5|217:404A:02BE:02ED:00C5|218:404A:02AE:02EA:00C5
round3_phase1,0xFD,3204,0x0002,0x0003,0x0000,0x01,0x002F,0x0000,0x0000,actor_2c8,8,0x10C4C8,0x01,0xCF,0x00,0x00,0x1F,0x00,0x00,0x00BE,0x02D1,0x0420,0x00,0x47,0x00,220,19,220:4047:02B0:0431:00BE|221:4047:02B0:0432:00AE|222:4047:02C0:0433:00BE|223:4047:02C0:0434:00AE|224:4047:02C1:0424:00B6|225:4047:02D1:0425:00BE|226:4047:02D1:0426:00AE
round3_phase1,0xFD,3204,0x0002,0x0003,0x0000,0x01,0x002F,0x0000,0x0000,actor_748,0,0x10C748,0x01,0xAE,0x01,0x00,0x02,0x03,0x00,0x0273,0x02BD,0x02E8,0x01,0x00,0x00,46,1,46:400A:02B5:0326:0268
round3_phase1,0xFD,3204,0x0002,0x0003,0x0000,0x01,0x002F,0x0000,0x0000,actor_748,1,0x10C788,0x01,0xAE,0x01,0x00,0x02,0x03,0x00,0x023D,0x02BD,0x02E8,0x01,0x00,0x00,47,1,47:400A:02B5:0326:0235
round3_phase1,0xFD,3206,0x0002,0x0003,0x0000,0x01,0x002F,0x0000,0x0000,actor_2c8,7,0x10C488,0x01,0x61,0x00,0x00,0x02,0x00,0x00,0x00D8,0x02D1,0x02E8,0x00,0x4A,0x00,210,10,210:404A:02D1:02F6:00D1|211:404A:02C1:02F4:00D1|212:404A:02D1:02F5:00E1|213:404A:02BE:02EC:00D1|214:404A:02AE:02E9:00D1|215:404A:02BE:02EB:00E1|216:404A:02AE:02E8:00E1|217:404A:02BE:02ED:00C1|218:404A:02AE:02EA:00C1
round3_phase1,0xFD,3206,0x0002,0x0003,0x0000,0x01,0x002F,0x0000,0x0000,actor_2c8,8,0x10C4C8,0x01,0xCF,0x00,0x00,0x1F,0x00,0x00,0x00BC,0x02D1,0x0420,0x00,0x47,0x00,220,19,220:4047:02B0:0435:00BC|221:4047:02B0:0436:00AC|222:4047:02B0:0437:009C|223:4047:02C0:0438:00BC|224:4047:02C0:0439:00AC|225:4047:02C1:0424:00B4|226:4047:02D1:0425:00BC|227:4047:02D1:0426:00AC
round3_phase1,0xFD,3206,0x0002,0x0003,0x0000,0x01,0x002F,0x0000,0x0000,actor_748,0,0x10C748,0x01,0xAF,0x01,0x00,0x02,0x03,0x00,0x0274,0x02BD,0x02E8,0x01,0x00,0x00,46,1,46:400A:02B5:0327:0269
round3_phase1,0xFD,3206,0x0002,0x0003,0x0000,0x01,0x002F,0x0000,0x0000,actor_748,1,0x10C788,0x01,0xAF,0x01,0x00,0x02,0x03,0x00,0x023E,0x02BD,0x02E8,0x01,0x00,0x00,47,1,47:400A:02B5:0327:0236
round3_phase1,0xFD,3208,0x0002,0x0003,0x0000,0x01,0x002F,0x0000,0x0000,actor_2c8,7,0x10C488,0x01,0x61,0x00,0x00,0x02,0x00,0x00,0x00D4,0x02D1,0x02E8,0x00,0x4A,0x00,210,10,210:404A:02D1:02F6:00CD|211:404A:02C1:02F4:00CD|212:404A:02D1:02F5:00DD|213:404A:02BE:02EC:00CD|214:404A:02AE:02E9:00CD|215:404A:02BE:02EB:00DD|216:404A:02AE:02E8:00DD|217:404A:02BE:02ED:00BD|218:404A:02AE:02EA:00BD
round3_phase1,0xFD,3208,0x0002,0x0003,0x0000,0x01,0x002F,0x0000,0x0000,actor_2c8,8,0x10C4C8,0x01,0xCF,0x00,0x00,0x1F,0x00,0x00,0x00BA,0x02D1,0x0420,0x00,0x47,0x00,220,19,220:4047:02B0:0435:00BA|221:4047:02B0:0436:00AA|222:4047:02B0:0437:009A|223:4047:02C0:0438:00BA|224:4047:02C0:0439:00AA|225:4047:02C1:0424:00B2|226:4047:02D1:0425:00BA|227:4047:02D1:0426:00AA
round3_phase1,0xFD,3208,0x0002,0x0003,0x0000,0x01,0x002F,0x0000,0x0000,actor_748,0,0x10C748,0x01,0xB0,0x01,0x00,0x02,0x03,0x00,0x0275,0x02BD,0x02E8,0x01,0x00,0x00,46,1,46:400A:02B5:0328:026A
round3_phase1,0xFD,3208,0x0002,0x0003,0x0000,0x01,0x002F,0x0000,0x0000,actor_748,1,0x10C788,0x01,0xB0,0x01,0x00,0x02,0x03,0x00,0x023F,0x02BD,0x02E8,0x01,0x00,0x00,47,1,47:400A:02B5:0328:0237
round3_phase1,0xFD,3210,0x0002,0x0003,0x0000,0x01,0x002F,0x0000,0x0000,actor_2c8,7,0x10C488,0x01,0x61,0x00,0x00,0x02,0x00,0x00,0x00D0,0x02D1,0x02E8,0x00,0x4A,0x00,210,10,210:404A:02D1:02F6:00C9|211:404A:02C1:02F4:00C9|212:404A:02D1:02F5:00D9|213:404A:02BE:02EC:00C9|214:404A:02AE:02E9:00C9|215:404A:02BE:02EB:00D9|216:404A:02AE:02E8:00D9|217:404A:02BE:02ED:00B9|218:404A:02AE:02EA:00B9
round3_phase1,0xFD,3210,0x0002,0x0003,0x0000,0x01,0x002F,0x0000,0x0000,actor_2c8,8,0x10C4C8,0x01,0xC9,0x00,0x00,0x1F,0x00,0x00,0x00B8,0x02D1,0x0420,0x00,0x47,0x00,220,19,220:4047:02B0:0435:00B8|221:4047:02B0:0436:00A8|222:4047:02B0:0437:0098|223:4047:02C0:0438:00B8|224:4047:02C0:0439:00A8|225:4047:02C1:0424:00B0|226:4047:02D1:0425:00B8|227:4047:02D1:0426:00A8
round3_phase1,0xFD,3210,0x0002,0x0003,0x0000,0x01,0x002F,0x0000,0x0000,actor_748,0,0x10C748,0x01,0xB1,0x01,0x00,0x02,0x03,0x00,0x0276,0x02BD,0x02E8,0x01,0x00,0x00,46,1,46:400A:02B5:0329:026B
round3_phase1,0xFD,3210,0x0002,0x0003,0x0000,0x01,0x002F,0x0000,0x0000,actor_748,1,0x10C788,0x01,0xB1,0x01,0x00,0x02,0x03,0x00,0x0240,0x02BD,0x02E8,0x01,0x00,0x00,47,1,47:400A:02B5:0329:0238
round3_phase1,0xFD,3212,0x0002,0x0003,0x0000,0x01,0x002F,0x0000,0x0000,actor_2c8,5,0x10C408,0x01,0xB4,0x01,0x00,0x01,0x00,0x02,0x021E,0x02D1,0x02E8,0x00,0x4A,0x00,190,10,190:004A:02D1:02F8:0212|191:004A:02C1:02F7:0212|192:004A:02BE:030C:0216|193:004A:02AE:02E9:0216|194:004A:02BE:030B:0206|195:004A:02AE:030A:0206|196:004A:02BE:0301:0226
round3_phase1,0xFD,3212,0x0002,0x0003,0x0000,0x01,0x002F,0x0000,0x0000,actor_2c8,7,0x10C488,0x01,0x62,0x00,0x00,0x02,0x00,0x00,0x00CE,0x02D1,0x02E8,0x00,0x4A,0x00,210,10,210:404A:02D1:02F8:00C9|211:404A:02C1:02F7:00C9|212:404A:02BE:02EC:00C5|213:404A:02AE:02E9:00C5|214:404A:02BE:02EB:00D5|215:404A:02AE:02E8:00D5|216:404A:02BE:02ED:00B5|217:404A:02AE:02EA:00B5
round3_phase1,0xFD,3212,0x0002,0x0003,0x0000,0x01,0x002F,0x0000,0x0000,actor_2c8,8,0x10C4C8,0x01,0xC9,0x00,0x00,0x1F,0x00,0x00,0x00B6,0x02D1,0x0420,0x00,0x47,0x00,220,19,220:4047:02B0:0420:00B6|221:4047:02B0:0421:00A6|222:4047:02C0:0422:00B6|223:4047:02C0:0423:00A6|224:4047:02C1:0424:00AE|225:4047:02D1:0425:00B6|226:4047:02D1:0426:00A6
round3_phase1,0xFD,3212,0x0002,0x0003,0x0000,0x01,0x002F,0x0000,0x0000,actor_748,0,0x10C748,0x01,0xAA,0x01,0x00,0x02,0x03,0x00,0x0277,0x02BD,0x02E8,0x01,0x00,0x00,46,1,46:400A:02B5:0322:026C
round3_phase1,0xFD,3212,0x0002,0x0003,0x0000,0x01,0x002F,0x0000,0x0000,actor_748,1,0x10C788,0x01,0xAA,0x01,0x00,0x02,0x03,0x00,0x0241,0x02BD,0x02E8,0x01,0x00,0x00,47,1,47:400A:02B5:0322:0239
round3_phase1,0xFD,3214,0x0002,0x0003,0x0000,0x01,0x002F,0x0000,0x0000,actor_2c8,7,0x10C488,0x01,0x62,0x00,0x00,0x02,0x00,0x00,0x00CA,0x02D1,0x02E8,0x00,0x4A,0x00,210,10,210:404A:02D1:02F8:00C5|211:404A:02C1:02F7:00C5|212:404A:02BE:02EC:00C1|213:404A:02AE:02E9:00C1|214:404A:02BE:02EB:00D1|215:404A:02AE:02E8:00D1|216:404A:02BE:02ED:00B1|217:404A:02AE:02EA:00B1
round3_phase1,0xFD,3214,0x0002,0x0003,0x0000,0x01,0x002F,0x0000,0x0000,actor_2c8,8,0x10C4C8,0x01,0xC9,0x00,0x00,0x1F,0x00,0x00,0x00B4,0x02D1,0x0420,0x00,0x47,0x00,220,19,220:4047:02B0:0420:00B4|221:4047:02B0:0421:00A4|222:4047:02C0:0422:00B4|223:4047:02C0:0423:00A4|224:4047:02C1:0424:00AC|225:4047:02D1:0425:00B4|226:4047:02D1:0426:00A4
round3_phase1,0xFD,3214,0x0002,0x0003,0x0000,0x01,0x002F,0x0000,0x0000,actor_748,0,0x10C748,0x01,0xAB,0x01,0x00,0x02,0x03,0x00,0x0278,0x02BD,0x02E8,0x01,0x00,0x00,46,1,46:400A:02B5:0323:026D
round3_phase1,0xFD,3214,0x0002,0x0003,0x0000,0x01,0x002F,0x0000,0x0000,actor_748,1,0x10C788,0x01,0xAB,0x01,0x00,0x02,0x03,0x00,0x0242,0x02BD,0x02E8,0x01,0x00,0x00,47,1,47:400A:02B5:0323:023A
round3_phase1,0xFD,3216,0x0002,0x0003,0x0000,0x01,0x002F,0x0000,0x0000,actor_2c8,7,0x10C488,0x01,0x62,0x00,0x00,0x02,0x00,0x00,0x00C6,0x02D1,0x02E8,0x00,0x4A,0x00,210,10,210:404A:02D1:02F8:00C1|211:404A:02C1:02F7:00C1|212:404A:02BE:02EC:00BD|213:404A:02AE:02E9:00BD|214:404A:02BE:02EB:00CD|215:404A:02AE:02E8:00CD|216:404A:02BE:02ED:00AD|217:404A:02AE:02EA:00AD
round3_phase1,0xFD,3216,0x0002,0x0003,0x0000,0x01,0x002F,0x0000,0x0000,actor_2c8,8,0x10C4C8,0x01,0xC9,0x00,0x00,0x1F,0x00,0x00,0x00B2,0x02D1,0x0420,0x00,0x47,0x00,220,19,220:4047:02B0:0420:00B2|221:4047:02B0:0421:00A2|222:4047:02C0:0422:00B2|223:4047:02C0:0423:00A2|224:4047:02C1:0424:00AA|225:4047:02D1:0425:00B2|226:4047:02D1:0426:00A2
round3_phase1,0xFD,3216,0x0002,0x0003,0x0000,0x01,0x002F,0x0000,0x0000,actor_748,0,0x10C748,0x01,0xAC,0x01,0x00,0x02,0x03,0x00,0x0279,0x02BD,0x02E8,0x01,0x00,0x00,46,1,46:400A:02B5:0324:026E
round3_phase1,0xFD,3216,0x0002,0x0003,0x0000,0x01,0x002F,0x0000,0x0000,actor_748,1,0x10C788,0x01,0xAC,0x01,0x00,0x02,0x03,0x00,0x0243,0x02BD,0x02E8,0x01,0x00,0x00,47,1,47:400A:02B5:0324:023B
round3_phase1,0xFD,3218,0x0002,0x0003,0x0000,0x01,0x002F,0x0000,0x0000,actor_2c8,5,0x10C408,0x01,0xB4,0x01,0x00,0x01,0x00,0x02,0x021E,0x02D1,0x02E8,0x00,0x4A,0x00,190,10,190:004A:02D1:02F8:0213|191:004A:02C1:02F7:0213|192:004A:02BE:030C:0217|193:004A:02AE:02E9:0217|194:004A:02BE:030B:0207|195:004A:02AE:030A:0207|196:004A:02BE:0301:0227
round3_phase1,0xFD,3218,0x0002,0x0003,0x0000,0x01,0x002F,0x0000,0x0000,actor_2c8,7,0x10C488,0x01,0x62,0x00,0x00,0x02,0x00,0x00,0x00C4,0x02D1,0x02E8,0x00,0x4A,0x00,210,10,210:404A:02D1:02F8:00BE|211:404A:02C1:02F7:00BE|212:404A:02BE:02EC:00BA|213:404A:02AE:02E9:00BA|214:404A:02BE:02EB:00CA|215:404A:02AE:02E8:00CA|216:404A:02BE:02ED:00AA|217:404A:02AE:02EA:00AA
round3_phase1,0xFD,3218,0x0002,0x0003,0x0000,0x01,0x002F,0x0000,0x0000,actor_2c8,8,0x10C4C8,0x01,0xC9,0x00,0x00,0x1F,0x00,0x00,0x00B2,0x02D1,0x0420,0x00,0x47,0x00,220,19,220:4047:02B0:0420:00B1|221:4047:02B0:0421:00A1|222:4047:02C0:0422:00B1|223:4047:02C0:0423:00A1|224:4047:02C1:0424:00A9|225:4047:02D1:0425:00B1|226:4047:02D1:0426:00A1
round3_phase1,0xFD,3218,0x0002,0x0003,0x0000,0x01,0x002F,0x0000,0x0000,actor_748,0,0x10C748,0x01,0xAD,0x01,0x00,0x02,0x03,0x00,0x027C,0x02BD,0x02E8,0x01,0x00,0x00,46,1,46:400A:02B5:0325:0270
round3_phase1,0xFD,3218,0x0002,0x0003,0x0000,0x01,0x002F,0x0000,0x0000,actor_748,1,0x10C788,0x01,0xAD,0x01,0x00,0x02,0x03,0x00,0x0246,0x02BD,0x02E8,0x01,0x00,0x00,47,1,47:400A:02B5:0325:023D
round3_phase1,0xFD,3220,0x0002,0x0003,0x0000,0x01,0x002F,0x0000,0x0000,actor_2c8,7,0x10C488,0x01,0x61,0x00,0x00,0x02,0x00,0x00,0x00C0,0x02D1,0x02E8,0x00,0x4A,0x00,210,10,210:404A:02D1:02F6:00B7|211:404A:02C1:02F4:00B7|212:404A:02D1:02F5:00C7|213:404A:02BE:02EC:00B7|214:404A:02AE:02E9:00B7|215:404A:02BE:02EB:00C7|216:404A:02AE:02E8:00C7|217:404A:02BE:02ED:00A7|218:404A:02AE:02EA:00A7
round3_phase1,0xFD,3220,0x0002,0x0003,0x0000,0x01,0x002F,0x0000,0x0000,actor_2c8,8,0x10C4C8,0x01,0xCD,0x00,0x00,0x1F,0x00,0x00,0x00B0,0x02D1,0x0420,0x00,0x47,0x00,220,19,220:4047:02B0:042D:00B0|221:4047:02B0:042E:00A0|222:4047:02C0:042F:00B0|223:4047:02C0:0430:00A0|224:4047:02C1:0424:00A8|225:4047:02D1:0425:00B0|226:4047:02D1:0426:00A0
round3_phase1,0xFD,3220,0x0002,0x0003,0x0000,0x01,0x002F,0x0000,0x0000,actor_748,0,0x10C748,0x01,0xAE,0x01,0x00,0x02,0x03,0x00,0x027D,0x02BD,0x02E8,0x01,0x00,0x00,46,1,46:400A:02B5:0326:0272
round3_phase1,0xFD,3220,0x0002,0x0003,0x0000,0x01,0x002F,0x0000,0x0000,actor_748,1,0x10C788,0x01,0xAE,0x01,0x00,0x02,0x03,0x00,0x0247,0x02BD,0x02E8,0x01,0x00,0x00,47,1,47:400A:02B5:0326:023F
round3_phase1,0xFD,3222,0x0002,0x0003,0x0000,0x01,0x002F,0x0000,0x0000,actor_2c8,5,0x10C408,0x01,0x68,0x01,0x00,0x01,0x00,0x02,0x0220,0x02D1,0x02E8,0x00,0x4A,0x00,190,10,190:004A:02D1:02F6:0219|191:004A:02C1:02F4:0219|192:004A:02D1:02F5:0209|193:004A:02BE:030C:0219|194:004A:02AE:02E9:0219|195:004A:02BE:030B:0209|196:004A:02AE:030A:0209|197:004A:02BE:0301:0229
round3_phase1,0xFD,3222,0x0002,0x0003,0x0000,0x01,0x002F,0x0000,0x0000,actor_2c8,7,0x10C488,0x01,0x61,0x00,0x00,0x02,0x00,0x00,0x00BE,0x02D1,0x02E8,0x00,0x4A,0x00,210,10,210:404A:02D1:02F6:00B6|211:404A:02C1:02F4:00B6|212:404A:02D1:02F5:00C6|213:404A:02BE:02EC:00B6|214:404A:02AE:02E9:00B6|215:404A:02BE:02EB:00C6|216:404A:02AE:02E8:00C6|217:404A:02BE:02ED:00A6|218:404A:02AE:02EA:00A6
round3_phase1,0xFD,3222,0x0002,0x0003,0x0000,0x01,0x002F,0x0000,0x0000,actor_2c8,8,0x10C4C8,0x01,0xCE,0x00,0x00,0x1F,0x00,0x00,0x00B0,0x02D1,0x0420,0x00,0x47,0x00,220,19,220:4047:02B0:042D:00AF|221:4047:02B0:042E:009F|222:4047:02C0:042F:00AF|223:4047:02C0:0430:009F|224:4047:02C1:0424:00A7|225:4047:02D1:0425:00AF|226:4047:02D1:0426:009F
round3_phase1,0xFD,3222,0x0002,0x0003,0x0000,0x01,0x002F,0x0000,0x0000,actor_748,0,0x10C748,0x01,0xAF,0x01,0x00,0x02,0x03,0x00,0x0280,0x02BD,0x02E8,0x01,0x00,0x00,46,1,46:400A:02B5:0327:0274
round3_phase1,0xFD,3222,0x0002,0x0003,0x0000,0x01,0x002F,0x0000,0x0000,actor_748,1,0x10C788,0x01,0xAF,0x01,0x00,0x02,0x03,0x00,0x024A,0x02BD,0x02E8,0x01,0x00,0x00,47,1,47:400A:02B5:0327:0241
round3_phase1,0xFD,3224,0x0002,0x0003,0x0000,0x01,0x002F,0x0000,0x0000,actor_2c8,4,0x10C3C8,0x01,0x5F,0x00,0x00,0x08,0x00,0x00,0x0153,0x0291,0x02E8,0x00,0x4A,0x00,180,10,
round3_phase1,0xFD,3224,0x0002,0x0003,0x0000,0x01,0x002F,0x0000,0x0000,actor_2c8,7,0x10C488,0x01,0x61,0x00,0x00,0x02,0x00,0x00,0x00BA,0x02D1,0x02E8,0x00,0x4A,0x00,210,10,210:404A:02D1:02F6:00B3|211:404A:02C1:02F4:00B3|212:404A:02D1:02F5:00C3|213:404A:02BE:02EC:00B3|214:404A:02AE:02E9:00B3|215:404A:02BE:02EB:00C3|216:404A:02AE:02E8:00C3|217:404A:02BE:02ED:00A3|218:404A:02AE:02EA:00A3
round3_phase1,0xFD,3224,0x0002,0x0003,0x0000,0x01,0x002F,0x0000,0x0000,actor_2c8,8,0x10C4C8,0x01,0xCE,0x00,0x00,0x1F,0x00,0x00,0x00AE,0x02D1,0x0420,0x00,0x47,0x00,220,19,220:4047:02B0:0431:00AE|221:4047:02B0:0432:009E|222:4047:02C0:0433:00AE|223:4047:02C0:0434:009E|224:4047:02C1:0424:00A6|225:4047:02D1:0425:00AE|226:4047:02D1:0426:009E
round3_phase1,0xFD,3224,0x0002,0x0003,0x0000,0x01,0x002F,0x0000,0x0000,actor_748,0,0x10C748,0x01,0xB0,0x01,0x00,0x02,0x03,0x00,0x0281,0x02BD,0x02E8,0x01,0x00,0x00,46,1,46:400A:02B5:0328:0276
round3_phase1,0xFD,3224,0x0002,0x0003,0x0000,0x01,0x002F,0x0000,0x0000,actor_748,1,0x10C788,0x01,0xB0,0x01,0x00,0x02,0x03,0x00,0x024B,0x02BD,0x02E8,0x01,0x00,0x00,47,1,47:400A:02B5:0328:0243
round3_phase1,0xFD,3226,0x0002,0x0003,0x0000,0x01,0x002F,0x0000,0x0000,actor_2c8,4,0x10C3C8,0x01,0x5F,0x00,0x00,0x08,0x00,0x00,0x014F,0x0292,0x02E8,0x00,0x4A,0x00,180,10,180:404A:0291:02F1:0142|181:404A:0281:02EF:0142|182:404A:0291:02F0:0152|183:404A:0281:02EE:0152|184:404A:027E:02EC:0149|185:404A:026E:02E9:0149|186:404A:027E:02EB:0159|187:404A:026E:02E8:0159|188:404A:027E:02ED:0139|189:404A:026E:02EA:0139
round3_phase1,0xFD,3226,0x0002,0x0003,0x0000,0x01,0x002F,0x0000,0x0000,actor_2c8,5,0x10C408,0x01,0x68,0x00,0x00,0x02,0x00,0x02,0x021A,0x02D1,0x02E8,0x00,0x4A,0x00,190,10,190:404A:02D1:02F6:0212|191:404A:02C1:02F4:0212|192:404A:02D1:02F5:0222|193:404A:02BE:030C:0212|194:404A:02AE:02E9:0212|195:404A:02BE:030B:0222|196:404A:02AE:030A:0222|197:404A:02BE:0301:0202
round3_phase1,0xFD,3226,0x0002,0x0003,0x0000,0x01,0x002F,0x0000,0x0000,actor_2c8,7,0x10C488,0x01,0x61,0x00,0x00,0x02,0x00,0x00,0x00B8,0x02D1,0x02E8,0x00,0x4A,0x00,210,10,210:404A:02D1:02F6:00B0|211:404A:02C1:02F4:00B0|212:404A:02D1:02F5:00C0|213:404A:02BE:02EC:00B0|214:404A:02AE:02E9:00B0|215:404A:02BE:02EB:00C0|216:404A:02AE:02E8:00C0|217:404A:02BE:02ED:00A0|218:404A:02AE:02EA:00A0
round3_phase1,0xFD,3226,0x0002,0x0003,0x0000,0x01,0x002F,0x0000,0x0000,actor_2c8,8,0x10C4C8,0x01,0xCF,0x00,0x00,0x1F,0x00,0x00,0x00AE,0x02D1,0x0420,0x00,0x47,0x00,220,19,220:4047:02B0:0435:00AD|221:4047:02B0:0436:009D|222:4047:02B0:0437:008D|223:4047:02C0:0438:00AD|224:4047:02C0:0439:009D|225:4047:02C1:0424:00A5|226:4047:02D1:0425:00AD|227:4047:02D1:0426:009D
round3_phase1,0xFD,3226,0x0002,0x0003,0x0000,0x01,0x002F,0x0000,0x0000,actor_748,0,0x10C748,0x01,0xB1,0x01,0x00,0x02,0x03,0x00,0x0284,0x02BD,0x02E8,0x01,0x00,0x00,46,1,46:400A:02B5:0329:0278
round3_phase1,0xFD,3226,0x0002,0x0003,0x0000,0x01,0x002F,0x0000,0x0000,actor_748,1,0x10C788,0x01,0xB1,0x01,0x00,0x02,0x03,0x00,0x024E,0x02BD,0x02E8,0x01,0x00,0x00,47,1,47:400A:02B5:0329:0245
round3_phase1,0xFD,3228,0x0002,0x0003,0x0000,0x01,0x002F,0x0000,0x0000,actor_2c8,4,0x10C3C8,0x01,0x5F,0x00,0x00,0x08,0x00,0x00,0x014A,0x0293,0x02E8,0x00,0x4A,0x00,180,10,180:404A:0292:02F1:013D|181:404A:0282:02EF:013D|182:404A:0292:02F0:014D|183:404A:0282:02EE:014D|184:404A:027F:02EC:0144|185:404A:026F:02E9:0144|186:404A:027F:02EB:0154|187:404A:026F:02E8:0154|188:404A:027F:02ED:0134|189:404A:026F:02EA:0134
round3_phase1,0xFD,3228,0x0002,0x0003,0x0000,0x01,0x002F,0x0000,0x0000,actor_2c8,5,0x10C408,0x01,0xB3,0x00,0x00,0x02,0x00,0x02,0x0216,0x02D1,0x02E8,0x00,0x4A,0x00,190,10,190:404A:02D1:02F3:0216|191:404A:02C1:02F2:0216|192:404A:02BE:030C:020F|193:404A:02AE:02E9:020F|194:404A:02BE:030B:021F|195:404A:02AE:030A:021F|196:404A:02BE:0301:01FF
round3_phase1,0xFD,3228,0x0002,0x0003,0x0000,0x01,0x002F,0x0000,0x0000,actor_2c8,7,0x10C488,0x01,0x60,0x00,0x00,0x02,0x00,0x00,0x00B4,0x02D1,0x02E8,0x00,0x4A,0x00,210,10,210:404A:02D1:02F3:00B4|211:404A:02C1:02F2:00B4|212:404A:02BE:02EC:00AD|213:404A:02AE:02E9:00AD|214:404A:02BE:02EB:00BD|215:404A:02AE:02E8:00BD|216:404A:02BE:02ED:009D|217:404A:02AE:02EA:009D
round3_phase1,0xFD,3228,0x0002,0x0003,0x0000,0x01,0x002F,0x0000,0x0000,actor_2c8,8,0x10C4C8,0x01,0xCF,0x00,0x00,0x1F,0x00,0x00,0x00AC,0x02D1,0x0420,0x00,0x47,0x00,220,19,220:4047:02B0:0435:00AC|221:4047:02B0:0436:009C|222:4047:02B0:0437:008C|223:4047:02C0:0438:00AC|224:4047:02C0:0439:009C|225:4047:02C1:0424:00A4|226:4047:02D1:0425:00AC|227:4047:02D1:0426:009C
round3_phase1,0xFD,3228,0x0002,0x0003,0x0000,0x01,0x002F,0x0000,0x0000,actor_748,0,0x10C748,0x01,0xAA,0x01,0x00,0x02,0x03,0x00,0x0285,0x02BD,0x02E8,0x01,0x00,0x00,46,1,46:400A:02B5:0322:027A
round3_phase1,0xFD,3228,0x0002,0x0003,0x0000,0x01,0x002F,0x0000,0x0000,actor_748,1,0x10C788,0x01,0xAA,0x01,0x00,0x02,0x03,0x00,0x024F,0x02BD,0x02E8,0x01,0x00,0x00,47,1,47:400A:02B5:0322:0247
round3_phase1,0xFD,3230,0x0002,0x0003,0x0000,0x01,0x002F,0x0000,0x0000,actor_2c8,4,0x10C3C8,0x01,0x5F,0x00,0x00,0x08,0x00,0x00,0x0147,0x0294,0x02E8,0x00,0x4A,0x00,180,10,180:404A:0293:02F1:0139|181:404A:0283:02EF:0139|182:404A:0293:02F0:0149|183:404A:0283:02EE:0149|184:404A:0280:02EC:0140|185:404A:0270:02E9:0140|186:404A:0280:02EB:0150|187:404A:0270:02E8:0150|188:404A:0280:02ED:0130|189:404A:0270:02EA:0130
round3_phase1,0xFD,3230,0x0002,0x0003,0x0000,0x01,0x002F,0x0000,0x0000,actor_2c8,5,0x10C408,0x01,0xB3,0x00,0x00,0x02,0x00,0x02,0x0214,0x02D1,0x02E8,0x00,0x4A,0x00,190,10,190:404A:02D1:02F3:0213|191:404A:02C1:02F2:0213|192:404A:02BE:030C:020C|193:404A:02AE:02E9:020C|194:404A:02BE:030B:021C|195:404A:02AE:030A:021C|196:404A:02BE:0301:01FC
round3_phase1,0xFD,3230,0x0002,0x0003,0x0000,0x01,0x002F,0x0000,0x0000,actor_2c8,7,0x10C488,0x01,0x60,0x00,0x00,0x02,0x00,0x00,0x00B4,0x02D1,0x02E8,0x00,0x4A,0x00,210,10,210:404A:02D1:02F3:00B1|211:404A:02C1:02F2:00B1|212:404A:02BE:02EC:00AA|213:404A:02AE:02E9:00AA|214:404A:02BE:02EB:00BA|215:404A:02AE:02E8:00BA|216:404A:02BE:02ED:009A|217:404A:02AE:02EA:009A
round3_phase1,0xFD,3230,0x0002,0x0003,0x0000,0x01,0x002F,0x0000,0x0000,actor_2c8,8,0x10C4C8,0x01,0xCF,0x00,0x00,0x1F,0x00,0x00,0x00AC,0x02D1,0x0420,0x00,0x47,0x00,220,19,220:4047:02B0:0435:00AB|221:4047:02B0:0436:009B|222:4047:02B0:0437:008B|223:4047:02C0:0438:00AB|224:4047:02C0:0439:009B|225:4047:02C1:0424:00A3|226:4047:02D1:0425:00AB|227:4047:02D1:0426:009B
round3_phase1,0xFD,3230,0x0002,0x0003,0x0000,0x01,0x002F,0x0000,0x0000,actor_748,0,0x10C748,0x01,0xAB,0x01,0x00,0x02,0x03,0x00,0x0288,0x02BD,0x02E8,0x01,0x00,0x00,46,1,46:400A:02B5:0323:027C
round3_phase1,0xFD,3230,0x0002,0x0003,0x0000,0x01,0x002F,0x0000,0x0000,actor_748,1,0x10C788,0x01,0xAB,0x01,0x00,0x02,0x03,0x00,0x0252,0x02BD,0x02E8,0x01,0x00,0x00,47,1,47:400A:02B5:0323:0249
round3_phase1,0xFD,3232,0x0002,0x0003,0x0000,0x01,0x002F,0x0000,0x0000,actor_2c8,4,0x10C3C8,0x01,0x5F,0x00,0x00,0x08,0x00,0x00,0x0144,0x0296,0x02E8,0x00,0x4A,0x00,180,10,180:404A:0294:02F1:0136|181:404A:0284:02EF:0136|182:404A:0294:02F0:0146|183:404A:0284:02EE:0146|184:404A:0281:02EC:013D|185:404A:0271:02E9:013D|186:404A:0281:02EB:014D|187:404A:0271:02E8:014D|188:404A:0281:02ED:012D|189:404A:0271:02EA:012D
round3_phase1,0xFD,3232,0x0002,0x0003,0x0000,0x01,0x002F,0x0000,0x0000,actor_2c8,5,0x10C408,0x01,0xB3,0x00,0x00,0x02,0x00,0x02,0x0214,0x02D1,0x02E8,0x00,0x4A,0x00,190,10,190:404A:02D1:02F3:0211|191:404A:02C1:02F2:0211|192:404A:02BE:030C:020A|193:404A:02AE:02E9:020A|194:404A:02BE:030B:021A|195:404A:02AE:030A:021A|196:404A:02BE:0301:01FA
round3_phase1,0xFD,3232,0x0002,0x0003,0x0000,0x01,0x002F,0x0000,0x0000,actor_2c8,7,0x10C488,0x01,0x60,0x00,0x00,0x0F,0x00,0x00,0x00B2,0x02D1,0x02E8,0x00,0x4A,0x00,210,10,210:404A:02D1:02F3:00AF|211:404A:02C1:02F2:00AF|212:404A:02BE:02EC:00A8|213:404A:02AE:02E9:00A8|214:404A:02BE:02EB:00B8|215:404A:02AE:02E8:00B8|216:404A:02BE:02ED:0098|217:404A:02AE:02EA:0098
round3_phase1,0xFD,3232,0x0002,0x0003,0x0000,0x01,0x002F,0x0000,0x0000,actor_2c8,8,0x10C4C8,0x01,0x0D,0x00,0x00,0x0F,0x00,0x00,0x00AC,0x02D1,0x0A73,0x00,0x07,0x02,220,19,220:4047:02B0:0420:00AB|221:4047:02B0:0421:009B|222:4047:02C0:0422:00AB|223:4047:02C0:0423:009B|224:4047:02C1:0424:00A3|225:4047:02D1:0425:00AB|226:4047:02D1:0426:009B
round3_phase1,0xFD,3232,0x0002,0x0003,0x0000,0x01,0x002F,0x0000,0x0000,actor_748,0,0x10C748,0x01,0xAC,0x01,0x00,0x02,0x03,0x00,0x028B,0x02BD,0x02E8,0x01,0x00,0x00,46,1,46:400A:02B5:0324:027F
round3_phase1,0xFD,3232,0x0002,0x0003,0x0000,0x01,0x002F,0x0000,0x0000,actor_748,1,0x10C788,0x01,0xAC,0x01,0x00,0x02,0x03,0x00,0x0255,0x02BD,0x02E8,0x01,0x00,0x00,47,1,47:400A:02B5:0324:024C
round3_phase1,0xFD,3234,0x0002,0x0003,0x0000,0x01,0x002F,0x0000,0x0000,actor_2c8,4,0x10C3C8,0x01,0x5F,0x00,0x00,0x08,0x00,0x00,0x0141,0x0298,0x02E8,0x00,0x4A,0x00,180,10,180:404A:0296:02F1:0133|181:404A:0286:02EF:0133|182:404A:0296:02F0:0143|183:404A:0286:02EE:0143|184:404A:0283:02EC:013A|185:404A:0273:02E9:013A|186:404A:0283:02EB:014A|187:404A:0273:02E8:014A|188:404A:0283:02ED:012A|189:404A:0273:02EA:012A
round3_phase1,0xFD,3234,0x0002,0x0003,0x0000,0x01,0x002F,0x0000,0x0000,actor_2c8,5,0x10C408,0x01,0xB3,0x00,0x00,0x02,0x00,0x02,0x0212,0x02D1,0x02E8,0x00,0x4A,0x00,190,10,190:404A:02D1:02F3:020F|191:404A:02C1:02F2:020F|192:404A:02BE:030C:0208|193:404A:02AE:02E9:0208|194:404A:02BE:030B:0218|195:404A:02AE:030A:0218|196:404A:02BE:0301:01F8
round3_phase1,0xFD,3234,0x0002,0x0003,0x0000,0x01,0x002F,0x0000,0x0000,actor_2c8,7,0x10C488,0x01,0x0D,0x00,0x00,0x0F,0x00,0x00,0x00B2,0x02D1,0x0A73,0x00,0x0A,0x02,210,10,210:4000:02D9:0A83:0099|211:4000:02C9:0A80:0099|212:4000:02B9:0A7D:0099|213:4000:02D9:0A82:00A9|214:4000:02C9:0A7F:00A9|215:4000:02B9:0A7C:00A9|216:4000:02D9:0A81:00B9|217:4000:02C9:0A7E:00B9|218:4000:02B9:0A7B:00B9
round3_phase1,0xFD,3234,0x0002,0x0003,0x0000,0x01,0x002F,0x0000,0x0000,actor_2c8,8,0x10C4C8,0x01,0x0D,0x00,0x00,0x0F,0x00,0x00,0x00AC,0x02D1,0x0A73,0x00,0x07,0x02,220,19,220:4000:02D9:0A83:0093|221:4000:02C9:0A80:0093|222:4000:02B9:0A7D:0093|223:4000:02D9:0A82:00A3|224:4000:02C9:0A7F:00A3|225:4000:02B9:0A7C:00A3|226:4000:02D9:0A81:00B3|227:4000:02C9:0A7E:00B3|228:4000:02B9:0A7B:00B3
round3_phase1,0xFD,3234,0x0002,0x0003,0x0000,0x01,0x002F,0x0000,0x0000,actor_748,0,0x10C748,0x01,0xAD,0x01,0x00,0x02,0x03,0x00,0x028E,0x02BD,0x02E8,0x01,0x00,0x00,46,1,46:400A:02B5:0325:0282
round3_phase1,0xFD,3234,0x0002,0x0003,0x0000,0x01,0x002F,0x0000,0x0000,actor_748,1,0x10C788,0x01,0xAD,0x01,0x00,0x02,0x03,0x00,0x0258,0x02BD,0x02E8,0x01,0x00,0x00,47,1,47:400A:02B5:0325:024F
round3_phase1,0xFD,3236,0x0002,0x0003,0x0000,0x01,0x002F,0x0000,0x0000,actor_2c8,4,0x10C3C8,0x01,0x5F,0x00,0x00,0x08,0x00,0x00,0x013E,0x029B,0x02E8,0x00,0x4A,0x00,180,10,180:404A:0298:02F1:0130|181:404A:0288:02EF:0130|182:404A:0298:02F0:0140|183:404A:0288:02EE:0140|184:404A:0285:02EC:0137|185:404A:0275:02E9:0137|186:404A:0285:02EB:0147|187:404A:0275:02E8:0147|188:404A:0285:02ED:0127|189:404A:0275:02EA:0127
round3_phase1,0xFD,3236,0x0002,0x0003,0x0000,0x01,0x002F,0x0000,0x0000,actor_2c8,5,0x10C408,0x01,0x68,0x00,0x00,0x02,0x00,0x02,0x0210,0x02D1,0x02E8,0x00,0x4A,0x00,190,10,190:404A:02D1:02F6:0206|191:404A:02C1:02F4:0206|192:404A:02D1:02F5:0216|193:404A:02BE:030C:0206|194:404A:02AE:02E9:0206|195:404A:02BE:030B:0216|196:404A:02AE:030A:0216|197:404A:02BE:0301:01F6
round3_phase1,0xFD,3236,0x0002,0x0003,0x0000,0x01,0x002F,0x0000,0x0000,actor_2c8,7,0x10C488,0x01,0x0C,0x00,0x00,0x0F,0x00,0x00,0x00B2,0x02D1,0x0A73,0x00,0x0A,0x02,210,10,210:4000:02D9:0A83:0099|211:4000:02C9:0A80:0099|212:4000:02B9:0A7D:0099|213:4000:02D9:0A82:00A9|214:4000:02C9:0A7F:00A9|215:4000:02B9:0A7C:00A9|216:4000:02D9:0A81:00B9|217:4000:02C9:0A7E:00B9|218:4000:02B9:0A7B:00B9
round3_phase1,0xFD,3236,0x0002,0x0003,0x0000,0x01,0x002F,0x0000,0x0000,actor_2c8,8,0x10C4C8,0x01,0x0C,0x00,0x00,0x0F,0x00,0x00,0x00AC,0x02D1,0x0A73,0x00,0x07,0x02,220,19,220:4000:02D1:0A7A:009B|221:4000:02C1:0A78:009B|222:4000:02D1:0A79:00AB|223:4000:02C1:0A77:00AB
round3_phase1,0xFD,3236,0x0002,0x0003,0x0000,0x01,0x002F,0x0000,0x0000,actor_748,0,0x10C748,0x01,0xAE,0x01,0x00,0x02,0x03,0x00,0x0291,0x02BD,0x02E8,0x01,0x00,0x00,46,1,46:400A:02B5:0326:0285
round3_phase1,0xFD,3236,0x0002,0x0003,0x0000,0x01,0x002F,0x0000,0x0000,actor_748,1,0x10C788,0x01,0xAE,0x01,0x00,0x02,0x03,0x00,0x025B,0x02BD,0x02E8,0x01,0x00,0x00,47,1,47:400A:02B5:0326:0252
round3_phase1,0xFD,3238,0x0002,0x0003,0x0000,0x01,0x002F,0x0000,0x0000,actor_2c8,4,0x10C3C8,0x01,0x5F,0x00,0x00,0x08,0x00,0x00,0x013B,0x029E,0x02E8,0x00,0x4A,0x00,180,10,180:404A:029B:02F1:012D|181:404A:028B:02EF:012D|182:404A:029B:02F0:013D|183:404A:028B:02EE:013D|184:404A:0288:02EC:0134|185:404A:0278:02E9:0134|186:404A:0288:02EB:0144|187:404A:0278:02E8:0144|188:404A:0288:02ED:0124|189:404A:0278:02EA:0124
round3_phase1,0xFD,3238,0x0002,0x0003,0x0000,0x01,0x002F,0x0000,0x0000,actor_2c8,5,0x10C408,0x01,0x68,0x00,0x00,0x02,0x00,0x02,0x020E,0x02D1,0x02E8,0x00,0x4A,0x00,190,10,190:404A:02D1:02F6:0204|191:404A:02C1:02F4:0204|192:404A:02D1:02F5:0214|193:404A:02BE:030C:0204|194:404A:02AE:02E9:0204|195:404A:02BE:030B:0214|196:404A:02AE:030A:0214|197:404A:02BE:0301:01F4
round3_phase1,0xFD,3238,0x0002,0x0003,0x0000,0x01,0x002F,0x0000,0x0000,actor_2c8,7,0x10C488,0x01,0x0C,0x00,0x00,0x0F,0x00,0x00,0x00B2,0x02D1,0x0A73,0x00,0x0A,0x02,210,10,210:4000:02D1:0A7A:00A1|211:4000:02C1:0A78:00A1|212:4000:02D1:0A79:00B1|213:4000:02C1:0A77:00B1
round3_phase1,0xFD,3238,0x0002,0x0003,0x0000,0x01,0x002F,0x0000,0x0000,actor_2c8,8,0x10C4C8,0x01,0x0B,0x00,0x00,0x0F,0x00,0x00,0x00AC,0x02D1,0x0A73,0x00,0x07,0x02,220,19,220:4000:02D1:0A7A:009B|221:4000:02C1:0A78:009B|222:4000:02D1:0A79:00AB|223:4000:02C1:0A77:00AB
round3_phase1,0xFD,3238,0x0002,0x0003,0x0000,0x01,0x002F,0x0000,0x0000,actor_748,0,0x10C748,0x01,0xAF,0x01,0x00,0x02,0x03,0x00,0x0294,0x02BD,0x02E8,0x01,0x00,0x00,46,1,46:400A:02B5:0327:0288
round3_phase1,0xFD,3238,0x0002,0x0003,0x0000,0x01,0x002F,0x0000,0x0000,actor_748,1,0x10C788,0x01,0xAF,0x01,0x00,0x02,0x03,0x00,0x025E,0x02BD,0x02E8,0x01,0x00,0x00,47,1,47:400A:02B5:0327:0255
round3_phase1,0xFD,3240,0x0002,0x0003,0x0000,0x01,0x002F,0x0000,0x0000,actor_2c8,4,0x10C3C8,0x01,0x5F,0x00,0x00,0x08,0x00,0x00,0x0139,0x02A1,0x02E8,0x00,0x4A,0x00,180,10,180:404A:029E:02F1:012A|181:404A:028E:02EF:012A|182:404A:029E:02F0:013A|183:404A:028E:02EE:013A|184:404A:028B:02EC:0131|185:404A:027B:02E9:0131|186:404A:028B:02EB:0141|187:404A:027B:02E8:0141|188:404A:028B:02ED:0121|189:404A:027B:02EA:0121
round3_phase1,0xFD,3240,0x0002,0x0003,0x0000,0x01,0x002F,0x0000,0x0000,actor_2c8,5,0x10C408,0x01,0x68,0x00,0x00,0x02,0x00,0x02,0x020C,0x02D1,0x02E8,0x00,0x4A,0x00,190,10,190:404A:02D1:02F6:0202|191:404A:02C1:02F4:0202|192:404A:02D1:02F5:0212|193:404A:02BE:030C:0202|194:404A:02AE:02E9:0202|195:404A:02BE:030B:0212|196:404A:02AE:030A:0212|197:404A:02BE:0301:01F2
round3_phase1,0xFD,3240,0x0002,0x0003,0x0000,0x01,0x002F,0x0000,0x0000,actor_2c8,7,0x10C488,0x01,0x0B,0x00,0x00,0x0F,0x00,0x00,0x00B2,0x02D1,0x0A73,0x00,0x0A,0x02,210,10,210:4000:02D1:0A76:00A1|211:4000:02C1:0A74:00A1|212:4000:02D1:0A75:00B1|213:4000:02C1:0A73:00B1
round3_phase1,0xFD,3240,0x0002,0x0003,0x0000,0x01,0x002F,0x0000,0x0000,actor_2c8,8,0x10C4C8,0x01,0x0B,0x00,0x00,0x0F,0x00,0x00,0x00AC,0x02D1,0x0A73,0x00,0x07,0x02,220,19,220:4000:02D1:0A76:009B|221:4000:02C1:0A74:009B|222:4000:02D1:0A75:00AB|223:4000:02C1:0A73:00AB
round3_phase1,0xFD,3240,0x0002,0x0003,0x0000,0x01,0x002F,0x0000,0x0000,actor_748,0,0x10C748,0x01,0xB0,0x01,0x00,0x02,0x03,0x00,0x0297,0x02BD,0x02E8,0x01,0x00,0x00,46,1,46:400A:02B5:0328:028B
round3_phase1,0xFD,3240,0x0002,0x0003,0x0000,0x01,0x002F,0x0000,0x0000,actor_748,1,0x10C788,0x01,0xB0,0x01,0x00,0x02,0x03,0x00,0x0261,0x02BD,0x02E8,0x01,0x00,0x00,47,1,47:400A:02B5:0328:0258
round3_phase1,0xFD,3242,0x0002,0x0003,0x0000,0x01,0x002F,0x0000,0x0000,actor_2c8,4,0x10C3C8,0x01,0x5F,0x00,0x00,0x08,0x00,0x00,0x0137,0x02A4,0x02E8,0x00,0x4A,0x00,180,10,180:404A:02A1:02F1:0128|181:404A:0291:02EF:0128|182:404A:02A1:02F0:0138|183:404A:0291:02EE:0138|184:404A:028E:02EC:012F|185:404A:027E:02E9:012F|186:404A:028E:02EB:013F|187:404A:027E:02E8:013F|188:404A:028E:02ED:011F|189:404A:027E:02EA:011F
round3_phase1,0xFD,3242,0x0002,0x0003,0x0000,0x01,0x002F,0x0000,0x0000,actor_2c8,7,0x10C488,0x01,0x0C,0x00,0x00,0x0F,0x00,0x00,0x00B2,0x02D1,0x0A73,0x00,0x0A,0x02,210,10,210:4000:02D1:0A76:00A1|211:4000:02C1:0A74:00A1|212:4000:02D1:0A75:00B1|213:4000:02C1:0A73:00B1
round3_phase1,0xFD,3242,0x0002,0x0003,0x0000,0x01,0x002F,0x0000,0x0000,actor_748,0,0x10C748,0x01,0xB1,0x01,0x00,0x0F,0x03,0x00,0x029A,0x02BD,0x02E8,0x01,0x00,0x00,46,1,46:400A:02B5:0329:028E
round3_phase1,0xFD,3242,0x0002,0x0003,0x0000,0x01,0x002F,0x0000,0x0000,actor_748,1,0x10C788,0x01,0xB1,0x01,0x00,0x02,0x03,0x00,0x0264,0x02BD,0x02E8,0x01,0x00,0x00,47,1,47:400A:02B5:0329:025B
round3_phase1,0xFD,3244,0x0002,0x0003,0x0000,0x01,0x002F,0x0000,0x0000,actor_2c8,4,0x10C3C8,0x01,0x5F,0x00,0x00,0x08,0x00,0x00,0x0136,0x02A7,0x02E8,0x00,0x4A,0x00,180,10,180:404A:02A4:02F1:0126|181:404A:0294:02EF:0126|182:404A:02A4:02F0:0136|183:404A:0294:02EE:0136|184:404A:0291:02EC:012D|185:404A:0281:02E9:012D|186:404A:0291:02EB:013D|187:404A:0281:02E8:013D|188:404A:0291:02ED:011D|189:404A:0281:02EA:011D
round3_phase1,0xFD,3244,0x0002,0x0003,0x0000,0x01,0x002F,0x0000,0x0000,actor_2c8,5,0x10C408,0x01,0xB4,0x00,0x00,0x02,0x00,0x02,0x0208,0x02D1,0x02E8,0x00,0x4A,0x00,190,10,190:404A:02D1:02F8:0204|191:404A:02C1:02F7:0204|192:404A:02BE:030C:0200|193:404A:02AE:02E9:0200|194:404A:02BE:030B:0210|195:404A:02AE:030A:0210|196:404A:02BE:0301:01F0
round3_phase1,0xFD,3244,0x0002,0x0003,0x0000,0x01,0x002F,0x0000,0x0000,actor_2c8,8,0x10C4C8,0x01,0x0D,0x00,0x00,0x0F,0x00,0x00,0x00AC,0x02D1,0x0A73,0x00,0x07,0x02,220,19,220:4000:02D1:0A7A:009B|221:4000:02C1:0A78:009B|222:4000:02D1:0A79:00AB|223:4000:02C1:0A77:00AB
round3_phase1,0xFD,3244,0x0002,0x0003,0x0000,0x01,0x002F,0x0000,0x0000,actor_748,0,0x10C748,0x01,0x2B,0x01,0x00,0x0F,0x03,0x00,0x029A,0x02BD,0x019D,0x01,0x00,0x00,46,1,46:4004:02B5:01BB:0291
round3_phase1,0xFD,3244,0x0002,0x0003,0x0000,0x01,0x002F,0x0000,0x0000,actor_748,1,0x10C788,0x01,0xAA,0x01,0x00,0x02,0x03,0x00,0x0267,0x02BD,0x02E8,0x01,0x00,0x00,47,1,47:400A:02B5:0322:025E
round3_phase1,0xFD,3246,0x0002,0x0003,0x0000,0x01,0x002F,0x0000,0x0000,actor_2c8,4,0x10C3C8,0x01,0x5F,0x00,0x00,0x08,0x00,0x00,0x0135,0x02AA,0x02E8,0x00,0x4A,0x00,180,10,180:404A:02A7:02F1:0125|181:404A:0297:02EF:0125|182:404A:02A7:02F0:0135|183:404A:0297:02EE:0135|184:404A:0294:02EC:012C|185:404A:0284:02E9:012C|186:404A:0294:02EB:013C|187:404A:0284:02E8:013C|188:404A:0294:02ED:011C|189:404A:0284:02EA:011C
round3_phase1,0xFD,3246,0x0002,0x0003,0x0000,0x01,0x002F,0x0000,0x0000,actor_2c8,5,0x10C408,0x01,0xB4,0x00,0x00,0x02,0x00,0x02,0x0206,0x02D1,0x02E8,0x00,0x4A,0x00,190,10,190:404A:02D1:02F8:0202|191:404A:02C1:02F7:0202|192:404A:02BE:030C:01FE|193:404A:02AE:02E9:01FE|194:404A:02BE:030B:020E|195:404A:02AE:030A:020E|196:404A:02BE:0301:01EE
round3_phase1,0xFD,3246,0x0002,0x0003,0x0000,0x01,0x002F,0x0000,0x0000,actor_748,1,0x10C788,0x01,0xAB,0x01,0x00,0x02,0x03,0x00,0x026A,0x02BD,0x02E8,0x01,0x00,0x00,47,1,47:400A:02B5:0323:0261
round3_phase1,0xFD,3248,0x0002,0x0003,0x0000,0x01,0x002F,0x0000,0x0000,actor_2c8,4,0x10C3C8,0x01,0x5F,0x00,0x00,0x08,0x00,0x00,0x0134,0x02AE,0x02E8,0x00,0x4A,0x00,180,10,180:404A:02AA:02F1:0124|181:404A:029A:02EF:0124|182:404A:02AA:02F0:0134|183:404A:029A:02EE:0134|184:404A:0297:02EC:012B|185:404A:0287:02E9:012B|186:404A:0297:02EB:013B|187:404A:0287:02E8:013B|188:404A:0297:02ED:011B|189:404A:0287:02EA:011B
round3_phase1,0xFD,3248,0x0002,0x0003,0x0000,0x01,0x002F,0x0000,0x0000,actor_2c8,5,0x10C408,0x01,0xB4,0x00,0x00,0x02,0x00,0x02,0x0204,0x02D1,0x02E8,0x00,0x4A,0x00,190,10,190:404A:02D1:02F8:0200|191:404A:02C1:02F7:0200|192:404A:02BE:030C:01FC|193:404A:02AE:02E9:01FC|194:404A:02BE:030B:020C|195:404A:02AE:030A:020C|196:404A:02BE:0301:01EC
round3_phase1,0xFD,3248,0x0002,0x0003,0x0000,0x01,0x002F,0x0000,0x0000,actor_2c8,7,0x10C488,0x01,0x0E,0x00,0x00,0x0F,0x00,0x00,0x00B2,0x02D1,0x0A73,0x00,0x0A,0x02,210,10,210:4000:02D9:0A83:0099|211:4000:02C9:0A80:0099|212:4000:02B9:0A7D:0099|213:4000:02D9:0A82:00A9|214:4000:02C9:0A7F:00A9|215:4000:02B9:0A7C:00A9|216:4000:02D9:0A81:00B9|217:4000:02C9:0A7E:00B9|218:4000:02B9:0A7B:00B9
round3_phase1,0xFD,3248,0x0002,0x0003,0x0000,0x01,0x002F,0x0000,0x0000,actor_2c8,8,0x10C4C8,0x01,0x0E,0x00,0x00,0x0F,0x00,0x00,0x00AC,0x02D1,0x0A73,0x00,0x07,0x02,220,19,220:4000:02D9:0A8C:0093|221:4000:02C9:0A89:0093|222:4000:02B9:0A86:0093|223:4000:02D9:0A8B:00A3|224:4000:02C9:0A88:00A3|225:4000:02B9:0A85:00A3|226:4000:02D9:0A8A:00B3|227:4000:02C9:0A87:00B3|228:4000:02B9:0A84:00B3
round3_phase1,0xFD,3248,0x0002,0x0003,0x0000,0x01,0x002F,0x0000,0x0000,actor_748,0,0x10C748,0x01,0x2D,0x01,0x00,0x0F,0x03,0x00,0x029A,0x02BD,0x019D,0x01,0x00,0x00,46,1,46:4004:02B5:01BD:0291
round3_phase1,0xFD,3248,0x0002,0x0003,0x0000,0x01,0x002F,0x0000,0x0000,actor_748,1,0x10C788,0x01,0xAC,0x01,0x00,0x02,0x03,0x00,0x026D,0x02BD,0x02E8,0x01,0x00,0x00,47,1,47:400A:02B5:0324:0264
round3_phase1,0xFD,3250,0x0002,0x0003,0x0000,0x01,0x002F,0x0000,0x0000,actor_2c8,4,0x10C3C8,0x01,0x61,0x00,0x00,0x08,0x00,0x00,0x0134,0x02B1,0x02E8,0x00,0x4A,0x00,180,10,180:404A:02AE:02F1:0123|181:404A:029E:02EF:0123|182:404A:02AE:02F0:0133|183:404A:029E:02EE:0133|184:404A:029B:02EC:012A|185:404A:028B:02E9:012A|186:404A:029B:02EB:013A|187:404A:028B:02E8:013A|188:404A:029B:02ED:011A|189:404A:028B:02EA:011A
round3_phase1,0xFD,3250,0x0002,0x0003,0x0000,0x01,0x002F,0x0000,0x0000,actor_2c8,5,0x10C408,0x01,0xB4,0x00,0x00,0x02,0x00,0x02,0x0204,0x02D1,0x02E8,0x00,0x4A,0x00,190,10,190:404A:02D1:02F8:01FE|191:404A:02C1:02F7:01FE|192:404A:02BE:030C:01FA|193:404A:02AE:02E9:01FA|194:404A:02BE:030B:020A|195:404A:02AE:030A:020A|196:404A:02BE:0301:01EA
round3_phase1,0xFD,3250,0x0002,0x0003,0x0000,0x01,0x002F,0x0000,0x0000,actor_2c8,7,0x10C488,0x01,0x0E,0x00,0x00,0x0F,0x00,0x00,0x00B2,0x02D1,0x0A73,0x00,0x0A,0x02,210,10,210:4000:02D9:0A8C:0099|211:4000:02C9:0A89:0099|212:4000:02B9:0A86:0099|213:4000:02D9:0A8B:00A9|214:4000:02C9:0A88:00A9|215:4000:02B9:0A85:00A9|216:4000:02D9:0A8A:00B9|217:4000:02C9:0A87:00B9|218:4000:02B9:0A84:00B9
round3_phase1,0xFD,3250,0x0002,0x0003,0x0000,0x01,0x002F,0x0000,0x0000,actor_2c8,8,0x10C4C8,0x01,0x0F,0x00,0x00,0x0F,0x00,0x00,0x00AC,0x02D1,0x0A73,0x00,0x07,0x02,220,19,220:4000:02D9:0A8C:0093|221:4000:02C9:0A89:0093|222:4000:02B9:0A86:0093|223:4000:02D9:0A8B:00A3|224:4000:02C9:0A88:00A3|225:4000:02B9:0A85:00A3|226:4000:02D9:0A8A:00B3|227:4000:02C9:0A87:00B3|228:4000:02B9:0A84:00B3
round3_phase1,0xFD,3250,0x0002,0x0003,0x0000,0x01,0x002F,0x0000,0x0000,actor_748,1,0x10C788,0x01,0xAD,0x01,0x00,0x02,0x03,0x00,0x0270,0x02BD,0x02E8,0x01,0x00,0x00,47,1,47:400A:02B5:0325:0267
round3_phase1,0xFD,3252,0x0002,0x0003,0x0000,0x01,0x002F,0x0000,0x0000,actor_2c8,4,0x10C3C8,0x01,0x61,0x00,0x00,0x08,0x00,0x00,0x0133,0x02B1,0x02E8,0x00,0x4A,0x00,180,10,180:404A:02B1:02F6:012A|181:404A:02A1:02F4:012A|182:404A:02B1:02F5:013A|183:404A:029E:02EC:012A|184:404A:028E:02E9:012A|185:404A:029E:02EB:013A|186:404A:028E:02E8:013A|187:404A:029E:02ED:011A|188:404A:028E:02EA:011A
round3_phase1,0xFD,3252,0x0002,0x0003,0x0000,0x01,0x002F,0x0000,0x0000,actor_2c8,5,0x10C408,0x01,0x68,0x00,0x00,0x02,0x00,0x02,0x0201,0x02D1,0x02E8,0x00,0x4A,0x00,190,10,190:404A:02D1:02F6:01F8|191:404A:02C1:02F4:01F8|192:404A:02D1:02F5:0208|193:404A:02BE:030C:01F8|194:404A:02AE:02E9:01F8|195:404A:02BE:030B:0208|196:404A:02AE:030A:0208|197:404A:02BE:0301:01E8
round3_phase1,0xFD,3252,0x0002,0x0003,0x0000,0x01,0x002F,0x0000,0x0000,actor_2c8,7,0x10C488,0x01,0x0F,0x00,0x00,0x0F,0x00,0x00,0x00B1,0x02D1,0x0A73,0x00,0x0A,0x02,210,10,210:4000:02D9:0A94:0099|211:4000:02C9:0A91:0099|212:4000:02B9:0A8F:0099|213:4000:02D9:0A93:00A9|214:4000:02B9:0A8E:00A9|215:4000:02D9:0A92:00B9|216:4000:02C9:0A90:00B9|217:4000:02B9:0A8D:00B9
round3_phase1,0xFD,3252,0x0002,0x0003,0x0000,0x01,0x002F,0x0000,0x0000,actor_2c8,8,0x10C4C8,0x01,0x0F,0x00,0x00,0x0F,0x00,0x00,0x00AB,0x02D1,0x0A73,0x00,0x07,0x02,220,19,220:4000:02D9:0A94:0093|221:4000:02C9:0A91:0093|222:4000:02B9:0A8F:0093|223:4000:02D9:0A93:00A3|224:4000:02B9:0A8E:00A3|225:4000:02D9:0A92:00B3|226:4000:02C9:0A90:00B3|227:4000:02B9:0A8D:00B3
round3_phase1,0xFD,3252,0x0002,0x0003,0x0000,0x01,0x002F,0x0000,0x0000,actor_748,0,0x10C748,0x01,0x2F,0x01,0x00,0x0F,0x03,0x00,0x0299,0x02BD,0x019D,0x01,0x00,0x00,46,1,46:4004:02B5:01BF:0291
round3_phase1,0xFD,3252,0x0002,0x0003,0x0000,0x01,0x002F,0x0000,0x0000,actor_748,1,0x10C788,0x01,0xAE,0x01,0x00,0x02,0x03,0x00,0x0272,0x02BD,0x02E8,0x01,0x00,0x00,47,1,47:400A:02B5:0326:026A
round3_phase1,0xFD,3254,0x0002,0x0003,0x0000,0x01,0x002F,0x0000,0x0000,actor_2c8,4,0x10C3C8,0x01,0x5F,0x00,0x00,0x08,0x00,0x00,0x012E,0x02B1,0x02E8,0x00,0x4A,0x00,180,10,180:404A:02B1:02F1:011E|181:404A:02A1:02EF:011E|182:404A:02B1:02F0:012E|183:404A:02A1:02EE:012E|184:404A:029E:02EC:0125|185:404A:028E:02E9:0125|186:404A:029E:02EB:0135|187:404A:028E:02E8:0135|188:404A:029E:02ED:0115|189:404A:028E:02EA:0115
round3_phase1,0xFD,3254,0x0002,0x0003,0x0000,0x01,0x002F,0x0000,0x0000,actor_2c8,5,0x10C408,0x01,0x68,0x00,0x00,0x02,0x00,0x02,0x01FD,0x02D1,0x02E8,0x00,0x4A,0x00,190,10,190:404A:02D1:02F6:01F4|191:404A:02C1:02F4:01F4|192:404A:02D1:02F5:0204|193:404A:02BE:030C:01F4|194:404A:02AE:02E9:01F4|195:404A:02BE:030B:0204|196:404A:02AE:030A:0204|197:404A:02BE:0301:01E4
round3_phase1,0xFD,3254,0x0002,0x0003,0x0000,0x01,0x002F,0x0000,0x0000,actor_2c8,7,0x10C488,0x01,0x10,0x00,0x00,0x0F,0x00,0x00,0x00AF,0x02D1,0x0A73,0x00,0x0A,0x02,210,10,210:4000:02D9:0A94:0097|211:4000:02C9:0A91:0097|212:4000:02B9:0A8F:0097|213:4000:02D9:0A93:00A7|214:4000:02B9:0A8E:00A7|215:4000:02D9:0A92:00B7|216:4000:02C9:0A90:00B7|217:4000:02B9:0A8D:00B7
round3_phase1,0xFD,3254,0x0002,0x0003,0x0000,0x01,0x002F,0x0000,0x0000,actor_2c8,8,0x10C4C8,0x01,0x10,0x00,0x00,0x0F,0x00,0x00,0x00A9,0x02D1,0x0A73,0x00,0x07,0x02,220,19,220:4000:02D9:0A9D:0091|221:4000:02C9:0A9A:0091|222:4000:02B9:0A97:0091|223:4000:02D9:0A9C:00A1|224:4000:02C9:0A99:00A1|225:4000:02B9:0A96:00A1|226:4000:02D9:0A9B:00B1|227:4000:02C9:0A98:00B1|228:4000:02B9:0A95:00B1
round3_phase1,0xFD,3254,0x0002,0x0003,0x0000,0x01,0x002F,0x0000,0x0000,actor_748,0,0x10C748,0x01,0x2F,0x01,0x00,0x0F,0x03,0x00,0x0297,0x02BD,0x019D,0x01,0x00,0x00,46,1,46:4004:02B5:01BF:028F
round3_phase1,0xFD,3254,0x0002,0x0003,0x0000,0x01,0x002F,0x0000,0x0000,actor_748,1,0x10C788,0x01,0xAF,0x01,0x00,0x02,0x03,0x00,0x0273,0x02BD,0x02E8,0x01,0x00,0x00,47,1,47:400A:02B5:0327:026B
round3_phase1,0xFD,3256,0x0002,0x0003,0x0000,0x01,0x002F,0x0000,0x0000,actor_2c8,4,0x10C3C8,0x01,0x5F,0x00,0x00,0x08,0x00,0x00,0x0128,0x02B2,0x02E8,0x00,0x4A,0x00,180,10,180:404A:02B2:02F1:0118|181:404A:02A2:02EF:0118|182:404A:02B2:02F0:0128|183:404A:02A2:02EE:0128|184:404A:029F:02EC:011F|185:404A:028F:02E9:011F|186:404A:029F:02EB:012F|187:404A:028F:02E8:012F|188:404A:029F:02ED:010F|189:404A:028F:02EA:010F
round3_phase1,0xFD,3256,0x0002,0x0003,0x0000,0x01,0x002F,0x0000,0x0000,actor_2c8,5,0x10C408,0x01,0x68,0x00,0x00,0x02,0x00,0x02,0x01F9,0x02D1,0x02E8,0x00,0x4A,0x00,190,10,190:404A:02D1:02F6:01F0|191:404A:02C1:02F4:01F0|192:404A:02D1:02F5:0200|193:404A:02BE:030C:01F0|194:404A:02AE:02E9:01F0|195:404A:02BE:030B:0200|196:404A:02AE:030A:0200|197:404A:02BE:0301:01E0
round3_phase1,0xFD,3256,0x0002,0x0003,0x0000,0x01,0x002F,0x0000,0x0000,actor_2c8,7,0x10C488,0x01,0x10,0x00,0x00,0x0F,0x00,0x00,0x00AD,0x02D1,0x0A73,0x00,0x0A,0x02,210,10,210:4000:02D9:0A9D:0095|211:4000:02C9:0A9A:0095|212:4000:02B9:0A97:0095|213:4000:02D9:0A9C:00A5|214:4000:02C9:0A99:00A5|215:4000:02B9:0A96:00A5|216:4000:02D9:0A9B:00B5|217:4000:02C9:0A98:00B5|218:4000:02B9:0A95:00B5
round3_phase1,0xFD,3256,0x0002,0x0003,0x0000,0x01,0x002F,0x0000,0x0000,actor_2c8,8,0x10C4C8,0x01,0x11,0x00,0x00,0x0F,0x00,0x00,0x00A7,0x02D1,0x0A73,0x00,0x07,0x02,220,19,220:4000:02D9:0A9D:008F|221:4000:02C9:0A9A:008F|222:4000:02B9:0A97:008F|223:4000:02D9:0A9C:009F|224:4000:02C9:0A99:009F|225:4000:02B9:0A96:009F|226:4000:02D9:0A9B:00AF|227:4000:02C9:0A98:00AF|228:4000:02B9:0A95:00AF
round3_phase1,0xFD,3256,0x0002,0x0003,0x0000,0x01,0x002F,0x0000,0x0000,actor_748,1,0x10C788,0x01,0xB0,0x01,0x00,0x02,0x03,0x00,0x0274,0x02BD,0x02E8,0x01,0x00,0x00,47,1,47:400A:02B5:0328:026C
round3_phase1,0xFD,3258,0x0002,0x0003,0x0000,0x01,0x002F,0x0000,0x0000,actor_2c8,4,0x10C3C8,0x01,0x5F,0x00,0x00,0x08,0x00,0x00,0x0123,0x02B3,0x02E8,0x00,0x4A,0x00,180,10,180:404A:02B3:02F1:0113|181:404A:02A3:02EF:0113|182:404A:02B3:02F0:0123|183:404A:02A3:02EE:0123|184:404A:02A0:02EC:011A|185:404A:0290:02E9:011A|186:404A:02A0:02EB:012A|187:404A:0290:02E8:012A|188:404A:02A0:02ED:010A|189:404A:0290:02EA:010A
round3_phase1,0xFD,3258,0x0002,0x0003,0x0000,0x01,0x002F,0x0000,0x0000,actor_2c8,5,0x10C408,0x01,0x68,0x00,0x00,0x02,0x00,0x02,0x01F5,0x02D1,0x02E8,0x00,0x4A,0x00,190,10,190:404A:02D1:02F6:01EC|191:404A:02C1:02F4:01EC|192:404A:02D1:02F5:01FC|193:404A:02BE:030C:01EC|194:404A:02AE:02E9:01EC|195:404A:02BE:030B:01FC|196:404A:02AE:030A:01FC|197:404A:02BE:0301:01DC
round3_phase1,0xFD,3258,0x0002,0x0003,0x0000,0x01,0x002F,0x0000,0x0000,actor_2c8,7,0x10C488,0x01,0x11,0x00,0x00,0x0F,0x00,0x00,0x00AB,0x02D1,0x0A73,0x00,0x0A,0x02,210,10,210:4000:02D1:0AA1:009B|211:4000:02C1:0A9F:009B|212:4000:02D1:0AA0:00AB|213:4000:02C1:0A9E:00AB
round3_phase1,0xFD,3258,0x0002,0x0003,0x0000,0x01,0x002F,0x0000,0x0000,actor_2c8,8,0x10C4C8,0x01,0x11,0x00,0x00,0x0F,0x00,0x00,0x00A5,0x02D1,0x0A73,0x00,0x07,0x02,220,19,220:4000:02D1:0AA1:0095|221:4000:02C1:0A9F:0095|222:4000:02D1:0AA0:00A5|223:4000:02C1:0A9E:00A5
round3_phase1,0xFD,3258,0x0002,0x0003,0x0000,0x01,0x002F,0x0000,0x0000,actor_748,1,0x10C788,0x01,0xB1,0x01,0x00,0x02,0x03,0x00,0x0275,0x02BD,0x02E8,0x01,0x00,0x00,47,1,47:400A:02B5:0329:026D
round3_phase1,0xFD,3260,0x0002,0x0003,0x0000,0x01,0x002F,0x0000,0x0000,actor_2c8,4,0x10C3C8,0x01,0x5F,0x00,0x00,0x08,0x00,0x00,0x011E,0x02B4,0x02E8,0x00,0x4A,0x00,180,10,180:404A:02B4:02F1:010E|181:404A:02A4:02EF:010E|182:404A:02B4:02F0:011E|183:404A:02A4:02EE:011E|184:404A:02A1:02EC:0115|185:404A:0291:02E9:0115|186:404A:02A1:02EB:0125|187:404A:0291:02E8:0125|188:404A:02A1:02ED:0105|189:404A:0291:02EA:0105
round3_phase1,0xFD,3260,0x0002,0x0003,0x0000,0x01,0x002F,0x0000,0x0000,actor_2c8,5,0x10C408,0x01,0xB3,0x00,0x00,0x02,0x00,0x02,0x01F1,0x02D1,0x02E8,0x00,0x4A,0x00,190,10,190:404A:02D1:02F3:01F1|191:404A:02C1:02F2:01F1|192:404A:02BE:030C:01EA|193:404A:02AE:02E9:01EA|194:404A:02BE:030B:01FA|195:404A:02AE:030A:01FA|196:404A:02BE:0301:01DA
round3_phase1,0xFD,3260,0x0002,0x0003,0x0000,0x01,0x002F,0x0000,0x0000,actor_2c8,7,0x10C488,0x01,0x12,0x00,0x00,0x0F,0x00,0x00,0x00A9,0x02D1,0x0A73,0x00,0x0A,0x02,210,10,210:4000:02D1:0AA1:0099|211:4000:02C1:0A9F:0099|212:4000:02D1:0AA0:00A9|213:4000:02C1:0A9E:00A9
round3_phase1,0xFD,3260,0x0002,0x0003,0x0000,0x01,0x002F,0x0000,0x0000,actor_2c8,8,0x10C4C8,0x01,0x12,0x00,0x00,0x0F,0x00,0x00,0x00A3,0x02D1,0x0A73,0x00,0x07,0x02,220,19,220:4000:02C9:0AA2:009B
round3_phase1,0xFD,3260,0x0002,0x0003,0x0000,0x01,0x002F,0x0000,0x0000,actor_748,1,0x10C788,0x01,0xAA,0x01,0x00,0x02,0x03,0x00,0x0276,0x02BD,0x02E8,0x01,0x00,0x00,47,1,47:400A:02B5:0322:026E
round3_phase1,0xFD,3262,0x0002,0x0003,0x0000,0x01,0x002F,0x0000,0x0000,actor_2c8,4,0x10C3C8,0x01,0x5F,0x00,0x00,0x08,0x00,0x00,0x0119,0x02B6,0x02E8,0x00,0x4A,0x00,180,10,180:404A:02B6:02F1:0109|181:404A:02A6:02EF:0109|182:404A:02B6:02F0:0119|183:404A:02A6:02EE:0119|184:404A:02A3:02EC:0110|185:404A:0293:02E9:0110|186:404A:02A3:02EB:0120|187:404A:0293:02E8:0120|188:404A:02A3:02ED:0100|189:404A:0293:02EA:0100
round3_phase1,0xFD,3262,0x0002,0x0003,0x0000,0x01,0x002F,0x0000,0x0000,actor_2c8,5,0x10C408,0x01,0xB3,0x00,0x00,0x02,0x00,0x02,0x01ED,0x02D1,0x02E8,0x00,0x4A,0x00,190,10,190:404A:02D1:02F3:01ED|191:404A:02C1:02F2:01ED|192:404A:02BE:030C:01E6|193:404A:02AE:02E9:01E6|194:404A:02BE:030B:01F6|195:404A:02AE:030A:01F6|196:404A:02BE:0301:01D6
round3_phase1,0xFD,3262,0x0002,0x0003,0x0000,0x01,0x002F,0x0000,0x0000,actor_2c8,7,0x10C488,0x01,0x12,0x00,0x00,0x0F,0x00,0x00,0x00A7,0x02D1,0x0A73,0x00,0x0A,0x02,210,10,210:4000:02C9:0AA2:009F
round3_phase1,0xFD,3262,0x0002,0x0003,0x0000,0x01,0x002F,0x0000,0x0000,actor_748,1,0x10C788,0x01,0xAB,0x01,0x00,0x02,0x03,0x00,0x0277,0x02BD,0x02E8,0x01,0x00,0x00,47,1,47:400A:02B5:0323:026F
round3_phase1,0xFD,3264,0x0002,0x0003,0x0000,0x01,0x002F,0x0000,0x0000,actor_2c8,4,0x10C3C8,0x01,0x5F,0x00,0x00,0x08,0x00,0x00,0x0114,0x02B8,0x02E8,0x00,0x4A,0x00,180,10,180:404A:02B8:02F1:0104|181:404A:02A8:02EF:0104|182:404A:02B8:02F0:0114|183:404A:02A8:02EE:0114|184:404A:02A5:02EC:010B|185:404A:0295:02E9:010B|186:404A:02A5:02EB:011B|187:404A:0295:02E8:011B|188:404A:02A5:02ED:00FB|189:404A:0295:02EA:00FB
round3_phase1,0xFD,3264,0x0002,0x0003,0x0000,0x01,0x002F,0x0000,0x0000,actor_2c8,5,0x10C408,0x01,0xB3,0x00,0x00,0x02,0x00,0x02,0x01E9,0x02D1,0x02E8,0x00,0x4A,0x00,190,10,190:404A:02D1:02F3:01E9|191:404A:02C1:02F2:01E9|192:404A:02BE:030C:01E2|193:404A:02AE:02E9:01E2|194:404A:02BE:030B:01F2|195:404A:02AE:030A:01F2|196:404A:02BE:0301:01D2
round3_phase1,0xFD,3264,0x0002,0x0003,0x0000,0x01,0x002F,0x0000,0x0000,actor_748,1,0x10C788,0x01,0xAC,0x01,0x00,0x02,0x03,0x00,0x0278,0x02BD,0x02E8,0x01,0x00,0x00,47,1,47:400A:02B5:0324:0270
round3_phase1,0xFD,3266,0x0002,0x0003,0x0000,0x01,0x002F,0x0000,0x0000,actor_2c8,4,0x10C3C8,0x01,0x5F,0x00,0x00,0x08,0x00,0x00,0x010F,0x02BB,0x02E8,0x00,0x4A,0x00,180,10,180:404A:02BB:02F1:00FF|181:404A:02AB:02EF:00FF|182:404A:02BB:02F0:010F|183:404A:02AB:02EE:010F|184:404A:02A8:02EC:0106|185:404A:0298:02E9:0106|186:404A:02A8:02EB:0116|187:404A:0298:02E8:0116|188:404A:02A8:02ED:00F6|189:404A:0298:02EA:00F6
round3_phase1,0xFD,3266,0x0002,0x0003,0x0000,0x01,0x002F,0x0000,0x0000,actor_748,1,0x10C788,0x01,0xAD,0x01,0x00,0x02,0x03,0x00,0x0279,0x02BD,0x02E8,0x01,0x00,0x00,47,1,47:400A:02B5:0325:0271
round3_phase1,0xFD,3268,0x0002,0x0003,0x0000,0x01,0x002F,0x0000,0x0000,actor_2c8,4,0x10C3C8,0x01,0x5F,0x00,0x00,0x08,0x00,0x00,0x0108,0x02BE,0x02E8,0x00,0x4A,0x00,180,10,180:404A:02BE:02F1:00F9|181:404A:02AE:02EF:00F9|182:404A:02BE:02F0:0109|183:404A:02AE:02EE:0109|184:404A:02AB:02EC:0100|185:404A:029B:02E9:0100|186:404A:02AB:02EB:0110|187:404A:029B:02E8:0110|188:404A:02AB:02ED:00F0|189:404A:029B:02EA:00F0
round3_phase1,0xFD,3268,0x0002,0x0003,0x0000,0x01,0x002F,0x0000,0x0000,actor_748,1,0x10C788,0x01,0xAE,0x01,0x00,0x02,0x03,0x00,0x0278,0x02BD,0x02E8,0x01,0x00,0x00,47,1,47:400A:02B5:0326:0271
round3_phase1,0xFD,3270,0x0002,0x0003,0x0000,0x01,0x002F,0x0000,0x0000,actor_2c8,4,0x10C3C8,0x01,0x5F,0x00,0x00,0x08,0x00,0x00,0x0102,0x02C1,0x02E8,0x00,0x4A,0x00,180,10,180:404A:02C1:02F1:00F3|181:404A:02B1:02EF:00F3|182:404A:02C1:02F0:0103|183:404A:02B1:02EE:0103|184:404A:02AE:02EC:00FA|185:404A:029E:02E9:00FA|186:404A:02AE:02EB:010A|187:404A:029E:02E8:010A|188:404A:02AE:02ED:00EA|189:404A:029E:02EA:00EA
round3_phase1,0xFD,3270,0x0002,0x0003,0x0000,0x01,0x002F,0x0000,0x0000,actor_748,1,0x10C788,0x01,0xAF,0x01,0x00,0x02,0x03,0x00,0x0277,0x02BD,0x02E8,0x01,0x00,0x00,47,1,47:400A:02B5:0327:0270
round3_phase1,0xFD,3272,0x0002,0x0003,0x0000,0x01,0x002F,0x0000,0x0000,actor_2c8,4,0x10C3C8,0x01,0x5F,0x00,0x00,0x08,0x00,0x00,0x00FC,0x02C4,0x02E8,0x00,0x4A,0x00,180,10,180:404A:02C4:02F1:00ED|181:404A:02B4:02EF:00ED|182:404A:02C4:02F0:00FD|183:404A:02B4:02EE:00FD|184:404A:02B1:02EC:00F4|185:404A:02A1:02E9:00F4|186:404A:02B1:02EB:0104|187:404A:02A1:02E8:0104|188:404A:02B1:02ED:00E4|189:404A:02A1:02EA:00E4
round3_phase1,0xFD,3272,0x0002,0x0003,0x0000,0x01,0x002F,0x0000,0x0000,actor_748,1,0x10C788,0x01,0xB0,0x01,0x00,0x02,0x03,0x00,0x0276,0x02BD,0x02E8,0x01,0x00,0x00,47,1,47:400A:02B5:0328:026F
round3_phase1,0xFD,3274,0x0002,0x0003,0x0000,0x01,0x002F,0x0000,0x0000,actor_2c8,4,0x10C3C8,0x01,0x5F,0x00,0x00,0x08,0x00,0x00,0x00F7,0x02C7,0x02E8,0x00,0x4A,0x00,180,10,180:404A:02C7:02F1:00E8|181:404A:02B7:02EF:00E8|182:404A:02C7:02F0:00F8|183:404A:02B7:02EE:00F8|184:404A:02B4:02EC:00EF|185:404A:02A4:02E9:00EF|186:404A:02B4:02EB:00FF|187:404A:02A4:02E8:00FF|188:404A:02B4:02ED:00DF|189:404A:02A4:02EA:00DF
round3_phase1,0xFD,3274,0x0002,0x0003,0x0000,0x01,0x002F,0x0000,0x0000,actor_2c8,6,0x10C448,0x01,0xCA,0x00,0x00,0x02,0x00,0x00,0x0143,0x0291,0x0420,0x00,0x47,0x00,200,10,
round3_phase1,0xFD,3274,0x0002,0x0003,0x0000,0x01,0x002F,0x0000,0x0000,actor_748,1,0x10C788,0x01,0xB1,0x01,0x00,0x02,0x03,0x00,0x0275,0x02BD,0x02E8,0x01,0x00,0x00,47,1,47:400A:02B5:0329:026E
round3_phase1,0xFD,3276,0x0002,0x0003,0x0000,0x01,0x002F,0x0000,0x0000,actor_2c8,4,0x10C3C8,0x01,0x5F,0x00,0x00,0x08,0x00,0x00,0x00F2,0x02CA,0x02E8,0x00,0x4A,0x00,180,10,180:404A:02CA:02F1:00E3|181:404A:02BA:02EF:00E3|182:404A:02CA:02F0:00F3|183:404A:02BA:02EE:00F3|184:404A:02B7:02EC:00EA|185:404A:02A7:02E9:00EA|186:404A:02B7:02EB:00FA|187:404A:02A7:02E8:00FA|188:404A:02B7:02ED:00DA|189:404A:02A7:02EA:00DA
round3_phase1,0xFD,3276,0x0002,0x0003,0x0000,0x01,0x002F,0x0000,0x0000,actor_2c8,6,0x10C448,0x01,0xCB,0x00,0x00,0x02,0x00,0x00,0x013D,0x0291,0x0420,0x00,0x47,0x00,200,10,200:4047:0270:0420:0140|201:4047:0270:0421:0130|202:4047:0280:0422:0140|203:4047:0280:0423:0130|204:4047:0281:0429:0138|205:4047:0291:042A:0138
round3_phase1,0xFD,3276,0x0002,0x0003,0x0000,0x01,0x002F,0x0000,0x0000,actor_748,1,0x10C788,0x01,0xAA,0x01,0x00,0x02,0x03,0x00,0x0274,0x02BD,0x02E8,0x01,0x00,0x00,47,1,47:400A:02B5:0322:026D
round3_phase1,0xFD,3278,0x0002,0x0003,0x0000,0x01,0x002F,0x0000,0x0000,actor_2c8,4,0x10C3C8,0x01,0x5F,0x00,0x00,0x08,0x00,0x00,0x00ED,0x02CE,0x02E8,0x00,0x4A,0x00,180,10,180:404A:02CE:02F1:00DE|181:404A:02BE:02EF:00DE|182:404A:02CE:02F0:00EE|183:404A:02BE:02EE:00EE|184:404A:02BB:02EC:00E5|185:404A:02AB:02E9:00E5|186:404A:02BB:02EB:00F5|187:404A:02AB:02E8:00F5|188:404A:02BB:02ED:00D5|189:404A:02AB:02EA:00D5
round3_phase1,0xFD,3278,0x0002,0x0003,0x0000,0x01,0x002F,0x0000,0x0000,actor_2c8,6,0x10C448,0x01,0xCB,0x00,0x00,0x02,0x00,0x00,0x0137,0x0291,0x0420,0x00,0x47,0x00,200,10,200:4047:0270:0420:013A|201:4047:0270:0421:012A|202:4047:0280:0422:013A|203:4047:0280:0423:012A|204:4047:0281:0429:0132|205:4047:0291:042A:0132
round3_phase1,0xFD,3278,0x0002,0x0003,0x0000,0x01,0x002F,0x0000,0x0000,actor_748,1,0x10C788,0x01,0xAB,0x01,0x00,0x02,0x03,0x00,0x0273,0x02BD,0x02E8,0x01,0x00,0x00,47,1,47:400A:02B5:0323:026C
round3_phase1,0xFD,3280,0x0002,0x0003,0x0000,0x01,0x002F,0x0000,0x0000,actor_2c8,6,0x10C448,0x01,0xCB,0x00,0x00,0x02,0x00,0x00,0x0131,0x0291,0x0420,0x00,0x47,0x00,200,10,200:4047:0270:0420:0134|201:4047:0270:0421:0124|202:4047:0280:0422:0134|203:4047:0280:0423:0124|204:4047:0281:0429:012C|205:4047:0291:042A:012C
round3_phase1,0xFD,3280,0x0002,0x0003,0x0000,0x01,0x002F,0x0000,0x0000,actor_748,1,0x10C788,0x01,0xAC,0x01,0x00,0x02,0x03,0x00,0x0272,0x02BD,0x02E8,0x01,0x00,0x00,47,1,47:400A:02B5:0324:026B
round3_phase1,0xFD,3282,0x0002,0x0003,0x0000,0x01,0x002F,0x0000,0x0000,actor_2c8,4,0x10C3C8,0x01,0x62,0x00,0x00,0x02,0x00,0x00,0x00E3,0x02D1,0x02E8,0x00,0x4A,0x00,180,10,180:404A:02D1:02F6:00DD|181:404A:02C1:02F4:00DD|182:404A:02D1:02F5:00ED|183:404A:02BE:02EC:00DD|184:404A:02AE:02E9:00DD|185:404A:02BE:02EB:00ED|186:404A:02AE:02E8:00ED|187:404A:02BE:02ED:00CD|188:404A:02AE:02EA:00CD
round3_phase1,0xFD,3282,0x0002,0x0003,0x0000,0x01,0x002F,0x0000,0x0000,actor_2c8,6,0x10C448,0x01,0xCB,0x00,0x00,0x02,0x00,0x00,0x012D,0x0291,0x0420,0x00,0x47,0x00,200,10,200:4047:0270:0420:012E|201:4047:0270:0421:011E|202:4047:0280:0422:012E|203:4047:0280:0423:011E|204:4047:0281:0429:0126|205:4047:0291:042A:0126
round3_phase1,0xFD,3282,0x0002,0x0003,0x0000,0x01,0x002F,0x0000,0x0000,actor_748,1,0x10C788,0x01,0xAD,0x01,0x00,0x02,0x03,0x00,0x0271,0x02BD,0x02E8,0x01,0x00,0x00,47,1,47:400A:02B5:0325:026A
round3_phase1,0xFD,3284,0x0002,0x0003,0x0000,0x01,0x002F,0x0000,0x0000,actor_2c8,4,0x10C3C8,0x01,0x61,0x00,0x00,0x02,0x00,0x00,0x00DD,0x02D1,0x02E8,0x00,0x4A,0x00,180,10,180:404A:02D1:02F6:00D7|181:404A:02C1:02F4:00D7|182:404A:02D1:02F5:00E7|183:404A:02BE:02EC:00D7|184:404A:02AE:02E9:00D7|185:404A:02BE:02EB:00E7|186:404A:02AE:02E8:00E7|187:404A:02BE:02ED:00C7|188:404A:02AE:02EA:00C7
round3_phase1,0xFD,3284,0x0002,0x0003,0x0000,0x01,0x002F,0x0000,0x0000,actor_2c8,6,0x10C448,0x01,0xCC,0x00,0x00,0x02,0x00,0x00,0x0127,0x0291,0x0420,0x00,0x47,0x00,200,10,200:4047:0271:0420:0128|201:4047:0271:0421:0118|202:4047:0281:0422:0128|203:4047:0281:0423:0118|204:4047:0282:0427:0120|205:4047:0292:0428:0120
round3_phase1,0xFD,3284,0x0002,0x0003,0x0000,0x01,0x002F,0x0000,0x0000,actor_748,1,0x10C788,0x01,0xAE,0x01,0x00,0x02,0x03,0x00,0x0270,0x02BD,0x02E8,0x01,0x00,0x00,47,1,47:400A:02B5:0326:0269
round3_phase1,0xFD,3286,0x0002,0x0003,0x0000,0x01,0x002F,0x0000,0x0000,actor_2c8,4,0x10C3C8,0x01,0x61,0x00,0x00,0x02,0x00,0x00,0x00D7,0x02D1,0x02E8,0x00,0x4A,0x00,180,10,180:404A:02D1:02F6:00D1|181:404A:02C1:02F4:00D1|182:404A:02D1:02F5:00E1|183:404A:02BE:02EC:00D1|184:404A:02AE:02E9:00D1|185:404A:02BE:02EB:00E1|186:404A:02AE:02E8:00E1|187:404A:02BE:02ED:00C1|188:404A:02AE:02EA:00C1
round3_phase1,0xFD,3286,0x0002,0x0003,0x0000,0x01,0x002F,0x0000,0x0000,actor_2c8,6,0x10C448,0x01,0xCC,0x00,0x00,0x02,0x00,0x00,0x0121,0x0291,0x0420,0x00,0x47,0x00,200,10,200:4047:0271:0420:0122|201:4047:0271:0421:0112|202:4047:0281:0422:0122|203:4047:0281:0423:0112|204:4047:0282:0427:011A|205:4047:0292:0428:011A
round3_phase1,0xFD,3286,0x0002,0x0003,0x0000,0x01,0x002F,0x0000,0x0000,actor_748,1,0x10C788,0x01,0xAF,0x01,0x00,0x02,0x03,0x00,0x026F,0x02BD,0x02E8,0x01,0x00,0x00,47,1,47:400A:02B5:0327:0268
round3_phase1,0xFD,3288,0x0002,0x0003,0x0000,0x01,0x002F,0x0000,0x0000,actor_2c8,4,0x10C3C8,0x01,0x61,0x00,0x00,0x02,0x00,0x00,0x00D1,0x02D1,0x02E8,0x00,0x4A,0x00,180,10,180:404A:02D1:02F6:00CB|181:404A:02C1:02F4:00CB|182:404A:02D1:02F5:00DB|183:404A:02BE:02EC:00CB|184:404A:02AE:02E9:00CB|185:404A:02BE:02EB:00DB|186:404A:02AE:02E8:00DB|187:404A:02BE:02ED:00BB|188:404A:02AE:02EA:00BB
round3_phase1,0xFD,3288,0x0002,0x0003,0x0000,0x01,0x002F,0x0000,0x0000,actor_2c8,6,0x10C448,0x01,0xCC,0x00,0x00,0x02,0x00,0x00,0x011B,0x0291,0x0420,0x00,0x47,0x00,200,10,200:4047:0271:0420:011C|201:4047:0271:0421:010C|202:4047:0281:0422:011C|203:4047:0281:0423:010C|204:4047:0282:0427:0114|205:4047:0292:0428:0114
round3_phase1,0xFD,3288,0x0002,0x0003,0x0000,0x01,0x002F,0x0000,0x0000,actor_748,1,0x10C788,0x01,0xB0,0x01,0x00,0x02,0x03,0x00,0x026E,0x02BD,0x02E8,0x01,0x00,0x00,47,1,47:400A:02B5:0328:0267
round3_phase1,0xFD,3290,0x0002,0x0003,0x0000,0x01,0x002F,0x0000,0x0000,actor_2c8,4,0x10C3C8,0x01,0x61,0x00,0x00,0x02,0x00,0x00,0x00CD,0x02D1,0x02E8,0x00,0x4A,0x00,180,10,180:404A:02D1:02F6:00C5|181:404A:02C1:02F4:00C5|182:404A:02D1:02F5:00D5|183:404A:02BE:02EC:00C5|184:404A:02AE:02E9:00C5|185:404A:02BE:02EB:00D5|186:404A:02AE:02E8:00D5|187:404A:02BE:02ED:00B5|188:404A:02AE:02EA:00B5
round3_phase1,0xFD,3290,0x0002,0x0003,0x0000,0x01,0x002F,0x0000,0x0000,actor_2c8,6,0x10C448,0x01,0xCC,0x00,0x00,0x02,0x00,0x00,0x0115,0x0291,0x0420,0x00,0x47,0x00,200,10,200:4047:0271:0420:0116|201:4047:0271:0421:0106|202:4047:0281:0422:0116|203:4047:0281:0423:0106|204:4047:0282:0427:010E|205:4047:0292:0428:010E
round3_phase1,0xFD,3290,0x0002,0x0003,0x0000,0x01,0x002F,0x0000,0x0000,actor_748,1,0x10C788,0x01,0xB1,0x01,0x00,0x02,0x03,0x00,0x026D,0x02BD,0x02E8,0x01,0x00,0x00,47,1,47:400A:02B5:0329:0266
round3_phase1,0xFD,3292,0x0002,0x0003,0x0000,0x01,0x002F,0x0000,0x0000,actor_2c8,4,0x10C3C8,0x01,0x60,0x00,0x00,0x02,0x00,0x00,0x00C7,0x02D1,0x02E8,0x00,0x4A,0x00,180,10,180:404A:02D1:02F3:00C6|181:404A:02C1:02F2:00C6|182:404A:02BE:02EC:00BF|183:404A:02AE:02E9:00BF|184:404A:02BE:02EB:00CF|185:404A:02AE:02E8:00CF|186:404A:02BE:02ED:00AF|187:404A:02AE:02EA:00AF
round3_phase1,0xFD,3292,0x0002,0x0003,0x0000,0x01,0x002F,0x0000,0x0000,actor_2c8,6,0x10C448,0x01,0xC9,0x00,0x00,0x08,0x00,0x00,0x010E,0x0291,0x0420,0x00,0x47,0x00,200,10,200:4047:0270:0420:0112|201:4047:0270:0421:0102|202:4047:0280:0422:0112|203:4047:0280:0423:0102|204:4047:0281:0424:010A|205:4047:0291:0425:0112|206:4047:0291:0426:0102
round3_phase1,0xFD,3292,0x0002,0x0003,0x0000,0x01,0x002F,0x0000,0x0000,actor_748,1,0x10C788,0x01,0xAA,0x01,0x00,0x02,0x03,0x00,0x026C,0x02BD,0x02E8,0x01,0x00,0x00,47,1,47:400A:02B5:0322:0265
round3_phase1,0xFD,3294,0x0002,0x0003,0x0000,0x01,0x002F,0x0000,0x0000,actor_2c8,4,0x10C3C8,0x01,0x60,0x00,0x00,0x02,0x00,0x00,0x00C5,0x02D1,0x02E8,0x00,0x4A,0x00,180,10,180:404A:02D1:02F3:00C2|181:404A:02C1:02F2:00C2|182:404A:02BE:02EC:00BB|183:404A:02AE:02E9:00BB|184:404A:02BE:02EB:00CB|185:404A:02AE:02E8:00CB|186:404A:02BE:02ED:00AB|187:404A:02AE:02EA:00AB
round3_phase1,0xFD,3294,0x0002,0x0003,0x0000,0x01,0x002F,0x0000,0x0000,actor_2c8,6,0x10C448,0x01,0xC9,0x00,0x00,0x08,0x00,0x00,0x010A,0x0292,0x0420,0x00,0x47,0x00,200,10,200:4047:0270:0420:010D|201:4047:0270:0421:00FD|202:4047:0280:0422:010D|203:4047:0280:0423:00FD|204:4047:0281:0424:0105|205:4047:0291:0425:010D|206:4047:0291:0426:00FD
round3_phase1,0xFD,3294,0x0002,0x0003,0x0000,0x01,0x002F,0x0000,0x0000,actor_748,1,0x10C788,0x01,0xAB,0x01,0x00,0x02,0x03,0x00,0x026F,0x02BD,0x02E8,0x01,0x00,0x00,47,1,47:400A:02B5:0323:0266
round3_phase1,0xFD,3296,0x0002,0x0003,0x0000,0x01,0x002F,0x0000,0x0000,actor_2c8,4,0x10C3C8,0x01,0x60,0x00,0x00,0x02,0x00,0x00,0x00C3,0x02D1,0x02E8,0x00,0x4A,0x00,180,10,180:404A:02D1:02F3:00C0|181:404A:02C1:02F2:00C0|182:404A:02BE:02EC:00B9|183:404A:02AE:02E9:00B9|184:404A:02BE:02EB:00C9|185:404A:02AE:02E8:00C9|186:404A:02BE:02ED:00A9|187:404A:02AE:02EA:00A9
round3_phase1,0xFD,3296,0x0002,0x0003,0x0000,0x01,0x002F,0x0000,0x0000,actor_2c8,6,0x10C448,0x01,0xC9,0x00,0x00,0x08,0x00,0x00,0x0107,0x0293,0x0420,0x00,0x47,0x00,200,10,200:4047:0271:0420:0109|201:4047:0271:0421:00F9|202:4047:0281:0422:0109|203:4047:0281:0423:00F9|204:4047:0282:0424:0101|205:4047:0292:0425:0109|206:4047:0292:0426:00F9
round3_phase1,0xFD,3296,0x0002,0x0003,0x0000,0x01,0x002F,0x0000,0x0000,actor_748,1,0x10C788,0x01,0xAC,0x01,0x00,0x02,0x03,0x00,0x0272,0x02BD,0x02E8,0x01,0x00,0x00,47,1,47:400A:02B5:0324:0269
round3_phase1,0xFD,3298,0x0002,0x0003,0x0000,0x01,0x002F,0x0000,0x0000,actor_2c8,4,0x10C3C8,0x01,0x0D,0x00,0x00,0x0F,0x00,0x00,0x00C1,0x02D1,0x0A73,0x00,0x0A,0x02,180,10,180:404A:02D1:02F3:00BE|181:404A:02C1:02F2:00BE|182:404A:02BE:02EC:00B7|183:404A:02AE:02E9:00B7|184:404A:02BE:02EB:00C7|185:404A:02AE:02E8:00C7|186:404A:02BE:02ED:00A7|187:404A:02AE:02EA:00A7
round3_phase1,0xFD,3298,0x0002,0x0003,0x0000,0x01,0x002F,0x0000,0x0000,actor_2c8,6,0x10C448,0x01,0xC9,0x00,0x00,0x08,0x00,0x00,0x0104,0x0294,0x0420,0x00,0x47,0x00,200,10,200:4047:0272:0420:0106|201:4047:0272:0421:00F6|202:4047:0282:0422:0106|203:4047:0282:0423:00F6|204:4047:0283:0424:00FE|205:4047:0293:0425:0106|206:4047:0293:0426:00F6
round3_phase1,0xFD,3298,0x0002,0x0003,0x0000,0x01,0x002F,0x0000,0x0000,actor_748,1,0x10C788,0x01,0xAD,0x01,0x00,0x02,0x03,0x00,0x0275,0x02BD,0x02E8,0x01,0x00,0x00,47,1,47:400A:02B5:0325:026C
round3_phase1,0xFD,3300,0x0002,0x0003,0x0000,0x01,0x002F,0x0000,0x0000,actor_2c8,4,0x10C3C8,0x01,0x0D,0x00,0x00,0x0F,0x00,0x00,0x00C1,0x02D1,0x0A73,0x00,0x0A,0x02,180,10,180:4000:02D9:0A83:00A8|181:4000:02C9:0A80:00A8|182:4000:02B9:0A7D:00A8|183:4000:02D9:0A82:00B8|184:4000:02C9:0A7F:00B8|185:4000:02B9:0A7C:00B8|186:4000:02D9:0A81:00C8|187:4000:02C9:0A7E:00C8|188:4000:02B9:0A7B:00C8
round3_phase1,0xFD,3300,0x0002,0x0003,0x0000,0x01,0x002F,0x0000,0x0000,actor_2c8,6,0x10C448,0x01,0xC9,0x00,0x00,0x08,0x00,0x00,0x0101,0x0296,0x0420,0x00,0x47,0x00,200,10,200:4047:0273:0420:0103|201:4047:0273:0421:00F3|202:4047:0283:0422:0103|203:4047:0283:0423:00F3|204:4047:0284:0424:00FB|205:4047:0294:0425:0103|206:4047:0294:0426:00F3
round3_phase1,0xFD,3300,0x0002,0x0003,0x0000,0x01,0x002F,0x0000,0x0000,actor_748,1,0x10C788,0x01,0xAE,0x01,0x00,0x02,0x03,0x00,0x0278,0x02BD,0x02E8,0x01,0x00,0x00,47,1,47:400A:02B5:0326:026F
round3_phase1,0xFD,3302,0x0002,0x0003,0x0000,0x01,0x002F,0x0000,0x0000,actor_2c8,4,0x10C3C8,0x01,0x0C,0x00,0x00,0x0F,0x00,0x00,0x00C0,0x02D1,0x0A73,0x00,0x0A,0x02,180,10,180:4000:02D1:0A7A:00B0|181:4000:02C1:0A78:00B0|182:4000:02D1:0A79:00C0|183:4000:02C1:0A77:00C0
round3_phase1,0xFD,3302,0x0002,0x0003,0x0000,0x01,0x002F,0x0000,0x0000,actor_2c8,6,0x10C448,0x01,0xC9,0x00,0x00,0x08,0x00,0x00,0x00FD,0x0298,0x0420,0x00,0x47,0x00,200,10,200:4047:0275:0420:0100|201:4047:0275:0421:00F0|202:4047:0285:0422:0100|203:4047:0285:0423:00F0|204:4047:0286:0424:00F8|205:4047:0296:0425:0100|206:4047:0296:0426:00F0
round3_phase1,0xFD,3302,0x0002,0x0003,0x0000,0x01,0x002F,0x0000,0x0000,actor_748,1,0x10C788,0x01,0xAF,0x01,0x00,0x02,0x03,0x00,0x027A,0x02BD,0x02E8,0x01,0x00,0x00,47,1,47:400A:02B5:0327:0272
round3_phase1,0xFD,3304,0x0002,0x0003,0x0000,0x01,0x002F,0x0000,0x0000,actor_2c8,4,0x10C3C8,0x01,0x0B,0x00,0x00,0x0F,0x00,0x00,0x00BE,0x02D1,0x0A73,0x00,0x0A,0x02,180,10,180:4000:02D1:0A7A:00AE|181:4000:02C1:0A78:00AE|182:4000:02D1:0A79:00BE|183:4000:02C1:0A77:00BE
round3_phase1,0xFD,3304,0x0002,0x0003,0x0000,0x01,0x002F,0x0000,0x0000,actor_2c8,6,0x10C448,0x01,0xC9,0x00,0x00,0x08,0x00,0x00,0x00F8,0x029B,0x0420,0x00,0x47,0x00,200,10,200:4047:0277:0420:00FB|201:4047:0277:0421:00EB|202:4047:0287:0422:00FB|203:4047:0287:0423:00EB|204:4047:0288:0424:00F3|205:4047:0298:0425:00FB|206:4047:0298:0426:00EB
round3_phase1,0xFD,3304,0x0002,0x0003,0x0000,0x01,0x002F,0x0000,0x0000,actor_748,1,0x10C788,0x01,0xB0,0x01,0x00,0x02,0x03,0x00,0x027B,0x02BD,0x02E8,0x01,0x00,0x00,47,1,47:400A:02B5:0328:0273
round3_phase1,0xFD,3306,0x0002,0x0003,0x0000,0x01,0x002F,0x0000,0x0000,actor_2c8,4,0x10C3C8,0x01,0x0B,0x00,0x00,0x0F,0x00,0x00,0x00BC,0x02D1,0x0A73,0x00,0x0A,0x02,180,10,180:4000:02D1:0A76:00AC|181:4000:02C1:0A74:00AC|182:4000:02D1:0A75:00BC|183:4000:02C1:0A73:00BC
round3_phase1,0xFD,3306,0x0002,0x0003,0x0000,0x01,0x002F,0x0000,0x0000,actor_2c8,6,0x10C448,0x01,0xC9,0x00,0x00,0x08,0x00,0x00,0x00F3,0x029E,0x0420,0x00,0x47,0x00,200,10,200:4047:027A:0420:00F6|201:4047:027A:0421:00E6|202:4047:028A:0422:00F6|203:4047:028A:0423:00E6|204:4047:028B:0424:00EE|205:4047:029B:0425:00F6|206:4047:029B:0426:00E6
round3_phase1,0xFD,3306,0x0002,0x0003,0x0000,0x01,0x002F,0x0000,0x0000,actor_748,1,0x10C788,0x01,0xB1,0x01,0x00,0x02,0x03,0x00,0x027C,0x02BD,0x02E8,0x01,0x00,0x00,47,1,47:400A:02B5:0329:0274
round3_phase1,0xFD,3308,0x0002,0x0003,0x0000,0x01,0x002F,0x0000,0x0000,actor_2c8,4,0x10C3C8,0x01,0x0C,0x00,0x00,0x0F,0x00,0x00,0x00BA,0x02D1,0x0A73,0x00,0x0A,0x02,180,10,180:4000:02D1:0A7A:00AA|181:4000:02C1:0A78:00AA|182:4000:02D1:0A79:00BA|183:4000:02C1:0A77:00BA
round3_phase1,0xFD,3308,0x0002,0x0003,0x0000,0x01,0x002F,0x0000,0x0000,actor_2c8,6,0x10C448,0x01,0xC9,0x00,0x00,0x08,0x00,0x00,0x00EF,0x02A1,0x0420,0x00,0x47,0x00,200,10,200:4047:027D:0420:00F1|201:4047:027D:0421:00E1|202:4047:028D:0422:00F1|203:4047:028D:0423:00E1|204:4047:028E:0424:00E9|205:4047:029E:0425:00F1|206:4047:029E:0426:00E1
round3_phase1,0xFD,3308,0x0002,0x0003,0x0000,0x01,0x002F,0x0000,0x0000,actor_748,1,0x10C788,0x01,0xAA,0x01,0x00,0x02,0x03,0x00,0x027D,0x02BD,0x02E8,0x01,0x00,0x00,47,1,47:400A:02B5:0322:0275
round3_phase1,0xFD,3310,0x0002,0x0003,0x0000,0x01,0x002F,0x0000,0x0000,actor_2c8,4,0x10C3C8,0x01,0x0D,0x00,0x00,0x0F,0x00,0x00,0x00B8,0x02D1,0x0A73,0x00,0x0A,0x02,180,10,180:4000:02D1:0A7A:00A8|181:4000:02C1:0A78:00A8|182:4000:02D1:0A79:00B8|183:4000:02C1:0A77:00B8
round3_phase1,0xFD,3310,0x0002,0x0003,0x0000,0x01,0x002F,0x0000,0x0000,actor_2c8,6,0x10C448,0x01,0xC9,0x00,0x00,0x08,0x00,0x00,0x00EB,0x02A4,0x0420,0x00,0x47,0x00,200,10,200:4047:0280:0420:00ED|201:4047:0280:0421:00DD|202:4047:0290:0422:00ED|203:4047:0290:0423:00DD|204:4047:0291:0424:00E5|205:4047:02A1:0425:00ED|206:4047:02A1:0426:00DD
round3_phase1,0xFD,3310,0x0002,0x0003,0x0000,0x01,0x002F,0x0000,0x0000,actor_748,1,0x10C788,0x01,0xAB,0x01,0x00,0x02,0x03,0x00,0x027E,0x02BD,0x02E8,0x01,0x00,0x00,47,1,47:400A:02B5:0323:0276
round3_phase1,0xFD,3312,0x0002,0x0003,0x0000,0x01,0x002F,0x0000,0x0000,actor_2c8,4,0x10C3C8,0x01,0x0D,0x00,0x00,0x0F,0x00,0x00,0x00B6,0x02D1,0x0A73,0x00,0x0A,0x02,180,10,180:4000:02D9:0A83:009E|181:4000:02C9:0A80:009E|182:4000:02B9:0A7D:009E|183:4000:02D9:0A82:00AE|184:4000:02C9:0A7F:00AE|185:4000:02B9:0A7C:00AE|186:4000:02D9:0A81:00BE|187:4000:02C9:0A7E:00BE|188:4000:02B9:0A7B:00BE
round3_phase1,0xFD,3312,0x0002,0x0003,0x0000,0x01,0x002F,0x0000,0x0000,actor_2c8,6,0x10C448,0x01,0xC9,0x00,0x00,0x08,0x00,0x00,0x00E8,0x02A7,0x0420,0x00,0x47,0x00,200,10,200:4047:0283:0420:00E9|201:4047:0283:0421:00D9|202:4047:0293:0422:00E9|203:4047:0293:0423:00D9|204:4047:0294:0424:00E1|205:4047:02A4:0425:00E9|206:4047:02A4:0426:00D9
round3_phase1,0xFD,3312,0x0002,0x0003,0x0000,0x01,0x002F,0x0000,0x0000,actor_748,1,0x10C788,0x01,0xAC,0x01,0x00,0x02,0x03,0x00,0x027F,0x02BD,0x02E8,0x01,0x00,0x00,47,1,47:400A:02B5:0324:0277
round3_phase1,0xFD,3314,0x0002,0x0003,0x0000,0x01,0x002F,0x0000,0x0000,actor_2c8,4,0x10C3C8,0x01,0x0E,0x00,0x00,0x0F,0x00,0x00,0x00B4,0x02D1,0x0A73,0x00,0x0A,0x02,180,10,180:4000:02D9:0A8C:009C|181:4000:02C9:0A89:009C|182:4000:02B9:0A86:009C|183:4000:02D9:0A8B:00AC|184:4000:02C9:0A88:00AC|185:4000:02B9:0A85:00AC|186:4000:02D9:0A8A:00BC|187:4000:02C9:0A87:00BC|188:4000:02B9:0A84:00BC
round3_phase1,0xFD,3314,0x0002,0x0003,0x0000,0x01,0x002F,0x0000,0x0000,actor_2c8,6,0x10C448,0x01,0xC9,0x00,0x00,0x08,0x00,0x00,0x00E5,0x02AA,0x0420,0x00,0x47,0x00,200,10,200:4047:0286:0420:00E6|201:4047:0286:0421:00D6|202:4047:0296:0422:00E6|203:4047:0296:0423:00D6|204:4047:0297:0424:00DE|205:4047:02A7:0425:00E6|206:4047:02A7:0426:00D6
round3_phase1,0xFD,3314,0x0002,0x0003,0x0000,0x01,0x002F,0x0000,0x0000,actor_748,1,0x10C788,0x01,0xAD,0x01,0x00,0x02,0x03,0x00,0x0280,0x02BD,0x02E8,0x01,0x00,0x00,47,1,47:400A:02B5:0325:0278
round3_phase1,0xFD,3316,0x0002,0x0003,0x0000,0x01,0x002F,0x0000,0x0000,actor_2c8,4,0x10C3C8,0x01,0x0F,0x00,0x00,0x0F,0x00,0x00,0x00B2,0x02D1,0x0A73,0x00,0x0A,0x02,180,10,180:4000:02D9:0A8C:009A|181:4000:02C9:0A89:009A|182:4000:02B9:0A86:009A|183:4000:02D9:0A8B:00AA|184:4000:02C9:0A88:00AA|185:4000:02B9:0A85:00AA|186:4000:02D9:0A8A:00BA|187:4000:02C9:0A87:00BA|188:4000:02B9:0A84:00BA
round3_phase1,0xFD,3316,0x0002,0x0003,0x0000,0x01,0x002F,0x0000,0x0000,actor_2c8,6,0x10C448,0x01,0xC9,0x00,0x00,0x08,0x00,0x00,0x00E2,0x02AE,0x0420,0x00,0x47,0x00,200,10,200:4047:0289:0420:00E3|201:4047:0289:0421:00D3|202:4047:0299:0422:00E3|203:4047:0299:0423:00D3|204:4047:029A:0424:00DB|205:4047:02AA:0425:00E3|206:4047:02AA:0426:00D3
round3_phase1,0xFD,3316,0x0002,0x0003,0x0000,0x01,0x002F,0x0000,0x0000,actor_748,1,0x10C788,0x01,0xAE,0x01,0x00,0x02,0x03,0x00,0x0281,0x02BD,0x02E8,0x01,0x00,0x00,47,1,47:400A:02B5:0326:0279
round3_phase1,0xFD,3318,0x0002,0x0003,0x0000,0x01,0x002F,0x0000,0x0000,actor_2c8,4,0x10C3C8,0x01,0x0F,0x00,0x00,0x0F,0x00,0x00,0x00AE,0x02D1,0x0A73,0x00,0x0A,0x02,180,10,180:4000:02D9:0A94:0097|181:4000:02C9:0A91:0097|182:4000:02B9:0A8F:0097|183:4000:02D9:0A93:00A7|184:4000:02B9:0A8E:00A7|185:4000:02D9:0A92:00B7|186:4000:02C9:0A90:00B7|187:4000:02B9:0A8D:00B7
round3_phase1,0xFD,3318,0x0002,0x0003,0x0000,0x01,0x002F,0x0000,0x0000,actor_2c8,6,0x10C448,0x01,0xCB,0x00,0x00,0x08,0x00,0x00,0x00DE,0x02B1,0x0420,0x00,0x47,0x00,200,10,200:4047:028D:0420:00DF|201:4047:028D:0421:00CF|202:4047:029D:0422:00DF|203:4047:029D:0423:00CF|204:4047:029E:0424:00D7|205:4047:02AE:0425:00DF|206:4047:02AE:0426:00CF
round3_phase1,0xFD,3318,0x0002,0x0003,0x0000,0x01,0x002F,0x0000,0x0000,actor_748,1,0x10C788,0x01,0xAF,0x01,0x00,0x02,0x03,0x00,0x0280,0x02BD,0x02E8,0x01,0x00,0x00,47,1,47:400A:02B5:0327:0279
round3_phase1,0xFD,3320,0x0002,0x0003,0x0000,0x01,0x002F,0x0000,0x0000,actor_2c8,4,0x10C3C8,0x01,0x10,0x00,0x00,0x0F,0x00,0x00,0x00AA,0x02D1,0x0A73,0x00,0x0A,0x02,180,10,180:4000:02D9:0A9D:0093|181:4000:02C9:0A9A:0093|182:4000:02B9:0A97:0093|183:4000:02D9:0A9C:00A3|184:4000:02C9:0A99:00A3|185:4000:02B9:0A96:00A3|186:4000:02D9:0A9B:00B3|187:4000:02C9:0A98:00B3|188:4000:02B9:0A95:00B3
round3_phase1,0xFD,3320,0x0002,0x0003,0x0000,0x01,0x002F,0x0000,0x0000,actor_2c8,6,0x10C448,0x01,0xCB,0x00,0x00,0x08,0x00,0x00,0x00DA,0x02B1,0x0420,0x00,0x47,0x00,200,10,200:4047:0290:0420:00DB|201:4047:0290:0421:00CB|202:4047:02A0:0422:00DB|203:4047:02A0:0423:00CB|204:4047:02A1:0429:00D3|205:4047:02B1:042A:00D3
round3_phase1,0xFD,3320,0x0002,0x0003,0x0000,0x01,0x002F,0x0000,0x0000,actor_748,1,0x10C788,0x01,0xB0,0x01,0x00,0x02,0x03,0x00,0x027F,0x02BD,0x02E8,0x01,0x00,0x00,47,1,47:400A:02B5:0328:0278
round3_phase1,0xFD,3322,0x0002,0x0003,0x0000,0x01,0x002F,0x0000,0x0000,actor_2c8,4,0x10C3C8,0x01,0x11,0x00,0x00,0x0F,0x00,0x00,0x00A6,0x02D1,0x0A73,0x00,0x0A,0x02,180,10,180:4000:02D9:0A9D:008F|181:4000:02C9:0A9A:008F|182:4000:02B9:0A97:008F|183:4000:02D9:0A9C:009F|184:4000:02C9:0A99:009F|185:4000:02B9:0A96:009F|186:4000:02D9:0A9B:00AF|187:4000:02C9:0A98:00AF|188:4000:02B9:0A95:00AF
round3_phase1,0xFD,3322,0x0002,0x0003,0x0000,0x01,0x002F,0x0000,0x0000,actor_2c8,6,0x10C448,0x01,0xC9,0x00,0x00,0x08,0x00,0x00,0x00D3,0x02B1,0x0420,0x00,0x47,0x00,200,10,200:4047:0290:0420:00D4|201:4047:0290:0421:00C4|202:4047:02A0:0422:00D4|203:4047:02A0:0423:00C4|204:4047:02A1:0424:00CC|205:4047:02B1:0425:00D4|206:4047:02B1:0426:00C4
round3_phase1,0xFD,3322,0x0002,0x0003,0x0000,0x01,0x002F,0x0000,0x0000,actor_748,1,0x10C788,0x01,0xB1,0x01,0x00,0x02,0x03,0x00,0x027E,0x02BD,0x02E8,0x01,0x00,0x00,47,1,47:400A:02B5:0329:0277
round3_phase1,0xFD,3324,0x0002,0x0003,0x0000,0x01,0x002F,0x0000,0x0000,actor_2c8,4,0x10C3C8,0x01,0x11,0x00,0x00,0x0F,0x00,0x00,0x00A2,0x02D1,0x0A73,0x00,0x0A,0x02,180,10,180:4000:02D1:0AA1:0093|181:4000:02C1:0A9F:0093|182:4000:02D1:0AA0:00A3|183:4000:02C1:0A9E:00A3
round3_phase1,0xFD,3324,0x0002,0x0003,0x0000,0x01,0x002F,0x0000,0x0000,actor_2c8,6,0x10C448,0x01,0xC9,0x00,0x00,0x08,0x00,0x00,0x00CB,0x02B2,0x0420,0x00,0x47,0x00,200,10,200:4047:0291:0420:00CC|201:4047:0291:0421:00BC|202:4047:02A1:0422:00CC|203:4047:02A1:0423:00BC|204:4047:02A2:0424:00C4|205:4047:02B2:0425:00CC|206:4047:02B2:0426:00BC
round3_phase1,0xFD,3324,0x0002,0x0003,0x0000,0x01,0x002F,0x0000,0x0000,actor_748,1,0x10C788,0x01,0xAA,0x01,0x00,0x02,0x03,0x00,0x027D,0x02BD,0x02E8,0x01,0x00,0x00,47,1,47:400A:02B5:0322:0276
round3_phase1,0xFD,3326,0x0002,0x0003,0x0000,0x01,0x002F,0x0000,0x0000,actor_2c8,4,0x10C3C8,0x01,0x12,0x00,0x00,0x0F,0x00,0x00,0x009E,0x02D1,0x0A73,0x00,0x0A,0x02,180,10,180:4000:02C9:0AA2:0097
round3_phase1,0xFD,3326,0x0002,0x0003,0x0000,0x01,0x002F,0x0000,0x0000,actor_2c8,6,0x10C448,0x01,0xC9,0x00,0x00,0x08,0x00,0x00,0x00C4,0x02B3,0x0420,0x00,0x47,0x00,200,10,200:4047:0292:0420:00C5|201:4047:0292:0421:00B5|202:4047:02A2:0422:00C5|203:4047:02A2:0423:00B5|204:4047:02A3:0424:00BD|205:4047:02B3:0425:00C5|206:4047:02B3:0426:00B5
round3_phase1,0xFD,3326,0x0002,0x0003,0x0000,0x01,0x002F,0x0000,0x0000,actor_748,1,0x10C788,0x01,0xAB,0x01,0x00,0x02,0x03,0x00,0x027C,0x02BD,0x02E8,0x01,0x00,0x00,47,1,47:400A:02B5:0323:0275
round3_phase1,0xFD,3328,0x0002,0x0003,0x0000,0x01,0x002F,0x0000,0x0000,actor_2c8,6,0x10C448,0x01,0xC9,0x00,0x00,0x08,0x00,0x00,0x00BD,0x02B4,0x0420,0x00,0x47,0x00,200,10,200:4047:0293:0420:00BE|201:4047:0293:0421:00AE|202:4047:02A3:0422:00BE|203:4047:02A3:0423:00AE|204:4047:02A4:0424:00B6|205:4047:02B4:0425:00BE|206:4047:02B4:0426:00AE
round3_phase1,0xFD,3328,0x0002,0x0003,0x0000,0x01,0x002F,0x0000,0x0000,actor_748,1,0x10C788,0x01,0xAC,0x01,0x00,0x02,0x03,0x00,0x027B,0x02BD,0x02E8,0x01,0x00,0x00,47,1,47:400A:02B5:0324:0274
round3_phase1,0xFD,3330,0x0002,0x0003,0x0000,0x01,0x002F,0x0000,0x0000,actor_2c8,6,0x10C448,0x01,0xC9,0x00,0x00,0x08,0x00,0x00,0x00B7,0x02B6,0x0420,0x00,0x47,0x00,200,10,200:4047:0295:0420:00B7|201:4047:0295:0421:00A7|202:4047:02A5:0422:00B7|203:4047:02A5:0423:00A7|204:4047:02A6:0424:00AF|205:4047:02B6:0425:00B7|206:4047:02B6:0426:00A7
round3_phase1,0xFD,3330,0x0002,0x0003,0x0000,0x01,0x002F,0x0000,0x0000,actor_748,1,0x10C788,0x01,0xAD,0x01,0x00,0x02,0x03,0x00,0x027B,0x02BD,0x02E8,0x01,0x00,0x00,47,1,47:400A:02B5:0325:0273
round3_phase1,0xFD,3332,0x0002,0x0003,0x0000,0x01,0x002F,0x0000,0x0000,actor_2c8,6,0x10C448,0x01,0xC9,0x00,0x00,0x08,0x00,0x00,0x00B2,0x02B8,0x0420,0x00,0x47,0x00,200,10,200:4047:0297:0420:00B2|201:4047:0297:0421:00A2|202:4047:02A7:0422:00B2|203:4047:02A7:0423:00A2|204:4047:02A8:0424:00AA|205:4047:02B8:0425:00B2|206:4047:02B8:0426:00A2
round3_phase1,0xFD,3332,0x0002,0x0003,0x0000,0x01,0x002F,0x0000,0x0000,actor_748,1,0x10C788,0x01,0xAE,0x01,0x00,0x02,0x03,0x00,0x027C,0x02BD,0x02E8,0x01,0x00,0x00,47,1,47:400A:02B5:0326:0274
round3_phase1,0xFD,3334,0x0002,0x0003,0x0000,0x01,0x002F,0x0000,0x0000,actor_2c8,6,0x10C448,0x01,0xC9,0x00,0x00,0x08,0x00,0x00,0x00AD,0x02BB,0x0420,0x00,0x47,0x00,200,10,200:4047:029A:0420:00AD|201:4047:029A:0421:009D|202:4047:02AA:0422:00AD|203:4047:02AA:0423:009D|204:4047:02AB:0424:00A5|205:4047:02BB:0425:00AD|206:4047:02BB:0426:009D
round3_phase1,0xFD,3334,0x0002,0x0003,0x0000,0x01,0x002F,0x0000,0x0000,actor_748,1,0x10C788,0x01,0xAF,0x01,0x00,0x02,0x03,0x00,0x027D,0x02BD,0x02E8,0x01,0x00,0x00,47,1,47:400A:02B5:0327:0275
round3_phase1,0xFD,3336,0x0002,0x0003,0x0000,0x01,0x002F,0x0000,0x0000,actor_2c8,6,0x10C448,0x01,0xC9,0x00,0x00,0x08,0x00,0x00,0x00A8,0x02BE,0x0420,0x00,0x47,0x00,200,10,200:4047:029D:0420:00A8|201:4047:029D:0421:0098|202:4047:02AD:0422:00A8|203:4047:02AD:0423:0098|204:4047:02AE:0424:00A0|205:4047:02BE:0425:00A8|206:4047:02BE:0426:0098
round3_phase1,0xFD,3336,0x0002,0x0003,0x0000,0x01,0x002F,0x0000,0x0000,actor_748,1,0x10C788,0x01,0xB0,0x01,0x00,0x02,0x03,0x00,0x027E,0x02BD,0x02E8,0x01,0x00,0x00,47,1,47:400A:02B5:0328:0276
round3_phase1,0xFD,3338,0x0002,0x0003,0x0000,0x01,0x002F,0x0000,0x0000,actor_2c8,6,0x10C448,0x01,0xC9,0x00,0x00,0x08,0x00,0x00,0x00A4,0x02C1,0x0420,0x00,0x47,0x00,200,10,200:4047:02A0:0420:00A4|201:4047:02A0:0421:0094|202:4047:02B0:0422:00A4|203:4047:02B0:0423:0094|204:4047:02B1:0424:009C|205:4047:02C1:0425:00A4|206:4047:02C1:0426:0094
round3_phase1,0xFD,3340,0x0002,0x0003,0x0000,0x01,0x002F,0x0000,0x0000,actor_2c8,6,0x10C448,0x01,0xC9,0x00,0x00,0x08,0x00,0x00,0x00A0,0x02C4,0x0420,0x00,0x47,0x00,200,10,200:4047:02A3:0420:00A0|201:4047:02A3:0421:0090|202:4047:02B3:0422:00A0|203:4047:02B3:0423:0090|204:4047:02B4:0424:0098|205:4047:02C4:0425:00A0|206:4047:02C4:0426:0090
round3_phase1,0xFD,3340,0x0002,0x0003,0x0000,0x01,0x002F,0x0000,0x0000,actor_748,1,0x10C788,0x01,0xAA,0x01,0x00,0x02,0x03,0x00,0x0280,0x02BD,0x02E8,0x01,0x00,0x00,47,1,47:400A:02B5:0322:0278
round3_phase1,0xFD,3342,0x0002,0x0003,0x0000,0x01,0x002F,0x0000,0x0000,actor_2c8,6,0x10C448,0x01,0xC9,0x00,0x00,0x08,0x00,0x00,0x009E,0x02C7,0x0420,0x00,0x47,0x00,200,10,200:4047:02A6:0420:009D|201:4047:02A6:0421:008D|202:4047:02B6:0422:009D|203:4047:02B6:0423:008D|204:4047:02B7:0424:0095|205:4047:02C7:0425:009D|206:4047:02C7:0426:008D
round3_phase1,0xFD,3342,0x0002,0x0003,0x0000,0x01,0x002F,0x0000,0x0000,actor_748,1,0x10C788,0x01,0xAB,0x01,0x00,0x02,0x03,0x00,0x0282,0x02BD,0x02E8,0x01,0x00,0x00,47,1,47:400A:02B5:0323:0279
round3_phase1,0xFD,3344,0x0002,0x0003,0x0000,0x01,0x002F,0x0000,0x0000,actor_2c8,6,0x10C448,0x01,0xC9,0x00,0x00,0x08,0x00,0x00,0x009C,0x02CA,0x0420,0x00,0x47,0x00,200,10,200:4047:02A9:0420:009C|201:4047:02A9:0421:008C|202:4047:02B9:0422:009C|203:4047:02B9:0423:008C|204:4047:02BA:0424:0094|205:4047:02CA:0425:009C|206:4047:02CA:0426:008C
round3_phase1,0xFD,3344,0x0002,0x0003,0x0000,0x01,0x002F,0x0000,0x0000,actor_748,1,0x10C788,0x01,0xAC,0x01,0x00,0x02,0x03,0x00,0x0284,0x02BD,0x02E8,0x01,0x00,0x00,47,1,47:400A:02B5:0324:027C
round3_phase1,0xFD,3346,0x0002,0x0003,0x0000,0x01,0x002F,0x0000,0x0000,actor_2c8,6,0x10C448,0x01,0xC9,0x00,0x00,0x08,0x00,0x00,0x009A,0x02CE,0x0420,0x00,0x47,0x00,200,10,200:4047:02AD:0420:0099|201:4047:02AD:0421:0089|202:4047:02BD:0422:0099|203:4047:02BD:0423:0089|204:4047:02BE:0424:0091|205:4047:02CE:0425:0099|206:4047:02CE:0426:0089
round3_phase1,0xFD,3346,0x0002,0x0003,0x0000,0x01,0x002F,0x0000,0x0000,actor_748,1,0x10C788,0x01,0xAD,0x01,0x00,0x02,0x03,0x00,0x0286,0x02BD,0x02E8,0x01,0x00,0x00,47,1,47:400A:02B5:0325:027D
round3_phase1,0xFD,3348,0x0002,0x0003,0x0000,0x01,0x002F,0x0000,0x0000,actor_2c8,6,0x10C448,0x01,0xCB,0x00,0x00,0x08,0x00,0x00,0x0099,0x02D1,0x0420,0x00,0x47,0x00,200,10,200:4047:02B0:0420:0099|201:4047:02B0:0421:0089|202:4047:02C0:0422:0099|203:4047:02C0:0423:0089|204:4047:02C1:0429:0091|205:4047:02D1:042A:0091
round3_phase1,0xFD,3348,0x0002,0x0003,0x0000,0x01,0x002F,0x0000,0x0000,actor_748,1,0x10C788,0x01,0xAE,0x01,0x00,0x02,0x03,0x00,0x0288,0x02BD,0x02E8,0x01,0x00,0x00,47,1,47:400A:02B5:0326:0280
round3_phase1,0xFD,3350,0x0002,0x0003,0x0000,0x01,0x002F,0x0000,0x0000,actor_2c8,6,0x10C448,0x01,0xCC,0x00,0x00,0x02,0x00,0x00,0x0096,0x02D1,0x0420,0x01,0x47,0x00,200,10,200:4047:02B0:0420:0097|201:4047:02B0:0421:0087|202:4047:02C0:0422:0097|203:4047:02C0:0423:0087|204:4047:02C1:0429:008F|205:4047:02D1:042A:008F
round3_phase1,0xFD,3350,0x0002,0x0003,0x0000,0x01,0x002F,0x0000,0x0000,actor_748,1,0x10C788,0x01,0xAF,0x01,0x00,0x02,0x03,0x00,0x028A,0x02BD,0x02E8,0x01,0x00,0x00,47,1,47:400A:02B5:0327:0281
round3_phase1,0xFD,3352,0x0002,0x0003,0x0000,0x01,0x002F,0x0000,0x0000,actor_2c8,6,0x10C448,0x01,0xCC,0x00,0x00,0x02,0x00,0x00,0x0093,0x02D1,0x0420,0x01,0x47,0x00,200,10,200:0047:02B1:0420:0086|201:0047:02B1:0421:0096|202:0047:02C1:0422:0086|203:0047:02C1:0423:0096|204:0047:02C2:0427:008E|205:0047:02D2:0428:008E
round3_phase1,0xFD,3352,0x0002,0x0003,0x0000,0x01,0x002F,0x0000,0x0000,actor_748,1,0x10C788,0x01,0xB0,0x01,0x00,0x02,0x03,0x00,0x028C,0x02BD,0x02E8,0x01,0x00,0x00,47,1,47:400A:02B5:0328:0284
round3_phase1,0xFD,3354,0x0002,0x0003,0x0000,0x01,0x002F,0x0000,0x0000,actor_2c8,6,0x10C448,0x01,0xCC,0x00,0x00,0x02,0x00,0x00,0x0091,0x02D1,0x0420,0x01,0x47,0x00,200,10,200:0047:02B1:0420:0083|201:0047:02B1:0421:0093|202:0047:02C1:0422:0083|203:0047:02C1:0423:0093|204:0047:02C2:0427:008B|205:0047:02D2:0428:008B
round3_phase1,0xFD,3354,0x0002,0x0003,0x0000,0x01,0x002F,0x0000,0x0000,actor_748,1,0x10C788,0x01,0xB1,0x01,0x00,0x02,0x03,0x00,0x028F,0x02BD,0x02E8,0x01,0x00,0x00,47,1,47:400A:02B5:0329:0286
round3_phase1,0xFD,3356,0x0002,0x0003,0x0000,0x01,0x002F,0x0000,0x0000,actor_2c8,6,0x10C448,0x01,0xC9,0x00,0x00,0x02,0x00,0x00,0x008F,0x02D1,0x0420,0x01,0x47,0x00,200,10,200:0047:02B0:0420:0081|201:0047:02B0:0421:0091|202:0047:02C0:0422:0081|203:0047:02C0:0423:0091|204:0047:02C1:0424:0089|205:0047:02D1:0425:0081|206:0047:02D1:0426:0091
round3_phase1,0xFD,3356,0x0002,0x0003,0x0000,0x01,0x002F,0x0000,0x0000,actor_748,1,0x10C788,0x01,0xAA,0x01,0x00,0x02,0x03,0x00,0x0292,0x02BD,0x02E8,0x01,0x00,0x00,47,1,47:400A:02B5:0322:0289
round3_phase1,0xFD,3358,0x0002,0x0003,0x0000,0x01,0x002F,0x0000,0x0000,actor_2c8,6,0x10C448,0x01,0xC9,0x00,0x00,0x02,0x00,0x00,0x008F,0x02D1,0x0420,0x01,0x47,0x00,200,10,200:0047:02B0:0420:007F|201:0047:02B0:0421:008F|202:0047:02C0:0422:007F|203:0047:02C0:0423:008F|204:0047:02C1:0424:0087|205:0047:02D1:0425:007F|206:0047:02D1:0426:008F
round3_phase1,0xFD,3358,0x0002,0x0003,0x0000,0x01,0x002F,0x0000,0x0000,actor_748,1,0x10C788,0x01,0xAB,0x01,0x00,0x02,0x03,0x00,0x0295,0x02BD,0x02E8,0x01,0x00,0x00,47,1,47:400A:02B5:0323:028C
round3_phase1,0xFD,3360,0x0002,0x0003,0x0000,0x01,0x002F,0x0000,0x0000,actor_2c8,6,0x10C448,0x01,0xC9,0x00,0x00,0x02,0x00,0x00,0x008D,0x02D1,0x0420,0x01,0x47,0x00,200,10,200:0047:02B0:0420:007D|201:0047:02B0:0421:008D|202:0047:02C0:0422:007D|203:0047:02C0:0423:008D|204:0047:02C1:0424:0085|205:0047:02D1:0425:007D|206:0047:02D1:0426:008D
round3_phase1,0xFD,3360,0x0002,0x0003,0x0000,0x01,0x002F,0x0000,0x0000,actor_748,1,0x10C788,0x01,0xAC,0x01,0x00,0x02,0x03,0x00,0x0298,0x02BD,0x02E8,0x01,0x00,0x00,47,1,47:400A:02B5:0324:028F
round3_phase1,0xFD,3362,0x0002,0x0003,0x0000,0x01,0x002F,0x0000,0x0000,actor_2c8,6,0x10C448,0x01,0xC9,0x00,0x00,0x02,0x00,0x00,0x008B,0x02D1,0x0420,0x01,0x47,0x00,200,10,200:0047:02B0:0420:007B|201:0047:02B0:0421:008B|202:0047:02C0:0422:007B|203:0047:02C0:0423:008B|204:0047:02C1:0424:0083|205:0047:02D1:0425:007B|206:0047:02D1:0426:008B
round3_phase1,0xFD,3362,0x0002,0x0003,0x0000,0x01,0x002F,0x0000,0x0000,actor_748,1,0x10C788,0x01,0x2B,0x01,0x00,0x0F,0x03,0x00,0x029B,0x02BD,0x019D,0x01,0x00,0x00,47,1,47:400A:02B5:0325:0292
round3_phase1,0xFD,3364,0x0002,0x0003,0x0000,0x01,0x002F,0x0000,0x0000,actor_2c8,6,0x10C448,0x01,0xCA,0x00,0x00,0x02,0x00,0x00,0x0089,0x02D1,0x0420,0x01,0x47,0x00,200,10,200:0047:02B1:0420:0079|201:0047:02B1:0421:0089|202:0047:02C1:0422:0079|203:0047:02C1:0423:0089|204:0047:02C2:0427:0081|205:0047:02D2:0428:0081
round3_phase1,0xFD,3364,0x0002,0x0003,0x0000,0x01,0x002F,0x0000,0x0000,actor_748,1,0x10C788,0x01,0x2B,0x01,0x00,0x0F,0x03,0x00,0x029B,0x02BD,0x019D,0x01,0x00,0x00,47,1,47:4004:02B5:01BB:0292
round3_phase1,0xFD,3366,0x0002,0x0003,0x0000,0x01,0x002F,0x0000,0x0000,actor_2c8,6,0x10C448,0x01,0xCA,0x00,0x00,0x02,0x00,0x00,0x0087,0x02D1,0x0420,0x01,0x47,0x00,200,10,200:0047:02B1:0420:0077|201:0047:02B1:0421:0087|202:0047:02C1:0422:0077|203:0047:02C1:0423:0087|204:0047:02C2:0427:007F|205:0047:02D2:0428:007F
round3_phase1,0xFD,3366,0x0002,0x0003,0x0000,0x01,0x002F,0x0000,0x0000,actor_748,1,0x10C788,0x01,0x2D,0x01,0x00,0x0F,0x03,0x00,0x029B,0x02BD,0x019D,0x01,0x00,0x00,47,1,47:4004:02B5:01BB:0292
round3_phase1,0xFD,3368,0x0002,0x0003,0x0000,0x01,0x002F,0x0000,0x0000,actor_748,1,0x10C788,0x01,0x2D,0x01,0x00,0x0F,0x03,0x00,0x029B,0x02BD,0x019D,0x01,0x00,0x00,47,1,47:4004:02B5:01BD:0292
round3_phase1,0xFD,3370,0x0002,0x0003,0x0000,0x01,0x002F,0x0000,0x0000,actor_2c8,6,0x10C448,0x01,0xCA,0x00,0x00,0x02,0x00,0x00,0x0083,0x02D1,0x0420,0x01,0x47,0x00,200,10,200:0047:02B1:0420:0075|201:0047:02B1:0421:0085|202:0047:02C1:0422:0075|203:0047:02C1:0423:0085|204:0047:02C2:0427:007D|205:0047:02D2:0428:007D
round3_phase1,0xFD,3370,0x0002,0x0003,0x0000,0x01,0x002F,0x0000,0x0000,actor_748,1,0x10C788,0x01,0x2F,0x01,0x00,0x0F,0x03,0x00,0x029B,0x02BD,0x019D,0x01,0x00,0x00,47,1,47:4004:02B5:01BD:0292
round3_phase1,0xFD,3372,0x0002,0x0003,0x0000,0x01,0x002F,0x0000,0x0000,actor_2c8,6,0x10C448,0x01,0xCB,0x00,0x00,0x02,0x00,0x00,0x0081,0x02D1,0x0420,0x01,0x47,0x00,200,10,200:0047:02B0:0420:0073|201:0047:02B0:0421:0083|202:0047:02C0:0422:0073|203:0047:02C0:0423:0083|204:0047:02C1:0429:007B|205:0047:02D1:042A:007B
round3_phase1,0xFD,3372,0x0002,0x0003,0x0000,0x01,0x002F,0x0000,0x0000,actor_748,1,0x10C788,0x01,0x2F,0x01,0x00,0x0F,0x03,0x00,0x029B,0x02BD,0x019D,0x01,0x00,0x00,47,1,47:4004:02B5:01BF:0292
round3_phase1,0xFD,3374,0x0002,0x0003,0x0000,0x01,0x002F,0x0000,0x0000,actor_2c8,6,0x10C448,0x01,0xCB,0x00,0x00,0x02,0x00,0x00,0x007F,0x02D1,0x0420,0x01,0x47,0x00,200,10,200:0047:02B0:0420:0071|201:0047:02B0:0421:0081|202:0047:02C0:0422:0071|203:0047:02C0:0423:0081|204:0047:02C1:0429:0079|205:0047:02D1:042A:0079
round3_phase1,0xFD,3376,0x0002,0x0003,0x0000,0x01,0x002F,0x0000,0x0000,actor_2c8,6,0x10C448,0x01,0xCB,0x00,0x00,0x02,0x00,0x00,0x007F,0x02D1,0x0420,0x01,0x47,0x00,200,10,200:0047:02B0:0420:006F|201:0047:02B0:0421:007F|202:0047:02C0:0422:006F|203:0047:02C0:0423:007F|204:0047:02C1:0429:0077|205:0047:02D1:042A:0077
round3_phase1,0xFD,3378,0x0002,0x0003,0x0000,0x01,0x002F,0x0000,0x0000,actor_2c8,6,0x10C448,0x01,0xC9,0x00,0x00,0x1F,0x00,0x00,0x007F,0x02D1,0x0420,0x00,0x47,0x00,200,10,200:4047:02B0:0420:007E|201:4047:02B0:0421:006E|202:4047:02C0:0422:007E|203:4047:02C0:0423:006E|204:4047:02C1:0424:0076|205:4047:02D1:0425:007E|206:4047:02D1:0426:006E
round3_phase1,0xFD,3380,0x0002,0x0003,0x0000,0x01,0x002F,0x0000,0x0000,actor_2c8,6,0x10C448,0x01,0xCD,0x00,0x00,0x1F,0x00,0x00,0x007F,0x02D1,0x0420,0x00,0x47,0x00,200,10,200:4047:02B0:0420:007E|201:4047:02B0:0421:006E|202:4047:02C0:0422:007E|203:4047:02C0:0423:006E|204:4047:02C1:0424:0076|205:4047:02D1:0425:007E|206:4047:02D1:0426:006E
round3_phase1,0xFD,3382,0x0002,0x0003,0x0000,0x01,0x002F,0x0000,0x0000,actor_2c8,6,0x10C448,0x01,0xCD,0x00,0x00,0x1F,0x00,0x00,0x007F,0x02D1,0x0420,0x00,0x47,0x00,200,10,200:4047:02B0:042D:007E|201:4047:02B0:042E:006E|202:4047:02C0:042F:007E|203:4047:02C0:0430:006E|204:4047:02C1:0424:0076|205:4047:02D1:0425:007E|206:4047:02D1:0426:006E
round3_phase1,0xFD,3384,0x0002,0x0003,0x0000,0x01,0x002F,0x0000,0x0000,actor_2c8,6,0x10C448,0x01,0xCE,0x00,0x00,0x1F,0x00,0x00,0x007F,0x02D1,0x0420,0x00,0x47,0x00,200,10,200:4047:02B0:0431:007E|201:4047:02B0:0432:006E|202:4047:02C0:0433:007E|203:4047:02C0:0434:006E|204:4047:02C1:0424:0076|205:4047:02D1:0425:007E|206:4047:02D1:0426:006E
round3_phase1,0xFD,3386,0x0002,0x0003,0x0000,0x01,0x002F,0x0000,0x0000,actor_2c8,6,0x10C448,0x01,0xCF,0x00,0x00,0x1F,0x00,0x00,0x007F,0x02D1,0x0420,0x00,0x47,0x00,200,10,200:4047:02B0:0431:007E|201:4047:02B0:0432:006E|202:4047:02C0:0433:007E|203:4047:02C0:0434:006E|204:4047:02C1:0424:0076|205:4047:02D1:0425:007E|206:4047:02D1:0426:006E
round3_phase1,0xFD,3388,0x0002,0x0003,0x0000,0x01,0x002F,0x0000,0x0000,actor_2c8,6,0x10C448,0x01,0xCF,0x00,0x00,0x1F,0x00,0x00,0x007F,0x02D1,0x0420,0x00,0x47,0x00,200,10,200:4047:02B0:0435:007E|201:4047:02B0:0436:006E|202:4047:02B0:0437:005E|203:4047:02C0:0438:007E|204:4047:02C0:0439:006E|205:4047:02C1:0424:0076|206:4047:02D1:0425:007E|207:4047:02D1:0426:006E
round3_phase1,0xFD,3392,0x0002,0x0003,0x0000,0x01,0x002F,0x0000,0x0000,actor_2c8,6,0x10C448,0x01,0xC9,0x00,0x00,0x1F,0x00,0x00,0x007F,0x02D1,0x0420,0x00,0x47,0x00,200,10,200:4047:02B0:0435:007E|201:4047:02B0:0436:006E|202:4047:02B0:0437:005E|203:4047:02C0:0438:007E|204:4047:02C0:0439:006E|205:4047:02C1:0424:0076|206:4047:02D1:0425:007E|207:4047:02D1:0426:006E
round3_phase1,0xFD,3404,0x0002,0x0003,0x0000,0x01,0x002F,0x0000,0x0000,actor_2c8,6,0x10C448,0x01,0xCE,0x00,0x00,0x1F,0x00,0x00,0x007F,0x02D1,0x0420,0x00,0x47,0x00,200,10,200:4047:02B0:042D:007E|201:4047:02B0:042E:006E|202:4047:02C0:042F:007E|203:4047:02C0:0430:006E|204:4047:02C1:0424:0076|205:4047:02D1:0425:007E|206:4047:02D1:0426:006E
round3_phase1,0xFD,3418,0x0002,0x0003,0x0000,0x01,0x002F,0x0000,0x0000,actor_2c8,6,0x10C448,0x01,0xCC,0x00,0x00,0x02,0x00,0x00,0x007D,0x02D1,0x0420,0x01,0x47,0x00,200,10,200:0047:02B1:0420:006D|201:0047:02B1:0421:007D|202:0047:02C1:0422:006D|203:0047:02C1:0423:007D|204:0047:02C2:0427:0075|205:0047:02D2:0428:0075
round3_phase1,0xFD,3420,0x0002,0x0003,0x0000,0x01,0x002F,0x0000,0x0000,actor_2c8,6,0x10C448,0x01,0xC9,0x00,0x00,0x02,0x00,0x00,0x007B,0x02D1,0x0420,0x01,0x47,0x00,200,10,200:0047:02B0:0420:006B|201:0047:02B0:0421:007B|202:0047:02C0:0422:006B|203:0047:02C0:0423:007B|204:0047:02C1:0424:0073|205:0047:02D1:0425:006B|206:0047:02D1:0426:007B
round3_phase1,0xFD,3422,0x0002,0x0003,0x0000,0x01,0x002F,0x0000,0x0000,actor_2c8,6,0x10C448,0x01,0xC9,0x00,0x00,0x02,0x00,0x00,0x0079,0x02D1,0x0420,0x01,0x47,0x00,200,10,200:0047:02B0:0420:0069|201:0047:02B0:0421:0079|202:0047:02C0:0422:0069|203:0047:02C0:0423:0079|204:0047:02C1:0424:0071|205:0047:02D1:0425:0069|206:0047:02D1:0426:0079
round3_phase1,0xFD,3424,0x0002,0x0003,0x0000,0x01,0x002F,0x0000,0x0000,actor_2c8,6,0x10C448,0x01,0xC9,0x00,0x00,0x02,0x00,0x00,0x0077,0x02D1,0x0420,0x01,0x47,0x00,200,10,200:0047:02B0:0420:0067|201:0047:02B0:0421:0077|202:0047:02C0:0422:0067|203:0047:02C0:0423:0077|204:0047:02C1:0424:006F|205:0047:02D1:0425:0067|206:0047:02D1:0426:0077
round3_phase1,0xFD,3428,0x0002,0x0003,0x0000,0x01,0x002F,0x0000,0x0000,actor_2c8,6,0x10C448,0x01,0xC9,0x00,0x00,0x1F,0x00,0x00,0x0077,0x02D1,0x0420,0x00,0x47,0x00,200,10,200:4047:02B0:0420:0076|201:4047:02B0:0421:0066|202:4047:02C0:0422:0076|203:4047:02C0:0423:0066|204:4047:02C1:0424:006E|205:4047:02D1:0425:0076|206:4047:02D1:0426:0066
round3_phase1,0xFD,3430,0x0002,0x0003,0x0000,0x01,0x002F,0x0000,0x0000,actor_2c8,6,0x10C448,0x01,0xCD,0x00,0x00,0x1F,0x00,0x00,0x0077,0x02D1,0x0420,0x00,0x47,0x00,200,10,200:4047:02B0:042D:0076|201:4047:02B0:042E:0066|202:4047:02C0:042F:0076|203:4047:02C0:0430:0066|204:4047:02C1:0424:006E|205:4047:02D1:0425:0076|206:4047:02D1:0426:0066
round3_phase1,0xFD,3432,0x0002,0x0003,0x0000,0x01,0x002F,0x0000,0x0000,actor_2c8,6,0x10C448,0x01,0xCE,0x00,0x00,0x1F,0x00,0x00,0x0077,0x02D1,0x0420,0x00,0x47,0x00,200,10,200:4047:02B0:042D:0076|201:4047:02B0:042E:0066|202:4047:02C0:042F:0076|203:4047:02C0:0430:0066|204:4047:02C1:0424:006E|205:4047:02D1:0425:0076|206:4047:02D1:0426:0066
round3_phase1,0xFD,3434,0x0002,0x0003,0x0000,0x01,0x002F,0x0000,0x0000,actor_2c8,6,0x10C448,0x01,0xCE,0x00,0x00,0x1F,0x00,0x00,0x0077,0x02D1,0x0420,0x00,0x47,0x00,200,10,200:4047:02B0:0431:0076|201:4047:02B0:0432:0066|202:4047:02C0:0433:0076|203:4047:02C0:0434:0066|204:4047:02C1:0424:006E|205:4047:02D1:0425:0076|206:4047:02D1:0426:0066
round3_phase1,0xFD,3436,0x0002,0x0003,0x0000,0x01,0x002F,0x0000,0x0000,actor_2c8,6,0x10C448,0x01,0xCF,0x00,0x00,0x1F,0x00,0x00,0x0077,0x02D1,0x0420,0x00,0x47,0x00,200,10,200:4047:02B0:0435:0076|201:4047:02B0:0436:0066|202:4047:02B0:0437:0056|203:4047:02C0:0438:0076|204:4047:02C0:0439:0066|205:4047:02C1:0424:006E|206:4047:02D1:0425:0076|207:4047:02D1:0426:0066
round3_phase1,0xFD,3450,0x0002,0x0003,0x0000,0x01,0x002F,0x0000,0x0000,actor_2c8,6,0x10C448,0x01,0xCD,0x00,0x00,0x1F,0x00,0x00,0x0077,0x02D1,0x0420,0x00,0x47,0x00,200,10,200:4047:02B0:0420:0076|201:4047:02B0:0421:0066|202:4047:02C0:0422:0076|203:4047:02C0:0423:0066|204:4047:02C1:0424:006E|205:4047:02D1:0425:0076|206:4047:02D1:0426:0066
round3_phase1,0xFD,3456,0x0002,0x0003,0x0000,0x01,0x002F,0x0000,0x0000,actor_2c8,6,0x10C448,0x01,0xCF,0x00,0x00,0x1F,0x00,0x00,0x0077,0x02D1,0x0420,0x00,0x47,0x00,200,10,200:4047:02B0:0431:0076|201:4047:02B0:0432:0066|202:4047:02C0:0433:0076|203:4047:02C0:0434:0066|204:4047:02C1:0424:006E|205:4047:02D1:0425:0076|206:4047:02D1:0426:0066
round3_phase1,0xFD,3462,0x0002,0x0003,0x0000,0x01,0x002F,0x0000,0x0000,actor_2c8,6,0x10C448,0x01,0xC9,0x00,0x00,0x1F,0x00,0x00,0x0077,0x02D1,0x0420,0x00,0x47,0x00,200,10,200:4047:02B0:0435:0076|201:4047:02B0:0436:0066|202:4047:02B0:0437:0056|203:4047:02C0:0438:0076|204:4047:02C0:0439:0066|205:4047:02C1:0424:006E|206:4047:02D1:0425:0076|207:4047:02D1:0426:0066
round3_phase1,0xFD,3466,0x0002,0x0003,0x0000,0x01,0x002F,0x0000,0x0000,actor_2c8,6,0x10C448,0x01,0xCA,0x00,0x00,0x02,0x00,0x00,0x0075,0x02D1,0x0420,0x01,0x47,0x00,200,10,200:4047:02B0:0420:0076|201:4047:02B0:0421:0066|202:4047:02C0:0422:0076|203:4047:02C0:0423:0066|204:4047:02C1:0424:006E|205:4047:02D1:0425:0076|206:4047:02D1:0426:0066
round3_phase1,0xFD,3468,0x0002,0x0003,0x0000,0x01,0x002F,0x0000,0x0000,actor_2c8,6,0x10C448,0x01,0xCB,0x00,0x00,0x02,0x00,0x00,0x0073,0x02D1,0x0420,0x01,0x47,0x00,200,10,200:0047:02B0:0420:0065|201:0047:02B0:0421:0075|202:0047:02C0:0422:0065|203:0047:02C0:0423:0075|204:0047:02C1:0429:006D|205:0047:02D1:042A:006D
round3_phase1,0xFD,3470,0x0002,0x0003,0x0000,0x01,0x002F,0x0000,0x0000,actor_2c8,6,0x10C448,0x01,0xCB,0x00,0x00,0x02,0x00,0x00,0x0071,0x02D1,0x0420,0x01,0x47,0x00,200,10,200:0047:02B0:0420:0063|201:0047:02B0:0421:0073|202:0047:02C0:0422:0063|203:0047:02C0:0423:0073|204:0047:02C1:0429:006B|205:0047:02D1:042A:006B
round3_phase1,0xFD,3472,0x0002,0x0003,0x0000,0x01,0x002F,0x0000,0x0000,actor_2c8,6,0x10C448,0x01,0xCB,0x00,0x00,0x02,0x00,0x00,0x006F,0x02D1,0x0420,0x01,0x47,0x00,200,10,200:0047:02B0:0420:0061|201:0047:02B0:0421:0071|202:0047:02C0:0422:0061|203:0047:02C0:0423:0071|204:0047:02C1:0429:0069|205:0047:02D1:042A:0069
round3_phase1,0xFD,3474,0x0002,0x0003,0x0000,0x01,0x002F,0x0000,0x0000,actor_2c8,5,0x10C408,0x01,0x62,0x01,0x00,0x01,0x00,0x00,0x0201,0x02D1,0x02E8,0x00,0x4A,0x00,190,10,190:004A:02D1:02F8:01F6|191:004A:02C1:02F7:01F6|192:004A:02BE:02EC:01FA|193:004A:02AE:02E9:01FA|194:004A:02BE:02EB:01EA|195:004A:02AE:02E8:01EA|196:004A:02BE:02ED:020A|197:004A:02AE:02EA:020A
round3_phase1,0xFD,3474,0x0002,0x0003,0x0000,0x01,0x002F,0x0000,0x0000,actor_2c8,6,0x10C448,0x01,0xCB,0x01,0x00,0x01,0x00,0x00,0x006F,0x02D1,0x0420,0x01,0x47,0x00,200,10,200:0047:02B0:0420:005F|201:0047:02B0:0421:006F|202:0047:02C0:0422:005F|203:0047:02C0:0423:006F|204:0047:02C1:0429:0067|205:0047:02D1:042A:0067
round3_phase1,0xFD,3476,0x0002,0x0003,0x0000,0x01,0x002F,0x0000,0x0000,actor_2c8,6,0x10C448,0x01,0xCC,0x01,0x00,0x01,0x00,0x00,0x0073,0x02D1,0x0420,0x00,0x47,0x00,200,10,200:0047:02B1:0420:0061|201:0047:02B1:0421:0071|202:0047:02C1:0422:0061|203:0047:02C1:0423:0071|204:0047:02C2:0427:0069|205:0047:02D2:0428:0069
round3_phase1,0xFD,3478,0x0002,0x0003,0x0000,0x01,0x002F,0x0000,0x0000,actor_2c8,6,0x10C448,0x01,0xCC,0x01,0x00,0x01,0x00,0x00,0x0077,0x02D1,0x0420,0x00,0x47,0x00,200,10,200:0047:02B1:0420:0065|201:0047:02B1:0421:0075|202:0047:02C1:0422:0065|203:0047:02C1:0423:0075|204:0047:02C2:0427:006D|205:0047:02D2:0428:006D
round3_phase1,0xFD,3480,0x0002,0x0003,0x0000,0x01,0x002F,0x0000,0x0000,actor_2c8,5,0x10C408,0x01,0x61,0x01,0x00,0x01,0x00,0x00,0x0207,0x02D1,0x02E8,0x00,0x4A,0x00,190,10,190:004A:02D1:02F6:0200|191:004A:02C1:02F4:0200|192:004A:02D1:02F5:01F0|193:004A:02BE:02EC:0200|194:004A:02AE:02E9:0200|195:004A:02BE:02EB:01F0|196:004A:02AE:02E8:01F0|197:004A:02BE:02ED:0210|198:004A:02AE:02EA:0210
round3_phase1,0xFD,3480,0x0002,0x0003,0x0000,0x01,0x002F,0x0000,0x0000,actor_2c8,6,0x10C448,0x01,0xCC,0x01,0x00,0x01,0x00,0x00,0x0079,0x02D1,0x0420,0x00,0x47,0x00,200,10,200:0047:02B1:0420:0067|201:0047:02B1:0421:0077|202:0047:02C1:0422:0067|203:0047:02C1:0423:0077|204:0047:02C2:0427:006F|205:0047:02D2:0428:006F
round3_phase1,0xFD,3482,0x0002,0x0003,0x0000,0x01,0x002F,0x0000,0x0000,actor_2c8,6,0x10C448,0x01,0xCC,0x01,0x00,0x01,0x00,0x00,0x007D,0x02D1,0x0420,0x00,0x47,0x00,200,10,200:0047:02B1:0420:006B|201:0047:02B1:0421:007B|202:0047:02C1:0422:006B|203:0047:02C1:0423:007B|204:0047:02C2:0427:0073|205:0047:02D2:0428:0073
round3_phase1,0xFD,3484,0x0002,0x0003,0x0000,0x01,0x002F,0x0000,0x0000,actor_2c8,6,0x10C448,0x01,0xC9,0x01,0x00,0x01,0x00,0x00,0x007F,0x02D1,0x0420,0x00,0x47,0x00,200,10,200:0047:02B0:0420:006F|201:0047:02B0:0421:007F|202:0047:02C0:0422:006F|203:0047:02C0:0423:007F|204:0047:02C1:0424:0077|205:0047:02D1:0425:006F|206:0047:02D1:0426:007F
round3_phase1,0xFD,3488,0x0002,0x0003,0x0000,0x01,0x002F,0x0000,0x0000,actor_2c8,5,0x10C408,0x01,0x60,0x01,0x00,0x01,0x00,0x00,0x020F,0x02D1,0x02E8,0x00,0x4A,0x00,190,10,190:004A:02D1:02F3:01FF|191:004A:02C1:02F2:01FF|192:004A:02BE:02EC:0206|193:004A:02AE:02E9:0206|194:004A:02BE:02EB:01F6|195:004A:02AE:02E8:01F6|196:004A:02BE:02ED:0216|197:004A:02AE:02EA:0216
round3_phase1,0xFD,3488,0x0002,0x0003,0x0000,0x01,0x002F,0x0000,0x0000,actor_2c8,6,0x10C448,0x01,0xCD,0x01,0x00,0x1F,0x00,0x00,0x007F,0x02D1,0x0420,0x00,0x47,0x00,200,10,200:0047:02B0:0420:006F|201:0047:02B0:0421:007F|202:0047:02C0:0422:006F|203:0047:02C0:0423:007F|204:0047:02C1:0424:0077|205:0047:02D1:0425:006F|206:0047:02D1:0426:007F
round3_phase1,0xFD,3490,0x0002,0x0003,0x0000,0x01,0x002F,0x0000,0x0000,actor_2c8,5,0x10C408,0x01,0x60,0x01,0x00,0x01,0x00,0x00,0x020F,0x02D1,0x02E8,0x00,0x4A,0x00,190,10,190:004A:02D1:02F3:0201|191:004A:02C1:02F2:0201|192:004A:02BE:02EC:0208|193:004A:02AE:02E9:0208|194:004A:02BE:02EB:01F8|195:004A:02AE:02E8:01F8|196:004A:02BE:02ED:0218|197:004A:02AE:02EA:0218
round3_phase1,0xFD,3490,0x0002,0x0003,0x0000,0x01,0x002F,0x0000,0x0000,actor_2c8,6,0x10C448,0x01,0xCD,0x01,0x00,0x1F,0x00,0x00,0x007F,0x02D1,0x0420,0x00,0x47,0x00,200,10,200:0047:02B0:042D:006F|201:0047:02B0:042E:007F|202:0047:02C0:042F:006F|203:0047:02C0:0430:007F|204:0047:02C1:0424:0077|205:0047:02D1:0425:006F|206:0047:02D1:0426:007F
round3_phase1,0xFD,3492,0x0002,0x0003,0x0000,0x01,0x002F,0x0000,0x0000,actor_2c8,6,0x10C448,0x01,0xCE,0x01,0x00,0x1F,0x00,0x00,0x007F,0x02D1,0x0420,0x00,0x47,0x00,200,10,200:0047:02B0:0431:006F|201:0047:02B0:0432:007F|202:0047:02C0:0433:006F|203:0047:02C0:0434:007F|204:0047:02C1:0424:0077|205:0047:02D1:0425:006F|206:0047:02D1:0426:007F
round3_phase1,0xFD,3494,0x0002,0x0003,0x0000,0x01,0x002F,0x0000,0x0000,actor_2c8,6,0x10C448,0x01,0xCF,0x01,0x00,0x1F,0x00,0x00,0x007F,0x02D1,0x0420,0x00,0x47,0x00,200,10,200:0047:02B0:0431:006F|201:0047:02B0:0432:007F|202:0047:02C0:0433:006F|203:0047:02C0:0434:007F|204:0047:02C1:0424:0077|205:0047:02D1:0425:006F|206:0047:02D1:0426:007F
round3_phase1,0xFD,3496,0x0002,0x0003,0x0000,0x01,0x002F,0x0000,0x0000,actor_2c8,5,0x10C408,0x01,0x61,0x01,0x00,0x01,0x00,0x00,0x0215,0x02D1,0x02E8,0x00,0x4A,0x00,190,10,190:004A:02D1:02F6:020E|191:004A:02C1:02F4:020E|192:004A:02D1:02F5:01FE|193:004A:02BE:02EC:020E|194:004A:02AE:02E9:020E|195:004A:02BE:02EB:01FE|196:004A:02AE:02E8:01FE|197:004A:02BE:02ED:021E|198:004A:02AE:02EA:021E
round3_phase1,0xFD,3496,0x0002,0x0003,0x0000,0x01,0x002F,0x0000,0x0000,actor_2c8,6,0x10C448,0x01,0xCF,0x01,0x00,0x1F,0x00,0x00,0x007F,0x02D1,0x0420,0x00,0x47,0x00,200,10,200:0047:02B0:0435:006F|201:0047:02B0:0436:007F|202:0047:02B0:0437:008F|203:0047:02C0:0438:006F|204:0047:02C0:0439:007F|205:0047:02C1:0424:0077|206:0047:02D1:0425:006F|207:0047:02D1:0426:007F
round3_phase1,0xFD,3498,0x0002,0x0003,0x0000,0x01,0x002F,0x0000,0x0000,actor_2c8,5,0x10C408,0x01,0x61,0x01,0x00,0x01,0x00,0x00,0x0217,0x02D1,0x02E8,0x00,0x4A,0x00,190,10,190:004A:02D1:02F6:0210|191:004A:02C1:02F4:0210|192:004A:02D1:02F5:0200|193:004A:02BE:02EC:0210|194:004A:02AE:02E9:0210|195:004A:02BE:02EB:0200|196:004A:02AE:02E8:0200|197:004A:02BE:02ED:0220|198:004A:02AE:02EA:0220
round3_phase1,0xFD,3500,0x0002,0x0003,0x0000,0x01,0x002F,0x0000,0x0000,actor_2c8,6,0x10C448,0x01,0xC9,0x01,0x00,0x1F,0x00,0x00,0x007F,0x02D1,0x0420,0x00,0x47,0x00,200,10,200:0047:02B0:0435:006F|201:0047:02B0:0436:007F|202:0047:02B0:0437:008F|203:0047:02C0:0438:006F|204:0047:02C0:0439:007F|205:0047:02C1:0424:0077|206:0047:02D1:0425:006F|207:0047:02D1:0426:007F
round3_phase1,0xFD,3504,0x0002,0x0003,0x0000,0x01,0x002F,0x0000,0x0000,actor_2c8,5,0x10C408,0x01,0x62,0x01,0x00,0x01,0x00,0x00,0x021D,0x02D1,0x02E8,0x00,0x4A,0x00,190,10,190:004A:02D1:02F8:0210|191:004A:02C1:02F7:0210|192:004A:02BE:02EC:0214|193:004A:02AE:02E9:0214|194:004A:02BE:02EB:0204|195:004A:02AE:02E8:0204|196:004A:02BE:02ED:0224|197:004A:02AE:02EA:0224
round3_phase1,0xFD,3506,0x0002,0x0003,0x0000,0x01,0x002F,0x0000,0x0000,actor_2c8,5,0x10C408,0x01,0x62,0x01,0x00,0x01,0x00,0x00,0x021F,0x02D1,0x02E8,0x00,0x4A,0x00,190,10,190:004A:02D1:02F8:0212|191:004A:02C1:02F7:0212|192:004A:02BE:02EC:0216|193:004A:02AE:02E9:0216|194:004A:02BE:02EB:0206|195:004A:02AE:02E8:0206|196:004A:02BE:02ED:0226|197:004A:02AE:02EA:0226
round3_phase1,0xFD,3512,0x0002,0x0003,0x0000,0x01,0x002F,0x0000,0x0000,actor_2c8,5,0x10C408,0x01,0x61,0x01,0x00,0x01,0x00,0x00,0x0223,0x02D1,0x02E8,0x00,0x4A,0x00,190,10,190:004A:02D1:02F6:021C|191:004A:02C1:02F4:021C|192:004A:02D1:02F5:020C|193:004A:02BE:02EC:021C|194:004A:02AE:02E9:021C|195:004A:02BE:02EB:020C|196:004A:02AE:02E8:020C|197:004A:02BE:02ED:022C|198:004A:02AE:02EA:022C
round3_phase1,0xFD,3512,0x0002,0x0003,0x0000,0x01,0x002F,0x0000,0x0000,actor_2c8,6,0x10C448,0x01,0xCE,0x01,0x00,0x1F,0x00,0x00,0x007F,0x02D1,0x0420,0x00,0x47,0x00,200,10,200:0047:02B0:042D:006F|201:0047:02B0:042E:007F|202:0047:02C0:042F:006F|203:0047:02C0:0430:007F|204:0047:02C1:0424:0077|205:0047:02D1:0425:006F|206:0047:02D1:0426:007F
round3_phase1,0xFD,3514,0x0002,0x0003,0x0000,0x01,0x002F,0x0000,0x0000,actor_2c8,5,0x10C408,0x01,0x61,0x01,0x00,0x01,0x00,0x00,0x0225,0x02D1,0x02E8,0x00,0x4A,0x00,190,10,190:004A:02D1:02F6:021E|191:004A:02C1:02F4:021E|192:004A:02D1:02F5:020E|193:004A:02BE:02EC:021E|194:004A:02AE:02E9:021E|195:004A:02BE:02EB:020E|196:004A:02AE:02E8:020E|197:004A:02BE:02ED:022E|198:004A:02AE:02EA:022E
round3_phase1,0xFD,3522,0x0002,0x0003,0x0000,0x01,0x002F,0x0000,0x0000,actor_2c8,5,0x10C408,0x01,0x60,0x01,0x00,0x01,0x00,0x00,0x022D,0x02D1,0x02E8,0x00,0x4A,0x00,190,10,190:004A:02D1:02F3:021D|191:004A:02C1:02F2:021D|192:004A:02BE:02EC:0224|193:004A:02AE:02E9:0224|194:004A:02BE:02EB:0214|195:004A:02AE:02E8:0214|196:004A:02BE:02ED:0234|197:004A:02AE:02EA:0234
round3_phase1,0xFD,3526,0x0002,0x0003,0x0000,0x01,0x002F,0x0000,0x0000,actor_2c8,6,0x10C448,0x01,0xCA,0x01,0x00,0x01,0x00,0x00,0x0083,0x02D1,0x0420,0x00,0x47,0x00,200,10,200:0047:02B1:0420:0071|201:0047:02B1:0421:0081|202:0047:02C1:0422:0071|203:0047:02C1:0423:0081|204:0047:02C2:0427:0079|205:0047:02D2:0428:0079
round3_phase1,0xFD,3528,0x0002,0x0003,0x0000,0x01,0x002F,0x0000,0x0000,actor_2c8,5,0x10C408,0x01,0x63,0x01,0x00,0x1F,0x00,0x00,0x022F,0x02D1,0x02E8,0x00,0x4A,0x00,190,10,190:004A:02D1:02F6:0228|191:004A:02C1:02F4:0228|192:004A:02D1:02F5:0218|193:004A:02BE:02FC:0228|194:004A:02AE:02FA:0228|195:004A:029E:02F9:0228|196:004A:02BE:02EB:0218|197:004A:02AE:02E8:0218|198:004A:02BE:02FD:0238|199:004A:02AE:02FB:0238
round3_phase1,0xFD,3532,0x0002,0x0003,0x0000,0x01,0x002F,0x0000,0x0000,actor_2c8,6,0x10C448,0x01,0xCB,0x01,0x00,0x01,0x00,0x00,0x008D,0x02D1,0x0420,0x00,0x47,0x00,200,10,200:0047:02B0:0420:007B|201:0047:02B0:0421:008B|202:0047:02C0:0422:007B|203:0047:02C0:0423:008B|204:0047:02C1:0429:0083|205:0047:02D1:042A:0083
round3_phase1,0xFD,3534,0x0002,0x0003,0x0000,0x01,0x002F,0x0000,0x0000,actor_2c8,6,0x10C448,0x01,0xCB,0x01,0x00,0x01,0x00,0x00,0x008F,0x02D1,0x0420,0x00,0x47,0x00,200,10,200:0047:02B0:0420:007F|201:0047:02B0:0421:008F|202:0047:02C0:0422:007F|203:0047:02C0:0423:008F|204:0047:02C1:0429:0087|205:0047:02D1:042A:0087
round3_phase1,0xFD,3536,0x0002,0x0003,0x0000,0x01,0x002F,0x0000,0x0000,actor_2c8,5,0x10C408,0x01,0x64,0x01,0x00,0x1F,0x00,0x00,0x022F,0x02D1,0x02E8,0x00,0x4A,0x00,190,10,190:004A:02D1:02F6:0228|191:004A:02C1:02F4:0228|192:004A:02D1:02F5:0218|193:004A:02BE:02FC:0228|194:004A:02AE:02FE:0228|195:004A:02BE:02EB:0218|196:004A:02AE:02E8:0218|197:004A:02BE:02FD:0238|198:004A:02AE:02FF:0238
round3_phase1,0xFD,3536,0x0002,0x0003,0x0000,0x01,0x002F,0x0000,0x0000,actor_2c8,6,0x10C448,0x01,0xCB,0x00,0x00,0x02,0x00,0x00,0x008B,0x02D1,0x0420,0x01,0x47,0x00,200,10,200:0047:02B0:0420:007D|201:0047:02B0:0421:008D|202:0047:02C0:0422:007D|203:0047:02C0:0423:008D|204:0047:02C1:0429:0085|205:0047:02D1:042A:0085
round3_phase1,0xFD,3536,0x0002,0x0003,0x0000,0x01,0x002F,0x0000,0x0000,actor_748,0,0x10C748,0x01,0xAC,0x01,0x00,0x02,0x03,0x00,0x0246,0x02BD,0x02E8,0x01,0x00,0x00,46,1,46:400A:02B5:0324:023D
round3_phase1,0xFD,3538,0x0002,0x0003,0x0000,0x01,0x002F,0x0000,0x0000,actor_2c8,6,0x10C448,0x01,0xCB,0x00,0x00,0x02,0x00,0x00,0x0087,0x02D1,0x0420,0x01,0x47,0x00,200,10,200:0047:02B0:0420:0079|201:0047:02B0:0421:0089|202:0047:02C0:0422:0079|203:0047:02C0:0423:0089|204:0047:02C1:0429:0081|205:0047:02D1:042A:0081
round3_phase1,0xFD,3538,0x0002,0x0003,0x0000,0x01,0x002F,0x0000,0x0000,actor_748,0,0x10C748,0x01,0xAD,0x01,0x00,0x02,0x03,0x00,0x0249,0x02BD,0x02E8,0x01,0x00,0x00,46,1,46:400A:02B5:0325:0240
round3_phase1,0xFD,3540,0x0002,0x0003,0x0000,0x01,0x002F,0x0000,0x0000,actor_2c8,5,0x10C408,0x01,0x65,0x01,0x00,0x1F,0x00,0x00,0x022F,0x02D1,0x02E8,0x00,0x4A,0x00,190,10,190:004A:02D1:02F6:0228|191:004A:02C1:02F4:0228|192:004A:02D1:02F5:0218|193:004A:02BE:0300:0228|194:004A:02AE:02E9:0228|195:004A:02BE:02EB:0218|196:004A:02AE:02E8:0218|197:004A:02BE:0301:0238
round3_phase1,0xFD,3540,0x0002,0x0003,0x0000,0x01,0x002F,0x0000,0x0000,actor_2c8,6,0x10C448,0x01,0xCC,0x00,0x00,0x02,0x00,0x00,0x0085,0x02D1,0x0420,0x01,0x47,0x00,200,10,200:0047:02B1:0420:0077|201:0047:02B1:0421:0087|202:0047:02C1:0422:0077|203:0047:02C1:0423:0087|204:0047:02C2:0427:007F|205:0047:02D2:0428:007F
round3_phase1,0xFD,3540,0x0002,0x0003,0x0000,0x01,0x002F,0x0000,0x0000,actor_748,0,0x10C748,0x01,0xAE,0x01,0x00,0x02,0x03,0x00,0x024C,0x02BD,0x02E8,0x01,0x00,0x00,46,1,46:400A:02B5:0326:0243
round3_phase1,0xFD,3542,0x0002,0x0003,0x0000,0x01,0x002F,0x0000,0x0000,actor_2c8,6,0x10C448,0x01,0xCC,0x00,0x00,0x02,0x00,0x00,0x0081,0x02D1,0x0420,0x01,0x47,0x00,200,10,200:0047:02B1:0420:0073|201:0047:02B1:0421:0083|202:0047:02C1:0422:0073|203:0047:02C1:0423:0083|204:0047:02C2:0427:007B|205:0047:02D2:0428:007B
round3_phase1,0xFD,3542,0x0002,0x0003,0x0000,0x01,0x002F,0x0000,0x0000,actor_748,0,0x10C748,0x01,0xAF,0x01,0x00,0x02,0x03,0x00,0x024F,0x02BD,0x02E8,0x01,0x00,0x00,46,1,46:400A:02B5:0327:0246
round3_phase1,0xFD,3544,0x0002,0x0003,0x0000,0x01,0x002F,0x0000,0x0000,actor_2c8,6,0x10C448,0x01,0xCC,0x00,0x00,0x02,0x00,0x00,0x007F,0x02D1,0x0420,0x01,0x47,0x00,200,10,200:0047:02B1:0420:006F|201:0047:02B1:0421:007F|202:0047:02C1:0422:006F|203:0047:02C1:0423:007F|204:0047:02C2:0427:0077|205:0047:02D2:0428:0077
round3_phase1,0xFD,3544,0x0002,0x0003,0x0000,0x01,0x002F,0x0000,0x0000,actor_748,0,0x10C748,0x01,0xB0,0x01,0x00,0x02,0x03,0x00,0x0252,0x02BD,0x02E8,0x01,0x00,0x00,46,1,46:400A:02B5:0328:0249
round3_phase1,0xFD,3546,0x0002,0x0003,0x0000,0x01,0x002F,0x0000,0x0000,actor_2c8,5,0x10C408,0x01,0x66,0x01,0x00,0x1F,0x00,0x01,0x022F,0x02D1,0x02E8,0x00,0x4A,0x00,190,10,190:004A:02D1:02F6:0228|191:004A:02C1:02F4:0228|192:004A:02D1:02F5:0218|193:004A:02BE:0300:0228|194:004A:02AE:02E9:0228|195:004A:02BE:02EB:0218|196:004A:02AE:02E8:0218|197:004A:02BE:0301:0238
round3_phase1,0xFD,3546,0x0002,0x0003,0x0000,0x01,0x002F,0x0000,0x0000,actor_748,0,0x10C748,0x01,0xB1,0x01,0x00,0x02,0x03,0x00,0x0255,0x02BD,0x02E8,0x01,0x00,0x00,46,1,46:400A:02B5:0329:024C
round3_phase1,0xFD,3548,0x0002,0x0003,0x0000,0x01,0x002F,0x0000,0x0000,actor_2c8,5,0x10C408,0x01,0x66,0x01,0x00,0x1F,0x00,0x01,0x022F,0x02D1,0x02E8,0x00,0x4A,0x00,190,10,190:004A:02D1:02F6:0228|191:004A:02C1:02F4:0228|192:004A:02D1:02F5:0218|193:004A:02BE:0304:0218|194:004A:02AE:0303:0218|195:004A:02A6:0302:0208|196:004A:02BE:0300:0228|197:004A:02AE:02E9:0228|198:004A:02BE:0301:0238
round3_phase1,0xFD,3548,0x0002,0x0003,0x0000,0x01,0x002F,0x0000,0x0000,actor_748,0,0x10C748,0x01,0xAA,0x01,0x00,0x02,0x03,0x00,0x0258,0x02BD,0x02E8,0x01,0x00,0x00,46,1,46:400A:02B5:0322:024F
round3_phase1,0xFD,3550,0x0002,0x0003,0x0000,0x01,0x002F,0x0000,0x0000,actor_748,0,0x10C748,0x01,0xAB,0x01,0x00,0x02,0x03,0x00,0x025B,0x02BD,0x02E8,0x01,0x00,0x00,46,1,46:400A:02B5:0323:0252
round3_phase1,0xFD,3552,0x0002,0x0003,0x0000,0x01,0x002F,0x0000,0x0000,actor_748,0,0x10C748,0x01,0xAC,0x01,0x00,0x02,0x03,0x00,0x025E,0x02BD,0x02E8,0x01,0x00,0x00,46,1,46:400A:02B5:0324:0255
round3_phase1,0xFD,3554,0x0002,0x0003,0x0000,0x01,0x002F,0x0000,0x0000,actor_2c8,5,0x10C408,0x01,0x67,0x01,0x00,0x1F,0x00,0x01,0x022F,0x02D1,0x02E8,0x00,0x4A,0x00,190,10,190:004A:02D1:02F6:0228|191:004A:02C1:02F4:0228|192:004A:02D1:02F5:0218|193:004A:02BE:0304:0218|194:004A:02AE:0303:0218|195:004A:02A6:0302:0208|196:004A:02BE:0300:0228|197:004A:02AE:02E9:0228|198:004A:02BE:0301:0238
round3_phase1,0xFD,3554,0x0002,0x0003,0x0000,0x01,0x002F,0x0000,0x0000,actor_748,0,0x10C748,0x01,0xAD,0x01,0x00,0x02,0x03,0x00,0x0261,0x02BD,0x02E8,0x01,0x00,0x00,46,1,46:400A:02B5:0325:0258
round3_phase1,0xFD,3554,0x0002,0x0003,0x0000,0x01,0x002F,0x0000,0x0000,actor_748,1,0x10C788,0x01,0xAD,0x01,0x00,0x02,0x03,0x00,0x023A,0x02BD,0x02E8,0x01,0x00,0x00,47,1,
round3_phase1,0xFD,3556,0x0002,0x0003,0x0000,0x01,0x002F,0x0000,0x0000,actor_2c8,5,0x10C408,0x01,0x67,0x01,0x00,0x1F,0x00,0x01,0x022F,0x02D1,0x02E8,0x00,0x4A,0x00,190,10,190:004A:02D1:02F6:0228|191:004A:02C1:02F4:0228|192:004A:02D1:02F5:0218|193:004A:02BE:0308:0228|194:004A:02AE:0306:0228|195:004A:02BE:0304:0218|196:004A:02AE:0305:0218|197:004A:02BE:0309:0238|198:004A:02AE:0307:0238
round3_phase1,0xFD,3556,0x0002,0x0003,0x0000,0x01,0x002F,0x0000,0x0000,actor_748,0,0x10C748,0x01,0xAE,0x01,0x00,0x02,0x03,0x00,0x0264,0x02BD,0x02E8,0x01,0x00,0x00,46,1,46:400A:02B5:0326:025B
round3_phase1,0xFD,3556,0x0002,0x0003,0x0000,0x01,0x002F,0x0000,0x0000,actor_748,1,0x10C788,0x01,0xAE,0x01,0x00,0x02,0x03,0x00,0x023D,0x02BD,0x02E8,0x01,0x00,0x00,47,1,47:400A:02B5:0326:0231
round3_phase1,0xFD,3558,0x0002,0x0003,0x0000,0x01,0x002F,0x0000,0x0000,actor_2c8,5,0x10C408,0x01,0x68,0x01,0x00,0x1F,0x00,0x01,0x022F,0x02D1,0x02E8,0x00,0x4A,0x00,190,10,190:004A:02D1:02F6:0228|191:004A:02C1:02F4:0228|192:004A:02D1:02F5:0218|193:004A:02BE:0308:0228|194:004A:02AE:0306:0228|195:004A:02BE:0304:0218|196:004A:02AE:0305:0218|197:004A:02BE:0309:0238|198:004A:02AE:0307:0238
round3_phase1,0xFD,3558,0x0002,0x0003,0x0000,0x01,0x002F,0x0000,0x0000,actor_748,0,0x10C748,0x01,0xAF,0x01,0x00,0x02,0x03,0x00,0x0267,0x02BD,0x02E8,0x01,0x00,0x00,46,1,46:400A:02B5:0327:025E
round3_phase1,0xFD,3558,0x0002,0x0003,0x0000,0x01,0x002F,0x0000,0x0000,actor_748,1,0x10C788,0x01,0xAF,0x01,0x00,0x02,0x03,0x00,0x0240,0x02BD,0x02E8,0x01,0x00,0x00,47,1,47:400A:02B5:0327:0234
round3_phase1,0xFD,3560,0x0002,0x0003,0x0000,0x01,0x002F,0x0000,0x0000,actor_2c8,5,0x10C408,0x01,0x68,0x01,0x00,0x1F,0x00,0x01,0x022F,0x02D1,0x02E8,0x00,0x4A,0x00,190,10,190:004A:02D1:02F6:0228|191:004A:02C1:02F4:0228|192:004A:02D1:02F5:0218|193:004A:02BE:030C:0228|194:004A:02AE:02E9:0228|195:004A:02BE:030B:0218|196:004A:02AE:030A:0218|197:004A:02BE:0301:0238
round3_phase1,0xFD,3560,0x0002,0x0003,0x0000,0x01,0x002F,0x0000,0x0000,actor_748,0,0x10C748,0x01,0xB0,0x01,0x00,0x02,0x03,0x00,0x026A,0x02BD,0x02E8,0x01,0x00,0x00,46,1,46:400A:02B5:0328:0261
round3_phase1,0xFD,3562,0x0002,0x0003,0x0000,0x01,0x002F,0x0000,0x0000,actor_2c8,5,0x10C408,0x01,0x68,0x01,0x00,0x1F,0x00,0x02,0x022F,0x02D1,0x02E8,0x00,0x4A,0x00,190,10,190:004A:02D1:02F6:0228|191:004A:02C1:02F4:0228|192:004A:02D1:02F5:0218|193:004A:02BE:030C:0228|194:004A:02AE:02E9:0228|195:004A:02BE:030B:0218|196:004A:02AE:030A:0218|197:004A:02BE:0301:0238
round3_phase1,0xFD,3562,0x0002,0x0003,0x0000,0x01,0x002F,0x0000,0x0000,actor_748,0,0x10C748,0x01,0xB1,0x01,0x00,0x02,0x03,0x00,0x026D,0x02BD,0x02E8,0x01,0x00,0x00,46,1,46:400A:02B5:0329:0264
round3_phase1,0xFD,3562,0x0002,0x0003,0x0000,0x01,0x002F,0x0000,0x0000,actor_748,1,0x10C788,0x01,0xB1,0x01,0x00,0x02,0x03,0x00,0x0246,0x02BD,0x02E8,0x01,0x00,0x00,47,1,47:400A:02B5:0329:023A
round3_phase1,0xFD,3564,0x0002,0x0003,0x0000,0x01,0x002F,0x0000,0x0000,actor_2c8,5,0x10C408,0x01,0xB4,0x01,0x00,0x01,0x00,0x02,0x0231,0x02D1,0x02E8,0x00,0x4A,0x00,190,10,190:004A:02D1:02F8:0226|191:004A:02C1:02F7:0226|192:004A:02BE:030C:022A|193:004A:02AE:02E9:022A|194:004A:02BE:030B:021A|195:004A:02AE:030A:021A|196:004A:02BE:0301:023A
round3_phase1,0xFD,3564,0x0002,0x0003,0x0000,0x01,0x002F,0x0000,0x0000,actor_748,0,0x10C748,0x01,0xAA,0x01,0x00,0x02,0x03,0x00,0x0270,0x02BD,0x02E8,0x01,0x00,0x00,46,1,46:400A:02B5:0322:0267
round3_phase1,0xFD,3564,0x0002,0x0003,0x0000,0x01,0x002F,0x0000,0x0000,actor_748,1,0x10C788,0x01,0xAA,0x01,0x00,0x02,0x03,0x00,0x0249,0x02BD,0x02E8,0x01,0x00,0x00,47,1,47:400A:02B5:0322:023D
round3_phase1,0xFD,3566,0x0002,0x0003,0x0000,0x01,0x002F,0x0000,0x0000,actor_2c8,5,0x10C408,0x01,0xB4,0x01,0x00,0x01,0x00,0x02,0x0233,0x02D1,0x02E8,0x00,0x4A,0x00,190,10,190:004A:02D1:02F8:0228|191:004A:02C1:02F7:0228|192:004A:02BE:030C:022C|193:004A:02AE:02E9:022C|194:004A:02BE:030B:021C|195:004A:02AE:030A:021C|196:004A:02BE:0301:023C
round3_phase1,0xFD,3566,0x0002,0x0003,0x0000,0x01,0x002F,0x0000,0x0000,actor_748,0,0x10C748,0x01,0xAB,0x01,0x00,0x02,0x03,0x00,0x0273,0x02BD,0x02E8,0x01,0x00,0x00,46,1,46:400A:02B5:0323:026A
round3_phase1,0xFD,3566,0x0002,0x0003,0x0000,0x01,0x002F,0x0000,0x0000,actor_748,1,0x10C788,0x01,0xAB,0x01,0x00,0x02,0x03,0x00,0x024C,0x02BD,0x02E8,0x01,0x00,0x00,47,1,47:400A:02B5:0323:0240
round3_phase1,0xFD,3568,0x0002,0x0003,0x0000,0x01,0x002F,0x0000,0x0000,actor_2c8,5,0x10C408,0x01,0xB4,0x01,0x00,0x01,0x00,0x02,0x0235,0x02D1,0x02E8,0x00,0x4A,0x00,190,10,190:004A:02D1:02F8:022A|191:004A:02C1:02F7:022A|192:004A:02BE:030C:022E|193:004A:02AE:02E9:022E|194:004A:02BE:030B:021E|195:004A:02AE:030A:021E|196:004A:02BE:0301:023E
round3_phase1,0xFD,3568,0x0002,0x0003,0x0000,0x01,0x002F,0x0000,0x0000,actor_748,0,0x10C748,0x01,0xAC,0x01,0x00,0x02,0x03,0x00,0x0276,0x02BD,0x02E8,0x01,0x00,0x00,46,1,46:400A:02B5:0324:026D
round3_phase1,0xFD,3568,0x0002,0x0003,0x0000,0x01,0x002F,0x0000,0x0000,actor_748,1,0x10C788,0x01,0xAC,0x01,0x00,0x02,0x03,0x00,0x024F,0x02BD,0x02E8,0x01,0x00,0x00,47,1,47:400A:02B5:0324:0243
round3_phase1,0xFD,3570,0x0002,0x0003,0x0000,0x01,0x002F,0x0000,0x0000,actor_2c8,5,0x10C408,0x01,0xB4,0x01,0x00,0x01,0x00,0x02,0x0237,0x02D1,0x02E8,0x00,0x4A,0x00,190,10,190:004A:02D1:02F8:022C|191:004A:02C1:02F7:022C|192:004A:02BE:030C:0230|193:004A:02AE:02E9:0230|194:004A:02BE:030B:0220|195:004A:02AE:030A:0220|196:004A:02BE:0301:0240
round3_phase1,0xFD,3570,0x0002,0x0003,0x0000,0x01,0x002F,0x0000,0x0000,actor_748,1,0x10C788,0x01,0xAD,0x01,0x00,0x02,0x03,0x00,0x0252,0x02BD,0x02E8,0x01,0x00,0x00,47,1,47:400A:02B5:0325:0246
round3_phase1,0xFD,3572,0x0002,0x0003,0x0000,0x01,0x002F,0x0000,0x0000,actor_2c8,5,0x10C408,0x01,0x68,0x01,0x00,0x01,0x00,0x02,0x0239,0x02D1,0x02E8,0x00,0x4A,0x00,190,10,190:004A:02D1:02F6:0230|191:004A:02C1:02F4:0230|192:004A:02D1:02F5:0220|193:004A:02BE:030C:0230|194:004A:02AE:02E9:0230|195:004A:02BE:030B:0220|196:004A:02AE:030A:0220|197:004A:02BE:0301:0240
round3_phase1,0xFD,3572,0x0002,0x0003,0x0000,0x01,0x002F,0x0000,0x0000,actor_748,0,0x10C748,0x01,0xAE,0x01,0x00,0x02,0x03,0x00,0x027C,0x02BD,0x02E8,0x01,0x00,0x00,46,1,46:400A:02B5:0326:0273
round3_phase1,0xFD,3572,0x0002,0x0003,0x0000,0x01,0x002F,0x0000,0x0000,actor_748,1,0x10C788,0x01,0xAE,0x01,0x00,0x02,0x03,0x00,0x0255,0x02BD,0x02E8,0x01,0x00,0x00,47,1,47:400A:02B5:0326:0249
round3_phase1,0xFD,3574,0x0002,0x0003,0x0000,0x01,0x002F,0x0000,0x0000,actor_2c8,5,0x10C408,0x01,0x68,0x01,0x00,0x01,0x00,0x02,0x023B,0x02D1,0x02E8,0x00,0x4A,0x00,190,10,190:004A:02D1:02F6:0232|191:004A:02C1:02F4:0232|192:004A:02D1:02F5:0222|193:004A:02BE:030C:0232|194:004A:02AE:02E9:0232|195:004A:02BE:030B:0222|196:004A:02AE:030A:0222|197:004A:02BE:0301:0242
round3_phase1,0xFD,3574,0x0002,0x0003,0x0000,0x01,0x002F,0x0000,0x0000,actor_748,0,0x10C748,0x01,0xAF,0x01,0x00,0x02,0x03,0x00,0x027F,0x02BD,0x02E8,0x01,0x00,0x00,46,1,46:400A:02B5:0327:0276
round3_phase1,0xFD,3574,0x0002,0x0003,0x0000,0x01,0x002F,0x0000,0x0000,actor_748,1,0x10C788,0x01,0xAF,0x01,0x00,0x02,0x03,0x00,0x0258,0x02BD,0x02E8,0x01,0x00,0x00,47,1,47:400A:02B5:0327:024C
round3_phase1,0xFD,3576,0x0002,0x0003,0x0000,0x01,0x002F,0x0000,0x0000,actor_2c8,5,0x10C408,0x01,0x68,0x01,0x00,0x01,0x00,0x02,0x023D,0x02D1,0x02E8,0x00,0x4A,0x00,190,10,190:004A:02D1:02F6:0234|191:004A:02C1:02F4:0234|192:004A:02D1:02F5:0224|193:004A:02BE:030C:0234|194:004A:02AE:02E9:0234|195:004A:02BE:030B:0224|196:004A:02AE:030A:0224|197:004A:02BE:0301:0244
round3_phase1,0xFD,3576,0x0002,0x0003,0x0000,0x01,0x002F,0x0000,0x0000,actor_748,0,0x10C748,0x01,0xB0,0x01,0x00,0x02,0x03,0x00,0x0282,0x02BD,0x02E8,0x01,0x00,0x00,46,1,46:400A:02B5:0328:0279
round3_phase1,0xFD,3576,0x0002,0x0003,0x0000,0x01,0x002F,0x0000,0x0000,actor_748,1,0x10C788,0x01,0xB0,0x01,0x00,0x02,0x03,0x00,0x025B,0x02BD,0x02E8,0x01,0x00,0x00,47,1,47:400A:02B5:0328:024F
round3_phase1,0xFD,3578,0x0002,0x0003,0x0000,0x01,0x002F,0x0000,0x0000,actor_2c8,5,0x10C408,0x01,0x68,0x01,0x00,0x01,0x00,0x02,0x023F,0x02D1,0x02E8,0x00,0x4A,0x00,190,10,190:004A:02D1:02F6:0236|191:004A:02C1:02F4:0236|192:004A:02D1:02F5:0226|193:004A:02BE:030C:0236|194:004A:02AE:02E9:0236|195:004A:02BE:030B:0226|196:004A:02AE:030A:0226|197:004A:02BE:0301:0246
round3_phase1,0xFD,3578,0x0002,0x0003,0x0000,0x01,0x002F,0x0000,0x0000,actor_748,0,0x10C748,0x01,0xB1,0x01,0x00,0x02,0x03,0x00,0x0285,0x02BD,0x02E8,0x01,0x00,0x00,46,1,46:400A:02B5:0329:027C
round3_phase1,0xFD,3578,0x0002,0x0003,0x0000,0x01,0x002F,0x0000,0x0000,actor_748,1,0x10C788,0x01,0xB1,0x01,0x00,0x02,0x03,0x00,0x025E,0x02BD,0x02E8,0x01,0x00,0x00,47,1,47:400A:02B5:0329:0252
round3_phase1,0xFD,3580,0x0002,0x0003,0x0000,0x01,0x002F,0x0000,0x0000,actor_2c8,5,0x10C408,0x01,0xB3,0x01,0x00,0x01,0x00,0x02,0x023F,0x02D1,0x02E8,0x00,0x4A,0x00,190,10,190:004A:02D1:02F3:0231|191:004A:02C1:02F2:0231|192:004A:02BE:030C:0238|193:004A:02AE:02E9:0238|194:004A:02BE:030B:0228|195:004A:02AE:030A:0228|196:004A:02BE:0301:0248
round3_phase1,0xFD,3580,0x0002,0x0003,0x0000,0x01,0x002F,0x0000,0x0000,actor_748,0,0x10C748,0x01,0xAA,0x01,0x00,0x02,0x03,0x00,0x0288,0x02BD,0x02E8,0x01,0x00,0x00,46,1,46:400A:02B5:0322:027F
round3_phase1,0xFD,3580,0x0002,0x0003,0x0000,0x01,0x002F,0x0000,0x0000,actor_748,1,0x10C788,0x01,0xAA,0x01,0x00,0x02,0x03,0x00,0x0261,0x02BD,0x02E8,0x01,0x00,0x00,47,1,47:400A:02B5:0322:0255
round3_phase1,0xFD,3582,0x0002,0x0003,0x0000,0x01,0x002F,0x0000,0x0000,actor_2c8,5,0x10C408,0x01,0xB3,0x01,0x00,0x01,0x00,0x02,0x0241,0x02D1,0x02E8,0x00,0x4A,0x00,190,10,190:004A:02D1:02F3:0233|191:004A:02C1:02F2:0233|192:004A:02BE:030C:023A|193:004A:02AE:02E9:023A|194:004A:02BE:030B:022A|195:004A:02AE:030A:022A|196:004A:02BE:0301:024A
round3_phase1,0xFD,3582,0x0002,0x0003,0x0000,0x01,0x002F,0x0000,0x0000,actor_748,0,0x10C748,0x01,0xAB,0x01,0x00,0x02,0x03,0x00,0x028B,0x02BD,0x02E8,0x01,0x00,0x00,46,1,46:400A:02B5:0323:0282
round3_phase1,0xFD,3582,0x0002,0x0003,0x0000,0x01,0x002F,0x0000,0x0000,actor_748,1,0x10C788,0x01,0xAB,0x01,0x00,0x02,0x03,0x00,0x0264,0x02BD,0x02E8,0x01,0x00,0x00,47,1,47:400A:02B5:0323:0258
round3_phase1,0xFD,3584,0x0002,0x0003,0x0000,0x01,0x002F,0x0000,0x0000,actor_2c8,5,0x10C408,0x01,0xB3,0x01,0x00,0x01,0x00,0x02,0x0243,0x02D1,0x02E8,0x00,0x4A,0x00,190,10,190:004A:02D1:02F3:0235|191:004A:02C1:02F2:0235|192:004A:02BE:030C:023C|193:004A:02AE:02E9:023C|194:004A:02BE:030B:022C|195:004A:02AE:030A:022C|196:004A:02BE:0301:024C
round3_phase1,0xFD,3584,0x0002,0x0003,0x0000,0x01,0x002F,0x0000,0x0000,actor_748,0,0x10C748,0x01,0xAC,0x01,0x00,0x02,0x03,0x00,0x028E,0x02BD,0x02E8,0x01,0x00,0x00,46,1,46:400A:02B5:0324:0285
round3_phase1,0xFD,3584,0x0002,0x0003,0x0000,0x01,0x002F,0x0000,0x0000,actor_748,1,0x10C788,0x01,0xAC,0x01,0x00,0x02,0x03,0x00,0x0267,0x02BD,0x02E8,0x01,0x00,0x00,47,1,47:400A:02B5:0324:025B
round3_phase1,0xFD,3586,0x0002,0x0003,0x0000,0x01,0x002F,0x0000,0x0000,actor_2c8,5,0x10C408,0x01,0xB3,0x01,0x00,0x01,0x00,0x02,0x0245,0x02D1,0x02E8,0x00,0x4A,0x00,190,10,190:004A:02D1:02F3:0237|191:004A:02C1:02F2:0237|192:004A:02BE:030C:023E|193:004A:02AE:02E9:023E|194:004A:02BE:030B:022E|195:004A:02AE:030A:022E|196:004A:02BE:0301:024E
round3_phase1,0xFD,3586,0x0002,0x0003,0x0000,0x01,0x002F,0x0000,0x0000,actor_748,0,0x10C748,0x01,0xAD,0x01,0x00,0x02,0x03,0x00,0x0291,0x02BD,0x02E8,0x01,0x00,0x00,46,1,46:400A:02B5:0325:0288
round3_phase1,0xFD,3586,0x0002,0x0003,0x0000,0x01,0x002F,0x0000,0x0000,actor_748,1,0x10C788,0x01,0xAD,0x01,0x00,0x02,0x03,0x00,0x026A,0x02BD,0x02E8,0x01,0x00,0x00,47,1,47:400A:02B5:0325:025E
round3_phase1,0xFD,3588,0x0002,0x0003,0x0000,0x01,0x002F,0x0000,0x0000,actor_2c8,5,0x10C408,0x01,0x68,0x01,0x00,0x01,0x00,0x02,0x0247,0x02D1,0x02E8,0x00,0x4A,0x00,190,10,190:004A:02D1:02F6:0240|191:004A:02C1:02F4:0240|192:004A:02D1:02F5:0230|193:004A:02BE:030C:0240|194:004A:02AE:02E9:0240|195:004A:02BE:030B:0230|196:004A:02AE:030A:0230|197:004A:02BE:0301:0250
round3_phase1,0xFD,3588,0x0002,0x0003,0x0000,0x01,0x002F,0x0000,0x0000,actor_748,0,0x10C748,0x01,0xAE,0x01,0x00,0x02,0x03,0x00,0x0294,0x02BD,0x02E8,0x01,0x00,0x00,46,1,46:400A:02B5:0326:028B
round3_phase1,0xFD,3588,0x0002,0x0003,0x0000,0x01,0x002F,0x0000,0x0000,actor_748,1,0x10C788,0x01,0xAE,0x01,0x00,0x02,0x03,0x00,0x026D,0x02BD,0x02E8,0x01,0x00,0x00,47,1,47:400A:02B5:0326:0261
round3_phase1,0xFD,3590,0x0002,0x0003,0x0000,0x01,0x002F,0x0000,0x0000,actor_748,0,0x10C748,0x01,0xAF,0x01,0x00,0x02,0x03,0x00,0x0297,0x02BD,0x02E8,0x01,0x00,0x00,46,1,46:400A:02B5:0327:028E
round3_phase1,0xFD,3590,0x0002,0x0003,0x0000,0x01,0x002F,0x0000,0x0000,actor_748,1,0x10C788,0x01,0xAF,0x01,0x00,0x02,0x03,0x00,0x0270,0x02BD,0x02E8,0x01,0x00,0x00,47,1,47:400A:02B5:0327:0264
round3_phase1,0xFD,3592,0x0002,0x0003,0x0000,0x01,0x002F,0x0000,0x0000,actor_2c8,5,0x10C408,0x01,0x68,0x01,0x00,0x01,0x00,0x02,0x024B,0x02D1,0x02E8,0x00,0x4A,0x00,190,10,190:004A:02D1:02F6:0242|191:004A:02C1:02F4:0242|192:004A:02D1:02F5:0232|193:004A:02BE:030C:0242|194:004A:02AE:02E9:0242|195:004A:02BE:030B:0232|196:004A:02AE:030A:0232|197:004A:02BE:0301:0252
round3_phase1,0xFD,3592,0x0002,0x0003,0x0000,0x01,0x002F,0x0000,0x0000,actor_748,0,0x10C748,0x01,0xB0,0x01,0x00,0x02,0x03,0x00,0x029A,0x02BD,0x02E8,0x01,0x00,0x00,46,1,46:400A:02B5:0328:0291
round3_phase1,0xFD,3594,0x0002,0x0003,0x0000,0x01,0x002F,0x0000,0x0000,actor_2c8,5,0x10C408,0x01,0x68,0x01,0x00,0x01,0x00,0x02,0x024D,0x02D1,0x02E8,0x00,0x4A,0x00,190,10,190:004A:02D1:02F6:0244|191:004A:02C1:02F4:0244|192:004A:02D1:02F5:0234|193:004A:02BE:030C:0244|194:004A:02AE:02E9:0244|195:004A:02BE:030B:0234|196:004A:02AE:030A:0234|197:004A:02BE:0301:0254
round3_phase1,0xFD,3594,0x0002,0x0003,0x0000,0x01,0x002F,0x0000,0x0000,actor_748,0,0x10C748,0x01,0xB1,0x01,0x00,0x02,0x03,0x00,0x029D,0x02BD,0x02E8,0x01,0x00,0x00,46,1,46:400A:02B5:0329:0294
round3_phase1,0xFD,3594,0x0002,0x0003,0x0000,0x01,0x002F,0x0000,0x0000,actor_748,1,0x10C788,0x01,0xB1,0x01,0x00,0x02,0x03,0x00,0x0276,0x02BD,0x02E8,0x01,0x00,0x00,47,1,47:400A:02B5:0329:026A
round3_phase1,0xFD,3596,0x0002,0x0003,0x0000,0x01,0x002F,0x0000,0x0000,actor_2c8,5,0x10C408,0x01,0xB4,0x01,0x00,0x01,0x00,0x02,0x024F,0x02D1,0x02E8,0x00,0x4A,0x00,190,10,190:004A:02D1:02F8:0242|191:004A:02C1:02F7:0242|192:004A:02BE:030C:0246|193:004A:02AE:02E9:0246|194:004A:02BE:030B:0236|195:004A:02AE:030A:0236|196:004A:02BE:0301:0256
round3_phase1,0xFD,3596,0x0002,0x0003,0x0000,0x01,0x002F,0x0000,0x0000,actor_748,0,0x10C748,0x01,0xAA,0x01,0x00,0x02,0x03,0x00,0x02A0,0x02BD,0x02E8,0x01,0x00,0x00,46,1,46:400A:02B5:0322:0297
round3_phase1,0xFD,3598,0x0002,0x0003,0x0000,0x01,0x002F,0x0000,0x0000,actor_2c8,5,0x10C408,0x01,0xB4,0x01,0x00,0x01,0x00,0x02,0x024F,0x02D1,0x02E8,0x00,0x4A,0x00,190,10,190:004A:02D1:02F8:0244|191:004A:02C1:02F7:0244|192:004A:02BE:030C:0248|193:004A:02AE:02E9:0248|194:004A:02BE:030B:0238|195:004A:02AE:030A:0238|196:004A:02BE:0301:0258
round3_phase1,0xFD,3598,0x0002,0x0003,0x0000,0x01,0x002F,0x0000,0x0000,actor_748,0,0x10C748,0x01,0xAB,0x01,0x00,0x02,0x03,0x00,0x02A3,0x02BD,0x02E8,0x01,0x00,0x00,46,1,46:400A:02B5:0323:029A
round3_phase1,0xFD,3598,0x0002,0x0003,0x0000,0x01,0x002F,0x0000,0x0000,actor_748,1,0x10C788,0x01,0xAB,0x01,0x00,0x02,0x03,0x00,0x027C,0x02BD,0x02E8,0x01,0x00,0x00,47,1,47:400A:02B5:0323:0270
round3_phase1,0xFD,3600,0x0002,0x0003,0x0000,0x01,0x002F,0x0000,0x0000,actor_2c8,5,0x10C408,0x01,0xB4,0x01,0x00,0x01,0x00,0x02,0x0251,0x02D1,0x02E8,0x00,0x4A,0x00,190,10,190:004A:02D1:02F8:0246|191:004A:02C1:02F7:0246|192:004A:02BE:030C:024A|193:004A:02AE:02E9:024A|194:004A:02BE:030B:023A|195:004A:02AE:030A:023A|196:004A:02BE:0301:025A
round3_phase1,0xFD,3600,0x0002,0x0003,0x0000,0x01,0x002F,0x0000,0x0000,actor_748,0,0x10C748,0x01,0xAC,0x01,0x00,0x02,0x03,0x00,0x02A6,0x02BD,0x02E8,0x01,0x00,0x00,46,1,46:400A:02B5:0324:029D
round3_phase1,0xFD,3600,0x0002,0x0003,0x0000,0x01,0x002F,0x0000,0x0000,actor_748,1,0x10C788,0x01,0xAC,0x01,0x00,0x02,0x03,0x00,0x027F,0x02BD,0x02E8,0x01,0x00,0x00,47,1,47:400A:02B5:0324:0273
round3_phase1,0xFD,3602,0x0002,0x0003,0x0000,0x01,0x002F,0x0000,0x0000,actor_2c8,5,0x10C408,0x01,0xB4,0x01,0x00,0x01,0x00,0x02,0x0253,0x02D0,0x02E8,0x00,0x4A,0x00,190,10,190:004A:02D1:02F8:0248|191:004A:02C1:02F7:0248|192:004A:02BE:030C:024C|193:004A:02AE:02E9:024C|194:004A:02BE:030B:023C|195:004A:02AE:030A:023C|196:004A:02BE:0301:025C
round3_phase1,0xFD,3602,0x0002,0x0003,0x0000,0x01,0x002F,0x0000,0x0000,actor_748,0,0x10C748,0x01,0xAD,0x01,0x00,0x02,0x03,0x00,0x02A9,0x02BC,0x02E8,0x01,0x00,0x00,46,1,46:400A:02B5:0325:02A0
round3_phase1,0xFD,3602,0x0002,0x0003,0x0000,0x01,0x002F,0x0000,0x0000,actor_748,1,0x10C788,0x01,0xAD,0x01,0x00,0x02,0x03,0x00,0x0282,0x02BC,0x02E8,0x01,0x00,0x00,47,1,47:400A:02B5:0325:0276
round3_phase1,0xFD,3604,0x0002,0x0003,0x0000,0x01,0x002F,0x0000,0x0000,actor_2c8,5,0x10C408,0x01,0x68,0x01,0x00,0x01,0x00,0x02,0x0255,0x02CD,0x02E8,0x00,0x4A,0x00,190,10,190:004A:02CF:02F6:024E|191:004A:02BF:02F4:024E|192:004A:02CF:02F5:023E|193:004A:02BC:030C:024E|194:004A:02AC:02E9:024E|195:004A:02BC:030B:023E|196:004A:02AC:030A:023E|197:004A:02BC:0301:025E
round3_phase1,0xFD,3604,0x0002,0x0003,0x0000,0x01,0x002F,0x0000,0x0000,actor_2c8,6,0x10C448,0x01,0xC9,0x00,0x00,0x1F,0x00,0x00,0x007F,0x02CD,0x0420,0x00,0x47,0x00,200,10,200:4047:02AE:0420:007E|201:4047:02AE:0421:006E|202:4047:02BE:0422:007E|203:4047:02BE:0423:006E|204:4047:02BF:0424:0076|205:4047:02CF:0425:007E|206:4047:02CF:0426:006E
round3_phase1,0xFD,3604,0x0002,0x0003,0x0000,0x01,0x002F,0x0000,0x0000,actor_748,0,0x10C748,0x01,0xAE,0x01,0x00,0x02,0x03,0x00,0x02AC,0x02B9,0x02E8,0x01,0x00,0x00,46,1,46:400A:02B3:0326:02A3
round3_phase1,0xFD,3604,0x0002,0x0003,0x0000,0x01,0x002F,0x0000,0x0000,actor_748,1,0x10C788,0x01,0xAE,0x01,0x00,0x02,0x03,0x00,0x0285,0x02B9,0x02E8,0x01,0x00,0x00,47,1,47:400A:02B3:0326:0279
round3_phase1,0xFD,3606,0x0002,0x0003,0x0000,0x01,0x002F,0x0000,0x0000,actor_2c8,5,0x10C408,0x01,0x68,0x01,0x00,0x01,0x00,0x02,0x0257,0x02C8,0x02E8,0x00,0x4A,0x00,190,10,190:004A:02CB:02F6:0250|191:004A:02BB:02F4:0250|192:004A:02CB:02F5:0240|193:004A:02B8:030C:0250|194:004A:02A8:02E9:0250|195:004A:02B8:030B:0240|196:004A:02A8:030A:0240|197:004A:02B8:0301:0260
round3_phase1,0xFD,3606,0x0002,0x0003,0x0000,0x01,0x002F,0x0000,0x0000,actor_2c8,6,0x10C448,0x01,0xCC,0x00,0x00,0x02,0x00,0x00,0x007D,0x02C8,0x0420,0x01,0x47,0x00,200,10,200:4047:02AA:0420:007E|201:4047:02AA:0421:006E|202:4047:02BA:0422:007E|203:4047:02BA:0423:006E|204:4047:02BB:0424:0076|205:4047:02CB:0425:007E|206:4047:02CB:0426:006E
round3_phase1,0xFD,3606,0x0002,0x0003,0x0000,0x01,0x002F,0x0000,0x0000,actor_748,0,0x10C748,0x01,0xAF,0x01,0x00,0x02,0x03,0x00,0x02AF,0x02B4,0x02E8,0x01,0x00,0x00,46,1,46:400A:02AF:0327:02A6
round3_phase1,0xFD,3606,0x0002,0x0003,0x0000,0x01,0x002F,0x0000,0x0000,actor_748,1,0x10C788,0x01,0xAF,0x01,0x00,0x02,0x03,0x00,0x0288,0x02B4,0x02E8,0x01,0x00,0x00,47,1,47:400A:02AF:0327:027C
round3_phase1,0xFD,3608,0x0002,0x0003,0x0000,0x01,0x002F,0x0000,0x0000,actor_2c8,5,0x10C408,0x01,0x68,0x01,0x00,0x01,0x00,0x02,0x0259,0x02C2,0x02E8,0x00,0x4A,0x00,190,10,190:004A:02C5:02F6:0250|191:004A:02B5:02F4:0250|192:004A:02C5:02F5:0240|193:004A:02B2:030C:0250|194:004A:02A2:02E9:0250|195:004A:02B2:030B:0240|196:004A:02A2:030A:0240|197:004A:02B2:0301:0260
round3_phase1,0xFD,3608,0x0002,0x0003,0x0000,0x01,0x002F,0x0000,0x0000,actor_2c8,6,0x10C448,0x01,0xCC,0x00,0x00,0x02,0x00,0x00,0x0079,0x02C2,0x0420,0x01,0x47,0x00,200,10,200:0047:02A5:0420:006B|201:0047:02A5:0421:007B|202:0047:02B5:0422:006B|203:0047:02B5:0423:007B|204:0047:02B6:0427:0073|205:0047:02C6:0428:0073
round3_phase1,0xFD,3608,0x0002,0x0003,0x0000,0x01,0x002F,0x0000,0x0000,actor_748,0,0x10C748,0x01,0xB0,0x01,0x00,0x02,0x03,0x00,0x02B2,0x02AE,0x02E8,0x01,0x00,0x00,46,1,46:400A:02A9:0328:02A9
round3_phase1,0xFD,3608,0x0002,0x0003,0x0000,0x01,0x002F,0x0000,0x0000,actor_748,1,0x10C788,0x01,0xB0,0x01,0x00,0x02,0x03,0x00,0x028B,0x02AE,0x02E8,0x01,0x00,0x00,47,1,47:400A:02A9:0328:027F
round3_phase1,0xFD,3610,0x0002,0x0003,0x0000,0x01,0x002F,0x0000,0x0000,actor_2c8,5,0x10C408,0x01,0x68,0x01,0x00,0x01,0x00,0x02,0x025B,0x02BC,0x02E8,0x00,0x4A,0x00,190,10,190:004A:02BF:02F6:0252|191:004A:02AF:02F4:0252|192:004A:02BF:02F5:0242|193:004A:02AC:030C:0252|194:004A:029C:02E9:0252|195:004A:02AC:030B:0242|196:004A:029C:030A:0242|197:004A:02AC:0301:0262
round3_phase1,0xFD,3610,0x0002,0x0003,0x0000,0x01,0x002F,0x0000,0x0000,actor_2c8,6,0x10C448,0x01,0xCC,0x00,0x00,0x02,0x00,0x00,0x0077,0x02BC,0x0420,0x01,0x47,0x00,200,10,200:0047:029F:0420:0067|201:0047:029F:0421:0077|202:0047:02AF:0422:0067|203:0047:02AF:0423:0077|204:0047:02B0:0427:006F|205:0047:02C0:0428:006F
round3_phase1,0xFD,3610,0x0002,0x0003,0x0000,0x01,0x002F,0x0000,0x0000,actor_748,0,0x10C748,0x01,0xB1,0x01,0x00,0x02,0x03,0x00,0x02B5,0x02A8,0x02E8,0x01,0x00,0x00,46,1,46:400A:02A3:0329:02AC
round3_phase1,0xFD,3610,0x0002,0x0003,0x0000,0x01,0x002F,0x0000,0x0000,actor_748,1,0x10C788,0x01,0xB1,0x01,0x00,0x02,0x03,0x00,0x028E,0x02A8,0x02E8,0x01,0x00,0x00,47,1,47:400A:02A3:0329:0282
round3_phase1,0xFD,3612,0x0002,0x0003,0x0000,0x01,0x002F,0x0000,0x0000,actor_2c8,5,0x10C408,0x01,0xB3,0x01,0x00,0x01,0x00,0x02,0x025D,0x02B6,0x02E8,0x00,0x4A,0x00,190,10,190:004A:02B9:02F3:024D|191:004A:02A9:02F2:024D|192:004A:02A6:030C:0254|193:004A:0296:02E9:0254|194:004A:02A6:030B:0244|195:004A:0296:030A:0244|196:004A:02A6:0301:0264
round3_phase1,0xFD,3612,0x0002,0x0003,0x0000,0x01,0x002F,0x0000,0x0000,actor_2c8,6,0x10C448,0x01,0xC9,0x00,0x00,0x1F,0x00,0x00,0x0077,0x02B6,0x0420,0x00,0x47,0x00,200,10,200:4047:0298:0420:0076|201:4047:0298:0421:0066|202:4047:02A8:0422:0076|203:4047:02A8:0423:0066|204:4047:02A9:0424:006E|205:4047:02B9:0425:0076|206:4047:02B9:0426:0066
round3_phase1,0xFD,3612,0x0002,0x0003,0x0000,0x01,0x002F,0x0000,0x0000,actor_748,0,0x10C748,0x01,0xAA,0x01,0x00,0x02,0x03,0x00,0x02B8,0x02A2,0x02E8,0x01,0x00,0x00,46,1,46:400A:029D:0322:02AF
round3_phase1,0xFD,3612,0x0002,0x0003,0x0000,0x01,0x002F,0x0000,0x0000,actor_748,1,0x10C788,0x01,0xAA,0x01,0x00,0x02,0x03,0x00,0x0291,0x02A2,0x02E8,0x01,0x00,0x00,47,1,47:400A:029D:0322:0285
round3_phase1,0xFD,3614,0x0002,0x0003,0x0000,0x01,0x002F,0x0000,0x0000,actor_2c8,5,0x10C408,0x01,0xB3,0x01,0x00,0x01,0x00,0x02,0x025F,0x02B0,0x02E8,0x00,0x4A,0x00,190,10,190:004A:02B3:02F3:024F|191:004A:02A3:02F2:024F|192:004A:02A0:030C:0256|193:004A:0290:02E9:0256|194:004A:02A0:030B:0246|195:004A:0290:030A:0246|196:004A:02A0:0301:0266
round3_phase1,0xFD,3614,0x0002,0x0003,0x0000,0x01,0x002F,0x0000,0x0000,actor_2c8,6,0x10C448,0x01,0xCD,0x00,0x00,0x1F,0x00,0x00,0x0077,0x02B0,0x0420,0x00,0x47,0x00,200,10,200:4047:0292:0420:0076|201:4047:0292:0421:0066|202:4047:02A2:0422:0076|203:4047:02A2:0423:0066|204:4047:02A3:0424:006E|205:4047:02B3:0425:0076|206:4047:02B3:0426:0066
round3_phase1,0xFD,3614,0x0002,0x0003,0x0000,0x01,0x002F,0x0000,0x0000,actor_748,0,0x10C748,0x01,0xAB,0x01,0x00,0x02,0x03,0x00,0x02BB,0x029C,0x02E8,0x01,0x00,0x00,46,1,46:400A:0297:0323:02B2
round3_phase1,0xFD,3614,0x0002,0x0003,0x0000,0x01,0x002F,0x0000,0x0000,actor_748,1,0x10C788,0x01,0xAB,0x01,0x00,0x02,0x03,0x00,0x0294,0x029C,0x02E8,0x01,0x00,0x00,47,1,47:400A:0297:0323:0288
round3_phase1,0xFD,3616,0x0002,0x0003,0x0000,0x01,0x002F,0x0000,0x0000,actor_2c8,5,0x10C408,0x01,0xB3,0x01,0x00,0x01,0x00,0x02,0x025F,0x02A9,0x02E8,0x00,0x4A,0x00,190,10,190:004A:02AD:02F3:0251|191:004A:029D:02F2:0251|192:004A:029A:030C:0258|193:004A:028A:02E9:0258|194:004A:029A:030B:0248|195:004A:028A:030A:0248|196:004A:029A:0301:0268
round3_phase1,0xFD,3616,0x0002,0x0003,0x0000,0x01,0x002F,0x0000,0x0000,actor_2c8,6,0x10C448,0x01,0xCD,0x00,0x00,0x1F,0x00,0x00,0x0077,0x02A9,0x0420,0x00,0x47,0x00,200,10,200:4047:028C:042D:0076|201:4047:028C:042E:0066|202:4047:029C:042F:0076|203:4047:029C:0430:0066|204:4047:029D:0424:006E|205:4047:02AD:0425:0076|206:4047:02AD:0426:0066
round3_phase1,0xFD,3616,0x0002,0x0003,0x0000,0x01,0x002F,0x0000,0x0000,actor_748,0,0x10C748,0x01,0xAC,0x01,0x00,0x02,0x03,0x00,0x02BE,0x0295,0x02E8,0x01,0x00,0x00,46,1,46:400A:0291:0324:02B5
round3_phase1,0xFD,3616,0x0002,0x0003,0x0000,0x01,0x002F,0x0000,0x0000,actor_748,1,0x10C788,0x01,0xAC,0x01,0x00,0x02,0x03,0x00,0x0297,0x0295,0x02E8,0x01,0x00,0x00,47,1,47:400A:0291:0324:028B
round3_phase1,0xFD,3618,0x0002,0x0003,0x0000,0x01,0x002F,0x0000,0x0000,actor_2c8,5,0x10C408,0x01,0xB3,0x01,0x00,0x01,0x00,0x02,0x0261,0x02A1,0x02E8,0x00,0x4A,0x00,190,10,190:004A:02A5:02F3:0253|191:004A:0295:02F2:0253|192:004A:0292:030C:025A|193:004A:0282:02E9:025A|194:004A:0292:030B:024A|195:004A:0282:030A:024A|196:004A:0292:0301:026A
round3_phase1,0xFD,3618,0x0002,0x0003,0x0000,0x01,0x002F,0x0000,0x0000,actor_2c8,6,0x10C448,0x01,0xCE,0x00,0x00,0x1F,0x00,0x00,0x0077,0x02A1,0x0420,0x00,0x47,0x00,200,10,200:4047:0284:0431:0076|201:4047:0284:0432:0066|202:4047:0294:0433:0076|203:4047:0294:0434:0066|204:4047:0295:0424:006E|205:4047:02A5:0425:0076|206:4047:02A5:0426:0066
round3_phase1,0xFD,3618,0x0002,0x0003,0x0000,0x01,0x002F,0x0000,0x0000,actor_748,0,0x10C748,0x01,0xAD,0x01,0x00,0x02,0x03,0x00,0x02C1,0x028D,0x02E8,0x01,0x00,0x00,46,1,46:400A:0289:0325:02B8
round3_phase1,0xFD,3618,0x0002,0x0003,0x0000,0x01,0x002F,0x0000,0x0000,actor_748,1,0x10C788,0x01,0xAD,0x01,0x00,0x0F,0x03,0x00,0x029A,0x028D,0x02E8,0x01,0x00,0x00,47,1,47:400A:0289:0325:028E
round3_phase1,0xFD,3620,0x0002,0x0003,0x0000,0x01,0x002F,0x0000,0x0000,actor_2c8,5,0x10C408,0x01,0x68,0x01,0x00,0x01,0x00,0x02,0x0263,0x0299,0x02E8,0x00,0x4A,0x00,190,10,190:004A:029D:02F6:025C|191:004A:028D:02F4:025C|192:004A:029D:02F5:024C|193:004A:028A:030C:025C|194:004A:027A:02E9:025C|195:004A:028A:030B:024C|196:004A:027A:030A:024C|197:004A:028A:0301:026C
round3_phase1,0xFD,3620,0x0002,0x0003,0x0000,0x01,0x002F,0x0000,0x0000,actor_2c8,6,0x10C448,0x01,0xCF,0x00,0x00,0x1F,0x00,0x00,0x0077,0x0299,0x0420,0x00,0x47,0x00,200,10,200:4047:027C:0431:0076|201:4047:027C:0432:0066|202:4047:028C:0433:0076|203:4047:028C:0434:0066|204:4047:028D:0424:006E|205:4047:029D:0425:0076|206:4047:029D:0426:0066
round3_phase1,0xFD,3620,0x0002,0x0003,0x0000,0x01,0x002F,0x0000,0x0000,actor_748,0,0x10C748,0x01,0xAE,0x01,0x00,0x02,0x03,0x00,0x02C4,0x0285,0x02E8,0x01,0x00,0x00,46,1,46:400A:0281:0326:02BB
round3_phase1,0xFD,3620,0x0002,0x0003,0x0000,0x01,0x002F,0x0000,0x0000,actor_748,1,0x10C788,0x01,0x2B,0x01,0x00,0x0F,0x03,0x00,0x029A,0x0285,0x019D,0x01,0x00,0x00,47,1,47:4004:0281:01BB:0291
round3_phase1,0xFD,3622,0x0002,0x0003,0x0000,0x01,0x002F,0x0000,0x0000,actor_2c8,5,0x10C408,0x01,0x68,0x01,0x00,0x01,0x00,0x02,0x0265,0x0291,0x02E8,0x00,0x4A,0x00,190,10,190:004A:0295:02F6:025E|191:004A:0285:02F4:025E|192:004A:0295:02F5:024E|193:004A:0282:030C:025E|194:004A:0272:02E9:025E|195:004A:0282:030B:024E|196:004A:0272:030A:024E|197:004A:0282:0301:026E
round3_phase1,0xFD,3622,0x0002,0x0003,0x0000,0x01,0x002F,0x0000,0x0000,actor_2c8,6,0x10C448,0x01,0xCF,0x00,0x00,0x1F,0x00,0x00,0x0077,0x0291,0x0420,0x00,0x47,0x00,200,10,200:4047:0274:0435:0076|201:4047:0274:0436:0066|202:4047:0274:0437:0056|203:4047:0284:0438:0076|204:4047:0284:0439:0066|205:4047:0285:0424:006E|206:4047:0295:0425:0076|207:4047:0295:0426:0066
round3_phase1,0xFD,3622,0x0002,0x0003,0x0000,0x01,0x002F,0x0000,0x0000,actor_748,0,0x10C748,0x01,0x2B,0x01,0x00,0x0F,0x03,0x00,0x02C7,0x027D,0x019D,0x01,0x00,0x00,46,1,46:400A:0279:0327:02BE
round3_phase1,0xFD,3622,0x0002,0x0003,0x0000,0x01,0x002F,0x0000,0x0000,actor_748,1,0x10C788,0x01,0x2B,0x01,0x00,0x0F,0x03,0x00,0x029A,0x027D,0x019D,0x01,0x00,0x00,47,1,47:4004:0279:01BB:0291
round3_phase1,0xFD,3624,0x0002,0x0003,0x0000,0x01,0x002F,0x0000,0x0000,actor_2c8,5,0x10C408,0x01,0x68,0x01,0x00,0x01,0x00,0x02,0x0267,0x028D,0x02E8,0x00,0x4A,0x00,190,10,190:004A:028D:02F6:0260|191:004A:027D:02F4:0260|192:004A:028D:02F5:0250|193:004A:027A:030C:0260|194:004A:026A:02E9:0260|195:004A:027A:030B:0250|196:004A:026A:030A:0250|197:004A:027A:0301:0270
round3_phase1,0xFD,3624,0x0002,0x0003,0x0000,0x01,0x002F,0x0000,0x0000,actor_2c8,6,0x10C448,0x01,0xCF,0x00,0x00,0x1F,0x00,0x00,0x0077,0x028D,0x0420,0x00,0x47,0x00,200,10,200:4047:026C:0435:0076|201:4047:026C:0436:0066|202:4047:026C:0437:0056|203:4047:027C:0438:0076|204:4047:027C:0439:0066|205:4047:027D:0424:006E|206:4047:028D:0425:0076|207:4047:028D:0426:0066
round3_phase1,0xFD,3624,0x0002,0x0003,0x0000,0x01,0x002F,0x0000,0x0000,actor_748,0,0x10C748,0x01,0x2B,0x01,0x00,0x0F,0x03,0x00,0x02C7,0x0279,0x019D,0x01,0x00,0x00,46,1,46:4004:0271:01BB:02BE
round3_phase1,0xFD,3624,0x0002,0x0003,0x0000,0x01,0x002F,0x0000,0x0000,actor_748,1,0x10C788,0x01,0x2D,0x01,0x00,0x0F,0x03,0x00,0x029A,0x0279,0x019D,0x01,0x00,0x00,47,1,47:4004:0271:01BD:0291
round3_phase1,0xFD,3626,0x0002,0x0003,0x0000,0x01,0x002F,0x0000,0x0000,actor_2c8,5,0x10C408,0x01,0x69,0x01,0x00,0x1F,0x00,0x02,0x0267,0x028D,0x02E8,0x00,0x4A,0x00,190,10,190:004A:028D:02F6:0260|191:004A:027D:02F4:0260|192:004A:028D:02F5:0250|193:004A:027A:030C:0260|194:004A:026A:02E9:0260|195:004A:027A:030B:0250|196:004A:026A:030A:0250|197:004A:027A:0301:0270
round3_phase1,0xFD,3626,0x0002,0x0003,0x0000,0x01,0x002F,0x0000,0x0000,actor_2c8,6,0x10C448,0x01,0xC9,0x00,0x00,0x1F,0x00,0x00,0x0077,0x028D,0x0420,0x00,0x47,0x00,200,10,200:4047:026C:0435:0076|201:4047:026C:0436:0066|202:4047:026C:0437:0056|203:4047:027C:0438:0076|204:4047:027C:0439:0066|205:4047:027D:0424:006E|206:4047:028D:0425:0076|207:4047:028D:0426:0066
round3_phase1,0xFD,3626,0x0002,0x0003,0x0000,0x01,0x002F,0x0000,0x0000,actor_748,0,0x10C748,0x01,0x2D,0x01,0x00,0x0F,0x03,0x00,0x02C7,0x0279,0x019D,0x01,0x00,0x00,46,1,46:4004:0271:01BB:02BE
round3_phase1,0xFD,3628,0x0002,0x0003,0x0000,0x01,0x002F,0x0000,0x0000,actor_2c8,5,0x10C408,0x01,0x69,0x01,0x00,0x1F,0x00,0x02,0x0267,0x028D,0x02E8,0x00,0x4A,0x00,190,10,190:004A:028D:02F6:0260|191:004A:027D:02F4:0260|192:004A:028D:02F5:0250|193:004A:027A:030F:0260|194:004A:026A:030D:0260|195:004A:027A:030B:0250|196:004A:026A:030A:0250|197:004A:027A:0310:0270|198:004A:026A:030E:0270
round3_phase1,0xFD,3628,0x0002,0x0003,0x0000,0x01,0x002F,0x0000,0x0000,actor_2c8,6,0x10C448,0x01,0xC9,0x00,0x00,0x1F,0x00,0x00,0x0077,0x028D,0x0420,0x00,0x47,0x00,200,10,200:4047:026C:0420:0076|201:4047:026C:0421:0066|202:4047:027C:0422:0076|203:4047:027C:0423:0066|204:4047:027D:0424:006E|205:4047:028D:0425:0076|206:4047:028D:0426:0066
round3_phase1,0xFD,3628,0x0002,0x0003,0x0000,0x01,0x002F,0x0000,0x0000,actor_748,0,0x10C748,0x01,0x2D,0x01,0x00,0x0F,0x03,0x00,0x02C7,0x0279,0x019D,0x01,0x00,0x00,46,1,46:4004:0271:01BD:02BE
round3_phase1,0xFD,3628,0x0002,0x0003,0x0000,0x01,0x002F,0x0000,0x0000,actor_748,1,0x10C788,0x01,0x2F,0x01,0x00,0x0F,0x03,0x00,0x029A,0x0279,0x019D,0x01,0x00,0x00,47,1,47:4004:0271:01BF:0291
round3_phase1,0xFD,3630,0x0002,0x0003,0x0000,0x01,0x002F,0x0000,0x0000,actor_748,0,0x10C748,0x01,0x2F,0x01,0x00,0x0F,0x03,0x00,0x02C7,0x0279,0x019D,0x01,0x00,0x00,46,1,46:4004:0271:01BD:02BE
round3_phase1,0xFD,3632,0x0002,0x0003,0x0000,0x01,0x002F,0x0000,0x0000,actor_748,0,0x10C748,0x01,0x2F,0x01,0x00,0x0F,0x03,0x00,0x02C7,0x0279,0x019D,0x01,0x00,0x00,46,1,46:4004:0271:01BF:02BE
round3_phase1,0xFD,3634,0x0002,0x0003,0x0000,0x01,0x002F,0x0000,0x0000,actor_2c8,5,0x10C408,0x01,0x6A,0x01,0x00,0x1F,0x00,0x02,0x0267,0x028D,0x02E8,0x00,0x4A,0x00,190,10,190:004A:028D:02F6:0260|191:004A:027D:02F4:0260|192:004A:028D:02F5:0250|193:004A:027A:030F:0260|194:004A:026A:030D:0260|195:004A:027A:030B:0250|196:004A:026A:030A:0250|197:004A:027A:0310:0270|198:004A:026A:030E:0270
round3_phase1,0xFD,3636,0x0002,0x0003,0x0000,0x01,0x002F,0x0000,0x0000,actor_2c8,5,0x10C408,0x01,0x6A,0x01,0x00,0x1F,0x00,0x02,0x0267,0x028D,0x02E8,0x00,0x4A,0x00,190,10,190:004A:028D:02F6:0260|191:004A:027D:02F4:0260|192:004A:028D:02F5:0250|193:004A:027A:0311:0260|194:004A:026A:02E9:0260|195:004A:027A:030B:0250|196:004A:026A:030A:0250|197:004A:027A:0312:0270
round3_phase1,0xFD,3636,0x0002,0x0003,0x0000,0x01,0x002F,0x0000,0x0000,actor_2c8,6,0x10C448,0x01,0xCD,0x00,0x00,0x1F,0x00,0x00,0x0077,0x028D,0x0420,0x00,0x47,0x00,200,10,200:4047:026C:042D:0076|201:4047:026C:042E:0066|202:4047:027C:042F:0076|203:4047:027C:0430:0066|204:4047:027D:0424:006E|205:4047:028D:0425:0076|206:4047:028D:0426:0066
round3_phase1,0xFD,3636,0x0002,0x0003,0x0000,0x01,0x002F,0x0000,0x0000,actor_748,1,0x10C788,0x01,0xAE,0x01,0x00,0x02,0x03,0x00,0x0281,0x0287,0x02E8,0x01,0x00,0x00,47,1,47:400A:027D:0326:0275
round3_phase1,0xFD,3638,0x0002,0x0003,0x0000,0x01,0x002F,0x0000,0x0000,actor_2c8,5,0x10C408,0x01,0x6B,0x01,0x00,0x1F,0x00,0x02,0x0267,0x028D,0x02E8,0x00,0x4A,0x00,190,10,190:004A:028D:02F6:0260|191:004A:027D:02F4:0260|192:004A:028D:02F5:0250|193:004A:027A:0311:0260|194:004A:026A:02E9:0260|195:004A:027A:030B:0250|196:004A:026A:030A:0250|197:004A:027A:0312:0270
round3_phase1,0xFD,3638,0x0002,0x0003,0x0000,0x01,0x002F,0x0000,0x0000,actor_2c8,6,0x10C448,0x01,0xCE,0x00,0x00,0x1F,0x00,0x00,0x0077,0x028D,0x0420,0x00,0x47,0x00,200,10,200:4047:026C:042D:0076|201:4047:026C:042E:0066|202:4047:027C:042F:0076|203:4047:027C:0430:0066|204:4047:027D:0424:006E|205:4047:028D:0425:0076|206:4047:028D:0426:0066
round3_phase1,0xFD,3638,0x0002,0x0003,0x0000,0x01,0x002F,0x0000,0x0000,actor_748,1,0x10C788,0x01,0xAF,0x01,0x00,0x02,0x03,0x00,0x0284,0x0289,0x02E8,0x01,0x00,0x00,47,1,47:400A:027F:0327:0278
round3_phase1,0xFD,3640,0x0002,0x0003,0x0000,0x01,0x002F,0x0000,0x0000,actor_2c8,5,0x10C408,0x01,0x6B,0x01,0x00,0x1F,0x00,0x02,0x0267,0x028D,0x02E8,0x00,0x4A,0x00,190,10,190:004A:028D:02F6:0260|191:004A:027D:02F4:0260|192:004A:028D:02F5:0250|193:004A:027A:0313:0260|194:004A:026A:02E9:0260|195:004A:027A:030B:0250|196:004A:026A:030A:0250|197:004A:027A:0314:0270
round3_phase1,0xFD,3640,0x0002,0x0003,0x0000,0x01,0x002F,0x0000,0x0000,actor_2c8,6,0x10C448,0x01,0xCE,0x00,0x00,0x1F,0x00,0x00,0x0077,0x028D,0x0420,0x00,0x47,0x00,200,10,200:4047:026C:0431:0076|201:4047:026C:0432:0066|202:4047:027C:0433:0076|203:4047:027C:0434:0066|204:4047:027D:0424:006E|205:4047:028D:0425:0076|206:4047:028D:0426:0066
round3_phase1,0xFD,3640,0x0002,0x0003,0x0000,0x01,0x002F,0x0000,0x0000,actor_748,1,0x10C788,0x01,0xB0,0x01,0x00,0x02,0x03,0x00,0x0287,0x028A,0x02E8,0x01,0x00,0x00,47,1,47:400A:0281:0328:027B
round3_phase1,0xFD,3642,0x0002,0x0003,0x0000,0x01,0x002F,0x0000,0x0000,actor_2c8,5,0x10C408,0x01,0x6B,0x01,0x00,0x1F,0x00,0x03,0x0267,0x028D,0x02E8,0x00,0x4A,0x00,190,10,190:004A:028D:02F6:0260|191:004A:027D:02F4:0260|192:004A:028D:02F5:0250|193:004A:027A:0313:0260|194:004A:026A:02E9:0260|195:004A:027A:030B:0250|196:004A:026A:030A:0250|197:004A:027A:0314:0270
round3_phase1,0xFD,3642,0x0002,0x0003,0x0000,0x01,0x002F,0x0000,0x0000,actor_748,1,0x10C788,0x01,0xB1,0x01,0x00,0x02,0x03,0x00,0x028A,0x028B,0x02E8,0x01,0x00,0x00,47,1,47:400A:0282:0329:027E
round3_phase1,0xFD,3644,0x0002,0x0003,0x0000,0x01,0x002F,0x0000,0x0000,actor_748,1,0x10C788,0x01,0xAA,0x01,0x00,0x02,0x03,0x00,0x028E,0x028C,0x02E8,0x01,0x00,0x00,47,1,47:400A:0283:0322:0281
round3_phase1,0xFD,3646,0x0002,0x0003,0x0000,0x01,0x002F,0x0000,0x0000,actor_748,1,0x10C788,0x01,0xAB,0x01,0x00,0x02,0x03,0x00,0x0291,0x028C,0x02E8,0x01,0x00,0x00,47,1,47:400A:0284:0323:0285
round3_phase1,0xFD,3648,0x0002,0x0003,0x0000,0x01,0x002F,0x0000,0x0000,actor_748,1,0x10C788,0x01,0xAC,0x01,0x00,0x02,0x03,0x00,0x0294,0x028C,0x02E8,0x01,0x00,0x00,47,1,47:400A:0284:0324:0288
round3_phase1,0xFD,3650,0x0002,0x0003,0x0000,0x01,0x002F,0x0000,0x0000,actor_748,1,0x10C788,0x01,0xAD,0x01,0x00,0x02,0x03,0x00,0x0297,0x028C,0x02E8,0x01,0x00,0x00,47,1,47:400A:0284:0325:028B
round3_phase1,0xFD,3652,0x0002,0x0003,0x0000,0x01,0x002F,0x0000,0x0000,actor_2c8,6,0x10C448,0x01,0xCA,0x00,0x00,0x02,0x00,0x00,0x0073,0x028D,0x0420,0x01,0x47,0x00,200,10,200:0047:026D:0420:0065|201:0047:026D:0421:0075|202:0047:027D:0422:0065|203:0047:027D:0423:0075|204:0047:027E:0427:006D|205:0047:028E:0428:006D
round3_phase1,0xFD,3652,0x0002,0x0003,0x0000,0x01,0x002F,0x0000,0x0000,actor_748,1,0x10C788,0x01,0xAE,0x01,0x00,0x02,0x03,0x00,0x029A,0x028C,0x02E8,0x01,0x00,0x00,47,1,47:400A:0284:0326:028E
round3_phase1,0xFD,3654,0x0002,0x0003,0x0000,0x01,0x002F,0x0000,0x0000,actor_2c8,5,0x10C408,0x01,0x6C,0x01,0x00,0x1F,0x00,0x03,0x0267,0x028D,0x02E8,0x00,0x4A,0x00,190,10,190:004A:028D:02F6:0260|191:004A:027D:02F4:0260|192:004A:028D:02F5:0250|193:004A:027A:0317:0250|194:004A:026A:0316:0250|195:004A:026A:0315:0240|196:004A:027A:0318:0260|197:004A:026A:02E9:0260|198:004A:027A:0314:0270
round3_phase1,0xFD,3654,0x0002,0x0003,0x0000,0x01,0x002F,0x0000,0x0000,actor_2c8,6,0x10C448,0x01,0xCA,0x00,0x00,0x02,0x00,0x00,0x006F,0x028D,0x0420,0x01,0x47,0x00,200,10,200:0047:026D:0420:0061|201:0047:026D:0421:0071|202:0047:027D:0422:0061|203:0047:027D:0423:0071|204:0047:027E:0427:0069|205:0047:028E:0428:0069
round3_phase1,0xFD,3654,0x0002,0x0003,0x0000,0x01,0x002F,0x0000,0x0000,actor_748,1,0x10C788,0x01,0xAF,0x01,0x00,0x02,0x03,0x00,0x029D,0x028C,0x02E8,0x01,0x00,0x00,47,1,47:400A:0284:0327:0291
round3_phase1,0xFD,3656,0x0002,0x0003,0x0000,0x01,0x002F,0x0000,0x0000,actor_2c8,6,0x10C448,0x01,0xCA,0x01,0x00,0x01,0x00,0x00,0x0071,0x028D,0x0420,0x00,0x47,0x00,200,10,200:4047:026D:0420:006E|201:4047:026D:0421:005E|202:4047:027D:0422:006E|203:4047:027D:0423:005E|204:4047:027E:0427:0066|205:4047:028E:0428:0066
round3_phase1,0xFD,3656,0x0002,0x0003,0x0000,0x01,0x002F,0x0000,0x0000,actor_748,1,0x10C788,0x01,0xB0,0x01,0x00,0x02,0x03,0x00,0x02A0,0x028C,0x02E8,0x01,0x00,0x00,47,1,47:400A:0284:0328:0294
round3_phase1,0xFD,3658,0x0002,0x0003,0x0000,0x01,0x002F,0x0000,0x0000,actor_2c8,5,0x10C408,0x01,0x6D,0x01,0x00,0x1F,0x00,0x03,0x0267,0x028D,0x02E8,0x00,0x4A,0x00,190,10,190:004A:028D:02F6:0260|191:004A:027D:02F4:0260|192:004A:028D:02F5:0250|193:004A:027A:031C:0260|194:004A:026A:0319:0260|195:004A:027A:031B:0250|196:004A:026A:030A:0250|197:004A:027A:031D:0270|198:004A:026A:031A:0270
round3_phase1,0xFD,3658,0x0002,0x0003,0x0000,0x01,0x002F,0x0000,0x0000,actor_2c8,6,0x10C448,0x01,0xCA,0x01,0x00,0x01,0x00,0x00,0x0075,0x028D,0x0420,0x00,0x47,0x00,200,10,200:0047:026D:0420:0063|201:0047:026D:0421:0073|202:0047:027D:0422:0063|203:0047:027D:0423:0073|204:0047:027E:0427:006B|205:0047:028E:0428:006B
round3_phase1,0xFD,3658,0x0002,0x0003,0x0000,0x01,0x002F,0x0000,0x0000,actor_748,1,0x10C788,0x01,0xB1,0x01,0x00,0x02,0x03,0x00,0x02A3,0x028C,0x02E8,0x01,0x00,0x00,47,1,47:400A:0284:0329:0297
round3_phase1,0xFD,3660,0x0002,0x0003,0x0000,0x01,0x002F,0x0000,0x0000,actor_2c8,6,0x10C448,0x01,0xCB,0x01,0x00,0x01,0x00,0x00,0x0077,0x028D,0x0420,0x00,0x47,0x00,200,10,200:0047:026C:0420:0067|201:0047:026C:0421:0077|202:0047:027C:0422:0067|203:0047:027C:0423:0077|204:0047:027D:0429:006F|205:0047:028D:042A:006F
round3_phase1,0xFD,3660,0x0002,0x0003,0x0000,0x01,0x002F,0x0000,0x0000,actor_748,1,0x10C788,0x01,0xAA,0x01,0x00,0x02,0x03,0x00,0x02A6,0x028C,0x02E8,0x01,0x00,0x00,47,1,47:400A:0284:0322:029A
round3_phase1,0xFD,3662,0x0002,0x0003,0x0000,0x01,0x002F,0x0000,0x0000,actor_2c8,5,0x10C408,0x01,0x6E,0x01,0x00,0x1F,0x00,0x03,0x0267,0x028D,0x02E8,0x00,0x4A,0x00,190,10,190:004A:028D:02F6:0260|191:004A:027D:02F4:0260|192:004A:028D:02F5:0250|193:004A:027A:031F:0260|194:004A:026A:02E9:0260|195:004A:027A:031E:0250|196:004A:026A:030A:0250|197:004A:027A:0314:0270
round3_phase1,0xFD,3662,0x0002,0x0003,0x0000,0x01,0x002F,0x0000,0x0000,actor_2c8,6,0x10C448,0x01,0xCB,0x01,0x00,0x01,0x00,0x00,0x007B,0x028D,0x0420,0x00,0x47,0x00,200,10,200:0047:026C:0420:0069|201:0047:026C:0421:0079|202:0047:027C:0422:0069|203:0047:027C:0423:0079|204:0047:027D:0429:0071|205:0047:028D:042A:0071
round3_phase1,0xFD,3662,0x0002,0x0003,0x0000,0x01,0x002F,0x0000,0x0000,actor_748,0,0x10C748,0x01,0xAB,0x01,0x00,0x02,0x03,0x00,0x0272,0x0285,0x02E8,0x01,0x00,0x00,46,1,46:400A:027D:0323:0269
round3_phase1,0xFD,3662,0x0002,0x0003,0x0000,0x01,0x002F,0x0000,0x0000,actor_748,1,0x10C788,0x01,0xAB,0x01,0x00,0x0F,0x03,0x00,0x02A9,0x028C,0x02E8,0x01,0x00,0x00,47,1,47:400A:0284:0323:029D
round3_phase1,0xFD,3664,0x0002,0x0003,0x0000,0x01,0x002F,0x0000,0x0000,actor_2c8,6,0x10C448,0x01,0xCB,0x01,0x00,0x01,0x00,0x00,0x007F,0x028D,0x0420,0x00,0x47,0x00,200,10,200:0047:026C:0420:006D|201:0047:026C:0421:007D|202:0047:027C:0422:006D|203:0047:027C:0423:007D|204:0047:027D:0429:0075|205:0047:028D:042A:0075
round3_phase1,0xFD,3664,0x0002,0x0003,0x0000,0x01,0x002F,0x0000,0x0000,actor_748,0,0x10C748,0x01,0xAC,0x01,0x00,0x02,0x03,0x00,0x0275,0x0287,0x02E8,0x01,0x00,0x00,46,1,46:400A:027F:0324:026C
round3_phase1,0xFD,3664,0x0002,0x0003,0x0000,0x01,0x002F,0x0000,0x0000,actor_748,1,0x10C788,0x01,0x2B,0x01,0x00,0x0F,0x03,0x00,0x02A9,0x028C,0x019D,0x01,0x00,0x00,47,1,47:4004:0284:01BB:02A0
round3_phase1,0xFD,3666,0x0002,0x0003,0x0000,0x01,0x002F,0x0000,0x0000,actor_2c8,5,0x10C408,0x01,0x6F,0x01,0x00,0x1F,0x00,0x03,0x0267,0x0287,0x02E8,0x00,0x4A,0x00,190,10,190:004A:028A:02F6:0260|191:004A:027A:02F4:0260|192:004A:028A:02F5:0250|193:004A:0277:0321:0260|194:004A:0267:02E9:0260|195:004A:0277:0320:0250|196:004A:0267:030A:0250|197:004A:0277:0314:0270
round3_phase1,0xFD,3666,0x0002,0x0003,0x0000,0x01,0x002F,0x0000,0x0000,actor_2c8,6,0x10C448,0x01,0xC9,0x01,0x00,0x1F,0x00,0x00,0x007F,0x0287,0x0420,0x00,0x47,0x00,200,10,200:0047:0269:0420:006F|201:0047:0269:0421:007F|202:0047:0279:0422:006F|203:0047:0279:0423:007F|204:0047:027A:0429:0077|205:0047:028A:042A:0077
round3_phase1,0xFD,3666,0x0002,0x0003,0x0000,0x01,0x002F,0x0000,0x0000,actor_748,0,0x10C748,0x01,0xAD,0x01,0x00,0x02,0x03,0x00,0x0278,0x0283,0x02E8,0x01,0x00,0x00,46,1,46:400A:027E:0325:026F
round3_phase1,0xFD,3666,0x0002,0x0003,0x0000,0x01,0x002F,0x0000,0x0000,actor_748,1,0x10C788,0x01,0x2B,0x01,0x00,0x0F,0x03,0x00,0x02A9,0x0286,0x019D,0x01,0x00,0x00,47,1,47:4004:0281:01BB:02A0
round3_phase1,0xFD,3668,0x0002,0x0003,0x0000,0x01,0x002F,0x0000,0x0000,actor_2c8,5,0x10C408,0x01,0x6F,0x01,0x00,0x1F,0x00,0x03,0x0267,0x0281,0x02E8,0x00,0x4A,0x00,190,10,190:004A:0284:02F6:0260|191:004A:0274:02F4:0260|192:004A:0284:02F5:0250|193:004A:0271:0321:0260|194:004A:0261:02E9:0260|195:004A:0271:0320:0250|196:004A:0261:030A:0250|197:004A:0271:0314:0270
round3_phase1,0xFD,3668,0x0002,0x0003,0x0000,0x01,0x002F,0x0000,0x0000,actor_2c8,6,0x10C448,0x01,0xC9,0x01,0x00,0x1F,0x00,0x00,0x007F,0x0281,0x0420,0x00,0x47,0x00,200,10,200:0047:0263:0420:006F|201:0047:0263:0421:007F|202:0047:0273:0422:006F|203:0047:0273:0423:007F|204:0047:0274:0424:0077|205:0047:0284:0425:006F|206:0047:0284:0426:007F
round3_phase1,0xFD,3668,0x0002,0x0003,0x0000,0x01,0x002F,0x0000,0x0000,actor_748,0,0x10C748,0x01,0xAE,0x01,0x00,0x02,0x03,0x00,0x027B,0x027E,0x02E8,0x01,0x00,0x00,46,1,46:400A:0279:0326:0272
round3_phase1,0xFD,3668,0x0002,0x0003,0x0000,0x01,0x002F,0x0000,0x0000,actor_748,1,0x10C788,0x01,0x2D,0x01,0x00,0x0F,0x03,0x00,0x02A9,0x0280,0x019D,0x01,0x00,0x00,47,1,47:4004:027B:01BD:02A0
round3_phase1,0xFD,3670,0x0002,0x0003,0x0000,0x01,0x002F,0x0000,0x0000,actor_2c8,5,0x10C408,0x01,0x61,0x01,0x00,0x01,0x00,0x00,0x0269,0x0279,0x02E8,0x00,0x4A,0x00,190,10,190:004A:027D:02F6:0260|191:004A:026D:02F4:0260|192:004A:027D:02F5:0250|193:004A:026A:0321:0260|194:004A:025A:02E9:0260|195:004A:026A:0320:0250|196:004A:025A:030A:0250|197:004A:026A:0314:0270
round3_phase1,0xFD,3670,0x0002,0x0003,0x0000,0x01,0x002F,0x0000,0x0000,actor_2c8,6,0x10C448,0x01,0xCD,0x01,0x00,0x1F,0x00,0x00,0x007F,0x0279,0x0420,0x00,0x47,0x00,200,10,200:0047:025C:042D:006F|201:0047:025C:042E:007F|202:0047:026C:042F:006F|203:0047:026C:0430:007F|204:0047:026D:0424:0077|205:0047:027D:0425:006F|206:0047:027D:0426:007F
round3_phase1,0xFD,3670,0x0002,0x0003,0x0000,0x01,0x002F,0x0000,0x0000,actor_748,0,0x10C748,0x01,0xAF,0x01,0x00,0x02,0x03,0x00,0x027E,0x0277,0x02E8,0x01,0x00,0x00,46,1,46:400A:0273:0327:0275
round3_phase1,0xFD,3670,0x0002,0x0003,0x0000,0x01,0x002F,0x0000,0x0000,actor_748,1,0x10C788,0x01,0x2D,0x01,0x00,0x0F,0x03,0x00,0x02A9,0x0278,0x019D,0x01,0x00,0x00,47,1,47:4004:0274:01BD:02A0
round3_phase1,0xFD,3672,0x0002,0x0003,0x0000,0x01,0x002F,0x0000,0x0000,actor_2c8,5,0x10C408,0x01,0x61,0x01,0x00,0x01,0x00,0x00,0x026B,0x0279,0x02E8,0x00,0x4A,0x00,190,10,190:004A:0279:02F6:0262|191:004A:0269:02F4:0262|192:004A:0279:02F5:0252|193:004A:0266:02EC:0262|194:004A:0256:02E9:0262|195:004A:0266:02EB:0252|196:004A:0256:02E8:0252|197:004A:0266:02ED:0272|198:004A:0256:02EA:0272
round3_phase1,0xFD,3672,0x0002,0x0003,0x0000,0x01,0x002F,0x0000,0x0000,actor_2c8,6,0x10C448,0x01,0xCE,0x01,0x00,0x1F,0x00,0x00,0x007F,0x0279,0x0420,0x00,0x47,0x00,200,10,200:0047:0258:042D:006F|201:0047:0258:042E:007F|202:0047:0268:042F:006F|203:0047:0268:0430:007F|204:0047:0269:0424:0077|205:0047:0279:0425:006F|206:0047:0279:0426:007F
round3_phase1,0xFD,3672,0x0002,0x0003,0x0000,0x01,0x002F,0x0000,0x0000,actor_748,0,0x10C748,0x01,0xB0,0x01,0x00,0x02,0x03,0x00,0x0282,0x0278,0x02E8,0x01,0x00,0x00,46,1,46:400A:0270:0328:0279
round3_phase1,0xFD,3672,0x0002,0x0003,0x0000,0x01,0x002F,0x0000,0x0000,actor_748,1,0x10C788,0x01,0x2F,0x01,0x00,0x0F,0x03,0x00,0x02A9,0x0278,0x019D,0x01,0x00,0x00,47,1,47:4004:0270:01BF:02A0
round3_phase1,0xFD,3674,0x0002,0x0003,0x0000,0x01,0x002F,0x0000,0x0000,actor_2c8,5,0x10C408,0x01,0x61,0x01,0x00,0x01,0x00,0x00,0x026D,0x0279,0x02E8,0x00,0x4A,0x00,190,10,190:004A:0279:02F6:0264|191:004A:0269:02F4:0264|192:004A:0279:02F5:0254|193:004A:0266:02EC:0264|194:004A:0256:02E9:0264|195:004A:0266:02EB:0254|196:004A:0256:02E8:0254|197:004A:0266:02ED:0274|198:004A:0256:02EA:0274
round3_phase1,0xFD,3674,0x0002,0x0003,0x0000,0x01,0x002F,0x0000,0x0000,actor_2c8,6,0x10C448,0x01,0xCE,0x01,0x00,0x1F,0x00,0x00,0x007F,0x0279,0x0420,0x00,0x47,0x00,200,10,200:0047:0258:0431:006F|201:0047:0258:0432:007F|202:0047:0268:0433:006F|203:0047:0268:0434:007F|204:0047:0269:0424:0077|205:0047:0279:0425:006F|206:0047:0279:0426:007F
round3_phase1,0xFD,3674,0x0002,0x0003,0x0000,0x01,0x002F,0x0000,0x0000,actor_748,0,0x10C748,0x01,0xB1,0x01,0x00,0x02,0x03,0x00,0x0285,0x0278,0x02E8,0x01,0x00,0x00,46,1,46:400A:0270:0329:027C
round3_phase1,0xFD,3676,0x0002,0x0003,0x0000,0x01,0x002F,0x0000,0x0000,actor_2c8,5,0x10C408,0x01,0x60,0x01,0x00,0x01,0x00,0x00,0x026F,0x0279,0x02E8,0x00,0x4A,0x00,190,10,190:004A:0279:02F3:025F|191:004A:0269:02F2:025F|192:004A:0266:02EC:0266|193:004A:0256:02E9:0266|194:004A:0266:02EB:0256|195:004A:0256:02E8:0256|196:004A:0266:02ED:0276|197:004A:0256:02EA:0276
round3_phase1,0xFD,3676,0x0002,0x0003,0x0000,0x01,0x002F,0x0000,0x0000,actor_2c8,6,0x10C448,0x01,0xCF,0x01,0x00,0x1F,0x00,0x00,0x007F,0x0279,0x0420,0x00,0x47,0x00,200,10,200:0047:0258:0435:006F|201:0047:0258:0436:007F|202:0047:0258:0437:008F|203:0047:0268:0438:006F|204:0047:0268:0439:007F|205:0047:0269:0424:0077|206:0047:0279:0425:006F|207:0047:0279:0426:007F
round3_phase1,0xFD,3676,0x0002,0x0003,0x0000,0x01,0x002F,0x0000,0x0000,actor_748,0,0x10C748,0x01,0xAA,0x01,0x00,0x02,0x03,0x00,0x0288,0x0278,0x02E8,0x01,0x00,0x00,46,1,46:400A:0270:0322:027F
round3_phase1,0xFD,3678,0x0002,0x0003,0x0000,0x01,0x002F,0x0000,0x0000,actor_2c8,5,0x10C408,0x01,0x60,0x00,0x00,0x02,0x00,0x00,0x026F,0x0279,0x02E8,0x00,0x4A,0x00,190,10,190:004A:0279:02F3:0261|191:004A:0269:02F2:0261|192:004A:0266:02EC:0268|193:004A:0256:02E9:0268|194:004A:0266:02EB:0258|195:004A:0256:02E8:0258|196:004A:0266:02ED:0278|197:004A:0256:02EA:0278
round3_phase1,0xFD,3678,0x0002,0x0003,0x0000,0x01,0x002F,0x0000,0x0000,actor_748,0,0x10C748,0x01,0xAB,0x01,0x00,0x02,0x03,0x00,0x028B,0x0278,0x02E8,0x01,0x00,0x00,46,1,46:400A:0270:0323:0282
round3_phase1,0xFD,3680,0x0002,0x0003,0x0000,0x01,0x002F,0x0000,0x0000,actor_748,0,0x10C748,0x01,0xAC,0x01,0x00,0x02,0x03,0x00,0x028E,0x0278,0x02E8,0x01,0x00,0x00,46,1,46:400A:0270:0324:0285
round3_phase1,0xFD,3682,0x0002,0x0003,0x0000,0x01,0x002F,0x0000,0x0000,actor_2c8,5,0x10C408,0x01,0x60,0x00,0x00,0x02,0x00,0x00,0x0267,0x0279,0x02E8,0x01,0x4A,0x00,190,10,190:004A:0279:02F3:025B|191:004A:0269:02F2:025B|192:004A:0266:02EC:0262|193:004A:0256:02E9:0262|194:004A:0266:02EB:0252|195:004A:0256:02E8:0252|196:004A:0266:02ED:0272|197:004A:0256:02EA:0272
round3_phase1,0xFD,3682,0x0002,0x0003,0x0000,0x01,0x002F,0x0000,0x0000,actor_2c8,6,0x10C448,0x01,0xC9,0x01,0x00,0x1F,0x00,0x00,0x007F,0x0279,0x0420,0x00,0x47,0x00,200,10,200:0047:0258:0420:006F|201:0047:0258:0421:007F|202:0047:0268:0422:006F|203:0047:0268:0423:007F|204:0047:0269:0424:0077|205:0047:0279:0425:006F|206:0047:0279:0426:007F
round3_phase1,0xFD,3682,0x0002,0x0003,0x0000,0x01,0x002F,0x0000,0x0000,actor_748,0,0x10C748,0x01,0xAD,0x01,0x00,0x02,0x03,0x00,0x0291,0x0278,0x02E8,0x01,0x00,0x00,46,1,46:400A:0270:0325:0288
round3_phase1,0xFD,3684,0x0002,0x0003,0x0000,0x01,0x002F,0x0000,0x0000,actor_2c8,5,0x10C408,0x01,0x61,0x00,0x00,0x02,0x00,0x00,0x0265,0x0279,0x02E8,0x01,0x4A,0x00,190,10,190:004A:0279:02F6:0260|191:004A:0269:02F4:0260|192:004A:0279:02F5:0250|193:004A:0266:02EC:0260|194:004A:0256:02E9:0260|195:004A:0266:02EB:0250|196:004A:0256:02E8:0250|197:004A:0266:02ED:0270|198:004A:0256:02EA:0270
round3_phase1,0xFD,3684,0x0002,0x0003,0x0000,0x01,0x002F,0x0000,0x0000,actor_748,0,0x10C748,0x01,0xAE,0x01,0x00,0x02,0x03,0x00,0x0294,0x0278,0x02E8,0x01,0x00,0x00,46,1,46:400A:0270:0326:028B
round3_phase1,0xFD,3686,0x0002,0x0003,0x0000,0x01,0x002F,0x0000,0x0000,actor_2c8,5,0x10C408,0x01,0x61,0x00,0x00,0x02,0x00,0x00,0x0261,0x0279,0x02E8,0x01,0x4A,0x00,190,10,190:004A:0279:02F6:025C|191:004A:0269:02F4:025C|192:004A:0279:02F5:024C|193:004A:0266:02EC:025C|194:004A:0256:02E9:025C|195:004A:0266:02EB:024C|196:004A:0256:02E8:024C|197:004A:0266:02ED:026C|198:004A:0256:02EA:026C
round3_phase1,0xFD,3686,0x0002,0x0003,0x0000,0x01,0x002F,0x0000,0x0000,actor_748,0,0x10C748,0x01,0xAF,0x01,0x00,0x02,0x03,0x00,0x0297,0x0278,0x02E8,0x01,0x00,0x00,46,1,46:400A:0270:0327:028E
round3_phase1,0xFD,3688,0x0002,0x0003,0x0000,0x01,0x002F,0x0000,0x0000,actor_2c8,5,0x10C408,0x01,0x61,0x00,0x00,0x02,0x00,0x00,0x025F,0x0279,0x02E8,0x01,0x4A,0x00,190,10,190:004A:0279:02F6:0258|191:004A:0269:02F4:0258|192:004A:0279:02F5:0248|193:004A:0266:02EC:0258|194:004A:0256:02E9:0258|195:004A:0266:02EB:0248|196:004A:0256:02E8:0248|197:004A:0266:02ED:0268|198:004A:0256:02EA:0268
round3_phase1,0xFD,3688,0x0002,0x0003,0x0000,0x01,0x002F,0x0000,0x0000,actor_748,0,0x10C748,0x01,0x2B,0x01,0x00,0x0F,0x03,0x00,0x029A,0x0278,0x019D,0x01,0x00,0x00,46,1,46:400A:0270:0328:0291
round3_phase1,0xFD,3690,0x0002,0x0003,0x0000,0x01,0x002F,0x0000,0x0000,actor_2c8,5,0x10C408,0x01,0x61,0x00,0x00,0x02,0x00,0x00,0x025B,0x0279,0x02E8,0x01,0x4A,0x00,190,10,190:004A:0279:02F6:0256|191:004A:0269:02F4:0256|192:004A:0279:02F5:0246|193:004A:0266:02EC:0256|194:004A:0256:02E9:0256|195:004A:0266:02EB:0246|196:004A:0256:02E8:0246|197:004A:0266:02ED:0266|198:004A:0256:02EA:0266
round3_phase1,0xFD,3690,0x0002,0x0003,0x0000,0x01,0x002F,0x0000,0x0000,actor_2c8,6,0x10C448,0x01,0xCD,0x01,0x00,0x1F,0x00,0x00,0x007F,0x0279,0x0420,0x00,0x47,0x00,200,10,200:0047:0258:0420:006F|201:0047:0258:0421:007F|202:0047:0268:0422:006F|203:0047:0268:0423:007F|204:0047:0269:0424:0077|205:0047:0279:0425:006F|206:0047:0279:0426:007F
round3_phase1,0xFD,3690,0x0002,0x0003,0x0000,0x01,0x002F,0x0000,0x0000,actor_748,0,0x10C748,0x01,0x2B,0x01,0x00,0x0F,0x03,0x00,0x029A,0x0278,0x019D,0x01,0x00,0x00,46,1,46:4004:0270:01BB:0291
round3_phase1,0xFD,3692,0x0002,0x0003,0x0000,0x01,0x002F,0x0000,0x0000,actor_2c8,5,0x10C408,0x01,0x62,0x00,0x00,0x02,0x00,0x00,0x0257,0x0279,0x02E8,0x01,0x4A,0x00,190,10,190:004A:0279:02F8:024E|191:004A:0269:02F7:024E|192:004A:0266:02EC:0252|193:004A:0256:02E9:0252|194:004A:0266:02EB:0242|195:004A:0256:02E8:0242|196:004A:0266:02ED:0262|197:004A:0256:02EA:0262
round3_phase1,0xFD,3692,0x0002,0x0003,0x0000,0x01,0x002F,0x0000,0x0000,actor_2c8,6,0x10C448,0x01,0xCD,0x01,0x00,0x1F,0x00,0x00,0x007F,0x0279,0x0420,0x00,0x47,0x00,200,10,200:0047:0258:042D:006F|201:0047:0258:042E:007F|202:0047:0268:042F:006F|203:0047:0268:0430:007F|204:0047:0269:0424:0077|205:0047:0279:0425:006F|206:0047:0279:0426:007F
round3_phase1,0xFD,3692,0x0002,0x0003,0x0000,0x01,0x002F,0x0000,0x0000,actor_748,0,0x10C748,0x01,0x2D,0x01,0x00,0x0F,0x03,0x00,0x029A,0x0278,0x019D,0x01,0x00,0x00,46,1,46:4004:0270:01BB:0291
round3_phase1,0xFD,3694,0x0002,0x0003,0x0000,0x01,0x002F,0x0000,0x0000,actor_2c8,5,0x10C408,0x01,0x62,0x00,0x00,0x02,0x00,0x00,0x0255,0x0279,0x02E8,0x01,0x4A,0x00,190,10,190:004A:0279:02F8:024C|191:004A:0269:02F7:024C|192:004A:0266:02EC:0250|193:004A:0256:02E9:0250|194:004A:0266:02EB:0240|195:004A:0256:02E8:0240|196:004A:0266:02ED:0260|197:004A:0256:02EA:0260
round3_phase1,0xFD,3694,0x0002,0x0003,0x0000,0x01,0x002F,0x0000,0x0000,actor_748,0,0x10C748,0x01,0x2D,0x01,0x00,0x0F,0x03,0x00,0x029A,0x0278,0x019D,0x01,0x00,0x00,46,1,46:4004:0270:01BD:0291
round3_phase1,0xFD,3696,0x0002,0x0003,0x0000,0x01,0x002F,0x0000,0x0000,actor_2c8,5,0x10C408,0x01,0x62,0x00,0x00,0x02,0x00,0x00,0x0251,0x0279,0x02E8,0x01,0x4A,0x00,190,10,190:004A:0279:02F8:0248|191:004A:0269:02F7:0248|192:004A:0266:02EC:024C|193:004A:0256:02E9:024C|194:004A:0266:02EB:023C|195:004A:0256:02E8:023C|196:004A:0266:02ED:025C|197:004A:0256:02EA:025C
round3_phase1,0xFD,3696,0x0002,0x0003,0x0000,0x01,0x002F,0x0000,0x0000,actor_2c8,6,0x10C448,0x01,0xCF,0x01,0x00,0x1F,0x00,0x00,0x007F,0x0279,0x0420,0x00,0x47,0x00,200,10,200:0047:0258:0431:006F|201:0047:0258:0432:007F|202:0047:0268:0433:006F|203:0047:0268:0434:007F|204:0047:0269:0424:0077|205:0047:0279:0425:006F|206:0047:0279:0426:007F
round3_phase1,0xFD,3696,0x0002,0x0003,0x0000,0x01,0x002F,0x0000,0x0000,actor_748,0,0x10C748,0x01,0x2F,0x01,0x00,0x0F,0x03,0x00,0x029A,0x0278,0x019D,0x01,0x00,0x00,46,1,46:4004:0270:01BD:0291
round3_phase1,0xFD,3698,0x0002,0x0003,0x0000,0x01,0x002F,0x0000,0x0000,actor_2c8,5,0x10C408,0x01,0x62,0x00,0x00,0x02,0x00,0x00,0x024F,0x0279,0x02E8,0x01,0x4A,0x00,190,10,190:004A:0279:02F8:0244|191:004A:0269:02F7:0244|192:004A:0266:02EC:0248|193:004A:0256:02E9:0248|194:004A:0266:02EB:0238|195:004A:0256:02E8:0238|196:004A:0266:02ED:0258|197:004A:0256:02EA:0258
round3_phase1,0xFD,3698,0x0002,0x0003,0x0000,0x01,0x002F,0x0000,0x0000,actor_748,0,0x10C748,0x01,0x2F,0x01,0x00,0x0F,0x03,0x00,0x029A,0x0278,0x019D,0x01,0x00,0x00,46,1,46:4004:0270:01BF:0291
round3_phase1,0xFD,3700,0x0002,0x0003,0x0000,0x01,0x002F,0x0000,0x0000,actor_2c8,5,0x10C408,0x01,0x61,0x00,0x00,0x02,0x00,0x00,0x024B,0x0279,0x02E8,0x01,0x4A,0x00,190,10,190:004A:0279:02F6:0246|191:004A:0269:02F4:0246|192:004A:0279:02F5:0236|193:004A:0266:02EC:0246|194:004A:0256:02E9:0246|195:004A:0266:02EB:0236|196:004A:0256:02E8:0236|197:004A:0266:02ED:0256|198:004A:0256:02EA:0256
round3_phase1,0xFD,3702,0x0002,0x0003,0x0000,0x01,0x002F,0x0000,0x0000,actor_2c8,5,0x10C408,0x01,0x61,0x00,0x00,0x02,0x00,0x00,0x0247,0x0279,0x02E8,0x01,0x4A,0x00,190,10,190:004A:0279:02F6:0242|191:004A:0269:02F4:0242|192:004A:0279:02F5:0232|193:004A:0266:02EC:0242|194:004A:0256:02E9:0242|195:004A:0266:02EB:0232|196:004A:0256:02E8:0232|197:004A:0266:02ED:0252|198:004A:0256:02EA:0252
round3_phase1,0xFD,3702,0x0002,0x0003,0x0000,0x01,0x002F,0x0000,0x0000,actor_2c8,6,0x10C448,0x01,0xC9,0x01,0x00,0x1F,0x00,0x00,0x007F,0x0279,0x0420,0x00,0x47,0x00,200,10,200:0047:0258:0435:006F|201:0047:0258:0436:007F|202:0047:0258:0437:008F|203:0047:0268:0438:006F|204:0047:0268:0439:007F|205:0047:0269:0424:0077|206:0047:0279:0425:006F|207:0047:0279:0426:007F
round3_phase1,0xFD,3704,0x0002,0x0003,0x0000,0x01,0x002F,0x0000,0x0000,actor_2c8,5,0x10C408,0x01,0x61,0x00,0x00,0x02,0x00,0x00,0x0245,0x0279,0x02E8,0x01,0x4A,0x00,190,10,190:004A:0279:02F6:0240|191:004A:0269:02F4:0240|192:004A:0279:02F5:0230|193:004A:0266:02EC:0240|194:004A:0256:02E9:0240|195:004A:0266:02EB:0230|196:004A:0256:02E8:0230|197:004A:0266:02ED:0250|198:004A:0256:02EA:0250
round3_phase1,0xFD,3706,0x0002,0x0003,0x0000,0x01,0x002F,0x0000,0x0000,actor_2c8,5,0x10C408,0x01,0x61,0x00,0x00,0x02,0x00,0x00,0x0241,0x0279,0x02E8,0x01,0x4A,0x00,190,10,190:004A:0279:02F6:023C|191:004A:0269:02F4:023C|192:004A:0279:02F5:022C|193:004A:0266:02EC:023C|194:004A:0256:02E9:023C|195:004A:0266:02EB:022C|196:004A:0256:02E8:022C|197:004A:0266:02ED:024C|198:004A:0256:02EA:024C
round3_phase1,0xFD,3706,0x0002,0x0003,0x0000,0x01,0x002F,0x0000,0x0000,actor_2c8,6,0x10C448,0x01,0xCC,0x01,0x00,0x01,0x00,0x00,0x0081,0x0279,0x0420,0x00,0x47,0x00,200,10,200:0047:0258:0420:006F|201:0047:0258:0421:007F|202:0047:0268:0422:006F|203:0047:0268:0423:007F|204:0047:0269:0424:0077|205:0047:0279:0425:006F|206:0047:0279:0426:007F
round3_phase1,0xFD,3708,0x0002,0x0003,0x0000,0x01,0x002F,0x0000,0x0000,actor_2c8,5,0x10C408,0x01,0x60,0x00,0x00,0x02,0x00,0x00,0x023F,0x0279,0x02E8,0x01,0x4A,0x00,190,10,190:004A:0279:02F3:0231|191:004A:0269:02F2:0231|192:004A:0266:02EC:0238|193:004A:0256:02E9:0238|194:004A:0266:02EB:0228|195:004A:0256:02E8:0228|196:004A:0266:02ED:0248|197:004A:0256:02EA:0248
round3_phase1,0xFD,3708,0x0002,0x0003,0x0000,0x01,0x002F,0x0000,0x0000,actor_2c8,6,0x10C448,0x01,0xC9,0x01,0x00,0x01,0x00,0x00,0x0085,0x0279,0x0420,0x00,0x47,0x00,200,10,200:0047:0258:0420:0073|201:0047:0258:0421:0083|202:0047:0268:0422:0073|203:0047:0268:0423:0083|204:0047:0269:0424:007B|205:0047:0279:0425:0073|206:0047:0279:0426:0083
round3_phase1,0xFD,3710,0x0002,0x0003,0x0000,0x01,0x002F,0x0000,0x0000,actor_2c8,5,0x10C408,0x01,0x60,0x00,0x00,0x02,0x00,0x00,0x023B,0x0279,0x02E8,0x01,0x4A,0x00,190,10,190:004A:0279:02F3:022F|191:004A:0269:02F2:022F|192:004A:0266:02EC:0236|193:004A:0256:02E9:0236|194:004A:0266:02EB:0226|195:004A:0256:02E8:0226|196:004A:0266:02ED:0246|197:004A:0256:02EA:0246
round3_phase1,0xFD,3710,0x0002,0x0003,0x0000,0x01,0x002F,0x0000,0x0000,actor_2c8,6,0x10C448,0x01,0xC9,0x01,0x00,0x01,0x00,0x00,0x0087,0x0279,0x0420,0x00,0x47,0x00,200,10,200:0047:0258:0420:0077|201:0047:0258:0421:0087|202:0047:0268:0422:0077|203:0047:0268:0423:0087|204:0047:0269:0424:007F|205:0047:0279:0425:0077|206:0047:0279:0426:0087
round3_phase1,0xFD,3712,0x0002,0x0003,0x0000,0x01,0x002F,0x0000,0x0000,actor_2c8,5,0x10C408,0x01,0x60,0x00,0x00,0x02,0x00,0x00,0x0237,0x0279,0x02E8,0x00,0x4A,0x00,190,10,190:004A:0279:02F3:022B|191:004A:0269:02F2:022B|192:004A:0266:02EC:0232|193:004A:0256:02E9:0232|194:004A:0266:02EB:0222|195:004A:0256:02E8:0222|196:004A:0266:02ED:0242|197:004A:0256:02EA:0242
round3_phase1,0xFD,3712,0x0002,0x0003,0x0000,0x01,0x002F,0x0000,0x0000,actor_2c8,6,0x10C448,0x01,0xC9,0x01,0x00,0x01,0x00,0x00,0x008B,0x0279,0x0420,0x00,0x47,0x00,200,10,200:0047:0258:0420:0079|201:0047:0258:0421:0089|202:0047:0268:0422:0079|203:0047:0268:0423:0089|204:0047:0269:0424:0081|205:0047:0279:0425:0079|206:0047:0279:0426:0089
round3_phase1,0xFD,3714,0x0002,0x0003,0x0000,0x01,0x002F,0x0000,0x0000,actor_2c8,5,0x10C408,0x01,0x60,0x00,0x00,0x02,0x00,0x00,0x0235,0x0279,0x02E8,0x00,0x4A,0x00,190,10,190:404A:0279:02F3:0234|191:404A:0269:02F2:0234|192:404A:0266:02EC:022D|193:404A:0256:02E9:022D|194:404A:0266:02EB:023D|195:404A:0256:02E8:023D|196:404A:0266:02ED:021D|197:404A:0256:02EA:021D
round3_phase1,0xFD,3714,0x0002,0x0003,0x0000,0x01,0x002F,0x0000,0x0000,actor_2c8,6,0x10C448,0x01,0xC9,0x01,0x00,0x01,0x00,0x00,0x008F,0x0279,0x0420,0x00,0x47,0x00,200,10,200:0047:0258:0420:007D|201:0047:0258:0421:008D|202:0047:0268:0422:007D|203:0047:0268:0423:008D|204:0047:0269:0424:0085|205:0047:0279:0425:007D|206:0047:0279:0426:008D
round3_phase1,0xFD,3716,0x0002,0x0003,0x0000,0x01,0x002F,0x0000,0x0000,actor_2c8,5,0x10C408,0x01,0x61,0x00,0x00,0x02,0x00,0x00,0x0233,0x0279,0x02E8,0x00,0x4A,0x00,190,10,190:404A:0279:02F6:022B|191:404A:0269:02F4:022B|192:404A:0279:02F5:023B|193:404A:0266:02EC:022B|194:404A:0256:02E9:022B|195:404A:0266:02EB:023B|196:404A:0256:02E8:023B|197:404A:0266:02ED:021B|198:404A:0256:02EA:021B
round3_phase1,0xFD,3716,0x0002,0x0003,0x0000,0x01,0x002F,0x0000,0x0000,actor_2c8,6,0x10C448,0x01,0xCA,0x00,0x00,0x02,0x00,0x00,0x008D,0x0279,0x0420,0x01,0x47,0x00,200,10,200:0047:0259:0420:007F|201:0047:0259:0421:008F|202:0047:0269:0422:007F|203:0047:0269:0423:008F|204:0047:026A:0427:0087|205:0047:027A:0428:0087
round3_phase1,0xFD,3718,0x0002,0x0003,0x0000,0x01,0x002F,0x0000,0x0000,actor_2c8,5,0x10C408,0x01,0x61,0x00,0x00,0x02,0x00,0x00,0x0231,0x0279,0x02E8,0x00,0x4A,0x00,190,10,190:404A:0279:02F6:0229|191:404A:0269:02F4:0229|192:404A:0279:02F5:0239|193:404A:0266:02EC:0229|194:404A:0256:02E9:0229|195:404A:0266:02EB:0239|196:404A:0256:02E8:0239|197:404A:0266:02ED:0219|198:404A:0256:02EA:0219
round3_phase1,0xFD,3718,0x0002,0x0003,0x0000,0x01,0x002F,0x0000,0x0000,actor_2c8,6,0x10C448,0x01,0xCA,0x00,0x00,0x02,0x00,0x00,0x0089,0x0279,0x0420,0x01,0x47,0x00,200,10,200:0047:0259:0420:007B|201:0047:0259:0421:008B|202:0047:0269:0422:007B|203:0047:0269:0423:008B|204:0047:026A:0427:0083|205:0047:027A:0428:0083
round3_phase1,0xFD,3720,0x0002,0x0003,0x0000,0x01,0x002F,0x0000,0x0000,actor_2c8,5,0x10C408,0x01,0x61,0x00,0x00,0x02,0x00,0x00,0x022F,0x0279,0x02E8,0x00,0x4A,0x00,190,10,190:404A:0279:02F6:0227|191:404A:0269:02F4:0227|192:404A:0279:02F5:0237|193:404A:0266:02EC:0227|194:404A:0256:02E9:0227|195:404A:0266:02EB:0237|196:404A:0256:02E8:0237|197:404A:0266:02ED:0217|198:404A:0256:02EA:0217
round3_phase1,0xFD,3720,0x0002,0x0003,0x0000,0x01,0x002F,0x0000,0x0000,actor_2c8,6,0x10C448,0x01,0xCA,0x00,0x00,0x02,0x00,0x00,0x0087,0x0279,0x0420,0x01,0x47,0x00,200,10,200:0047:0259:0420:0077|201:0047:0259:0421:0087|202:0047:0269:0422:0077|203:0047:0269:0423:0087|204:0047:026A:0427:007F|205:0047:027A:0428:007F
round3_phase1,0xFD,3722,0x0002,0x0003,0x0000,0x01,0x002F,0x0000,0x0000,actor_2c8,5,0x10C408,0x01,0x61,0x00,0x00,0x02,0x00,0x00,0x022F,0x0279,0x02E8,0x00,0x4A,0x00,190,10,190:404A:0279:02F6:0225|191:404A:0269:02F4:0225|192:404A:0279:02F5:0235|193:404A:0266:02EC:0225|194:404A:0256:02E9:0225|195:404A:0266:02EB:0235|196:404A:0256:02E8:0235|197:404A:0266:02ED:0215|198:404A:0256:02EA:0215
round3_phase1,0xFD,3722,0x0002,0x0003,0x0000,0x01,0x002F,0x0000,0x0000,actor_2c8,6,0x10C448,0x01,0xCA,0x00,0x00,0x02,0x00,0x00,0x0083,0x0279,0x0420,0x01,0x47,0x00,200,10,200:0047:0259:0420:0075|201:0047:0259:0421:0085|202:0047:0269:0422:0075|203:0047:0269:0423:0085|204:0047:026A:0427:007D|205:0047:027A:0428:007D
round3_phase1,0xFD,3724,0x0002,0x0003,0x0000,0x01,0x002F,0x0000,0x0000,actor_2c8,5,0x10C408,0x01,0x62,0x00,0x00,0x02,0x00,0x00,0x022D,0x0279,0x02E8,0x00,0x4A,0x00,190,10,190:404A:0279:02F8:0227|191:404A:0269:02F7:0227|192:404A:0266:02EC:0223|193:404A:0256:02E9:0223|194:404A:0266:02EB:0233|195:404A:0256:02E8:0233|196:404A:0266:02ED:0213|197:404A:0256:02EA:0213
round3_phase1,0xFD,3724,0x0002,0x0003,0x0000,0x01,0x002F,0x0000,0x0000,actor_2c8,6,0x10C448,0x01,0xCB,0x00,0x00,0x02,0x00,0x00,0x007F,0x0279,0x0420,0x01,0x47,0x00,200,10,200:0047:0258:0420:0071|201:0047:0258:0421:0081|202:0047:0268:0422:0071|203:0047:0268:0423:0081|204:0047:0269:0429:0079|205:0047:0279:042A:0079
round3_phase1,0xFD,3726,0x0002,0x0003,0x0000,0x01,0x002F,0x0000,0x0000,actor_2c8,5,0x10C408,0x01,0x62,0x00,0x00,0x02,0x00,0x00,0x022B,0x0279,0x02E8,0x00,0x4A,0x00,190,10,190:404A:0279:02F8:0225|191:404A:0269:02F7:0225|192:404A:0266:02EC:0221|193:404A:0256:02E9:0221|194:404A:0266:02EB:0231|195:404A:0256:02E8:0231|196:404A:0266:02ED:0211|197:404A:0256:02EA:0211
round3_phase1,0xFD,3726,0x0002,0x0003,0x0000,0x01,0x002F,0x0000,0x0000,actor_2c8,6,0x10C448,0x01,0xC9,0x00,0x00,0x1F,0x00,0x00,0x007F,0x0279,0x0420,0x00,0x47,0x00,200,10,200:0047:0258:0420:006F|201:0047:0258:0421:007F|202:0047:0268:0422:006F|203:0047:0268:0423:007F|204:0047:0269:0429:0077|205:0047:0279:042A:0077
round3_phase1,0xFD,3728,0x0002,0x0003,0x0000,0x01,0x002F,0x0000,0x0000,actor_2c8,5,0x10C408,0x01,0x62,0x00,0x00,0x02,0x00,0x00,0x0229,0x0279,0x02E8,0x00,0x4A,0x00,190,10,190:404A:0279:02F8:0223|191:404A:0269:02F7:0223|192:404A:0266:02EC:021F|193:404A:0256:02E9:021F|194:404A:0266:02EB:022F|195:404A:0256:02E8:022F|196:404A:0266:02ED:020F|197:404A:0256:02EA:020F
round3_phase1,0xFD,3728,0x0002,0x0003,0x0000,0x01,0x002F,0x0000,0x0000,actor_2c8,6,0x10C448,0x01,0xC9,0x00,0x00,0x1F,0x00,0x00,0x007F,0x0279,0x0420,0x00,0x47,0x00,200,10,200:4047:0258:0420:007E|201:4047:0258:0421:006E|202:4047:0268:0422:007E|203:4047:0268:0423:006E|204:4047:0269:0424:0076|205:4047:0279:0425:007E|206:4047:0279:0426:006E
round3_phase1,0xFD,3730,0x0002,0x0003,0x0000,0x01,0x002F,0x0000,0x0000,actor_2c8,5,0x10C408,0x01,0x62,0x00,0x00,0x02,0x00,0x00,0x0227,0x0279,0x02E8,0x00,0x4A,0x00,190,10,190:404A:0279:02F8:0221|191:404A:0269:02F7:0221|192:404A:0266:02EC:021D|193:404A:0256:02E9:021D|194:404A:0266:02EB:022D|195:404A:0256:02E8:022D|196:404A:0266:02ED:020D|197:404A:0256:02EA:020D
round3_phase1,0xFD,3730,0x0002,0x0003,0x0000,0x01,0x002F,0x0000,0x0000,actor_2c8,6,0x10C448,0x01,0xCD,0x00,0x00,0x1F,0x00,0x00,0x007F,0x0279,0x0420,0x00,0x47,0x00,200,10,200:4047:0258:042D:007E|201:4047:0258:042E:006E|202:4047:0268:042F:007E|203:4047:0268:0430:006E|204:4047:0269:0424:0076|205:4047:0279:0425:007E|206:4047:0279:0426:006E
round3_phase1,0xFD,3732,0x0002,0x0003,0x0000,0x01,0x002F,0x0000,0x0000,actor_2c8,5,0x10C408,0x01,0x61,0x00,0x00,0x02,0x00,0x00,0x0225,0x0279,0x02E8,0x00,0x4A,0x00,190,10,190:404A:0279:02F6:021D|191:404A:0269:02F4:021D|192:404A:0279:02F5:022D|193:404A:0266:02EC:021D|194:404A:0256:02E9:021D|195:404A:0266:02EB:022D|196:404A:0256:02E8:022D|197:404A:0266:02ED:020D|198:404A:0256:02EA:020D
round3_phase1,0xFD,3732,0x0002,0x0003,0x0000,0x01,0x002F,0x0000,0x0000,actor_2c8,6,0x10C448,0x01,0xCE,0x00,0x00,0x1F,0x00,0x00,0x007F,0x0279,0x0420,0x00,0x47,0x00,200,10,200:4047:0258:042D:007E|201:4047:0258:042E:006E|202:4047:0268:042F:007E|203:4047:0268:0430:006E|204:4047:0269:0424:0076|205:4047:0279:0425:007E|206:4047:0279:0426:006E
round3_phase1,0xFD,3734,0x0002,0x0003,0x0000,0x01,0x002F,0x0000,0x0000,actor_2c8,5,0x10C408,0x01,0x61,0x00,0x00,0x02,0x00,0x00,0x0223,0x0279,0x02E8,0x00,0x4A,0x00,190,10,190:404A:0279:02F6:021B|191:404A:0269:02F4:021B|192:404A:0279:02F5:022B|193:404A:0266:02EC:021B|194:404A:0256:02E9:021B|195:404A:0266:02EB:022B|196:404A:0256:02E8:022B|197:404A:0266:02ED:020B|198:404A:0256:02EA:020B
round3_phase1,0xFD,3734,0x0002,0x0003,0x0000,0x01,0x002F,0x0000,0x0000,actor_2c8,6,0x10C448,0x01,0xCE,0x00,0x00,0x1F,0x00,0x00,0x007F,0x0279,0x0420,0x00,0x47,0x00,200,10,200:4047:0258:0431:007E|201:4047:0258:0432:006E|202:4047:0268:0433:007E|203:4047:0268:0434:006E|204:4047:0269:0424:0076|205:4047:0279:0425:007E|206:4047:0279:0426:006E
round3_phase1,0xFD,3736,0x0002,0x0003,0x0000,0x01,0x002F,0x0000,0x0000,actor_2c8,5,0x10C408,0x01,0x61,0x00,0x00,0x02,0x00,0x00,0x0221,0x0279,0x02E8,0x00,0x4A,0x00,190,10,190:404A:0279:02F6:0219|191:404A:0269:02F4:0219|192:404A:0279:02F5:0229|193:404A:0266:02EC:0219|194:404A:0256:02E9:0219|195:404A:0266:02EB:0229|196:404A:0256:02E8:0229|197:404A:0266:02ED:0209|198:404A:0256:02EA:0209
round3_phase1,0xFD,3736,0x0002,0x0003,0x0000,0x01,0x002F,0x0000,0x0000,actor_2c8,6,0x10C448,0x01,0xCF,0x00,0x00,0x1F,0x00,0x00,0x007F,0x0279,0x0420,0x00,0x47,0x00,200,10,200:4047:0258:0435:007E|201:4047:0258:0436:006E|202:4047:0258:0437:005E|203:4047:0268:0438:007E|204:4047:0268:0439:006E|205:4047:0269:0424:0076|206:4047:0279:0425:007E|207:4047:0279:0426:006E
round3_phase1,0xFD,3738,0x0002,0x0003,0x0000,0x01,0x002F,0x0000,0x0000,actor_2c8,5,0x10C408,0x01,0x61,0x00,0x00,0x02,0x00,0x00,0x021F,0x0279,0x02E8,0x00,0x4A,0x00,190,10,190:404A:0279:02F6:0217|191:404A:0269:02F4:0217|192:404A:0279:02F5:0227|193:404A:0266:02EC:0217|194:404A:0256:02E9:0217|195:404A:0266:02EB:0227|196:404A:0256:02E8:0227|197:404A:0266:02ED:0207|198:404A:0256:02EA:0207
round3_phase1,0xFD,3740,0x0002,0x0003,0x0000,0x01,0x002F,0x0000,0x0000,actor_2c8,5,0x10C408,0x01,0x60,0x00,0x00,0x02,0x00,0x00,0x021F,0x0279,0x02E8,0x00,0x4A,0x00,190,10,190:404A:0279:02F3:021C|191:404A:0269:02F2:021C|192:404A:0266:02EC:0215|193:404A:0256:02E9:0215|194:404A:0266:02EB:0225|195:404A:0256:02E8:0225|196:404A:0266:02ED:0205|197:404A:0256:02EA:0205
round3_phase1,0xFD,3742,0x0002,0x0003,0x0000,0x01,0x002F,0x0000,0x0000,actor_2c8,5,0x10C408,0x01,0x60,0x01,0x00,0x01,0x00,0x00,0x0221,0x0279,0x02E8,0x00,0x4A,0x00,190,10,190:004A:0279:02F3:0213|191:004A:0269:02F2:0213|192:004A:0266:02EC:021A|193:004A:0256:02E9:021A|194:004A:0266:02EB:020A|195:004A:0256:02E8:020A|196:004A:0266:02ED:022A|197:004A:0256:02EA:022A
round3_phase1,0xFD,3744,0x0002,0x0003,0x0000,0x01,0x002F,0x0000,0x0000,actor_2c8,5,0x10C408,0x01,0x60,0x01,0x00,0x01,0x00,0x00,0x0223,0x0279,0x02E8,0x00,0x4A,0x00,190,10,190:004A:0279:02F3:0215|191:004A:0269:02F2:0215|192:004A:0266:02EC:021C|193:004A:0256:02E9:021C|194:004A:0266:02EB:020C|195:004A:0256:02E8:020C|196:004A:0266:02ED:022C|197:004A:0256:02EA:022C
round3_phase1,0xFD,3746,0x0002,0x0003,0x0000,0x01,0x002F,0x0000,0x0000,actor_2c8,5,0x10C408,0x01,0x60,0x01,0x00,0x01,0x00,0x00,0x0225,0x0279,0x02E8,0x00,0x4A,0x00,190,10,190:004A:0279:02F3:0217|191:004A:0269:02F2:0217|192:004A:0266:02EC:021E|193:004A:0256:02E9:021E|194:004A:0266:02EB:020E|195:004A:0256:02E8:020E|196:004A:0266:02ED:022E|197:004A:0256:02EA:022E
round3_phase1,0xFD,3748,0x0002,0x0003,0x0000,0x01,0x002F,0x0000,0x0000,actor_2c8,5,0x10C408,0x01,0x61,0x01,0x00,0x01,0x00,0x00,0x0227,0x0279,0x02E8,0x00,0x4A,0x00,190,10,190:004A:0279:02F6:0220|191:004A:0269:02F4:0220|192:004A:0279:02F5:0210|193:004A:0266:02EC:0220|194:004A:0256:02E9:0220|195:004A:0266:02EB:0210|196:004A:0256:02E8:0210|197:004A:0266:02ED:0230|198:004A:0256:02EA:0230
round3_phase1,0xFD,3750,0x0002,0x0003,0x0000,0x01,0x002F,0x0000,0x0000,actor_2c8,6,0x10C448,0x01,0xCD,0x00,0x00,0x1F,0x00,0x00,0x007F,0x0279,0x0420,0x00,0x47,0x00,200,10,200:4047:0258:0420:007E|201:4047:0258:0421:006E|202:4047:0268:0422:007E|203:4047:0268:0423:006E|204:4047:0269:0424:0076|205:4047:0279:0425:007E|206:4047:0279:0426:006E
round3_phase1,0xFD,3752,0x0002,0x0003,0x0000,0x01,0x002F,0x0000,0x0000,actor_2c8,5,0x10C408,0x01,0x61,0x01,0x00,0x01,0x00,0x00,0x022B,0x0279,0x02E8,0x00,0x4A,0x00,190,10,190:004A:0279:02F6:0222|191:004A:0269:02F4:0222|192:004A:0279:02F5:0212|193:004A:0266:02EC:0222|194:004A:0256:02E9:0222|195:004A:0266:02EB:0212|196:004A:0256:02E8:0212|197:004A:0266:02ED:0232|198:004A:0256:02EA:0232
round3_phase1,0xFD,3754,0x0002,0x0003,0x0000,0x01,0x002F,0x0000,0x0000,actor_2c8,5,0x10C408,0x01,0x61,0x01,0x00,0x01,0x00,0x00,0x022D,0x0279,0x02E8,0x00,0x4A,0x00,190,10,190:004A:0279:02F6:0224|191:004A:0269:02F4:0224|192:004A:0279:02F5:0214|193:004A:0266:02EC:0224|194:004A:0256:02E9:0224|195:004A:0266:02EB:0214|196:004A:0256:02E8:0214|197:004A:0266:02ED:0234|198:004A:0256:02EA:0234
round3_phase1,0xFD,3756,0x0002,0x0003,0x0000,0x01,0x002F,0x0000,0x0000,actor_2c8,5,0x10C408,0x01,0x62,0x01,0x00,0x01,0x00,0x00,0x022F,0x0279,0x02E8,0x00,0x4A,0x00,190,10,190:004A:0279:02F8:0222|191:004A:0269:02F7:0222|192:004A:0266:02EC:0226|193:004A:0256:02E9:0226|194:004A:0266:02EB:0216|195:004A:0256:02E8:0216|196:004A:0266:02ED:0236|197:004A:0256:02EA:0236
round3_phase1,0xFD,3756,0x0002,0x0003,0x0000,0x01,0x002F,0x0000,0x0000,actor_2c8,6,0x10C448,0x01,0xCF,0x00,0x00,0x1F,0x00,0x00,0x007F,0x0279,0x0420,0x00,0x47,0x00,200,10,200:4047:0258:0431:007E|201:4047:0258:0432:006E|202:4047:0268:0433:007E|203:4047:0268:0434:006E|204:4047:0269:0424:0076|205:4047:0279:0425:007E|206:4047:0279:0426:006E
round3_phase1,0xFD,3758,0x0002,0x0003,0x0000,0x01,0x002F,0x0000,0x0000,actor_2c8,5,0x10C408,0x01,0x62,0x01,0x00,0x01,0x00,0x00,0x022F,0x0279,0x02E8,0x00,0x4A,0x00,190,10,190:004A:0279:02F8:0224|191:004A:0269:02F7:0224|192:004A:0266:02EC:0228|193:004A:0256:02E9:0228|194:004A:0266:02EB:0218|195:004A:0256:02E8:0218|196:004A:0266:02ED:0238|197:004A:0256:02EA:0238
round3_phase1,0xFD,3760,0x0002,0x0003,0x0000,0x01,0x002F,0x0000,0x0000,actor_2c8,5,0x10C408,0x01,0x62,0x01,0x00,0x01,0x00,0x00,0x0231,0x0279,0x02E8,0x00,0x4A,0x00,190,10,190:004A:0279:02F8:0226|191:004A:0269:02F7:0226|192:004A:0266:02EC:022A|193:004A:0256:02E9:022A|194:004A:0266:02EB:021A|195:004A:0256:02E8:021A|196:004A:0266:02ED:023A|197:004A:0256:02EA:023A
round3_phase1,0xFD,3762,0x0002,0x0003,0x0000,0x01,0x002F,0x0000,0x0000,actor_2c8,5,0x10C408,0x01,0x62,0x01,0x00,0x01,0x00,0x00,0x0233,0x0279,0x02E8,0x00,0x4A,0x00,190,10,190:004A:0279:02F8:0228|191:004A:0269:02F7:0228|192:004A:0266:02EC:022C|193:004A:0256:02E9:022C|194:004A:0266:02EB:021C|195:004A:0256:02E8:021C|196:004A:0266:02ED:023C|197:004A:0256:02EA:023C
round3_phase1,0xFD,3762,0x0002,0x0003,0x0000,0x01,0x002F,0x0000,0x0000,actor_2c8,6,0x10C448,0x01,0xC9,0x00,0x00,0x1F,0x00,0x00,0x007F,0x0279,0x0420,0x00,0x47,0x00,200,10,200:4047:0258:0435:007E|201:4047:0258:0436:006E|202:4047:0258:0437:005E|203:4047:0268:0438:007E|204:4047:0268:0439:006E|205:4047:0269:0424:0076|206:4047:0279:0425:007E|207:4047:0279:0426:006E
round3_phase1,0xFD,3764,0x0002,0x0003,0x0000,0x01,0x002F,0x0000,0x0000,actor_2c8,5,0x10C408,0x01,0x61,0x01,0x00,0x01,0x00,0x00,0x0235,0x0279,0x02E8,0x00,0x4A,0x00,190,10,190:004A:0279:02F6:022E|191:004A:0269:02F4:022E|192:004A:0279:02F5:021E|193:004A:0266:02EC:022E|194:004A:0256:02E9:022E|195:004A:0266:02EB:021E|196:004A:0256:02E8:021E|197:004A:0266:02ED:023E|198:004A:0256:02EA:023E
round3_phase1,0xFD,3766,0x0002,0x0003,0x0000,0x01,0x002F,0x0000,0x0000,actor_2c8,5,0x10C408,0x01,0x61,0x01,0x00,0x01,0x00,0x00,0x0237,0x0279,0x02E8,0x00,0x4A,0x00,190,10,190:004A:0279:02F6:0230|191:004A:0269:02F4:0230|192:004A:0279:02F5:0220|193:004A:0266:02EC:0230|194:004A:0256:02E9:0230|195:004A:0266:02EB:0220|196:004A:0256:02E8:0220|197:004A:0266:02ED:0240|198:004A:0256:02EA:0240
round3_phase1,0xFD,3766,0x0002,0x0003,0x0000,0x01,0x002F,0x0000,0x0000,actor_2c8,6,0x10C448,0x01,0xCC,0x00,0x00,0x02,0x00,0x00,0x007D,0x0279,0x0420,0x01,0x47,0x00,200,10,200:4047:0258:0420:007E|201:4047:0258:0421:006E|202:4047:0268:0422:007E|203:4047:0268:0423:006E|204:4047:0269:0424:0076|205:4047:0279:0425:007E|206:4047:0279:0426:006E
round3_phase1,0xFD,3768,0x0002,0x0003,0x0000,0x01,0x002F,0x0000,0x0000,actor_2c8,6,0x10C448,0x01,0xCC,0x00,0x00,0x02,0x00,0x00,0x0079,0x0279,0x0420,0x01,0x47,0x00,200,10,200:0047:0259:0420:006B|201:0047:0259:0421:007B|202:0047:0269:0422:006B|203:0047:0269:0423:007B|204:0047:026A:0427:0073|205:0047:027A:0428:0073
round3_phase1,0xFD,3770,0x0002,0x0003,0x0000,0x01,0x002F,0x0000,0x0000,actor_2c8,5,0x10C408,0x01,0x61,0x01,0x00,0x01,0x00,0x00,0x023B,0x0279,0x02E8,0x00,0x4A,0x00,190,10,190:004A:0279:02F6:0232|191:004A:0269:02F4:0232|192:004A:0279:02F5:0222|193:004A:0266:02EC:0232|194:004A:0256:02E9:0232|195:004A:0266:02EB:0222|196:004A:0256:02E8:0222|197:004A:0266:02ED:0242|198:004A:0256:02EA:0242
round3_phase1,0xFD,3770,0x0002,0x0003,0x0000,0x01,0x002F,0x0000,0x0000,actor_2c8,6,0x10C448,0x01,0xCC,0x00,0x00,0x02,0x00,0x00,0x0077,0x0279,0x0420,0x01,0x47,0x00,200,10,200:0047:0259:0420:0067|201:0047:0259:0421:0077|202:0047:0269:0422:0067|203:0047:0269:0423:0077|204:0047:026A:0427:006F|205:0047:027A:0428:006F
round3_phase1,0xFD,3772,0x0002,0x0003,0x0000,0x01,0x002F,0x0000,0x0000,actor_2c8,5,0x10C408,0x01,0x60,0x01,0x00,0x01,0x00,0x00,0x023D,0x0279,0x02E8,0x00,0x4A,0x00,190,10,190:004A:0279:02F3:022D|191:004A:0269:02F2:022D|192:004A:0266:02EC:0234|193:004A:0256:02E9:0234|194:004A:0266:02EB:0224|195:004A:0256:02E8:0224|196:004A:0266:02ED:0244|197:004A:0256:02EA:0244
round3_phase1,0xFD,3772,0x0002,0x0003,0x0000,0x01,0x002F,0x0000,0x0000,actor_2c8,6,0x10C448,0x01,0xC9,0x00,0x00,0x1F,0x00,0x00,0x0077,0x0279,0x0420,0x00,0x47,0x00,200,10,200:4047:0258:0420:0076|201:4047:0258:0421:0066|202:4047:0268:0422:0076|203:4047:0268:0423:0066|204:4047:0269:0424:006E|205:4047:0279:0425:0076|206:4047:0279:0426:0066
round3_phase1,0xFD,3774,0x0002,0x0003,0x0000,0x01,0x002F,0x0000,0x0000,actor_2c8,6,0x10C448,0x01,0xCD,0x00,0x00,0x1F,0x00,0x00,0x0077,0x0279,0x0420,0x00,0x47,0x00,200,10,200:4047:0258:0420:0076|201:4047:0258:0421:0066|202:4047:0268:0422:0076|203:4047:0268:0423:0066|204:4047:0269:0424:006E|205:4047:0279:0425:0076|206:4047:0279:0426:0066
round3_phase1,0xFD,3776,0x0002,0x0003,0x0000,0x01,0x002F,0x0000,0x0000,actor_2c8,6,0x10C448,0x01,0xCD,0x00,0x00,0x1F,0x00,0x00,0x0077,0x0279,0x0420,0x00,0x47,0x00,200,10,200:4047:0258:042D:0076|201:4047:0258:042E:0066|202:4047:0268:042F:0076|203:4047:0268:0430:0066|204:4047:0269:0424:006E|205:4047:0279:0425:0076|206:4047:0279:0426:0066
round3_phase1,0xFD,3778,0x0002,0x0003,0x0000,0x01,0x002F,0x0000,0x0000,actor_2c8,5,0x10C408,0x01,0x63,0x01,0x00,0x1F,0x00,0x00,0x023F,0x0279,0x02E8,0x00,0x4A,0x00,190,10,190:004A:0279:02F6:0238|191:004A:0269:02F4:0238|192:004A:0279:02F5:0228|193:004A:0266:02FC:0238|194:004A:0256:02FA:0238|195:004A:0246:02F9:0238|196:004A:0266:02EB:0228|197:004A:0256:02E8:0228|198:004A:0266:02FD:0248|199:004A:0256:02FB:0248
round3_phase1,0xFD,3778,0x0002,0x0003,0x0000,0x01,0x002F,0x0000,0x0000,actor_2c8,6,0x10C448,0x01,0xCE,0x00,0x00,0x1F,0x00,0x00,0x0077,0x0279,0x0420,0x00,0x47,0x00,200,10,200:4047:0258:0431:0076|201:4047:0258:0432:0066|202:4047:0268:0433:0076|203:4047:0268:0434:0066|204:4047:0269:0424:006E|205:4047:0279:0425:0076|206:4047:0279:0426:0066
round3_phase1,0xFD,3780,0x0002,0x0003,0x0000,0x01,0x002F,0x0000,0x0000,actor_2c8,6,0x10C448,0x01,0xCF,0x00,0x00,0x1F,0x00,0x00,0x0077,0x0279,0x0420,0x00,0x47,0x00,200,10,200:4047:0258:0431:0076|201:4047:0258:0432:0066|202:4047:0268:0433:0076|203:4047:0268:0434:0066|204:4047:0269:0424:006E|205:4047:0279:0425:0076|206:4047:0279:0426:0066
round3_phase1,0xFD,3782,0x0002,0x0003,0x0000,0x01,0x002F,0x0000,0x0000,actor_2c8,6,0x10C448,0x01,0xCF,0x00,0x00,0x1F,0x00,0x00,0x0077,0x0279,0x0420,0x00,0x47,0x00,200,10,200:4047:0258:0435:0076|201:4047:0258:0436:0066|202:4047:0258:0437:0056|203:4047:0268:0438:0076|204:4047:0268:0439:0066|205:4047:0269:0424:006E|206:4047:0279:0425:0076|207:4047:0279:0426:0066
round3_phase1,0xFD,3786,0x0002,0x0003,0x0000,0x01,0x002F,0x0000,0x0000,actor_2c8,5,0x10C408,0x01,0x64,0x01,0x00,0x1F,0x00,0x00,0x023F,0x0279,0x02E8,0x00,0x4A,0x00,190,10,190:004A:0279:02F6:0238|191:004A:0269:02F4:0238|192:004A:0279:02F5:0228|193:004A:0266:02FC:0238|194:004A:0256:02FE:0238|195:004A:0266:02EB:0228|196:004A:0256:02E8:0228|197:004A:0266:02FD:0248|198:004A:0256:02FF:0248
round3_phase1,0xFD,3786,0x0002,0x0003,0x0000,0x01,0x002F,0x0000,0x0000,actor_2c8,6,0x10C448,0x01,0xC9,0x00,0x00,0x1F,0x00,0x00,0x0077,0x0279,0x0420,0x00,0x47,0x00,200,10,200:4047:0258:0435:0076|201:4047:0258:0436:0066|202:4047:0258:0437:0056|203:4047:0268:0438:0076|204:4047:0268:0439:0066|205:4047:0269:0424:006E|206:4047:0279:0425:0076|207:4047:0279:0426:0066
round3_phase1,0xFD,3786,0x0002,0x0003,0x0000,0x01,0x002F,0x0000,0x0000,actor_748,0,0x10C748,0x01,0xB1,0x01,0x00,0x02,0x03,0x00,0x0256,0x0265,0x02E8,0x01,0x00,0x00,46,1,46:400A:025D:0329:024D
round3_phase1,0xFD,3788,0x0002,0x0003,0x0000,0x01,0x002F,0x0000,0x0000,actor_748,0,0x10C748,0x01,0xAA,0x01,0x00,0x02,0x03,0x00,0x0259,0x0265,0x02E8,0x01,0x00,0x00,46,1,46:400A:025D:0322:0250
round3_phase1,0xFD,3790,0x0002,0x0003,0x0000,0x01,0x002F,0x0000,0x0000,actor_2c8,5,0x10C408,0x01,0x65,0x01,0x00,0x1F,0x00,0x00,0x023F,0x0279,0x02E8,0x00,0x4A,0x00,190,10,190:004A:0279:02F6:0238|191:004A:0269:02F4:0238|192:004A:0279:02F5:0228|193:004A:0266:0300:0238|194:004A:0256:02E9:0238|195:004A:0266:02EB:0228|196:004A:0256:02E8:0228|197:004A:0266:0301:0248
round3_phase1,0xFD,3790,0x0002,0x0003,0x0000,0x01,0x002F,0x0000,0x0000,actor_748,0,0x10C748,0x01,0xAB,0x01,0x00,0x02,0x03,0x00,0x025C,0x0265,0x02E8,0x01,0x00,0x00,46,1,46:400A:025D:0323:0253
round3_phase1,0xFD,3792,0x0002,0x0003,0x0000,0x01,0x002F,0x0000,0x0000,actor_748,0,0x10C748,0x01,0xAC,0x01,0x00,0x02,0x03,0x00,0x025F,0x0265,0x02E8,0x01,0x00,0x00,46,1,46:400A:025D:0324:0256
round3_phase1,0xFD,3794,0x0002,0x0003,0x0000,0x01,0x002F,0x0000,0x0000,actor_2c8,5,0x10C408,0x01,0x65,0x01,0x00,0x1F,0x00,0x01,0x023F,0x0279,0x02E8,0x00,0x4A,0x00,190,10,190:004A:0279:02F6:0238|191:004A:0269:02F4:0238|192:004A:0279:02F5:0228|193:004A:0266:0300:0238|194:004A:0256:02E9:0238|195:004A:0266:02EB:0228|196:004A:0256:02E8:0228|197:004A:0266:0301:0248
round3_phase1,0xFD,3794,0x0002,0x0003,0x0000,0x01,0x002F,0x0000,0x0000,actor_748,0,0x10C748,0x01,0xAD,0x01,0x00,0x02,0x03,0x00,0x0262,0x0265,0x02E8,0x01,0x00,0x00,46,1,46:400A:025D:0325:0259
round3_phase1,0xFD,3796,0x0002,0x0003,0x0000,0x01,0x002F,0x0000,0x0000,actor_748,0,0x10C748,0x01,0xAE,0x01,0x00,0x02,0x03,0x00,0x0265,0x0265,0x02E8,0x01,0x00,0x00,46,1,46:400A:025D:0326:025C
round3_phase1,0xFD,3798,0x0002,0x0003,0x0000,0x01,0x002F,0x0000,0x0000,actor_2c8,6,0x10C448,0x01,0xCE,0x00,0x00,0x1F,0x00,0x00,0x0077,0x0279,0x0420,0x00,0x47,0x00,200,10,200:4047:0258:042D:0076|201:4047:0258:042E:0066|202:4047:0268:042F:0076|203:4047:0268:0430:0066|204:4047:0269:0424:006E|205:4047:0279:0425:0076|206:4047:0279:0426:0066
round3_phase1,0xFD,3798,0x0002,0x0003,0x0000,0x01,0x002F,0x0000,0x0000,actor_748,0,0x10C748,0x01,0xAF,0x01,0x00,0x02,0x03,0x00,0x0268,0x0265,0x02E8,0x01,0x00,0x00,46,1,46:400A:025D:0327:025F
round3_phase1,0xFD,3800,0x0002,0x0003,0x0000,0x01,0x002F,0x0000,0x0000,actor_748,0,0x10C748,0x01,0xB0,0x01,0x00,0x02,0x03,0x00,0x026B,0x0265,0x02E8,0x01,0x00,0x00,46,1,46:400A:025D:0328:0262
round3_phase1,0xFD,3802,0x0002,0x0003,0x0000,0x01,0x002F,0x0000,0x0000,actor_748,0,0x10C748,0x01,0xB1,0x01,0x00,0x02,0x03,0x00,0x026E,0x0265,0x02E8,0x01,0x00,0x00,46,1,46:400A:025D:0329:0265
round3_phase1,0xFD,3804,0x0002,0x0003,0x0000,0x01,0x002F,0x0000,0x0000,actor_2c8,5,0x10C408,0x01,0x66,0x01,0x00,0x1F,0x00,0x01,0x023F,0x0279,0x02E8,0x00,0x4A,0x00,190,10,190:004A:0279:02F6:0238|191:004A:0269:02F4:0238|192:004A:0279:02F5:0228|193:004A:0266:0300:0238|194:004A:0256:02E9:0238|195:004A:0266:02EB:0228|196:004A:0256:02E8:0228|197:004A:0266:0301:0248
round3_phase1,0xFD,3804,0x0002,0x0003,0x0000,0x01,0x002F,0x0000,0x0000,actor_748,0,0x10C748,0x01,0xAA,0x01,0x00,0x02,0x03,0x00,0x0271,0x0265,0x02E8,0x01,0x00,0x00,46,1,46:400A:025D:0322:0268
round3_phase1,0xFD,3806,0x0002,0x0003,0x0000,0x01,0x002F,0x0000,0x0000,actor_2c8,5,0x10C408,0x01,0x66,0x01,0x00,0x1F,0x00,0x01,0x023F,0x0279,0x02E8,0x00,0x4A,0x00,190,10,190:004A:0279:02F6:0238|191:004A:0269:02F4:0238|192:004A:0279:02F5:0228|193:004A:0266:0304:0228|194:004A:0256:0303:0228|195:004A:024E:0302:0218|196:004A:0266:0300:0238|197:004A:0256:02E9:0238|198:004A:0266:0301:0248
round3_phase1,0xFD,3806,0x0002,0x0003,0x0000,0x01,0x002F,0x0000,0x0000,actor_748,0,0x10C748,0x01,0xAB,0x01,0x00,0x02,0x03,0x00,0x0274,0x0265,0x02E8,0x01,0x00,0x00,46,1,46:400A:025D:0323:026B
round3_phase1,0xFD,3808,0x0002,0x0003,0x0000,0x01,0x002F,0x0000,0x0000,actor_748,0,0x10C748,0x01,0xAC,0x01,0x00,0x02,0x03,0x00,0x0277,0x0265,0x02E8,0x01,0x00,0x00,46,1,46:400A:025D:0324:026E
round3_phase1,0xFD,3810,0x0002,0x0003,0x0000,0x01,0x002F,0x0000,0x0000,actor_748,0,0x10C748,0x01,0xAD,0x01,0x00,0x02,0x03,0x00,0x027A,0x0265,0x02E8,0x01,0x00,0x00,46,1,46:400A:025D:0325:0271
round3_phase1,0xFD,3812,0x0002,0x0003,0x0000,0x01,0x002F,0x0000,0x0000,actor_2c8,5,0x10C408,0x01,0x67,0x01,0x00,0x1F,0x00,0x01,0x023F,0x0279,0x02E8,0x00,0x4A,0x00,190,10,190:004A:0279:02F6:0238|191:004A:0269:02F4:0238|192:004A:0279:02F5:0228|193:004A:0266:0304:0228|194:004A:0256:0303:0228|195:004A:024E:0302:0218|196:004A:0266:0300:0238|197:004A:0256:02E9:0238|198:004A:0266:0301:0248
round3_phase1,0xFD,3812,0x0002,0x0003,0x0000,0x01,0x002F,0x0000,0x0000,actor_2c8,6,0x10C448,0x01,0xCA,0x00,0x00,0x02,0x00,0x00,0x0073,0x0279,0x0420,0x01,0x47,0x00,200,10,200:0047:0259:0420:0065|201:0047:0259:0421:0075|202:0047:0269:0422:0065|203:0047:0269:0423:0075|204:0047:026A:0427:006D|205:0047:027A:0428:006D
round3_phase1,0xFD,3812,0x0002,0x0003,0x0000,0x01,0x002F,0x0000,0x0000,actor_748,0,0x10C748,0x01,0xAE,0x01,0x00,0x02,0x03,0x00,0x027D,0x0265,0x02E8,0x01,0x00,0x00,46,1,46:400A:025D:0326:0274
round3_phase1,0xFD,3812,0x0002,0x0003,0x0000,0x01,0x002F,0x0000,0x0000,actor_748,1,0x10C788,0x01,0xAE,0x01,0x00,0x02,0x03,0x00,0x024A,0x0265,0x02E8,0x01,0x00,0x00,47,1,
round3_phase1,0xFD,3814,0x0002,0x0003,0x0000,0x01,0x002F,0x0000,0x0000,actor_2c8,5,0x10C408,0x01,0x67,0x01,0x00,0x1F,0x00,0x01,0x023F,0x0279,0x02E8,0x00,0x4A,0x00,190,10,190:004A:0279:02F6:0238|191:004A:0269:02F4:0238|192:004A:0279:02F5:0228|193:004A:0266:0308:0238|194:004A:0256:0306:0238|195:004A:0266:0304:0228|196:004A:0256:0305:0228|197:004A:0266:0309:0248|198:004A:0256:0307:0248
round3_phase1,0xFD,3814,0x0002,0x0003,0x0000,0x01,0x002F,0x0000,0x0000,actor_2c8,6,0x10C448,0x01,0xCA,0x00,0x00,0x02,0x00,0x00,0x006F,0x0279,0x0420,0x01,0x47,0x00,200,10,200:0047:0259:0420:0061|201:0047:0259:0421:0071|202:0047:0269:0422:0061|203:0047:0269:0423:0071|204:0047:026A:0427:0069|205:0047:027A:0428:0069
round3_phase1,0xFD,3814,0x0002,0x0003,0x0000,0x01,0x002F,0x0000,0x0000,actor_748,0,0x10C748,0x01,0xAF,0x01,0x00,0x02,0x03,0x00,0x0280,0x0265,0x02E8,0x01,0x00,0x00,46,1,46:400A:025D:0327:0277
round3_phase1,0xFD,3814,0x0002,0x0003,0x0000,0x01,0x002F,0x0000,0x0000,actor_748,1,0x10C788,0x01,0xAF,0x01,0x00,0x02,0x03,0x00,0x024D,0x0265,0x02E8,0x01,0x00,0x00,47,1,47:400A:025D:0327:0241
round3_phase1,0xFD,3816,0x0002,0x0003,0x0000,0x01,0x002F,0x0000,0x0000,actor_2c8,5,0x10C408,0x01,0x68,0x01,0x00,0x1F,0x00,0x01,0x023F,0x0279,0x02E8,0x00,0x4A,0x00,190,10,190:004A:0279:02F6:0238|191:004A:0269:02F4:0238|192:004A:0279:02F5:0228|193:004A:0266:0308:0238|194:004A:0256:0306:0238|195:004A:0266:0304:0228|196:004A:0256:0305:0228|197:004A:0266:0309:0248|198:004A:0256:0307:0248
round3_phase1,0xFD,3816,0x0002,0x0003,0x0000,0x01,0x002F,0x0000,0x0000,actor_2c8,6,0x10C448,0x01,0xCA,0x01,0x00,0x01,0x00,0x00,0x0071,0x0279,0x0420,0x00,0x47,0x00,200,10,200:4047:0259:0420:006E|201:4047:0259:0421:005E|202:4047:0269:0422:006E|203:4047:0269:0423:005E|204:4047:026A:0427:0066|205:4047:027A:0428:0066
round3_phase1,0xFD,3816,0x0002,0x0003,0x0000,0x01,0x002F,0x0000,0x0000,actor_748,0,0x10C748,0x01,0xB0,0x01,0x00,0x02,0x03,0x00,0x0283,0x0265,0x02E8,0x01,0x00,0x00,46,1,46:400A:025D:0328:027A
round3_phase1,0xFD,3816,0x0002,0x0003,0x0000,0x01,0x002F,0x0000,0x0000,actor_748,1,0x10C788,0x01,0xB0,0x01,0x00,0x02,0x03,0x00,0x0250,0x0265,0x02E8,0x01,0x00,0x00,47,1,47:400A:025D:0328:0244
round3_phase1,0xFD,3818,0x0002,0x0003,0x0000,0x01,0x002F,0x0000,0x0000,actor_2c8,5,0x10C408,0x01,0x68,0x01,0x00,0x1F,0x00,0x01,0x023F,0x0279,0x02E8,0x00,0x4A,0x00,190,10,190:004A:0279:02F6:0238|191:004A:0269:02F4:0238|192:004A:0279:02F5:0228|193:004A:0266:030C:0238|194:004A:0256:02E9:0238|195:004A:0266:030B:0228|196:004A:0256:030A:0228|197:004A:0266:0301:0248
round3_phase1,0xFD,3818,0x0002,0x0003,0x0000,0x01,0x002F,0x0000,0x0000,actor_2c8,6,0x10C448,0x01,0xCA,0x01,0x00,0x01,0x00,0x00,0x0075,0x0279,0x0420,0x00,0x47,0x00,200,10,200:0047:0259:0420:0063|201:0047:0259:0421:0073|202:0047:0269:0422:0063|203:0047:0269:0423:0073|204:0047:026A:0427:006B|205:0047:027A:0428:006B
round3_phase1,0xFD,3818,0x0002,0x0003,0x0000,0x01,0x002F,0x0000,0x0000,actor_748,0,0x10C748,0x01,0xB1,0x01,0x00,0x02,0x03,0x00,0x0286,0x0265,0x02E8,0x01,0x00,0x00,46,1,46:400A:025D:0329:027D
round3_phase1,0xFD,3818,0x0002,0x0003,0x0000,0x01,0x002F,0x0000,0x0000,actor_748,1,0x10C788,0x01,0xB1,0x01,0x00,0x02,0x03,0x00,0x0253,0x0265,0x02E8,0x01,0x00,0x00,47,1,47:400A:025D:0329:0247
round3_phase1,0xFD,3820,0x0002,0x0003,0x0000,0x01,0x002F,0x0000,0x0000,actor_2c8,5,0x10C408,0x01,0x68,0x01,0x00,0x1F,0x00,0x02,0x023F,0x0279,0x02E8,0x00,0x4A,0x00,190,10,190:004A:0279:02F6:0238|191:004A:0269:02F4:0238|192:004A:0279:02F5:0228|193:004A:0266:030C:0238|194:004A:0256:02E9:0238|195:004A:0266:030B:0228|196:004A:0256:030A:0228|197:004A:0266:0301:0248
round3_phase1,0xFD,3820,0x0002,0x0003,0x0000,0x01,0x002F,0x0000,0x0000,actor_2c8,6,0x10C448,0x01,0xCB,0x01,0x00,0x01,0x00,0x00,0x0077,0x0279,0x0420,0x00,0x47,0x00,200,10,200:0047:0258:0420:0067|201:0047:0258:0421:0077|202:0047:0268:0422:0067|203:0047:0268:0423:0077|204:0047:0269:0429:006F|205:0047:0279:042A:006F
round3_phase1,0xFD,3820,0x0002,0x0003,0x0000,0x01,0x002F,0x0000,0x0000,actor_748,0,0x10C748,0x01,0xAA,0x01,0x00,0x02,0x03,0x00,0x0289,0x0265,0x02E8,0x01,0x00,0x00,46,1,46:400A:025D:0322:0280
round3_phase1,0xFD,3820,0x0002,0x0003,0x0000,0x01,0x002F,0x0000,0x0000,actor_748,1,0x10C788,0x01,0xAA,0x01,0x00,0x02,0x03,0x00,0x0256,0x0265,0x02E8,0x01,0x00,0x00,47,1,47:400A:025D:0322:024A
round3_phase1,0xFD,3822,0x0002,0x0003,0x0000,0x01,0x002F,0x0000,0x0000,actor_2c8,5,0x10C408,0x01,0xB4,0x01,0x00,0x01,0x00,0x02,0x0241,0x0279,0x02E8,0x00,0x4A,0x00,190,10,190:004A:0279:02F8:0236|191:004A:0269:02F7:0236|192:004A:0266:030C:023A|193:004A:0256:02E9:023A|194:004A:0266:030B:022A|195:004A:0256:030A:022A|196:004A:0266:0301:024A
round3_phase1,0xFD,3822,0x0002,0x0003,0x0000,0x01,0x002F,0x0000,0x0000,actor_2c8,6,0x10C448,0x01,0xCB,0x01,0x00,0x01,0x00,0x00,0x007B,0x0279,0x0420,0x00,0x47,0x00,200,10,200:0047:0258:0420:0069|201:0047:0258:0421:0079|202:0047:0268:0422:0069|203:0047:0268:0423:0079|204:0047:0269:0429:0071|205:0047:0279:042A:0071
round3_phase1,0xFD,3822,0x0002,0x0003,0x0000,0x01,0x002F,0x0000,0x0000,actor_748,0,0x10C748,0x01,0xAB,0x01,0x00,0x02,0x03,0x00,0x028C,0x0265,0x02E8,0x01,0x00,0x00,46,1,46:400A:025D:0323:0283
round3_phase1,0xFD,3822,0x0002,0x0003,0x0000,0x01,0x002F,0x0000,0x0000,actor_748,1,0x10C788,0x01,0xAB,0x01,0x00,0x02,0x03,0x00,0x0259,0x0265,0x02E8,0x01,0x00,0x00,47,1,47:400A:025D:0323:024D
round3_phase1,0xFD,3824,0x0002,0x0003,0x0000,0x01,0x002F,0x0000,0x0000,actor_2c8,5,0x10C408,0x01,0xB4,0x01,0x00,0x01,0x00,0x02,0x0243,0x0279,0x02E8,0x00,0x4A,0x00,190,10,190:004A:0279:02F8:0238|191:004A:0269:02F7:0238|192:004A:0266:030C:023C|193:004A:0256:02E9:023C|194:004A:0266:030B:022C|195:004A:0256:030A:022C|196:004A:0266:0301:024C
round3_phase1,0xFD,3824,0x0002,0x0003,0x0000,0x01,0x002F,0x0000,0x0000,actor_2c8,6,0x10C448,0x01,0xCB,0x01,0x00,0x01,0x00,0x00,0x007F,0x0279,0x0420,0x00,0x47,0x00,200,10,200:0047:0258:0420:006D|201:0047:0258:0421:007D|202:0047:0268:0422:006D|203:0047:0268:0423:007D|204:0047:0269:0429:0075|205:0047:0279:042A:0075
round3_phase1,0xFD,3824,0x0002,0x0003,0x0000,0x01,0x002F,0x0000,0x0000,actor_748,0,0x10C748,0x01,0xAC,0x01,0x00,0x02,0x03,0x00,0x028F,0x0265,0x02E8,0x01,0x00,0x00,46,1,46:400A:025D:0324:0286
round3_phase1,0xFD,3824,0x0002,0x0003,0x0000,0x01,0x002F,0x0000,0x0000,actor_748,1,0x10C788,0x01,0xAC,0x01,0x00,0x02,0x03,0x00,0x025C,0x0265,0x02E8,0x01,0x00,0x00,47,1,47:400A:025D:0324:0250
round3_phase1,0xFD,3826,0x0002,0x0003,0x0000,0x01,0x002F,0x0000,0x0000,actor_2c8,5,0x10C408,0x01,0xB4,0x01,0x00,0x01,0x00,0x02,0x0245,0x0279,0x02E8,0x00,0x4A,0x00,190,10,190:004A:0279:02F8:023A|191:004A:0269:02F7:023A|192:004A:0266:030C:023E|193:004A:0256:02E9:023E|194:004A:0266:030B:022E|195:004A:0256:030A:022E|196:004A:0266:0301:024E
round3_phase1,0xFD,3826,0x0002,0x0003,0x0000,0x01,0x002F,0x0000,0x0000,actor_748,0,0x10C748,0x01,0xAD,0x01,0x00,0x02,0x03,0x00,0x0292,0x0265,0x02E8,0x01,0x00,0x00,46,1,46:400A:025D:0325:0289
round3_phase1,0xFD,3826,0x0002,0x0003,0x0000,0x01,0x002F,0x0000,0x0000,actor_748,1,0x10C788,0x01,0xAD,0x01,0x00,0x02,0x03,0x00,0x025F,0x0265,0x02E8,0x01,0x00,0x00,47,1,47:400A:025D:0325:0253
round3_phase1,0xFD,3828,0x0002,0x0003,0x0000,0x01,0x002F,0x0000,0x0000,actor_2c8,5,0x10C408,0x01,0x68,0x01,0x00,0x01,0x00,0x02,0x0247,0x0279,0x02E8,0x00,0x4A,0x00,190,10,190:004A:0279:02F6:0240|191:004A:0269:02F4:0240|192:004A:0279:02F5:0230|193:004A:0266:030C:0240|194:004A:0256:02E9:0240|195:004A:0266:030B:0230|196:004A:0256:030A:0230|197:004A:0266:0301:0250
round3_phase1,0xFD,3828,0x0002,0x0003,0x0000,0x01,0x002F,0x0000,0x0000,actor_748,0,0x10C748,0x01,0xAE,0x01,0x00,0x02,0x03,0x00,0x0295,0x0265,0x02E8,0x01,0x00,0x00,46,1,46:400A:025D:0326:028C
round3_phase1,0xFD,3828,0x0002,0x0003,0x0000,0x01,0x002F,0x0000,0x0000,actor_748,1,0x10C788,0x01,0xAE,0x01,0x00,0x02,0x03,0x00,0x0262,0x0265,0x02E8,0x01,0x00,0x00,47,1,47:400A:025D:0326:0256
round3_phase1,0xFD,3830,0x0002,0x0003,0x0000,0x01,0x002F,0x0000,0x0000,actor_748,0,0x10C748,0x01,0xAF,0x01,0x00,0x02,0x03,0x00,0x0298,0x0265,0x02E8,0x01,0x00,0x00,46,1,46:400A:025D:0327:028F
round3_phase1,0xFD,3830,0x0002,0x0003,0x0000,0x01,0x002F,0x0000,0x0000,actor_748,1,0x10C788,0x01,0xAF,0x01,0x00,0x02,0x03,0x00,0x0265,0x0265,0x02E8,0x01,0x00,0x00,47,1,47:400A:025D:0327:0259
round3_phase1,0xFD,3832,0x0002,0x0003,0x0000,0x01,0x002F,0x0000,0x0000,actor_2c8,5,0x10C408,0x01,0x68,0x01,0x00,0x01,0x00,0x02,0x024B,0x0279,0x02E8,0x00,0x4A,0x00,190,10,190:004A:0279:02F6:0242|191:004A:0269:02F4:0242|192:004A:0279:02F5:0232|193:004A:0266:030C:0242|194:004A:0256:02E9:0242|195:004A:0266:030B:0232|196:004A:0256:030A:0232|197:004A:0266:0301:0252
round3_phase1,0xFD,3832,0x0002,0x0003,0x0000,0x01,0x002F,0x0000,0x0000,actor_748,0,0x10C748,0x01,0x2B,0x01,0x00,0x0F,0x03,0x00,0x029B,0x0265,0x019D,0x01,0x00,0x00,46,1,46:400A:025D:0328:0292
round3_phase1,0xFD,3832,0x0002,0x0003,0x0000,0x01,0x002F,0x0000,0x0000,actor_748,1,0x10C788,0x01,0xB0,0x01,0x00,0x02,0x03,0x00,0x0268,0x0265,0x02E8,0x01,0x00,0x00,47,1,47:400A:025D:0328:025C
round3_phase1,0xFD,3834,0x0002,0x0003,0x0000,0x01,0x002F,0x0000,0x0000,actor_2c8,5,0x10C408,0x01,0x68,0x01,0x00,0x01,0x00,0x02,0x024D,0x0279,0x02E8,0x00,0x4A,0x00,190,10,190:004A:0279:02F6:0244|191:004A:0269:02F4:0244|192:004A:0279:02F5:0234|193:004A:0266:030C:0244|194:004A:0256:02E9:0244|195:004A:0266:030B:0234|196:004A:0256:030A:0234|197:004A:0266:0301:0254
round3_phase1,0xFD,3834,0x0002,0x0003,0x0000,0x01,0x002F,0x0000,0x0000,actor_748,0,0x10C748,0x01,0x2B,0x01,0x00,0x0F,0x03,0x00,0x029B,0x0265,0x019D,0x01,0x00,0x00,46,1,46:4004:025D:01BB:0292
round3_phase1,0xFD,3834,0x0002,0x0003,0x0000,0x01,0x002F,0x0000,0x0000,actor_748,1,0x10C788,0x01,0xB1,0x01,0x00,0x02,0x03,0x00,0x026B,0x0265,0x02E8,0x01,0x00,0x00,47,1,47:400A:025D:0329:025F
round3_phase1,0xFD,3836,0x0002,0x0003,0x0000,0x01,0x002F,0x0000,0x0000,actor_2c8,5,0x10C408,0x01,0xB3,0x01,0x00,0x01,0x00,0x02,0x024F,0x0279,0x02E8,0x00,0x4A,0x00,190,10,190:004A:0279:02F3:023F|191:004A:0269:02F2:023F|192:004A:0266:030C:0246|193:004A:0256:02E9:0246|194:004A:0266:030B:0236|195:004A:0256:030A:0236|196:004A:0266:0301:0256
round3_phase1,0xFD,3836,0x0002,0x0003,0x0000,0x01,0x002F,0x0000,0x0000,actor_748,0,0x10C748,0x01,0x2D,0x01,0x00,0x0F,0x03,0x00,0x029B,0x0265,0x019D,0x01,0x00,0x00,46,1,46:4004:025D:01BB:0292
round3_phase1,0xFD,3836,0x0002,0x0003,0x0000,0x01,0x002F,0x0000,0x0000,actor_748,1,0x10C788,0x01,0xAA,0x01,0x00,0x02,0x03,0x00,0x026E,0x0265,0x02E8,0x01,0x00,0x00,47,1,47:400A:025D:0322:0262
round3_phase1,0xFD,3838,0x0002,0x0003,0x0000,0x01,0x002F,0x0000,0x0000,actor_2c8,5,0x10C408,0x01,0xB3,0x01,0x00,0x01,0x00,0x02,0x024F,0x0279,0x02E8,0x00,0x4A,0x00,190,10,190:004A:0279:02F3:0241|191:004A:0269:02F2:0241|192:004A:0266:030C:0248|193:004A:0256:02E9:0248|194:004A:0266:030B:0238|195:004A:0256:030A:0238|196:004A:0266:0301:0258
round3_phase1,0xFD,3838,0x0002,0x0003,0x0000,0x01,0x002F,0x0000,0x0000,actor_748,0,0x10C748,0x01,0x2D,0x01,0x00,0x0F,0x03,0x00,0x029B,0x0265,0x019D,0x01,0x00,0x00,46,1,46:4004:025D:01BD:0292
round3_phase1,0xFD,3838,0x0002,0x0003,0x0000,0x01,0x002F,0x0000,0x0000,actor_748,1,0x10C788,0x01,0xAB,0x01,0x00,0x02,0x03,0x00,0x0271,0x0265,0x02E8,0x01,0x00,0x00,47,1,47:400A:025D:0323:0265
round3_phase1,0xFD,3840,0x0002,0x0003,0x0000,0x01,0x002F,0x0000,0x0000,actor_2c8,5,0x10C408,0x01,0xB3,0x01,0x00,0x01,0x00,0x02,0x0251,0x0279,0x02E8,0x00,0x4A,0x00,190,10,190:004A:0279:02F3:0243|191:004A:0269:02F2:0243|192:004A:0266:030C:024A|193:004A:0256:02E9:024A|194:004A:0266:030B:023A|195:004A:0256:030A:023A|196:004A:0266:0301:025A
round3_phase1,0xFD,3840,0x0002,0x0003,0x0000,0x01,0x002F,0x0000,0x0000,actor_748,0,0x10C748,0x01,0x2F,0x01,0x00,0x0F,0x03,0x00,0x029B,0x0265,0x019D,0x01,0x00,0x00,46,1,46:4004:025D:01BD:0292
round3_phase1,0xFD,3840,0x0002,0x0003,0x0000,0x01,0x002F,0x0000,0x0000,actor_748,1,0x10C788,0x01,0xAC,0x01,0x00,0x02,0x03,0x00,0x0274,0x0265,0x02E8,0x01,0x00,0x00,47,1,47:400A:025D:0324:0268
round3_phase1,0xFD,3842,0x0002,0x0003,0x0000,0x01,0x002F,0x0000,0x0000,actor_2c8,5,0x10C408,0x01,0xB3,0x01,0x00,0x01,0x00,0x02,0x0253,0x0279,0x02E8,0x00,0x4A,0x00,190,10,190:004A:0279:02F3:0245|191:004A:0269:02F2:0245|192:004A:0266:030C:024C|193:004A:0256:02E9:024C|194:004A:0266:030B:023C|195:004A:0256:030A:023C|196:004A:0266:0301:025C
round3_phase1,0xFD,3842,0x0002,0x0003,0x0000,0x01,0x002F,0x0000,0x0000,actor_748,0,0x10C748,0x01,0x2F,0x01,0x00,0x0F,0x03,0x00,0x029B,0x0265,0x019D,0x01,0x00,0x00,46,1,46:4004:025D:01BF:0292
round3_phase1,0xFD,3842,0x0002,0x0003,0x0000,0x01,0x002F,0x0000,0x0000,actor_748,1,0x10C788,0x01,0xAD,0x01,0x00,0x02,0x03,0x00,0x0277,0x0265,0x02E8,0x01,0x00,0x00,47,1,47:400A:025D:0325:026B
round3_phase1,0xFD,3844,0x0002,0x0003,0x0000,0x01,0x002F,0x0000,0x0000,actor_2c8,5,0x10C408,0x01,0x68,0x01,0x00,0x01,0x00,0x02,0x0255,0x0279,0x02E8,0x00,0x4A,0x00,190,10,190:004A:0279:02F6:024E|191:004A:0269:02F4:024E|192:004A:0279:02F5:023E|193:004A:0266:030C:024E|194:004A:0256:02E9:024E|195:004A:0266:030B:023E|196:004A:0256:030A:023E|197:004A:0266:0301:025E
round3_phase1,0xFD,3844,0x0002,0x0003,0x0000,0x01,0x002F,0x0000,0x0000,actor_748,1,0x10C788,0x01,0xAE,0x01,0x00,0x02,0x03,0x00,0x027A,0x0265,0x02E8,0x01,0x00,0x00,47,1,47:400A:025D:0326:026E
round3_phase1,0xFD,3846,0x0002,0x0003,0x0000,0x01,0x002F,0x0000,0x0000,actor_2c8,5,0x10C408,0x01,0x68,0x01,0x00,0x01,0x00,0x02,0x0257,0x0279,0x02E8,0x00,0x4A,0x00,190,10,190:004A:0279:02F6:0250|191:004A:0269:02F4:0250|192:004A:0279:02F5:0240|193:004A:0266:030C:0250|194:004A:0256:02E9:0250|195:004A:0266:030B:0240|196:004A:0256:030A:0240|197:004A:0266:0301:0260
round3_phase1,0xFD,3846,0x0002,0x0003,0x0000,0x01,0x002F,0x0000,0x0000,actor_748,1,0x10C788,0x01,0xAF,0x01,0x00,0x02,0x03,0x00,0x027D,0x0265,0x02E8,0x01,0x00,0x00,47,1,47:400A:025D:0327:0271
round3_phase1,0xFD,3848,0x0002,0x0003,0x0000,0x01,0x002F,0x0000,0x0000,actor_748,1,0x10C788,0x01,0xB0,0x01,0x00,0x02,0x03,0x00,0x0280,0x0265,0x02E8,0x01,0x00,0x00,47,1,47:400A:025D:0328:0274
round3_phase1,0xFD,3850,0x0002,0x0003,0x0000,0x01,0x002F,0x0000,0x0000,actor_2c8,5,0x10C408,0x01,0x68,0x01,0x00,0x01,0x00,0x02,0x025B,0x0279,0x02E8,0x00,0x4A,0x00,190,10,190:004A:0279:02F6:0252|191:004A:0269:02F4:0252|192:004A:0279:02F5:0242|193:004A:0266:030C:0252|194:004A:0256:02E9:0252|195:004A:0266:030B:0242|196:004A:0256:030A:0242|197:004A:0266:0301:0262
round3_phase1,0xFD,3850,0x0002,0x0003,0x0000,0x01,0x002F,0x0000,0x0000,actor_748,1,0x10C788,0x01,0xB1,0x01,0x00,0x02,0x03,0x00,0x0283,0x0265,0x02E8,0x01,0x00,0x00,47,1,47:400A:025D:0329:0277
round3_phase1,0xFD,3852,0x0002,0x0003,0x0000,0x01,0x002F,0x0000,0x0000,actor_2c8,5,0x10C408,0x01,0xB4,0x01,0x00,0x01,0x00,0x02,0x025D,0x0279,0x02E8,0x00,0x4A,0x00,190,10,190:004A:0279:02F8:0250|191:004A:0269:02F7:0250|192:004A:0266:030C:0254|193:004A:0256:02E9:0254|194:004A:0266:030B:0244|195:004A:0256:030A:0244|196:004A:0266:0301:0264
round3_phase1,0xFD,3852,0x0002,0x0003,0x0000,0x01,0x002F,0x0000,0x0000,actor_748,1,0x10C788,0x01,0xAA,0x01,0x00,0x02,0x03,0x00,0x0286,0x0265,0x02E8,0x01,0x00,0x00,47,1,47:400A:025D:0322:027A
round3_phase1,0xFD,3854,0x0002,0x0003,0x0000,0x01,0x002F,0x0000,0x0000,actor_2c8,5,0x10C408,0x01,0xB4,0x01,0x00,0x01,0x00,0x02,0x025F,0x0279,0x02E8,0x00,0x4A,0x00,190,10,190:004A:0279:02F8:0252|191:004A:0269:02F7:0252|192:004A:0266:030C:0256|193:004A:0256:02E9:0256|194:004A:0266:030B:0246|195:004A:0256:030A:0246|196:004A:0266:0301:0266
round3_phase1,0xFD,3854,0x0002,0x0003,0x0000,0x01,0x002F,0x0000,0x0000,actor_748,1,0x10C788,0x01,0xAB,0x01,0x00,0x02,0x03,0x00,0x0289,0x0265,0x02E8,0x01,0x00,0x00,47,1,47:400A:025D:0323:027D
round3_phase1,0xFD,3856,0x0002,0x0003,0x0000,0x01,0x002F,0x0000,0x0000,actor_2c8,5,0x10C408,0x01,0xB4,0x01,0x00,0x01,0x00,0x02,0x025F,0x0279,0x02E8,0x00,0x4A,0x00,190,10,190:004A:0279:02F8:0254|191:004A:0269:02F7:0254|192:004A:0266:030C:0258|193:004A:0256:02E9:0258|194:004A:0266:030B:0248|195:004A:0256:030A:0248|196:004A:0266:0301:0268
round3_phase1,0xFD,3856,0x0002,0x0003,0x0000,0x01,0x002F,0x0000,0x0000,actor_748,1,0x10C788,0x01,0xAC,0x01,0x00,0x02,0x03,0x00,0x028C,0x0265,0x02E8,0x01,0x00,0x00,47,1,47:400A:025D:0324:0280
round3_phase1,0xFD,3858,0x0002,0x0003,0x0000,0x01,0x002F,0x0000,0x0000,actor_2c8,5,0x10C408,0x01,0xB4,0x01,0x00,0x01,0x00,0x02,0x0261,0x0279,0x02E8,0x00,0x4A,0x00,190,10,190:004A:0279:02F8:0256|191:004A:0269:02F7:0256|192:004A:0266:030C:025A|193:004A:0256:02E9:025A|194:004A:0266:030B:024A|195:004A:0256:030A:024A|196:004A:0266:0301:026A
round3_phase1,0xFD,3858,0x0002,0x0003,0x0000,0x01,0x002F,0x0000,0x0000,actor_748,1,0x10C788,0x01,0xAD,0x01,0x00,0x02,0x03,0x00,0x028F,0x0265,0x02E8,0x01,0x00,0x00,47,1,47:400A:025D:0325:0283
round3_phase1,0xFD,3860,0x0002,0x0003,0x0000,0x01,0x002F,0x0000,0x0000,actor_2c8,5,0x10C408,0x01,0x68,0x01,0x00,0x01,0x00,0x02,0x0263,0x0279,0x02E8,0x00,0x4A,0x00,190,10,190:004A:0279:02F6:025C|191:004A:0269:02F4:025C|192:004A:0279:02F5:024C|193:004A:0266:030C:025C|194:004A:0256:02E9:025C|195:004A:0266:030B:024C|196:004A:0256:030A:024C|197:004A:0266:0301:026C
round3_phase1,0xFD,3860,0x0002,0x0003,0x0000,0x01,0x002F,0x0000,0x0000,actor_748,1,0x10C788,0x01,0xAE,0x01,0x00,0x02,0x03,0x00,0x0292,0x0265,0x02E8,0x01,0x00,0x00,47,1,47:400A:025D:0326:0286
round3_phase1,0xFD,3862,0x0002,0x0003,0x0000,0x01,0x002F,0x0000,0x0000,actor_2c8,5,0x10C408,0x01,0x68,0x01,0x00,0x01,0x00,0x02,0x0265,0x0279,0x02E8,0x00,0x4A,0x00,190,10,190:004A:0279:02F6:025E|191:004A:0269:02F4:025E|192:004A:0279:02F5:024E|193:004A:0266:030C:025E|194:004A:0256:02E9:025E|195:004A:0266:030B:024E|196:004A:0256:030A:024E|197:004A:0266:0301:026E
round3_phase1,0xFD,3862,0x0002,0x0003,0x0000,0x01,0x002F,0x0000,0x0000,actor_748,1,0x10C788,0x01,0xAF,0x01,0x00,0x02,0x03,0x00,0x0295,0x0265,0x02E8,0x01,0x00,0x00,47,1,47:400A:025D:0327:0289
round3_phase1,0xFD,3864,0x0002,0x0003,0x0000,0x01,0x002F,0x0000,0x0000,actor_2c8,5,0x10C408,0x01,0x68,0x01,0x00,0x01,0x00,0x02,0x0267,0x0279,0x02E8,0x00,0x4A,0x00,190,10,190:004A:0279:02F6:0260|191:004A:0269:02F4:0260|192:004A:0279:02F5:0250|193:004A:0266:030C:0260|194:004A:0256:02E9:0260|195:004A:0266:030B:0250|196:004A:0256:030A:0250|197:004A:0266:0301:0270
round3_phase1,0xFD,3864,0x0002,0x0003,0x0000,0x01,0x002F,0x0000,0x0000,actor_748,1,0x10C788,0x01,0xB0,0x01,0x00,0x02,0x03,0x00,0x0298,0x0265,0x02E8,0x01,0x00,0x00,47,1,47:400A:025D:0328:028C
round3_phase1,0xFD,3866,0x0002,0x0003,0x0000,0x01,0x002F,0x0000,0x0000,actor_748,1,0x10C788,0x01,0xB1,0x01,0x00,0x0F,0x03,0x00,0x029B,0x0265,0x02E8,0x01,0x00,0x00,47,1,47:400A:025D:0329:028F
round3_phase1,0xFD,3868,0x0002,0x0003,0x0000,0x01,0x002F,0x0000,0x0000,actor_2c8,5,0x10C408,0x01,0xB3,0x01,0x00,0x01,0x00,0x02,0x026B,0x0279,0x02E8,0x00,0x4A,0x00,190,10,190:004A:0279:02F3:025B|191:004A:0269:02F2:025B|192:004A:0266:030C:0262|193:004A:0256:02E9:0262|194:004A:0266:030B:0252|195:004A:0256:030A:0252|196:004A:0266:0301:0272
round3_phase1,0xFD,3868,0x0002,0x0003,0x0000,0x01,0x002F,0x0000,0x0000,actor_748,1,0x10C788,0x01,0x2B,0x01,0x00,0x0F,0x03,0x00,0x029B,0x0265,0x019D,0x01,0x00,0x00,47,1,47:4004:025D:01BB:0292
round3_phase1,0xFD,3870,0x0002,0x0003,0x0000,0x01,0x002F,0x0000,0x0000,actor_2c8,5,0x10C408,0x01,0xB3,0x01,0x00,0x01,0x00,0x02,0x026D,0x0279,0x02E8,0x00,0x4A,0x00,190,10,190:004A:0279:02F3:025D|191:004A:0269:02F2:025D|192:004A:0266:030C:0264|193:004A:0256:02E9:0264|194:004A:0266:030B:0254|195:004A:0256:030A:0254|196:004A:0266:0301:0274
round3_phase1,0xFD,3872,0x0002,0x0003,0x0000,0x01,0x002F,0x0000,0x0000,actor_2c8,5,0x10C408,0x01,0xB3,0x01,0x00,0x01,0x00,0x02,0x026F,0x0279,0x02E8,0x00,0x4A,0x00,190,10,190:004A:0279:02F3:025F|191:004A:0269:02F2:025F|192:004A:0266:030C:0266|193:004A:0256:02E9:0266|194:004A:0266:030B:0256|195:004A:0256:030A:0256|196:004A:0266:0301:0276
round3_phase1,0xFD,3872,0x0002,0x0003,0x0000,0x01,0x002F,0x0000,0x0000,actor_748,1,0x10C788,0x01,0x2D,0x01,0x00,0x0F,0x03,0x00,0x029B,0x0265,0x019D,0x01,0x00,0x00,47,1,47:4004:025D:01BD:0292
round3_phase1,0xFD,3874,0x0002,0x0003,0x0000,0x01,0x002F,0x0000,0x0000,actor_2c8,5,0x10C408,0x01,0xB3,0x00,0x00,0x02,0x00,0x02,0x026F,0x0279,0x02E8,0x00,0x4A,0x00,190,10,190:004A:0279:02F3:0261|191:004A:0269:02F2:0261|192:004A:0266:030C:0268|193:004A:0256:02E9:0268|194:004A:0266:030B:0258|195:004A:0256:030A:0258|196:004A:0266:0301:0278
round3_phase1,0xFD,3876,0x0002,0x0003,0x0000,0x01,0x002F,0x0000,0x0000,actor_2c8,5,0x10C408,0x01,0x68,0x00,0x00,0x02,0x00,0x02,0x026B,0x0279,0x02E8,0x01,0x4A,0x00,190,10,190:004A:0279:02F6:0266|191:004A:0269:02F4:0266|192:004A:0279:02F5:0256|193:004A:0266:030C:0266|194:004A:0256:02E9:0266|195:004A:0266:030B:0256|196:004A:0256:030A:0256|197:004A:0266:0301:0276
round3_phase1,0xFD,3876,0x0002,0x0003,0x0000,0x01,0x002F,0x0000,0x0000,actor_748,1,0x10C788,0x01,0x2F,0x01,0x00,0x0F,0x03,0x00,0x029B,0x0265,0x019D,0x01,0x00,0x00,47,1,47:4004:025D:01BF:0292
round3_phase1,0xFD,3878,0x0002,0x0003,0x0000,0x01,0x002F,0x0000,0x0000,actor_2c8,5,0x10C408,0x01,0x68,0x00,0x00,0x02,0x00,0x02,0x0267,0x0279,0x02E8,0x01,0x4A,0x00,190,10,190:004A:0279:02F6:0262|191:004A:0269:02F4:0262|192:004A:0279:02F5:0252|193:004A:0266:030C:0262|194:004A:0256:02E9:0262|195:004A:0266:030B:0252|196:004A:0256:030A:0252|197:004A:0266:0301:0272
round3_phase1,0xFD,3888,0x0002,0x0003,0x0000,0x01,0x002F,0x0000,0x0000,actor_2c8,5,0x10C408,0x01,0xB4,0x00,0x00,0x02,0x00,0x02,0x0257,0x0279,0x02E8,0x01,0x4A,0x00,190,10,190:004A:0279:02F8:024E|191:004A:0269:02F7:024E|192:004A:0266:030C:0252|193:004A:0256:02E9:0252|194:004A:0266:030B:0242|195:004A:0256:030A:0242|196:004A:0266:0301:0262
round3_phase1,0xFD,3890,0x0002,0x0003,0x0000,0x01,0x002F,0x0000,0x0000,actor_2c8,5,0x10C408,0x01,0xB4,0x01,0x00,0x01,0x00,0x02,0x0259,0x0279,0x02E8,0x00,0x4A,0x00,190,10,190:004A:0279:02F8:024C|191:004A:0269:02F7:024C|192:004A:0266:030C:0250|193:004A:0256:02E9:0250|194:004A:0266:030B:0240|195:004A:0256:030A:0240|196:004A:0266:0301:0260
round3_phase1,0xFD,3892,0x0002,0x0003,0x0000,0x01,0x002F,0x0000,0x0000,actor_2c8,5,0x10C408,0x01,0x68,0x01,0x00,0x01,0x00,0x02,0x025D,0x0279,0x02E8,0x00,0x4A,0x00,190,10,190:004A:0279:02F6:0254|191:004A:0269:02F4:0254|192:004A:0279:02F5:0244|193:004A:0266:030C:0254|194:004A:0256:02E9:0254|195:004A:0266:030B:0244|196:004A:0256:030A:0244|197:004A:0266:0301:0264
round3_phase1,0xFD,3894,0x0002,0x0003,0x0000,0x01,0x002F,0x0000,0x0000,actor_2c8,5,0x10C408,0x01,0x68,0x01,0x00,0x01,0x00,0x02,0x025F,0x0279,0x02E8,0x00,0x4A,0x00,190,10,190:004A:0279:02F6:0258|191:004A:0269:02F4:0258|192:004A:0279:02F5:0248|193:004A:0266:030C:0258|194:004A:0256:02E9:0258|195:004A:0266:030B:0248|196:004A:0256:030A:0248|197:004A:0266:0301:0268
round3_phase1,0xFD,3896,0x0002,0x0003,0x0000,0x01,0x002F,0x0000,0x0000,actor_2c8,5,0x10C408,0x01,0x68,0x01,0x00,0x01,0x00,0x02,0x0263,0x0279,0x02E8,0x00,0x4A,0x00,190,10,190:004A:0279:02F6:025A|191:004A:0269:02F4:025A|192:004A:0279:02F5:024A|193:004A:0266:030C:025A|194:004A:0256:02E9:025A|195:004A:0266:030B:024A|196:004A:0256:030A:024A|197:004A:0266:0301:026A
round3_phase1,0xFD,3900,0x0002,0x0003,0x0000,0x01,0x002F,0x0000,0x0000,actor_2c8,5,0x10C408,0x01,0xB3,0x01,0x00,0x01,0x00,0x02,0x0269,0x0279,0x02E8,0x00,0x4A,0x00,190,10,190:004A:0279:02F3:0259|191:004A:0269:02F2:0259|192:004A:0266:030C:0260|193:004A:0256:02E9:0260|194:004A:0266:030B:0250|195:004A:0256:030A:0250|196:004A:0266:0301:0270
round3_phase1,0xFD,3922,0x0002,0x0003,0x0000,0x01,0x002F,0x0000,0x0000,actor_2c8,5,0x10C408,0x01,0xB4,0x00,0x00,0x02,0x00,0x02,0x0251,0x0279,0x02E8,0x01,0x4A,0x00,190,10,190:004A:0279:02F8:0248|191:004A:0269:02F7:0248|192:004A:0266:030C:024C|193:004A:0256:02E9:024C|194:004A:0266:030B:023C|195:004A:0256:030A:023C|196:004A:0266:0301:025C
round3_phase1,0xFD,3924,0x0002,0x0003,0x0000,0x01,0x002F,0x0000,0x0000,actor_2c8,5,0x10C408,0x01,0x68,0x00,0x00,0x02,0x00,0x02,0x024F,0x0279,0x02E8,0x01,0x4A,0x00,190,10,190:004A:0279:02F6:0248|191:004A:0269:02F4:0248|192:004A:0279:02F5:0238|193:004A:0266:030C:0248|194:004A:0256:02E9:0248|195:004A:0266:030B:0238|196:004A:0256:030A:0238|197:004A:0266:0301:0258
round3_phase1,0xFD,3926,0x0002,0x0003,0x0000,0x01,0x002F,0x0000,0x0000,actor_2c8,5,0x10C408,0x01,0x68,0x00,0x00,0x02,0x00,0x02,0x024B,0x0279,0x02E8,0x01,0x4A,0x00,190,10,190:004A:0279:02F6:0246|191:004A:0269:02F4:0246|192:004A:0279:02F5:0236|193:004A:0266:030C:0246|194:004A:0256:02E9:0246|195:004A:0266:030B:0236|196:004A:0256:030A:0236|197:004A:0266:0301:0256
round3_phase1,0xFD,3932,0x0002,0x0003,0x0000,0x01,0x002F,0x0000,0x0000,actor_2c8,5,0x10C408,0x01,0xB3,0x00,0x00,0x02,0x00,0x02,0x0241,0x0279,0x02E8,0x01,0x4A,0x00,190,10,190:004A:0279:02F3:0235|191:004A:0269:02F2:0235|192:004A:0266:030C:023C|193:004A:0256:02E9:023C|194:004A:0266:030B:022C|195:004A:0256:030A:022C|196:004A:0266:0301:024C
round3_phase1,0xFD,3934,0x0002,0x0003,0x0000,0x01,0x002F,0x0000,0x0000,actor_2c8,5,0x10C408,0x01,0xB3,0x00,0x00,0x02,0x00,0x02,0x023F,0x0279,0x02E8,0x01,0x4A,0x00,190,10,190:004A:0279:02F3:0231|191:004A:0269:02F2:0231|192:004A:0266:030C:0238|193:004A:0256:02E9:0238|194:004A:0266:030B:0228|195:004A:0256:030A:0228|196:004A:0266:0301:0248
round3_phase1,0xFD,3936,0x0002,0x0003,0x0000,0x01,0x002F,0x0000,0x0000,actor_2c8,5,0x10C408,0x01,0xB3,0x00,0x00,0x02,0x00,0x02,0x023B,0x0279,0x02E8,0x01,0x4A,0x00,190,10,190:004A:0279:02F3:022F|191:004A:0269:02F2:022F|192:004A:0266:030C:0236|193:004A:0256:02E9:0236|194:004A:0266:030B:0226|195:004A:0256:030A:0226|196:004A:0266:0301:0246
round3_phase1,0xFD,3938,0x0002,0x0003,0x0000,0x01,0x002F,0x0000,0x0000,actor_2c8,5,0x10C408,0x01,0xB3,0x00,0x00,0x02,0x00,0x02,0x0237,0x0279,0x02E8,0x00,0x4A,0x00,190,10,190:004A:0279:02F3:022B|191:004A:0269:02F2:022B|192:004A:0266:030C:0232|193:004A:0256:02E9:0232|194:004A:0266:030B:0222|195:004A:0256:030A:0222|196:004A:0266:0301:0242
round3_phase1,0xFD,3940,0x0002,0x0003,0x0000,0x01,0x002F,0x0000,0x0000,actor_2c8,5,0x10C408,0x01,0x68,0x00,0x00,0x02,0x00,0x02,0x0235,0x0279,0x02E8,0x00,0x4A,0x00,190,10,190:404A:0279:02F6:022D|191:404A:0269:02F4:022D|192:404A:0279:02F5:023D|193:404A:0266:030C:022D|194:404A:0256:02E9:022D|195:404A:0266:030B:023D|196:404A:0256:030A:023D|197:404A:0266:0301:021D
round3_phase1,0xFD,3942,0x0002,0x0003,0x0000,0x01,0x002F,0x0000,0x0000,actor_2c8,5,0x10C408,0x01,0x68,0x00,0x00,0x02,0x00,0x02,0x0233,0x0279,0x02E8,0x00,0x4A,0x00,190,10,190:404A:0279:02F6:022B|191:404A:0269:02F4:022B|192:404A:0279:02F5:023B|193:404A:0266:030C:022B|194:404A:0256:02E9:022B|195:404A:0266:030B:023B|196:404A:0256:030A:023B|197:404A:0266:0301:021B
round3_phase1,0xFD,3944,0x0002,0x0003,0x0000,0x01,0x002F,0x0000,0x0000,actor_2c8,5,0x10C408,0x01,0x68,0x00,0x00,0x02,0x00,0x02,0x0231,0x0279,0x02E8,0x00,0x4A,0x00,190,10,190:404A:0279:02F6:0229|191:404A:0269:02F4:0229|192:404A:0279:02F5:0239|193:404A:0266:030C:0229|194:404A:0256:02E9:0229|195:404A:0266:030B:0239|196:404A:0256:030A:0239|197:404A:0266:0301:0219
round3_phase1,0xFD,3946,0x0002,0x0003,0x0000,0x01,0x002F,0x0000,0x0000,actor_2c8,5,0x10C408,0x01,0x68,0x00,0x00,0x02,0x00,0x02,0x022F,0x0279,0x02E8,0x00,0x4A,0x00,190,10,190:404A:0279:02F6:0227|191:404A:0269:02F4:0227|192:404A:0279:02F5:0237|193:404A:0266:030C:0227|194:404A:0256:02E9:0227|195:404A:0266:030B:0237|196:404A:0256:030A:0237|197:404A:0266:0301:0217
round3_phase1,0xFD,3948,0x0002,0x0003,0x0000,0x01,0x002F,0x0000,0x0000,actor_2c8,5,0x10C408,0x01,0xB4,0x00,0x00,0x02,0x00,0x02,0x022F,0x0279,0x02E8,0x00,0x4A,0x00,190,10,190:404A:0279:02F8:0229|191:404A:0269:02F7:0229|192:404A:0266:030C:0225|193:404A:0256:02E9:0225|194:404A:0266:030B:0235|195:404A:0256:030A:0235|196:404A:0266:0301:0215
round3_phase1,0xFD,3950,0x0002,0x0003,0x0000,0x01,0x002F,0x0000,0x0000,actor_2c8,5,0x10C408,0x01,0xB4,0x00,0x00,0x02,0x00,0x02,0x022D,0x0279,0x02E8,0x00,0x4A,0x00,190,10,190:404A:0279:02F8:0227|191:404A:0269:02F7:0227|192:404A:0266:030C:0223|193:404A:0256:02E9:0223|194:404A:0266:030B:0233|195:404A:0256:030A:0233|196:404A:0266:0301:0213
round3_phase1,0xFD,3952,0x0002,0x0003,0x0000,0x01,0x002F,0x0000,0x0000,actor_2c8,5,0x10C408,0x01,0xB4,0x00,0x00,0x02,0x00,0x02,0x022B,0x0279,0x02E8,0x00,0x4A,0x00,190,10,190:404A:0279:02F8:0225|191:404A:0269:02F7:0225|192:404A:0266:030C:0221|193:404A:0256:02E9:0221|194:404A:0266:030B:0231|195:404A:0256:030A:0231|196:404A:0266:0301:0211
round3_phase1,0xFD,3954,0x0002,0x0003,0x0000,0x01,0x002F,0x0000,0x0000,actor_2c8,5,0x10C408,0x01,0xB4,0x00,0x00,0x02,0x00,0x02,0x0229,0x0279,0x02E8,0x00,0x4A,0x00,190,10,190:404A:0279:02F8:0223|191:404A:0269:02F7:0223|192:404A:0266:030C:021F|193:404A:0256:02E9:021F|194:404A:0266:030B:022F|195:404A:0256:030A:022F|196:404A:0266:0301:020F
round3_phase1,0xFD,3956,0x0002,0x0003,0x0000,0x01,0x002F,0x0000,0x0000,actor_2c8,5,0x10C408,0x01,0x68,0x00,0x00,0x02,0x00,0x02,0x0227,0x0279,0x02E8,0x00,0x4A,0x00,190,10,190:404A:0279:02F6:021D|191:404A:0269:02F4:021D|192:404A:0279:02F5:022D|193:404A:0266:030C:021D|194:404A:0256:02E9:021D|195:404A:0266:030B:022D|196:404A:0256:030A:022D|197:404A:0266:0301:020D
round3_phase1,0xFD,3960,0x0002,0x0003,0x0000,0x01,0x002F,0x0000,0x0000,actor_2c8,5,0x10C408,0x01,0x68,0x01,0x00,0x01,0x00,0x02,0x022B,0x0279,0x02E8,0x00,0x4A,0x00,190,10,190:004A:0279:02F6:0222|191:004A:0269:02F4:0222|192:004A:0279:02F5:0212|193:004A:0266:030C:0222|194:004A:0256:02E9:0222|195:004A:0266:030B:0212|196:004A:0256:030A:0212|197:004A:0266:0301:0232
round3_phase1,0xFD,3962,0x0002,0x0003,0x0000,0x01,0x002F,0x0000,0x0000,actor_2c8,5,0x10C408,0x01,0x68,0x01,0x00,0x01,0x00,0x02,0x022D,0x0279,0x02E8,0x00,0x4A,0x00,190,10,190:004A:0279:02F6:0224|191:004A:0269:02F4:0224|192:004A:0279:02F5:0214|193:004A:0266:030C:0224|194:004A:0256:02E9:0224|195:004A:0266:030B:0214|196:004A:0256:030A:0214|197:004A:0266:0301:0234
round3_phase1,0xFD,3964,0x0002,0x0003,0x0000,0x01,0x002F,0x0000,0x0000,actor_2c8,5,0x10C408,0x01,0xB3,0x01,0x00,0x01,0x00,0x02,0x022F,0x0279,0x02E8,0x00,0x4A,0x00,190,10,190:004A:0279:02F3:021F|191:004A:0269:02F2:021F|192:004A:0266:030C:0226|193:004A:0256:02E9:0226|194:004A:0266:030B:0216|195:004A:0256:030A:0216|196:004A:0266:0301:0236
round3_phase1,0xFD,3966,0x0002,0x0003,0x0000,0x01,0x002F,0x0000,0x0000,actor_2c8,5,0x10C408,0x01,0xB3,0x01,0x00,0x01,0x00,0x02,0x022F,0x0279,0x02E8,0x00,0x4A,0x00,190,10,190:004A:0279:02F3:0221|191:004A:0269:02F2:0221|192:004A:0266:030C:0228|193:004A:0256:02E9:0228|194:004A:0266:030B:0218|195:004A:0256:030A:0218|196:004A:0266:0301:0238
round3_phase1,0xFD,3968,0x0002,0x0003,0x0000,0x01,0x002F,0x0000,0x0000,actor_2c8,5,0x10C408,0x01,0xB3,0x01,0x00,0x01,0x00,0x02,0x0231,0x0279,0x02E8,0x00,0x4A,0x00,190,10,190:004A:0279:02F3:0223|191:004A:0269:02F2:0223|192:004A:0266:030C:022A|193:004A:0256:02E9:022A|194:004A:0266:030B:021A|195:004A:0256:030A:021A|196:004A:0266:0301:023A
round3_phase1,0xFD,3970,0x0002,0x0003,0x0000,0x01,0x002F,0x0000,0x0000,actor_2c8,5,0x10C408,0x01,0xB3,0x01,0x00,0x01,0x00,0x02,0x0233,0x0279,0x02E8,0x00,0x4A,0x00,190,10,190:004A:0279:02F3:0225|191:004A:0269:02F2:0225|192:004A:0266:030C:022C|193:004A:0256:02E9:022C|194:004A:0266:030B:021C|195:004A:0256:030A:021C|196:004A:0266:0301:023C
round3_phase1,0xFD,3972,0x0002,0x0003,0x0000,0x01,0x002F,0x0000,0x0000,actor_2c8,5,0x10C408,0x01,0x68,0x01,0x00,0x01,0x00,0x02,0x0235,0x0279,0x02E8,0x00,0x4A,0x00,190,10,190:004A:0279:02F6:022E|191:004A:0269:02F4:022E|192:004A:0279:02F5:021E|193:004A:0266:030C:022E|194:004A:0256:02E9:022E|195:004A:0266:030B:021E|196:004A:0256:030A:021E|197:004A:0266:0301:023E
round3_phase1,0xFD,3974,0x0002,0x0003,0x0000,0x01,0x002F,0x0000,0x0000,actor_2c8,5,0x10C408,0x01,0x68,0x01,0x00,0x01,0x00,0x02,0x0237,0x0279,0x02E8,0x00,0x4A,0x00,190,10,190:004A:0279:02F6:0230|191:004A:0269:02F4:0230|192:004A:0279:02F5:0220|193:004A:0266:030C:0230|194:004A:0256:02E9:0230|195:004A:0266:030B:0220|196:004A:0256:030A:0220|197:004A:0266:0301:0240
round3_phase1,0xFD,3978,0x0002,0x0003,0x0000,0x01,0x002F,0x0000,0x0000,actor_2c8,5,0x10C408,0x01,0x68,0x01,0x00,0x01,0x00,0x02,0x023B,0x0279,0x02E8,0x00,0x4A,0x00,190,10,190:004A:0279:02F6:0232|191:004A:0269:02F4:0232|192:004A:0279:02F5:0222|193:004A:0266:030C:0232|194:004A:0256:02E9:0232|195:004A:0266:030B:0222|196:004A:0256:030A:0222|197:004A:0266:0301:0242
round3_phase1,0xFD,3980,0x0002,0x0003,0x0000,0x01,0x002F,0x0000,0x0000,actor_2c8,5,0x10C408,0x01,0xB4,0x01,0x00,0x01,0x00,0x02,0x023D,0x0279,0x02E8,0x00,0x4A,0x00,190,10,190:004A:0279:02F8:0230|191:004A:0269:02F7:0230|192:004A:0266:030C:0234|193:004A:0256:02E9:0234|194:004A:0266:030B:0224|195:004A:0256:030A:0224|196:004A:0266:0301:0244
round3_phase1,0xFD,3982,0x0002,0x0003,0x0000,0x01,0x002F,0x0000,0x0000,actor_2c8,5,0x10C408,0x01,0xB4,0x01,0x00,0x01,0x00,0x02,0x023F,0x0279,0x02E8,0x00,0x4A,0x00,190,10,190:004A:0279:02F8:0232|191:004A:0269:02F7:0232|192:004A:0266:030C:0236|193:004A:0256:02E9:0236|194:004A:0266:030B:0226|195:004A:0256:030A:0226|196:004A:0266:0301:0246
round3_phase1,0xFD,3984,0x0002,0x0003,0x0000,0x01,0x002F,0x0000,0x0000,actor_2c8,5,0x10C408,0x01,0xB4,0x01,0x00,0x01,0x00,0x02,0x023F,0x0279,0x02E8,0x00,0x4A,0x00,190,10,190:004A:0279:02F8:0234|191:004A:0269:02F7:0234|192:004A:0266:030C:0238|193:004A:0256:02E9:0238|194:004A:0266:030B:0228|195:004A:0256:030A:0228|196:004A:0266:0301:0248
round3_phase1,0xFD,3988,0x0002,0x0003,0x0000,0x01,0x002F,0x0000,0x0000,actor_2c8,5,0x10C408,0x01,0x68,0x01,0x00,0x01,0x00,0x02,0x0243,0x0279,0x02E8,0x00,0x4A,0x00,190,10,190:004A:0279:02F6:023C|191:004A:0269:02F4:023C|192:004A:0279:02F5:022C|193:004A:0266:030C:023C|194:004A:0256:02E9:023C|195:004A:0266:030B:022C|196:004A:0256:030A:022C|197:004A:0266:0301:024C
round3_phase1,0xFD,3990,0x0002,0x0003,0x0000,0x01,0x002F,0x0000,0x0000,actor_2c8,5,0x10C408,0x01,0x68,0x01,0x00,0x01,0x00,0x02,0x0245,0x0279,0x02E8,0x00,0x4A,0x00,190,10,190:004A:0279:02F6:023E|191:004A:0269:02F4:023E|192:004A:0279:02F5:022E|193:004A:0266:030C:023E|194:004A:0256:02E9:023E|195:004A:0266:030B:022E|196:004A:0256:030A:022E|197:004A:0266:0301:024E
round3_phase1,0xFD,3996,0x0002,0x0003,0x0000,0x01,0x002F,0x0000,0x0000,actor_2c8,5,0x10C408,0x01,0xB3,0x01,0x00,0x01,0x00,0x02,0x024B,0x0279,0x02E8,0x00,0x4A,0x00,190,10,190:004A:0279:02F3:023B|191:004A:0269:02F2:023B|192:004A:0266:030C:0242|193:004A:0256:02E9:0242|194:004A:0266:030B:0232|195:004A:0256:030A:0232|196:004A:0266:0301:0252
round3_phase1,0xFD,3998,0x0002,0x0003,0x0000,0x01,0x002F,0x0000,0x0000,actor_2c8,5,0x10C408,0x01,0xB3,0x01,0x00,0x01,0x00,0x02,0x024D,0x0279,0x02E8,0x00,0x4A,0x00,190,10,190:004A:0279:02F3:023D|191:004A:0269:02F2:023D|192:004A:0266:030C:0244|193:004A:0256:02E9:0244|194:004A:0266:030B:0234|195:004A:0256:030A:0234|196:004A:0266:0301:0254
round3_phase1,0xFD,4004,0x0002,0x0003,0x0000,0x01,0x002F,0x0000,0x0000,actor_2c8,5,0x10C408,0x01,0x68,0x01,0x00,0x01,0x00,0x02,0x0251,0x0279,0x02E8,0x00,0x4A,0x00,190,10,190:004A:0279:02F6:024A|191:004A:0269:02F4:024A|192:004A:0279:02F5:023A|193:004A:0266:030C:024A|194:004A:0256:02E9:024A|195:004A:0266:030B:023A|196:004A:0256:030A:023A|197:004A:0266:0301:025A
round3_phase1,0xFD,4006,0x0002,0x0003,0x0000,0x01,0x002F,0x0000,0x0000,actor_2c8,5,0x10C408,0x01,0x68,0x01,0x00,0x01,0x00,0x02,0x0253,0x0279,0x02E8,0x00,0x4A,0x00,190,10,190:004A:0279:02F6:024C|191:004A:0269:02F4:024C|192:004A:0279:02F5:023C|193:004A:0266:030C:024C|194:004A:0256:02E9:024C|195:004A:0266:030B:023C|196:004A:0256:030A:023C|197:004A:0266:0301:025C
round3_phase1,0xFD,4014,0x0002,0x0003,0x0000,0x01,0x002F,0x0000,0x0000,actor_2c8,5,0x10C408,0x01,0xB4,0x01,0x00,0x01,0x00,0x02,0x025B,0x027F,0x02E8,0x00,0x4A,0x00,190,10,190:004A:027C:02F8:024E|191:004A:026C:02F7:024E|192:004A:0269:030C:0252|193:004A:0259:02E9:0252|194:004A:0269:030B:0242|195:004A:0259:030A:0242|196:004A:0269:0301:0262
round3_phase1,0xFD,4014,0x0002,0x0003,0x0000,0x01,0x002F,0x0000,0x0000,actor_2c8,6,0x10C448,0x01,0xCE,0x01,0x00,0x1F,0x00,0x00,0x007F,0x027F,0x0420,0x00,0x47,0x00,200,10,200:0047:025B:0431:006F|201:0047:025B:0432:007F|202:0047:026B:0433:006F|203:0047:026B:0434:007F|204:0047:026C:0424:0077|205:0047:027C:0425:006F|206:0047:027C:0426:007F
round3_phase1,0xFD,4016,0x0002,0x0003,0x0000,0x01,0x002F,0x0000,0x0000,actor_2c8,5,0x10C408,0x01,0xB4,0x01,0x00,0x01,0x00,0x02,0x025D,0x0285,0x02E8,0x00,0x4A,0x00,190,10,190:004A:0282:02F8:0250|191:004A:0272:02F7:0250|192:004A:026F:030C:0254|193:004A:025F:02E9:0254|194:004A:026F:030B:0244|195:004A:025F:030A:0244|196:004A:026F:0301:0264
round3_phase1,0xFD,4016,0x0002,0x0003,0x0000,0x01,0x002F,0x0000,0x0000,actor_2c8,6,0x10C448,0x01,0xCF,0x01,0x00,0x1F,0x00,0x00,0x007F,0x0285,0x0420,0x00,0x47,0x00,200,10,200:0047:0261:0431:006F|201:0047:0261:0432:007F|202:0047:0271:0433:006F|203:0047:0271:0434:007F|204:0047:0272:0424:0077|205:0047:0282:0425:006F|206:0047:0282:0426:007F
round3_phase1,0xFD,4018,0x0002,0x0003,0x0000,0x01,0x002F,0x0000,0x0000,actor_2c8,5,0x10C408,0x01,0xB4,0x01,0x00,0x01,0x00,0x02,0x025F,0x0289,0x02E8,0x00,0x4A,0x00,190,10,190:004A:0287:02F8:0252|191:004A:0277:02F7:0252|192:004A:0274:030C:0256|193:004A:0264:02E9:0256|194:004A:0274:030B:0246|195:004A:0264:030A:0246|196:004A:0274:0301:0266
round3_phase1,0xFD,4018,0x0002,0x0003,0x0000,0x01,0x002F,0x0000,0x0000,actor_2c8,6,0x10C448,0x01,0xCF,0x01,0x00,0x1F,0x00,0x00,0x007F,0x0289,0x0420,0x00,0x47,0x00,200,10,200:0047:0266:0435:006F|201:0047:0266:0436:007F|202:0047:0266:0437:008F|203:0047:0276:0438:006F|204:0047:0276:0439:007F|205:0047:0277:0424:0077|206:0047:0287:0425:006F|207:0047:0287:0426:007F
round3_phase1,0xFD,4020,0x0002,0x0003,0x0000,0x01,0x002F,0x0000,0x0000,actor_2c8,5,0x10C408,0x01,0x68,0x01,0x00,0x01,0x00,0x02,0x025F,0x028B,0x02E8,0x00,0x4A,0x00,190,10,190:004A:028A:02F6:0258|191:004A:027A:02F4:0258|192:004A:028A:02F5:0248|193:004A:0277:030C:0258|194:004A:0267:02E9:0258|195:004A:0277:030B:0248|196:004A:0267:030A:0248|197:004A:0277:0301:0268
round3_phase1,0xFD,4020,0x0002,0x0003,0x0000,0x01,0x002F,0x0000,0x0000,actor_2c8,6,0x10C448,0x01,0xCF,0x01,0x00,0x1F,0x00,0x00,0x007F,0x028B,0x0420,0x00,0x47,0x00,200,10,200:0047:0269:0435:006F|201:0047:0269:0436:007F|202:0047:0269:0437:008F|203:0047:0279:0438:006F|204:0047:0279:0439:007F|205:0047:027A:0424:0077|206:0047:028A:0425:006F|207:0047:028A:0426:007F
round3_phase1,0xFD,4022,0x0002,0x0003,0x0000,0x01,0x002F,0x0000,0x0000,actor_2c8,5,0x10C408,0x01,0x68,0x01,0x00,0x01,0x00,0x02,0x0261,0x028B,0x02E8,0x00,0x4A,0x00,190,10,190:004A:028B:02F6:025A|191:004A:027B:02F4:025A|192:004A:028B:02F5:024A|193:004A:0278:030C:025A|194:004A:0268:02E9:025A|195:004A:0278:030B:024A|196:004A:0268:030A:024A|197:004A:0278:0301:026A
round3_phase1,0xFD,4022,0x0002,0x0003,0x0000,0x01,0x002F,0x0000,0x0000,actor_2c8,6,0x10C448,0x01,0xC9,0x01,0x00,0x1F,0x00,0x00,0x007F,0x028B,0x0420,0x00,0x47,0x00,200,10,200:0047:026A:0435:006F|201:0047:026A:0436:007F|202:0047:026A:0437:008F|203:0047:027A:0438:006F|204:0047:027A:0439:007F|205:0047:027B:0424:0077|206:0047:028B:0425:006F|207:0047:028B:0426:007F
round3_phase1,0xFD,4024,0x0002,0x0003,0x0000,0x01,0x002F,0x0000,0x0000,actor_2c8,5,0x10C408,0x01,0x68,0x01,0x00,0x01,0x00,0x02,0x0263,0x028B,0x02E8,0x00,0x4A,0x00,190,10,190:004A:028B:02F6:025C|191:004A:027B:02F4:025C|192:004A:028B:02F5:024C|193:004A:0278:030C:025C|194:004A:0268:02E9:025C|195:004A:0278:030B:024C|196:004A:0268:030A:024C|197:004A:0278:0301:026C
round3_phase1,0xFD,4024,0x0002,0x0003,0x0000,0x01,0x002F,0x0000,0x0000,actor_2c8,6,0x10C448,0x01,0xC9,0x01,0x00,0x1F,0x00,0x00,0x007F,0x028B,0x0420,0x00,0x47,0x00,200,10,200:0047:026A:0420:006F|201:0047:026A:0421:007F|202:0047:027A:0422:006F|203:0047:027A:0423:007F|204:0047:027B:0424:0077|205:0047:028B:0425:006F|206:0047:028B:0426:007F
round3_phase1,0xFD,4026,0x0002,0x0003,0x0000,0x01,0x002F,0x0000,0x0000,actor_2c8,5,0x10C408,0x01,0x68,0x01,0x00,0x01,0x00,0x02,0x0265,0x028B,0x02E8,0x00,0x4A,0x00,190,10,190:004A:028B:02F6:025E|191:004A:027B:02F4:025E|192:004A:028B:02F5:024E|193:004A:0278:030C:025E|194:004A:0268:02E9:025E|195:004A:0278:030B:024E|196:004A:0268:030A:024E|197:004A:0278:0301:026E
round3_phase1,0xFD,4026,0x0002,0x0003,0x0000,0x01,0x002F,0x0000,0x0000,actor_2c8,6,0x10C448,0x01,0xCC,0x01,0x00,0x01,0x00,0x00,0x0081,0x028B,0x0420,0x00,0x47,0x00,200,10,200:0047:026A:0420:006F|201:0047:026A:0421:007F|202:0047:027A:0422:006F|203:0047:027A:0423:007F|204:0047:027B:0424:0077|205:0047:028B:0425:006F|206:0047:028B:0426:007F
round3_phase1,0xFD,4028,0x0002,0x0003,0x0000,0x01,0x002F,0x0000,0x0000,actor_2c8,5,0x10C408,0x01,0xB3,0x01,0x00,0x01,0x00,0x02,0x0267,0x028B,0x02E8,0x00,0x4A,0x00,190,10,190:004A:028B:02F3:0259|191:004A:027B:02F2:0259|192:004A:0278:030C:0260|193:004A:0268:02E9:0260|194:004A:0278:030B:0250|195:004A:0268:030A:0250|196:004A:0278:0301:0270
round3_phase1,0xFD,4028,0x0002,0x0003,0x0000,0x01,0x002F,0x0000,0x0000,actor_2c8,6,0x10C448,0x01,0xC9,0x01,0x00,0x01,0x00,0x00,0x0085,0x028B,0x0420,0x00,0x47,0x00,200,10,200:0047:026A:0420:0073|201:0047:026A:0421:0083|202:0047:027A:0422:0073|203:0047:027A:0423:0083|204:0047:027B:0424:007B|205:0047:028B:0425:0073|206:0047:028B:0426:0083
round3_phase1,0xFD,4030,0x0002,0x0003,0x0000,0x01,0x002F,0x0000,0x0000,actor_2c8,6,0x10C448,0x01,0xC9,0x01,0x00,0x01,0x00,0x00,0x0087,0x028B,0x0420,0x00,0x47,0x00,200,10,200:0047:026A:0420:0077|201:0047:026A:0421:0087|202:0047:027A:0422:0077|203:0047:027A:0423:0087|204:0047:027B:0424:007F|205:0047:028B:0425:0077|206:0047:028B:0426:0087
round3_phase1,0xFD,4032,0x0002,0x0003,0x0000,0x01,0x002F,0x0000,0x0000,actor_2c8,5,0x10C408,0x01,0xB3,0x01,0x00,0x01,0x00,0x02,0x026B,0x028B,0x02E8,0x00,0x4A,0x00,190,10,190:004A:028B:02F3:025B|191:004A:027B:02F2:025B|192:004A:0278:030C:0262|193:004A:0268:02E9:0262|194:004A:0278:030B:0252|195:004A:0268:030A:0252|196:004A:0278:0301:0272
round3_phase1,0xFD,4032,0x0002,0x0003,0x0000,0x01,0x002F,0x0000,0x0000,actor_2c8,6,0x10C448,0x01,0xC9,0x01,0x00,0x01,0x00,0x00,0x008B,0x028B,0x0420,0x00,0x47,0x00,200,10,200:0047:026A:0420:0079|201:0047:026A:0421:0089|202:0047:027A:0422:0079|203:0047:027A:0423:0089|204:0047:027B:0424:0081|205:0047:028B:0425:0079|206:0047:028B:0426:0089
round3_phase1,0xFD,4034,0x0002,0x0003,0x0000,0x01,0x002F,0x0000,0x0000,actor_2c8,5,0x10C408,0x01,0xB3,0x01,0x00,0x01,0x00,0x02,0x026D,0x028B,0x02E8,0x00,0x4A,0x00,190,10,190:004A:028B:02F3:025D|191:004A:027B:02F2:025D|192:004A:0278:030C:0264|193:004A:0268:02E9:0264|194:004A:0278:030B:0254|195:004A:0268:030A:0254|196:004A:0278:0301:0274
round3_phase1,0xFD,4034,0x0002,0x0003,0x0000,0x01,0x002F,0x0000,0x0000,actor_2c8,6,0x10C448,0x01,0xC9,0x01,0x00,0x01,0x00,0x00,0x008F,0x028B,0x0420,0x00,0x47,0x00,200,10,200:0047:026A:0420:007D|201:0047:026A:0421:008D|202:0047:027A:0422:007D|203:0047:027A:0423:008D|204:0047:027B:0424:0085|205:0047:028B:0425:007D|206:0047:028B:0426:008D
round3_phase1,0xFD,4036,0x0002,0x0003,0x0000,0x01,0x002F,0x0000,0x0000,actor_2c8,5,0x10C408,0x01,0x68,0x01,0x00,0x01,0x00,0x02,0x026F,0x028B,0x02E8,0x00,0x4A,0x00,190,10,190:004A:028B:02F6:0266|191:004A:027B:02F4:0266|192:004A:028B:02F5:0256|193:004A:0278:030C:0266|194:004A:0268:02E9:0266|195:004A:0278:030B:0256|196:004A:0268:030A:0256|197:004A:0278:0301:0276
round3_phase1,0xFD,4036,0x0002,0x0003,0x0000,0x01,0x002F,0x0000,0x0000,actor_2c8,6,0x10C448,0x01,0xCA,0x00,0x00,0x02,0x00,0x00,0x008D,0x028B,0x0420,0x01,0x47,0x00,200,10,200:0047:026B:0420:007F|201:0047:026B:0421:008F|202:0047:027B:0422:007F|203:0047:027B:0423:008F|204:0047:027C:0427:0087|205:0047:028C:0428:0087
round3_phase1,0xFD,4038,0x0002,0x0003,0x0000,0x01,0x002F,0x0000,0x0000,actor_2c8,5,0x10C408,0x01,0x68,0x00,0x00,0x02,0x00,0x02,0x026F,0x028B,0x02E8,0x00,0x4A,0x00,190,10,190:004A:028B:02F6:0268|191:004A:027B:02F4:0268|192:004A:028B:02F5:0258|193:004A:0278:030C:0268|194:004A:0268:02E9:0268|195:004A:0278:030B:0258|196:004A:0268:030A:0258|197:004A:0278:0301:0278
round3_phase1,0xFD,4038,0x0002,0x0003,0x0000,0x01,0x002F,0x0000,0x0000,actor_2c8,6,0x10C448,0x01,0xCA,0x00,0x00,0x02,0x00,0x00,0x0089,0x028B,0x0420,0x01,0x47,0x00,200,10,200:0047:026B:0420:007B|201:0047:026B:0421:008B|202:0047:027B:0422:007B|203:0047:027B:0423:008B|204:0047:027C:0427:0083|205:0047:028C:0428:0083
round3_phase1,0xFD,4040,0x0002,0x0003,0x0000,0x01,0x002F,0x0000,0x0000,actor_2c8,6,0x10C448,0x01,0xCA,0x00,0x00,0x02,0x00,0x00,0x0087,0x0289,0x0420,0x01,0x47,0x00,200,10,200:0047:026B:0420:0077|201:0047:026B:0421:0087|202:0047:027B:0422:0077|203:0047:027B:0423:0087|204:0047:027C:0427:007F|205:0047:028C:0428:007F
round3_phase1,0xFD,4042,0x0002,0x0003,0x0000,0x01,0x002F,0x0000,0x0000,actor_2c8,5,0x10C408,0x01,0x68,0x00,0x00,0x02,0x00,0x02,0x0267,0x0281,0x02E8,0x01,0x4A,0x00,190,10,190:004A:0285:02F6:0262|191:004A:0275:02F4:0262|192:004A:0285:02F5:0252|193:004A:0272:030C:0262|194:004A:0262:02E9:0262|195:004A:0272:030B:0252|196:004A:0262:030A:0252|197:004A:0272:0301:0272
round3_phase1,0xFD,4042,0x0002,0x0003,0x0000,0x01,0x002F,0x0000,0x0000,actor_2c8,6,0x10C448,0x01,0xCA,0x00,0x00,0x02,0x00,0x00,0x0083,0x0281,0x0420,0x01,0x47,0x00,200,10,200:0047:0265:0420:0075|201:0047:0265:0421:0085|202:0047:0275:0422:0075|203:0047:0275:0423:0085|204:0047:0276:0427:007D|205:0047:0286:0428:007D
round3_phase1,0xFD,4044,0x0002,0x0003,0x0000,0x01,0x002F,0x0000,0x0000,actor_2c8,5,0x10C408,0x01,0xB4,0x00,0x00,0x02,0x00,0x02,0x0265,0x0279,0x02E8,0x01,0x4A,0x00,190,10,190:004A:027D:02F8:025C|191:004A:026D:02F7:025C|192:004A:026A:030C:0260|193:004A:025A:02E9:0260|194:004A:026A:030B:0250|195:004A:025A:030A:0250|196:004A:026A:0301:0270
round3_phase1,0xFD,4044,0x0002,0x0003,0x0000,0x01,0x002F,0x0000,0x0000,actor_2c8,6,0x10C448,0x01,0xCB,0x00,0x00,0x02,0x00,0x00,0x007F,0x0279,0x0420,0x01,0x47,0x00,200,10,200:0047:025C:0420:0071|201:0047:025C:0421:0081|202:0047:026C:0422:0071|203:0047:026C:0423:0081|204:0047:026D:0429:0079|205:0047:027D:042A:0079
round3_phase1,0xFD,4046,0x0002,0x0003,0x0000,0x01,0x002F,0x0000,0x0000,actor_2c8,5,0x10C408,0x01,0xB4,0x00,0x00,0x02,0x00,0x02,0x0261,0x0279,0x02E8,0x01,0x4A,0x00,190,10,190:004A:0279:02F8:0258|191:004A:0269:02F7:0258|192:004A:0266:030C:025C|193:004A:0256:02E9:025C|194:004A:0266:030B:024C|195:004A:0256:030A:024C|196:004A:0266:0301:026C
round3_phase1,0xFD,4064,0x0002,0x0003,0x0000,0x01,0x002F,0x0000,0x0000,actor_2c8,5,0x10C408,0x01,0xB3,0x01,0x00,0x01,0x00,0x02,0x0249,0x0279,0x02E8,0x00,0x4A,0x00,190,10,190:004A:0279:02F3:0239|191:004A:0269:02F2:0239|192:004A:0266:030C:0240|193:004A:0256:02E9:0240|194:004A:0266:030B:0230|195:004A:0256:030A:0230|196:004A:0266:0301:0250
round3_phase1,0xFD,4074,0x0002,0x0003,0x0000,0x01,0x002F,0x0000,0x0000,actor_2c8,5,0x10C408,0x01,0x68,0x00,0x00,0x02,0x00,0x02,0x0255,0x0279,0x02E8,0x01,0x4A,0x00,190,10,190:404A:0279:02F6:024D|191:404A:0269:02F4:024D|192:404A:0279:02F5:025D|193:404A:0266:030C:024D|194:404A:0256:02E9:024D|195:404A:0266:030B:025D|196:404A:0256:030A:025D|197:404A:0266:0301:023D
round3_phase1,0xFD,4078,0x0002,0x0003,0x0000,0x01,0x002F,0x0000,0x0000,actor_2c8,5,0x10C408,0x01,0xB4,0x00,0x00,0x02,0x00,0x02,0x024F,0x0279,0x02E8,0x01,0x4A,0x00,190,10,190:004A:0279:02F8:0244|191:004A:0269:02F7:0244|192:004A:0266:030C:0248|193:004A:0256:02E9:0248|194:004A:0266:030B:0238|195:004A:0256:030A:0238|196:004A:0266:0301:0258
round3_phase1,0xFD,4080,0x0002,0x0003,0x0000,0x01,0x002F,0x0000,0x0000,actor_2c8,5,0x10C408,0x01,0xB4,0x00,0x00,0x02,0x00,0x02,0x024B,0x0279,0x02E8,0x01,0x4A,0x00,190,10,190:004A:0279:02F8:0242|191:004A:0269:02F7:0242|192:004A:0266:030C:0246|193:004A:0256:02E9:0246|194:004A:0266:030B:0236|195:004A:0256:030A:0236|196:004A:0266:0301:0256
round3_phase1,0xFD,4082,0x0002,0x0003,0x0000,0x01,0x002F,0x0000,0x0000,actor_2c8,5,0x10C408,0x01,0xB4,0x00,0x00,0x02,0x00,0x02,0x0247,0x0279,0x02E8,0x01,0x4A,0x00,190,10,190:004A:0279:02F8:023E|191:004A:0269:02F7:023E|192:004A:0266:030C:0242|193:004A:0256:02E9:0242|194:004A:0266:030B:0232|195:004A:0256:030A:0232|196:004A:0266:0301:0252
round3_phase1,0xFD,4092,0x0002,0x0003,0x0000,0x01,0x002F,0x0000,0x0000,actor_2c8,5,0x10C408,0x01,0xB3,0x01,0x00,0x01,0x00,0x02,0x0257,0x0279,0x02E8,0x00,0x4A,0x00,190,10,190:004A:0279:02F3:0247|191:004A:0269:02F2:0247|192:004A:0266:030C:024E|193:004A:0256:02E9:024E|194:004A:0266:030B:023E|195:004A:0256:030A:023E|196:004A:0266:0301:025E
round3_phase1,0xFD,4094,0x0002,0x0003,0x0000,0x01,0x002F,0x0000,0x0000,actor_2c8,5,0x10C408,0x01,0xB3,0x00,0x00,0x02,0x00,0x02,0x0255,0x0279,0x02E8,0x01,0x4A,0x00,190,10,190:404A:0279:02F3:0254|191:404A:0269:02F2:0254|192:404A:0266:030C:024D|193:404A:0256:02E9:024D|194:404A:0266:030B:025D|195:404A:0256:030A:025D|196:404A:0266:0301:023D
round3_phase1,0xFD,4112,0x0002,0x0003,0x0000,0x01,0x002F,0x0000,0x0000,actor_2c8,5,0x10C408,0x01,0xB4,0x00,0x00,0x02,0x00,0x02,0x0237,0x0279,0x02E8,0x01,0x4A,0x00,190,10,190:004A:0279:02F8:022E|191:004A:0269:02F7:022E|192:004A:0266:030C:0232|193:004A:0256:02E9:0232|194:004A:0266:030B:0222|195:004A:0256:030A:0222|196:004A:0266:0301:0242
round3_phase1,0xFD,4114,0x0002,0x0003,0x0000,0x01,0x002F,0x0000,0x0000,actor_2c8,5,0x10C408,0x01,0xB4,0x01,0x00,0x01,0x00,0x02,0x0239,0x0279,0x02E8,0x00,0x4A,0x00,190,10,190:004A:0279:02F8:022C|191:004A:0269:02F7:022C|192:004A:0266:030C:0230|193:004A:0256:02E9:0230|194:004A:0266:030B:0220|195:004A:0256:030A:0220|196:004A:0266:0301:0240
round3_phase1,0xFD,4116,0x0002,0x0003,0x0000,0x01,0x002F,0x0000,0x0000,actor_2c8,5,0x10C408,0x01,0x68,0x01,0x00,0x01,0x00,0x02,0x023D,0x0279,0x02E8,0x00,0x4A,0x00,190,10,190:004A:0279:02F6:0234|191:004A:0269:02F4:0234|192:004A:0279:02F5:0224|193:004A:0266:030C:0234|194:004A:0256:02E9:0234|195:004A:0266:030B:0224|196:004A:0256:030A:0224|197:004A:0266:0301:0244
round3_phase1,0xFD,4120,0x0002,0x0003,0x0000,0x01,0x002F,0x0000,0x0000,actor_2c8,5,0x10C408,0x01,0x68,0x01,0x00,0x01,0x00,0x02,0x0243,0x0279,0x02E8,0x00,0x4A,0x00,190,10,190:004A:0279:02F6:023A|191:004A:0269:02F4:023A|192:004A:0279:02F5:022A|193:004A:0266:030C:023A|194:004A:0256:02E9:023A|195:004A:0266:030B:022A|196:004A:0256:030A:022A|197:004A:0266:0301:024A
round3_phase1,0xFD,4136,0x0002,0x0003,0x0000,0x01,0x002F,0x0000,0x0000,actor_2c8,6,0x10C448,0x01,0xCA,0x00,0x00,0x02,0x00,0x00,0x006D,0x0279,0x0420,0x01,0x47,0x00,200,10,200:0047:0259:0420:005F|201:0047:0259:0421:006F|202:0047:0269:0422:005F|203:0047:0269:0423:006F|204:0047:026A:0427:0067|205:0047:027A:0428:0067
round3_phase1,0xFD,4138,0x0002,0x0003,0x0000,0x01,0x002F,0x0000,0x0000,actor_2c8,5,0x10C408,0x01,0x68,0x00,0x00,0x02,0x00,0x02,0x025F,0x027F,0x02E8,0x00,0x4A,0x00,190,10,190:004A:027C:02F6:0258|191:004A:026C:02F4:0258|192:004A:027C:02F5:0248|193:004A:0269:030C:0258|194:004A:0259:02E9:0258|195:004A:0269:030B:0248|196:004A:0259:030A:0248|197:004A:0269:0301:0268
round3_phase1,0xFD,4138,0x0002,0x0003,0x0000,0x01,0x002F,0x0000,0x0000,actor_2c8,6,0x10C448,0x01,0xCA,0x00,0x00,0x02,0x00,0x00,0x0069,0x027F,0x0420,0x01,0x47,0x00,200,10,200:0047:025C:0420:005B|201:0047:025C:0421:006B|202:0047:026C:0422:005B|203:0047:026C:0423:006B|204:0047:026D:0427:0063|205:0047:027D:0428:0063
round3_phase1,0xFD,4140,0x0002,0x0003,0x0000,0x01,0x002F,0x0000,0x0000,actor_2c8,5,0x10C408,0x01,0xB4,0x00,0x00,0x02,0x00,0x02,0x025B,0x0285,0x02E8,0x01,0x4A,0x00,190,10,190:004A:0282:02F8:0252|191:004A:0272:02F7:0252|192:004A:026F:030C:0256|193:004A:025F:02E9:0256|194:004A:026F:030B:0246|195:004A:025F:030A:0246|196:004A:026F:0301:0266
round3_phase1,0xFD,4140,0x0002,0x0003,0x0000,0x01,0x002F,0x0000,0x0000,actor_2c8,6,0x10C448,0x01,0xCB,0x00,0x00,0x02,0x00,0x00,0x0067,0x0285,0x0420,0x01,0x47,0x00,200,10,200:0047:0261:0420:0057|201:0047:0261:0421:0067|202:0047:0271:0422:0057|203:0047:0271:0423:0067|204:0047:0272:0429:005F|205:0047:0282:042A:005F
round3_phase1,0xFD,4142,0x0002,0x0003,0x0000,0x01,0x002F,0x0000,0x0000,actor_2c8,5,0x10C408,0x01,0xB4,0x00,0x00,0x02,0x00,0x02,0x0257,0x0289,0x02E8,0x01,0x4A,0x00,190,10,190:004A:0287:02F8:024E|191:004A:0277:02F7:024E|192:004A:0274:030C:0252|193:004A:0264:02E9:0252|194:004A:0274:030B:0242|195:004A:0264:030A:0242|196:004A:0274:0301:0262
round3_phase1,0xFD,4142,0x0002,0x0003,0x0000,0x01,0x002F,0x0000,0x0000,actor_2c8,6,0x10C448,0x01,0xCB,0x00,0x00,0x02,0x00,0x00,0x0063,0x0289,0x0420,0x01,0x47,0x00,200,10,200:0047:0266:0420:0055|201:0047:0266:0421:0065|202:0047:0276:0422:0055|203:0047:0276:0423:0065|204:0047:0277:0429:005D|205:0047:0287:042A:005D
round3_phase1,0xFD,4144,0x0002,0x0003,0x0000,0x01,0x002F,0x0000,0x0000,actor_2c8,5,0x10C408,0x01,0xB4,0x00,0x00,0x02,0x00,0x02,0x0255,0x028B,0x02E8,0x01,0x4A,0x00,190,10,190:004A:028A:02F8:024C|191:004A:027A:02F7:024C|192:004A:0277:030C:0250|193:004A:0267:02E9:0250|194:004A:0277:030B:0240|195:004A:0267:030A:0240|196:004A:0277:0301:0260
round3_phase1,0xFD,4144,0x0002,0x0003,0x0000,0x01,0x002F,0x0000,0x0000,actor_2c8,6,0x10C448,0x01,0xCB,0x00,0x00,0x02,0x00,0x00,0x005F,0x028B,0x0420,0x01,0x47,0x00,200,10,200:0047:0269:0420:0051|201:0047:0269:0421:0061|202:0047:0279:0422:0051|203:0047:0279:0423:0061|204:0047:027A:0429:0059|205:0047:028A:042A:0059
round3_phase1,0xFD,4146,0x0002,0x0003,0x0000,0x01,0x002F,0x0000,0x0000,actor_2c8,5,0x10C408,0x01,0xB4,0x00,0x00,0x02,0x00,0x02,0x0251,0x028B,0x02E8,0x01,0x4A,0x00,190,10,190:004A:028B:02F8:0248|191:004A:027B:02F7:0248|192:004A:0278:030C:024C|193:004A:0268:02E9:024C|194:004A:0278:030B:023C|195:004A:0268:030A:023C|196:004A:0278:0301:025C
round3_phase1,0xFD,4146,0x0002,0x0003,0x0000,0x01,0x002F,0x0000,0x0000,actor_2c8,6,0x10C448,0x01,0xCB,0x01,0x00,0x01,0x00,0x00,0x0061,0x028B,0x0420,0x00,0x47,0x00,200,10,200:4047:026A:0420:005E|201:4047:026A:0421:004E|202:4047:027A:0422:005E|203:4047:027A:0423:004E|204:4047:027B:0429:0056|205:4047:028B:042A:0056
round3_phase1,0xFD,4148,0x0002,0x0003,0x0000,0x01,0x002F,0x0000,0x0000,actor_2c8,5,0x10C408,0x01,0x68,0x00,0x00,0x02,0x00,0x02,0x024F,0x028B,0x02E8,0x01,0x4A,0x00,190,10,190:004A:028B:02F6:0248|191:004A:027B:02F4:0248|192:004A:028B:02F5:0238|193:004A:0278:030C:0248|194:004A:0268:02E9:0248|195:004A:0278:030B:0238|196:004A:0268:030A:0238|197:004A:0278:0301:0258
round3_phase1,0xFD,4148,0x0002,0x0003,0x0000,0x01,0x002F,0x0000,0x0000,actor_2c8,6,0x10C448,0x01,0xCC,0x01,0x00,0x01,0x00,0x00,0x0065,0x028B,0x0420,0x00,0x47,0x00,200,10,200:0047:026B:0420:0053|201:0047:026B:0421:0063|202:0047:027B:0422:0053|203:0047:027B:0423:0063|204:0047:027C:0427:005B|205:0047:028C:0428:005B
round3_phase1,0xFD,4150,0x0002,0x0003,0x0000,0x01,0x002F,0x0000,0x0000,actor_2c8,5,0x10C408,0x01,0x68,0x00,0x00,0x02,0x00,0x02,0x024B,0x028B,0x02E8,0x01,0x4A,0x00,190,10,190:004A:028B:02F6:0246|191:004A:027B:02F4:0246|192:004A:028B:02F5:0236|193:004A:0278:030C:0246|194:004A:0268:02E9:0246|195:004A:0278:030B:0236|196:004A:0268:030A:0236|197:004A:0278:0301:0256
round3_phase1,0xFD,4150,0x0002,0x0003,0x0000,0x01,0x002F,0x0000,0x0000,actor_2c8,6,0x10C448,0x01,0xCC,0x01,0x00,0x01,0x00,0x00,0x0067,0x028B,0x0420,0x00,0x47,0x00,200,10,200:0047:026B:0420:0057|201:0047:026B:0421:0067|202:0047:027B:0422:0057|203:0047:027B:0423:0067|204:0047:027C:0427:005F|205:0047:028C:0428:005F
round3_phase1,0xFD,4152,0x0002,0x0003,0x0000,0x01,0x002F,0x0000,0x0000,actor_2c8,5,0x10C408,0x01,0x68,0x00,0x00,0x02,0x00,0x02,0x0247,0x028B,0x02E8,0x01,0x4A,0x00,190,10,190:004A:028B:02F6:0242|191:004A:027B:02F4:0242|192:004A:028B:02F5:0232|193:004A:0278:030C:0242|194:004A:0268:02E9:0242|195:004A:0278:030B:0232|196:004A:0268:030A:0232|197:004A:0278:0301:0252
round3_phase1,0xFD,4152,0x0002,0x0003,0x0000,0x01,0x002F,0x0000,0x0000,actor_2c8,6,0x10C448,0x01,0xCC,0x01,0x00,0x01,0x00,0x00,0x006B,0x028B,0x0420,0x00,0x47,0x00,200,10,200:0047:026B:0420:0059|201:0047:026B:0421:0069|202:0047:027B:0422:0059|203:0047:027B:0423:0069|204:0047:027C:0427:0061|205:0047:028C:0428:0061
round3_phase1,0xFD,4154,0x0002,0x0003,0x0000,0x01,0x002F,0x0000,0x0000,actor_2c8,5,0x10C408,0x01,0x68,0x00,0x00,0x02,0x00,0x02,0x0245,0x028B,0x02E8,0x01,0x4A,0x00,190,10,190:004A:028B:02F6:0240|191:004A:027B:02F4:0240|192:004A:028B:02F5:0230|193:004A:0278:030C:0240|194:004A:0268:02E9:0240|195:004A:0278:030B:0230|196:004A:0268:030A:0230|197:004A:0278:0301:0250
round3_phase1,0xFD,4154,0x0002,0x0003,0x0000,0x01,0x002F,0x0000,0x0000,actor_2c8,6,0x10C448,0x01,0xCC,0x01,0x00,0x01,0x00,0x00,0x006F,0x028B,0x0420,0x00,0x47,0x00,200,10,200:0047:026B:0420:005D|201:0047:026B:0421:006D|202:0047:027B:0422:005D|203:0047:027B:0423:006D|204:0047:027C:0427:0065|205:0047:028C:0428:0065
round3_phase1,0xFD,4156,0x0002,0x0003,0x0000,0x01,0x002F,0x0000,0x0000,actor_2c8,5,0x10C408,0x01,0xB3,0x00,0x00,0x02,0x00,0x02,0x0241,0x028B,0x02E8,0x01,0x4A,0x00,190,10,190:004A:028B:02F3:0235|191:004A:027B:02F2:0235|192:004A:0278:030C:023C|193:004A:0268:02E9:023C|194:004A:0278:030B:022C|195:004A:0268:030A:022C|196:004A:0278:0301:024C
round3_phase1,0xFD,4156,0x0002,0x0003,0x0000,0x01,0x002F,0x0000,0x0000,actor_2c8,6,0x10C448,0x01,0xC9,0x01,0x00,0x1F,0x00,0x00,0x006F,0x028B,0x0420,0x00,0x47,0x00,200,10,200:0047:026A:0420:005F|201:0047:026A:0421:006F|202:0047:027A:0422:005F|203:0047:027A:0423:006F|204:0047:027B:0424:0067|205:0047:028B:0425:005F|206:0047:028B:0426:006F
round3_phase1,0xFD,4158,0x0002,0x0003,0x0000,0x01,0x002F,0x0000,0x0000,actor_2c8,5,0x10C408,0x01,0xB3,0x00,0x00,0x02,0x00,0x02,0x023F,0x028B,0x02E8,0x01,0x4A,0x00,190,10,190:004A:028B:02F3:0231|191:004A:027B:02F2:0231|192:004A:0278:030C:0238|193:004A:0268:02E9:0238|194:004A:0278:030B:0228|195:004A:0268:030A:0228|196:004A:0278:0301:0248
round3_phase1,0xFD,4160,0x0002,0x0003,0x0000,0x01,0x002F,0x0000,0x0000,actor_2c8,5,0x10C408,0x01,0xB3,0x01,0x00,0x01,0x00,0x02,0x0243,0x028B,0x02E8,0x00,0x4A,0x00,190,10,190:004A:028B:02F3:0233|191:004A:027B:02F2:0233|192:004A:0278:030C:023A|193:004A:0268:02E9:023A|194:004A:0278:030B:022A|195:004A:0268:030A:022A|196:004A:0278:0301:024A
round3_phase1,0xFD,4160,0x0002,0x0003,0x0000,0x01,0x002F,0x0000,0x0000,actor_2c8,6,0x10C448,0x01,0xCD,0x01,0x00,0x1F,0x00,0x00,0x006F,0x028B,0x0420,0x00,0x47,0x00,200,10,200:0047:026A:042D:005F|201:0047:026A:042E:006F|202:0047:027A:042F:005F|203:0047:027A:0430:006F|204:0047:027B:0424:0067|205:0047:028B:0425:005F|206:0047:028B:0426:006F
round3_phase1,0xFD,4162,0x0002,0x0003,0x0000,0x01,0x002F,0x0000,0x0000,actor_2c8,5,0x10C408,0x01,0xB3,0x01,0x00,0x01,0x00,0x02,0x0247,0x028B,0x02E8,0x00,0x4A,0x00,190,10,190:004A:028B:02F3:0237|191:004A:027B:02F2:0237|192:004A:0278:030C:023E|193:004A:0268:02E9:023E|194:004A:0278:030B:022E|195:004A:0268:030A:022E|196:004A:0278:0301:024E
round3_phase1,0xFD,4162,0x0002,0x0003,0x0000,0x01,0x002F,0x0000,0x0000,actor_2c8,6,0x10C448,0x01,0xCE,0x01,0x00,0x1F,0x00,0x00,0x006F,0x028B,0x0420,0x00,0x47,0x00,200,10,200:0047:026A:042D:005F|201:0047:026A:042E:006F|202:0047:027A:042F:005F|203:0047:027A:0430:006F|204:0047:027B:0424:0067|205:0047:028B:0425:005F|206:0047:028B:0426:006F
round3_phase1,0xFD,4164,0x0002,0x0003,0x0000,0x01,0x002F,0x0000,0x0000,actor_2c8,6,0x10C448,0x01,0xCE,0x01,0x00,0x1F,0x00,0x00,0x006F,0x0289,0x0420,0x00,0x47,0x00,200,10,200:0047:026A:0431:005F|201:0047:026A:0432:006F|202:0047:027A:0433:005F|203:0047:027A:0434:006F|204:0047:027B:0424:0067|205:0047:028B:0425:005F|206:0047:028B:0426:006F
round3_phase1,0xFD,4166,0x0002,0x0003,0x0000,0x01,0x002F,0x0000,0x0000,actor_2c8,5,0x10C408,0x01,0x68,0x01,0x00,0x01,0x00,0x02,0x024D,0x0281,0x02E8,0x00,0x4A,0x00,190,10,190:004A:0285:02F6:0244|191:004A:0275:02F4:0244|192:004A:0285:02F5:0234|193:004A:0272:030C:0244|194:004A:0262:02E9:0244|195:004A:0272:030B:0234|196:004A:0262:030A:0234|197:004A:0272:0301:0254
round3_phase1,0xFD,4166,0x0002,0x0003,0x0000,0x01,0x002F,0x0000,0x0000,actor_2c8,6,0x10C448,0x01,0xCF,0x01,0x00,0x1F,0x00,0x00,0x006F,0x0281,0x0420,0x00,0x47,0x00,200,10,200:0047:0264:0435:005F|201:0047:0264:0436:006F|202:0047:0264:0437:007F|203:0047:0274:0438:005F|204:0047:0274:0439:006F|205:0047:0275:0424:0067|206:0047:0285:0425:005F|207:0047:0285:0426:006F
round3_phase1,0xFD,4168,0x0002,0x0003,0x0000,0x01,0x002F,0x0000,0x0000,actor_2c8,5,0x10C408,0x01,0x68,0x01,0x00,0x01,0x00,0x02,0x024F,0x0279,0x02E8,0x00,0x4A,0x00,190,10,190:004A:027D:02F6:0248|191:004A:026D:02F4:0248|192:004A:027D:02F5:0238|193:004A:026A:030C:0248|194:004A:025A:02E9:0248|195:004A:026A:030B:0238|196:004A:025A:030A:0238|197:004A:026A:0301:0258
round3_phase1,0xFD,4168,0x0002,0x0003,0x0000,0x01,0x002F,0x0000,0x0000,actor_2c8,6,0x10C448,0x01,0xCF,0x01,0x00,0x1F,0x00,0x00,0x006F,0x0279,0x0420,0x00,0x47,0x00,200,10,200:0047:025C:0435:005F|201:0047:025C:0436:006F|202:0047:025C:0437:007F|203:0047:026C:0438:005F|204:0047:026C:0439:006F|205:0047:026D:0424:0067|206:0047:027D:0425:005F|207:0047:027D:0426:006F
round3_phase1,0xFD,4170,0x0002,0x0003,0x0000,0x01,0x002F,0x0000,0x0000,actor_2c8,5,0x10C408,0x01,0x69,0x01,0x00,0x1F,0x00,0x02,0x024F,0x0279,0x02E8,0x00,0x4A,0x00,190,10,190:004A:0279:02F6:0248|191:004A:0269:02F4:0248|192:004A:0279:02F5:0238|193:004A:0266:030F:0248|194:004A:0256:030D:0248|195:004A:0266:030B:0238|196:004A:0256:030A:0238|197:004A:0266:0310:0258|198:004A:0256:030E:0258
round3_phase1,0xFD,4170,0x0002,0x0003,0x0000,0x01,0x002F,0x0000,0x0000,actor_2c8,6,0x10C448,0x01,0xCF,0x01,0x00,0x1F,0x00,0x00,0x006F,0x0279,0x0420,0x00,0x47,0x00,200,10,200:0047:0258:0435:005F|201:0047:0258:0436:006F|202:0047:0258:0437:007F|203:0047:0268:0438:005F|204:0047:0268:0439:006F|205:0047:0269:0424:0067|206:0047:0279:0425:005F|207:0047:0279:0426:006F
round3_phase1,0xFD,4172,0x0002,0x0003,0x0000,0x01,0x002F,0x0000,0x0000,actor_2c8,6,0x10C448,0x01,0xC9,0x01,0x00,0x1F,0x00,0x00,0x006F,0x0279,0x0420,0x00,0x47,0x00,200,10,200:0047:0258:0420:005F|201:0047:0258:0421:006F|202:0047:0268:0422:005F|203:0047:0268:0423:006F|204:0047:0269:0424:0067|205:0047:0279:0425:005F|206:0047:0279:0426:006F
round3_phase1,0xFD,4178,0x0002,0x0003,0x0000,0x01,0x002F,0x0000,0x0000,actor_2c8,5,0x10C408,0x01,0x6A,0x01,0x00,0x1F,0x00,0x02,0x024F,0x0279,0x02E8,0x00,0x4A,0x00,190,10,190:004A:0279:02F6:0248|191:004A:0269:02F4:0248|192:004A:0279:02F5:0238|193:004A:0266:0311:0248|194:004A:0256:02E9:0248|195:004A:0266:030B:0238|196:004A:0256:030A:0238|197:004A:0266:0312:0258
round3_phase1,0xFD,4178,0x0002,0x0003,0x0000,0x01,0x002F,0x0000,0x0000,actor_748,1,0x10C788,0x01,0xAD,0x01,0x00,0x02,0x03,0x00,0x0266,0x0271,0x02E8,0x01,0x00,0x00,47,1,47:400A:0269:0325:025D
round3_phase1,0xFD,4180,0x0002,0x0003,0x0000,0x01,0x002F,0x0000,0x0000,actor_2c8,6,0x10C448,0x01,0xCD,0x01,0x00,0x1F,0x00,0x00,0x006F,0x0279,0x0420,0x00,0x47,0x00,200,10,200:0047:0258:0420:005F|201:0047:0258:0421:006F|202:0047:0268:0422:005F|203:0047:0268:0423:006F|204:0047:0269:0424:0067|205:0047:0279:0425:005F|206:0047:0279:0426:006F
round3_phase1,0xFD,4180,0x0002,0x0003,0x0000,0x01,0x002F,0x0000,0x0000,actor_748,1,0x10C788,0x01,0xAE,0x01,0x00,0x02,0x03,0x00,0x0269,0x0273,0x02E8,0x01,0x00,0x00,47,1,47:400A:026B:0326:0260
round3_phase1,0xFD,4182,0x0002,0x0003,0x0000,0x01,0x002F,0x0000,0x0000,actor_2c8,5,0x10C408,0x01,0x6B,0x01,0x00,0x1F,0x00,0x02,0x024F,0x0279,0x02E8,0x00,0x4A,0x00,190,10,190:004A:0279:02F6:0248|191:004A:0269:02F4:0248|192:004A:0279:02F5:0238|193:004A:0266:0313:0248|194:004A:0256:02E9:0248|195:004A:0266:030B:0238|196:004A:0256:030A:0238|197:004A:0266:0314:0258
round3_phase1,0xFD,4182,0x0002,0x0003,0x0000,0x01,0x002F,0x0000,0x0000,actor_2c8,6,0x10C448,0x01,0xCD,0x01,0x00,0x1F,0x00,0x00,0x006F,0x0279,0x0420,0x00,0x47,0x00,200,10,200:0047:0258:042D:005F|201:0047:0258:042E:006F|202:0047:0268:042F:005F|203:0047:0268:0430:006F|204:0047:0269:0424:0067|205:0047:0279:0425:005F|206:0047:0279:0426:006F
round3_phase1,0xFD,4182,0x0002,0x0003,0x0000,0x01,0x002F,0x0000,0x0000,actor_748,1,0x10C788,0x01,0xAF,0x01,0x00,0x02,0x03,0x00,0x026C,0x0275,0x02E8,0x01,0x00,0x00,47,1,47:400A:026D:0327:0263
round3_phase1,0xFD,4184,0x0002,0x0003,0x0000,0x01,0x002F,0x0000,0x0000,actor_2c8,6,0x10C448,0x01,0xCE,0x01,0x00,0x1F,0x00,0x00,0x006F,0x0279,0x0420,0x00,0x47,0x00,200,10,200:0047:0258:0431:005F|201:0047:0258:0432:006F|202:0047:0268:0433:005F|203:0047:0268:0434:006F|204:0047:0269:0424:0067|205:0047:0279:0425:005F|206:0047:0279:0426:006F
round3_phase1,0xFD,4184,0x0002,0x0003,0x0000,0x01,0x002F,0x0000,0x0000,actor_748,1,0x10C788,0x01,0xB0,0x01,0x00,0x02,0x03,0x00,0x026F,0x0276,0x02E8,0x01,0x00,0x00,47,1,47:400A:026E:0328:0266
round3_phase1,0xFD,4186,0x0002,0x0003,0x0000,0x01,0x002F,0x0000,0x0000,actor_2c8,5,0x10C408,0x01,0x6B,0x01,0x00,0x1F,0x00,0x03,0x024F,0x0279,0x02E8,0x00,0x4A,0x00,190,10,190:004A:0279:02F6:0248|191:004A:0269:02F4:0248|192:004A:0279:02F5:0238|193:004A:0266:0313:0248|194:004A:0256:02E9:0248|195:004A:0266:030B:0238|196:004A:0256:030A:0238|197:004A:0266:0314:0258
round3_phase1,0xFD,4186,0x0002,0x0003,0x0000,0x01,0x002F,0x0000,0x0000,actor_2c8,6,0x10C448,0x01,0xCF,0x01,0x00,0x1F,0x00,0x00,0x006F,0x0279,0x0420,0x00,0x47,0x00,200,10,200:0047:0258:0431:005F|201:0047:0258:0432:006F|202:0047:0268:0433:005F|203:0047:0268:0434:006F|204:0047:0269:0424:0067|205:0047:0279:0425:005F|206:0047:0279:0426:006F
round3_phase1,0xFD,4186,0x0002,0x0003,0x0000,0x01,0x002F,0x0000,0x0000,actor_748,1,0x10C788,0x01,0xB1,0x01,0x00,0x02,0x03,0x00,0x0272,0x0277,0x02E8,0x01,0x00,0x00,47,1,47:400A:026F:0329:0269
round3_phase1,0xFD,4188,0x0002,0x0003,0x0000,0x01,0x002F,0x0000,0x0000,actor_2c8,5,0x10C408,0x01,0x6C,0x01,0x00,0x1F,0x00,0x03,0x024F,0x0279,0x02E8,0x00,0x4A,0x00,190,10,190:004A:0279:02F6:0248|191:004A:0269:02F4:0248|192:004A:0279:02F5:0238|193:004A:0266:0313:0248|194:004A:0256:02E9:0248|195:004A:0266:030B:0238|196:004A:0256:030A:0238|197:004A:0266:0314:0258
round3_phase1,0xFD,4188,0x0002,0x0003,0x0000,0x01,0x002F,0x0000,0x0000,actor_748,1,0x10C788,0x01,0xAA,0x01,0x00,0x02,0x03,0x00,0x0276,0x0278,0x02E8,0x01,0x00,0x00,47,1,47:400A:0270:0322:026D
round3_phase1,0xFD,4190,0x0002,0x0003,0x0000,0x01,0x002F,0x0000,0x0000,actor_2c8,5,0x10C408,0x01,0x6C,0x01,0x00,0x1F,0x00,0x03,0x024F,0x0279,0x02E8,0x00,0x4A,0x00,190,10,190:004A:0279:02F6:0248|191:004A:0269:02F4:0248|192:004A:0279:02F5:0238|193:004A:0266:0317:0238|194:004A:0256:0316:0238|195:004A:0256:0315:0228|196:004A:0266:0318:0248|197:004A:0256:02E9:0248|198:004A:0266:0314:0258
round3_phase1,0xFD,4190,0x0002,0x0003,0x0000,0x01,0x002F,0x0000,0x0000,actor_748,1,0x10C788,0x01,0xAB,0x01,0x00,0x02,0x03,0x00,0x0279,0x0278,0x02E8,0x01,0x00,0x00,47,1,47:400A:0270:0323:0270
round3_phase1,0xFD,4192,0x0002,0x0003,0x0000,0x01,0x002F,0x0000,0x0000,actor_2c8,5,0x10C408,0x01,0x6D,0x01,0x00,0x1F,0x00,0x03,0x024F,0x0279,0x02E8,0x00,0x4A,0x00,190,10,190:004A:0279:02F6:0248|191:004A:0269:02F4:0248|192:004A:0279:02F5:0238|193:004A:0266:0317:0238|194:004A:0256:0316:0238|195:004A:0256:0315:0228|196:004A:0266:0318:0248|197:004A:0256:02E9:0248|198:004A:0266:0314:0258
round3_phase1,0xFD,4192,0x0002,0x0003,0x0000,0x01,0x002F,0x0000,0x0000,actor_2c8,6,0x10C448,0x01,0xC9,0x01,0x00,0x1F,0x00,0x00,0x006F,0x0279,0x0420,0x00,0x47,0x00,200,10,200:0047:0258:0435:005F|201:0047:0258:0436:006F|202:0047:0258:0437:007F|203:0047:0268:0438:005F|204:0047:0268:0439:006F|205:0047:0269:0424:0067|206:0047:0279:0425:005F|207:0047:0279:0426:006F
round3_phase1,0xFD,4192,0x0002,0x0003,0x0000,0x01,0x002F,0x0000,0x0000,actor_748,1,0x10C788,0x01,0xAC,0x01,0x00,0x02,0x03,0x00,0x027C,0x0278,0x02E8,0x01,0x00,0x00,47,1,47:400A:0270:0324:0273
round3_phase1,0xFD,4194,0x0002,0x0003,0x0000,0x01,0x002F,0x0000,0x0000,actor_2c8,5,0x10C408,0x01,0x6D,0x01,0x00,0x1F,0x00,0x03,0x024F,0x0279,0x02E8,0x00,0x4A,0x00,190,10,190:004A:0279:02F6:0248|191:004A:0269:02F4:0248|192:004A:0279:02F5:0238|193:004A:0266:031C:0248|194:004A:0256:0319:0248|195:004A:0266:031B:0238|196:004A:0256:030A:0238|197:004A:0266:031D:0258|198:004A:0256:031A:0258
round3_phase1,0xFD,4194,0x0002,0x0003,0x0000,0x01,0x002F,0x0000,0x0000,actor_748,1,0x10C788,0x01,0xAD,0x01,0x00,0x02,0x03,0x00,0x027F,0x0278,0x02E8,0x01,0x00,0x00,47,1,47:400A:0270:0325:0276
round3_phase1,0xFD,4196,0x0002,0x0003,0x0000,0x01,0x002F,0x0000,0x0000,actor_2c8,5,0x10C408,0x01,0x6E,0x01,0x00,0x1F,0x00,0x03,0x024F,0x0279,0x02E8,0x00,0x4A,0x00,190,10,190:004A:0279:02F6:0248|191:004A:0269:02F4:0248|192:004A:0279:02F5:0238|193:004A:0266:031C:0248|194:004A:0256:0319:0248|195:004A:0266:031B:0238|196:004A:0256:030A:0238|197:004A:0266:031D:0258|198:004A:0256:031A:0258
round3_phase1,0xFD,4196,0x0002,0x0003,0x0000,0x01,0x002F,0x0000,0x0000,actor_2c8,6,0x10C448,0x01,0xCA,0x01,0x00,0x01,0x00,0x00,0x0071,0x0279,0x0420,0x00,0x47,0x00,200,10,200:0047:0258:0420:005F|201:0047:0258:0421:006F|202:0047:0268:0422:005F|203:0047:0268:0423:006F|204:0047:0269:0424:0067|205:0047:0279:0425:005F|206:0047:0279:0426:006F
round3_phase1,0xFD,4196,0x0002,0x0003,0x0000,0x01,0x002F,0x0000,0x0000,actor_748,0,0x10C748,0x01,0xAE,0x01,0x00,0x02,0x03,0x00,0x025A,0x0271,0x02E8,0x01,0x00,0x00,46,1,
round3_phase1,0xFD,4196,0x0002,0x0003,0x0000,0x01,0x002F,0x0000,0x0000,actor_748,1,0x10C788,0x01,0xAE,0x01,0x00,0x02,0x03,0x00,0x0282,0x0278,0x02E8,0x01,0x00,0x00,47,1,47:400A:0270:0326:0279
round3_phase1,0xFD,4198,0x0002,0x0003,0x0000,0x01,0x002F,0x0000,0x0000,actor_2c8,5,0x10C408,0x01,0x6E,0x01,0x00,0x1F,0x00,0x03,0x024F,0x0279,0x02E8,0x00,0x4A,0x00,190,10,190:004A:0279:02F6:0248|191:004A:0269:02F4:0248|192:004A:0279:02F5:0238|193:004A:0266:031F:0248|194:004A:0256:02E9:0248|195:004A:0266:031E:0238|196:004A:0256:030A:0238|197:004A:0266:0314:0258
round3_phase1,0xFD,4198,0x0002,0x0003,0x0000,0x01,0x002F,0x0000,0x0000,actor_748,0,0x10C748,0x01,0xAF,0x01,0x00,0x02,0x03,0x00,0x025D,0x0273,0x02E8,0x01,0x00,0x00,46,1,46:400A:0269:0327:0251
round3_phase1,0xFD,4198,0x0002,0x0003,0x0000,0x01,0x002F,0x0000,0x0000,actor_748,1,0x10C788,0x01,0xAF,0x01,0x00,0x02,0x03,0x00,0x0285,0x0278,0x02E8,0x01,0x00,0x00,47,1,47:400A:0270:0327:027C
round3_phase1,0xFD,4200,0x0002,0x0003,0x0000,0x01,0x002F,0x0000,0x0000,actor_2c8,5,0x10C408,0x01,0x6F,0x01,0x00,0x1F,0x00,0x03,0x024F,0x0279,0x02E8,0x00,0x4A,0x00,190,10,190:004A:0279:02F6:0248|191:004A:0269:02F4:0248|192:004A:0279:02F5:0238|193:004A:0266:031F:0248|194:004A:0256:02E9:0248|195:004A:0266:031E:0238|196:004A:0256:030A:0238|197:004A:0266:0314:0258
round3_phase1,0xFD,4200,0x0002,0x0003,0x0000,0x01,0x002F,0x0000,0x0000,actor_2c8,6,0x10C448,0x01,0xCA,0x01,0x00,0x01,0x00,0x00,0x0077,0x0279,0x0420,0x00,0x47,0x00,200,10,200:0047:0259:0420:0067|201:0047:0259:0421:0077|202:0047:0269:0422:0067|203:0047:0269:0423:0077|204:0047:026A:0427:006F|205:0047:027A:0428:006F
round3_phase1,0xFD,4200,0x0002,0x0003,0x0000,0x01,0x002F,0x0000,0x0000,actor_748,0,0x10C748,0x01,0xB0,0x01,0x00,0x02,0x03,0x00,0x0260,0x0275,0x02E8,0x01,0x00,0x00,46,1,46:400A:026B:0328:0254
round3_phase1,0xFD,4200,0x0002,0x0003,0x0000,0x01,0x002F,0x0000,0x0000,actor_748,1,0x10C788,0x01,0xB0,0x01,0x00,0x0F,0x03,0x00,0x0288,0x0278,0x02E8,0x01,0x00,0x00,47,1,47:400A:0270:0328:027F
